{
	"credit": "Made with Blockbench",
	"texture_size": [32, 32],
	"textures": {
		"0": "item/troll4",
		"particle": "troll4"
	},
	"elements": [
		{
			"from": [7.5, -7, 7.5],
			"to": [8.8, -1, 8.8],
			"rotation": {"angle": 0, "axis": "x", "origin": [0, 7, 0]},
			"faces": {
				"north": {"uv": [4, 0, 5, 4.5], "texture": "#0"},
				"east": {"uv": [4, 4.5, 5, 9], "texture": "#0"},
				"south": {"uv": [0, 5, 1, 9.5], "texture": "#0"},
				"west": {"uv": [5, 0, 6, 4.5], "texture": "#0"},
				"up": {"uv": [7.5, 8.5, 6.5, 7.5], "texture": "#0"},
				"down": {"uv": [9, 3.5, 8, 4.5], "texture": "#0"}
			}
		},
		{
			"from": [7.6, -12, 7.6],
			"to": [8.7, -7, 8.7],
			"rotation": {"angle": 0, "axis": "x", "origin": [0, 7, 0]},
			"faces": {
				"north": {"uv": [0, 5, 1, 9.5], "rotation": 180, "texture": "#0"},
				"east": {"uv": [4, 4.5, 5, 9], "rotation": 180, "texture": "#0"},
				"south": {"uv": [4, 0, 5, 4.5], "rotation": 180, "texture": "#0"},
				"west": {"uv": [5, 0, 6, 4.5], "rotation": 180, "texture": "#0"},
				"up": {"uv": [9, 3.5, 8, 4.5], "texture": "#0"},
				"down": {"uv": [7.5, 8.5, 6.5, 7.5], "texture": "#0"}
			}
		},
		{
			"from": [7.4, -1, 7.4],
			"to": [8.9, 7, 8.9],
			"rotation": {"angle": 0, "axis": "y", "origin": [0, 7, 0]},
			"faces": {
				"north": {"uv": [4, 0, 5, 4.5], "texture": "#0"},
				"east": {"uv": [4, 4.5, 5, 9], "texture": "#0"},
				"south": {"uv": [0, 5, 1, 9.5], "texture": "#0"},
				"west": {"uv": [5, 0, 6, 4.5], "texture": "#0"},
				"up": {"uv": [7.5, 8.5, 6.5, 7.5], "texture": "#0"},
				"down": {"uv": [9, 3.5, 8, 4.5], "texture": "#0"}
			}
		},
		{
			"from": [7.5, 7, 7.5],
			"to": [8.8, 13, 8.8],
			"rotation": {"angle": 0, "axis": "y", "origin": [0, 7, 0]},
			"faces": {
				"north": {"uv": [4, 0, 5, 4.5], "texture": "#0"},
				"east": {"uv": [4, 4.5, 5, 9], "texture": "#0"},
				"south": {"uv": [0, 5, 1, 9.5], "texture": "#0"},
				"west": {"uv": [5, 0, 6, 4.5], "texture": "#0"},
				"up": {"uv": [7.5, 8.5, 6.5, 7.5], "texture": "#0"},
				"down": {"uv": [9, 3.5, 8, 4.5], "texture": "#0"}
			}
		},
		{
			"from": [7.75, 13, 7.8],
			"to": [8.55, 15, 8.6],
			"faces": {
				"north": {"uv": [8.5, 7, 8.9, 8], "texture": "#0"},
				"east": {"uv": [7, 3, 7.4, 4], "texture": "#0"},
				"south": {"uv": [8, 1.5, 8.4, 2.5], "texture": "#0"},
				"west": {"uv": [7, 5, 7.4, 6], "texture": "#0"},
				"up": {"uv": [6, 3, 6.4, 3.4], "texture": "#0"},
				"down": {"uv": [6.5, 4.5, 6.9, 4.9], "texture": "#0"}
			}
		},
		{
			"from": [7.85, 15, 7.9],
			"to": [8.45, 17.9, 8.5],
			"faces": {
				"north": {"uv": [8.5, 7, 8.8, 8.45], "texture": "#0"},
				"east": {"uv": [7, 3, 7.3, 4.45], "texture": "#0"},
				"south": {"uv": [8, 1.5, 8.3, 2.95], "texture": "#0"},
				"west": {"uv": [7, 5, 7.3, 6.45], "texture": "#0"},
				"up": {"uv": [6, 3, 6.3, 3.3], "texture": "#0"},
				"down": {"uv": [6.5, 4.5, 6.8, 4.8], "texture": "#0"}
			}
		},
		{
			"from": [7.95, 17.9, 8],
			"to": [8.35, 19.4, 8.4],
			"faces": {
				"north": {"uv": [8.5, 7, 8.7, 7.75], "texture": "#0"},
				"east": {"uv": [7, 3, 7.2, 3.75], "texture": "#0"},
				"south": {"uv": [8, 1.5, 8.2, 2.25], "texture": "#0"},
				"west": {"uv": [7, 5, 7.2, 5.75], "texture": "#0"},
				"up": {"uv": [6, 3, 6.2, 3.2], "texture": "#0"},
				"down": {"uv": [6.5, 4.5, 6.7, 4.7], "texture": "#0"}
			}
		}
	],
	"display": {
		"thirdperson_righthand": {
			"translation": [0, 7.5, 0.75]
		},
		"thirdperson_lefthand": {
			"rotation": [67, 0, 16],
			"translation": [-8.75, -5.5, 8.75],
			"scale": [0.9, 0.89, 0.9]
		},
		"firstperson_righthand": {
			"rotation": [-31, 0, 0],
			"translation": [0, 8.75, 0]
		},
		"firstperson_lefthand": {
			"rotation": [165, 0, 0],
			"translation": [1.25, -6, 1.75]
		},
		"ground": {
			"rotation": [0, 0, 90],
			"translation": [-5.25, 0, 0]
		},
		"gui": {
			"rotation": [-72, 64, 76],
			"translation": [-1.25, 2, 0],
			"scale": [0.52, 0.52, 0.52]
		},
		"head": {
			"translation": [0, 27.25, 0]
		},
		"fixed": {
			"rotation": [0, 90, 180],
			"translation": [0.25, -8.75, -1],
			"scale": [2, 2, 2]
		}
	},
	"groups": [
		{
			"name": "group",
			"origin": [0, 7, 0],
			"color": 0,
			"nbt": "{}",
			"armAnimationEnabled": false,
			"children": [0]
		},
		1,
		2,
		3,
		4,
		5,
		6
	]
}