{
	"credit": "Made with Blockbench",
	"textures": {
		"0": "block/birch_planks"
	},
	"elements": [
		{
			"name": "Surface1",
			"from": [0, 11.75, 0],
			"to": [16, 14.75, 16],
			"faces": {
				"north": {"uv": [0, 3, 16, 6], "texture": "#0"},
				"east": {"uv": [0, 11, 16, 14], "texture": "#0"},
				"south": {"uv": [0, 3, 16, 6], "texture": "#0"},
				"west": {"uv": [0, 7, 16, 10], "texture": "#0"},
				"up": {"uv": [0, 0, 16, 16], "rotation": 180, "texture": "#0"},
				"down": {"uv": [0, 0, 16, 16], "texture": "#0"}
			}
		},
		{
			"name": "Surface2",
			"from": [0.75, 10.75, 0.75],
			"to": [15.25, 12.75, 15.25],
			"faces": {
				"north": {"uv": [0.5, 0.5, 15, 2.5], "rotation": 180, "texture": "#0"},
				"east": {"uv": [0.5, 9, 15, 11], "texture": "#0"},
				"south": {"uv": [1, 0, 15.5, 2], "texture": "#0"},
				"west": {"uv": [0.5, 4, 15, 6], "texture": "#0"},
				"down": {"uv": [1, 1, 15.5, 15.5], "texture": "#0"}
			}
		},
		{
			"name": "Top Leg 1",
			"from": [6.5, -0.25, 6.5],
			"to": [9.5, 10.75, 9.5],
			"faces": {
				"north": {"uv": [0, 0, 3, 10.5], "texture": "#0"},
				"east": {"uv": [0, 0, 3, 10.5], "texture": "#0"},
				"south": {"uv": [0, 0, 3, 10.5], "texture": "#0"},
				"west": {"uv": [0, 0, 3, 10.5], "texture": "#0"},
				"down": {"uv": [0, 0, 3, 3], "texture": "#0"}
			}
		},
		{
			"name": "Dec1-1",
			"from": [7.25, 9.75, 12.5],
			"to": [8.75, 10.25, 14],
			"faces": {
				"north": {"uv": [5, 0, 6, 0.5], "texture": "#0"},
				"east": {"uv": [12, 3.5, 13.5, 4], "texture": "#0"},
				"south": {"uv": [4, 4, 5, 4.5], "texture": "#0"},
				"west": {"uv": [5, 3, 6.5, 3.5], "texture": "#0"},
				"up": {"uv": [0, 0, 1.25, 1.5], "texture": "#0"},
				"down": {"uv": [4.5, 3, 5.75, 4.5], "texture": "#0"}
			}
		},
		{
			"name": "Dec2-1",
			"from": [9.5, 8.25, 6.75],
			"to": [10.5, 8.75, 9.25],
			"faces": {
				"north": {"uv": [0, 0, 1, 0.5], "texture": "#0"},
				"east": {"uv": [4, 1, 6.5, 1.5], "rotation": 180, "texture": "#0"},
				"south": {"uv": [0, 0, 1, 0.5], "texture": "#0"},
				"west": {"uv": [0, 0, 2.5, 0.5], "texture": "#0"},
				"up": {"uv": [8, 3, 9, 5.5], "texture": "#0"},
				"down": {"uv": [6, 5, 7, 7.5], "rotation": 180, "texture": "#0"}
			}
		},
		{
			"name": "Dec6-1",
			"from": [7.25, 9.25, 11.5],
			"to": [8.75, 9.75, 12.5],
			"faces": {
				"north": {"uv": [0, 0, 1, 0.5], "texture": "#0"},
				"east": {"uv": [9, 4, 10, 4.5], "texture": "#0"},
				"south": {"uv": [3, 3, 4, 3.5], "texture": "#0"},
				"west": {"uv": [11, 1, 12, 1.5], "texture": "#0"},
				"up": {"uv": [6, 0, 7, 1], "texture": "#0"},
				"down": {"uv": [8, 0, 9, 1], "texture": "#0"}
			}
		},
		{
			"name": "Dec7-1",
			"from": [7.25, 8.75, 10.5],
			"to": [8.75, 9.25, 11.5],
			"faces": {
				"north": {"uv": [0, 0, 1, 0.5], "texture": "#0"},
				"east": {"uv": [3, 4, 4, 4.5], "texture": "#0"},
				"south": {"uv": [5, 3, 6, 3.5], "texture": "#0"},
				"west": {"uv": [3, 3, 4, 3.5], "texture": "#0"},
				"up": {"uv": [11, 12, 12, 13], "texture": "#0"},
				"down": {"uv": [7, 3, 8, 4], "texture": "#0"}
			}
		},
		{
			"name": "Dec2-2",
			"from": [5.5, 8.25, 6.75],
			"to": [6.5, 8.75, 9.25],
			"faces": {
				"north": {"uv": [0, 0, 1, 0.5], "texture": "#0"},
				"east": {"uv": [0, 0, 2.5, 0.5], "texture": "#0"},
				"south": {"uv": [0, 0, 1, 0.5], "texture": "#0"},
				"west": {"uv": [6, 2, 8.5, 2.5], "rotation": 180, "texture": "#0"},
				"up": {"uv": [7, 1, 8, 3.5], "rotation": 180, "texture": "#0"},
				"down": {"uv": [8, 4, 9, 6.5], "texture": "#0"}
			}
		},
		{
			"name": "Dec3-2",
			"from": [7.25, 9.75, 2],
			"to": [8.75, 10.25, 3.5],
			"faces": {
				"north": {"uv": [5, 0, 6, 0.5], "texture": "#0"},
				"east": {"uv": [12, 3.5, 13.5, 4], "texture": "#0"},
				"south": {"uv": [4, 4, 5, 4.5], "texture": "#0"},
				"west": {"uv": [5, 3, 6.5, 3.5], "texture": "#0"},
				"up": {"uv": [0, 0, 1.25, 1.5], "texture": "#0"},
				"down": {"uv": [4.5, 3, 5.75, 4.5], "texture": "#0"}
			}
		},
		{
			"name": "Dec4-2",
			"from": [7.25, 9.25, 3.5],
			"to": [8.75, 9.75, 4.5],
			"faces": {
				"north": {"uv": [0, 0, 1, 0.5], "texture": "#0"},
				"east": {"uv": [9, 4, 10, 4.5], "texture": "#0"},
				"south": {"uv": [0, 0, 1, 0.5], "texture": "#0"},
				"west": {"uv": [11, 1, 12, 1.5], "texture": "#0"},
				"up": {"uv": [6, 0, 7, 1], "texture": "#0"},
				"down": {"uv": [5, 0, 6, 1], "texture": "#0"}
			}
		},
		{
			"name": "Dec5-2",
			"from": [7.25, 8.75, 4.5],
			"to": [8.75, 9.25, 5.5],
			"faces": {
				"north": {"uv": [0, 0, 1, 0.5], "texture": "#0"},
				"east": {"uv": [3, 4, 4, 4.5], "texture": "#0"},
				"south": {"uv": [0, 0, 1, 0.5], "texture": "#0"},
				"west": {"uv": [3, 3, 4, 3.5], "texture": "#0"},
				"up": {"uv": [11, 12, 12, 13], "texture": "#0"},
				"down": {"uv": [7, 3, 8, 4], "texture": "#0"}
			}
		},
		{
			"name": "Dec4-3",
			"from": [6.75, 8.25, 5.5],
			"to": [9.25, 8.75, 6.5],
			"faces": {
				"north": {"uv": [4, 1, 6.5, 1.5], "rotation": 180, "texture": "#0"},
				"east": {"uv": [3, 4, 4, 4.5], "texture": "#0"},
				"south": {"uv": [3.5, 2.5, 6.5, 3], "texture": "#0"},
				"west": {"uv": [3, 3, 4, 3.5], "texture": "#0"},
				"up": {"uv": [4, 1, 6.5, 2], "texture": "#0"},
				"down": {"uv": [5, 0, 7.5, 1], "texture": "#0"}
			}
		},
		{
			"name": "Dec5-3",
			"from": [12.5, 9.75, 7.25],
			"to": [14, 10.25, 8.75],
			"faces": {
				"north": {"uv": [6.5, 10, 8, 10.5], "texture": "#0"},
				"east": {"uv": [3, 4, 4, 4.5], "texture": "#0"},
				"south": {"uv": [4.5, 2.5, 6, 3], "texture": "#0"},
				"west": {"uv": [3, 3, 4, 3.5], "texture": "#0"},
				"up": {"uv": [10.5, 4, 12, 5], "texture": "#0"},
				"down": {"uv": [4.5, 3, 6, 4], "texture": "#0"}
			}
		},
		{
			"name": "Dec6-3",
			"from": [11.5, 9.25, 7.25],
			"to": [12.5, 9.75, 8.75],
			"faces": {
				"north": {"uv": [6, 10, 7, 10.5], "texture": "#0"},
				"east": {"uv": [3, 4, 4, 4.5], "texture": "#0"},
				"south": {"uv": [5, 3, 6, 3.5], "texture": "#0"},
				"west": {"uv": [3, 3, 4, 3.5], "texture": "#0"},
				"up": {"uv": [11, 9, 12, 10], "texture": "#0"},
				"down": {"uv": [10, 4, 11, 5], "texture": "#0"}
			}
		},
		{
			"name": "Dec7-3",
			"from": [10.5, 8.75, 7.25],
			"to": [11.5, 9.25, 8.75],
			"faces": {
				"north": {"uv": [6, 3, 7, 3.5], "texture": "#0"},
				"east": {"uv": [3, 4, 4, 4.5], "texture": "#0"},
				"south": {"uv": [7, 3, 8, 3.5], "texture": "#0"},
				"west": {"uv": [3, 3, 4, 3.5], "texture": "#0"},
				"up": {"uv": [11, 12, 12, 13], "texture": "#0"},
				"down": {"uv": [10, 4, 11, 5], "texture": "#0"}
			}
		},
		{
			"name": "Dec4-4",
			"from": [2, 9.75, 7.25],
			"to": [3.5, 10.25, 8.75],
			"faces": {
				"north": {"uv": [8, 10, 9.5, 10.5], "texture": "#0"},
				"east": {"uv": [3, 4, 4, 4.5], "texture": "#0"},
				"south": {"uv": [4.5, 2.5, 6, 3], "texture": "#0"},
				"west": {"uv": [3, 3, 4, 3.5], "texture": "#0"},
				"up": {"uv": [10.5, 4, 12, 5], "texture": "#0"},
				"down": {"uv": [4.5, 3, 6, 4], "texture": "#0"}
			}
		},
		{
			"name": "Dec2-4",
			"from": [3.5, 9.25, 7.25],
			"to": [4.5, 9.75, 8.75],
			"faces": {
				"north": {"uv": [8, 10, 9, 10.5], "texture": "#0"},
				"east": {"uv": [3, 4, 4, 4.5], "texture": "#0"},
				"south": {"uv": [5, 10, 6, 10.5], "texture": "#0"},
				"west": {"uv": [3, 3, 4, 3.5], "texture": "#0"},
				"up": {"uv": [11, 12, 12, 13], "texture": "#0"},
				"down": {"uv": [10, 4, 11, 5], "texture": "#0"}
			}
		},
		{
			"name": "Dec1-4",
			"from": [4.5, 8.75, 7.25],
			"to": [5.5, 9.25, 8.75],
			"faces": {
				"north": {"uv": [9, 10, 10, 10.5], "texture": "#0"},
				"east": {"uv": [3, 4, 4, 4.5], "texture": "#0"},
				"south": {"uv": [5, 3, 6, 3.5], "texture": "#0"},
				"west": {"uv": [3, 3, 4, 3.5], "texture": "#0"},
				"up": {"uv": [11, 12, 12, 13], "texture": "#0"},
				"down": {"uv": [10, 4, 11, 5], "texture": "#0"}
			}
		},
		{
			"name": "Dec4-4",
			"from": [6.75, 8.25, 9.5],
			"to": [9.25, 8.75, 10.5],
			"faces": {
				"north": {"uv": [2.5, 3, 5.5, 3.5], "texture": "#0"},
				"east": {"uv": [3, 4, 4, 4.5], "texture": "#0"},
				"south": {"uv": [6, 9, 8.5, 9.5], "texture": "#0"},
				"west": {"uv": [3, 3, 4, 3.5], "texture": "#0"},
				"up": {"uv": [12, 4, 14.5, 5], "rotation": 180, "texture": "#0"},
				"down": {"uv": [5, 4, 7.5, 5], "texture": "#0"}
			}
		},
		{
			"name": "Dec5-5",
			"from": [6.75, 10.25, 14],
			"to": [9.25, 10.75, 15],
			"faces": {
				"north": {"uv": [2.5, 3, 5.5, 3.5], "texture": "#0"},
				"east": {"uv": [3, 4, 4, 4.5], "texture": "#0"},
				"south": {"uv": [6, 9, 8.5, 9.5], "texture": "#0"},
				"west": {"uv": [3, 3, 4, 3.5], "texture": "#0"},
				"up": {"uv": [12, 4, 14.5, 5], "rotation": 180, "texture": "#0"},
				"down": {"uv": [5, 4, 7.5, 5], "texture": "#0"}
			}
		},
		{
			"name": "Dec2-2",
			"from": [14, 10.25, 6.75],
			"to": [15, 10.75, 9.25],
			"faces": {
				"north": {"uv": [0, 0, 1, 0.5], "texture": "#0"},
				"east": {"uv": [4, 1, 6.5, 1.5], "rotation": 180, "texture": "#0"},
				"south": {"uv": [0, 0, 1, 0.5], "texture": "#0"},
				"west": {"uv": [0, 0, 2.5, 0.5], "texture": "#0"},
				"up": {"uv": [8, 3, 9, 5.5], "texture": "#0"},
				"down": {"uv": [6, 5, 7, 7.5], "rotation": 180, "texture": "#0"}
			}
		},
		{
			"name": "Dec4-4",
			"from": [6.75, 10.25, 1],
			"to": [9.25, 10.75, 2],
			"faces": {
				"north": {"uv": [4, 1, 6.5, 1.5], "rotation": 180, "texture": "#0"},
				"east": {"uv": [3, 4, 4, 4.5], "texture": "#0"},
				"south": {"uv": [3.5, 2.5, 6.5, 3], "texture": "#0"},
				"west": {"uv": [3, 3, 4, 3.5], "texture": "#0"},
				"up": {"uv": [4, 1, 6.5, 2], "texture": "#0"},
				"down": {"uv": [5, 0, 7.5, 1], "texture": "#0"}
			}
		},
		{
			"name": "Dec3-3",
			"from": [1, 10.25, 6.75],
			"to": [2, 10.75, 9.25],
			"faces": {
				"north": {"uv": [0, 0, 1, 0.5], "texture": "#0"},
				"east": {"uv": [0, 0, 2.5, 0.5], "texture": "#0"},
				"south": {"uv": [0, 0, 1, 0.5], "texture": "#0"},
				"west": {"uv": [6, 2, 8.5, 2.5], "rotation": 180, "texture": "#0"},
				"up": {"uv": [7, 1, 8, 3.5], "rotation": 180, "texture": "#0"},
				"down": {"uv": [8, 4, 9, 6.5], "texture": "#0"}
			}
		}
	],
	"display": {
		"thirdperson_righthand": {
			"rotation": [45, 0, 0],
			"translation": [0, 1, 0],
			"scale": [0.35, 0.35, 0.35]
		},
		"thirdperson_lefthand": {
			"rotation": [45, 0, 0],
			"translation": [0, 1, 0],
			"scale": [0.35, 0.35, 0.35]
		},
		"firstperson_righthand": {
			"rotation": [-10, 15, 0],
			"translation": [1, 0, 0],
			"scale": [0.4, 0.4, 0.4]
		},
		"firstperson_lefthand": {
			"rotation": [-10, 15, 0],
			"translation": [1, 0, 0],
			"scale": [0.4, 0.4, 0.4]
		},
		"ground": {
			"translation": [0, 1, 0],
			"scale": [0.3, 0.3, 0.3]
		},
		"gui": {
			"rotation": [35, -135, 0],
			"translation": [0, -2, 0],
			"scale": [0.5, 0.5, 0.5]
		},
		"head": {
			"translation": [0, -31.5, 0],
			"scale": [2.29, 2.5, 2.29]
		},
		"fixed": {
			"scale": [0.8, 0.8, 0.8]
		}
	}
}