{
	"credit": "Made with Blockbench, a free, modern block model editor by JannisX11",
	"textures": {
		"0": "block/birch_planks"
	},
	"elements": [
		{
			"name": "Surface2",
			"from": [0.75, 10.75, 0],
			"to": [15.25, 12.75, 15.25],
			"faces": {
				"north": {"uv": [0.5, 0.5, 15, 2.5], "texture": "#0", "rotation": 180},
				"east": {"uv": [0.5, 9, 15, 11], "texture": "#0"},
				"south": {"uv": [1, 0, 15.5, 2], "texture": "#0"},
				"west": {"uv": [0.5, 4, 15, 6], "texture": "#0"},
				"down": {"uv": [1, 1, 15.5, 15.5], "texture": "#0"}
			}
		},
		{
			"name": "Top Leg 1",
			"from": [1, 8.25, 13],
			"to": [3, 10.75, 15],
			"faces": {
				"north": {"uv": [5, 2.5, 7, 5], "texture": "#0"},
				"east": {"uv": [7, 2.5, 9, 5], "texture": "#0"},
				"south": {"uv": [1, 2.5, 3, 5], "texture": "#0"},
				"west": {"uv": [3, 2.5, 5, 5], "texture": "#0"},
				"down": {"uv": [0, 0, 2, 2], "texture": "#0"}
			}
		},
		{
			"from": [13.25, 1.25, 13.25],
			"to": [14.75, 8.25, 14.75],
			"faces": {
				"north": {"uv": [5.5, 4, 7, 11], "texture": "#0"},
				"east": {"uv": [4, 4, 5.5, 11], "texture": "#0"},
				"south": {"uv": [2.5, 4, 4, 11], "texture": "#0"},
				"west": {"uv": [7, 4, 8.5, 11], "texture": "#0"}
			}
		},
		{
			"from": [1.25, 1.25, 13.25],
			"to": [2.75, 8.25, 14.75],
			"faces": {
				"north": {"uv": [7, 7, 8.5, 14], "texture": "#0"},
				"east": {"uv": [11.5, 7, 13, 14], "texture": "#0"},
				"south": {"uv": [10, 7, 11.5, 14], "texture": "#0"},
				"west": {"uv": [8.5, 7, 10, 14], "texture": "#0"}
			}
		},
		{
			"name": "Top Leg 3",
			"from": [13, 8.25, 13],
			"to": [15, 10.75, 15],
			"faces": {
				"north": {"uv": [5, 0, 7, 2.5], "texture": "#0"},
				"east": {"uv": [7, 0, 9, 2.5], "texture": "#0"},
				"south": {"uv": [1, 0, 3, 2.5], "texture": "#0"},
				"west": {"uv": [3, 0, 5, 2.5], "texture": "#0"},
				"down": {"uv": [0, 0, 2, 2], "texture": "#0"}
			}
		},
		{
			"name": "Dec2-1",
			"from": [13.25, 10, 6.5],
			"to": [14.75, 10.5, 9.5],
			"faces": {
				"north": {"uv": [0, 0, 1, 0.5], "texture": "#0"},
				"east": {"uv": [6, 8.5, 9, 9], "texture": "#0"},
				"south": {"uv": [0, 0, 1, 0.5], "texture": "#0"},
				"west": {"uv": [5.25, 4, 8.25, 4.5], "texture": "#0"},
				"up": {"uv": [0, 0, 1, 3], "texture": "#0"},
				"down": {"uv": [7.5, 2.75, 8.5, 5.75], "texture": "#0"}
			}
		},
		{
			"name": "Dec3-1",
			"from": [13.25, 9.5, 9.5],
			"to": [14.75, 10, 11],
			"faces": {
				"north": {"uv": [5, 0, 6, 0.5], "texture": "#0"},
				"east": {"uv": [12, 4, 13.5, 4.5], "texture": "#0"},
				"south": {"uv": [4, 4, 5, 4.5], "texture": "#0"},
				"west": {"uv": [5, 3, 6.5, 3.5], "texture": "#0"},
				"up": {"uv": [0, 0, 1.25, 1.5], "texture": "#0"},
				"down": {"uv": [4.5, 3, 5.75, 4.5], "texture": "#0"}
			}
		},
		{
			"name": "Dec4-1",
			"from": [13.25, 9, 11],
			"to": [14.75, 9.5, 12],
			"faces": {
				"north": {"uv": [0, 0, 1, 0.5], "texture": "#0"},
				"east": {"uv": [9, 4, 10, 4.5], "texture": "#0"},
				"south": {"uv": [0, 0, 1, 0.5], "texture": "#0"},
				"west": {"uv": [11, 1, 12, 1.5], "texture": "#0"},
				"up": {"uv": [6, 0, 7, 1], "texture": "#0"},
				"down": {"uv": [5, 0, 6, 1], "texture": "#0"}
			}
		},
		{
			"name": "Dec5-1",
			"from": [13.25, 8.5, 12],
			"to": [14.75, 9, 13],
			"faces": {
				"north": {"uv": [0, 0, 1, 0.5], "texture": "#0"},
				"east": {"uv": [3, 4, 4, 4.5], "texture": "#0"},
				"south": {"uv": [0, 0, 1, 0.5], "texture": "#0"},
				"west": {"uv": [3, 3, 4, 3.5], "texture": "#0"},
				"up": {"uv": [11, 12, 12, 13], "texture": "#0"},
				"down": {"uv": [7, 3, 8, 4], "texture": "#0"}
			}
		},
		{
			"name": "Dec2-2",
			"from": [1.25, 10, 6.5],
			"to": [2.75, 10.5, 9.5],
			"faces": {
				"north": {"uv": [0, 0, 1, 0.5], "texture": "#0"},
				"east": {"uv": [7, 4, 10, 4.5], "texture": "#0"},
				"south": {"uv": [0, 0, 1, 0.5], "texture": "#0"},
				"west": {"uv": [8, 6.5, 11, 7], "texture": "#0"},
				"up": {"uv": [0, 0, 1, 3], "texture": "#0"},
				"down": {"uv": [10.5, 3, 11.5, 6], "texture": "#0"}
			}
		},
		{
			"name": "Dec3-2",
			"from": [1.25, 9.5, 9.5],
			"to": [2.75, 10, 11],
			"faces": {
				"north": {"uv": [5, 0, 6, 0.5], "texture": "#0"},
				"east": {"uv": [12, 3.5, 13.5, 4], "texture": "#0"},
				"south": {"uv": [4, 4, 5, 4.5], "texture": "#0"},
				"west": {"uv": [5, 3, 6.5, 3.5], "texture": "#0"},
				"up": {"uv": [0, 0, 1.25, 1.5], "texture": "#0"},
				"down": {"uv": [4.5, 3, 5.75, 4.5], "texture": "#0"}
			}
		},
		{
			"name": "Dec4-2",
			"from": [1.25, 9, 11],
			"to": [2.75, 9.5, 12],
			"faces": {
				"north": {"uv": [0, 0, 1, 0.5], "texture": "#0"},
				"east": {"uv": [9, 4, 10, 4.5], "texture": "#0"},
				"south": {"uv": [0, 0, 1, 0.5], "texture": "#0"},
				"west": {"uv": [11, 1, 12, 1.5], "texture": "#0"},
				"up": {"uv": [6, 0, 7, 1], "texture": "#0"},
				"down": {"uv": [5, 0, 6, 1], "texture": "#0"}
			}
		},
		{
			"name": "Dec5-2",
			"from": [1.25, 8.5, 12],
			"to": [2.75, 9, 13],
			"faces": {
				"north": {"uv": [0, 0, 1, 0.5], "texture": "#0"},
				"east": {"uv": [3, 4, 4, 4.5], "texture": "#0"},
				"south": {"uv": [0, 0, 1, 0.5], "texture": "#0"},
				"west": {"uv": [3, 3, 4, 3.5], "texture": "#0"},
				"up": {"uv": [11, 12, 12, 13], "texture": "#0"},
				"down": {"uv": [7, 3, 8, 4], "texture": "#0"}
			}
		},
		{
			"name": "Leg Foot 5",
			"from": [1.15, -0.25, 13.15],
			"to": [2.85, 1.25, 14.85],
			"faces": {
				"north": {"uv": [3.5, 6.5, 5, 8], "texture": "#0"},
				"east": {"uv": [2, 6.5, 3.5, 8], "texture": "#0"},
				"south": {"uv": [6.5, 6.5, 8, 8], "texture": "#0"},
				"west": {"uv": [5, 6.5, 6.5, 8], "texture": "#0"},
				"up": {"uv": [10.5, 6.5, 12, 8], "texture": "#0"},
				"down": {"uv": [0, 0, 1.5, 1.5], "texture": "#0"}
			}
		},
		{
			"name": "Leg Foot 6",
			"from": [13.15, -0.25, 13.15],
			"to": [14.85, 1.25, 14.85],
			"faces": {
				"north": {"uv": [5, 3, 6.5, 4.5], "texture": "#0"},
				"east": {"uv": [9.5, 3, 11, 4.5], "texture": "#0"},
				"south": {"uv": [8, 3, 9.5, 4.5], "texture": "#0"},
				"west": {"uv": [6.5, 3, 8, 4.5], "texture": "#0"},
				"up": {"uv": [10.5, 6.5, 12, 8], "texture": "#0"},
				"down": {"uv": [0, 0, 1.5, 1.5], "texture": "#0"}
			}
		},
		{
			"name": "Dec4-4",
			"from": [9.5, 9.5, 13.25],
			"to": [11, 10, 14.75],
			"faces": {
				"north": {"uv": [8, 10, 9.5, 10.5], "texture": "#0"},
				"east": {"uv": [3, 4, 4, 4.5], "texture": "#0"},
				"south": {"uv": [4.5, 2.5, 6, 3], "texture": "#0"},
				"west": {"uv": [3, 3, 4, 3.5], "texture": "#0"},
				"up": {"uv": [10.5, 4, 12, 5], "texture": "#0"},
				"down": {"uv": [4.5, 3, 6, 4], "texture": "#0"}
			}
		},
		{
			"name": "Dec2-4",
			"from": [11, 9, 13.25],
			"to": [12, 9.5, 14.75],
			"faces": {
				"north": {"uv": [8, 10, 9, 10.5], "texture": "#0"},
				"east": {"uv": [3, 4, 4, 4.5], "texture": "#0"},
				"south": {"uv": [5, 10, 6, 10.5], "texture": "#0"},
				"west": {"uv": [3, 3, 4, 3.5], "texture": "#0"},
				"up": {"uv": [11, 12, 12, 13], "texture": "#0"},
				"down": {"uv": [10, 4, 11, 5], "texture": "#0"}
			}
		},
		{
			"name": "Dec1-4",
			"from": [12, 8.5, 13.25],
			"to": [13, 9, 14.75],
			"faces": {
				"north": {"uv": [9, 10, 10, 10.5], "texture": "#0"},
				"east": {"uv": [3, 4, 4, 4.5], "texture": "#0"},
				"south": {"uv": [5, 3, 6, 3.5], "texture": "#0"},
				"west": {"uv": [3, 3, 4, 3.5], "texture": "#0"},
				"up": {"uv": [11, 12, 12, 13], "texture": "#0"},
				"down": {"uv": [10, 4, 11, 5], "texture": "#0"}
			}
		},
		{
			"name": "Dec4-4",
			"from": [6.5, 10, 13.25],
			"to": [9.5, 10.5, 14.75],
			"faces": {
				"north": {"uv": [2.5, 3, 5.5, 3.5], "texture": "#0"},
				"east": {"uv": [3, 4, 4, 4.5], "texture": "#0"},
				"south": {"uv": [6, 9, 9, 9.5], "texture": "#0"},
				"west": {"uv": [3, 3, 4, 3.5], "texture": "#0"},
				"up": {"uv": [10.5, 4, 12, 5], "texture": "#0"},
				"down": {"uv": [5, 4, 8, 5], "texture": "#0"}
			}
		},
		{
			"name": "Dec5-4",
			"from": [5, 9.5, 13.25],
			"to": [6.5, 10, 14.75],
			"faces": {
				"north": {"uv": [6.5, 10, 8, 10.5], "texture": "#0"},
				"east": {"uv": [3, 4, 4, 4.5], "texture": "#0"},
				"south": {"uv": [4.5, 2.5, 6, 3], "texture": "#0"},
				"west": {"uv": [3, 3, 4, 3.5], "texture": "#0"},
				"up": {"uv": [10.5, 4, 12, 5], "texture": "#0"},
				"down": {"uv": [4.5, 3, 6, 4], "texture": "#0"}
			}
		},
		{
			"name": "Dec6-4",
			"from": [4, 9, 13.25],
			"to": [5, 9.5, 14.75],
			"faces": {
				"north": {"uv": [6, 10, 7, 10.5], "texture": "#0"},
				"east": {"uv": [3, 4, 4, 4.5], "texture": "#0"},
				"south": {"uv": [5, 3, 6, 3.5], "texture": "#0"},
				"west": {"uv": [3, 3, 4, 3.5], "texture": "#0"},
				"up": {"uv": [11, 9, 12, 10], "texture": "#0"},
				"down": {"uv": [10, 4, 11, 5], "texture": "#0"}
			}
		},
		{
			"name": "Dec7-4",
			"from": [3, 8.5, 13.25],
			"to": [4, 9, 14.75],
			"faces": {
				"north": {"uv": [6, 3, 7, 3.5], "texture": "#0"},
				"east": {"uv": [3, 4, 4, 4.5], "texture": "#0"},
				"south": {"uv": [12, 3, 13, 3.5], "texture": "#0"},
				"west": {"uv": [3, 3, 4, 3.5], "texture": "#0"},
				"up": {"uv": [11, 12, 12, 13], "texture": "#0"},
				"down": {"uv": [10, 4, 11, 5], "texture": "#0"}
			}
		},
		{
			"name": "Dec3-3",
			"from": [1.25, 10.5, 3.5],
			"to": [2.75, 11, 6.5],
			"faces": {
				"north": {"uv": [0, 0, 1, 0.5], "texture": "#0"},
				"east": {"uv": [6.25, 4, 9.25, 4.5], "texture": "#0"},
				"south": {"uv": [0, 0, 1, 0.5], "texture": "#0"},
				"west": {"uv": [5.75, 12.25, 8.75, 12.75], "texture": "#0"},
				"down": {"uv": [7.5, 2.25, 8.5, 5.25], "texture": "#0"}
			}
		},
		{
			"name": "Dec4-4",
			"from": [13.25, 10.5, 3.5],
			"to": [14.75, 11, 6.5],
			"faces": {
				"north": {"uv": [0, 0, 1, 0.5], "texture": "#0"},
				"east": {"uv": [6.25, 4, 9.25, 4.5], "texture": "#0"},
				"south": {"uv": [0, 0, 1, 0.5], "texture": "#0"},
				"west": {"uv": [5.75, 12.25, 8.75, 12.75], "texture": "#0"},
				"down": {"uv": [7.5, 2.25, 8.5, 5.25], "texture": "#0"}
			}
		},
		{
			"name": "Dec2-2",
			"from": [13.25, 10, 6.5],
			"to": [14.75, 10.5, 9.5],
			"faces": {
				"north": {"uv": [0, 0, 1, 0.5], "texture": "#0"},
				"east": {"uv": [6, 8.5, 9, 9], "texture": "#0"},
				"south": {"uv": [0, 0, 1, 0.5], "texture": "#0"},
				"west": {"uv": [5.25, 4, 8.25, 4.5], "texture": "#0"},
				"up": {"uv": [0, 0, 1, 3], "texture": "#0"},
				"down": {"uv": [7.5, 2.75, 8.5, 5.75], "texture": "#0"}
			}
		}
	],
	"display": {
		"thirdperson_righthand": {
			"rotation": [0, -90, 0],
			"translation": [0, 8, 0]
		},
		"thirdperson_lefthand": {
			"rotation": [0, -90, 0],
			"translation": [0, 0, 0],
			"scale": [1.5, 1.2, 1.5]
		},
		"firstperson_lefthand": {
			"rotation": [0, -90, 0],
			"translation": [-10, 0, 0],
			"scale": [0.5, 0.5, 0.5]
		},
		"gui": {
			"rotation": [0, 90, 0],
			"translation": [0, 0, 0]
		},
		"head": {
			"rotation": [0, 0, 0],
			"translation": [0, -31.5, 0],
			"scale": [2.29, 2.5, 2.29]
		},
		"fixed": {
			"rotation": [0, 90, 0],
			"translation": [0, 0, 0]
		}
	}
}