{
	"credit": "Created with Blockbench [Exported as resourcepack with the \"resourcepack_packager\" plugin]",
	"texture_size": [32, 32],
	"textures": {
		"4": "item/fishing_rod/stiched_texture"
	},
	"elements": [
		{
			"from": [8, 0, 8],
			"to": [10, 14, 10],
			"faces": {
				"north": {"uv": [9, 1, 10, 8], "texture": "#4"},
				"east": {"uv": [8, 1, 9, 8], "texture": "#4"},
				"south": {"uv": [11, 1, 12, 8], "texture": "#4"},
				"west": {"uv": [10, 1, 11, 8], "texture": "#4"},
				"up": {"uv": [10, 1, 9, 0], "texture": "#4"},
				"down": {"uv": [11, 0, 10, 1], "texture": "#4"}
			}
		},
		{
			"from": [8.25, 14, 8.25],
			"to": [9.75, 22, 9.75],
			"faces": {
				"north": {"uv": [8.5, 0.5, 9, 4.5], "texture": "#4"},
				"east": {"uv": [8, 0.5, 8.5, 4.5], "texture": "#4"},
				"south": {"uv": [9.5, 0.5, 10, 4.5], "texture": "#4"},
				"west": {"uv": [9, 0.5, 9.5, 4.5], "texture": "#4"},
				"up": {"uv": [9, 0.5, 8.5, 0], "texture": "#4"},
				"down": {"uv": [9.5, 0, 9, 0.5], "texture": "#4"}
			}
		},
		{
			"from": [8.5, 22, 8.5],
			"to": [9.5, 32, 9.5],
			"faces": {
				"north": {"uv": [8.5, 0.5, 9, 5.5], "texture": "#4"},
				"east": {"uv": [8, 0.5, 8.5, 5.5], "texture": "#4"},
				"south": {"uv": [9.5, 0.5, 10, 5.5], "texture": "#4"},
				"west": {"uv": [9, 0.5, 9.5, 5.5], "texture": "#4"},
				"up": {"uv": [9, 0.5, 8.5, 0], "texture": "#4"},
				"down": {"uv": [9.5, 0, 9, 0.5], "texture": "#4"}
			}
		},
		{
			"from": [10, 5, 6],
			"to": [11, 8, 9],
			"faces": {
				"north": {"uv": [1.5, 1.5, 2, 3], "texture": "#4"},
				"east": {"uv": [0, 1.5, 1.5, 3], "texture": "#4"},
				"south": {"uv": [3.5, 1.5, 4, 3], "texture": "#4"},
				"west": {"uv": [2, 1.5, 3.5, 3], "texture": "#4"},
				"up": {"uv": [2, 1.5, 1.5, 0], "texture": "#4"},
				"down": {"uv": [2.5, 0, 2, 1.5], "texture": "#4"}
			}
		},
		{
			"from": [10.5, 5.5, 6.5],
			"to": [11.5, 7.5, 8.5],
			"faces": {
				"north": {"uv": [14, 5.5, 14.5, 6.5], "texture": "#4"},
				"east": {"uv": [13, 5.5, 14, 6.5], "texture": "#4"},
				"south": {"uv": [15.5, 5.5, 16, 6.5], "texture": "#4"},
				"west": {"uv": [14.5, 5.5, 15.5, 6.5], "texture": "#4"},
				"up": {"uv": [14.5, 5.5, 14, 4.5], "texture": "#4"},
				"down": {"uv": [15, 4.5, 14.5, 5.5], "texture": "#4"}
			}
		},
		{
			"from": [10.25, 6.25, 7.25],
			"to": [12.25, 7.25, 8.25],
			"faces": {
				"north": {"uv": [13.5, 6, 14.5, 6.5], "texture": "#4"},
				"east": {"uv": [13, 6, 13.5, 6.5], "texture": "#4"},
				"south": {"uv": [15, 6, 16, 6.5], "texture": "#4"},
				"west": {"uv": [14.5, 6, 15, 6.5], "texture": "#4"},
				"up": {"uv": [14.5, 6, 13.5, 5.5], "texture": "#4"},
				"down": {"uv": [15.5, 5.5, 14.5, 6], "texture": "#4"}
			}
		},
		{
			"from": [10, 5, 7],
			"to": [10, 16, 8],
			"faces": {
				"north": {"uv": [0.5, 8, 0.5, 13.5], "texture": "#4"},
				"east": {"uv": [0, 8, 0.5, 13.5], "texture": "#4"},
				"south": {"uv": [1, 8, 1, 13.5], "texture": "#4"},
				"west": {"uv": [0.5, 8, 1, 13.5], "texture": "#4"},
				"up": {"uv": [0.5, 8, 0.5, 7.5], "texture": "#4"},
				"down": {"uv": [0.5, 7.5, 0.5, 8], "texture": "#4"}
			}
		},
		{
			"from": [10, 16, 7.25],
			"to": [10, 24, 8.25],
			"faces": {
				"north": {"uv": [1.5, 8, 1.5, 12], "texture": "#4"},
				"east": {"uv": [1, 8, 1.5, 12], "texture": "#4"},
				"south": {"uv": [2, 8, 2, 12], "texture": "#4"},
				"west": {"uv": [1.5, 8, 2, 12], "texture": "#4"},
				"up": {"uv": [1.5, 8, 1.5, 7.5], "texture": "#4"},
				"down": {"uv": [1.5, 7.5, 1.5, 8], "texture": "#4"}
			}
		},
		{
			"from": [10, 24, 7.5],
			"to": [10, 32, 8.5],
			"faces": {
				"north": {"uv": [2.5, 8, 2.5, 12], "texture": "#4"},
				"east": {"uv": [2, 8, 2.5, 12], "texture": "#4"},
				"south": {"uv": [3, 8, 3, 12], "texture": "#4"},
				"west": {"uv": [2.5, 8, 3, 12], "texture": "#4"},
				"up": {"uv": [2.5, 8, 2.5, 7.5], "texture": "#4"},
				"down": {"uv": [2.5, 7.5, 2.5, 8], "texture": "#4"}
			}
		},
		{
			"from": [10.25, 30, 6],
			"to": [10.25, 32, 8],
			"faces": {
				"north": {"uv": [4, 8, 4, 9], "texture": "#4"},
				"east": {"uv": [3, 8, 4, 9], "texture": "#4"},
				"south": {"uv": [5, 8, 5, 9], "texture": "#4"},
				"west": {"uv": [4, 8, 5, 9], "texture": "#4"},
				"up": {"uv": [4, 8, 4, 7], "texture": "#4"},
				"down": {"uv": [4, 7, 4, 8], "texture": "#4"}
			}
		}
	],
	"display": {
		"firstperson_righthand": {
			"rotation": [-60, 180, 0],
			"translation": [8, 0, -6]
		},
		"firstperson_lefthand": {
			"rotation": [-60, 40, 0],
			"translation": [8, -1.25, -3.25]
		},
		"ground": {
			"scale": [0.5, 0.5, 0.5]
		},
		"gui": {
			"translation": [-0.5, -4.25, 0],
			"scale": [0.5, 0.5, 0.5]
		}
	}
}