{
	"credit": "Made with Blockbench",
	"texture_size": [32, 32],
	"textures": {
		"0": "item/troll2",
		"particle": "troll2"
	},
	"elements": [
		{
			"from": [7.55, 1.75, 4.5],
			"to": [8.45, 3.05, 7.27],
			"rotation": {"angle": -22.5, "axis": "x", "origin": [0, 7, 0]},
			"faces": {
				"north": {"uv": [3.5, 8.5, 4, 9.5], "texture": "#0"},
				"east": {"uv": [1, 7.5, 2.5, 8.5], "texture": "#0"},
				"south": {"uv": [5, 8.5, 5.5, 9.5], "texture": "#0"},
				"west": {"uv": [7.5, 1.5, 9, 2.5], "texture": "#0"},
				"up": {"uv": [6.5, 4, 6, 2.5], "texture": "#0"},
				"down": {"uv": [8.5, 6.5, 8, 8], "texture": "#0"}
			}
		},
		{
			"from": [7, -11, 7],
			"to": [9, -2, 9],
			"rotation": {"angle": 0, "axis": "y", "origin": [0, 7, 0]},
			"faces": {
				"north": {"uv": [4, 0, 5, 4.5], "texture": "#0"},
				"east": {"uv": [4, 4.5, 5, 9], "texture": "#0"},
				"south": {"uv": [0, 5, 1, 9.5], "texture": "#0"},
				"west": {"uv": [5, 0, 6, 4.5], "texture": "#0"},
				"up": {"uv": [7.5, 8.5, 6.5, 7.5], "texture": "#0"},
				"down": {"uv": [9, 3.5, 8, 4.5], "texture": "#0"}
			}
		},
		{
			"from": [7, -4.75, 2.9],
			"to": [9, 5.25, 4.87],
			"rotation": {"angle": -22.5, "axis": "x", "origin": [0, 7, 0]},
			"faces": {
				"north": {"uv": [0, 0, 1, 5], "texture": "#0"},
				"east": {"uv": [1, 0, 2, 5], "texture": "#0"},
				"south": {"uv": [2, 0, 3, 5], "texture": "#0"},
				"west": {"uv": [3, 0, 4, 5], "texture": "#0"},
				"up": {"uv": [9, 5.5, 8, 4.5], "texture": "#0"},
				"down": {"uv": [9, 5.5, 8, 6.5], "texture": "#0"}
			}
		},
		{
			"from": [6.6, 0.35, 2.6],
			"to": [9.5, 4.95, 5.27],
			"rotation": {"angle": -22.5, "axis": "x", "origin": [0, 7, 0]},
			"faces": {
				"north": {"uv": [1, 5, 2.5, 7.5], "texture": "#0"},
				"east": {"uv": [2.5, 5, 4, 7.5], "texture": "#0"},
				"south": {"uv": [5, 4.5, 6.5, 7], "texture": "#0"},
				"west": {"uv": [6, 0, 7.5, 2.5], "texture": "#0"},
				"up": {"uv": [6.5, 8.5, 5, 7], "texture": "#0"},
				"down": {"uv": [9, 0, 7.5, 1.5], "texture": "#0"}
			}
		},
		{
			"from": [7.5, 1.83, -1.85],
			"to": [8.5, 3.3, 3.25],
			"rotation": {"angle": -22.5, "axis": "x", "origin": [0, 7, 0]},
			"faces": {
				"north": {"uv": [9, 6.5, 8.5, 7.5], "rotation": 180, "texture": "#0"},
				"east": {"uv": [6.5, 2.5, 7.5, 5], "rotation": 270, "texture": "#0"},
				"south": {"uv": [7, 9.5, 6.5, 8.5], "texture": "#0"},
				"west": {"uv": [6.5, 5, 7.5, 7.5], "rotation": 90, "texture": "#0"},
				"up": {"uv": [7.5, 3.5, 8, 6], "rotation": 180, "texture": "#0"},
				"down": {"uv": [7.5, 6, 8, 8.5], "texture": "#0"}
			}
		}
	],
	"display": {
		"thirdperson_righthand": {
			"translation": [0, 13, 0.75]
		},
		"thirdperson_lefthand": {
			"translation": [0, 13, 0.75]
		},
		"firstperson_righthand": {
			"translation": [0, 14.5, 0]
		},
		"firstperson_lefthand": {
			"translation": [0, 14.5, 0]
		},
		"ground": {
			"rotation": [0, 0, 90],
			"translation": [-9.25, 0, 0]
		},
		"gui": {
			"rotation": [-90, 64, 84],
			"translation": [-1.25, 7.75, 0],
			"scale": [0.85, 0.85, 0.85]
		},
		"head": {
			"translation": [0, 27.25, 0]
		},
		"fixed": {
			"rotation": [0, 90, 0],
			"translation": [5, 19.5, -1],
			"scale": [2, 2, 2]
		}
	},
	"groups": [
		{
			"name": "group",
			"origin": [0, 7, 0],
			"color": 0,
			"nbt": "{}",
			"armAnimationEnabled": false,
			"children": [0, 1, 2, 3, 4]
		}
	]
}