{
	"credit": "Made with Blockbench",
	"textures": {
		"0": "./stripped_oak_log",
		"1": "./white_concrete_powder",
		"2": "./brown_glazed_terracotta",
		"3": "./red_glazed_terracotta",
		"4": "./feathers",
		"5": "./furnace_top",
		"particle": "./stripped_oak_log"
	},
	"elements": [
		{
			"from": [7.4375, 6.5375, 4.49568],
			"to": [8.6525, 6.965, 5.71068],
			"rotation": {"angle": 0, "axis": "y", "origin": [8, 8, 8]},
			"faces": {
				"north": {"uv": [15.35, 3.475, 2, 1], "texture": "#1"},
				"east": {"uv": [15.35, 3.475, 2, 1], "texture": "#1"},
				"south": {"uv": [15.35, 3.475, 2, 1], "texture": "#1"},
				"west": {"uv": [15.35, 3.475, 2, 1], "texture": "#1"},
				"up": {"uv": [15.35, 3.475, 2, 1], "rotation": 90, "texture": "#1"},
				"down": {"uv": [15.35, 3.475, 2, 1], "rotation": 270, "texture": "#1"}
			}
		},
		{
			"from": [7.4375, 6.0875, 5.21568],
			"to": [7.9775, 7.19, 5.71068],
			"rotation": {"angle": 0, "axis": "y", "origin": [8, 8, 8]},
			"faces": {
				"north": {"uv": [14.55, 4, 2, 1], "texture": "#1"},
				"east": {"uv": [14.55, 4, 2, 1], "texture": "#1"},
				"south": {"uv": [14.55, 15, 2, 1], "texture": "#1"},
				"west": {"uv": [14.55, 4, 2, 1], "texture": "#1"},
				"up": {"uv": [14.55, 4, 2, 1], "rotation": 90, "texture": "#1"},
				"down": {"uv": [14.55, 4, 2, 1], "rotation": 270, "texture": "#1"}
			}
		},
		{
			"from": [8.1575, 6.0875, 4.49568],
			"to": [8.4275, 6.74, 5.71068],
			"rotation": {"angle": 0, "axis": "y", "origin": [8, 8, 8]},
			"faces": {
				"north": {"uv": [15.35, 16, 2, 1], "texture": "#1"},
				"east": {"uv": [15.35, 3.725, 2, 1], "texture": "#1"},
				"south": {"uv": [15.35, 3.725, 2, 1], "texture": "#1"},
				"west": {"uv": [15.35, 3.725, 2, 1], "texture": "#1"},
				"up": {"uv": [15.35, 3.725, 2, 1], "rotation": 90, "texture": "#1"},
				"down": {"uv": [15.35, 3.725, 2, 1], "rotation": 270, "texture": "#1"}
			}
		},
		{
			"from": [7.4375, 6.38, 4.49568],
			"to": [8.6525, 6.695, 5.71068],
			"rotation": {"angle": 0, "axis": "y", "origin": [8, 8, 8]},
			"faces": {
				"north": {"uv": [13.35, 11.35, 0, 9], "texture": "#1"},
				"east": {"uv": [13.35, 11.35, 0, 9], "texture": "#1"},
				"south": {"uv": [13.35, 11.35, 0, 9], "texture": "#1"},
				"west": {"uv": [13.35, 11.35, 0, 9], "texture": "#1"},
				"up": {"uv": [13.35, 11.35, 0, 9], "rotation": 90, "texture": "#1"},
				"down": {"uv": [13.35, 11.35, 0, 9], "rotation": 270, "texture": "#1"}
			}
		},
		{
			"from": [7.4375, 6.065, 4.49568],
			"to": [8.6525, 6.29, 5.71068],
			"rotation": {"angle": 0, "axis": "y", "origin": [8, 8, 8]},
			"faces": {
				"north": {"uv": [15.35, 3.25, 2, 1], "texture": "#1"},
				"east": {"uv": [15.35, 3.25, 2, 1], "texture": "#1"},
				"south": {"uv": [15.35, 3.25, 2, 1], "texture": "#1"},
				"west": {"uv": [15.35, 3.25, 2, 1], "texture": "#1"},
				"up": {"uv": [15.35, 3.25, 2, 1], "rotation": 90, "texture": "#1"},
				"down": {"uv": [15.35, 3.25, 2, 1], "rotation": 270, "texture": "#1"}
			}
		},
		{
			"from": [7.4375, 9.8, 4.49568],
			"to": [8.6525, 9.935, 5.71068],
			"rotation": {"angle": 0, "axis": "y", "origin": [8, 8, 8]},
			"faces": {
				"north": {"uv": [15.35, 3.15, 2, 1], "texture": "#1"},
				"east": {"uv": [15.35, 3.15, 2, 1], "texture": "#1"},
				"south": {"uv": [15.35, 3.15, 2, 1], "texture": "#1"},
				"west": {"uv": [15.35, 3.15, 2, 1], "texture": "#1"},
				"up": {"uv": [15.35, 3.15, 2, 1], "rotation": 90, "texture": "#1"},
				"down": {"uv": [15.35, 3.15, 2, 1], "rotation": 270, "texture": "#1"}
			}
		},
		{
			"from": [7.4375, 8.2925, 4.49568],
			"to": [8.6525, 8.6075, 5.71068],
			"rotation": {"angle": 0, "axis": "y", "origin": [8, 8, 8]},
			"faces": {
				"north": {"uv": [15.35, 3.35, 2, 1], "texture": "#1"},
				"east": {"uv": [15.35, 3.35, 2, 1], "texture": "#1"},
				"south": {"uv": [15.35, 3.35, 2, 1], "texture": "#1"},
				"west": {"uv": [15.35, 3.35, 2, 1], "texture": "#1"},
				"up": {"uv": [15.35, 3.35, 2, 1], "rotation": 90, "texture": "#1"},
				"down": {"uv": [15.35, 3.35, 2, 1], "rotation": 270, "texture": "#1"}
			}
		},
		{
			"from": [7.4375, 8.045, 4.49568],
			"to": [8.6525, 8.1575, 5.71068],
			"rotation": {"angle": 0, "axis": "y", "origin": [8, 8, 8]},
			"faces": {
				"north": {"uv": [15.35, 3.125, 2, 1], "texture": "#1"},
				"east": {"uv": [15.35, 3.125, 2, 1], "texture": "#1"},
				"south": {"uv": [15.35, 3.125, 2, 1], "texture": "#1"},
				"west": {"uv": [15.35, 3.125, 2, 1], "texture": "#1"},
				"up": {"uv": [15.35, 3.125, 2, 1], "rotation": 90, "texture": "#1"},
				"down": {"uv": [15.35, 3.125, 2, 1], "rotation": 270, "texture": "#1"}
			}
		},
		{
			"from": [7.955, -4.00625, 10.955],
			"to": [8.045, 20.00625, 11.045],
			"rotation": {"angle": 0, "axis": "x", "origin": [8, 7.025, 5.725]},
			"faces": {
				"north": {"uv": [1, 1, 0, 0], "texture": "#1"},
				"east": {"uv": [1, 1, 0, 0], "texture": "#1"},
				"south": {"uv": [1, 1, 0, 0], "texture": "#1"},
				"west": {"uv": [1, 1, 0, 0], "texture": "#1"},
				"up": {"uv": [1, 1, 0, 0], "rotation": 90, "texture": "#1"},
				"down": {"uv": [1, 1, 0, 0], "rotation": 270, "texture": "#1"}
			}
		},
		{
			"from": [7.4375, 8.675, 4.49568],
			"to": [8.6525, 8.99, 5.71068],
			"rotation": {"angle": 0, "axis": "y", "origin": [8, 8, 8]},
			"faces": {
				"north": {"uv": [16, 7.35, 2.65, 5], "texture": "#1"},
				"east": {"uv": [16, 7.35, 2.65, 5], "texture": "#1"},
				"south": {"uv": [16, 7.35, 2.65, 5], "texture": "#1"},
				"west": {"uv": [16, 7.35, 2.65, 5], "texture": "#1"},
				"up": {"uv": [16, 7.35, 2.65, 5], "rotation": 90, "texture": "#1"},
				"down": {"uv": [16, 7.35, 2.65, 5], "rotation": 270, "texture": "#1"}
			}
		},
		{
			"from": [7.7525, 8.495, 4.49568],
			"to": [8.3375, 8.99, 5.37318],
			"rotation": {"angle": 0, "axis": "y", "origin": [8, 8, 8]},
			"faces": {
				"north": {"uv": [14.975, 5.55, 2, 1], "texture": "#1"},
				"east": {"uv": [14.975, 3.55, 2, 1], "texture": "#1"},
				"south": {"uv": [14.975, 3.55, 2, 1], "texture": "#1"},
				"west": {"uv": [14.975, 3.55, 2, 1], "texture": "#1"},
				"up": {"uv": [14.975, 3.55, 2, 1], "rotation": 90, "texture": "#1"},
				"down": {"uv": [14.975, 3.55, 2, 1], "rotation": 270, "texture": "#1"}
			}
		},
		{
			"from": [7.4375, 7.73, 4.49568],
			"to": [8.6525, 7.955, 5.71068],
			"rotation": {"angle": 0, "axis": "y", "origin": [8, 8, 8]},
			"faces": {
				"north": {"uv": [16, 11.25, 2.65, 9], "texture": "#1"},
				"east": {"uv": [16, 11.25, 2.65, 9], "texture": "#1"},
				"south": {"uv": [16, 11.25, 2.65, 9], "texture": "#1"},
				"west": {"uv": [16, 11.25, 2.65, 9], "texture": "#1"},
				"up": {"uv": [16, 11.25, 2.65, 9], "rotation": 90, "texture": "#1"},
				"down": {"uv": [16, 11.25, 2.65, 9], "rotation": 270, "texture": "#1"}
			}
		},
		{
			"from": [7.8875, 7.73, 5.12568],
			"to": [8.6525, 8.36, 5.71068],
			"rotation": {"angle": 0, "axis": "y", "origin": [8, 8, 8]},
			"faces": {
				"north": {"uv": [14.65, 3.7, 2, 1], "texture": "#1"},
				"east": {"uv": [14.65, 8.7, 2, 1], "texture": "#1"},
				"south": {"uv": [14.65, 6.7, 2, 1], "texture": "#1"},
				"west": {"uv": [14.65, 3.7, 2, 1], "texture": "#1"},
				"up": {"uv": [14.65, 3.7, 2, 1], "rotation": 90, "texture": "#1"},
				"down": {"uv": [14.65, 3.7, 2, 1], "rotation": 270, "texture": "#1"}
			}
		},
		{
			"from": [7.4375, 7.1, 4.49568],
			"to": [8.045, 7.595, 4.72068],
			"rotation": {"angle": 0, "axis": "y", "origin": [8, 8, 8]},
			"faces": {
				"north": {"uv": [14.25, 3.55, 2, 1], "texture": "#1"},
				"east": {"uv": [14.25, 3.55, 2, 1], "texture": "#1"},
				"south": {"uv": [14.25, 3.55, 2, 1], "texture": "#1"},
				"west": {"uv": [14.25, 3.55, 2, 1], "texture": "#1"},
				"up": {"uv": [14.25, 3.55, 2, 1], "rotation": 90, "texture": "#1"},
				"down": {"uv": [14.25, 3.55, 2, 1], "rotation": 270, "texture": "#1"}
			}
		},
		{
			"from": [7.4375, 9.35, 4.67568],
			"to": [8.6525, 9.8, 5.08068],
			"rotation": {"angle": 0, "axis": "y", "origin": [8, 8, 8]},
			"faces": {
				"north": {"uv": [14.45, 3.5, 2, 1], "texture": "#1"},
				"east": {"uv": [14.45, 3.5, 2, 1], "texture": "#1"},
				"south": {"uv": [14.45, 3.5, 2, 1], "texture": "#1"},
				"west": {"uv": [14.45, 3.5, 2, 1], "texture": "#1"},
				"up": {"uv": [14.45, 3.5, 2, 1], "rotation": 90, "texture": "#1"},
				"down": {"uv": [14.45, 3.5, 2, 1], "rotation": 270, "texture": "#1"}
			}
		},
		{
			"from": [7.4375, 7.055, 4.49568],
			"to": [8.6525, 7.415, 5.71068],
			"rotation": {"angle": 0, "axis": "y", "origin": [8, 8, 8]},
			"faces": {
				"north": {"uv": [16, 13.4, 2.65, 11], "texture": "#1"},
				"east": {"uv": [16, 13.4, 2.65, 11], "texture": "#1"},
				"south": {"uv": [16, 13.4, 2.65, 11], "texture": "#1"},
				"west": {"uv": [16, 13.4, 2.65, 11], "texture": "#1"},
				"up": {"uv": [16, 13.4, 2.65, 11], "rotation": 90, "texture": "#1"},
				"down": {"uv": [16, 13.4, 2.65, 11], "rotation": 270, "texture": "#1"}
			}
		},
		{
			"from": [7.4375, 7.505, 4.49568],
			"to": [8.6525, 7.685, 5.71068],
			"rotation": {"angle": 0, "axis": "y", "origin": [8, 8, 8]},
			"faces": {
				"north": {"uv": [15.35, 3.2, 2, 1], "texture": "#1"},
				"east": {"uv": [15.35, 3.2, 2, 1], "texture": "#1"},
				"south": {"uv": [15.35, 3.2, 2, 1], "texture": "#1"},
				"west": {"uv": [15.35, 3.2, 2, 1], "texture": "#1"},
				"up": {"uv": [15.35, 3.2, 2, 1], "rotation": 90, "texture": "#1"},
				"down": {"uv": [15.35, 3.2, 2, 1], "rotation": 270, "texture": "#1"}
			}
		},
		{
			"from": [7.4375, 9.035, 4.49568],
			"to": [8.6525, 9.44, 5.71068],
			"rotation": {"angle": 0, "axis": "y", "origin": [8, 8, 8]},
			"faces": {
				"north": {"uv": [15.35, 3.45, 2, 1], "texture": "#1"},
				"east": {"uv": [15.35, 3.45, 2, 1], "texture": "#1"},
				"south": {"uv": [15.35, 3.45, 2, 1], "texture": "#1"},
				"west": {"uv": [15.35, 3.45, 2, 1], "texture": "#1"},
				"up": {"uv": [15.35, 3.45, 2, 1], "rotation": 90, "texture": "#1"},
				"down": {"uv": [15.35, 3.45, 2, 1], "rotation": 270, "texture": "#1"}
			}
		},
		{
			"from": [7.4375, 9.485, 4.49568],
			"to": [8.6525, 9.575, 5.71068],
			"rotation": {"angle": 0, "axis": "y", "origin": [8, 8, 8]},
			"faces": {
				"north": {"uv": [13.35, 12.1, 0, 10], "texture": "#1"},
				"east": {"uv": [13.35, 12.1, 0, 10], "texture": "#1"},
				"south": {"uv": [13.35, 12.1, 0, 10], "texture": "#1"},
				"west": {"uv": [13.35, 12.1, 0, 10], "texture": "#1"},
				"up": {"uv": [13.35, 12.1, 0, 10], "rotation": 90, "texture": "#1"},
				"down": {"uv": [13.35, 12.1, 0, 10], "rotation": 270, "texture": "#1"}
			}
		},
		{
			"from": [7.7075, 9.2825, 4.49568],
			"to": [8.2025, 9.6425, 5.71068],
			"rotation": {"angle": 0, "axis": "y", "origin": [8, 8, 8]},
			"faces": {
				"north": {"uv": [15.35, 7.4, 2, 1], "texture": "#1"},
				"east": {"uv": [15.35, 3.4, 2, 1], "texture": "#1"},
				"south": {"uv": [15.35, 8.4, 2, 1], "texture": "#1"},
				"west": {"uv": [15.35, 3.4, 2, 1], "texture": "#1"},
				"up": {"uv": [15.35, 3.4, 2, 1], "rotation": 90, "texture": "#1"},
				"down": {"uv": [15.35, 3.4, 2, 1], "rotation": 270, "texture": "#1"}
			}
		},
		{
			"from": [7.4375, 9.5975, 4.49568],
			"to": [8.6525, 9.7775, 5.71068],
			"rotation": {"angle": 0, "axis": "y", "origin": [8, 8, 8]},
			"faces": {
				"north": {"uv": [15.35, 3.2, 2, 1], "texture": "#1"},
				"east": {"uv": [15.35, 3.2, 2, 1], "texture": "#1"},
				"south": {"uv": [15.35, 3.2, 2, 1], "texture": "#1"},
				"west": {"uv": [15.35, 3.2, 2, 1], "texture": "#1"},
				"up": {"uv": [15.35, 3.2, 2, 1], "rotation": 90, "texture": "#1"},
				"down": {"uv": [15.35, 3.2, 2, 1], "rotation": 270, "texture": "#1"}
			}
		},
		{
			"from": [7.59455, 3.5, 4.65318],
			"to": [8.49545, 12.5, 5.55318],
			"rotation": {"angle": 0, "axis": "y", "origin": [8, 8, 8]},
			"faces": {
				"north": {"uv": [12, 16, 3, 0], "texture": "#0"},
				"east": {"uv": [12, 16, 3, 0], "texture": "#0"},
				"south": {"uv": [12, 16, 3, 0], "texture": "#0"},
				"west": {"uv": [12, 16, 3, 0], "texture": "#0"},
				"up": {"uv": [12, 16, 3, 0], "rotation": 90, "texture": "#0"},
				"down": {"uv": [12, 16, 3, 0], "rotation": 270, "texture": "#0"}
			}
		},
		{
			"from": [7.55, 1.00582, 3.14086],
			"to": [8.54, 1.05082, 4.24336],
			"rotation": {"angle": -22.5, "axis": "x", "origin": [8, 8, 8]},
			"faces": {
				"north": {"uv": [15.1, 1.05, 0, 0], "texture": "#3"},
				"east": {"uv": [15.1, 1.05, 0, 0], "texture": "#3"},
				"south": {"uv": [15.1, 1.05, 0, 0], "texture": "#3"},
				"west": {"uv": [15.1, 1.05, 0, 0], "texture": "#3"},
				"up": {"uv": [15.1, 1.05, 0, 0], "rotation": 90, "texture": "#3"},
				"down": {"uv": [15.1, 1.05, 0, 0], "rotation": 270, "texture": "#3"}
			}
		},
		{
			"from": [7.55, 2.97582, 1.85276],
			"to": [8.54, 3.01739, 1.86998],
			"rotation": {"angle": -45, "axis": "x", "origin": [8, 8, 8]},
			"faces": {
				"north": {"uv": [15.1, 1.04619, 0, 0], "texture": "#3"},
				"east": {"uv": [15.1, 1.04619, 0, 0], "texture": "#3"},
				"south": {"uv": [15.1, 1.04619, 0, 0], "texture": "#3"},
				"west": {"uv": [15.1, 1.04619, 0, 0], "texture": "#3"},
				"up": {"uv": [15.1, 1.04619, 0, 0], "rotation": 90, "texture": "#3"},
				"down": {"uv": [15.1, 1.04619, 0, 0], "rotation": 270, "texture": "#3"}
			}
		},
		{
			"from": [7.55, 0.84832, 3.14086],
			"to": [8.54, 0.89332, 4.28836],
			"rotation": {"angle": -22.5, "axis": "x", "origin": [8, 8, 8]},
			"faces": {
				"north": {"uv": [15.1, 1.05, 0, 0], "texture": "#3"},
				"east": {"uv": [15.1, 1.05, 0, 0], "texture": "#3"},
				"south": {"uv": [15.1, 1.05, 0, 0], "texture": "#3"},
				"west": {"uv": [15.1, 1.05, 0, 0], "texture": "#3"},
				"up": {"uv": [15.1, 1.05, 0, 0], "rotation": 90, "texture": "#3"},
				"down": {"uv": [15.1, 1.05, 0, 0], "rotation": 270, "texture": "#3"}
			}
		},
		{
			"from": [7.55, 2.81309, 1.83406],
			"to": [8.54, 2.85466, 1.85129],
			"rotation": {"angle": -45, "axis": "x", "origin": [8, 8, 8]},
			"faces": {
				"north": {"uv": [15.1, 1.04619, 0, 0], "texture": "#3"},
				"east": {"uv": [15.1, 1.04619, 0, 0], "texture": "#3"},
				"south": {"uv": [15.1, 1.04619, 0, 0], "texture": "#3"},
				"west": {"uv": [15.1, 1.04619, 0, 0], "texture": "#3"},
				"up": {"uv": [15.1, 1.04619, 0, 0], "rotation": 90, "texture": "#3"},
				"down": {"uv": [15.1, 1.04619, 0, 0], "rotation": 270, "texture": "#3"}
			}
		},
		{
			"from": [7.55, 3.6575, 4.60818],
			"to": [8.54, 3.725, 5.80068],
			"rotation": {"angle": 0, "axis": "y", "origin": [8, 8, 8]},
			"faces": {
				"north": {"uv": [15.1, 1.075, 0, 0], "texture": "#3"},
				"east": {"uv": [15.1, 1.075, 0, 0], "texture": "#3"},
				"south": {"uv": [15.1, 1.075, 0, 0], "texture": "#3"},
				"west": {"uv": [15.1, 1.075, 0, 0], "texture": "#3"},
				"up": {"uv": [15.1, 1.075, 0, 0], "rotation": 90, "texture": "#3"},
				"down": {"uv": [15.1, 1.075, 0, 0], "rotation": 270, "texture": "#3"}
			}
		},
		{
			"from": [7.55, 3.8575, 4.60818],
			"to": [8.54, 3.925, 5.80068],
			"rotation": {"angle": 0, "axis": "y", "origin": [8, 8, 8]},
			"faces": {
				"north": {"uv": [15.1, 1.075, 0, 0], "texture": "#3"},
				"east": {"uv": [15.1, 1.075, 0, 0], "texture": "#3"},
				"south": {"uv": [15.1, 1.075, 0, 0], "texture": "#3"},
				"west": {"uv": [15.1, 1.075, 0, 0], "texture": "#3"},
				"up": {"uv": [15.1, 1.075, 0, 0], "rotation": 90, "texture": "#3"},
				"down": {"uv": [15.1, 1.075, 0, 0], "rotation": 270, "texture": "#3"}
			}
		},
		{
			"from": [7.55, 3.0554, 1.83702],
			"to": [8.54, 3.09698, 1.85424],
			"rotation": {"angle": -45, "axis": "x", "origin": [8, 8, 8]},
			"faces": {
				"north": {"uv": [16, 1.04619, 0, 0], "texture": "#1"},
				"east": {"uv": [16, 1.04619, 0, 0], "texture": "#1"},
				"south": {"uv": [16, 1.04619, 0, 0], "texture": "#1"},
				"west": {"uv": [16, 1.04619, 0, 0], "texture": "#1"},
				"up": {"uv": [16, 1.04619, 0, 0], "rotation": 90, "texture": "#1"},
				"down": {"uv": [16, 1.04619, 0, 0], "rotation": 270, "texture": "#1"}
			}
		},
		{
			"from": [7.55, 1.07332, 3.14086],
			"to": [8.54, 1.11832, 4.19836],
			"rotation": {"angle": -22.5, "axis": "x", "origin": [8, 8, 8]},
			"faces": {
				"north": {"uv": [16, 1.05, 0, 0], "texture": "#1"},
				"east": {"uv": [16, 1.05, 0, 0], "texture": "#1"},
				"south": {"uv": [16, 1.05, 0, 0], "texture": "#1"},
				"west": {"uv": [16, 1.05, 0, 0], "texture": "#1"},
				"up": {"uv": [16, 1.05, 0, 0], "rotation": 90, "texture": "#1"},
				"down": {"uv": [16, 1.05, 0, 0], "rotation": 270, "texture": "#1"}
			}
		},
		{
			"from": [7.55, 2.90485, 1.84772],
			"to": [8.54, 2.94642, 1.86494],
			"rotation": {"angle": -45, "axis": "x", "origin": [8, 8, 8]},
			"faces": {
				"north": {"uv": [16, 1.04619, 0, 0], "texture": "#1"},
				"east": {"uv": [16, 1.04619, 0, 0], "texture": "#1"},
				"south": {"uv": [16, 1.04619, 0, 0], "texture": "#1"},
				"west": {"uv": [16, 1.04619, 0, 0], "texture": "#1"},
				"up": {"uv": [16, 1.04619, 0, 0], "rotation": 90, "texture": "#1"},
				"down": {"uv": [16, 1.04619, 0, 0], "rotation": 270, "texture": "#1"}
			}
		},
		{
			"from": [7.55, 0.93832, 3.14086],
			"to": [8.54, 0.98332, 4.26586],
			"rotation": {"angle": -22.5, "axis": "x", "origin": [8, 8, 8]},
			"faces": {
				"north": {"uv": [16, 1.05, 0, 0], "texture": "#1"},
				"east": {"uv": [16, 1.05, 0, 0], "texture": "#1"},
				"south": {"uv": [16, 1.05, 0, 0], "texture": "#1"},
				"west": {"uv": [16, 1.05, 0, 0], "texture": "#1"},
				"up": {"uv": [16, 1.05, 0, 0], "rotation": 90, "texture": "#1"},
				"down": {"uv": [16, 1.05, 0, 0], "rotation": 270, "texture": "#1"}
			}
		},
		{
			"from": [7.55, 3.7475, 4.60818],
			"to": [8.54, 3.815, 5.80068],
			"rotation": {"angle": 0, "axis": "y", "origin": [8, 8, 8]},
			"faces": {
				"north": {"uv": [16, 1.075, 0, 0], "texture": "#1"},
				"east": {"uv": [16, 1.075, 0, 0], "texture": "#1"},
				"south": {"uv": [16, 1.075, 0, 0], "texture": "#1"},
				"west": {"uv": [16, 1.075, 0, 0], "texture": "#1"},
				"up": {"uv": [16, 1.075, 0, 0], "rotation": 90, "texture": "#1"},
				"down": {"uv": [16, 1.075, 0, 0], "rotation": 270, "texture": "#1"}
			}
		},
		{
			"from": [7.55, 3.545, 4.60818],
			"to": [8.54, 3.635, 5.80068],
			"rotation": {"angle": 0, "axis": "y", "origin": [8, 8, 8]},
			"faces": {
				"north": {"uv": [16, 1.1, 0, 0], "texture": "#1"},
				"east": {"uv": [16, 1.1, 0, 0], "texture": "#1"},
				"south": {"uv": [16, 1.1, 0, 0], "texture": "#1"},
				"west": {"uv": [16, 1.1, 0, 0], "texture": "#1"},
				"up": {"uv": [16, 1.1, 0, 0], "rotation": 90, "texture": "#1"},
				"down": {"uv": [16, 1.1, 0, 0], "rotation": 270, "texture": "#1"}
			}
		},
		{
			"from": [7.505, 1.92832, 3.18586],
			"to": [8.585, 4.04332, 4.17586],
			"rotation": {"angle": -22.5, "axis": "x", "origin": [8, 8, 8]},
			"faces": {
				"north": {"uv": [3, 3, 1, 1], "texture": "#2"},
				"east": {"uv": [3, 3, 1, 1], "texture": "#2"},
				"south": {"uv": [3, 3, 1, 1], "texture": "#2"},
				"west": {"uv": [3, 3, 1, 1], "texture": "#2"},
				"up": {"uv": [3, 3, 1, 1], "rotation": 90, "texture": "#2"},
				"down": {"uv": [3, 3, 1, 1], "rotation": 270, "texture": "#2"}
			}
		},
		{
			"from": [7.505, 2.85857, 4.85612],
			"to": [8.585, 2.88107, 5.98112],
			"rotation": {"angle": 0, "axis": "z", "origin": [8, 8, 8]},
			"faces": {
				"north": {"uv": [3, 3, 1, 1], "texture": "#2"},
				"east": {"uv": [3, 3, 1, 1], "texture": "#2"},
				"south": {"uv": [3, 3, 1, 1], "texture": "#2"},
				"west": {"uv": [3, 3, 1, 1], "texture": "#2"},
				"up": {"uv": [3, 3, 1, 1], "rotation": 90, "texture": "#2"},
				"down": {"uv": [3, 3, 1, 1], "rotation": 270, "texture": "#2"}
			}
		},
		{
			"from": [7.505, 1.51858, 3.12789],
			"to": [8.585, 4.45305, 3.17289],
			"rotation": {"angle": -22.5, "axis": "x", "origin": [8, 8, 8]},
			"faces": {
				"north": {"uv": [3, 3, 1, 1], "texture": "#2"},
				"east": {"uv": [3, 3, 1, 1], "texture": "#2"},
				"south": {"uv": [3, 3, 1, 1], "texture": "#2"},
				"west": {"uv": [3, 3, 1, 1], "texture": "#2"},
				"up": {"uv": [3, 3, 1, 1], "rotation": 90, "texture": "#2"},
				"down": {"uv": [3, 3, 1, 1], "rotation": 270, "texture": "#2"}
			}
		},
		{
			"from": [7.505, 2.76857, 4.90112],
			"to": [8.585, 2.85857, 5.98112],
			"rotation": {"angle": 0, "axis": "z", "origin": [8, 8, 8]},
			"faces": {
				"north": {"uv": [3, 3, 1, 1], "texture": "#2"},
				"east": {"uv": [3, 3, 1, 1], "texture": "#2"},
				"south": {"uv": [3, 3, 1, 1], "texture": "#2"},
				"west": {"uv": [3, 3, 1, 1], "texture": "#2"},
				"up": {"uv": [3, 3, 1, 1], "rotation": 90, "texture": "#2"},
				"down": {"uv": [3, 3, 1, 1], "rotation": 270, "texture": "#2"}
			}
		},
		{
			"from": [7.505, 1.63108, 3.17289],
			"to": [8.585, 4.34055, 3.44289],
			"rotation": {"angle": -22.5, "axis": "x", "origin": [8, 8, 8]},
			"faces": {
				"north": {"uv": [3, 3, 1, 1], "texture": "#2"},
				"east": {"uv": [3, 3, 1, 1], "texture": "#2"},
				"south": {"uv": [3, 3, 1, 1], "texture": "#2"},
				"west": {"uv": [3, 3, 1, 1], "texture": "#2"},
				"up": {"uv": [3, 3, 1, 1], "rotation": 90, "texture": "#2"},
				"down": {"uv": [3, 3, 1, 1], "rotation": 270, "texture": "#2"}
			}
		},
		{
			"from": [7.505, 2.54357, 5.12612],
			"to": [8.585, 2.76857, 5.98112],
			"rotation": {"angle": 0, "axis": "z", "origin": [8, 8, 8]},
			"faces": {
				"north": {"uv": [3, 3, 1, 1], "texture": "#2"},
				"east": {"uv": [3, 3, 1, 1], "texture": "#2"},
				"south": {"uv": [3, 3, 1, 1], "texture": "#2"},
				"west": {"uv": [3, 3, 1, 1], "texture": "#2"},
				"up": {"uv": [3, 3, 1, 1], "rotation": 90, "texture": "#2"},
				"down": {"uv": [3, 3, 1, 1], "rotation": 270, "texture": "#2"}
			}
		},
		{
			"from": [7.505, 3.87643, 1.06343],
			"to": [8.585, 3.96643, 2.14343],
			"rotation": {"angle": -45, "axis": "x", "origin": [8, 8, 8]},
			"faces": {
				"north": {"uv": [3, 3, 1, 1], "texture": "#2"},
				"east": {"uv": [3, 3, 1, 1], "texture": "#2"},
				"south": {"uv": [3, 3, 1, 1], "texture": "#2"},
				"west": {"uv": [3, 3, 1, 1], "texture": "#2"},
				"up": {"uv": [3, 3, 1, 1], "rotation": 90, "texture": "#2"},
				"down": {"uv": [3, 3, 1, 1], "rotation": 270, "texture": "#2"}
			}
		},
		{
			"from": [7.505, 3.96643, 1.24343],
			"to": [8.585, 4.19143, 2.14343],
			"rotation": {"angle": -45, "axis": "x", "origin": [8, 8, 8]},
			"faces": {
				"north": {"uv": [3, 3, 1, 1], "texture": "#2"},
				"east": {"uv": [3, 3, 1, 1], "texture": "#2"},
				"south": {"uv": [3, 3, 1, 1], "texture": "#2"},
				"west": {"uv": [3, 3, 1, 1], "texture": "#2"},
				"up": {"uv": [3, 3, 1, 1], "rotation": 90, "texture": "#2"},
				"down": {"uv": [3, 3, 1, 1], "rotation": 270, "texture": "#2"}
			}
		},
		{
			"from": [7.505, 3.85393, 1.01843],
			"to": [8.585, 3.87643, 2.14343],
			"rotation": {"angle": -45, "axis": "x", "origin": [8, 8, 8]},
			"faces": {
				"north": {"uv": [3, 3, 1, 1], "texture": "#2"},
				"east": {"uv": [3, 3, 1, 1], "texture": "#2"},
				"south": {"uv": [3, 3, 1, 1], "texture": "#2"},
				"west": {"uv": [3, 3, 1, 1], "texture": "#2"},
				"up": {"uv": [3, 3, 1, 1], "rotation": 90, "texture": "#2"},
				"down": {"uv": [3, 3, 1, 1], "rotation": 270, "texture": "#2"}
			}
		},
		{
			"from": [7.4375, 1.90609, 3.13607],
			"to": [8.6525, 4.08553, 3.59323],
			"rotation": {"angle": -22.5, "axis": "x", "origin": [8, 8, 8]},
			"faces": {
				"north": {"uv": [6, 13, 5, 12], "texture": "#2"},
				"east": {"uv": [6, 13, 5, 12], "texture": "#2"},
				"south": {"uv": [6, 13, 5, 12], "texture": "#2"},
				"west": {"uv": [6, 13, 5, 12], "texture": "#2"},
				"up": {"uv": [6, 13, 5, 12], "rotation": 90, "texture": "#2"},
				"down": {"uv": [6, 13, 5, 12], "rotation": 270, "texture": "#2"}
			}
		},
		{
			"from": [7.4375, 2.68091, 4.88667],
			"to": [8.6525, 2.69711, 5.42667],
			"rotation": {"angle": 0, "axis": "z", "origin": [8, 8, 8]},
			"faces": {
				"north": {"uv": [6, 13, 5, 12], "texture": "#2"},
				"east": {"uv": [6, 13, 5, 12], "texture": "#2"},
				"south": {"uv": [6, 13, 5, 12], "texture": "#2"},
				"west": {"uv": [6, 13, 5, 12], "texture": "#2"},
				"up": {"uv": [6, 13, 5, 12], "rotation": 90, "texture": "#2"},
				"down": {"uv": [6, 13, 5, 12], "rotation": 270, "texture": "#2"}
			}
		},
		{
			"from": [7.4375, 1.7144, 3.08813],
			"to": [8.6525, 4.27722, 3.12053],
			"rotation": {"angle": -22.5, "axis": "x", "origin": [8, 8, 8]},
			"faces": {
				"north": {"uv": [6, 13, 5, 12], "texture": "#2"},
				"east": {"uv": [6, 13, 5, 12], "texture": "#2"},
				"south": {"uv": [6, 13, 5, 12], "texture": "#2"},
				"west": {"uv": [6, 13, 5, 12], "texture": "#2"},
				"up": {"uv": [6, 13, 5, 12], "rotation": 90, "texture": "#2"},
				"down": {"uv": [6, 13, 5, 12], "rotation": 270, "texture": "#2"}
			}
		},
		{
			"from": [7.4375, 2.61611, 4.91907],
			"to": [8.6525, 2.68091, 5.42667],
			"rotation": {"angle": 0, "axis": "z", "origin": [8, 8, 8]},
			"faces": {
				"north": {"uv": [6, 13, 5, 12], "texture": "#2"},
				"east": {"uv": [6, 13, 5, 12], "texture": "#2"},
				"south": {"uv": [6, 13, 5, 12], "texture": "#2"},
				"west": {"uv": [6, 13, 5, 12], "texture": "#2"},
				"up": {"uv": [6, 13, 5, 12], "rotation": 90, "texture": "#2"},
				"down": {"uv": [6, 13, 5, 12], "rotation": 270, "texture": "#2"}
			}
		},
		{
			"from": [7.4375, 1.7954, 3.12053],
			"to": [8.6525, 4.19622, 3.31493],
			"rotation": {"angle": -22.5, "axis": "x", "origin": [8, 8, 8]},
			"faces": {
				"north": {"uv": [6, 13, 5, 12], "texture": "#2"},
				"east": {"uv": [6, 13, 5, 12], "texture": "#2"},
				"south": {"uv": [6, 13, 5, 12], "texture": "#2"},
				"west": {"uv": [6, 13, 5, 12], "texture": "#2"},
				"up": {"uv": [6, 13, 5, 12], "rotation": 90, "texture": "#2"},
				"down": {"uv": [6, 13, 5, 12], "rotation": 270, "texture": "#2"}
			}
		},
		{
			"from": [7.4375, 2.45411, 5.08107],
			"to": [8.6525, 2.61611, 5.42667],
			"rotation": {"angle": 0, "axis": "z", "origin": [8, 8, 8]},
			"faces": {
				"north": {"uv": [6, 13, 5, 12], "texture": "#2"},
				"east": {"uv": [6, 13, 5, 12], "texture": "#2"},
				"south": {"uv": [6, 13, 5, 12], "texture": "#2"},
				"west": {"uv": [6, 13, 5, 12], "texture": "#2"},
				"up": {"uv": [6, 13, 5, 12], "rotation": 90, "texture": "#2"},
				"down": {"uv": [6, 13, 5, 12], "rotation": 270, "texture": "#2"}
			}
		},
		{
			"from": [7.4375, 4.07256, 1.08903],
			"to": [8.6525, 4.13736, 1.59663],
			"rotation": {"angle": -45, "axis": "x", "origin": [8, 8, 8]},
			"faces": {
				"north": {"uv": [6, 13, 5, 12], "texture": "#2"},
				"east": {"uv": [6, 13, 5, 12], "texture": "#2"},
				"south": {"uv": [6, 13, 5, 12], "texture": "#2"},
				"west": {"uv": [6, 13, 5, 12], "texture": "#2"},
				"up": {"uv": [6, 13, 5, 12], "rotation": 90, "texture": "#2"},
				"down": {"uv": [6, 13, 5, 12], "rotation": 270, "texture": "#2"}
			}
		},
		{
			"from": [7.4375, 4.13736, 1.21863],
			"to": [8.6525, 4.29936, 1.59663],
			"rotation": {"angle": -45, "axis": "x", "origin": [8, 8, 8]},
			"faces": {
				"north": {"uv": [6, 13, 5, 12], "texture": "#2"},
				"east": {"uv": [6, 13, 5, 12], "texture": "#2"},
				"south": {"uv": [6, 13, 5, 12], "texture": "#2"},
				"west": {"uv": [6, 13, 5, 12], "texture": "#2"},
				"up": {"uv": [6, 13, 5, 12], "rotation": 90, "texture": "#2"},
				"down": {"uv": [6, 13, 5, 12], "rotation": 270, "texture": "#2"}
			}
		},
		{
			"from": [7.4375, 4.05636, 1.05663],
			"to": [8.6525, 4.07256, 1.59663],
			"rotation": {"angle": -45, "axis": "x", "origin": [8, 8, 8]},
			"faces": {
				"north": {"uv": [6, 13, 5, 12], "texture": "#2"},
				"east": {"uv": [6, 13, 5, 12], "texture": "#2"},
				"south": {"uv": [6, 13, 5, 12], "texture": "#2"},
				"west": {"uv": [6, 13, 5, 12], "texture": "#2"},
				"up": {"uv": [6, 13, 5, 12], "rotation": 90, "texture": "#2"},
				"down": {"uv": [6, 13, 5, 12], "rotation": 270, "texture": "#2"}
			}
		},
		{
			"from": [7.8506, -4.27533, 10.74171],
			"to": [8.2394, -3.93961, 11.1197],
			"rotation": {"angle": 0, "axis": "z", "origin": [8, 8, 8]},
			"faces": {
				"north": {"uv": [16, 16, 15, 15], "rotation": 270, "texture": "#0"},
				"east": {"uv": [16, 16, 15, 15], "rotation": 270, "texture": "#0"},
				"south": {"uv": [16, 16, 15, 15], "rotation": 270, "texture": "#0"},
				"west": {"uv": [16, 16, 15, 15], "rotation": 270, "texture": "#0"},
				"up": {"uv": [16, 16, 15, 15], "texture": "#0"},
				"down": {"uv": [16, 16, 15, 15], "rotation": 180, "texture": "#0"}
			}
		},
		{
			"from": [7.8506, -2.88593, 1.19027],
			"to": [8.2394, -2.50794, 1.52599],
			"rotation": {"angle": -45, "axis": "x", "origin": [8, 8, 8]},
			"faces": {
				"north": {"uv": [16, 16, 15, 15], "rotation": 180, "texture": "#0"},
				"east": {"uv": [16, 16, 15, 15], "rotation": 180, "texture": "#0"},
				"south": {"uv": [16, 16, 15, 15], "rotation": 180, "texture": "#0"},
				"west": {"uv": [16, 16, 15, 15], "rotation": 180, "texture": "#0"},
				"up": {"uv": [16, 16, 15, 15], "rotation": 270, "texture": "#0"},
				"down": {"uv": [16, 16, 15, 15], "rotation": 90, "texture": "#0"}
			}
		},
		{
			"from": [7.8506, -4.51273, 10.15778],
			"to": [8.2394, -4.13473, 10.88231],
			"rotation": {"angle": 0, "axis": "z", "origin": [8, 8, 8]},
			"faces": {
				"north": {"uv": [16, 16, 15, 15], "rotation": 180, "texture": "#0"},
				"east": {"uv": [16, 16, 15, 15], "rotation": 180, "texture": "#0"},
				"south": {"uv": [16, 16, 15, 15], "rotation": 180, "texture": "#0"},
				"west": {"uv": [16, 16, 15, 15], "rotation": 180, "texture": "#0"},
				"up": {"uv": [16, 16, 15, 15], "rotation": 270, "texture": "#0"},
				"down": {"uv": [16, 16, 15, 15], "rotation": 90, "texture": "#0"}
			}
		},
		{
			"from": [7.59477, 3.06177, 6.38001],
			"to": [8.49522, 4.43118, 7.21151],
			"rotation": {"angle": 22.5, "axis": "x", "origin": [8, 7.5, 7.75]},
			"faces": {
				"north": {"uv": [12, 16, 3, 0], "texture": "#0"},
				"east": {"uv": [12, 16, 3, 0], "texture": "#0"},
				"south": {"uv": [12, 16, 3, 0], "texture": "#0"},
				"west": {"uv": [12, 16, 3, 0], "texture": "#0"},
				"up": {"uv": [12, 16, 3, 0], "rotation": 90, "texture": "#0"},
				"down": {"uv": [12, 16, 3, 0], "rotation": 270, "texture": "#0"}
			}
		},
		{
			"from": [7.595, 2.74793, 5.31064],
			"to": [8.495, 4.77293, 5.76064],
			"rotation": {"angle": 0, "axis": "z", "origin": [8, 8, 8]},
			"faces": {
				"north": {"uv": [12, 16, 3, 0], "texture": "#0"},
				"east": {"uv": [12, 16, 3, 0], "texture": "#0"},
				"south": {"uv": [12, 16, 3, 0], "texture": "#0"},
				"west": {"uv": [12, 16, 3, 0], "texture": "#0"},
				"up": {"uv": [12, 16, 3, 0], "rotation": 90, "texture": "#0"},
				"down": {"uv": [12, 16, 3, 0], "rotation": 270, "texture": "#0"}
			}
		},
		{
			"from": [7.59477, 4.70935, 5.26616],
			"to": [8.49477, 6.55935, 5.94116],
			"rotation": {"angle": -22.5, "axis": "x", "origin": [8.04477, 5.13435, 5.60366]},
			"faces": {
				"north": {"uv": [12, 16, 3, 0], "rotation": 90, "texture": "#0"},
				"east": {"uv": [12, 16, 3, 0], "rotation": 270, "texture": "#0"},
				"south": {"uv": [12, 16, 3, 0], "rotation": 90, "texture": "#0"},
				"west": {"uv": [12, 16, 3, 0], "rotation": 90, "texture": "#0"},
				"up": {"uv": [12, 16, 3, 0], "rotation": 180, "texture": "#0"},
				"down": {"uv": [12, 16, 3, 0], "texture": "#0"}
			}
		},
		{
			"from": [7.595, 2.32631, 1.14667],
			"to": [8.495, 3.49631, 1.82167],
			"rotation": {"angle": -45, "axis": "x", "origin": [8, 8, 8]},
			"faces": {
				"north": {"uv": [12, 16, 3, 0], "rotation": 270, "texture": "#0"},
				"east": {"uv": [12, 16, 3, 0], "rotation": 270, "texture": "#0"},
				"south": {"uv": [12, 16, 3, 0], "rotation": 270, "texture": "#0"},
				"west": {"uv": [12, 16, 3, 0], "rotation": 270, "texture": "#0"},
				"up": {"uv": [12, 16, 3, 0], "texture": "#0"},
				"down": {"uv": [12, 16, 3, 0], "rotation": 180, "texture": "#0"}
			}
		},
		{
			"from": [7.59478, -1.96044, 7.06408],
			"to": [8.49523, -0.38064, 7.64317],
			"rotation": {"angle": 0, "axis": "z", "origin": [8, 8, 8]},
			"faces": {
				"north": {"uv": [12, 16, 3, 0], "texture": "#0"},
				"east": {"uv": [12, 16, 3, 0], "texture": "#0"},
				"south": {"uv": [12, 16, 3, 0], "texture": "#0"},
				"west": {"uv": [12, 16, 3, 0], "texture": "#0"},
				"up": {"uv": [12, 16, 3, 0], "rotation": 90, "texture": "#0"},
				"down": {"uv": [12, 16, 3, 0], "rotation": 270, "texture": "#0"}
			}
		},
		{
			"from": [7.59455, 0.04055, 14.63586],
			"to": [8.49545, 0.87204, 14.98028],
			"rotation": {"angle": 45, "axis": "x", "origin": [8, 8, 8]},
			"faces": {
				"north": {"uv": [12, 16, 3, 0], "rotation": 90, "texture": "#0"},
				"east": {"uv": [12, 16, 3, 0], "rotation": 90, "texture": "#0"},
				"south": {"uv": [12, 16, 3, 0], "rotation": 90, "texture": "#0"},
				"west": {"uv": [12, 16, 3, 0], "rotation": 90, "texture": "#0"},
				"up": {"uv": [12, 16, 3, 0], "rotation": 180, "texture": "#0"},
				"down": {"uv": [12, 16, 3, 0], "texture": "#0"}
			}
		},
		{
			"from": [7.59455, -1.17668, 3.18586],
			"to": [8.49545, 5.12332, 4.08586],
			"rotation": {"angle": -22.5, "axis": "x", "origin": [8, 8, 8]},
			"faces": {
				"north": {"uv": [12, 16, 3, 0], "texture": "#0"},
				"east": {"uv": [12, 16, 3, 0], "texture": "#0"},
				"south": {"uv": [12, 16, 3, 0], "texture": "#0"},
				"west": {"uv": [12, 16, 3, 0], "texture": "#0"},
				"up": {"uv": [12, 16, 3, 0], "rotation": 90, "texture": "#0"},
				"down": {"uv": [12, 16, 3, 0], "rotation": 270, "texture": "#0"}
			}
		},
		{
			"from": [7.595, -3.13586, 0.04055],
			"to": [8.495, 1.36414, 0.94055],
			"rotation": {"angle": -45, "axis": "x", "origin": [8, 8, 8]},
			"faces": {
				"north": {"uv": [12, 16, 3, 0], "texture": "#0"},
				"east": {"uv": [12, 16, 3, 0], "texture": "#0"},
				"south": {"uv": [12, 16, 3, 0], "texture": "#0"},
				"west": {"uv": [12, 16, 3, 0], "texture": "#0"},
				"up": {"uv": [12, 16, 3, 0], "rotation": 90, "texture": "#0"},
				"down": {"uv": [12, 16, 3, 0], "rotation": 270, "texture": "#0"}
			}
		},
		{
			"from": [7.595, -6.1746, 4.85343],
			"to": [8.495, -5.0496, 5.30254],
			"rotation": {"angle": -22.5, "axis": "x", "origin": [8, 8, 8]},
			"faces": {
				"north": {"uv": [12, 16, 3, 0], "texture": "#0"},
				"east": {"uv": [12, 16, 3, 0], "texture": "#0"},
				"south": {"uv": [12, 16, 3, 0], "texture": "#0"},
				"west": {"uv": [12, 16, 3, 0], "texture": "#0"},
				"up": {"uv": [12, 16, 3, 0], "rotation": 90, "texture": "#0"},
				"down": {"uv": [12, 16, 3, 0], "rotation": 270, "texture": "#0"}
			}
		},
		{
			"from": [7.5941, -6.60765, 5.18194],
			"to": [8.4959, -4.31473, 5.73943],
			"rotation": {"angle": -22.5, "axis": "x", "origin": [8, 8, 8]},
			"faces": {
				"north": {"uv": [12, 16, 3, 0], "texture": "#0"},
				"east": {"uv": [12, 16, 3, 0], "texture": "#0"},
				"south": {"uv": [12, 16, 3, 0], "texture": "#0"},
				"west": {"uv": [12, 16, 3, 0], "texture": "#0"},
				"up": {"uv": [12, 16, 3, 0], "rotation": 90, "texture": "#0"},
				"down": {"uv": [12, 16, 3, 0], "rotation": 270, "texture": "#0"}
			}
		},
		{
			"from": [7.59331, -2.86379, 13.80644],
			"to": [8.49691, -2.30629, 15.10936],
			"rotation": {"angle": 22.5, "axis": "x", "origin": [8, 8, 8]},
			"faces": {
				"north": {"uv": [12, 16, 3, 0], "rotation": 90, "texture": "#0"},
				"east": {"uv": [12, 16, 3, 0], "rotation": 90, "texture": "#0"},
				"south": {"uv": [12, 16, 3, 0], "rotation": 90, "texture": "#0"},
				"west": {"uv": [12, 16, 3, 0], "rotation": 90, "texture": "#0"},
				"up": {"uv": [12, 16, 3, 0], "rotation": 180, "texture": "#0"},
				"down": {"uv": [12, 16, 3, 0], "texture": "#0"}
			}
		},
		{
			"from": [7.59309, -0.33143, 19.89148],
			"to": [8.49669, 0.11857, 20.13328],
			"rotation": {"angle": 45, "axis": "x", "origin": [8, 8, 8]},
			"faces": {
				"north": {"uv": [12, 16, 3, 0], "texture": "#0"},
				"east": {"uv": [12, 16, 3, 0], "texture": "#0"},
				"south": {"uv": [12, 16, 3, 0], "texture": "#0"},
				"west": {"uv": [12, 16, 3, 0], "texture": "#0"},
				"up": {"uv": [12, 16, 3, 0], "rotation": 90, "texture": "#0"},
				"down": {"uv": [12, 16, 3, 0], "rotation": 270, "texture": "#0"}
			}
		},
		{
			"from": [7.595, -4.34044, 16.02138],
			"to": [8.495, -4.03349, 16.64805],
			"rotation": {"angle": 22.5, "axis": "x", "origin": [8, 8, 8]},
			"faces": {
				"north": {"uv": [12, 16, 3, 0], "rotation": 270, "texture": "#0"},
				"east": {"uv": [12, 16, 3, 0], "rotation": 270, "texture": "#0"},
				"south": {"uv": [12, 16, 3, 0], "rotation": 270, "texture": "#0"},
				"west": {"uv": [12, 16, 3, 0], "rotation": 270, "texture": "#0"},
				"up": {"uv": [12, 16, 3, 0], "texture": "#0"},
				"down": {"uv": [12, 16, 3, 0], "rotation": 180, "texture": "#0"}
			}
		},
		{
			"from": [7.59309, -6.71055, 11.26727],
			"to": [8.49669, -6.49298, 11.39919],
			"rotation": {"angle": 0, "axis": "z", "origin": [8, 8, 8]},
			"faces": {
				"north": {"uv": [12, 16, 3, 0], "rotation": 270, "texture": "#0"},
				"east": {"uv": [12, 16, 3, 0], "rotation": 270, "texture": "#0"},
				"south": {"uv": [12, 16, 3, 0], "rotation": 270, "texture": "#0"},
				"west": {"uv": [12, 16, 3, 0], "rotation": 270, "texture": "#0"},
				"up": {"uv": [12, 16, 3, 0], "texture": "#0"},
				"down": {"uv": [12, 16, 3, 0], "rotation": 180, "texture": "#0"}
			}
		},
		{
			"from": [7.595, -6.89159, 5.51096],
			"to": [8.495, -6.67346, 5.55312],
			"rotation": {"angle": -22.5, "axis": "x", "origin": [8, 8, 8]},
			"faces": {
				"north": {"uv": [12, 16, 3, 0], "rotation": 270, "texture": "#0"},
				"east": {"uv": [12, 16, 3, 0], "rotation": 270, "texture": "#0"},
				"south": {"uv": [12, 16, 3, 0], "rotation": 270, "texture": "#0"},
				"west": {"uv": [12, 16, 3, 0], "rotation": 270, "texture": "#0"},
				"up": {"uv": [12, 16, 3, 0], "texture": "#0"},
				"down": {"uv": [12, 16, 3, 0], "rotation": 180, "texture": "#0"}
			}
		},
		{
			"from": [7.595, -4.82166, 0.04061],
			"to": [8.495, -4.603, 0.08298],
			"rotation": {"angle": -45, "axis": "x", "origin": [8, 8, 8]},
			"faces": {
				"north": {"uv": [12, 16, 3, 0], "rotation": 270, "texture": "#0"},
				"east": {"uv": [12, 16, 3, 0], "rotation": 270, "texture": "#0"},
				"south": {"uv": [12, 16, 3, 0], "rotation": 270, "texture": "#0"},
				"west": {"uv": [12, 16, 3, 0], "rotation": 270, "texture": "#0"},
				"up": {"uv": [12, 16, 3, 0], "texture": "#0"},
				"down": {"uv": [12, 16, 3, 0], "rotation": 180, "texture": "#0"}
			}
		},
		{
			"from": [7.595, -4.22101, 16.59682],
			"to": [8.495, -4.13344, 16.81595],
			"rotation": {"angle": 22.5, "axis": "x", "origin": [8, 8, 8]},
			"faces": {
				"north": {"uv": [12, 16, 3, 0], "texture": "#0"},
				"east": {"uv": [12, 16, 3, 0], "texture": "#0"},
				"south": {"uv": [12, 16, 3, 0], "texture": "#0"},
				"west": {"uv": [12, 16, 3, 0], "texture": "#0"},
				"up": {"uv": [12, 16, 3, 0], "rotation": 90, "texture": "#0"},
				"down": {"uv": [12, 16, 3, 0], "rotation": 270, "texture": "#0"}
			}
		},
		{
			"from": [7.595, -6.58355, 11.28203],
			"to": [8.495, -6.3608, 11.50161],
			"rotation": {"angle": 0, "axis": "z", "origin": [8, 8, 8]},
			"faces": {
				"north": {"uv": [12, 16, 3, 0], "texture": "#0"},
				"east": {"uv": [12, 16, 3, 0], "texture": "#0"},
				"south": {"uv": [12, 16, 3, 0], "texture": "#0"},
				"west": {"uv": [12, 16, 3, 0], "texture": "#0"},
				"up": {"uv": [12, 16, 3, 0], "rotation": 90, "texture": "#0"},
				"down": {"uv": [12, 16, 3, 0], "rotation": 270, "texture": "#0"}
			}
		},
		{
			"from": [7.55, 14.94918, 3.14086],
			"to": [8.54, 14.99418, 4.24336],
			"rotation": {"angle": 22.5, "axis": "x", "origin": [8, 8, 8]},
			"faces": {
				"north": {"uv": [15.1, 0, 0, 1.05], "texture": "#3"},
				"east": {"uv": [15.1, 0, 0, 1.05], "texture": "#3"},
				"south": {"uv": [15.1, 0, 0, 1.05], "texture": "#3"},
				"west": {"uv": [15.1, 0, 0, 1.05], "texture": "#3"},
				"up": {"uv": [15.1, 0, 0, 1.05], "rotation": 90, "texture": "#3"},
				"down": {"uv": [15.1, 0, 0, 1.05], "rotation": 270, "texture": "#3"}
			}
		},
		{
			"from": [7.55, 12.98261, 1.85276],
			"to": [8.54, 13.02418, 1.86998],
			"rotation": {"angle": 45, "axis": "x", "origin": [8, 8, 8]},
			"faces": {
				"north": {"uv": [15.1, 0, 0, 1.04619], "texture": "#3"},
				"east": {"uv": [15.1, 0, 0, 1.04619], "texture": "#3"},
				"south": {"uv": [15.1, 0, 0, 1.04619], "texture": "#3"},
				"west": {"uv": [15.1, 0, 0, 1.04619], "texture": "#3"},
				"up": {"uv": [15.1, 0, 0, 1.04619], "rotation": 90, "texture": "#3"},
				"down": {"uv": [15.1, 0, 0, 1.04619], "rotation": 270, "texture": "#3"}
			}
		},
		{
			"from": [7.55, 15.10668, 3.14086],
			"to": [8.54, 15.15168, 4.28836],
			"rotation": {"angle": 22.5, "axis": "x", "origin": [8, 8, 8]},
			"faces": {
				"north": {"uv": [15.1, 0, 0, 1.05], "texture": "#3"},
				"east": {"uv": [15.1, 0, 0, 1.05], "texture": "#3"},
				"south": {"uv": [15.1, 0, 0, 1.05], "texture": "#3"},
				"west": {"uv": [15.1, 0, 0, 1.05], "texture": "#3"},
				"up": {"uv": [15.1, 0, 0, 1.05], "rotation": 90, "texture": "#3"},
				"down": {"uv": [15.1, 0, 0, 1.05], "rotation": 270, "texture": "#3"}
			}
		},
		{
			"from": [7.55, 13.14534, 1.83406],
			"to": [8.54, 13.18691, 1.85129],
			"rotation": {"angle": 45, "axis": "x", "origin": [8, 8, 8]},
			"faces": {
				"north": {"uv": [15.1, 0, 0, 1.04619], "texture": "#3"},
				"east": {"uv": [15.1, 0, 0, 1.04619], "texture": "#3"},
				"south": {"uv": [15.1, 0, 0, 1.04619], "texture": "#3"},
				"west": {"uv": [15.1, 0, 0, 1.04619], "texture": "#3"},
				"up": {"uv": [15.1, 0, 0, 1.04619], "rotation": 90, "texture": "#3"},
				"down": {"uv": [15.1, 0, 0, 1.04619], "rotation": 270, "texture": "#3"}
			}
		},
		{
			"from": [7.55, 12.275, 4.60818],
			"to": [8.54, 12.3425, 5.80068],
			"rotation": {"angle": 0, "axis": "y", "origin": [8, 8, 8]},
			"faces": {
				"north": {"uv": [15.1, 0, 0, 1.075], "texture": "#3"},
				"east": {"uv": [15.1, 0, 0, 1.075], "texture": "#3"},
				"south": {"uv": [15.1, 0, 0, 1.075], "texture": "#3"},
				"west": {"uv": [15.1, 0, 0, 1.075], "texture": "#3"},
				"up": {"uv": [15.1, 0, 0, 1.075], "rotation": 90, "texture": "#3"},
				"down": {"uv": [15.1, 0, 0, 1.075], "rotation": 270, "texture": "#3"}
			}
		},
		{
			"from": [7.55, 12.075, 4.60818],
			"to": [8.54, 12.1425, 5.80068],
			"rotation": {"angle": 0, "axis": "y", "origin": [8, 8, 8]},
			"faces": {
				"north": {"uv": [15.1, 0, 0, 1.075], "texture": "#3"},
				"east": {"uv": [15.1, 0, 0, 1.075], "texture": "#3"},
				"south": {"uv": [15.1, 0, 0, 1.075], "texture": "#3"},
				"west": {"uv": [15.1, 0, 0, 1.075], "texture": "#3"},
				"up": {"uv": [15.1, 0, 0, 1.075], "rotation": 90, "texture": "#3"},
				"down": {"uv": [15.1, 0, 0, 1.075], "rotation": 270, "texture": "#3"}
			}
		},
		{
			"from": [7.55, 12.90302, 1.83702],
			"to": [8.54, 12.9446, 1.85424],
			"rotation": {"angle": 45, "axis": "x", "origin": [8, 8, 8]},
			"faces": {
				"north": {"uv": [16, 0, 0, 1.04619], "texture": "#1"},
				"east": {"uv": [16, 0, 0, 1.04619], "texture": "#1"},
				"south": {"uv": [16, 0, 0, 1.04619], "texture": "#1"},
				"west": {"uv": [16, 0, 0, 1.04619], "texture": "#1"},
				"up": {"uv": [16, 0, 0, 1.04619], "rotation": 90, "texture": "#1"},
				"down": {"uv": [16, 0, 0, 1.04619], "rotation": 270, "texture": "#1"}
			}
		},
		{
			"from": [7.55, 14.88168, 3.14086],
			"to": [8.54, 14.92668, 4.19836],
			"rotation": {"angle": 22.5, "axis": "x", "origin": [8, 8, 8]},
			"faces": {
				"north": {"uv": [16, 0, 0, 1.05], "texture": "#1"},
				"east": {"uv": [16, 0, 0, 1.05], "texture": "#1"},
				"south": {"uv": [16, 0, 0, 1.05], "texture": "#1"},
				"west": {"uv": [16, 0, 0, 1.05], "texture": "#1"},
				"up": {"uv": [16, 0, 0, 1.05], "rotation": 90, "texture": "#1"},
				"down": {"uv": [16, 0, 0, 1.05], "rotation": 270, "texture": "#1"}
			}
		},
		{
			"from": [7.55, 13.05358, 1.84772],
			"to": [8.54, 13.09515, 1.86494],
			"rotation": {"angle": 45, "axis": "x", "origin": [8, 8, 8]},
			"faces": {
				"north": {"uv": [16, 0, 0, 1.04619], "texture": "#1"},
				"east": {"uv": [16, 0, 0, 1.04619], "texture": "#1"},
				"south": {"uv": [16, 0, 0, 1.04619], "texture": "#1"},
				"west": {"uv": [16, 0, 0, 1.04619], "texture": "#1"},
				"up": {"uv": [16, 0, 0, 1.04619], "rotation": 90, "texture": "#1"},
				"down": {"uv": [16, 0, 0, 1.04619], "rotation": 270, "texture": "#1"}
			}
		},
		{
			"from": [7.55, 15.01668, 3.14086],
			"to": [8.54, 15.06168, 4.26586],
			"rotation": {"angle": 22.5, "axis": "x", "origin": [8, 8, 8]},
			"faces": {
				"north": {"uv": [16, 0, 0, 1.05], "texture": "#1"},
				"east": {"uv": [16, 0, 0, 1.05], "texture": "#1"},
				"south": {"uv": [16, 0, 0, 1.05], "texture": "#1"},
				"west": {"uv": [16, 0, 0, 1.05], "texture": "#1"},
				"up": {"uv": [16, 0, 0, 1.05], "rotation": 90, "texture": "#1"},
				"down": {"uv": [16, 0, 0, 1.05], "rotation": 270, "texture": "#1"}
			}
		},
		{
			"from": [7.55, 12.185, 4.60818],
			"to": [8.54, 12.2525, 5.80068],
			"rotation": {"angle": 0, "axis": "y", "origin": [8, 8, 8]},
			"faces": {
				"north": {"uv": [16, 0, 0, 1.075], "texture": "#1"},
				"east": {"uv": [16, 0, 0, 1.075], "texture": "#1"},
				"south": {"uv": [16, 0, 0, 1.075], "texture": "#1"},
				"west": {"uv": [16, 0, 0, 1.075], "texture": "#1"},
				"up": {"uv": [16, 0, 0, 1.075], "rotation": 90, "texture": "#1"},
				"down": {"uv": [16, 0, 0, 1.075], "rotation": 270, "texture": "#1"}
			}
		},
		{
			"from": [7.55, 12.365, 4.60818],
			"to": [8.54, 12.455, 5.80068],
			"rotation": {"angle": 0, "axis": "y", "origin": [8, 8, 8]},
			"faces": {
				"north": {"uv": [16, 0, 0, 1.1], "texture": "#1"},
				"east": {"uv": [16, 0, 0, 1.1], "texture": "#1"},
				"south": {"uv": [16, 0, 0, 1.1], "texture": "#1"},
				"west": {"uv": [16, 0, 0, 1.1], "texture": "#1"},
				"up": {"uv": [16, 0, 0, 1.1], "rotation": 90, "texture": "#1"},
				"down": {"uv": [16, 0, 0, 1.1], "rotation": 270, "texture": "#1"}
			}
		},
		{
			"from": [7.505, 11.95668, 3.18586],
			"to": [8.585, 14.07168, 4.17586],
			"rotation": {"angle": 22.5, "axis": "x", "origin": [8, 8, 8]},
			"faces": {
				"north": {"uv": [3, 1, 1, 3], "texture": "#2"},
				"east": {"uv": [3, 1, 1, 3], "texture": "#2"},
				"south": {"uv": [3, 1, 1, 3], "texture": "#2"},
				"west": {"uv": [3, 1, 1, 3], "texture": "#2"},
				"up": {"uv": [3, 1, 1, 3], "rotation": 90, "texture": "#2"},
				"down": {"uv": [3, 1, 1, 3], "rotation": 270, "texture": "#2"}
			}
		},
		{
			"from": [7.505, 13.11893, 4.85612],
			"to": [8.585, 13.14143, 5.98112],
			"rotation": {"angle": 0, "axis": "z", "origin": [8, 8, 8]},
			"faces": {
				"north": {"uv": [3, 1, 1, 3], "texture": "#2"},
				"east": {"uv": [3, 1, 1, 3], "texture": "#2"},
				"south": {"uv": [3, 1, 1, 3], "texture": "#2"},
				"west": {"uv": [3, 1, 1, 3], "texture": "#2"},
				"up": {"uv": [3, 1, 1, 3], "rotation": 90, "texture": "#2"},
				"down": {"uv": [3, 1, 1, 3], "rotation": 270, "texture": "#2"}
			}
		},
		{
			"from": [7.505, 11.54695, 3.12789],
			"to": [8.585, 14.48142, 3.17289],
			"rotation": {"angle": 22.5, "axis": "x", "origin": [8, 8, 8]},
			"faces": {
				"north": {"uv": [3, 1, 1, 3], "texture": "#2"},
				"east": {"uv": [3, 1, 1, 3], "texture": "#2"},
				"south": {"uv": [3, 1, 1, 3], "texture": "#2"},
				"west": {"uv": [3, 1, 1, 3], "texture": "#2"},
				"up": {"uv": [3, 1, 1, 3], "rotation": 90, "texture": "#2"},
				"down": {"uv": [3, 1, 1, 3], "rotation": 270, "texture": "#2"}
			}
		},
		{
			"from": [7.505, 13.14143, 4.90112],
			"to": [8.585, 13.23143, 5.98112],
			"rotation": {"angle": 0, "axis": "z", "origin": [8, 8, 8]},
			"faces": {
				"north": {"uv": [3, 1, 1, 3], "texture": "#2"},
				"east": {"uv": [3, 1, 1, 3], "texture": "#2"},
				"south": {"uv": [3, 1, 1, 3], "texture": "#2"},
				"west": {"uv": [3, 1, 1, 3], "texture": "#2"},
				"up": {"uv": [3, 1, 1, 3], "rotation": 90, "texture": "#2"},
				"down": {"uv": [3, 1, 1, 3], "rotation": 270, "texture": "#2"}
			}
		},
		{
			"from": [7.505, 11.65945, 3.17289],
			"to": [8.585, 14.36892, 3.44289],
			"rotation": {"angle": 22.5, "axis": "x", "origin": [8, 8, 8]},
			"faces": {
				"north": {"uv": [3, 1, 1, 3], "texture": "#2"},
				"east": {"uv": [3, 1, 1, 3], "texture": "#2"},
				"south": {"uv": [3, 1, 1, 3], "texture": "#2"},
				"west": {"uv": [3, 1, 1, 3], "texture": "#2"},
				"up": {"uv": [3, 1, 1, 3], "rotation": 90, "texture": "#2"},
				"down": {"uv": [3, 1, 1, 3], "rotation": 270, "texture": "#2"}
			}
		},
		{
			"from": [7.505, 13.23143, 5.12612],
			"to": [8.585, 13.45643, 5.98112],
			"rotation": {"angle": 0, "axis": "z", "origin": [8, 8, 8]},
			"faces": {
				"north": {"uv": [3, 1, 1, 3], "texture": "#2"},
				"east": {"uv": [3, 1, 1, 3], "texture": "#2"},
				"south": {"uv": [3, 1, 1, 3], "texture": "#2"},
				"west": {"uv": [3, 1, 1, 3], "texture": "#2"},
				"up": {"uv": [3, 1, 1, 3], "rotation": 90, "texture": "#2"},
				"down": {"uv": [3, 1, 1, 3], "rotation": 270, "texture": "#2"}
			}
		},
		{
			"from": [7.505, 12.03357, 1.06343],
			"to": [8.585, 12.12357, 2.14343],
			"rotation": {"angle": 45, "axis": "x", "origin": [8, 8, 8]},
			"faces": {
				"north": {"uv": [3, 1, 1, 3], "texture": "#2"},
				"east": {"uv": [3, 1, 1, 3], "texture": "#2"},
				"south": {"uv": [3, 1, 1, 3], "texture": "#2"},
				"west": {"uv": [3, 1, 1, 3], "texture": "#2"},
				"up": {"uv": [3, 1, 1, 3], "rotation": 90, "texture": "#2"},
				"down": {"uv": [3, 1, 1, 3], "rotation": 270, "texture": "#2"}
			}
		},
		{
			"from": [7.505, 11.80857, 1.24343],
			"to": [8.585, 12.03357, 2.14343],
			"rotation": {"angle": 45, "axis": "x", "origin": [8, 8, 8]},
			"faces": {
				"north": {"uv": [3, 1, 1, 3], "texture": "#2"},
				"east": {"uv": [3, 1, 1, 3], "texture": "#2"},
				"south": {"uv": [3, 1, 1, 3], "texture": "#2"},
				"west": {"uv": [3, 1, 1, 3], "texture": "#2"},
				"up": {"uv": [3, 1, 1, 3], "rotation": 90, "texture": "#2"},
				"down": {"uv": [3, 1, 1, 3], "rotation": 270, "texture": "#2"}
			}
		},
		{
			"from": [7.505, 12.12357, 1.01843],
			"to": [8.585, 12.14607, 2.14343],
			"rotation": {"angle": 45, "axis": "x", "origin": [8, 8, 8]},
			"faces": {
				"north": {"uv": [3, 1, 1, 3], "texture": "#2"},
				"east": {"uv": [3, 1, 1, 3], "texture": "#2"},
				"south": {"uv": [3, 1, 1, 3], "texture": "#2"},
				"west": {"uv": [3, 1, 1, 3], "texture": "#2"},
				"up": {"uv": [3, 1, 1, 3], "rotation": 90, "texture": "#2"},
				"down": {"uv": [3, 1, 1, 3], "rotation": 270, "texture": "#2"}
			}
		},
		{
			"from": [7.4375, 11.91447, 3.13607],
			"to": [8.6525, 14.09391, 3.59323],
			"rotation": {"angle": 22.5, "axis": "x", "origin": [8, 8, 8]},
			"faces": {
				"north": {"uv": [6, 12, 5, 13], "texture": "#2"},
				"east": {"uv": [6, 12, 5, 13], "texture": "#2"},
				"south": {"uv": [6, 12, 5, 13], "texture": "#2"},
				"west": {"uv": [6, 12, 5, 13], "texture": "#2"},
				"up": {"uv": [6, 12, 5, 13], "rotation": 90, "texture": "#2"},
				"down": {"uv": [6, 12, 5, 13], "rotation": 270, "texture": "#2"}
			}
		},
		{
			"from": [7.4375, 13.30289, 4.88667],
			"to": [8.6525, 13.31909, 5.42667],
			"rotation": {"angle": 0, "axis": "z", "origin": [8, 8, 8]},
			"faces": {
				"north": {"uv": [6, 12, 5, 13], "texture": "#2"},
				"east": {"uv": [6, 12, 5, 13], "texture": "#2"},
				"south": {"uv": [6, 12, 5, 13], "texture": "#2"},
				"west": {"uv": [6, 12, 5, 13], "texture": "#2"},
				"up": {"uv": [6, 12, 5, 13], "rotation": 90, "texture": "#2"},
				"down": {"uv": [6, 12, 5, 13], "rotation": 270, "texture": "#2"}
			}
		},
		{
			"from": [7.4375, 11.72278, 3.08813],
			"to": [8.6525, 14.2856, 3.12053],
			"rotation": {"angle": 22.5, "axis": "x", "origin": [8, 8, 8]},
			"faces": {
				"north": {"uv": [6, 12, 5, 13], "texture": "#2"},
				"east": {"uv": [6, 12, 5, 13], "texture": "#2"},
				"south": {"uv": [6, 12, 5, 13], "texture": "#2"},
				"west": {"uv": [6, 12, 5, 13], "texture": "#2"},
				"up": {"uv": [6, 12, 5, 13], "rotation": 90, "texture": "#2"},
				"down": {"uv": [6, 12, 5, 13], "rotation": 270, "texture": "#2"}
			}
		},
		{
			"from": [7.4375, 13.31909, 4.91907],
			"to": [8.6525, 13.38389, 5.42667],
			"rotation": {"angle": 0, "axis": "z", "origin": [8, 8, 8]},
			"faces": {
				"north": {"uv": [6, 12, 5, 13], "texture": "#2"},
				"east": {"uv": [6, 12, 5, 13], "texture": "#2"},
				"south": {"uv": [6, 12, 5, 13], "texture": "#2"},
				"west": {"uv": [6, 12, 5, 13], "texture": "#2"},
				"up": {"uv": [6, 12, 5, 13], "rotation": 90, "texture": "#2"},
				"down": {"uv": [6, 12, 5, 13], "rotation": 270, "texture": "#2"}
			}
		},
		{
			"from": [7.4375, 11.80378, 3.12053],
			"to": [8.6525, 14.2046, 3.31493],
			"rotation": {"angle": 22.5, "axis": "x", "origin": [8, 8, 8]},
			"faces": {
				"north": {"uv": [6, 12, 5, 13], "texture": "#2"},
				"east": {"uv": [6, 12, 5, 13], "texture": "#2"},
				"south": {"uv": [6, 12, 5, 13], "texture": "#2"},
				"west": {"uv": [6, 12, 5, 13], "texture": "#2"},
				"up": {"uv": [6, 12, 5, 13], "rotation": 90, "texture": "#2"},
				"down": {"uv": [6, 12, 5, 13], "rotation": 270, "texture": "#2"}
			}
		},
		{
			"from": [7.4375, 13.38389, 5.08107],
			"to": [8.6525, 13.54589, 5.42667],
			"rotation": {"angle": 0, "axis": "z", "origin": [8, 8, 8]},
			"faces": {
				"north": {"uv": [6, 12, 5, 13], "texture": "#2"},
				"east": {"uv": [6, 12, 5, 13], "texture": "#2"},
				"south": {"uv": [6, 12, 5, 13], "texture": "#2"},
				"west": {"uv": [6, 12, 5, 13], "texture": "#2"},
				"up": {"uv": [6, 12, 5, 13], "rotation": 90, "texture": "#2"},
				"down": {"uv": [6, 12, 5, 13], "rotation": 270, "texture": "#2"}
			}
		},
		{
			"from": [7.4375, 11.86264, 1.08903],
			"to": [8.6525, 11.92744, 1.59663],
			"rotation": {"angle": 45, "axis": "x", "origin": [8, 8, 8]},
			"faces": {
				"north": {"uv": [6, 12, 5, 13], "texture": "#2"},
				"east": {"uv": [6, 12, 5, 13], "texture": "#2"},
				"south": {"uv": [6, 12, 5, 13], "texture": "#2"},
				"west": {"uv": [6, 12, 5, 13], "texture": "#2"},
				"up": {"uv": [6, 12, 5, 13], "rotation": 90, "texture": "#2"},
				"down": {"uv": [6, 12, 5, 13], "rotation": 270, "texture": "#2"}
			}
		},
		{
			"from": [7.4375, 11.70064, 1.21863],
			"to": [8.6525, 11.86264, 1.59663],
			"rotation": {"angle": 45, "axis": "x", "origin": [8, 8, 8]},
			"faces": {
				"north": {"uv": [6, 12, 5, 13], "texture": "#2"},
				"east": {"uv": [6, 12, 5, 13], "texture": "#2"},
				"south": {"uv": [6, 12, 5, 13], "texture": "#2"},
				"west": {"uv": [6, 12, 5, 13], "texture": "#2"},
				"up": {"uv": [6, 12, 5, 13], "rotation": 90, "texture": "#2"},
				"down": {"uv": [6, 12, 5, 13], "rotation": 270, "texture": "#2"}
			}
		},
		{
			"from": [7.4375, 11.92744, 1.05663],
			"to": [8.6525, 11.94364, 1.59663],
			"rotation": {"angle": 45, "axis": "x", "origin": [8, 8, 8]},
			"faces": {
				"north": {"uv": [6, 12, 5, 13], "texture": "#2"},
				"east": {"uv": [6, 12, 5, 13], "texture": "#2"},
				"south": {"uv": [6, 12, 5, 13], "texture": "#2"},
				"west": {"uv": [6, 12, 5, 13], "texture": "#2"},
				"up": {"uv": [6, 12, 5, 13], "rotation": 90, "texture": "#2"},
				"down": {"uv": [6, 12, 5, 13], "rotation": 270, "texture": "#2"}
			}
		},
		{
			"from": [7.8506, 19.93961, 10.74171],
			"to": [8.2394, 20.27533, 11.1197],
			"rotation": {"angle": 0, "axis": "z", "origin": [8, 8, 8]},
			"faces": {
				"north": {"uv": [15, 16, 16, 15], "rotation": 270, "texture": "#0"},
				"east": {"uv": [15, 16, 16, 15], "rotation": 270, "texture": "#0"},
				"south": {"uv": [15, 16, 16, 15], "rotation": 270, "texture": "#0"},
				"west": {"uv": [15, 16, 16, 15], "rotation": 270, "texture": "#0"},
				"up": {"uv": [15, 16, 16, 15], "texture": "#0"},
				"down": {"uv": [15, 16, 16, 15], "rotation": 180, "texture": "#0"}
			}
		},
		{
			"from": [7.8506, 18.50794, 1.19027],
			"to": [8.2394, 18.88593, 1.52599],
			"rotation": {"angle": 45, "axis": "x", "origin": [8, 8, 8]},
			"faces": {
				"north": {"uv": [16, 15, 15, 16], "rotation": 180, "texture": "#0"},
				"east": {"uv": [16, 15, 15, 16], "rotation": 180, "texture": "#0"},
				"south": {"uv": [16, 15, 15, 16], "rotation": 180, "texture": "#0"},
				"west": {"uv": [16, 15, 15, 16], "rotation": 180, "texture": "#0"},
				"up": {"uv": [16, 15, 15, 16], "rotation": 270, "texture": "#0"},
				"down": {"uv": [16, 15, 15, 16], "rotation": 90, "texture": "#0"}
			}
		},
		{
			"from": [7.8506, 20.13473, 10.15778],
			"to": [8.2394, 20.51273, 10.88231],
			"rotation": {"angle": 0, "axis": "z", "origin": [8, 8, 8]},
			"faces": {
				"north": {"uv": [16, 15, 15, 16], "rotation": 180, "texture": "#0"},
				"east": {"uv": [16, 15, 15, 16], "rotation": 180, "texture": "#0"},
				"south": {"uv": [16, 15, 15, 16], "rotation": 180, "texture": "#0"},
				"west": {"uv": [16, 15, 15, 16], "rotation": 180, "texture": "#0"},
				"up": {"uv": [16, 15, 15, 16], "rotation": 270, "texture": "#0"},
				"down": {"uv": [16, 15, 15, 16], "rotation": 90, "texture": "#0"}
			}
		},
		{
			"from": [7.59477, 11.56882, 6.38001],
			"to": [8.49522, 12.93823, 7.21151],
			"rotation": {"angle": -22.5, "axis": "x", "origin": [8, 8.5, 7.75]},
			"faces": {
				"north": {"uv": [12, 0, 3, 16], "texture": "#0"},
				"east": {"uv": [12, 0, 3, 16], "texture": "#0"},
				"south": {"uv": [12, 0, 3, 16], "texture": "#0"},
				"west": {"uv": [12, 0, 3, 16], "texture": "#0"},
				"up": {"uv": [12, 0, 3, 16], "rotation": 90, "texture": "#0"},
				"down": {"uv": [12, 0, 3, 16], "rotation": 270, "texture": "#0"}
			}
		},
		{
			"from": [7.595, 11.22707, 5.31064],
			"to": [8.495, 13.25207, 5.76064],
			"rotation": {"angle": 0, "axis": "z", "origin": [8, 8, 8]},
			"faces": {
				"north": {"uv": [12, 0, 3, 16], "texture": "#0"},
				"east": {"uv": [12, 0, 3, 16], "texture": "#0"},
				"south": {"uv": [12, 0, 3, 16], "texture": "#0"},
				"west": {"uv": [12, 0, 3, 16], "texture": "#0"},
				"up": {"uv": [12, 0, 3, 16], "rotation": 90, "texture": "#0"},
				"down": {"uv": [12, 0, 3, 16], "rotation": 270, "texture": "#0"}
			}
		},
		{
			"from": [7.59477, 8.5495, 4.9887],
			"to": [8.49477, 10.3995, 5.6637],
			"rotation": {"angle": 22.5, "axis": "x", "origin": [7.99977, 9.72262, 7.70499]},
			"faces": {
				"north": {"uv": [12, 0, 3, 16], "rotation": 270, "texture": "#0"},
				"east": {"uv": [12, 0, 3, 16], "rotation": 90, "texture": "#0"},
				"south": {"uv": [12, 0, 3, 16], "rotation": 270, "texture": "#0"},
				"west": {"uv": [12, 0, 3, 16], "rotation": 270, "texture": "#0"},
				"up": {"uv": [12, 0, 3, 16], "texture": "#0"},
				"down": {"uv": [12, 0, 3, 16], "rotation": 180, "texture": "#0"}
			}
		},
		{
			"from": [7.595, 12.50369, 1.14667],
			"to": [8.495, 13.67369, 1.82167],
			"rotation": {"angle": 45, "axis": "x", "origin": [8, 8, 8]},
			"faces": {
				"north": {"uv": [3, 16, 12, 0], "rotation": 270, "texture": "#0"},
				"east": {"uv": [3, 16, 12, 0], "rotation": 270, "texture": "#0"},
				"south": {"uv": [3, 16, 12, 0], "rotation": 270, "texture": "#0"},
				"west": {"uv": [3, 16, 12, 0], "rotation": 270, "texture": "#0"},
				"up": {"uv": [3, 16, 12, 0], "texture": "#0"},
				"down": {"uv": [3, 16, 12, 0], "rotation": 180, "texture": "#0"}
			}
		},
		{
			"from": [7.59478, 16.38064, 7.06408],
			"to": [8.49523, 17.96044, 7.64317],
			"rotation": {"angle": 0, "axis": "z", "origin": [8, 8, 8]},
			"faces": {
				"north": {"uv": [12, 0, 3, 16], "texture": "#0"},
				"east": {"uv": [12, 0, 3, 16], "texture": "#0"},
				"south": {"uv": [12, 0, 3, 16], "texture": "#0"},
				"west": {"uv": [12, 0, 3, 16], "texture": "#0"},
				"up": {"uv": [12, 0, 3, 16], "rotation": 90, "texture": "#0"},
				"down": {"uv": [12, 0, 3, 16], "rotation": 270, "texture": "#0"}
			}
		},
		{
			"from": [7.59455, 15.12796, 14.63586],
			"to": [8.49545, 15.95945, 14.98028],
			"rotation": {"angle": -45, "axis": "x", "origin": [8, 8, 8]},
			"faces": {
				"north": {"uv": [3, 16, 12, 0], "rotation": 90, "texture": "#0"},
				"east": {"uv": [3, 16, 12, 0], "rotation": 90, "texture": "#0"},
				"south": {"uv": [3, 16, 12, 0], "rotation": 90, "texture": "#0"},
				"west": {"uv": [3, 16, 12, 0], "rotation": 90, "texture": "#0"},
				"up": {"uv": [3, 16, 12, 0], "rotation": 180, "texture": "#0"},
				"down": {"uv": [3, 16, 12, 0], "texture": "#0"}
			}
		},
		{
			"from": [7.59455, 10.87668, 3.18586],
			"to": [8.49545, 17.17668, 4.08586],
			"rotation": {"angle": 22.5, "axis": "x", "origin": [8, 8, 8]},
			"faces": {
				"north": {"uv": [12, 0, 3, 16], "texture": "#0"},
				"east": {"uv": [12, 0, 3, 16], "texture": "#0"},
				"south": {"uv": [12, 0, 3, 16], "texture": "#0"},
				"west": {"uv": [12, 0, 3, 16], "texture": "#0"},
				"up": {"uv": [12, 0, 3, 16], "rotation": 90, "texture": "#0"},
				"down": {"uv": [12, 0, 3, 16], "rotation": 270, "texture": "#0"}
			}
		},
		{
			"from": [7.595, 14.63586, 0.04055],
			"to": [8.495, 19.13586, 0.94055],
			"rotation": {"angle": 45, "axis": "x", "origin": [8, 8, 8]},
			"faces": {
				"north": {"uv": [12, 0, 3, 16], "texture": "#0"},
				"east": {"uv": [12, 0, 3, 16], "texture": "#0"},
				"south": {"uv": [12, 0, 3, 16], "texture": "#0"},
				"west": {"uv": [12, 0, 3, 16], "texture": "#0"},
				"up": {"uv": [12, 0, 3, 16], "rotation": 90, "texture": "#0"},
				"down": {"uv": [12, 0, 3, 16], "rotation": 270, "texture": "#0"}
			}
		},
		{
			"from": [7.595, 21.0496, 4.85343],
			"to": [8.495, 22.1746, 5.30254],
			"rotation": {"angle": 22.5, "axis": "x", "origin": [8, 8, 8]},
			"faces": {
				"north": {"uv": [12, 0, 3, 16], "texture": "#0"},
				"east": {"uv": [12, 0, 3, 16], "texture": "#0"},
				"south": {"uv": [12, 0, 3, 16], "texture": "#0"},
				"west": {"uv": [12, 0, 3, 16], "texture": "#0"},
				"up": {"uv": [12, 0, 3, 16], "rotation": 90, "texture": "#0"},
				"down": {"uv": [12, 0, 3, 16], "rotation": 270, "texture": "#0"}
			}
		},
		{
			"from": [7.5941, 20.31473, 5.18194],
			"to": [8.4959, 22.60765, 5.73943],
			"rotation": {"angle": 22.5, "axis": "x", "origin": [8, 8, 8]},
			"faces": {
				"north": {"uv": [12, 0, 3, 16], "texture": "#0"},
				"east": {"uv": [12, 0, 3, 16], "texture": "#0"},
				"south": {"uv": [12, 0, 3, 16], "texture": "#0"},
				"west": {"uv": [12, 0, 3, 16], "texture": "#0"},
				"up": {"uv": [12, 0, 3, 16], "rotation": 90, "texture": "#0"},
				"down": {"uv": [12, 0, 3, 16], "rotation": 270, "texture": "#0"}
			}
		},
		{
			"from": [7.59331, 18.30629, 13.80644],
			"to": [8.49691, 18.86379, 15.10936],
			"rotation": {"angle": -22.5, "axis": "x", "origin": [8, 8, 8]},
			"faces": {
				"north": {"uv": [3, 16, 12, 0], "rotation": 90, "texture": "#0"},
				"east": {"uv": [3, 16, 12, 0], "rotation": 90, "texture": "#0"},
				"south": {"uv": [3, 16, 12, 0], "rotation": 90, "texture": "#0"},
				"west": {"uv": [3, 16, 12, 0], "rotation": 90, "texture": "#0"},
				"up": {"uv": [3, 16, 12, 0], "rotation": 180, "texture": "#0"},
				"down": {"uv": [3, 16, 12, 0], "texture": "#0"}
			}
		},
		{
			"from": [7.59309, 15.88143, 19.89148],
			"to": [8.49669, 16.33143, 20.13328],
			"rotation": {"angle": -45, "axis": "x", "origin": [8, 8, 8]},
			"faces": {
				"north": {"uv": [12, 0, 3, 16], "texture": "#0"},
				"east": {"uv": [12, 0, 3, 16], "texture": "#0"},
				"south": {"uv": [12, 0, 3, 16], "texture": "#0"},
				"west": {"uv": [12, 0, 3, 16], "texture": "#0"},
				"up": {"uv": [12, 0, 3, 16], "rotation": 90, "texture": "#0"},
				"down": {"uv": [12, 0, 3, 16], "rotation": 270, "texture": "#0"}
			}
		},
		{
			"from": [7.595, 20.03349, 16.02138],
			"to": [8.495, 20.34044, 16.64805],
			"rotation": {"angle": -22.5, "axis": "x", "origin": [8, 8, 8]},
			"faces": {
				"north": {"uv": [3, 16, 12, 0], "rotation": 270, "texture": "#0"},
				"east": {"uv": [3, 16, 12, 0], "rotation": 270, "texture": "#0"},
				"south": {"uv": [3, 16, 12, 0], "rotation": 270, "texture": "#0"},
				"west": {"uv": [3, 16, 12, 0], "rotation": 270, "texture": "#0"},
				"up": {"uv": [3, 16, 12, 0], "texture": "#0"},
				"down": {"uv": [3, 16, 12, 0], "rotation": 180, "texture": "#0"}
			}
		},
		{
			"from": [7.59309, 22.49298, 11.26727],
			"to": [8.49669, 22.71055, 11.39919],
			"rotation": {"angle": 0, "axis": "z", "origin": [8, 8, 8]},
			"faces": {
				"north": {"uv": [3, 16, 12, 0], "rotation": 270, "texture": "#0"},
				"east": {"uv": [3, 16, 12, 0], "rotation": 270, "texture": "#0"},
				"south": {"uv": [3, 16, 12, 0], "rotation": 270, "texture": "#0"},
				"west": {"uv": [3, 16, 12, 0], "rotation": 270, "texture": "#0"},
				"up": {"uv": [3, 16, 12, 0], "texture": "#0"},
				"down": {"uv": [3, 16, 12, 0], "rotation": 180, "texture": "#0"}
			}
		},
		{
			"from": [7.595, 22.67346, 5.51096],
			"to": [8.495, 22.89159, 5.55312],
			"rotation": {"angle": 22.5, "axis": "x", "origin": [8, 8, 8]},
			"faces": {
				"north": {"uv": [3, 16, 12, 0], "rotation": 270, "texture": "#0"},
				"east": {"uv": [3, 16, 12, 0], "rotation": 270, "texture": "#0"},
				"south": {"uv": [3, 16, 12, 0], "rotation": 270, "texture": "#0"},
				"west": {"uv": [3, 16, 12, 0], "rotation": 270, "texture": "#0"},
				"up": {"uv": [3, 16, 12, 0], "texture": "#0"},
				"down": {"uv": [3, 16, 12, 0], "rotation": 180, "texture": "#0"}
			}
		},
		{
			"from": [7.595, 20.603, 0.04061],
			"to": [8.495, 20.82166, 0.08298],
			"rotation": {"angle": 45, "axis": "x", "origin": [8, 8, 8]},
			"faces": {
				"north": {"uv": [3, 16, 12, 0], "rotation": 270, "texture": "#0"},
				"east": {"uv": [3, 16, 12, 0], "rotation": 270, "texture": "#0"},
				"south": {"uv": [3, 16, 12, 0], "rotation": 270, "texture": "#0"},
				"west": {"uv": [3, 16, 12, 0], "rotation": 270, "texture": "#0"},
				"up": {"uv": [3, 16, 12, 0], "texture": "#0"},
				"down": {"uv": [3, 16, 12, 0], "rotation": 180, "texture": "#0"}
			}
		},
		{
			"from": [7.595, 20.13344, 16.59682],
			"to": [8.495, 20.22101, 16.81595],
			"rotation": {"angle": -22.5, "axis": "x", "origin": [8, 8, 8]},
			"faces": {
				"north": {"uv": [12, 0, 3, 16], "texture": "#0"},
				"east": {"uv": [12, 0, 3, 16], "texture": "#0"},
				"south": {"uv": [12, 0, 3, 16], "texture": "#0"},
				"west": {"uv": [12, 0, 3, 16], "texture": "#0"},
				"up": {"uv": [12, 0, 3, 16], "rotation": 90, "texture": "#0"},
				"down": {"uv": [12, 0, 3, 16], "rotation": 270, "texture": "#0"}
			}
		},
		{
			"from": [7.595, 22.3608, 11.28203],
			"to": [8.495, 22.58355, 11.50161],
			"rotation": {"angle": 0, "axis": "z", "origin": [8, 8, 8]},
			"faces": {
				"north": {"uv": [12, 0, 3, 16], "texture": "#0"},
				"east": {"uv": [12, 0, 3, 16], "texture": "#0"},
				"south": {"uv": [12, 0, 3, 16], "texture": "#0"},
				"west": {"uv": [12, 0, 3, 16], "texture": "#0"},
				"up": {"uv": [12, 0, 3, 16], "rotation": 90, "texture": "#0"},
				"down": {"uv": [12, 0, 3, 16], "rotation": 270, "texture": "#0"}
			}
		},
		{
			"from": [8.61538, 4.11916, 2.18982],
			"to": [8.91538, 4.41916, 14.13982],
			"rotation": {"angle": 22.5, "axis": "x", "origin": [8.75, 4.25, 6.75]},
			"faces": {
				"north": {"uv": [2, 3, 14, 4], "texture": "#5"},
				"east": {"uv": [2, 3, 14, 4], "texture": "#5"},
				"south": {"uv": [2, 3, 14, 4], "texture": "#5"},
				"west": {"uv": [2, 3, 14, 4], "texture": "#5"},
				"up": {"uv": [2, 3, 14, 4], "rotation": 270, "texture": "#5"},
				"down": {"uv": [2, 3, 14, 4], "rotation": 90, "texture": "#5"}
			}
		},
		{
			"from": [8.76538, -1.64216, 9.41096],
			"to": [8.76538, 1.50784, 12.71096],
			"rotation": {"angle": -22.5, "axis": "x", "origin": [8.75, 4.25, 6.75]},
			"faces": {
				"north": {"uv": [4.5, 5.25, 9, 10], "rotation": 90, "texture": "#4"},
				"east": {"uv": [4.5, 5.25, 9.25, 9.75], "rotation": 90, "texture": "#4"},
				"south": {"uv": [4.5, 5.25, 9, 10], "rotation": 270, "texture": "#4"},
				"west": {"uv": [4.5, 5.25, 9, 10], "texture": "#4"},
				"up": {"uv": [4.5, 5.25, 9, 10], "rotation": 90, "texture": "#4"},
				"down": {"uv": [4.5, 5.25, 9, 10], "rotation": 270, "texture": "#4"}
			}
		},
		{
			"from": [8.56447, 5.81588, 2.49693],
			"to": [8.96447, 6.24088, 2.59693],
			"rotation": {"angle": 0, "axis": "x", "origin": [8.75, 4.25, 6.75]},
			"faces": {
				"north": {"uv": [7, 12, 9.1, 14.4], "rotation": 270, "texture": "#2"},
				"east": {"uv": [7, 12, 9.1, 14.4], "rotation": 270, "texture": "#2"},
				"south": {"uv": [7, 12, 9.1, 14.4], "rotation": 270, "texture": "#2"},
				"west": {"uv": [7, 12, 9.1, 14.4], "rotation": 270, "texture": "#2"},
				"up": {"uv": [7, 12, 9.1, 14.4], "rotation": 270, "texture": "#2"},
				"down": {"uv": [7, 12, 9.1, 14.4], "rotation": 270, "texture": "#2"}
			}
		},
		{
			"from": [8.56447, 5.70108, 2.7741],
			"to": [8.96447, 6.12608, 2.8741],
			"rotation": {"angle": 0, "axis": "x", "origin": [8.75, 4.25, 6.75]},
			"faces": {
				"north": {"uv": [7, 12, 9.1, 14.4], "rotation": 270, "texture": "#2"},
				"east": {"uv": [7, 12, 9.1, 14.4], "rotation": 270, "texture": "#2"},
				"south": {"uv": [7, 12, 9.1, 14.4], "rotation": 270, "texture": "#2"},
				"west": {"uv": [7, 12, 9.1, 14.4], "rotation": 270, "texture": "#2"},
				"up": {"uv": [7, 12, 9.1, 14.4], "rotation": 270, "texture": "#2"},
				"down": {"uv": [7, 12, 9.1, 14.4], "rotation": 270, "texture": "#2"}
			}
		},
		{
			"from": [8.53947, 8.44615, 4.8161],
			"to": [8.98947, 8.54615, 5.2411],
			"rotation": {"angle": -45, "axis": "x", "origin": [8.75, 4.25, 6.75]},
			"faces": {
				"north": {"uv": [7, 12, 9.1, 14.45], "rotation": 270, "texture": "#2"},
				"east": {"uv": [7, 12, 9.1, 14.45], "texture": "#2"},
				"south": {"uv": [7, 12, 9.1, 14.45], "rotation": 90, "texture": "#2"},
				"west": {"uv": [7, 12, 9.1, 14.45], "rotation": 180, "texture": "#2"},
				"up": {"uv": [7, 12, 9.1, 14.45], "rotation": 270, "texture": "#2"},
				"down": {"uv": [7, 12, 9.1, 14.45], "rotation": 90, "texture": "#2"}
			}
		},
		{
			"from": [8.53947, 8.16899, 4.9309],
			"to": [8.98947, 8.26899, 5.3559],
			"rotation": {"angle": -45, "axis": "x", "origin": [8.75, 4.25, 6.75]},
			"faces": {
				"north": {"uv": [7, 12, 9.1, 14.45], "rotation": 270, "texture": "#2"},
				"east": {"uv": [7, 12, 9.1, 14.45], "texture": "#2"},
				"south": {"uv": [7, 12, 9.1, 14.45], "rotation": 90, "texture": "#2"},
				"west": {"uv": [7, 12, 9.1, 14.45], "rotation": 180, "texture": "#2"},
				"up": {"uv": [7, 12, 9.1, 14.45], "rotation": 270, "texture": "#2"},
				"down": {"uv": [7, 12, 9.1, 14.45], "rotation": 90, "texture": "#2"}
			}
		},
		{
			"from": [8.59402, 4.10078, 1.76752],
			"to": [8.94402, 4.45078, 2.64252],
			"rotation": {"angle": 22.5, "axis": "x", "origin": [8.75, 4.25, 6.75]},
			"faces": {
				"north": {"uv": [0, 13, 2, 15], "texture": "#5"},
				"east": {"uv": [0, 13, 2, 15], "texture": "#5"},
				"south": {"uv": [0, 13, 2, 15], "texture": "#5"},
				"west": {"uv": [0, 13, 2, 15], "texture": "#5"},
				"up": {"uv": [0, 13, 2, 15], "texture": "#5"},
				"down": {"uv": [0, 13, 2, 15], "texture": "#5"}
			}
		},
		{
			"from": [8.64038, 8.28906, 2.16094],
			"to": [8.89038, 8.83906, 2.71094],
			"rotation": {"angle": -22.5, "axis": "x", "origin": [8.75, 4.25, 6.75]},
			"faces": {
				"north": {"uv": [0, 0, 2, 2], "texture": "#5"},
				"east": {"uv": [0, 0, 2, 2], "texture": "#5"},
				"south": {"uv": [0, 0, 2, 2], "texture": "#5"},
				"west": {"uv": [0, 0, 2, 2], "texture": "#5"},
				"up": {"uv": [0, 0, 2, 2], "rotation": 270, "texture": "#5"},
				"down": {"uv": [0, 0, 2, 2], "rotation": 90, "texture": "#5"}
			}
		},
		{
			"from": [8.64039, 6.14405, 1.26227],
			"to": [8.89039, 6.94405, 2.56227],
			"rotation": {"angle": 0, "axis": "x", "origin": [8.75, 4.25, 6.75]},
			"faces": {
				"north": {"uv": [0, 0, 2, 2], "texture": "#5"},
				"east": {"uv": [0, 0, 2, 2], "texture": "#5"},
				"south": {"uv": [0, 0, 2, 2], "texture": "#5"},
				"west": {"uv": [0, 0, 2, 2], "texture": "#5"},
				"up": {"uv": [0, 0, 2, 2], "rotation": 270, "texture": "#5"},
				"down": {"uv": [0, 0, 2, 2], "rotation": 90, "texture": "#5"}
			}
		},
		{
			"from": [8.64101, 8.43717, 4.05618],
			"to": [8.89101, 9.73717, 4.85618],
			"rotation": {"angle": -45, "axis": "x", "origin": [8.75, 4.25, 6.75]},
			"faces": {
				"north": {"uv": [0, 0.55, 2, 2.55], "rotation": 270, "texture": "#5"},
				"east": {"uv": [0, 0.55, 2, 2.55], "rotation": 270, "texture": "#5"},
				"south": {"uv": [0, 0.55, 2, 2.55], "rotation": 270, "texture": "#5"},
				"west": {"uv": [0, 0.55, 2, 2.55], "rotation": 90, "texture": "#5"},
				"up": {"uv": [0, 0.55, 2, 2.55], "rotation": 180, "texture": "#5"},
				"down": {"uv": [0, 0.55, 2, 2.55], "texture": "#5"}
			}
		}
	],
	"display": {
		"thirdperson_righthand": {
			"rotation": [5, -0.83, 77.54],
			"translation": [-0.75, -2, 3.75]
		},
		"thirdperson_lefthand": {
			"rotation": [5, -0.83, 77.54],
			"translation": [-0.75, -2, 3.75]
		},
		"firstperson_righthand": {
			"rotation": [19.86, 7, 77.44],
			"translation": [-3.75, 2.5, -4]
		},
		"firstperson_lefthand": {
			"rotation": [19.86, 7, 77.44],
			"translation": [-3.75, 2.5, -4]
		},
		"ground": {
			"rotation": [0, 0, -90]
		},
		"gui": {
			"rotation": [-90, -45, -90],
			"translation": [1.5, -1.25, 0],
			"scale": [0.68, 0.68, 0.68]
		},
		"head": {
			"rotation": [-90, 131, -90],
			"translation": [0, -15, 4],
			"scale": [1.6, 1.6, 1.6]
		},
		"fixed": {
			"rotation": [0, 90, 0],
			"translation": [0, -3.25, -0.5],
			"scale": [2, 2, 2]
		}
	},
	"groups": [
		{
			"name": "group",
			"origin": [7.5, 5.5, 7.5],
			"color": 0,
			"children": [0, 1, 2, 3, 4, 5, 6, 7, 8, 9, 10, 11, 12, 13, 14, 15, 16, 17, 18, 19, 20, 21]
		},
		{
			"name": "group",
			"origin": [8, 8, 8],
			"color": 0,
			"children": [
				{
					"name": "group",
					"origin": [7.5, 5.5, 7.5],
					"color": 0,
					"children": [22, 23, 24, 25, 26, 27]
				},
				{
					"name": "group",
					"origin": [7.5, 5.5, 7.5],
					"color": 0,
					"children": [28, 29, 30, 31, 32, 33]
				},
				{
					"name": "group",
					"origin": [5.17061, 18.45484, 7.45],
					"color": 0,
					"children": [34, 35, 36, 37, 38, 39, 40, 41, 42]
				},
				{
					"name": "group",
					"origin": [5.17061, 18.45484, 7.45],
					"color": 0,
					"children": [43, 44, 45, 46, 47, 48, 49, 50, 51]
				},
				{
					"name": "group",
					"origin": [2.19321, 22.79299, 8.504],
					"color": 0,
					"children": [52, 53, 54]
				},
				{
					"name": "group",
					"origin": [8, 8, 8],
					"color": 0,
					"children": [55, 56, 57, 58, 59, 60, 61, 62, 63, 64, 65, 66, 67, 68, 69, 70, 71, 72]
				}
			]
		},
		{
			"name": "group",
			"origin": [8, 8, 8],
			"color": 0,
			"children": [
				{
					"name": "group",
					"origin": [7.5, 5.5, 7.5],
					"color": 0,
					"children": [73, 74, 75, 76, 77, 78]
				},
				{
					"name": "group",
					"origin": [7.5, 5.5, 7.5],
					"color": 0,
					"children": [79, 80, 81, 82, 83, 84]
				},
				{
					"name": "group",
					"origin": [5.17061, 18.45484, 7.45],
					"color": 0,
					"children": [85, 86, 87, 88, 89, 90, 91, 92, 93]
				},
				{
					"name": "group",
					"origin": [5.17061, 18.45484, 7.45],
					"color": 0,
					"children": [94, 95, 96, 97, 98, 99, 100, 101, 102]
				},
				{
					"name": "group",
					"origin": [2.19321, 22.79299, 8.504],
					"color": 0,
					"children": [103, 104, 105]
				},
				{
					"name": "group",
					"origin": [8, 8, 8],
					"color": 0,
					"children": [106, 107, 108, 109, 110, 111, 112, 113, 114, 115, 116, 117, 118, 119, 120, 121, 122, 123]
				}
			]
		},
		{
			"name": "group",
			"origin": [5.91018, 3.31916, 8.76538],
			"color": 0,
			"children": [124, 125, 126, 127, 128, 129, 130, 131, 132, 133]
		}
	]
}