{
	"credit": "Made with Blockbench",
	"texture_size": [64, 64],
	"textures": {
		"1": "item/behelit_sword"
	},
	"elements": [
		{
			"from": [4.8, -11.4, 6.3],
			"to": [5.3, -10, 6.7],
			"rotation": {"angle": 45, "axis": "z", "origin": [0, 0, 0]},
			"faces": {
				"north": {"uv": [2.75, 7.25, 2.875, 7.625], "texture": "#1"},
				"east": {"uv": [3, 7.25, 3.125, 7.625], "texture": "#1"},
				"south": {"uv": [3.25, 7.25, 3.375, 7.625], "texture": "#1"},
				"west": {"uv": [7.25, 3.25, 7.375, 3.625], "texture": "#1"},
				"up": {"uv": [0.375, 8.625, 0.25, 8.5], "texture": "#1"},
				"down": {"uv": [8.625, 0.25, 8.5, 0.375], "texture": "#1"}
			}
		},
		{
			"from": [6.8, -14.5, 6],
			"to": [8.2, -12.8, 7],
			"faces": {
				"north": {"uv": [5.5, 3, 5.875, 3.375], "texture": "#1"},
				"east": {"uv": [0, 6.25, 0.25, 6.625], "texture": "#1"},
				"south": {"uv": [5.5, 3.5, 5.875, 3.875], "texture": "#1"},
				"west": {"uv": [0.25, 6.25, 0.5, 6.625], "texture": "#1"},
				"up": {"uv": [6.625, 0.75, 6.25, 0.5], "texture": "#1"},
				"down": {"uv": [6.625, 0.75, 6.25, 1], "texture": "#1"}
			}
		},
		{
			"from": [6.9, -15, 5.9],
			"to": [8.1, -13, 7.1],
			"faces": {
				"north": {"uv": [3.25, 5.5, 3.5, 6], "texture": "#1"},
				"east": {"uv": [5.75, 0, 6, 0.5], "texture": "#1"},
				"south": {"uv": [0.5, 5.75, 0.75, 6.25], "texture": "#1"},
				"west": {"uv": [5.75, 0.5, 6, 1], "texture": "#1"},
				"up": {"uv": [5.5, 3, 5.25, 2.75], "texture": "#1"},
				"down": {"uv": [5.75, 0, 5.5, 0.25], "texture": "#1"}
			}
		},
		{
			"from": [7, -12.8, 6],
			"to": [8, -6.8, 7],
			"faces": {
				"north": {"uv": [3.25, 1.25, 3.5, 2.75], "texture": "#1"},
				"east": {"uv": [2.75, 3.25, 3, 4.75], "texture": "#1"},
				"south": {"uv": [3, 3.25, 3.25, 4.75], "texture": "#1"},
				"west": {"uv": [3.25, 3.25, 3.5, 4.75], "texture": "#1"},
				"up": {"uv": [5.75, 1, 5.5, 0.75], "texture": "#1"},
				"down": {"uv": [0.25, 7, 0, 7.25], "texture": "#1"}
			}
		},
		{
			"from": [6.8, -6.8, 5.8],
			"to": [8.2, -6.3, 7.2],
			"faces": {
				"north": {"uv": [7.25, 2.75, 7.625, 2.875], "texture": "#1"},
				"east": {"uv": [3.5, 7.25, 3.875, 7.375], "texture": "#1"},
				"south": {"uv": [7.25, 3.75, 7.625, 3.875], "texture": "#1"},
				"west": {"uv": [4.5, 7.25, 4.875, 7.375], "texture": "#1"},
				"up": {"uv": [5.875, 4.375, 5.5, 4], "texture": "#1"},
				"down": {"uv": [4.625, 5.5, 4.25, 5.875], "texture": "#1"}
			}
		},
		{
			"from": [7, -6.3, 6],
			"to": [8, -6.2, 7],
			"faces": {
				"north": {"uv": [7.75, 1, 8, 1.125], "texture": "#1"},
				"east": {"uv": [7.75, 2.75, 8, 2.875], "texture": "#1"},
				"south": {"uv": [7.75, 3.75, 8, 3.875], "texture": "#1"},
				"west": {"uv": [4.25, 7.75, 4.5, 7.875], "texture": "#1"},
				"up": {"uv": [0.5, 7.25, 0.25, 7], "texture": "#1"},
				"down": {"uv": [1, 7, 0.75, 7.25], "texture": "#1"}
			}
		},
		{
			"from": [5.5, -6.2, 5.8],
			"to": [9.5, -5.4, 7.2],
			"faces": {
				"north": {"uv": [3.25, 2.75, 4.25, 3], "texture": "#1"},
				"east": {"uv": [6.25, 1.25, 6.625, 1.5], "texture": "#1"},
				"south": {"uv": [0, 4.25, 1, 4.5], "texture": "#1"},
				"west": {"uv": [6.25, 1.5, 6.625, 1.75], "texture": "#1"},
				"up": {"uv": [4.5, 1.625, 3.5, 1.25], "texture": "#1"},
				"down": {"uv": [4.5, 1.75, 3.5, 2.125], "texture": "#1"}
			}
		},
		{
			"from": [7, -5, 6],
			"to": [8, -4.9, 7],
			"faces": {
				"north": {"uv": [4.5, 7.75, 4.75, 7.875], "texture": "#1"},
				"east": {"uv": [7.75, 4.5, 8, 4.625], "texture": "#1"},
				"south": {"uv": [4.75, 7.75, 5, 7.875], "texture": "#1"},
				"west": {"uv": [7.75, 4.75, 8, 4.875], "texture": "#1"},
				"up": {"uv": [1.25, 7.25, 1, 7], "texture": "#1"},
				"down": {"uv": [7.25, 1.25, 7, 1.5], "texture": "#1"}
			}
		},
		{
			"from": [6.8, -5.3, 5.8],
			"to": [8.2, -5, 7.2],
			"faces": {
				"north": {"uv": [7.25, 4.5, 7.625, 4.625], "texture": "#1"},
				"east": {"uv": [7.25, 4.75, 7.625, 4.875], "texture": "#1"},
				"south": {"uv": [5, 7.25, 5.375, 7.375], "texture": "#1"},
				"west": {"uv": [5.5, 7.25, 5.875, 7.375], "texture": "#1"},
				"up": {"uv": [5.875, 4.875, 5.5, 4.5], "texture": "#1"},
				"down": {"uv": [5.125, 5.5, 4.75, 5.875], "texture": "#1"}
			}
		},
		{
			"from": [7, -5.4, 6],
			"to": [8, -5.3, 7],
			"faces": {
				"north": {"uv": [5, 7.75, 5.25, 7.875], "texture": "#1"},
				"east": {"uv": [5.25, 7.75, 5.5, 7.875], "texture": "#1"},
				"south": {"uv": [5.5, 7.75, 5.75, 7.875], "texture": "#1"},
				"west": {"uv": [7.75, 5.75, 8, 5.875], "texture": "#1"},
				"up": {"uv": [1.75, 7.25, 1.5, 7], "texture": "#1"},
				"down": {"uv": [7.25, 1.5, 7, 1.75], "texture": "#1"}
			}
		},
		{
			"from": [4.1, -4.9, 5.8],
			"to": [10.9, -4.1, 7.2],
			"faces": {
				"north": {"uv": [2.75, 3, 4.5, 3.25], "texture": "#1"},
				"east": {"uv": [6.25, 1.75, 6.625, 2], "texture": "#1"},
				"south": {"uv": [3.25, 1, 5, 1.25], "texture": "#1"},
				"west": {"uv": [6.25, 2, 6.625, 2.25], "texture": "#1"},
				"up": {"uv": [4, 0.375, 2.25, 0], "texture": "#1"},
				"down": {"uv": [4, 0.5, 2.25, 0.875], "texture": "#1"}
			}
		},
		{
			"from": [4.2, -11.3, 5.8],
			"to": [5.3, -10.5, 7.2],
			"rotation": {"angle": 45, "axis": "z", "origin": [-0.2, 0, 0]},
			"faces": {
				"north": {"uv": [1.75, 7, 2, 7.25], "texture": "#1"},
				"east": {"uv": [6.25, 2.25, 6.625, 2.5], "texture": "#1"},
				"south": {"uv": [7, 1.75, 7.25, 2], "texture": "#1"},
				"west": {"uv": [6.25, 2.5, 6.625, 2.75], "texture": "#1"},
				"up": {"uv": [0.75, 6.625, 0.5, 6.25], "texture": "#1"},
				"down": {"uv": [1.5, 6.25, 1.25, 6.625], "texture": "#1"}
			}
		},
		{
			"from": [11.55, 0.75, 5.8],
			"to": [12.35, 1.75, 7.2],
			"rotation": {"angle": -22.5, "axis": "z", "origin": [-0.2, 0, 0]},
			"faces": {
				"north": {"uv": [7, 2, 7.25, 2.25], "texture": "#1"},
				"east": {"uv": [6.25, 2.75, 6.625, 3], "texture": "#1"},
				"south": {"uv": [7, 2.25, 7.25, 2.5], "texture": "#1"},
				"west": {"uv": [6.25, 3, 6.625, 3.25], "texture": "#1"},
				"up": {"uv": [6.5, 3.625, 6.25, 3.25], "texture": "#1"},
				"down": {"uv": [3.75, 6.25, 3.5, 6.625], "texture": "#1"}
			}
		},
		{
			"from": [5.32, -0.7, 5.8],
			"to": [6.42, 0.1, 7.2],
			"rotation": {"angle": -45, "axis": "z", "origin": [0.2, 0, 0]},
			"faces": {
				"north": {"uv": [7, 2.5, 7.25, 2.75], "texture": "#1"},
				"east": {"uv": [3.75, 6.25, 4.125, 6.5], "texture": "#1"},
				"south": {"uv": [7, 2.75, 7.25, 3], "texture": "#1"},
				"west": {"uv": [6.25, 3.75, 6.625, 4], "texture": "#1"},
				"up": {"uv": [4.75, 6.625, 4.5, 6.25], "texture": "#1"},
				"down": {"uv": [5, 6.25, 4.75, 6.625], "texture": "#1"}
			}
		},
		{
			"from": [1.52, -5, 5.8],
			"to": [2.32, -4, 7.2],
			"rotation": {"angle": 22.5, "axis": "z", "origin": [0.2, 0, 0]},
			"faces": {
				"north": {"uv": [7, 3.5, 7.25, 3.75], "texture": "#1"},
				"east": {"uv": [6.25, 4, 6.625, 4.25], "texture": "#1"},
				"south": {"uv": [3.75, 7, 4, 7.25], "texture": "#1"},
				"west": {"uv": [5, 6.25, 5.375, 6.5], "texture": "#1"},
				"up": {"uv": [6.5, 5.375, 6.25, 5], "texture": "#1"},
				"down": {"uv": [5.75, 6.25, 5.5, 6.625], "texture": "#1"}
			}
		},
		{
			"from": [5.9, -4.1, 6.2],
			"to": [9.1, 3.9, 6.8],
			"faces": {
				"north": {"uv": [1.5, 0, 2.25, 2], "texture": "#1"},
				"east": {"uv": [1.5, 4, 1.625, 6], "texture": "#1"},
				"south": {"uv": [1.5, 2, 2.25, 4], "texture": "#1"},
				"west": {"uv": [1.75, 4, 1.875, 6], "texture": "#1"},
				"up": {"uv": [6.5, 6.375, 5.75, 6.25], "texture": "#1"},
				"down": {"uv": [2.25, 6.5, 1.5, 6.625], "texture": "#1"}
			}
		},
		{
			"from": [6, 3.9, 6.2],
			"to": [9, 18.9, 6.8],
			"faces": {
				"north": {"uv": [0, 0, 0.75, 3.75], "texture": "#1"},
				"east": {"uv": [2.25, 3, 2.375, 6.75], "texture": "#1"},
				"south": {"uv": [0.75, 0, 1.5, 3.75], "texture": "#1"},
				"west": {"uv": [2.5, 3, 2.625, 6.75], "texture": "#1"},
				"up": {"uv": [3.5, 6.625, 2.75, 6.5], "texture": "#1"},
				"down": {"uv": [7.25, 3.25, 6.5, 3.375], "texture": "#1"}
			}
		},
		{
			"from": [5.7, -4.1, 6.3],
			"to": [9.3, -3.1, 6.7],
			"faces": {
				"north": {"uv": [4.5, 0.75, 5.375, 1], "texture": "#1"},
				"east": {"uv": [6, 7.75, 6.125, 8], "texture": "#1"},
				"south": {"uv": [4.5, 2.5, 5.375, 2.75], "texture": "#1"},
				"west": {"uv": [7.75, 6, 7.875, 6.25], "texture": "#1"},
				"up": {"uv": [6.875, 1.125, 6, 1], "texture": "#1"},
				"down": {"uv": [6.875, 4.25, 6, 4.375], "texture": "#1"}
			}
		},
		{
			"from": [7.5, 1.1, 7.2],
			"to": [8.7, 2.8, 7.8],
			"rotation": {"angle": -22.5, "axis": "x", "origin": [0, 0, 0.1]},
			"faces": {
				"north": {"uv": [0.75, 6.5, 1, 6.875], "texture": "#1"},
				"east": {"uv": [4, 7.25, 4.125, 7.625], "texture": "#1"},
				"south": {"uv": [1, 6.5, 1.25, 6.875], "texture": "#1"},
				"west": {"uv": [7.25, 5.5, 7.375, 5.875], "texture": "#1"},
				"up": {"uv": [6.5, 7.875, 6.25, 7.75], "texture": "#1"},
				"down": {"uv": [8, 6.25, 7.75, 6.375], "texture": "#1"}
			}
		},
		{
			"from": [5.7, -2.1, 6.3],
			"to": [9.3, -1.1, 6.7],
			"faces": {
				"north": {"uv": [4.5, 3.75, 5.375, 4], "texture": "#1"},
				"east": {"uv": [7.75, 6.5, 7.875, 6.75], "texture": "#1"},
				"south": {"uv": [4.5, 4, 5.375, 4.25], "texture": "#1"},
				"west": {"uv": [7.75, 6.75, 7.875, 7], "texture": "#1"},
				"up": {"uv": [5.375, 6.125, 4.5, 6], "texture": "#1"},
				"down": {"uv": [6.875, 4.5, 6, 4.625], "texture": "#1"}
			}
		},
		{
			"from": [7.5, 7, 3.13],
			"to": [8.7, 8.6, 3.73],
			"rotation": {"angle": 22.5, "axis": "x", "origin": [0, 0, 0.1]},
			"faces": {
				"north": {"uv": [3.75, 6.5, 4, 6.875], "texture": "#1"},
				"east": {"uv": [6, 7.25, 6.125, 7.625], "texture": "#1"},
				"south": {"uv": [4, 6.5, 4.25, 6.875], "texture": "#1"},
				"west": {"uv": [7.25, 6, 7.375, 6.375], "texture": "#1"},
				"up": {"uv": [8, 7.125, 7.75, 7], "texture": "#1"},
				"down": {"uv": [8, 7.25, 7.75, 7.375], "texture": "#1"}
			}
		},
		{
			"from": [5.7, -0.1, 6.3],
			"to": [9.3, 0.9, 6.7],
			"faces": {
				"north": {"uv": [4.25, 4.5, 5.125, 4.75], "texture": "#1"},
				"east": {"uv": [7.75, 7.5, 7.875, 7.75], "texture": "#1"},
				"south": {"uv": [0, 4.75, 0.875, 5], "texture": "#1"},
				"west": {"uv": [7.75, 7.75, 7.875, 8], "texture": "#1"},
				"up": {"uv": [6.875, 4.875, 6, 4.75], "texture": "#1"},
				"down": {"uv": [6.375, 6, 5.5, 6.125], "texture": "#1"}
			}
		},
		{
			"from": [7.5, 5, 6.13],
			"to": [8.7, 5.8, 6.43],
			"rotation": {"angle": 0, "axis": "x", "origin": [0, 0, 0.1]},
			"faces": {
				"north": {"uv": [7, 3.75, 7.25, 4], "texture": "#1"},
				"east": {"uv": [0, 8, 0.125, 8.25], "texture": "#1"},
				"south": {"uv": [4, 7, 4.25, 7.25], "texture": "#1"},
				"west": {"uv": [8, 0, 8.125, 0.25], "texture": "#1"},
				"up": {"uv": [8.25, 0.375, 8, 0.25], "texture": "#1"},
				"down": {"uv": [8.25, 0.5, 8, 0.625], "texture": "#1"}
			}
		},
		{
			"from": [5.7, 1.9, 6.3],
			"to": [9.3, 2.9, 6.7],
			"faces": {
				"north": {"uv": [4.25, 4.75, 5.125, 5], "texture": "#1"},
				"east": {"uv": [8, 0.75, 8.125, 1], "texture": "#1"},
				"south": {"uv": [0, 5, 0.875, 5.25], "texture": "#1"},
				"west": {"uv": [1, 8, 1.125, 8.25], "texture": "#1"},
				"up": {"uv": [6.875, 5.625, 6, 5.5], "texture": "#1"},
				"down": {"uv": [6.875, 5.75, 6, 5.875], "texture": "#1"}
			}
		},
		{
			"from": [5.7, 3.9, 6.3],
			"to": [9.3, 4.9, 6.7],
			"faces": {
				"north": {"uv": [5, 1, 5.875, 1.25], "texture": "#1"},
				"east": {"uv": [8, 1, 8.125, 1.25], "texture": "#1"},
				"south": {"uv": [5, 1.75, 5.875, 2], "texture": "#1"},
				"west": {"uv": [8, 1.25, 8.125, 1.5], "texture": "#1"},
				"up": {"uv": [7.125, 0.125, 6.25, 0], "texture": "#1"},
				"down": {"uv": [7.125, 0.25, 6.25, 0.375], "texture": "#1"}
			}
		},
		{
			"from": [6.2, -4.1, 6.1],
			"to": [6.7, 3.9, 6.9],
			"faces": {
				"north": {"uv": [2, 4, 2.125, 6], "texture": "#1"},
				"east": {"uv": [2.25, 1, 2.5, 3], "texture": "#1"},
				"south": {"uv": [3.5, 4.25, 3.625, 6.25], "texture": "#1"},
				"west": {"uv": [2.5, 1, 2.75, 3], "texture": "#1"},
				"up": {"uv": [8.125, 1.75, 8, 1.5], "texture": "#1"},
				"down": {"uv": [8.125, 1.75, 8, 2], "texture": "#1"}
			}
		},
		{
			"from": [8.3, -4.1, 6.1],
			"to": [8.8, 3.9, 6.9],
			"faces": {
				"north": {"uv": [3.75, 4.25, 3.875, 6.25], "texture": "#1"},
				"east": {"uv": [2.75, 1, 3, 3], "texture": "#1"},
				"south": {"uv": [4, 4.25, 4.125, 6.25], "texture": "#1"},
				"west": {"uv": [3, 1, 3.25, 3], "texture": "#1"},
				"up": {"uv": [8.125, 2.25, 8, 2], "texture": "#1"},
				"down": {"uv": [8.125, 2.25, 8, 2.5], "texture": "#1"}
			}
		},
		{
			"from": [8.6, 3.4, 6.1],
			"to": [9, 4, 6.9],
			"rotation": {"angle": -45, "axis": "z", "origin": [0, 0, 0]},
			"faces": {
				"north": {"uv": [0.5, 8.5, 0.625, 8.625], "texture": "#1"},
				"east": {"uv": [2.5, 8, 2.75, 8.125], "texture": "#1"},
				"south": {"uv": [8.5, 0.5, 8.625, 0.625], "texture": "#1"},
				"west": {"uv": [8, 2.5, 8.25, 2.625], "texture": "#1"},
				"up": {"uv": [8.125, 3, 8, 2.75], "texture": "#1"},
				"down": {"uv": [8.125, 3, 8, 3.25], "texture": "#1"}
			}
		},
		{
			"from": [7.2, 4.8, 6.1],
			"to": [7.6, 5.4, 6.9],
			"rotation": {"angle": -45, "axis": "z", "origin": [0, 0, 0]},
			"faces": {
				"north": {"uv": [0.75, 8.5, 0.875, 8.625], "texture": "#1"},
				"east": {"uv": [8, 3.25, 8.25, 3.375], "texture": "#1"},
				"south": {"uv": [8.5, 0.75, 8.625, 0.875], "texture": "#1"},
				"west": {"uv": [8, 3.5, 8.25, 3.625], "texture": "#1"},
				"up": {"uv": [8.125, 4, 8, 3.75], "texture": "#1"},
				"down": {"uv": [8.125, 4, 8, 4.25], "texture": "#1"}
			}
		},
		{
			"from": [4.3, 7.7, 6.1],
			"to": [4.7, 8.3, 6.9],
			"rotation": {"angle": -45, "axis": "z", "origin": [0, 0, 0]},
			"faces": {
				"north": {"uv": [1, 8.5, 1.125, 8.625], "texture": "#1"},
				"east": {"uv": [4.25, 8, 4.5, 8.125], "texture": "#1"},
				"south": {"uv": [8.5, 1, 8.625, 1.125], "texture": "#1"},
				"west": {"uv": [8, 4.25, 8.25, 4.375], "texture": "#1"},
				"up": {"uv": [4.625, 8.25, 4.5, 8], "texture": "#1"},
				"down": {"uv": [8.125, 4.5, 8, 4.75], "texture": "#1"}
			}
		},
		{
			"from": [5.7, 6.3, 6.1],
			"to": [6.1, 6.9, 6.9],
			"rotation": {"angle": -45, "axis": "z", "origin": [0, 0, 0]},
			"faces": {
				"north": {"uv": [1.25, 8.5, 1.375, 8.625], "texture": "#1"},
				"east": {"uv": [4.75, 8, 5, 8.125], "texture": "#1"},
				"south": {"uv": [8.5, 1.25, 8.625, 1.375], "texture": "#1"},
				"west": {"uv": [8, 4.75, 8.25, 4.875], "texture": "#1"},
				"up": {"uv": [5.125, 8.25, 5, 8], "texture": "#1"},
				"down": {"uv": [8.125, 5, 8, 5.25], "texture": "#1"}
			}
		},
		{
			"from": [2.3, 5.9, 6.1],
			"to": [2.9, 6.3, 6.9],
			"rotation": {"angle": -45, "axis": "z", "origin": [0, 0, 0]},
			"faces": {
				"north": {"uv": [1.5, 8.5, 1.625, 8.625], "texture": "#1"},
				"east": {"uv": [5.25, 8, 5.5, 8.125], "texture": "#1"},
				"south": {"uv": [8.5, 1.5, 8.625, 1.625], "texture": "#1"},
				"west": {"uv": [8, 5.25, 8.25, 5.375], "texture": "#1"},
				"up": {"uv": [5.625, 8.25, 5.5, 8], "texture": "#1"},
				"down": {"uv": [8.125, 5.5, 8, 5.75], "texture": "#1"}
			}
		},
		{
			"from": [3.7, 4.5, 6.1],
			"to": [4.3, 4.9, 6.9],
			"rotation": {"angle": -45, "axis": "z", "origin": [0, 0, 0]},
			"faces": {
				"north": {"uv": [1.75, 8.5, 1.875, 8.625], "texture": "#1"},
				"east": {"uv": [5.75, 8, 6, 8.125], "texture": "#1"},
				"south": {"uv": [8.5, 1.75, 8.625, 1.875], "texture": "#1"},
				"west": {"uv": [8, 5.75, 8.25, 5.875], "texture": "#1"},
				"up": {"uv": [6.125, 8.25, 6, 8], "texture": "#1"},
				"down": {"uv": [8.125, 6, 8, 6.25], "texture": "#1"}
			}
		},
		{
			"from": [5.2, 3, 6.1],
			"to": [5.8, 3.4, 6.9],
			"rotation": {"angle": -45, "axis": "z", "origin": [0, 0, 0]},
			"faces": {
				"north": {"uv": [2, 8.5, 2.125, 8.625], "texture": "#1"},
				"east": {"uv": [6.25, 8, 6.5, 8.125], "texture": "#1"},
				"south": {"uv": [8.5, 2, 8.625, 2.125], "texture": "#1"},
				"west": {"uv": [8, 6.25, 8.25, 6.375], "texture": "#1"},
				"up": {"uv": [6.625, 8.25, 6.5, 8], "texture": "#1"},
				"down": {"uv": [8.125, 6.5, 8, 6.75], "texture": "#1"}
			}
		},
		{
			"from": [6.6, 1.6, 6.1],
			"to": [7.2, 2, 6.9],
			"rotation": {"angle": -45, "axis": "z", "origin": [0, 0, 0]},
			"faces": {
				"north": {"uv": [2.25, 8.5, 2.375, 8.625], "texture": "#1"},
				"east": {"uv": [6.75, 8, 7, 8.125], "texture": "#1"},
				"south": {"uv": [8.5, 2.25, 8.625, 2.375], "texture": "#1"},
				"west": {"uv": [8, 6.75, 8.25, 6.875], "texture": "#1"},
				"up": {"uv": [7.125, 8.25, 7, 8], "texture": "#1"},
				"down": {"uv": [8.125, 7, 8, 7.25], "texture": "#1"}
			}
		},
		{
			"from": [7.17, 1, 6.1],
			"to": [7.67, 1.6, 6.9],
			"rotation": {"angle": 22.5, "axis": "z", "origin": [0, 0, 0]},
			"faces": {
				"north": {"uv": [2.5, 8.5, 2.625, 8.625], "texture": "#1"},
				"east": {"uv": [7.25, 8, 7.5, 8.125], "texture": "#1"},
				"south": {"uv": [8.5, 2.5, 8.625, 2.625], "texture": "#1"},
				"west": {"uv": [8, 7.25, 8.25, 7.375], "texture": "#1"},
				"up": {"uv": [7.625, 8.25, 7.5, 8], "texture": "#1"},
				"down": {"uv": [8.125, 7.5, 8, 7.75], "texture": "#1"}
			}
		},
		{
			"from": [8.9, -4.9, -0.1],
			"to": [12.9, -4.1, 1.3],
			"rotation": {"angle": -45, "axis": "y", "origin": [0, 1.3, 0]},
			"faces": {
				"north": {"uv": [4.25, 2.75, 5.25, 3], "texture": "#1"},
				"east": {"uv": [6.5, 3.5, 6.875, 3.75], "texture": "#1"},
				"south": {"uv": [4.25, 4.25, 5.25, 4.5], "texture": "#1"},
				"west": {"uv": [5, 6.5, 5.375, 6.75], "texture": "#1"},
				"up": {"uv": [4.5, 2.625, 3.5, 2.25], "texture": "#1"},
				"down": {"uv": [4.5, 3.25, 3.5, 3.625], "texture": "#1"}
			}
		},
		{
			"from": [8.2, -4.9, 8.6],
			"to": [10.3, -4.1, 10],
			"rotation": {"angle": 0, "axis": "y", "origin": [0, 1.3, 0]},
			"faces": {
				"north": {"uv": [5, 3.5, 5.5, 3.75], "texture": "#1"},
				"east": {"uv": [6.5, 5, 6.875, 5.25], "texture": "#1"},
				"south": {"uv": [0.75, 5.75, 1.25, 6], "texture": "#1"},
				"west": {"uv": [6.5, 5.25, 6.875, 5.5], "texture": "#1"},
				"up": {"uv": [1.5, 5.125, 1, 4.75], "texture": "#1"},
				"down": {"uv": [3.25, 4.75, 2.75, 5.125], "texture": "#1"}
			}
		},
		{
			"from": [9.9, -1.9, -4.6],
			"to": [13.9, -1.1, -3.2],
			"rotation": {"angle": -45, "axis": "y", "origin": [0, 1.3, 0]},
			"faces": {
				"north": {"uv": [0, 4.5, 1, 4.75], "texture": "#1"},
				"east": {"uv": [5.75, 6.5, 6.125, 6.75], "texture": "#1"},
				"south": {"uv": [4.5, 0, 5.5, 0.25], "texture": "#1"},
				"west": {"uv": [6.5, 6, 6.875, 6.25], "texture": "#1"},
				"up": {"uv": [1, 4.125, 0, 3.75], "texture": "#1"},
				"down": {"uv": [4.5, 3.75, 3.5, 4.125], "texture": "#1"}
			}
		},
		{
			"from": [8.2, -1.9, 3.8],
			"to": [10.3, -1.1, 5.2],
			"rotation": {"angle": 0, "axis": "y", "origin": [0, 1.3, 0]},
			"faces": {
				"north": {"uv": [5.75, 1.25, 6.25, 1.5], "texture": "#1"},
				"east": {"uv": [6.25, 6.5, 6.625, 6.75], "texture": "#1"},
				"south": {"uv": [5.75, 1.5, 6.25, 1.75], "texture": "#1"},
				"west": {"uv": [6.5, 6.25, 6.875, 6.5], "texture": "#1"},
				"up": {"uv": [5.5, 3.375, 5, 3], "texture": "#1"},
				"down": {"uv": [4.75, 5, 4.25, 5.375], "texture": "#1"}
			}
		},
		{
			"from": [2.9, -10.4, 8.6],
			"to": [5, -9.6, 10],
			"rotation": {"angle": 45, "axis": "z", "origin": [0, 1.3, 0]},
			"faces": {
				"north": {"uv": [5.75, 5, 6.25, 5.25], "texture": "#1"},
				"east": {"uv": [0, 6.75, 0.375, 7], "texture": "#1"},
				"south": {"uv": [5.75, 5.25, 6.25, 5.5], "texture": "#1"},
				"west": {"uv": [6.75, 0.5, 7.125, 0.75], "texture": "#1"},
				"up": {"uv": [5.25, 5.375, 4.75, 5], "texture": "#1"},
				"down": {"uv": [0.5, 5.25, 0, 5.625], "texture": "#1"}
			}
		},
		{
			"from": [11.9, 1.3, 8.6],
			"to": [12.7, 3.4, 10],
			"rotation": {"angle": -22.5, "axis": "z", "origin": [0, 1.3, 0]},
			"faces": {
				"north": {"uv": [1.25, 5.75, 1.5, 6.25], "texture": "#1"},
				"east": {"uv": [5.25, 0.25, 5.625, 0.75], "texture": "#1"},
				"south": {"uv": [5.75, 5.5, 6, 6], "texture": "#1"},
				"west": {"uv": [0.5, 5.25, 0.875, 5.75], "texture": "#1"},
				"up": {"uv": [4.5, 6.875, 4.25, 6.5], "texture": "#1"},
				"down": {"uv": [0.75, 6.75, 0.5, 7.125], "texture": "#1"}
			}
		},
		{
			"from": [2.8, -1.05, 6.3],
			"to": [4.8, -0.35, 7.7],
			"rotation": {"angle": 22.5, "axis": "y", "origin": [-0.5, 1, 0.1]},
			"faces": {
				"north": {"uv": [7, 4, 7.5, 4.125], "texture": "#1"},
				"east": {"uv": [7.25, 6.75, 7.625, 6.875], "texture": "#1"},
				"south": {"uv": [7, 4.25, 7.5, 4.375], "texture": "#1"},
				"west": {"uv": [7.25, 7, 7.625, 7.125], "texture": "#1"},
				"up": {"uv": [1.5, 5.625, 1, 5.25], "texture": "#1"},
				"down": {"uv": [5.75, 1.25, 5.25, 1.625], "texture": "#1"}
			}
		},
		{
			"from": [6.6, 4.85, 3.8],
			"to": [8.1, 5.55, 5.2],
			"rotation": {"angle": -45, "axis": "z", "origin": [0, 1.3, 0]},
			"faces": {
				"north": {"uv": [7.25, 7.25, 7.625, 7.375], "texture": "#1"},
				"east": {"uv": [7.5, 0, 7.875, 0.125], "texture": "#1"},
				"south": {"uv": [7.5, 0.25, 7.875, 0.375], "texture": "#1"},
				"west": {"uv": [7.5, 0.5, 7.875, 0.625], "texture": "#1"},
				"up": {"uv": [5.625, 5.875, 5.25, 5.5], "texture": "#1"},
				"down": {"uv": [0.375, 5.75, 0, 6.125], "texture": "#1"}
			}
		},
		{
			"from": [-2.3, -1.05, 7.1],
			"to": [0.2, -0.35, 8.5],
			"rotation": {"angle": 45, "axis": "y", "origin": [-0.5, 1, 0.1]},
			"faces": {
				"north": {"uv": [6.75, 3, 7.375, 3.125], "texture": "#1"},
				"east": {"uv": [7.5, 0.75, 7.875, 0.875], "texture": "#1"},
				"south": {"uv": [6.5, 6.75, 7.125, 6.875], "texture": "#1"},
				"west": {"uv": [7.5, 1.25, 7.875, 1.375], "texture": "#1"},
				"up": {"uv": [5.125, 0.625, 4.5, 0.25], "texture": "#1"},
				"down": {"uv": [5.125, 1.25, 4.5, 1.625], "texture": "#1"}
			}
		},
		{
			"from": [6.7, -1.05, 3.8],
			"to": [7.7, -0.35, 5.2],
			"rotation": {"angle": 0, "axis": "z", "origin": [0, 1.3, 0]},
			"faces": {
				"north": {"uv": [7.75, 8, 8, 8.125], "texture": "#1"},
				"east": {"uv": [7.5, 1.5, 7.875, 1.625], "texture": "#1"},
				"south": {"uv": [8, 7.75, 8.25, 7.875], "texture": "#1"},
				"west": {"uv": [7.5, 1.75, 7.875, 1.875], "texture": "#1"},
				"up": {"uv": [1.5, 7.125, 1.25, 6.75], "texture": "#1"},
				"down": {"uv": [7, 1.25, 6.75, 1.625], "texture": "#1"}
			}
		},
		{
			"from": [11.7, -1.9, 6.6],
			"to": [13.1, -1.1, 10],
			"rotation": {"angle": 0, "axis": "z", "origin": [0, 1.3, 0]},
			"faces": {
				"north": {"uv": [6.75, 0.75, 7.125, 1], "texture": "#1"},
				"east": {"uv": [5, 2, 5.875, 2.25], "texture": "#1"},
				"south": {"uv": [1.5, 6.75, 1.875, 7], "texture": "#1"},
				"west": {"uv": [5, 2.25, 5.875, 2.5], "texture": "#1"},
				"up": {"uv": [1.375, 4.625, 1, 3.75], "texture": "#1"},
				"down": {"uv": [4.375, 0, 4, 0.875], "texture": "#1"}
			}
		},
		{
			"from": [6.2, 6.7, 6.1],
			"to": [6.7, 7.3, 6.9],
			"rotation": {"angle": -22.5, "axis": "z", "origin": [0, 0, 0]},
			"faces": {
				"north": {"uv": [2.75, 8.5, 2.875, 8.625], "texture": "#1"},
				"east": {"uv": [8, 8, 8.25, 8.125], "texture": "#1"},
				"south": {"uv": [8.5, 2.75, 8.625, 2.875], "texture": "#1"},
				"west": {"uv": [0, 8.25, 0.25, 8.375], "texture": "#1"},
				"up": {"uv": [8.375, 0.25, 8.25, 0], "texture": "#1"},
				"down": {"uv": [0.375, 8.25, 0.25, 8.5], "texture": "#1"}
			}
		},
		{
			"from": [-1.7, 19.7, 6.2],
			"to": [-0.8, 22.7, 6.8],
			"rotation": {"angle": -22.5, "axis": "z", "origin": [0, -0.1, 0]},
			"faces": {
				"north": {"uv": [3.25, 4.75, 3.5, 5.5], "texture": "#1"},
				"east": {"uv": [6.75, 1.75, 6.875, 2.5], "texture": "#1"},
				"south": {"uv": [2.75, 5.25, 3, 6], "texture": "#1"},
				"west": {"uv": [2, 6.75, 2.125, 7.5], "texture": "#1"},
				"up": {"uv": [8.5, 0.375, 8.25, 0.25], "texture": "#1"},
				"down": {"uv": [0.75, 8.25, 0.5, 8.375], "texture": "#1"}
			}
		},
		{
			"from": [14.6, 14, 6.2],
			"to": [15.6, 16.88, 6.8],
			"rotation": {"angle": 22.5, "axis": "z", "origin": [0, -0.1, 0]},
			"faces": {
				"north": {"uv": [3, 5.25, 3.25, 6], "texture": "#1"},
				"east": {"uv": [2.25, 6.75, 2.375, 7.5], "texture": "#1"},
				"south": {"uv": [5.25, 4.25, 5.5, 5], "texture": "#1"},
				"west": {"uv": [2.5, 6.75, 2.625, 7.5], "texture": "#1"},
				"up": {"uv": [8.5, 0.625, 8.25, 0.5], "texture": "#1"},
				"down": {"uv": [1, 8.25, 0.75, 8.375], "texture": "#1"}
			}
		},
		{
			"from": [6.9, 18.7, 6.2],
			"to": [8.1, 20.6, 6.8],
			"rotation": {"angle": 0, "axis": "y", "origin": [0, -0.1, 0]},
			"faces": {
				"north": {"uv": [6, 0, 6.25, 0.5], "texture": "#1"},
				"east": {"uv": [4.25, 7, 4.375, 7.5], "texture": "#1"},
				"south": {"uv": [6, 0.5, 6.25, 1], "texture": "#1"},
				"west": {"uv": [7, 4.5, 7.125, 5], "texture": "#1"},
				"up": {"uv": [8.5, 0.875, 8.25, 0.75], "texture": "#1"},
				"down": {"uv": [1.25, 8.25, 1, 8.375], "texture": "#1"}
			}
		},
		{
			"from": [-9.59, 20.6, 6.2],
			"to": [-8.99, 21.1, 6.8],
			"rotation": {"angle": -45, "axis": "z", "origin": [0, 0.9, 0]},
			"faces": {
				"north": {"uv": [3, 8.5, 3.125, 8.625], "texture": "#1"},
				"east": {"uv": [8.5, 3, 8.625, 3.125], "texture": "#1"},
				"south": {"uv": [3.25, 8.5, 3.375, 8.625], "texture": "#1"},
				"west": {"uv": [8.5, 3.25, 8.625, 3.375], "texture": "#1"},
				"up": {"uv": [3.625, 8.625, 3.5, 8.5], "texture": "#1"},
				"down": {"uv": [8.625, 3.5, 8.5, 3.625], "texture": "#1"}
			}
		},
		{
			"from": [5.3, -1.05, 4.4],
			"to": [6.7, -0.35, 6.2],
			"rotation": {"angle": -22.5, "axis": "y", "origin": [-0.5, 1, 0.1]},
			"faces": {
				"north": {"uv": [2, 7.5, 2.375, 7.625], "texture": "#1"},
				"east": {"uv": [7, 5, 7.5, 5.125], "texture": "#1"},
				"south": {"uv": [7.5, 2, 7.875, 2.125], "texture": "#1"},
				"west": {"uv": [7, 5.25, 7.5, 5.375], "texture": "#1"},
				"up": {"uv": [5.625, 5.5, 5.25, 5], "texture": "#1"},
				"down": {"uv": [5.875, 2.5, 5.5, 3], "texture": "#1"}
			}
		},
		{
			"from": [6.8, -7.8, 6.3],
			"to": [8.2, -7.3, 6.7],
			"faces": {
				"north": {"uv": [7.5, 2.25, 7.875, 2.375], "texture": "#1"},
				"east": {"uv": [3.75, 8.5, 3.875, 8.625], "texture": "#1"},
				"south": {"uv": [7.5, 2.5, 7.875, 2.625], "texture": "#1"},
				"west": {"uv": [8.5, 3.75, 8.625, 3.875], "texture": "#1"},
				"up": {"uv": [7.875, 3.125, 7.5, 3], "texture": "#1"},
				"down": {"uv": [7.875, 3.25, 7.5, 3.375], "texture": "#1"}
			}
		},
		{
			"from": [-0.7, -1.05, 8.5],
			"to": [0.7, -0.35, 11],
			"rotation": {"angle": 22.5, "axis": "y", "origin": [-0.5, 1, 0.1]},
			"faces": {
				"north": {"uv": [3.5, 7.5, 3.875, 7.625], "texture": "#1"},
				"east": {"uv": [6.75, 6.5, 7.375, 6.625], "texture": "#1"},
				"south": {"uv": [7.5, 3.5, 7.875, 3.625], "texture": "#1"},
				"west": {"uv": [7, 1, 7.625, 1.125], "texture": "#1"},
				"up": {"uv": [4.875, 2.375, 4.5, 1.75], "texture": "#1"},
				"down": {"uv": [4.875, 3, 4.5, 3.625], "texture": "#1"}
			}
		},
		{
			"from": [6.8, -8.9, 6.3],
			"to": [8.2, -8.4, 6.7],
			"faces": {
				"north": {"uv": [7.5, 4, 7.875, 4.125], "texture": "#1"},
				"east": {"uv": [4, 8.5, 4.125, 8.625], "texture": "#1"},
				"south": {"uv": [4.25, 7.5, 4.625, 7.625], "texture": "#1"},
				"west": {"uv": [8.5, 4, 8.625, 4.125], "texture": "#1"},
				"up": {"uv": [7.875, 4.375, 7.5, 4.25], "texture": "#1"},
				"down": {"uv": [5.125, 7.5, 4.75, 7.625], "texture": "#1"}
			}
		},
		{
			"from": [6.8, -10.2, 6.3],
			"to": [8.2, -9.7, 6.7],
			"faces": {
				"north": {"uv": [7.5, 5, 7.875, 5.125], "texture": "#1"},
				"east": {"uv": [4.25, 8.5, 4.375, 8.625], "texture": "#1"},
				"south": {"uv": [5.25, 7.5, 5.625, 7.625], "texture": "#1"},
				"west": {"uv": [8.5, 4.25, 8.625, 4.375], "texture": "#1"},
				"up": {"uv": [7.875, 5.375, 7.5, 5.25], "texture": "#1"},
				"down": {"uv": [7.875, 5.5, 7.5, 5.625], "texture": "#1"}
			}
		},
		{
			"from": [6.9, -11.4, 6.3],
			"to": [8.1, -10.9, 6.7],
			"faces": {
				"north": {"uv": [8.25, 1, 8.5, 1.125], "texture": "#1"},
				"east": {"uv": [4.5, 8.5, 4.625, 8.625], "texture": "#1"},
				"south": {"uv": [1.25, 8.25, 1.5, 8.375], "texture": "#1"},
				"west": {"uv": [8.5, 4.5, 8.625, 4.625], "texture": "#1"},
				"up": {"uv": [8.5, 1.375, 8.25, 1.25], "texture": "#1"},
				"down": {"uv": [1.75, 8.25, 1.5, 8.375], "texture": "#1"}
			}
		},
		{
			"from": [8.7, -6.4, 6.3],
			"to": [9.2, -5.5, 6.7],
			"faces": {
				"north": {"uv": [8.25, 1.5, 8.375, 1.75], "texture": "#1"},
				"east": {"uv": [1.75, 8.25, 1.875, 8.5], "texture": "#1"},
				"south": {"uv": [8.25, 1.75, 8.375, 2], "texture": "#1"},
				"west": {"uv": [2, 8.25, 2.125, 8.5], "texture": "#1"},
				"up": {"uv": [4.875, 8.625, 4.75, 8.5], "texture": "#1"},
				"down": {"uv": [8.625, 4.75, 8.5, 4.875], "texture": "#1"}
			}
		},
		{
			"from": [5.8, -6.4, 6.3],
			"to": [6.3, -5.5, 6.7],
			"faces": {
				"north": {"uv": [8.25, 2, 8.375, 2.25], "texture": "#1"},
				"east": {"uv": [2.25, 8.25, 2.375, 8.5], "texture": "#1"},
				"south": {"uv": [8.25, 2.25, 8.375, 2.5], "texture": "#1"},
				"west": {"uv": [2.5, 8.25, 2.625, 8.5], "texture": "#1"},
				"up": {"uv": [5.125, 8.625, 5, 8.5], "texture": "#1"},
				"down": {"uv": [8.625, 5, 8.5, 5.125], "texture": "#1"}
			}
		},
		{
			"from": [5.8, -5.2, 6.3],
			"to": [6.3, -4.2, 6.7],
			"faces": {
				"north": {"uv": [8.25, 2.5, 8.375, 2.75], "texture": "#1"},
				"east": {"uv": [2.75, 8.25, 2.875, 8.5], "texture": "#1"},
				"south": {"uv": [8.25, 2.75, 8.375, 3], "texture": "#1"},
				"west": {"uv": [3, 8.25, 3.125, 8.5], "texture": "#1"},
				"up": {"uv": [5.375, 8.625, 5.25, 8.5], "texture": "#1"},
				"down": {"uv": [8.625, 5.25, 8.5, 5.375], "texture": "#1"}
			}
		},
		{
			"from": [8.8, -5.2, 6.3],
			"to": [9.3, -4.2, 6.7],
			"faces": {
				"north": {"uv": [8.25, 3, 8.375, 3.25], "texture": "#1"},
				"east": {"uv": [3.25, 8.25, 3.375, 8.5], "texture": "#1"},
				"south": {"uv": [8.25, 3.25, 8.375, 3.5], "texture": "#1"},
				"west": {"uv": [3.5, 8.25, 3.625, 8.5], "texture": "#1"},
				"up": {"uv": [5.625, 8.625, 5.5, 8.5], "texture": "#1"},
				"down": {"uv": [8.625, 5.5, 8.5, 5.625], "texture": "#1"}
			}
		},
		{
			"from": [6.1, 10.7, 6.03],
			"to": [7.3, 11.5, 6.33],
			"rotation": {"angle": 0, "axis": "y", "origin": [-1.4, 5.7, 0]},
			"faces": {
				"north": {"uv": [7, 5.5, 7.25, 5.75], "texture": "#1"},
				"east": {"uv": [8.25, 3.5, 8.375, 3.75], "texture": "#1"},
				"south": {"uv": [7, 5.75, 7.25, 6], "texture": "#1"},
				"west": {"uv": [3.75, 8.25, 3.875, 8.5], "texture": "#1"},
				"up": {"uv": [8.5, 3.875, 8.25, 3.75], "texture": "#1"},
				"down": {"uv": [4.25, 8.25, 4, 8.375], "texture": "#1"}
			}
		},
		{
			"from": [6.1, 6.6, 7.1],
			"to": [7.3, 8.5, 7.7],
			"rotation": {"angle": -22.5, "axis": "x", "origin": [-1.4, 5.7, 0]},
			"faces": {
				"north": {"uv": [0.75, 6, 1, 6.5], "texture": "#1"},
				"east": {"uv": [7, 6, 7.125, 6.5], "texture": "#1"},
				"south": {"uv": [1, 6, 1.25, 6.5], "texture": "#1"},
				"west": {"uv": [6.5, 7, 6.625, 7.5], "texture": "#1"},
				"up": {"uv": [8.5, 4.125, 8.25, 4], "texture": "#1"},
				"down": {"uv": [4.5, 8.25, 4.25, 8.375], "texture": "#1"}
			}
		},
		{
			"from": [6.1, 12.7, 3.03],
			"to": [7.3, 14.6, 3.63],
			"rotation": {"angle": 22.5, "axis": "x", "origin": [-1.4, 5.7, 0]},
			"faces": {
				"north": {"uv": [1.5, 6, 1.75, 6.5], "texture": "#1"},
				"east": {"uv": [6.75, 7, 6.875, 7.5], "texture": "#1"},
				"south": {"uv": [1.75, 6, 2, 6.5], "texture": "#1"},
				"west": {"uv": [7, 7, 7.125, 7.5], "texture": "#1"},
				"up": {"uv": [8.5, 4.375, 8.25, 4.25], "texture": "#1"},
				"down": {"uv": [4.75, 8.25, 4.5, 8.375], "texture": "#1"}
			}
		},
		{
			"from": [6.9, -0.1, 6.03],
			"to": [8.1, 0.7, 6.33],
			"rotation": {"angle": 0, "axis": "y", "origin": [-0.6, -5.1, 0]},
			"faces": {
				"north": {"uv": [0, 7.25, 0.25, 7.5], "texture": "#1"},
				"east": {"uv": [8.25, 4.5, 8.375, 4.75], "texture": "#1"},
				"south": {"uv": [7.25, 0, 7.5, 0.25], "texture": "#1"},
				"west": {"uv": [4.75, 8.25, 4.875, 8.5], "texture": "#1"},
				"up": {"uv": [8.5, 4.875, 8.25, 4.75], "texture": "#1"},
				"down": {"uv": [5.25, 8.25, 5, 8.375], "texture": "#1"}
			}
		},
		{
			"from": [6.9, -4.2, 7.1],
			"to": [8.1, -2.3, 7.7],
			"rotation": {"angle": -22.5, "axis": "x", "origin": [-0.6, -5.1, 0]},
			"faces": {
				"north": {"uv": [6, 1.75, 6.25, 2.25], "texture": "#1"},
				"east": {"uv": [0.25, 7.25, 0.375, 7.75], "texture": "#1"},
				"south": {"uv": [2, 6, 2.25, 6.5], "texture": "#1"},
				"west": {"uv": [7.25, 0.25, 7.375, 0.75], "texture": "#1"},
				"up": {"uv": [8.5, 5.125, 8.25, 5], "texture": "#1"},
				"down": {"uv": [5.5, 8.25, 5.25, 8.375], "texture": "#1"}
			}
		},
		{
			"from": [6.9, 1.9, 3.03],
			"to": [8.1, 3.8, 3.63],
			"rotation": {"angle": 22.5, "axis": "x", "origin": [-0.6, -5.1, 0]},
			"faces": {
				"north": {"uv": [6, 2.25, 6.25, 2.75], "texture": "#1"},
				"east": {"uv": [0.5, 7.25, 0.625, 7.75], "texture": "#1"},
				"south": {"uv": [2.75, 6, 3, 6.5], "texture": "#1"},
				"west": {"uv": [0.75, 7.25, 0.875, 7.75], "texture": "#1"},
				"up": {"uv": [8.5, 5.375, 8.25, 5.25], "texture": "#1"},
				"down": {"uv": [5.75, 8.25, 5.5, 8.375], "texture": "#1"}
			}
		},
		{
			"from": [7.5, 14.6, 6.23],
			"to": [8.7, 15.4, 6.53],
			"rotation": {"angle": 0, "axis": "y", "origin": [0, 9.6, 0.2]},
			"faces": {
				"north": {"uv": [7.25, 0.75, 7.5, 1], "texture": "#1"},
				"east": {"uv": [8.25, 5.5, 8.375, 5.75], "texture": "#1"},
				"south": {"uv": [1, 7.25, 1.25, 7.5], "texture": "#1"},
				"west": {"uv": [5.75, 8.25, 5.875, 8.5], "texture": "#1"},
				"up": {"uv": [8.5, 5.875, 8.25, 5.75], "texture": "#1"},
				"down": {"uv": [6.25, 8.25, 6, 8.375], "texture": "#1"}
			}
		},
		{
			"from": [7.5, 11, 7.3],
			"to": [8.7, 12.4, 7.9],
			"rotation": {"angle": -22.5, "axis": "x", "origin": [0, 9.6, 0.2]},
			"faces": {
				"north": {"uv": [6.75, 2.5, 7, 2.875], "texture": "#1"},
				"east": {"uv": [6.25, 7.25, 6.375, 7.625], "texture": "#1"},
				"south": {"uv": [2.75, 6.75, 3, 7.125], "texture": "#1"},
				"west": {"uv": [0, 7.5, 0.125, 7.875], "texture": "#1"},
				"up": {"uv": [8.5, 6.125, 8.25, 6], "texture": "#1"},
				"down": {"uv": [6.5, 8.25, 6.25, 8.375], "texture": "#1"}
			}
		},
		{
			"from": [7.5, 16.6, 3.23],
			"to": [8.7, 18, 3.83],
			"rotation": {"angle": 22.5, "axis": "x", "origin": [0, 9.6, 0.2]},
			"faces": {
				"north": {"uv": [3, 6.75, 3.25, 7.125], "texture": "#1"},
				"east": {"uv": [1, 7.5, 1.125, 7.875], "texture": "#1"},
				"south": {"uv": [3.25, 6.75, 3.5, 7.125], "texture": "#1"},
				"west": {"uv": [2.5, 7.5, 2.625, 7.875], "texture": "#1"},
				"up": {"uv": [8.5, 6.375, 8.25, 6.25], "texture": "#1"},
				"down": {"uv": [6.75, 8.25, 6.5, 8.375], "texture": "#1"}
			}
		},
		{
			"from": [6.4, 14.8, 4.6],
			"to": [7.6, 16.2, 5.2],
			"rotation": {"angle": 22.5, "axis": "x", "origin": [0, 9.6, 0.2]},
			"faces": {
				"north": {"uv": [3.5, 6.75, 3.75, 7.125], "texture": "#1"},
				"east": {"uv": [5.75, 7.5, 5.875, 7.875], "texture": "#1"},
				"south": {"uv": [6.75, 3.75, 7, 4.125], "texture": "#1"},
				"west": {"uv": [7.5, 5.75, 7.625, 6.125], "texture": "#1"},
				"up": {"uv": [8.5, 6.625, 8.25, 6.5], "texture": "#1"},
				"down": {"uv": [7, 8.25, 6.75, 8.375], "texture": "#1"}
			}
		},
		{
			"from": [6.4, 10.7, 7.8],
			"to": [7.6, 12.1, 8.4],
			"rotation": {"angle": -22.5, "axis": "x", "origin": [0, 9.6, 0.2]},
			"faces": {
				"north": {"uv": [4.5, 6.75, 4.75, 7.125], "texture": "#1"},
				"east": {"uv": [7.5, 6.25, 7.625, 6.625], "texture": "#1"},
				"south": {"uv": [4.75, 6.75, 5, 7.125], "texture": "#1"},
				"west": {"uv": [6.5, 7.5, 6.625, 7.875], "texture": "#1"},
				"up": {"uv": [8.5, 6.875, 8.25, 6.75], "texture": "#1"},
				"down": {"uv": [7.25, 8.25, 7, 8.375], "texture": "#1"}
			}
		},
		{
			"from": [7.3, 7.5, 7.9],
			"to": [8.5, 9.2, 8.5],
			"rotation": {"angle": -22.5, "axis": "x", "origin": [0.9, 6.4, 0.3]},
			"faces": {
				"north": {"uv": [5, 6.75, 5.25, 7.125], "texture": "#1"},
				"east": {"uv": [6.75, 7.5, 6.875, 7.875], "texture": "#1"},
				"south": {"uv": [5.25, 6.75, 5.5, 7.125], "texture": "#1"},
				"west": {"uv": [7, 7.5, 7.125, 7.875], "texture": "#1"},
				"up": {"uv": [8.5, 7.125, 8.25, 7], "texture": "#1"},
				"down": {"uv": [7.5, 8.25, 7.25, 8.375], "texture": "#1"}
			}
		},
		{
			"from": [7.3, 11.2, 4.7],
			"to": [8.5, 13, 5.3],
			"rotation": {"angle": 22.5, "axis": "x", "origin": [0.9, 6.4, 0.3]},
			"faces": {
				"north": {"uv": [6, 2.75, 6.25, 3.25], "texture": "#1"},
				"east": {"uv": [1.25, 7.25, 1.375, 7.75], "texture": "#1"},
				"south": {"uv": [3, 6, 3.25, 6.5], "texture": "#1"},
				"west": {"uv": [7.25, 1.25, 7.375, 1.75], "texture": "#1"},
				"up": {"uv": [8.5, 7.375, 8.25, 7.25], "texture": "#1"},
				"down": {"uv": [7.75, 8.25, 7.5, 8.375], "texture": "#1"}
			}
		},
		{
			"from": [6.3, 3.1, 7.9],
			"to": [7.5, 4.8, 8.5],
			"rotation": {"angle": -22.5, "axis": "x", "origin": [-0.1, 2, 0.3]},
			"faces": {
				"north": {"uv": [5.5, 6.75, 5.75, 7.125], "texture": "#1"},
				"east": {"uv": [7.25, 7.5, 7.375, 7.875], "texture": "#1"},
				"south": {"uv": [5.75, 6.75, 6, 7.125], "texture": "#1"},
				"west": {"uv": [7.5, 7.5, 7.625, 7.875], "texture": "#1"},
				"up": {"uv": [8.5, 7.625, 8.25, 7.5], "texture": "#1"},
				"down": {"uv": [8, 8.25, 7.75, 8.375], "texture": "#1"}
			}
		},
		{
			"from": [6.3, 6.8, 4.7],
			"to": [7.5, 8.6, 5.3],
			"rotation": {"angle": 22.5, "axis": "x", "origin": [-0.1, 2, 0.3]},
			"faces": {
				"north": {"uv": [3.25, 6, 3.5, 6.5], "texture": "#1"},
				"east": {"uv": [1.5, 7.25, 1.625, 7.75], "texture": "#1"},
				"south": {"uv": [6, 3.25, 6.25, 3.75], "texture": "#1"},
				"west": {"uv": [1.75, 7.25, 1.875, 7.75], "texture": "#1"},
				"up": {"uv": [8.5, 7.875, 8.25, 7.75], "texture": "#1"},
				"down": {"uv": [8.25, 8.25, 8, 8.375], "texture": "#1"}
			}
		},
		{
			"from": [6.9, -4.7, 7.9],
			"to": [8.1, -3, 8.5],
			"rotation": {"angle": -22.5, "axis": "x", "origin": [0.5, -5.8, 0.3]},
			"faces": {
				"north": {"uv": [6, 6.75, 6.25, 7.125], "texture": "#1"},
				"east": {"uv": [0.25, 7.75, 0.375, 8.125], "texture": "#1"},
				"south": {"uv": [6.25, 6.75, 6.5, 7.125], "texture": "#1"},
				"west": {"uv": [0.5, 7.75, 0.625, 8.125], "texture": "#1"},
				"up": {"uv": [8.5, 8.125, 8.25, 8], "texture": "#1"},
				"down": {"uv": [8.5, 8.25, 8.25, 8.375], "texture": "#1"}
			}
		},
		{
			"from": [6.9, -1, 4.7],
			"to": [8.1, 0.8, 5.3],
			"rotation": {"angle": 22.5, "axis": "x", "origin": [0.5, -5.8, 0.3]},
			"faces": {
				"north": {"uv": [6, 3.75, 6.25, 4.25], "texture": "#1"},
				"east": {"uv": [7.25, 1.75, 7.375, 2.25], "texture": "#1"},
				"south": {"uv": [4.25, 6, 4.5, 6.5], "texture": "#1"},
				"west": {"uv": [7.25, 2.25, 7.375, 2.75], "texture": "#1"},
				"up": {"uv": [0.25, 8.625, 0, 8.5], "texture": "#1"},
				"down": {"uv": [8.75, 0, 8.5, 0.125], "texture": "#1"}
			}
		},
		{
			"from": [9.8, -5.2, 6.3],
			"to": [10.3, -3.8, 6.7],
			"faces": {
				"north": {"uv": [0.75, 7.75, 0.875, 8.125], "texture": "#1"},
				"east": {"uv": [1.25, 7.75, 1.375, 8.125], "texture": "#1"},
				"south": {"uv": [1.5, 7.75, 1.625, 8.125], "texture": "#1"},
				"west": {"uv": [1.75, 7.75, 1.875, 8.125], "texture": "#1"},
				"up": {"uv": [5.875, 8.625, 5.75, 8.5], "texture": "#1"},
				"down": {"uv": [8.625, 5.75, 8.5, 5.875], "texture": "#1"}
			}
		},
		{
			"from": [4.8, -5.2, 6.3],
			"to": [5.3, -3.8, 6.7],
			"faces": {
				"north": {"uv": [2, 7.75, 2.125, 8.125], "texture": "#1"},
				"east": {"uv": [2.25, 7.75, 2.375, 8.125], "texture": "#1"},
				"south": {"uv": [2.75, 7.75, 2.875, 8.125], "texture": "#1"},
				"west": {"uv": [3, 7.75, 3.125, 8.125], "texture": "#1"},
				"up": {"uv": [6.125, 8.625, 6, 8.5], "texture": "#1"},
				"down": {"uv": [8.625, 6, 8.5, 6.125], "texture": "#1"}
			}
		},
		{
			"from": [5.4, -0.9, 6.3],
			"to": [5.9, 0.5, 6.7],
			"rotation": {"angle": -45, "axis": "z", "origin": [0, 0, 0]},
			"faces": {
				"north": {"uv": [3.25, 7.75, 3.375, 8.125], "texture": "#1"},
				"east": {"uv": [3.5, 7.75, 3.625, 8.125], "texture": "#1"},
				"south": {"uv": [3.75, 7.75, 3.875, 8.125], "texture": "#1"},
				"west": {"uv": [4, 7.75, 4.125, 8.125], "texture": "#1"},
				"up": {"uv": [6.375, 8.625, 6.25, 8.5], "texture": "#1"},
				"down": {"uv": [8.625, 6.25, 8.5, 6.375], "texture": "#1"}
			}
		}
	],
	"display": {
		"thirdperson_righthand": {
			"rotation": [0, 90, 0],
			"translation": [1.25, 15.5, 0.25]
		},
		"thirdperson_lefthand": {
			"rotation": [0, 90, 180],
			"translation": [0.75, -16.25, 0],
			"scale": [0.96, 0.96, 0.96]
		},
		"firstperson_righthand": {
			"rotation": [0, 90, -2],
			"translation": [0, 14, 0]
		},
		"firstperson_lefthand": {
			"rotation": [0, 90, 167],
			"translation": [2, -12, 3.75]
		},
		"ground": {
			"rotation": [90, 0, 0],
			"translation": [0, 0, 2]
		},
		"gui": {
			"rotation": [0, 0, 43],
			"translation": [-1.25, 2, 0],
			"scale": [0.55, 0.55, 0.55]
		},
		"head": {
			"translation": [0.5, 31, 1.5]
		},
		"fixed": {
			"rotation": [0, 0, 180],
			"translation": [0, -7.75, 1.75],
			"scale": [2, 2, 2]
		}
	},
	"groups": [
		{
			"name": "group",
			"origin": [8, 8, 8],
			"color": 0,
			"children": [
				0,
				1,
				2,
				3,
				4,
				5,
				6,
				7,
				8,
				9,
				10,
				11,
				12,
				13,
				14,
				15,
				16,
				17,
				18,
				19,
				20,
				21,
				22,
				23,
				24,
				25,
				26,
				27,
				28,
				29,
				30,
				31,
				32,
				33,
				34,
				35,
				36,
				37,
				38,
				39,
				40,
				41,
				42,
				43,
				44,
				45,
				46,
				47,
				48,
				49,
				50,
				51,
				52,
				53,
				54,
				55,
				56,
				57,
				58,
				59,
				60,
				61,
				62,
				63,
				64,
				65,
				66,
				67,
				68,
				69,
				70,
				71,
				72,
				73,
				74,
				75,
				76,
				77,
				78,
				79,
				80,
				81
			]
		}
	]
}