{
	"credit": "Made with Blockbench",
	"textures": {
		"0": "item/dark_repulsor",
		"particle": "item/dark_repulsor"
	},
	"elements": [
		{
			"name": "Layer 1_0",
			"from": [7.875, 9.375, 7.9375],
			"to": [8, 15.125, 8.1875],
			"faces": {
				"north": {"uv": [8, 0.875, 7.875, 6.625], "texture": "#0"},
				"east": {"uv": [7.875, 0.875, 8, 6.625], "texture": "#0"},
				"south": {"uv": [7.875, 0.875, 8, 6.625], "texture": "#0"},
				"west": {"uv": [7.875, 0.875, 8, 6.625], "texture": "#0"},
				"up": {"uv": [7.875, 0.875, 8, 1], "texture": "#0"}
			}
		},
		{
			"name": "Layer 1_1",
			"from": [7.75, 9.25, 7.9375],
			"to": [7.875, 14.75, 8.1875],
			"faces": {
				"north": {"uv": [7.875, 1.25, 7.75, 6.75], "texture": "#0"},
				"south": {"uv": [7.75, 1.25, 7.875, 6.75], "texture": "#0"},
				"west": {"uv": [7.75, 1.25, 7.875, 6.75], "texture": "#0"},
				"up": {"uv": [7.75, 1.25, 7.875, 1.375], "texture": "#0"}
			}
		},
		{
			"name": "Layer 1_2",
			"from": [8, 9.25, 7.9375],
			"to": [8.125, 14.75, 8.1875],
			"faces": {
				"north": {"uv": [8.125, 1.25, 8, 6.75], "texture": "#0"},
				"east": {"uv": [8, 1.25, 8.125, 6.75], "texture": "#0"},
				"south": {"uv": [8, 1.25, 8.125, 6.75], "texture": "#0"},
				"up": {"uv": [8, 1.25, 8.125, 1.375], "texture": "#0"}
			}
		},
		{
			"name": "Layer 1_3",
			"from": [7.625, 14, 7.9375],
			"to": [7.75, 14.375, 8.1875],
			"faces": {
				"north": {"uv": [7.75, 1.625, 7.625, 2], "texture": "#0"},
				"south": {"uv": [7.625, 1.625, 7.75, 2], "texture": "#0"},
				"west": {"uv": [7.625, 1.625, 7.75, 2], "texture": "#0"},
				"up": {"uv": [7.625, 1.625, 7.75, 1.75], "texture": "#0"},
				"down": {"uv": [7.625, 1.875, 7.75, 2], "texture": "#0"}
			}
		},
		{
			"name": "Layer 1_4",
			"from": [8.125, 14, 7.9375],
			"to": [8.25, 14.375, 8.1875],
			"faces": {
				"north": {"uv": [8.25, 1.625, 8.125, 2], "texture": "#0"},
				"east": {"uv": [8.125, 1.625, 8.25, 2], "texture": "#0"},
				"south": {"uv": [8.125, 1.625, 8.25, 2], "texture": "#0"},
				"up": {"uv": [8.125, 1.625, 8.25, 1.75], "texture": "#0"},
				"down": {"uv": [8.125, 1.875, 8.25, 2], "texture": "#0"}
			}
		},
		{
			"name": "Layer 1_5",
			"from": [7.625, 6.375, 7.9375],
			"to": [7.75, 7.75, 8.1875],
			"faces": {
				"north": {"uv": [7.75, 8.25, 7.625, 9.625], "texture": "#0"},
				"south": {"uv": [7.625, 8.25, 7.75, 9.625], "texture": "#0"},
				"west": {"uv": [7.625, 8.25, 7.75, 9.625], "texture": "#0"},
				"up": {"uv": [7.625, 8.25, 7.75, 8.375], "texture": "#0"},
				"down": {"uv": [7.625, 9.5, 7.75, 9.625], "texture": "#0"}
			}
		},
		{
			"name": "Layer 1_6",
			"from": [8.125, 6.375, 7.9375],
			"to": [8.25, 7.75, 8.1875],
			"faces": {
				"north": {"uv": [8.25, 8.25, 8.125, 9.625], "texture": "#0"},
				"east": {"uv": [8.125, 8.25, 8.25, 9.625], "texture": "#0"},
				"south": {"uv": [8.125, 8.25, 8.25, 9.625], "texture": "#0"},
				"up": {"uv": [8.125, 8.25, 8.25, 8.375], "texture": "#0"},
				"down": {"uv": [8.125, 9.5, 8.25, 9.625], "texture": "#0"}
			}
		},
		{
			"name": "Layer 1_7",
			"from": [7.5, 6.5, 7.9375],
			"to": [7.625, 7, 8.1875],
			"faces": {
				"north": {"uv": [7.625, 9, 7.5, 9.5], "texture": "#0"},
				"south": {"uv": [7.5, 9, 7.625, 9.5], "texture": "#0"},
				"west": {"uv": [7.5, 9, 7.625, 9.5], "texture": "#0"},
				"up": {"uv": [7.5, 9, 7.625, 9.125], "texture": "#0"},
				"down": {"uv": [7.5, 9.375, 7.625, 9.5], "texture": "#0"}
			}
		},
		{
			"name": "Layer 1_8",
			"from": [8.25, 6.5, 7.9375],
			"to": [8.375, 7, 8.1875],
			"faces": {
				"north": {"uv": [8.375, 9, 8.25, 9.5], "texture": "#0"},
				"east": {"uv": [8.25, 9, 8.375, 9.5], "texture": "#0"},
				"south": {"uv": [8.25, 9, 8.375, 9.5], "texture": "#0"},
				"up": {"uv": [8.25, 9, 8.375, 9.125], "texture": "#0"},
				"down": {"uv": [8.25, 9.375, 8.375, 9.5], "texture": "#0"}
			}
		},
		{
			"name": "Layer 1_9",
			"from": [7.625, 5.875, 7.9375],
			"to": [7.75, 6.125, 8.1875],
			"faces": {
				"north": {"uv": [7.75, 9.875, 7.625, 10.125], "texture": "#0"},
				"south": {"uv": [7.625, 9.875, 7.75, 10.125], "texture": "#0"},
				"west": {"uv": [7.625, 9.875, 7.75, 10.125], "texture": "#0"},
				"up": {"uv": [7.625, 9.875, 7.75, 10], "texture": "#0"}
			}
		},
		{
			"name": "Layer 1_10",
			"from": [8.125, 5.875, 7.9375],
			"to": [8.25, 6.125, 8.1875],
			"faces": {
				"north": {"uv": [8.25, 9.875, 8.125, 10.125], "texture": "#0"},
				"east": {"uv": [8.125, 9.875, 8.25, 10.125], "texture": "#0"},
				"south": {"uv": [8.125, 9.875, 8.25, 10.125], "texture": "#0"},
				"up": {"uv": [8.125, 9.875, 8.25, 10], "texture": "#0"}
			}
		},
		{
			"name": "Layer 1_11",
			"from": [7.5, 5.625, 7.9375],
			"to": [7.625, 5.875, 8.1875],
			"faces": {
				"north": {"uv": [7.625, 10.125, 7.5, 10.375], "texture": "#0"},
				"south": {"uv": [7.5, 10.125, 7.625, 10.375], "texture": "#0"},
				"west": {"uv": [7.5, 10.125, 7.625, 10.375], "texture": "#0"},
				"up": {"uv": [7.5, 10.125, 7.625, 10.25], "texture": "#0"}
			}
		},
		{
			"name": "Layer 1_12",
			"from": [8.25, 5.625, 7.9375],
			"to": [8.375, 5.875, 8.1875],
			"faces": {
				"north": {"uv": [8.375, 10.125, 8.25, 10.375], "texture": "#0"},
				"east": {"uv": [8.25, 10.125, 8.375, 10.375], "texture": "#0"},
				"south": {"uv": [8.25, 10.125, 8.375, 10.375], "texture": "#0"},
				"up": {"uv": [8.25, 10.125, 8.375, 10.25], "texture": "#0"}
			}
		},
		{
			"name": "Layer 1_13",
			"from": [7.375, 5.125, 7.9375],
			"to": [7.5, 5.75, 8.1875],
			"faces": {
				"north": {"uv": [7.5, 10.25, 7.375, 10.875], "texture": "#0"},
				"south": {"uv": [7.375, 10.25, 7.5, 10.875], "texture": "#0"},
				"west": {"uv": [7.375, 10.25, 7.5, 10.875], "texture": "#0"},
				"up": {"uv": [7.375, 10.25, 7.5, 10.375], "texture": "#0"},
				"down": {"uv": [7.375, 10.75, 7.5, 10.875], "texture": "#0"}
			}
		},
		{
			"name": "Layer 1_14",
			"from": [8.375, 5.125, 7.9375],
			"to": [8.5, 5.75, 8.1875],
			"faces": {
				"north": {"uv": [8.5, 10.25, 8.375, 10.875], "texture": "#0"},
				"east": {"uv": [8.375, 10.25, 8.5, 10.875], "texture": "#0"},
				"south": {"uv": [8.375, 10.25, 8.5, 10.875], "texture": "#0"},
				"up": {"uv": [8.375, 10.25, 8.5, 10.375], "texture": "#0"},
				"down": {"uv": [8.375, 10.75, 8.5, 10.875], "texture": "#0"}
			}
		},
		{
			"name": "Layer 1_15",
			"from": [7.25, 5.375, 7.9375],
			"to": [7.375, 5.625, 8.1875],
			"faces": {
				"north": {"uv": [7.375, 10.375, 7.25, 10.625], "texture": "#0"},
				"south": {"uv": [7.25, 10.375, 7.375, 10.625], "texture": "#0"},
				"west": {"uv": [7.25, 10.375, 7.375, 10.625], "texture": "#0"},
				"up": {"uv": [7.25, 10.375, 7.375, 10.5], "texture": "#0"},
				"down": {"uv": [7.25, 10.5, 7.375, 10.625], "texture": "#0"}
			}
		},
		{
			"name": "Layer 1_16",
			"from": [8.5, 5.375, 7.9375],
			"to": [8.625, 5.625, 8.1875],
			"faces": {
				"north": {"uv": [8.625, 10.375, 8.5, 10.625], "texture": "#0"},
				"east": {"uv": [8.5, 10.375, 8.625, 10.625], "texture": "#0"},
				"south": {"uv": [8.5, 10.375, 8.625, 10.625], "texture": "#0"},
				"up": {"uv": [8.5, 10.375, 8.625, 10.5], "texture": "#0"},
				"down": {"uv": [8.5, 10.5, 8.625, 10.625], "texture": "#0"}
			}
		},
		{
			"name": "Layer 1_17",
			"from": [7.5, 5.25, 7.9375],
			"to": [7.625, 5.5, 8.1875],
			"faces": {
				"north": {"uv": [7.625, 10.5, 7.5, 10.75], "texture": "#0"},
				"south": {"uv": [7.5, 10.5, 7.625, 10.75], "texture": "#0"}
			}
		},
		{
			"name": "Layer 1_18",
			"from": [8.25, 5.25, 7.9375],
			"to": [8.375, 5.5, 8.1875],
			"faces": {
				"north": {"uv": [8.375, 10.5, 8.25, 10.75], "texture": "#0"},
				"south": {"uv": [8.25, 10.5, 8.375, 10.75], "texture": "#0"}
			}
		},
		{
			"name": "Layer 1_19",
			"from": [7.5, 5, 7.9375],
			"to": [7.625, 5.125, 8.1875],
			"faces": {
				"north": {"uv": [7.625, 10.875, 7.5, 11], "texture": "#0"},
				"south": {"uv": [7.5, 10.875, 7.625, 11], "texture": "#0"},
				"west": {"uv": [7.5, 10.875, 7.625, 11], "texture": "#0"},
				"down": {"uv": [7.5, 10.875, 7.625, 11], "texture": "#0"}
			}
		},
		{
			"name": "Layer 1_20",
			"from": [8.25, 5, 7.9375],
			"to": [8.375, 5.125, 8.1875],
			"faces": {
				"north": {"uv": [8.375, 10.875, 8.25, 11], "texture": "#0"},
				"east": {"uv": [8.25, 10.875, 8.375, 11], "texture": "#0"},
				"south": {"uv": [8.25, 10.875, 8.375, 11], "texture": "#0"},
				"down": {"uv": [8.25, 10.875, 8.375, 11], "texture": "#0"}
			}
		},
		{
			"name": "Layer 1_21",
			"from": [7.625, 4.875, 7.9375],
			"to": [7.75, 5, 8.1875],
			"faces": {
				"north": {"uv": [7.75, 11, 7.625, 11.125], "texture": "#0"},
				"south": {"uv": [7.625, 11, 7.75, 11.125], "texture": "#0"},
				"west": {"uv": [7.625, 11, 7.75, 11.125], "texture": "#0"},
				"down": {"uv": [7.625, 11, 7.75, 11.125], "texture": "#0"}
			}
		},
		{
			"name": "Layer 1_22",
			"from": [8.125, 4.875, 7.9375],
			"to": [8.25, 5, 8.1875],
			"faces": {
				"north": {"uv": [8.25, 11, 8.125, 11.125], "texture": "#0"},
				"east": {"uv": [8.125, 11, 8.25, 11.125], "texture": "#0"},
				"south": {"uv": [8.125, 11, 8.25, 11.125], "texture": "#0"},
				"down": {"uv": [8.125, 11, 8.25, 11.125], "texture": "#0"}
			}
		},
		{
			"name": "Layer 1_23",
			"from": [7.875, 3.875, 7.8125],
			"to": [8, 4.75, 8.3125],
			"faces": {
				"north": {"uv": [8, 11.25, 7.875, 12.125], "texture": "#0"},
				"east": {"uv": [7.875, 11.25, 8, 12.125], "texture": "#0"},
				"south": {"uv": [7.875, 11.25, 8, 12.125], "texture": "#0"},
				"west": {"uv": [7.875, 11.25, 8, 12.125], "texture": "#0"},
				"up": {"uv": [7.875, 11.25, 8, 11.375], "texture": "#0"},
				"down": {"uv": [7.875, 12, 8, 12.125], "texture": "#0"}
			}
		},
		{
			"name": "Layer 1_24",
			"from": [7.75, 4, 7.8125],
			"to": [7.875, 4.625, 8.3125],
			"faces": {
				"north": {"uv": [7.875, 11.375, 7.75, 12], "texture": "#0"},
				"south": {"uv": [7.75, 11.375, 7.875, 12], "texture": "#0"},
				"west": {"uv": [7.75, 11.375, 7.875, 12], "texture": "#0"},
				"up": {"uv": [7.75, 11.375, 7.875, 11.5], "texture": "#0"},
				"down": {"uv": [7.75, 11.875, 7.875, 12], "texture": "#0"}
			}
		},
		{
			"name": "Layer 1_25",
			"from": [8, 4, 7.8125],
			"to": [8.125, 4.625, 8.3125],
			"faces": {
				"north": {"uv": [8.125, 11.375, 8, 12], "texture": "#0"},
				"east": {"uv": [8, 11.375, 8.125, 12], "texture": "#0"},
				"south": {"uv": [8, 11.375, 8.125, 12], "texture": "#0"},
				"up": {"uv": [8, 11.375, 8.125, 11.5], "texture": "#0"},
				"down": {"uv": [8, 11.875, 8.125, 12], "texture": "#0"}
			}
		},
		{
			"name": "Layer 1_26",
			"from": [7.625, 4.125, 7.8125],
			"to": [7.75, 4.5, 8.3125],
			"faces": {
				"north": {"uv": [7.75, 11.5, 7.625, 11.875], "texture": "#0"},
				"south": {"uv": [7.625, 11.5, 7.75, 11.875], "texture": "#0"},
				"west": {"uv": [7.625, 11.5, 7.75, 11.875], "texture": "#0"},
				"up": {"uv": [7.625, 11.5, 7.75, 11.625], "texture": "#0"},
				"down": {"uv": [7.625, 11.75, 7.75, 11.875], "texture": "#0"}
			}
		},
		{
			"name": "Layer 1_27",
			"from": [8.125, 4.125, 7.8125],
			"to": [8.25, 4.5, 8.3125],
			"faces": {
				"north": {"uv": [8.25, 11.5, 8.125, 11.875], "texture": "#0"},
				"east": {"uv": [8.125, 11.5, 8.25, 11.875], "texture": "#0"},
				"south": {"uv": [8.125, 11.5, 8.25, 11.875], "texture": "#0"},
				"up": {"uv": [8.125, 11.5, 8.25, 11.625], "texture": "#0"},
				"down": {"uv": [8.125, 11.75, 8.25, 11.875], "texture": "#0"}
			}
		},
		{
			"name": "Layer 1_28",
			"from": [7.5, 4.25, 7.8125],
			"to": [7.625, 4.375, 8.3125],
			"faces": {
				"north": {"uv": [7.625, 11.625, 7.5, 11.75], "texture": "#0"},
				"south": {"uv": [7.5, 11.625, 7.625, 11.75], "texture": "#0"},
				"west": {"uv": [7.5, 11.625, 7.625, 11.75], "texture": "#0"},
				"up": {"uv": [7.5, 11.625, 7.625, 11.75], "texture": "#0"},
				"down": {"uv": [7.5, 11.625, 7.625, 11.75], "texture": "#0"}
			}
		},
		{
			"name": "Layer 1_29",
			"from": [8.25, 4.25, 7.8125],
			"to": [8.375, 4.375, 8.3125],
			"faces": {
				"north": {"uv": [8.375, 11.625, 8.25, 11.75], "texture": "#0"},
				"east": {"uv": [8.25, 11.625, 8.375, 11.75], "texture": "#0"},
				"south": {"uv": [8.25, 11.625, 8.375, 11.75], "texture": "#0"},
				"up": {"uv": [8.25, 11.625, 8.375, 11.75], "texture": "#0"},
				"down": {"uv": [8.25, 11.625, 8.375, 11.75], "texture": "#0"}
			}
		},
		{
			"name": "Layer 1_30",
			"from": [7.75, 1.25, 7.9375],
			"to": [7.875, 3.75, 8.1875],
			"faces": {
				"north": {"uv": [7.875, 12.25, 7.75, 14.75], "texture": "#0"},
				"east": {"uv": [7.75, 12.25, 7.875, 14.75], "texture": "#0"},
				"south": {"uv": [7.75, 12.25, 7.875, 14.75], "texture": "#0"},
				"west": {"uv": [7.75, 12.25, 7.875, 14.75], "texture": "#0"},
				"up": {"uv": [7.75, 12.25, 7.875, 12.375], "texture": "#0"}
			}
		},
		{
			"name": "Layer 1_31",
			"from": [8, 1.25, 7.9375],
			"to": [8.125, 3.75, 8.1875],
			"faces": {
				"north": {"uv": [8.125, 12.25, 8, 14.75], "texture": "#0"},
				"east": {"uv": [8, 12.25, 8.125, 14.75], "texture": "#0"},
				"south": {"uv": [8, 12.25, 8.125, 14.75], "texture": "#0"},
				"west": {"uv": [8, 12.25, 8.125, 14.75], "texture": "#0"},
				"up": {"uv": [8, 12.25, 8.125, 12.375], "texture": "#0"}
			}
		},
		{
			"name": "Layer 1_32",
			"from": [7.875, 1.25, 7.9375],
			"to": [8, 3.625, 8.1875],
			"faces": {
				"north": {"uv": [8, 12.375, 7.875, 14.75], "texture": "#0"},
				"south": {"uv": [7.875, 12.375, 8, 14.75], "texture": "#0"},
				"up": {"uv": [7.875, 12.375, 8, 12.5], "texture": "#0"}
			}
		},
		{
			"name": "Layer 1_33",
			"from": [7.75, 1, 7.9375],
			"to": [8.125, 1.125, 8.1875],
			"faces": {
				"north": {"uv": [8.125, 14.875, 7.75, 15], "texture": "#0"},
				"east": {"uv": [8, 14.875, 8.125, 15], "texture": "#0"},
				"south": {"uv": [7.75, 14.875, 8.125, 15], "texture": "#0"},
				"west": {"uv": [7.75, 14.875, 7.875, 15], "texture": "#0"}
			}
		},
		{
			"name": "Layer 2_0",
			"from": [7.625, 1.125, 7.875],
			"to": [8.25, 1.25, 8.25],
			"faces": {
				"north": {"uv": [8.25, 14.75, 7.625, 14.875], "texture": "#0"},
				"east": {"uv": [8.125, 14.75, 8.25, 14.875], "texture": "#0"},
				"south": {"uv": [7.625, 14.75, 8.25, 14.875], "texture": "#0"},
				"west": {"uv": [7.625, 14.75, 7.75, 14.875], "texture": "#0"},
				"up": {"uv": [7.625, 14.75, 8.25, 14.875], "texture": "#0"},
				"down": {"uv": [7.625, 14.75, 8.25, 14.875], "texture": "#0"}
			}
		},
		{
			"name": "Layer 2_1",
			"from": [7.625, 0.625, 7.875],
			"to": [8.25, 1, 8.25],
			"faces": {
				"north": {"uv": [8.25, 15, 7.625, 15.375], "texture": "#0"},
				"east": {"uv": [8.125, 15, 8.25, 15.375], "texture": "#0"},
				"south": {"uv": [7.625, 15, 8.25, 15.375], "texture": "#0"},
				"west": {"uv": [7.625, 15, 7.75, 15.375], "texture": "#0"},
				"up": {"uv": [7.625, 15, 8.25, 15.125], "texture": "#0"},
				"down": {"uv": [7.625, 15.25, 8.25, 15.375], "texture": "#0"}
			}
		},
		{
			"name": "Layer 2_2",
			"from": [7.75, 0.5, 7.875],
			"to": [8.125, 0.625, 8.25],
			"faces": {
				"north": {"uv": [8.125, 15.375, 7.75, 15.5], "texture": "#0"},
				"east": {"uv": [8, 15.375, 8.125, 15.5], "texture": "#0"},
				"south": {"uv": [7.75, 15.375, 8.125, 15.5], "texture": "#0"},
				"west": {"uv": [7.75, 15.375, 7.875, 15.5], "texture": "#0"},
				"down": {"uv": [7.75, 15.375, 8.125, 15.5], "texture": "#0"}
			}
		},
		{
			"name": "Layer 3_0",
			"from": [6.625, 4.125, 7.875],
			"to": [7.25, 4.5, 8.25],
			"faces": {
				"north": {"uv": [7.25, 11.5, 6.625, 11.875], "texture": "#0"},
				"east": {"uv": [7.125, 11.5, 7.25, 11.875], "texture": "#0"},
				"south": {"uv": [6.625, 11.5, 7.25, 11.875], "texture": "#0"},
				"west": {"uv": [6.625, 11.5, 6.75, 11.875], "texture": "#0"},
				"up": {"uv": [6.625, 11.5, 7.25, 11.625], "texture": "#0"},
				"down": {"uv": [6.625, 11.75, 7.25, 11.875], "texture": "#0"}
			}
		},
		{
			"name": "Layer 3_1",
			"from": [8.625, 4.125, 7.875],
			"to": [9.25, 4.5, 8.25],
			"faces": {
				"north": {"uv": [9.25, 11.5, 8.625, 11.875], "texture": "#0"},
				"east": {"uv": [9.125, 11.5, 9.25, 11.875], "texture": "#0"},
				"south": {"uv": [8.625, 11.5, 9.25, 11.875], "texture": "#0"},
				"west": {"uv": [8.625, 11.5, 8.75, 11.875], "texture": "#0"},
				"up": {"uv": [8.625, 11.5, 9.25, 11.625], "texture": "#0"},
				"down": {"uv": [8.625, 11.75, 9.25, 11.875], "texture": "#0"}
			}
		},
		{
			"name": "Layer 3_2",
			"from": [6.125, 4.25, 7.875],
			"to": [6.625, 4.375, 8.25],
			"faces": {
				"north": {"uv": [6.625, 11.625, 6.125, 11.75], "texture": "#0"},
				"south": {"uv": [6.125, 11.625, 6.625, 11.75], "texture": "#0"},
				"west": {"uv": [6.125, 11.625, 6.25, 11.75], "texture": "#0"},
				"up": {"uv": [6.125, 11.625, 6.625, 11.75], "texture": "#0"},
				"down": {"uv": [6.125, 11.625, 6.625, 11.75], "texture": "#0"}
			}
		},
		{
			"name": "Layer 3_3",
			"from": [7.25, 4.25, 7.875],
			"to": [7.375, 4.375, 8.25],
			"faces": {
				"north": {"uv": [7.375, 11.625, 7.25, 11.75], "texture": "#0"},
				"south": {"uv": [7.25, 11.625, 7.375, 11.75], "texture": "#0"},
				"up": {"uv": [7.25, 11.625, 7.375, 11.75], "texture": "#0"},
				"down": {"uv": [7.25, 11.625, 7.375, 11.75], "texture": "#0"}
			}
		},
		{
			"name": "Layer 3_4",
			"from": [8.5, 4.25, 7.875],
			"to": [8.625, 4.375, 8.25],
			"faces": {
				"north": {"uv": [8.625, 11.625, 8.5, 11.75], "texture": "#0"},
				"south": {"uv": [8.5, 11.625, 8.625, 11.75], "texture": "#0"},
				"up": {"uv": [8.5, 11.625, 8.625, 11.75], "texture": "#0"},
				"down": {"uv": [8.5, 11.625, 8.625, 11.75], "texture": "#0"}
			}
		},
		{
			"name": "Layer 3_5",
			"from": [9.25, 4.25, 7.875],
			"to": [9.75, 4.375, 8.25],
			"faces": {
				"north": {"uv": [9.75, 11.625, 9.25, 11.75], "texture": "#0"},
				"east": {"uv": [9.625, 11.625, 9.75, 11.75], "texture": "#0"},
				"south": {"uv": [9.25, 11.625, 9.75, 11.75], "texture": "#0"},
				"up": {"uv": [9.25, 11.625, 9.75, 11.75], "texture": "#0"},
				"down": {"uv": [9.25, 11.625, 9.75, 11.75], "texture": "#0"}
			}
		},
		{
			"name": "Layer 4_0",
			"from": [7.875, 4.75, 7.875],
			"to": [8, 9.375, 8.25],
			"faces": {
				"north": {"uv": [8, 6.625, 7.875, 11.25], "texture": "#0"},
				"east": {"uv": [7.875, 6.625, 8, 11.25], "texture": "#0"},
				"south": {"uv": [7.875, 6.625, 8, 11.25], "texture": "#0"},
				"west": {"uv": [7.875, 6.625, 8, 11.25], "texture": "#0"},
				"up": {"uv": [7.875, 6.625, 8, 6.75], "texture": "#0"}
			}
		},
		{
			"name": "Layer 4_1",
			"from": [7.75, 4.625, 7.875],
			"to": [7.875, 9.25, 8.25],
			"faces": {
				"north": {"uv": [7.875, 6.75, 7.75, 11.375], "texture": "#0"},
				"south": {"uv": [7.75, 6.75, 7.875, 11.375], "texture": "#0"},
				"west": {"uv": [7.75, 6.75, 7.875, 11.375], "texture": "#0"},
				"up": {"uv": [7.75, 6.75, 7.875, 6.875], "texture": "#0"}
			}
		},
		{
			"name": "Layer 4_2",
			"from": [8, 4.625, 7.875],
			"to": [8.125, 9.25, 8.25],
			"faces": {
				"north": {"uv": [8.125, 6.75, 8, 11.375], "texture": "#0"},
				"east": {"uv": [8, 6.75, 8.125, 11.375], "texture": "#0"},
				"south": {"uv": [8, 6.75, 8.125, 11.375], "texture": "#0"},
				"up": {"uv": [8, 6.75, 8.125, 6.875], "texture": "#0"}
			}
		},
		{
			"name": "Layer 4_3",
			"from": [7.625, 5, 7.875],
			"to": [7.75, 5.875, 8.25],
			"faces": {
				"north": {"uv": [7.75, 10.125, 7.625, 11], "texture": "#0"},
				"south": {"uv": [7.625, 10.125, 7.75, 11], "texture": "#0"},
				"west": {"uv": [7.625, 10.125, 7.75, 11], "texture": "#0"},
				"up": {"uv": [7.625, 10.125, 7.75, 10.25], "texture": "#0"},
				"down": {"uv": [7.625, 10.875, 7.75, 11], "texture": "#0"}
			}
		},
		{
			"name": "Layer 4_4",
			"from": [8.125, 5, 7.875],
			"to": [8.25, 5.875, 8.25],
			"faces": {
				"north": {"uv": [8.25, 10.125, 8.125, 11], "texture": "#0"},
				"east": {"uv": [8.125, 10.125, 8.25, 11], "texture": "#0"},
				"south": {"uv": [8.125, 10.125, 8.25, 11], "texture": "#0"},
				"up": {"uv": [8.125, 10.125, 8.25, 10.25], "texture": "#0"},
				"down": {"uv": [8.125, 10.875, 8.25, 11], "texture": "#0"}
			}
		},
		{
			"name": "Layer 4_5",
			"from": [7.5, 5.5, 7.875],
			"to": [7.625, 5.625, 8.25],
			"faces": {
				"north": {"uv": [7.625, 10.375, 7.5, 10.5], "texture": "#0"},
				"south": {"uv": [7.5, 10.375, 7.625, 10.5], "texture": "#0"},
				"west": {"uv": [7.5, 10.375, 7.625, 10.5], "texture": "#0"},
				"up": {"uv": [7.5, 10.375, 7.625, 10.5], "texture": "#0"},
				"down": {"uv": [7.5, 10.375, 7.625, 10.5], "texture": "#0"}
			}
		},
		{
			"name": "Layer 4_6",
			"from": [8.25, 5.5, 7.875],
			"to": [8.375, 5.625, 8.25],
			"faces": {
				"north": {"uv": [8.375, 10.375, 8.25, 10.5], "texture": "#0"},
				"east": {"uv": [8.25, 10.375, 8.375, 10.5], "texture": "#0"},
				"south": {"uv": [8.25, 10.375, 8.375, 10.5], "texture": "#0"},
				"up": {"uv": [8.25, 10.375, 8.375, 10.5], "texture": "#0"},
				"down": {"uv": [8.25, 10.375, 8.375, 10.5], "texture": "#0"}
			}
		},
		{
			"name": "Layer 4_7",
			"from": [7.5, 5.125, 7.875],
			"to": [7.625, 5.25, 8.25],
			"faces": {
				"north": {"uv": [7.625, 10.75, 7.5, 10.875], "texture": "#0"},
				"south": {"uv": [7.5, 10.75, 7.625, 10.875], "texture": "#0"},
				"west": {"uv": [7.5, 10.75, 7.625, 10.875], "texture": "#0"},
				"up": {"uv": [7.5, 10.75, 7.625, 10.875], "texture": "#0"},
				"down": {"uv": [7.5, 10.75, 7.625, 10.875], "texture": "#0"}
			}
		},
		{
			"name": "Layer 4_8",
			"from": [8.25, 5.125, 7.875],
			"to": [8.375, 5.25, 8.25],
			"faces": {
				"north": {"uv": [8.375, 10.75, 8.25, 10.875], "texture": "#0"},
				"east": {"uv": [8.25, 10.75, 8.375, 10.875], "texture": "#0"},
				"south": {"uv": [8.25, 10.75, 8.375, 10.875], "texture": "#0"},
				"up": {"uv": [8.25, 10.75, 8.375, 10.875], "texture": "#0"},
				"down": {"uv": [8.25, 10.75, 8.375, 10.875], "texture": "#0"}
			}
		},
		{
			"name": "Layer 4_9",
			"from": [7, 4.5, 7.9375],
			"to": [7.25, 4.75, 8.1875],
			"faces": {
				"north": {"uv": [7.25, 11.25, 7, 11.5], "texture": "#0"},
				"east": {"uv": [7.125, 11.25, 7.25, 11.5], "texture": "#0"},
				"south": {"uv": [7, 11.25, 7.25, 11.5], "texture": "#0"},
				"west": {"uv": [7, 11.25, 7.125, 11.5], "texture": "#0"},
				"up": {"uv": [7, 11.25, 7.25, 11.375], "texture": "#0"}
			}
		},
		{
			"name": "Layer 4_10",
			"from": [8.625, 4.5, 7.9375],
			"to": [8.875, 4.75, 8.1875],
			"faces": {
				"north": {"uv": [8.875, 11.25, 8.625, 11.5], "texture": "#0"},
				"east": {"uv": [8.75, 11.25, 8.875, 11.5], "texture": "#0"},
				"south": {"uv": [8.625, 11.25, 8.875, 11.5], "texture": "#0"},
				"west": {"uv": [8.625, 11.25, 8.75, 11.5], "texture": "#0"},
				"up": {"uv": [8.625, 11.25, 8.875, 11.375], "texture": "#0"}
			}
		},
		{
			"name": "Layer 4_11",
			"from": [6.5, 4.5, 7.9375],
			"to": [7, 4.625, 8.1875],
			"faces": {
				"north": {"uv": [7, 11.375, 6.5, 11.5], "texture": "#0"},
				"south": {"uv": [6.5, 11.375, 7, 11.5], "texture": "#0"},
				"west": {"uv": [6.5, 11.375, 6.625, 11.5], "texture": "#0"},
				"up": {"uv": [6.5, 11.375, 7, 11.5], "texture": "#0"}
			}
		},
		{
			"name": "Layer 4_12",
			"from": [7.25, 4.375, 7.9375],
			"to": [7.375, 4.625, 8.1875],
			"faces": {
				"north": {"uv": [7.375, 11.375, 7.25, 11.625], "texture": "#0"},
				"east": {"uv": [7.25, 11.375, 7.375, 11.625], "texture": "#0"},
				"south": {"uv": [7.25, 11.375, 7.375, 11.625], "texture": "#0"},
				"up": {"uv": [7.25, 11.375, 7.375, 11.5], "texture": "#0"}
			}
		},
		{
			"name": "Layer 4_13",
			"from": [7.625, 4.5, 7.875],
			"to": [7.75, 4.625, 8.25],
			"faces": {
				"north": {"uv": [7.75, 11.375, 7.625, 11.5], "texture": "#0"},
				"south": {"uv": [7.625, 11.375, 7.75, 11.5], "texture": "#0"},
				"west": {"uv": [7.625, 11.375, 7.75, 11.5], "texture": "#0"},
				"up": {"uv": [7.625, 11.375, 7.75, 11.5], "texture": "#0"}
			}
		},
		{
			"name": "Layer 4_14",
			"from": [8.125, 4.5, 7.875],
			"to": [8.25, 4.625, 8.25],
			"faces": {
				"north": {"uv": [8.25, 11.375, 8.125, 11.5], "texture": "#0"},
				"east": {"uv": [8.125, 11.375, 8.25, 11.5], "texture": "#0"},
				"south": {"uv": [8.125, 11.375, 8.25, 11.5], "texture": "#0"},
				"up": {"uv": [8.125, 11.375, 8.25, 11.5], "texture": "#0"}
			}
		},
		{
			"name": "Layer 4_15",
			"from": [8.5, 4.375, 7.9375],
			"to": [8.625, 4.625, 8.1875],
			"faces": {
				"north": {"uv": [8.625, 11.375, 8.5, 11.625], "texture": "#0"},
				"south": {"uv": [8.5, 11.375, 8.625, 11.625], "texture": "#0"},
				"west": {"uv": [8.5, 11.375, 8.625, 11.625], "texture": "#0"},
				"up": {"uv": [8.5, 11.375, 8.625, 11.5], "texture": "#0"}
			}
		},
		{
			"name": "Layer 4_16",
			"from": [8.875, 4.5, 7.9375],
			"to": [9.375, 4.625, 8.1875],
			"faces": {
				"north": {"uv": [9.375, 11.375, 8.875, 11.5], "texture": "#0"},
				"east": {"uv": [9.25, 11.375, 9.375, 11.5], "texture": "#0"},
				"south": {"uv": [8.875, 11.375, 9.375, 11.5], "texture": "#0"},
				"up": {"uv": [8.875, 11.375, 9.375, 11.5], "texture": "#0"}
			}
		},
		{
			"name": "Layer 4_17",
			"from": [6, 4.375, 7.9375],
			"to": [6.625, 4.5, 8.1875],
			"faces": {
				"north": {"uv": [6.625, 11.5, 6, 11.625], "texture": "#0"},
				"south": {"uv": [6, 11.5, 6.625, 11.625], "texture": "#0"},
				"west": {"uv": [6, 11.5, 6.125, 11.625], "texture": "#0"},
				"up": {"uv": [6, 11.5, 6.625, 11.625], "texture": "#0"}
			}
		},
		{
			"name": "Layer 4_18",
			"from": [7.375, 4.375, 7.875],
			"to": [7.625, 4.5, 8.25],
			"faces": {
				"north": {"uv": [7.625, 11.5, 7.375, 11.625], "texture": "#0"},
				"south": {"uv": [7.375, 11.5, 7.625, 11.625], "texture": "#0"},
				"west": {"uv": [7.375, 11.5, 7.5, 11.625], "texture": "#0"},
				"up": {"uv": [7.375, 11.5, 7.625, 11.625], "texture": "#0"}
			}
		},
		{
			"name": "Layer 4_19",
			"from": [8.25, 4.375, 7.875],
			"to": [8.5, 4.5, 8.25],
			"faces": {
				"north": {"uv": [8.5, 11.5, 8.25, 11.625], "texture": "#0"},
				"east": {"uv": [8.375, 11.5, 8.5, 11.625], "texture": "#0"},
				"south": {"uv": [8.25, 11.5, 8.5, 11.625], "texture": "#0"},
				"up": {"uv": [8.25, 11.5, 8.5, 11.625], "texture": "#0"}
			}
		},
		{
			"name": "Layer 4_20",
			"from": [9.25, 4.375, 7.9375],
			"to": [9.875, 4.5, 8.1875],
			"faces": {
				"north": {"uv": [9.875, 11.5, 9.25, 11.625], "texture": "#0"},
				"east": {"uv": [9.75, 11.5, 9.875, 11.625], "texture": "#0"},
				"south": {"uv": [9.25, 11.5, 9.875, 11.625], "texture": "#0"},
				"up": {"uv": [9.25, 11.5, 9.875, 11.625], "texture": "#0"}
			}
		},
		{
			"name": "Layer 4_21",
			"from": [5.625, 4.25, 7.9375],
			"to": [6.125, 4.375, 8.1875],
			"faces": {
				"north": {"uv": [6.125, 11.625, 5.625, 11.75], "texture": "#0"},
				"south": {"uv": [5.625, 11.625, 6.125, 11.75], "texture": "#0"},
				"west": {"uv": [5.625, 11.625, 5.75, 11.75], "texture": "#0"},
				"up": {"uv": [5.625, 11.625, 6.125, 11.75], "texture": "#0"},
				"down": {"uv": [5.625, 11.625, 6.125, 11.75], "texture": "#0"}
			}
		},
		{
			"name": "Layer 4_22",
			"from": [7.375, 4.125, 7.875],
			"to": [7.5, 4.375, 8.25],
			"faces": {
				"north": {"uv": [7.5, 11.625, 7.375, 11.875], "texture": "#0"},
				"south": {"uv": [7.375, 11.625, 7.5, 11.875], "texture": "#0"},
				"west": {"uv": [7.375, 11.625, 7.5, 11.875], "texture": "#0"},
				"down": {"uv": [7.375, 11.75, 7.5, 11.875], "texture": "#0"}
			}
		},
		{
			"name": "Layer 4_23",
			"from": [8.375, 4.125, 7.875],
			"to": [8.5, 4.375, 8.25],
			"faces": {
				"north": {"uv": [8.5, 11.625, 8.375, 11.875], "texture": "#0"},
				"east": {"uv": [8.375, 11.625, 8.5, 11.875], "texture": "#0"},
				"south": {"uv": [8.375, 11.625, 8.5, 11.875], "texture": "#0"},
				"down": {"uv": [8.375, 11.75, 8.5, 11.875], "texture": "#0"}
			}
		},
		{
			"name": "Layer 4_24",
			"from": [9.75, 4.25, 7.9375],
			"to": [10.25, 4.375, 8.1875],
			"faces": {
				"north": {"uv": [10.25, 11.625, 9.75, 11.75], "texture": "#0"},
				"east": {"uv": [10.125, 11.625, 10.25, 11.75], "texture": "#0"},
				"south": {"uv": [9.75, 11.625, 10.25, 11.75], "texture": "#0"},
				"up": {"uv": [9.75, 11.625, 10.25, 11.75], "texture": "#0"},
				"down": {"uv": [9.75, 11.625, 10.25, 11.75], "texture": "#0"}
			}
		},
		{
			"name": "Layer 4_25",
			"from": [6, 4.125, 7.9375],
			"to": [6.625, 4.25, 8.1875],
			"faces": {
				"north": {"uv": [6.625, 11.75, 6, 11.875], "texture": "#0"},
				"south": {"uv": [6, 11.75, 6.625, 11.875], "texture": "#0"},
				"west": {"uv": [6, 11.75, 6.125, 11.875], "texture": "#0"},
				"down": {"uv": [6, 11.75, 6.625, 11.875], "texture": "#0"}
			}
		},
		{
			"name": "Layer 4_26",
			"from": [7.25, 4, 7.9375],
			"to": [7.375, 4.25, 8.1875],
			"faces": {
				"north": {"uv": [7.375, 11.75, 7.25, 12], "texture": "#0"},
				"east": {"uv": [7.25, 11.75, 7.375, 12], "texture": "#0"},
				"south": {"uv": [7.25, 11.75, 7.375, 12], "texture": "#0"},
				"down": {"uv": [7.25, 11.875, 7.375, 12], "texture": "#0"}
			}
		},
		{
			"name": "Layer 4_27",
			"from": [7.5, 4.125, 7.875],
			"to": [7.625, 4.25, 8.25],
			"faces": {
				"north": {"uv": [7.625, 11.75, 7.5, 11.875], "texture": "#0"},
				"south": {"uv": [7.5, 11.75, 7.625, 11.875], "texture": "#0"},
				"down": {"uv": [7.5, 11.75, 7.625, 11.875], "texture": "#0"}
			}
		},
		{
			"name": "Layer 4_28",
			"from": [8.25, 4.125, 7.875],
			"to": [8.375, 4.25, 8.25],
			"faces": {
				"north": {"uv": [8.375, 11.75, 8.25, 11.875], "texture": "#0"},
				"south": {"uv": [8.25, 11.75, 8.375, 11.875], "texture": "#0"},
				"down": {"uv": [8.25, 11.75, 8.375, 11.875], "texture": "#0"}
			}
		},
		{
			"name": "Layer 4_29",
			"from": [8.5, 4, 7.9375],
			"to": [8.625, 4.25, 8.1875],
			"faces": {
				"north": {"uv": [8.625, 11.75, 8.5, 12], "texture": "#0"},
				"south": {"uv": [8.5, 11.75, 8.625, 12], "texture": "#0"},
				"west": {"uv": [8.5, 11.75, 8.625, 12], "texture": "#0"},
				"down": {"uv": [8.5, 11.875, 8.625, 12], "texture": "#0"}
			}
		},
		{
			"name": "Layer 4_30",
			"from": [9.25, 4.125, 7.9375],
			"to": [9.875, 4.25, 8.1875],
			"faces": {
				"north": {"uv": [9.875, 11.75, 9.25, 11.875], "texture": "#0"},
				"east": {"uv": [9.75, 11.75, 9.875, 11.875], "texture": "#0"},
				"south": {"uv": [9.25, 11.75, 9.875, 11.875], "texture": "#0"},
				"down": {"uv": [9.25, 11.75, 9.875, 11.875], "texture": "#0"}
			}
		},
		{
			"name": "Layer 4_31",
			"from": [6.5, 4, 7.9375],
			"to": [7.25, 4.125, 8.1875],
			"faces": {
				"north": {"uv": [7.25, 11.875, 6.5, 12], "texture": "#0"},
				"south": {"uv": [6.5, 11.875, 7.25, 12], "texture": "#0"},
				"west": {"uv": [6.5, 11.875, 6.625, 12], "texture": "#0"},
				"down": {"uv": [6.5, 11.875, 7.25, 12], "texture": "#0"}
			}
		},
		{
			"name": "Layer 4_32",
			"from": [7.625, 4, 7.875],
			"to": [7.75, 4.125, 8.25],
			"faces": {
				"north": {"uv": [7.75, 11.875, 7.625, 12], "texture": "#0"},
				"south": {"uv": [7.625, 11.875, 7.75, 12], "texture": "#0"},
				"west": {"uv": [7.625, 11.875, 7.75, 12], "texture": "#0"},
				"down": {"uv": [7.625, 11.875, 7.75, 12], "texture": "#0"}
			}
		},
		{
			"name": "Layer 4_33",
			"from": [8.125, 4, 7.875],
			"to": [8.25, 4.125, 8.25],
			"faces": {
				"north": {"uv": [8.25, 11.875, 8.125, 12], "texture": "#0"},
				"east": {"uv": [8.125, 11.875, 8.25, 12], "texture": "#0"},
				"south": {"uv": [8.125, 11.875, 8.25, 12], "texture": "#0"},
				"down": {"uv": [8.125, 11.875, 8.25, 12], "texture": "#0"}
			}
		},
		{
			"name": "Layer 4_34",
			"from": [8.625, 3.875, 7.9375],
			"to": [8.875, 4.125, 8.1875],
			"faces": {
				"north": {"uv": [8.875, 11.875, 8.625, 12.125], "texture": "#0"},
				"east": {"uv": [8.75, 11.875, 8.875, 12.125], "texture": "#0"},
				"south": {"uv": [8.625, 11.875, 8.875, 12.125], "texture": "#0"},
				"west": {"uv": [8.625, 11.875, 8.75, 12.125], "texture": "#0"},
				"down": {"uv": [8.625, 12, 8.875, 12.125], "texture": "#0"}
			}
		},
		{
			"name": "Layer 4_35",
			"from": [8.875, 4, 7.9375],
			"to": [9.375, 4.125, 8.1875],
			"faces": {
				"north": {"uv": [9.375, 11.875, 8.875, 12], "texture": "#0"},
				"east": {"uv": [9.25, 11.875, 9.375, 12], "texture": "#0"},
				"south": {"uv": [8.875, 11.875, 9.375, 12], "texture": "#0"},
				"down": {"uv": [8.875, 11.875, 9.375, 12], "texture": "#0"}
			}
		},
		{
			"name": "Layer 4_36",
			"from": [7, 3.875, 7.9375],
			"to": [7.25, 4, 8.1875],
			"faces": {
				"north": {"uv": [7.25, 12, 7, 12.125], "texture": "#0"},
				"east": {"uv": [7.125, 12, 7.25, 12.125], "texture": "#0"},
				"south": {"uv": [7, 12, 7.25, 12.125], "texture": "#0"},
				"west": {"uv": [7, 12, 7.125, 12.125], "texture": "#0"},
				"down": {"uv": [7, 12, 7.25, 12.125], "texture": "#0"}
			}
		},
		{
			"name": "Layer 4_37",
			"from": [7.75, 3.875, 7.875],
			"to": [7.875, 4, 8.25],
			"faces": {
				"north": {"uv": [7.875, 12, 7.75, 12.125], "texture": "#0"},
				"south": {"uv": [7.75, 12, 7.875, 12.125], "texture": "#0"},
				"west": {"uv": [7.75, 12, 7.875, 12.125], "texture": "#0"},
				"down": {"uv": [7.75, 12, 7.875, 12.125], "texture": "#0"}
			}
		},
		{
			"name": "Layer 4_38",
			"from": [8, 3.875, 7.875],
			"to": [8.125, 4, 8.25],
			"faces": {
				"north": {"uv": [8.125, 12, 8, 12.125], "texture": "#0"},
				"east": {"uv": [8, 12, 8.125, 12.125], "texture": "#0"},
				"south": {"uv": [8, 12, 8.125, 12.125], "texture": "#0"},
				"down": {"uv": [8, 12, 8.125, 12.125], "texture": "#0"}
			}
		},
		{
			"name": "Layer 4_39",
			"from": [7.875, 3.75, 7.875],
			"to": [8, 3.875, 8.25],
			"faces": {
				"north": {"uv": [8, 12.125, 7.875, 12.25], "texture": "#0"},
				"east": {"uv": [7.875, 12.125, 8, 12.25], "texture": "#0"},
				"south": {"uv": [7.875, 12.125, 8, 12.25], "texture": "#0"},
				"west": {"uv": [7.875, 12.125, 8, 12.25], "texture": "#0"},
				"down": {"uv": [7.875, 12.125, 8, 12.25], "texture": "#0"}
			}
		},
		{
			"name": "Layer 5_0",
			"from": [7.875, 15.125, 8],
			"to": [8, 15.5, 8.125],
			"faces": {
				"north": {"uv": [8, 0.5, 7.875, 0.875], "texture": "#0"},
				"east": {"uv": [7.875, 0.5, 8, 0.875], "texture": "#0"},
				"south": {"uv": [7.875, 0.5, 8, 0.875], "texture": "#0"},
				"west": {"uv": [7.875, 0.5, 8, 0.875], "texture": "#0"},
				"up": {"uv": [7.875, 0.5, 8, 0.625], "texture": "#0"}
			}
		},
		{
			"name": "Layer 5_1",
			"from": [7.75, 14.75, 8],
			"to": [7.875, 15.125, 8.125],
			"faces": {
				"north": {"uv": [7.875, 0.875, 7.75, 1.25], "texture": "#0"},
				"south": {"uv": [7.75, 0.875, 7.875, 1.25], "texture": "#0"},
				"west": {"uv": [7.75, 0.875, 7.875, 1.25], "texture": "#0"},
				"up": {"uv": [7.75, 0.875, 7.875, 1], "texture": "#0"}
			}
		},
		{
			"name": "Layer 5_2",
			"from": [8, 14.75, 8],
			"to": [8.125, 15.125, 8.125],
			"faces": {
				"north": {"uv": [8.125, 0.875, 8, 1.25], "texture": "#0"},
				"east": {"uv": [8, 0.875, 8.125, 1.25], "texture": "#0"},
				"south": {"uv": [8, 0.875, 8.125, 1.25], "texture": "#0"},
				"up": {"uv": [8, 0.875, 8.125, 1], "texture": "#0"}
			}
		},
		{
			"name": "Layer 5_3",
			"from": [7.625, 14.375, 8],
			"to": [7.75, 14.75, 8.125],
			"faces": {
				"north": {"uv": [7.75, 1.25, 7.625, 1.625], "texture": "#0"},
				"south": {"uv": [7.625, 1.25, 7.75, 1.625], "texture": "#0"},
				"west": {"uv": [7.625, 1.25, 7.75, 1.625], "texture": "#0"},
				"up": {"uv": [7.625, 1.25, 7.75, 1.375], "texture": "#0"}
			}
		},
		{
			"name": "Layer 5_4",
			"from": [8.125, 14.375, 8],
			"to": [8.25, 14.75, 8.125],
			"faces": {
				"north": {"uv": [8.25, 1.25, 8.125, 1.625], "texture": "#0"},
				"east": {"uv": [8.125, 1.25, 8.25, 1.625], "texture": "#0"},
				"south": {"uv": [8.125, 1.25, 8.25, 1.625], "texture": "#0"},
				"up": {"uv": [8.125, 1.25, 8.25, 1.375], "texture": "#0"}
			}
		},
		{
			"name": "Layer 5_5",
			"from": [7.5, 14, 8],
			"to": [7.625, 14.375, 8.125],
			"faces": {
				"north": {"uv": [7.625, 1.625, 7.5, 2], "texture": "#0"},
				"south": {"uv": [7.5, 1.625, 7.625, 2], "texture": "#0"},
				"west": {"uv": [7.5, 1.625, 7.625, 2], "texture": "#0"},
				"up": {"uv": [7.5, 1.625, 7.625, 1.75], "texture": "#0"},
				"down": {"uv": [7.5, 1.875, 7.625, 2], "texture": "#0"}
			}
		},
		{
			"name": "Layer 5_6",
			"from": [8.25, 14, 8],
			"to": [8.375, 14.375, 8.125],
			"faces": {
				"north": {"uv": [8.375, 1.625, 8.25, 2], "texture": "#0"},
				"east": {"uv": [8.25, 1.625, 8.375, 2], "texture": "#0"},
				"south": {"uv": [8.25, 1.625, 8.375, 2], "texture": "#0"},
				"up": {"uv": [8.25, 1.625, 8.375, 1.75], "texture": "#0"},
				"down": {"uv": [8.25, 1.875, 8.375, 2], "texture": "#0"}
			}
		},
		{
			"name": "Layer 5_7",
			"from": [7.625, 7.75, 8],
			"to": [7.75, 14, 8.125],
			"faces": {
				"north": {"uv": [7.75, 2, 7.625, 8.25], "texture": "#0"},
				"south": {"uv": [7.625, 2, 7.75, 8.25], "texture": "#0"},
				"west": {"uv": [7.625, 2, 7.75, 8.25], "texture": "#0"}
			}
		},
		{
			"name": "Layer 5_8",
			"from": [8.125, 7.75, 8],
			"to": [8.25, 14, 8.125],
			"faces": {
				"north": {"uv": [8.25, 2, 8.125, 8.25], "texture": "#0"},
				"east": {"uv": [8.125, 2, 8.25, 8.25], "texture": "#0"},
				"south": {"uv": [8.125, 2, 8.25, 8.25], "texture": "#0"}
			}
		},
		{
			"name": "Layer 5_9",
			"from": [7.5, 7, 8],
			"to": [7.625, 7.75, 8.125],
			"faces": {
				"north": {"uv": [7.625, 8.25, 7.5, 9], "texture": "#0"},
				"south": {"uv": [7.5, 8.25, 7.625, 9], "texture": "#0"},
				"west": {"uv": [7.5, 8.25, 7.625, 9], "texture": "#0"},
				"up": {"uv": [7.5, 8.25, 7.625, 8.375], "texture": "#0"}
			}
		},
		{
			"name": "Layer 5_10",
			"from": [8.25, 7, 8],
			"to": [8.375, 7.75, 8.125],
			"faces": {
				"north": {"uv": [8.375, 8.25, 8.25, 9], "texture": "#0"},
				"east": {"uv": [8.25, 8.25, 8.375, 9], "texture": "#0"},
				"south": {"uv": [8.25, 8.25, 8.375, 9], "texture": "#0"},
				"up": {"uv": [8.25, 8.25, 8.375, 8.375], "texture": "#0"}
			}
		},
		{
			"name": "Layer 5_11",
			"from": [7.375, 6.5, 8],
			"to": [7.5, 7, 8.125],
			"faces": {
				"north": {"uv": [7.5, 9, 7.375, 9.5], "texture": "#0"},
				"south": {"uv": [7.375, 9, 7.5, 9.5], "texture": "#0"},
				"west": {"uv": [7.375, 9, 7.5, 9.5], "texture": "#0"},
				"up": {"uv": [7.375, 9, 7.5, 9.125], "texture": "#0"},
				"down": {"uv": [7.375, 9.375, 7.5, 9.5], "texture": "#0"}
			}
		},
		{
			"name": "Layer 5_12",
			"from": [8.375, 6.5, 8],
			"to": [8.5, 7, 8.125],
			"faces": {
				"north": {"uv": [8.5, 9, 8.375, 9.5], "texture": "#0"},
				"east": {"uv": [8.375, 9, 8.5, 9.5], "texture": "#0"},
				"south": {"uv": [8.375, 9, 8.5, 9.5], "texture": "#0"},
				"up": {"uv": [8.375, 9, 8.5, 9.125], "texture": "#0"},
				"down": {"uv": [8.375, 9.375, 8.5, 9.5], "texture": "#0"}
			}
		},
		{
			"name": "Layer 5_13",
			"from": [7.25, 6.5, 8],
			"to": [7.375, 6.625, 8.125],
			"faces": {
				"north": {"uv": [7.375, 9.375, 7.25, 9.5], "texture": "#0"},
				"south": {"uv": [7.25, 9.375, 7.375, 9.5], "texture": "#0"},
				"west": {"uv": [7.25, 9.375, 7.375, 9.5], "texture": "#0"},
				"up": {"uv": [7.25, 9.375, 7.375, 9.5], "texture": "#0"},
				"down": {"uv": [7.25, 9.375, 7.375, 9.5], "texture": "#0"}
			}
		},
		{
			"name": "Layer 5_14",
			"from": [8.5, 6.5, 8],
			"to": [8.625, 6.625, 8.125],
			"faces": {
				"north": {"uv": [8.625, 9.375, 8.5, 9.5], "texture": "#0"},
				"east": {"uv": [8.5, 9.375, 8.625, 9.5], "texture": "#0"},
				"south": {"uv": [8.5, 9.375, 8.625, 9.5], "texture": "#0"},
				"up": {"uv": [8.5, 9.375, 8.625, 9.5], "texture": "#0"},
				"down": {"uv": [8.5, 9.375, 8.625, 9.5], "texture": "#0"}
			}
		},
		{
			"name": "Layer 5_15",
			"from": [7.5, 6.375, 8],
			"to": [7.625, 6.5, 8.125],
			"faces": {
				"north": {"uv": [7.625, 9.5, 7.5, 9.625], "texture": "#0"},
				"south": {"uv": [7.5, 9.5, 7.625, 9.625], "texture": "#0"},
				"west": {"uv": [7.5, 9.5, 7.625, 9.625], "texture": "#0"},
				"down": {"uv": [7.5, 9.5, 7.625, 9.625], "texture": "#0"}
			}
		},
		{
			"name": "Layer 5_16",
			"from": [8.25, 6.375, 8],
			"to": [8.375, 6.5, 8.125],
			"faces": {
				"north": {"uv": [8.375, 9.5, 8.25, 9.625], "texture": "#0"},
				"east": {"uv": [8.25, 9.5, 8.375, 9.625], "texture": "#0"},
				"south": {"uv": [8.25, 9.5, 8.375, 9.625], "texture": "#0"},
				"down": {"uv": [8.25, 9.5, 8.375, 9.625], "texture": "#0"}
			}
		},
		{
			"name": "Layer 5_17",
			"from": [7.625, 6.125, 8],
			"to": [7.75, 6.375, 8.125],
			"faces": {
				"north": {"uv": [7.75, 9.625, 7.625, 9.875], "texture": "#0"},
				"south": {"uv": [7.625, 9.625, 7.75, 9.875], "texture": "#0"},
				"west": {"uv": [7.625, 9.625, 7.75, 9.875], "texture": "#0"}
			}
		},
		{
			"name": "Layer 5_18",
			"from": [8.125, 6.125, 8],
			"to": [8.25, 6.375, 8.125],
			"faces": {
				"north": {"uv": [8.25, 9.625, 8.125, 9.875], "texture": "#0"},
				"east": {"uv": [8.125, 9.625, 8.25, 9.875], "texture": "#0"},
				"south": {"uv": [8.125, 9.625, 8.25, 9.875], "texture": "#0"}
			}
		},
		{
			"name": "Layer 5_19",
			"from": [7.5, 5.875, 8],
			"to": [7.625, 6.125, 8.125],
			"faces": {
				"north": {"uv": [7.625, 9.875, 7.5, 10.125], "texture": "#0"},
				"south": {"uv": [7.5, 9.875, 7.625, 10.125], "texture": "#0"},
				"west": {"uv": [7.5, 9.875, 7.625, 10.125], "texture": "#0"},
				"up": {"uv": [7.5, 9.875, 7.625, 10], "texture": "#0"}
			}
		},
		{
			"name": "Layer 5_20",
			"from": [8.25, 5.875, 8],
			"to": [8.375, 6.125, 8.125],
			"faces": {
				"north": {"uv": [8.375, 9.875, 8.25, 10.125], "texture": "#0"},
				"east": {"uv": [8.25, 9.875, 8.375, 10.125], "texture": "#0"},
				"south": {"uv": [8.25, 9.875, 8.375, 10.125], "texture": "#0"},
				"up": {"uv": [8.25, 9.875, 8.375, 10], "texture": "#0"}
			}
		},
		{
			"name": "Layer 5_21",
			"from": [7.375, 5.75, 8],
			"to": [7.5, 5.875, 8.125],
			"faces": {
				"north": {"uv": [7.5, 10.125, 7.375, 10.25], "texture": "#0"},
				"south": {"uv": [7.375, 10.125, 7.5, 10.25], "texture": "#0"},
				"west": {"uv": [7.375, 10.125, 7.5, 10.25], "texture": "#0"},
				"up": {"uv": [7.375, 10.125, 7.5, 10.25], "texture": "#0"}
			}
		},
		{
			"name": "Layer 5_22",
			"from": [8.375, 5.75, 8],
			"to": [8.5, 5.875, 8.125],
			"faces": {
				"north": {"uv": [8.5, 10.125, 8.375, 10.25], "texture": "#0"},
				"east": {"uv": [8.375, 10.125, 8.5, 10.25], "texture": "#0"},
				"south": {"uv": [8.375, 10.125, 8.5, 10.25], "texture": "#0"},
				"up": {"uv": [8.375, 10.125, 8.5, 10.25], "texture": "#0"}
			}
		},
		{
			"name": "Layer 5_23",
			"from": [7.125, 5.625, 8],
			"to": [7.375, 5.75, 8.125],
			"faces": {
				"north": {"uv": [7.375, 10.25, 7.125, 10.375], "texture": "#0"},
				"south": {"uv": [7.125, 10.25, 7.375, 10.375], "texture": "#0"},
				"west": {"uv": [7.125, 10.25, 7.25, 10.375], "texture": "#0"},
				"up": {"uv": [7.125, 10.25, 7.375, 10.375], "texture": "#0"}
			}
		},
		{
			"name": "Layer 5_24",
			"from": [8.5, 5.625, 8],
			"to": [8.75, 5.75, 8.125],
			"faces": {
				"north": {"uv": [8.75, 10.25, 8.5, 10.375], "texture": "#0"},
				"east": {"uv": [8.625, 10.25, 8.75, 10.375], "texture": "#0"},
				"south": {"uv": [8.5, 10.25, 8.75, 10.375], "texture": "#0"},
				"up": {"uv": [8.5, 10.25, 8.75, 10.375], "texture": "#0"}
			}
		},
		{
			"name": "Layer 5_25",
			"from": [7.125, 5.375, 8],
			"to": [7.25, 5.625, 8.125],
			"faces": {
				"north": {"uv": [7.25, 10.375, 7.125, 10.625], "texture": "#0"},
				"south": {"uv": [7.125, 10.375, 7.25, 10.625], "texture": "#0"},
				"west": {"uv": [7.125, 10.375, 7.25, 10.625], "texture": "#0"},
				"down": {"uv": [7.125, 10.5, 7.25, 10.625], "texture": "#0"}
			}
		},
		{
			"name": "Layer 5_26",
			"from": [8.625, 5.375, 8],
			"to": [8.75, 5.625, 8.125],
			"faces": {
				"north": {"uv": [8.75, 10.375, 8.625, 10.625], "texture": "#0"},
				"east": {"uv": [8.625, 10.375, 8.75, 10.625], "texture": "#0"},
				"south": {"uv": [8.625, 10.375, 8.75, 10.625], "texture": "#0"},
				"down": {"uv": [8.625, 10.5, 8.75, 10.625], "texture": "#0"}
			}
		},
		{
			"name": "Layer 5_27",
			"from": [7.25, 5.125, 8],
			"to": [7.375, 5.375, 8.125],
			"faces": {
				"north": {"uv": [7.375, 10.625, 7.25, 10.875], "texture": "#0"},
				"south": {"uv": [7.25, 10.625, 7.375, 10.875], "texture": "#0"},
				"west": {"uv": [7.25, 10.625, 7.375, 10.875], "texture": "#0"},
				"down": {"uv": [7.25, 10.75, 7.375, 10.875], "texture": "#0"}
			}
		},
		{
			"name": "Layer 5_28",
			"from": [8.5, 5.125, 8],
			"to": [8.625, 5.375, 8.125],
			"faces": {
				"north": {"uv": [8.625, 10.625, 8.5, 10.875], "texture": "#0"},
				"east": {"uv": [8.5, 10.625, 8.625, 10.875], "texture": "#0"},
				"south": {"uv": [8.5, 10.625, 8.625, 10.875], "texture": "#0"},
				"down": {"uv": [8.5, 10.75, 8.625, 10.875], "texture": "#0"}
			}
		},
		{
			"name": "Layer 5_29",
			"from": [7.375, 5, 8],
			"to": [7.5, 5.125, 8.125],
			"faces": {
				"north": {"uv": [7.5, 10.875, 7.375, 11], "texture": "#0"},
				"south": {"uv": [7.375, 10.875, 7.5, 11], "texture": "#0"},
				"west": {"uv": [7.375, 10.875, 7.5, 11], "texture": "#0"},
				"down": {"uv": [7.375, 10.875, 7.5, 11], "texture": "#0"}
			}
		},
		{
			"name": "Layer 5_30",
			"from": [8.375, 5, 8],
			"to": [8.5, 5.125, 8.125],
			"faces": {
				"north": {"uv": [8.5, 10.875, 8.375, 11], "texture": "#0"},
				"east": {"uv": [8.375, 10.875, 8.5, 11], "texture": "#0"},
				"south": {"uv": [8.375, 10.875, 8.5, 11], "texture": "#0"},
				"down": {"uv": [8.375, 10.875, 8.5, 11], "texture": "#0"}
			}
		},
		{
			"name": "Layer 5_31",
			"from": [7.5, 4.875, 8],
			"to": [7.625, 5, 8.125],
			"faces": {
				"north": {"uv": [7.625, 11, 7.5, 11.125], "texture": "#0"},
				"south": {"uv": [7.5, 11, 7.625, 11.125], "texture": "#0"},
				"west": {"uv": [7.5, 11, 7.625, 11.125], "texture": "#0"},
				"down": {"uv": [7.5, 11, 7.625, 11.125], "texture": "#0"}
			}
		},
		{
			"name": "Layer 5_32",
			"from": [8.25, 4.875, 8],
			"to": [8.375, 5, 8.125],
			"faces": {
				"north": {"uv": [8.375, 11, 8.25, 11.125], "texture": "#0"},
				"east": {"uv": [8.25, 11, 8.375, 11.125], "texture": "#0"},
				"south": {"uv": [8.25, 11, 8.375, 11.125], "texture": "#0"},
				"down": {"uv": [8.25, 11, 8.375, 11.125], "texture": "#0"}
			}
		},
		{
			"name": "Layer 5_33",
			"from": [7.625, 4.625, 8],
			"to": [7.75, 4.875, 8.125],
			"faces": {
				"north": {"uv": [7.75, 11.125, 7.625, 11.375], "texture": "#0"},
				"south": {"uv": [7.625, 11.125, 7.75, 11.375], "texture": "#0"},
				"west": {"uv": [7.625, 11.125, 7.75, 11.375], "texture": "#0"}
			}
		},
		{
			"name": "Layer 5_34",
			"from": [8.125, 4.625, 8],
			"to": [8.25, 4.875, 8.125],
			"faces": {
				"north": {"uv": [8.25, 11.125, 8.125, 11.375], "texture": "#0"},
				"east": {"uv": [8.125, 11.125, 8.25, 11.375], "texture": "#0"},
				"south": {"uv": [8.125, 11.125, 8.25, 11.375], "texture": "#0"}
			}
		},
		{
			"name": "Layer 5_35",
			"from": [7.5, 4.5, 8],
			"to": [7.625, 4.625, 8.125],
			"faces": {
				"north": {"uv": [7.625, 11.375, 7.5, 11.5], "texture": "#0"},
				"south": {"uv": [7.5, 11.375, 7.625, 11.5], "texture": "#0"},
				"west": {"uv": [7.5, 11.375, 7.625, 11.5], "texture": "#0"},
				"up": {"uv": [7.5, 11.375, 7.625, 11.5], "texture": "#0"}
			}
		},
		{
			"name": "Layer 5_36",
			"from": [8.25, 4.5, 8],
			"to": [8.375, 4.625, 8.125],
			"faces": {
				"north": {"uv": [8.375, 11.375, 8.25, 11.5], "texture": "#0"},
				"east": {"uv": [8.25, 11.375, 8.375, 11.5], "texture": "#0"},
				"south": {"uv": [8.25, 11.375, 8.375, 11.5], "texture": "#0"},
				"up": {"uv": [8.25, 11.375, 8.375, 11.5], "texture": "#0"}
			}
		},
		{
			"name": "Layer 5_37",
			"from": [7.5, 4, 8],
			"to": [7.625, 4.125, 8.125],
			"faces": {
				"north": {"uv": [7.625, 11.875, 7.5, 12], "texture": "#0"},
				"south": {"uv": [7.5, 11.875, 7.625, 12], "texture": "#0"},
				"west": {"uv": [7.5, 11.875, 7.625, 12], "texture": "#0"},
				"down": {"uv": [7.5, 11.875, 7.625, 12], "texture": "#0"}
			}
		},
		{
			"name": "Layer 5_38",
			"from": [8.25, 4, 8],
			"to": [8.375, 4.125, 8.125],
			"faces": {
				"north": {"uv": [8.375, 11.875, 8.25, 12], "texture": "#0"},
				"east": {"uv": [8.25, 11.875, 8.375, 12], "texture": "#0"},
				"south": {"uv": [8.25, 11.875, 8.375, 12], "texture": "#0"},
				"down": {"uv": [8.25, 11.875, 8.375, 12], "texture": "#0"}
			}
		},
		{
			"name": "Layer 5_39",
			"from": [7.625, 3.875, 8],
			"to": [7.75, 4, 8.125],
			"faces": {
				"north": {"uv": [7.75, 12, 7.625, 12.125], "texture": "#0"},
				"south": {"uv": [7.625, 12, 7.75, 12.125], "texture": "#0"},
				"west": {"uv": [7.625, 12, 7.75, 12.125], "texture": "#0"},
				"down": {"uv": [7.625, 12, 7.75, 12.125], "texture": "#0"}
			}
		},
		{
			"name": "Layer 5_40",
			"from": [8.125, 3.875, 8],
			"to": [8.25, 4, 8.125],
			"faces": {
				"north": {"uv": [8.25, 12, 8.125, 12.125], "texture": "#0"},
				"east": {"uv": [8.125, 12, 8.25, 12.125], "texture": "#0"},
				"south": {"uv": [8.125, 12, 8.25, 12.125], "texture": "#0"},
				"down": {"uv": [8.125, 12, 8.25, 12.125], "texture": "#0"}
			}
		},
		{
			"name": "Layer 5_41",
			"from": [7.75, 3.75, 8],
			"to": [7.875, 3.875, 8.125],
			"faces": {
				"north": {"uv": [7.875, 12.125, 7.75, 12.25], "texture": "#0"},
				"south": {"uv": [7.75, 12.125, 7.875, 12.25], "texture": "#0"},
				"west": {"uv": [7.75, 12.125, 7.875, 12.25], "texture": "#0"}
			}
		},
		{
			"name": "Layer 5_42",
			"from": [8, 3.75, 8],
			"to": [8.125, 3.875, 8.125],
			"faces": {
				"north": {"uv": [8.125, 12.125, 8, 12.25], "texture": "#0"},
				"east": {"uv": [8, 12.125, 8.125, 12.25], "texture": "#0"},
				"south": {"uv": [8, 12.125, 8.125, 12.25], "texture": "#0"}
			}
		},
		{
			"name": "Layer 5_43",
			"from": [7.875, 3.625, 8],
			"to": [8, 3.75, 8.125],
			"faces": {
				"north": {"uv": [8, 12.25, 7.875, 12.375], "texture": "#0"},
				"south": {"uv": [7.875, 12.25, 8, 12.375], "texture": "#0"}
			}
		}
	],
	"display": {
		"thirdperson_righthand": {
			"rotation": [0, -90, 0],
			"translation": [0.25, 10.75, 0.75],
			"scale": [2.5, 2.5, 2.5]
		},
		"thirdperson_lefthand": {
			"rotation": [0, 90, 0],
			"translation": [0.25, 10.75, 0.75],
			"scale": [2.5, 2.5, 2.5]
		},
		"firstperson_righthand": {
			"rotation": [1, -91, 0],
			"translation": [0, 7.5, 2.75],
			"scale": [1.25, 1.25, 1.25]
		},
		"firstperson_lefthand": {
			"rotation": [1, 91, 0],
			"translation": [0, 7.5, 2.75],
			"scale": [1.25, 1.25, 1.25]
		},
		"ground": {
			"translation": [0, 18.25, 0],
			"scale": [2.5, 2.5, 2.5]
		},
		"gui": {
			"rotation": [0, 0, -45],
			"translation": [0.5, 0.5, 0],
			"scale": [1.5, 1.5, 1.5]
		},
		"head": {
			"rotation": [180, 0, 45],
			"translation": [0, -14.75, 4.75],
			"scale": [3.5, 3.5, 3.5]
		},
		"fixed": {
			"rotation": [180, 0, 135],
			"translation": [-0.75, 0.75, 0],
			"scale": [2, 2, 2]
		}
	},
	"groups": [
		{
			"name": "Layer 1",
			"origin": [8, 8, 8],
			"color": 0,
			"children": [0, 1, 2, 3, 4, 5, 6, 7, 8, 9, 10, 11, 12, 13, 14, 15, 16, 17, 18, 19, 20, 21, 22, 23, 24, 25, 26, 27, 28, 29, 30, 31, 32, 33]
		},
		{
			"name": "Layer 2",
			"origin": [8, 8, 8],
			"color": 0,
			"children": [34, 35, 36]
		},
		{
			"name": "Layer 3",
			"origin": [8, 8, 8],
			"color": 0,
			"children": [37, 38, 39, 40, 41, 42]
		},
		{
			"name": "Layer 4",
			"origin": [8, 8, 8],
			"color": 0,
			"children": [43, 44, 45, 46, 47, 48, 49, 50, 51, 52, 53, 54, 55, 56, 57, 58, 59, 60, 61, 62, 63, 64, 65, 66, 67, 68, 69, 70, 71, 72, 73, 74, 75, 76, 77, 78, 79, 80, 81, 82]
		},
		{
			"name": "Layer 5",
			"origin": [8, 8, 8],
			"color": 0,
			"children": [83, 84, 85, 86, 87, 88, 89, 90, 91, 92, 93, 94, 95, 96, 97, 98, 99, 100, 101, 102, 103, 104, 105, 106, 107, 108, 109, 110, 111, 112, 113, 114, 115, 116, 117, 118, 119, 120, 121, 122, 123, 124, 125, 126]
		}
	]
}