{
	"credit": "Made with Blockbench",
	"textures": {
		"0": "item/elucidator",
		"particle": "item/elucidator"
	},
	"elements": [
		{
			"name": "Layer 2_0",
			"from": [7.875, 15.125, 8],
			"to": [8, 15.5, 8.125],
			"faces": {
				"north": {"uv": [8, 0.5, 7.875, 0.875], "texture": "#0"},
				"east": {"uv": [7.875, 0.5, 8, 0.875], "texture": "#0"},
				"south": {"uv": [7.875, 0.5, 8, 0.875], "texture": "#0"},
				"west": {"uv": [7.875, 0.5, 8, 0.875], "texture": "#0"},
				"up": {"uv": [7.875, 0.5, 8, 0.625], "texture": "#0"}
			}
		},
		{
			"name": "Layer 2_1",
			"from": [7.75, 14.75, 8],
			"to": [7.875, 15.125, 8.125],
			"faces": {
				"north": {"uv": [7.875, 0.875, 7.75, 1.25], "texture": "#0"},
				"south": {"uv": [7.75, 0.875, 7.875, 1.25], "texture": "#0"},
				"west": {"uv": [7.75, 0.875, 7.875, 1.25], "texture": "#0"},
				"up": {"uv": [7.75, 0.875, 7.875, 1], "texture": "#0"}
			}
		},
		{
			"name": "Layer 2_2",
			"from": [8, 14.75, 8],
			"to": [8.125, 15.125, 8.125],
			"faces": {
				"north": {"uv": [8.125, 0.875, 8, 1.25], "texture": "#0"},
				"east": {"uv": [8, 0.875, 8.125, 1.25], "texture": "#0"},
				"south": {"uv": [8, 0.875, 8.125, 1.25], "texture": "#0"},
				"up": {"uv": [8, 0.875, 8.125, 1], "texture": "#0"}
			}
		},
		{
			"name": "Layer 2_3",
			"from": [7.625, 6.375, 8],
			"to": [7.75, 14.75, 8.125],
			"faces": {
				"north": {"uv": [7.75, 1.25, 7.625, 9.625], "texture": "#0"},
				"south": {"uv": [7.625, 1.25, 7.75, 9.625], "texture": "#0"},
				"west": {"uv": [7.625, 1.25, 7.75, 9.625], "texture": "#0"},
				"up": {"uv": [7.625, 1.25, 7.75, 1.375], "texture": "#0"}
			}
		},
		{
			"name": "Layer 2_4",
			"from": [8.125, 6.375, 8],
			"to": [8.25, 14.75, 8.125],
			"faces": {
				"north": {"uv": [8.25, 1.25, 8.125, 9.625], "texture": "#0"},
				"east": {"uv": [8.125, 1.25, 8.25, 9.625], "texture": "#0"},
				"south": {"uv": [8.125, 1.25, 8.25, 9.625], "texture": "#0"},
				"up": {"uv": [8.125, 1.25, 8.25, 1.375], "texture": "#0"}
			}
		},
		{
			"name": "Layer 2_5",
			"from": [7.5, 5.75, 8],
			"to": [7.625, 6.375, 8.125],
			"faces": {
				"north": {"uv": [7.625, 9.625, 7.5, 10.25], "texture": "#0"},
				"south": {"uv": [7.5, 9.625, 7.625, 10.25], "texture": "#0"},
				"west": {"uv": [7.5, 9.625, 7.625, 10.25], "texture": "#0"},
				"up": {"uv": [7.5, 9.625, 7.625, 9.75], "texture": "#0"}
			}
		},
		{
			"name": "Layer 2_6",
			"from": [8.25, 5.75, 8],
			"to": [8.375, 6.375, 8.125],
			"faces": {
				"north": {"uv": [8.375, 9.625, 8.25, 10.25], "texture": "#0"},
				"east": {"uv": [8.25, 9.625, 8.375, 10.25], "texture": "#0"},
				"south": {"uv": [8.25, 9.625, 8.375, 10.25], "texture": "#0"},
				"up": {"uv": [8.25, 9.625, 8.375, 9.75], "texture": "#0"}
			}
		},
		{
			"name": "Layer 2_7",
			"from": [7.375, 5.375, 8],
			"to": [7.5, 5.75, 8.125],
			"faces": {
				"north": {"uv": [7.5, 10.25, 7.375, 10.625], "texture": "#0"},
				"south": {"uv": [7.375, 10.25, 7.5, 10.625], "texture": "#0"},
				"west": {"uv": [7.375, 10.25, 7.5, 10.625], "texture": "#0"},
				"up": {"uv": [7.375, 10.25, 7.5, 10.375], "texture": "#0"}
			}
		},
		{
			"name": "Layer 2_8",
			"from": [8.375, 5.375, 8],
			"to": [8.5, 5.75, 8.125],
			"faces": {
				"north": {"uv": [8.5, 10.25, 8.375, 10.625], "texture": "#0"},
				"east": {"uv": [8.375, 10.25, 8.5, 10.625], "texture": "#0"},
				"south": {"uv": [8.375, 10.25, 8.5, 10.625], "texture": "#0"},
				"up": {"uv": [8.375, 10.25, 8.5, 10.375], "texture": "#0"}
			}
		},
		{
			"name": "Layer 3_0",
			"from": [7.875, 6, 7.9375],
			"to": [8, 15.125, 8.1875],
			"faces": {
				"north": {"uv": [8, 0.875, 7.875, 10], "texture": "#0"},
				"east": {"uv": [7.875, 0.875, 8, 10], "texture": "#0"},
				"south": {"uv": [7.875, 0.875, 8, 10], "texture": "#0"},
				"west": {"uv": [7.875, 0.875, 8, 10], "texture": "#0"},
				"up": {"uv": [7.875, 0.875, 8, 1], "texture": "#0"}
			}
		},
		{
			"name": "Layer 3_1",
			"from": [7.75, 5.875, 7.9375],
			"to": [7.875, 14.75, 8.1875],
			"faces": {
				"north": {"uv": [7.875, 1.25, 7.75, 10.125], "texture": "#0"},
				"south": {"uv": [7.75, 1.25, 7.875, 10.125], "texture": "#0"},
				"west": {"uv": [7.75, 1.25, 7.875, 10.125], "texture": "#0"},
				"up": {"uv": [7.75, 1.25, 7.875, 1.375], "texture": "#0"}
			}
		},
		{
			"name": "Layer 3_2",
			"from": [8, 5.875, 7.9375],
			"to": [8.125, 14.75, 8.1875],
			"faces": {
				"north": {"uv": [8.125, 1.25, 8, 10.125], "texture": "#0"},
				"east": {"uv": [8, 1.25, 8.125, 10.125], "texture": "#0"},
				"south": {"uv": [8, 1.25, 8.125, 10.125], "texture": "#0"},
				"up": {"uv": [8, 1.25, 8.125, 1.375], "texture": "#0"}
			}
		},
		{
			"name": "Layer 3_3",
			"from": [7.625, 5.625, 7.9375],
			"to": [7.75, 6.375, 8.1875],
			"faces": {
				"north": {"uv": [7.75, 9.625, 7.625, 10.375], "texture": "#0"},
				"south": {"uv": [7.625, 9.625, 7.75, 10.375], "texture": "#0"},
				"west": {"uv": [7.625, 9.625, 7.75, 10.375], "texture": "#0"},
				"up": {"uv": [7.625, 9.625, 7.75, 9.75], "texture": "#0"}
			}
		},
		{
			"name": "Layer 3_4",
			"from": [8.125, 5.625, 7.9375],
			"to": [8.25, 6.375, 8.1875],
			"faces": {
				"north": {"uv": [8.25, 9.625, 8.125, 10.375], "texture": "#0"},
				"east": {"uv": [8.125, 9.625, 8.25, 10.375], "texture": "#0"},
				"south": {"uv": [8.125, 9.625, 8.25, 10.375], "texture": "#0"},
				"up": {"uv": [8.125, 9.625, 8.25, 9.75], "texture": "#0"}
			}
		},
		{
			"name": "Layer 3_5",
			"from": [7.5, 5.375, 7.9375],
			"to": [7.625, 5.75, 8.1875],
			"faces": {
				"north": {"uv": [7.625, 10.25, 7.5, 10.625], "texture": "#0"},
				"south": {"uv": [7.5, 10.25, 7.625, 10.625], "texture": "#0"},
				"west": {"uv": [7.5, 10.25, 7.625, 10.625], "texture": "#0"},
				"up": {"uv": [7.5, 10.25, 7.625, 10.375], "texture": "#0"}
			}
		},
		{
			"name": "Layer 3_6",
			"from": [8.25, 5.375, 7.9375],
			"to": [8.375, 5.75, 8.1875],
			"faces": {
				"north": {"uv": [8.375, 10.25, 8.25, 10.625], "texture": "#0"},
				"east": {"uv": [8.25, 10.25, 8.375, 10.625], "texture": "#0"},
				"south": {"uv": [8.25, 10.25, 8.375, 10.625], "texture": "#0"},
				"up": {"uv": [8.25, 10.25, 8.375, 10.375], "texture": "#0"}
			}
		},
		{
			"name": "Layer 3_7",
			"from": [7.625, 5.375, 7.9375],
			"to": [7.75, 5.5, 8.1875],
			"faces": {
				"north": {"uv": [7.75, 10.5, 7.625, 10.625], "texture": "#0"},
				"south": {"uv": [7.625, 10.5, 7.75, 10.625], "texture": "#0"}
			}
		},
		{
			"name": "Layer 3_8",
			"from": [8.125, 5.375, 7.9375],
			"to": [8.25, 5.5, 8.1875],
			"faces": {
				"north": {"uv": [8.25, 10.5, 8.125, 10.625], "texture": "#0"},
				"south": {"uv": [8.125, 10.5, 8.25, 10.625], "texture": "#0"}
			}
		},
		{
			"name": "Layer 4_0",
			"from": [7.625, 3.25, 7.875],
			"to": [8.25, 3.5, 8.25],
			"faces": {
				"north": {"uv": [8.25, 12.5, 7.625, 12.75], "texture": "#0"},
				"east": {"uv": [8.125, 12.5, 8.25, 12.75], "texture": "#0"},
				"south": {"uv": [7.625, 12.5, 8.25, 12.75], "texture": "#0"},
				"west": {"uv": [7.625, 12.5, 7.75, 12.75], "texture": "#0"},
				"up": {"uv": [7.625, 12.5, 8.25, 12.625], "texture": "#0"},
				"down": {"uv": [7.625, 12.625, 8.25, 12.75], "texture": "#0"}
			}
		},
		{
			"name": "Layer 4_1",
			"from": [7.625, 0.5, 7.875],
			"to": [8.25, 0.875, 8.25],
			"faces": {
				"north": {"uv": [8.25, 15.125, 7.625, 15.5], "texture": "#0"},
				"east": {"uv": [8.125, 15.125, 8.25, 15.5], "texture": "#0"},
				"south": {"uv": [7.625, 15.125, 8.25, 15.5], "texture": "#0"},
				"west": {"uv": [7.625, 15.125, 7.75, 15.5], "texture": "#0"},
				"up": {"uv": [7.625, 15.125, 8.25, 15.25], "texture": "#0"},
				"down": {"uv": [7.625, 15.375, 8.25, 15.5], "texture": "#0"}
			}
		},
		{
			"name": "Layer 4_2",
			"from": [7.75, 0.375, 7.875],
			"to": [8.125, 0.5, 8.25],
			"faces": {
				"north": {"uv": [8.125, 15.5, 7.75, 15.625], "texture": "#0"},
				"east": {"uv": [8, 15.5, 8.125, 15.625], "texture": "#0"},
				"south": {"uv": [7.75, 15.5, 8.125, 15.625], "texture": "#0"},
				"west": {"uv": [7.75, 15.5, 7.875, 15.625], "texture": "#0"},
				"down": {"uv": [7.75, 15.5, 8.125, 15.625], "texture": "#0"}
			}
		},
		{
			"name": "Layer 1_0",
			"from": [7.875, 3.5, 7.875],
			"to": [8, 6, 8.25],
			"faces": {
				"north": {"uv": [8, 10, 7.875, 12.5], "texture": "#0"},
				"east": {"uv": [7.875, 10, 8, 12.5], "texture": "#0"},
				"south": {"uv": [7.875, 10, 8, 12.5], "texture": "#0"},
				"west": {"uv": [7.875, 10, 8, 12.5], "texture": "#0"},
				"up": {"uv": [7.875, 10, 8, 10.125], "texture": "#0"}
			}
		},
		{
			"name": "Layer 1_1",
			"from": [7.75, 3.5, 7.875],
			"to": [7.875, 5.875, 8.25],
			"faces": {
				"north": {"uv": [7.875, 10.125, 7.75, 12.5], "texture": "#0"},
				"south": {"uv": [7.75, 10.125, 7.875, 12.5], "texture": "#0"},
				"west": {"uv": [7.75, 10.125, 7.875, 12.5], "texture": "#0"},
				"up": {"uv": [7.75, 10.125, 7.875, 10.25], "texture": "#0"}
			}
		},
		{
			"name": "Layer 1_2",
			"from": [8, 3.5, 7.875],
			"to": [8.125, 5.875, 8.25],
			"faces": {
				"north": {"uv": [8.125, 10.125, 8, 12.5], "texture": "#0"},
				"east": {"uv": [8, 10.125, 8.125, 12.5], "texture": "#0"},
				"south": {"uv": [8, 10.125, 8.125, 12.5], "texture": "#0"},
				"up": {"uv": [8, 10.125, 8.125, 10.25], "texture": "#0"}
			}
		},
		{
			"name": "Layer 1_3",
			"from": [7.625, 5.5, 7.875],
			"to": [7.75, 5.625, 8.25],
			"faces": {
				"north": {"uv": [7.75, 10.375, 7.625, 10.5], "texture": "#0"},
				"south": {"uv": [7.625, 10.375, 7.75, 10.5], "texture": "#0"},
				"west": {"uv": [7.625, 10.375, 7.75, 10.5], "texture": "#0"},
				"up": {"uv": [7.625, 10.375, 7.75, 10.5], "texture": "#0"},
				"down": {"uv": [7.625, 10.375, 7.75, 10.5], "texture": "#0"}
			}
		},
		{
			"name": "Layer 1_4",
			"from": [8.125, 5.5, 7.875],
			"to": [8.25, 5.625, 8.25],
			"faces": {
				"north": {"uv": [8.25, 10.375, 8.125, 10.5], "texture": "#0"},
				"east": {"uv": [8.125, 10.375, 8.25, 10.5], "texture": "#0"},
				"south": {"uv": [8.125, 10.375, 8.25, 10.5], "texture": "#0"},
				"up": {"uv": [8.125, 10.375, 8.25, 10.5], "texture": "#0"},
				"down": {"uv": [8.125, 10.375, 8.25, 10.5], "texture": "#0"}
			}
		},
		{
			"name": "Layer 1_5",
			"from": [7.125, 5, 7.875],
			"to": [7.75, 5.375, 8.25],
			"faces": {
				"north": {"uv": [7.75, 10.625, 7.125, 11], "texture": "#0"},
				"south": {"uv": [7.125, 10.625, 7.75, 11], "texture": "#0"},
				"west": {"uv": [7.125, 10.625, 7.25, 11], "texture": "#0"},
				"up": {"uv": [7.125, 10.625, 7.75, 10.75], "texture": "#0"},
				"down": {"uv": [7.125, 10.875, 7.75, 11], "texture": "#0"}
			}
		},
		{
			"name": "Layer 1_6",
			"from": [8.125, 5, 7.875],
			"to": [8.75, 5.375, 8.25],
			"faces": {
				"north": {"uv": [8.75, 10.625, 8.125, 11], "texture": "#0"},
				"east": {"uv": [8.625, 10.625, 8.75, 11], "texture": "#0"},
				"south": {"uv": [8.125, 10.625, 8.75, 11], "texture": "#0"},
				"up": {"uv": [8.125, 10.625, 8.75, 10.75], "texture": "#0"},
				"down": {"uv": [8.125, 10.875, 8.75, 11], "texture": "#0"}
			}
		},
		{
			"name": "Layer 1_7",
			"from": [7, 3.875, 7.875],
			"to": [7.125, 5.25, 8.25],
			"faces": {
				"north": {"uv": [7.125, 10.75, 7, 12.125], "texture": "#0"},
				"east": {"uv": [7, 10.75, 7.125, 12.125], "texture": "#0"},
				"south": {"uv": [7, 10.75, 7.125, 12.125], "texture": "#0"},
				"west": {"uv": [7, 10.75, 7.125, 12.125], "texture": "#0"},
				"up": {"uv": [7, 10.75, 7.125, 10.875], "texture": "#0"},
				"down": {"uv": [7, 12, 7.125, 12.125], "texture": "#0"}
			}
		},
		{
			"name": "Layer 1_8",
			"from": [8.75, 4.75, 7.875],
			"to": [8.875, 5.25, 8.25],
			"faces": {
				"north": {"uv": [8.875, 10.75, 8.75, 11.25], "texture": "#0"},
				"east": {"uv": [8.75, 10.75, 8.875, 11.25], "texture": "#0"},
				"south": {"uv": [8.75, 10.75, 8.875, 11.25], "texture": "#0"},
				"up": {"uv": [8.75, 10.75, 8.875, 10.875], "texture": "#0"},
				"down": {"uv": [8.75, 11.125, 8.875, 11.25], "texture": "#0"}
			}
		},
		{
			"name": "Layer 1_9",
			"from": [6.875, 3.875, 7.875],
			"to": [7, 5.125, 8.25],
			"faces": {
				"north": {"uv": [7, 10.875, 6.875, 12.125], "texture": "#0"},
				"south": {"uv": [6.875, 10.875, 7, 12.125], "texture": "#0"},
				"west": {"uv": [6.875, 10.875, 7, 12.125], "texture": "#0"},
				"up": {"uv": [6.875, 10.875, 7, 11], "texture": "#0"},
				"down": {"uv": [6.875, 12, 7, 12.125], "texture": "#0"}
			}
		},
		{
			"name": "Layer 1_10",
			"from": [8.875, 4.75, 7.875],
			"to": [9, 5.125, 8.25],
			"faces": {
				"north": {"uv": [9, 10.875, 8.875, 11.25], "texture": "#0"},
				"east": {"uv": [8.875, 10.875, 9, 11.25], "texture": "#0"},
				"south": {"uv": [8.875, 10.875, 9, 11.25], "texture": "#0"},
				"up": {"uv": [8.875, 10.875, 9, 11], "texture": "#0"},
				"down": {"uv": [8.875, 11.125, 9, 11.25], "texture": "#0"}
			}
		},
		{
			"name": "Layer 1_11",
			"from": [6.75, 3.875, 7.875],
			"to": [6.875, 5, 8.25],
			"faces": {
				"north": {"uv": [6.875, 11, 6.75, 12.125], "texture": "#0"},
				"south": {"uv": [6.75, 11, 6.875, 12.125], "texture": "#0"},
				"west": {"uv": [6.75, 11, 6.875, 12.125], "texture": "#0"},
				"up": {"uv": [6.75, 11, 6.875, 11.125], "texture": "#0"},
				"down": {"uv": [6.75, 12, 6.875, 12.125], "texture": "#0"}
			}
		},
		{
			"name": "Layer 1_12",
			"from": [7.125, 4.875, 7.875],
			"to": [7.375, 5, 8.25],
			"faces": {
				"north": {"uv": [7.375, 11, 7.125, 11.125], "texture": "#0"},
				"east": {"uv": [7.25, 11, 7.375, 11.125], "texture": "#0"},
				"south": {"uv": [7.125, 11, 7.375, 11.125], "texture": "#0"},
				"down": {"uv": [7.125, 11, 7.375, 11.125], "texture": "#0"}
			}
		},
		{
			"name": "Layer 1_13",
			"from": [7.625, 3.625, 7.875],
			"to": [7.75, 5, 8.25],
			"faces": {
				"north": {"uv": [7.75, 11, 7.625, 12.375], "texture": "#0"},
				"south": {"uv": [7.625, 11, 7.75, 12.375], "texture": "#0"},
				"west": {"uv": [7.625, 11, 7.75, 12.375], "texture": "#0"},
				"down": {"uv": [7.625, 12.25, 7.75, 12.375], "texture": "#0"}
			}
		},
		{
			"name": "Layer 1_14",
			"from": [8.125, 3.625, 7.875],
			"to": [8.25, 5, 8.25],
			"faces": {
				"north": {"uv": [8.25, 11, 8.125, 12.375], "texture": "#0"},
				"east": {"uv": [8.125, 11, 8.25, 12.375], "texture": "#0"},
				"south": {"uv": [8.125, 11, 8.25, 12.375], "texture": "#0"},
				"down": {"uv": [8.125, 12.25, 8.25, 12.375], "texture": "#0"}
			}
		},
		{
			"name": "Layer 1_15",
			"from": [8.5, 4.875, 7.875],
			"to": [8.75, 5, 8.25],
			"faces": {
				"north": {"uv": [8.75, 11, 8.5, 11.125], "texture": "#0"},
				"south": {"uv": [8.5, 11, 8.75, 11.125], "texture": "#0"},
				"west": {"uv": [8.5, 11, 8.625, 11.125], "texture": "#0"},
				"down": {"uv": [8.5, 11, 8.75, 11.125], "texture": "#0"}
			}
		},
		{
			"name": "Layer 1_16",
			"from": [7.125, 4.75, 7.875],
			"to": [7.25, 4.875, 8.25],
			"faces": {
				"north": {"uv": [7.25, 11.125, 7.125, 11.25], "texture": "#0"},
				"east": {"uv": [7.125, 11.125, 7.25, 11.25], "texture": "#0"},
				"south": {"uv": [7.125, 11.125, 7.25, 11.25], "texture": "#0"},
				"down": {"uv": [7.125, 11.125, 7.25, 11.25], "texture": "#0"}
			}
		},
		{
			"name": "Layer 1_17",
			"from": [8.625, 4.75, 7.875],
			"to": [8.75, 4.875, 8.25],
			"faces": {
				"north": {"uv": [8.75, 11.125, 8.625, 11.25], "texture": "#0"},
				"south": {"uv": [8.625, 11.125, 8.75, 11.25], "texture": "#0"},
				"west": {"uv": [8.625, 11.125, 8.75, 11.25], "texture": "#0"},
				"down": {"uv": [8.625, 11.125, 8.75, 11.25], "texture": "#0"}
			}
		},
		{
			"name": "Layer 1_18",
			"from": [7.5, 4.5, 7.875],
			"to": [7.625, 4.75, 8.25],
			"faces": {
				"north": {"uv": [7.625, 11.25, 7.5, 11.5], "texture": "#0"},
				"south": {"uv": [7.5, 11.25, 7.625, 11.5], "texture": "#0"},
				"west": {"uv": [7.5, 11.25, 7.625, 11.5], "texture": "#0"},
				"up": {"uv": [7.5, 11.25, 7.625, 11.375], "texture": "#0"},
				"down": {"uv": [7.5, 11.375, 7.625, 11.5], "texture": "#0"}
			}
		},
		{
			"name": "Layer 1_19",
			"from": [8.25, 4.5, 7.875],
			"to": [8.375, 4.75, 8.25],
			"faces": {
				"north": {"uv": [8.375, 11.25, 8.25, 11.5], "texture": "#0"},
				"east": {"uv": [8.25, 11.25, 8.375, 11.5], "texture": "#0"},
				"south": {"uv": [8.25, 11.25, 8.375, 11.5], "texture": "#0"},
				"up": {"uv": [8.25, 11.25, 8.375, 11.375], "texture": "#0"},
				"down": {"uv": [8.25, 11.375, 8.375, 11.5], "texture": "#0"}
			}
		},
		{
			"name": "Layer 1_20",
			"from": [6.125, 3.75, 7.875],
			"to": [6.375, 4.5, 8.25],
			"faces": {
				"north": {"uv": [6.375, 11.5, 6.125, 12.25], "texture": "#0"},
				"east": {"uv": [6.25, 11.5, 6.375, 12.25], "texture": "#0"},
				"south": {"uv": [6.125, 11.5, 6.375, 12.25], "texture": "#0"},
				"west": {"uv": [6.125, 11.5, 6.25, 12.25], "texture": "#0"},
				"up": {"uv": [6.125, 11.5, 6.375, 11.625], "texture": "#0"},
				"down": {"uv": [6.125, 12.125, 6.375, 12.25], "texture": "#0"}
			}
		},
		{
			"name": "Layer 1_21",
			"from": [6.625, 3.875, 7.875],
			"to": [6.75, 4.5, 8.25],
			"faces": {
				"north": {"uv": [6.75, 11.5, 6.625, 12.125], "texture": "#0"},
				"south": {"uv": [6.625, 11.5, 6.75, 12.125], "texture": "#0"},
				"west": {"uv": [6.625, 11.5, 6.75, 12.125], "texture": "#0"},
				"up": {"uv": [6.625, 11.5, 6.75, 11.625], "texture": "#0"},
				"down": {"uv": [6.625, 12, 6.75, 12.125], "texture": "#0"}
			}
		},
		{
			"name": "Layer 1_22",
			"from": [6, 3.875, 7.875],
			"to": [6.125, 4.375, 8.25],
			"faces": {
				"north": {"uv": [6.125, 11.625, 6, 12.125], "texture": "#0"},
				"south": {"uv": [6, 11.625, 6.125, 12.125], "texture": "#0"},
				"west": {"uv": [6, 11.625, 6.125, 12.125], "texture": "#0"},
				"up": {"uv": [6, 11.625, 6.125, 11.75], "texture": "#0"},
				"down": {"uv": [6, 12, 6.125, 12.125], "texture": "#0"}
			}
		},
		{
			"name": "Layer 1_23",
			"from": [6.375, 3.875, 7.875],
			"to": [6.625, 4.375, 8.25],
			"faces": {
				"north": {"uv": [6.625, 11.625, 6.375, 12.125], "texture": "#0"},
				"south": {"uv": [6.375, 11.625, 6.625, 12.125], "texture": "#0"},
				"up": {"uv": [6.375, 11.625, 6.625, 11.75], "texture": "#0"},
				"down": {"uv": [6.375, 12, 6.625, 12.125], "texture": "#0"}
			}
		},
		{
			"name": "Layer 1_24",
			"from": [7.125, 3.875, 7.875],
			"to": [7.625, 4.375, 8.25],
			"faces": {
				"north": {"uv": [7.625, 11.625, 7.125, 12.125], "texture": "#0"},
				"south": {"uv": [7.125, 11.625, 7.625, 12.125], "texture": "#0"},
				"up": {"uv": [7.125, 11.625, 7.625, 11.75], "texture": "#0"},
				"down": {"uv": [7.125, 12, 7.625, 12.125], "texture": "#0"}
			}
		},
		{
			"name": "Layer 1_25",
			"from": [8.25, 3.875, 7.875],
			"to": [8.75, 4.375, 8.25],
			"faces": {
				"north": {"uv": [8.75, 11.625, 8.25, 12.125], "texture": "#0"},
				"east": {"uv": [8.625, 11.625, 8.75, 12.125], "texture": "#0"},
				"south": {"uv": [8.25, 11.625, 8.75, 12.125], "texture": "#0"},
				"up": {"uv": [8.25, 11.625, 8.75, 11.75], "texture": "#0"},
				"down": {"uv": [8.25, 12, 8.75, 12.125], "texture": "#0"}
			}
		},
		{
			"name": "Layer 1_26",
			"from": [5.875, 4, 7.875],
			"to": [6, 4.25, 8.25],
			"faces": {
				"north": {"uv": [6, 11.75, 5.875, 12], "texture": "#0"},
				"south": {"uv": [5.875, 11.75, 6, 12], "texture": "#0"},
				"west": {"uv": [5.875, 11.75, 6, 12], "texture": "#0"},
				"up": {"uv": [5.875, 11.75, 6, 11.875], "texture": "#0"},
				"down": {"uv": [5.875, 11.875, 6, 12], "texture": "#0"}
			}
		},
		{
			"name": "Layer 1_27",
			"from": [7.5, 3.625, 7.875],
			"to": [7.625, 3.875, 8.25],
			"faces": {
				"north": {"uv": [7.625, 12.125, 7.5, 12.375], "texture": "#0"},
				"south": {"uv": [7.5, 12.125, 7.625, 12.375], "texture": "#0"},
				"west": {"uv": [7.5, 12.125, 7.625, 12.375], "texture": "#0"},
				"down": {"uv": [7.5, 12.25, 7.625, 12.375], "texture": "#0"}
			}
		},
		{
			"name": "Layer 1_28",
			"from": [8.25, 3.625, 7.875],
			"to": [8.375, 3.875, 8.25],
			"faces": {
				"north": {"uv": [8.375, 12.125, 8.25, 12.375], "texture": "#0"},
				"east": {"uv": [8.25, 12.125, 8.375, 12.375], "texture": "#0"},
				"south": {"uv": [8.25, 12.125, 8.375, 12.375], "texture": "#0"},
				"down": {"uv": [8.25, 12.25, 8.375, 12.375], "texture": "#0"}
			}
		},
		{
			"name": "Layer 1_29",
			"from": [7.75, 0.875, 7.9375],
			"to": [8.125, 3.25, 8.1875],
			"faces": {
				"north": {"uv": [8.125, 12.75, 7.75, 15.125], "texture": "#0"},
				"east": {"uv": [8, 12.75, 8.125, 15.125], "texture": "#0"},
				"south": {"uv": [7.75, 12.75, 8.125, 15.125], "texture": "#0"},
				"west": {"uv": [7.75, 12.75, 7.875, 15.125], "texture": "#0"}
			}
		},
		{
			"name": "Layer 5_0",
			"from": [6.625, 5.25, 7.9375],
			"to": [6.875, 5.625, 8.1875],
			"faces": {
				"north": {"uv": [6.875, 10.375, 6.625, 10.75], "texture": "#0"},
				"east": {"uv": [6.75, 10.375, 6.875, 10.75], "texture": "#0"},
				"south": {"uv": [6.625, 10.375, 6.875, 10.75], "texture": "#0"},
				"west": {"uv": [6.625, 10.375, 6.75, 10.75], "texture": "#0"},
				"up": {"uv": [6.625, 10.375, 6.875, 10.5], "texture": "#0"},
				"down": {"uv": [6.625, 10.625, 6.875, 10.75], "texture": "#0"}
			}
		},
		{
			"name": "Layer 5_1",
			"from": [9, 5.25, 7.9375],
			"to": [9.25, 5.625, 8.1875],
			"faces": {
				"north": {"uv": [9.25, 10.375, 9, 10.75], "texture": "#0"},
				"east": {"uv": [9.125, 10.375, 9.25, 10.75], "texture": "#0"},
				"south": {"uv": [9, 10.375, 9.25, 10.75], "texture": "#0"},
				"west": {"uv": [9, 10.375, 9.125, 10.75], "texture": "#0"},
				"up": {"uv": [9, 10.375, 9.25, 10.5], "texture": "#0"},
				"down": {"uv": [9, 10.625, 9.25, 10.75], "texture": "#0"}
			}
		},
		{
			"name": "Layer 5_2",
			"from": [6.875, 5.25, 7.9375],
			"to": [7.125, 5.5, 8.1875],
			"faces": {
				"north": {"uv": [7.125, 10.5, 6.875, 10.75], "texture": "#0"},
				"east": {"uv": [7, 10.5, 7.125, 10.75], "texture": "#0"},
				"south": {"uv": [6.875, 10.5, 7.125, 10.75], "texture": "#0"},
				"up": {"uv": [6.875, 10.5, 7.125, 10.625], "texture": "#0"}
			}
		},
		{
			"name": "Layer 5_3",
			"from": [8.75, 5.25, 7.9375],
			"to": [9, 5.5, 8.1875],
			"faces": {
				"north": {"uv": [9, 10.5, 8.75, 10.75], "texture": "#0"},
				"south": {"uv": [8.75, 10.5, 9, 10.75], "texture": "#0"},
				"west": {"uv": [8.75, 10.5, 8.875, 10.75], "texture": "#0"},
				"up": {"uv": [8.75, 10.5, 9, 10.625], "texture": "#0"}
			}
		},
		{
			"name": "Layer 5_4",
			"from": [6.75, 5.125, 7.9375],
			"to": [7, 5.25, 8.1875],
			"faces": {
				"north": {"uv": [7, 10.75, 6.75, 10.875], "texture": "#0"},
				"south": {"uv": [6.75, 10.75, 7, 10.875], "texture": "#0"},
				"west": {"uv": [6.75, 10.75, 6.875, 10.875], "texture": "#0"},
				"down": {"uv": [6.75, 10.75, 7, 10.875], "texture": "#0"}
			}
		},
		{
			"name": "Layer 5_5",
			"from": [8.875, 5.125, 7.9375],
			"to": [9.125, 5.25, 8.1875],
			"faces": {
				"north": {"uv": [9.125, 10.75, 8.875, 10.875], "texture": "#0"},
				"east": {"uv": [9, 10.75, 9.125, 10.875], "texture": "#0"},
				"south": {"uv": [8.875, 10.75, 9.125, 10.875], "texture": "#0"},
				"down": {"uv": [8.875, 10.75, 9.125, 10.875], "texture": "#0"}
			}
		}
	],
	"display": {
		"thirdperson_righthand": {
			"rotation": [0, -90, 0],
			"translation": [0.25, 12, 0.75],
			"scale": [2.5, 2.5, 2.5]
		},
		"thirdperson_lefthand": {
			"rotation": [0, 90, 0],
			"translation": [0.25, 12, 0.75],
			"scale": [2.5, 2.5, 2.5]
		},
		"firstperson_righthand": {
			"rotation": [1, -91, 0],
			"translation": [0, 7.5, 2.75],
			"scale": [1.25, 1.25, 1.25]
		},
		"firstperson_lefthand": {
			"rotation": [1, 91, 0],
			"translation": [0, 7.5, 2.75],
			"scale": [1.25, 1.25, 1.25]
		},
		"ground": {
			"translation": [0, 18.25, 0],
			"scale": [2.5, 2.5, 2.5]
		},
		"gui": {
			"rotation": [0, 0, -45],
			"translation": [0.5, 0.5, 0],
			"scale": [1.5, 1.5, 1.5]
		},
		"head": {
			"rotation": [180, 0, 45],
			"translation": [0, -14.75, 4.75],
			"scale": [3.5, 3.5, 3.5]
		},
		"fixed": {
			"rotation": [180, 0, 135],
			"translation": [-0.75, 0.75, 0],
			"scale": [2, 2, 2]
		}
	},
	"groups": [
		{
			"name": "Layer 2",
			"origin": [8, 8, 8],
			"color": 0,
			"children": [0, 1, 2, 3, 4, 5, 6, 7, 8]
		},
		{
			"name": "Layer 3",
			"origin": [8, 8, 8],
			"color": 0,
			"children": [9, 10, 11, 12, 13, 14, 15, 16, 17]
		},
		{
			"name": "Layer 4",
			"origin": [8, 8, 8],
			"color": 0,
			"children": [18, 19, 20]
		},
		{
			"name": "Layer 1",
			"origin": [8, 8, 8],
			"color": 0,
			"children": [21, 22, 23, 24, 25, 26, 27, 28, 29, 30, 31, 32, 33, 34, 35, 36, 37, 38, 39, 40, 41, 42, 43, 44, 45, 46, 47, 48, 49, 50]
		},
		{
			"name": "Layer 5",
			"origin": [8, 8, 8],
			"color": 0,
			"children": [51, 52, 53, 54, 55, 56]
		}
	]
}