{
	"credit": "Made with Blockbench",
	"textures": {
		"0": "item/imperial_shield",
		"particle": "item/imperial_shield"
	},
	"elements": [
		{
			"name": "plank_shield4_0",
			"from": [7.75, 8.5, 6.625],
			"to": [8.25, 8.625, 8.125],
			"rotation": {"angle": 0, "axis": "y", "origin": [8.75, 8.75, 7.0625]},
			"faces": {
				"east": {"uv": [2, 2, 3.5, 2.125], "texture": "#0"},
				"south": {"uv": [2, 2, 2.125, 2.5], "rotation": 90, "texture": "#0"},
				"west": {"uv": [2, 2.375, 3.5, 2.5], "rotation": 180, "texture": "#0"},
				"up": {"uv": [3.5, 2, 2, 2.5], "rotation": 90, "texture": "#0"},
				"down": {"uv": [2, 2, 3.5, 2.5], "rotation": 90, "texture": "#0"}
			}
		},
		{
			"name": "plank_shield4_1",
			"from": [7.75, 6.875, 6.625],
			"to": [8.25, 7, 8.125],
			"rotation": {"angle": 0, "axis": "y", "origin": [8.75, 8.75, 7.0625]},
			"faces": {
				"east": {"uv": [2, 2, 3.5, 2.125], "texture": "#0"},
				"south": {"uv": [2, 2, 2.125, 2.5], "rotation": 90, "texture": "#0"},
				"west": {"uv": [2, 2.375, 3.5, 2.5], "rotation": 180, "texture": "#0"},
				"up": {"uv": [3.5, 2, 2, 2.5], "rotation": 90, "texture": "#0"},
				"down": {"uv": [2, 2, 3.5, 2.5], "rotation": 90, "texture": "#0"}
			}
		},
		{
			"name": "plank_shield4_1",
			"from": [7.75, 7, 8],
			"to": [8.25, 8.5, 8.125],
			"rotation": {"angle": 0, "axis": "x", "origin": [8.5, 8.5625, 8.375]},
			"faces": {
				"north": {"uv": [2, 2, 3.5, 2.5], "rotation": 270, "texture": "#0"},
				"east": {"uv": [2, 2, 3.5, 2.125], "rotation": 270, "texture": "#0"},
				"south": {"uv": [3.5, 2, 2, 2.5], "rotation": 90, "texture": "#0"},
				"west": {"uv": [2, 2.375, 3.5, 2.5], "rotation": 270, "texture": "#0"}
			}
		},
		{
			"name": "1122_1",
			"from": [6.9375, 5.1875, 6.5],
			"to": [7.4375, 9.8125, 6.625],
			"faces": {
				"north": {"uv": [7.5, 6.125, 7, 10.75], "texture": "#0"},
				"south": {"uv": [7, 6.125, 7.5, 10.75], "texture": "#0"}
			}
		},
		{
			"name": "1122_2",
			"from": [8.5625, 5.1875, 6.5],
			"to": [9.0625, 9.8125, 6.625],
			"faces": {
				"north": {"uv": [9.125, 6.125, 8.625, 10.75], "texture": "#0"},
				"south": {"uv": [8.625, 6.125, 9.125, 10.75], "texture": "#0"}
			}
		},
		{
			"name": "1122_3",
			"from": [6.5625, 5.6875, 6.5],
			"to": [6.9375, 9.6875, 6.625],
			"faces": {
				"north": {"uv": [7, 6.25, 6.625, 10.25], "texture": "#0"},
				"south": {"uv": [6.625, 6.25, 7, 10.25], "texture": "#0"}
			}
		},
		{
			"name": "1122_4",
			"from": [7.4375, 4.8125, 6.5],
			"to": [7.8125, 9.6875, 6.625],
			"faces": {
				"north": {"uv": [7.875, 6.25, 7.5, 11.125], "texture": "#0"},
				"south": {"uv": [7.5, 6.25, 7.875, 11.125], "texture": "#0"}
			}
		},
		{
			"name": "1122_5",
			"from": [8.1875, 4.8125, 6.5],
			"to": [8.5625, 9.6875, 6.625],
			"faces": {
				"north": {"uv": [8.625, 6.25, 8.25, 11.125], "texture": "#0"},
				"south": {"uv": [8.25, 6.25, 8.625, 11.125], "texture": "#0"}
			}
		},
		{
			"name": "1122_6",
			"from": [9.0625, 5.6875, 6.5],
			"to": [9.4375, 9.6875, 6.625],
			"faces": {
				"north": {"uv": [9.5, 6.25, 9.125, 10.25], "texture": "#0"},
				"south": {"uv": [9.125, 6.25, 9.5, 10.25], "texture": "#0"}
			}
		},
		{
			"name": "1122_7",
			"from": [6.4375, 5.8125, 6.5],
			"to": [6.5625, 9.5625, 6.625],
			"faces": {
				"north": {"uv": [6.625, 6.375, 6.5, 10.125], "texture": "#0"},
				"south": {"uv": [6.5, 6.375, 6.625, 10.125], "texture": "#0"}
			}
		},
		{
			"name": "1122_8",
			"from": [7.8125, 4.4375, 6.5],
			"to": [8.1875, 9.5625, 6.625],
			"faces": {
				"north": {"uv": [8.25, 6.375, 7.875, 11.5], "texture": "#0"},
				"south": {"uv": [7.875, 6.375, 8.25, 11.5], "texture": "#0"}
			}
		},
		{
			"name": "1122_9",
			"from": [9.4375, 5.8125, 6.5],
			"to": [9.5625, 9.5625, 6.625],
			"faces": {
				"north": {"uv": [9.625, 6.375, 9.5, 10.125], "texture": "#0"},
				"south": {"uv": [9.5, 6.375, 9.625, 10.125], "texture": "#0"}
			}
		},
		{
			"name": "1122_10",
			"from": [6.3125, 8.5625, 6.5],
			"to": [6.4375, 9.1875, 6.625],
			"faces": {
				"north": {"uv": [6.5, 6.75, 6.375, 7.375], "texture": "#0"},
				"south": {"uv": [6.375, 6.75, 6.5, 7.375], "texture": "#0"}
			}
		},
		{
			"name": "1122_11",
			"from": [9.5625, 8.5625, 6.5],
			"to": [9.6875, 9.1875, 6.625],
			"faces": {
				"north": {"uv": [9.75, 6.75, 9.625, 7.375], "texture": "#0"},
				"south": {"uv": [9.625, 6.75, 9.75, 7.375], "texture": "#0"}
			}
		},
		{
			"name": "1122_12",
			"from": [6.3125, 6.5625, 6.5],
			"to": [6.4375, 7.1875, 6.625],
			"faces": {
				"north": {"uv": [6.5, 8.75, 6.375, 9.375], "texture": "#0"},
				"south": {"uv": [6.375, 8.75, 6.5, 9.375], "texture": "#0"}
			}
		},
		{
			"name": "1122_13",
			"from": [9.5625, 6.5625, 6.5],
			"to": [9.6875, 7.1875, 6.625],
			"faces": {
				"north": {"uv": [9.75, 8.75, 9.625, 9.375], "texture": "#0"},
				"south": {"uv": [9.625, 8.75, 9.75, 9.375], "texture": "#0"}
			}
		},
		{
			"name": "1122_14",
			"from": [6.6875, 5.5625, 6.5],
			"to": [6.9375, 5.6875, 6.625],
			"faces": {
				"north": {"uv": [7, 10.25, 6.75, 10.375], "texture": "#0"},
				"south": {"uv": [6.75, 10.25, 7, 10.375], "texture": "#0"}
			}
		},
		{
			"name": "1122_15",
			"from": [9.0625, 5.5625, 6.5],
			"to": [9.3125, 5.6875, 6.625],
			"faces": {
				"north": {"uv": [9.375, 10.25, 9.125, 10.375], "texture": "#0"},
				"south": {"uv": [9.125, 10.25, 9.375, 10.375], "texture": "#0"}
			}
		},
		{
			"name": "1122_16",
			"from": [6.8125, 5.4375, 6.5],
			"to": [6.9375, 5.5625, 6.625],
			"faces": {
				"north": {"uv": [7, 10.375, 6.875, 10.5], "texture": "#0"},
				"south": {"uv": [6.875, 10.375, 7, 10.5], "texture": "#0"}
			}
		},
		{
			"name": "1122_17",
			"from": [9.0625, 5.4375, 6.5],
			"to": [9.1875, 5.5625, 6.625],
			"faces": {
				"north": {"uv": [9.25, 10.375, 9.125, 10.5], "texture": "#0"},
				"south": {"uv": [9.125, 10.375, 9.25, 10.5], "texture": "#0"}
			}
		},
		{
			"name": "1122_18",
			"from": [7.0625, 5.0625, 6.5],
			"to": [7.4375, 5.1875, 6.625],
			"faces": {
				"north": {"uv": [7.5, 10.75, 7.125, 10.875], "texture": "#0"},
				"south": {"uv": [7.125, 10.75, 7.5, 10.875], "texture": "#0"}
			}
		},
		{
			"name": "1122_19",
			"from": [8.5625, 4.9375, 6.5],
			"to": [8.8125, 5.1875, 6.625],
			"faces": {
				"north": {"uv": [8.875, 10.75, 8.625, 11], "texture": "#0"},
				"south": {"uv": [8.625, 10.75, 8.875, 11], "texture": "#0"}
			}
		},
		{
			"name": "1122_20",
			"from": [8.8125, 5.0625, 6.5],
			"to": [8.9375, 5.1875, 6.625],
			"faces": {
				"north": {"uv": [9, 10.75, 8.875, 10.875], "texture": "#0"},
				"south": {"uv": [8.875, 10.75, 9, 10.875], "texture": "#0"}
			}
		},
		{
			"name": "1122_21",
			"from": [7.1875, 4.9375, 6.5],
			"to": [7.4375, 5.0625, 6.625],
			"faces": {
				"north": {"uv": [7.5, 10.875, 7.25, 11], "texture": "#0"},
				"south": {"uv": [7.25, 10.875, 7.5, 11], "texture": "#0"}
			}
		},
		{
			"name": "1122_22",
			"from": [7.3125, 4.8125, 6.5],
			"to": [7.4375, 4.9375, 6.625],
			"faces": {
				"north": {"uv": [7.5, 11, 7.375, 11.125], "texture": "#0"},
				"south": {"uv": [7.375, 11, 7.5, 11.125], "texture": "#0"}
			}
		},
		{
			"name": "1122_23",
			"from": [8.5625, 4.8125, 6.5],
			"to": [8.6875, 4.9375, 6.625],
			"faces": {
				"north": {"uv": [8.75, 11, 8.625, 11.125], "texture": "#0"},
				"south": {"uv": [8.625, 11, 8.75, 11.125], "texture": "#0"}
			}
		},
		{
			"name": "1122_24",
			"from": [7.5625, 4.6875, 6.5],
			"to": [7.8125, 4.8125, 6.625],
			"faces": {
				"north": {"uv": [7.875, 11.125, 7.625, 11.25], "texture": "#0"},
				"south": {"uv": [7.625, 11.125, 7.875, 11.25], "texture": "#0"}
			}
		},
		{
			"name": "1122_25",
			"from": [8.1875, 4.6875, 6.5],
			"to": [8.4375, 4.8125, 6.625],
			"faces": {
				"north": {"uv": [8.5, 11.125, 8.25, 11.25], "texture": "#0"},
				"south": {"uv": [8.25, 11.125, 8.5, 11.25], "texture": "#0"}
			}
		},
		{
			"name": "1122_26",
			"from": [7.6875, 4.5625, 6.5],
			"to": [7.8125, 4.6875, 6.625],
			"faces": {
				"north": {"uv": [7.875, 11.25, 7.75, 11.375], "texture": "#0"},
				"south": {"uv": [7.75, 11.25, 7.875, 11.375], "texture": "#0"}
			}
		},
		{
			"name": "1122_27",
			"from": [8.1875, 4.5625, 6.5],
			"to": [8.3125, 4.6875, 6.625],
			"faces": {
				"north": {"uv": [8.375, 11.25, 8.25, 11.375], "texture": "#0"},
				"south": {"uv": [8.25, 11.25, 8.375, 11.375], "texture": "#0"}
			}
		},
		{
			"name": "1122_28",
			"from": [7.9375, 4.3125, 6.5],
			"to": [8.0625, 4.4375, 6.625],
			"faces": {
				"north": {"uv": [8.125, 11.5, 8, 11.625], "texture": "#0"},
				"south": {"uv": [8, 11.5, 8.125, 11.625], "texture": "#0"}
			}
		},
		{
			"name": "1222_0",
			"from": [7.8125, 9.5625, 6.4375],
			"to": [8.1875, 10.4375, 6.6875],
			"faces": {
				"north": {"uv": [8.25, 5.5, 7.875, 6.375], "texture": "#0"},
				"east": {"uv": [8.125, 5.5, 8.25, 6.375], "texture": "#0"},
				"south": {"uv": [7.875, 5.5, 8.25, 6.375], "texture": "#0"},
				"west": {"uv": [7.875, 5.5, 8, 6.375], "texture": "#0"},
				"up": {"uv": [7.875, 5.5, 8.25, 5.625], "texture": "#0"},
				"down": {"uv": [7.875, 6.25, 8.25, 6.375], "texture": "#0"}
			}
		},
		{
			"name": "1222_1",
			"from": [7.6875, 9.6875, 6.4375],
			"to": [7.8125, 10.3125, 6.6875],
			"faces": {
				"north": {"uv": [7.875, 5.625, 7.75, 6.25], "texture": "#0"},
				"south": {"uv": [7.75, 5.625, 7.875, 6.25], "texture": "#0"},
				"west": {"uv": [7.75, 5.625, 7.875, 6.25], "texture": "#0"},
				"up": {"uv": [7.75, 5.625, 7.875, 5.75], "texture": "#0"},
				"down": {"uv": [7.75, 6.125, 7.875, 6.25], "texture": "#0"}
			}
		},
		{
			"name": "1222_2",
			"from": [8.1875, 9.6875, 6.4375],
			"to": [8.3125, 10.3125, 6.6875],
			"faces": {
				"north": {"uv": [8.375, 5.625, 8.25, 6.25], "texture": "#0"},
				"east": {"uv": [8.25, 5.625, 8.375, 6.25], "texture": "#0"},
				"south": {"uv": [8.25, 5.625, 8.375, 6.25], "texture": "#0"},
				"up": {"uv": [8.25, 5.625, 8.375, 5.75], "texture": "#0"},
				"down": {"uv": [8.25, 6.125, 8.375, 6.25], "texture": "#0"}
			}
		},
		{
			"name": "1222_3",
			"from": [5.9375, 9.8125, 6.4375],
			"to": [6.3125, 10.1875, 6.6875],
			"faces": {
				"north": {"uv": [6.375, 5.75, 6, 6.125], "texture": "#0"},
				"east": {"uv": [6.25, 5.75, 6.375, 6.125], "texture": "#0"},
				"south": {"uv": [6, 5.75, 6.375, 6.125], "texture": "#0"},
				"west": {"uv": [6, 5.75, 6.125, 6.125], "texture": "#0"},
				"up": {"uv": [6, 5.75, 6.375, 5.875], "texture": "#0"},
				"down": {"uv": [6, 6, 6.375, 6.125], "texture": "#0"}
			}
		},
		{
			"name": "1222_4",
			"from": [7.5625, 9.6875, 6.4375],
			"to": [7.6875, 10.1875, 6.6875],
			"faces": {
				"north": {"uv": [7.75, 5.75, 7.625, 6.25], "texture": "#0"},
				"south": {"uv": [7.625, 5.75, 7.75, 6.25], "texture": "#0"},
				"west": {"uv": [7.625, 5.75, 7.75, 6.25], "texture": "#0"},
				"up": {"uv": [7.625, 5.75, 7.75, 5.875], "texture": "#0"},
				"down": {"uv": [7.625, 6.125, 7.75, 6.25], "texture": "#0"}
			}
		},
		{
			"name": "1222_5",
			"from": [8.3125, 9.6875, 6.4375],
			"to": [8.4375, 10.1875, 6.6875],
			"faces": {
				"north": {"uv": [8.5, 5.75, 8.375, 6.25], "texture": "#0"},
				"east": {"uv": [8.375, 5.75, 8.5, 6.25], "texture": "#0"},
				"south": {"uv": [8.375, 5.75, 8.5, 6.25], "texture": "#0"},
				"up": {"uv": [8.375, 5.75, 8.5, 5.875], "texture": "#0"},
				"down": {"uv": [8.375, 6.125, 8.5, 6.25], "texture": "#0"}
			}
		},
		{
			"name": "1222_6",
			"from": [9.6875, 9.8125, 6.4375],
			"to": [10.0625, 10.1875, 6.6875],
			"faces": {
				"north": {"uv": [10.125, 5.75, 9.75, 6.125], "texture": "#0"},
				"east": {"uv": [10, 5.75, 10.125, 6.125], "texture": "#0"},
				"south": {"uv": [9.75, 5.75, 10.125, 6.125], "texture": "#0"},
				"west": {"uv": [9.75, 5.75, 9.875, 6.125], "texture": "#0"},
				"up": {"uv": [9.75, 5.75, 10.125, 5.875], "texture": "#0"},
				"down": {"uv": [9.75, 6, 10.125, 6.125], "texture": "#0"}
			}
		},
		{
			"name": "1222_7",
			"from": [6.3125, 9.6875, 6.4375],
			"to": [6.6875, 10.0625, 6.6875],
			"faces": {
				"north": {"uv": [6.75, 5.875, 6.375, 6.25], "texture": "#0"},
				"east": {"uv": [6.625, 5.875, 6.75, 6.25], "texture": "#0"},
				"south": {"uv": [6.375, 5.875, 6.75, 6.25], "texture": "#0"},
				"up": {"uv": [6.375, 5.875, 6.75, 6], "texture": "#0"},
				"down": {"uv": [6.375, 6.125, 6.75, 6.25], "texture": "#0"}
			}
		},
		{
			"name": "1222_8",
			"from": [7.1875, 9.8125, 6.4375],
			"to": [7.5625, 10.0625, 6.6875],
			"faces": {
				"north": {"uv": [7.625, 5.875, 7.25, 6.125], "texture": "#0"},
				"south": {"uv": [7.25, 5.875, 7.625, 6.125], "texture": "#0"},
				"west": {"uv": [7.25, 5.875, 7.375, 6.125], "texture": "#0"},
				"up": {"uv": [7.25, 5.875, 7.625, 6], "texture": "#0"},
				"down": {"uv": [7.25, 6, 7.625, 6.125], "texture": "#0"}
			}
		},
		{
			"name": "1222_9",
			"from": [8.4375, 9.8125, 6.4375],
			"to": [8.8125, 10.0625, 6.6875],
			"faces": {
				"north": {"uv": [8.875, 5.875, 8.5, 6.125], "texture": "#0"},
				"east": {"uv": [8.75, 5.875, 8.875, 6.125], "texture": "#0"},
				"south": {"uv": [8.5, 5.875, 8.875, 6.125], "texture": "#0"},
				"up": {"uv": [8.5, 5.875, 8.875, 6], "texture": "#0"},
				"down": {"uv": [8.5, 6, 8.875, 6.125], "texture": "#0"}
			}
		},
		{
			"name": "1222_10",
			"from": [9.3125, 9.6875, 6.4375],
			"to": [9.6875, 10.0625, 6.6875],
			"faces": {
				"north": {"uv": [9.75, 5.875, 9.375, 6.25], "texture": "#0"},
				"south": {"uv": [9.375, 5.875, 9.75, 6.25], "texture": "#0"},
				"west": {"uv": [9.375, 5.875, 9.5, 6.25], "texture": "#0"},
				"up": {"uv": [9.375, 5.875, 9.75, 6], "texture": "#0"},
				"down": {"uv": [9.375, 6.125, 9.75, 6.25], "texture": "#0"}
			}
		},
		{
			"name": "1222_11",
			"from": [6.6875, 9.6875, 6.4375],
			"to": [6.9375, 9.9375, 6.6875],
			"faces": {
				"north": {"uv": [7, 6, 6.75, 6.25], "texture": "#0"},
				"east": {"uv": [6.875, 6, 7, 6.25], "texture": "#0"},
				"south": {"uv": [6.75, 6, 7, 6.25], "texture": "#0"},
				"up": {"uv": [6.75, 6, 7, 6.125], "texture": "#0"},
				"down": {"uv": [6.75, 6.125, 7, 6.25], "texture": "#0"}
			}
		},
		{
			"name": "1222_12",
			"from": [6.9375, 9.8125, 6.4375],
			"to": [7.1875, 9.9375, 6.6875],
			"faces": {
				"north": {"uv": [7.25, 6, 7, 6.125], "texture": "#0"},
				"south": {"uv": [7, 6, 7.25, 6.125], "texture": "#0"},
				"up": {"uv": [7, 6, 7.25, 6.125], "texture": "#0"},
				"down": {"uv": [7, 6, 7.25, 6.125], "texture": "#0"}
			}
		},
		{
			"name": "1222_13",
			"from": [8.8125, 9.8125, 6.4375],
			"to": [9.3125, 9.9375, 6.6875],
			"faces": {
				"north": {"uv": [9.375, 6, 8.875, 6.125], "texture": "#0"},
				"south": {"uv": [8.875, 6, 9.375, 6.125], "texture": "#0"},
				"up": {"uv": [8.875, 6, 9.375, 6.125], "texture": "#0"},
				"down": {"uv": [8.875, 6, 9.375, 6.125], "texture": "#0"}
			}
		},
		{
			"name": "1222_14",
			"from": [6.0625, 9.1875, 6.4375],
			"to": [6.3125, 9.8125, 6.6875],
			"faces": {
				"north": {"uv": [6.375, 6.125, 6.125, 6.75], "texture": "#0"},
				"south": {"uv": [6.125, 6.125, 6.375, 6.75], "texture": "#0"},
				"west": {"uv": [6.125, 6.125, 6.25, 6.75], "texture": "#0"},
				"down": {"uv": [6.125, 6.625, 6.375, 6.75], "texture": "#0"}
			}
		},
		{
			"name": "1222_15",
			"from": [7.4375, 9.6875, 6.4375],
			"to": [7.5625, 9.8125, 6.6875],
			"faces": {
				"north": {"uv": [7.625, 6.125, 7.5, 6.25], "texture": "#0"},
				"south": {"uv": [7.5, 6.125, 7.625, 6.25], "texture": "#0"},
				"west": {"uv": [7.5, 6.125, 7.625, 6.25], "texture": "#0"},
				"down": {"uv": [7.5, 6.125, 7.625, 6.25], "texture": "#0"}
			}
		},
		{
			"name": "1222_16",
			"from": [8.4375, 9.6875, 6.4375],
			"to": [8.5625, 9.8125, 6.6875],
			"faces": {
				"north": {"uv": [8.625, 6.125, 8.5, 6.25], "texture": "#0"},
				"east": {"uv": [8.5, 6.125, 8.625, 6.25], "texture": "#0"},
				"south": {"uv": [8.5, 6.125, 8.625, 6.25], "texture": "#0"},
				"down": {"uv": [8.5, 6.125, 8.625, 6.25], "texture": "#0"}
			}
		},
		{
			"name": "1222_17",
			"from": [9.0625, 9.6875, 6.4375],
			"to": [9.3125, 9.8125, 6.6875],
			"faces": {
				"north": {"uv": [9.375, 6.125, 9.125, 6.25], "texture": "#0"},
				"south": {"uv": [9.125, 6.125, 9.375, 6.25], "texture": "#0"},
				"west": {"uv": [9.125, 6.125, 9.25, 6.25], "texture": "#0"},
				"down": {"uv": [9.125, 6.125, 9.375, 6.25], "texture": "#0"}
			}
		},
		{
			"name": "1222_18",
			"from": [9.6875, 9.1875, 6.4375],
			"to": [9.9375, 9.8125, 6.6875],
			"faces": {
				"north": {"uv": [10, 6.125, 9.75, 6.75], "texture": "#0"},
				"east": {"uv": [9.875, 6.125, 10, 6.75], "texture": "#0"},
				"south": {"uv": [9.75, 6.125, 10, 6.75], "texture": "#0"},
				"down": {"uv": [9.75, 6.625, 10, 6.75], "texture": "#0"}
			}
		},
		{
			"name": "1222_19",
			"from": [6.3125, 9.5625, 6.4375],
			"to": [6.5625, 9.6875, 6.6875],
			"faces": {
				"north": {"uv": [6.625, 6.25, 6.375, 6.375], "texture": "#0"},
				"east": {"uv": [6.5, 6.25, 6.625, 6.375], "texture": "#0"},
				"south": {"uv": [6.375, 6.25, 6.625, 6.375], "texture": "#0"},
				"down": {"uv": [6.375, 6.25, 6.625, 6.375], "texture": "#0"}
			}
		},
		{
			"name": "1222_20",
			"from": [9.4375, 9.5625, 6.4375],
			"to": [9.6875, 9.6875, 6.6875],
			"faces": {
				"north": {"uv": [9.75, 6.25, 9.5, 6.375], "texture": "#0"},
				"south": {"uv": [9.5, 6.25, 9.75, 6.375], "texture": "#0"},
				"west": {"uv": [9.5, 6.25, 9.625, 6.375], "texture": "#0"},
				"down": {"uv": [9.5, 6.25, 9.75, 6.375], "texture": "#0"}
			}
		},
		{
			"name": "1222_21",
			"from": [6.3125, 9.1875, 6.4375],
			"to": [6.4375, 9.5625, 6.6875],
			"faces": {
				"north": {"uv": [6.5, 6.375, 6.375, 6.75], "texture": "#0"},
				"east": {"uv": [6.375, 6.375, 6.5, 6.75], "texture": "#0"},
				"south": {"uv": [6.375, 6.375, 6.5, 6.75], "texture": "#0"},
				"down": {"uv": [6.375, 6.625, 6.5, 6.75], "texture": "#0"}
			}
		},
		{
			"name": "1222_22",
			"from": [9.5625, 9.1875, 6.4375],
			"to": [9.6875, 9.5625, 6.6875],
			"faces": {
				"north": {"uv": [9.75, 6.375, 9.625, 6.75], "texture": "#0"},
				"south": {"uv": [9.625, 6.375, 9.75, 6.75], "texture": "#0"},
				"west": {"uv": [9.625, 6.375, 9.75, 6.75], "texture": "#0"},
				"down": {"uv": [9.625, 6.625, 9.75, 6.75], "texture": "#0"}
			}
		},
		{
			"name": "1222_23",
			"from": [6.1875, 8.5625, 6.4375],
			"to": [6.3125, 9.1875, 6.6875],
			"faces": {
				"north": {"uv": [6.375, 6.75, 6.25, 7.375], "texture": "#0"},
				"east": {"uv": [6.25, 6.75, 6.375, 7.375], "texture": "#0"},
				"south": {"uv": [6.25, 6.75, 6.375, 7.375], "texture": "#0"},
				"west": {"uv": [6.25, 6.75, 6.375, 7.375], "texture": "#0"},
				"down": {"uv": [6.25, 7.25, 6.375, 7.375], "texture": "#0"}
			}
		},
		{
			"name": "1222_24",
			"from": [9.6875, 8.5625, 6.4375],
			"to": [9.8125, 9.1875, 6.6875],
			"faces": {
				"north": {"uv": [9.875, 6.75, 9.75, 7.375], "texture": "#0"},
				"east": {"uv": [9.75, 6.75, 9.875, 7.375], "texture": "#0"},
				"south": {"uv": [9.75, 6.75, 9.875, 7.375], "texture": "#0"},
				"west": {"uv": [9.75, 6.75, 9.875, 7.375], "texture": "#0"},
				"down": {"uv": [9.75, 7.25, 9.875, 7.375], "texture": "#0"}
			}
		},
		{
			"name": "1222_25",
			"from": [6.3125, 7.1875, 6.4375],
			"to": [6.4375, 8.5625, 6.6875],
			"faces": {
				"north": {"uv": [6.5, 7.375, 6.375, 8.75], "texture": "#0"},
				"east": {"uv": [6.375, 7.375, 6.5, 8.75], "texture": "#0"},
				"south": {"uv": [6.375, 7.375, 6.5, 8.75], "texture": "#0"},
				"west": {"uv": [6.375, 7.375, 6.5, 8.75], "texture": "#0"},
				"up": {"uv": [6.375, 7.375, 6.5, 7.5], "texture": "#0"},
				"down": {"uv": [6.375, 8.625, 6.5, 8.75], "texture": "#0"}
			}
		},
		{
			"name": "1222_26",
			"from": [9.5625, 7.1875, 6.4375],
			"to": [9.6875, 8.5625, 6.6875],
			"faces": {
				"north": {"uv": [9.75, 7.375, 9.625, 8.75], "texture": "#0"},
				"east": {"uv": [9.625, 7.375, 9.75, 8.75], "texture": "#0"},
				"south": {"uv": [9.625, 7.375, 9.75, 8.75], "texture": "#0"},
				"west": {"uv": [9.625, 7.375, 9.75, 8.75], "texture": "#0"},
				"up": {"uv": [9.625, 7.375, 9.75, 7.5], "texture": "#0"},
				"down": {"uv": [9.625, 8.625, 9.75, 8.75], "texture": "#0"}
			}
		},
		{
			"name": "1222_27",
			"from": [6.1875, 5.6875, 6.4375],
			"to": [6.3125, 7.1875, 6.6875],
			"faces": {
				"north": {"uv": [6.375, 8.75, 6.25, 10.25], "texture": "#0"},
				"east": {"uv": [6.25, 8.75, 6.375, 10.25], "texture": "#0"},
				"south": {"uv": [6.25, 8.75, 6.375, 10.25], "texture": "#0"},
				"west": {"uv": [6.25, 8.75, 6.375, 10.25], "texture": "#0"},
				"up": {"uv": [6.25, 8.75, 6.375, 8.875], "texture": "#0"},
				"down": {"uv": [6.25, 10.125, 6.375, 10.25], "texture": "#0"}
			}
		},
		{
			"name": "1222_28",
			"from": [9.6875, 5.6875, 6.4375],
			"to": [9.8125, 7.1875, 6.6875],
			"faces": {
				"north": {"uv": [9.875, 8.75, 9.75, 10.25], "texture": "#0"},
				"east": {"uv": [9.75, 8.75, 9.875, 10.25], "texture": "#0"},
				"south": {"uv": [9.75, 8.75, 9.875, 10.25], "texture": "#0"},
				"west": {"uv": [9.75, 8.75, 9.875, 10.25], "texture": "#0"},
				"up": {"uv": [9.75, 8.75, 9.875, 8.875], "texture": "#0"},
				"down": {"uv": [9.75, 10.125, 9.875, 10.25], "texture": "#0"}
			}
		},
		{
			"name": "1222_29",
			"from": [6.0625, 5.8125, 6.4375],
			"to": [6.1875, 6.5625, 6.6875],
			"faces": {
				"north": {"uv": [6.25, 9.375, 6.125, 10.125], "texture": "#0"},
				"south": {"uv": [6.125, 9.375, 6.25, 10.125], "texture": "#0"},
				"west": {"uv": [6.125, 9.375, 6.25, 10.125], "texture": "#0"},
				"up": {"uv": [6.125, 9.375, 6.25, 9.5], "texture": "#0"},
				"down": {"uv": [6.125, 10, 6.25, 10.125], "texture": "#0"}
			}
		},
		{
			"name": "1222_30",
			"from": [6.3125, 5.5625, 6.4375],
			"to": [6.4375, 6.5625, 6.6875],
			"faces": {
				"north": {"uv": [6.5, 9.375, 6.375, 10.375], "texture": "#0"},
				"east": {"uv": [6.375, 9.375, 6.5, 10.375], "texture": "#0"},
				"south": {"uv": [6.375, 9.375, 6.5, 10.375], "texture": "#0"},
				"west": {"uv": [6.375, 9.375, 6.5, 10.375], "texture": "#0"},
				"up": {"uv": [6.375, 9.375, 6.5, 9.5], "texture": "#0"},
				"down": {"uv": [6.375, 10.25, 6.5, 10.375], "texture": "#0"}
			}
		},
		{
			"name": "1222_31",
			"from": [9.5625, 5.5625, 6.4375],
			"to": [9.6875, 6.5625, 6.6875],
			"faces": {
				"north": {"uv": [9.75, 9.375, 9.625, 10.375], "texture": "#0"},
				"east": {"uv": [9.625, 9.375, 9.75, 10.375], "texture": "#0"},
				"south": {"uv": [9.625, 9.375, 9.75, 10.375], "texture": "#0"},
				"west": {"uv": [9.625, 9.375, 9.75, 10.375], "texture": "#0"},
				"up": {"uv": [9.625, 9.375, 9.75, 9.5], "texture": "#0"},
				"down": {"uv": [9.625, 10.25, 9.75, 10.375], "texture": "#0"}
			}
		},
		{
			"name": "1222_32",
			"from": [9.8125, 5.8125, 6.4375],
			"to": [9.9375, 6.5625, 6.6875],
			"faces": {
				"north": {"uv": [10, 9.375, 9.875, 10.125], "texture": "#0"},
				"east": {"uv": [9.875, 9.375, 10, 10.125], "texture": "#0"},
				"south": {"uv": [9.875, 9.375, 10, 10.125], "texture": "#0"},
				"up": {"uv": [9.875, 9.375, 10, 9.5], "texture": "#0"},
				"down": {"uv": [9.875, 10, 10, 10.125], "texture": "#0"}
			}
		},
		{
			"name": "1222_33",
			"from": [6.4375, 5.4375, 6.4375],
			"to": [6.5625, 5.8125, 6.6875],
			"faces": {
				"north": {"uv": [6.625, 10.125, 6.5, 10.5], "texture": "#0"},
				"east": {"uv": [6.5, 10.125, 6.625, 10.5], "texture": "#0"},
				"south": {"uv": [6.5, 10.125, 6.625, 10.5], "texture": "#0"},
				"west": {"uv": [6.5, 10.125, 6.625, 10.5], "texture": "#0"},
				"up": {"uv": [6.5, 10.125, 6.625, 10.25], "texture": "#0"},
				"down": {"uv": [6.5, 10.375, 6.625, 10.5], "texture": "#0"}
			}
		},
		{
			"name": "1222_34",
			"from": [9.4375, 5.4375, 6.4375],
			"to": [9.5625, 5.8125, 6.6875],
			"faces": {
				"north": {"uv": [9.625, 10.125, 9.5, 10.5], "texture": "#0"},
				"east": {"uv": [9.5, 10.125, 9.625, 10.5], "texture": "#0"},
				"south": {"uv": [9.5, 10.125, 9.625, 10.5], "texture": "#0"},
				"west": {"uv": [9.5, 10.125, 9.625, 10.5], "texture": "#0"},
				"up": {"uv": [9.5, 10.125, 9.625, 10.25], "texture": "#0"},
				"down": {"uv": [9.5, 10.375, 9.625, 10.5], "texture": "#0"}
			}
		},
		{
			"name": "1222_35",
			"from": [6.5625, 5.3125, 6.4375],
			"to": [6.6875, 5.6875, 6.6875],
			"faces": {
				"north": {"uv": [6.75, 10.25, 6.625, 10.625], "texture": "#0"},
				"east": {"uv": [6.625, 10.25, 6.75, 10.625], "texture": "#0"},
				"south": {"uv": [6.625, 10.25, 6.75, 10.625], "texture": "#0"},
				"west": {"uv": [6.625, 10.25, 6.75, 10.625], "texture": "#0"},
				"up": {"uv": [6.625, 10.25, 6.75, 10.375], "texture": "#0"},
				"down": {"uv": [6.625, 10.5, 6.75, 10.625], "texture": "#0"}
			}
		},
		{
			"name": "1222_36",
			"from": [9.3125, 5.3125, 6.4375],
			"to": [9.4375, 5.6875, 6.6875],
			"faces": {
				"north": {"uv": [9.5, 10.25, 9.375, 10.625], "texture": "#0"},
				"east": {"uv": [9.375, 10.25, 9.5, 10.625], "texture": "#0"},
				"south": {"uv": [9.375, 10.25, 9.5, 10.625], "texture": "#0"},
				"west": {"uv": [9.375, 10.25, 9.5, 10.625], "texture": "#0"},
				"up": {"uv": [9.375, 10.25, 9.5, 10.375], "texture": "#0"},
				"down": {"uv": [9.375, 10.5, 9.5, 10.625], "texture": "#0"}
			}
		},
		{
			"name": "1222_37",
			"from": [6.6875, 5.1875, 6.4375],
			"to": [6.8125, 5.5625, 6.6875],
			"faces": {
				"north": {"uv": [6.875, 10.375, 6.75, 10.75], "texture": "#0"},
				"east": {"uv": [6.75, 10.375, 6.875, 10.75], "texture": "#0"},
				"south": {"uv": [6.75, 10.375, 6.875, 10.75], "texture": "#0"},
				"west": {"uv": [6.75, 10.375, 6.875, 10.75], "texture": "#0"},
				"up": {"uv": [6.75, 10.375, 6.875, 10.5], "texture": "#0"},
				"down": {"uv": [6.75, 10.625, 6.875, 10.75], "texture": "#0"}
			}
		},
		{
			"name": "1222_38",
			"from": [9.1875, 5.1875, 6.4375],
			"to": [9.3125, 5.5625, 6.6875],
			"faces": {
				"north": {"uv": [9.375, 10.375, 9.25, 10.75], "texture": "#0"},
				"east": {"uv": [9.25, 10.375, 9.375, 10.75], "texture": "#0"},
				"south": {"uv": [9.25, 10.375, 9.375, 10.75], "texture": "#0"},
				"west": {"uv": [9.25, 10.375, 9.375, 10.75], "texture": "#0"},
				"up": {"uv": [9.25, 10.375, 9.375, 10.5], "texture": "#0"},
				"down": {"uv": [9.25, 10.625, 9.375, 10.75], "texture": "#0"}
			}
		},
		{
			"name": "1222_39",
			"from": [6.8125, 5.1875, 6.4375],
			"to": [6.9375, 5.4375, 6.6875],
			"faces": {
				"north": {"uv": [7, 10.5, 6.875, 10.75], "texture": "#0"},
				"east": {"uv": [6.875, 10.5, 7, 10.75], "texture": "#0"},
				"south": {"uv": [6.875, 10.5, 7, 10.75], "texture": "#0"},
				"up": {"uv": [6.875, 10.5, 7, 10.625], "texture": "#0"},
				"down": {"uv": [6.875, 10.625, 7, 10.75], "texture": "#0"}
			}
		},
		{
			"name": "1222_40",
			"from": [9.0625, 5.1875, 6.4375],
			"to": [9.1875, 5.4375, 6.6875],
			"faces": {
				"north": {"uv": [9.25, 10.5, 9.125, 10.75], "texture": "#0"},
				"south": {"uv": [9.125, 10.5, 9.25, 10.75], "texture": "#0"},
				"west": {"uv": [9.125, 10.5, 9.25, 10.75], "texture": "#0"},
				"up": {"uv": [9.125, 10.5, 9.25, 10.625], "texture": "#0"},
				"down": {"uv": [9.125, 10.625, 9.25, 10.75], "texture": "#0"}
			}
		},
		{
			"name": "1222_41",
			"from": [6.9375, 5.0625, 6.4375],
			"to": [7.0625, 5.1875, 6.6875],
			"faces": {
				"north": {"uv": [7.125, 10.75, 7, 10.875], "texture": "#0"},
				"east": {"uv": [7, 10.75, 7.125, 10.875], "texture": "#0"},
				"south": {"uv": [7, 10.75, 7.125, 10.875], "texture": "#0"},
				"west": {"uv": [7, 10.75, 7.125, 10.875], "texture": "#0"},
				"up": {"uv": [7, 10.75, 7.125, 10.875], "texture": "#0"},
				"down": {"uv": [7, 10.75, 7.125, 10.875], "texture": "#0"}
			}
		},
		{
			"name": "1222_42",
			"from": [8.9375, 5.0625, 6.4375],
			"to": [9.0625, 5.1875, 6.6875],
			"faces": {
				"north": {"uv": [9.125, 10.75, 9, 10.875], "texture": "#0"},
				"east": {"uv": [9, 10.75, 9.125, 10.875], "texture": "#0"},
				"south": {"uv": [9, 10.75, 9.125, 10.875], "texture": "#0"},
				"west": {"uv": [9, 10.75, 9.125, 10.875], "texture": "#0"},
				"up": {"uv": [9, 10.75, 9.125, 10.875], "texture": "#0"},
				"down": {"uv": [9, 10.75, 9.125, 10.875], "texture": "#0"}
			}
		},
		{
			"name": "1222_43",
			"from": [7.0625, 4.9375, 6.4375],
			"to": [7.1875, 5.0625, 6.6875],
			"faces": {
				"north": {"uv": [7.25, 10.875, 7.125, 11], "texture": "#0"},
				"east": {"uv": [7.125, 10.875, 7.25, 11], "texture": "#0"},
				"south": {"uv": [7.125, 10.875, 7.25, 11], "texture": "#0"},
				"west": {"uv": [7.125, 10.875, 7.25, 11], "texture": "#0"},
				"up": {"uv": [7.125, 10.875, 7.25, 11], "texture": "#0"},
				"down": {"uv": [7.125, 10.875, 7.25, 11], "texture": "#0"}
			}
		},
		{
			"name": "1222_44",
			"from": [8.8125, 4.9375, 6.4375],
			"to": [8.9375, 5.0625, 6.6875],
			"faces": {
				"north": {"uv": [9, 10.875, 8.875, 11], "texture": "#0"},
				"east": {"uv": [8.875, 10.875, 9, 11], "texture": "#0"},
				"south": {"uv": [8.875, 10.875, 9, 11], "texture": "#0"},
				"west": {"uv": [8.875, 10.875, 9, 11], "texture": "#0"},
				"up": {"uv": [8.875, 10.875, 9, 11], "texture": "#0"},
				"down": {"uv": [8.875, 10.875, 9, 11], "texture": "#0"}
			}
		},
		{
			"name": "1222_45",
			"from": [7.1875, 4.8125, 6.4375],
			"to": [7.3125, 4.9375, 6.6875],
			"faces": {
				"north": {"uv": [7.375, 11, 7.25, 11.125], "texture": "#0"},
				"east": {"uv": [7.25, 11, 7.375, 11.125], "texture": "#0"},
				"south": {"uv": [7.25, 11, 7.375, 11.125], "texture": "#0"},
				"west": {"uv": [7.25, 11, 7.375, 11.125], "texture": "#0"},
				"up": {"uv": [7.25, 11, 7.375, 11.125], "texture": "#0"},
				"down": {"uv": [7.25, 11, 7.375, 11.125], "texture": "#0"}
			}
		},
		{
			"name": "1222_46",
			"from": [8.6875, 4.8125, 6.4375],
			"to": [8.8125, 4.9375, 6.6875],
			"faces": {
				"north": {"uv": [8.875, 11, 8.75, 11.125], "texture": "#0"},
				"east": {"uv": [8.75, 11, 8.875, 11.125], "texture": "#0"},
				"south": {"uv": [8.75, 11, 8.875, 11.125], "texture": "#0"},
				"west": {"uv": [8.75, 11, 8.875, 11.125], "texture": "#0"},
				"up": {"uv": [8.75, 11, 8.875, 11.125], "texture": "#0"},
				"down": {"uv": [8.75, 11, 8.875, 11.125], "texture": "#0"}
			}
		},
		{
			"name": "1222_47",
			"from": [7.3125, 4.5625, 6.4375],
			"to": [7.5625, 4.8125, 6.6875],
			"faces": {
				"north": {"uv": [7.625, 11.125, 7.375, 11.375], "texture": "#0"},
				"east": {"uv": [7.5, 11.125, 7.625, 11.375], "texture": "#0"},
				"south": {"uv": [7.375, 11.125, 7.625, 11.375], "texture": "#0"},
				"west": {"uv": [7.375, 11.125, 7.5, 11.375], "texture": "#0"},
				"up": {"uv": [7.375, 11.125, 7.625, 11.25], "texture": "#0"},
				"down": {"uv": [7.375, 11.25, 7.625, 11.375], "texture": "#0"}
			}
		},
		{
			"name": "1222_48",
			"from": [8.4375, 4.5625, 6.4375],
			"to": [8.6875, 4.8125, 6.6875],
			"faces": {
				"north": {"uv": [8.75, 11.125, 8.5, 11.375], "texture": "#0"},
				"east": {"uv": [8.625, 11.125, 8.75, 11.375], "texture": "#0"},
				"south": {"uv": [8.5, 11.125, 8.75, 11.375], "texture": "#0"},
				"west": {"uv": [8.5, 11.125, 8.625, 11.375], "texture": "#0"},
				"up": {"uv": [8.5, 11.125, 8.75, 11.25], "texture": "#0"},
				"down": {"uv": [8.5, 11.25, 8.75, 11.375], "texture": "#0"}
			}
		},
		{
			"name": "1222_49",
			"from": [7.5625, 4.3125, 6.4375],
			"to": [7.6875, 4.6875, 6.6875],
			"faces": {
				"north": {"uv": [7.75, 11.25, 7.625, 11.625], "texture": "#0"},
				"east": {"uv": [7.625, 11.25, 7.75, 11.625], "texture": "#0"},
				"south": {"uv": [7.625, 11.25, 7.75, 11.625], "texture": "#0"},
				"west": {"uv": [7.625, 11.25, 7.75, 11.625], "texture": "#0"},
				"up": {"uv": [7.625, 11.25, 7.75, 11.375], "texture": "#0"},
				"down": {"uv": [7.625, 11.5, 7.75, 11.625], "texture": "#0"}
			}
		},
		{
			"name": "1222_50",
			"from": [8.3125, 4.3125, 6.4375],
			"to": [8.4375, 4.6875, 6.6875],
			"faces": {
				"north": {"uv": [8.5, 11.25, 8.375, 11.625], "texture": "#0"},
				"east": {"uv": [8.375, 11.25, 8.5, 11.625], "texture": "#0"},
				"south": {"uv": [8.375, 11.25, 8.5, 11.625], "texture": "#0"},
				"west": {"uv": [8.375, 11.25, 8.5, 11.625], "texture": "#0"},
				"up": {"uv": [8.375, 11.25, 8.5, 11.375], "texture": "#0"},
				"down": {"uv": [8.375, 11.5, 8.5, 11.625], "texture": "#0"}
			}
		},
		{
			"name": "1222_51",
			"from": [7.4375, 4.4375, 6.4375],
			"to": [7.5625, 4.5625, 6.6875],
			"faces": {
				"north": {"uv": [7.625, 11.375, 7.5, 11.5], "texture": "#0"},
				"south": {"uv": [7.5, 11.375, 7.625, 11.5], "texture": "#0"},
				"west": {"uv": [7.5, 11.375, 7.625, 11.5], "texture": "#0"},
				"down": {"uv": [7.5, 11.375, 7.625, 11.5], "texture": "#0"}
			}
		},
		{
			"name": "1222_52",
			"from": [7.6875, 4.1875, 6.4375],
			"to": [7.8125, 4.5625, 6.6875],
			"faces": {
				"north": {"uv": [7.875, 11.375, 7.75, 11.75], "texture": "#0"},
				"east": {"uv": [7.75, 11.375, 7.875, 11.75], "texture": "#0"},
				"south": {"uv": [7.75, 11.375, 7.875, 11.75], "texture": "#0"},
				"west": {"uv": [7.75, 11.375, 7.875, 11.75], "texture": "#0"},
				"up": {"uv": [7.75, 11.375, 7.875, 11.5], "texture": "#0"},
				"down": {"uv": [7.75, 11.625, 7.875, 11.75], "texture": "#0"}
			}
		},
		{
			"name": "1222_53",
			"from": [8.1875, 4.1875, 6.4375],
			"to": [8.3125, 4.5625, 6.6875],
			"faces": {
				"north": {"uv": [8.375, 11.375, 8.25, 11.75], "texture": "#0"},
				"east": {"uv": [8.25, 11.375, 8.375, 11.75], "texture": "#0"},
				"south": {"uv": [8.25, 11.375, 8.375, 11.75], "texture": "#0"},
				"west": {"uv": [8.25, 11.375, 8.375, 11.75], "texture": "#0"},
				"up": {"uv": [8.25, 11.375, 8.375, 11.5], "texture": "#0"},
				"down": {"uv": [8.25, 11.625, 8.375, 11.75], "texture": "#0"}
			}
		},
		{
			"name": "1222_54",
			"from": [8.4375, 4.4375, 6.4375],
			"to": [8.5625, 4.5625, 6.6875],
			"faces": {
				"north": {"uv": [8.625, 11.375, 8.5, 11.5], "texture": "#0"},
				"east": {"uv": [8.5, 11.375, 8.625, 11.5], "texture": "#0"},
				"south": {"uv": [8.5, 11.375, 8.625, 11.5], "texture": "#0"},
				"down": {"uv": [8.5, 11.375, 8.625, 11.5], "texture": "#0"}
			}
		},
		{
			"name": "1222_55",
			"from": [7.8125, 4.0625, 6.4375],
			"to": [7.9375, 4.4375, 6.6875],
			"faces": {
				"north": {"uv": [8, 11.5, 7.875, 11.875], "texture": "#0"},
				"east": {"uv": [7.875, 11.5, 8, 11.875], "texture": "#0"},
				"south": {"uv": [7.875, 11.5, 8, 11.875], "texture": "#0"},
				"west": {"uv": [7.875, 11.5, 8, 11.875], "texture": "#0"},
				"up": {"uv": [7.875, 11.5, 8, 11.625], "texture": "#0"},
				"down": {"uv": [7.875, 11.75, 8, 11.875], "texture": "#0"}
			}
		},
		{
			"name": "1222_56",
			"from": [8.0625, 4.0625, 6.4375],
			"to": [8.1875, 4.4375, 6.6875],
			"faces": {
				"north": {"uv": [8.25, 11.5, 8.125, 11.875], "texture": "#0"},
				"east": {"uv": [8.125, 11.5, 8.25, 11.875], "texture": "#0"},
				"south": {"uv": [8.125, 11.5, 8.25, 11.875], "texture": "#0"},
				"west": {"uv": [8.125, 11.5, 8.25, 11.875], "texture": "#0"},
				"up": {"uv": [8.125, 11.5, 8.25, 11.625], "texture": "#0"},
				"down": {"uv": [8.125, 11.75, 8.25, 11.875], "texture": "#0"}
			}
		},
		{
			"name": "1222_57",
			"from": [7.9375, 3.9375, 6.4375],
			"to": [8.0625, 4.3125, 6.6875],
			"faces": {
				"north": {"uv": [8.125, 11.625, 8, 12], "texture": "#0"},
				"east": {"uv": [8, 11.625, 8.125, 12], "texture": "#0"},
				"south": {"uv": [8, 11.625, 8.125, 12], "texture": "#0"},
				"west": {"uv": [8, 11.625, 8.125, 12], "texture": "#0"},
				"up": {"uv": [8, 11.625, 8.125, 11.75], "texture": "#0"},
				"down": {"uv": [8, 11.875, 8.125, 12], "texture": "#0"}
			}
		},
		{
			"name": "11222_0",
			"from": [6.5625, 9.4375, 6.4375],
			"to": [6.6875, 9.5625, 6.6875],
			"faces": {
				"north": {"uv": [6.75, 6.375, 6.625, 6.5], "texture": "#0"},
				"east": {"uv": [6.625, 6.375, 6.75, 6.5], "texture": "#0"},
				"south": {"uv": [6.625, 6.375, 6.75, 6.5], "texture": "#0"},
				"west": {"uv": [6.625, 6.375, 6.75, 6.5], "texture": "#0"},
				"up": {"uv": [6.625, 6.375, 6.75, 6.5], "texture": "#0"},
				"down": {"uv": [6.625, 6.375, 6.75, 6.5], "texture": "#0"}
			}
		},
		{
			"name": "11222_1",
			"from": [6.9375, 9.4375, 6.4375],
			"to": [7.0625, 9.5625, 6.6875],
			"faces": {
				"north": {"uv": [7.125, 6.375, 7, 6.5], "texture": "#0"},
				"east": {"uv": [7, 6.375, 7.125, 6.5], "texture": "#0"},
				"south": {"uv": [7, 6.375, 7.125, 6.5], "texture": "#0"},
				"west": {"uv": [7, 6.375, 7.125, 6.5], "texture": "#0"},
				"up": {"uv": [7, 6.375, 7.125, 6.5], "texture": "#0"},
				"down": {"uv": [7, 6.375, 7.125, 6.5], "texture": "#0"}
			}
		},
		{
			"name": "11222_2",
			"from": [8.9375, 9.4375, 6.4375],
			"to": [9.0625, 9.5625, 6.6875],
			"faces": {
				"north": {"uv": [9.125, 6.375, 9, 6.5], "texture": "#0"},
				"east": {"uv": [9, 6.375, 9.125, 6.5], "texture": "#0"},
				"south": {"uv": [9, 6.375, 9.125, 6.5], "texture": "#0"},
				"west": {"uv": [9, 6.375, 9.125, 6.5], "texture": "#0"},
				"up": {"uv": [9, 6.375, 9.125, 6.5], "texture": "#0"},
				"down": {"uv": [9, 6.375, 9.125, 6.5], "texture": "#0"}
			}
		},
		{
			"name": "11222_3",
			"from": [9.3125, 9.4375, 6.4375],
			"to": [9.4375, 9.5625, 6.6875],
			"faces": {
				"north": {"uv": [9.5, 6.375, 9.375, 6.5], "texture": "#0"},
				"east": {"uv": [9.375, 6.375, 9.5, 6.5], "texture": "#0"},
				"south": {"uv": [9.375, 6.375, 9.5, 6.5], "texture": "#0"},
				"west": {"uv": [9.375, 6.375, 9.5, 6.5], "texture": "#0"},
				"up": {"uv": [9.375, 6.375, 9.5, 6.5], "texture": "#0"},
				"down": {"uv": [9.375, 6.375, 9.5, 6.5], "texture": "#0"}
			}
		},
		{
			"name": "11222_4",
			"from": [6.6875, 9.3125, 6.4375],
			"to": [6.9375, 9.4375, 6.6875],
			"faces": {
				"north": {"uv": [7, 6.5, 6.75, 6.625], "texture": "#0"},
				"east": {"uv": [6.875, 6.5, 7, 6.625], "texture": "#0"},
				"south": {"uv": [6.75, 6.5, 7, 6.625], "texture": "#0"},
				"west": {"uv": [6.75, 6.5, 6.875, 6.625], "texture": "#0"},
				"up": {"uv": [6.75, 6.5, 7, 6.625], "texture": "#0"},
				"down": {"uv": [6.75, 6.5, 7, 6.625], "texture": "#0"}
			}
		},
		{
			"name": "11222_5",
			"from": [7.3125, 9.3125, 6.4375],
			"to": [7.5625, 9.4375, 6.6875],
			"faces": {
				"north": {"uv": [7.625, 6.5, 7.375, 6.625], "texture": "#0"},
				"east": {"uv": [7.5, 6.5, 7.625, 6.625], "texture": "#0"},
				"south": {"uv": [7.375, 6.5, 7.625, 6.625], "texture": "#0"},
				"west": {"uv": [7.375, 6.5, 7.5, 6.625], "texture": "#0"},
				"up": {"uv": [7.375, 6.5, 7.625, 6.625], "texture": "#0"},
				"down": {"uv": [7.375, 6.5, 7.625, 6.625], "texture": "#0"}
			}
		},
		{
			"name": "11222_6",
			"from": [8.5625, 9.3125, 6.4375],
			"to": [8.6875, 9.4375, 6.6875],
			"faces": {
				"north": {"uv": [8.75, 6.5, 8.625, 6.625], "texture": "#0"},
				"east": {"uv": [8.625, 6.5, 8.75, 6.625], "texture": "#0"},
				"south": {"uv": [8.625, 6.5, 8.75, 6.625], "texture": "#0"},
				"west": {"uv": [8.625, 6.5, 8.75, 6.625], "texture": "#0"},
				"up": {"uv": [8.625, 6.5, 8.75, 6.625], "texture": "#0"},
				"down": {"uv": [8.625, 6.5, 8.75, 6.625], "texture": "#0"}
			}
		},
		{
			"name": "11222_7",
			"from": [9.0625, 9.3125, 6.4375],
			"to": [9.3125, 9.4375, 6.6875],
			"faces": {
				"north": {"uv": [9.375, 6.5, 9.125, 6.625], "texture": "#0"},
				"east": {"uv": [9.25, 6.5, 9.375, 6.625], "texture": "#0"},
				"south": {"uv": [9.125, 6.5, 9.375, 6.625], "texture": "#0"},
				"west": {"uv": [9.125, 6.5, 9.25, 6.625], "texture": "#0"},
				"up": {"uv": [9.125, 6.5, 9.375, 6.625], "texture": "#0"},
				"down": {"uv": [9.125, 6.5, 9.375, 6.625], "texture": "#0"}
			}
		},
		{
			"name": "11222_8",
			"from": [6.6875, 9.1875, 6.4375],
			"to": [6.8125, 9.3125, 6.6875],
			"faces": {
				"north": {"uv": [6.875, 6.625, 6.75, 6.75], "texture": "#0"},
				"east": {"uv": [6.75, 6.625, 6.875, 6.75], "texture": "#0"},
				"south": {"uv": [6.75, 6.625, 6.875, 6.75], "texture": "#0"},
				"west": {"uv": [6.75, 6.625, 6.875, 6.75], "texture": "#0"},
				"down": {"uv": [6.75, 6.625, 6.875, 6.75], "texture": "#0"}
			}
		},
		{
			"name": "11222_9",
			"from": [7.5625, 9.1875, 6.4375],
			"to": [7.6875, 9.3125, 6.6875],
			"faces": {
				"north": {"uv": [7.75, 6.625, 7.625, 6.75], "texture": "#0"},
				"east": {"uv": [7.625, 6.625, 7.75, 6.75], "texture": "#0"},
				"south": {"uv": [7.625, 6.625, 7.75, 6.75], "texture": "#0"},
				"west": {"uv": [7.625, 6.625, 7.75, 6.75], "texture": "#0"},
				"up": {"uv": [7.625, 6.625, 7.75, 6.75], "texture": "#0"},
				"down": {"uv": [7.625, 6.625, 7.75, 6.75], "texture": "#0"}
			}
		},
		{
			"name": "11222_10",
			"from": [8.3125, 9.1875, 6.4375],
			"to": [8.4375, 9.3125, 6.6875],
			"faces": {
				"north": {"uv": [8.5, 6.625, 8.375, 6.75], "texture": "#0"},
				"east": {"uv": [8.375, 6.625, 8.5, 6.75], "texture": "#0"},
				"south": {"uv": [8.375, 6.625, 8.5, 6.75], "texture": "#0"},
				"west": {"uv": [8.375, 6.625, 8.5, 6.75], "texture": "#0"},
				"up": {"uv": [8.375, 6.625, 8.5, 6.75], "texture": "#0"},
				"down": {"uv": [8.375, 6.625, 8.5, 6.75], "texture": "#0"}
			}
		},
		{
			"name": "11222_11",
			"from": [9.1875, 9.1875, 6.4375],
			"to": [9.3125, 9.3125, 6.6875],
			"faces": {
				"north": {"uv": [9.375, 6.625, 9.25, 6.75], "texture": "#0"},
				"east": {"uv": [9.25, 6.625, 9.375, 6.75], "texture": "#0"},
				"south": {"uv": [9.25, 6.625, 9.375, 6.75], "texture": "#0"},
				"west": {"uv": [9.25, 6.625, 9.375, 6.75], "texture": "#0"},
				"down": {"uv": [9.25, 6.625, 9.375, 6.75], "texture": "#0"}
			}
		},
		{
			"name": "11222_12",
			"from": [6.5625, 9.0625, 6.4375],
			"to": [6.6875, 9.1875, 6.6875],
			"faces": {
				"north": {"uv": [6.75, 6.75, 6.625, 6.875], "texture": "#0"},
				"east": {"uv": [6.625, 6.75, 6.75, 6.875], "texture": "#0"},
				"south": {"uv": [6.625, 6.75, 6.75, 6.875], "texture": "#0"},
				"west": {"uv": [6.625, 6.75, 6.75, 6.875], "texture": "#0"},
				"up": {"uv": [6.625, 6.75, 6.75, 6.875], "texture": "#0"},
				"down": {"uv": [6.625, 6.75, 6.75, 6.875], "texture": "#0"}
			}
		},
		{
			"name": "11222_13",
			"from": [7.6875, 8.6875, 6.4375],
			"to": [7.8125, 9.1875, 6.6875],
			"faces": {
				"north": {"uv": [7.875, 6.75, 7.75, 7.25], "texture": "#0"},
				"east": {"uv": [7.75, 6.75, 7.875, 7.25], "texture": "#0"},
				"south": {"uv": [7.75, 6.75, 7.875, 7.25], "texture": "#0"},
				"west": {"uv": [7.75, 6.75, 7.875, 7.25], "texture": "#0"},
				"up": {"uv": [7.75, 6.75, 7.875, 6.875], "texture": "#0"},
				"down": {"uv": [7.75, 7.125, 7.875, 7.25], "texture": "#0"}
			}
		},
		{
			"name": "11222_14",
			"from": [8.1875, 8.6875, 6.4375],
			"to": [8.3125, 9.1875, 6.6875],
			"faces": {
				"north": {"uv": [8.375, 6.75, 8.25, 7.25], "texture": "#0"},
				"east": {"uv": [8.25, 6.75, 8.375, 7.25], "texture": "#0"},
				"south": {"uv": [8.25, 6.75, 8.375, 7.25], "texture": "#0"},
				"west": {"uv": [8.25, 6.75, 8.375, 7.25], "texture": "#0"},
				"up": {"uv": [8.25, 6.75, 8.375, 6.875], "texture": "#0"},
				"down": {"uv": [8.25, 7.125, 8.375, 7.25], "texture": "#0"}
			}
		},
		{
			"name": "11222_15",
			"from": [9.3125, 9.0625, 6.4375],
			"to": [9.4375, 9.1875, 6.6875],
			"faces": {
				"north": {"uv": [9.5, 6.75, 9.375, 6.875], "texture": "#0"},
				"east": {"uv": [9.375, 6.75, 9.5, 6.875], "texture": "#0"},
				"south": {"uv": [9.375, 6.75, 9.5, 6.875], "texture": "#0"},
				"west": {"uv": [9.375, 6.75, 9.5, 6.875], "texture": "#0"},
				"up": {"uv": [9.375, 6.75, 9.5, 6.875], "texture": "#0"},
				"down": {"uv": [9.375, 6.75, 9.5, 6.875], "texture": "#0"}
			}
		},
		{
			"name": "11222_16",
			"from": [7.0625, 8.9375, 6.4375],
			"to": [7.3125, 9.0625, 6.6875],
			"faces": {
				"north": {"uv": [7.375, 6.875, 7.125, 7], "texture": "#0"},
				"east": {"uv": [7.25, 6.875, 7.375, 7], "texture": "#0"},
				"south": {"uv": [7.125, 6.875, 7.375, 7], "texture": "#0"},
				"west": {"uv": [7.125, 6.875, 7.25, 7], "texture": "#0"},
				"up": {"uv": [7.125, 6.875, 7.375, 7], "texture": "#0"},
				"down": {"uv": [7.125, 6.875, 7.375, 7], "texture": "#0"}
			}
		},
		{
			"name": "11222_17",
			"from": [7.9375, 8.9375, 6.4375],
			"to": [8.0625, 9.0625, 6.6875],
			"faces": {
				"north": {"uv": [8.125, 6.875, 8, 7], "texture": "#0"},
				"east": {"uv": [8, 6.875, 8.125, 7], "texture": "#0"},
				"south": {"uv": [8, 6.875, 8.125, 7], "texture": "#0"},
				"west": {"uv": [8, 6.875, 8.125, 7], "texture": "#0"},
				"up": {"uv": [8, 6.875, 8.125, 7], "texture": "#0"},
				"down": {"uv": [8, 6.875, 8.125, 7], "texture": "#0"}
			}
		},
		{
			"name": "11222_18",
			"from": [8.6875, 8.9375, 6.4375],
			"to": [8.9375, 9.0625, 6.6875],
			"faces": {
				"north": {"uv": [9, 6.875, 8.75, 7], "texture": "#0"},
				"east": {"uv": [8.875, 6.875, 9, 7], "texture": "#0"},
				"south": {"uv": [8.75, 6.875, 9, 7], "texture": "#0"},
				"west": {"uv": [8.75, 6.875, 8.875, 7], "texture": "#0"},
				"up": {"uv": [8.75, 6.875, 9, 7], "texture": "#0"},
				"down": {"uv": [8.75, 6.875, 9, 7], "texture": "#0"}
			}
		},
		{
			"name": "11222_19",
			"from": [6.9375, 8.5625, 6.4375],
			"to": [7.0625, 8.9375, 6.6875],
			"faces": {
				"north": {"uv": [7.125, 7, 7, 7.375], "texture": "#0"},
				"east": {"uv": [7, 7, 7.125, 7.375], "texture": "#0"},
				"south": {"uv": [7, 7, 7.125, 7.375], "texture": "#0"},
				"west": {"uv": [7, 7, 7.125, 7.375], "texture": "#0"},
				"up": {"uv": [7, 7, 7.125, 7.125], "texture": "#0"},
				"down": {"uv": [7, 7.25, 7.125, 7.375], "texture": "#0"}
			}
		},
		{
			"name": "11222_20",
			"from": [7.3125, 8.6875, 6.4375],
			"to": [7.4375, 8.9375, 6.6875],
			"faces": {
				"north": {"uv": [7.5, 7, 7.375, 7.25], "texture": "#0"},
				"east": {"uv": [7.375, 7, 7.5, 7.25], "texture": "#0"},
				"south": {"uv": [7.375, 7, 7.5, 7.25], "texture": "#0"},
				"west": {"uv": [7.375, 7, 7.5, 7.25], "texture": "#0"},
				"up": {"uv": [7.375, 7, 7.5, 7.125], "texture": "#0"},
				"down": {"uv": [7.375, 7.125, 7.5, 7.25], "texture": "#0"}
			}
		},
		{
			"name": "11222_21",
			"from": [7.8125, 8.8125, 6.4375],
			"to": [7.9375, 8.9375, 6.6875],
			"faces": {
				"north": {"uv": [8, 7, 7.875, 7.125], "texture": "#0"},
				"east": {"uv": [7.875, 7, 8, 7.125], "texture": "#0"},
				"south": {"uv": [7.875, 7, 8, 7.125], "texture": "#0"},
				"up": {"uv": [7.875, 7, 8, 7.125], "texture": "#0"},
				"down": {"uv": [7.875, 7, 8, 7.125], "texture": "#0"}
			}
		},
		{
			"name": "11222_22",
			"from": [8.0625, 8.8125, 6.4375],
			"to": [8.1875, 8.9375, 6.6875],
			"faces": {
				"north": {"uv": [8.25, 7, 8.125, 7.125], "texture": "#0"},
				"south": {"uv": [8.125, 7, 8.25, 7.125], "texture": "#0"},
				"west": {"uv": [8.125, 7, 8.25, 7.125], "texture": "#0"},
				"up": {"uv": [8.125, 7, 8.25, 7.125], "texture": "#0"},
				"down": {"uv": [8.125, 7, 8.25, 7.125], "texture": "#0"}
			}
		},
		{
			"name": "11222_23",
			"from": [8.5625, 8.6875, 6.4375],
			"to": [8.6875, 8.9375, 6.6875],
			"faces": {
				"north": {"uv": [8.75, 7, 8.625, 7.25], "texture": "#0"},
				"east": {"uv": [8.625, 7, 8.75, 7.25], "texture": "#0"},
				"south": {"uv": [8.625, 7, 8.75, 7.25], "texture": "#0"},
				"west": {"uv": [8.625, 7, 8.75, 7.25], "texture": "#0"},
				"up": {"uv": [8.625, 7, 8.75, 7.125], "texture": "#0"},
				"down": {"uv": [8.625, 7.125, 8.75, 7.25], "texture": "#0"}
			}
		},
		{
			"name": "11222_24",
			"from": [8.9375, 8.5625, 6.4375],
			"to": [9.0625, 8.9375, 6.6875],
			"faces": {
				"north": {"uv": [9.125, 7, 9, 7.375], "texture": "#0"},
				"east": {"uv": [9, 7, 9.125, 7.375], "texture": "#0"},
				"south": {"uv": [9, 7, 9.125, 7.375], "texture": "#0"},
				"west": {"uv": [9, 7, 9.125, 7.375], "texture": "#0"},
				"up": {"uv": [9, 7, 9.125, 7.125], "texture": "#0"},
				"down": {"uv": [9, 7.25, 9.125, 7.375], "texture": "#0"}
			}
		},
		{
			"name": "11222_25",
			"from": [7.1875, 8.6875, 6.4375],
			"to": [7.3125, 8.8125, 6.6875],
			"faces": {
				"north": {"uv": [7.375, 7.125, 7.25, 7.25], "texture": "#0"},
				"south": {"uv": [7.25, 7.125, 7.375, 7.25], "texture": "#0"},
				"west": {"uv": [7.25, 7.125, 7.375, 7.25], "texture": "#0"},
				"up": {"uv": [7.25, 7.125, 7.375, 7.25], "texture": "#0"},
				"down": {"uv": [7.25, 7.125, 7.375, 7.25], "texture": "#0"}
			}
		},
		{
			"name": "11222_26",
			"from": [8.6875, 8.6875, 6.4375],
			"to": [8.8125, 8.8125, 6.6875],
			"faces": {
				"north": {"uv": [8.875, 7.125, 8.75, 7.25], "texture": "#0"},
				"east": {"uv": [8.75, 7.125, 8.875, 7.25], "texture": "#0"},
				"south": {"uv": [8.75, 7.125, 8.875, 7.25], "texture": "#0"},
				"up": {"uv": [8.75, 7.125, 8.875, 7.25], "texture": "#0"},
				"down": {"uv": [8.75, 7.125, 8.875, 7.25], "texture": "#0"}
			}
		},
		{
			"name": "11222_27",
			"from": [7.5625, 8.5625, 6.4375],
			"to": [7.6875, 8.6875, 6.6875],
			"faces": {
				"north": {"uv": [7.75, 7.25, 7.625, 7.375], "texture": "#0"},
				"east": {"uv": [7.625, 7.25, 7.75, 7.375], "texture": "#0"},
				"south": {"uv": [7.625, 7.25, 7.75, 7.375], "texture": "#0"},
				"west": {"uv": [7.625, 7.25, 7.75, 7.375], "texture": "#0"},
				"up": {"uv": [7.625, 7.25, 7.75, 7.375], "texture": "#0"},
				"down": {"uv": [7.625, 7.25, 7.75, 7.375], "texture": "#0"}
			}
		},
		{
			"name": "11222_28",
			"from": [8.3125, 8.5625, 6.4375],
			"to": [8.4375, 8.6875, 6.6875],
			"faces": {
				"north": {"uv": [8.5, 7.25, 8.375, 7.375], "texture": "#0"},
				"east": {"uv": [8.375, 7.25, 8.5, 7.375], "texture": "#0"},
				"south": {"uv": [8.375, 7.25, 8.5, 7.375], "texture": "#0"},
				"west": {"uv": [8.375, 7.25, 8.5, 7.375], "texture": "#0"},
				"up": {"uv": [8.375, 7.25, 8.5, 7.375], "texture": "#0"},
				"down": {"uv": [8.375, 7.25, 8.5, 7.375], "texture": "#0"}
			}
		},
		{
			"name": "11222_29",
			"from": [7.0625, 8.4375, 6.4375],
			"to": [7.5625, 8.5625, 6.6875],
			"faces": {
				"north": {"uv": [7.625, 7.375, 7.125, 7.5], "texture": "#0"},
				"east": {"uv": [7.5, 7.375, 7.625, 7.5], "texture": "#0"},
				"south": {"uv": [7.125, 7.375, 7.625, 7.5], "texture": "#0"},
				"west": {"uv": [7.125, 7.375, 7.25, 7.5], "texture": "#0"},
				"up": {"uv": [7.125, 7.375, 7.625, 7.5], "texture": "#0"},
				"down": {"uv": [7.125, 7.375, 7.625, 7.5], "texture": "#0"}
			}
		},
		{
			"name": "11222_30",
			"from": [7.9375, 8.4375, 6.4375],
			"to": [8.0625, 8.5625, 6.6875],
			"faces": {
				"north": {"uv": [8.125, 7.375, 8, 7.5], "texture": "#0"},
				"east": {"uv": [8, 7.375, 8.125, 7.5], "texture": "#0"},
				"south": {"uv": [8, 7.375, 8.125, 7.5], "texture": "#0"},
				"west": {"uv": [8, 7.375, 8.125, 7.5], "texture": "#0"},
				"up": {"uv": [8, 7.375, 8.125, 7.5], "texture": "#0"},
				"down": {"uv": [8, 7.375, 8.125, 7.5], "texture": "#0"}
			}
		},
		{
			"name": "11222_31",
			"from": [8.4375, 8.4375, 6.4375],
			"to": [8.9375, 8.5625, 6.6875],
			"faces": {
				"north": {"uv": [9, 7.375, 8.5, 7.5], "texture": "#0"},
				"east": {"uv": [8.875, 7.375, 9, 7.5], "texture": "#0"},
				"south": {"uv": [8.5, 7.375, 9, 7.5], "texture": "#0"},
				"west": {"uv": [8.5, 7.375, 8.625, 7.5], "texture": "#0"},
				"up": {"uv": [8.5, 7.375, 9, 7.5], "texture": "#0"},
				"down": {"uv": [8.5, 7.375, 9, 7.5], "texture": "#0"}
			}
		},
		{
			"name": "11222_32",
			"from": [6.6875, 8.3125, 6.4375],
			"to": [6.8125, 8.4375, 6.6875],
			"faces": {
				"north": {"uv": [6.875, 7.5, 6.75, 7.625], "texture": "#0"},
				"east": {"uv": [6.75, 7.5, 6.875, 7.625], "texture": "#0"},
				"south": {"uv": [6.75, 7.5, 6.875, 7.625], "texture": "#0"},
				"west": {"uv": [6.75, 7.5, 6.875, 7.625], "texture": "#0"},
				"up": {"uv": [6.75, 7.5, 6.875, 7.625], "texture": "#0"},
				"down": {"uv": [6.75, 7.5, 6.875, 7.625], "texture": "#0"}
			}
		},
		{
			"name": "11222_33",
			"from": [7.4375, 8.3125, 6.4375],
			"to": [7.5625, 8.4375, 6.6875],
			"faces": {
				"north": {"uv": [7.625, 7.5, 7.5, 7.625], "texture": "#0"},
				"east": {"uv": [7.5, 7.5, 7.625, 7.625], "texture": "#0"},
				"south": {"uv": [7.5, 7.5, 7.625, 7.625], "texture": "#0"},
				"west": {"uv": [7.5, 7.5, 7.625, 7.625], "texture": "#0"},
				"down": {"uv": [7.5, 7.5, 7.625, 7.625], "texture": "#0"}
			}
		},
		{
			"name": "11222_34",
			"from": [7.8125, 8.3125, 6.4375],
			"to": [7.9375, 8.4375, 6.6875],
			"faces": {
				"north": {"uv": [8, 7.5, 7.875, 7.625], "texture": "#0"},
				"east": {"uv": [7.875, 7.5, 8, 7.625], "texture": "#0"},
				"south": {"uv": [7.875, 7.5, 8, 7.625], "texture": "#0"},
				"west": {"uv": [7.875, 7.5, 8, 7.625], "texture": "#0"},
				"up": {"uv": [7.875, 7.5, 8, 7.625], "texture": "#0"},
				"down": {"uv": [7.875, 7.5, 8, 7.625], "texture": "#0"}
			}
		},
		{
			"name": "11222_35",
			"from": [8.0625, 8.3125, 6.4375],
			"to": [8.1875, 8.4375, 6.6875],
			"faces": {
				"north": {"uv": [8.25, 7.5, 8.125, 7.625], "texture": "#0"},
				"east": {"uv": [8.125, 7.5, 8.25, 7.625], "texture": "#0"},
				"south": {"uv": [8.125, 7.5, 8.25, 7.625], "texture": "#0"},
				"west": {"uv": [8.125, 7.5, 8.25, 7.625], "texture": "#0"},
				"up": {"uv": [8.125, 7.5, 8.25, 7.625], "texture": "#0"},
				"down": {"uv": [8.125, 7.5, 8.25, 7.625], "texture": "#0"}
			}
		},
		{
			"name": "11222_36",
			"from": [8.4375, 8.3125, 6.4375],
			"to": [8.5625, 8.4375, 6.6875],
			"faces": {
				"north": {"uv": [8.625, 7.5, 8.5, 7.625], "texture": "#0"},
				"east": {"uv": [8.5, 7.5, 8.625, 7.625], "texture": "#0"},
				"south": {"uv": [8.5, 7.5, 8.625, 7.625], "texture": "#0"},
				"west": {"uv": [8.5, 7.5, 8.625, 7.625], "texture": "#0"},
				"down": {"uv": [8.5, 7.5, 8.625, 7.625], "texture": "#0"}
			}
		},
		{
			"name": "11222_37",
			"from": [9.1875, 8.3125, 6.4375],
			"to": [9.3125, 8.4375, 6.6875],
			"faces": {
				"north": {"uv": [9.375, 7.5, 9.25, 7.625], "texture": "#0"},
				"east": {"uv": [9.25, 7.5, 9.375, 7.625], "texture": "#0"},
				"south": {"uv": [9.25, 7.5, 9.375, 7.625], "texture": "#0"},
				"west": {"uv": [9.25, 7.5, 9.375, 7.625], "texture": "#0"},
				"up": {"uv": [9.25, 7.5, 9.375, 7.625], "texture": "#0"},
				"down": {"uv": [9.25, 7.5, 9.375, 7.625], "texture": "#0"}
			}
		},
		{
			"name": "11222_38",
			"from": [6.5625, 8.0625, 6.4375],
			"to": [6.6875, 8.3125, 6.6875],
			"faces": {
				"north": {"uv": [6.75, 7.625, 6.625, 7.875], "texture": "#0"},
				"east": {"uv": [6.625, 7.625, 6.75, 7.875], "texture": "#0"},
				"south": {"uv": [6.625, 7.625, 6.75, 7.875], "texture": "#0"},
				"west": {"uv": [6.625, 7.625, 6.75, 7.875], "texture": "#0"},
				"up": {"uv": [6.625, 7.625, 6.75, 7.75], "texture": "#0"},
				"down": {"uv": [6.625, 7.75, 6.75, 7.875], "texture": "#0"}
			}
		},
		{
			"name": "11222_39",
			"from": [7.1875, 8.1875, 6.4375],
			"to": [7.4375, 8.3125, 6.6875],
			"faces": {
				"north": {"uv": [7.5, 7.625, 7.25, 7.75], "texture": "#0"},
				"east": {"uv": [7.375, 7.625, 7.5, 7.75], "texture": "#0"},
				"south": {"uv": [7.25, 7.625, 7.5, 7.75], "texture": "#0"},
				"west": {"uv": [7.25, 7.625, 7.375, 7.75], "texture": "#0"},
				"up": {"uv": [7.25, 7.625, 7.5, 7.75], "texture": "#0"},
				"down": {"uv": [7.25, 7.625, 7.5, 7.75], "texture": "#0"}
			}
		},
		{
			"name": "11222_40",
			"from": [7.9375, 7.9375, 6.4375],
			"to": [8.0625, 8.3125, 6.6875],
			"faces": {
				"north": {"uv": [8.125, 7.625, 8, 8], "texture": "#0"},
				"east": {"uv": [8, 7.625, 8.125, 8], "texture": "#0"},
				"south": {"uv": [8, 7.625, 8.125, 8], "texture": "#0"},
				"west": {"uv": [8, 7.625, 8.125, 8], "texture": "#0"},
				"up": {"uv": [8, 7.625, 8.125, 7.75], "texture": "#0"},
				"down": {"uv": [8, 7.875, 8.125, 8], "texture": "#0"}
			}
		},
		{
			"name": "11222_41",
			"from": [8.5625, 8.1875, 6.4375],
			"to": [8.8125, 8.3125, 6.6875],
			"faces": {
				"north": {"uv": [8.875, 7.625, 8.625, 7.75], "texture": "#0"},
				"east": {"uv": [8.75, 7.625, 8.875, 7.75], "texture": "#0"},
				"south": {"uv": [8.625, 7.625, 8.875, 7.75], "texture": "#0"},
				"west": {"uv": [8.625, 7.625, 8.75, 7.75], "texture": "#0"},
				"up": {"uv": [8.625, 7.625, 8.875, 7.75], "texture": "#0"},
				"down": {"uv": [8.625, 7.625, 8.875, 7.75], "texture": "#0"}
			}
		},
		{
			"name": "11222_42",
			"from": [9.3125, 8.0625, 6.4375],
			"to": [9.4375, 8.3125, 6.6875],
			"faces": {
				"north": {"uv": [9.5, 7.625, 9.375, 7.875], "texture": "#0"},
				"east": {"uv": [9.375, 7.625, 9.5, 7.875], "texture": "#0"},
				"south": {"uv": [9.375, 7.625, 9.5, 7.875], "texture": "#0"},
				"west": {"uv": [9.375, 7.625, 9.5, 7.875], "texture": "#0"},
				"up": {"uv": [9.375, 7.625, 9.5, 7.75], "texture": "#0"},
				"down": {"uv": [9.375, 7.75, 9.5, 7.875], "texture": "#0"}
			}
		},
		{
			"name": "11222_43",
			"from": [6.9375, 8.0625, 6.4375],
			"to": [7.1875, 8.1875, 6.6875],
			"faces": {
				"north": {"uv": [7.25, 7.75, 7, 7.875], "texture": "#0"},
				"east": {"uv": [7.125, 7.75, 7.25, 7.875], "texture": "#0"},
				"south": {"uv": [7, 7.75, 7.25, 7.875], "texture": "#0"},
				"west": {"uv": [7, 7.75, 7.125, 7.875], "texture": "#0"},
				"up": {"uv": [7, 7.75, 7.25, 7.875], "texture": "#0"},
				"down": {"uv": [7, 7.75, 7.25, 7.875], "texture": "#0"}
			}
		},
		{
			"name": "11222_44",
			"from": [8.8125, 8.0625, 6.4375],
			"to": [9.0625, 8.1875, 6.6875],
			"faces": {
				"north": {"uv": [9.125, 7.75, 8.875, 7.875], "texture": "#0"},
				"east": {"uv": [9, 7.75, 9.125, 7.875], "texture": "#0"},
				"south": {"uv": [8.875, 7.75, 9.125, 7.875], "texture": "#0"},
				"west": {"uv": [8.875, 7.75, 9, 7.875], "texture": "#0"},
				"up": {"uv": [8.875, 7.75, 9.125, 7.875], "texture": "#0"},
				"down": {"uv": [8.875, 7.75, 9.125, 7.875], "texture": "#0"}
			}
		},
		{
			"name": "11222_45",
			"from": [6.6875, 7.9375, 6.4375],
			"to": [6.9375, 8.0625, 6.6875],
			"faces": {
				"north": {"uv": [7, 7.875, 6.75, 8], "texture": "#0"},
				"east": {"uv": [6.875, 7.875, 7, 8], "texture": "#0"},
				"south": {"uv": [6.75, 7.875, 7, 8], "texture": "#0"},
				"west": {"uv": [6.75, 7.875, 6.875, 8], "texture": "#0"},
				"up": {"uv": [6.75, 7.875, 7, 8], "texture": "#0"},
				"down": {"uv": [6.75, 7.875, 7, 8], "texture": "#0"}
			}
		},
		{
			"name": "11222_46",
			"from": [7.5625, 7.8125, 6.4375],
			"to": [7.6875, 8.0625, 6.6875],
			"faces": {
				"north": {"uv": [7.75, 7.875, 7.625, 8.125], "texture": "#0"},
				"east": {"uv": [7.625, 7.875, 7.75, 8.125], "texture": "#0"},
				"south": {"uv": [7.625, 7.875, 7.75, 8.125], "texture": "#0"},
				"west": {"uv": [7.625, 7.875, 7.75, 8.125], "texture": "#0"},
				"up": {"uv": [7.625, 7.875, 7.75, 8], "texture": "#0"},
				"down": {"uv": [7.625, 8, 7.75, 8.125], "texture": "#0"}
			}
		},
		{
			"name": "11222_47",
			"from": [8.3125, 7.8125, 6.4375],
			"to": [8.4375, 8.0625, 6.6875],
			"faces": {
				"north": {"uv": [8.5, 7.875, 8.375, 8.125], "texture": "#0"},
				"east": {"uv": [8.375, 7.875, 8.5, 8.125], "texture": "#0"},
				"south": {"uv": [8.375, 7.875, 8.5, 8.125], "texture": "#0"},
				"west": {"uv": [8.375, 7.875, 8.5, 8.125], "texture": "#0"},
				"up": {"uv": [8.375, 7.875, 8.5, 8], "texture": "#0"},
				"down": {"uv": [8.375, 8, 8.5, 8.125], "texture": "#0"}
			}
		},
		{
			"name": "11222_48",
			"from": [9.0625, 7.9375, 6.4375],
			"to": [9.3125, 8.0625, 6.6875],
			"faces": {
				"north": {"uv": [9.375, 7.875, 9.125, 8], "texture": "#0"},
				"east": {"uv": [9.25, 7.875, 9.375, 8], "texture": "#0"},
				"south": {"uv": [9.125, 7.875, 9.375, 8], "texture": "#0"},
				"west": {"uv": [9.125, 7.875, 9.25, 8], "texture": "#0"},
				"up": {"uv": [9.125, 7.875, 9.375, 8], "texture": "#0"},
				"down": {"uv": [9.125, 7.875, 9.375, 8], "texture": "#0"}
			}
		},
		{
			"name": "11222_49",
			"from": [7.8125, 7.8125, 6.4375],
			"to": [7.9375, 7.9375, 6.6875],
			"faces": {
				"north": {"uv": [8, 8, 7.875, 8.125], "texture": "#0"},
				"east": {"uv": [7.875, 8, 8, 8.125], "texture": "#0"},
				"south": {"uv": [7.875, 8, 8, 8.125], "texture": "#0"},
				"west": {"uv": [7.875, 8, 8, 8.125], "texture": "#0"},
				"up": {"uv": [7.875, 8, 8, 8.125], "texture": "#0"},
				"down": {"uv": [7.875, 8, 8, 8.125], "texture": "#0"}
			}
		},
		{
			"name": "11222_50",
			"from": [8.0625, 7.8125, 6.4375],
			"to": [8.1875, 7.9375, 6.6875],
			"faces": {
				"north": {"uv": [8.25, 8, 8.125, 8.125], "texture": "#0"},
				"east": {"uv": [8.125, 8, 8.25, 8.125], "texture": "#0"},
				"south": {"uv": [8.125, 8, 8.25, 8.125], "texture": "#0"},
				"west": {"uv": [8.125, 8, 8.25, 8.125], "texture": "#0"},
				"up": {"uv": [8.125, 8, 8.25, 8.125], "texture": "#0"},
				"down": {"uv": [8.125, 8, 8.25, 8.125], "texture": "#0"}
			}
		},
		{
			"name": "11222_51",
			"from": [7.4375, 7.6875, 6.4375],
			"to": [7.5625, 7.8125, 6.6875],
			"faces": {
				"north": {"uv": [7.625, 8.125, 7.5, 8.25], "texture": "#0"},
				"east": {"uv": [7.5, 8.125, 7.625, 8.25], "texture": "#0"},
				"south": {"uv": [7.5, 8.125, 7.625, 8.25], "texture": "#0"},
				"west": {"uv": [7.5, 8.125, 7.625, 8.25], "texture": "#0"},
				"up": {"uv": [7.5, 8.125, 7.625, 8.25], "texture": "#0"},
				"down": {"uv": [7.5, 8.125, 7.625, 8.25], "texture": "#0"}
			}
		},
		{
			"name": "11222_52",
			"from": [7.9375, 7.3125, 6.4375],
			"to": [8.0625, 7.8125, 6.6875],
			"faces": {
				"north": {"uv": [8.125, 8.125, 8, 8.625], "texture": "#0"},
				"east": {"uv": [8, 8.125, 8.125, 8.625], "texture": "#0"},
				"south": {"uv": [8, 8.125, 8.125, 8.625], "texture": "#0"},
				"west": {"uv": [8, 8.125, 8.125, 8.625], "texture": "#0"},
				"up": {"uv": [8, 8.125, 8.125, 8.25], "texture": "#0"},
				"down": {"uv": [8, 8.5, 8.125, 8.625], "texture": "#0"}
			}
		},
		{
			"name": "11222_53",
			"from": [8.4375, 7.6875, 6.4375],
			"to": [8.5625, 7.8125, 6.6875],
			"faces": {
				"north": {"uv": [8.625, 8.125, 8.5, 8.25], "texture": "#0"},
				"east": {"uv": [8.5, 8.125, 8.625, 8.25], "texture": "#0"},
				"south": {"uv": [8.5, 8.125, 8.625, 8.25], "texture": "#0"},
				"west": {"uv": [8.5, 8.125, 8.625, 8.25], "texture": "#0"},
				"up": {"uv": [8.5, 8.125, 8.625, 8.25], "texture": "#0"},
				"down": {"uv": [8.5, 8.125, 8.625, 8.25], "texture": "#0"}
			}
		},
		{
			"name": "11222_54",
			"from": [7.3125, 7.5625, 6.4375],
			"to": [7.4375, 7.6875, 6.6875],
			"faces": {
				"north": {"uv": [7.5, 8.25, 7.375, 8.375], "texture": "#0"},
				"east": {"uv": [7.375, 8.25, 7.5, 8.375], "texture": "#0"},
				"south": {"uv": [7.375, 8.25, 7.5, 8.375], "texture": "#0"},
				"west": {"uv": [7.375, 8.25, 7.5, 8.375], "texture": "#0"},
				"up": {"uv": [7.375, 8.25, 7.5, 8.375], "texture": "#0"},
				"down": {"uv": [7.375, 8.25, 7.5, 8.375], "texture": "#0"}
			}
		},
		{
			"name": "11222_55",
			"from": [7.5625, 7.4375, 6.4375],
			"to": [7.6875, 7.6875, 6.6875],
			"faces": {
				"north": {"uv": [7.75, 8.25, 7.625, 8.5], "texture": "#0"},
				"east": {"uv": [7.625, 8.25, 7.75, 8.5], "texture": "#0"},
				"south": {"uv": [7.625, 8.25, 7.75, 8.5], "texture": "#0"},
				"west": {"uv": [7.625, 8.25, 7.75, 8.5], "texture": "#0"},
				"up": {"uv": [7.625, 8.25, 7.75, 8.375], "texture": "#0"},
				"down": {"uv": [7.625, 8.375, 7.75, 8.5], "texture": "#0"}
			}
		},
		{
			"name": "11222_56",
			"from": [8.3125, 7.4375, 6.4375],
			"to": [8.4375, 7.6875, 6.6875],
			"faces": {
				"north": {"uv": [8.5, 8.25, 8.375, 8.5], "texture": "#0"},
				"east": {"uv": [8.375, 8.25, 8.5, 8.5], "texture": "#0"},
				"south": {"uv": [8.375, 8.25, 8.5, 8.5], "texture": "#0"},
				"west": {"uv": [8.375, 8.25, 8.5, 8.5], "texture": "#0"},
				"up": {"uv": [8.375, 8.25, 8.5, 8.375], "texture": "#0"},
				"down": {"uv": [8.375, 8.375, 8.5, 8.5], "texture": "#0"}
			}
		},
		{
			"name": "11222_57",
			"from": [8.5625, 7.5625, 6.4375],
			"to": [8.6875, 7.6875, 6.6875],
			"faces": {
				"north": {"uv": [8.75, 8.25, 8.625, 8.375], "texture": "#0"},
				"east": {"uv": [8.625, 8.25, 8.75, 8.375], "texture": "#0"},
				"south": {"uv": [8.625, 8.25, 8.75, 8.375], "texture": "#0"},
				"west": {"uv": [8.625, 8.25, 8.75, 8.375], "texture": "#0"},
				"up": {"uv": [8.625, 8.25, 8.75, 8.375], "texture": "#0"},
				"down": {"uv": [8.625, 8.25, 8.75, 8.375], "texture": "#0"}
			}
		},
		{
			"name": "11222_58",
			"from": [6.6875, 7.4375, 6.4375],
			"to": [6.8125, 7.5625, 6.6875],
			"faces": {
				"north": {"uv": [6.875, 8.375, 6.75, 8.5], "texture": "#0"},
				"east": {"uv": [6.75, 8.375, 6.875, 8.5], "texture": "#0"},
				"south": {"uv": [6.75, 8.375, 6.875, 8.5], "texture": "#0"},
				"west": {"uv": [6.75, 8.375, 6.875, 8.5], "texture": "#0"},
				"up": {"uv": [6.75, 8.375, 6.875, 8.5], "texture": "#0"},
				"down": {"uv": [6.75, 8.375, 6.875, 8.5], "texture": "#0"}
			}
		},
		{
			"name": "11222_59",
			"from": [7.0625, 7.4375, 6.4375],
			"to": [7.3125, 7.5625, 6.6875],
			"faces": {
				"north": {"uv": [7.375, 8.375, 7.125, 8.5], "texture": "#0"},
				"east": {"uv": [7.25, 8.375, 7.375, 8.5], "texture": "#0"},
				"south": {"uv": [7.125, 8.375, 7.375, 8.5], "texture": "#0"},
				"west": {"uv": [7.125, 8.375, 7.25, 8.5], "texture": "#0"},
				"up": {"uv": [7.125, 8.375, 7.375, 8.5], "texture": "#0"},
				"down": {"uv": [7.125, 8.375, 7.375, 8.5], "texture": "#0"}
			}
		},
		{
			"name": "11222_60",
			"from": [8.6875, 7.4375, 6.4375],
			"to": [8.9375, 7.5625, 6.6875],
			"faces": {
				"north": {"uv": [9, 8.375, 8.75, 8.5], "texture": "#0"},
				"east": {"uv": [8.875, 8.375, 9, 8.5], "texture": "#0"},
				"south": {"uv": [8.75, 8.375, 9, 8.5], "texture": "#0"},
				"west": {"uv": [8.75, 8.375, 8.875, 8.5], "texture": "#0"},
				"up": {"uv": [8.75, 8.375, 9, 8.5], "texture": "#0"},
				"down": {"uv": [8.75, 8.375, 9, 8.5], "texture": "#0"}
			}
		},
		{
			"name": "11222_61",
			"from": [9.1875, 7.4375, 6.4375],
			"to": [9.3125, 7.5625, 6.6875],
			"faces": {
				"north": {"uv": [9.375, 8.375, 9.25, 8.5], "texture": "#0"},
				"east": {"uv": [9.25, 8.375, 9.375, 8.5], "texture": "#0"},
				"south": {"uv": [9.25, 8.375, 9.375, 8.5], "texture": "#0"},
				"west": {"uv": [9.25, 8.375, 9.375, 8.5], "texture": "#0"},
				"up": {"uv": [9.25, 8.375, 9.375, 8.5], "texture": "#0"},
				"down": {"uv": [9.25, 8.375, 9.375, 8.5], "texture": "#0"}
			}
		},
		{
			"name": "11222_62",
			"from": [6.5625, 7.3125, 6.4375],
			"to": [6.6875, 7.4375, 6.6875],
			"faces": {
				"north": {"uv": [6.75, 8.5, 6.625, 8.625], "texture": "#0"},
				"east": {"uv": [6.625, 8.5, 6.75, 8.625], "texture": "#0"},
				"south": {"uv": [6.625, 8.5, 6.75, 8.625], "texture": "#0"},
				"west": {"uv": [6.625, 8.5, 6.75, 8.625], "texture": "#0"},
				"up": {"uv": [6.625, 8.5, 6.75, 8.625], "texture": "#0"},
				"down": {"uv": [6.625, 8.5, 6.75, 8.625], "texture": "#0"}
			}
		},
		{
			"name": "11222_63",
			"from": [6.8125, 7.3125, 6.4375],
			"to": [7.0625, 7.4375, 6.6875],
			"faces": {
				"north": {"uv": [7.125, 8.5, 6.875, 8.625], "texture": "#0"},
				"east": {"uv": [7, 8.5, 7.125, 8.625], "texture": "#0"},
				"south": {"uv": [6.875, 8.5, 7.125, 8.625], "texture": "#0"},
				"west": {"uv": [6.875, 8.5, 7, 8.625], "texture": "#0"},
				"up": {"uv": [6.875, 8.5, 7.125, 8.625], "texture": "#0"},
				"down": {"uv": [6.875, 8.5, 7.125, 8.625], "texture": "#0"}
			}
		},
		{
			"name": "11222_64",
			"from": [7.4375, 7.3125, 6.4375],
			"to": [7.5625, 7.4375, 6.6875],
			"faces": {
				"north": {"uv": [7.625, 8.5, 7.5, 8.625], "texture": "#0"},
				"east": {"uv": [7.5, 8.5, 7.625, 8.625], "texture": "#0"},
				"south": {"uv": [7.5, 8.5, 7.625, 8.625], "texture": "#0"},
				"west": {"uv": [7.5, 8.5, 7.625, 8.625], "texture": "#0"},
				"up": {"uv": [7.5, 8.5, 7.625, 8.625], "texture": "#0"},
				"down": {"uv": [7.5, 8.5, 7.625, 8.625], "texture": "#0"}
			}
		},
		{
			"name": "11222_65",
			"from": [8.4375, 7.3125, 6.4375],
			"to": [8.5625, 7.4375, 6.6875],
			"faces": {
				"north": {"uv": [8.625, 8.5, 8.5, 8.625], "texture": "#0"},
				"east": {"uv": [8.5, 8.5, 8.625, 8.625], "texture": "#0"},
				"south": {"uv": [8.5, 8.5, 8.625, 8.625], "texture": "#0"},
				"west": {"uv": [8.5, 8.5, 8.625, 8.625], "texture": "#0"},
				"up": {"uv": [8.5, 8.5, 8.625, 8.625], "texture": "#0"},
				"down": {"uv": [8.5, 8.5, 8.625, 8.625], "texture": "#0"}
			}
		},
		{
			"name": "11222_66",
			"from": [8.9375, 7.3125, 6.4375],
			"to": [9.1875, 7.4375, 6.6875],
			"faces": {
				"north": {"uv": [9.25, 8.5, 9, 8.625], "texture": "#0"},
				"east": {"uv": [9.125, 8.5, 9.25, 8.625], "texture": "#0"},
				"south": {"uv": [9, 8.5, 9.25, 8.625], "texture": "#0"},
				"west": {"uv": [9, 8.5, 9.125, 8.625], "texture": "#0"},
				"up": {"uv": [9, 8.5, 9.25, 8.625], "texture": "#0"},
				"down": {"uv": [9, 8.5, 9.25, 8.625], "texture": "#0"}
			}
		},
		{
			"name": "11222_67",
			"from": [9.3125, 7.3125, 6.4375],
			"to": [9.4375, 7.4375, 6.6875],
			"faces": {
				"north": {"uv": [9.5, 8.5, 9.375, 8.625], "texture": "#0"},
				"east": {"uv": [9.375, 8.5, 9.5, 8.625], "texture": "#0"},
				"south": {"uv": [9.375, 8.5, 9.5, 8.625], "texture": "#0"},
				"west": {"uv": [9.375, 8.5, 9.5, 8.625], "texture": "#0"},
				"up": {"uv": [9.375, 8.5, 9.5, 8.625], "texture": "#0"},
				"down": {"uv": [9.375, 8.5, 9.5, 8.625], "texture": "#0"}
			}
		},
		{
			"name": "11222_68",
			"from": [6.6875, 7.1875, 6.4375],
			"to": [6.8125, 7.3125, 6.6875],
			"faces": {
				"north": {"uv": [6.875, 8.625, 6.75, 8.75], "texture": "#0"},
				"east": {"uv": [6.75, 8.625, 6.875, 8.75], "texture": "#0"},
				"south": {"uv": [6.75, 8.625, 6.875, 8.75], "texture": "#0"},
				"west": {"uv": [6.75, 8.625, 6.875, 8.75], "texture": "#0"},
				"up": {"uv": [6.75, 8.625, 6.875, 8.75], "texture": "#0"},
				"down": {"uv": [6.75, 8.625, 6.875, 8.75], "texture": "#0"}
			}
		},
		{
			"name": "11222_69",
			"from": [7.1875, 7.1875, 6.4375],
			"to": [7.4375, 7.3125, 6.6875],
			"faces": {
				"north": {"uv": [7.5, 8.625, 7.25, 8.75], "texture": "#0"},
				"east": {"uv": [7.375, 8.625, 7.5, 8.75], "texture": "#0"},
				"south": {"uv": [7.25, 8.625, 7.5, 8.75], "texture": "#0"},
				"west": {"uv": [7.25, 8.625, 7.375, 8.75], "texture": "#0"},
				"up": {"uv": [7.25, 8.625, 7.5, 8.75], "texture": "#0"},
				"down": {"uv": [7.25, 8.625, 7.5, 8.75], "texture": "#0"}
			}
		},
		{
			"name": "11222_70",
			"from": [7.8125, 7.1875, 6.4375],
			"to": [7.9375, 7.3125, 6.6875],
			"faces": {
				"north": {"uv": [8, 8.625, 7.875, 8.75], "texture": "#0"},
				"east": {"uv": [7.875, 8.625, 8, 8.75], "texture": "#0"},
				"south": {"uv": [7.875, 8.625, 8, 8.75], "texture": "#0"},
				"west": {"uv": [7.875, 8.625, 8, 8.75], "texture": "#0"},
				"up": {"uv": [7.875, 8.625, 8, 8.75], "texture": "#0"},
				"down": {"uv": [7.875, 8.625, 8, 8.75], "texture": "#0"}
			}
		},
		{
			"name": "11222_71",
			"from": [8.0625, 7.1875, 6.4375],
			"to": [8.1875, 7.3125, 6.6875],
			"faces": {
				"north": {"uv": [8.25, 8.625, 8.125, 8.75], "texture": "#0"},
				"east": {"uv": [8.125, 8.625, 8.25, 8.75], "texture": "#0"},
				"south": {"uv": [8.125, 8.625, 8.25, 8.75], "texture": "#0"},
				"west": {"uv": [8.125, 8.625, 8.25, 8.75], "texture": "#0"},
				"up": {"uv": [8.125, 8.625, 8.25, 8.75], "texture": "#0"},
				"down": {"uv": [8.125, 8.625, 8.25, 8.75], "texture": "#0"}
			}
		},
		{
			"name": "11222_72",
			"from": [8.5625, 7.1875, 6.4375],
			"to": [8.8125, 7.3125, 6.6875],
			"faces": {
				"north": {"uv": [8.875, 8.625, 8.625, 8.75], "texture": "#0"},
				"east": {"uv": [8.75, 8.625, 8.875, 8.75], "texture": "#0"},
				"south": {"uv": [8.625, 8.625, 8.875, 8.75], "texture": "#0"},
				"west": {"uv": [8.625, 8.625, 8.75, 8.75], "texture": "#0"},
				"up": {"uv": [8.625, 8.625, 8.875, 8.75], "texture": "#0"},
				"down": {"uv": [8.625, 8.625, 8.875, 8.75], "texture": "#0"}
			}
		},
		{
			"name": "11222_73",
			"from": [9.1875, 7.1875, 6.4375],
			"to": [9.3125, 7.3125, 6.6875],
			"faces": {
				"north": {"uv": [9.375, 8.625, 9.25, 8.75], "texture": "#0"},
				"east": {"uv": [9.25, 8.625, 9.375, 8.75], "texture": "#0"},
				"south": {"uv": [9.25, 8.625, 9.375, 8.75], "texture": "#0"},
				"west": {"uv": [9.25, 8.625, 9.375, 8.75], "texture": "#0"},
				"up": {"uv": [9.25, 8.625, 9.375, 8.75], "texture": "#0"},
				"down": {"uv": [9.25, 8.625, 9.375, 8.75], "texture": "#0"}
			}
		},
		{
			"name": "11222_74",
			"from": [7.0625, 7.0625, 6.4375],
			"to": [7.1875, 7.1875, 6.6875],
			"faces": {
				"north": {"uv": [7.25, 8.75, 7.125, 8.875], "texture": "#0"},
				"east": {"uv": [7.125, 8.75, 7.25, 8.875], "texture": "#0"},
				"south": {"uv": [7.125, 8.75, 7.25, 8.875], "texture": "#0"},
				"west": {"uv": [7.125, 8.75, 7.25, 8.875], "texture": "#0"},
				"up": {"uv": [7.125, 8.75, 7.25, 8.875], "texture": "#0"},
				"down": {"uv": [7.125, 8.75, 7.25, 8.875], "texture": "#0"}
			}
		},
		{
			"name": "11222_75",
			"from": [7.9375, 6.5625, 6.4375],
			"to": [8.0625, 7.1875, 6.6875],
			"faces": {
				"north": {"uv": [8.125, 8.75, 8, 9.375], "texture": "#0"},
				"east": {"uv": [8, 8.75, 8.125, 9.375], "texture": "#0"},
				"south": {"uv": [8, 8.75, 8.125, 9.375], "texture": "#0"},
				"west": {"uv": [8, 8.75, 8.125, 9.375], "texture": "#0"},
				"up": {"uv": [8, 8.75, 8.125, 8.875], "texture": "#0"},
				"down": {"uv": [8, 9.25, 8.125, 9.375], "texture": "#0"}
			}
		},
		{
			"name": "11222_76",
			"from": [8.8125, 7.0625, 6.4375],
			"to": [8.9375, 7.1875, 6.6875],
			"faces": {
				"north": {"uv": [9, 8.75, 8.875, 8.875], "texture": "#0"},
				"east": {"uv": [8.875, 8.75, 9, 8.875], "texture": "#0"},
				"south": {"uv": [8.875, 8.75, 9, 8.875], "texture": "#0"},
				"west": {"uv": [8.875, 8.75, 9, 8.875], "texture": "#0"},
				"up": {"uv": [8.875, 8.75, 9, 8.875], "texture": "#0"},
				"down": {"uv": [8.875, 8.75, 9, 8.875], "texture": "#0"}
			}
		},
		{
			"name": "11222_77",
			"from": [6.8125, 6.9375, 6.4375],
			"to": [7.0625, 7.0625, 6.6875],
			"faces": {
				"north": {"uv": [7.125, 8.875, 6.875, 9], "texture": "#0"},
				"east": {"uv": [7, 8.875, 7.125, 9], "texture": "#0"},
				"south": {"uv": [6.875, 8.875, 7.125, 9], "texture": "#0"},
				"west": {"uv": [6.875, 8.875, 7, 9], "texture": "#0"},
				"up": {"uv": [6.875, 8.875, 7.125, 9], "texture": "#0"},
				"down": {"uv": [6.875, 8.875, 7.125, 9], "texture": "#0"}
			}
		},
		{
			"name": "11222_78",
			"from": [7.5625, 6.8125, 6.4375],
			"to": [7.6875, 7.0625, 6.6875],
			"faces": {
				"north": {"uv": [7.75, 8.875, 7.625, 9.125], "texture": "#0"},
				"east": {"uv": [7.625, 8.875, 7.75, 9.125], "texture": "#0"},
				"south": {"uv": [7.625, 8.875, 7.75, 9.125], "texture": "#0"},
				"west": {"uv": [7.625, 8.875, 7.75, 9.125], "texture": "#0"},
				"up": {"uv": [7.625, 8.875, 7.75, 9], "texture": "#0"},
				"down": {"uv": [7.625, 9, 7.75, 9.125], "texture": "#0"}
			}
		},
		{
			"name": "11222_79",
			"from": [8.3125, 6.8125, 6.4375],
			"to": [8.4375, 7.0625, 6.6875],
			"faces": {
				"north": {"uv": [8.5, 8.875, 8.375, 9.125], "texture": "#0"},
				"east": {"uv": [8.375, 8.875, 8.5, 9.125], "texture": "#0"},
				"south": {"uv": [8.375, 8.875, 8.5, 9.125], "texture": "#0"},
				"west": {"uv": [8.375, 8.875, 8.5, 9.125], "texture": "#0"},
				"up": {"uv": [8.375, 8.875, 8.5, 9], "texture": "#0"},
				"down": {"uv": [8.375, 9, 8.5, 9.125], "texture": "#0"}
			}
		},
		{
			"name": "11222_80",
			"from": [8.9375, 6.9375, 6.4375],
			"to": [9.1875, 7.0625, 6.6875],
			"faces": {
				"north": {"uv": [9.25, 8.875, 9, 9], "texture": "#0"},
				"east": {"uv": [9.125, 8.875, 9.25, 9], "texture": "#0"},
				"south": {"uv": [9, 8.875, 9.25, 9], "texture": "#0"},
				"west": {"uv": [9, 8.875, 9.125, 9], "texture": "#0"},
				"up": {"uv": [9, 8.875, 9.25, 9], "texture": "#0"},
				"down": {"uv": [9, 8.875, 9.25, 9], "texture": "#0"}
			}
		},
		{
			"name": "11222_81",
			"from": [6.6875, 6.5625, 6.4375],
			"to": [6.8125, 6.9375, 6.6875],
			"faces": {
				"north": {"uv": [6.875, 9, 6.75, 9.375], "texture": "#0"},
				"east": {"uv": [6.75, 9, 6.875, 9.375], "texture": "#0"},
				"south": {"uv": [6.75, 9, 6.875, 9.375], "texture": "#0"},
				"west": {"uv": [6.75, 9, 6.875, 9.375], "texture": "#0"},
				"up": {"uv": [6.75, 9, 6.875, 9.125], "texture": "#0"},
				"down": {"uv": [6.75, 9.25, 6.875, 9.375], "texture": "#0"}
			}
		},
		{
			"name": "11222_82",
			"from": [9.1875, 6.5625, 6.4375],
			"to": [9.3125, 6.9375, 6.6875],
			"faces": {
				"north": {"uv": [9.375, 9, 9.25, 9.375], "texture": "#0"},
				"east": {"uv": [9.25, 9, 9.375, 9.375], "texture": "#0"},
				"south": {"uv": [9.25, 9, 9.375, 9.375], "texture": "#0"},
				"west": {"uv": [9.25, 9, 9.375, 9.375], "texture": "#0"},
				"up": {"uv": [9.25, 9, 9.375, 9.125], "texture": "#0"},
				"down": {"uv": [9.25, 9.25, 9.375, 9.375], "texture": "#0"}
			}
		},
		{
			"name": "11222_83",
			"from": [6.9375, 6.6875, 6.4375],
			"to": [7.1875, 6.8125, 6.6875],
			"faces": {
				"north": {"uv": [7.25, 9.125, 7, 9.25], "texture": "#0"},
				"east": {"uv": [7.125, 9.125, 7.25, 9.25], "texture": "#0"},
				"south": {"uv": [7, 9.125, 7.25, 9.25], "texture": "#0"},
				"west": {"uv": [7, 9.125, 7.125, 9.25], "texture": "#0"},
				"up": {"uv": [7, 9.125, 7.25, 9.25], "texture": "#0"},
				"down": {"uv": [7, 9.125, 7.25, 9.25], "texture": "#0"}
			}
		},
		{
			"name": "11222_84",
			"from": [7.4375, 6.5625, 6.4375],
			"to": [7.5625, 6.8125, 6.6875],
			"faces": {
				"north": {"uv": [7.625, 9.125, 7.5, 9.375], "texture": "#0"},
				"east": {"uv": [7.5, 9.125, 7.625, 9.375], "texture": "#0"},
				"south": {"uv": [7.5, 9.125, 7.625, 9.375], "texture": "#0"},
				"west": {"uv": [7.5, 9.125, 7.625, 9.375], "texture": "#0"},
				"up": {"uv": [7.5, 9.125, 7.625, 9.25], "texture": "#0"},
				"down": {"uv": [7.5, 9.25, 7.625, 9.375], "texture": "#0"}
			}
		},
		{
			"name": "11222_85",
			"from": [8.4375, 6.5625, 6.4375],
			"to": [8.5625, 6.8125, 6.6875],
			"faces": {
				"north": {"uv": [8.625, 9.125, 8.5, 9.375], "texture": "#0"},
				"east": {"uv": [8.5, 9.125, 8.625, 9.375], "texture": "#0"},
				"south": {"uv": [8.5, 9.125, 8.625, 9.375], "texture": "#0"},
				"west": {"uv": [8.5, 9.125, 8.625, 9.375], "texture": "#0"},
				"up": {"uv": [8.5, 9.125, 8.625, 9.25], "texture": "#0"},
				"down": {"uv": [8.5, 9.25, 8.625, 9.375], "texture": "#0"}
			}
		},
		{
			"name": "11222_86",
			"from": [8.8125, 6.6875, 6.4375],
			"to": [9.0625, 6.8125, 6.6875],
			"faces": {
				"north": {"uv": [9.125, 9.125, 8.875, 9.25], "texture": "#0"},
				"east": {"uv": [9, 9.125, 9.125, 9.25], "texture": "#0"},
				"south": {"uv": [8.875, 9.125, 9.125, 9.25], "texture": "#0"},
				"west": {"uv": [8.875, 9.125, 9, 9.25], "texture": "#0"},
				"up": {"uv": [8.875, 9.125, 9.125, 9.25], "texture": "#0"},
				"down": {"uv": [8.875, 9.125, 9.125, 9.25], "texture": "#0"}
			}
		},
		{
			"name": "11222_87",
			"from": [7.0625, 6.5625, 6.4375],
			"to": [7.1875, 6.6875, 6.6875],
			"faces": {
				"north": {"uv": [7.25, 9.25, 7.125, 9.375], "texture": "#0"},
				"east": {"uv": [7.125, 9.25, 7.25, 9.375], "texture": "#0"},
				"south": {"uv": [7.125, 9.25, 7.25, 9.375], "texture": "#0"},
				"west": {"uv": [7.125, 9.25, 7.25, 9.375], "texture": "#0"},
				"down": {"uv": [7.125, 9.25, 7.25, 9.375], "texture": "#0"}
			}
		},
		{
			"name": "11222_88",
			"from": [8.8125, 6.5625, 6.4375],
			"to": [8.9375, 6.6875, 6.6875],
			"faces": {
				"north": {"uv": [9, 9.25, 8.875, 9.375], "texture": "#0"},
				"east": {"uv": [8.875, 9.25, 9, 9.375], "texture": "#0"},
				"south": {"uv": [8.875, 9.25, 9, 9.375], "texture": "#0"},
				"west": {"uv": [8.875, 9.25, 9, 9.375], "texture": "#0"},
				"down": {"uv": [8.875, 9.25, 9, 9.375], "texture": "#0"}
			}
		},
		{
			"name": "11222_89",
			"from": [6.8125, 6.4375, 6.4375],
			"to": [7.0625, 6.5625, 6.6875],
			"faces": {
				"north": {"uv": [7.125, 9.375, 6.875, 9.5], "texture": "#0"},
				"east": {"uv": [7, 9.375, 7.125, 9.5], "texture": "#0"},
				"south": {"uv": [6.875, 9.375, 7.125, 9.5], "texture": "#0"},
				"west": {"uv": [6.875, 9.375, 7, 9.5], "texture": "#0"},
				"up": {"uv": [6.875, 9.375, 7.125, 9.5], "texture": "#0"},
				"down": {"uv": [6.875, 9.375, 7.125, 9.5], "texture": "#0"}
			}
		},
		{
			"name": "11222_90",
			"from": [7.3125, 6.4375, 6.4375],
			"to": [7.4375, 6.5625, 6.6875],
			"faces": {
				"north": {"uv": [7.5, 9.375, 7.375, 9.5], "texture": "#0"},
				"east": {"uv": [7.375, 9.375, 7.5, 9.5], "texture": "#0"},
				"south": {"uv": [7.375, 9.375, 7.5, 9.5], "texture": "#0"},
				"west": {"uv": [7.375, 9.375, 7.5, 9.5], "texture": "#0"},
				"up": {"uv": [7.375, 9.375, 7.5, 9.5], "texture": "#0"},
				"down": {"uv": [7.375, 9.375, 7.5, 9.5], "texture": "#0"}
			}
		},
		{
			"name": "11222_91",
			"from": [7.8125, 6.4375, 6.4375],
			"to": [7.9375, 6.5625, 6.6875],
			"faces": {
				"north": {"uv": [8, 9.375, 7.875, 9.5], "texture": "#0"},
				"east": {"uv": [7.875, 9.375, 8, 9.5], "texture": "#0"},
				"south": {"uv": [7.875, 9.375, 8, 9.5], "texture": "#0"},
				"west": {"uv": [7.875, 9.375, 8, 9.5], "texture": "#0"},
				"up": {"uv": [7.875, 9.375, 8, 9.5], "texture": "#0"},
				"down": {"uv": [7.875, 9.375, 8, 9.5], "texture": "#0"}
			}
		},
		{
			"name": "11222_92",
			"from": [8.0625, 6.4375, 6.4375],
			"to": [8.1875, 6.5625, 6.6875],
			"faces": {
				"north": {"uv": [8.25, 9.375, 8.125, 9.5], "texture": "#0"},
				"east": {"uv": [8.125, 9.375, 8.25, 9.5], "texture": "#0"},
				"south": {"uv": [8.125, 9.375, 8.25, 9.5], "texture": "#0"},
				"west": {"uv": [8.125, 9.375, 8.25, 9.5], "texture": "#0"},
				"up": {"uv": [8.125, 9.375, 8.25, 9.5], "texture": "#0"},
				"down": {"uv": [8.125, 9.375, 8.25, 9.5], "texture": "#0"}
			}
		},
		{
			"name": "11222_93",
			"from": [8.5625, 6.4375, 6.4375],
			"to": [8.6875, 6.5625, 6.6875],
			"faces": {
				"north": {"uv": [8.75, 9.375, 8.625, 9.5], "texture": "#0"},
				"east": {"uv": [8.625, 9.375, 8.75, 9.5], "texture": "#0"},
				"south": {"uv": [8.625, 9.375, 8.75, 9.5], "texture": "#0"},
				"west": {"uv": [8.625, 9.375, 8.75, 9.5], "texture": "#0"},
				"up": {"uv": [8.625, 9.375, 8.75, 9.5], "texture": "#0"},
				"down": {"uv": [8.625, 9.375, 8.75, 9.5], "texture": "#0"}
			}
		},
		{
			"name": "11222_94",
			"from": [8.9375, 6.4375, 6.4375],
			"to": [9.1875, 6.5625, 6.6875],
			"faces": {
				"north": {"uv": [9.25, 9.375, 9, 9.5], "texture": "#0"},
				"east": {"uv": [9.125, 9.375, 9.25, 9.5], "texture": "#0"},
				"south": {"uv": [9, 9.375, 9.25, 9.5], "texture": "#0"},
				"west": {"uv": [9, 9.375, 9.125, 9.5], "texture": "#0"},
				"up": {"uv": [9, 9.375, 9.25, 9.5], "texture": "#0"},
				"down": {"uv": [9, 9.375, 9.25, 9.5], "texture": "#0"}
			}
		},
		{
			"name": "11222_95",
			"from": [7.1875, 6.3125, 6.4375],
			"to": [7.3125, 6.4375, 6.6875],
			"faces": {
				"north": {"uv": [7.375, 9.5, 7.25, 9.625], "texture": "#0"},
				"east": {"uv": [7.25, 9.5, 7.375, 9.625], "texture": "#0"},
				"south": {"uv": [7.25, 9.5, 7.375, 9.625], "texture": "#0"},
				"west": {"uv": [7.25, 9.5, 7.375, 9.625], "texture": "#0"},
				"up": {"uv": [7.25, 9.5, 7.375, 9.625], "texture": "#0"},
				"down": {"uv": [7.25, 9.5, 7.375, 9.625], "texture": "#0"}
			}
		},
		{
			"name": "11222_96",
			"from": [7.6875, 6.3125, 6.4375],
			"to": [7.8125, 6.4375, 6.6875],
			"faces": {
				"north": {"uv": [7.875, 9.5, 7.75, 9.625], "texture": "#0"},
				"east": {"uv": [7.75, 9.5, 7.875, 9.625], "texture": "#0"},
				"south": {"uv": [7.75, 9.5, 7.875, 9.625], "texture": "#0"},
				"west": {"uv": [7.75, 9.5, 7.875, 9.625], "texture": "#0"},
				"up": {"uv": [7.75, 9.5, 7.875, 9.625], "texture": "#0"},
				"down": {"uv": [7.75, 9.5, 7.875, 9.625], "texture": "#0"}
			}
		},
		{
			"name": "11222_97",
			"from": [8.1875, 6.3125, 6.4375],
			"to": [8.3125, 6.4375, 6.6875],
			"faces": {
				"north": {"uv": [8.375, 9.5, 8.25, 9.625], "texture": "#0"},
				"east": {"uv": [8.25, 9.5, 8.375, 9.625], "texture": "#0"},
				"south": {"uv": [8.25, 9.5, 8.375, 9.625], "texture": "#0"},
				"west": {"uv": [8.25, 9.5, 8.375, 9.625], "texture": "#0"},
				"up": {"uv": [8.25, 9.5, 8.375, 9.625], "texture": "#0"},
				"down": {"uv": [8.25, 9.5, 8.375, 9.625], "texture": "#0"}
			}
		},
		{
			"name": "11222_98",
			"from": [8.6875, 6.3125, 6.4375],
			"to": [8.8125, 6.4375, 6.6875],
			"faces": {
				"north": {"uv": [8.875, 9.5, 8.75, 9.625], "texture": "#0"},
				"east": {"uv": [8.75, 9.5, 8.875, 9.625], "texture": "#0"},
				"south": {"uv": [8.75, 9.5, 8.875, 9.625], "texture": "#0"},
				"west": {"uv": [8.75, 9.5, 8.875, 9.625], "texture": "#0"},
				"up": {"uv": [8.75, 9.5, 8.875, 9.625], "texture": "#0"},
				"down": {"uv": [8.75, 9.5, 8.875, 9.625], "texture": "#0"}
			}
		},
		{
			"name": "11222_99",
			"from": [6.9375, 6.1875, 6.4375],
			"to": [7.1875, 6.3125, 6.6875],
			"faces": {
				"north": {"uv": [7.25, 9.625, 7, 9.75], "texture": "#0"},
				"east": {"uv": [7.125, 9.625, 7.25, 9.75], "texture": "#0"},
				"south": {"uv": [7, 9.625, 7.25, 9.75], "texture": "#0"},
				"west": {"uv": [7, 9.625, 7.125, 9.75], "texture": "#0"},
				"up": {"uv": [7, 9.625, 7.25, 9.75], "texture": "#0"},
				"down": {"uv": [7, 9.625, 7.25, 9.75], "texture": "#0"}
			}
		},
		{
			"name": "11222_100",
			"from": [7.8125, 6.1875, 6.4375],
			"to": [7.9375, 6.3125, 6.6875],
			"faces": {
				"north": {"uv": [8, 9.625, 7.875, 9.75], "texture": "#0"},
				"east": {"uv": [7.875, 9.625, 8, 9.75], "texture": "#0"},
				"south": {"uv": [7.875, 9.625, 8, 9.75], "texture": "#0"},
				"west": {"uv": [7.875, 9.625, 8, 9.75], "texture": "#0"},
				"up": {"uv": [7.875, 9.625, 8, 9.75], "texture": "#0"},
				"down": {"uv": [7.875, 9.625, 8, 9.75], "texture": "#0"}
			}
		},
		{
			"name": "11222_101",
			"from": [8.0625, 6.1875, 6.4375],
			"to": [8.1875, 6.3125, 6.6875],
			"faces": {
				"north": {"uv": [8.25, 9.625, 8.125, 9.75], "texture": "#0"},
				"east": {"uv": [8.125, 9.625, 8.25, 9.75], "texture": "#0"},
				"south": {"uv": [8.125, 9.625, 8.25, 9.75], "texture": "#0"},
				"west": {"uv": [8.125, 9.625, 8.25, 9.75], "texture": "#0"},
				"up": {"uv": [8.125, 9.625, 8.25, 9.75], "texture": "#0"},
				"down": {"uv": [8.125, 9.625, 8.25, 9.75], "texture": "#0"}
			}
		},
		{
			"name": "11222_102",
			"from": [8.8125, 6.1875, 6.4375],
			"to": [9.0625, 6.3125, 6.6875],
			"faces": {
				"north": {"uv": [9.125, 9.625, 8.875, 9.75], "texture": "#0"},
				"east": {"uv": [9, 9.625, 9.125, 9.75], "texture": "#0"},
				"south": {"uv": [8.875, 9.625, 9.125, 9.75], "texture": "#0"},
				"west": {"uv": [8.875, 9.625, 9, 9.75], "texture": "#0"},
				"up": {"uv": [8.875, 9.625, 9.125, 9.75], "texture": "#0"},
				"down": {"uv": [8.875, 9.625, 9.125, 9.75], "texture": "#0"}
			}
		},
		{
			"name": "11222_103",
			"from": [6.8125, 5.6875, 6.4375],
			"to": [6.9375, 6.1875, 6.6875],
			"faces": {
				"north": {"uv": [7, 9.75, 6.875, 10.25], "texture": "#0"},
				"east": {"uv": [6.875, 9.75, 7, 10.25], "texture": "#0"},
				"south": {"uv": [6.875, 9.75, 7, 10.25], "texture": "#0"},
				"west": {"uv": [6.875, 9.75, 7, 10.25], "texture": "#0"},
				"up": {"uv": [6.875, 9.75, 7, 9.875], "texture": "#0"},
				"down": {"uv": [6.875, 10.125, 7, 10.25], "texture": "#0"}
			}
		},
		{
			"name": "11222_104",
			"from": [7.9375, 5.9375, 6.4375],
			"to": [8.0625, 6.1875, 6.6875],
			"faces": {
				"north": {"uv": [8.125, 9.75, 8, 10], "texture": "#0"},
				"east": {"uv": [8, 9.75, 8.125, 10], "texture": "#0"},
				"south": {"uv": [8, 9.75, 8.125, 10], "texture": "#0"},
				"west": {"uv": [8, 9.75, 8.125, 10], "texture": "#0"},
				"up": {"uv": [8, 9.75, 8.125, 9.875], "texture": "#0"},
				"down": {"uv": [8, 9.875, 8.125, 10], "texture": "#0"}
			}
		},
		{
			"name": "11222_105",
			"from": [9.0625, 5.6875, 6.4375],
			"to": [9.1875, 6.1875, 6.6875],
			"faces": {
				"north": {"uv": [9.25, 9.75, 9.125, 10.25], "texture": "#0"},
				"east": {"uv": [9.125, 9.75, 9.25, 10.25], "texture": "#0"},
				"south": {"uv": [9.125, 9.75, 9.25, 10.25], "texture": "#0"},
				"west": {"uv": [9.125, 9.75, 9.25, 10.25], "texture": "#0"},
				"up": {"uv": [9.125, 9.75, 9.25, 9.875], "texture": "#0"},
				"down": {"uv": [9.125, 10.125, 9.25, 10.25], "texture": "#0"}
			}
		},
		{
			"name": "11222_106",
			"from": [7.0625, 5.9375, 6.4375],
			"to": [7.3125, 6.0625, 6.6875],
			"faces": {
				"north": {"uv": [7.375, 9.875, 7.125, 10], "texture": "#0"},
				"east": {"uv": [7.25, 9.875, 7.375, 10], "texture": "#0"},
				"south": {"uv": [7.125, 9.875, 7.375, 10], "texture": "#0"},
				"west": {"uv": [7.125, 9.875, 7.25, 10], "texture": "#0"},
				"up": {"uv": [7.125, 9.875, 7.375, 10], "texture": "#0"},
				"down": {"uv": [7.125, 9.875, 7.375, 10], "texture": "#0"}
			}
		},
		{
			"name": "11222_107",
			"from": [8.6875, 5.9375, 6.4375],
			"to": [8.9375, 6.0625, 6.6875],
			"faces": {
				"north": {"uv": [9, 9.875, 8.75, 10], "texture": "#0"},
				"east": {"uv": [8.875, 9.875, 9, 10], "texture": "#0"},
				"south": {"uv": [8.75, 9.875, 9, 10], "texture": "#0"},
				"west": {"uv": [8.75, 9.875, 8.875, 10], "texture": "#0"},
				"up": {"uv": [8.75, 9.875, 9, 10], "texture": "#0"},
				"down": {"uv": [8.75, 9.875, 9, 10], "texture": "#0"}
			}
		},
		{
			"name": "11222_108",
			"from": [7.0625, 5.8125, 6.4375],
			"to": [7.1875, 5.9375, 6.6875],
			"faces": {
				"north": {"uv": [7.25, 10, 7.125, 10.125], "texture": "#0"},
				"east": {"uv": [7.125, 10, 7.25, 10.125], "texture": "#0"},
				"south": {"uv": [7.125, 10, 7.25, 10.125], "texture": "#0"},
				"west": {"uv": [7.125, 10, 7.25, 10.125], "texture": "#0"},
				"down": {"uv": [7.125, 10, 7.25, 10.125], "texture": "#0"}
			}
		},
		{
			"name": "11222_109",
			"from": [7.3125, 5.6875, 6.4375],
			"to": [7.4375, 5.9375, 6.6875],
			"faces": {
				"north": {"uv": [7.5, 10, 7.375, 10.25], "texture": "#0"},
				"east": {"uv": [7.375, 10, 7.5, 10.25], "texture": "#0"},
				"south": {"uv": [7.375, 10, 7.5, 10.25], "texture": "#0"},
				"west": {"uv": [7.375, 10, 7.5, 10.25], "texture": "#0"},
				"up": {"uv": [7.375, 10, 7.5, 10.125], "texture": "#0"},
				"down": {"uv": [7.375, 10.125, 7.5, 10.25], "texture": "#0"}
			}
		},
		{
			"name": "11222_110",
			"from": [7.8125, 5.8125, 6.4375],
			"to": [7.9375, 5.9375, 6.6875],
			"faces": {
				"north": {"uv": [8, 10, 7.875, 10.125], "texture": "#0"},
				"east": {"uv": [7.875, 10, 8, 10.125], "texture": "#0"},
				"south": {"uv": [7.875, 10, 8, 10.125], "texture": "#0"},
				"west": {"uv": [7.875, 10, 8, 10.125], "texture": "#0"},
				"up": {"uv": [7.875, 10, 8, 10.125], "texture": "#0"},
				"down": {"uv": [7.875, 10, 8, 10.125], "texture": "#0"}
			}
		},
		{
			"name": "11222_111",
			"from": [8.0625, 5.8125, 6.4375],
			"to": [8.1875, 5.9375, 6.6875],
			"faces": {
				"north": {"uv": [8.25, 10, 8.125, 10.125], "texture": "#0"},
				"east": {"uv": [8.125, 10, 8.25, 10.125], "texture": "#0"},
				"south": {"uv": [8.125, 10, 8.25, 10.125], "texture": "#0"},
				"west": {"uv": [8.125, 10, 8.25, 10.125], "texture": "#0"},
				"up": {"uv": [8.125, 10, 8.25, 10.125], "texture": "#0"},
				"down": {"uv": [8.125, 10, 8.25, 10.125], "texture": "#0"}
			}
		},
		{
			"name": "11222_112",
			"from": [8.5625, 5.6875, 6.4375],
			"to": [8.6875, 5.9375, 6.6875],
			"faces": {
				"north": {"uv": [8.75, 10, 8.625, 10.25], "texture": "#0"},
				"east": {"uv": [8.625, 10, 8.75, 10.25], "texture": "#0"},
				"south": {"uv": [8.625, 10, 8.75, 10.25], "texture": "#0"},
				"west": {"uv": [8.625, 10, 8.75, 10.25], "texture": "#0"},
				"up": {"uv": [8.625, 10, 8.75, 10.125], "texture": "#0"},
				"down": {"uv": [8.625, 10.125, 8.75, 10.25], "texture": "#0"}
			}
		},
		{
			"name": "11222_113",
			"from": [8.8125, 5.8125, 6.4375],
			"to": [8.9375, 5.9375, 6.6875],
			"faces": {
				"north": {"uv": [9, 10, 8.875, 10.125], "texture": "#0"},
				"east": {"uv": [8.875, 10, 9, 10.125], "texture": "#0"},
				"south": {"uv": [8.875, 10, 9, 10.125], "texture": "#0"},
				"west": {"uv": [8.875, 10, 9, 10.125], "texture": "#0"},
				"down": {"uv": [8.875, 10, 9, 10.125], "texture": "#0"}
			}
		},
		{
			"name": "11222_114",
			"from": [7.5625, 5.6875, 6.4375],
			"to": [7.8125, 5.8125, 6.6875],
			"faces": {
				"north": {"uv": [7.875, 10.125, 7.625, 10.25], "texture": "#0"},
				"east": {"uv": [7.75, 10.125, 7.875, 10.25], "texture": "#0"},
				"south": {"uv": [7.625, 10.125, 7.875, 10.25], "texture": "#0"},
				"west": {"uv": [7.625, 10.125, 7.75, 10.25], "texture": "#0"},
				"up": {"uv": [7.625, 10.125, 7.875, 10.25], "texture": "#0"},
				"down": {"uv": [7.625, 10.125, 7.875, 10.25], "texture": "#0"}
			}
		},
		{
			"name": "11222_115",
			"from": [8.1875, 5.6875, 6.4375],
			"to": [8.4375, 5.8125, 6.6875],
			"faces": {
				"north": {"uv": [8.5, 10.125, 8.25, 10.25], "texture": "#0"},
				"east": {"uv": [8.375, 10.125, 8.5, 10.25], "texture": "#0"},
				"south": {"uv": [8.25, 10.125, 8.5, 10.25], "texture": "#0"},
				"west": {"uv": [8.25, 10.125, 8.375, 10.25], "texture": "#0"},
				"up": {"uv": [8.25, 10.125, 8.5, 10.25], "texture": "#0"},
				"down": {"uv": [8.25, 10.125, 8.5, 10.25], "texture": "#0"}
			}
		},
		{
			"name": "11222_116",
			"from": [6.9375, 5.5625, 6.4375],
			"to": [7.3125, 5.6875, 6.6875],
			"faces": {
				"north": {"uv": [7.375, 10.25, 7, 10.375], "texture": "#0"},
				"east": {"uv": [7.25, 10.25, 7.375, 10.375], "texture": "#0"},
				"south": {"uv": [7, 10.25, 7.375, 10.375], "texture": "#0"},
				"west": {"uv": [7, 10.25, 7.125, 10.375], "texture": "#0"},
				"up": {"uv": [7, 10.25, 7.375, 10.375], "texture": "#0"},
				"down": {"uv": [7, 10.25, 7.375, 10.375], "texture": "#0"}
			}
		},
		{
			"name": "11222_117",
			"from": [7.6875, 5.4375, 6.4375],
			"to": [7.8125, 5.6875, 6.6875],
			"faces": {
				"north": {"uv": [7.875, 10.25, 7.75, 10.5], "texture": "#0"},
				"east": {"uv": [7.75, 10.25, 7.875, 10.5], "texture": "#0"},
				"south": {"uv": [7.75, 10.25, 7.875, 10.5], "texture": "#0"},
				"west": {"uv": [7.75, 10.25, 7.875, 10.5], "texture": "#0"},
				"down": {"uv": [7.75, 10.375, 7.875, 10.5], "texture": "#0"}
			}
		},
		{
			"name": "11222_118",
			"from": [8.1875, 5.4375, 6.4375],
			"to": [8.3125, 5.6875, 6.6875],
			"faces": {
				"north": {"uv": [8.375, 10.25, 8.25, 10.5], "texture": "#0"},
				"east": {"uv": [8.25, 10.25, 8.375, 10.5], "texture": "#0"},
				"south": {"uv": [8.25, 10.25, 8.375, 10.5], "texture": "#0"},
				"west": {"uv": [8.25, 10.25, 8.375, 10.5], "texture": "#0"},
				"down": {"uv": [8.25, 10.375, 8.375, 10.5], "texture": "#0"}
			}
		},
		{
			"name": "11222_119",
			"from": [8.6875, 5.5625, 6.4375],
			"to": [9.0625, 5.6875, 6.6875],
			"faces": {
				"north": {"uv": [9.125, 10.25, 8.75, 10.375], "texture": "#0"},
				"east": {"uv": [9, 10.25, 9.125, 10.375], "texture": "#0"},
				"south": {"uv": [8.75, 10.25, 9.125, 10.375], "texture": "#0"},
				"west": {"uv": [8.75, 10.25, 8.875, 10.375], "texture": "#0"},
				"up": {"uv": [8.75, 10.25, 9.125, 10.375], "texture": "#0"},
				"down": {"uv": [8.75, 10.25, 9.125, 10.375], "texture": "#0"}
			}
		},
		{
			"name": "11222_120",
			"from": [7.8125, 5.1875, 6.4375],
			"to": [7.9375, 5.4375, 6.6875],
			"faces": {
				"north": {"uv": [8, 10.5, 7.875, 10.75], "texture": "#0"},
				"east": {"uv": [7.875, 10.5, 8, 10.75], "texture": "#0"},
				"south": {"uv": [7.875, 10.5, 8, 10.75], "texture": "#0"},
				"west": {"uv": [7.875, 10.5, 8, 10.75], "texture": "#0"},
				"up": {"uv": [7.875, 10.5, 8, 10.625], "texture": "#0"},
				"down": {"uv": [7.875, 10.625, 8, 10.75], "texture": "#0"}
			}
		},
		{
			"name": "11222_121",
			"from": [8.0625, 5.1875, 6.4375],
			"to": [8.1875, 5.4375, 6.6875],
			"faces": {
				"north": {"uv": [8.25, 10.5, 8.125, 10.75], "texture": "#0"},
				"east": {"uv": [8.125, 10.5, 8.25, 10.75], "texture": "#0"},
				"south": {"uv": [8.125, 10.5, 8.25, 10.75], "texture": "#0"},
				"west": {"uv": [8.125, 10.5, 8.25, 10.75], "texture": "#0"},
				"up": {"uv": [8.125, 10.5, 8.25, 10.625], "texture": "#0"},
				"down": {"uv": [8.125, 10.625, 8.25, 10.75], "texture": "#0"}
			}
		},
		{
			"name": "11222_122",
			"from": [7.9375, 4.9375, 6.4375],
			"to": [8.0625, 5.1875, 6.6875],
			"faces": {
				"north": {"uv": [8.125, 10.75, 8, 11], "texture": "#0"},
				"east": {"uv": [8, 10.75, 8.125, 11], "texture": "#0"},
				"south": {"uv": [8, 10.75, 8.125, 11], "texture": "#0"},
				"west": {"uv": [8, 10.75, 8.125, 11], "texture": "#0"},
				"up": {"uv": [8, 10.75, 8.125, 10.875], "texture": "#0"},
				"down": {"uv": [8, 10.875, 8.125, 11], "texture": "#0"}
			}
		}
	],
	"display": {
		"thirdperson_righthand": {
			"rotation": [0, -90, 0],
			"translation": [-2, -1.25, 2.75],
			"scale": [3, 3, 3]
		},
		"thirdperson_lefthand": {
			"rotation": [0, -90, 0],
			"translation": [-1.75, -1.25, 2.75],
			"scale": [3, 3, 3]
		},
		"firstperson_righthand": {
			"rotation": [0, -5, 4],
			"translation": [3.5, 1.5, -0.75],
			"scale": [3, 3, 3]
		},
		"firstperson_lefthand": {
			"rotation": [0, -5, 4],
			"translation": [3.5, 1.5, -0.75],
			"scale": [3, 3, 3]
		},
		"ground": {
			"translation": [0, 10, 0],
			"scale": [3, 3, 3]
		},
		"gui": {
			"rotation": [0, 180, 0],
			"translation": [0.5, 1.5, 0],
			"scale": [2, 2, 2]
		},
		"head": {
			"rotation": [180, 0, 180],
			"translation": [0, -12.25, 2],
			"scale": [3.5, 3.5, 3.5]
		},
		"fixed": {
			"translation": [0, 2, 3.75],
			"scale": [2, 2, 2]
		}
	},
	"groups": [
		{
			"name": "plank_shield4",
			"origin": [8, 8, 8],
			"color": 0,
			"children": [0, 1, 2]
		},
		{
			"name": "1122",
			"origin": [8, 8, 8],
			"color": 0,
			"children": [3, 4, 5, 6, 7, 8, 9, 10, 11, 12, 13, 14, 15, 16, 17, 18, 19, 20, 21, 22, 23, 24, 25, 26, 27, 28, 29, 30]
		},
		{
			"name": "1222",
			"origin": [8, 8, 8],
			"color": 0,
			"children": [
				31,
				32,
				33,
				34,
				35,
				36,
				37,
				38,
				39,
				40,
				41,
				42,
				43,
				44,
				45,
				46,
				47,
				48,
				49,
				50,
				51,
				52,
				53,
				54,
				55,
				56,
				57,
				58,
				59,
				60,
				61,
				62,
				63,
				64,
				65,
				66,
				67,
				68,
				69,
				70,
				71,
				72,
				73,
				74,
				75,
				76,
				77,
				78,
				79,
				80,
				81,
				82,
				83,
				84,
				85,
				86,
				87,
				88
			]
		},
		{
			"name": "11222",
			"origin": [8, 8, 8],
			"color": 0,
			"children": [
				89,
				90,
				91,
				92,
				93,
				94,
				95,
				96,
				97,
				98,
				99,
				100,
				101,
				102,
				103,
				104,
				105,
				106,
				107,
				108,
				109,
				110,
				111,
				112,
				113,
				114,
				115,
				116,
				117,
				118,
				119,
				120,
				121,
				122,
				123,
				124,
				125,
				126,
				127,
				128,
				129,
				130,
				131,
				132,
				133,
				134,
				135,
				136,
				137,
				138,
				139,
				140,
				141,
				142,
				143,
				144,
				145,
				146,
				147,
				148,
				149,
				150,
				151,
				152,
				153,
				154,
				155,
				156,
				157,
				158,
				159,
				160,
				161,
				162,
				163,
				164,
				165,
				166,
				167,
				168,
				169,
				170,
				171,
				172,
				173,
				174,
				175,
				176,
				177,
				178,
				179,
				180,
				181,
				182,
				183,
				184,
				185,
				186,
				187,
				188,
				189,
				190,
				191,
				192,
				193,
				194,
				195,
				196,
				197,
				198,
				199,
				200,
				201,
				202,
				203,
				204,
				205,
				206,
				207,
				208,
				209,
				210,
				211
			]
		}
	]
}