{
	"credit": "Made with Blockbench",
	"textures": {
		"0": "item/plank_shield",
		"particle": "item/plank_shield"
	},
	"elements": [
		{
			"name": "Layer 3_0",
			"from": [8.375, 10.375, 6.1875],
			"to": [8.625, 11.375, 6.5],
			"faces": {
				"north": {"uv": [8.625, 4.625, 8.375, 5.625], "texture": "#0"},
				"east": {"uv": [8.5, 4.625, 8.625, 5.625], "texture": "#0"},
				"south": {"uv": [8.375, 4.625, 8.625, 5.625], "texture": "#0"},
				"west": {"uv": [8.375, 4.625, 8.5, 5.625], "texture": "#0"},
				"up": {"uv": [8.375, 4.625, 8.625, 4.75], "texture": "#0"},
				"down": {"uv": [8.375, 5.5, 8.625, 5.625], "texture": "#0"}
			}
		},
		{
			"name": "Layer 3_1",
			"from": [7.875, 4.375, 6.1875],
			"to": [8.375, 11.25, 6.5],
			"faces": {
				"north": {"uv": [8.375, 4.75, 7.875, 11.625], "texture": "#0"},
				"east": {"uv": [8.25, 4.75, 8.375, 11.625], "texture": "#0"},
				"south": {"uv": [7.875, 4.75, 8.375, 11.625], "texture": "#0"},
				"west": {"uv": [7.875, 4.75, 8, 11.625], "texture": "#0"},
				"up": {"uv": [7.875, 4.75, 8.375, 4.875], "texture": "#0"},
				"down": {"uv": [7.875, 11.5, 8.375, 11.625], "texture": "#0"}
			}
		},
		{
			"name": "Layer 3_2",
			"from": [7.5, 5.375, 6.1875],
			"to": [7.75, 11.125, 6.5],
			"faces": {
				"north": {"uv": [7.75, 4.875, 7.5, 10.625], "texture": "#0"},
				"east": {"uv": [7.625, 4.875, 7.75, 10.625], "texture": "#0"},
				"south": {"uv": [7.5, 4.875, 7.75, 10.625], "texture": "#0"},
				"west": {"uv": [7.5, 4.875, 7.625, 10.625], "texture": "#0"},
				"up": {"uv": [7.5, 4.875, 7.75, 5], "texture": "#0"},
				"down": {"uv": [7.5, 10.5, 7.75, 10.625], "texture": "#0"}
			}
		},
		{
			"name": "Layer 3_3",
			"from": [7.25, 9.5, 6.1875],
			"to": [7.5, 11, 6.5],
			"faces": {
				"north": {"uv": [7.5, 5, 7.25, 6.5], "texture": "#0"},
				"south": {"uv": [7.25, 5, 7.5, 6.5], "texture": "#0"},
				"west": {"uv": [7.25, 5, 7.375, 6.5], "texture": "#0"},
				"up": {"uv": [7.25, 5, 7.5, 5.125], "texture": "#0"},
				"down": {"uv": [7.25, 6.375, 7.5, 6.5], "texture": "#0"}
			}
		},
		{
			"name": "Layer 3_4",
			"from": [10.125, 10.5, 6.25],
			"to": [10.5, 10.875, 6.5],
			"faces": {
				"north": {"uv": [10.5, 5.125, 10.125, 5.5], "texture": "#0"},
				"east": {"uv": [10.375, 5.125, 10.5, 5.5], "texture": "#0"},
				"south": {"uv": [10.125, 5.125, 10.5, 5.5], "texture": "#0"},
				"west": {"uv": [10.125, 5.125, 10.25, 5.5], "texture": "#0"},
				"up": {"uv": [10.125, 5.125, 10.5, 5.25], "texture": "#0"},
				"down": {"uv": [10.125, 5.375, 10.5, 5.5], "texture": "#0"}
			}
		},
		{
			"name": "Layer 3_5",
			"from": [7.75, 4.375, 6.1875],
			"to": [7.875, 10.75, 6.5],
			"faces": {
				"north": {"uv": [7.875, 5.25, 7.75, 11.625], "texture": "#0"},
				"south": {"uv": [7.75, 5.25, 7.875, 11.625], "texture": "#0"},
				"west": {"uv": [7.75, 5.25, 7.875, 11.625], "texture": "#0"},
				"up": {"uv": [7.75, 5.25, 7.875, 5.375], "texture": "#0"},
				"down": {"uv": [7.75, 11.5, 7.875, 11.625], "texture": "#0"}
			}
		},
		{
			"name": "Layer 3_6",
			"from": [9.875, 9.875, 6.25],
			"to": [10.125, 10.75, 6.5],
			"faces": {
				"north": {"uv": [10.125, 5.25, 9.875, 6.125], "texture": "#0"},
				"east": {"uv": [10, 5.25, 10.125, 6.125], "texture": "#0"},
				"south": {"uv": [9.875, 5.25, 10.125, 6.125], "texture": "#0"},
				"west": {"uv": [9.875, 5.25, 10, 6.125], "texture": "#0"},
				"up": {"uv": [9.875, 5.25, 10.125, 5.375], "texture": "#0"},
				"down": {"uv": [9.875, 6, 10.125, 6.125], "texture": "#0"}
			}
		},
		{
			"name": "Layer 3_7",
			"from": [6.75, 4.875, 6.25],
			"to": [7, 10.625, 6.5],
			"faces": {
				"north": {"uv": [7, 5.375, 6.75, 11.125], "texture": "#0"},
				"east": {"uv": [6.875, 5.375, 7, 11.125], "texture": "#0"},
				"south": {"uv": [6.75, 5.375, 7, 11.125], "texture": "#0"},
				"west": {"uv": [6.75, 5.375, 6.875, 11.125], "texture": "#0"},
				"up": {"uv": [6.75, 5.375, 7, 5.5], "texture": "#0"},
				"down": {"uv": [6.75, 11, 7, 11.125], "texture": "#0"}
			}
		},
		{
			"name": "Layer 3_8",
			"from": [9, 10.125, 6.25],
			"to": [9.25, 10.625, 6.5],
			"faces": {
				"north": {"uv": [9.25, 5.375, 9, 5.875], "texture": "#0"},
				"east": {"uv": [9.125, 5.375, 9.25, 5.875], "texture": "#0"},
				"south": {"uv": [9, 5.375, 9.25, 5.875], "texture": "#0"},
				"west": {"uv": [9, 5.375, 9.125, 5.875], "texture": "#0"},
				"up": {"uv": [9, 5.375, 9.25, 5.5], "texture": "#0"},
				"down": {"uv": [9, 5.75, 9.25, 5.875], "texture": "#0"}
			}
		},
		{
			"name": "Layer 3_9",
			"from": [9.625, 6.75, 6.25],
			"to": [9.875, 10.625, 6.5],
			"faces": {
				"north": {"uv": [9.875, 5.375, 9.625, 9.25], "texture": "#0"},
				"east": {"uv": [9.75, 5.375, 9.875, 9.25], "texture": "#0"},
				"south": {"uv": [9.625, 5.375, 9.875, 9.25], "texture": "#0"},
				"west": {"uv": [9.625, 5.375, 9.75, 9.25], "texture": "#0"},
				"up": {"uv": [9.625, 5.375, 9.875, 5.5], "texture": "#0"},
				"down": {"uv": [9.625, 9.125, 9.875, 9.25], "texture": "#0"}
			}
		},
		{
			"name": "Layer 3_10",
			"from": [6.375, 5.25, 6.25],
			"to": [6.5, 10.5, 6.5],
			"faces": {
				"north": {"uv": [6.5, 5.5, 6.375, 10.75], "texture": "#0"},
				"east": {"uv": [6.375, 5.5, 6.5, 10.75], "texture": "#0"},
				"south": {"uv": [6.375, 5.5, 6.5, 10.75], "texture": "#0"},
				"west": {"uv": [6.375, 5.5, 6.5, 10.75], "texture": "#0"},
				"up": {"uv": [6.375, 5.5, 6.5, 5.625], "texture": "#0"},
				"down": {"uv": [6.375, 10.625, 6.5, 10.75], "texture": "#0"}
			}
		},
		{
			"name": "Layer 3_11",
			"from": [6.625, 4.75, 6.25],
			"to": [6.75, 10.5, 6.5],
			"faces": {
				"north": {"uv": [6.75, 5.5, 6.625, 11.25], "texture": "#0"},
				"south": {"uv": [6.625, 5.5, 6.75, 11.25], "texture": "#0"},
				"west": {"uv": [6.625, 5.5, 6.75, 11.25], "texture": "#0"},
				"up": {"uv": [6.625, 5.5, 6.75, 5.625], "texture": "#0"},
				"down": {"uv": [6.625, 11.125, 6.75, 11.25], "texture": "#0"}
			}
		},
		{
			"name": "Layer 3_12",
			"from": [9.25, 5.25, 6.25],
			"to": [9.625, 10.5, 6.5],
			"faces": {
				"north": {"uv": [9.625, 5.5, 9.25, 10.75], "texture": "#0"},
				"east": {"uv": [9.5, 5.5, 9.625, 10.75], "texture": "#0"},
				"south": {"uv": [9.25, 5.5, 9.625, 10.75], "texture": "#0"},
				"west": {"uv": [9.25, 5.5, 9.375, 10.75], "texture": "#0"},
				"up": {"uv": [9.25, 5.5, 9.625, 5.625], "texture": "#0"},
				"down": {"uv": [9.25, 10.625, 9.625, 10.75], "texture": "#0"}
			}
		},
		{
			"name": "Layer 3_13",
			"from": [10.125, 10, 6.25],
			"to": [10.375, 10.5, 6.5],
			"faces": {
				"north": {"uv": [10.375, 5.5, 10.125, 6], "texture": "#0"},
				"east": {"uv": [10.25, 5.5, 10.375, 6], "texture": "#0"},
				"south": {"uv": [10.125, 5.5, 10.375, 6], "texture": "#0"},
				"down": {"uv": [10.125, 5.875, 10.375, 6], "texture": "#0"}
			}
		},
		{
			"name": "Layer 3_14",
			"from": [6, 7.875, 6.25],
			"to": [6.375, 10.375, 6.5],
			"faces": {
				"north": {"uv": [6.375, 5.625, 6, 8.125], "texture": "#0"},
				"south": {"uv": [6, 5.625, 6.375, 8.125], "texture": "#0"},
				"west": {"uv": [6, 5.625, 6.125, 8.125], "texture": "#0"},
				"up": {"uv": [6, 5.625, 6.375, 5.75], "texture": "#0"},
				"down": {"uv": [6, 8, 6.375, 8.125], "texture": "#0"}
			}
		},
		{
			"name": "Layer 3_15",
			"from": [8.375, 10.25, 6.1875],
			"to": [8.5, 10.375, 6.5],
			"faces": {
				"north": {"uv": [8.5, 5.625, 8.375, 5.75], "texture": "#0"},
				"east": {"uv": [8.375, 5.625, 8.5, 5.75], "texture": "#0"},
				"south": {"uv": [8.375, 5.625, 8.5, 5.75], "texture": "#0"},
				"down": {"uv": [8.375, 5.625, 8.5, 5.75], "texture": "#0"}
			}
		},
		{
			"name": "Layer 3_16",
			"from": [5.75, 9.625, 6.25],
			"to": [6, 10.25, 6.5],
			"faces": {
				"north": {"uv": [6, 5.75, 5.75, 6.375], "texture": "#0"},
				"south": {"uv": [5.75, 5.75, 6, 6.375], "texture": "#0"},
				"west": {"uv": [5.75, 5.75, 5.875, 6.375], "texture": "#0"},
				"up": {"uv": [5.75, 5.75, 6, 5.875], "texture": "#0"},
				"down": {"uv": [5.75, 6.25, 6, 6.375], "texture": "#0"}
			}
		},
		{
			"name": "Layer 3_17",
			"from": [6.5, 4.875, 6.25],
			"to": [6.625, 10.125, 6.5],
			"faces": {
				"north": {"uv": [6.625, 5.875, 6.5, 11.125], "texture": "#0"},
				"south": {"uv": [6.5, 5.875, 6.625, 11.125], "texture": "#0"},
				"west": {"uv": [6.5, 5.875, 6.625, 11.125], "texture": "#0"},
				"up": {"uv": [6.5, 5.875, 6.625, 6], "texture": "#0"},
				"down": {"uv": [6.5, 11, 6.625, 11.125], "texture": "#0"}
			}
		},
		{
			"name": "Layer 3_18",
			"from": [8.375, 8.25, 6.1875],
			"to": [8.625, 10.125, 6.5],
			"faces": {
				"north": {"uv": [8.625, 5.875, 8.375, 7.75], "texture": "#0"},
				"east": {"uv": [8.5, 5.875, 8.625, 7.75], "texture": "#0"},
				"south": {"uv": [8.375, 5.875, 8.625, 7.75], "texture": "#0"},
				"up": {"uv": [8.375, 5.875, 8.625, 6], "texture": "#0"},
				"down": {"uv": [8.375, 7.625, 8.625, 7.75], "texture": "#0"}
			}
		},
		{
			"name": "Layer 3_19",
			"from": [9.125, 9.875, 6.25],
			"to": [9.25, 10.125, 6.5],
			"faces": {
				"north": {"uv": [9.25, 5.875, 9.125, 6.125], "texture": "#0"},
				"south": {"uv": [9.125, 5.875, 9.25, 6.125], "texture": "#0"},
				"west": {"uv": [9.125, 5.875, 9.25, 6.125], "texture": "#0"},
				"down": {"uv": [9.125, 6, 9.25, 6.125], "texture": "#0"}
			}
		},
		{
			"name": "Layer 3_20",
			"from": [9.875, 7.5, 6.25],
			"to": [10, 9.875, 6.5],
			"faces": {
				"north": {"uv": [10, 6.125, 9.875, 8.5], "texture": "#0"},
				"east": {"uv": [9.875, 6.125, 10, 8.5], "texture": "#0"},
				"south": {"uv": [9.875, 6.125, 10, 8.5], "texture": "#0"},
				"down": {"uv": [9.875, 8.375, 10, 8.5], "texture": "#0"}
			}
		},
		{
			"name": "Layer 3_21",
			"from": [9, 4.875, 6.25],
			"to": [9.125, 9.75, 6.5],
			"faces": {
				"north": {"uv": [9.125, 6.25, 9, 11.125], "texture": "#0"},
				"east": {"uv": [9, 6.25, 9.125, 11.125], "texture": "#0"},
				"south": {"uv": [9, 6.25, 9.125, 11.125], "texture": "#0"},
				"west": {"uv": [9, 6.25, 9.125, 11.125], "texture": "#0"},
				"up": {"uv": [9, 6.25, 9.125, 6.375], "texture": "#0"},
				"down": {"uv": [9, 11, 9.125, 11.125], "texture": "#0"}
			}
		},
		{
			"name": "Layer 3_22",
			"from": [10, 9, 6.25],
			"to": [10.25, 9.75, 6.5],
			"faces": {
				"north": {"uv": [10.25, 6.25, 10, 7], "texture": "#0"},
				"east": {"uv": [10.125, 6.25, 10.25, 7], "texture": "#0"},
				"south": {"uv": [10, 6.25, 10.25, 7], "texture": "#0"},
				"up": {"uv": [10, 6.25, 10.25, 6.375], "texture": "#0"},
				"down": {"uv": [10, 6.875, 10.25, 7], "texture": "#0"}
			}
		},
		{
			"name": "Layer 3_23",
			"from": [5.875, 8.75, 6.25],
			"to": [6, 9.625, 6.5],
			"faces": {
				"north": {"uv": [6, 6.375, 5.875, 7.25], "texture": "#0"},
				"south": {"uv": [5.875, 6.375, 6, 7.25], "texture": "#0"},
				"west": {"uv": [5.875, 6.375, 6, 7.25], "texture": "#0"},
				"down": {"uv": [5.875, 7.125, 6, 7.25], "texture": "#0"}
			}
		},
		{
			"name": "Layer 3_24",
			"from": [7, 4.625, 6.25],
			"to": [7.125, 9.625, 6.5],
			"faces": {
				"north": {"uv": [7.125, 6.375, 7, 11.375], "texture": "#0"},
				"east": {"uv": [7, 6.375, 7.125, 11.375], "texture": "#0"},
				"south": {"uv": [7, 6.375, 7.125, 11.375], "texture": "#0"},
				"west": {"uv": [7, 6.375, 7.125, 11.375], "texture": "#0"},
				"up": {"uv": [7, 6.375, 7.125, 6.5], "texture": "#0"},
				"down": {"uv": [7, 11.25, 7.125, 11.375], "texture": "#0"}
			}
		},
		{
			"name": "Layer 3_25",
			"from": [8.875, 4.5, 6.25],
			"to": [9, 9.625, 6.5],
			"faces": {
				"north": {"uv": [9, 6.375, 8.875, 11.5], "texture": "#0"},
				"east": {"uv": [8.875, 6.375, 9, 11.5], "texture": "#0"},
				"south": {"uv": [8.875, 6.375, 9, 11.5], "texture": "#0"},
				"west": {"uv": [8.875, 6.375, 9, 11.5], "texture": "#0"},
				"up": {"uv": [8.875, 6.375, 9, 6.5], "texture": "#0"},
				"down": {"uv": [8.875, 11.375, 9, 11.5], "texture": "#0"}
			}
		},
		{
			"name": "Layer 3_26",
			"from": [9.125, 4.625, 6.25],
			"to": [9.25, 9.625, 6.5],
			"faces": {
				"north": {"uv": [9.25, 6.375, 9.125, 11.375], "texture": "#0"},
				"east": {"uv": [9.125, 6.375, 9.25, 11.375], "texture": "#0"},
				"south": {"uv": [9.125, 6.375, 9.25, 11.375], "texture": "#0"},
				"west": {"uv": [9.125, 6.375, 9.25, 11.375], "texture": "#0"},
				"up": {"uv": [9.125, 6.375, 9.25, 6.5], "texture": "#0"},
				"down": {"uv": [9.125, 11.25, 9.25, 11.375], "texture": "#0"}
			}
		},
		{
			"name": "Layer 3_27",
			"from": [10.5, 5.5, 6.3125],
			"to": [10.75, 9.625, 6.5],
			"faces": {
				"north": {"uv": [10.75, 6.375, 10.5, 10.5], "texture": "#0"},
				"east": {"uv": [10.625, 6.375, 10.75, 10.5], "texture": "#0"},
				"south": {"uv": [10.5, 6.375, 10.75, 10.5], "texture": "#0"},
				"west": {"uv": [10.5, 6.375, 10.625, 10.5], "texture": "#0"},
				"up": {"uv": [10.5, 6.375, 10.75, 6.5], "texture": "#0"},
				"down": {"uv": [10.5, 10.375, 10.75, 10.5], "texture": "#0"}
			}
		},
		{
			"name": "Layer 3_28",
			"from": [7.375, 6.75, 6.1875],
			"to": [7.5, 9.5, 6.5],
			"faces": {
				"north": {"uv": [7.5, 6.5, 7.375, 9.25], "texture": "#0"},
				"south": {"uv": [7.375, 6.5, 7.5, 9.25], "texture": "#0"},
				"west": {"uv": [7.375, 6.5, 7.5, 9.25], "texture": "#0"},
				"down": {"uv": [7.375, 9.125, 7.5, 9.25], "texture": "#0"}
			}
		},
		{
			"name": "Layer 3_29",
			"from": [10.75, 6, 6.3125],
			"to": [10.875, 9.5, 6.5],
			"faces": {
				"north": {"uv": [10.875, 6.5, 10.75, 10], "texture": "#0"},
				"east": {"uv": [10.75, 6.5, 10.875, 10], "texture": "#0"},
				"south": {"uv": [10.75, 6.5, 10.875, 10], "texture": "#0"},
				"up": {"uv": [10.75, 6.5, 10.875, 6.625], "texture": "#0"},
				"down": {"uv": [10.75, 9.875, 10.875, 10], "texture": "#0"}
			}
		},
		{
			"name": "Layer 3_30",
			"from": [5.5, 5.625, 6.3125],
			"to": [5.75, 9.375, 6.5],
			"faces": {
				"north": {"uv": [5.75, 6.625, 5.5, 10.375], "texture": "#0"},
				"east": {"uv": [5.625, 6.625, 5.75, 10.375], "texture": "#0"},
				"south": {"uv": [5.5, 6.625, 5.75, 10.375], "texture": "#0"},
				"west": {"uv": [5.5, 6.625, 5.625, 10.375], "texture": "#0"},
				"up": {"uv": [5.5, 6.625, 5.75, 6.75], "texture": "#0"},
				"down": {"uv": [5.5, 10.25, 5.75, 10.375], "texture": "#0"}
			}
		},
		{
			"name": "Layer 3_31",
			"from": [5.375, 6.375, 6.3125],
			"to": [5.5, 9.25, 6.5],
			"faces": {
				"north": {"uv": [5.5, 6.75, 5.375, 9.625], "texture": "#0"},
				"south": {"uv": [5.375, 6.75, 5.5, 9.625], "texture": "#0"},
				"west": {"uv": [5.375, 6.75, 5.5, 9.625], "texture": "#0"},
				"up": {"uv": [5.375, 6.75, 5.5, 6.875], "texture": "#0"},
				"down": {"uv": [5.375, 9.5, 5.5, 9.625], "texture": "#0"}
			}
		},
		{
			"name": "Layer 3_32",
			"from": [10.375, 5.125, 6.3125],
			"to": [10.5, 9.25, 6.5],
			"faces": {
				"north": {"uv": [10.5, 6.75, 10.375, 10.875], "texture": "#0"},
				"south": {"uv": [10.375, 6.75, 10.5, 10.875], "texture": "#0"},
				"west": {"uv": [10.375, 6.75, 10.5, 10.875], "texture": "#0"},
				"up": {"uv": [10.375, 6.75, 10.5, 6.875], "texture": "#0"},
				"down": {"uv": [10.375, 10.75, 10.5, 10.875], "texture": "#0"}
			}
		},
		{
			"name": "Layer 3_33",
			"from": [10.875, 6.625, 6.3125],
			"to": [11, 9.25, 6.5],
			"faces": {
				"north": {"uv": [11, 6.75, 10.875, 9.375], "texture": "#0"},
				"east": {"uv": [10.875, 6.75, 11, 9.375], "texture": "#0"},
				"south": {"uv": [10.875, 6.75, 11, 9.375], "texture": "#0"},
				"up": {"uv": [10.875, 6.75, 11, 6.875], "texture": "#0"},
				"down": {"uv": [10.875, 9.25, 11, 9.375], "texture": "#0"}
			}
		},
		{
			"name": "Layer 3_34",
			"from": [5.25, 7, 6.3125],
			"to": [5.375, 9.125, 6.5],
			"faces": {
				"north": {"uv": [5.375, 6.875, 5.25, 9], "texture": "#0"},
				"south": {"uv": [5.25, 6.875, 5.375, 9], "texture": "#0"},
				"west": {"uv": [5.25, 6.875, 5.375, 9], "texture": "#0"},
				"up": {"uv": [5.25, 6.875, 5.375, 7], "texture": "#0"},
				"down": {"uv": [5.25, 8.875, 5.375, 9], "texture": "#0"}
			}
		},
		{
			"name": "Layer 3_35",
			"from": [11, 8.5, 6.3125],
			"to": [11.125, 9.125, 6.5],
			"faces": {
				"north": {"uv": [11.125, 6.875, 11, 7.5], "texture": "#0"},
				"east": {"uv": [11, 6.875, 11.125, 7.5], "texture": "#0"},
				"south": {"uv": [11, 6.875, 11.125, 7.5], "texture": "#0"},
				"up": {"uv": [11, 6.875, 11.125, 7], "texture": "#0"},
				"down": {"uv": [11, 7.375, 11.125, 7.5], "texture": "#0"}
			}
		},
		{
			"name": "Layer 3_36",
			"from": [5.125, 8.5, 6.3125],
			"to": [5.25, 9, 6.5],
			"faces": {
				"north": {"uv": [5.25, 7, 5.125, 7.5], "texture": "#0"},
				"south": {"uv": [5.125, 7, 5.25, 7.5], "texture": "#0"},
				"west": {"uv": [5.125, 7, 5.25, 7.5], "texture": "#0"},
				"up": {"uv": [5.125, 7, 5.25, 7.125], "texture": "#0"},
				"down": {"uv": [5.125, 7.375, 5.25, 7.5], "texture": "#0"}
			}
		},
		{
			"name": "Layer 3_37",
			"from": [10, 8.25, 6.25],
			"to": [10.125, 9, 6.5],
			"faces": {
				"north": {"uv": [10.125, 7, 10, 7.75], "texture": "#0"},
				"east": {"uv": [10, 7, 10.125, 7.75], "texture": "#0"},
				"south": {"uv": [10, 7, 10.125, 7.75], "texture": "#0"},
				"down": {"uv": [10, 7.625, 10.125, 7.75], "texture": "#0"}
			}
		},
		{
			"name": "Layer 3_38",
			"from": [11.125, 8.5, 6.3125],
			"to": [11.25, 9, 6.5],
			"faces": {
				"north": {"uv": [11.25, 7, 11.125, 7.5], "texture": "#0"},
				"east": {"uv": [11.125, 7, 11.25, 7.5], "texture": "#0"},
				"south": {"uv": [11.125, 7, 11.25, 7.5], "texture": "#0"},
				"up": {"uv": [11.125, 7, 11.25, 7.125], "texture": "#0"},
				"down": {"uv": [11.125, 7.375, 11.25, 7.5], "texture": "#0"}
			}
		},
		{
			"name": "Layer 3_39",
			"from": [5, 8.625, 6.3125],
			"to": [5.125, 8.875, 6.5],
			"faces": {
				"north": {"uv": [5.125, 7.125, 5, 7.375], "texture": "#0"},
				"south": {"uv": [5, 7.125, 5.125, 7.375], "texture": "#0"},
				"west": {"uv": [5, 7.125, 5.125, 7.375], "texture": "#0"},
				"up": {"uv": [5, 7.125, 5.125, 7.25], "texture": "#0"},
				"down": {"uv": [5, 7.25, 5.125, 7.375], "texture": "#0"}
			}
		},
		{
			"name": "Layer 3_40",
			"from": [5.75, 5.125, 6.3125],
			"to": [5.875, 8.75, 6.5],
			"faces": {
				"north": {"uv": [5.875, 7.25, 5.75, 10.875], "texture": "#0"},
				"east": {"uv": [5.75, 7.25, 5.875, 10.875], "texture": "#0"},
				"south": {"uv": [5.75, 7.25, 5.875, 10.875], "texture": "#0"},
				"west": {"uv": [5.75, 7.25, 5.875, 10.875], "texture": "#0"},
				"up": {"uv": [5.75, 7.25, 5.875, 7.375], "texture": "#0"},
				"down": {"uv": [5.75, 10.75, 5.875, 10.875], "texture": "#0"}
			}
		},
		{
			"name": "Layer 3_41",
			"from": [11.25, 8.5, 6.3125],
			"to": [11.375, 8.75, 6.5],
			"faces": {
				"north": {"uv": [11.375, 7.25, 11.25, 7.5], "texture": "#0"},
				"east": {"uv": [11.25, 7.25, 11.375, 7.5], "texture": "#0"},
				"south": {"uv": [11.25, 7.25, 11.375, 7.5], "texture": "#0"},
				"up": {"uv": [11.25, 7.25, 11.375, 7.375], "texture": "#0"},
				"down": {"uv": [11.25, 7.375, 11.375, 7.5], "texture": "#0"}
			}
		},
		{
			"name": "Layer 3_42",
			"from": [10.25, 5, 6.3125],
			"to": [10.375, 8.5, 6.5],
			"faces": {
				"north": {"uv": [10.375, 7.5, 10.25, 11], "texture": "#0"},
				"east": {"uv": [10.25, 7.5, 10.375, 11], "texture": "#0"},
				"south": {"uv": [10.25, 7.5, 10.375, 11], "texture": "#0"},
				"west": {"uv": [10.25, 7.5, 10.375, 11], "texture": "#0"},
				"up": {"uv": [10.25, 7.5, 10.375, 7.625], "texture": "#0"},
				"down": {"uv": [10.25, 10.875, 10.375, 11], "texture": "#0"}
			}
		},
		{
			"name": "Layer 3_43",
			"from": [5.125, 7.625, 6.3125],
			"to": [5.25, 8.375, 6.5],
			"faces": {
				"north": {"uv": [5.25, 7.625, 5.125, 8.375], "texture": "#0"},
				"south": {"uv": [5.125, 7.625, 5.25, 8.375], "texture": "#0"},
				"west": {"uv": [5.125, 7.625, 5.25, 8.375], "texture": "#0"},
				"up": {"uv": [5.125, 7.625, 5.25, 7.75], "texture": "#0"},
				"down": {"uv": [5.125, 8.25, 5.25, 8.375], "texture": "#0"}
			}
		},
		{
			"name": "Layer 3_44",
			"from": [11, 7.75, 6.3125],
			"to": [11.25, 8.375, 6.5],
			"faces": {
				"north": {"uv": [11.25, 7.625, 11, 8.25], "texture": "#0"},
				"east": {"uv": [11.125, 7.625, 11.25, 8.25], "texture": "#0"},
				"south": {"uv": [11, 7.625, 11.25, 8.25], "texture": "#0"},
				"up": {"uv": [11, 7.625, 11.25, 7.75], "texture": "#0"},
				"down": {"uv": [11, 8.125, 11.25, 8.25], "texture": "#0"}
			}
		},
		{
			"name": "Layer 3_45",
			"from": [8.375, 4.125, 6.1875],
			"to": [8.5, 8.25, 6.5],
			"faces": {
				"north": {"uv": [8.5, 7.75, 8.375, 11.875], "texture": "#0"},
				"east": {"uv": [8.375, 7.75, 8.5, 11.875], "texture": "#0"},
				"south": {"uv": [8.375, 7.75, 8.5, 11.875], "texture": "#0"},
				"down": {"uv": [8.375, 11.75, 8.5, 11.875], "texture": "#0"}
			}
		},
		{
			"name": "Layer 3_46",
			"from": [6.125, 7, 6.25],
			"to": [6.375, 7.875, 6.5],
			"faces": {
				"north": {"uv": [6.375, 8.125, 6.125, 9], "texture": "#0"},
				"south": {"uv": [6.125, 8.125, 6.375, 9], "texture": "#0"},
				"west": {"uv": [6.125, 8.125, 6.25, 9], "texture": "#0"},
				"down": {"uv": [6.125, 8.875, 6.375, 9], "texture": "#0"}
			}
		},
		{
			"name": "Layer 3_47",
			"from": [7.125, 4.5, 6.25],
			"to": [7.25, 7.875, 6.5],
			"faces": {
				"north": {"uv": [7.25, 8.125, 7.125, 11.5], "texture": "#0"},
				"east": {"uv": [7.125, 8.125, 7.25, 11.5], "texture": "#0"},
				"south": {"uv": [7.125, 8.125, 7.25, 11.5], "texture": "#0"},
				"west": {"uv": [7.125, 8.125, 7.25, 11.5], "texture": "#0"},
				"up": {"uv": [7.125, 8.125, 7.25, 8.25], "texture": "#0"},
				"down": {"uv": [7.125, 11.375, 7.25, 11.5], "texture": "#0"}
			}
		},
		{
			"name": "Layer 3_48",
			"from": [8.75, 4.375, 6.25],
			"to": [8.875, 7.875, 6.5],
			"faces": {
				"north": {"uv": [8.875, 8.125, 8.75, 11.625], "texture": "#0"},
				"east": {"uv": [8.75, 8.125, 8.875, 11.625], "texture": "#0"},
				"south": {"uv": [8.75, 8.125, 8.875, 11.625], "texture": "#0"},
				"west": {"uv": [8.75, 8.125, 8.875, 11.625], "texture": "#0"},
				"up": {"uv": [8.75, 8.125, 8.875, 8.25], "texture": "#0"},
				"down": {"uv": [8.75, 11.5, 8.875, 11.625], "texture": "#0"}
			}
		},
		{
			"name": "Layer 3_49",
			"from": [5.875, 5, 6.3125],
			"to": [6, 7.75, 6.5],
			"faces": {
				"north": {"uv": [6, 8.25, 5.875, 11], "texture": "#0"},
				"east": {"uv": [5.875, 8.25, 6, 11], "texture": "#0"},
				"south": {"uv": [5.875, 8.25, 6, 11], "texture": "#0"},
				"west": {"uv": [5.875, 8.25, 6, 11], "texture": "#0"},
				"up": {"uv": [5.875, 8.25, 6, 8.375], "texture": "#0"},
				"down": {"uv": [5.875, 10.875, 6, 11], "texture": "#0"}
			}
		},
		{
			"name": "Layer 3_50",
			"from": [10.125, 5, 6.3125],
			"to": [10.25, 7.75, 6.5],
			"faces": {
				"north": {"uv": [10.25, 8.25, 10.125, 11], "texture": "#0"},
				"south": {"uv": [10.125, 8.25, 10.25, 11], "texture": "#0"},
				"west": {"uv": [10.125, 8.25, 10.25, 11], "texture": "#0"},
				"up": {"uv": [10.125, 8.25, 10.25, 8.375], "texture": "#0"},
				"down": {"uv": [10.125, 10.875, 10.25, 11], "texture": "#0"}
			}
		},
		{
			"name": "Layer 3_51",
			"from": [11, 7.125, 6.3125],
			"to": [11.125, 7.75, 6.5],
			"faces": {
				"north": {"uv": [11.125, 8.25, 11, 8.875], "texture": "#0"},
				"east": {"uv": [11, 8.25, 11.125, 8.875], "texture": "#0"},
				"south": {"uv": [11, 8.25, 11.125, 8.875], "texture": "#0"},
				"down": {"uv": [11, 8.75, 11.125, 8.875], "texture": "#0"}
			}
		},
		{
			"name": "Layer 3_52",
			"from": [6.25, 6.125, 6.25],
			"to": [6.375, 7, 6.5],
			"faces": {
				"north": {"uv": [6.375, 9, 6.25, 9.875], "texture": "#0"},
				"south": {"uv": [6.25, 9, 6.375, 9.875], "texture": "#0"},
				"west": {"uv": [6.25, 9, 6.375, 9.875], "texture": "#0"},
				"down": {"uv": [6.25, 9.75, 6.375, 9.875], "texture": "#0"}
			}
		},
		{
			"name": "Layer 3_53",
			"from": [10, 5, 6.3125],
			"to": [10.125, 7, 6.5],
			"faces": {
				"north": {"uv": [10.125, 9, 10, 11], "texture": "#0"},
				"south": {"uv": [10, 9, 10.125, 11], "texture": "#0"},
				"west": {"uv": [10, 9, 10.125, 11], "texture": "#0"},
				"up": {"uv": [10, 9, 10.125, 9.125], "texture": "#0"},
				"down": {"uv": [10, 10.875, 10.125, 11], "texture": "#0"}
			}
		},
		{
			"name": "Layer 3_54",
			"from": [6, 4.875, 6.3125],
			"to": [6.125, 6.875, 6.5],
			"faces": {
				"north": {"uv": [6.125, 9.125, 6, 11.125], "texture": "#0"},
				"east": {"uv": [6, 9.125, 6.125, 11.125], "texture": "#0"},
				"south": {"uv": [6, 9.125, 6.125, 11.125], "texture": "#0"},
				"west": {"uv": [6, 9.125, 6.125, 11.125], "texture": "#0"},
				"up": {"uv": [6, 9.125, 6.125, 9.25], "texture": "#0"},
				"down": {"uv": [6, 11, 6.125, 11.125], "texture": "#0"}
			}
		},
		{
			"name": "Layer 3_55",
			"from": [9.625, 6, 6.25],
			"to": [9.75, 6.75, 6.5],
			"faces": {
				"north": {"uv": [9.75, 9.25, 9.625, 10], "texture": "#0"},
				"east": {"uv": [9.625, 9.25, 9.75, 10], "texture": "#0"},
				"south": {"uv": [9.625, 9.25, 9.75, 10], "texture": "#0"},
				"down": {"uv": [9.625, 9.875, 9.75, 10], "texture": "#0"}
			}
		},
		{
			"name": "Layer 3_56",
			"from": [9.875, 4.875, 6.3125],
			"to": [10, 6.25, 6.5],
			"faces": {
				"north": {"uv": [10, 9.75, 9.875, 11.125], "texture": "#0"},
				"east": {"uv": [9.875, 9.75, 10, 11.125], "texture": "#0"},
				"south": {"uv": [9.875, 9.75, 10, 11.125], "texture": "#0"},
				"west": {"uv": [9.875, 9.75, 10, 11.125], "texture": "#0"},
				"up": {"uv": [9.875, 9.75, 10, 9.875], "texture": "#0"},
				"down": {"uv": [9.875, 11, 10, 11.125], "texture": "#0"}
			}
		},
		{
			"name": "Layer 3_57",
			"from": [7.25, 4.5, 6.25],
			"to": [7.375, 6.125, 6.5],
			"faces": {
				"north": {"uv": [7.375, 9.875, 7.25, 11.5], "texture": "#0"},
				"east": {"uv": [7.25, 9.875, 7.375, 11.5], "texture": "#0"},
				"south": {"uv": [7.25, 9.875, 7.375, 11.5], "texture": "#0"},
				"up": {"uv": [7.25, 9.875, 7.375, 10], "texture": "#0"},
				"down": {"uv": [7.25, 11.375, 7.375, 11.5], "texture": "#0"}
			}
		},
		{
			"name": "Layer 3_58",
			"from": [8.625, 4.375, 6.25],
			"to": [8.75, 6.125, 6.5],
			"faces": {
				"north": {"uv": [8.75, 9.875, 8.625, 11.625], "texture": "#0"},
				"south": {"uv": [8.625, 9.875, 8.75, 11.625], "texture": "#0"},
				"west": {"uv": [8.625, 9.875, 8.75, 11.625], "texture": "#0"},
				"up": {"uv": [8.625, 9.875, 8.75, 10], "texture": "#0"},
				"down": {"uv": [8.625, 11.5, 8.75, 11.625], "texture": "#0"}
			}
		},
		{
			"name": "Layer 3_59",
			"from": [6.125, 4.875, 6.3125],
			"to": [6.25, 5.875, 6.5],
			"faces": {
				"north": {"uv": [6.25, 10.125, 6.125, 11.125], "texture": "#0"},
				"east": {"uv": [6.125, 10.125, 6.25, 11.125], "texture": "#0"},
				"south": {"uv": [6.125, 10.125, 6.25, 11.125], "texture": "#0"},
				"up": {"uv": [6.125, 10.125, 6.25, 10.25], "texture": "#0"},
				"down": {"uv": [6.125, 11, 6.25, 11.125], "texture": "#0"}
			}
		},
		{
			"name": "Layer 3_60",
			"from": [5.625, 5.25, 6.3125],
			"to": [5.75, 5.625, 6.5],
			"faces": {
				"north": {"uv": [5.75, 10.375, 5.625, 10.75], "texture": "#0"},
				"south": {"uv": [5.625, 10.375, 5.75, 10.75], "texture": "#0"},
				"west": {"uv": [5.625, 10.375, 5.75, 10.75], "texture": "#0"},
				"down": {"uv": [5.625, 10.625, 5.75, 10.75], "texture": "#0"}
			}
		},
		{
			"name": "Layer 3_61",
			"from": [9.75, 4.875, 6.3125],
			"to": [9.875, 5.5, 6.5],
			"faces": {
				"north": {"uv": [9.875, 10.5, 9.75, 11.125], "texture": "#0"},
				"south": {"uv": [9.75, 10.5, 9.875, 11.125], "texture": "#0"},
				"west": {"uv": [9.75, 10.5, 9.875, 11.125], "texture": "#0"},
				"up": {"uv": [9.75, 10.5, 9.875, 10.625], "texture": "#0"},
				"down": {"uv": [9.75, 11, 9.875, 11.125], "texture": "#0"}
			}
		},
		{
			"name": "Layer 3_62",
			"from": [10.5, 5.125, 6.3125],
			"to": [10.625, 5.5, 6.5],
			"faces": {
				"north": {"uv": [10.625, 10.5, 10.5, 10.875], "texture": "#0"},
				"east": {"uv": [10.5, 10.5, 10.625, 10.875], "texture": "#0"},
				"south": {"uv": [10.5, 10.5, 10.625, 10.875], "texture": "#0"},
				"down": {"uv": [10.5, 10.75, 10.625, 10.875], "texture": "#0"}
			}
		},
		{
			"name": "Layer 3_63",
			"from": [7.625, 4.5, 6.1875],
			"to": [7.75, 5.375, 6.5],
			"faces": {
				"north": {"uv": [7.75, 10.625, 7.625, 11.5], "texture": "#0"},
				"south": {"uv": [7.625, 10.625, 7.75, 11.5], "texture": "#0"},
				"west": {"uv": [7.625, 10.625, 7.75, 11.5], "texture": "#0"},
				"down": {"uv": [7.625, 11.375, 7.75, 11.5], "texture": "#0"}
			}
		},
		{
			"name": "Layer 3_64",
			"from": [9.25, 4.75, 6.25],
			"to": [9.5, 5.25, 6.5],
			"faces": {
				"north": {"uv": [9.5, 10.75, 9.25, 11.25], "texture": "#0"},
				"east": {"uv": [9.375, 10.75, 9.5, 11.25], "texture": "#0"},
				"south": {"uv": [9.25, 10.75, 9.5, 11.25], "texture": "#0"},
				"down": {"uv": [9.25, 11.125, 9.5, 11.25], "texture": "#0"}
			}
		},
		{
			"name": "Layer 3_65",
			"from": [6.25, 4.875, 6.3125],
			"to": [6.375, 5.125, 6.5],
			"faces": {
				"north": {"uv": [6.375, 10.875, 6.25, 11.125], "texture": "#0"},
				"east": {"uv": [6.25, 10.875, 6.375, 11.125], "texture": "#0"},
				"south": {"uv": [6.25, 10.875, 6.375, 11.125], "texture": "#0"},
				"up": {"uv": [6.25, 10.875, 6.375, 11], "texture": "#0"},
				"down": {"uv": [6.25, 11, 6.375, 11.125], "texture": "#0"}
			}
		},
		{
			"name": "Layer 3_66",
			"from": [7.375, 4.5, 6.25],
			"to": [7.5, 5.125, 6.5],
			"faces": {
				"north": {"uv": [7.5, 10.875, 7.375, 11.5], "texture": "#0"},
				"east": {"uv": [7.375, 10.875, 7.5, 11.5], "texture": "#0"},
				"south": {"uv": [7.375, 10.875, 7.5, 11.5], "texture": "#0"},
				"up": {"uv": [7.375, 10.875, 7.5, 11], "texture": "#0"},
				"down": {"uv": [7.375, 11.375, 7.5, 11.5], "texture": "#0"}
			}
		},
		{
			"name": "Layer 3_67",
			"from": [9.625, 4.875, 6.3125],
			"to": [9.75, 5.125, 6.5],
			"faces": {
				"north": {"uv": [9.75, 10.875, 9.625, 11.125], "texture": "#0"},
				"south": {"uv": [9.625, 10.875, 9.75, 11.125], "texture": "#0"},
				"west": {"uv": [9.625, 10.875, 9.75, 11.125], "texture": "#0"},
				"up": {"uv": [9.625, 10.875, 9.75, 11], "texture": "#0"},
				"down": {"uv": [9.625, 11, 9.75, 11.125], "texture": "#0"}
			}
		},
		{
			"name": "Layer 3_68",
			"from": [6.75, 4.75, 6.25],
			"to": [6.875, 4.875, 6.5],
			"faces": {
				"north": {"uv": [6.875, 11.125, 6.75, 11.25], "texture": "#0"},
				"east": {"uv": [6.75, 11.125, 6.875, 11.25], "texture": "#0"},
				"south": {"uv": [6.75, 11.125, 6.875, 11.25], "texture": "#0"},
				"down": {"uv": [6.75, 11.125, 6.875, 11.25], "texture": "#0"}
			}
		},
		{
			"name": "Layer 3_69",
			"from": [8, 4.25, 6.1875],
			"to": [8.375, 4.375, 6.5],
			"faces": {
				"north": {"uv": [8.375, 11.625, 8, 11.75], "texture": "#0"},
				"south": {"uv": [8, 11.625, 8.375, 11.75], "texture": "#0"},
				"west": {"uv": [8, 11.625, 8.125, 11.75], "texture": "#0"},
				"down": {"uv": [8, 11.625, 8.375, 11.75], "texture": "#0"}
			}
		},
		{
			"name": "Layer 3_70",
			"from": [8.25, 4.125, 6.1875],
			"to": [8.375, 4.25, 6.5],
			"faces": {
				"north": {"uv": [8.375, 11.75, 8.25, 11.875], "texture": "#0"},
				"south": {"uv": [8.25, 11.75, 8.375, 11.875], "texture": "#0"},
				"west": {"uv": [8.25, 11.75, 8.375, 11.875], "texture": "#0"},
				"down": {"uv": [8.25, 11.75, 8.375, 11.875], "texture": "#0"}
			}
		},
		{
			"name": "Layer 4_0",
			"from": [7.875, 8.5, 6.125],
			"to": [8, 8.875, 6.25],
			"faces": {
				"north": {"uv": [8, 7.125, 7.875, 7.5], "texture": "#0"},
				"east": {"uv": [7.875, 7.125, 8, 7.5], "texture": "#0"},
				"west": {"uv": [7.875, 7.125, 8, 7.5], "texture": "#0"},
				"up": {"uv": [7.875, 7.125, 8, 7.25], "texture": "#0"},
				"down": {"uv": [7.875, 7.375, 8, 7.5], "texture": "#0"}
			}
		},
		{
			"name": "Layer 4_1",
			"from": [7.75, 8.625, 6.125],
			"to": [7.875, 8.75, 6.25],
			"faces": {
				"north": {"uv": [7.875, 7.25, 7.75, 7.375], "texture": "#0"},
				"west": {"uv": [7.75, 7.25, 7.875, 7.375], "texture": "#0"},
				"up": {"uv": [7.75, 7.25, 7.875, 7.375], "texture": "#0"},
				"down": {"uv": [7.75, 7.25, 7.875, 7.375], "texture": "#0"}
			}
		},
		{
			"name": "Layer 4_2",
			"from": [8, 8.625, 6.125],
			"to": [8.125, 8.75, 6.25],
			"faces": {
				"north": {"uv": [8.125, 7.25, 8, 7.375], "texture": "#0"},
				"east": {"uv": [8, 7.25, 8.125, 7.375], "texture": "#0"},
				"up": {"uv": [8, 7.25, 8.125, 7.375], "texture": "#0"},
				"down": {"uv": [8, 7.25, 8.125, 7.375], "texture": "#0"}
			}
		},
		{
			"name": "Layer 4_3",
			"from": [6.5, 8.125, 6.1875],
			"to": [6.625, 8.5, 6.3125],
			"faces": {
				"north": {"uv": [6.625, 7.5, 6.5, 7.875], "texture": "#0"},
				"east": {"uv": [6.5, 7.5, 6.625, 7.875], "texture": "#0"},
				"west": {"uv": [6.5, 7.5, 6.625, 7.875], "texture": "#0"},
				"up": {"uv": [6.5, 7.5, 6.625, 7.625], "texture": "#0"},
				"down": {"uv": [6.5, 7.75, 6.625, 7.875], "texture": "#0"}
			}
		},
		{
			"name": "Layer 4_4",
			"from": [9.375, 8.125, 6.1875],
			"to": [9.5, 8.5, 6.3125],
			"faces": {
				"north": {"uv": [9.5, 7.5, 9.375, 7.875], "texture": "#0"},
				"east": {"uv": [9.375, 7.5, 9.5, 7.875], "texture": "#0"},
				"west": {"uv": [9.375, 7.5, 9.5, 7.875], "texture": "#0"},
				"up": {"uv": [9.375, 7.5, 9.5, 7.625], "texture": "#0"},
				"down": {"uv": [9.375, 7.75, 9.5, 7.875], "texture": "#0"}
			}
		},
		{
			"name": "Layer 4_5",
			"from": [6.375, 8.25, 6.1875],
			"to": [6.5, 8.375, 6.3125],
			"faces": {
				"north": {"uv": [6.5, 7.625, 6.375, 7.75], "texture": "#0"},
				"west": {"uv": [6.375, 7.625, 6.5, 7.75], "texture": "#0"},
				"up": {"uv": [6.375, 7.625, 6.5, 7.75], "texture": "#0"},
				"down": {"uv": [6.375, 7.625, 6.5, 7.75], "texture": "#0"}
			}
		},
		{
			"name": "Layer 4_6",
			"from": [6.625, 8.25, 6.1875],
			"to": [6.75, 8.375, 6.3125],
			"faces": {
				"north": {"uv": [6.75, 7.625, 6.625, 7.75], "texture": "#0"},
				"east": {"uv": [6.625, 7.625, 6.75, 7.75], "texture": "#0"},
				"up": {"uv": [6.625, 7.625, 6.75, 7.75], "texture": "#0"},
				"down": {"uv": [6.625, 7.625, 6.75, 7.75], "texture": "#0"}
			}
		},
		{
			"name": "Layer 4_7",
			"from": [9.25, 8.25, 6.1875],
			"to": [9.375, 8.375, 6.3125],
			"faces": {
				"north": {"uv": [9.375, 7.625, 9.25, 7.75], "texture": "#0"},
				"west": {"uv": [9.25, 7.625, 9.375, 7.75], "texture": "#0"},
				"up": {"uv": [9.25, 7.625, 9.375, 7.75], "texture": "#0"},
				"down": {"uv": [9.25, 7.625, 9.375, 7.75], "texture": "#0"}
			}
		},
		{
			"name": "Layer 4_8",
			"from": [9.5, 8.25, 6.1875],
			"to": [9.625, 8.375, 6.3125],
			"faces": {
				"north": {"uv": [9.625, 7.625, 9.5, 7.75], "texture": "#0"},
				"east": {"uv": [9.5, 7.625, 9.625, 7.75], "texture": "#0"},
				"up": {"uv": [9.5, 7.625, 9.625, 7.75], "texture": "#0"},
				"down": {"uv": [9.5, 7.625, 9.625, 7.75], "texture": "#0"}
			}
		},
		{
			"name": "Layer 4_9",
			"from": [10.625, 8, 6.25],
			"to": [10.75, 8.375, 6.375],
			"faces": {
				"north": {"uv": [10.75, 7.625, 10.625, 8], "texture": "#0"},
				"east": {"uv": [10.625, 7.625, 10.75, 8], "texture": "#0"},
				"west": {"uv": [10.625, 7.625, 10.75, 8], "texture": "#0"},
				"up": {"uv": [10.625, 7.625, 10.75, 7.75], "texture": "#0"},
				"down": {"uv": [10.625, 7.875, 10.75, 8], "texture": "#0"}
			}
		},
		{
			"name": "Layer 4_10",
			"from": [5.5, 7.875, 6.25],
			"to": [5.625, 8.25, 6.375],
			"faces": {
				"north": {"uv": [5.625, 7.75, 5.5, 8.125], "texture": "#0"},
				"east": {"uv": [5.5, 7.75, 5.625, 8.125], "texture": "#0"},
				"west": {"uv": [5.5, 7.75, 5.625, 8.125], "texture": "#0"},
				"up": {"uv": [5.5, 7.75, 5.625, 7.875], "texture": "#0"},
				"down": {"uv": [5.5, 8, 5.625, 8.125], "texture": "#0"}
			}
		},
		{
			"name": "Layer 4_11",
			"from": [10.5, 8.125, 6.25],
			"to": [10.625, 8.25, 6.375],
			"faces": {
				"north": {"uv": [10.625, 7.75, 10.5, 7.875], "texture": "#0"},
				"west": {"uv": [10.5, 7.75, 10.625, 7.875], "texture": "#0"},
				"up": {"uv": [10.5, 7.75, 10.625, 7.875], "texture": "#0"},
				"down": {"uv": [10.5, 7.75, 10.625, 7.875], "texture": "#0"}
			}
		},
		{
			"name": "Layer 4_12",
			"from": [10.75, 8.125, 6.25],
			"to": [10.875, 8.25, 6.375],
			"faces": {
				"north": {"uv": [10.875, 7.75, 10.75, 7.875], "texture": "#0"},
				"east": {"uv": [10.75, 7.75, 10.875, 7.875], "texture": "#0"},
				"up": {"uv": [10.75, 7.75, 10.875, 7.875], "texture": "#0"},
				"down": {"uv": [10.75, 7.75, 10.875, 7.875], "texture": "#0"}
			}
		},
		{
			"name": "Layer 4_13",
			"from": [5.375, 8, 6.25],
			"to": [5.5, 8.125, 6.375],
			"faces": {
				"north": {"uv": [5.5, 7.875, 5.375, 8], "texture": "#0"},
				"west": {"uv": [5.375, 7.875, 5.5, 8], "texture": "#0"},
				"up": {"uv": [5.375, 7.875, 5.5, 8], "texture": "#0"},
				"down": {"uv": [5.375, 7.875, 5.5, 8], "texture": "#0"}
			}
		},
		{
			"name": "Layer 4_14",
			"from": [5.625, 8, 6.25],
			"to": [5.75, 8.125, 6.375],
			"faces": {
				"north": {"uv": [5.75, 7.875, 5.625, 8], "texture": "#0"},
				"east": {"uv": [5.625, 7.875, 5.75, 8], "texture": "#0"},
				"up": {"uv": [5.625, 7.875, 5.75, 8], "texture": "#0"},
				"down": {"uv": [5.625, 7.875, 5.75, 8], "texture": "#0"}
			}
		},
		{
			"name": "Layer 4_15",
			"from": [7.875, 6.375, 6.125],
			"to": [8, 6.75, 6.25],
			"faces": {
				"north": {"uv": [8, 9.25, 7.875, 9.625], "texture": "#0"},
				"east": {"uv": [7.875, 9.25, 8, 9.625], "texture": "#0"},
				"west": {"uv": [7.875, 9.25, 8, 9.625], "texture": "#0"},
				"up": {"uv": [7.875, 9.25, 8, 9.375], "texture": "#0"},
				"down": {"uv": [7.875, 9.5, 8, 9.625], "texture": "#0"}
			}
		},
		{
			"name": "Layer 4_16",
			"from": [6.75, 6.25, 6.1875],
			"to": [6.875, 6.625, 6.3125],
			"faces": {
				"north": {"uv": [6.875, 9.375, 6.75, 9.75], "texture": "#0"},
				"east": {"uv": [6.75, 9.375, 6.875, 9.75], "texture": "#0"},
				"west": {"uv": [6.75, 9.375, 6.875, 9.75], "texture": "#0"},
				"up": {"uv": [6.75, 9.375, 6.875, 9.5], "texture": "#0"},
				"down": {"uv": [6.75, 9.625, 6.875, 9.75], "texture": "#0"}
			}
		},
		{
			"name": "Layer 4_17",
			"from": [7.75, 6.5, 6.125],
			"to": [7.875, 6.625, 6.25],
			"faces": {
				"north": {"uv": [7.875, 9.375, 7.75, 9.5], "texture": "#0"},
				"west": {"uv": [7.75, 9.375, 7.875, 9.5], "texture": "#0"},
				"up": {"uv": [7.75, 9.375, 7.875, 9.5], "texture": "#0"},
				"down": {"uv": [7.75, 9.375, 7.875, 9.5], "texture": "#0"}
			}
		},
		{
			"name": "Layer 4_18",
			"from": [8, 6.5, 6.125],
			"to": [8.125, 6.625, 6.25],
			"faces": {
				"north": {"uv": [8.125, 9.375, 8, 9.5], "texture": "#0"},
				"east": {"uv": [8, 9.375, 8.125, 9.5], "texture": "#0"},
				"up": {"uv": [8, 9.375, 8.125, 9.5], "texture": "#0"},
				"down": {"uv": [8, 9.375, 8.125, 9.5], "texture": "#0"}
			}
		},
		{
			"name": "Layer 4_19",
			"from": [9.125, 6.25, 6.1875],
			"to": [9.25, 6.625, 6.3125],
			"faces": {
				"north": {"uv": [9.25, 9.375, 9.125, 9.75], "texture": "#0"},
				"east": {"uv": [9.125, 9.375, 9.25, 9.75], "texture": "#0"},
				"west": {"uv": [9.125, 9.375, 9.25, 9.75], "texture": "#0"},
				"up": {"uv": [9.125, 9.375, 9.25, 9.5], "texture": "#0"},
				"down": {"uv": [9.125, 9.625, 9.25, 9.75], "texture": "#0"}
			}
		},
		{
			"name": "Layer 4_20",
			"from": [5.75, 6.125, 6.25],
			"to": [5.875, 6.5, 6.375],
			"faces": {
				"north": {"uv": [5.875, 9.5, 5.75, 9.875], "texture": "#0"},
				"east": {"uv": [5.75, 9.5, 5.875, 9.875], "texture": "#0"},
				"west": {"uv": [5.75, 9.5, 5.875, 9.875], "texture": "#0"},
				"up": {"uv": [5.75, 9.5, 5.875, 9.625], "texture": "#0"},
				"down": {"uv": [5.75, 9.75, 5.875, 9.875], "texture": "#0"}
			}
		},
		{
			"name": "Layer 4_21",
			"from": [6.625, 6.375, 6.1875],
			"to": [6.75, 6.5, 6.3125],
			"faces": {
				"north": {"uv": [6.75, 9.5, 6.625, 9.625], "texture": "#0"},
				"west": {"uv": [6.625, 9.5, 6.75, 9.625], "texture": "#0"},
				"up": {"uv": [6.625, 9.5, 6.75, 9.625], "texture": "#0"},
				"down": {"uv": [6.625, 9.5, 6.75, 9.625], "texture": "#0"}
			}
		},
		{
			"name": "Layer 4_22",
			"from": [6.875, 6.375, 6.1875],
			"to": [7, 6.5, 6.3125],
			"faces": {
				"north": {"uv": [7, 9.5, 6.875, 9.625], "texture": "#0"},
				"east": {"uv": [6.875, 9.5, 7, 9.625], "texture": "#0"},
				"up": {"uv": [6.875, 9.5, 7, 9.625], "texture": "#0"},
				"down": {"uv": [6.875, 9.5, 7, 9.625], "texture": "#0"}
			}
		},
		{
			"name": "Layer 4_23",
			"from": [9, 6.375, 6.1875],
			"to": [9.125, 6.5, 6.3125],
			"faces": {
				"north": {"uv": [9.125, 9.5, 9, 9.625], "texture": "#0"},
				"west": {"uv": [9, 9.5, 9.125, 9.625], "texture": "#0"},
				"up": {"uv": [9, 9.5, 9.125, 9.625], "texture": "#0"},
				"down": {"uv": [9, 9.5, 9.125, 9.625], "texture": "#0"}
			}
		},
		{
			"name": "Layer 4_24",
			"from": [9.25, 6.375, 6.1875],
			"to": [9.375, 6.5, 6.3125],
			"faces": {
				"north": {"uv": [9.375, 9.5, 9.25, 9.625], "texture": "#0"},
				"east": {"uv": [9.25, 9.5, 9.375, 9.625], "texture": "#0"},
				"up": {"uv": [9.25, 9.5, 9.375, 9.625], "texture": "#0"},
				"down": {"uv": [9.25, 9.5, 9.375, 9.625], "texture": "#0"}
			}
		},
		{
			"name": "Layer 4_25",
			"from": [10.375, 6.125, 6.25],
			"to": [10.5, 6.5, 6.375],
			"faces": {
				"north": {"uv": [10.5, 9.5, 10.375, 9.875], "texture": "#0"},
				"east": {"uv": [10.375, 9.5, 10.5, 9.875], "texture": "#0"},
				"west": {"uv": [10.375, 9.5, 10.5, 9.875], "texture": "#0"},
				"up": {"uv": [10.375, 9.5, 10.5, 9.625], "texture": "#0"},
				"down": {"uv": [10.375, 9.75, 10.5, 9.875], "texture": "#0"}
			}
		},
		{
			"name": "Layer 4_26",
			"from": [5.625, 6.25, 6.25],
			"to": [5.75, 6.375, 6.375],
			"faces": {
				"north": {"uv": [5.75, 9.625, 5.625, 9.75], "texture": "#0"},
				"west": {"uv": [5.625, 9.625, 5.75, 9.75], "texture": "#0"},
				"up": {"uv": [5.625, 9.625, 5.75, 9.75], "texture": "#0"},
				"down": {"uv": [5.625, 9.625, 5.75, 9.75], "texture": "#0"}
			}
		},
		{
			"name": "Layer 4_27",
			"from": [5.875, 6.25, 6.25],
			"to": [6, 6.375, 6.375],
			"faces": {
				"north": {"uv": [6, 9.625, 5.875, 9.75], "texture": "#0"},
				"east": {"uv": [5.875, 9.625, 6, 9.75], "texture": "#0"},
				"up": {"uv": [5.875, 9.625, 6, 9.75], "texture": "#0"},
				"down": {"uv": [5.875, 9.625, 6, 9.75], "texture": "#0"}
			}
		},
		{
			"name": "Layer 4_28",
			"from": [10.25, 6.25, 6.25],
			"to": [10.375, 6.375, 6.375],
			"faces": {
				"north": {"uv": [10.375, 9.625, 10.25, 9.75], "texture": "#0"},
				"west": {"uv": [10.25, 9.625, 10.375, 9.75], "texture": "#0"},
				"up": {"uv": [10.25, 9.625, 10.375, 9.75], "texture": "#0"},
				"down": {"uv": [10.25, 9.625, 10.375, 9.75], "texture": "#0"}
			}
		},
		{
			"name": "Layer 4_29",
			"from": [10.5, 6.25, 6.25],
			"to": [10.625, 6.375, 6.375],
			"faces": {
				"north": {"uv": [10.625, 9.625, 10.5, 9.75], "texture": "#0"},
				"east": {"uv": [10.5, 9.625, 10.625, 9.75], "texture": "#0"},
				"up": {"uv": [10.5, 9.625, 10.625, 9.75], "texture": "#0"},
				"down": {"uv": [10.5, 9.625, 10.625, 9.75], "texture": "#0"}
			}
		},
		{
			"name": "plank_shield-2export_0",
			"from": [7.25, 6, 6.5],
			"to": [8.75, 8.875, 6.625],
			"faces": {
				"north": {"uv": [8.75, 12.375, 7.25, 15.25], "texture": "#0"},
				"east": {"uv": [8.625, 12.375, 8.75, 15.25], "texture": "#0"},
				"south": {"uv": [7.25, 12.375, 8.75, 15.25], "texture": "#0"},
				"west": {"uv": [7.25, 12.375, 7.375, 15.25], "texture": "#0"},
				"up": {"uv": [7.25, 12.375, 8.75, 12.5], "texture": "#0"},
				"down": {"uv": [7.25, 15.125, 8.75, 15.25], "texture": "#0"}
			}
		},
		{
			"name": "plank_shield-2export_1",
			"from": [6.5, 8.125, 6.5],
			"to": [7.25, 8.75, 6.625],
			"faces": {
				"north": {"uv": [7.25, 12.5, 6.5, 13.125], "texture": "#0"},
				"south": {"uv": [6.5, 12.5, 7.25, 13.125], "texture": "#0"},
				"west": {"uv": [6.5, 12.5, 6.625, 13.125], "texture": "#0"},
				"up": {"uv": [6.5, 12.5, 7.25, 12.625], "texture": "#0"},
				"down": {"uv": [6.5, 13, 7.25, 13.125], "texture": "#0"}
			}
		},
		{
			"name": "plank_shield-2export_2",
			"from": [8.75, 8, 6.5],
			"to": [9.5, 8.75, 6.625],
			"faces": {
				"north": {"uv": [9.5, 12.5, 8.75, 13.25], "texture": "#0"},
				"east": {"uv": [9.375, 12.5, 9.5, 13.25], "texture": "#0"},
				"south": {"uv": [8.75, 12.5, 9.5, 13.25], "texture": "#0"},
				"up": {"uv": [8.75, 12.5, 9.5, 12.625], "texture": "#0"},
				"down": {"uv": [8.75, 13.125, 9.5, 13.25], "texture": "#0"}
			}
		},
		{
			"name": "plank_shield-2export_3",
			"from": [9.5, 8.125, 6.5],
			"to": [9.75, 8.75, 6.625],
			"faces": {
				"east": {"uv": [9.625, 12.5, 9.75, 13.125], "texture": "#0"},
				"south": {"uv": [9.5, 12.5, 9.75, 13.125], "texture": "#0"},
				"up": {"uv": [9.5, 12.5, 9.75, 12.625], "texture": "#0"},
				"down": {"uv": [9.5, 13, 9.75, 13.125], "texture": "#0"}
			}
		},
		{
			"name": "plank_shield-2export_4",
			"from": [6.125, 8, 6.5],
			"to": [6.5, 8.625, 6.625],
			"faces": {
				"east": {"uv": [6.375, 12.625, 6.5, 13.25], "texture": "#0"},
				"south": {"uv": [6.125, 12.625, 6.5, 13.25], "texture": "#0"},
				"west": {"uv": [6.125, 12.625, 6.25, 13.25], "texture": "#0"},
				"up": {"uv": [6.125, 12.625, 6.5, 12.75], "texture": "#0"},
				"down": {"uv": [6.125, 13.125, 6.5, 13.25], "texture": "#0"}
			}
		},
		{
			"name": "plank_shield-2export_5",
			"from": [9.75, 8.125, 6.5],
			"to": [10.125, 8.625, 6.625],
			"faces": {
				"north": {"uv": [10.125, 12.625, 9.75, 13.125], "texture": "#0"},
				"east": {"uv": [10, 12.625, 10.125, 13.125], "texture": "#0"},
				"south": {"uv": [9.75, 12.625, 10.125, 13.125], "texture": "#0"},
				"up": {"uv": [9.75, 12.625, 10.125, 12.75], "texture": "#0"},
				"down": {"uv": [9.75, 13, 10.125, 13.125], "texture": "#0"}
			}
		},
		{
			"name": "plank_shield-2export_6",
			"from": [5.875, 8, 6.5],
			"to": [6.125, 8.5, 6.625],
			"faces": {
				"north": {"uv": [6.125, 12.75, 5.875, 13.25], "texture": "#0"},
				"south": {"uv": [5.875, 12.75, 6.125, 13.25], "texture": "#0"},
				"west": {"uv": [5.875, 12.75, 6, 13.25], "texture": "#0"},
				"up": {"uv": [5.875, 12.75, 6.125, 12.875], "texture": "#0"},
				"down": {"uv": [5.875, 13.125, 6.125, 13.25], "texture": "#0"}
			}
		},
		{
			"name": "plank_shield-2export_7",
			"from": [10.125, 8, 6.5],
			"to": [10.5, 8.5, 6.625],
			"faces": {
				"north": {"uv": [10.5, 12.75, 10.125, 13.25], "texture": "#0"},
				"east": {"uv": [10.375, 12.75, 10.5, 13.25], "texture": "#0"},
				"south": {"uv": [10.125, 12.75, 10.5, 13.25], "texture": "#0"},
				"up": {"uv": [10.125, 12.75, 10.5, 12.875], "texture": "#0"},
				"down": {"uv": [10.125, 13.125, 10.5, 13.25], "texture": "#0"}
			}
		},
		{
			"name": "plank_shield-2export_8",
			"from": [5.5, 7.875, 6.5],
			"to": [5.875, 8.375, 6.625],
			"faces": {
				"south": {"uv": [5.5, 12.875, 5.875, 13.375], "texture": "#0"},
				"west": {"uv": [5.5, 12.875, 5.625, 13.375], "texture": "#0"},
				"up": {"uv": [5.5, 12.875, 5.875, 13], "texture": "#0"},
				"down": {"uv": [5.5, 13.25, 5.875, 13.375], "texture": "#0"}
			}
		},
		{
			"name": "plank_shield-2export_9",
			"from": [10.5, 7.875, 6.5],
			"to": [10.75, 8.375, 6.625],
			"faces": {
				"east": {"uv": [10.625, 12.875, 10.75, 13.375], "texture": "#0"},
				"south": {"uv": [10.5, 12.875, 10.75, 13.375], "texture": "#0"},
				"west": {"uv": [10.5, 12.875, 10.625, 13.375], "texture": "#0"},
				"up": {"uv": [10.5, 12.875, 10.75, 13], "texture": "#0"},
				"down": {"uv": [10.5, 13.25, 10.75, 13.375], "texture": "#0"}
			}
		},
		{
			"name": "plank_shield-2export_10",
			"from": [5.375, 8, 6.5],
			"to": [5.5, 8.25, 6.625],
			"faces": {
				"south": {"uv": [5.375, 13, 5.5, 13.25], "texture": "#0"},
				"west": {"uv": [5.375, 13, 5.5, 13.25], "texture": "#0"},
				"up": {"uv": [5.375, 13, 5.5, 13.125], "texture": "#0"},
				"down": {"uv": [5.375, 13.125, 5.5, 13.25], "texture": "#0"}
			}
		},
		{
			"name": "plank_shield-2export_11",
			"from": [10.75, 8, 6.5],
			"to": [10.875, 8.25, 6.625],
			"faces": {
				"east": {"uv": [10.75, 13, 10.875, 13.25], "texture": "#0"},
				"south": {"uv": [10.75, 13, 10.875, 13.25], "texture": "#0"},
				"up": {"uv": [10.75, 13, 10.875, 13.125], "texture": "#0"},
				"down": {"uv": [10.75, 13.125, 10.875, 13.25], "texture": "#0"}
			}
		},
		{
			"name": "plank_shield-2export_12",
			"from": [6.875, 8, 6.5],
			"to": [7.25, 8.125, 6.625],
			"faces": {
				"north": {"uv": [7.25, 13.125, 6.875, 13.25], "texture": "#0"},
				"south": {"uv": [6.875, 13.125, 7.25, 13.25], "texture": "#0"},
				"west": {"uv": [6.875, 13.125, 7, 13.25], "texture": "#0"},
				"down": {"uv": [6.875, 13.125, 7.25, 13.25], "texture": "#0"}
			}
		},
		{
			"name": "plank_shield-2export_13",
			"from": [9.875, 8, 6.5],
			"to": [10.125, 8.125, 6.625],
			"faces": {
				"north": {"uv": [10.125, 13.125, 9.875, 13.25], "texture": "#0"},
				"south": {"uv": [9.875, 13.125, 10.125, 13.25], "texture": "#0"},
				"west": {"uv": [9.875, 13.125, 10, 13.25], "texture": "#0"},
				"down": {"uv": [9.875, 13.125, 10.125, 13.25], "texture": "#0"}
			}
		},
		{
			"name": "plank_shield-2export_14",
			"from": [5.875, 7.875, 6.5],
			"to": [6, 8, 6.625],
			"faces": {
				"north": {"uv": [6, 13.25, 5.875, 13.375], "texture": "#0"},
				"east": {"uv": [5.875, 13.25, 6, 13.375], "texture": "#0"},
				"south": {"uv": [5.875, 13.25, 6, 13.375], "texture": "#0"},
				"down": {"uv": [5.875, 13.25, 6, 13.375], "texture": "#0"}
			}
		},
		{
			"name": "plank_shield-2export_15",
			"from": [7, 6.875, 6.5],
			"to": [7.25, 8, 6.625],
			"faces": {
				"north": {"uv": [7.25, 13.25, 7, 14.375], "texture": "#0"},
				"south": {"uv": [7, 13.25, 7.25, 14.375], "texture": "#0"},
				"west": {"uv": [7, 13.25, 7.125, 14.375], "texture": "#0"},
				"down": {"uv": [7, 14.25, 7.25, 14.375], "texture": "#0"}
			}
		},
		{
			"name": "plank_shield-2export_16",
			"from": [8.75, 7, 6.5],
			"to": [9.375, 8, 6.625],
			"faces": {
				"north": {"uv": [9.375, 13.25, 8.75, 14.25], "texture": "#0"},
				"east": {"uv": [9.25, 13.25, 9.375, 14.25], "texture": "#0"},
				"south": {"uv": [8.75, 13.25, 9.375, 14.25], "texture": "#0"},
				"down": {"uv": [8.75, 14.125, 9.375, 14.25], "texture": "#0"}
			}
		},
		{
			"name": "plank_shield-2export_17",
			"from": [6.875, 6.875, 6.5],
			"to": [7, 7.75, 6.625],
			"faces": {
				"south": {"uv": [6.875, 13.5, 7, 14.375], "texture": "#0"},
				"west": {"uv": [6.875, 13.5, 7, 14.375], "texture": "#0"},
				"up": {"uv": [6.875, 13.5, 7, 13.625], "texture": "#0"},
				"down": {"uv": [6.875, 14.25, 7, 14.375], "texture": "#0"}
			}
		},
		{
			"name": "plank_shield-2export_18",
			"from": [9.375, 7, 6.5],
			"to": [9.5, 7.75, 6.625],
			"faces": {
				"east": {"uv": [9.375, 13.5, 9.5, 14.25], "texture": "#0"},
				"south": {"uv": [9.375, 13.5, 9.5, 14.25], "texture": "#0"},
				"up": {"uv": [9.375, 13.5, 9.5, 13.625], "texture": "#0"},
				"down": {"uv": [9.375, 14.125, 9.5, 14.25], "texture": "#0"}
			}
		},
		{
			"name": "plank_shield-2export_19",
			"from": [6.75, 7, 6.5],
			"to": [6.875, 7.625, 6.625],
			"faces": {
				"south": {"uv": [6.75, 13.625, 6.875, 14.25], "texture": "#0"},
				"west": {"uv": [6.75, 13.625, 6.875, 14.25], "texture": "#0"},
				"up": {"uv": [6.75, 13.625, 6.875, 13.75], "texture": "#0"},
				"down": {"uv": [6.75, 14.125, 6.875, 14.25], "texture": "#0"}
			}
		},
		{
			"name": "plank_shield-2export_20",
			"from": [9.5, 7, 6.5],
			"to": [9.875, 7.625, 6.625],
			"faces": {
				"east": {"uv": [9.75, 13.625, 9.875, 14.25], "texture": "#0"},
				"south": {"uv": [9.5, 13.625, 9.875, 14.25], "texture": "#0"},
				"up": {"uv": [9.5, 13.625, 9.875, 13.75], "texture": "#0"},
				"down": {"uv": [9.5, 14.125, 9.875, 14.25], "texture": "#0"}
			}
		},
		{
			"name": "plank_shield-2export_21",
			"from": [6.125, 7, 6.5],
			"to": [6.75, 7.5, 6.625],
			"faces": {
				"south": {"uv": [6.125, 13.75, 6.75, 14.25], "texture": "#0"},
				"west": {"uv": [6.125, 13.75, 6.25, 14.25], "texture": "#0"},
				"up": {"uv": [6.125, 13.75, 6.75, 13.875], "texture": "#0"},
				"down": {"uv": [6.125, 14.125, 6.75, 14.25], "texture": "#0"}
			}
		},
		{
			"name": "plank_shield-2export_22",
			"from": [9.875, 6.875, 6.5],
			"to": [10.25, 7.5, 6.625],
			"faces": {
				"north": {"uv": [10.25, 13.75, 9.875, 14.375], "texture": "#0"},
				"east": {"uv": [10.125, 13.75, 10.25, 14.375], "texture": "#0"},
				"south": {"uv": [9.875, 13.75, 10.25, 14.375], "texture": "#0"},
				"up": {"uv": [9.875, 13.75, 10.25, 13.875], "texture": "#0"},
				"down": {"uv": [9.875, 14.25, 10.25, 14.375], "texture": "#0"}
			}
		},
		{
			"name": "plank_shield-2export_23",
			"from": [5.625, 6.875, 6.5],
			"to": [6.125, 7.375, 6.625],
			"faces": {
				"north": {"uv": [6.125, 13.875, 5.625, 14.375], "texture": "#0"},
				"south": {"uv": [5.625, 13.875, 6.125, 14.375], "texture": "#0"},
				"west": {"uv": [5.625, 13.875, 5.75, 14.375], "texture": "#0"},
				"up": {"uv": [5.625, 13.875, 6.125, 14], "texture": "#0"},
				"down": {"uv": [5.625, 14.25, 6.125, 14.375], "texture": "#0"}
			}
		},
		{
			"name": "plank_shield-2export_24",
			"from": [10.25, 6.875, 6.5],
			"to": [10.5, 7.375, 6.625],
			"faces": {
				"east": {"uv": [10.375, 13.875, 10.5, 14.375], "texture": "#0"},
				"south": {"uv": [10.25, 13.875, 10.5, 14.375], "texture": "#0"},
				"up": {"uv": [10.25, 13.875, 10.5, 14], "texture": "#0"},
				"down": {"uv": [10.25, 14.25, 10.5, 14.375], "texture": "#0"}
			}
		},
		{
			"name": "plank_shield-2export_25",
			"from": [5.5, 7, 6.5],
			"to": [5.625, 7.25, 6.625],
			"faces": {
				"south": {"uv": [5.5, 14, 5.625, 14.25], "texture": "#0"},
				"west": {"uv": [5.5, 14, 5.625, 14.25], "texture": "#0"},
				"up": {"uv": [5.5, 14, 5.625, 14.125], "texture": "#0"},
				"down": {"uv": [5.5, 14.125, 5.625, 14.25], "texture": "#0"}
			}
		},
		{
			"name": "plank_shield-2export_26",
			"from": [10.5, 7, 6.5],
			"to": [10.625, 7.25, 6.625],
			"faces": {
				"east": {"uv": [10.5, 14, 10.625, 14.25], "texture": "#0"},
				"south": {"uv": [10.5, 14, 10.625, 14.25], "texture": "#0"},
				"up": {"uv": [10.5, 14, 10.625, 14.125], "texture": "#0"},
				"down": {"uv": [10.5, 14.125, 10.625, 14.25], "texture": "#0"}
			}
		},
		{
			"name": "plank_shield-2export_27",
			"from": [6.125, 6.875, 6.5],
			"to": [6.25, 7, 6.625],
			"faces": {
				"north": {"uv": [6.25, 14.25, 6.125, 14.375], "texture": "#0"},
				"east": {"uv": [6.125, 14.25, 6.25, 14.375], "texture": "#0"},
				"south": {"uv": [6.125, 14.25, 6.25, 14.375], "texture": "#0"},
				"down": {"uv": [6.125, 14.25, 6.25, 14.375], "texture": "#0"}
			}
		},
		{
			"name": "plank_shield-2export_28",
			"from": [8.75, 6, 6.5],
			"to": [9, 7, 6.625],
			"faces": {
				"east": {"uv": [8.875, 14.25, 9, 15.25], "texture": "#0"},
				"south": {"uv": [8.75, 14.25, 9, 15.25], "texture": "#0"},
				"down": {"uv": [8.75, 15.125, 9, 15.25], "texture": "#0"}
			}
		},
		{
			"name": "plank_shield-2export_29",
			"from": [9, 6.875, 6.5],
			"to": [9.25, 7, 6.625],
			"faces": {
				"east": {"uv": [9.125, 14.25, 9.25, 14.375], "texture": "#0"},
				"south": {"uv": [9, 14.25, 9.25, 14.375], "texture": "#0"},
				"down": {"uv": [9, 14.25, 9.25, 14.375], "texture": "#0"}
			}
		},
		{
			"name": "plank_shield-2export_30",
			"from": [9.75, 6.875, 6.5],
			"to": [9.875, 7, 6.625],
			"faces": {
				"south": {"uv": [9.75, 14.25, 9.875, 14.375], "texture": "#0"},
				"west": {"uv": [9.75, 14.25, 9.875, 14.375], "texture": "#0"},
				"down": {"uv": [9.75, 14.25, 9.875, 14.375], "texture": "#0"}
			}
		},
		{
			"name": "plank_shield-2export_31",
			"from": [7.125, 6, 6.5],
			"to": [7.25, 6.875, 6.625],
			"faces": {
				"south": {"uv": [7.125, 14.375, 7.25, 15.25], "texture": "#0"},
				"west": {"uv": [7.125, 14.375, 7.25, 15.25], "texture": "#0"},
				"down": {"uv": [7.125, 15.125, 7.25, 15.25], "texture": "#0"}
			}
		},
		{
			"name": "plank_shield-2export_32",
			"from": [7, 6.125, 6.5],
			"to": [7.125, 6.75, 6.625],
			"faces": {
				"south": {"uv": [7, 14.5, 7.125, 15.125], "texture": "#0"},
				"west": {"uv": [7, 14.5, 7.125, 15.125], "texture": "#0"},
				"up": {"uv": [7, 14.5, 7.125, 14.625], "texture": "#0"},
				"down": {"uv": [7, 15, 7.125, 15.125], "texture": "#0"}
			}
		},
		{
			"name": "plank_shield-2export_33",
			"from": [9, 6.125, 6.5],
			"to": [9.25, 6.75, 6.625],
			"faces": {
				"east": {"uv": [9.125, 14.5, 9.25, 15.125], "texture": "#0"},
				"south": {"uv": [9, 14.5, 9.25, 15.125], "texture": "#0"},
				"up": {"uv": [9, 14.5, 9.25, 14.625], "texture": "#0"},
				"down": {"uv": [9, 15, 9.25, 15.125], "texture": "#0"}
			}
		},
		{
			"name": "plank_shield-2export_34",
			"from": [5.875, 6.125, 6.5],
			"to": [7, 6.625, 6.625],
			"faces": {
				"north": {"uv": [7, 14.625, 5.875, 15.125], "texture": "#0"},
				"south": {"uv": [5.875, 14.625, 7, 15.125], "texture": "#0"},
				"west": {"uv": [5.875, 14.625, 6, 15.125], "texture": "#0"},
				"up": {"uv": [5.875, 14.625, 7, 14.75], "texture": "#0"},
				"down": {"uv": [5.875, 15, 7, 15.125], "texture": "#0"}
			}
		},
		{
			"name": "plank_shield-2export_35",
			"from": [9.25, 6.125, 6.5],
			"to": [10.375, 6.625, 6.625],
			"faces": {
				"north": {"uv": [10.375, 14.625, 9.25, 15.125], "texture": "#0"},
				"east": {"uv": [10.25, 14.625, 10.375, 15.125], "texture": "#0"},
				"south": {"uv": [9.25, 14.625, 10.375, 15.125], "texture": "#0"},
				"up": {"uv": [9.25, 14.625, 10.375, 14.75], "texture": "#0"},
				"down": {"uv": [9.25, 15, 10.375, 15.125], "texture": "#0"}
			}
		},
		{
			"name": "plank_shield-2export_36",
			"from": [5.75, 6.25, 6.5],
			"to": [5.875, 6.5, 6.625],
			"faces": {
				"south": {"uv": [5.75, 14.75, 5.875, 15], "texture": "#0"},
				"west": {"uv": [5.75, 14.75, 5.875, 15], "texture": "#0"},
				"up": {"uv": [5.75, 14.75, 5.875, 14.875], "texture": "#0"},
				"down": {"uv": [5.75, 14.875, 5.875, 15], "texture": "#0"}
			}
		},
		{
			"name": "plank_shield-2export_37",
			"from": [10.375, 6.25, 6.5],
			"to": [10.5, 6.5, 6.625],
			"faces": {
				"east": {"uv": [10.375, 14.75, 10.5, 15], "texture": "#0"},
				"south": {"uv": [10.375, 14.75, 10.5, 15], "texture": "#0"},
				"up": {"uv": [10.375, 14.75, 10.5, 14.875], "texture": "#0"},
				"down": {"uv": [10.375, 14.875, 10.5, 15], "texture": "#0"}
			}
		},
		{
			"name": "plank_shield-2export_38",
			"from": [7.375, 5.875, 6.5],
			"to": [8.75, 6, 6.625],
			"faces": {
				"north": {"uv": [8.75, 15.25, 7.375, 15.375], "texture": "#0"},
				"east": {"uv": [8.625, 15.25, 8.75, 15.375], "texture": "#0"},
				"south": {"uv": [7.375, 15.25, 8.75, 15.375], "texture": "#0"},
				"west": {"uv": [7.375, 15.25, 7.5, 15.375], "texture": "#0"},
				"down": {"uv": [7.375, 15.25, 8.75, 15.375], "texture": "#0"}
			}
		},
		{
			"name": "plank_shield4_0",
			"from": [7.75, 8.5, 6.625],
			"to": [8.25, 8.625, 8.125],
			"rotation": {"angle": 0, "axis": "y", "origin": [8.75, 8.75, 7.0625]},
			"faces": {
				"east": {"uv": [2, 2, 3.5, 2.125], "texture": "#0"},
				"south": {"uv": [2, 2, 2.125, 2.5], "rotation": 90, "texture": "#0"},
				"west": {"uv": [2, 2.375, 3.5, 2.5], "rotation": 180, "texture": "#0"},
				"up": {"uv": [3.5, 2, 2, 2.5], "rotation": 90, "texture": "#0"},
				"down": {"uv": [2, 2, 3.5, 2.5], "rotation": 90, "texture": "#0"}
			}
		},
		{
			"name": "plank_shield4_1",
			"from": [7.75, 6.875, 6.625],
			"to": [8.25, 7, 8.125],
			"rotation": {"angle": 0, "axis": "y", "origin": [8.75, 8.75, 7.0625]},
			"faces": {
				"east": {"uv": [2, 2, 3.5, 2.125], "texture": "#0"},
				"south": {"uv": [2, 2, 2.125, 2.5], "rotation": 90, "texture": "#0"},
				"west": {"uv": [2, 2.375, 3.5, 2.5], "rotation": 180, "texture": "#0"},
				"up": {"uv": [3.5, 2, 2, 2.5], "rotation": 90, "texture": "#0"},
				"down": {"uv": [2, 2, 3.5, 2.5], "rotation": 90, "texture": "#0"}
			}
		},
		{
			"name": "plank_shield4_1",
			"from": [7.75, 7, 8],
			"to": [8.25, 8.5, 8.125],
			"rotation": {"angle": 0, "axis": "x", "origin": [8.5, 8.5625, 8.375]},
			"faces": {
				"north": {"uv": [2, 2, 3.5, 2.5], "rotation": 270, "texture": "#0"},
				"east": {"uv": [2, 2, 3.5, 2.125], "rotation": 270, "texture": "#0"},
				"south": {"uv": [3.5, 2, 2, 2.5], "rotation": 90, "texture": "#0"},
				"west": {"uv": [2, 2.375, 3.5, 2.5], "rotation": 270, "texture": "#0"}
			}
		}
	],
	"display": {
		"thirdperson_righthand": {
			"rotation": [0, -90, 0],
			"translation": [-2, -1.25, 2.75],
			"scale": [3, 3, 3]
		},
		"thirdperson_lefthand": {
			"rotation": [0, -90, 0],
			"translation": [-1.75, -1.25, 2.75],
			"scale": [3, 3, 3]
		},
		"firstperson_righthand": {
			"rotation": [0, -5, -4],
			"translation": [7.5, 0, -0.75],
			"scale": [3, 3, 3]
		},
		"firstperson_lefthand": {
			"rotation": [0, -5, -4],
			"translation": [7.5, 0, -0.75],
			"scale": [3, 3, 3]
		},
		"ground": {
			"translation": [0, 10, 0],
			"scale": [3, 3, 3]
		},
		"gui": {
			"rotation": [0, 180, 0],
			"translation": [0.5, 0.25, 0],
			"scale": [2, 2, 2]
		},
		"head": {
			"rotation": [180, 0, 180],
			"translation": [1.25, -12.25, 1.5],
			"scale": [3.5, 3.5, 3.5]
		},
		"fixed": {
			"translation": [0, 0, 3.75],
			"scale": [2, 2, 2]
		}
	},
	"groups": [
		{
			"name": "Layer 3",
			"origin": [8, 8, 8],
			"color": 0,
			"children": [
				0,
				1,
				2,
				3,
				4,
				5,
				6,
				7,
				8,
				9,
				10,
				11,
				12,
				13,
				14,
				15,
				16,
				17,
				18,
				19,
				20,
				21,
				22,
				23,
				24,
				25,
				26,
				27,
				28,
				29,
				30,
				31,
				32,
				33,
				34,
				35,
				36,
				37,
				38,
				39,
				40,
				41,
				42,
				43,
				44,
				45,
				46,
				47,
				48,
				49,
				50,
				51,
				52,
				53,
				54,
				55,
				56,
				57,
				58,
				59,
				60,
				61,
				62,
				63,
				64,
				65,
				66,
				67,
				68,
				69,
				70
			]
		},
		{
			"name": "Layer 4",
			"origin": [8, 8, 8],
			"color": 0,
			"children": [71, 72, 73, 74, 75, 76, 77, 78, 79, 80, 81, 82, 83, 84, 85, 86, 87, 88, 89, 90, 91, 92, 93, 94, 95, 96, 97, 98, 99, 100]
		},
		{
			"name": "plank_shield-2export",
			"origin": [8, 8, 8],
			"color": 0,
			"children": [101, 102, 103, 104, 105, 106, 107, 108, 109, 110, 111, 112, 113, 114, 115, 116, 117, 118, 119, 120, 121, 122, 123, 124, 125, 126, 127, 128, 129, 130, 131, 132, 133, 134, 135, 136, 137, 138, 139]
		},
		{
			"name": "plank_shield4",
			"origin": [8, 8, 8],
			"color": 0,
			"children": [140, 141, 142]
		}
	]
}