{
	"credit": "Made with Blockbench",
	"textures": {
		"0": "item/steel_shield",
		"particle": "item/steel_shield"
	},
	"elements": [
		{
			"name": "plank_shield4_0",
			"from": [7.75, 8.5, 6.375],
			"to": [8.25, 8.625, 8.125],
			"rotation": {"angle": 0, "axis": "y", "origin": [8.75, 8.75, 7.0625]},
			"faces": {
				"east": {"uv": [2, 2, 3.5, 2.125], "texture": "#0"},
				"south": {"uv": [2, 2, 2.125, 2.5], "rotation": 90, "texture": "#0"},
				"west": {"uv": [2, 2.375, 3.5, 2.5], "rotation": 180, "texture": "#0"},
				"up": {"uv": [3.5, 2, 2, 2.5], "rotation": 90, "texture": "#0"},
				"down": {"uv": [2, 2, 3.5, 2.5], "rotation": 90, "texture": "#0"}
			}
		},
		{
			"name": "plank_shield4_1",
			"from": [7.75, 6.875, 6.375],
			"to": [8.25, 7, 8.125],
			"rotation": {"angle": 0, "axis": "y", "origin": [8.75, 8.75, 7.0625]},
			"faces": {
				"east": {"uv": [2, 2, 3.5, 2.125], "texture": "#0"},
				"south": {"uv": [2, 2, 2.125, 2.5], "rotation": 90, "texture": "#0"},
				"west": {"uv": [2, 2.375, 3.5, 2.5], "rotation": 180, "texture": "#0"},
				"up": {"uv": [3.5, 2, 2, 2.5], "rotation": 90, "texture": "#0"},
				"down": {"uv": [2, 2, 3.5, 2.5], "rotation": 90, "texture": "#0"}
			}
		},
		{
			"name": "plank_shield4_1",
			"from": [7.75, 7, 8],
			"to": [8.25, 8.5, 8.125],
			"rotation": {"angle": 0, "axis": "x", "origin": [8.5, 8.5625, 8.375]},
			"faces": {
				"north": {"uv": [2, 2, 3.5, 2.5], "rotation": 270, "texture": "#0"},
				"east": {"uv": [2, 2, 3.5, 2.125], "rotation": 270, "texture": "#0"},
				"south": {"uv": [3.5, 2, 2, 2.5], "rotation": 90, "texture": "#0"},
				"west": {"uv": [2, 2.375, 3.5, 2.5], "rotation": 270, "texture": "#0"}
			}
		},
		{
			"name": "Layer 1_0",
			"from": [7.8125, 10.25, 6.125],
			"to": [8.1875, 10.5, 6.4375],
			"faces": {
				"north": {"uv": [8.25, 5.5, 7.875, 5.75], "texture": "#0"},
				"east": {"uv": [8.125, 5.5, 8.25, 5.75], "texture": "#0"},
				"south": {"uv": [7.875, 5.5, 8.25, 5.75], "texture": "#0"},
				"west": {"uv": [7.875, 5.5, 8, 5.75], "texture": "#0"},
				"up": {"uv": [7.875, 5.5, 8.25, 5.625], "texture": "#0"},
				"down": {"uv": [7.875, 5.625, 8.25, 5.75], "texture": "#0"}
			}
		},
		{
			"name": "Layer 1_1",
			"from": [7.6875, 10.125, 6.125],
			"to": [7.8125, 10.375, 6.4375],
			"faces": {
				"north": {"uv": [7.875, 5.625, 7.75, 5.875], "texture": "#0"},
				"east": {"uv": [7.75, 5.625, 7.875, 5.875], "texture": "#0"},
				"south": {"uv": [7.75, 5.625, 7.875, 5.875], "texture": "#0"},
				"west": {"uv": [7.75, 5.625, 7.875, 5.875], "texture": "#0"},
				"up": {"uv": [7.75, 5.625, 7.875, 5.75], "texture": "#0"},
				"down": {"uv": [7.75, 5.75, 7.875, 5.875], "texture": "#0"}
			}
		},
		{
			"name": "Layer 1_2",
			"from": [8.1875, 10.125, 6.125],
			"to": [8.3125, 10.375, 6.4375],
			"faces": {
				"north": {"uv": [8.375, 5.625, 8.25, 5.875], "texture": "#0"},
				"east": {"uv": [8.25, 5.625, 8.375, 5.875], "texture": "#0"},
				"south": {"uv": [8.25, 5.625, 8.375, 5.875], "texture": "#0"},
				"west": {"uv": [8.25, 5.625, 8.375, 5.875], "texture": "#0"},
				"up": {"uv": [8.25, 5.625, 8.375, 5.75], "texture": "#0"},
				"down": {"uv": [8.25, 5.75, 8.375, 5.875], "texture": "#0"}
			}
		},
		{
			"name": "Layer 1_3",
			"from": [5.9375, 10, 6.125],
			"to": [6.3125, 10.25, 6.4375],
			"faces": {
				"north": {"uv": [6.375, 5.75, 6, 6], "texture": "#0"},
				"east": {"uv": [6.25, 5.75, 6.375, 6], "texture": "#0"},
				"south": {"uv": [6, 5.75, 6.375, 6], "texture": "#0"},
				"west": {"uv": [6, 5.75, 6.125, 6], "texture": "#0"},
				"up": {"uv": [6, 5.75, 6.375, 5.875], "texture": "#0"},
				"down": {"uv": [6, 5.875, 6.375, 6], "texture": "#0"}
			}
		},
		{
			"name": "Layer 1_4",
			"from": [7.5625, 10, 6.125],
			"to": [7.6875, 10.25, 6.4375],
			"faces": {
				"north": {"uv": [7.75, 5.75, 7.625, 6], "texture": "#0"},
				"east": {"uv": [7.625, 5.75, 7.75, 6], "texture": "#0"},
				"south": {"uv": [7.625, 5.75, 7.75, 6], "texture": "#0"},
				"west": {"uv": [7.625, 5.75, 7.75, 6], "texture": "#0"},
				"up": {"uv": [7.625, 5.75, 7.75, 5.875], "texture": "#0"},
				"down": {"uv": [7.625, 5.875, 7.75, 6], "texture": "#0"}
			}
		},
		{
			"name": "Layer 1_5",
			"from": [7.9375, 3.75, 6.125],
			"to": [8.0625, 10.25, 6.4375],
			"faces": {
				"north": {"uv": [8.125, 5.75, 8, 12.25], "texture": "#0"},
				"east": {"uv": [8, 5.75, 8.125, 12.25], "texture": "#0"},
				"south": {"uv": [8, 5.75, 8.125, 12.25], "texture": "#0"},
				"west": {"uv": [8, 5.75, 8.125, 12.25], "texture": "#0"},
				"down": {"uv": [8, 12.125, 8.125, 12.25], "texture": "#0"}
			}
		},
		{
			"name": "Layer 1_6",
			"from": [8.3125, 10, 6.125],
			"to": [8.4375, 10.25, 6.4375],
			"faces": {
				"north": {"uv": [8.5, 5.75, 8.375, 6], "texture": "#0"},
				"east": {"uv": [8.375, 5.75, 8.5, 6], "texture": "#0"},
				"south": {"uv": [8.375, 5.75, 8.5, 6], "texture": "#0"},
				"west": {"uv": [8.375, 5.75, 8.5, 6], "texture": "#0"},
				"up": {"uv": [8.375, 5.75, 8.5, 5.875], "texture": "#0"},
				"down": {"uv": [8.375, 5.875, 8.5, 6], "texture": "#0"}
			}
		},
		{
			"name": "Layer 1_7",
			"from": [9.6875, 10, 6.125],
			"to": [10.0625, 10.25, 6.4375],
			"faces": {
				"north": {"uv": [10.125, 5.75, 9.75, 6], "texture": "#0"},
				"east": {"uv": [10, 5.75, 10.125, 6], "texture": "#0"},
				"south": {"uv": [9.75, 5.75, 10.125, 6], "texture": "#0"},
				"west": {"uv": [9.75, 5.75, 9.875, 6], "texture": "#0"},
				"up": {"uv": [9.75, 5.75, 10.125, 5.875], "texture": "#0"},
				"down": {"uv": [9.75, 5.875, 10.125, 6], "texture": "#0"}
			}
		},
		{
			"name": "Layer 1_8",
			"from": [6.3125, 9.875, 6.125],
			"to": [6.6875, 10.125, 6.4375],
			"faces": {
				"north": {"uv": [6.75, 5.875, 6.375, 6.125], "texture": "#0"},
				"east": {"uv": [6.625, 5.875, 6.75, 6.125], "texture": "#0"},
				"south": {"uv": [6.375, 5.875, 6.75, 6.125], "texture": "#0"},
				"west": {"uv": [6.375, 5.875, 6.5, 6.125], "texture": "#0"},
				"up": {"uv": [6.375, 5.875, 6.75, 6], "texture": "#0"},
				"down": {"uv": [6.375, 6, 6.75, 6.125], "texture": "#0"}
			}
		},
		{
			"name": "Layer 1_9",
			"from": [7.1875, 9.875, 6.125],
			"to": [7.5625, 10.125, 6.4375],
			"faces": {
				"north": {"uv": [7.625, 5.875, 7.25, 6.125], "texture": "#0"},
				"east": {"uv": [7.5, 5.875, 7.625, 6.125], "texture": "#0"},
				"south": {"uv": [7.25, 5.875, 7.625, 6.125], "texture": "#0"},
				"west": {"uv": [7.25, 5.875, 7.375, 6.125], "texture": "#0"},
				"up": {"uv": [7.25, 5.875, 7.625, 6], "texture": "#0"},
				"down": {"uv": [7.25, 6, 7.625, 6.125], "texture": "#0"}
			}
		},
		{
			"name": "Layer 1_10",
			"from": [8.4375, 9.875, 6.125],
			"to": [8.8125, 10.125, 6.4375],
			"faces": {
				"north": {"uv": [8.875, 5.875, 8.5, 6.125], "texture": "#0"},
				"east": {"uv": [8.75, 5.875, 8.875, 6.125], "texture": "#0"},
				"south": {"uv": [8.5, 5.875, 8.875, 6.125], "texture": "#0"},
				"west": {"uv": [8.5, 5.875, 8.625, 6.125], "texture": "#0"},
				"up": {"uv": [8.5, 5.875, 8.875, 6], "texture": "#0"},
				"down": {"uv": [8.5, 6, 8.875, 6.125], "texture": "#0"}
			}
		},
		{
			"name": "Layer 1_11",
			"from": [9.3125, 9.875, 6.125],
			"to": [9.6875, 10.125, 6.4375],
			"faces": {
				"north": {"uv": [9.75, 5.875, 9.375, 6.125], "texture": "#0"},
				"east": {"uv": [9.625, 5.875, 9.75, 6.125], "texture": "#0"},
				"south": {"uv": [9.375, 5.875, 9.75, 6.125], "texture": "#0"},
				"west": {"uv": [9.375, 5.875, 9.5, 6.125], "texture": "#0"},
				"up": {"uv": [9.375, 5.875, 9.75, 6], "texture": "#0"},
				"down": {"uv": [9.375, 6, 9.75, 6.125], "texture": "#0"}
			}
		},
		{
			"name": "Layer 1_12",
			"from": [5.9375, 9.875, 6.125],
			"to": [6.1875, 10, 6.4375],
			"faces": {
				"north": {"uv": [6.25, 6, 6, 6.125], "texture": "#0"},
				"east": {"uv": [6.125, 6, 6.25, 6.125], "texture": "#0"},
				"south": {"uv": [6, 6, 6.25, 6.125], "texture": "#0"},
				"west": {"uv": [6, 6, 6.125, 6.125], "texture": "#0"},
				"down": {"uv": [6, 6, 6.25, 6.125], "texture": "#0"}
			}
		},
		{
			"name": "Layer 1_13",
			"from": [6.6875, 9.75, 6.125],
			"to": [7.1875, 10, 6.4375],
			"faces": {
				"north": {"uv": [7.25, 6, 6.75, 6.25], "texture": "#0"},
				"east": {"uv": [7.125, 6, 7.25, 6.25], "texture": "#0"},
				"south": {"uv": [6.75, 6, 7.25, 6.25], "texture": "#0"},
				"west": {"uv": [6.75, 6, 6.875, 6.25], "texture": "#0"},
				"up": {"uv": [6.75, 6, 7.25, 6.125], "texture": "#0"},
				"down": {"uv": [6.75, 6.125, 7.25, 6.25], "texture": "#0"}
			}
		},
		{
			"name": "Layer 1_14",
			"from": [8.8125, 9.75, 6.125],
			"to": [9.3125, 10, 6.4375],
			"faces": {
				"north": {"uv": [9.375, 6, 8.875, 6.25], "texture": "#0"},
				"east": {"uv": [9.25, 6, 9.375, 6.25], "texture": "#0"},
				"south": {"uv": [8.875, 6, 9.375, 6.25], "texture": "#0"},
				"west": {"uv": [8.875, 6, 9, 6.25], "texture": "#0"},
				"up": {"uv": [8.875, 6, 9.375, 6.125], "texture": "#0"},
				"down": {"uv": [8.875, 6.125, 9.375, 6.25], "texture": "#0"}
			}
		},
		{
			"name": "Layer 1_15",
			"from": [9.8125, 9.875, 6.125],
			"to": [10.0625, 10, 6.4375],
			"faces": {
				"north": {"uv": [10.125, 6, 9.875, 6.125], "texture": "#0"},
				"east": {"uv": [10, 6, 10.125, 6.125], "texture": "#0"},
				"south": {"uv": [9.875, 6, 10.125, 6.125], "texture": "#0"},
				"west": {"uv": [9.875, 6, 10, 6.125], "texture": "#0"},
				"down": {"uv": [9.875, 6, 10.125, 6.125], "texture": "#0"}
			}
		},
		{
			"name": "Layer 1_16",
			"from": [6.0625, 9.25, 6.125],
			"to": [6.3125, 9.875, 6.4375],
			"faces": {
				"north": {"uv": [6.375, 6.125, 6.125, 6.75], "texture": "#0"},
				"east": {"uv": [6.25, 6.125, 6.375, 6.75], "texture": "#0"},
				"south": {"uv": [6.125, 6.125, 6.375, 6.75], "texture": "#0"},
				"west": {"uv": [6.125, 6.125, 6.25, 6.75], "texture": "#0"},
				"up": {"uv": [6.125, 6.125, 6.375, 6.25], "texture": "#0"},
				"down": {"uv": [6.125, 6.625, 6.375, 6.75], "texture": "#0"}
			}
		},
		{
			"name": "Layer 1_17",
			"from": [9.6875, 9.25, 6.125],
			"to": [9.9375, 9.875, 6.4375],
			"faces": {
				"north": {"uv": [10, 6.125, 9.75, 6.75], "texture": "#0"},
				"east": {"uv": [9.875, 6.125, 10, 6.75], "texture": "#0"},
				"south": {"uv": [9.75, 6.125, 10, 6.75], "texture": "#0"},
				"west": {"uv": [9.75, 6.125, 9.875, 6.75], "texture": "#0"},
				"up": {"uv": [9.75, 6.125, 10, 6.25], "texture": "#0"},
				"down": {"uv": [9.75, 6.625, 10, 6.75], "texture": "#0"}
			}
		},
		{
			"name": "Layer 1_18",
			"from": [6.1875, 8.625, 6.125],
			"to": [6.4375, 9.25, 6.4375],
			"faces": {
				"north": {"uv": [6.5, 6.75, 6.25, 7.375], "texture": "#0"},
				"east": {"uv": [6.375, 6.75, 6.5, 7.375], "texture": "#0"},
				"south": {"uv": [6.25, 6.75, 6.5, 7.375], "texture": "#0"},
				"west": {"uv": [6.25, 6.75, 6.375, 7.375], "texture": "#0"},
				"up": {"uv": [6.25, 6.75, 6.5, 6.875], "texture": "#0"},
				"down": {"uv": [6.25, 7.25, 6.5, 7.375], "texture": "#0"}
			}
		},
		{
			"name": "Layer 1_19",
			"from": [9.5625, 8.625, 6.125],
			"to": [9.8125, 9.25, 6.4375],
			"faces": {
				"north": {"uv": [9.875, 6.75, 9.625, 7.375], "texture": "#0"},
				"east": {"uv": [9.75, 6.75, 9.875, 7.375], "texture": "#0"},
				"south": {"uv": [9.625, 6.75, 9.875, 7.375], "texture": "#0"},
				"west": {"uv": [9.625, 6.75, 9.75, 7.375], "texture": "#0"},
				"up": {"uv": [9.625, 6.75, 9.875, 6.875], "texture": "#0"},
				"down": {"uv": [9.625, 7.25, 9.875, 7.375], "texture": "#0"}
			}
		},
		{
			"name": "Layer 1_20",
			"from": [6.3125, 7.5, 6.125],
			"to": [6.5625, 8.625, 6.4375],
			"faces": {
				"north": {"uv": [6.625, 7.375, 6.375, 8.5], "texture": "#0"},
				"east": {"uv": [6.5, 7.375, 6.625, 8.5], "texture": "#0"},
				"south": {"uv": [6.375, 7.375, 6.625, 8.5], "texture": "#0"},
				"west": {"uv": [6.375, 7.375, 6.5, 8.5], "texture": "#0"},
				"up": {"uv": [6.375, 7.375, 6.625, 7.5], "texture": "#0"},
				"down": {"uv": [6.375, 8.375, 6.625, 8.5], "texture": "#0"}
			}
		},
		{
			"name": "Layer 1_21",
			"from": [9.4375, 7.5, 6.125],
			"to": [9.6875, 8.625, 6.4375],
			"faces": {
				"north": {"uv": [9.75, 7.375, 9.5, 8.5], "texture": "#0"},
				"east": {"uv": [9.625, 7.375, 9.75, 8.5], "texture": "#0"},
				"south": {"uv": [9.5, 7.375, 9.75, 8.5], "texture": "#0"},
				"west": {"uv": [9.5, 7.375, 9.625, 8.5], "texture": "#0"},
				"up": {"uv": [9.5, 7.375, 9.75, 7.5], "texture": "#0"},
				"down": {"uv": [9.5, 8.375, 9.75, 8.5], "texture": "#0"}
			}
		},
		{
			"name": "Layer 1_22",
			"from": [6.1875, 6.875, 6.125],
			"to": [6.4375, 7.5, 6.4375],
			"faces": {
				"north": {"uv": [6.5, 8.5, 6.25, 9.125], "texture": "#0"},
				"east": {"uv": [6.375, 8.5, 6.5, 9.125], "texture": "#0"},
				"south": {"uv": [6.25, 8.5, 6.5, 9.125], "texture": "#0"},
				"west": {"uv": [6.25, 8.5, 6.375, 9.125], "texture": "#0"},
				"up": {"uv": [6.25, 8.5, 6.5, 8.625], "texture": "#0"},
				"down": {"uv": [6.25, 9, 6.5, 9.125], "texture": "#0"}
			}
		},
		{
			"name": "Layer 1_23",
			"from": [9.5625, 6.875, 6.125],
			"to": [9.8125, 7.5, 6.4375],
			"faces": {
				"north": {"uv": [9.875, 8.5, 9.625, 9.125], "texture": "#0"},
				"east": {"uv": [9.75, 8.5, 9.875, 9.125], "texture": "#0"},
				"south": {"uv": [9.625, 8.5, 9.875, 9.125], "texture": "#0"},
				"west": {"uv": [9.625, 8.5, 9.75, 9.125], "texture": "#0"},
				"up": {"uv": [9.625, 8.5, 9.875, 8.625], "texture": "#0"},
				"down": {"uv": [9.625, 9, 9.875, 9.125], "texture": "#0"}
			}
		},
		{
			"name": "Layer 1_24",
			"from": [6.0625, 6.25, 6.125],
			"to": [6.3125, 6.875, 6.4375],
			"faces": {
				"north": {"uv": [6.375, 9.125, 6.125, 9.75], "texture": "#0"},
				"east": {"uv": [6.25, 9.125, 6.375, 9.75], "texture": "#0"},
				"south": {"uv": [6.125, 9.125, 6.375, 9.75], "texture": "#0"},
				"west": {"uv": [6.125, 9.125, 6.25, 9.75], "texture": "#0"},
				"up": {"uv": [6.125, 9.125, 6.375, 9.25], "texture": "#0"},
				"down": {"uv": [6.125, 9.625, 6.375, 9.75], "texture": "#0"}
			}
		},
		{
			"name": "Layer 1_25",
			"from": [9.6875, 6.25, 6.125],
			"to": [9.9375, 6.875, 6.4375],
			"faces": {
				"north": {"uv": [10, 9.125, 9.75, 9.75], "texture": "#0"},
				"east": {"uv": [9.875, 9.125, 10, 9.75], "texture": "#0"},
				"south": {"uv": [9.75, 9.125, 10, 9.75], "texture": "#0"},
				"west": {"uv": [9.75, 9.125, 9.875, 9.75], "texture": "#0"},
				"up": {"uv": [9.75, 9.125, 10, 9.25], "texture": "#0"},
				"down": {"uv": [9.75, 9.625, 10, 9.75], "texture": "#0"}
			}
		},
		{
			"name": "Layer 1_26",
			"from": [6.1875, 6, 6.125],
			"to": [6.4375, 6.25, 6.4375],
			"faces": {
				"north": {"uv": [6.5, 9.75, 6.25, 10], "texture": "#0"},
				"east": {"uv": [6.375, 9.75, 6.5, 10], "texture": "#0"},
				"south": {"uv": [6.25, 9.75, 6.5, 10], "texture": "#0"},
				"west": {"uv": [6.25, 9.75, 6.375, 10], "texture": "#0"},
				"up": {"uv": [6.25, 9.75, 6.5, 9.875], "texture": "#0"},
				"down": {"uv": [6.25, 9.875, 6.5, 10], "texture": "#0"}
			}
		},
		{
			"name": "Layer 1_27",
			"from": [9.5625, 6, 6.125],
			"to": [9.8125, 6.25, 6.4375],
			"faces": {
				"north": {"uv": [9.875, 9.75, 9.625, 10], "texture": "#0"},
				"east": {"uv": [9.75, 9.75, 9.875, 10], "texture": "#0"},
				"south": {"uv": [9.625, 9.75, 9.875, 10], "texture": "#0"},
				"west": {"uv": [9.625, 9.75, 9.75, 10], "texture": "#0"},
				"up": {"uv": [9.625, 9.75, 9.875, 9.875], "texture": "#0"},
				"down": {"uv": [9.625, 9.875, 9.875, 10], "texture": "#0"}
			}
		},
		{
			"name": "Layer 1_28",
			"from": [6.3125, 5.75, 6.125],
			"to": [6.5625, 6, 6.4375],
			"faces": {
				"north": {"uv": [6.625, 10, 6.375, 10.25], "texture": "#0"},
				"east": {"uv": [6.5, 10, 6.625, 10.25], "texture": "#0"},
				"south": {"uv": [6.375, 10, 6.625, 10.25], "texture": "#0"},
				"west": {"uv": [6.375, 10, 6.5, 10.25], "texture": "#0"},
				"up": {"uv": [6.375, 10, 6.625, 10.125], "texture": "#0"},
				"down": {"uv": [6.375, 10.125, 6.625, 10.25], "texture": "#0"}
			}
		},
		{
			"name": "Layer 1_29",
			"from": [9.4375, 5.75, 6.125],
			"to": [9.6875, 6, 6.4375],
			"faces": {
				"north": {"uv": [9.75, 10, 9.5, 10.25], "texture": "#0"},
				"east": {"uv": [9.625, 10, 9.75, 10.25], "texture": "#0"},
				"south": {"uv": [9.5, 10, 9.75, 10.25], "texture": "#0"},
				"west": {"uv": [9.5, 10, 9.625, 10.25], "texture": "#0"},
				"up": {"uv": [9.5, 10, 9.75, 10.125], "texture": "#0"},
				"down": {"uv": [9.5, 10.125, 9.75, 10.25], "texture": "#0"}
			}
		},
		{
			"name": "Layer 1_30",
			"from": [6.4375, 5.5, 6.125],
			"to": [6.6875, 5.75, 6.4375],
			"faces": {
				"north": {"uv": [6.75, 10.25, 6.5, 10.5], "texture": "#0"},
				"east": {"uv": [6.625, 10.25, 6.75, 10.5], "texture": "#0"},
				"south": {"uv": [6.5, 10.25, 6.75, 10.5], "texture": "#0"},
				"west": {"uv": [6.5, 10.25, 6.625, 10.5], "texture": "#0"},
				"up": {"uv": [6.5, 10.25, 6.75, 10.375], "texture": "#0"},
				"down": {"uv": [6.5, 10.375, 6.75, 10.5], "texture": "#0"}
			}
		},
		{
			"name": "Layer 1_31",
			"from": [9.3125, 5.5, 6.125],
			"to": [9.5625, 5.75, 6.4375],
			"faces": {
				"north": {"uv": [9.625, 10.25, 9.375, 10.5], "texture": "#0"},
				"east": {"uv": [9.5, 10.25, 9.625, 10.5], "texture": "#0"},
				"south": {"uv": [9.375, 10.25, 9.625, 10.5], "texture": "#0"},
				"west": {"uv": [9.375, 10.25, 9.5, 10.5], "texture": "#0"},
				"up": {"uv": [9.375, 10.25, 9.625, 10.375], "texture": "#0"},
				"down": {"uv": [9.375, 10.375, 9.625, 10.5], "texture": "#0"}
			}
		},
		{
			"name": "Layer 1_32",
			"from": [6.5625, 5.375, 6.125],
			"to": [6.8125, 5.5, 6.4375],
			"faces": {
				"north": {"uv": [6.875, 10.5, 6.625, 10.625], "texture": "#0"},
				"east": {"uv": [6.75, 10.5, 6.875, 10.625], "texture": "#0"},
				"south": {"uv": [6.625, 10.5, 6.875, 10.625], "texture": "#0"},
				"west": {"uv": [6.625, 10.5, 6.75, 10.625], "texture": "#0"},
				"up": {"uv": [6.625, 10.5, 6.875, 10.625], "texture": "#0"},
				"down": {"uv": [6.625, 10.5, 6.875, 10.625], "texture": "#0"}
			}
		},
		{
			"name": "Layer 1_33",
			"from": [9.1875, 5.375, 6.125],
			"to": [9.4375, 5.5, 6.4375],
			"faces": {
				"north": {"uv": [9.5, 10.5, 9.25, 10.625], "texture": "#0"},
				"east": {"uv": [9.375, 10.5, 9.5, 10.625], "texture": "#0"},
				"south": {"uv": [9.25, 10.5, 9.5, 10.625], "texture": "#0"},
				"west": {"uv": [9.25, 10.5, 9.375, 10.625], "texture": "#0"},
				"up": {"uv": [9.25, 10.5, 9.5, 10.625], "texture": "#0"},
				"down": {"uv": [9.25, 10.5, 9.5, 10.625], "texture": "#0"}
			}
		},
		{
			"name": "Layer 1_34",
			"from": [6.6875, 5.125, 6.125],
			"to": [6.9375, 5.375, 6.4375],
			"faces": {
				"north": {"uv": [7, 10.625, 6.75, 10.875], "texture": "#0"},
				"east": {"uv": [6.875, 10.625, 7, 10.875], "texture": "#0"},
				"south": {"uv": [6.75, 10.625, 7, 10.875], "texture": "#0"},
				"west": {"uv": [6.75, 10.625, 6.875, 10.875], "texture": "#0"},
				"up": {"uv": [6.75, 10.625, 7, 10.75], "texture": "#0"},
				"down": {"uv": [6.75, 10.75, 7, 10.875], "texture": "#0"}
			}
		},
		{
			"name": "Layer 1_35",
			"from": [9.0625, 5.125, 6.125],
			"to": [9.3125, 5.375, 6.4375],
			"faces": {
				"north": {"uv": [9.375, 10.625, 9.125, 10.875], "texture": "#0"},
				"east": {"uv": [9.25, 10.625, 9.375, 10.875], "texture": "#0"},
				"south": {"uv": [9.125, 10.625, 9.375, 10.875], "texture": "#0"},
				"west": {"uv": [9.125, 10.625, 9.25, 10.875], "texture": "#0"},
				"up": {"uv": [9.125, 10.625, 9.375, 10.75], "texture": "#0"},
				"down": {"uv": [9.125, 10.75, 9.375, 10.875], "texture": "#0"}
			}
		},
		{
			"name": "Layer 1_36",
			"from": [6.8125, 5, 6.125],
			"to": [7.0625, 5.125, 6.4375],
			"faces": {
				"north": {"uv": [7.125, 10.875, 6.875, 11], "texture": "#0"},
				"east": {"uv": [7, 10.875, 7.125, 11], "texture": "#0"},
				"south": {"uv": [6.875, 10.875, 7.125, 11], "texture": "#0"},
				"west": {"uv": [6.875, 10.875, 7, 11], "texture": "#0"},
				"up": {"uv": [6.875, 10.875, 7.125, 11], "texture": "#0"},
				"down": {"uv": [6.875, 10.875, 7.125, 11], "texture": "#0"}
			}
		},
		{
			"name": "Layer 1_37",
			"from": [8.9375, 5, 6.125],
			"to": [9.1875, 5.125, 6.4375],
			"faces": {
				"north": {"uv": [9.25, 10.875, 9, 11], "texture": "#0"},
				"east": {"uv": [9.125, 10.875, 9.25, 11], "texture": "#0"},
				"south": {"uv": [9, 10.875, 9.25, 11], "texture": "#0"},
				"west": {"uv": [9, 10.875, 9.125, 11], "texture": "#0"},
				"up": {"uv": [9, 10.875, 9.25, 11], "texture": "#0"},
				"down": {"uv": [9, 10.875, 9.25, 11], "texture": "#0"}
			}
		},
		{
			"name": "Layer 1_38",
			"from": [6.9375, 4.875, 6.125],
			"to": [7.1875, 5, 6.4375],
			"faces": {
				"north": {"uv": [7.25, 11, 7, 11.125], "texture": "#0"},
				"east": {"uv": [7.125, 11, 7.25, 11.125], "texture": "#0"},
				"south": {"uv": [7, 11, 7.25, 11.125], "texture": "#0"},
				"west": {"uv": [7, 11, 7.125, 11.125], "texture": "#0"},
				"up": {"uv": [7, 11, 7.25, 11.125], "texture": "#0"},
				"down": {"uv": [7, 11, 7.25, 11.125], "texture": "#0"}
			}
		},
		{
			"name": "Layer 1_39",
			"from": [8.8125, 4.875, 6.125],
			"to": [9.0625, 5, 6.4375],
			"faces": {
				"north": {"uv": [9.125, 11, 8.875, 11.125], "texture": "#0"},
				"east": {"uv": [9, 11, 9.125, 11.125], "texture": "#0"},
				"south": {"uv": [8.875, 11, 9.125, 11.125], "texture": "#0"},
				"west": {"uv": [8.875, 11, 9, 11.125], "texture": "#0"},
				"up": {"uv": [8.875, 11, 9.125, 11.125], "texture": "#0"},
				"down": {"uv": [8.875, 11, 9.125, 11.125], "texture": "#0"}
			}
		},
		{
			"name": "Layer 1_40",
			"from": [7.0625, 4.625, 6.125],
			"to": [7.3125, 4.875, 6.4375],
			"faces": {
				"north": {"uv": [7.375, 11.125, 7.125, 11.375], "texture": "#0"},
				"east": {"uv": [7.25, 11.125, 7.375, 11.375], "texture": "#0"},
				"south": {"uv": [7.125, 11.125, 7.375, 11.375], "texture": "#0"},
				"west": {"uv": [7.125, 11.125, 7.25, 11.375], "texture": "#0"},
				"up": {"uv": [7.125, 11.125, 7.375, 11.25], "texture": "#0"},
				"down": {"uv": [7.125, 11.25, 7.375, 11.375], "texture": "#0"}
			}
		},
		{
			"name": "Layer 1_41",
			"from": [8.6875, 4.625, 6.125],
			"to": [8.9375, 4.875, 6.4375],
			"faces": {
				"north": {"uv": [9, 11.125, 8.75, 11.375], "texture": "#0"},
				"east": {"uv": [8.875, 11.125, 9, 11.375], "texture": "#0"},
				"south": {"uv": [8.75, 11.125, 9, 11.375], "texture": "#0"},
				"west": {"uv": [8.75, 11.125, 8.875, 11.375], "texture": "#0"},
				"up": {"uv": [8.75, 11.125, 9, 11.25], "texture": "#0"},
				"down": {"uv": [8.75, 11.25, 9, 11.375], "texture": "#0"}
			}
		},
		{
			"name": "Layer 1_42",
			"from": [7.1875, 4.5, 6.125],
			"to": [7.4375, 4.625, 6.4375],
			"faces": {
				"north": {"uv": [7.5, 11.375, 7.25, 11.5], "texture": "#0"},
				"east": {"uv": [7.375, 11.375, 7.5, 11.5], "texture": "#0"},
				"south": {"uv": [7.25, 11.375, 7.5, 11.5], "texture": "#0"},
				"west": {"uv": [7.25, 11.375, 7.375, 11.5], "texture": "#0"},
				"up": {"uv": [7.25, 11.375, 7.5, 11.5], "texture": "#0"},
				"down": {"uv": [7.25, 11.375, 7.5, 11.5], "texture": "#0"}
			}
		},
		{
			"name": "Layer 1_43",
			"from": [8.5625, 4.5, 6.125],
			"to": [8.8125, 4.625, 6.4375],
			"faces": {
				"north": {"uv": [8.875, 11.375, 8.625, 11.5], "texture": "#0"},
				"east": {"uv": [8.75, 11.375, 8.875, 11.5], "texture": "#0"},
				"south": {"uv": [8.625, 11.375, 8.875, 11.5], "texture": "#0"},
				"west": {"uv": [8.625, 11.375, 8.75, 11.5], "texture": "#0"},
				"up": {"uv": [8.625, 11.375, 8.875, 11.5], "texture": "#0"},
				"down": {"uv": [8.625, 11.375, 8.875, 11.5], "texture": "#0"}
			}
		},
		{
			"name": "Layer 1_44",
			"from": [7.3125, 4.375, 6.125],
			"to": [7.5625, 4.5, 6.4375],
			"faces": {
				"north": {"uv": [7.625, 11.5, 7.375, 11.625], "texture": "#0"},
				"east": {"uv": [7.5, 11.5, 7.625, 11.625], "texture": "#0"},
				"south": {"uv": [7.375, 11.5, 7.625, 11.625], "texture": "#0"},
				"west": {"uv": [7.375, 11.5, 7.5, 11.625], "texture": "#0"},
				"up": {"uv": [7.375, 11.5, 7.625, 11.625], "texture": "#0"},
				"down": {"uv": [7.375, 11.5, 7.625, 11.625], "texture": "#0"}
			}
		},
		{
			"name": "Layer 1_45",
			"from": [8.4375, 4.375, 6.125],
			"to": [8.6875, 4.5, 6.4375],
			"faces": {
				"north": {"uv": [8.75, 11.5, 8.5, 11.625], "texture": "#0"},
				"east": {"uv": [8.625, 11.5, 8.75, 11.625], "texture": "#0"},
				"south": {"uv": [8.5, 11.5, 8.75, 11.625], "texture": "#0"},
				"west": {"uv": [8.5, 11.5, 8.625, 11.625], "texture": "#0"},
				"up": {"uv": [8.5, 11.5, 8.75, 11.625], "texture": "#0"},
				"down": {"uv": [8.5, 11.5, 8.75, 11.625], "texture": "#0"}
			}
		},
		{
			"name": "Layer 1_46",
			"from": [7.4375, 4.25, 6.125],
			"to": [7.6875, 4.375, 6.4375],
			"faces": {
				"north": {"uv": [7.75, 11.625, 7.5, 11.75], "texture": "#0"},
				"east": {"uv": [7.625, 11.625, 7.75, 11.75], "texture": "#0"},
				"south": {"uv": [7.5, 11.625, 7.75, 11.75], "texture": "#0"},
				"west": {"uv": [7.5, 11.625, 7.625, 11.75], "texture": "#0"},
				"up": {"uv": [7.5, 11.625, 7.75, 11.75], "texture": "#0"},
				"down": {"uv": [7.5, 11.625, 7.75, 11.75], "texture": "#0"}
			}
		},
		{
			"name": "Layer 1_47",
			"from": [8.3125, 4.25, 6.125],
			"to": [8.5625, 4.375, 6.4375],
			"faces": {
				"north": {"uv": [8.625, 11.625, 8.375, 11.75], "texture": "#0"},
				"east": {"uv": [8.5, 11.625, 8.625, 11.75], "texture": "#0"},
				"south": {"uv": [8.375, 11.625, 8.625, 11.75], "texture": "#0"},
				"west": {"uv": [8.375, 11.625, 8.5, 11.75], "texture": "#0"},
				"up": {"uv": [8.375, 11.625, 8.625, 11.75], "texture": "#0"},
				"down": {"uv": [8.375, 11.625, 8.625, 11.75], "texture": "#0"}
			}
		},
		{
			"name": "Layer 1_48",
			"from": [7.5625, 4.125, 6.125],
			"to": [7.8125, 4.25, 6.4375],
			"faces": {
				"north": {"uv": [7.875, 11.75, 7.625, 11.875], "texture": "#0"},
				"east": {"uv": [7.75, 11.75, 7.875, 11.875], "texture": "#0"},
				"south": {"uv": [7.625, 11.75, 7.875, 11.875], "texture": "#0"},
				"west": {"uv": [7.625, 11.75, 7.75, 11.875], "texture": "#0"},
				"up": {"uv": [7.625, 11.75, 7.875, 11.875], "texture": "#0"},
				"down": {"uv": [7.625, 11.75, 7.875, 11.875], "texture": "#0"}
			}
		},
		{
			"name": "Layer 1_49",
			"from": [8.1875, 4.125, 6.125],
			"to": [8.4375, 4.25, 6.4375],
			"faces": {
				"north": {"uv": [8.5, 11.75, 8.25, 11.875], "texture": "#0"},
				"east": {"uv": [8.375, 11.75, 8.5, 11.875], "texture": "#0"},
				"south": {"uv": [8.25, 11.75, 8.5, 11.875], "texture": "#0"},
				"west": {"uv": [8.25, 11.75, 8.375, 11.875], "texture": "#0"},
				"up": {"uv": [8.25, 11.75, 8.5, 11.875], "texture": "#0"},
				"down": {"uv": [8.25, 11.75, 8.5, 11.875], "texture": "#0"}
			}
		},
		{
			"name": "Layer 1_50",
			"from": [7.6875, 4, 6.125],
			"to": [7.9375, 4.125, 6.4375],
			"faces": {
				"north": {"uv": [8, 11.875, 7.75, 12], "texture": "#0"},
				"south": {"uv": [7.75, 11.875, 8, 12], "texture": "#0"},
				"west": {"uv": [7.75, 11.875, 7.875, 12], "texture": "#0"},
				"up": {"uv": [7.75, 11.875, 8, 12], "texture": "#0"},
				"down": {"uv": [7.75, 11.875, 8, 12], "texture": "#0"}
			}
		},
		{
			"name": "Layer 1_51",
			"from": [8.0625, 4, 6.125],
			"to": [8.3125, 4.125, 6.4375],
			"faces": {
				"north": {"uv": [8.375, 11.875, 8.125, 12], "texture": "#0"},
				"east": {"uv": [8.25, 11.875, 8.375, 12], "texture": "#0"},
				"south": {"uv": [8.125, 11.875, 8.375, 12], "texture": "#0"},
				"up": {"uv": [8.125, 11.875, 8.375, 12], "texture": "#0"},
				"down": {"uv": [8.125, 11.875, 8.375, 12], "texture": "#0"}
			}
		},
		{
			"name": "Layer 1_52",
			"from": [7.8125, 3.875, 6.125],
			"to": [7.9375, 4, 6.4375],
			"faces": {
				"north": {"uv": [8, 12, 7.875, 12.125], "texture": "#0"},
				"south": {"uv": [7.875, 12, 8, 12.125], "texture": "#0"},
				"west": {"uv": [7.875, 12, 8, 12.125], "texture": "#0"},
				"down": {"uv": [7.875, 12, 8, 12.125], "texture": "#0"}
			}
		},
		{
			"name": "Layer 1_53",
			"from": [8.0625, 3.875, 6.125],
			"to": [8.1875, 4, 6.4375],
			"faces": {
				"north": {"uv": [8.25, 12, 8.125, 12.125], "texture": "#0"},
				"east": {"uv": [8.125, 12, 8.25, 12.125], "texture": "#0"},
				"south": {"uv": [8.125, 12, 8.25, 12.125], "texture": "#0"},
				"down": {"uv": [8.125, 12, 8.25, 12.125], "texture": "#0"}
			}
		},
		{
			"name": "Flatt123123ened_1",
			"from": [7.6875, 4.375, 6.25],
			"to": [7.8125, 10, 6.375],
			"faces": {
				"north": {"uv": [7.875, 6, 7.75, 11.625], "texture": "#0"},
				"south": {"uv": [7.75, 6, 7.875, 11.625], "texture": "#0"}
			}
		},
		{
			"name": "Flatt123123ened_2",
			"from": [8.1875, 4.375, 6.25],
			"to": [8.3125, 10, 6.375],
			"faces": {
				"north": {"uv": [8.375, 6, 8.25, 11.625], "texture": "#0"},
				"south": {"uv": [8.25, 6, 8.375, 11.625], "texture": "#0"}
			}
		},
		{
			"name": "Flatt123123ened_3",
			"from": [7.5625, 4.5, 6.25],
			"to": [7.6875, 9.875, 6.375],
			"faces": {
				"north": {"uv": [7.75, 6.125, 7.625, 11.5], "texture": "#0"},
				"south": {"uv": [7.625, 6.125, 7.75, 11.5], "texture": "#0"}
			}
		},
		{
			"name": "Flatt123123ened_4",
			"from": [8.3125, 4.5, 6.25],
			"to": [8.4375, 9.875, 6.375],
			"faces": {
				"north": {"uv": [8.5, 6.125, 8.375, 11.5], "texture": "#0"},
				"south": {"uv": [8.375, 6.125, 8.5, 11.5], "texture": "#0"}
			}
		},
		{
			"name": "Flatt123123ened_5",
			"from": [6.4375, 9.25, 6.25],
			"to": [6.6875, 9.75, 6.375],
			"faces": {
				"north": {"uv": [6.75, 6.25, 6.5, 6.75], "texture": "#0"},
				"south": {"uv": [6.5, 6.25, 6.75, 6.75], "texture": "#0"}
			}
		},
		{
			"name": "Flatt123123ened_6",
			"from": [7.1875, 5, 6.25],
			"to": [7.5625, 9.75, 6.375],
			"faces": {
				"north": {"uv": [7.625, 6.25, 7.25, 11], "texture": "#0"},
				"south": {"uv": [7.25, 6.25, 7.625, 11], "texture": "#0"}
			}
		},
		{
			"name": "Flatt123123ened_7",
			"from": [8.4375, 5, 6.25],
			"to": [8.8125, 9.75, 6.375],
			"faces": {
				"north": {"uv": [8.875, 6.25, 8.5, 11], "texture": "#0"},
				"east": {"uv": [8.75, 6.25, 8.875, 11], "texture": "#0"},
				"south": {"uv": [8.5, 6.25, 8.875, 11], "texture": "#0"}
			}
		},
		{
			"name": "Flatt123123ened_8",
			"from": [9.3125, 9.25, 6.375],
			"to": [9.5625, 9.75, 6.5],
			"faces": {
				"north": {"uv": [9.625, 6.25, 9.375, 6.75], "texture": "#0"},
				"east": {"uv": [9.5, 6.25, 9.625, 6.75], "texture": "#0"},
				"south": {"uv": [9.375, 6.25, 9.625, 6.75], "texture": "#0"},
				"west": {"uv": [9.375, 6.25, 9.5, 6.75], "texture": "#0"},
				"up": {"uv": [9.375, 6.25, 9.625, 6.375], "texture": "#0"},
				"down": {"uv": [9.375, 6.625, 9.625, 6.75], "texture": "#0"}
			}
		},
		{
			"name": "Flatt123123ened_9",
			"from": [6.6875, 5.75, 6.25],
			"to": [7.1875, 9.625, 6.375],
			"faces": {
				"north": {"uv": [7.25, 6.375, 6.75, 10.25], "texture": "#0"},
				"south": {"uv": [6.75, 6.375, 7.25, 10.25], "texture": "#0"}
			}
		},
		{
			"name": "Flatt123123ened_10",
			"from": [8.8125, 5.75, 6.375],
			"to": [9.3125, 9.625, 6.5],
			"faces": {
				"north": {"uv": [9.375, 6.375, 8.875, 10.25], "texture": "#0"},
				"east": {"uv": [9.25, 6.375, 9.375, 10.25], "texture": "#0"},
				"south": {"uv": [8.875, 6.375, 9.375, 10.25], "texture": "#0"},
				"west": {"uv": [8.875, 6.375, 9, 10.25], "texture": "#0"},
				"up": {"uv": [8.875, 6.375, 9.375, 6.5], "texture": "#0"},
				"down": {"uv": [8.875, 10.125, 9.375, 10.25], "texture": "#0"}
			}
		},
		{
			"name": "Flatt123123ened_11",
			"from": [6.5625, 8.625, 6.25],
			"to": [6.6875, 9.25, 6.375],
			"faces": {
				"north": {"uv": [6.75, 6.75, 6.625, 7.375], "texture": "#0"},
				"south": {"uv": [6.625, 6.75, 6.75, 7.375], "texture": "#0"}
			}
		},
		{
			"name": "Flatt123123ened_12",
			"from": [9.3125, 8.625, 6.375],
			"to": [9.4375, 9.25, 6.5],
			"faces": {
				"north": {"uv": [9.5, 6.75, 9.375, 7.375], "texture": "#0"},
				"east": {"uv": [9.375, 6.75, 9.5, 7.375], "texture": "#0"},
				"south": {"uv": [9.375, 6.75, 9.5, 7.375], "texture": "#0"},
				"down": {"uv": [9.375, 7.25, 9.5, 7.375], "texture": "#0"}
			}
		},
		{
			"name": "Flatt123123ened_13",
			"from": [6.5625, 6, 6.25],
			"to": [6.6875, 7.5, 6.375],
			"faces": {
				"north": {"uv": [6.75, 8.5, 6.625, 10], "texture": "#0"},
				"south": {"uv": [6.625, 8.5, 6.75, 10], "texture": "#0"}
			}
		},
		{
			"name": "Flatt123123ened_14",
			"from": [9.3125, 6, 6.375],
			"to": [9.4375, 7.5, 6.5],
			"faces": {
				"north": {"uv": [9.5, 8.5, 9.375, 10], "texture": "#0"},
				"east": {"uv": [9.375, 8.5, 9.5, 10], "texture": "#0"},
				"south": {"uv": [9.375, 8.5, 9.5, 10], "texture": "#0"},
				"up": {"uv": [9.375, 8.5, 9.5, 8.625], "texture": "#0"},
				"down": {"uv": [9.375, 9.875, 9.5, 10], "texture": "#0"}
			}
		},
		{
			"name": "Flatt123123ened_15",
			"from": [6.4375, 6.25, 6.25],
			"to": [6.5625, 6.875, 6.375],
			"faces": {
				"north": {"uv": [6.625, 9.125, 6.5, 9.75], "texture": "#0"},
				"south": {"uv": [6.5, 9.125, 6.625, 9.75], "texture": "#0"}
			}
		},
		{
			"name": "Flatt123123ened_16",
			"from": [9.4375, 6.25, 6.375],
			"to": [9.5625, 6.875, 6.5],
			"faces": {
				"north": {"uv": [9.625, 9.125, 9.5, 9.75], "texture": "#0"},
				"east": {"uv": [9.5, 9.125, 9.625, 9.75], "texture": "#0"},
				"south": {"uv": [9.5, 9.125, 9.625, 9.75], "texture": "#0"},
				"up": {"uv": [9.5, 9.125, 9.625, 9.25], "texture": "#0"},
				"down": {"uv": [9.5, 9.625, 9.625, 9.75], "texture": "#0"}
			}
		},
		{
			"name": "Flatt123123ened_17",
			"from": [6.8125, 5.5, 6.25],
			"to": [7.1875, 5.75, 6.375],
			"faces": {
				"north": {"uv": [7.25, 10.25, 6.875, 10.5], "texture": "#0"},
				"south": {"uv": [6.875, 10.25, 7.25, 10.5], "texture": "#0"}
			}
		},
		{
			"name": "Flatt123123ened_18",
			"from": [8.8125, 5.5, 6.375],
			"to": [9.1875, 5.75, 6.5],
			"faces": {
				"north": {"uv": [9.25, 10.25, 8.875, 10.5], "texture": "#0"},
				"east": {"uv": [9.125, 10.25, 9.25, 10.5], "texture": "#0"},
				"south": {"uv": [8.875, 10.25, 9.25, 10.5], "texture": "#0"},
				"west": {"uv": [8.875, 10.25, 9, 10.5], "texture": "#0"},
				"down": {"uv": [8.875, 10.375, 9.25, 10.5], "texture": "#0"}
			}
		},
		{
			"name": "Flatt123123ened_19",
			"from": [6.9375, 5.375, 6.25],
			"to": [7.1875, 5.5, 6.375],
			"faces": {
				"north": {"uv": [7.25, 10.5, 7, 10.625], "texture": "#0"},
				"south": {"uv": [7, 10.5, 7.25, 10.625], "texture": "#0"}
			}
		},
		{
			"name": "Flatt123123ened_20",
			"from": [8.8125, 5.375, 6.375],
			"to": [9.0625, 5.5, 6.5],
			"faces": {
				"north": {"uv": [9.125, 10.5, 8.875, 10.625], "texture": "#0"},
				"east": {"uv": [9, 10.5, 9.125, 10.625], "texture": "#0"},
				"south": {"uv": [8.875, 10.5, 9.125, 10.625], "texture": "#0"},
				"west": {"uv": [8.875, 10.5, 9, 10.625], "texture": "#0"},
				"down": {"uv": [8.875, 10.5, 9.125, 10.625], "texture": "#0"}
			}
		},
		{
			"name": "Flatt123123ened_21",
			"from": [7.0625, 5.125, 6.25],
			"to": [7.1875, 5.375, 6.375],
			"faces": {
				"north": {"uv": [7.25, 10.625, 7.125, 10.875], "texture": "#0"},
				"south": {"uv": [7.125, 10.625, 7.25, 10.875], "texture": "#0"}
			}
		},
		{
			"name": "Flatt123123ened_22",
			"from": [8.8125, 5.125, 6.375],
			"to": [8.9375, 5.375, 6.5],
			"faces": {
				"north": {"uv": [9, 10.625, 8.875, 10.875], "texture": "#0"},
				"east": {"uv": [8.875, 10.625, 9, 10.875], "texture": "#0"},
				"south": {"uv": [8.875, 10.625, 9, 10.875], "texture": "#0"},
				"west": {"uv": [8.875, 10.625, 9, 10.875], "texture": "#0"},
				"down": {"uv": [8.875, 10.75, 9, 10.875], "texture": "#0"}
			}
		},
		{
			"name": "Flatt123123ened_23",
			"from": [7.3125, 4.875, 6.25],
			"to": [7.5625, 5, 6.375],
			"faces": {
				"north": {"uv": [7.625, 11, 7.375, 11.125], "texture": "#0"},
				"south": {"uv": [7.375, 11, 7.625, 11.125], "texture": "#0"}
			}
		},
		{
			"name": "Flatt123123ened_24",
			"from": [8.4375, 4.875, 6.25],
			"to": [8.6875, 5, 6.375],
			"faces": {
				"north": {"uv": [8.75, 11, 8.5, 11.125], "texture": "#0"},
				"south": {"uv": [8.5, 11, 8.75, 11.125], "texture": "#0"}
			}
		},
		{
			"name": "Flatt123123ened_25",
			"from": [7.4375, 4.625, 6.25],
			"to": [7.5625, 4.875, 6.375],
			"faces": {
				"north": {"uv": [7.625, 11.125, 7.5, 11.375], "texture": "#0"},
				"south": {"uv": [7.5, 11.125, 7.625, 11.375], "texture": "#0"}
			}
		},
		{
			"name": "Flatt123123ened_26",
			"from": [8.4375, 4.625, 6.25],
			"to": [8.5625, 4.875, 6.375],
			"faces": {
				"north": {"uv": [8.625, 11.125, 8.5, 11.375], "texture": "#0"},
				"south": {"uv": [8.5, 11.125, 8.625, 11.375], "texture": "#0"}
			}
		},
		{
			"name": "1123112323_0",
			"from": [7.8125, 4.125, 6.1875],
			"to": [7.9375, 10.25, 6.4375],
			"faces": {
				"north": {"uv": [8, 5.75, 7.875, 11.875], "texture": "#0"},
				"south": {"uv": [7.875, 5.75, 8, 11.875], "texture": "#0"},
				"west": {"uv": [7.875, 5.75, 8, 11.875], "texture": "#0"}
			}
		},
		{
			"name": "1123112323_1",
			"from": [8.0625, 4.125, 6.1875],
			"to": [8.1875, 10.25, 6.4375],
			"faces": {
				"north": {"uv": [8.25, 5.75, 8.125, 11.875], "texture": "#0"},
				"east": {"uv": [8.125, 5.75, 8.25, 11.875], "texture": "#0"},
				"south": {"uv": [8.125, 5.75, 8.25, 11.875], "texture": "#0"}
			}
		},
		{
			"name": "1123112323_2",
			"from": [7.6875, 10, 6.1875],
			"to": [7.8125, 10.125, 6.4375],
			"faces": {
				"north": {"uv": [7.875, 5.875, 7.75, 6], "texture": "#0"},
				"south": {"uv": [7.75, 5.875, 7.875, 6], "texture": "#0"},
				"down": {"uv": [7.75, 5.875, 7.875, 6], "texture": "#0"}
			}
		},
		{
			"name": "1123112323_3",
			"from": [8.1875, 10, 6.1875],
			"to": [8.3125, 10.125, 6.4375],
			"faces": {
				"north": {"uv": [8.375, 5.875, 8.25, 6], "texture": "#0"},
				"south": {"uv": [8.25, 5.875, 8.375, 6], "texture": "#0"},
				"down": {"uv": [8.25, 5.875, 8.375, 6], "texture": "#0"}
			}
		},
		{
			"name": "1123112323_4",
			"from": [6.1875, 9.875, 6.1875],
			"to": [6.3125, 10, 6.4375],
			"faces": {
				"north": {"uv": [6.375, 6, 6.25, 6.125], "texture": "#0"},
				"south": {"uv": [6.25, 6, 6.375, 6.125], "texture": "#0"}
			}
		},
		{
			"name": "1123112323_5",
			"from": [7.5625, 9.875, 6.1875],
			"to": [7.6875, 10, 6.4375],
			"faces": {
				"north": {"uv": [7.75, 6, 7.625, 6.125], "texture": "#0"},
				"east": {"uv": [7.625, 6, 7.75, 6.125], "texture": "#0"},
				"south": {"uv": [7.625, 6, 7.75, 6.125], "texture": "#0"},
				"down": {"uv": [7.625, 6, 7.75, 6.125], "texture": "#0"}
			}
		},
		{
			"name": "1123112323_6",
			"from": [8.3125, 9.875, 6.1875],
			"to": [8.4375, 10, 6.4375],
			"faces": {
				"north": {"uv": [8.5, 6, 8.375, 6.125], "texture": "#0"},
				"south": {"uv": [8.375, 6, 8.5, 6.125], "texture": "#0"},
				"west": {"uv": [8.375, 6, 8.5, 6.125], "texture": "#0"},
				"down": {"uv": [8.375, 6, 8.5, 6.125], "texture": "#0"}
			}
		},
		{
			"name": "1123112323_7",
			"from": [9.6875, 9.875, 6.1875],
			"to": [9.8125, 10, 6.4375],
			"faces": {
				"north": {"uv": [9.875, 6, 9.75, 6.125], "texture": "#0"},
				"south": {"uv": [9.75, 6, 9.875, 6.125], "texture": "#0"}
			}
		},
		{
			"name": "1123112323_8",
			"from": [6.3125, 9.75, 6.1875],
			"to": [6.6875, 9.875, 6.4375],
			"faces": {
				"north": {"uv": [6.75, 6.125, 6.375, 6.25], "texture": "#0"},
				"south": {"uv": [6.375, 6.125, 6.75, 6.25], "texture": "#0"},
				"down": {"uv": [6.375, 6.125, 6.75, 6.25], "texture": "#0"}
			}
		},
		{
			"name": "1123112323_9",
			"from": [7.1875, 9.75, 6.1875],
			"to": [7.5625, 9.875, 6.4375],
			"faces": {
				"north": {"uv": [7.625, 6.125, 7.25, 6.25], "texture": "#0"},
				"east": {"uv": [7.5, 6.125, 7.625, 6.25], "texture": "#0"},
				"south": {"uv": [7.25, 6.125, 7.625, 6.25], "texture": "#0"},
				"down": {"uv": [7.25, 6.125, 7.625, 6.25], "texture": "#0"}
			}
		},
		{
			"name": "1123112323_10",
			"from": [8.4375, 9.75, 6.1875],
			"to": [8.8125, 9.875, 6.4375],
			"faces": {
				"north": {"uv": [8.875, 6.125, 8.5, 6.25], "texture": "#0"},
				"south": {"uv": [8.5, 6.125, 8.875, 6.25], "texture": "#0"},
				"west": {"uv": [8.5, 6.125, 8.625, 6.25], "texture": "#0"},
				"down": {"uv": [8.5, 6.125, 8.875, 6.25], "texture": "#0"}
			}
		},
		{
			"name": "1123112323_11",
			"from": [9.3125, 9.75, 6.1875],
			"to": [9.6875, 9.875, 6.4375],
			"faces": {
				"north": {"uv": [9.75, 6.125, 9.375, 6.25], "texture": "#0"},
				"south": {"uv": [9.375, 6.125, 9.75, 6.25], "texture": "#0"},
				"down": {"uv": [9.375, 6.125, 9.75, 6.25], "texture": "#0"}
			}
		},
		{
			"name": "1123112323_12",
			"from": [6.3125, 9.25, 6.1875],
			"to": [6.4375, 9.75, 6.4375],
			"faces": {
				"north": {"uv": [6.5, 6.25, 6.375, 6.75], "texture": "#0"},
				"east": {"uv": [6.375, 6.25, 6.5, 6.75], "texture": "#0"},
				"south": {"uv": [6.375, 6.25, 6.5, 6.75], "texture": "#0"}
			}
		},
		{
			"name": "1123112323_13",
			"from": [6.6875, 9.625, 6.1875],
			"to": [7.1875, 9.75, 6.4375],
			"faces": {
				"north": {"uv": [7.25, 6.25, 6.75, 6.375], "texture": "#0"},
				"east": {"uv": [7.125, 6.25, 7.25, 6.375], "texture": "#0"},
				"south": {"uv": [6.75, 6.25, 7.25, 6.375], "texture": "#0"},
				"west": {"uv": [6.75, 6.25, 6.875, 6.375], "texture": "#0"},
				"down": {"uv": [6.75, 6.25, 7.25, 6.375], "texture": "#0"}
			}
		},
		{
			"name": "1123112323_14",
			"from": [8.8125, 9.625, 6.1875],
			"to": [9.3125, 9.75, 6.4375],
			"faces": {
				"north": {"uv": [9.375, 6.25, 8.875, 6.375], "texture": "#0"},
				"east": {"uv": [9.25, 6.25, 9.375, 6.375], "texture": "#0"},
				"south": {"uv": [8.875, 6.25, 9.375, 6.375], "texture": "#0"},
				"west": {"uv": [8.875, 6.25, 9, 6.375], "texture": "#0"},
				"down": {"uv": [8.875, 6.25, 9.375, 6.375], "texture": "#0"}
			}
		},
		{
			"name": "1123112323_15",
			"from": [9.5625, 9.25, 6.1875],
			"to": [9.6875, 9.75, 6.4375],
			"faces": {
				"north": {"uv": [9.75, 6.25, 9.625, 6.75], "texture": "#0"},
				"south": {"uv": [9.625, 6.25, 9.75, 6.75], "texture": "#0"},
				"west": {"uv": [9.625, 6.25, 9.75, 6.75], "texture": "#0"}
			}
		},
		{
			"name": "1123112323_16",
			"from": [6.4375, 8.625, 6.1875],
			"to": [6.5625, 9.25, 6.4375],
			"faces": {
				"north": {"uv": [6.625, 6.75, 6.5, 7.375], "texture": "#0"},
				"east": {"uv": [6.5, 6.75, 6.625, 7.375], "texture": "#0"},
				"south": {"uv": [6.5, 6.75, 6.625, 7.375], "texture": "#0"},
				"up": {"uv": [6.5, 6.75, 6.625, 6.875], "texture": "#0"}
			}
		},
		{
			"name": "1123112323_17",
			"from": [9.4375, 8.625, 6.1875],
			"to": [9.5625, 9.25, 6.4375],
			"faces": {
				"north": {"uv": [9.625, 6.75, 9.5, 7.375], "texture": "#0"},
				"south": {"uv": [9.5, 6.75, 9.625, 7.375], "texture": "#0"},
				"west": {"uv": [9.5, 6.75, 9.625, 7.375], "texture": "#0"},
				"up": {"uv": [9.5, 6.75, 9.625, 6.875], "texture": "#0"}
			}
		},
		{
			"name": "1123112323_18",
			"from": [6.5625, 7.5, 6.1875],
			"to": [6.6875, 8.625, 6.4375],
			"faces": {
				"north": {"uv": [6.75, 7.375, 6.625, 8.5], "texture": "#0"},
				"east": {"uv": [6.625, 7.375, 6.75, 8.5], "texture": "#0"},
				"south": {"uv": [6.625, 7.375, 6.75, 8.5], "texture": "#0"},
				"up": {"uv": [6.625, 7.375, 6.75, 7.5], "texture": "#0"},
				"down": {"uv": [6.625, 8.375, 6.75, 8.5], "texture": "#0"}
			}
		},
		{
			"name": "1123112323_19",
			"from": [9.3125, 7.5, 6.1875],
			"to": [9.4375, 8.625, 6.4375],
			"faces": {
				"north": {"uv": [9.5, 7.375, 9.375, 8.5], "texture": "#0"},
				"south": {"uv": [9.375, 7.375, 9.5, 8.5], "texture": "#0"},
				"west": {"uv": [9.375, 7.375, 9.5, 8.5], "texture": "#0"},
				"up": {"uv": [9.375, 7.375, 9.5, 7.5], "texture": "#0"},
				"down": {"uv": [9.375, 8.375, 9.5, 8.5], "texture": "#0"}
			}
		},
		{
			"name": "1123112323_20",
			"from": [6.4375, 6.875, 6.1875],
			"to": [6.5625, 7.5, 6.4375],
			"faces": {
				"north": {"uv": [6.625, 8.5, 6.5, 9.125], "texture": "#0"},
				"east": {"uv": [6.5, 8.5, 6.625, 9.125], "texture": "#0"},
				"south": {"uv": [6.5, 8.5, 6.625, 9.125], "texture": "#0"},
				"down": {"uv": [6.5, 9, 6.625, 9.125], "texture": "#0"}
			}
		},
		{
			"name": "1123112323_21",
			"from": [9.4375, 6.875, 6.1875],
			"to": [9.5625, 7.5, 6.4375],
			"faces": {
				"north": {"uv": [9.625, 8.5, 9.5, 9.125], "texture": "#0"},
				"south": {"uv": [9.5, 8.5, 9.625, 9.125], "texture": "#0"},
				"west": {"uv": [9.5, 8.5, 9.625, 9.125], "texture": "#0"},
				"down": {"uv": [9.5, 9, 9.625, 9.125], "texture": "#0"}
			}
		},
		{
			"name": "1123112323_22",
			"from": [6.3125, 6.25, 6.1875],
			"to": [6.4375, 6.875, 6.4375],
			"faces": {
				"north": {"uv": [6.5, 9.125, 6.375, 9.75], "texture": "#0"},
				"east": {"uv": [6.375, 9.125, 6.5, 9.75], "texture": "#0"},
				"south": {"uv": [6.375, 9.125, 6.5, 9.75], "texture": "#0"}
			}
		},
		{
			"name": "1123112323_23",
			"from": [9.5625, 6.25, 6.1875],
			"to": [9.6875, 6.875, 6.4375],
			"faces": {
				"north": {"uv": [9.75, 9.125, 9.625, 9.75], "texture": "#0"},
				"south": {"uv": [9.625, 9.125, 9.75, 9.75], "texture": "#0"},
				"west": {"uv": [9.625, 9.125, 9.75, 9.75], "texture": "#0"}
			}
		},
		{
			"name": "1123112323_24",
			"from": [6.4375, 6, 6.1875],
			"to": [6.5625, 6.25, 6.4375],
			"faces": {
				"north": {"uv": [6.625, 9.75, 6.5, 10], "texture": "#0"},
				"east": {"uv": [6.5, 9.75, 6.625, 10], "texture": "#0"},
				"south": {"uv": [6.5, 9.75, 6.625, 10], "texture": "#0"},
				"up": {"uv": [6.5, 9.75, 6.625, 9.875], "texture": "#0"}
			}
		},
		{
			"name": "1123112323_25",
			"from": [9.4375, 6, 6.1875],
			"to": [9.5625, 6.25, 6.4375],
			"faces": {
				"north": {"uv": [9.625, 9.75, 9.5, 10], "texture": "#0"},
				"south": {"uv": [9.5, 9.75, 9.625, 10], "texture": "#0"},
				"west": {"uv": [9.5, 9.75, 9.625, 10], "texture": "#0"},
				"up": {"uv": [9.5, 9.75, 9.625, 9.875], "texture": "#0"}
			}
		},
		{
			"name": "1123112323_26",
			"from": [6.5625, 5.75, 6.1875],
			"to": [6.6875, 6, 6.4375],
			"faces": {
				"north": {"uv": [6.75, 10, 6.625, 10.25], "texture": "#0"},
				"east": {"uv": [6.625, 10, 6.75, 10.25], "texture": "#0"},
				"south": {"uv": [6.625, 10, 6.75, 10.25], "texture": "#0"},
				"up": {"uv": [6.625, 10, 6.75, 10.125], "texture": "#0"}
			}
		},
		{
			"name": "1123112323_27",
			"from": [9.3125, 5.75, 6.1875],
			"to": [9.4375, 6, 6.4375],
			"faces": {
				"north": {"uv": [9.5, 10, 9.375, 10.25], "texture": "#0"},
				"south": {"uv": [9.375, 10, 9.5, 10.25], "texture": "#0"},
				"west": {"uv": [9.375, 10, 9.5, 10.25], "texture": "#0"},
				"up": {"uv": [9.375, 10, 9.5, 10.125], "texture": "#0"}
			}
		},
		{
			"name": "1123112323_28",
			"from": [6.6875, 5.5, 6.1875],
			"to": [6.8125, 5.75, 6.4375],
			"faces": {
				"north": {"uv": [6.875, 10.25, 6.75, 10.5], "texture": "#0"},
				"east": {"uv": [6.75, 10.25, 6.875, 10.5], "texture": "#0"},
				"south": {"uv": [6.75, 10.25, 6.875, 10.5], "texture": "#0"},
				"up": {"uv": [6.75, 10.25, 6.875, 10.375], "texture": "#0"}
			}
		},
		{
			"name": "1123112323_29",
			"from": [9.1875, 5.5, 6.1875],
			"to": [9.3125, 5.75, 6.4375],
			"faces": {
				"north": {"uv": [9.375, 10.25, 9.25, 10.5], "texture": "#0"},
				"south": {"uv": [9.25, 10.25, 9.375, 10.5], "texture": "#0"},
				"west": {"uv": [9.25, 10.25, 9.375, 10.5], "texture": "#0"},
				"up": {"uv": [9.25, 10.25, 9.375, 10.375], "texture": "#0"}
			}
		},
		{
			"name": "1123112323_30",
			"from": [6.8125, 5.375, 6.1875],
			"to": [6.9375, 5.5, 6.4375],
			"faces": {
				"north": {"uv": [7, 10.5, 6.875, 10.625], "texture": "#0"},
				"east": {"uv": [6.875, 10.5, 7, 10.625], "texture": "#0"},
				"south": {"uv": [6.875, 10.5, 7, 10.625], "texture": "#0"},
				"up": {"uv": [6.875, 10.5, 7, 10.625], "texture": "#0"}
			}
		},
		{
			"name": "1123112323_31",
			"from": [9.0625, 5.375, 6.1875],
			"to": [9.1875, 5.5, 6.4375],
			"faces": {
				"north": {"uv": [9.25, 10.5, 9.125, 10.625], "texture": "#0"},
				"south": {"uv": [9.125, 10.5, 9.25, 10.625], "texture": "#0"},
				"west": {"uv": [9.125, 10.5, 9.25, 10.625], "texture": "#0"},
				"up": {"uv": [9.125, 10.5, 9.25, 10.625], "texture": "#0"}
			}
		},
		{
			"name": "1123112323_32",
			"from": [6.9375, 5.125, 6.1875],
			"to": [7.0625, 5.375, 6.4375],
			"faces": {
				"north": {"uv": [7.125, 10.625, 7, 10.875], "texture": "#0"},
				"east": {"uv": [7, 10.625, 7.125, 10.875], "texture": "#0"},
				"south": {"uv": [7, 10.625, 7.125, 10.875], "texture": "#0"},
				"up": {"uv": [7, 10.625, 7.125, 10.75], "texture": "#0"}
			}
		},
		{
			"name": "1123112323_33",
			"from": [8.9375, 5.125, 6.1875],
			"to": [9.0625, 5.375, 6.4375],
			"faces": {
				"north": {"uv": [9.125, 10.625, 9, 10.875], "texture": "#0"},
				"south": {"uv": [9, 10.625, 9.125, 10.875], "texture": "#0"},
				"west": {"uv": [9, 10.625, 9.125, 10.875], "texture": "#0"},
				"up": {"uv": [9, 10.625, 9.125, 10.75], "texture": "#0"}
			}
		},
		{
			"name": "1123112323_34",
			"from": [7.0625, 5, 6.1875],
			"to": [7.1875, 5.125, 6.4375],
			"faces": {
				"north": {"uv": [7.25, 10.875, 7.125, 11], "texture": "#0"},
				"east": {"uv": [7.125, 10.875, 7.25, 11], "texture": "#0"},
				"south": {"uv": [7.125, 10.875, 7.25, 11], "texture": "#0"},
				"up": {"uv": [7.125, 10.875, 7.25, 11], "texture": "#0"}
			}
		},
		{
			"name": "1123112323_35",
			"from": [8.8125, 5, 6.1875],
			"to": [8.9375, 5.125, 6.4375],
			"faces": {
				"north": {"uv": [9, 10.875, 8.875, 11], "texture": "#0"},
				"south": {"uv": [8.875, 10.875, 9, 11], "texture": "#0"},
				"west": {"uv": [8.875, 10.875, 9, 11], "texture": "#0"},
				"up": {"uv": [8.875, 10.875, 9, 11], "texture": "#0"}
			}
		},
		{
			"name": "1123112323_36",
			"from": [7.1875, 4.875, 6.1875],
			"to": [7.3125, 5, 6.4375],
			"faces": {
				"north": {"uv": [7.375, 11, 7.25, 11.125], "texture": "#0"},
				"east": {"uv": [7.25, 11, 7.375, 11.125], "texture": "#0"},
				"south": {"uv": [7.25, 11, 7.375, 11.125], "texture": "#0"},
				"up": {"uv": [7.25, 11, 7.375, 11.125], "texture": "#0"}
			}
		},
		{
			"name": "1123112323_37",
			"from": [8.6875, 4.875, 6.1875],
			"to": [8.8125, 5, 6.4375],
			"faces": {
				"north": {"uv": [8.875, 11, 8.75, 11.125], "texture": "#0"},
				"south": {"uv": [8.75, 11, 8.875, 11.125], "texture": "#0"},
				"west": {"uv": [8.75, 11, 8.875, 11.125], "texture": "#0"},
				"up": {"uv": [8.75, 11, 8.875, 11.125], "texture": "#0"}
			}
		},
		{
			"name": "1123112323_38",
			"from": [7.3125, 4.625, 6.1875],
			"to": [7.4375, 4.875, 6.4375],
			"faces": {
				"north": {"uv": [7.5, 11.125, 7.375, 11.375], "texture": "#0"},
				"east": {"uv": [7.375, 11.125, 7.5, 11.375], "texture": "#0"},
				"south": {"uv": [7.375, 11.125, 7.5, 11.375], "texture": "#0"},
				"up": {"uv": [7.375, 11.125, 7.5, 11.25], "texture": "#0"}
			}
		},
		{
			"name": "1123112323_39",
			"from": [8.5625, 4.625, 6.1875],
			"to": [8.6875, 4.875, 6.4375],
			"faces": {
				"north": {"uv": [8.75, 11.125, 8.625, 11.375], "texture": "#0"},
				"south": {"uv": [8.625, 11.125, 8.75, 11.375], "texture": "#0"},
				"west": {"uv": [8.625, 11.125, 8.75, 11.375], "texture": "#0"},
				"up": {"uv": [8.625, 11.125, 8.75, 11.25], "texture": "#0"}
			}
		},
		{
			"name": "1123112323_40",
			"from": [7.4375, 4.5, 6.1875],
			"to": [7.5625, 4.625, 6.4375],
			"faces": {
				"north": {"uv": [7.625, 11.375, 7.5, 11.5], "texture": "#0"},
				"east": {"uv": [7.5, 11.375, 7.625, 11.5], "texture": "#0"},
				"south": {"uv": [7.5, 11.375, 7.625, 11.5], "texture": "#0"},
				"up": {"uv": [7.5, 11.375, 7.625, 11.5], "texture": "#0"}
			}
		},
		{
			"name": "1123112323_41",
			"from": [8.4375, 4.5, 6.1875],
			"to": [8.5625, 4.625, 6.4375],
			"faces": {
				"north": {"uv": [8.625, 11.375, 8.5, 11.5], "texture": "#0"},
				"south": {"uv": [8.5, 11.375, 8.625, 11.5], "texture": "#0"},
				"west": {"uv": [8.5, 11.375, 8.625, 11.5], "texture": "#0"},
				"up": {"uv": [8.5, 11.375, 8.625, 11.5], "texture": "#0"}
			}
		},
		{
			"name": "1123112323_42",
			"from": [7.5625, 4.375, 6.1875],
			"to": [7.6875, 4.5, 6.4375],
			"faces": {
				"north": {"uv": [7.75, 11.5, 7.625, 11.625], "texture": "#0"},
				"east": {"uv": [7.625, 11.5, 7.75, 11.625], "texture": "#0"},
				"south": {"uv": [7.625, 11.5, 7.75, 11.625], "texture": "#0"},
				"up": {"uv": [7.625, 11.5, 7.75, 11.625], "texture": "#0"}
			}
		},
		{
			"name": "1123112323_43",
			"from": [8.3125, 4.375, 6.1875],
			"to": [8.4375, 4.5, 6.4375],
			"faces": {
				"north": {"uv": [8.5, 11.5, 8.375, 11.625], "texture": "#0"},
				"south": {"uv": [8.375, 11.5, 8.5, 11.625], "texture": "#0"},
				"west": {"uv": [8.375, 11.5, 8.5, 11.625], "texture": "#0"},
				"up": {"uv": [8.375, 11.5, 8.5, 11.625], "texture": "#0"}
			}
		},
		{
			"name": "1123112323_44",
			"from": [7.6875, 4.25, 6.1875],
			"to": [7.8125, 4.375, 6.4375],
			"faces": {
				"north": {"uv": [7.875, 11.625, 7.75, 11.75], "texture": "#0"},
				"south": {"uv": [7.75, 11.625, 7.875, 11.75], "texture": "#0"},
				"up": {"uv": [7.75, 11.625, 7.875, 11.75], "texture": "#0"}
			}
		},
		{
			"name": "1123112323_45",
			"from": [8.1875, 4.25, 6.1875],
			"to": [8.3125, 4.375, 6.4375],
			"faces": {
				"north": {"uv": [8.375, 11.625, 8.25, 11.75], "texture": "#0"},
				"south": {"uv": [8.25, 11.625, 8.375, 11.75], "texture": "#0"},
				"up": {"uv": [8.25, 11.625, 8.375, 11.75], "texture": "#0"}
			}
		}
	],
	"display": {
		"thirdperson_righthand": {
			"rotation": [0, -90, 0],
			"translation": [-2, -1.25, 2.75],
			"scale": [3, 3, 3]
		},
		"thirdperson_lefthand": {
			"rotation": [0, -90, 0],
			"translation": [-2, -1.25, 2.75],
			"scale": [3, 3, 3]
		},
		"firstperson_righthand": {
			"rotation": [0, -5, -4],
			"translation": [7.5, 0, -0.75],
			"scale": [3, 3, 3]
		},
		"firstperson_lefthand": {
			"rotation": [0, -5, -4],
			"translation": [7.5, 0, -0.75],
			"scale": [3, 3, 3]
		},
		"ground": {
			"translation": [0, 10, 0],
			"scale": [3, 3, 3]
		},
		"gui": {
			"rotation": [0, 180, 0],
			"translation": [0.5, 1.5, 0],
			"scale": [2, 2, 2]
		},
		"head": {
			"rotation": [180, 0, 180],
			"translation": [0, -12.25, 2],
			"scale": [3.5, 3.5, 3.5]
		},
		"fixed": {
			"translation": [0, 2, 3.75],
			"scale": [2, 2, 2]
		}
	},
	"groups": [
		{
			"name": "plank_shield4",
			"origin": [8, 8, 8],
			"color": 0,
			"children": [0, 1, 2]
		},
		{
			"name": "Layer 1",
			"origin": [8, 8, 8],
			"color": 0,
			"children": [
				3,
				4,
				5,
				6,
				7,
				8,
				9,
				10,
				11,
				12,
				13,
				14,
				15,
				16,
				17,
				18,
				19,
				20,
				21,
				22,
				23,
				24,
				25,
				26,
				27,
				28,
				29,
				30,
				31,
				32,
				33,
				34,
				35,
				36,
				37,
				38,
				39,
				40,
				41,
				42,
				43,
				44,
				45,
				46,
				47,
				48,
				49,
				50,
				51,
				52,
				53,
				54,
				55,
				56
			]
		},
		{
			"name": "Flatt123123ened",
			"origin": [8, 8, 8],
			"color": 0,
			"children": [57, 58, 59, 60, 61, 62, 63, 64, 65, 66, 67, 68, 69, 70, 71, 72, 73, 74, 75, 76, 77, 78, 79, 80, 81, 82]
		},
		{
			"name": "1123112323",
			"origin": [8, 8, 8],
			"color": 0,
			"children": [83, 84, 85, 86, 87, 88, 89, 90, 91, 92, 93, 94, 95, 96, 97, 98, 99, 100, 101, 102, 103, 104, 105, 106, 107, 108, 109, 110, 111, 112, 113, 114, 115, 116, 117, 118, 119, 120, 121, 122, 123, 124, 125, 126, 127, 128]
		}
	]
}