{
	"credit": "Made with Blockbench",
	"texture_size": [32, 32],
	"textures": {
		"0": "item/penultimate_kushan",
		"particle": "item/penultimate_kushan"
	},
	"elements": [
		{
			"from": [4.73, -13.19, 7.5],
			"to": [4.83, -12.99, 7.9],
			"rotation": {"angle": 45, "axis": "z", "origin": [-0.2, -0.8, 0]},
			"faces": {
				"north": {"uv": [8, 10, 8.5, 10.5], "texture": "#0"},
				"east": {"uv": [10.5, 0.5, 11, 1], "texture": "#0"},
				"south": {"uv": [1, 10.5, 1.5, 11], "texture": "#0"},
				"west": {"uv": [1.5, 10.5, 2, 11], "texture": "#0"},
				"up": {"uv": [11, 2, 10.5, 1.5], "texture": "#0"},
				"down": {"uv": [2.5, 10.5, 2, 11], "texture": "#0"}
			}
		},
		{
			"from": [7, -12.8, 7],
			"to": [8.4, -6.8, 8.4],
			"faces": {
				"north": {"uv": [6, 0, 6.5, 3], "texture": "#0"},
				"east": {"uv": [6, 3, 6.5, 6], "texture": "#0"},
				"south": {"uv": [6, 6, 6.5, 9], "texture": "#0"},
				"west": {"uv": [6.5, 0, 7, 3], "texture": "#0"},
				"up": {"uv": [11, 2.5, 10.5, 2], "texture": "#0"},
				"down": {"uv": [3, 10.5, 2.5, 11], "texture": "#0"}
			}
		},
		{
			"from": [6.9, -13.8, 6.9],
			"to": [8.5, -12.8, 8.5],
			"faces": {
				"north": {"uv": [5, 8.5, 6, 9], "texture": "#0"},
				"east": {"uv": [8.5, 6.5, 9.5, 7], "texture": "#0"},
				"south": {"uv": [8.5, 7, 9.5, 7.5], "texture": "#0"},
				"west": {"uv": [8.5, 7.5, 9.5, 8], "texture": "#0"},
				"up": {"uv": [8, 1, 7, 0], "texture": "#0"},
				"down": {"uv": [8, 1, 7, 2], "texture": "#0"}
			}
		},
		{
			"from": [7.1, -6.8, 7.1],
			"to": [8.3, 0.1, 8.3],
			"faces": {
				"north": {"uv": [4, 5, 4.5, 8.5], "texture": "#0"},
				"east": {"uv": [5, 4, 5.5, 7.5], "texture": "#0"},
				"south": {"uv": [4.5, 5, 5, 8.5], "texture": "#0"},
				"west": {"uv": [5.5, 4, 6, 7.5], "texture": "#0"},
				"up": {"uv": [3.5, 11, 3, 10.5], "texture": "#0"},
				"down": {"uv": [11, 3, 10.5, 3.5], "texture": "#0"}
			}
		},
		{
			"from": [7.05, -6.2, 7.05],
			"to": [8.35, -5.4, 8.35],
			"faces": {
				"north": {"uv": [10.5, 3.5, 11, 4], "texture": "#0"},
				"east": {"uv": [4, 10.5, 4.5, 11], "texture": "#0"},
				"south": {"uv": [10.5, 4, 11, 4.5], "texture": "#0"},
				"west": {"uv": [4.5, 10.5, 5, 11], "texture": "#0"},
				"up": {"uv": [11, 5, 10.5, 4.5], "texture": "#0"},
				"down": {"uv": [5.5, 10.5, 5, 11], "texture": "#0"}
			}
		},
		{
			"from": [7.05, -5.36, 7.05],
			"to": [8.35, -4.56, 8.35],
			"faces": {
				"north": {"uv": [5.5, 10.5, 6, 11], "texture": "#0"},
				"east": {"uv": [10.5, 5.5, 11, 6], "texture": "#0"},
				"south": {"uv": [10.5, 6, 11, 6.5], "texture": "#0"},
				"west": {"uv": [10.5, 6.5, 11, 7], "texture": "#0"},
				"up": {"uv": [7.5, 11, 7, 10.5], "texture": "#0"},
				"down": {"uv": [11, 7, 10.5, 7.5], "texture": "#0"}
			}
		},
		{
			"from": [7.05, -0.9, 7.05],
			"to": [8.35, -0.1, 8.35],
			"rotation": {"angle": 0, "axis": "y", "origin": [0, -1.6, 0]},
			"faces": {
				"north": {"uv": [7.5, 10.5, 8, 11], "texture": "#0"},
				"east": {"uv": [10.5, 7.5, 11, 8], "texture": "#0"},
				"south": {"uv": [8, 10.5, 8.5, 11], "texture": "#0"},
				"west": {"uv": [8.5, 10.5, 9, 11], "texture": "#0"},
				"up": {"uv": [9.5, 11, 9, 10.5], "texture": "#0"},
				"down": {"uv": [11, 9, 10.5, 9.5], "texture": "#0"}
			}
		},
		{
			"from": [7.1, -3.2, 7.1],
			"to": [8.33, -2.2, 8.3],
			"rotation": {"angle": 22.5, "axis": "z", "origin": [0, -1.6, 0]},
			"faces": {
				"north": {"uv": [9.5, 10.5, 10, 11], "texture": "#0"},
				"east": {"uv": [10.5, 9.5, 11, 10], "texture": "#0"},
				"south": {"uv": [10, 10.5, 10.5, 11], "texture": "#0"},
				"west": {"uv": [10.5, 10, 11, 10.5], "texture": "#0"},
				"up": {"uv": [11, 11, 10.5, 10.5], "texture": "#0"},
				"down": {"uv": [0.5, 11, 0, 11.5], "texture": "#0"}
			}
		},
		{
			"from": [6.25, -5.35, 7.1],
			"to": [7.469, -4.35, 8.3],
			"rotation": {"angle": 45, "axis": "z", "origin": [0, -1.6, 0]},
			"faces": {
				"north": {"uv": [0.5, 11, 1, 11.5], "texture": "#0"},
				"east": {"uv": [11, 0.5, 11.5, 1], "texture": "#0"},
				"south": {"uv": [1, 11, 1.5, 11.5], "texture": "#0"},
				"west": {"uv": [11, 1, 11.5, 1.5], "texture": "#0"},
				"up": {"uv": [2, 11.5, 1.5, 11], "texture": "#0"},
				"down": {"uv": [11.5, 1.5, 11, 2], "texture": "#0"}
			}
		},
		{
			"from": [4.4, 3.05, 7.1],
			"to": [5.4, 4.25, 8.3],
			"rotation": {"angle": -22.5, "axis": "z", "origin": [0, -1.6, 0]},
			"faces": {
				"north": {"uv": [2, 11, 2.5, 11.5], "texture": "#0"},
				"east": {"uv": [11, 2, 11.5, 2.5], "texture": "#0"},
				"south": {"uv": [2.5, 11, 3, 11.5], "texture": "#0"},
				"west": {"uv": [11, 2.5, 11.5, 3], "texture": "#0"},
				"up": {"uv": [3.5, 11.5, 3, 11], "texture": "#0"},
				"down": {"uv": [11.5, 3, 11, 3.5], "texture": "#0"}
			}
		},
		{
			"from": [1.4, 4.85, 7.1],
			"to": [2.6, 5.65, 8.3],
			"rotation": {"angle": -45, "axis": "z", "origin": [0, -1.6, 0]},
			"faces": {
				"north": {"uv": [3.5, 11, 4, 11.5], "texture": "#0"},
				"east": {"uv": [11, 3.5, 11.5, 4], "texture": "#0"},
				"south": {"uv": [4, 11, 4.5, 11.5], "texture": "#0"},
				"west": {"uv": [11, 4, 11.5, 4.5], "texture": "#0"},
				"up": {"uv": [5, 11.5, 4.5, 11], "texture": "#0"},
				"down": {"uv": [11.5, 4.5, 11, 5], "texture": "#0"}
			}
		},
		{
			"from": [5.5, -4.55, 7.1],
			"to": [6.7, -3.75, 8.3],
			"rotation": {"angle": 45, "axis": "z", "origin": [0, -1.6, 0]},
			"faces": {
				"north": {"uv": [5, 11, 5.5, 11.5], "texture": "#0"},
				"east": {"uv": [11, 5, 11.5, 5.5], "texture": "#0"},
				"south": {"uv": [5.5, 11, 6, 11.5], "texture": "#0"},
				"west": {"uv": [11, 5.5, 11.5, 6], "texture": "#0"},
				"up": {"uv": [6.5, 11.5, 6, 11], "texture": "#0"},
				"down": {"uv": [11.5, 6, 11, 6.5], "texture": "#0"}
			}
		},
		{
			"from": [7.6, -6.1, 7.4],
			"to": [10.8, 10.7, 8],
			"rotation": {"angle": 0, "axis": "y", "origin": [-0.2, -0.2, 0]},
			"faces": {
				"north": {"uv": [0, 0, 1.5, 8.5], "texture": "#0"},
				"east": {"uv": [3, 0, 3.5, 8.5], "texture": "#0"},
				"south": {"uv": [1.5, 0, 3, 8.5], "texture": "#0"},
				"west": {"uv": [3.5, 0, 4, 8.5], "texture": "#0"},
				"up": {"uv": [2, 9, 0.5, 8.5], "texture": "#0"},
				"down": {"uv": [3.5, 8.5, 2, 9], "texture": "#0"}
			}
		},
		{
			"from": [12.1, 4.4, 7.4],
			"to": [14.4, 6.7, 8],
			"rotation": {"angle": 22.5, "axis": "z", "origin": [-0.2, -2.5, 0]},
			"faces": {
				"north": {"uv": [7, 2, 8, 3], "texture": "#0"},
				"east": {"uv": [8.5, 8, 9, 9], "texture": "#0"},
				"south": {"uv": [7, 3, 8, 4], "texture": "#0"},
				"west": {"uv": [9, 0, 9.5, 1], "texture": "#0"},
				"up": {"uv": [1.5, 9.5, 0.5, 9], "texture": "#0"},
				"down": {"uv": [10, 1, 9, 1.5], "texture": "#0"}
			}
		},
		{
			"from": [-3.6, 13.3, 7.4],
			"to": [-1.9, 15.6, 8],
			"rotation": {"angle": -45, "axis": "z", "origin": [-0.2, -2.5, 0]},
			"faces": {
				"north": {"uv": [7, 4, 8, 5], "texture": "#0"},
				"east": {"uv": [1.5, 9, 2, 10], "texture": "#0"},
				"south": {"uv": [7, 5, 8, 6], "texture": "#0"},
				"west": {"uv": [9, 1.5, 9.5, 2.5], "texture": "#0"},
				"up": {"uv": [3, 9.5, 2, 9], "texture": "#0"},
				"down": {"uv": [10, 2.5, 9, 3], "texture": "#0"}
			}
		},
		{
			"from": [14.9, 7.6, 7.4],
			"to": [16.4, 9.9, 8],
			"rotation": {"angle": 22.5, "axis": "z", "origin": [0.2, -1.6, 0]},
			"faces": {
				"north": {"uv": [3, 9, 3.5, 10], "texture": "#0"},
				"east": {"uv": [9, 3, 9.5, 4], "texture": "#0"},
				"south": {"uv": [3.5, 9, 4, 10], "texture": "#0"},
				"west": {"uv": [4, 9, 4.5, 10], "texture": "#0"},
				"up": {"uv": [7, 11.5, 6.5, 11], "texture": "#0"},
				"down": {"uv": [11.5, 6.5, 11, 7], "texture": "#0"}
			}
		},
		{
			"from": [18, 2.5, 7.4],
			"to": [19.4, 4.8, 8],
			"rotation": {"angle": 45, "axis": "z", "origin": [0.2, -1.6, 0]},
			"faces": {
				"north": {"uv": [9, 4, 9.5, 5], "texture": "#0"},
				"east": {"uv": [4.5, 9, 5, 10], "texture": "#0"},
				"south": {"uv": [5, 9, 5.5, 10], "texture": "#0"},
				"west": {"uv": [5.5, 9, 6, 10], "texture": "#0"},
				"up": {"uv": [7.5, 11.5, 7, 11], "texture": "#0"},
				"down": {"uv": [11.5, 7, 11, 7.5], "texture": "#0"}
			}
		},
		{
			"from": [3.1, 14.2, 7.4],
			"to": [4.8, 16.5, 8],
			"rotation": {"angle": -22.5, "axis": "z", "origin": [-0.2, -2.5, 0]},
			"faces": {
				"north": {"uv": [7, 6, 8, 7], "texture": "#0"},
				"east": {"uv": [6, 9, 6.5, 10], "texture": "#0"},
				"south": {"uv": [7, 7, 8, 8], "texture": "#0"},
				"west": {"uv": [8, 9, 8.5, 10], "texture": "#0"},
				"up": {"uv": [10, 8.5, 9, 8], "texture": "#0"},
				"down": {"uv": [9.5, 9, 8.5, 9.5], "texture": "#0"}
			}
		},
		{
			"from": [-0.7, 17.3, 7.4],
			"to": [2.4, 18.2, 8],
			"rotation": {"angle": -22.5, "axis": "z", "origin": [0.2, -1.6, 0]},
			"faces": {
				"north": {"uv": [3.5, 8.5, 5, 9], "texture": "#0"},
				"east": {"uv": [7.5, 11, 8, 11.5], "texture": "#0"},
				"south": {"uv": [8.5, 5, 10, 5.5], "texture": "#0"},
				"west": {"uv": [11, 7.5, 11.5, 8], "texture": "#0"},
				"up": {"uv": [10, 6, 8.5, 5.5], "texture": "#0"},
				"down": {"uv": [10, 6, 8.5, 6.5], "texture": "#0"}
			}
		},
		{
			"from": [5.3, 15.9, 7.4],
			"to": [7.7, 16.15, 8],
			"rotation": {"angle": 0, "axis": "z", "origin": [0.2, -1.6, 0]},
			"faces": {
				"north": {"uv": [9, 8.5, 10, 9], "texture": "#0"},
				"east": {"uv": [8, 11, 8.5, 11.5], "texture": "#0"},
				"south": {"uv": [9.5, 0, 10.5, 0.5], "texture": "#0"},
				"west": {"uv": [11, 8, 11.5, 8.5], "texture": "#0"},
				"up": {"uv": [1.5, 10, 0.5, 9.5], "texture": "#0"},
				"down": {"uv": [10.5, 0.5, 9.5, 1], "texture": "#0"}
			}
		},
		{
			"from": [12.915, 12.14, 7.4],
			"to": [14.915, 13.34, 8],
			"rotation": {"angle": 22.5, "axis": "z", "origin": [0.2, -1.6, 0]},
			"faces": {
				"north": {"uv": [9.5, 1.5, 10.5, 2], "texture": "#0"},
				"east": {"uv": [8.5, 11, 9, 11.5], "texture": "#0"},
				"south": {"uv": [2, 9.5, 3, 10], "texture": "#0"},
				"west": {"uv": [11, 8.5, 11.5, 9], "texture": "#0"},
				"up": {"uv": [10.5, 2.5, 9.5, 2], "texture": "#0"},
				"down": {"uv": [10.5, 3, 9.5, 3.5], "texture": "#0"}
			}
		},
		{
			"from": [0.6, 18, 7.4],
			"to": [2.9, 19.6, 8],
			"rotation": {"angle": -22.5, "axis": "z", "origin": [0.2, -1.6, 0]},
			"faces": {
				"north": {"uv": [5, 7.5, 6, 8.5], "texture": "#0"},
				"east": {"uv": [9.5, 3.5, 10, 4.5], "texture": "#0"},
				"south": {"uv": [8, 0, 9, 1], "texture": "#0"},
				"west": {"uv": [9.5, 6.5, 10, 7.5], "texture": "#0"},
				"up": {"uv": [10.5, 5, 9.5, 4.5], "texture": "#0"},
				"down": {"uv": [10.5, 7.5, 9.5, 8], "texture": "#0"}
			}
		},
		{
			"from": [-5.5, 17.3, 7.4],
			"to": [-3.27, 19, 8],
			"rotation": {"angle": -45, "axis": "z", "origin": [0.2, -1.6, 0]},
			"faces": {
				"north": {"uv": [8, 1, 9, 2], "texture": "#0"},
				"east": {"uv": [8.5, 9.5, 9, 10.5], "texture": "#0"},
				"south": {"uv": [8, 2, 9, 3], "texture": "#0"},
				"west": {"uv": [9, 9.5, 9.5, 10.5], "texture": "#0"},
				"up": {"uv": [10.5, 9.5, 9.5, 9], "texture": "#0"},
				"down": {"uv": [10.5, 9.5, 9.5, 10], "texture": "#0"}
			}
		},
		{
			"from": [16.1, 8.4, 7.4],
			"to": [17.9, 9.5, 8],
			"rotation": {"angle": 22.5, "axis": "z", "origin": [0.2, -1.6, 0]},
			"faces": {
				"north": {"uv": [0.5, 10, 1.5, 10.5], "texture": "#0"},
				"east": {"uv": [9, 11, 9.5, 11.5], "texture": "#0"},
				"south": {"uv": [10, 1, 11, 1.5], "texture": "#0"},
				"west": {"uv": [11, 9, 11.5, 9.5], "texture": "#0"},
				"up": {"uv": [2.5, 10.5, 1.5, 10], "texture": "#0"},
				"down": {"uv": [3.5, 10, 2.5, 10.5], "texture": "#0"}
			}
		},
		{
			"from": [10.72, 12.12, 7.4],
			"to": [12.72, 14.42, 8],
			"rotation": {"angle": 0, "axis": "z", "origin": [0.2, -1.6, 0]},
			"faces": {
				"north": {"uv": [8, 3, 9, 4], "texture": "#0"},
				"east": {"uv": [3.5, 10, 4, 11], "texture": "#0"},
				"south": {"uv": [8, 4, 9, 5], "texture": "#0"},
				"west": {"uv": [10, 3.5, 10.5, 4.5], "texture": "#0"},
				"up": {"uv": [11, 3, 10, 2.5], "texture": "#0"},
				"down": {"uv": [5, 10, 4, 10.5], "texture": "#0"}
			}
		},
		{
			"from": [4.52, 10.62, 7.4],
			"to": [6.52, 15.92, 8],
			"rotation": {"angle": -22.5, "axis": "z", "origin": [0.2, -1.6, 0]},
			"faces": {
				"north": {"uv": [4, 0, 5, 2.5], "texture": "#0"},
				"east": {"uv": [6.5, 3, 7, 5.5], "texture": "#0"},
				"south": {"uv": [4, 2.5, 5, 5], "texture": "#0"},
				"west": {"uv": [6.5, 5.5, 7, 8], "texture": "#0"},
				"up": {"uv": [6, 10.5, 5, 10], "texture": "#0"},
				"down": {"uv": [11, 5, 10, 5.5], "texture": "#0"}
			}
		},
		{
			"from": [8.08, 16.23, 7.4],
			"to": [8.68, 17.83, 8],
			"rotation": {"angle": 0, "axis": "z", "origin": [0.2, -1.6, 0]},
			"faces": {
				"north": {"uv": [10, 5.5, 10.5, 6.5], "texture": "#0"},
				"east": {"uv": [6, 10, 6.5, 11], "texture": "#0"},
				"south": {"uv": [6.5, 10, 7, 11], "texture": "#0"},
				"west": {"uv": [10, 6.5, 10.5, 7.5], "texture": "#0"},
				"up": {"uv": [10, 11.5, 9.5, 11], "texture": "#0"},
				"down": {"uv": [11.5, 9.5, 11, 10], "texture": "#0"}
			}
		},
		{
			"from": [16.365, 7.04, 7.4],
			"to": [17.665, 7.34, 8],
			"rotation": {"angle": 45, "axis": "z", "origin": [0.2, -1.6, 0]},
			"faces": {
				"north": {"uv": [10, 11, 10.5, 11.5], "texture": "#0"},
				"east": {"uv": [11, 10, 11.5, 10.5], "texture": "#0"},
				"south": {"uv": [10.5, 11, 11, 11.5], "texture": "#0"},
				"west": {"uv": [11, 10.5, 11.5, 11], "texture": "#0"},
				"up": {"uv": [11.5, 11.5, 11, 11], "texture": "#0"},
				"down": {"uv": [0.5, 11.5, 0, 12], "texture": "#0"}
			}
		},
		{
			"from": [12.315, 12.34, 7.4],
			"to": [12.915, 13.04, 8],
			"rotation": {"angle": 22.5, "axis": "z", "origin": [0.2, -1.6, 0]},
			"faces": {
				"north": {"uv": [11.5, 0, 12, 0.5], "texture": "#0"},
				"east": {"uv": [0.5, 11.5, 1, 12], "texture": "#0"},
				"south": {"uv": [11.5, 0.5, 12, 1], "texture": "#0"},
				"west": {"uv": [1, 11.5, 1.5, 12], "texture": "#0"},
				"up": {"uv": [12, 1.5, 11.5, 1], "texture": "#0"},
				"down": {"uv": [2, 11.5, 1.5, 12], "texture": "#0"}
			}
		},
		{
			"from": [12.015, 12.54, 7.4],
			"to": [12.315, 12.84, 8],
			"rotation": {"angle": 22.5, "axis": "z", "origin": [0.2, -1.6, 0]},
			"faces": {
				"north": {"uv": [11.5, 1.5, 12, 2], "texture": "#0"},
				"east": {"uv": [2, 11.5, 2.5, 12], "texture": "#0"},
				"south": {"uv": [11.5, 2, 12, 2.5], "texture": "#0"},
				"west": {"uv": [2.5, 11.5, 3, 12], "texture": "#0"},
				"up": {"uv": [12, 3, 11.5, 2.5], "texture": "#0"},
				"down": {"uv": [3.5, 11.5, 3, 12], "texture": "#0"}
			}
		},
		{
			"from": [7.25, -9.63, 7.5],
			"to": [9.05, -5.83, 7.9],
			"rotation": {"angle": 22.5, "axis": "z", "origin": [-0.2, -0.8, 0]},
			"faces": {
				"north": {"uv": [5, 0, 6, 2], "texture": "#0"},
				"east": {"uv": [8, 5, 8.5, 7], "texture": "#0"},
				"south": {"uv": [5, 2, 6, 4], "texture": "#0"},
				"west": {"uv": [6.5, 8, 7, 10], "texture": "#0"},
				"up": {"uv": [8, 10.5, 7, 10], "texture": "#0"},
				"down": {"uv": [11, 8, 10, 8.5], "texture": "#0"}
			}
		},
		{
			"from": [10.65, -6.1, 7.5],
			"to": [12.4, -6, 7.9],
			"rotation": {"angle": 0, "axis": "z", "origin": [-0.2, -0.2, 0]},
			"faces": {
				"north": {"uv": [10, 8.5, 11, 9], "texture": "#0"},
				"east": {"uv": [11.5, 3, 12, 3.5], "texture": "#0"},
				"south": {"uv": [9.5, 10, 10.5, 10.5], "texture": "#0"},
				"west": {"uv": [3.5, 11.5, 4, 12], "texture": "#0"},
				"up": {"uv": [1, 11, 0, 10.5], "texture": "#0"},
				"down": {"uv": [11.5, 0, 10.5, 0.5], "texture": "#0"}
			}
		},
		{
			"from": [4.93, -13.39, 7.5],
			"to": [5.03, -9.29, 7.9],
			"rotation": {"angle": 45, "axis": "z", "origin": [-0.2, -0.8, 0]},
			"faces": {
				"north": {"uv": [7, 8, 7.5, 10], "texture": "#0"},
				"east": {"uv": [8, 7, 8.5, 9], "texture": "#0"},
				"south": {"uv": [7.5, 8, 8, 10], "texture": "#0"},
				"west": {"uv": [0, 8.5, 0.5, 10.5], "texture": "#0"},
				"up": {"uv": [12, 4, 11.5, 3.5], "texture": "#0"},
				"down": {"uv": [4.5, 11.5, 4, 12], "texture": "#0"}
			}
		},
		{
			"from": [10.8, -6, 7.5],
			"to": [12, -5.7, 7.9],
			"rotation": {"angle": 0, "axis": "z", "origin": [-0.2, -0.8, 0]},
			"faces": {
				"north": {"uv": [11.5, 4, 12, 4.5], "texture": "#0"},
				"east": {"uv": [4.5, 11.5, 5, 12], "texture": "#0"},
				"south": {"uv": [11.5, 4.5, 12, 5], "texture": "#0"},
				"west": {"uv": [5, 11.5, 5.5, 12], "texture": "#0"},
				"up": {"uv": [12, 5.5, 11.5, 5], "texture": "#0"},
				"down": {"uv": [6, 11.5, 5.5, 12], "texture": "#0"}
			}
		},
		{
			"from": [11, -5.7, 7.5],
			"to": [11.8, -5.4, 7.9],
			"rotation": {"angle": 0, "axis": "y", "origin": [-0.2, -0.8, 0]},
			"faces": {
				"north": {"uv": [11.5, 5.5, 12, 6], "texture": "#0"},
				"east": {"uv": [6, 11.5, 6.5, 12], "texture": "#0"},
				"south": {"uv": [11.5, 6, 12, 6.5], "texture": "#0"},
				"west": {"uv": [6.5, 11.5, 7, 12], "texture": "#0"},
				"up": {"uv": [12, 7, 11.5, 6.5], "texture": "#0"},
				"down": {"uv": [7.5, 11.5, 7, 12], "texture": "#0"}
			}
		},
		{
			"from": [4.73, -12.89, 7.5],
			"to": [4.93, -12.49, 7.9],
			"rotation": {"angle": 45, "axis": "z", "origin": [-0.2, -0.8, 0]},
			"faces": {
				"north": {"uv": [11.5, 7, 12, 7.5], "texture": "#0"},
				"east": {"uv": [7.5, 11.5, 8, 12], "texture": "#0"},
				"south": {"uv": [11.5, 7.5, 12, 8], "texture": "#0"},
				"west": {"uv": [8, 11.5, 8.5, 12], "texture": "#0"},
				"up": {"uv": [12, 8.5, 11.5, 8], "texture": "#0"},
				"down": {"uv": [9, 11.5, 8.5, 12], "texture": "#0"}
			}
		},
		{
			"from": [4.83, -13.29, 7.5],
			"to": [4.93, -12.89, 7.9],
			"rotation": {"angle": 45, "axis": "z", "origin": [-0.2, -0.8, 0]},
			"faces": {
				"north": {"uv": [11.5, 8.5, 12, 9], "texture": "#0"},
				"east": {"uv": [9, 11.5, 9.5, 12], "texture": "#0"},
				"south": {"uv": [11.5, 9, 12, 9.5], "texture": "#0"},
				"west": {"uv": [9.5, 11.5, 10, 12], "texture": "#0"},
				"up": {"uv": [12, 10, 11.5, 9.5], "texture": "#0"},
				"down": {"uv": [10.5, 11.5, 10, 12], "texture": "#0"}
			}
		}
	],
	"display": {
		"thirdperson_righthand": {
			"rotation": [0, 90, 0],
			"translation": [0, 15.5, 0]
		},
		"thirdperson_lefthand": {
			"rotation": [0, 90, 168],
			"translation": [-0.5, -17.5, 2.25]
		},
		"firstperson_righthand": {
			"rotation": [0, 90, 0],
			"translation": [1, 12.5, 0]
		},
		"firstperson_lefthand": {
			"rotation": [0, 90, 168],
			"translation": [1, -12.5, 2]
		},
		"ground": {
			"rotation": [90, 0, 0],
			"translation": [0, -0.75, 5]
		},
		"gui": {
			"rotation": [0, 180, -40],
			"translation": [-1.75, 2.5, 0],
			"scale": [0.57, 0.57, 0.57]
		},
		"fixed": {
			"rotation": [0, 0, 180],
			"translation": [0, -12.25, -0.5],
			"scale": [2, 2, 2]
		}
	},
	"groups": [
		{
			"name": "group",
			"origin": [-0.2, -0.8, 0],
			"color": 0,
			"nbt": "{}",
			"armAnimationEnabled": false,
			"children": [0, 1, 2, 3, 4, 5, 6, 7, 8, 9, 10, 11, 12, 13, 14, 15, 16, 17, 18, 19, 20, 21, 22, 23, 24, 25, 26, 27, 28, 29, 30, 31, 32, 33, 34, 35, 36]
		}
	]
}