{
	"credit": "Made with Blockbench",
	"texture_size": [32, 32],
	"textures": {
		"0": "item/gaston_sword",
		"particle": "item/gaston_sword"
	},
	"elements": [
		{
			"from": [8.1, -13.1, 8.1],
			"to": [8.9, -7.8, 8.9],
			"faces": {
				"north": {"uv": [3, 2, 3.5, 4.5], "texture": "#0"},
				"east": {"uv": [3.5, 2, 4, 4.5], "texture": "#0"},
				"south": {"uv": [4, 2, 4.5, 4.5], "texture": "#0"},
				"west": {"uv": [4.5, 2, 5, 4.5], "texture": "#0"},
				"up": {"uv": [5, 6.5, 4.5, 6], "texture": "#0"},
				"down": {"uv": [5.5, 6, 5, 6.5], "texture": "#0"}
			}
		},
		{
			"from": [8, -13.7, 8],
			"to": [9, -13.1, 9],
			"rotation": {"angle": 0, "axis": "y", "origin": [9, -9.5, 9]},
			"faces": {
				"north": {"uv": [6, 5, 6.5, 5.5], "texture": "#0"},
				"east": {"uv": [5.5, 6, 6, 6.5], "texture": "#0"},
				"south": {"uv": [6, 5.5, 6.5, 6], "texture": "#0"},
				"west": {"uv": [6, 6, 6.5, 6.5], "texture": "#0"},
				"up": {"uv": [7, 0.5, 6.5, 0], "texture": "#0"},
				"down": {"uv": [7, 0.5, 6.5, 1], "texture": "#0"}
			}
		},
		{
			"from": [5.5, -8.6, 7.9],
			"to": [11.2, -7.8, 9.1],
			"rotation": {"angle": 0, "axis": "z", "origin": [-0.3, 0, 0]},
			"faces": {
				"north": {"uv": [3, 0, 6, 0.5], "texture": "#0"},
				"east": {"uv": [6.5, 1, 7, 1.5], "texture": "#0"},
				"south": {"uv": [3, 0.5, 6, 1], "texture": "#0"},
				"west": {"uv": [6.5, 1.5, 7, 2], "texture": "#0"},
				"up": {"uv": [6, 1.5, 3, 1], "texture": "#0"},
				"down": {"uv": [6, 1.5, 3, 2], "texture": "#0"}
			}
		},
		{
			"from": [8.1, -13.9, 8.1],
			"to": [8.9, -13.7, 8.9],
			"rotation": {"angle": 0, "axis": "y", "origin": [9, -9.5, 9]},
			"faces": {
				"north": {"uv": [6.5, 2, 7, 2.5], "texture": "#0"},
				"east": {"uv": [6.5, 2.5, 7, 3], "texture": "#0"},
				"south": {"uv": [6.5, 3, 7, 3.5], "texture": "#0"},
				"west": {"uv": [6.5, 3.5, 7, 4], "texture": "#0"},
				"up": {"uv": [7, 4.5, 6.5, 4], "texture": "#0"},
				"down": {"uv": [5, 6.5, 4.5, 7], "texture": "#0"}
			}
		},
		{
			"from": [10.5, -4, 8],
			"to": [12.5, -3.3, 9],
			"rotation": {"angle": -22.5, "axis": "z", "origin": [0, 0, 0]},
			"faces": {
				"north": {"uv": [3, 5, 4, 5.5], "texture": "#0"},
				"east": {"uv": [6.5, 5, 7, 5.5], "texture": "#0"},
				"south": {"uv": [5, 3, 6, 3.5], "texture": "#0"},
				"west": {"uv": [5.5, 6.5, 6, 7], "texture": "#0"},
				"up": {"uv": [6, 4, 5, 3.5], "texture": "#0"},
				"down": {"uv": [5, 5, 4, 5.5], "texture": "#0"}
			}
		},
		{
			"from": [3.1, -10.5, 8],
			"to": [5.1, -9.76, 9],
			"rotation": {"angle": 22.5, "axis": "z", "origin": [0, 0, 0]},
			"faces": {
				"north": {"uv": [5, 4, 6, 4.5], "texture": "#0"},
				"east": {"uv": [6.5, 5.5, 7, 6], "texture": "#0"},
				"south": {"uv": [5, 4.5, 6, 5], "texture": "#0"},
				"west": {"uv": [6, 6.5, 6.5, 7], "texture": "#0"},
				"up": {"uv": [6, 5.5, 5, 5], "texture": "#0"},
				"down": {"uv": [4, 5.5, 3, 6], "texture": "#0"}
			}
		},
		{
			"from": [7.95, -9.1, 7.95],
			"to": [9.05, -8.4, 9.05],
			"faces": {
				"north": {"uv": [6.5, 6, 7, 6.5], "texture": "#0"},
				"east": {"uv": [6.5, 6.5, 7, 7], "texture": "#0"},
				"south": {"uv": [7, 0, 7.5, 0.5], "texture": "#0"},
				"west": {"uv": [7, 0.5, 7.5, 1], "texture": "#0"},
				"up": {"uv": [7.5, 1.5, 7, 1], "texture": "#0"},
				"down": {"uv": [7.5, 1.5, 7, 2], "texture": "#0"}
			}
		},
		{
			"from": [7.4, -7.8, 8.3],
			"to": [9.6, 10.2, 8.7],
			"faces": {
				"north": {"uv": [0, 0, 1, 9], "texture": "#0"},
				"east": {"uv": [2, 0, 2.5, 9], "texture": "#0"},
				"south": {"uv": [1, 0, 2, 9], "texture": "#0"},
				"west": {"uv": [2.5, 0, 3, 9], "texture": "#0"},
				"up": {"uv": [5, 6, 4, 5.5], "texture": "#0"},
				"down": {"uv": [6, 5.5, 5, 6], "texture": "#0"}
			}
		},
		{
			"from": [7.4, -11.07, 7.9],
			"to": [8.2, -10.23, 9.1],
			"rotation": {"angle": 22.5, "axis": "z", "origin": [3.1, -0.3, 0]},
			"faces": {
				"north": {"uv": [7, 2, 7.5, 2.5], "texture": "#0"},
				"east": {"uv": [7, 2.5, 7.5, 3], "texture": "#0"},
				"south": {"uv": [3, 7, 3.5, 7.5], "texture": "#0"},
				"west": {"uv": [7, 3, 7.5, 3.5], "texture": "#0"},
				"up": {"uv": [4, 7.5, 3.5, 7], "texture": "#0"},
				"down": {"uv": [7.5, 3.5, 7, 4], "texture": "#0"}
			}
		},
		{
			"from": [1.6, 12, 8.3],
			"to": [2.4, 14, 8.7],
			"rotation": {"angle": -22.5, "axis": "z", "origin": [0, -3.5, 0]},
			"faces": {
				"north": {"uv": [6, 0, 6.5, 1], "texture": "#0"},
				"east": {"uv": [6, 1, 6.5, 2], "texture": "#0"},
				"south": {"uv": [6, 2, 6.5, 3], "texture": "#0"},
				"west": {"uv": [3, 6, 3.5, 7], "texture": "#0"},
				"up": {"uv": [4.5, 7.5, 4, 7], "texture": "#0"},
				"down": {"uv": [7.5, 4, 7, 4.5], "texture": "#0"}
			}
		},
		{
			"from": [-5.22, 13.28, 8.3],
			"to": [-4.72, 13.717, 8.7],
			"rotation": {"angle": -45, "axis": "z", "origin": [0, -3.5, 0]},
			"faces": {
				"north": {"uv": [4.5, 7, 5, 7.5], "texture": "#0"},
				"east": {"uv": [7, 4.5, 7.5, 5], "texture": "#0"},
				"south": {"uv": [5, 7, 5.5, 7.5], "texture": "#0"},
				"west": {"uv": [7, 5, 7.5, 5.5], "texture": "#0"},
				"up": {"uv": [6, 7.5, 5.5, 7], "texture": "#0"},
				"down": {"uv": [7.5, 5.5, 7, 6], "texture": "#0"}
			}
		},
		{
			"from": [8.2, 10.18, 8.3],
			"to": [8.8, 10.85, 8.7],
			"rotation": {"angle": 0, "axis": "z", "origin": [0, -3.5, 0]},
			"faces": {
				"north": {"uv": [6, 7, 6.5, 7.5], "texture": "#0"},
				"east": {"uv": [7, 6, 7.5, 6.5], "texture": "#0"},
				"south": {"uv": [6.5, 7, 7, 7.5], "texture": "#0"},
				"west": {"uv": [7, 6.5, 7.5, 7], "texture": "#0"},
				"up": {"uv": [7.5, 7.5, 7, 7], "texture": "#0"},
				"down": {"uv": [8, 0, 7.5, 0.5], "texture": "#0"}
			}
		},
		{
			"from": [13.3, 5.48, 8.3],
			"to": [14.1, 7.45, 8.7],
			"rotation": {"angle": 22.5, "axis": "z", "origin": [0, -3.5, 0]},
			"faces": {
				"north": {"uv": [6, 3, 6.5, 4], "texture": "#0"},
				"east": {"uv": [3.5, 6, 4, 7], "texture": "#0"},
				"south": {"uv": [4, 6, 4.5, 7], "texture": "#0"},
				"west": {"uv": [6, 4, 6.5, 5], "texture": "#0"},
				"up": {"uv": [8, 1, 7.5, 0.5], "texture": "#0"},
				"down": {"uv": [8, 1, 7.5, 1.5], "texture": "#0"}
			}
		},
		{
			"from": [7.7, -7.05, 7.9],
			"to": [8.5, -6.21, 9.1],
			"rotation": {"angle": -22.5, "axis": "z", "origin": [3.1, -0.3, 0]},
			"faces": {
				"north": {"uv": [7.5, 1.5, 8, 2], "texture": "#0"},
				"east": {"uv": [7.5, 2, 8, 2.5], "texture": "#0"},
				"south": {"uv": [7.5, 2.5, 8, 3], "texture": "#0"},
				"west": {"uv": [3, 7.5, 3.5, 8], "texture": "#0"},
				"up": {"uv": [8, 3.5, 7.5, 3], "texture": "#0"},
				"down": {"uv": [4, 7.5, 3.5, 8], "texture": "#0"}
			}
		}
	],
	"display": {
		"thirdperson_righthand": {
			"rotation": [0, 90, 0],
			"translation": [-0.5, 17, 1.25]
		},
		"thirdperson_lefthand": {
			"rotation": [0, 90, 180],
			"translation": [-1.5, -15.75, 0]
		},
		"firstperson_righthand": {
			"rotation": [0, 90, 0],
			"translation": [1, 17, 0.5]
		},
		"firstperson_lefthand": {
			"rotation": [-5, 90, 180],
			"translation": [1, -14, 2.5]
		},
		"ground": {
			"rotation": [90, 0, 90],
			"translation": [-8, 0, 0]
		},
		"gui": {
			"rotation": [0, 0, 45],
			"translation": [-5, 4.5, 0],
			"scale": [0.76, 0.76, 0.76]
		},
		"head": {
			"rotation": [0, 0, 156],
			"translation": [0, -28.75, 3.5],
			"scale": [1.5, 1.5, 1.5]
		},
		"fixed": {
			"rotation": [0, 0, 180],
			"translation": [0, -17.25, -1.75],
			"scale": [2, 2, 2]
		}
	},
	"groups": [
		{
			"name": "group",
			"origin": [8, 8, 8],
			"color": 0,
			"nbt": "{}",
			"armAnimationEnabled": false,
			"children": [0, 1, 2, 3, 4, 5, 6, 7, 8, 9, 10, 11, 12, 13]
		}
	]
}