{
	"credit": "Made with Blockbench",
	"texture_size": [32, 32],
	"textures": {
		"0": "item/diamond_sword",
		"particle": "item/diamond_sword"
	},
	"elements": [
		{
			"from": [5.5, 28, 6.5],
			"to": [8.5, 31, 9.5],
			"rotation": {"angle": 45, "axis": "z", "origin": [8, 30.5, 8]},
			"faces": {
				"north": {"uv": [8, 8, 9.5, 9.5], "texture": "#0"},
				"east": {"uv": [7.5, 9.5, 8.5, 11], "texture": "#0"},
				"south": {"uv": [6, 9, 7.5, 10.5], "texture": "#0"},
				"west": {"uv": [9.5, 8, 10.5, 9.5], "texture": "#0"},
				"up": {"uv": [10, 10.5, 8.5, 9.5], "texture": "#0"},
				"down": {"uv": [1.5, 12, 0, 13], "texture": "#0"}
			}
		},
		{
			"from": [-4.5, 18, 6.5],
			"to": [0.5, 23, 9.5],
			"rotation": {"angle": 45, "axis": "z", "origin": [8, 30.5, 8]},
			"faces": {
				"north": {"uv": [8, 8, 9.5, 9.5], "texture": "#0"},
				"east": {"uv": [7.5, 9.5, 8.5, 11], "texture": "#0"},
				"south": {"uv": [6, 9, 7.5, 10.5], "texture": "#0"},
				"west": {"uv": [9.5, 8, 10.5, 9.5], "texture": "#0"},
				"up": {"uv": [10, 10.5, 8.5, 9.5], "texture": "#0"},
				"down": {"uv": [1.5, 12, 0, 13], "texture": "#0"}
			}
		},
		{
			"from": [7, 17, 7],
			"to": [9, 30, 9],
			"faces": {
				"north": {"uv": [6, 0, 7.5, 4.5], "texture": "#0"},
				"east": {"uv": [6, 4.5, 7.5, 9], "texture": "#0"},
				"south": {"uv": [7.5, 0, 6, 4.5], "texture": "#0"},
				"west": {"uv": [8, 0, 9.5, 4.5], "texture": "#0"},
				"up": {"uv": [11, 2, 10, 1], "texture": "#0"},
				"down": {"uv": [2.5, 12, 1.5, 13], "texture": "#0"}
			}
		},
		{
			"from": [6, 12.5, 7.5],
			"to": [10, 15, 8.5],
			"rotation": {"angle": 0, "axis": "y", "origin": [0.5, -4, 0]},
			"faces": {
				"north": {"uv": [9, 4, 10.5, 4.5], "rotation": 180, "texture": "#0"},
				"east": {"uv": [8, 4, 8.5, 4.5], "rotation": 180, "texture": "#0"},
				"south": {"uv": [9, 4, 10.5, 4.5], "rotation": 180, "texture": "#0"},
				"west": {"uv": [11, 4, 11.5, 4.5], "rotation": 180, "texture": "#0"},
				"up": {"uv": [11.5, 7, 8, 6], "texture": "#0"},
				"down": {"uv": [11.5, 7, 8, 8], "texture": "#0"}
			}
		},
		{
			"from": [8.799, 14.999, 6.999],
			"to": [13.801, 17.001, 9.001],
			"rotation": {"angle": -22.5, "axis": "z", "origin": [12.375, 16, 8]},
			"faces": {
				"north": {"uv": [12, 12, 14, 13], "texture": "#0"},
				"east": {"uv": [13, 11, 14, 12], "texture": "#0"},
				"south": {"uv": [12, 15, 14, 16], "texture": "#0"},
				"west": {"uv": [12, 11, 13, 12], "texture": "#0"},
				"up": {"uv": [12, 13, 14, 14], "texture": "#0"},
				"down": {"uv": [12, 14, 14, 15], "texture": "#0"}
			}
		},
		{
			"from": [12.55, 13, 7],
			"to": [13.8, 17, 9],
			"rotation": {"angle": -22.5, "axis": "z", "origin": [12.375, 16, 8]},
			"faces": {
				"north": {"uv": [13, 15, 13.5, 16], "texture": "#0"},
				"east": {"uv": [13, 15, 13.5, 16], "texture": "#0"},
				"south": {"uv": [13, 15, 13.5, 16], "texture": "#0"},
				"west": {"uv": [13, 15, 13.5, 16], "texture": "#0"},
				"up": {"uv": [12, 13, 13, 14], "texture": "#0"},
				"down": {"uv": [13, 14, 14, 15], "texture": "#0"}
			}
		},
		{
			"from": [2.249, 15.149, 6.999],
			"to": [7.251, 17.151, 9.001],
			"rotation": {"angle": 22.5, "axis": "z", "origin": [4, 15.75, 8]},
			"faces": {
				"north": {"uv": [14, 12, 16, 13], "texture": "#0"},
				"east": {"uv": [15, 11, 16, 12], "texture": "#0"},
				"south": {"uv": [14, 15, 16, 16], "texture": "#0"},
				"west": {"uv": [14, 11, 15, 12], "texture": "#0"},
				"up": {"uv": [14, 13, 16, 14], "texture": "#0"},
				"down": {"uv": [14, 14, 16, 15], "texture": "#0"}
			}
		},
		{
			"from": [2.25, 13.15, 7],
			"to": [3.5, 17.15, 9],
			"rotation": {"angle": 22.5, "axis": "z", "origin": [4, 15.75, 8]},
			"faces": {
				"north": {"uv": [14.5, 15, 15, 16], "texture": "#0"},
				"east": {"uv": [14.5, 15, 15, 16], "texture": "#0"},
				"south": {"uv": [14.5, 15, 15, 16], "texture": "#0"},
				"west": {"uv": [14.5, 15, 15, 16], "texture": "#0"},
				"up": {"uv": [15, 13, 16, 14], "texture": "#0"},
				"down": {"uv": [14, 14, 15, 15], "texture": "#0"}
			}
		},
		{
			"from": [7, 9, 6.75],
			"to": [9, 15, 9.25],
			"rotation": {"angle": 0, "axis": "y", "origin": [0, -4, 0]},
			"faces": {
				"north": {"uv": [6.5, 13, 7.5, 16], "texture": "#0"},
				"east": {"uv": [7.5, 13, 8.75, 16], "texture": "#0"},
				"south": {"uv": [5.5, 13, 6.5, 16], "texture": "#0"},
				"west": {"uv": [7.5, 13, 8.75, 16], "texture": "#0"},
				"up": {"uv": [9, 14.75, 10, 16], "texture": "#0"},
				"down": {"uv": [9, 14.75, 10, 16], "texture": "#0"}
			}
		},
		{
			"from": [3.469, 6.949, 6.749],
			"to": [4.871, 8.351, 9.251],
			"rotation": {"angle": -45, "axis": "z", "origin": [7.7, 3.7, 8]},
			"faces": {
				"north": {"uv": [6.5, 15, 7.5, 16], "texture": "#0"},
				"east": {"uv": [5.5, 15, 6.25, 16], "texture": "#0"},
				"south": {"uv": [5.5, 15, 6.5, 16], "texture": "#0"},
				"west": {"uv": [6.5, 15, 7.25, 16], "texture": "#0"},
				"up": {"uv": [6.5, 15.75, 7.5, 16], "texture": "#0"},
				"down": {"uv": [5.5, 15.75, 6.5, 16], "texture": "#0"}
			}
		},
		{
			"from": [5.498, -14.002, 7.248],
			"to": [10.502, 10.502, 8.752],
			"rotation": {"angle": 0, "axis": "y", "origin": [0, -10, 0]},
			"faces": {
				"north": {"uv": [3, 0, 5.5, 10], "texture": "#0"},
				"east": {"uv": [2.5, 0, 3, 10], "texture": "#0"},
				"south": {"uv": [0, 0, 2.5, 10], "texture": "#0"},
				"west": {"uv": [5.5, 0, 6, 10], "texture": "#0"},
				"up": {"uv": [12.5, 0.5, 10, 0], "texture": "#0"},
				"down": {"uv": [12.5, 0.5, 10, 1], "texture": "#0"}
			}
		},
		{
			"from": [7.899, 3.999, 7.249],
			"to": [10.401, 10.001, 8.751],
			"rotation": {"angle": -22.5, "axis": "z", "origin": [16.25, 9, 8]},
			"faces": {
				"north": {"uv": [3, 0, 4, 3], "texture": "#0"},
				"east": {"uv": [2.5, 0, 3, 3], "texture": "#0"},
				"south": {"uv": [1.5, 0, 2.5, 3], "texture": "#0"},
				"west": {"uv": [2.5, 0, 3, 3], "texture": "#0"},
				"up": {"uv": [4, 0.5, 1.5, 0], "texture": "#0"},
				"down": {"uv": [12.5, 0.5, 10, 1], "texture": "#0"}
			}
		},
		{
			"from": [6.349, 8.099, 7.249],
			"to": [8.851, 14.101, 8.751],
			"rotation": {"angle": 22.5, "axis": "z", "origin": [10.4033, 9.257, 8]},
			"faces": {
				"north": {"uv": [4.5, 0, 5.5, 2.5], "texture": "#0"},
				"east": {"uv": [0, 0, 0.5, 2.5], "texture": "#0"},
				"south": {"uv": [0, 0, 1, 2.5], "texture": "#0"},
				"west": {"uv": [5.5, 0, 6, 2.5], "texture": "#0"},
				"up": {"uv": [6, 2.5, 4.5, 2], "texture": "#0"},
				"down": {"uv": [12.5, 0.5, 10, 1], "texture": "#0"}
			}
		},
		{
			"from": [6.247, -15.753, 7.247],
			"to": [9.753, -12.247, 8.753],
			"rotation": {"angle": -45, "axis": "z", "origin": [8, -14, 8]},
			"faces": {
				"north": {"uv": [3, 10, 5, 12], "rotation": 90, "texture": "#0"},
				"east": {"uv": [5.5, 12, 6, 10], "texture": "#0"},
				"south": {"uv": [0, 10, 2, 12], "rotation": 270, "texture": "#0"},
				"west": {"uv": [12, 3.5, 10, 3], "rotation": 270, "texture": "#0"},
				"up": {"uv": [3.5, 10, 4, 12], "rotation": 270, "texture": "#0"},
				"down": {"uv": [5, 10, 5.5, 12], "rotation": 270, "texture": "#0"}
			}
		}
	],
	"gui_light": "front",
	"display": {
		"thirdperson_righthand": {
			"rotation": [180, 90, 0],
			"translation": [0, 7.25, 0.5],
			"scale": [0.7, 0.7, 0.6]
		},
		"thirdperson_lefthand": {
			"rotation": [180, 90, 0],
			"translation": [0, 6, 0.5],
			"scale": [0.6, 0.6, 0.6]
		},
		"firstperson_righthand": {
			"rotation": [-160, 90, 0],
			"translation": [2, 2.75, -0.5],
			"scale": [0.6, 0.6, 0.6]
		},
		"firstperson_lefthand": {
			"rotation": [-160, -90, 0],
			"translation": [2, 2.75, -0.5],
			"scale": [0.6, 0.6, 0.6]
		},
		"ground": {
			"rotation": [0, 0, 135],
			"translation": [2.5, 7, 0],
			"scale": [0.5, 0.5, 0.5]
		},
		"gui": {
			"rotation": [-180, 0, 45],
			"translation": [-0.25, -0.25, 0],
			"scale": [0.45, 0.45, 0.45]
		},
		"head": {
			"translation": [0.25, 8.5, 0.75],
			"scale": [0.6, 0.6, 0.6]
		},
		"fixed": {
			"rotation": [0, 0, -135],
			"translation": [0.25, -0.5, -0.75],
			"scale": [0.55, 0.55, 0.5]
		}
	},
	"groups": [
		{
			"name": "sword",
			"origin": [8, 8, 8],
			"color": 0,
			"children": [
				{
					"name": "pommel",
					"origin": [8, 8, 8],
					"color": 0,
					"children": [0, 1]
				},
				{
					"name": "grip",
					"origin": [8, 8, 8],
					"color": 0,
					"children": [2]
				}
			]
		},
		{
			"name": "guard",
			"origin": [8, 8, 8],
			"color": 0,
			"children": [
				{
					"name": "cross-guard",
					"origin": [8, 8, 8],
					"color": 0,
					"children": [3, 4, 5, 6, 7, 8, 9]
				}
			]
		},
		{
			"name": "blade",
			"origin": [8, 8, 8],
			"color": 0,
			"children": [10, 11, 12, 13]
		}
	]
}