{
	"credit": "Made with Blockbench",
	"texture_size": [32, 32],
	"textures": {
		"1": "epicfight:item/diamond_tachi"
	},
	"elements": [
		{
			"from": [6.75, 19, 7.25],
			"to": [9.25, 32, 8.75],
			"rotation": {"angle": 0, "axis": "y", "origin": [8, 25.5, 8]},
			"faces": {
				"north": {"uv": [6, 0, 8, 9], "texture": "#1"},
				"east": {"uv": [8, 8.5, 9, 13], "texture": "#1"},
				"south": {"uv": [6, 0, 8, 9], "texture": "#1"},
				"west": {"uv": [9, 8.5, 10, 13], "texture": "#1"},
				"up": {"uv": [11, 2, 10, 1], "texture": "#1"},
				"down": {"uv": [2.5, 12, 1.5, 13], "texture": "#1"}
			}
		},
		{
			"from": [4.969, 18.499, 5.749],
			"to": [11.001, 19.501, 10.251],
			"rotation": {"angle": 0, "axis": "y", "origin": [0.5, 0, 0]},
			"faces": {
				"north": {"uv": [10.5, 14, 16, 15], "texture": "#1"},
				"east": {"uv": [10, 2, 11, 3], "texture": "#1"},
				"south": {"uv": [10.5, 13, 16, 14], "texture": "#1"},
				"west": {"uv": [2.5, 12, 3.5, 13], "texture": "#1"},
				"up": {"uv": [13, 9.5, 10, 4], "rotation": 90, "texture": "#1"},
				"down": {"uv": [13, 9.5, 16, 4], "rotation": 90, "texture": "#1"}
			}
		},
		{
			"from": [1.85, 18.5, 1.25],
			"to": [5.05, 19.5, 4.45],
			"rotation": {"angle": -45, "axis": "y", "origin": [-2, 19, 7.25]},
			"faces": {
				"north": {"uv": [8, 4, 9, 7], "rotation": 90, "texture": "#1"},
				"east": {"uv": [9, 4, 10, 7], "rotation": 90, "texture": "#1"},
				"south": {"uv": [9, 4, 10, 7], "rotation": 90, "texture": "#1"},
				"west": {"uv": [8, 4, 9, 7], "rotation": 90, "texture": "#1"},
				"up": {"uv": [16, 12.5, 13, 9.5], "texture": "#1"},
				"down": {"uv": [13, 9.5, 10, 12.5], "texture": "#1"}
			}
		},
		{
			"from": [9.03571, 18.5, 5.50086],
			"to": [12.23571, 19.5, 8.70086],
			"rotation": {"angle": -45, "axis": "y", "origin": [9.73501, 19, 7.99623]},
			"faces": {
				"north": {"uv": [9, 0, 10, 3], "rotation": 270, "texture": "#1"},
				"east": {"uv": [8, 0, 9, 3], "rotation": 270, "texture": "#1"},
				"south": {"uv": [8, 0, 9, 3], "rotation": 270, "texture": "#1"},
				"west": {"uv": [9, 0, 10, 3], "rotation": 270, "texture": "#1"},
				"up": {"uv": [16, 12.5, 13, 9.5], "rotation": 180, "texture": "#1"},
				"down": {"uv": [13, 9.5, 10, 12.5], "rotation": 180, "texture": "#1"}
			}
		},
		{
			"from": [5.75, 17, 6.75],
			"to": [10.25, 19, 9.25],
			"faces": {
				"north": {"uv": [6.5, 13, 7.5, 16], "texture": "#1"},
				"east": {"uv": [7.5, 13, 8.75, 16], "texture": "#1"},
				"south": {"uv": [5.5, 13, 6.5, 16], "texture": "#1"},
				"west": {"uv": [7.5, 13, 8.75, 16], "texture": "#1"},
				"up": {"uv": [9, 14.75, 10, 16], "texture": "#1"},
				"down": {"uv": [9, 14.75, 10, 16], "texture": "#1"}
			}
		},
		{
			"from": [5.999, -12.001, 7.249],
			"to": [10.001, 17.001, 8.751],
			"rotation": {"angle": 0, "axis": "y", "origin": [0, -9, 0]},
			"faces": {
				"north": {"uv": [3, 0, 5.5, 10], "texture": "#1"},
				"east": {"uv": [2.5, 0, 3, 10], "texture": "#1"},
				"south": {"uv": [0, 0, 2.5, 10], "texture": "#1"},
				"west": {"uv": [5.5, 0, 6, 10], "texture": "#1"},
				"up": {"uv": [12.5, 0.5, 10, 0], "texture": "#1"},
				"down": {"uv": [12.5, 0.5, 10, 1], "texture": "#1"}
			}
		},
		{
			"from": [5.898, -13.702, 7.248],
			"to": [8.102, -10.298, 8.752],
			"rotation": {"angle": -45, "axis": "z", "origin": [8, -13, 8]},
			"faces": {
				"north": {"uv": [16, 0, 13, 2], "rotation": 90, "texture": "#1"},
				"east": {"uv": [2, 11.5, 0, 12], "rotation": 270, "texture": "#1"},
				"south": {"uv": [13, 0, 16, 2], "rotation": 270, "texture": "#1"},
				"west": {"uv": [12, 3.5, 10, 3], "rotation": 270, "texture": "#1"},
				"up": {"uv": [3.5, 10, 4, 12], "rotation": 270, "texture": "#1"},
				"down": {"uv": [5.5, 10, 6, 12], "rotation": 270, "texture": "#1"}
			}
		},
		{
			"from": [7.87, -13.60104, 7.25],
			"to": [10, -10.85104, 8.75],
			"rotation": {"angle": 0, "axis": "y", "origin": [10.01525, -13.60104, 8]},
			"faces": {
				"north": {"uv": [14.5, 2, 16, 3], "texture": "#1"},
				"east": {"uv": [3.5, 10, 4, 12], "texture": "#1"},
				"south": {"uv": [14, 2, 16, 3], "texture": "#1"},
				"west": {"uv": [5.5, 10, 6, 12], "texture": "#1"},
				"up": {"uv": [12, 3.5, 10, 3], "texture": "#1"},
				"down": {"uv": [2, 11.5, 0, 12], "texture": "#1"}
			}
		},
		{
			"from": [9, -14.85, 7.25],
			"to": [10, -13.6, 8.75],
			"rotation": {"angle": 0, "axis": "y", "origin": [10.01525, -13.60104, 8]},
			"faces": {
				"north": {"uv": [13, 0, 14, 2], "texture": "#1"},
				"east": {"uv": [4.5, 10, 5, 12], "texture": "#1"},
				"south": {"uv": [13, 0, 14, 2], "texture": "#1"},
				"west": {"uv": [5.5, 10, 6, 12], "texture": "#1"},
				"up": {"uv": [12, 3.5, 10, 3], "texture": "#1"},
				"down": {"uv": [2, 11.5, 0, 12], "texture": "#1"}
			}
		},
		{
			"from": [9.5, -15.45, 7.25],
			"to": [10, -14.85, 8.75],
			"rotation": {"angle": 0, "axis": "y", "origin": [10.01525, -13.60104, 8]},
			"faces": {
				"north": {"uv": [13, 0, 14, 2], "texture": "#1"},
				"east": {"uv": [4.5, 10, 5, 12], "texture": "#1"},
				"south": {"uv": [13, 0, 14, 2], "texture": "#1"},
				"west": {"uv": [5.5, 10, 6, 12], "texture": "#1"},
				"up": {"uv": [12, 3.5, 10, 3], "texture": "#1"},
				"down": {"uv": [2, 11.5, 0, 12], "texture": "#1"}
			}
		},
		{
			"from": [9.73, -15.72, 7.25],
			"to": [10, -15.45, 8.75],
			"rotation": {"angle": 0, "axis": "y", "origin": [10.01525, -13.60104, 8]},
			"faces": {
				"north": {"uv": [13, 0, 14, 2], "texture": "#1"},
				"east": {"uv": [4.5, 10, 5, 12], "texture": "#1"},
				"south": {"uv": [13, 0, 14, 2], "texture": "#1"},
				"west": {"uv": [5.5, 10, 6, 12], "texture": "#1"},
				"up": {"uv": [12, 3.5, 10, 3], "texture": "#1"},
				"down": {"uv": [2, 11.5, 0, 12], "texture": "#1"}
			}
		},
		{
			"from": [9.86, -15.85, 7.25],
			"to": [10, -15.7225, 8.75],
			"rotation": {"angle": 0, "axis": "y", "origin": [10.01525, -13.60104, 8]},
			"faces": {
				"north": {"uv": [13, 0, 14, 2], "texture": "#1"},
				"east": {"uv": [4.5, 10, 5, 12], "texture": "#1"},
				"south": {"uv": [13, 0, 14, 2], "texture": "#1"},
				"west": {"uv": [5.5, 10, 6, 12], "texture": "#1"},
				"up": {"uv": [12, 3.5, 10, 3], "texture": "#1"},
				"down": {"uv": [2, 11.5, 0, 12], "texture": "#1"}
			}
		},
		{
			"from": [8.849, -14.016, 7.249],
			"to": [10.601, -12.314, 8.751],
			"rotation": {"angle": -45, "axis": "z", "origin": [8.76525, -12.22604, 8]},
			"faces": {
				"north": {"uv": [13, 1, 14.5, 2], "rotation": 270, "texture": "#1"},
				"east": {"uv": [3.5, 10, 4, 12], "texture": "#1"},
				"south": {"uv": [13, 2, 14.5, 4], "rotation": 270, "texture": "#1"},
				"west": {"uv": [5.5, 10, 6, 12], "texture": "#1"},
				"up": {"uv": [12, 3.5, 10, 3], "texture": "#1"},
				"down": {"uv": [2, 11.5, 0, 12], "texture": "#1"}
			}
		},
		{
			"from": [10.599, -14.016, 7.249],
			"to": [11.471, -13.214, 8.751],
			"rotation": {"angle": -45, "axis": "z", "origin": [8.76525, -12.22604, 8]},
			"faces": {
				"north": {"uv": [13, 0, 14, 2], "texture": "#1"},
				"east": {"uv": [4.5, 10, 5, 12], "texture": "#1"},
				"south": {"uv": [13, 0, 14, 2], "rotation": 270, "texture": "#1"},
				"west": {"uv": [5.5, 10, 6, 12], "texture": "#1"},
				"up": {"uv": [12, 3.5, 10, 3], "texture": "#1"},
				"down": {"uv": [2, 11.5, 0, 12], "texture": "#1"}
			}
		},
		{
			"from": [11.464, -14.016, 7.249],
			"to": [11.921, -13.634, 8.751],
			"rotation": {"angle": -45, "axis": "z", "origin": [8.76525, -12.22604, 8]},
			"faces": {
				"north": {"uv": [13, 0, 14, 2], "texture": "#1"},
				"east": {"uv": [4.5, 10, 5, 12], "texture": "#1"},
				"south": {"uv": [13, 0, 14, 2], "texture": "#1"},
				"west": {"uv": [5.5, 10, 6, 12], "texture": "#1"},
				"up": {"uv": [12, 3.5, 10, 3], "texture": "#1"},
				"down": {"uv": [2, 11.5, 0, 12], "texture": "#1"}
			}
		},
		{
			"from": [11.919, -14.016, 7.249],
			"to": [12.101, -13.814, 8.751],
			"rotation": {"angle": -45, "axis": "z", "origin": [8.76525, -12.22604, 8]},
			"faces": {
				"north": {"uv": [13, 0, 14, 2], "texture": "#1"},
				"east": {"uv": [4.5, 10, 5, 12], "texture": "#1"},
				"south": {"uv": [13, 0, 14, 2], "texture": "#1"},
				"west": {"uv": [5.5, 10, 6, 12], "texture": "#1"},
				"up": {"uv": [12, 3.5, 10, 3], "texture": "#1"},
				"down": {"uv": [2, 11.5, 0, 12], "texture": "#1"}
			}
		}
	],
	"gui_light": "front",
	"display": {
		"thirdperson_righthand": {
			"rotation": [180, 90, 0],
			"translation": [0, 8.25, 0.75],
			"scale": [0.6, 0.7, 0.6]
		},
		"thirdperson_lefthand": {
			"rotation": [180, -90, 0],
			"translation": [0, 7.75, 0.5],
			"scale": [0.6, 0.6, 0.6]
		},
		"firstperson_righthand": {
			"rotation": [-160, 90, 0],
			"translation": [2, 2.75, -0.5],
			"scale": [0.6, 0.6, 0.6]
		},
		"firstperson_lefthand": {
			"rotation": [-160, -90, 0],
			"translation": [2, 2.75, -0.5],
			"scale": [0.6, 0.6, 0.6]
		},
		"ground": {
			"rotation": [0, 0, 135],
			"translation": [2.5, 7, 0],
			"scale": [0.5, 0.5, 0.5]
		},
		"gui": {
			"rotation": [-180, 0, 45],
			"translation": [0, 0.25, 0],
			"scale": [0.45, 0.45, 0.5]
		},
		"head": {
			"translation": [0.25, 8.5, 0.75],
			"scale": [0.6, 0.6, 0.6]
		},
		"fixed": {
			"rotation": [0, 0, -135],
			"translation": [0, 0.5, -0.75],
			"scale": [0.5, 0.5, 0.5]
		}
	},
	"groups": [
		{
			"name": "sword",
			"origin": [8, 8, 8],
			"color": 0,
			"children": [
				{
					"name": "pommel",
					"origin": [8, 8, 8],
					"color": 0,
					"children": []
				},
				{
					"name": "grip",
					"origin": [8, 8, 8],
					"color": 0,
					"children": [0]
				},
				{
					"name": "guard",
					"origin": [8, 8, 8],
					"color": 0,
					"children": [
						{
							"name": "cross-guard",
							"origin": [8, 8, 8],
							"color": 0,
							"children": [1, 2, 3, 4]
						}
					]
				},
				{
					"name": "blade",
					"origin": [8, 8, 8],
					"color": 0,
					"children": [5, 6, 7, 8, 9, 10, 11, 12, 13, 14, 15]
				}
			]
		}
	]
}