{
	"credit": "Made with Blockbench",
	"texture_size": [32, 32],
	"textures": {
		"1": "epicfight:item/golden_spear",
		"particle": "epicfight:item/iron_spear"
	},
	"elements": [
		{
			"from": [6.375, 28.42615, 6.5],
			"to": [9.625, 31.67615, 9.5],
			"rotation": {"angle": 45, "axis": "z", "origin": [8, 30.05115, 8]},
			"faces": {
				"north": {"uv": [8, 8, 9.5, 9.5], "rotation": 90, "texture": "#1"},
				"east": {"uv": [1.5, 12, 0, 13], "rotation": 270, "texture": "#1"},
				"south": {"uv": [6, 10.5, 7.5, 9], "texture": "#1"},
				"west": {"uv": [10, 10.5, 8.5, 9.5], "rotation": 270, "texture": "#1"},
				"up": {"uv": [7.5, 9.5, 8.5, 11], "rotation": 270, "texture": "#1"},
				"down": {"uv": [9.5, 8, 10.5, 9.5], "rotation": 270, "texture": "#1"}
			}
		},
		{
			"from": [6.199, -2.501, 6.499],
			"to": [9.701, 1.001, 9.501],
			"rotation": {"angle": 45, "axis": "z", "origin": [8, -0.70549, 8]},
			"faces": {
				"north": {"uv": [8, 8, 9.5, 9.5], "rotation": 90, "texture": "#1"},
				"east": {"uv": [1.5, 12, 0, 13], "rotation": 270, "texture": "#1"},
				"south": {"uv": [6, 10.5, 7.5, 9], "texture": "#1"},
				"west": {"uv": [10, 10.5, 8.5, 9.5], "rotation": 270, "texture": "#1"},
				"up": {"uv": [7.5, 9.5, 8.5, 11], "rotation": 270, "texture": "#1"},
				"down": {"uv": [9.5, 8, 10.5, 9.5], "rotation": 270, "texture": "#1"}
			}
		},
		{
			"from": [7, 0, 7],
			"to": [9, 30, 9],
			"rotation": {"angle": 0, "axis": "y", "origin": [0, -13, 0]},
			"faces": {
				"north": {"uv": [6, 0, 7, 9], "texture": "#1"},
				"east": {"uv": [14, 0, 15, 9], "texture": "#1"},
				"south": {"uv": [7, 0, 8, 9], "texture": "#1"},
				"west": {"uv": [15, 0, 16, 9], "texture": "#1"},
				"up": {"uv": [11, 2, 10, 1], "texture": "#1"},
				"down": {"uv": [2.5, 12, 1.5, 13], "texture": "#1"}
			}
		},
		{
			"from": [5.75, -1, 6.75],
			"to": [10.25, 1.25, 9.25],
			"rotation": {"angle": 0, "axis": "y", "origin": [7.08112, 0.52279, 8]},
			"faces": {
				"north": {"uv": [8, 4, 11.5, 5], "texture": "#1"},
				"east": {"uv": [10, 2, 11, 3], "texture": "#1"},
				"south": {"uv": [8, 5, 11.5, 6], "texture": "#1"},
				"west": {"uv": [2.5, 12, 3.5, 13], "texture": "#1"},
				"up": {"uv": [11.5, 7, 8, 6], "texture": "#1"},
				"down": {"uv": [11.5, 7, 8, 8], "texture": "#1"}
			}
		},
		{
			"from": [6, -2.25, 6.5],
			"to": [11, 0, 9.5],
			"rotation": {"angle": 45, "axis": "z", "origin": [8, 0.125, 8]},
			"faces": {
				"north": {"uv": [9, 4, 10, 5], "texture": "#1"},
				"east": {"uv": [9, 4, 10, 5], "texture": "#1"},
				"south": {"uv": [9, 5, 10, 6], "texture": "#1"},
				"west": {"uv": [9, 5, 10, 6], "texture": "#1"},
				"up": {"uv": [9.5, 7, 8.5, 6], "texture": "#1"},
				"down": {"uv": [10, 7, 9, 8], "texture": "#1"}
			}
		},
		{
			"from": [5, -2.25, 6.5],
			"to": [10, 0, 9.5],
			"rotation": {"angle": -45, "axis": "z", "origin": [8, 0.125, 8]},
			"faces": {
				"north": {"uv": [9, 4, 10, 5], "texture": "#1"},
				"east": {"uv": [10, 2, 11, 3], "texture": "#1"},
				"south": {"uv": [9, 5, 10, 6], "texture": "#1"},
				"west": {"uv": [9, 4, 10, 5], "texture": "#1"},
				"up": {"uv": [9.5, 7, 8.5, 6], "texture": "#1"},
				"down": {"uv": [10, 7, 9, 8], "texture": "#1"}
			}
		},
		{
			"from": [6.499, -14.001, 7.249],
			"to": [9.501, -1.499, 8.751],
			"rotation": {"angle": 0, "axis": "y", "origin": [7.99646, -11.01768, 8]},
			"faces": {
				"north": {"uv": [3, 0, 5.5, 10], "texture": "#1"},
				"east": {"uv": [2.5, 0, 3, 10], "texture": "#1"},
				"south": {"uv": [0, 0, 2.5, 10], "texture": "#1"},
				"west": {"uv": [5.5, 0, 6, 10], "texture": "#1"},
				"up": {"uv": [12.5, 0.5, 10, 0], "texture": "#1"},
				"down": {"uv": [12.5, 0.5, 10, 1], "texture": "#1"}
			}
		},
		{
			"from": [9.05578, -14.226, 7.248],
			"to": [11.19978, -12.082, 8.752],
			"rotation": {"angle": -45, "axis": "z", "origin": [7.99646, -11.01768, 8]},
			"faces": {
				"north": {"uv": [3, 10, 5, 12], "rotation": 90, "texture": "#1"},
				"east": {"uv": [2, 11.5, 0, 12], "rotation": 270, "texture": "#1"},
				"south": {"uv": [0, 10, 2, 12], "rotation": 270, "texture": "#1"},
				"west": {"uv": [12, 3.5, 10, 3], "rotation": 270, "texture": "#1"},
				"up": {"uv": [3.5, 10, 4, 12], "rotation": 270, "texture": "#1"},
				"down": {"uv": [5.5, 10, 6, 12], "rotation": 270, "texture": "#1"}
			}
		},
		{
			"from": [3.10381, -7.08791, 7.249],
			"to": [5.96581, -5.67591, 8.751],
			"rotation": {"angle": -22.5, "axis": "z", "origin": [4.10843, -5.23198, 8]},
			"faces": {
				"north": {"uv": [0, 13.5, 1, 14], "rotation": 90, "texture": "#1"},
				"east": {"uv": [0.5, 11.5, 0, 12], "rotation": 270, "texture": "#1"},
				"south": {"uv": [0, 13.5, 1, 14], "rotation": 270, "texture": "#1"},
				"west": {"uv": [0.5, 12, 0, 11.5], "rotation": 270, "texture": "#1"},
				"up": {"uv": [0, 11.5, 0.5, 12], "rotation": 270, "texture": "#1"},
				"down": {"uv": [0, 11.5, 0.5, 12], "rotation": 270, "texture": "#1"}
			}
		},
		{
			"from": [5.55, -2.55, 7.25],
			"to": [10.55, -0.05, 8.75],
			"rotation": {"angle": 22.5, "axis": "z", "origin": [5.09567, -6.19218, 8]},
			"faces": {
				"north": {"uv": [0, 15, 3, 14], "texture": "#1"},
				"east": {"uv": [12.5, 0.5, 10, 0], "rotation": 90, "texture": "#1"},
				"south": {"uv": [0, 14, 3, 15], "rotation": 180, "texture": "#1"},
				"west": {"uv": [12.5, 0.5, 10, 1], "rotation": 90, "texture": "#1"},
				"up": {"uv": [3, 14.5, 4, 15], "rotation": 180, "texture": "#1"},
				"down": {"uv": [0.5, 13, 1.5, 13.5], "rotation": 180, "texture": "#1"}
			}
		},
		{
			"from": [3.1074, -6.85471, 7.25],
			"to": [5.1074, -0.35471, 8.75],
			"rotation": {"angle": 22.5, "axis": "z", "origin": [4.10843, -5.23198, 8]},
			"faces": {
				"north": {"uv": [2.625, 13, 0, 14], "rotation": 270, "texture": "#1"},
				"east": {"uv": [0.5, 13, 2.25, 13.5], "rotation": 90, "texture": "#1"},
				"south": {"uv": [0, 13, 2.625, 14], "rotation": 90, "texture": "#1"},
				"west": {"uv": [3, 13, 4, 13.5], "rotation": 270, "texture": "#1"},
				"up": {"uv": [5, 13.5, 4, 13], "texture": "#1"},
				"down": {"uv": [4, 14, 3, 14.5], "texture": "#1"}
			}
		},
		{
			"from": [6.28042, -6.95994, 7.25],
			"to": [8.28042, -2.95994, 8.75],
			"rotation": {"angle": 22.5, "axis": "z", "origin": [3.58042, -3.95994, 8]},
			"faces": {
				"north": {"uv": [0, 0, 1, 2.5], "texture": "#1"},
				"east": {"uv": [0, 0, 1, 2.5], "texture": "#1"},
				"south": {"uv": [0, 0, 1, 2.5], "texture": "#1"},
				"west": {"uv": [0, 0, 0.5, 2], "texture": "#1"},
				"up": {"uv": [12.5, 0.5, 10, 0], "texture": "#1"},
				"down": {"uv": [12.5, 0.5, 10, 1], "texture": "#1"}
			}
		},
		{
			"from": [11.649, -7.211, 7.249],
			"to": [14.461, -5.799, 8.751],
			"rotation": {"angle": 22.5, "axis": "z", "origin": [12.3979, -9.34787, 8]},
			"faces": {
				"north": {"uv": [0, 11.5, 0.5, 12], "texture": "#1"},
				"east": {"uv": [0, 11.5, 0.5, 12], "texture": "#1"},
				"south": {"uv": [0, 11.5, 0.5, 12], "texture": "#1"},
				"west": {"uv": [0, 11.5, 0.5, 12], "texture": "#1"},
				"up": {"uv": [0.5, 12, 0, 11.5], "texture": "#1"},
				"down": {"uv": [0.5, 11.5, 0, 12], "texture": "#1"}
			}
		},
		{
			"from": [5.45, -2.55, 7.25],
			"to": [10.45, -0.05, 8.75],
			"rotation": {"angle": -22.5, "axis": "z", "origin": [10.89567, -6.19218, 8]},
			"faces": {
				"north": {"uv": [3, 15, 0, 14], "texture": "#1"},
				"east": {"uv": [12.5, 0.5, 10, 1], "rotation": 270, "texture": "#1"},
				"south": {"uv": [0, 15, 3, 14], "texture": "#1"},
				"west": {"uv": [12.5, 0.5, 10, 0], "rotation": 270, "texture": "#1"},
				"up": {"uv": [3, 14.5, 4, 15], "rotation": 180, "texture": "#1"},
				"down": {"uv": [2, 14, 3, 14.5], "rotation": 180, "texture": "#1"}
			}
		},
		{
			"from": [11.95593, -8.26355, 7.25],
			"to": [13.95593, -1.76355, 8.75],
			"rotation": {"angle": -22.5, "axis": "z", "origin": [15.95593, -3.26355, 8]},
			"faces": {
				"north": {"uv": [0, 13, 2.625, 14], "rotation": 90, "texture": "#1"},
				"east": {"uv": [3, 13, 4, 13.5], "rotation": 270, "texture": "#1"},
				"south": {"uv": [2.625, 13, 0, 14], "rotation": 270, "texture": "#1"},
				"west": {"uv": [0.5, 13, 2.25, 13.5], "rotation": 90, "texture": "#1"},
				"up": {"uv": [5, 13.5, 4, 13], "rotation": 180, "texture": "#1"},
				"down": {"uv": [4, 14, 3, 14.5], "texture": "#1"}
			}
		},
		{
			"from": [8.35593, -8.26355, 7.25],
			"to": [10.35593, -4.26355, 8.75],
			"rotation": {"angle": -22.5, "axis": "z", "origin": [15.95593, -3.26355, 8]},
			"faces": {
				"north": {"uv": [2.5, 0, 3.5, 2.5], "texture": "#1"},
				"east": {"uv": [3, 0, 3.5, 2.5], "texture": "#1"},
				"south": {"uv": [2.5, 0, 3.5, 2.5], "texture": "#1"},
				"west": {"uv": [2.5, 0, 3, 2.5], "texture": "#1"},
				"up": {"uv": [12.5, 0.5, 10, 0], "texture": "#1"},
				"down": {"uv": [12.5, 0.5, 10, 1], "texture": "#1"}
			}
		}
	],
	"gui_light": "front",
	"display": {
		"thirdperson_righthand": {
			"rotation": [180, 90, 0],
			"translation": [0, 1.75, 0.75],
			"scale": [0.95, 1, 0.6]
		},
		"thirdperson_lefthand": {
			"rotation": [180, -90, 0],
			"translation": [0, 7.75, 0.5],
			"scale": [0.6, 0.6, 0.6]
		},
		"firstperson_righthand": {
			"rotation": [-160, 90, 0],
			"translation": [2, 2.75, -0.5],
			"scale": [0.6, 0.6, 0.6]
		},
		"firstperson_lefthand": {
			"rotation": [-160, -90, 0],
			"translation": [2, 2.75, -0.5],
			"scale": [0.6, 0.6, 0.6]
		},
		"ground": {
			"rotation": [0, 0, 135],
			"translation": [2.5, 8.5, 0],
			"scale": [0.75, 0.71, 0.5]
		},
		"gui": {
			"rotation": [0, 0, 135],
			"translation": [0, 0.25, -0.75],
			"scale": [0.5, 0.5, 0.6]
		},
		"head": {
			"translation": [0.25, 8.5, 0.75],
			"scale": [0.6, 0.6, 0.6]
		},
		"fixed": {
			"rotation": [0, 0, -135],
			"translation": [-0.25, 0, -0.75],
			"scale": [0.6, 0.6, 0.6]
		}
	},
	"groups": [
		{
			"name": "sword",
			"origin": [8, 8, 8],
			"color": 0,
			"children": [
				{
					"name": "pommel",
					"origin": [8, 8, 8],
					"color": 0,
					"children": [0, 1]
				},
				{
					"name": "grip",
					"origin": [8, 8, 8],
					"color": 0,
					"children": [2]
				},
				{
					"name": "guard",
					"origin": [8, 8, 8],
					"color": 0,
					"children": [
						{
							"name": "cross-guard",
							"origin": [8, 8, 8],
							"color": 0,
							"children": [3, 4, 5]
						}
					]
				},
				{
					"name": "blade",
					"origin": [8, 8, 8],
					"color": 0,
					"children": [6, 7, 8, 9, 10, 11, 12, 13, 14, 15]
				}
			]
		}
	]
}