{
	"credit": "Made with Blockbench",
	"texture_size": [32, 32],
	"textures": {
		"2": "epicfight:item/golden_dagger",
		"particle": "epicfight:item/golden_dagger"
	},
	"elements": [
		{
			"from": [6.75, 18.5, 7.25],
			"to": [9.25, 28.75, 8.75],
			"rotation": {"angle": 0, "axis": "y", "origin": [8, 25, 8]},
			"faces": {
				"north": {"uv": [6, 0, 7, 4.5], "texture": "#2"},
				"east": {"uv": [6, 4.5, 7, 9], "texture": "#2"},
				"south": {"uv": [7, 0, 8, 4.5], "texture": "#2"},
				"west": {"uv": [7, 4.5, 8, 9], "texture": "#2"},
				"up": {"uv": [11, 2, 10, 1], "texture": "#2"},
				"down": {"uv": [2.5, 12, 1.5, 13], "texture": "#2"}
			}
		},
		{
			"from": [3.549, 17.149, 6.999],
			"to": [12.351, 18.501, 9.001],
			"rotation": {"angle": 0, "axis": "z", "origin": [4.86136, 18.03661, 8]},
			"faces": {
				"north": {"uv": [11.5, 5, 8, 6], "texture": "#2"},
				"east": {"uv": [10, 2, 11, 3], "texture": "#2"},
				"south": {"uv": [8, 5, 11.5, 6], "texture": "#2"},
				"west": {"uv": [11, 2, 12, 3], "texture": "#2"},
				"up": {"uv": [11.5, 7, 8, 6], "texture": "#2"},
				"down": {"uv": [11.5, 7, 8, 8], "texture": "#2"}
			}
		},
		{
			"from": [8.249, 23.249, 6.999],
			"to": [11.701, 24.501, 9.001],
			"rotation": {"angle": 45, "axis": "z", "origin": [4.24264, 19.53921, 8]},
			"faces": {
				"north": {"uv": [5, 14, 8.5, 15], "texture": "#2"},
				"east": {"uv": [5, 14, 8.5, 15], "texture": "#2"},
				"south": {"uv": [5, 15, 8.5, 16], "texture": "#2"},
				"west": {"uv": [5, 14, 8.5, 15], "texture": "#2"},
				"up": {"uv": [11.5, 7, 8, 6], "texture": "#2"},
				"down": {"uv": [11.5, 6, 8, 7], "texture": "#2"}
			}
		},
		{
			"from": [6, 27.05, 7],
			"to": [9.8, 28.3, 9],
			"rotation": {"angle": 0, "axis": "z", "origin": [8.02566, 29.47406, 8]},
			"faces": {
				"north": {"uv": [5, 14, 8.5, 15], "texture": "#2"},
				"east": {"uv": [5, 15, 8.5, 16], "texture": "#2"},
				"south": {"uv": [5, 15, 8.5, 16], "texture": "#2"},
				"west": {"uv": [5, 15, 8.5, 16], "texture": "#2"},
				"up": {"uv": [11.5, 7, 8, 6], "texture": "#2"},
				"down": {"uv": [11.5, 6, 8, 7], "texture": "#2"}
			}
		},
		{
			"from": [3.55, 18.43749, 7],
			"to": [4.85, 25.88749, 9],
			"rotation": {"angle": 0, "axis": "z", "origin": [4.24264, 25.33749, 8]},
			"faces": {
				"north": {"uv": [8, 4, 11.5, 5], "rotation": 270, "texture": "#2"},
				"east": {"uv": [11.5, 6, 8, 7], "rotation": 270, "texture": "#2"},
				"south": {"uv": [11.5, 4, 8, 5], "rotation": 90, "texture": "#2"},
				"west": {"uv": [11.5, 4, 8, 3], "rotation": 270, "texture": "#2"},
				"up": {"uv": [10, 2, 11, 3], "rotation": 270, "texture": "#2"},
				"down": {"uv": [2.5, 12, 3.5, 13], "rotation": 270, "texture": "#2"}
			}
		},
		{
			"from": [4.3, 14.8, 6.75],
			"to": [6.8, 17.3, 9.25],
			"rotation": {"angle": -45, "axis": "z", "origin": [8.1, 13.6, 8]},
			"faces": {
				"north": {"uv": [10, 9.5, 11.5, 11], "rotation": 90, "texture": "#2"},
				"east": {"uv": [10, 14, 11.5, 14.5], "rotation": 270, "texture": "#2"},
				"south": {"uv": [10, 11, 11.5, 12.5], "rotation": 270, "texture": "#2"},
				"west": {"uv": [10, 13.5, 11.5, 14], "rotation": 270, "texture": "#2"},
				"up": {"uv": [10, 13, 11.5, 13.5], "texture": "#2"},
				"down": {"uv": [10, 12.5, 11.5, 13], "texture": "#2"}
			}
		},
		{
			"from": [-1.751, 17.849, 7.249],
			"to": [3.001, 22.601, 8.751],
			"rotation": {"angle": 45, "axis": "z", "origin": [8, 27.75, 8]},
			"faces": {
				"north": {"uv": [2.5, 7.5, 5, 10], "texture": "#2"},
				"east": {"uv": [10.5, 14.5, 12, 16], "texture": "#2"},
				"south": {"uv": [0, 7.5, 2.5, 10], "rotation": 90, "texture": "#2"},
				"west": {"uv": [11.5, 9.5, 13, 11], "texture": "#2"},
				"up": {"uv": [12, 16, 10.5, 14.5], "texture": "#2"},
				"down": {"uv": [16, 9.5, 14.5, 11], "texture": "#2"}
			}
		},
		{
			"from": [3.749, 2.849, 7.249],
			"to": [6.751, 10.351, 8.751],
			"rotation": {"angle": -45, "axis": "z", "origin": [8.90626, 6.42045, 8]},
			"faces": {
				"north": {"uv": [3, 0, 5.5, 4.5], "texture": "#2"},
				"east": {"uv": [2.5, 0, 3, 3], "texture": "#2"},
				"south": {"uv": [0, 0, 2.5, 4.5], "texture": "#2"},
				"west": {"uv": [5.5, 0, 6, 3], "texture": "#2"},
				"up": {"uv": [12.5, 0.5, 10, 0], "texture": "#2"},
				"down": {"uv": [12.5, 0.5, 10, 1], "texture": "#2"}
			}
		},
		{
			"from": [6.748, 2.848, 7.248],
			"to": [10.152, 6.252, 8.752],
			"rotation": {"angle": -45, "axis": "z", "origin": [8.90626, 6.42045, 8]},
			"faces": {
				"north": {"uv": [2, 4.5, 0, 6.5], "rotation": 90, "texture": "#2"},
				"east": {"uv": [2, 11.5, 0, 12], "rotation": 270, "texture": "#2"},
				"south": {"uv": [3.5, 4.5, 5.5, 6.5], "rotation": 90, "texture": "#2"},
				"west": {"uv": [12, 3.5, 10, 3], "rotation": 270, "texture": "#2"},
				"up": {"uv": [3.5, 10, 4, 12], "rotation": 270, "texture": "#2"},
				"down": {"uv": [5.5, 10, 6, 12], "rotation": 270, "texture": "#2"}
			}
		},
		{
			"from": [6.1, 10.75, 7.25],
			"to": [10.15, 17.05, 8.75],
			"rotation": {"angle": 0, "axis": "z", "origin": [7.21109, 12.16206, 8]},
			"faces": {
				"north": {"uv": [16, 0, 13, 2], "texture": "#2"},
				"east": {"uv": [4, 10, 4.5, 12], "texture": "#2"},
				"south": {"uv": [13, 0, 16, 2], "texture": "#2"},
				"west": {"uv": [5.5, 10, 6, 12], "texture": "#2"},
				"up": {"uv": [12, 3.5, 10, 3], "texture": "#2"},
				"down": {"uv": [2, 11.5, 0, 12], "texture": "#2"}
			}
		},
		{
			"from": [10.148, 2.848, 7.248],
			"to": [11.652, 8.352, 8.752],
			"rotation": {"angle": -45, "axis": "z", "origin": [8.90626, 6.42045, 8]},
			"faces": {
				"north": {"uv": [0, 7, 1, 5], "texture": "#2"},
				"east": {"uv": [2, 11.5, 0, 12], "rotation": 270, "texture": "#2"},
				"south": {"uv": [4.5, 5, 6, 7], "rotation": 270, "texture": "#2"},
				"west": {"uv": [2, 11.5, 0, 11], "rotation": 270, "texture": "#2"},
				"up": {"uv": [3.5, 11.5, 3, 12], "rotation": 270, "texture": "#2"},
				"down": {"uv": [5.5, 10, 6, 12], "rotation": 270, "texture": "#2"}
			}
		}
	],
	"gui_light": "front",
	"display": {
		"thirdperson_righthand": {
			"rotation": [180, 90, 0],
			"translation": [0, 6.75, 0.75],
			"scale": [0.6, 0.6, 0.6]
		},
		"thirdperson_lefthand": {
			"rotation": [180, -90, 0],
			"translation": [0, 6.75, 0.75],
			"scale": [0.6, 0.6, 0.6]
		},
		"firstperson_righthand": {
			"rotation": [-160, 90, 0],
			"translation": [2, 2.75, -0.5],
			"scale": [0.6, 0.6, 0.6]
		},
		"firstperson_lefthand": {
			"rotation": [-160, -90, 0],
			"translation": [2, 2.75, -0.5],
			"scale": [0.6, 0.6, 0.6]
		},
		"ground": {
			"rotation": [0, 0, 135],
			"translation": [2.5, 7, 0],
			"scale": [0.5, 0.5, 0.5]
		},
		"gui": {
			"rotation": [0, -180, -135],
			"translation": [3.75, 3.75, -0.75],
			"scale": [0.7, 0.7, 0.7]
		},
		"head": {
			"translation": [0.25, 8.5, 0.75],
			"scale": [0.6, 0.6, 0.6]
		},
		"fixed": {
			"rotation": [0, 0, -135],
			"translation": [-3.75, 3.75, -0.75],
			"scale": [0.7, 0.7, 0.7]
		}
	},
	"groups": [
		{
			"name": "sword",
			"origin": [8, 8, 8],
			"color": 0,
			"children": [
				{
					"name": "pommel",
					"origin": [8, 8, 8],
					"color": 0,
					"children": []
				},
				{
					"name": "grip",
					"origin": [8, 8, 8],
					"color": 0,
					"children": [0]
				},
				{
					"name": "guard",
					"origin": [8, 8, 8],
					"color": 0,
					"children": [
						{
							"name": "cross-guard",
							"origin": [8, 8, 8],
							"color": 0,
							"children": [1, 2, 3, 4, 5]
						}
					]
				},
				{
					"name": "blade",
					"origin": [8, 8, 8],
					"color": 0,
					"children": [6, 7, 8, 9, 10]
				}
			]
		}
	]
}