{
	"credit": "Made with Blockbench",
	"texture_size": [32, 32],
	"textures": {
		"2": "item/iron_sword",
		"particle": "item/iron_sword"
	},
	"elements": [
		{
			"from": [5.5, 28, 6.5],
			"to": [8.5, 31, 9.5],
			"rotation": {"angle": 45, "axis": "z", "origin": [8, 30.5, 8]},
			"faces": {
				"north": {"uv": [8, 8, 9.5, 9.5], "texture": "#2"},
				"east": {"uv": [7.5, 9.5, 8.5, 11], "texture": "#2"},
				"south": {"uv": [6, 9, 7.5, 10.5], "texture": "#2"},
				"west": {"uv": [9.5, 8, 10.5, 9.5], "texture": "#2"},
				"up": {"uv": [10, 10.5, 8.5, 9.5], "texture": "#2"},
				"down": {"uv": [1.5, 12, 0, 13], "texture": "#2"}
			}
		},
		{
			"from": [7, 17, 7],
			"to": [9, 30, 9],
			"faces": {
				"north": {"uv": [6, 0, 7, 4.5], "texture": "#2"},
				"east": {"uv": [6, 4.5, 7, 9], "texture": "#2"},
				"south": {"uv": [7, 0, 8, 4.5], "texture": "#2"},
				"west": {"uv": [7, 4.5, 8, 9], "texture": "#2"},
				"up": {"uv": [11, 2, 10, 1], "texture": "#2"},
				"down": {"uv": [2.5, 12, 1.5, 13], "texture": "#2"}
			}
		},
		{
			"from": [5, 14.5, 6.5],
			"to": [11, 17, 9.5],
			"rotation": {"angle": 0, "axis": "y", "origin": [0.5, -4, 0]},
			"faces": {
				"north": {"uv": [8, 4, 11.5, 5], "texture": "#2"},
				"east": {"uv": [10, 2, 11, 3], "texture": "#2"},
				"south": {"uv": [8, 5, 11.5, 6], "texture": "#2"},
				"west": {"uv": [2.5, 12, 3.5, 13], "texture": "#2"},
				"up": {"uv": [11.5, 7, 8, 6], "texture": "#2"},
				"down": {"uv": [11.5, 7, 8, 8], "texture": "#2"}
			}
		},
		{
			"from": [10, 14.75, 7],
			"to": [14, 16.75, 9],
			"rotation": {"angle": 0, "axis": "y", "origin": [0, -4, 0]},
			"faces": {
				"north": {"uv": [12, 12, 14, 13], "texture": "#2"},
				"east": {"uv": [13, 11, 14, 12], "texture": "#2"},
				"south": {"uv": [12, 15, 14, 16], "texture": "#2"},
				"west": {"uv": [12, 11, 13, 12], "texture": "#2"},
				"up": {"uv": [12, 13, 14, 14], "texture": "#2"},
				"down": {"uv": [12, 14, 14, 15], "texture": "#2"}
			}
		},
		{
			"from": [2, 14.75, 7],
			"to": [6, 16.75, 9],
			"rotation": {"angle": 0, "axis": "y", "origin": [0, -4, 0]},
			"faces": {
				"north": {"uv": [14, 12, 16, 13], "texture": "#2"},
				"east": {"uv": [15, 11, 16, 12], "texture": "#2"},
				"south": {"uv": [14, 15, 16, 16], "texture": "#2"},
				"west": {"uv": [14, 11, 15, 12], "texture": "#2"},
				"up": {"uv": [14, 13, 16, 14], "texture": "#2"},
				"down": {"uv": [14, 14, 16, 15], "texture": "#2"}
			}
		},
		{
			"from": [7, 9, 6.75],
			"to": [9, 15, 9.25],
			"rotation": {"angle": 0, "axis": "y", "origin": [0, -4, 0]},
			"faces": {
				"north": {"uv": [6.5, 13, 7.5, 16], "texture": "#2"},
				"east": {"uv": [7.5, 13, 8.75, 16], "texture": "#2"},
				"south": {"uv": [5.5, 13, 6.5, 16], "texture": "#2"},
				"west": {"uv": [7.5, 13, 8.75, 16], "texture": "#2"},
				"up": {"uv": [9, 14.75, 10, 16], "texture": "#2"},
				"down": {"uv": [9, 14.75, 10, 16], "texture": "#2"}
			}
		},
		{
			"from": [7.999, 7.999, 6.749],
			"to": [9.401, 9.401, 9.251],
			"rotation": {"angle": 45, "axis": "z", "origin": [8, 8, 8]},
			"faces": {
				"north": {"uv": [6.5, 15.5, 7.5, 16], "texture": "#2"},
				"east": {"uv": [6.5, 15.5, 7.25, 16], "texture": "#2"},
				"south": {"uv": [5.5, 15.5, 6.5, 16], "texture": "#2"},
				"west": {"uv": [5.5, 15.5, 6.25, 16], "texture": "#2"},
				"up": {"uv": [5.5, 15.75, 6.5, 16], "texture": "#2"},
				"down": {"uv": [6.5, 15.5, 7.5, 16], "texture": "#2"}
			}
		},
		{
			"from": [5.5, -14, 7.25],
			"to": [10.5, 16, 8.75],
			"rotation": {"angle": 0, "axis": "y", "origin": [0, -10, 0]},
			"faces": {
				"north": {"uv": [3, 0, 5.5, 10], "texture": "#2"},
				"east": {"uv": [2.5, 0, 3, 10], "texture": "#2"},
				"south": {"uv": [0, 0, 2.5, 10], "texture": "#2"},
				"west": {"uv": [5.5, 0, 6, 10], "texture": "#2"},
				"up": {"uv": [12.5, 0.5, 10, 0], "texture": "#2"},
				"down": {"uv": [12.5, 0.5, 10, 1], "texture": "#2"}
			}
		},
		{
			"from": [6.249, -15.751, 7.249],
			"to": [9.751, -12.249, 8.751],
			"rotation": {"angle": -45, "axis": "z", "origin": [8, -14, 8]},
			"faces": {
				"north": {"uv": [3, 10, 5, 12], "rotation": 90, "texture": "#2"},
				"east": {"uv": [2, 11.5, 0, 12], "rotation": 270, "texture": "#2"},
				"south": {"uv": [0, 10, 2, 12], "rotation": 270, "texture": "#2"},
				"west": {"uv": [12, 3.5, 10, 3], "rotation": 270, "texture": "#2"},
				"up": {"uv": [3.5, 10, 4, 12], "rotation": 270, "texture": "#2"},
				"down": {"uv": [5.5, 10, 6, 12], "rotation": 270, "texture": "#2"}
			}
		}
	],
	"gui_light": "front",
	"display": {
		"thirdperson_righthand": {
			"rotation": [180, 90, 0],
			"translation": [0, 5.25, 0.5],
			"scale": [0.6, 0.6, 0.6]
		},
		"thirdperson_lefthand": {
			"rotation": [180, 90, 0],
			"translation": [0, 5.25, 0.5],
			"scale": [0.6, 0.6, 0.6]
		},
		"firstperson_righthand": {
			"rotation": [-160, 90, 0],
			"translation": [2, 2.75, -0.5],
			"scale": [0.6, 0.6, 0.6]
		},
		"firstperson_lefthand": {
			"rotation": [-160, -90, 0],
			"translation": [2, 2.75, -0.5],
			"scale": [0.6, 0.6, 0.6]
		},
		"ground": {
			"rotation": [0, 0, 135],
			"translation": [2.5, 7, 0],
			"scale": [0.5, 0.5, 0.5]
		},
		"gui": {
			"rotation": [-180, 0, 45],
			"translation": [-0.25, -0.25, 0],
			"scale": [0.45, 0.45, 0.45]
		},
		"head": {
			"translation": [0.25, 8.5, 0.75],
			"scale": [0.6, 0.6, 0.6]
		},
		"fixed": {
			"rotation": [0, 0, -135],
			"translation": [0.25, -0.5, -0.75],
			"scale": [0.55, 0.55, 0.55]
		}
	},
	"groups": [
		{
			"name": "sword",
			"origin": [8, 8, 8],
			"color": 0,
			"children": [
				{
					"name": "pommel",
					"origin": [8, 8, 8],
					"color": 0,
					"children": [0]
				},
				{
					"name": "grip",
					"origin": [8, 8, 8],
					"color": 0,
					"children": [1]
				},
				{
					"name": "guard",
					"origin": [8, 8, 8],
					"color": 0,
					"children": [
						{
							"name": "cross-guard",
							"origin": [8, 8, 8],
							"color": 0,
							"children": [2, 3, 4, 5, 6]
						}
					]
				},
				{
					"name": "blade",
					"origin": [8, 8, 8],
					"color": 0,
					"children": [7, 8]
				}
			]
		}
	]
}