{
	"credit": "Made with Blockbench",
	"texture_size": [32, 32],
	"textures": {
		"2": "item/iron_sword",
		"particle": "item/iron_sword"
	},
	"elements": [
		{
			"from": [6.5, 29, 6.5],
			"to": [9.5, 32, 9.5],
			"rotation": {"angle": 45, "axis": "z", "origin": [8, 30.5, 8]},
			"faces": {
				"north": {"uv": [8, 8, 9.5, 9.5], "texture": "#2"},
				"east": {"uv": [7.5, 9.5, 8.5, 11], "texture": "#2"},
				"south": {"uv": [6, 9, 7.5, 10.5], "texture": "#2"},
				"west": {"uv": [9.5, 8, 10.5, 9.5], "texture": "#2"},
				"up": {"uv": [10, 10.5, 8.5, 9.5], "texture": "#2"},
				"down": {"uv": [1.5, 12, 0, 13], "texture": "#2"}
			}
		},
		{
			"from": [-2.5, 20, 6.5],
			"to": [0.5, 23, 9.5],
			"rotation": {"angle": 45, "axis": "z", "origin": [8, 30.5, 8]},
			"faces": {
				"north": {"uv": [8, 8, 9.5, 9.5], "texture": "#2"},
				"east": {"uv": [7.5, 9.5, 8.5, 11], "texture": "#2"},
				"south": {"uv": [6, 9, 7.5, 10.5], "texture": "#2"},
				"west": {"uv": [9.5, 8, 10.5, 9.5], "texture": "#2"},
				"up": {"uv": [10, 10.5, 8.5, 9.5], "texture": "#2"},
				"down": {"uv": [1.5, 12, 0, 13], "texture": "#2"}
			}
		},
		{
			"from": [7, 18, 7],
			"to": [9, 31, 9],
			"faces": {
				"north": {"uv": [6, 0, 7, 4.5], "texture": "#2"},
				"east": {"uv": [6, 4.5, 7, 9], "texture": "#2"},
				"south": {"uv": [7, 0, 8, 4.5], "texture": "#2"},
				"west": {"uv": [7, 4.5, 8, 9], "texture": "#2"},
				"up": {"uv": [11, 2, 10, 1], "texture": "#2"},
				"down": {"uv": [2.5, 12, 1.5, 13], "texture": "#2"}
			}
		},
		{
			"from": [9, 15, 7],
			"to": [14, 16.5, 9],
			"rotation": {"angle": -22.5, "axis": "z", "origin": [13, 15.75, 8]},
			"faces": {
				"north": {"uv": [12, 12, 14, 13], "texture": "#2"},
				"east": {"uv": [13, 11, 14, 12], "texture": "#2"},
				"south": {"uv": [12, 15, 14, 16], "texture": "#2"},
				"west": {"uv": [12, 11, 13, 12], "texture": "#2"},
				"up": {"uv": [12, 13, 14, 14], "texture": "#2"},
				"down": {"uv": [12, 14, 14, 15], "texture": "#2"}
			}
		},
		{
			"from": [1, 15, 7],
			"to": [7, 16.5, 9],
			"rotation": {"angle": 22.5, "axis": "z", "origin": [3, 15.75, 8]},
			"faces": {
				"north": {"uv": [14, 12, 16, 13], "texture": "#2"},
				"east": {"uv": [15, 11, 16, 12], "texture": "#2"},
				"south": {"uv": [14, 15, 16, 16], "texture": "#2"},
				"west": {"uv": [14, 11, 15, 12], "texture": "#2"},
				"up": {"uv": [14, 13, 16, 14], "texture": "#2"},
				"down": {"uv": [14, 14, 16, 15], "texture": "#2"}
			}
		},
		{
			"from": [7, 11, 6.75],
			"to": [9, 17, 9.25],
			"rotation": {"angle": 0, "axis": "y", "origin": [0, -3, 0]},
			"faces": {
				"north": {"uv": [6.5, 13, 7.5, 16], "texture": "#2"},
				"east": {"uv": [7.5, 13, 8.75, 16], "texture": "#2"},
				"south": {"uv": [5.5, 13, 6.5, 16], "texture": "#2"},
				"west": {"uv": [7.5, 13, 8.75, 16], "texture": "#2"},
				"up": {"uv": [9, 14.75, 10, 16], "texture": "#2"},
				"down": {"uv": [9, 14.75, 10, 16], "texture": "#2"}
			}
		},
		{
			"from": [9.424, 9.424, 6.749],
			"to": [10.826, 10.826, 9.251],
			"rotation": {"angle": 45, "axis": "z", "origin": [8, 8, 8]},
			"faces": {
				"north": {"uv": [6.5, 15.5, 7.5, 16], "texture": "#2"},
				"east": {"uv": [6.5, 15.5, 7.25, 16], "texture": "#2"},
				"south": {"uv": [5.5, 15.5, 6.5, 16], "texture": "#2"},
				"west": {"uv": [5.5, 15.5, 6.25, 16], "texture": "#2"},
				"up": {"uv": [5.5, 15.75, 6.5, 16], "texture": "#2"},
				"down": {"uv": [6.5, 15.5, 7.5, 16], "texture": "#2"}
			}
		},
		{
			"from": [13.649, 13.999, 6.999],
			"to": [16.651, 17.001, 9.001],
			"rotation": {"angle": 22.5, "axis": "z", "origin": [16, 14, 8]},
			"faces": {
				"north": {"uv": [8, 8, 9.5, 9.5], "texture": "#2"},
				"east": {"uv": [7.5, 9.5, 8.5, 11], "texture": "#2"},
				"south": {"uv": [6, 9, 7.5, 10.5], "texture": "#2"},
				"west": {"uv": [9.5, 8.5, 10.5, 9.5], "rotation": 180, "texture": "#2"},
				"up": {"uv": [8.5, 9.5, 9, 10.5], "texture": "#2"},
				"down": {"uv": [9.5, 8, 10.5, 9.5], "rotation": 270, "texture": "#2"}
			}
		},
		{
			"from": [-0.951, 14.499, 6.999],
			"to": [2.051, 17.501, 9.001],
			"rotation": {"angle": -22.5, "axis": "z", "origin": [-1.50048, 13.78661, 8]},
			"faces": {
				"north": {"uv": [6, 9, 7.5, 10.5], "texture": "#2"},
				"east": {"uv": [9.5, 8, 10.5, 9.5], "texture": "#2"},
				"south": {"uv": [8, 8, 9.5, 9.5], "texture": "#2"},
				"west": {"uv": [7.5, 9.5, 8.5, 11], "texture": "#2"},
				"up": {"uv": [8.5, 9.5, 10, 10.5], "texture": "#2"},
				"down": {"uv": [8.5, 9.5, 10, 10.5], "texture": "#2"}
			}
		},
		{
			"from": [4.5, -13, 7.25],
			"to": [11.5, 17, 8.75],
			"rotation": {"angle": 0, "axis": "y", "origin": [0, -9, 0]},
			"faces": {
				"north": {"uv": [3, 0, 5.5, 10], "texture": "#2"},
				"east": {"uv": [2.5, 0, 3, 10], "texture": "#2"},
				"south": {"uv": [0, 0, 2.5, 10], "texture": "#2"},
				"west": {"uv": [5.5, 0, 6, 10], "texture": "#2"},
				"up": {"uv": [12.5, 0.5, 10, 0], "texture": "#2"},
				"down": {"uv": [12.5, 0.5, 10, 1], "texture": "#2"}
			}
		},
		{
			"from": [5.499, -15.501, 7.249],
			"to": [10.501, -10.499, 8.751],
			"rotation": {"angle": -45, "axis": "z", "origin": [8, -13, 8]},
			"faces": {
				"north": {"uv": [3, 10, 5, 12], "rotation": 90, "texture": "#2"},
				"east": {"uv": [2, 11.5, 0, 12], "rotation": 270, "texture": "#2"},
				"south": {"uv": [0, 10, 2, 12], "rotation": 270, "texture": "#2"},
				"west": {"uv": [12, 3.5, 10, 3], "rotation": 270, "texture": "#2"},
				"up": {"uv": [3.5, 10, 4, 12], "rotation": 270, "texture": "#2"},
				"down": {"uv": [5.5, 10, 6, 12], "rotation": 270, "texture": "#2"}
			}
		}
	],
	"gui_light": "front",
	"display": {
		"thirdperson_righthand": {
			"rotation": [180, 90, 0],
			"translation": [0, 8, 0.75],
			"scale": [0.75, 0.75, 0.75]
		},
		"thirdperson_lefthand": {
			"rotation": [180, 90, 0],
			"translation": [0, 5.25, 0.5],
			"scale": [0.6, 0.6, 0.6]
		},
		"firstperson_righthand": {
			"rotation": [-160, 90, 0],
			"translation": [2, 2.75, -0.5],
			"scale": [0.6, 0.6, 0.6]
		},
		"firstperson_lefthand": {
			"rotation": [-160, -90, 0],
			"translation": [2, 2.75, -0.5],
			"scale": [0.6, 0.6, 0.6]
		},
		"ground": {
			"rotation": [0, 0, 135],
			"translation": [2.5, 7, 0],
			"scale": [0.5, 0.5, 0.5]
		},
		"gui": {
			"rotation": [-180, 0, 45],
			"scale": [0.45, 0.45, 0.45]
		},
		"head": {
			"translation": [0.25, 8.5, 0.75],
			"scale": [0.6, 0.6, 0.6]
		},
		"fixed": {
			"rotation": [0, 0, -135],
			"translation": [-0.5, 0.25, -0.75],
			"scale": [0.65, 0.65, 0.65]
		}
	},
	"groups": [
		{
			"name": "sword",
			"origin": [8, 8, 8],
			"color": 0,
			"children": [
				{
					"name": "pommel",
					"origin": [8, 8, 8],
					"color": 0,
					"children": [0, 1]
				},
				{
					"name": "grip",
					"origin": [8, 8, 8],
					"color": 0,
					"children": [2]
				},
				{
					"name": "guard",
					"origin": [8, 8, 8],
					"color": 0,
					"children": [
						{
							"name": "cross-guard",
							"origin": [8, 8, 8],
							"color": 0,
							"children": [3, 4, 5, 6, 7, 8]
						}
					]
				},
				{
					"name": "blade",
					"origin": [8, 8, 8],
					"color": 0,
					"children": [9, 10]
				}
			]
		}
	]
}