{
	"credit": "Made with Blockbench",
	"texture_size": [32, 32],
	"textures": {
		"1": "epicfight:item/iron_dagger"
	},
	"elements": [
		{
			"from": [6.75, 19, 7.25],
			"to": [9.25, 28, 8.75],
			"rotation": {"angle": 0, "axis": "y", "origin": [8, 25.5, 8]},
			"faces": {
				"north": {"uv": [6, 0, 7, 4.5], "texture": "#1"},
				"east": {"uv": [6, 4.5, 7, 9], "texture": "#1"},
				"south": {"uv": [7, 0, 8, 4.5], "texture": "#1"},
				"west": {"uv": [7, 4.5, 8, 9], "texture": "#1"},
				"up": {"uv": [11, 2, 10, 1], "texture": "#1"},
				"down": {"uv": [2.5, 12, 1.5, 13], "texture": "#1"}
			}
		},
		{
			"from": [4.749, 17.249, 6.999],
			"to": [11.251, 19.001, 9.001],
			"rotation": {"angle": 0, "axis": "y", "origin": [0.5, 0, 0]},
			"faces": {
				"north": {"uv": [8, 4, 11.5, 5], "texture": "#1"},
				"east": {"uv": [10, 2, 11, 3], "texture": "#1"},
				"south": {"uv": [8, 5, 11.5, 6], "texture": "#1"},
				"west": {"uv": [2.5, 12, 3.5, 13], "texture": "#1"},
				"up": {"uv": [11.5, 7, 8, 6], "texture": "#1"},
				"down": {"uv": [11.5, 7, 8, 8], "texture": "#1"}
			}
		},
		{
			"from": [7.499, 14.999, 6.749],
			"to": [8.501, 19.501, 9.251],
			"faces": {
				"north": {"uv": [6.5, 13, 7.5, 16], "texture": "#1"},
				"east": {"uv": [7.5, 13, 8.75, 16], "texture": "#1"},
				"south": {"uv": [5.5, 13, 6.5, 16], "texture": "#1"},
				"west": {"uv": [7.5, 13, 8.75, 16], "texture": "#1"},
				"up": {"uv": [9, 14.75, 10, 16], "texture": "#1"},
				"down": {"uv": [9, 14.75, 10, 16], "texture": "#1"}
			}
		},
		{
			"from": [7.05, 14.3, 6.75],
			"to": [7.75, 15, 9.25],
			"rotation": {"angle": -45, "axis": "z", "origin": [8.1, 14.1, 8]},
			"faces": {
				"north": {"uv": [6, 15, 6.5, 15.5], "rotation": 90, "texture": "#1"},
				"east": {"uv": [6, 15, 6.5, 15.5], "rotation": 270, "texture": "#1"},
				"south": {"uv": [6, 15, 6.5, 15.5], "rotation": 270, "texture": "#1"},
				"west": {"uv": [6, 15, 6.5, 15.5], "rotation": 270, "texture": "#1"},
				"up": {"uv": [6.5, 13, 7.5, 14], "rotation": 270, "texture": "#1"},
				"down": {"uv": [6, 15, 6.5, 15.5], "rotation": 270, "texture": "#1"}
			}
		},
		{
			"from": [5.999, 7.249, 7.249],
			"to": [10.001, 17.251, 8.751],
			"rotation": {"angle": 0, "axis": "y", "origin": [0, 10.25, 0]},
			"faces": {
				"north": {"uv": [3, 0, 5.5, 10], "texture": "#1"},
				"east": {"uv": [2.5, 0, 3, 10], "texture": "#1"},
				"south": {"uv": [0, 0, 2.5, 10], "texture": "#1"},
				"west": {"uv": [5.5, 0, 6, 10], "texture": "#1"},
				"up": {"uv": [12.5, 0.5, 10, 0], "texture": "#1"},
				"down": {"uv": [12.5, 0.5, 10, 1], "texture": "#1"}
			}
		},
		{
			"from": [5.898, 5.548, 7.248],
			"to": [8.102, 8.952, 8.752],
			"rotation": {"angle": -45, "axis": "z", "origin": [8, 6.25, 8]},
			"faces": {
				"north": {"uv": [16, 0, 13, 2], "rotation": 90, "texture": "#1"},
				"east": {"uv": [2, 11.5, 0, 12], "rotation": 270, "texture": "#1"},
				"south": {"uv": [13, 0, 16, 2], "rotation": 270, "texture": "#1"},
				"west": {"uv": [12, 3.5, 10, 3], "rotation": 270, "texture": "#1"},
				"up": {"uv": [3.5, 10, 4, 12], "rotation": 270, "texture": "#1"},
				"down": {"uv": [5.5, 10, 6, 12], "rotation": 270, "texture": "#1"}
			}
		},
		{
			"from": [7.87, 5.64896, 7.25],
			"to": [10, 8.39896, 8.75],
			"rotation": {"angle": 0, "axis": "y", "origin": [10.01525, 5.64896, 8]},
			"faces": {
				"north": {"uv": [14, 1, 16, 2], "texture": "#1"},
				"east": {"uv": [3.5, 10, 4, 12], "texture": "#1"},
				"south": {"uv": [14, 1, 16, 2], "texture": "#1"},
				"west": {"uv": [5.5, 10, 6, 12], "texture": "#1"},
				"up": {"uv": [12, 3.5, 10, 3], "texture": "#1"},
				"down": {"uv": [2, 11.5, 0, 12], "texture": "#1"}
			}
		},
		{
			"from": [9, 4.4, 7.25],
			"to": [10, 5.65, 8.75],
			"rotation": {"angle": 0, "axis": "y", "origin": [10.01525, 5.64896, 8]},
			"faces": {
				"north": {"uv": [13, 0, 14, 2], "texture": "#1"},
				"east": {"uv": [4.5, 10, 5, 12], "texture": "#1"},
				"south": {"uv": [13, 0, 14, 2], "texture": "#1"},
				"west": {"uv": [5.5, 10, 6, 12], "texture": "#1"},
				"up": {"uv": [12, 3.5, 10, 3], "texture": "#1"},
				"down": {"uv": [2, 11.5, 0, 12], "texture": "#1"}
			}
		},
		{
			"from": [9.5, 3.8, 7.25],
			"to": [10, 4.4, 8.75],
			"rotation": {"angle": 0, "axis": "y", "origin": [10.01525, 5.64896, 8]},
			"faces": {
				"north": {"uv": [13, 0, 14, 2], "texture": "#1"},
				"east": {"uv": [4.5, 10, 5, 12], "texture": "#1"},
				"south": {"uv": [13, 0, 14, 2], "texture": "#1"},
				"west": {"uv": [5.5, 10, 6, 12], "texture": "#1"},
				"up": {"uv": [12, 3.5, 10, 3], "texture": "#1"},
				"down": {"uv": [2, 11.5, 0, 12], "texture": "#1"}
			}
		},
		{
			"from": [9.73, 3.53, 7.25],
			"to": [10, 3.8, 8.75],
			"rotation": {"angle": 0, "axis": "y", "origin": [10.01525, 5.64896, 8]},
			"faces": {
				"north": {"uv": [13, 0, 14, 2], "texture": "#1"},
				"east": {"uv": [4.5, 10, 5, 12], "texture": "#1"},
				"south": {"uv": [13, 0, 14, 2], "texture": "#1"},
				"west": {"uv": [5.5, 10, 6, 12], "texture": "#1"},
				"up": {"uv": [12, 3.5, 10, 3], "texture": "#1"},
				"down": {"uv": [2, 11.5, 0, 12], "texture": "#1"}
			}
		},
		{
			"from": [9.86, 3.4, 7.25],
			"to": [10, 3.5275, 8.75],
			"rotation": {"angle": 0, "axis": "y", "origin": [10.01525, 5.64896, 8]},
			"faces": {
				"north": {"uv": [13, 0, 14, 2], "texture": "#1"},
				"east": {"uv": [4.5, 10, 5, 12], "texture": "#1"},
				"south": {"uv": [13, 0, 14, 2], "texture": "#1"},
				"west": {"uv": [5.5, 10, 6, 12], "texture": "#1"},
				"up": {"uv": [12, 3.5, 10, 3], "texture": "#1"},
				"down": {"uv": [2, 11.5, 0, 12], "texture": "#1"}
			}
		},
		{
			"from": [8.849, 5.234, 7.249],
			"to": [10.601, 6.936, 8.751],
			"rotation": {"angle": -45, "axis": "z", "origin": [8.76525, 7.02396, 8]},
			"faces": {
				"north": {"uv": [13, 1, 14.5, 2], "rotation": 270, "texture": "#1"},
				"east": {"uv": [3.5, 10, 4, 12], "texture": "#1"},
				"south": {"uv": [13, 2, 14.5, 4], "rotation": 270, "texture": "#1"},
				"west": {"uv": [5.5, 10, 6, 12], "texture": "#1"},
				"up": {"uv": [12, 3.5, 10, 3], "texture": "#1"},
				"down": {"uv": [2, 11.5, 0, 12], "texture": "#1"}
			}
		},
		{
			"from": [10.599, 5.234, 7.249],
			"to": [11.471, 6.036, 8.751],
			"rotation": {"angle": -45, "axis": "z", "origin": [8.76525, 7.02396, 8]},
			"faces": {
				"north": {"uv": [13, 0, 14, 2], "texture": "#1"},
				"east": {"uv": [4.5, 10, 5, 12], "texture": "#1"},
				"south": {"uv": [13, 0, 14, 2], "rotation": 270, "texture": "#1"},
				"west": {"uv": [5.5, 10, 6, 12], "texture": "#1"},
				"up": {"uv": [12, 3.5, 10, 3], "texture": "#1"},
				"down": {"uv": [2, 11.5, 0, 12], "texture": "#1"}
			}
		},
		{
			"from": [11.464, 5.234, 7.249],
			"to": [11.921, 5.616, 8.751],
			"rotation": {"angle": -45, "axis": "z", "origin": [8.76525, 7.02396, 8]},
			"faces": {
				"north": {"uv": [13, 0, 14, 2], "texture": "#1"},
				"east": {"uv": [4.5, 10, 5, 12], "texture": "#1"},
				"south": {"uv": [13, 0, 14, 2], "texture": "#1"},
				"west": {"uv": [5.5, 10, 6, 12], "texture": "#1"},
				"up": {"uv": [12, 3.5, 10, 3], "texture": "#1"},
				"down": {"uv": [2, 11.5, 0, 12], "texture": "#1"}
			}
		},
		{
			"from": [11.919, 5.234, 7.249],
			"to": [12.101, 5.436, 8.751],
			"rotation": {"angle": -45, "axis": "z", "origin": [8.76525, 7.02396, 8]},
			"faces": {
				"north": {"uv": [13, 0, 14, 2], "texture": "#1"},
				"east": {"uv": [4.5, 10, 5, 12], "texture": "#1"},
				"south": {"uv": [13, 0, 14, 2], "texture": "#1"},
				"west": {"uv": [5.5, 10, 6, 12], "texture": "#1"},
				"up": {"uv": [12, 3.5, 10, 3], "texture": "#1"},
				"down": {"uv": [2, 11.5, 0, 12], "texture": "#1"}
			}
		}
	],
	"gui_light": "front",
	"display": {
		"thirdperson_righthand": {
			"rotation": [180, 90, 0],
			"translation": [0, 6.75, 0.75],
			"scale": [0.6, 0.6, 0.6]
		},
		"thirdperson_lefthand": {
			"rotation": [180, -90, 0],
			"translation": [0, 6.75, 0.75],
			"scale": [0.6, 0.6, 0.6]
		},
		"firstperson_righthand": {
			"rotation": [-160, 90, 0],
			"translation": [2, 2.75, -0.5],
			"scale": [0.6, 0.6, 0.6]
		},
		"firstperson_lefthand": {
			"rotation": [-160, -90, 0],
			"translation": [2, 2.75, -0.5],
			"scale": [0.6, 0.6, 0.6]
		},
		"ground": {
			"rotation": [0, 0, 135],
			"translation": [2.5, 7, 0],
			"scale": [0.5, 0.5, 0.5]
		},
		"gui": {
			"rotation": [0, -180, -135],
			"translation": [4.25, 4.25, -0.75],
			"scale": [0.75, 0.75, 0.5]
		},
		"head": {
			"translation": [0.25, 8.5, 0.75],
			"scale": [0.6, 0.6, 0.6]
		},
		"fixed": {
			"rotation": [0, 0, -135],
			"translation": [-4.25, 4.25, -0.75],
			"scale": [0.75, 0.75, 0.5]
		}
	},
	"groups": [
		{
			"name": "sword",
			"origin": [8, 8, 8],
			"color": 0,
			"children": [
				{
					"name": "pommel",
					"origin": [8, 8, 8],
					"color": 0,
					"children": []
				},
				{
					"name": "grip",
					"origin": [8, 8, 8],
					"color": 0,
					"children": [0]
				},
				{
					"name": "guard",
					"origin": [8, 8, 8],
					"color": 0,
					"children": [
						{
							"name": "cross-guard",
							"origin": [8, 8, 8],
							"color": 0,
							"children": [1, 2, 3]
						}
					]
				},
				{
					"name": "blade",
					"origin": [8, 8, 8],
					"color": 0,
					"children": [4, 5, 6, 7, 8, 9, 10, 11, 12, 13, 14]
				}
			]
		}
	]
}