{
	"credit": "Made with Blockbench",
	"texture_size": [32, 32],
	"textures": {
		"1": "item/netherite_spear",
		"particle": "item/netherite_spear"
	},
	"elements": [
		{
			"from": [6.775, -15.2757, 6.749],
			"to": [9.2264, -12.8243, 9.251],
			"rotation": {"angle": 45, "axis": "z", "origin": [8.0007, -14.05, 8]},
			"faces": {
				"north": {"uv": [8, 9, 9.5, 10.5], "texture": "#1"},
				"east": {"uv": [7, 2.5, 8, 4], "texture": "#1"},
				"south": {"uv": [9.5, 9, 8, 10.5], "texture": "#1"},
				"west": {"uv": [9.5, 9.5, 10.5, 11], "texture": "#1"},
				"up": {"uv": [11.5, 3.5, 10, 2.5], "texture": "#1"},
				"down": {"uv": [11.5, 3.5, 10, 4.5], "texture": "#1"}
			}
		},
		{
			"from": [7.3, -13.7, 7.25],
			"to": [8.7, 16.3, 8.75],
			"rotation": {"angle": 0, "axis": "y", "origin": [2.4, 12.16, 0]},
			"faces": {
				"north": {"uv": [0, 0, 1.5, 11.5], "texture": "#1"},
				"east": {"uv": [2, 0, 3, 11.5], "texture": "#1"},
				"south": {"uv": [1.5, 0, 0, 11.5], "texture": "#1"},
				"west": {"uv": [3, 0, 4, 11.5], "texture": "#1"},
				"up": {"uv": [11.5, 9, 10.5, 8], "texture": "#1"},
				"down": {"uv": [11.5, 9.5, 10.5, 10.5], "texture": "#1"}
			}
		},
		{
			"from": [7.3, -13.7, 7.25],
			"to": [8.7, 16.3, 8.75],
			"rotation": {"angle": 0, "axis": "y", "origin": [2.4, 12.16, 0]},
			"faces": {
				"north": {"uv": [0, 0, 1.5, 11.5], "texture": "#1"},
				"east": {"uv": [2, 0, 3, 11.5], "texture": "#1"},
				"south": {"uv": [1.5, 0, 0, 11.5], "texture": "#1"},
				"west": {"uv": [3, 0, 4, 11.5], "texture": "#1"},
				"up": {"uv": [11.5, 9, 10.5, 8], "texture": "#1"},
				"down": {"uv": [11.5, 9.5, 10.5, 10.5], "texture": "#1"}
			}
		},
		{
			"from": [7.1273, -13.347, 7],
			"to": [8.8713, -12.303, 9],
			"rotation": {"angle": 0, "axis": "y", "origin": [10.0993, 1, 8]},
			"faces": {
				"north": {"uv": [4.5, 11, 5.5, 12], "texture": "#1"},
				"east": {"uv": [11, 6, 12, 7], "texture": "#1"},
				"south": {"uv": [9.5, 11, 10.5, 12], "texture": "#1"},
				"west": {"uv": [10.5, 11, 11.5, 12], "texture": "#1"},
				"up": {"uv": [1, 12.5, 0, 11.5], "texture": "#1"},
				"down": {"uv": [2, 11.5, 1, 12.5], "texture": "#1"}
			}
		},
		{
			"from": [7.05, 15, 7],
			"to": [8.95, 17.16, 9],
			"rotation": {"angle": 0, "axis": "z", "origin": [7.98302, 22.94975, 8]},
			"faces": {
				"north": {"uv": [4.5, 12, 5.5, 11], "rotation": 270, "texture": "#1"},
				"east": {"uv": [2, 12.5, 1, 11.5], "rotation": 90, "texture": "#1"},
				"south": {"uv": [9.5, 12, 10.5, 11], "rotation": 90, "texture": "#1"},
				"west": {"uv": [10.5, 9.5, 9.5, 10.5], "rotation": 90, "texture": "#1"},
				"up": {"uv": [10.5, 11, 11.5, 12], "rotation": 90, "texture": "#1"},
				"down": {"uv": [11, 6, 12, 7], "rotation": 90, "texture": "#1"}
			}
		},
		{
			"from": [6.81437, 16.3802, 6.99],
			"to": [8.42337, 21.1442, 9.01],
			"rotation": {"angle": 45, "axis": "z", "origin": [7.99387, 18.3372, 8]},
			"faces": {
				"north": {"uv": [5.5, 11, 4.5, 12], "texture": "#1"},
				"east": {"uv": [11.5, 11, 12.5, 12], "texture": "#1"},
				"south": {"uv": [10.5, 11, 9.5, 12], "texture": "#1"},
				"west": {"uv": [10.5, 11, 11.5, 12], "texture": "#1"},
				"up": {"uv": [1, 12.5, 0, 11.5], "texture": "#1"},
				"down": {"uv": [2, 11.5, 1, 12.5], "texture": "#1"}
			}
		},
		{
			"from": [9.26437, 17.9802, 6.99],
			"to": [10.62337, 23.1942, 9.01],
			"rotation": {"angle": 45, "axis": "z", "origin": [7.99387, 18.3372, 8]},
			"faces": {
				"north": {"uv": [5.5, 11, 4.5, 12], "texture": "#1"},
				"east": {"uv": [11.5, 11, 12.5, 12], "texture": "#1"},
				"south": {"uv": [10.5, 11, 9.5, 12], "texture": "#1"},
				"west": {"uv": [10.5, 11, 11.5, 12], "texture": "#1"},
				"up": {"uv": [1, 12.5, 0, 11.5], "texture": "#1"},
				"down": {"uv": [2, 11.5, 1, 12.5], "texture": "#1"}
			}
		},
		{
			"from": [4.41437, 13.7302, 6.99],
			"to": [5.77337, 17.4442, 9.01],
			"rotation": {"angle": 45, "axis": "z", "origin": [7.99387, 18.3372, 8]},
			"faces": {
				"north": {"uv": [5.5, 11, 4.5, 12], "texture": "#1"},
				"east": {"uv": [11.5, 11, 12.5, 12], "texture": "#1"},
				"south": {"uv": [10.5, 11, 9.5, 12], "texture": "#1"},
				"west": {"uv": [10.5, 11, 11.5, 12], "texture": "#1"},
				"up": {"uv": [1, 12.5, 0, 11.5], "texture": "#1"},
				"down": {"uv": [2, 11.5, 1, 12.5], "texture": "#1"}
			}
		},
		{
			"from": [-11.58563, -5.6698, 6.99],
			"to": [-10.22663, -1.9558, 9.01],
			"rotation": {"angle": 45, "axis": "z", "origin": [7.99387, 15.3372, 8]},
			"faces": {
				"north": {"uv": [5.5, 11, 4.5, 12], "texture": "#1"},
				"east": {"uv": [11.5, 11, 12.5, 12], "texture": "#1"},
				"south": {"uv": [10.5, 11, 9.5, 12], "texture": "#1"},
				"west": {"uv": [10.5, 11, 11.5, 12], "texture": "#1"},
				"up": {"uv": [1, 12.5, 0, 11.5], "texture": "#1"},
				"down": {"uv": [2, 11.5, 1, 12.5], "texture": "#1"}
			}
		},
		{
			"from": [2.66437, 12.0302, 6.99],
			"to": [4.02337, 15.3442, 9.01],
			"rotation": {"angle": 45, "axis": "z", "origin": [7.99387, 18.3372, 8]},
			"faces": {
				"north": {"uv": [5.5, 11, 4.5, 12], "texture": "#1"},
				"east": {"uv": [11.5, 11, 12.5, 12], "texture": "#1"},
				"south": {"uv": [10.5, 11, 9.5, 12], "texture": "#1"},
				"west": {"uv": [10.5, 11, 11.5, 12], "texture": "#1"},
				"up": {"uv": [1, 12.5, 0, 11.5], "texture": "#1"},
				"down": {"uv": [2, 11.5, 1, 12.5], "texture": "#1"}
			}
		},
		{
			"from": [-9.83563, -3.4698, 6.99],
			"to": [-8.47663, -0.1558, 9.01],
			"rotation": {"angle": 45, "axis": "z", "origin": [7.99387, 15.3372, 8]},
			"faces": {
				"north": {"uv": [5.5, 11, 4.5, 12], "texture": "#1"},
				"east": {"uv": [11.5, 11, 12.5, 12], "texture": "#1"},
				"south": {"uv": [10.5, 11, 9.5, 12], "texture": "#1"},
				"west": {"uv": [10.5, 11, 11.5, 12], "texture": "#1"},
				"up": {"uv": [1, 12.5, 0, 11.5], "texture": "#1"},
				"down": {"uv": [2, 11.5, 1, 12.5], "texture": "#1"}
			}
		},
		{
			"from": [11.018, 16.243, 6.49],
			"to": [14.532, 19.757, 9.51],
			"rotation": {"angle": -45, "axis": "z", "origin": [10.0993, 23.65, 8]},
			"faces": {
				"north": {"uv": [8, 9, 9.5, 10.5], "rotation": 90, "texture": "#1"},
				"east": {"uv": [11.5, 3.5, 10, 4.5], "rotation": 270, "texture": "#1"},
				"south": {"uv": [9.5, 9, 8, 10.5], "rotation": 270, "texture": "#1"},
				"west": {"uv": [10, 2.5, 11.5, 3.5], "rotation": 270, "texture": "#1"},
				"up": {"uv": [8, 4, 7, 2.5], "rotation": 90, "texture": "#1"},
				"down": {"uv": [9.5, 9.5, 10.5, 11], "rotation": 270, "texture": "#1"}
			}
		},
		{
			"from": [1.919, 17.549, 7.499],
			"to": [3.721, 19.6947, 8.501],
			"rotation": {"angle": 0, "axis": "z", "origin": [4.5486, 18.28682, 8]},
			"faces": {
				"north": {"uv": [3, 12, 4, 13], "rotation": 270, "texture": "#1"},
				"east": {"uv": [9, 10.5, 9.5, 12.5], "texture": "#1"},
				"south": {"uv": [3, 13, 4, 12], "rotation": 270, "texture": "#1"},
				"west": {"uv": [4, 11, 4.5, 13], "texture": "#1"},
				"up": {"uv": [13, 7.5, 10.5, 7], "texture": "#1"},
				"down": {"uv": [13, 7.5, 10.5, 8], "texture": "#1"}
			}
		},
		{
			"from": [3.34694, 17.76739, 7.5],
			"to": [5.35133, 21.21129, 8.5],
			"rotation": {"angle": 22.5, "axis": "z", "origin": [4.5486, 18.28682, 8]},
			"faces": {
				"north": {"uv": [2, 12.5, 3, 11.5], "rotation": 270, "texture": "#1"},
				"east": {"uv": [13, 8, 10.5, 7.5], "rotation": 90, "texture": "#1"},
				"south": {"uv": [8, 9, 10.5, 7], "rotation": 90, "texture": "#1"},
				"west": {"uv": [13, 7, 10.5, 7.5], "rotation": 90, "texture": "#1"},
				"up": {"uv": [4, 13, 4.5, 11], "rotation": 90, "texture": "#1"},
				"down": {"uv": [9, 12.5, 9.5, 10.5], "rotation": 90, "texture": "#1"}
			}
		},
		{
			"from": [1.85877, 16.35969, 7.499],
			"to": [10.36667, 18.54289, 8.501],
			"rotation": {"angle": 45, "axis": "z", "origin": [4.5486, 18.28682, 8]},
			"faces": {
				"north": {"uv": [2, 11.5, 3, 12.5], "rotation": 270, "texture": "#1"},
				"east": {"uv": [9, 10.5, 9.5, 12.5], "texture": "#1"},
				"south": {"uv": [8, 7, 10.5, 9], "texture": "#1"},
				"west": {"uv": [4, 11, 4.5, 13], "texture": "#1"},
				"up": {"uv": [13, 7.5, 10.5, 7], "texture": "#1"},
				"down": {"uv": [13, 7.5, 10.5, 8], "texture": "#1"}
			}
		},
		{
			"from": [1.83053, 13.68272, 7.498],
			"to": [3.61667, 18.61031, 8.502],
			"rotation": {"angle": 22.5, "axis": "z", "origin": [4.5486, 18.28682, 8]},
			"faces": {
				"north": {"uv": [3, 12, 4, 13], "rotation": 270, "texture": "#1"},
				"east": {"uv": [9, 10.5, 9.5, 12.5], "texture": "#1"},
				"south": {"uv": [3, 13, 4, 12], "rotation": 270, "texture": "#1"},
				"west": {"uv": [4, 11, 4.5, 13], "texture": "#1"},
				"up": {"uv": [13, 7.5, 10.5, 7], "texture": "#1"},
				"down": {"uv": [13, 7.5, 10.5, 8], "texture": "#1"}
			}
		},
		{
			"from": [1.57946, 18.56634, 7.498],
			"to": [3.5156, 22.39393, 8.502],
			"rotation": {"angle": -22.5, "axis": "z", "origin": [4.5486, 18.28682, 8]},
			"faces": {
				"north": {"uv": [4, 12, 3, 13], "rotation": 270, "texture": "#1"},
				"east": {"uv": [9, 12.5, 9.5, 10.5], "texture": "#1"},
				"south": {"uv": [3, 13, 4, 12], "rotation": 270, "texture": "#1"},
				"west": {"uv": [4, 13, 4.5, 11], "texture": "#1"},
				"up": {"uv": [13, 8, 10.5, 7.5], "texture": "#1"},
				"down": {"uv": [13, 7, 10.5, 7.5], "texture": "#1"}
			}
		},
		{
			"from": [5.62746, 17.41356, 7.497],
			"to": [14.85354, 19.72804, 8.503],
			"rotation": {"angle": -45, "axis": "z", "origin": [14.3395, 21.494, 8]},
			"faces": {
				"north": {"uv": [0, 15.375, 1, 12.5], "rotation": 270, "texture": "#1"},
				"east": {"uv": [6.5, 9.5, 7.5, 10.5], "texture": "#1"},
				"south": {"uv": [0, 12.5, 1, 15.375], "rotation": 270, "texture": "#1"},
				"west": {"uv": [5.5, 9.5, 6.5, 10.5], "texture": "#1"},
				"up": {"uv": [12, 1, 9, 0], "texture": "#1"},
				"down": {"uv": [12, 1, 11, 2], "texture": "#1"}
			}
		},
		{
			"from": [8.62946, 19.26556, 7.499],
			"to": [11.85154, 20.57604, 8.501],
			"rotation": {"angle": 0, "axis": "z", "origin": [14.3395, 21.494, 8]},
			"faces": {
				"north": {"uv": [2, 11.5, 3, 12.5], "rotation": 270, "texture": "#1"},
				"east": {"uv": [6.5, 9.5, 7.5, 10.5], "texture": "#1"},
				"south": {"uv": [3, 11.5, 2, 12.5], "rotation": 90, "texture": "#1"},
				"west": {"uv": [5.5, 9.5, 6.5, 10.5], "texture": "#1"},
				"up": {"uv": [12, 1, 9, 0], "texture": "#1"},
				"down": {"uv": [3, 11.5, 2, 12.5], "texture": "#1"}
			}
		},
		{
			"from": [11.59846, 15.77496, 7.49],
			"to": [12.92694, 18.01504, 8.51],
			"rotation": {"angle": -45, "axis": "z", "origin": [14.3395, 21.494, 8]},
			"faces": {
				"north": {"uv": [2, 11.5, 3, 12.5], "texture": "#1"},
				"east": {"uv": [3, 11.5, 2, 12.5], "rotation": 270, "texture": "#1"},
				"south": {"uv": [3, 11.5, 2, 12.5], "texture": "#1"},
				"west": {"uv": [12, 1, 9, 0], "rotation": 270, "texture": "#1"},
				"up": {"uv": [6.5, 9.5, 7.5, 10.5], "rotation": 270, "texture": "#1"},
				"down": {"uv": [5.5, 9.5, 6.5, 10.5], "rotation": 270, "texture": "#1"}
			}
		},
		{
			"from": [8.59846, 17.77496, 7.49],
			"to": [9.92694, 21.01504, 8.51],
			"rotation": {"angle": 0, "axis": "z", "origin": [14.3395, 21.494, 8]},
			"faces": {
				"north": {"uv": [2, 11.5, 3, 12.5], "texture": "#1"},
				"east": {"uv": [3, 11.5, 2, 12.5], "rotation": 270, "texture": "#1"},
				"south": {"uv": [3, 11.5, 2, 12.5], "texture": "#1"},
				"west": {"uv": [12, 1, 9, 0], "rotation": 270, "texture": "#1"},
				"up": {"uv": [6.5, 9.5, 7.5, 10.5], "rotation": 270, "texture": "#1"},
				"down": {"uv": [5.5, 9.5, 6.5, 10.5], "rotation": 270, "texture": "#1"}
			}
		},
		{
			"from": [7.84846, 19.52496, 7.49],
			"to": [9.17694, 22.76504, 8.51],
			"rotation": {"angle": 22.5, "axis": "z", "origin": [14.3395, 21.494, 8]},
			"faces": {
				"north": {"uv": [2, 11.5, 3, 12.5], "texture": "#1"},
				"east": {"uv": [3, 11.5, 2, 12.5], "rotation": 270, "texture": "#1"},
				"south": {"uv": [3, 11.5, 2, 12.5], "texture": "#1"},
				"west": {"uv": [12, 1, 9, 0], "rotation": 270, "texture": "#1"},
				"up": {"uv": [6.5, 9.5, 7.5, 10.5], "rotation": 270, "texture": "#1"},
				"down": {"uv": [5.5, 9.5, 6.5, 10.5], "rotation": 270, "texture": "#1"}
			}
		},
		{
			"from": [6.84846, 22.52496, 7.49],
			"to": [8.17694, 25.76504, 8.51],
			"rotation": {"angle": 22.5, "axis": "z", "origin": [14.3395, 21.494, 8]},
			"faces": {
				"north": {"uv": [2, 11.5, 3, 12.5], "texture": "#1"},
				"east": {"uv": [12, 1, 11, 2], "rotation": 270, "texture": "#1"},
				"south": {"uv": [3, 11.5, 2, 12.5], "texture": "#1"},
				"west": {"uv": [3, 12.5, 2, 11.5], "rotation": 270, "texture": "#1"},
				"up": {"uv": [6.5, 9.5, 7.5, 10.5], "rotation": 270, "texture": "#1"},
				"down": {"uv": [5.5, 9.5, 6.5, 10.5], "rotation": 270, "texture": "#1"}
			}
		},
		{
			"from": [8.98206, 21.61896, 7.496],
			"to": [11.89854, 29.69704, 8.504],
			"rotation": {"angle": 22.5, "axis": "z", "origin": [13.5895, 22.244, 8]},
			"faces": {
				"north": {"uv": [2, 11.8, 3, 13], "rotation": 90, "texture": "#1"},
				"east": {"uv": [12, 1, 9, 0], "rotation": 90, "texture": "#1"},
				"south": {"uv": [2, 13, 3, 11.8], "rotation": 90, "texture": "#1"},
				"west": {"uv": [12, 1, 11, 2], "rotation": 90, "texture": "#1"},
				"up": {"uv": [5.5, 9.5, 6.5, 10.5], "rotation": 90, "texture": "#1"},
				"down": {"uv": [6.5, 9.5, 7.5, 10.5], "rotation": 90, "texture": "#1"}
			}
		},
		{
			"from": [6.445, 19.92596, 7.495],
			"to": [9.205, 28.01604, 8.505],
			"rotation": {"angle": 0, "axis": "z", "origin": [3.5105, 22.244, 8]},
			"faces": {
				"north": {"uv": [13.5, 16, 16, 12.3], "texture": "#1"},
				"east": {"uv": [12, 2, 11, 1], "rotation": 90, "texture": "#1"},
				"south": {"uv": [16, 16, 13.5, 12.3], "texture": "#1"},
				"west": {"uv": [7, 8.5, 4, 9.5], "rotation": 90, "texture": "#1"},
				"up": {"uv": [5.5, 10.5, 6.5, 9.5], "rotation": 90, "texture": "#1"},
				"down": {"uv": [6.5, 10.5, 7.5, 9.5], "rotation": 90, "texture": "#1"}
			}
		},
		{
			"from": [13.03442, 17.86976, 7.498],
			"to": [14.44738, 20.05203, 8.502],
			"rotation": {"angle": 45, "axis": "z", "origin": [13.09981, 18.31981, 8]},
			"faces": {
				"north": {"uv": [16, 2, 13, 0], "rotation": 90, "texture": "#1"},
				"east": {"uv": [16, 7, 14, 7.5], "rotation": 270, "texture": "#1"},
				"south": {"uv": [13, 0, 16, 2], "rotation": 270, "texture": "#1"},
				"west": {"uv": [5.5, 15.5, 3.5, 15], "rotation": 270, "texture": "#1"},
				"up": {"uv": [7.5, 14, 8, 12], "rotation": 270, "texture": "#1"},
				"down": {"uv": [9.5, 16, 10, 14], "rotation": 270, "texture": "#1"}
			}
		},
		{
			"from": [11.81564, 17.93249, 7.498],
			"to": [13.18515, 19.69948, 8.502],
			"rotation": {"angle": 0, "axis": "z", "origin": [11.80786, 17.93449, 8]},
			"faces": {
				"north": {"uv": [16, 1, 14, 2], "texture": "#1"},
				"east": {"uv": [10, 14, 9.5, 16], "texture": "#1"},
				"south": {"uv": [16, 1, 14, 2], "texture": "#1"},
				"west": {"uv": [7.5, 13.5, 7, 15.5], "texture": "#1"},
				"up": {"uv": [14, 5.5, 16, 5], "texture": "#1"},
				"down": {"uv": [4, 15.5, 6, 16], "texture": "#1"}
			}
		},
		{
			"from": [11.81564, 17.1318, 7.498],
			"to": [12.46072, 17.93716, 8.502],
			"rotation": {"angle": 0, "axis": "z", "origin": [11.80786, 17.93449, 8]},
			"faces": {
				"north": {"uv": [14, 0, 13, 2], "texture": "#1"},
				"east": {"uv": [10, 14, 9.5, 16], "texture": "#1"},
				"south": {"uv": [14, 0, 13, 2], "texture": "#1"},
				"west": {"uv": [8.5, 13.5, 8, 15.5], "texture": "#1"},
				"up": {"uv": [14, 5.5, 16, 5], "texture": "#1"},
				"down": {"uv": [4, 15.5, 6, 16], "texture": "#1"}
			}
		},
		{
			"from": [11.81564, 16.74714, 7.498],
			"to": [12.14018, 17.1358, 8.502],
			"rotation": {"angle": 0, "axis": "z", "origin": [11.80786, 17.93449, 8]},
			"faces": {
				"north": {"uv": [14, 0, 13, 2], "texture": "#1"},
				"east": {"uv": [10, 14, 9.5, 16], "texture": "#1"},
				"south": {"uv": [14, 0, 13, 2], "texture": "#1"},
				"west": {"uv": [8.5, 13.5, 8, 15.5], "texture": "#1"},
				"up": {"uv": [14, 5.5, 16, 5], "texture": "#1"},
				"down": {"uv": [4, 15.5, 6, 16], "texture": "#1"}
			}
		},
		{
			"from": [11.81564, 16.57405, 7.498],
			"to": [11.99273, 16.75114, 8.502],
			"rotation": {"angle": 0, "axis": "z", "origin": [11.80786, 17.93449, 8]},
			"faces": {
				"north": {"uv": [14, 0, 13, 2], "texture": "#1"},
				"east": {"uv": [10, 14, 9.5, 16], "texture": "#1"},
				"south": {"uv": [14, 0, 13, 2], "texture": "#1"},
				"west": {"uv": [8.5, 13.5, 8, 15.5], "texture": "#1"},
				"up": {"uv": [14, 5.5, 16, 5], "texture": "#1"},
				"down": {"uv": [4, 15.5, 6, 16], "texture": "#1"}
			}
		},
		{
			"from": [11.81564, 16.49071, 7.498],
			"to": [11.90939, 16.57645, 8.502],
			"rotation": {"angle": 0, "axis": "z", "origin": [11.80786, 17.93449, 8]},
			"faces": {
				"north": {"uv": [14, 0, 13, 2], "texture": "#1"},
				"east": {"uv": [10, 14, 9.5, 16], "texture": "#1"},
				"south": {"uv": [14, 0, 13, 2], "texture": "#1"},
				"west": {"uv": [8.5, 13.5, 8, 15.5], "texture": "#1"},
				"up": {"uv": [14, 5.5, 16, 5], "texture": "#1"},
				"down": {"uv": [4, 15.5, 6, 16], "texture": "#1"}
			}
		},
		{
			"from": [11.43134, 17.66746, 7.498],
			"to": [12.55653, 18.76059, 8.502],
			"rotation": {"angle": 45, "axis": "z", "origin": [12.60922, 18.81598, 8]},
			"faces": {
				"north": {"uv": [13, 2, 14.5, 1], "rotation": 270, "texture": "#1"},
				"east": {"uv": [10, 14, 9.5, 16], "texture": "#1"},
				"south": {"uv": [13, 4, 14.5, 2], "rotation": 270, "texture": "#1"},
				"west": {"uv": [7.5, 13.5, 7, 15.5], "texture": "#1"},
				"up": {"uv": [14, 5.5, 16, 5], "texture": "#1"},
				"down": {"uv": [4, 15.5, 6, 16], "texture": "#1"}
			}
		},
		{
			"from": [10.8736, 17.66746, 7.498],
			"to": [11.43463, 18.18362, 8.502],
			"rotation": {"angle": 45, "axis": "z", "origin": [12.60922, 18.81598, 8]},
			"faces": {
				"north": {"uv": [14, 0, 13, 2], "texture": "#1"},
				"east": {"uv": [10, 14, 9.5, 16], "texture": "#1"},
				"south": {"uv": [13, 2, 14, 0], "rotation": 270, "texture": "#1"},
				"west": {"uv": [8.5, 13.5, 8, 15.5], "texture": "#1"},
				"up": {"uv": [14, 5.5, 16, 5], "texture": "#1"},
				"down": {"uv": [4, 15.5, 6, 16], "texture": "#1"}
			}
		},
		{
			"from": [10.58511, 17.66746, 7.498],
			"to": [10.88008, 17.91436, 8.502],
			"rotation": {"angle": 45, "axis": "z", "origin": [12.60922, 18.81598, 8]},
			"faces": {
				"north": {"uv": [14, 0, 13, 2], "texture": "#1"},
				"east": {"uv": [10, 14, 9.5, 16], "texture": "#1"},
				"south": {"uv": [14, 0, 13, 2], "texture": "#1"},
				"west": {"uv": [8.5, 13.5, 8, 15.5], "texture": "#1"},
				"up": {"uv": [14, 5.5, 16, 5], "texture": "#1"},
				"down": {"uv": [4, 15.5, 6, 16], "texture": "#1"}
			}
		},
		{
			"from": [10.46971, 17.66746, 7.498],
			"to": [10.58839, 17.79896, 8.502],
			"rotation": {"angle": 45, "axis": "z", "origin": [12.60922, 18.81598, 8]},
			"faces": {
				"north": {"uv": [14, 0, 13, 2], "texture": "#1"},
				"east": {"uv": [10, 14, 9.5, 16], "texture": "#1"},
				"south": {"uv": [14, 0, 13, 2], "texture": "#1"},
				"west": {"uv": [8.5, 13.5, 8, 15.5], "texture": "#1"},
				"up": {"uv": [14, 5.5, 16, 5], "texture": "#1"},
				"down": {"uv": [4, 15.5, 6, 16], "texture": "#1"}
			}
		},
		{
			"from": [8.44011, 24.40491, 7.497],
			"to": [8.53642, 24.49208, 8.503],
			"rotation": {"angle": 45, "axis": "z", "origin": [6.2986, 18.18682, 8]},
			"faces": {
				"north": {"uv": [5, 2, 4, 0], "rotation": 270, "texture": "#1"},
				"east": {"uv": [4, 16, 6, 15.5], "rotation": 90, "texture": "#1"},
				"south": {"uv": [5, 2, 4, 0], "rotation": 90, "texture": "#1"},
				"west": {"uv": [14, 5, 16, 5.5], "rotation": 90, "texture": "#1"},
				"up": {"uv": [8.5, 15.5, 8, 13.5], "rotation": 90, "texture": "#1"},
				"down": {"uv": [10, 16, 9.5, 14], "rotation": 90, "texture": "#1"}
			}
		},
		{
			"from": [3.35473, 21.73728, 7.497],
			"to": [4.33407, 23.19994, 8.503],
			"rotation": {"angle": 0, "axis": "z", "origin": [6.2986, 18.18682, 8]},
			"faces": {
				"north": {"uv": [7, 2, 5, 1], "texture": "#1"},
				"east": {"uv": [10, 16, 9.5, 14], "texture": "#1"},
				"south": {"uv": [7, 2, 5, 1], "texture": "#1"},
				"west": {"uv": [7.5, 15.5, 7, 13.5], "texture": "#1"},
				"up": {"uv": [4, 16, 6, 15.5], "texture": "#1"},
				"down": {"uv": [14, 5, 16, 5.5], "texture": "#1"}
			}
		},
		{
			"from": [3.35473, 23.19347, 7.497],
			"to": [3.8177, 23.77068, 8.503],
			"rotation": {"angle": 0, "axis": "z", "origin": [6.2986, 18.18682, 8]},
			"faces": {
				"north": {"uv": [5, 2, 4, 0], "texture": "#1"},
				"east": {"uv": [10, 16, 9.5, 14], "texture": "#1"},
				"south": {"uv": [5, 2, 4, 0], "texture": "#1"},
				"west": {"uv": [8.5, 15.5, 8, 13.5], "texture": "#1"},
				"up": {"uv": [4, 16, 6, 15.5], "texture": "#1"},
				"down": {"uv": [14, 5, 16, 5.5], "texture": "#1"}
			}
		},
		{
			"from": [3.35473, 23.76468, 7.497],
			"to": [3.58922, 24.04486, 8.503],
			"rotation": {"angle": 0, "axis": "z", "origin": [6.2986, 18.18682, 8]},
			"faces": {
				"north": {"uv": [5, 2, 4, 0], "texture": "#1"},
				"east": {"uv": [10, 16, 9.5, 14], "texture": "#1"},
				"south": {"uv": [5, 2, 4, 0], "texture": "#1"},
				"west": {"uv": [8.5, 15.5, 8, 13.5], "texture": "#1"},
				"up": {"uv": [4, 16, 6, 15.5], "texture": "#1"},
				"down": {"uv": [14, 5, 16, 5.5], "texture": "#1"}
			}
		},
		{
			"from": [3.35473, 24.03886, 7.497],
			"to": [3.48411, 24.16824, 8.503],
			"rotation": {"angle": 0, "axis": "z", "origin": [6.2986, 18.18682, 8]},
			"faces": {
				"north": {"uv": [5, 2, 4, 0], "texture": "#1"},
				"east": {"uv": [10, 16, 9.5, 14], "texture": "#1"},
				"south": {"uv": [5, 2, 4, 0], "texture": "#1"},
				"west": {"uv": [8.5, 15.5, 8, 13.5], "texture": "#1"},
				"up": {"uv": [4, 16, 6, 15.5], "texture": "#1"},
				"down": {"uv": [14, 5, 16, 5.5], "texture": "#1"}
			}
		},
		{
			"from": [3.35473, 24.16338, 7.497],
			"to": [3.42471, 24.22765, 8.503],
			"rotation": {"angle": 0, "axis": "z", "origin": [6.2986, 18.18682, 8]},
			"faces": {
				"north": {"uv": [5, 2, 4, 0], "texture": "#1"},
				"east": {"uv": [10, 16, 9.5, 14], "texture": "#1"},
				"south": {"uv": [5, 2, 4, 0], "texture": "#1"},
				"west": {"uv": [8.5, 15.5, 8, 13.5], "texture": "#1"},
				"up": {"uv": [4, 16, 6, 15.5], "texture": "#1"},
				"down": {"uv": [14, 5, 16, 5.5], "texture": "#1"}
			}
		},
		{
			"from": [7.75466, 23.00202, 7.497],
			"to": [8.53642, 23.80662, 8.503],
			"rotation": {"angle": 45, "axis": "z", "origin": [6.2986, 18.18682, 8]},
			"faces": {
				"north": {"uv": [5.5, 2, 4, 1], "rotation": 180, "texture": "#1"},
				"east": {"uv": [4, 16, 6, 15.5], "rotation": 90, "texture": "#1"},
				"south": {"uv": [5.5, 4, 4, 2], "texture": "#1"},
				"west": {"uv": [14, 5, 16, 5.5], "rotation": 90, "texture": "#1"},
				"up": {"uv": [7.5, 15.5, 7, 13.5], "rotation": 90, "texture": "#1"},
				"down": {"uv": [10, 16, 9.5, 14], "rotation": 90, "texture": "#1"}
			}
		},
		{
			"from": [8.16593, 23.80171, 7.497],
			"to": [8.53642, 24.20419, 8.503],
			"rotation": {"angle": 45, "axis": "z", "origin": [6.2986, 18.18682, 8]},
			"faces": {
				"north": {"uv": [5, 2, 4, 0], "rotation": 270, "texture": "#1"},
				"east": {"uv": [4, 16, 6, 15.5], "rotation": 90, "texture": "#1"},
				"south": {"uv": [5, 2, 4, 0], "texture": "#1"},
				"west": {"uv": [14, 5, 16, 5.5], "rotation": 90, "texture": "#1"},
				"up": {"uv": [8.5, 15.5, 8, 13.5], "rotation": 90, "texture": "#1"},
				"down": {"uv": [10, 16, 9.5, 14], "rotation": 90, "texture": "#1"}
			}
		},
		{
			"from": [8.35786, 24.19699, 7.497],
			"to": [8.53642, 24.40982, 8.503],
			"rotation": {"angle": 45, "axis": "z", "origin": [6.2986, 18.18682, 8]},
			"faces": {
				"north": {"uv": [5, 2, 4, 0], "rotation": 270, "texture": "#1"},
				"east": {"uv": [4, 16, 6, 15.5], "rotation": 90, "texture": "#1"},
				"south": {"uv": [5, 2, 4, 0], "rotation": 90, "texture": "#1"},
				"west": {"uv": [14, 5, 16, 5.5], "rotation": 90, "texture": "#1"},
				"up": {"uv": [8.5, 15.5, 8, 13.5], "rotation": 90, "texture": "#1"},
				"down": {"uv": [10, 16, 9.5, 14], "rotation": 90, "texture": "#1"}
			}
		},
		{
			"from": [5.9781, 22.00702, 7.497],
			"to": [8.53562, 23.01617, 8.503],
			"rotation": {"angle": 45, "axis": "z", "origin": [6.2986, 18.18682, 8]},
			"faces": {
				"north": {"uv": [4.5, 2, 7, 0], "texture": "#1"},
				"east": {"uv": [10, 16, 9.5, 14], "texture": "#1"},
				"south": {"uv": [7, 2, 4, 0], "texture": "#1"},
				"west": {"uv": [8, 14, 7.5, 12], "texture": "#1"},
				"up": {"uv": [3.5, 15.5, 5.5, 15], "texture": "#1"},
				"down": {"uv": [14, 7, 16, 7.5], "texture": "#1"}
			}
		},
		{
			"from": [5.58028, 13.38964, 7.497],
			"to": [7.1378, 14.3988, 8.503],
			"rotation": {"angle": -22.5, "axis": "z", "origin": [4.5486, 18.28682, 8]},
			"faces": {
				"north": {"uv": [7, 2, 4, 0], "rotation": 180, "texture": "#1"},
				"east": {"uv": [9.5, 16, 10, 14], "rotation": 180, "texture": "#1"},
				"south": {"uv": [4, 2, 7, 0], "rotation": 180, "texture": "#1"},
				"west": {"uv": [7.5, 14, 8, 12], "rotation": 180, "texture": "#1"},
				"up": {"uv": [16, 7, 14, 7.5], "rotation": 180, "texture": "#1"},
				"down": {"uv": [5.5, 15.5, 3.5, 15], "rotation": 180, "texture": "#1"}
			}
		},
		{
			"from": [1.8058, 12.9767, 7.497],
			"to": [2.78514, 14.23937, 8.503],
			"rotation": {"angle": 22.5, "axis": "z", "origin": [4.5486, 18.28682, 8]},
			"faces": {
				"north": {"uv": [7, 1, 5, 2], "texture": "#1"},
				"east": {"uv": [10, 14, 9.5, 16], "texture": "#1"},
				"south": {"uv": [7, 1, 5, 2], "texture": "#1"},
				"west": {"uv": [7.5, 13.5, 7, 15.5], "texture": "#1"},
				"up": {"uv": [14, 5.5, 16, 5], "texture": "#1"},
				"down": {"uv": [4, 15.5, 6, 16], "texture": "#1"}
			}
		},
		{
			"from": [1.8058, 12.40597, 7.497],
			"to": [2.26877, 12.98318, 8.503],
			"rotation": {"angle": 22.5, "axis": "z", "origin": [4.5486, 18.28682, 8]},
			"faces": {
				"north": {"uv": [5, 0, 4, 2], "texture": "#1"},
				"east": {"uv": [10, 14, 9.5, 16], "texture": "#1"},
				"south": {"uv": [5, 0, 4, 2], "texture": "#1"},
				"west": {"uv": [8.5, 13.5, 8, 15.5], "texture": "#1"},
				"up": {"uv": [14, 5.5, 16, 5], "texture": "#1"},
				"down": {"uv": [4, 15.5, 6, 16], "texture": "#1"}
			}
		},
		{
			"from": [1.8058, 12.13179, 7.497],
			"to": [2.04028, 12.41197, 8.503],
			"rotation": {"angle": 22.5, "axis": "z", "origin": [4.5486, 18.28682, 8]},
			"faces": {
				"north": {"uv": [5, 0, 4, 2], "texture": "#1"},
				"east": {"uv": [10, 14, 9.5, 16], "texture": "#1"},
				"south": {"uv": [5, 0, 4, 2], "texture": "#1"},
				"west": {"uv": [8.5, 13.5, 8, 15.5], "texture": "#1"},
				"up": {"uv": [14, 5.5, 16, 5], "texture": "#1"},
				"down": {"uv": [4, 15.5, 6, 16], "texture": "#1"}
			}
		},
		{
			"from": [1.8058, 12.00841, 7.497],
			"to": [1.93518, 12.13779, 8.503],
			"rotation": {"angle": 22.5, "axis": "z", "origin": [4.5486, 18.28682, 8]},
			"faces": {
				"north": {"uv": [5, 0, 4, 2], "texture": "#1"},
				"east": {"uv": [10, 14, 9.5, 16], "texture": "#1"},
				"south": {"uv": [5, 0, 4, 2], "texture": "#1"},
				"west": {"uv": [8.5, 13.5, 8, 15.5], "texture": "#1"},
				"up": {"uv": [14, 5.5, 16, 5], "texture": "#1"},
				"down": {"uv": [4, 15.5, 6, 16], "texture": "#1"}
			}
		},
		{
			"from": [1.8058, 11.949, 7.497],
			"to": [1.87578, 12.01327, 8.503],
			"rotation": {"angle": 22.5, "axis": "z", "origin": [4.5486, 18.28682, 8]},
			"faces": {
				"north": {"uv": [5, 0, 4, 2], "texture": "#1"},
				"east": {"uv": [10, 14, 9.5, 16], "texture": "#1"},
				"south": {"uv": [5, 0, 4, 2], "texture": "#1"},
				"west": {"uv": [8.5, 13.5, 8, 15.5], "texture": "#1"},
				"up": {"uv": [14, 5.5, 16, 5], "texture": "#1"},
				"down": {"uv": [4, 15.5, 6, 16], "texture": "#1"}
			}
		},
		{
			"from": [6.35684, 12.59919, 7.497],
			"to": [7.1386, 13.40379, 8.503],
			"rotation": {"angle": -22.5, "axis": "z", "origin": [4.5486, 18.28682, 8]},
			"faces": {
				"north": {"uv": [4, 2, 5.5, 1], "texture": "#1"},
				"east": {"uv": [4, 15.5, 6, 16], "rotation": 270, "texture": "#1"},
				"south": {"uv": [4, 4, 5.5, 2], "rotation": 180, "texture": "#1"},
				"west": {"uv": [14, 5.5, 16, 5], "rotation": 270, "texture": "#1"},
				"up": {"uv": [10, 14, 9.5, 16], "rotation": 270, "texture": "#1"},
				"down": {"uv": [7.5, 13.5, 7, 15.5], "rotation": 270, "texture": "#1"}
			}
		},
		{
			"from": [6.76811, 12.20162, 7.497],
			"to": [7.1386, 12.6041, 8.503],
			"rotation": {"angle": -22.5, "axis": "z", "origin": [4.5486, 18.28682, 8]},
			"faces": {
				"north": {"uv": [5, 0, 4, 2], "rotation": 90, "texture": "#1"},
				"east": {"uv": [4, 15.5, 6, 16], "rotation": 270, "texture": "#1"},
				"south": {"uv": [4, 2, 5, 0], "rotation": 180, "texture": "#1"},
				"west": {"uv": [14, 5.5, 16, 5], "rotation": 270, "texture": "#1"},
				"up": {"uv": [10, 14, 9.5, 16], "rotation": 270, "texture": "#1"},
				"down": {"uv": [8.5, 13.5, 8, 15.5], "rotation": 270, "texture": "#1"}
			}
		},
		{
			"from": [6.96004, 11.99599, 7.497],
			"to": [7.1386, 12.20882, 8.503],
			"rotation": {"angle": -22.5, "axis": "z", "origin": [4.5486, 18.28682, 8]},
			"faces": {
				"north": {"uv": [5, 0, 4, 2], "rotation": 90, "texture": "#1"},
				"east": {"uv": [4, 15.5, 6, 16], "rotation": 270, "texture": "#1"},
				"south": {"uv": [5, 0, 4, 2], "rotation": 270, "texture": "#1"},
				"west": {"uv": [14, 5.5, 16, 5], "rotation": 270, "texture": "#1"},
				"up": {"uv": [10, 14, 9.5, 16], "rotation": 270, "texture": "#1"},
				"down": {"uv": [8.5, 13.5, 8, 15.5], "rotation": 270, "texture": "#1"}
			}
		},
		{
			"from": [7.04229, 11.91374, 7.497],
			"to": [7.1386, 12.0009, 8.503],
			"rotation": {"angle": -22.5, "axis": "z", "origin": [4.5486, 18.28682, 8]},
			"faces": {
				"north": {"uv": [5, 0, 4, 2], "rotation": 90, "texture": "#1"},
				"east": {"uv": [4, 15.5, 6, 16], "rotation": 270, "texture": "#1"},
				"south": {"uv": [5, 0, 4, 2], "rotation": 270, "texture": "#1"},
				"west": {"uv": [14, 5.5, 16, 5], "rotation": 270, "texture": "#1"},
				"up": {"uv": [10, 14, 9.5, 16], "rotation": 270, "texture": "#1"},
				"down": {"uv": [8.5, 13.5, 8, 15.5], "rotation": 270, "texture": "#1"}
			}
		},
		{
			"from": [5.48401, 27.37099, 7.497],
			"to": [7.66827, 29.08595, 8.503],
			"rotation": {"angle": 45, "axis": "z", "origin": [7.09076, 29.76799, 8]},
			"faces": {
				"north": {"uv": [16, 0, 13, 2], "rotation": 180, "texture": "#1"},
				"east": {"uv": [9.5, 12, 10, 14], "rotation": 180, "texture": "#1"},
				"south": {"uv": [13, 0, 16, 2], "rotation": 180, "texture": "#1"},
				"west": {"uv": [7.5, 14, 8, 16], "rotation": 180, "texture": "#1"},
				"up": {"uv": [6, 15.5, 4, 16], "rotation": 180, "texture": "#1"},
				"down": {"uv": [15.5, 7, 13.5, 6.5], "rotation": 180, "texture": "#1"}
			}
		},
		{
			"from": [6.42424, 26.94352, 7.497],
			"to": [7.79575, 29.71651, 8.503],
			"rotation": {"angle": 0, "axis": "z", "origin": [7.09076, 29.76799, 8]},
			"faces": {
				"north": {"uv": [16, 2, 14, 1], "texture": "#1"},
				"east": {"uv": [9.5, 15.5, 9, 13.5], "texture": "#1"},
				"south": {"uv": [16, 2, 14, 1], "texture": "#1"},
				"west": {"uv": [8, 16, 7.5, 14], "texture": "#1"},
				"up": {"uv": [4, 14, 6, 13.5], "texture": "#1"},
				"down": {"uv": [14, 7, 16, 7.5], "texture": "#1"}
			}
		},
		{
			"from": [6.42424, 29.70984, 7.497],
			"to": [7.07132, 30.5172, 8.503],
			"rotation": {"angle": 0, "axis": "z", "origin": [7.09076, 29.76799, 8]},
			"faces": {
				"north": {"uv": [14, 2, 13, 0], "texture": "#1"},
				"east": {"uv": [9.5, 15.5, 9, 13.5], "texture": "#1"},
				"south": {"uv": [14, 2, 13, 0], "texture": "#1"},
				"west": {"uv": [9, 16, 8.5, 14], "texture": "#1"},
				"up": {"uv": [4, 14, 6, 13.5], "texture": "#1"},
				"down": {"uv": [14, 7, 16, 7.5], "texture": "#1"}
			}
		},
		{
			"from": [6.42424, 30.5112, 7.497],
			"to": [6.75078, 30.90186, 8.503],
			"rotation": {"angle": 0, "axis": "z", "origin": [7.09076, 29.76799, 8]},
			"faces": {
				"north": {"uv": [14, 2, 13, 0], "texture": "#1"},
				"east": {"uv": [9.5, 15.5, 9, 13.5], "texture": "#1"},
				"south": {"uv": [14, 2, 13, 0], "texture": "#1"},
				"west": {"uv": [9, 16, 8.5, 14], "texture": "#1"},
				"up": {"uv": [4, 14, 6, 13.5], "texture": "#1"},
				"down": {"uv": [14, 7, 16, 7.5], "texture": "#1"}
			}
		},
		{
			"from": [6.42424, 30.89586, 7.497],
			"to": [6.60333, 31.07495, 8.503],
			"rotation": {"angle": 0, "axis": "z", "origin": [7.09076, 29.76799, 8]},
			"faces": {
				"north": {"uv": [14, 2, 13, 0], "texture": "#1"},
				"east": {"uv": [9.5, 15.5, 9, 13.5], "texture": "#1"},
				"south": {"uv": [14, 2, 13, 0], "texture": "#1"},
				"west": {"uv": [9, 16, 8.5, 14], "texture": "#1"},
				"up": {"uv": [4, 14, 6, 13.5], "texture": "#1"},
				"down": {"uv": [14, 7, 16, 7.5], "texture": "#1"}
			}
		},
		{
			"from": [6.42424, 31.07055, 7.497],
			"to": [6.51999, 31.15829, 8.503],
			"rotation": {"angle": 0, "axis": "z", "origin": [7.09076, 29.76799, 8]},
			"faces": {
				"north": {"uv": [14, 2, 13, 0], "texture": "#1"},
				"east": {"uv": [9.5, 15.5, 9, 13.5], "texture": "#1"},
				"south": {"uv": [14, 2, 13, 0], "texture": "#1"},
				"west": {"uv": [9, 16, 8.5, 14], "texture": "#1"},
				"up": {"uv": [4, 14, 6, 13.5], "texture": "#1"},
				"down": {"uv": [14, 7, 16, 7.5], "texture": "#1"}
			}
		},
		{
			"from": [6.57387, 29.0673, 7.497],
			"to": [7.669, 30.19448, 8.503],
			"rotation": {"angle": 45, "axis": "z", "origin": [7.09076, 29.76799, 8]},
			"faces": {
				"north": {"uv": [13, 1, 14.5, 2], "texture": "#1"},
				"east": {"uv": [6, 13.5, 4, 14], "rotation": 270, "texture": "#1"},
				"south": {"uv": [13, 2, 14.5, 4], "rotation": 180, "texture": "#1"},
				"west": {"uv": [16, 7.5, 14, 7], "rotation": 270, "texture": "#1"},
				"up": {"uv": [7.5, 14, 8, 16], "rotation": 270, "texture": "#1"},
				"down": {"uv": [9, 13.5, 9.5, 15.5], "rotation": 270, "texture": "#1"}
			}
		},
		{
			"from": [7.15085, 30.1892, 7.497],
			"to": [7.669, 30.75223, 8.503],
			"rotation": {"angle": 45, "axis": "z", "origin": [7.09076, 29.76799, 8]},
			"faces": {
				"north": {"uv": [13, 0, 14, 2], "rotation": 90, "texture": "#1"},
				"east": {"uv": [6, 13.5, 4, 14], "rotation": 270, "texture": "#1"},
				"south": {"uv": [13, 0, 14, 2], "rotation": 180, "texture": "#1"},
				"west": {"uv": [16, 7.5, 14, 7], "rotation": 270, "texture": "#1"},
				"up": {"uv": [8.5, 14, 9, 16], "rotation": 270, "texture": "#1"},
				"down": {"uv": [9, 13.5, 9.5, 15.5], "rotation": 270, "texture": "#1"}
			}
		},
		{
			"from": [7.4201, 30.74374, 7.497],
			"to": [7.669, 31.04072, 8.503],
			"rotation": {"angle": 45, "axis": "z", "origin": [7.09076, 29.76799, 8]},
			"faces": {
				"north": {"uv": [13, 0, 14, 2], "rotation": 90, "texture": "#1"},
				"east": {"uv": [6, 13.5, 4, 14], "rotation": 270, "texture": "#1"},
				"south": {"uv": [13, 0, 14, 2], "rotation": 270, "texture": "#1"},
				"west": {"uv": [16, 7.5, 14, 7], "rotation": 270, "texture": "#1"},
				"up": {"uv": [8.5, 14, 9, 16], "rotation": 270, "texture": "#1"},
				"down": {"uv": [9, 13.5, 9.5, 15.5], "rotation": 270, "texture": "#1"}
			}
		},
		{
			"from": [7.5355, 31.03544, 7.497],
			"to": [7.669, 31.15611, 8.503],
			"rotation": {"angle": 45, "axis": "z", "origin": [7.09076, 29.76799, 8]},
			"faces": {
				"north": {"uv": [13, 0, 14, 2], "rotation": 90, "texture": "#1"},
				"east": {"uv": [6, 13.5, 4, 14], "rotation": 270, "texture": "#1"},
				"south": {"uv": [13, 0, 14, 2], "rotation": 270, "texture": "#1"},
				"west": {"uv": [16, 7.5, 14, 7], "rotation": 270, "texture": "#1"},
				"up": {"uv": [8.5, 14, 9, 16], "rotation": 270, "texture": "#1"},
				"down": {"uv": [9, 13.5, 9.5, 15.5], "rotation": 270, "texture": "#1"}
			}
		}
	],
	"gui_light": "front",
	"display": {
		"thirdperson_righthand": {
			"rotation": [0, -90, 0],
			"translation": [0, 5, 1],
			"scale": [1.3, 1.3, 0.9]
		},
		"thirdperson_lefthand": {
			"rotation": [0, -90, 0],
			"translation": [0, 5, 1],
			"scale": [1.3, 1.3, 0.9]
		},
		"firstperson_righthand": {
			"rotation": [20, -90, 0],
			"translation": [2, 3.25, 0],
			"scale": [0.6, 0.6, 0.6]
		},
		"firstperson_lefthand": {
			"rotation": [20, 90, 0],
			"translation": [2, 3.25, 0],
			"scale": [0.6, 0.6, 0.6]
		},
		"ground": {
			"rotation": [0, 0, -45],
			"translation": [2.5, 7, 0],
			"scale": [0.5, 0.5, 0.5]
		},
		"gui": {
			"rotation": [0, 0, -45],
			"translation": [0.5, 0.5, -0.75],
			"scale": [0.5, 0.5, 0.55]
		},
		"head": {
			"rotation": [0, 0, 45],
			"translation": [9.75, 7.5, 0.75],
			"scale": [0.6, 0.6, 0.6]
		},
		"fixed": {
			"rotation": [0, -180, -45],
			"translation": [-0.75, 0.25, -0.75],
			"scale": [0.6, 0.6, 0.7]
		}
	},
	"groups": [
		{
			"name": "axe",
			"origin": [8, 8, 8],
			"color": 0,
			"children": [
				{
					"name": "pommel",
					"origin": [8, 8, 8],
					"color": 0,
					"children": [0]
				},
				{
					"name": "grip",
					"origin": [8, 8, 8],
					"color": 0,
					"children": [
						1,
						2,
						{
							"name": "handle",
							"origin": [8, 8, 8],
							"color": 0,
							"children": []
						}
					]
				},
				{
					"name": "guard",
					"origin": [8, 8, 8],
					"color": 0,
					"children": [
						{
							"name": "cross-guard",
							"origin": [8, 8, 8],
							"color": 0,
							"children": [
								{
									"name": "gem",
									"origin": [8, 8, 8],
									"color": 0,
									"children": []
								},
								3,
								4,
								5,
								6,
								7,
								8,
								9,
								10,
								11
							]
						}
					]
				},
				{
					"name": "blade",
					"origin": [8, 8, 8],
					"color": 0,
					"children": [
						{
							"name": "axe head",
							"origin": [2.84394, 25.02461, 8],
							"color": 0,
							"children": [12, 13, 14, 15, 16]
						},
						17,
						18,
						19,
						20,
						21,
						22,
						23,
						24,
						{
							"name": "back tip",
							"origin": [8, 8, 8],
							"color": 0,
							"children": [25, 26, 27, 28, 29, 30, 31, 32, 33, 34]
						},
						{
							"name": "front top tip",
							"origin": [2.84394, 26.52461, 8],
							"color": 0,
							"children": [35, 36, 37, 38, 39, 40, 41, 42, 43, 44]
						},
						{
							"name": "front bottom tip",
							"origin": [8, 8, 8],
							"color": 0,
							"children": [45, 46, 47, 48, 49, 50, 51, 52, 53, 54]
						},
						{
							"name": "top tip",
							"origin": [8, 8, 8],
							"color": 0,
							"children": [55, 56, 57, 58, 59, 60, 61, 62, 63, 64]
						}
					]
				}
			]
		}
	]
}