{
	"credit": "Made with Blockbench",
	"texture_size": [32, 32],
	"textures": {
		"2": "epicfight:item/netherite_longsword",
		"particle": "epicfight:item/netherite_longsword"
	},
	"elements": [
		{
			"from": [8.749, 27.749, 6.499],
			"to": [11.751, 30.751, 9.501],
			"rotation": {"angle": 45, "axis": "z", "origin": [6.25, 27.75, 8]},
			"faces": {
				"north": {"uv": [6, 9.5, 7.5, 11], "texture": "#2"},
				"east": {"uv": [7.5, 12, 9, 13], "rotation": 270, "texture": "#2"},
				"south": {"uv": [6, 11, 7.5, 9.5], "rotation": 180, "texture": "#2"},
				"west": {"uv": [7.5, 11, 9, 12], "rotation": 270, "texture": "#2"},
				"up": {"uv": [7.5, 12, 6, 11], "texture": "#2"},
				"down": {"uv": [7.5, 12, 6, 13], "texture": "#2"}
			}
		},
		{
			"from": [7, 19, 7],
			"to": [9, 32, 9],
			"rotation": {"angle": 0, "axis": "y", "origin": [8, 28.5, 8]},
			"faces": {
				"north": {"uv": [6, 0, 7.5, 4.5], "texture": "#2"},
				"east": {"uv": [7.5, 0, 9, 4.5], "texture": "#2"},
				"south": {"uv": [7.5, 0, 6, 4.5], "texture": "#2"},
				"west": {"uv": [6, 4.5, 7.5, 9], "texture": "#2"},
				"up": {"uv": [11, 2, 10, 1], "texture": "#2"},
				"down": {"uv": [2.5, 12, 1.5, 13], "texture": "#2"}
			}
		},
		{
			"from": [5.75, 16.85, 6.75],
			"to": [10.25, 19.35, 9.25],
			"rotation": {"angle": 0, "axis": "y", "origin": [0.5, 1, 0]},
			"faces": {
				"north": {"uv": [10.5, 6.5, 11.5, 7.5], "texture": "#2"},
				"east": {"uv": [10, 2, 11, 3], "texture": "#2"},
				"south": {"uv": [11.5, 6.5, 10.5, 7.5], "texture": "#2"},
				"west": {"uv": [10.5, 6.5, 11.5, 7.5], "texture": "#2"},
				"up": {"uv": [11.5, 7.5, 10.5, 6.5], "texture": "#2"},
				"down": {"uv": [11.5, 7, 8, 8], "texture": "#2"}
			}
		},
		{
			"from": [8.199, 18.899, 6.749],
			"to": [10.401, 21.401, 9.251],
			"rotation": {"angle": -45, "axis": "z", "origin": [6.75788, 17.8663, 8]},
			"faces": {
				"north": {"uv": [10.5, 6.5, 11.5, 7.5], "texture": "#2"},
				"east": {"uv": [10, 2, 11, 3], "texture": "#2"},
				"south": {"uv": [11.5, 6.5, 10.5, 7.5], "texture": "#2"},
				"west": {"uv": [10.5, 6.5, 11.5, 7.5], "texture": "#2"},
				"up": {"uv": [11.5, 7.5, 10.5, 6.5], "texture": "#2"},
				"down": {"uv": [11.5, 7, 8, 8], "texture": "#2"}
			}
		},
		{
			"from": [5.999, 19.499, 6.749],
			"to": [8.201, 22.001, 9.251],
			"rotation": {"angle": 45, "axis": "z", "origin": [10.18793, 17.70124, 8]},
			"faces": {
				"north": {"uv": [10.5, 6.5, 11.5, 7.5], "texture": "#2"},
				"east": {"uv": [10, 2, 11, 3], "texture": "#2"},
				"south": {"uv": [11.5, 6.5, 10.5, 7.5], "texture": "#2"},
				"west": {"uv": [10.5, 6.5, 11.5, 7.5], "texture": "#2"},
				"up": {"uv": [11.5, 7.5, 10.5, 6.5], "texture": "#2"},
				"down": {"uv": [11.5, 7, 8, 8], "texture": "#2"}
			}
		},
		{
			"from": [-0.09512, 17.1133, 6.997],
			"to": [3.91088, 18.9693, 9.003],
			"rotation": {"angle": 22.5, "axis": "z", "origin": [4.10788, 17.6163, 8]},
			"faces": {
				"north": {"uv": [14, 6.5, 16, 7.5], "texture": "#2"},
				"east": {"uv": [10, 2, 11, 3], "texture": "#2"},
				"south": {"uv": [16, 6.5, 14, 7.5], "texture": "#2"},
				"west": {"uv": [2.5, 12, 3.5, 13], "texture": "#2"},
				"up": {"uv": [14, 9.5, 16, 8.5], "texture": "#2"},
				"down": {"uv": [16, 7.5, 14, 8.5], "texture": "#2"}
			}
		},
		{
			"from": [5.19477, 16.77779, 6.998],
			"to": [10.69877, 18.03179, 9.002],
			"rotation": {"angle": 45, "axis": "z", "origin": [11.69677, 21.05479, 8]},
			"faces": {
				"north": {"uv": [14, 6.5, 16, 7.5], "texture": "#2"},
				"east": {"uv": [10, 2, 11, 3], "texture": "#2"},
				"south": {"uv": [16, 6.5, 14, 7.5], "texture": "#2"},
				"west": {"uv": [2.5, 12, 3.5, 13], "texture": "#2"},
				"up": {"uv": [14, 9.5, 16, 8.5], "texture": "#2"},
				"down": {"uv": [16, 7.5, 14, 8.5], "texture": "#2"}
			}
		},
		{
			"from": [5.30123, 16.77779, 6.998],
			"to": [10.80523, 18.03179, 9.002],
			"rotation": {"angle": -45, "axis": "z", "origin": [4.30323, 21.05479, 8]},
			"faces": {
				"north": {"uv": [16, 6.5, 14, 7.5], "texture": "#2"},
				"east": {"uv": [3.5, 12, 2.5, 13], "texture": "#2"},
				"south": {"uv": [14, 6.5, 16, 7.5], "texture": "#2"},
				"west": {"uv": [11, 2, 10, 3], "texture": "#2"},
				"up": {"uv": [16, 9.5, 14, 8.5], "texture": "#2"},
				"down": {"uv": [14, 7.5, 16, 8.5], "texture": "#2"}
			}
		},
		{
			"from": [3.34299, 17.08345, 7],
			"to": [9.34299, 18.78345, 9],
			"rotation": {"angle": 0, "axis": "z", "origin": [6.34299, 17.08345, 8]},
			"faces": {
				"north": {"uv": [16, 6.5, 14, 7.5], "texture": "#2"},
				"east": {"uv": [3.5, 12.5, 2.5, 13.5], "texture": "#2"},
				"south": {"uv": [14, 6.5, 16, 7.5], "texture": "#2"},
				"west": {"uv": [11, 2, 10, 3], "texture": "#2"},
				"up": {"uv": [16, 9.5, 14, 8.5], "texture": "#2"},
				"down": {"uv": [14, 7.5, 16, 8.5], "texture": "#2"}
			}
		},
		{
			"from": [6.65701, 17.08345, 7],
			"to": [12.65701, 18.78345, 9],
			"rotation": {"angle": 0, "axis": "z", "origin": [9.65701, 17.08345, 8]},
			"faces": {
				"north": {"uv": [14, 6.5, 16, 7.5], "texture": "#2"},
				"east": {"uv": [10, 2, 11, 3], "texture": "#2"},
				"south": {"uv": [16, 6.5, 14, 7.5], "texture": "#2"},
				"west": {"uv": [2.5, 12.5, 3.5, 13.5], "texture": "#2"},
				"up": {"uv": [14, 9.5, 16, 8.5], "texture": "#2"},
				"down": {"uv": [16, 7.5, 14, 8.5], "texture": "#2"}
			}
		},
		{
			"from": [12.08912, 17.1133, 6.997],
			"to": [16.09512, 18.9693, 9.003],
			"rotation": {"angle": -22.5, "axis": "z", "origin": [11.89212, 17.6163, 8]},
			"faces": {
				"north": {"uv": [16, 6.5, 14, 7.5], "texture": "#2"},
				"east": {"uv": [3.5, 12, 2.5, 13], "texture": "#2"},
				"south": {"uv": [14, 6.5, 16, 7.5], "texture": "#2"},
				"west": {"uv": [11, 2, 10, 3], "texture": "#2"},
				"up": {"uv": [16, 9.5, 14, 8.5], "texture": "#2"},
				"down": {"uv": [14, 7.5, 16, 8.5], "texture": "#2"}
			}
		},
		{
			"from": [-0.852, 16.148, 6.498],
			"to": [3.652, 20.652, 9.502],
			"rotation": {"angle": 45, "axis": "z", "origin": [6.25, 25.75, 8]},
			"faces": {
				"north": {"uv": [6, 9.5, 7.5, 11], "texture": "#2"},
				"east": {"uv": [7.5, 12, 9, 13], "rotation": 270, "texture": "#2"},
				"south": {"uv": [6, 11, 7.5, 9.5], "rotation": 180, "texture": "#2"},
				"west": {"uv": [7.5, 11, 9, 12], "rotation": 270, "texture": "#2"},
				"up": {"uv": [7.5, 12, 6, 11], "texture": "#2"},
				"down": {"uv": [7.5, 12, 6, 13], "texture": "#2"}
			}
		},
		{
			"from": [14.23058, -11.11369, 7.249],
			"to": [14.38063, -10.94789, 8.751],
			"rotation": {"angle": -45, "axis": "z", "origin": [5.73023, -4.91986, 7.85]},
			"faces": {
				"north": {"uv": [13, 0, 14, 2], "texture": "#2"},
				"east": {"uv": [4.5, 10, 5, 12], "texture": "#2"},
				"south": {"uv": [13, 0, 14, 2], "texture": "#2"},
				"west": {"uv": [5.5, 10, 6, 12], "texture": "#2"},
				"up": {"uv": [12, 3.5, 10, 3], "texture": "#2"},
				"down": {"uv": [2, 11.5, 0, 12], "texture": "#2"}
			}
		},
		{
			"from": [9.30982, -11.11324, 7.249],
			"to": [11.83812, -8.40381, 8.751],
			"rotation": {"angle": -45, "axis": "z", "origin": [5.73023, -4.91986, 7.85]},
			"faces": {
				"north": {"uv": [16, 0, 13, 2], "rotation": 90, "texture": "#2"},
				"east": {"uv": [2, 11.5, 0, 12], "rotation": 270, "texture": "#2"},
				"south": {"uv": [13, 0, 16, 2], "rotation": 270, "texture": "#2"},
				"west": {"uv": [12, 3.5, 10, 3], "rotation": 270, "texture": "#2"},
				"up": {"uv": [3.5, 10, 4, 12], "rotation": 270, "texture": "#2"},
				"down": {"uv": [5.5, 10, 6, 12], "rotation": 270, "texture": "#2"}
			}
		},
		{
			"from": [5.89736, -13.64429, 7.249],
			"to": [7.58304, -11.70662, 8.751],
			"rotation": {"angle": 0, "axis": "y", "origin": [5.73023, -4.91986, 7.85]},
			"faces": {
				"north": {"uv": [14, 1, 16, 2], "texture": "#2"},
				"east": {"uv": [3.5, 10, 4, 12], "texture": "#2"},
				"south": {"uv": [14, 1, 16, 2], "texture": "#2"},
				"west": {"uv": [5.5, 10, 6, 12], "texture": "#2"},
				"up": {"uv": [12, 3.5, 10, 3], "texture": "#2"},
				"down": {"uv": [2, 11.5, 0, 12], "texture": "#2"}
			}
		},
		{
			"from": [6.78724, -14.62785, 7.249],
			"to": [7.58304, -13.63517, 8.751],
			"rotation": {"angle": 0, "axis": "y", "origin": [5.73023, -4.91986, 7.85]},
			"faces": {
				"north": {"uv": [13, 0, 14, 2], "texture": "#2"},
				"east": {"uv": [4.5, 10, 5, 12], "texture": "#2"},
				"south": {"uv": [13, 0, 14, 2], "texture": "#2"},
				"west": {"uv": [5.5, 10, 6, 12], "texture": "#2"},
				"up": {"uv": [12, 3.5, 10, 3], "texture": "#2"},
				"down": {"uv": [2, 11.5, 0, 12], "texture": "#2"}
			}
		},
		{
			"from": [7.18099, -15.10035, 7.249],
			"to": [7.58304, -14.61955, 8.751],
			"rotation": {"angle": 0, "axis": "y", "origin": [5.73023, -4.91986, 7.85]},
			"faces": {
				"north": {"uv": [13, 0, 14, 2], "texture": "#2"},
				"east": {"uv": [4.5, 10, 5, 12], "texture": "#2"},
				"south": {"uv": [13, 0, 14, 2], "texture": "#2"},
				"west": {"uv": [5.5, 10, 6, 12], "texture": "#2"},
				"up": {"uv": [12, 3.5, 10, 3], "texture": "#2"},
				"down": {"uv": [2, 11.5, 0, 12], "texture": "#2"}
			}
		},
		{
			"from": [7.36211, -15.31297, 7.249],
			"to": [7.58304, -15.09205, 8.751],
			"rotation": {"angle": 0, "axis": "y", "origin": [5.73023, -4.91986, 7.85]},
			"faces": {
				"north": {"uv": [13, 0, 14, 2], "texture": "#2"},
				"east": {"uv": [4.5, 10, 5, 12], "texture": "#2"},
				"south": {"uv": [13, 0, 14, 2], "texture": "#2"},
				"west": {"uv": [5.5, 10, 6, 12], "texture": "#2"},
				"up": {"uv": [12, 3.5, 10, 3], "texture": "#2"},
				"down": {"uv": [2, 11.5, 0, 12], "texture": "#2"}
			}
		},
		{
			"from": [7.46449, -15.41535, 7.249],
			"to": [7.58304, -15.28892, 8.751],
			"rotation": {"angle": 0, "axis": "y", "origin": [5.73023, -4.91986, 7.85]},
			"faces": {
				"north": {"uv": [13, 0, 14, 2], "texture": "#2"},
				"east": {"uv": [4.5, 10, 5, 12], "texture": "#2"},
				"south": {"uv": [13, 0, 14, 2], "texture": "#2"},
				"west": {"uv": [5.5, 10, 6, 12], "texture": "#2"},
				"up": {"uv": [12, 3.5, 10, 3], "texture": "#2"},
				"down": {"uv": [2, 11.5, 0, 12], "texture": "#2"}
			}
		},
		{
			"from": [11.81296, -11.11369, 7.249],
			"to": [13.19938, -9.76664, 8.751],
			"rotation": {"angle": -45, "axis": "z", "origin": [5.73023, -4.91986, 7.85]},
			"faces": {
				"north": {"uv": [13, 1, 14.5, 2], "rotation": 270, "texture": "#2"},
				"east": {"uv": [3.5, 10, 4, 12], "texture": "#2"},
				"south": {"uv": [13, 2, 14.5, 4], "rotation": 270, "texture": "#2"},
				"west": {"uv": [5.5, 10, 6, 12], "texture": "#2"},
				"up": {"uv": [12, 3.5, 10, 3], "texture": "#2"},
				"down": {"uv": [2, 11.5, 0, 12], "texture": "#2"}
			}
		},
		{
			"from": [13.19108, -11.11369, 7.249],
			"to": [13.88451, -10.47539, 8.751],
			"rotation": {"angle": -45, "axis": "z", "origin": [5.73023, -4.91986, 7.85]},
			"faces": {
				"north": {"uv": [13, 0, 14, 2], "texture": "#2"},
				"east": {"uv": [4.5, 10, 5, 12], "texture": "#2"},
				"south": {"uv": [13, 0, 14, 2], "rotation": 270, "texture": "#2"},
				"west": {"uv": [5.5, 10, 6, 12], "texture": "#2"},
				"up": {"uv": [12, 3.5, 10, 3], "texture": "#2"},
				"down": {"uv": [2, 11.5, 0, 12], "texture": "#2"}
			}
		},
		{
			"from": [13.87227, -11.11369, 7.249],
			"to": [14.23888, -10.80614, 8.751],
			"rotation": {"angle": -45, "axis": "z", "origin": [5.73023, -4.91986, 7.85]},
			"faces": {
				"north": {"uv": [13, 0, 14, 2], "texture": "#2"},
				"east": {"uv": [4.5, 10, 5, 12], "texture": "#2"},
				"south": {"uv": [13, 0, 14, 2], "texture": "#2"},
				"west": {"uv": [5.5, 10, 6, 12], "texture": "#2"},
				"up": {"uv": [12, 3.5, 10, 3], "texture": "#2"},
				"down": {"uv": [2, 11.5, 0, 12], "texture": "#2"}
			}
		},
		{
			"from": [4.5745, -11.7505, 7.25],
			"to": [7.563, 18.2515, 8.75],
			"rotation": {"angle": 0, "axis": "y", "origin": [5.80188, -5.20825, 7.85]},
			"faces": {
				"north": {"uv": [3, 0, 6, 9.375], "texture": "#2"},
				"east": {"uv": [2.5, 0, 3, 9.5], "texture": "#2"},
				"south": {"uv": [6, 0, 3, 9.375], "texture": "#2"},
				"west": {"uv": [5.5, 0, 6, 9.5], "texture": "#2"},
				"up": {"uv": [12.5, 0.5, 10, 0], "texture": "#2"},
				"down": {"uv": [12.5, 0.5, 10, 1], "texture": "#2"}
			}
		},
		{
			"from": [1.61937, -11.11369, 7.249],
			"to": [1.76942, -10.94789, 8.751],
			"rotation": {"angle": 45, "axis": "z", "origin": [10.26977, -4.91986, 7.85]},
			"faces": {
				"north": {"uv": [14, 0, 13, 2], "texture": "#2"},
				"east": {"uv": [6, 10, 5.5, 12], "texture": "#2"},
				"south": {"uv": [14, 0, 13, 2], "texture": "#2"},
				"west": {"uv": [5, 10, 4.5, 12], "texture": "#2"},
				"up": {"uv": [10, 3.5, 12, 3], "texture": "#2"},
				"down": {"uv": [0, 11.5, 2, 12], "texture": "#2"}
			}
		},
		{
			"from": [4.16188, -11.11324, 7.249],
			"to": [6.69018, -8.40381, 8.751],
			"rotation": {"angle": 45, "axis": "z", "origin": [10.26977, -4.91986, 7.85]},
			"faces": {
				"north": {"uv": [16, 2, 13, 0], "rotation": 90, "texture": "#2"},
				"east": {"uv": [12, 3, 10, 3.5], "rotation": 270, "texture": "#2"},
				"south": {"uv": [13, 2, 16, 0], "rotation": 270, "texture": "#2"},
				"west": {"uv": [2, 12, 0, 11.5], "rotation": 270, "texture": "#2"},
				"up": {"uv": [3.5, 12, 4, 10], "rotation": 270, "texture": "#2"},
				"down": {"uv": [5.5, 12, 6, 10], "rotation": 270, "texture": "#2"}
			}
		},
		{
			"from": [8.41696, -13.64429, 7.249],
			"to": [10.10264, -11.70662, 8.751],
			"rotation": {"angle": 0, "axis": "y", "origin": [10.26977, -4.91986, 7.85]},
			"faces": {
				"north": {"uv": [16, 1, 14, 2], "texture": "#2"},
				"east": {"uv": [6, 10, 5.5, 12], "texture": "#2"},
				"south": {"uv": [16, 1, 14, 2], "texture": "#2"},
				"west": {"uv": [4, 10, 3.5, 12], "texture": "#2"},
				"up": {"uv": [10, 3.5, 12, 3], "texture": "#2"},
				"down": {"uv": [0, 11.5, 2, 12], "texture": "#2"}
			}
		},
		{
			"from": [8.41696, -14.62785, 7.249],
			"to": [9.21276, -13.63517, 8.751],
			"rotation": {"angle": 0, "axis": "y", "origin": [10.26977, -4.91986, 7.85]},
			"faces": {
				"north": {"uv": [14, 0, 13, 2], "texture": "#2"},
				"east": {"uv": [6, 10, 5.5, 12], "texture": "#2"},
				"south": {"uv": [14, 0, 13, 2], "texture": "#2"},
				"west": {"uv": [5, 10, 4.5, 12], "texture": "#2"},
				"up": {"uv": [10, 3.5, 12, 3], "texture": "#2"},
				"down": {"uv": [0, 11.5, 2, 12], "texture": "#2"}
			}
		},
		{
			"from": [8.41696, -15.10035, 7.249],
			"to": [8.81901, -14.61955, 8.751],
			"rotation": {"angle": 0, "axis": "y", "origin": [10.26977, -4.91986, 7.85]},
			"faces": {
				"north": {"uv": [14, 0, 13, 2], "texture": "#2"},
				"east": {"uv": [6, 10, 5.5, 12], "texture": "#2"},
				"south": {"uv": [14, 0, 13, 2], "texture": "#2"},
				"west": {"uv": [5, 10, 4.5, 12], "texture": "#2"},
				"up": {"uv": [10, 3.5, 12, 3], "texture": "#2"},
				"down": {"uv": [0, 11.5, 2, 12], "texture": "#2"}
			}
		},
		{
			"from": [8.41696, -15.31297, 7.249],
			"to": [8.63789, -15.09205, 8.751],
			"rotation": {"angle": 0, "axis": "y", "origin": [10.26977, -4.91986, 7.85]},
			"faces": {
				"north": {"uv": [14, 0, 13, 2], "texture": "#2"},
				"east": {"uv": [6, 10, 5.5, 12], "texture": "#2"},
				"south": {"uv": [14, 0, 13, 2], "texture": "#2"},
				"west": {"uv": [5, 10, 4.5, 12], "texture": "#2"},
				"up": {"uv": [10, 3.5, 12, 3], "texture": "#2"},
				"down": {"uv": [0, 11.5, 2, 12], "texture": "#2"}
			}
		},
		{
			"from": [8.41696, -15.41535, 7.249],
			"to": [8.53551, -15.28892, 8.751],
			"rotation": {"angle": 0, "axis": "y", "origin": [10.26977, -4.91986, 7.85]},
			"faces": {
				"north": {"uv": [14, 0, 13, 2], "texture": "#2"},
				"east": {"uv": [6, 10, 5.5, 12], "texture": "#2"},
				"south": {"uv": [14, 0, 13, 2], "texture": "#2"},
				"west": {"uv": [5, 10, 4.5, 12], "texture": "#2"},
				"up": {"uv": [10, 3.5, 12, 3], "texture": "#2"},
				"down": {"uv": [0, 11.5, 2, 12], "texture": "#2"}
			}
		},
		{
			"from": [2.80062, -11.11369, 7.249],
			"to": [4.18704, -9.76664, 8.751],
			"rotation": {"angle": 45, "axis": "z", "origin": [10.26977, -4.91986, 7.85]},
			"faces": {
				"north": {"uv": [13, 2, 14.5, 1], "rotation": 270, "texture": "#2"},
				"east": {"uv": [6, 10, 5.5, 12], "texture": "#2"},
				"south": {"uv": [13, 4, 14.5, 2], "rotation": 270, "texture": "#2"},
				"west": {"uv": [4, 10, 3.5, 12], "texture": "#2"},
				"up": {"uv": [10, 3.5, 12, 3], "texture": "#2"},
				"down": {"uv": [0, 11.5, 2, 12], "texture": "#2"}
			}
		},
		{
			"from": [2.11549, -11.11369, 7.249],
			"to": [2.80892, -10.47539, 8.751],
			"rotation": {"angle": 45, "axis": "z", "origin": [10.26977, -4.91986, 7.85]},
			"faces": {
				"north": {"uv": [14, 0, 13, 2], "texture": "#2"},
				"east": {"uv": [6, 10, 5.5, 12], "texture": "#2"},
				"south": {"uv": [13, 2, 14, 0], "rotation": 270, "texture": "#2"},
				"west": {"uv": [5, 10, 4.5, 12], "texture": "#2"},
				"up": {"uv": [10, 3.5, 12, 3], "texture": "#2"},
				"down": {"uv": [0, 11.5, 2, 12], "texture": "#2"}
			}
		},
		{
			"from": [1.76112, -11.11369, 7.249],
			"to": [2.12773, -10.80614, 8.751],
			"rotation": {"angle": 45, "axis": "z", "origin": [10.26977, -4.91986, 7.85]},
			"faces": {
				"north": {"uv": [14, 0, 13, 2], "texture": "#2"},
				"east": {"uv": [6, 10, 5.5, 12], "texture": "#2"},
				"south": {"uv": [14, 0, 13, 2], "texture": "#2"},
				"west": {"uv": [5, 10, 4.5, 12], "texture": "#2"},
				"up": {"uv": [10, 3.5, 12, 3], "texture": "#2"},
				"down": {"uv": [0, 11.5, 2, 12], "texture": "#2"}
			}
		},
		{
			"from": [8.437, -11.7505, 7.25],
			"to": [11.4255, 18.2515, 8.75],
			"rotation": {"angle": 0, "axis": "y", "origin": [10.19813, -5.20825, 7.85]},
			"faces": {
				"north": {"uv": [6, 0, 3, 9.375], "texture": "#2"},
				"east": {"uv": [6, 0, 5.5, 9.5], "texture": "#2"},
				"south": {"uv": [3, 0, 6, 9.375], "texture": "#2"},
				"west": {"uv": [3, 0, 2.5, 9.5], "texture": "#2"},
				"up": {"uv": [10, 0.5, 12.5, 0], "texture": "#2"},
				"down": {"uv": [10, 0.5, 12.5, 1], "texture": "#2"}
			}
		},
		{
			"from": [7.249, -9.251, 6.999],
			"to": [8.751, 18.251, 9.001],
			"rotation": {"angle": 0, "axis": "y", "origin": [2, -17, 2.1]},
			"faces": {
				"north": {"uv": [6.5, 13, 7.5, 16], "texture": "#2"},
				"east": {"uv": [7.5, 13, 8.75, 16], "texture": "#2"},
				"south": {"uv": [5.5, 13, 6.5, 16], "texture": "#2"},
				"west": {"uv": [7.5, 13, 8.75, 16], "texture": "#2"},
				"up": {"uv": [9, 14.75, 10, 16], "texture": "#2"},
				"down": {"uv": [9, 14.75, 10, 16], "texture": "#2"}
			}
		},
		{
			"from": [10.116, -10.884, 6.998],
			"to": [11.1715, -9.8285, 9.002],
			"rotation": {"angle": 45, "axis": "z", "origin": [8, -13, 8.1]},
			"faces": {
				"north": {"uv": [6.5, 15.5, 7.5, 16], "texture": "#2"},
				"east": {"uv": [6.5, 15.5, 7.25, 16], "texture": "#2"},
				"south": {"uv": [5.5, 15.5, 6.5, 16], "texture": "#2"},
				"west": {"uv": [5.5, 15.5, 6.25, 16], "texture": "#2"},
				"up": {"uv": [5.5, 15.75, 6.5, 16], "texture": "#2"},
				"down": {"uv": [6.5, 15.5, 7.5, 16], "texture": "#2"}
			}
		},
		{
			"from": [5.87631, -7.12928, 6.997],
			"to": [6.93381, -6.07178, 9.003],
			"rotation": {"angle": -45, "axis": "z", "origin": [8, -5.00559, 8]},
			"faces": {
				"north": {"uv": [6.5, 15.5, 7.5, 16], "texture": "#2"},
				"east": {"uv": [6.5, 15.5, 7.25, 16], "texture": "#2"},
				"south": {"uv": [5.5, 15.5, 6.5, 16], "texture": "#2"},
				"west": {"uv": [5.5, 15.5, 6.25, 16], "texture": "#2"},
				"up": {"uv": [5.5, 15.75, 6.5, 16], "texture": "#2"},
				"down": {"uv": [6.5, 15.5, 7.5, 16], "texture": "#2"}
			}
		},
		{
			"from": [5.75359, -5.75759, 6.998],
			"to": [10.25759, -4.25359, 9.002],
			"rotation": {"angle": 0, "axis": "z", "origin": [8, -5.00559, 8]},
			"faces": {
				"north": {"uv": [6.5, 13, 7.5, 16], "rotation": 270, "texture": "#2"},
				"east": {"uv": [9, 14.75, 10, 16], "rotation": 90, "texture": "#2"},
				"south": {"uv": [5.5, 13, 6.5, 16], "rotation": 90, "texture": "#2"},
				"west": {"uv": [9, 14.75, 10, 16], "rotation": 90, "texture": "#2"},
				"up": {"uv": [7.5, 13, 8.75, 16], "rotation": 90, "texture": "#2"},
				"down": {"uv": [7.5, 13, 8.75, 16], "rotation": 90, "texture": "#2"}
			}
		},
		{
			"from": [9.06619, -3.9394, 6.997],
			"to": [10.12369, -2.8819, 9.003],
			"rotation": {"angle": -45, "axis": "z", "origin": [8, -5.00559, 8]},
			"faces": {
				"north": {"uv": [5.5, 13, 6.5, 13.5], "rotation": 180, "texture": "#2"},
				"east": {"uv": [6, 13.5, 6.75, 14], "rotation": 180, "texture": "#2"},
				"south": {"uv": [6, 13.5, 7, 14], "rotation": 180, "texture": "#2"},
				"west": {"uv": [6, 13.5, 6.75, 14], "rotation": 180, "texture": "#2"},
				"up": {"uv": [6, 13.5, 7, 14], "rotation": 180, "texture": "#2"},
				"down": {"uv": [6, 13.25, 7, 13.5], "rotation": 180, "texture": "#2"}
			}
		},
		{
			"from": [8.116, 8.216, 6.998],
			"to": [9.1715, 9.2715, 9.002],
			"rotation": {"angle": 45, "axis": "z", "origin": [6, 6.1, 8.1]},
			"faces": {
				"north": {"uv": [6.5, 15.5, 7.5, 16], "texture": "#2"},
				"east": {"uv": [6.5, 15.5, 7.25, 16], "texture": "#2"},
				"south": {"uv": [5.5, 15.5, 6.5, 16], "texture": "#2"},
				"west": {"uv": [5.5, 15.5, 6.25, 16], "texture": "#2"},
				"up": {"uv": [5.5, 15.75, 6.5, 16], "texture": "#2"},
				"down": {"uv": [6.5, 15.5, 7.5, 16], "texture": "#2"}
			}
		},
		{
			"from": [5.249, 9.849, 6.999],
			"to": [6.751, 14.351, 9.001],
			"rotation": {"angle": 0, "axis": "y", "origin": [0, 0.1, 2.1]},
			"faces": {
				"north": {"uv": [6.5, 13, 7.5, 16], "texture": "#2"},
				"east": {"uv": [7.5, 13, 8.75, 16], "texture": "#2"},
				"south": {"uv": [5.5, 13, 6.5, 16], "texture": "#2"},
				"west": {"uv": [7.5, 13, 8.75, 16], "texture": "#2"},
				"up": {"uv": [9, 14.75, 10, 16], "texture": "#2"},
				"down": {"uv": [9, 14.75, 10, 16], "texture": "#2"}
			}
		},
		{
			"from": [9.249, 9.849, 6.999],
			"to": [10.751, 14.351, 9.001],
			"rotation": {"angle": 0, "axis": "y", "origin": [16, 0.1, 2.1]},
			"faces": {
				"north": {"uv": [7.5, 13, 6.5, 16], "texture": "#2"},
				"east": {"uv": [8.75, 13, 7.5, 16], "texture": "#2"},
				"south": {"uv": [6.5, 13, 5.5, 16], "texture": "#2"},
				"west": {"uv": [8.75, 13, 7.5, 16], "texture": "#2"},
				"up": {"uv": [10, 14.75, 9, 16], "texture": "#2"},
				"down": {"uv": [10, 14.75, 9, 16], "texture": "#2"}
			}
		},
		{
			"from": [6.8285, 8.216, 6.998],
			"to": [7.884, 9.2715, 9.002],
			"rotation": {"angle": -45, "axis": "z", "origin": [10, 6.1, 8.1]},
			"faces": {
				"north": {"uv": [7.5, 15.5, 6.5, 16], "texture": "#2"},
				"east": {"uv": [6.25, 15.5, 5.5, 16], "texture": "#2"},
				"south": {"uv": [6.5, 15.5, 5.5, 16], "texture": "#2"},
				"west": {"uv": [7.25, 15.5, 6.5, 16], "texture": "#2"},
				"up": {"uv": [6.5, 15.75, 5.5, 16], "texture": "#2"},
				"down": {"uv": [7.5, 15.5, 6.5, 16], "texture": "#2"}
			}
		},
		{
			"from": [9.929, 15.499, 7.249],
			"to": [12.431, 19.401, 8.751],
			"rotation": {"angle": 45, "axis": "z", "origin": [9.93, 10.25, 8]},
			"faces": {
				"north": {"uv": [1, 0, 2, 2], "texture": "#2"},
				"east": {"uv": [3, 0, 3.5, 2], "texture": "#2"},
				"south": {"uv": [2, 0, 1, 2], "texture": "#2"},
				"west": {"uv": [3.5, 0, 4, 2], "texture": "#2"},
				"up": {"uv": [10, 0.5, 8, 0], "texture": "#2"},
				"down": {"uv": [10, 0.5, 8, 1], "texture": "#2"}
			}
		},
		{
			"from": [4.679, 10.249, 7.249],
			"to": [7.181, 16.651, 8.751],
			"rotation": {"angle": -45, "axis": "z", "origin": [9.93, 10.25, 8]},
			"faces": {
				"north": {"uv": [1, 0, 2, 3.05], "texture": "#2"},
				"east": {"uv": [3.5, 0, 4, 3], "texture": "#2"},
				"south": {"uv": [2, 0, 1, 3], "texture": "#2"},
				"west": {"uv": [3, 0, 3.5, 3], "texture": "#2"},
				"up": {"uv": [10, 0.5, 8, 0], "rotation": 180, "texture": "#2"},
				"down": {"uv": [10, 0.5, 8, 1], "rotation": 180, "texture": "#2"}
			}
		}
	],
	"gui_light": "front",
	"display": {
		"thirdperson_righthand": {
			"rotation": [180, 90, 0],
			"translation": [0, 8.5, 0.5],
			"scale": [0.65, 0.75, 0.6]
		},
		"thirdperson_lefthand": {
			"rotation": [180, -90, 0],
			"translation": [0, 6.75, 0.75],
			"scale": [0.6, 0.6, 0.6]
		},
		"firstperson_righthand": {
			"rotation": [-160, 90, 0],
			"translation": [2, 2.75, -0.5],
			"scale": [0.6, 0.6, 0.6]
		},
		"firstperson_lefthand": {
			"rotation": [-160, -90, 0],
			"translation": [2, 2.75, -0.5],
			"scale": [0.6, 0.6, 0.6]
		},
		"ground": {
			"rotation": [0, 0, 135],
			"translation": [2.5, 7, 0],
			"scale": [0.5, 0.5, 0.5]
		},
		"gui": {
			"rotation": [0, -180, -135],
			"translation": [0.75, 0.75, -0.75],
			"scale": [0.5, 0.5, 0.5]
		},
		"head": {
			"translation": [0.25, 8.5, 0.75],
			"scale": [0.6, 0.6, 0.6]
		},
		"fixed": {
			"rotation": [0, 0, -135],
			"translation": [-0.75, 0.75, -0.75],
			"scale": [0.6, 0.6, 0.5]
		}
	},
	"groups": [
		{
			"name": "sword",
			"origin": [8, 8, 8],
			"color": 0,
			"children": [
				{
					"name": "pommel",
					"origin": [8, 8, 8],
					"color": 0,
					"children": [0]
				},
				{
					"name": "grip",
					"origin": [8, 8, 8],
					"color": 0,
					"children": [1]
				},
				{
					"name": "guard",
					"origin": [8, 8, 8],
					"color": 0,
					"children": [
						{
							"name": "cross-guard",
							"origin": [8, 8, 8],
							"color": 0,
							"children": [2, 3, 4, 5, 6, 7, 8, 9, 10, 11]
						}
					]
				},
				{
					"name": "blade",
					"origin": [8, 8, 8],
					"color": 0,
					"children": [
						{
							"name": "group",
							"origin": [0, -4.75, 0],
							"color": 0,
							"children": [
								{
									"name": "group",
									"origin": [8.76525, -2.97604, 8],
									"color": 0,
									"children": [
										{
											"name": "group",
											"origin": [8.76525, -2.97604, 8],
											"color": 0,
											"children": [12, 13, 14, 15, 16, 17, 18, 19, 20, 21]
										},
										22
									]
								},
								{
									"name": "group",
									"origin": [0, -4.75, 0],
									"color": 0,
									"children": [
										{
											"name": "group",
											"origin": [8.76525, -2.97604, 8],
											"color": 0,
											"children": [23, 24, 25, 26, 27, 28, 29, 30, 31, 32]
										},
										33
									]
								}
							]
						}
					]
				}
			]
		},
		34,
		35,
		36,
		37,
		38,
		39,
		40,
		41,
		42,
		43,
		44
	]
}