{
	"credit": "Made with Blockbench",
	"texture_size": [32, 32],
	"textures": {
		"1": "epicfight:item/netherite_dagger"
	},
	"elements": [
		{
			"from": [6.75, 19, 7.25],
			"to": [9.25, 28, 8.75],
			"rotation": {"angle": 0, "axis": "y", "origin": [8, 25.5, 8]},
			"faces": {
				"north": {"uv": [7.5, 0, 6, 4.5], "texture": "#1"},
				"east": {"uv": [7, 4.5, 8, 9], "texture": "#1"},
				"south": {"uv": [6, 0, 7.5, 4.5], "texture": "#1"},
				"west": {"uv": [6, 4.5, 7, 9], "texture": "#1"},
				"up": {"uv": [11, 2, 10, 1], "texture": "#1"},
				"down": {"uv": [2.5, 12, 1.5, 13], "texture": "#1"}
			}
		},
		{
			"from": [4.749, 16.249, 7.499],
			"to": [11.251, 18.751, 8.501],
			"rotation": {"angle": 0, "axis": "y", "origin": [0.5, 0, 0]},
			"faces": {
				"north": {"uv": [8, 4, 11.5, 5], "texture": "#1"},
				"east": {"uv": [10, 2, 11, 3], "texture": "#1"},
				"south": {"uv": [8, 5, 11.5, 6], "texture": "#1"},
				"west": {"uv": [2.5, 12, 3.5, 13], "texture": "#1"},
				"up": {"uv": [11.5, 7, 8, 6], "texture": "#1"},
				"down": {"uv": [11.5, 7, 8, 8], "texture": "#1"}
			}
		},
		{
			"from": [1.249, 19.249, 6.749],
			"to": [4.251, 22.251, 9.251],
			"rotation": {"angle": -45, "axis": "z", "origin": [14.375, 18.125, 8]},
			"faces": {
				"north": {"uv": [7.5, 9.5, 9, 11], "rotation": 90, "texture": "#1"},
				"east": {"uv": [7.5, 11, 6, 11.5], "rotation": 270, "texture": "#1"},
				"south": {"uv": [9, 9.5, 7.5, 11], "rotation": 270, "texture": "#1"},
				"west": {"uv": [7.5, 12, 6, 11.5], "rotation": 270, "texture": "#1"},
				"up": {"uv": [7.5, 11.5, 9, 12], "texture": "#1"},
				"down": {"uv": [7.5, 11, 9, 11.5], "rotation": 180, "texture": "#1"}
			}
		},
		{
			"from": [8.249, 11.899, 6.499],
			"to": [11.601, 15.251, 9.501],
			"rotation": {"angle": -45, "axis": "z", "origin": [14.375, 18.125, 8]},
			"faces": {
				"north": {"uv": [7.5, 9.5, 9, 11], "rotation": 90, "texture": "#1"},
				"east": {"uv": [7.5, 11, 6, 11.5], "rotation": 270, "texture": "#1"},
				"south": {"uv": [9, 9.5, 7.5, 11], "rotation": 270, "texture": "#1"},
				"west": {"uv": [7.5, 12, 6, 11.5], "rotation": 270, "texture": "#1"},
				"up": {"uv": [7.5, 11.5, 9, 12], "texture": "#1"},
				"down": {"uv": [7.5, 11, 9, 11.5], "rotation": 180, "texture": "#1"}
			}
		},
		{
			"from": [7.05, 12.9, 6.75],
			"to": [7.75, 13.6, 9.25],
			"rotation": {"angle": -45, "axis": "z", "origin": [8.1, 12.7, 8]},
			"faces": {
				"north": {"uv": [7, 15, 7.5, 15.5], "rotation": 270, "texture": "#1"},
				"east": {"uv": [7, 15, 7.5, 15.5], "rotation": 270, "texture": "#1"},
				"south": {"uv": [7, 15, 7.5, 15.5], "rotation": 270, "texture": "#1"},
				"west": {"uv": [7, 15, 7.5, 15.5], "rotation": 270, "texture": "#1"},
				"up": {"uv": [7, 15, 7.5, 15.5], "rotation": 270, "texture": "#1"},
				"down": {"uv": [7, 15, 7.5, 15.5], "rotation": 270, "texture": "#1"}
			}
		},
		{
			"from": [7.499, 13.599, 6.749],
			"to": [8.501, 19.601, 9.251],
			"rotation": {"angle": 0, "axis": "y", "origin": [0, -1.4, 0]},
			"faces": {
				"north": {"uv": [7.5, 13, 6.5, 16], "texture": "#1"},
				"east": {"uv": [7.5, 13, 8.75, 16], "texture": "#1"},
				"south": {"uv": [5.5, 13, 6.5, 16], "texture": "#1"},
				"west": {"uv": [7.5, 13, 8.75, 16], "texture": "#1"},
				"up": {"uv": [9, 14.75, 10, 16], "texture": "#1"},
				"down": {"uv": [9, 14.75, 10, 16], "texture": "#1"}
			}
		},
		{
			"from": [5, 4.2, 7.5],
			"to": [7, 15.25, 8.5],
			"rotation": {"angle": 0, "axis": "y", "origin": [5.965, 4.85688, 8.25]},
			"faces": {
				"north": {"uv": [4.5, 0, 5.5, 10], "texture": "#1"},
				"east": {"uv": [2.5, 0, 3, 10], "texture": "#1"},
				"south": {"uv": [5.5, 0, 4.5, 10], "texture": "#1"},
				"west": {"uv": [5.5, 0, 6, 10], "texture": "#1"},
				"up": {"uv": [12.5, 0.5, 10, 0], "texture": "#1"},
				"down": {"uv": [12.5, 0.5, 10, 1], "texture": "#1"}
			}
		},
		{
			"from": [9, 4.2, 7.5],
			"to": [11, 15.25, 8.5],
			"rotation": {"angle": 0, "axis": "y", "origin": [12.965, 4.85688, 8.25]},
			"faces": {
				"north": {"uv": [5.5, 0, 4.5, 10], "texture": "#1"},
				"east": {"uv": [5.5, 0, 6, 10], "texture": "#1"},
				"south": {"uv": [4.5, 0, 5.5, 10], "texture": "#1"},
				"west": {"uv": [2.5, 0, 3, 10], "texture": "#1"},
				"up": {"uv": [12.5, 0.5, 10, 0], "rotation": 180, "texture": "#1"},
				"down": {"uv": [12.5, 0.5, 10, 1], "rotation": 180, "texture": "#1"}
			}
		},
		{
			"from": [5.179, -0.751, 7.499],
			"to": [7.181, 3.501, 8.501],
			"rotation": {"angle": -45, "axis": "z", "origin": [9.93, -0.75, 8.25]},
			"faces": {
				"north": {"uv": [0, 5.625, 1, 10], "texture": "#1"},
				"east": {"uv": [5.5, 7, 6, 10], "texture": "#1"},
				"south": {"uv": [1, 5.625, 0, 10], "texture": "#1"},
				"west": {"uv": [2.5, 7, 3, 10], "texture": "#1"},
				"up": {"uv": [12.5, 0.5, 10, 0], "rotation": 180, "texture": "#1"},
				"down": {"uv": [11, 0.5, 10, 1], "rotation": 180, "texture": "#1"}
			}
		},
		{
			"from": [9.929, 3.999, 7.499],
			"to": [11.931, 6.251, 8.501],
			"rotation": {"angle": 45, "axis": "z", "origin": [9.93, -0.75, 8.25]},
			"faces": {
				"north": {"uv": [4.5, 7, 5.5, 10], "texture": "#1"},
				"east": {"uv": [2.5, 7, 3, 10], "texture": "#1"},
				"south": {"uv": [5.5, 7, 4.5, 10], "texture": "#1"},
				"west": {"uv": [5.5, 7, 6, 10], "texture": "#1"},
				"up": {"uv": [12.5, 0.5, 10, 0], "texture": "#1"},
				"down": {"uv": [12.5, 0.5, 10, 1], "texture": "#1"}
			}
		},
		{
			"from": [4.679, 10.249, 7.249],
			"to": [7.181, 17.401, 8.751],
			"rotation": {"angle": -45, "axis": "z", "origin": [9.93, 10.25, 8]},
			"faces": {
				"north": {"uv": [0, 0, 1, 3.05], "texture": "#1"},
				"east": {"uv": [3.5, 0, 4, 3], "texture": "#1"},
				"south": {"uv": [1, 0, 0, 3], "texture": "#1"},
				"west": {"uv": [3, 0, 3.5, 3], "texture": "#1"},
				"up": {"uv": [10, 0.5, 8, 0], "rotation": 180, "texture": "#1"},
				"down": {"uv": [10, 0.5, 8, 1], "rotation": 180, "texture": "#1"}
			}
		},
		{
			"from": [9.929, 15.499, 7.249],
			"to": [12.431, 20.151, 8.751],
			"rotation": {"angle": 45, "axis": "z", "origin": [9.93, 10.25, 8]},
			"faces": {
				"north": {"uv": [1, 0, 2, 2], "texture": "#1"},
				"east": {"uv": [3, 0, 3.5, 2], "texture": "#1"},
				"south": {"uv": [2, 0, 1, 2], "texture": "#1"},
				"west": {"uv": [3.5, 0, 4, 2], "texture": "#1"},
				"up": {"uv": [10, 0.5, 8, 0], "texture": "#1"},
				"down": {"uv": [10, 0.5, 8, 1], "texture": "#1"}
			}
		},
		{
			"from": [7.5471, 13.6796, 6.998],
			"to": [8.1804, 14.3129, 9.002],
			"rotation": {"angle": -45, "axis": "z", "origin": [9.45, 12.41, 8.1]},
			"faces": {
				"north": {"uv": [7.5, 15.5, 6.5, 16], "texture": "#1"},
				"east": {"uv": [6.25, 15.5, 5.5, 16], "texture": "#1"},
				"south": {"uv": [6.5, 15.5, 5.5, 16], "texture": "#1"},
				"west": {"uv": [7.25, 15.5, 6.5, 16], "texture": "#1"},
				"up": {"uv": [6.5, 15.75, 5.5, 16], "texture": "#1"},
				"down": {"uv": [7.5, 15.5, 6.5, 16], "texture": "#1"}
			}
		},
		{
			"from": [8.9994, 14.6594, 6.999],
			"to": [9.9006, 15.8694, 9.001],
			"rotation": {"angle": 0, "axis": "y", "origin": [13.05, 8.81, 2.1]},
			"faces": {
				"north": {"uv": [7.5, 14.5, 6.5, 16], "texture": "#1"},
				"east": {"uv": [8.75, 13, 7.5, 16], "texture": "#1"},
				"south": {"uv": [6.5, 14.5, 5.5, 16], "texture": "#1"},
				"west": {"uv": [8.75, 13, 7.5, 16], "texture": "#1"},
				"up": {"uv": [10, 14.75, 9, 16], "texture": "#1"},
				"down": {"uv": [10, 14.75, 9, 16], "texture": "#1"}
			}
		},
		{
			"from": [4.55, 19, 6.998],
			"to": [8.75, 19.95, 9.002],
			"rotation": {"angle": 45, "axis": "z", "origin": [11.69677, 23.30479, 8]},
			"faces": {
				"north": {"uv": [14, 6.5, 16, 7.5], "texture": "#1"},
				"east": {"uv": [10, 2, 11, 3], "texture": "#1"},
				"south": {"uv": [16, 6.5, 14, 7.5], "texture": "#1"},
				"west": {"uv": [2.5, 12, 3.5, 13], "texture": "#1"},
				"up": {"uv": [14, 9.5, 16, 8.5], "texture": "#1"},
				"down": {"uv": [16, 7.5, 14, 8.5], "texture": "#1"}
			}
		},
		{
			"from": [7.8196, 13.6796, 6.998],
			"to": [8.4529, 14.3129, 9.002],
			"rotation": {"angle": 45, "axis": "z", "origin": [6.55, 12.41, 8.1]},
			"faces": {
				"north": {"uv": [6.5, 15.5, 7.5, 16], "texture": "#1"},
				"east": {"uv": [6.5, 15.5, 7.25, 16], "texture": "#1"},
				"south": {"uv": [5.5, 15.5, 6.5, 16], "texture": "#1"},
				"west": {"uv": [5.5, 15.5, 6.25, 16], "texture": "#1"},
				"up": {"uv": [5.5, 15.75, 6.5, 16], "texture": "#1"},
				"down": {"uv": [6.5, 15.5, 7.5, 16], "texture": "#1"}
			}
		},
		{
			"from": [7.25, 19, 6.998],
			"to": [11.45, 19.95, 9.002],
			"rotation": {"angle": -45, "axis": "z", "origin": [4.30323, 23.30479, 8]},
			"faces": {
				"north": {"uv": [16, 6.5, 14, 7.5], "texture": "#1"},
				"east": {"uv": [3.5, 12, 2.5, 13], "texture": "#1"},
				"south": {"uv": [14, 6.5, 16, 7.5], "texture": "#1"},
				"west": {"uv": [11, 2, 10, 3], "texture": "#1"},
				"up": {"uv": [16, 9.5, 14, 8.5], "texture": "#1"},
				"down": {"uv": [14, 7.5, 16, 8.5], "texture": "#1"}
			}
		},
		{
			"from": [6.0994, 14.6594, 6.999],
			"to": [7.0006, 15.8694, 9.001],
			"rotation": {"angle": 0, "axis": "y", "origin": [2.95, 8.81, 2.1]},
			"faces": {
				"north": {"uv": [6.5, 14.5, 7.5, 16], "texture": "#1"},
				"east": {"uv": [7.5, 13, 8.75, 16], "texture": "#1"},
				"south": {"uv": [5.5, 14.5, 6.5, 16], "texture": "#1"},
				"west": {"uv": [7.5, 13, 8.75, 16], "texture": "#1"},
				"up": {"uv": [9, 14.75, 10, 16], "texture": "#1"},
				"down": {"uv": [9, 14.75, 10, 16], "texture": "#1"}
			}
		}
	],
	"gui_light": "front",
	"display": {
		"thirdperson_righthand": {
			"rotation": [180, 90, 0],
			"translation": [0, 7.75, 0.75],
			"scale": [0.7, 0.7, 0.6]
		},
		"thirdperson_lefthand": {
			"rotation": [180, -90, 0],
			"translation": [0, 7.75, 0.75],
			"scale": [0.7, 0.7, 0.6]
		},
		"firstperson_righthand": {
			"rotation": [-160, 90, 0],
			"translation": [2, 2.75, -0.5],
			"scale": [0.6, 0.6, 0.6]
		},
		"firstperson_lefthand": {
			"rotation": [-160, -90, 0],
			"translation": [2, 2.75, -0.5],
			"scale": [0.6, 0.6, 0.6]
		},
		"ground": {
			"rotation": [0, 0, 135],
			"translation": [2.5, 7, 0],
			"scale": [0.5, 0.5, 0.5]
		},
		"gui": {
			"rotation": [0, -180, -135],
			"translation": [4, 4, -0.75],
			"scale": [0.75, 0.75, 0.5]
		},
		"head": {
			"translation": [0.25, 8.5, 0.75],
			"scale": [0.6, 0.6, 0.6]
		},
		"fixed": {
			"rotation": [0, 0, -135],
			"translation": [-4.25, 4.25, -0.75],
			"scale": [0.75, 0.75, 0.5]
		}
	},
	"groups": [
		{
			"name": "sword",
			"origin": [8, 8, 8],
			"color": 0,
			"children": [
				{
					"name": "pommel",
					"origin": [8, 8, 8],
					"color": 0,
					"children": []
				},
				{
					"name": "grip",
					"origin": [8, 8, 8],
					"color": 0,
					"children": [0]
				},
				{
					"name": "guard",
					"origin": [8, 8, 8],
					"color": 0,
					"children": [
						{
							"name": "cross-guard",
							"origin": [8, 8, 8],
							"color": 0,
							"children": [1, 2, 3, 4, 5]
						}
					]
				},
				{
					"name": "blade",
					"origin": [8, 8, 8],
					"color": 0,
					"children": [6]
				},
				{
					"name": "blade",
					"origin": [8, 8, 8],
					"color": 0,
					"children": [7, 8, 9, 10, 11]
				}
			]
		},
		12,
		13,
		14,
		15,
		16,
		17
	]
}