{
	"credit": "Made with Blockbench",
	"texture_size": [32, 32],
	"textures": {
		"1": "epicfight:item/netherite_tachi"
	},
	"elements": [
		{
			"from": [6.875, 19, 7.325],
			"to": [9.125, 32, 8.675],
			"rotation": {"angle": 0, "axis": "y", "origin": [8, 25.5, 8]},
			"faces": {
				"north": {"uv": [6, 0, 8, 9], "texture": "#1"},
				"east": {"uv": [8, 8.5, 9, 13], "texture": "#1"},
				"south": {"uv": [6, 0, 8, 9], "texture": "#1"},
				"west": {"uv": [9, 8.5, 10, 13], "texture": "#1"},
				"up": {"uv": [11, 2, 10, 1], "texture": "#1"},
				"down": {"uv": [2.5, 12, 1.5, 13], "texture": "#1"}
			}
		},
		{
			"from": [6.4232, 18.498, 10.9732],
			"to": [9.5768, 19.502, 11.8268],
			"rotation": {"angle": 0, "axis": "y", "origin": [8, 19, 8]},
			"faces": {
				"north": {"uv": [8, 4, 11.5, 5], "texture": "#1"},
				"east": {"uv": [10, 2, 11, 3], "texture": "#1"},
				"south": {"uv": [8, 5, 11.5, 6], "texture": "#1"},
				"west": {"uv": [2.5, 12, 3.5, 13], "texture": "#1"},
				"up": {"uv": [11.5, 7, 8, 6], "texture": "#1"},
				"down": {"uv": [11.5, 7, 8, 8], "texture": "#1"}
			}
		},
		{
			"from": [10.9732, 18.498, 6.4232],
			"to": [11.8268, 19.502, 9.5768],
			"rotation": {"angle": 0, "axis": "y", "origin": [8, 19, 8]},
			"faces": {
				"north": {"uv": [8, 4, 11.5, 5], "texture": "#1"},
				"east": {"uv": [10, 2, 11, 3], "texture": "#1"},
				"south": {"uv": [8, 5, 11.5, 6], "texture": "#1"},
				"west": {"uv": [2.5, 12, 3.5, 13], "texture": "#1"},
				"up": {"uv": [11.5, 7, 8, 6], "texture": "#1"},
				"down": {"uv": [8, 8, 11.5, 7], "rotation": 90, "texture": "#1"}
			}
		},
		{
			"from": [4.1732, 18.498, 6.4232],
			"to": [5.0268, 19.502, 9.5768],
			"rotation": {"angle": 0, "axis": "y", "origin": [8, 19, 8]},
			"faces": {
				"north": {"uv": [11.5, 4, 8, 5], "texture": "#1"},
				"east": {"uv": [3.5, 12, 2.5, 13], "texture": "#1"},
				"south": {"uv": [11.5, 5, 8, 6], "texture": "#1"},
				"west": {"uv": [11, 2, 10, 3], "texture": "#1"},
				"up": {"uv": [8, 7, 11.5, 6], "texture": "#1"},
				"down": {"uv": [8, 7, 11.5, 8], "rotation": 90, "texture": "#1"}
			}
		},
		{
			"from": [6.4232, 18.498, 4.1732],
			"to": [9.5768, 19.502, 5.0268],
			"rotation": {"angle": 0, "axis": "y", "origin": [8, 19, 8]},
			"faces": {
				"north": {"uv": [11.5, 4, 8, 5], "texture": "#1"},
				"east": {"uv": [3.5, 12, 2.5, 13], "texture": "#1"},
				"south": {"uv": [11.5, 5, 8, 6], "texture": "#1"},
				"west": {"uv": [11, 2, 10, 3], "texture": "#1"},
				"up": {"uv": [8, 7, 11.5, 6], "texture": "#1"},
				"down": {"uv": [8, 7, 11.5, 8], "texture": "#1"}
			}
		},
		{
			"from": [4.9232, 18.498, 7.598],
			"to": [11.0772, 19.502, 8.452],
			"rotation": {"angle": 0, "axis": "y", "origin": [8, 19, 8]},
			"faces": {
				"north": {"uv": [11.5, 4, 8, 5], "texture": "#1"},
				"east": {"uv": [3.5, 12, 2.5, 13], "texture": "#1"},
				"south": {"uv": [11.5, 5, 8, 6], "texture": "#1"},
				"west": {"uv": [11, 2, 10, 3], "texture": "#1"},
				"up": {"uv": [8, 7, 11.5, 6], "texture": "#1"},
				"down": {"uv": [8, 7, 11.5, 8], "texture": "#1"}
			}
		},
		{
			"from": [4.9232, 18.498, 7.598],
			"to": [11.0772, 19.502, 8.452],
			"rotation": {"angle": -45, "axis": "y", "origin": [8.0002, 19, 8.025]},
			"faces": {
				"north": {"uv": [11.5, 4, 8, 5], "texture": "#1"},
				"east": {"uv": [3.5, 12, 2.5, 13], "texture": "#1"},
				"south": {"uv": [11.5, 5, 8, 6], "texture": "#1"},
				"west": {"uv": [11, 2, 10, 3], "texture": "#1"},
				"up": {"uv": [8, 7, 11.5, 6], "texture": "#1"},
				"down": {"uv": [8, 7, 11.5, 8], "texture": "#1"}
			}
		},
		{
			"from": [7.5732, 18.498, 4.948],
			"to": [8.4272, 19.502, 11.102],
			"rotation": {"angle": 0, "axis": "y", "origin": [8.0002, 19, 8.025]},
			"faces": {
				"north": {"uv": [11, 2, 10, 3], "texture": "#1"},
				"east": {"uv": [11.5, 4, 8, 5], "texture": "#1"},
				"south": {"uv": [3.5, 12, 2.5, 13], "texture": "#1"},
				"west": {"uv": [11.5, 5, 8, 6], "texture": "#1"},
				"up": {"uv": [8, 7, 11.5, 6], "rotation": 90, "texture": "#1"},
				"down": {"uv": [8, 7, 11.5, 8], "rotation": 270, "texture": "#1"}
			}
		},
		{
			"from": [7.5732, 18.498, 4.948],
			"to": [8.4272, 19.502, 11.102],
			"rotation": {"angle": -45, "axis": "y", "origin": [8.0002, 19, 8.025]},
			"faces": {
				"north": {"uv": [11, 2, 10, 3], "texture": "#1"},
				"east": {"uv": [11.5, 4, 8, 5], "texture": "#1"},
				"south": {"uv": [3.5, 12, 2.5, 13], "texture": "#1"},
				"west": {"uv": [11.5, 5, 8, 6], "texture": "#1"},
				"up": {"uv": [8, 7, 11.5, 6], "rotation": 90, "texture": "#1"},
				"down": {"uv": [8, 7, 11.5, 8], "rotation": 270, "texture": "#1"}
			}
		},
		{
			"from": [4.174, 18.499, 6.424],
			"to": [5.026, 19.501, 9.576],
			"rotation": {"angle": -45, "axis": "y", "origin": [8, 19, 8]},
			"faces": {
				"north": {"uv": [8, 4, 11.5, 5], "texture": "#1"},
				"east": {"uv": [10, 2, 11, 3], "texture": "#1"},
				"south": {"uv": [8, 5, 11.5, 6], "texture": "#1"},
				"west": {"uv": [2.5, 12, 3.5, 13], "texture": "#1"},
				"up": {"uv": [11.5, 7, 8, 6], "texture": "#1"},
				"down": {"uv": [8, 8, 11.5, 7], "rotation": 90, "texture": "#1"}
			}
		},
		{
			"from": [6.424, 18.499, 10.974],
			"to": [9.576, 19.501, 11.826],
			"rotation": {"angle": -45, "axis": "y", "origin": [8, 19, 8]},
			"faces": {
				"north": {"uv": [8, 4, 11.5, 5], "texture": "#1"},
				"east": {"uv": [10, 2, 11, 3], "texture": "#1"},
				"south": {"uv": [8, 5, 11.5, 6], "texture": "#1"},
				"west": {"uv": [2.5, 12, 3.5, 13], "texture": "#1"},
				"up": {"uv": [11.5, 7, 8, 6], "texture": "#1"},
				"down": {"uv": [11.5, 7, 8, 8], "texture": "#1"}
			}
		},
		{
			"from": [10.974, 18.499, 6.424],
			"to": [11.826, 19.501, 9.576],
			"rotation": {"angle": 45, "axis": "y", "origin": [8, 19, 8]},
			"faces": {
				"north": {"uv": [11.5, 4, 8, 5], "texture": "#1"},
				"east": {"uv": [3.5, 12, 2.5, 13], "texture": "#1"},
				"south": {"uv": [11.5, 5, 8, 6], "texture": "#1"},
				"west": {"uv": [11, 2, 10, 3], "texture": "#1"},
				"up": {"uv": [8, 7, 11.5, 6], "texture": "#1"},
				"down": {"uv": [8, 7, 11.5, 8], "rotation": 90, "texture": "#1"}
			}
		},
		{
			"from": [6.424, 18.499, 10.974],
			"to": [9.576, 19.501, 11.826],
			"rotation": {"angle": 45, "axis": "y", "origin": [8, 19, 8]},
			"faces": {
				"north": {"uv": [11.5, 4, 8, 5], "texture": "#1"},
				"east": {"uv": [3.5, 12, 2.5, 13], "texture": "#1"},
				"south": {"uv": [11.5, 5, 8, 6], "texture": "#1"},
				"west": {"uv": [11, 2, 10, 3], "texture": "#1"},
				"up": {"uv": [8, 7, 11.5, 6], "texture": "#1"},
				"down": {"uv": [8, 7, 11.5, 8], "texture": "#1"}
			}
		},
		{
			"from": [5.975, 17, 6.875],
			"to": [10.025, 19, 9.125],
			"rotation": {"angle": 0, "axis": "y", "origin": [0.8, 0, 0.8]},
			"faces": {
				"north": {"uv": [6.5, 14.5, 5.5, 16], "texture": "#1"},
				"east": {"uv": [7.5, 13, 8.75, 16], "texture": "#1"},
				"south": {"uv": [5.5, 14.5, 6.5, 16], "texture": "#1"},
				"west": {"uv": [7.5, 13, 8.75, 16], "texture": "#1"},
				"up": {"uv": [9, 14.75, 10, 16], "texture": "#1"},
				"down": {"uv": [9, 14.75, 10, 16], "texture": "#1"}
			}
		},
		{
			"from": [6.1991, -11.601, 7.349],
			"to": [9.8009, 17.001, 8.651],
			"rotation": {"angle": 0, "axis": "y", "origin": [0.8, -9, 0.9]},
			"faces": {
				"north": {"uv": [3, 0, 5.5, 10], "texture": "#1"},
				"east": {"uv": [2.5, 0, 3, 10], "texture": "#1"},
				"south": {"uv": [5.5, 0, 3, 10], "texture": "#1"},
				"west": {"uv": [5.5, 0, 6, 10], "texture": "#1"},
				"up": {"uv": [12.5, 0.5, 10, 0], "texture": "#1"},
				"down": {"uv": [12.5, 0.5, 10, 1], "texture": "#1"}
			}
		},
		{
			"from": [11.5271, -13.3894, 7.349],
			"to": [11.6909, -13.2076, 8.651],
			"rotation": {"angle": -45, "axis": "z", "origin": [8.68873, -11.77844, 8.1]},
			"faces": {
				"north": {"uv": [13, 0, 14, 2], "texture": "#1"},
				"east": {"uv": [4.5, 10, 5, 12], "texture": "#1"},
				"south": {"uv": [13, 0, 14, 2], "texture": "#1"},
				"west": {"uv": [5.5, 10, 6, 12], "texture": "#1"},
				"up": {"uv": [12, 3.5, 10, 3], "texture": "#1"},
				"down": {"uv": [2, 11.5, 0, 12], "texture": "#1"}
			}
		},
		{
			"from": [11.1176, -13.3894, 7.349],
			"to": [11.5289, -13.0456, 8.651],
			"rotation": {"angle": -45, "axis": "z", "origin": [8.68873, -11.77844, 8.1]},
			"faces": {
				"north": {"uv": [13, 0, 14, 2], "texture": "#1"},
				"east": {"uv": [4.5, 10, 5, 12], "texture": "#1"},
				"south": {"uv": [13, 0, 14, 2], "texture": "#1"},
				"west": {"uv": [5.5, 10, 6, 12], "texture": "#1"},
				"up": {"uv": [12, 3.5, 10, 3], "texture": "#1"},
				"down": {"uv": [2, 11.5, 0, 12], "texture": "#1"}
			}
		},
		{
			"from": [10.3391, -13.3894, 7.349],
			"to": [11.1239, -12.6676, 8.651],
			"rotation": {"angle": -45, "axis": "z", "origin": [8.68873, -11.77844, 8.1]},
			"faces": {
				"north": {"uv": [13, 0, 14, 2], "texture": "#1"},
				"east": {"uv": [4.5, 10, 5, 12], "texture": "#1"},
				"south": {"uv": [13, 0, 14, 2], "rotation": 270, "texture": "#1"},
				"west": {"uv": [5.5, 10, 6, 12], "texture": "#1"},
				"up": {"uv": [12, 3.5, 10, 3], "texture": "#1"},
				"down": {"uv": [2, 11.5, 0, 12], "texture": "#1"}
			}
		},
		{
			"from": [8.7641, -13.3894, 7.349],
			"to": [10.3409, -11.8576, 8.651],
			"rotation": {"angle": -45, "axis": "z", "origin": [8.68873, -11.77844, 8.1]},
			"faces": {
				"north": {"uv": [13, 1, 14.5, 2], "rotation": 270, "texture": "#1"},
				"east": {"uv": [3.5, 10, 4, 12], "texture": "#1"},
				"south": {"uv": [13, 1, 14.5, 2], "rotation": 270, "texture": "#1"},
				"west": {"uv": [5.5, 10, 6, 12], "texture": "#1"},
				"up": {"uv": [12, 3.5, 10, 3], "texture": "#1"},
				"down": {"uv": [2, 11.5, 0, 12], "texture": "#1"}
			}
		},
		{
			"from": [9.674, -15.04, 7.35],
			"to": [9.8, -14.92525, 8.65],
			"rotation": {"angle": 0, "axis": "y", "origin": [9.81373, -13.01594, 8.1]},
			"faces": {
				"north": {"uv": [13, 0, 14, 2], "texture": "#1"},
				"east": {"uv": [4.5, 10, 5, 12], "texture": "#1"},
				"south": {"uv": [13, 0, 14, 2], "texture": "#1"},
				"west": {"uv": [5.5, 10, 6, 12], "texture": "#1"},
				"up": {"uv": [12, 3.5, 10, 3], "texture": "#1"},
				"down": {"uv": [2, 11.5, 0, 12], "texture": "#1"}
			}
		},
		{
			"from": [9.557, -14.923, 7.35],
			"to": [9.8, -14.68, 8.65],
			"rotation": {"angle": 0, "axis": "y", "origin": [9.81373, -13.01594, 8.1]},
			"faces": {
				"north": {"uv": [13, 0, 14, 2], "texture": "#1"},
				"east": {"uv": [4.5, 10, 5, 12], "texture": "#1"},
				"south": {"uv": [13, 0, 14, 2], "texture": "#1"},
				"west": {"uv": [5.5, 10, 6, 12], "texture": "#1"},
				"up": {"uv": [12, 3.5, 10, 3], "texture": "#1"},
				"down": {"uv": [2, 11.5, 0, 12], "texture": "#1"}
			}
		},
		{
			"from": [9.35, -14.68, 7.35],
			"to": [9.8, -14.14, 8.65],
			"rotation": {"angle": 0, "axis": "y", "origin": [9.81373, -13.01594, 8.1]},
			"faces": {
				"north": {"uv": [13, 0, 14, 2], "texture": "#1"},
				"east": {"uv": [4.5, 10, 5, 12], "texture": "#1"},
				"south": {"uv": [13, 0, 14, 2], "texture": "#1"},
				"west": {"uv": [5.5, 10, 6, 12], "texture": "#1"},
				"up": {"uv": [12, 3.5, 10, 3], "texture": "#1"},
				"down": {"uv": [2, 11.5, 0, 12], "texture": "#1"}
			}
		},
		{
			"from": [8.9, -14.14, 7.35],
			"to": [9.8, -13.015, 8.65],
			"rotation": {"angle": 0, "axis": "y", "origin": [9.81373, -13.01594, 8.1]},
			"faces": {
				"north": {"uv": [13, 0, 14, 2], "texture": "#1"},
				"east": {"uv": [4.5, 10, 5, 12], "texture": "#1"},
				"south": {"uv": [13, 0, 14, 2], "texture": "#1"},
				"west": {"uv": [5.5, 10, 6, 12], "texture": "#1"},
				"up": {"uv": [12, 3.5, 10, 3], "texture": "#1"},
				"down": {"uv": [2, 11.5, 0, 12], "texture": "#1"}
			}
		},
		{
			"from": [7.883, -13.01594, 7.35],
			"to": [9.8, -10.54094, 8.65],
			"rotation": {"angle": 0, "axis": "y", "origin": [9.81373, -13.01594, 8.1]},
			"faces": {
				"north": {"uv": [14, 1, 16, 2], "texture": "#1"},
				"east": {"uv": [3.5, 10, 4, 12], "texture": "#1"},
				"south": {"uv": [14, 1, 16, 2], "texture": "#1"},
				"west": {"uv": [5.5, 10, 6, 12], "texture": "#1"},
				"up": {"uv": [12, 3.5, 10, 3], "texture": "#1"},
				"down": {"uv": [2, 11.5, 0, 12], "texture": "#1"}
			}
		},
		{
			"from": [6.1082, -13.1068, 7.348],
			"to": [8.0918, -10.0432, 8.652],
			"rotation": {"angle": -45, "axis": "z", "origin": [8, -12.475, 8.1]},
			"faces": {
				"north": {"uv": [16, 0, 13, 2], "rotation": 90, "texture": "#1"},
				"east": {"uv": [2, 11.5, 0, 12], "rotation": 270, "texture": "#1"},
				"south": {"uv": [13, 0, 16, 2], "rotation": 270, "texture": "#1"},
				"west": {"uv": [12, 3.5, 10, 3], "rotation": 270, "texture": "#1"},
				"up": {"uv": [3.5, 10, 4, 12], "rotation": 270, "texture": "#1"},
				"down": {"uv": [5.5, 10, 6, 12], "rotation": 270, "texture": "#1"}
			}
		}
	],
	"gui_light": "front",
	"display": {
		"thirdperson_righthand": {
			"rotation": [180, 90, 0],
			"translation": [0, 8.75, 0.75],
			"scale": [0.6, 0.75, 0.6]
		},
		"thirdperson_lefthand": {
			"rotation": [180, -90, 0],
			"translation": [0, 7.75, 0.5],
			"scale": [0.6, 0.6, 0.6]
		},
		"firstperson_righthand": {
			"rotation": [-160, 90, 0],
			"translation": [2, 2.75, -0.5],
			"scale": [0.6, 0.6, 0.6]
		},
		"firstperson_lefthand": {
			"rotation": [-160, -90, 0],
			"translation": [2, 2.75, -0.5],
			"scale": [0.6, 0.6, 0.6]
		},
		"ground": {
			"rotation": [0, 0, 135],
			"translation": [2.5, 7, 0],
			"scale": [0.5, 0.5, 0.5]
		},
		"gui": {
			"rotation": [-180, 0, 45],
			"translation": [0.75, 0.75, 0],
			"scale": [0.5, 0.5, 0.55]
		},
		"head": {
			"translation": [0.25, 8.5, 0.75],
			"scale": [0.6, 0.6, 0.6]
		},
		"fixed": {
			"rotation": [0, 0, -135],
			"translation": [0, 0.5, -0.75],
			"scale": [0.5, 0.5, 0.5]
		}
	},
	"groups": [
		{
			"name": "sword",
			"origin": [8, 8, 8],
			"color": 0,
			"children": [
				{
					"name": "pommel",
					"origin": [8, 8, 8],
					"color": 0,
					"children": []
				},
				{
					"name": "grip",
					"origin": [8, 8, 8],
					"color": 0,
					"children": [0]
				},
				{
					"name": "guard",
					"origin": [8, 8, 8],
					"color": 0,
					"children": [
						{
							"name": "cross-guard",
							"origin": [8, 8, 8],
							"color": 0,
							"children": [1, 2, 3, 4, 5, 6, 7, 8, 9, 10, 11, 12, 13]
						}
					]
				},
				{
					"name": "blade",
					"origin": [8, 8, 8],
					"color": 0,
					"children": [
						14,
						{
							"name": "group",
							"origin": [8, -12.475, 8],
							"color": 0,
							"children": [15, 16, 17, 18, 19, 20, 21, 22, 23, 24]
						}
					]
				}
			]
		}
	]
}