{
	"credit": "Made with Blockbench",
	"texture_size": [32, 32],
	"textures": {
		"3": "epicfight:item/netherite_greatsword"
	},
	"elements": [
		{
			"from": [6.75, 28.5, 6.75],
			"to": [9.25, 31.5, 9.25],
			"rotation": {"angle": 0, "axis": "z", "origin": [8, 30.5, 8]},
			"faces": {
				"north": {"uv": [10.5, 8, 12, 9.5], "rotation": 90, "texture": "#3"},
				"east": {"uv": [13, 9.5, 14, 8], "texture": "#3"},
				"south": {"uv": [12, 8, 10.5, 9.5], "rotation": 270, "texture": "#3"},
				"west": {"uv": [13, 9.5, 12, 8], "texture": "#3"},
				"up": {"uv": [12, 9.5, 13, 11], "rotation": 270, "texture": "#3"},
				"down": {"uv": [9.5, 8, 10.5, 9.5], "rotation": 270, "texture": "#3"}
			}
		},
		{
			"from": [5.8, 16, 6.25],
			"to": [10.2, 19, 9.75],
			"rotation": {"angle": 0, "axis": "z", "origin": [8, 29.5, 7.75]},
			"faces": {
				"north": {"uv": [8.5, 10, 11.5, 13], "rotation": 90, "texture": "#3"},
				"east": {"uv": [1.5, 12, 0, 13], "rotation": 270, "texture": "#3"},
				"south": {"uv": [8.5, 13, 11.5, 10], "rotation": 90, "texture": "#3"},
				"west": {"uv": [8.5, 12, 7, 11], "rotation": 270, "texture": "#3"},
				"up": {"uv": [7.5, 9.5, 8.5, 11], "rotation": 270, "texture": "#3"},
				"down": {"uv": [9.5, 8, 10.5, 9.5], "rotation": 270, "texture": "#3"}
			}
		},
		{
			"from": [6.449, 14.44326, 6.249],
			"to": [9.551, 17.54526, 9.751],
			"rotation": {"angle": 45, "axis": "z", "origin": [8, 15.99426, 8]},
			"faces": {
				"north": {"uv": [8, 8, 9.5, 9.5], "rotation": 90, "texture": "#3"},
				"east": {"uv": [1.5, 12, 0, 13], "rotation": 270, "texture": "#3"},
				"south": {"uv": [8, 9.5, 9.5, 8], "rotation": 90, "texture": "#3"},
				"west": {"uv": [8.5, 13, 7, 12], "rotation": 270, "texture": "#3"},
				"up": {"uv": [7.5, 9.5, 8.5, 11], "rotation": 270, "texture": "#3"},
				"down": {"uv": [9.5, 8, 10.5, 9.5], "rotation": 270, "texture": "#3"}
			}
		},
		{
			"from": [5.9, -9.85, 6.5],
			"to": [10.1, 17.15, 9.5],
			"rotation": {"angle": 0, "axis": "y", "origin": [0, -1.1, 0]},
			"faces": {
				"north": {"uv": [6.5, 13, 7.5, 16], "texture": "#3"},
				"east": {"uv": [7.5, 13, 8.5, 16], "texture": "#3"},
				"south": {"uv": [5.5, 13, 6.5, 16], "texture": "#3"},
				"west": {"uv": [8.5, 13, 9.5, 16], "texture": "#3"},
				"up": {"uv": [9.5, 14.75, 10.5, 16], "texture": "#3"},
				"down": {"uv": [9.5, 14.75, 10.5, 16], "texture": "#3"}
			}
		},
		{
			"from": [22.709, -4.711, 6.499],
			"to": [25.661, -1.759, 9.501],
			"rotation": {"angle": -45, "axis": "z", "origin": [8.1, 13, 8]},
			"faces": {
				"north": {"uv": [9.5, 13, 10, 13.5], "rotation": 90, "texture": "#3"},
				"east": {"uv": [9.5, 13, 10, 13.5], "rotation": 270, "texture": "#3"},
				"south": {"uv": [9.5, 13, 10, 13.5], "rotation": 270, "texture": "#3"},
				"west": {"uv": [9.5, 13, 10, 13.5], "rotation": 270, "texture": "#3"},
				"up": {"uv": [6.5, 13, 7.5, 14], "rotation": 270, "texture": "#3"},
				"down": {"uv": [9.5, 13, 10, 13.5], "rotation": 270, "texture": "#3"}
			}
		},
		{
			"from": [7, 18, 7],
			"to": [9, 31, 9],
			"faces": {
				"north": {"uv": [6, 0, 7, 4.5], "texture": "#3"},
				"east": {"uv": [6, 4.5, 7, 9], "texture": "#3"},
				"south": {"uv": [7, 0, 8, 4.5], "texture": "#3"},
				"west": {"uv": [7, 4.5, 8, 9], "texture": "#3"},
				"up": {"uv": [11, 2, 10, 1], "texture": "#3"},
				"down": {"uv": [2.5, 12, 1.5, 13], "texture": "#3"}
			}
		},
		{
			"from": [3.5, -12, 7.25],
			"to": [12.5, 18.5, 8.75],
			"rotation": {"angle": 0, "axis": "y", "origin": [0, -9, 0]},
			"faces": {
				"north": {"uv": [3, 0, 5.5, 10], "texture": "#3"},
				"east": {"uv": [2.5, 0, 3, 10], "texture": "#3"},
				"south": {"uv": [0, 0, 2.5, 10], "texture": "#3"},
				"west": {"uv": [5.5, 0, 6, 10], "texture": "#3"},
				"up": {"uv": [12.5, 0.5, 10, 0], "texture": "#3"},
				"down": {"uv": [12.5, 0.5, 10, 1], "texture": "#3"}
			}
		},
		{
			"from": [4.119, -15.481, 7.249],
			"to": [10.471, -9.129, 8.751],
			"rotation": {"angle": -45, "axis": "z", "origin": [8, -13, 8]},
			"faces": {
				"north": {"uv": [3, 10, 5, 12], "rotation": 90, "texture": "#3"},
				"east": {"uv": [2, 13, 0, 13.5], "rotation": 270, "texture": "#3"},
				"south": {"uv": [0, 10, 2, 12.025], "rotation": 270, "texture": "#3"},
				"west": {"uv": [12, 3.5, 10, 3], "rotation": 270, "texture": "#3"},
				"up": {"uv": [3.5, 10, 4, 12], "rotation": 270, "texture": "#3"},
				"down": {"uv": [5.5, 10, 6, 12], "rotation": 270, "texture": "#3"}
			}
		}
	],
	"gui_light": "front",
	"display": {
		"thirdperson_righthand": {
			"rotation": [180, 90, 0],
			"translation": [0, 10.5, 0.75],
			"scale": [1.05, 0.95, 0.85]
		},
		"thirdperson_lefthand": {
			"rotation": [180, 90, 0],
			"translation": [0, 5.25, 0.5],
			"scale": [0.6, 0.6, 0.6]
		},
		"firstperson_righthand": {
			"rotation": [-160, 90, 0],
			"translation": [2, 2.75, -0.5],
			"scale": [0.6, 0.6, 0.6]
		},
		"firstperson_lefthand": {
			"rotation": [-160, -90, 0],
			"translation": [2, 2.75, -0.5],
			"scale": [0.6, 0.6, 0.6]
		},
		"ground": {
			"rotation": [0, 0, 135],
			"translation": [2.5, 7, 0],
			"scale": [0.5, 0.5, 0.5]
		},
		"gui": {
			"rotation": [-180, 0, 45],
			"scale": [0.45, 0.45, 0.45]
		},
		"head": {
			"translation": [0.25, 8.5, 0.75],
			"scale": [0.6, 0.6, 0.6]
		},
		"fixed": {
			"rotation": [0, 0, -135],
			"translation": [-0.5, 0.25, -0.75],
			"scale": [0.65, 0.65, 0.65]
		}
	},
	"groups": [
		{
			"name": "sword",
			"origin": [8, 8, 8],
			"color": 0,
			"children": [
				{
					"name": "pommel",
					"origin": [8, 8, 8],
					"color": 0,
					"children": [
						0,
						1,
						2,
						{
							"name": "cross-guard",
							"origin": [8, 8, 8],
							"color": 0,
							"children": [3, 4]
						}
					]
				},
				{
					"name": "grip",
					"origin": [8, 8, 8],
					"color": 0,
					"children": [5]
				},
				{
					"name": "guard",
					"origin": [8, 8, 8],
					"color": 0,
					"children": [
						{
							"name": "cross-guard",
							"origin": [8, 8, 8],
							"color": 0,
							"children": []
						}
					]
				},
				{
					"name": "blade",
					"origin": [8, 8, 8],
					"color": 0,
					"children": [6, 7]
				}
			]
		}
	]
}