{
	"credit": "Made with Blockbench",
	"textures": {
		"0": "item/casca_sword",
		"particle": "item/casca_sword"
	},
	"elements": [
		{
			"from": [-0.2, 1.6, -0.2],
			"to": [0.25, 4.9, 0.25],
			"faces": {
				"north": {"uv": [5, 4, 5.45, 7.3], "texture": "#0"},
				"east": {"uv": [4, 4, 4.45, 7.3], "texture": "#0"},
				"south": {"uv": [5, 0, 5.45, 3.3], "texture": "#0"},
				"west": {"uv": [4, 0, 4.45, 3.3], "texture": "#0"},
				"up": {"uv": [5.25, 7.5, 5.7, 7.95], "texture": "#0"},
				"down": {"uv": [4.5, 7.5, 4.95, 7.95], "texture": "#0"}
			}
		},
		{
			"from": [-0.25, 4.9, -0.6],
			"to": [0.25, 5.3, 0.6],
			"rotation": {"angle": 0, "axis": "y", "origin": [0.1, -0.3, 0]},
			"faces": {
				"north": {"uv": [4.5, 14.25, 5, 14.65], "texture": "#0"},
				"east": {"uv": [7.25, 14.5, 8.45, 14.9], "texture": "#0"},
				"south": {"uv": [6.75, 14.25, 7.25, 14.65], "texture": "#0"},
				"west": {"uv": [5.25, 14.25, 6.45, 14.65], "texture": "#0"},
				"up": {"uv": [7, 14, 8.5, 14.2], "texture": "#0"},
				"down": {"uv": [4, 14, 4.5, 14.2], "texture": "#0"}
			}
		},
		{
			"from": [-0.2, 4.8, 3.39],
			"to": [0.2, 5.2, 4],
			"rotation": {"angle": -22.5, "axis": "x", "origin": [0.1, -0.4, 2.1]},
			"faces": {
				"north": {"uv": [5, 12.25, 5.4, 12.65], "texture": "#0"},
				"east": {"uv": [5.75, 12.25, 6.36, 12.65], "texture": "#0"},
				"south": {"uv": [9.5, 12.25, 9.9, 12.65], "texture": "#0"},
				"west": {"uv": [8.5, 12.25, 9.11, 12.65], "texture": "#0"},
				"up": {"uv": [7.5, 12.25, 7.9, 12.86], "texture": "#0"},
				"down": {"uv": [6.75, 12.25, 7.15, 12.86], "texture": "#0"}
			}
		},
		{
			"from": [-0.2, 3.2, -3.67],
			"to": [0.2, 3.6, -3.07],
			"rotation": {"angle": 22.5, "axis": "x", "origin": [0.1, -0.4, 2.1]},
			"faces": {
				"north": {"uv": [9.5, 12.25, 9.9, 12.65], "texture": "#0"},
				"east": {"uv": [5.5, 12.25, 6.1, 12.65], "texture": "#0"},
				"south": {"uv": [9, 12.25, 9.4, 12.65], "texture": "#0"},
				"west": {"uv": [8, 12.25, 8.6, 12.65], "texture": "#0"},
				"up": {"uv": [7.25, 12.25, 7.65, 12.85], "texture": "#0"},
				"down": {"uv": [6.5, 12.25, 6.9, 12.85], "texture": "#0"}
			}
		},
		{
			"from": [-0.05, 4.9, -0.3],
			"to": [0.05, 6.2, 0.3],
			"rotation": {"angle": 0, "axis": "y", "origin": [0, -0.3, 0]},
			"faces": {
				"north": {"uv": [0, 0, 0.1, 1.3], "texture": "#0"},
				"east": {"uv": [0, 0, 0.6, 1.3], "texture": "#0"},
				"south": {"uv": [0, 0, 0.1, 1.3], "texture": "#0"},
				"west": {"uv": [0, 0, 0.6, 1.3], "texture": "#0"},
				"up": {"uv": [0, 0, 0.1, 0.6], "texture": "#0"},
				"down": {"uv": [0, 0, 0.1, 0.6], "texture": "#0"}
			}
		},
		{
			"from": [-0.05, 6.2, -0.5],
			"to": [0.05, 14.8, 0.5],
			"rotation": {"angle": 0, "axis": "y", "origin": [0, -0.3, 0]},
			"faces": {
				"north": {"uv": [0, 0, 0.1, 8.6], "texture": "#0"},
				"east": {"uv": [0, 0, 1, 8.6], "texture": "#0"},
				"south": {"uv": [0, 0, 0.1, 8.6], "texture": "#0"},
				"west": {"uv": [0, 0, 1, 8.6], "texture": "#0"},
				"up": {"uv": [0, 0, 0.1, 1], "texture": "#0"},
				"down": {"uv": [0, 0, 0.1, 1], "texture": "#0"}
			}
		},
		{
			"from": [-0.05, 5.3, -2.33],
			"to": [0.05, 5.9, -2.03],
			"rotation": {"angle": 22.5, "axis": "x", "origin": [0, -0.3, 0]},
			"faces": {
				"north": {"uv": [0, 0, 0.1, 0.6], "texture": "#0"},
				"east": {"uv": [0, 0, 0.3, 0.6], "texture": "#0"},
				"south": {"uv": [0, 0, 0.1, 0.6], "texture": "#0"},
				"west": {"uv": [0, 0, 0.3, 0.6], "texture": "#0"},
				"up": {"uv": [0, 0, 0.1, 0.3], "texture": "#0"},
				"down": {"uv": [0, 0, 0.1, 0.3], "texture": "#0"}
			}
		},
		{
			"from": [-0.35, 0.9, -0.35],
			"to": [0.4, 1.6, 0.4],
			"rotation": {"angle": 45, "axis": "y", "origin": [0, 0, 0]},
			"faces": {
				"north": {"uv": [14.5, 5.5, 14.95, 8.8], "texture": "#0"},
				"east": {"uv": [14.5, 5.5, 14.95, 8.8], "texture": "#0"},
				"south": {"uv": [14, 3.75, 14.45, 7.05], "texture": "#0"},
				"west": {"uv": [13, 2, 13.45, 5.3], "texture": "#0"},
				"up": {"uv": [13.25, 1.5, 13.7, 1.95], "texture": "#0"},
				"down": {"uv": [14, 2.5, 14.45, 2.95], "texture": "#0"}
			}
		},
		{
			"from": [-0.05, 5.3, 2.03],
			"to": [0.05, 5.9, 2.33],
			"rotation": {"angle": -22.5, "axis": "x", "origin": [0, -0.3, 0]},
			"faces": {
				"north": {"uv": [0, 0, 0.1, 0.6], "texture": "#0"},
				"east": {"uv": [0, 0, 0.3, 0.6], "texture": "#0"},
				"south": {"uv": [0, 0, 0.1, 0.6], "texture": "#0"},
				"west": {"uv": [0, 0, 0.3, 0.6], "texture": "#0"},
				"up": {"uv": [0, 0, 0.1, 0.3], "texture": "#0"},
				"down": {"uv": [0, 0, 0.1, 0.3], "texture": "#0"}
			}
		},
		{
			"from": [-0.05, 13.45, -6.24],
			"to": [0.05, 14.45, -6.04],
			"rotation": {"angle": 22.5, "axis": "x", "origin": [0, -0.3, 0]},
			"faces": {
				"north": {"uv": [0, 0, 0.1, 1], "rotation": 180, "texture": "#0"},
				"east": {"uv": [0, 0, 1, 0.2], "rotation": 90, "texture": "#0"},
				"south": {"uv": [0, 0, 0.1, 1], "texture": "#0"},
				"west": {"uv": [0, 0, 1, 0.2], "rotation": 270, "texture": "#0"},
				"up": {"uv": [0, 0, 0.1, 0.2], "texture": "#0"},
				"down": {"uv": [0, 0, 0.1, 0.2], "rotation": 180, "texture": "#0"}
			}
		},
		{
			"from": [-0.05, 13.45, 6.04],
			"to": [0.05, 14.45, 6.24],
			"rotation": {"angle": -22.5, "axis": "x", "origin": [0, -0.3, 0]},
			"faces": {
				"north": {"uv": [0, 0, 0.1, 1], "rotation": 180, "texture": "#0"},
				"east": {"uv": [0, 0, 1, 0.2], "rotation": 270, "texture": "#0"},
				"south": {"uv": [0, 0, 0.1, 1], "texture": "#0"},
				"west": {"uv": [0, 0, 1, 0.2], "rotation": 90, "texture": "#0"},
				"up": {"uv": [0, 0, 0.1, 0.2], "rotation": 180, "texture": "#0"},
				"down": {"uv": [0, 0, 0.1, 0.2], "texture": "#0"}
			}
		},
		{
			"from": [-0.05, 10.94, -11.41],
			"to": [0.05, 11.111, -11.235],
			"rotation": {"angle": 45, "axis": "x", "origin": [0, -0.3, 0]},
			"faces": {
				"north": {"uv": [0, 0, 0.1, 0.171], "texture": "#0"},
				"east": {"uv": [0, 0, 0.175, 0.171], "texture": "#0"},
				"south": {"uv": [0, 0, 0.1, 0.171], "texture": "#0"},
				"west": {"uv": [0, 0, 0.175, 0.171], "texture": "#0"},
				"up": {"uv": [0, 0, 0.1, 0.175], "texture": "#0"},
				"down": {"uv": [0, 0, 0.1, 0.175], "texture": "#0"}
			}
		},
		{
			"from": [-0.049, 13.45, 5.84],
			"to": [0.0508, 14.35, 6.04],
			"rotation": {"angle": -22.5, "axis": "x", "origin": [0, -0.3, 0]},
			"faces": {
				"north": {"uv": [0, 0, 0.0998, 0.9], "rotation": 180, "texture": "#0"},
				"east": {"uv": [0, 0, 0.9, 0.2], "rotation": 270, "texture": "#0"},
				"south": {"uv": [0, 0, 0.0998, 0.9], "texture": "#0"},
				"west": {"uv": [0, 0, 0.9, 0.2], "rotation": 90, "texture": "#0"},
				"up": {"uv": [0, 0, 0.0998, 0.2], "rotation": 180, "texture": "#0"},
				"down": {"uv": [0, 0, 0.0998, 0.2], "texture": "#0"}
			}
		},
		{
			"from": [-0.2, 3, -2.57],
			"to": [0.2, 3.2, -1.57],
			"rotation": {"angle": 22.5, "axis": "x", "origin": [0.1, 1.175, 4.3]},
			"faces": {
				"north": {"uv": [0, 0, 0.4, 0.2], "texture": "#0"},
				"east": {"uv": [0, 0, 1, 0.2], "texture": "#0"},
				"south": {"uv": [0, 0, 0.4, 0.2], "texture": "#0"},
				"west": {"uv": [0, 0, 1, 0.2], "texture": "#0"},
				"up": {"uv": [0, 0, 0.4, 1], "texture": "#0"},
				"down": {"uv": [0, 0, 0.4, 1], "texture": "#0"}
			}
		},
		{
			"from": [-0.049, 13.45, 5.44],
			"to": [0.0508, 13.85, 5.84],
			"rotation": {"angle": -22.5, "axis": "x", "origin": [0, -0.3, 0]},
			"faces": {
				"north": {"uv": [0, 0, 0.0998, 0.4], "rotation": 180, "texture": "#0"},
				"east": {"uv": [0, 0, 0.4, 0.4], "rotation": 270, "texture": "#0"},
				"south": {"uv": [0, 0, 0.0998, 0.4], "texture": "#0"},
				"west": {"uv": [0, 0, 0.4, 0.4], "rotation": 90, "texture": "#0"},
				"up": {"uv": [0, 0, 0.0998, 0.4], "rotation": 180, "texture": "#0"},
				"down": {"uv": [0, 0, 0.0998, 0.4], "texture": "#0"}
			}
		},
		{
			"from": [-0.2, 4.2, 2.405],
			"to": [0.2, 4.4, 3.405],
			"rotation": {"angle": -22.5, "axis": "x", "origin": [0.1, -0.3, -0.825]},
			"faces": {
				"north": {"uv": [0, 0, 0.4, 0.2], "texture": "#0"},
				"east": {"uv": [0, 0, 1, 0.2], "texture": "#0"},
				"south": {"uv": [0, 0, 0.4, 0.2], "texture": "#0"},
				"west": {"uv": [0, 0, 1, 0.2], "texture": "#0"},
				"up": {"uv": [0, 0, 0.4, 1], "texture": "#0"},
				"down": {"uv": [0, 0, 0.4, 1], "texture": "#0"}
			}
		},
		{
			"from": [-0.049, 13.85, 5.54],
			"to": [0.0508, 14.05, 5.74],
			"rotation": {"angle": -22.5, "axis": "x", "origin": [0, -0.3, 0]},
			"faces": {
				"north": {"uv": [0, 0, 0.0998, 0.2], "rotation": 180, "texture": "#0"},
				"east": {"uv": [0, 0, 0.2, 0.2], "rotation": 270, "texture": "#0"},
				"south": {"uv": [0, 0, 0.0998, 0.2], "texture": "#0"},
				"west": {"uv": [0, 0, 0.2, 0.2], "rotation": 90, "texture": "#0"},
				"up": {"uv": [0, 0, 0.0998, 0.2], "rotation": 180, "texture": "#0"},
				"down": {"uv": [0, 0, 0.0998, 0.2], "texture": "#0"}
			}
		},
		{
			"from": [-0.049, 13.85, 5.74],
			"to": [0.0508, 14.15, 5.84],
			"rotation": {"angle": -22.5, "axis": "x", "origin": [0, -0.3, 0]},
			"faces": {
				"north": {"uv": [0, 0, 0.0998, 0.3], "rotation": 180, "texture": "#0"},
				"east": {"uv": [0, 0, 0.3, 0.1], "rotation": 270, "texture": "#0"},
				"south": {"uv": [0, 0, 0.0998, 0.3], "texture": "#0"},
				"west": {"uv": [0, 0, 0.3, 0.1], "rotation": 90, "texture": "#0"},
				"up": {"uv": [0, 0, 0.0998, 0.1], "rotation": 180, "texture": "#0"},
				"down": {"uv": [0, 0, 0.0998, 0.1], "texture": "#0"}
			}
		},
		{
			"from": [-0.05, 4.6, -2.56],
			"to": [0.05, 5.1, -2.26],
			"rotation": {"angle": 22.5, "axis": "x", "origin": [0, -0.3, 0]},
			"faces": {
				"north": {"uv": [0, 0, 0.1, 0.5], "texture": "#0"},
				"east": {"uv": [0, 0, 0.3, 0.5], "texture": "#0"},
				"south": {"uv": [0, 0, 0.1, 0.5], "texture": "#0"},
				"west": {"uv": [0, 0, 0.3, 0.5], "texture": "#0"},
				"up": {"uv": [0, 0, 0.1, 0.3], "texture": "#0"},
				"down": {"uv": [0, 0, 0.1, 0.3], "texture": "#0"}
			}
		},
		{
			"from": [-0.15, 2.42, 4.675],
			"to": [0.15, 3.02, 4.875],
			"rotation": {"angle": -45, "axis": "x", "origin": [0.1, -0.3, -0.825]},
			"faces": {
				"north": {"uv": [0, 0, 0.3, 0.6], "texture": "#0"},
				"east": {"uv": [0, 0, 0.2, 0.6], "texture": "#0"},
				"south": {"uv": [0, 0, 0.3, 0.6], "texture": "#0"},
				"west": {"uv": [0, 0, 0.2, 0.6], "texture": "#0"},
				"up": {"uv": [0, 0, 0.3, 0.2], "texture": "#0"},
				"down": {"uv": [0, 0, 0.3, 0.2], "texture": "#0"}
			}
		},
		{
			"from": [-0.15, 0.42, -2.82],
			"to": [0.15, 1.02, -2.62],
			"rotation": {"angle": 45, "axis": "x", "origin": [0.1, 1.175, 4.3]},
			"faces": {
				"north": {"uv": [0, 0, 0.3, 0.6], "texture": "#0"},
				"east": {"uv": [0, 0, 0.2, 0.6], "texture": "#0"},
				"south": {"uv": [0, 0, 0.3, 0.6], "texture": "#0"},
				"west": {"uv": [0, 0, 0.2, 0.6], "texture": "#0"},
				"up": {"uv": [0, 0, 0.3, 0.2], "texture": "#0"},
				"down": {"uv": [0, 0, 0.3, 0.2], "texture": "#0"}
			}
		},
		{
			"from": [-0.05, 4.6, 2.26],
			"to": [0.05, 5.1, 2.56],
			"rotation": {"angle": -22.5, "axis": "x", "origin": [0, -0.3, 0]},
			"faces": {
				"north": {"uv": [0, 0, 0.1, 0.5], "texture": "#0"},
				"east": {"uv": [0, 0, 0.3, 0.5], "texture": "#0"},
				"south": {"uv": [0, 0, 0.1, 0.5], "texture": "#0"},
				"west": {"uv": [0, 0, 0.3, 0.5], "texture": "#0"},
				"up": {"uv": [0, 0, 0.1, 0.3], "texture": "#0"},
				"down": {"uv": [0, 0, 0.1, 0.3], "texture": "#0"}
			}
		},
		{
			"from": [-0.15, 5, 3.2],
			"to": [0.15, 5.25, 3.7],
			"rotation": {"angle": -22.5, "axis": "x", "origin": [0.1, -0.4, 2.1]},
			"faces": {
				"north": {"uv": [9, 3, 9.3, 3.25], "texture": "#0"},
				"east": {"uv": [9, 3, 9.5, 3.25], "texture": "#0"},
				"south": {"uv": [9, 3, 9.3, 3.25], "texture": "#0"},
				"west": {"uv": [9, 3, 9.5, 3.25], "texture": "#0"},
				"up": {"uv": [8, 2, 9.3, 3.5], "texture": "#0"},
				"down": {"uv": [9, 3, 9.3, 3.5], "texture": "#0"}
			}
		},
		{
			"from": [-0.15, 3.4, -3.37],
			"to": [0.15, 3.65, -2.87],
			"rotation": {"angle": 22.5, "axis": "x", "origin": [0.1, -0.4, 2.1]},
			"faces": {
				"north": {"uv": [9, 3, 9.3, 3.25], "texture": "#0"},
				"east": {"uv": [8.25, 2.5, 9.75, 3.75], "texture": "#0"},
				"south": {"uv": [9, 3, 9.3, 3.25], "texture": "#0"},
				"west": {"uv": [9, 3, 9.5, 3.25], "texture": "#0"},
				"up": {"uv": [9, 3, 9.3, 3.5], "texture": "#0"},
				"down": {"uv": [8.75, 3, 9.05, 3.5], "texture": "#0"}
			}
		},
		{
			"from": [-0.225, 4.9, -1.3],
			"to": [0.225, 5.3, 1.3],
			"rotation": {"angle": 0, "axis": "y", "origin": [0.1, -0.3, 0]},
			"faces": {
				"north": {"uv": [2.75, 13.25, 3.2, 13.65], "texture": "#0"},
				"east": {"uv": [3.75, 13, 6.35, 13.4], "texture": "#0"},
				"south": {"uv": [6.75, 13.25, 7.2, 13.65], "texture": "#0"},
				"west": {"uv": [3.75, 13.5, 6.35, 13.9], "texture": "#0"},
				"up": {"uv": [1, 14.25, 1.45, 14.85], "texture": "#0"},
				"down": {"uv": [2, 13.5, 2.45, 14.6], "texture": "#0"}
			}
		}
	],
	"display": {
		"thirdperson_righthand": {
			"translation": [12, 5.25, 12],
			"scale": [1.5, 1.5, 1.5]
		},
		"thirdperson_lefthand": {
			"rotation": [172, 0, 0],
			"translation": [-12.7, -8.25, -10.7],
			"scale": [1.5, 1.5, 1.5]
		},
		"firstperson_righthand": {
			"rotation": [0, 0, 6],
			"translation": [11, 8.5, 15],
			"scale": [1.5, 1.5, 1.5]
		},
		"firstperson_lefthand": {
			"rotation": [118, 18, 4],
			"translation": [-8.5, -11.5, 0],
			"scale": [1.5, 1.5, 1.5]
		},
		"ground": {
			"rotation": [0, 0, 90],
			"translation": [0, 9.25, 11.5],
			"scale": [1.5, 1.5, 1.5]
		},
		"gui": {
			"rotation": [-88, 45, 90],
			"translation": [7, 7.25, 0],
			"scale": [1.26, 1.26, 1.26]
		},
		"head": {
			"rotation": [101, 0, 0],
			"translation": [16, -11.7, -16.5],
			"scale": [2, 2, 2]
		},
		"fixed": {
			"rotation": [0, -90, 0],
			"translation": [-20.5, 0, 19.25],
			"scale": [2.5, 2.5, 2.5]
		}
	}
}