{
	"credit": "Made with Blockbench",
	"textures": {
		"0": "item/bloody_lance",
		"particle": "item/bloody_lance"
	},
	"elements": [
		{
			"name": "Flattened_0",
			"from": [7.5, 8, 7.875],
			"to": [7.625, 12.625, 8.25],
			"faces": {
				"north": {"uv": [7.625, 3.375, 7.5, 8], "texture": "#0"},
				"east": {"uv": [7.5, 3.375, 7.625, 8], "texture": "#0"},
				"south": {"uv": [7.5, 3.375, 7.625, 8], "texture": "#0"},
				"west": {"uv": [7.5, 3.375, 7.625, 8], "texture": "#0"},
				"up": {"uv": [7.5, 3.375, 7.625, 3.5], "texture": "#0"},
				"down": {"uv": [7.5, 7.875, 7.625, 8], "texture": "#0"}
			}
		},
		{
			"name": "Flattened_1",
			"from": [7.875, 7.375, 7.875],
			"to": [8, 12.125, 8.25],
			"faces": {
				"north": {"uv": [8, 3.875, 7.875, 8.625], "texture": "#0"},
				"east": {"uv": [7.875, 3.875, 8, 8.625], "texture": "#0"},
				"south": {"uv": [7.875, 3.875, 8, 8.625], "texture": "#0"},
				"west": {"uv": [7.875, 3.875, 8, 8.625], "texture": "#0"},
				"up": {"uv": [7.875, 3.875, 8, 4], "texture": "#0"},
				"down": {"uv": [7.875, 8.5, 8, 8.625], "texture": "#0"}
			}
		},
		{
			"name": "Flattened_2",
			"from": [7.375, 7.75, 7.875],
			"to": [7.5, 11.5, 8.25],
			"faces": {
				"north": {"uv": [7.5, 4.5, 7.375, 8.25], "texture": "#0"},
				"east": {"uv": [7.375, 4.5, 7.5, 8.25], "texture": "#0"},
				"south": {"uv": [7.375, 4.5, 7.5, 8.25], "texture": "#0"},
				"west": {"uv": [7.375, 4.5, 7.5, 8.25], "texture": "#0"},
				"up": {"uv": [7.375, 4.5, 7.5, 4.625], "texture": "#0"},
				"down": {"uv": [7.375, 8.125, 7.5, 8.25], "texture": "#0"}
			}
		},
		{
			"name": "Flattened_3",
			"from": [8, 7.125, 7.875],
			"to": [8.125, 10.875, 8.25],
			"faces": {
				"north": {"uv": [8.125, 5.125, 8, 8.875], "texture": "#0"},
				"east": {"uv": [8, 5.125, 8.125, 8.875], "texture": "#0"},
				"south": {"uv": [8, 5.125, 8.125, 8.875], "texture": "#0"},
				"west": {"uv": [8, 5.125, 8.125, 8.875], "texture": "#0"},
				"up": {"uv": [8, 5.125, 8.125, 5.25], "texture": "#0"},
				"down": {"uv": [8, 8.75, 8.125, 8.875], "texture": "#0"}
			}
		},
		{
			"name": "Flattened_4",
			"from": [7.25, 7.625, 7.875],
			"to": [7.375, 10.25, 8.25],
			"faces": {
				"north": {"uv": [7.375, 5.75, 7.25, 8.375], "texture": "#0"},
				"east": {"uv": [7.25, 5.75, 7.375, 8.375], "texture": "#0"},
				"south": {"uv": [7.25, 5.75, 7.375, 8.375], "texture": "#0"},
				"west": {"uv": [7.25, 5.75, 7.375, 8.375], "texture": "#0"},
				"up": {"uv": [7.25, 5.75, 7.375, 5.875], "texture": "#0"},
				"down": {"uv": [7.25, 8.25, 7.375, 8.375], "texture": "#0"}
			}
		},
		{
			"name": "Flattened_5",
			"from": [8.125, 7, 7.875],
			"to": [8.25, 9.625, 8.25],
			"faces": {
				"north": {"uv": [8.25, 6.375, 8.125, 9], "texture": "#0"},
				"east": {"uv": [8.125, 6.375, 8.25, 9], "texture": "#0"},
				"south": {"uv": [8.125, 6.375, 8.25, 9], "texture": "#0"},
				"west": {"uv": [8.125, 6.375, 8.25, 9], "texture": "#0"},
				"up": {"uv": [8.125, 6.375, 8.25, 6.5], "texture": "#0"},
				"down": {"uv": [8.125, 8.875, 8.25, 9], "texture": "#0"}
			}
		},
		{
			"name": "Flattened_6",
			"from": [7.125, 7.5, 7.875],
			"to": [7.25, 9, 8.25],
			"faces": {
				"north": {"uv": [7.25, 7, 7.125, 8.5], "texture": "#0"},
				"east": {"uv": [7.125, 7, 7.25, 8.5], "texture": "#0"},
				"south": {"uv": [7.125, 7, 7.25, 8.5], "texture": "#0"},
				"west": {"uv": [7.125, 7, 7.25, 8.5], "texture": "#0"},
				"up": {"uv": [7.125, 7, 7.25, 7.125], "texture": "#0"},
				"down": {"uv": [7.125, 8.375, 7.25, 8.5], "texture": "#0"}
			}
		},
		{
			"name": "Flattened_7",
			"from": [7, 7.375, 7.875],
			"to": [7.125, 8.375, 8.25],
			"faces": {
				"north": {"uv": [7.125, 7.625, 7, 8.625], "texture": "#0"},
				"east": {"uv": [7, 7.625, 7.125, 8.625], "texture": "#0"},
				"south": {"uv": [7, 7.625, 7.125, 8.625], "texture": "#0"},
				"west": {"uv": [7, 7.625, 7.125, 8.625], "texture": "#0"},
				"up": {"uv": [7, 7.625, 7.125, 7.75], "texture": "#0"},
				"down": {"uv": [7, 8.5, 7.125, 8.625], "texture": "#0"}
			}
		},
		{
			"name": "Flattened_8",
			"from": [8.25, 6.875, 7.875],
			"to": [8.375, 8.375, 8.25],
			"faces": {
				"north": {"uv": [8.375, 7.625, 8.25, 9.125], "texture": "#0"},
				"east": {"uv": [8.25, 7.625, 8.375, 9.125], "texture": "#0"},
				"south": {"uv": [8.25, 7.625, 8.375, 9.125], "texture": "#0"},
				"west": {"uv": [8.25, 7.625, 8.375, 9.125], "texture": "#0"},
				"up": {"uv": [8.25, 7.625, 8.375, 7.75], "texture": "#0"},
				"down": {"uv": [8.25, 9, 8.375, 9.125], "texture": "#0"}
			}
		},
		{
			"name": "Flattened_9",
			"from": [6.875, 7.25, 7.875],
			"to": [7, 8, 8.25],
			"faces": {
				"north": {"uv": [7, 8, 6.875, 8.75], "texture": "#0"},
				"east": {"uv": [6.875, 8, 7, 8.75], "texture": "#0"},
				"south": {"uv": [6.875, 8, 7, 8.75], "texture": "#0"},
				"west": {"uv": [6.875, 8, 7, 8.75], "texture": "#0"},
				"up": {"uv": [6.875, 8, 7, 8.125], "texture": "#0"},
				"down": {"uv": [6.875, 8.625, 7, 8.75], "texture": "#0"}
			}
		},
		{
			"name": "Flattened_10",
			"from": [6.75, 7.25, 7.875],
			"to": [6.875, 7.75, 8.25],
			"faces": {
				"north": {"uv": [6.875, 8.25, 6.75, 8.75], "texture": "#0"},
				"south": {"uv": [6.75, 8.25, 6.875, 8.75], "texture": "#0"},
				"west": {"uv": [6.75, 8.25, 6.875, 8.75], "texture": "#0"},
				"up": {"uv": [6.75, 8.25, 6.875, 8.375], "texture": "#0"},
				"down": {"uv": [6.75, 8.625, 6.875, 8.75], "texture": "#0"}
			}
		},
		{
			"name": "Flattened_11",
			"from": [6.625, 7.125, 7.875],
			"to": [6.75, 7.625, 8.25],
			"faces": {
				"north": {"uv": [6.75, 8.375, 6.625, 8.875], "texture": "#0"},
				"east": {"uv": [6.625, 8.375, 6.75, 8.875], "texture": "#0"},
				"south": {"uv": [6.625, 8.375, 6.75, 8.875], "texture": "#0"},
				"west": {"uv": [6.625, 8.375, 6.75, 8.875], "texture": "#0"},
				"up": {"uv": [6.625, 8.375, 6.75, 8.5], "texture": "#0"},
				"down": {"uv": [6.625, 8.75, 6.75, 8.875], "texture": "#0"}
			}
		},
		{
			"name": "Flattened_12",
			"from": [8.375, 6.75, 7.875],
			"to": [8.5, 7.5, 8.25],
			"faces": {
				"north": {"uv": [8.5, 8.5, 8.375, 9.25], "texture": "#0"},
				"east": {"uv": [8.375, 8.5, 8.5, 9.25], "texture": "#0"},
				"south": {"uv": [8.375, 8.5, 8.5, 9.25], "texture": "#0"},
				"west": {"uv": [8.375, 8.5, 8.5, 9.25], "texture": "#0"},
				"up": {"uv": [8.375, 8.5, 8.5, 8.625], "texture": "#0"},
				"down": {"uv": [8.375, 9.125, 8.5, 9.25], "texture": "#0"}
			}
		},
		{
			"name": "Flattened_13",
			"from": [6.5, 7.125, 7.875],
			"to": [6.625, 7.375, 8.25],
			"faces": {
				"north": {"uv": [6.625, 8.625, 6.5, 8.875], "texture": "#0"},
				"south": {"uv": [6.5, 8.625, 6.625, 8.875], "texture": "#0"},
				"west": {"uv": [6.5, 8.625, 6.625, 8.875], "texture": "#0"},
				"up": {"uv": [6.5, 8.625, 6.625, 8.75], "texture": "#0"},
				"down": {"uv": [6.5, 8.75, 6.625, 8.875], "texture": "#0"}
			}
		},
		{
			"name": "Flattened_14",
			"from": [6.375, 7, 7.875],
			"to": [6.5, 7.25, 8.25],
			"faces": {
				"north": {"uv": [6.5, 8.75, 6.375, 9], "texture": "#0"},
				"east": {"uv": [6.375, 8.75, 6.5, 9], "texture": "#0"},
				"south": {"uv": [6.375, 8.75, 6.5, 9], "texture": "#0"},
				"west": {"uv": [6.375, 8.75, 6.5, 9], "texture": "#0"},
				"up": {"uv": [6.375, 8.75, 6.5, 8.875], "texture": "#0"},
				"down": {"uv": [6.375, 8.875, 6.5, 9], "texture": "#0"}
			}
		},
		{
			"name": "Flattened_15",
			"from": [6.125, 7, 7.875],
			"to": [6.375, 7.125, 8.25],
			"faces": {
				"north": {"uv": [6.375, 8.875, 6.125, 9], "texture": "#0"},
				"south": {"uv": [6.125, 8.875, 6.375, 9], "texture": "#0"},
				"west": {"uv": [6.125, 8.875, 6.25, 9], "texture": "#0"},
				"up": {"uv": [6.125, 8.875, 6.375, 9], "texture": "#0"},
				"down": {"uv": [6.125, 8.875, 6.375, 9], "texture": "#0"}
			}
		},
		{
			"name": "Flattened_16",
			"from": [8.5, 6.625, 7.875],
			"to": [8.625, 7.125, 8.25],
			"faces": {
				"north": {"uv": [8.625, 8.875, 8.5, 9.375], "texture": "#0"},
				"east": {"uv": [8.5, 8.875, 8.625, 9.375], "texture": "#0"},
				"south": {"uv": [8.5, 8.875, 8.625, 9.375], "texture": "#0"},
				"west": {"uv": [8.5, 8.875, 8.625, 9.375], "texture": "#0"},
				"up": {"uv": [8.5, 8.875, 8.625, 9], "texture": "#0"},
				"down": {"uv": [8.5, 9.25, 8.625, 9.375], "texture": "#0"}
			}
		},
		{
			"name": "Flattened_17",
			"from": [6, 6.875, 7.875],
			"to": [6.25, 7, 8.25],
			"faces": {
				"north": {"uv": [6.25, 9, 6, 9.125], "texture": "#0"},
				"east": {"uv": [6.125, 9, 6.25, 9.125], "texture": "#0"},
				"south": {"uv": [6, 9, 6.25, 9.125], "texture": "#0"},
				"west": {"uv": [6, 9, 6.125, 9.125], "texture": "#0"},
				"up": {"uv": [6, 9, 6.25, 9.125], "texture": "#0"},
				"down": {"uv": [6, 9, 6.25, 9.125], "texture": "#0"}
			}
		},
		{
			"name": "Flattened_18",
			"from": [8.625, 6.5, 7.875],
			"to": [8.75, 6.75, 8.25],
			"faces": {
				"north": {"uv": [8.75, 9.25, 8.625, 9.5], "texture": "#0"},
				"east": {"uv": [8.625, 9.25, 8.75, 9.5], "texture": "#0"},
				"south": {"uv": [8.625, 9.25, 8.75, 9.5], "texture": "#0"},
				"west": {"uv": [8.625, 9.25, 8.75, 9.5], "texture": "#0"},
				"up": {"uv": [8.625, 9.25, 8.75, 9.375], "texture": "#0"},
				"down": {"uv": [8.625, 9.375, 8.75, 9.5], "texture": "#0"}
			}
		},
		{
			"name": "Flattened_19",
			"from": [8.75, 6.375, 7.875],
			"to": [8.875, 6.625, 8.25],
			"faces": {
				"north": {"uv": [8.875, 9.375, 8.75, 9.625], "texture": "#0"},
				"east": {"uv": [8.75, 9.375, 8.875, 9.625], "texture": "#0"},
				"south": {"uv": [8.75, 9.375, 8.875, 9.625], "texture": "#0"},
				"west": {"uv": [8.75, 9.375, 8.875, 9.625], "texture": "#0"},
				"up": {"uv": [8.75, 9.375, 8.875, 9.5], "texture": "#0"},
				"down": {"uv": [8.75, 9.5, 8.875, 9.625], "texture": "#0"}
			}
		},
		{
			"name": "Flattened_20",
			"from": [8.875, 6.375, 7.875],
			"to": [9.125, 6.5, 8.25],
			"faces": {
				"north": {"uv": [9.125, 9.5, 8.875, 9.625], "texture": "#0"},
				"east": {"uv": [9, 9.5, 9.125, 9.625], "texture": "#0"},
				"south": {"uv": [8.875, 9.5, 9.125, 9.625], "texture": "#0"},
				"up": {"uv": [8.875, 9.5, 9.125, 9.625], "texture": "#0"},
				"down": {"uv": [8.875, 9.5, 9.125, 9.625], "texture": "#0"}
			}
		},
		{
			"name": "Flattened_21",
			"from": [9, 6.25, 7.875],
			"to": [9.25, 6.375, 8.25],
			"faces": {
				"north": {"uv": [9.25, 9.625, 9, 9.75], "texture": "#0"},
				"east": {"uv": [9.125, 9.625, 9.25, 9.75], "texture": "#0"},
				"south": {"uv": [9, 9.625, 9.25, 9.75], "texture": "#0"},
				"west": {"uv": [9, 9.625, 9.125, 9.75], "texture": "#0"},
				"up": {"uv": [9, 9.625, 9.25, 9.75], "texture": "#0"},
				"down": {"uv": [9, 9.625, 9.25, 9.75], "texture": "#0"}
			}
		},
		{
			"name": "Layer 7_0",
			"from": [7.5, 12.625, 7.9375],
			"to": [7.625, 13.875, 8.1875],
			"faces": {
				"north": {"uv": [7.625, 2.125, 7.5, 3.375], "texture": "#0"},
				"east": {"uv": [7.5, 2.125, 7.625, 3.375], "texture": "#0"},
				"south": {"uv": [7.5, 2.125, 7.625, 3.375], "texture": "#0"},
				"west": {"uv": [7.5, 2.125, 7.625, 3.375], "texture": "#0"},
				"up": {"uv": [7.5, 2.125, 7.625, 2.25], "texture": "#0"}
			}
		},
		{
			"name": "Layer 7_1",
			"from": [7.875, 12.125, 7.9375],
			"to": [8, 12.75, 8.1875],
			"faces": {
				"north": {"uv": [8, 3.25, 7.875, 3.875], "texture": "#0"},
				"east": {"uv": [7.875, 3.25, 8, 3.875], "texture": "#0"},
				"south": {"uv": [7.875, 3.25, 8, 3.875], "texture": "#0"},
				"west": {"uv": [7.875, 3.25, 8, 3.875], "texture": "#0"},
				"up": {"uv": [7.875, 3.25, 8, 3.375], "texture": "#0"}
			}
		},
		{
			"name": "Layer 7_2",
			"from": [7.375, 11.5, 7.9375],
			"to": [7.5, 12.625, 8.1875],
			"faces": {
				"north": {"uv": [7.5, 3.375, 7.375, 4.5], "texture": "#0"},
				"south": {"uv": [7.375, 3.375, 7.5, 4.5], "texture": "#0"},
				"west": {"uv": [7.375, 3.375, 7.5, 4.5], "texture": "#0"},
				"up": {"uv": [7.375, 3.375, 7.5, 3.5], "texture": "#0"}
			}
		},
		{
			"name": "Layer 7_3",
			"from": [8, 10.875, 7.9375],
			"to": [8.125, 12.125, 8.1875],
			"faces": {
				"north": {"uv": [8.125, 3.875, 8, 5.125], "texture": "#0"},
				"east": {"uv": [8, 3.875, 8.125, 5.125], "texture": "#0"},
				"south": {"uv": [8, 3.875, 8.125, 5.125], "texture": "#0"},
				"up": {"uv": [8, 3.875, 8.125, 4], "texture": "#0"}
			}
		},
		{
			"name": "Layer 7_4",
			"from": [7.25, 10.25, 7.9375],
			"to": [7.375, 11.5, 8.1875],
			"faces": {
				"north": {"uv": [7.375, 4.5, 7.25, 5.75], "texture": "#0"},
				"south": {"uv": [7.25, 4.5, 7.375, 5.75], "texture": "#0"},
				"west": {"uv": [7.25, 4.5, 7.375, 5.75], "texture": "#0"},
				"up": {"uv": [7.25, 4.5, 7.375, 4.625], "texture": "#0"}
			}
		},
		{
			"name": "Layer 7_5",
			"from": [8.125, 9.625, 7.9375],
			"to": [8.25, 10.875, 8.1875],
			"faces": {
				"north": {"uv": [8.25, 5.125, 8.125, 6.375], "texture": "#0"},
				"east": {"uv": [8.125, 5.125, 8.25, 6.375], "texture": "#0"},
				"south": {"uv": [8.125, 5.125, 8.25, 6.375], "texture": "#0"},
				"up": {"uv": [8.125, 5.125, 8.25, 5.25], "texture": "#0"}
			}
		},
		{
			"name": "Layer 7_6",
			"from": [7.125, 9, 7.9375],
			"to": [7.25, 10.25, 8.1875],
			"faces": {
				"north": {"uv": [7.25, 5.75, 7.125, 7], "texture": "#0"},
				"south": {"uv": [7.125, 5.75, 7.25, 7], "texture": "#0"},
				"west": {"uv": [7.125, 5.75, 7.25, 7], "texture": "#0"},
				"up": {"uv": [7.125, 5.75, 7.25, 5.875], "texture": "#0"}
			}
		},
		{
			"name": "Layer 7_7",
			"from": [8.25, 8.375, 7.9375],
			"to": [8.375, 9.625, 8.1875],
			"faces": {
				"north": {"uv": [8.375, 6.375, 8.25, 7.625], "texture": "#0"},
				"east": {"uv": [8.25, 6.375, 8.375, 7.625], "texture": "#0"},
				"south": {"uv": [8.25, 6.375, 8.375, 7.625], "texture": "#0"},
				"up": {"uv": [8.25, 6.375, 8.375, 6.5], "texture": "#0"}
			}
		},
		{
			"name": "Layer 7_8",
			"from": [7, 8.375, 7.9375],
			"to": [7.125, 9, 8.1875],
			"faces": {
				"north": {"uv": [7.125, 7, 7, 7.625], "texture": "#0"},
				"south": {"uv": [7, 7, 7.125, 7.625], "texture": "#0"},
				"west": {"uv": [7, 7, 7.125, 7.625], "texture": "#0"},
				"up": {"uv": [7, 7, 7.125, 7.125], "texture": "#0"}
			}
		},
		{
			"name": "Layer 7_9",
			"from": [6.875, 8, 7.9375],
			"to": [7, 8.375, 8.1875],
			"faces": {
				"north": {"uv": [7, 7.625, 6.875, 8], "texture": "#0"},
				"south": {"uv": [6.875, 7.625, 7, 8], "texture": "#0"},
				"west": {"uv": [6.875, 7.625, 7, 8], "texture": "#0"},
				"up": {"uv": [6.875, 7.625, 7, 7.75], "texture": "#0"}
			}
		},
		{
			"name": "Layer 7_10",
			"from": [8.375, 7.5, 7.9375],
			"to": [8.5, 8.375, 8.1875],
			"faces": {
				"north": {"uv": [8.5, 7.625, 8.375, 8.5], "texture": "#0"},
				"east": {"uv": [8.375, 7.625, 8.5, 8.5], "texture": "#0"},
				"south": {"uv": [8.375, 7.625, 8.5, 8.5], "texture": "#0"},
				"up": {"uv": [8.375, 7.625, 8.5, 7.75], "texture": "#0"}
			}
		},
		{
			"name": "Layer 7_11",
			"from": [6.75, 7.75, 7.9375],
			"to": [6.875, 8, 8.1875],
			"faces": {
				"north": {"uv": [6.875, 8, 6.75, 8.25], "texture": "#0"},
				"south": {"uv": [6.75, 8, 6.875, 8.25], "texture": "#0"},
				"west": {"uv": [6.75, 8, 6.875, 8.25], "texture": "#0"},
				"up": {"uv": [6.75, 8, 6.875, 8.125], "texture": "#0"}
			}
		},
		{
			"name": "Layer 7_12",
			"from": [6.625, 7.625, 7.9375],
			"to": [6.75, 7.75, 8.1875],
			"faces": {
				"north": {"uv": [6.75, 8.25, 6.625, 8.375], "texture": "#0"},
				"south": {"uv": [6.625, 8.25, 6.75, 8.375], "texture": "#0"},
				"west": {"uv": [6.625, 8.25, 6.75, 8.375], "texture": "#0"},
				"up": {"uv": [6.625, 8.25, 6.75, 8.375], "texture": "#0"}
			}
		},
		{
			"name": "Layer 7_13",
			"from": [6.5, 7.375, 7.9375],
			"to": [6.625, 7.625, 8.1875],
			"faces": {
				"north": {"uv": [6.625, 8.375, 6.5, 8.625], "texture": "#0"},
				"south": {"uv": [6.5, 8.375, 6.625, 8.625], "texture": "#0"},
				"west": {"uv": [6.5, 8.375, 6.625, 8.625], "texture": "#0"},
				"up": {"uv": [6.5, 8.375, 6.625, 8.5], "texture": "#0"}
			}
		},
		{
			"name": "Layer 7_14",
			"from": [8.5, 7.125, 7.9375],
			"to": [8.625, 7.5, 8.1875],
			"faces": {
				"north": {"uv": [8.625, 8.5, 8.5, 8.875], "texture": "#0"},
				"east": {"uv": [8.5, 8.5, 8.625, 8.875], "texture": "#0"},
				"south": {"uv": [8.5, 8.5, 8.625, 8.875], "texture": "#0"},
				"up": {"uv": [8.5, 8.5, 8.625, 8.625], "texture": "#0"}
			}
		},
		{
			"name": "Layer 7_15",
			"from": [6.375, 7.25, 7.9375],
			"to": [6.5, 7.375, 8.1875],
			"faces": {
				"north": {"uv": [6.5, 8.625, 6.375, 8.75], "texture": "#0"},
				"south": {"uv": [6.375, 8.625, 6.5, 8.75], "texture": "#0"},
				"west": {"uv": [6.375, 8.625, 6.5, 8.75], "texture": "#0"},
				"up": {"uv": [6.375, 8.625, 6.5, 8.75], "texture": "#0"}
			}
		},
		{
			"name": "Layer 7_16",
			"from": [8.625, 6.75, 7.9375],
			"to": [8.75, 7.125, 8.1875],
			"faces": {
				"north": {"uv": [8.75, 8.875, 8.625, 9.25], "texture": "#0"},
				"east": {"uv": [8.625, 8.875, 8.75, 9.25], "texture": "#0"},
				"south": {"uv": [8.625, 8.875, 8.75, 9.25], "texture": "#0"},
				"up": {"uv": [8.625, 8.875, 8.75, 9], "texture": "#0"}
			}
		},
		{
			"name": "Layer 7_17",
			"from": [8.75, 6.625, 7.9375],
			"to": [8.875, 6.75, 8.1875],
			"faces": {
				"north": {"uv": [8.875, 9.25, 8.75, 9.375], "texture": "#0"},
				"east": {"uv": [8.75, 9.25, 8.875, 9.375], "texture": "#0"},
				"south": {"uv": [8.75, 9.25, 8.875, 9.375], "texture": "#0"},
				"up": {"uv": [8.75, 9.25, 8.875, 9.375], "texture": "#0"}
			}
		},
		{
			"name": "Layer 3_0",
			"from": [7.625, 1.625, 7.875],
			"to": [7.75, 4, 8.25],
			"faces": {
				"north": {"uv": [7.75, 12, 7.625, 14.375], "texture": "#0"},
				"east": {"uv": [7.625, 12, 7.75, 14.375], "texture": "#0"},
				"south": {"uv": [7.625, 12, 7.75, 14.375], "texture": "#0"},
				"west": {"uv": [7.625, 12, 7.75, 14.375], "texture": "#0"},
				"up": {"uv": [7.625, 12, 7.75, 12.125], "texture": "#0"},
				"down": {"uv": [7.625, 14.25, 7.75, 14.375], "texture": "#0"}
			}
		},
		{
			"name": "Layer 3_1",
			"from": [6.875, 3.625, 7.875],
			"to": [7, 3.875, 8.25],
			"faces": {
				"north": {"uv": [7, 12.125, 6.875, 12.375], "texture": "#0"},
				"east": {"uv": [6.875, 12.125, 7, 12.375], "texture": "#0"},
				"south": {"uv": [6.875, 12.125, 7, 12.375], "texture": "#0"},
				"west": {"uv": [6.875, 12.125, 7, 12.375], "texture": "#0"},
				"up": {"uv": [6.875, 12.125, 7, 12.25], "texture": "#0"},
				"down": {"uv": [6.875, 12.25, 7, 12.375], "texture": "#0"}
			}
		},
		{
			"name": "Layer 3_2",
			"from": [8.375, 3.625, 7.875],
			"to": [8.5, 3.875, 8.25],
			"faces": {
				"north": {"uv": [8.5, 12.125, 8.375, 12.375], "texture": "#0"},
				"east": {"uv": [8.375, 12.125, 8.5, 12.375], "texture": "#0"},
				"south": {"uv": [8.375, 12.125, 8.5, 12.375], "texture": "#0"},
				"west": {"uv": [8.375, 12.125, 8.5, 12.375], "texture": "#0"},
				"up": {"uv": [8.375, 12.125, 8.5, 12.25], "texture": "#0"},
				"down": {"uv": [8.375, 12.25, 8.5, 12.375], "texture": "#0"}
			}
		},
		{
			"name": "Layer 3_3",
			"from": [7, 3.5, 7.875],
			"to": [7.125, 3.75, 8.25],
			"faces": {
				"north": {"uv": [7.125, 12.25, 7, 12.5], "texture": "#0"},
				"east": {"uv": [7, 12.25, 7.125, 12.5], "texture": "#0"},
				"south": {"uv": [7, 12.25, 7.125, 12.5], "texture": "#0"},
				"west": {"uv": [7, 12.25, 7.125, 12.5], "texture": "#0"},
				"up": {"uv": [7, 12.25, 7.125, 12.375], "texture": "#0"},
				"down": {"uv": [7, 12.375, 7.125, 12.5], "texture": "#0"}
			}
		},
		{
			"name": "Layer 3_4",
			"from": [7.5, 2.125, 7.875],
			"to": [7.625, 3.75, 8.25],
			"faces": {
				"north": {"uv": [7.625, 12.25, 7.5, 13.875], "texture": "#0"},
				"south": {"uv": [7.5, 12.25, 7.625, 13.875], "texture": "#0"},
				"west": {"uv": [7.5, 12.25, 7.625, 13.875], "texture": "#0"},
				"up": {"uv": [7.5, 12.25, 7.625, 12.375], "texture": "#0"},
				"down": {"uv": [7.5, 13.75, 7.625, 13.875], "texture": "#0"}
			}
		},
		{
			"name": "Layer 3_5",
			"from": [7.75, 2.125, 7.875],
			"to": [7.875, 3.75, 8.25],
			"faces": {
				"north": {"uv": [7.875, 12.25, 7.75, 13.875], "texture": "#0"},
				"east": {"uv": [7.75, 12.25, 7.875, 13.875], "texture": "#0"},
				"south": {"uv": [7.75, 12.25, 7.875, 13.875], "texture": "#0"},
				"up": {"uv": [7.75, 12.25, 7.875, 12.375], "texture": "#0"},
				"down": {"uv": [7.75, 13.75, 7.875, 13.875], "texture": "#0"}
			}
		},
		{
			"name": "Layer 3_6",
			"from": [8.25, 3.5, 7.875],
			"to": [8.375, 3.75, 8.25],
			"faces": {
				"north": {"uv": [8.375, 12.25, 8.25, 12.5], "texture": "#0"},
				"east": {"uv": [8.25, 12.25, 8.375, 12.5], "texture": "#0"},
				"south": {"uv": [8.25, 12.25, 8.375, 12.5], "texture": "#0"},
				"west": {"uv": [8.25, 12.25, 8.375, 12.5], "texture": "#0"},
				"up": {"uv": [8.25, 12.25, 8.375, 12.375], "texture": "#0"},
				"down": {"uv": [8.25, 12.375, 8.375, 12.5], "texture": "#0"}
			}
		},
		{
			"name": "Layer 3_7",
			"from": [7.125, 3.25, 7.875],
			"to": [7.25, 3.625, 8.25],
			"faces": {
				"north": {"uv": [7.25, 12.375, 7.125, 12.75], "texture": "#0"},
				"east": {"uv": [7.125, 12.375, 7.25, 12.75], "texture": "#0"},
				"south": {"uv": [7.125, 12.375, 7.25, 12.75], "texture": "#0"},
				"west": {"uv": [7.125, 12.375, 7.25, 12.75], "texture": "#0"},
				"up": {"uv": [7.125, 12.375, 7.25, 12.5], "texture": "#0"},
				"down": {"uv": [7.125, 12.625, 7.25, 12.75], "texture": "#0"}
			}
		},
		{
			"name": "Layer 3_8",
			"from": [7.375, 2.5, 7.875],
			"to": [7.5, 3.625, 8.25],
			"faces": {
				"north": {"uv": [7.5, 12.375, 7.375, 13.5], "texture": "#0"},
				"south": {"uv": [7.375, 12.375, 7.5, 13.5], "texture": "#0"},
				"west": {"uv": [7.375, 12.375, 7.5, 13.5], "texture": "#0"},
				"up": {"uv": [7.375, 12.375, 7.5, 12.5], "texture": "#0"},
				"down": {"uv": [7.375, 13.375, 7.5, 13.5], "texture": "#0"}
			}
		},
		{
			"name": "Layer 3_9",
			"from": [7.875, 2.5, 7.875],
			"to": [8, 3.625, 8.25],
			"faces": {
				"north": {"uv": [8, 12.375, 7.875, 13.5], "texture": "#0"},
				"east": {"uv": [7.875, 12.375, 8, 13.5], "texture": "#0"},
				"south": {"uv": [7.875, 12.375, 8, 13.5], "texture": "#0"},
				"up": {"uv": [7.875, 12.375, 8, 12.5], "texture": "#0"},
				"down": {"uv": [7.875, 13.375, 8, 13.5], "texture": "#0"}
			}
		},
		{
			"name": "Layer 3_10",
			"from": [8.125, 3.25, 7.875],
			"to": [8.25, 3.625, 8.25],
			"faces": {
				"north": {"uv": [8.25, 12.375, 8.125, 12.75], "texture": "#0"},
				"east": {"uv": [8.125, 12.375, 8.25, 12.75], "texture": "#0"},
				"south": {"uv": [8.125, 12.375, 8.25, 12.75], "texture": "#0"},
				"west": {"uv": [8.125, 12.375, 8.25, 12.75], "texture": "#0"},
				"up": {"uv": [8.125, 12.375, 8.25, 12.5], "texture": "#0"},
				"down": {"uv": [8.125, 12.625, 8.25, 12.75], "texture": "#0"}
			}
		},
		{
			"name": "Layer 3_11",
			"from": [7.25, 3, 7.875],
			"to": [7.375, 3.5, 8.25],
			"faces": {
				"north": {"uv": [7.375, 12.5, 7.25, 13], "texture": "#0"},
				"south": {"uv": [7.25, 12.5, 7.375, 13], "texture": "#0"},
				"west": {"uv": [7.25, 12.5, 7.375, 13], "texture": "#0"},
				"up": {"uv": [7.25, 12.5, 7.375, 12.625], "texture": "#0"},
				"down": {"uv": [7.25, 12.875, 7.375, 13], "texture": "#0"}
			}
		},
		{
			"name": "Layer 3_12",
			"from": [8, 3, 7.875],
			"to": [8.125, 3.5, 8.25],
			"faces": {
				"north": {"uv": [8.125, 12.5, 8, 13], "texture": "#0"},
				"east": {"uv": [8, 12.5, 8.125, 13], "texture": "#0"},
				"south": {"uv": [8, 12.5, 8.125, 13], "texture": "#0"},
				"up": {"uv": [8, 12.5, 8.125, 12.625], "texture": "#0"},
				"down": {"uv": [8, 12.875, 8.125, 13], "texture": "#0"}
			}
		},
		{
			"name": "Layer 4_0",
			"from": [7.625, 9, 7.9375],
			"to": [7.75, 9.5, 8.1875],
			"faces": {
				"north": {"uv": [7.75, 6.5, 7.625, 7], "texture": "#0"},
				"east": {"uv": [7.625, 6.5, 7.75, 7], "texture": "#0"},
				"south": {"uv": [7.625, 6.5, 7.75, 7], "texture": "#0"},
				"up": {"uv": [7.625, 6.5, 7.75, 6.625], "texture": "#0"},
				"down": {"uv": [7.625, 6.875, 7.75, 7], "texture": "#0"}
			}
		},
		{
			"name": "Layer 4_1",
			"from": [7.75, 8.875, 7.9375],
			"to": [7.875, 9.375, 8.1875],
			"faces": {
				"north": {"uv": [7.875, 6.625, 7.75, 7.125], "texture": "#0"},
				"south": {"uv": [7.75, 6.625, 7.875, 7.125], "texture": "#0"},
				"west": {"uv": [7.75, 6.625, 7.875, 7.125], "texture": "#0"},
				"up": {"uv": [7.75, 6.625, 7.875, 6.75], "texture": "#0"},
				"down": {"uv": [7.75, 7, 7.875, 7.125], "texture": "#0"}
			}
		},
		{
			"name": "Layer 4_2",
			"from": [7.625, 7.625, 7.9375],
			"to": [7.75, 8.125, 8.1875],
			"faces": {
				"north": {"uv": [7.75, 7.875, 7.625, 8.375], "texture": "#0"},
				"east": {"uv": [7.625, 7.875, 7.75, 8.375], "texture": "#0"},
				"south": {"uv": [7.625, 7.875, 7.75, 8.375], "texture": "#0"},
				"west": {"uv": [7.625, 7.875, 7.75, 8.375], "texture": "#0"},
				"up": {"uv": [7.625, 7.875, 7.75, 8], "texture": "#0"},
				"down": {"uv": [7.625, 8.25, 7.75, 8.375], "texture": "#0"}
			}
		},
		{
			"name": "Layer 4_3",
			"from": [7.5, 7.75, 7.9375],
			"to": [7.625, 8, 8.1875],
			"faces": {
				"north": {"uv": [7.625, 8, 7.5, 8.25], "texture": "#0"},
				"south": {"uv": [7.5, 8, 7.625, 8.25], "texture": "#0"},
				"down": {"uv": [7.5, 8.125, 7.625, 8.25], "texture": "#0"}
			}
		},
		{
			"name": "Layer 4_4",
			"from": [7.75, 3.75, 7.9375],
			"to": [7.875, 8, 8.1875],
			"faces": {
				"north": {"uv": [7.875, 8, 7.75, 12.25], "texture": "#0"},
				"east": {"uv": [7.75, 8, 7.875, 12.25], "texture": "#0"},
				"south": {"uv": [7.75, 8, 7.875, 12.25], "texture": "#0"},
				"west": {"uv": [7.75, 8, 7.875, 12.25], "texture": "#0"},
				"up": {"uv": [7.75, 8, 7.875, 8.125], "texture": "#0"}
			}
		},
		{
			"name": "Layer 4_5",
			"from": [7.625, 4, 7.9375],
			"to": [7.75, 7.5, 8.1875],
			"faces": {
				"north": {"uv": [7.75, 8.5, 7.625, 12], "texture": "#0"},
				"south": {"uv": [7.625, 8.5, 7.75, 12], "texture": "#0"},
				"west": {"uv": [7.625, 8.5, 7.75, 12], "texture": "#0"},
				"up": {"uv": [7.625, 8.5, 7.75, 8.625], "texture": "#0"}
			}
		},
		{
			"name": "Layer 4_6",
			"from": [7.5, 3.75, 7.9375],
			"to": [7.625, 7.375, 8.1875],
			"faces": {
				"north": {"uv": [7.625, 8.625, 7.5, 12.25], "texture": "#0"},
				"south": {"uv": [7.5, 8.625, 7.625, 12.25], "texture": "#0"},
				"west": {"uv": [7.5, 8.625, 7.625, 12.25], "texture": "#0"},
				"up": {"uv": [7.5, 8.625, 7.625, 8.75], "texture": "#0"}
			}
		},
		{
			"name": "Layer 4_7",
			"from": [7.875, 6.75, 7.9375],
			"to": [8, 7.375, 8.1875],
			"faces": {
				"north": {"uv": [8, 8.625, 7.875, 9.25], "texture": "#0"},
				"south": {"uv": [7.875, 8.625, 8, 9.25], "texture": "#0"},
				"down": {"uv": [7.875, 9.125, 8, 9.25], "texture": "#0"}
			}
		},
		{
			"name": "Layer 5_0",
			"from": [7.375, 6.875, 7.9375],
			"to": [7.5, 7.75, 8.1875],
			"faces": {
				"north": {"uv": [7.5, 8.25, 7.375, 9.125], "texture": "#0"},
				"east": {"uv": [7.375, 8.25, 7.5, 9.125], "texture": "#0"},
				"south": {"uv": [7.375, 8.25, 7.5, 9.125], "texture": "#0"},
				"down": {"uv": [7.375, 9, 7.5, 9.125], "texture": "#0"}
			}
		},
		{
			"name": "Layer 5_1",
			"from": [7.25, 6.75, 7.9375],
			"to": [7.375, 7.625, 8.1875],
			"faces": {
				"north": {"uv": [7.375, 8.375, 7.25, 9.25], "texture": "#0"},
				"east": {"uv": [7.25, 8.375, 7.375, 9.25], "texture": "#0"},
				"south": {"uv": [7.25, 8.375, 7.375, 9.25], "texture": "#0"},
				"down": {"uv": [7.25, 9.125, 7.375, 9.25], "texture": "#0"}
			}
		},
		{
			"name": "Layer 5_2",
			"from": [7.125, 6.625, 7.9375],
			"to": [7.25, 7.5, 8.1875],
			"faces": {
				"north": {"uv": [7.25, 8.5, 7.125, 9.375], "texture": "#0"},
				"east": {"uv": [7.125, 8.5, 7.25, 9.375], "texture": "#0"},
				"south": {"uv": [7.125, 8.5, 7.25, 9.375], "texture": "#0"},
				"down": {"uv": [7.125, 9.25, 7.25, 9.375], "texture": "#0"}
			}
		},
		{
			"name": "Layer 5_3",
			"from": [7, 6.5, 7.9375],
			"to": [7.125, 7.375, 8.1875],
			"faces": {
				"north": {"uv": [7.125, 8.625, 7, 9.5], "texture": "#0"},
				"east": {"uv": [7, 8.625, 7.125, 9.5], "texture": "#0"},
				"south": {"uv": [7, 8.625, 7.125, 9.5], "texture": "#0"},
				"down": {"uv": [7, 9.375, 7.125, 9.5], "texture": "#0"}
			}
		},
		{
			"name": "Layer 5_4",
			"from": [6.75, 6.375, 7.9375],
			"to": [7, 7.25, 8.1875],
			"faces": {
				"north": {"uv": [7, 8.75, 6.75, 9.625], "texture": "#0"},
				"east": {"uv": [6.875, 8.75, 7, 9.625], "texture": "#0"},
				"south": {"uv": [6.75, 8.75, 7, 9.625], "texture": "#0"},
				"west": {"uv": [6.75, 8.75, 6.875, 9.625], "texture": "#0"},
				"down": {"uv": [6.75, 9.5, 7, 9.625], "texture": "#0"}
			}
		},
		{
			"name": "Layer 5_5",
			"from": [8, 6.375, 7.9375],
			"to": [8.125, 7.125, 8.1875],
			"faces": {
				"north": {"uv": [8.125, 8.875, 8, 9.625], "texture": "#0"},
				"south": {"uv": [8, 8.875, 8.125, 9.625], "texture": "#0"},
				"west": {"uv": [8, 8.875, 8.125, 9.625], "texture": "#0"},
				"down": {"uv": [8, 9.5, 8.125, 9.625], "texture": "#0"}
			}
		},
		{
			"name": "Layer 5_6",
			"from": [8.125, 6, 7.9375],
			"to": [8.25, 7, 8.1875],
			"faces": {
				"north": {"uv": [8.25, 9, 8.125, 10], "texture": "#0"},
				"south": {"uv": [8.125, 9, 8.25, 10], "texture": "#0"},
				"west": {"uv": [8.125, 9, 8.25, 10], "texture": "#0"},
				"down": {"uv": [8.125, 9.875, 8.25, 10], "texture": "#0"}
			}
		},
		{
			"name": "Layer 5_7",
			"from": [6.625, 6.125, 7.9375],
			"to": [6.75, 6.875, 8.1875],
			"faces": {
				"north": {"uv": [6.75, 9.125, 6.625, 9.875], "texture": "#0"},
				"east": {"uv": [6.625, 9.125, 6.75, 9.875], "texture": "#0"},
				"south": {"uv": [6.625, 9.125, 6.75, 9.875], "texture": "#0"},
				"west": {"uv": [6.625, 9.125, 6.75, 9.875], "texture": "#0"},
				"up": {"uv": [6.625, 9.125, 6.75, 9.25], "texture": "#0"},
				"down": {"uv": [6.625, 9.75, 6.75, 9.875], "texture": "#0"}
			}
		},
		{
			"name": "Layer 5_8",
			"from": [8.25, 5.75, 7.9375],
			"to": [8.375, 6.875, 8.1875],
			"faces": {
				"north": {"uv": [8.375, 9.125, 8.25, 10.25], "texture": "#0"},
				"south": {"uv": [8.25, 9.125, 8.375, 10.25], "texture": "#0"},
				"west": {"uv": [8.25, 9.125, 8.375, 10.25], "texture": "#0"},
				"down": {"uv": [8.25, 10.125, 8.375, 10.25], "texture": "#0"}
			}
		},
		{
			"name": "Layer 5_9",
			"from": [8.375, 5.625, 7.9375],
			"to": [8.5, 6.75, 8.1875],
			"faces": {
				"north": {"uv": [8.5, 9.25, 8.375, 10.375], "texture": "#0"},
				"east": {"uv": [8.375, 9.25, 8.5, 10.375], "texture": "#0"},
				"south": {"uv": [8.375, 9.25, 8.5, 10.375], "texture": "#0"},
				"west": {"uv": [8.375, 9.25, 8.5, 10.375], "texture": "#0"},
				"down": {"uv": [8.375, 10.25, 8.5, 10.375], "texture": "#0"}
			}
		},
		{
			"name": "Layer 5_10",
			"from": [6.5, 6.125, 7.9375],
			"to": [6.625, 6.625, 8.1875],
			"faces": {
				"north": {"uv": [6.625, 9.375, 6.5, 9.875], "texture": "#0"},
				"south": {"uv": [6.5, 9.375, 6.625, 9.875], "texture": "#0"},
				"west": {"uv": [6.5, 9.375, 6.625, 9.875], "texture": "#0"},
				"up": {"uv": [6.5, 9.375, 6.625, 9.5], "texture": "#0"},
				"down": {"uv": [6.5, 9.75, 6.625, 9.875], "texture": "#0"}
			}
		},
		{
			"name": "Layer 5_11",
			"from": [6.375, 6, 7.9375],
			"to": [6.5, 6.375, 8.1875],
			"faces": {
				"north": {"uv": [6.5, 9.625, 6.375, 10], "texture": "#0"},
				"east": {"uv": [6.375, 9.625, 6.5, 10], "texture": "#0"},
				"south": {"uv": [6.375, 9.625, 6.5, 10], "texture": "#0"},
				"west": {"uv": [6.375, 9.625, 6.5, 10], "texture": "#0"},
				"up": {"uv": [6.375, 9.625, 6.5, 9.75], "texture": "#0"},
				"down": {"uv": [6.375, 9.875, 6.5, 10], "texture": "#0"}
			}
		},
		{
			"name": "Layer 5_12",
			"from": [6.75, 6.25, 7.9375],
			"to": [6.875, 6.375, 8.1875],
			"faces": {
				"north": {"uv": [6.875, 9.625, 6.75, 9.75], "texture": "#0"},
				"east": {"uv": [6.75, 9.625, 6.875, 9.75], "texture": "#0"},
				"south": {"uv": [6.75, 9.625, 6.875, 9.75], "texture": "#0"},
				"down": {"uv": [6.75, 9.625, 6.875, 9.75], "texture": "#0"}
			}
		},
		{
			"name": "Layer 5_13",
			"from": [8.5, 5.5, 7.9375],
			"to": [8.625, 6.375, 8.1875],
			"faces": {
				"north": {"uv": [8.625, 9.625, 8.5, 10.5], "texture": "#0"},
				"east": {"uv": [8.5, 9.625, 8.625, 10.5], "texture": "#0"},
				"south": {"uv": [8.5, 9.625, 8.625, 10.5], "texture": "#0"},
				"west": {"uv": [8.5, 9.625, 8.625, 10.5], "texture": "#0"},
				"up": {"uv": [8.5, 9.625, 8.625, 9.75], "texture": "#0"},
				"down": {"uv": [8.5, 10.375, 8.625, 10.5], "texture": "#0"}
			}
		},
		{
			"name": "Layer 5_14",
			"from": [6.25, 6, 7.9375],
			"to": [6.375, 6.25, 8.1875],
			"faces": {
				"north": {"uv": [6.375, 9.75, 6.25, 10], "texture": "#0"},
				"south": {"uv": [6.25, 9.75, 6.375, 10], "texture": "#0"},
				"west": {"uv": [6.25, 9.75, 6.375, 10], "texture": "#0"},
				"up": {"uv": [6.25, 9.75, 6.375, 9.875], "texture": "#0"},
				"down": {"uv": [6.25, 9.875, 6.375, 10], "texture": "#0"}
			}
		},
		{
			"name": "Layer 5_15",
			"from": [6.125, 5.875, 7.9375],
			"to": [6.25, 6.125, 8.1875],
			"faces": {
				"north": {"uv": [6.25, 9.875, 6.125, 10.125], "texture": "#0"},
				"east": {"uv": [6.125, 9.875, 6.25, 10.125], "texture": "#0"},
				"south": {"uv": [6.125, 9.875, 6.25, 10.125], "texture": "#0"},
				"west": {"uv": [6.125, 9.875, 6.25, 10.125], "texture": "#0"},
				"up": {"uv": [6.125, 9.875, 6.25, 10], "texture": "#0"},
				"down": {"uv": [6.125, 10, 6.25, 10.125], "texture": "#0"}
			}
		},
		{
			"name": "Layer 5_16",
			"from": [6, 5.875, 7.9375],
			"to": [6.125, 6, 8.1875],
			"faces": {
				"north": {"uv": [6.125, 10, 6, 10.125], "texture": "#0"},
				"south": {"uv": [6, 10, 6.125, 10.125], "texture": "#0"},
				"west": {"uv": [6, 10, 6.125, 10.125], "texture": "#0"},
				"up": {"uv": [6, 10, 6.125, 10.125], "texture": "#0"},
				"down": {"uv": [6, 10, 6.125, 10.125], "texture": "#0"}
			}
		},
		{
			"name": "Layer 5_17",
			"from": [8.625, 5.375, 7.9375],
			"to": [8.75, 6, 8.1875],
			"faces": {
				"north": {"uv": [8.75, 10, 8.625, 10.625], "texture": "#0"},
				"east": {"uv": [8.625, 10, 8.75, 10.625], "texture": "#0"},
				"south": {"uv": [8.625, 10, 8.75, 10.625], "texture": "#0"},
				"west": {"uv": [8.625, 10, 8.75, 10.625], "texture": "#0"},
				"up": {"uv": [8.625, 10, 8.75, 10.125], "texture": "#0"},
				"down": {"uv": [8.625, 10.5, 8.75, 10.625], "texture": "#0"}
			}
		},
		{
			"name": "Layer 5_18",
			"from": [8.75, 5.25, 7.9375],
			"to": [8.875, 5.75, 8.1875],
			"faces": {
				"north": {"uv": [8.875, 10.25, 8.75, 10.75], "texture": "#0"},
				"east": {"uv": [8.75, 10.25, 8.875, 10.75], "texture": "#0"},
				"south": {"uv": [8.75, 10.25, 8.875, 10.75], "texture": "#0"},
				"west": {"uv": [8.75, 10.25, 8.875, 10.75], "texture": "#0"},
				"up": {"uv": [8.75, 10.25, 8.875, 10.375], "texture": "#0"},
				"down": {"uv": [8.75, 10.625, 8.875, 10.75], "texture": "#0"}
			}
		},
		{
			"name": "Layer 5_19",
			"from": [8.875, 5.125, 7.9375],
			"to": [9, 5.5, 8.1875],
			"faces": {
				"north": {"uv": [9, 10.5, 8.875, 10.875], "texture": "#0"},
				"east": {"uv": [8.875, 10.5, 9, 10.875], "texture": "#0"},
				"south": {"uv": [8.875, 10.5, 9, 10.875], "texture": "#0"},
				"west": {"uv": [8.875, 10.5, 9, 10.875], "texture": "#0"},
				"up": {"uv": [8.875, 10.5, 9, 10.625], "texture": "#0"},
				"down": {"uv": [8.875, 10.75, 9, 10.875], "texture": "#0"}
			}
		},
		{
			"name": "Layer 5_20",
			"from": [9, 5, 7.9375],
			"to": [9.125, 5.25, 8.1875],
			"faces": {
				"north": {"uv": [9.125, 10.75, 9, 11], "texture": "#0"},
				"east": {"uv": [9, 10.75, 9.125, 11], "texture": "#0"},
				"south": {"uv": [9, 10.75, 9.125, 11], "texture": "#0"},
				"west": {"uv": [9, 10.75, 9.125, 11], "texture": "#0"},
				"up": {"uv": [9, 10.75, 9.125, 10.875], "texture": "#0"},
				"down": {"uv": [9, 10.875, 9.125, 11], "texture": "#0"}
			}
		},
		{
			"name": "Layer 6_0",
			"from": [7.5, 13.875, 8],
			"to": [7.625, 14.75, 8.125],
			"faces": {
				"north": {"uv": [7.625, 1.25, 7.5, 2.125], "texture": "#0"},
				"east": {"uv": [7.5, 1.25, 7.625, 2.125], "texture": "#0"},
				"south": {"uv": [7.5, 1.25, 7.625, 2.125], "texture": "#0"},
				"west": {"uv": [7.5, 1.25, 7.625, 2.125], "texture": "#0"},
				"up": {"uv": [7.5, 1.25, 7.625, 1.375], "texture": "#0"}
			}
		},
		{
			"name": "Layer 6_1",
			"from": [7.375, 12.625, 8],
			"to": [7.5, 13.875, 8.125],
			"faces": {
				"north": {"uv": [7.5, 2.125, 7.375, 3.375], "texture": "#0"},
				"south": {"uv": [7.375, 2.125, 7.5, 3.375], "texture": "#0"},
				"west": {"uv": [7.375, 2.125, 7.5, 3.375], "texture": "#0"},
				"up": {"uv": [7.375, 2.125, 7.5, 2.25], "texture": "#0"}
			}
		},
		{
			"name": "Layer 6_2",
			"from": [7.875, 12.75, 8],
			"to": [8, 13.625, 8.125],
			"faces": {
				"north": {"uv": [8, 2.375, 7.875, 3.25], "texture": "#0"},
				"east": {"uv": [7.875, 2.375, 8, 3.25], "texture": "#0"},
				"south": {"uv": [7.875, 2.375, 8, 3.25], "texture": "#0"},
				"west": {"uv": [7.875, 2.375, 8, 3.25], "texture": "#0"},
				"up": {"uv": [7.875, 2.375, 8, 2.5], "texture": "#0"}
			}
		},
		{
			"name": "Layer 6_3",
			"from": [8, 12.125, 8],
			"to": [8.125, 12.75, 8.125],
			"faces": {
				"north": {"uv": [8.125, 3.25, 8, 3.875], "texture": "#0"},
				"east": {"uv": [8, 3.25, 8.125, 3.875], "texture": "#0"},
				"south": {"uv": [8, 3.25, 8.125, 3.875], "texture": "#0"},
				"up": {"uv": [8, 3.25, 8.125, 3.375], "texture": "#0"}
			}
		},
		{
			"name": "Layer 6_4",
			"from": [7.25, 11.5, 8],
			"to": [7.375, 12.625, 8.125],
			"faces": {
				"north": {"uv": [7.375, 3.375, 7.25, 4.5], "texture": "#0"},
				"south": {"uv": [7.25, 3.375, 7.375, 4.5], "texture": "#0"},
				"west": {"uv": [7.25, 3.375, 7.375, 4.5], "texture": "#0"},
				"up": {"uv": [7.25, 3.375, 7.375, 3.5], "texture": "#0"}
			}
		},
		{
			"name": "Layer 6_5",
			"from": [8.125, 10.875, 8],
			"to": [8.25, 12.125, 8.125],
			"faces": {
				"north": {"uv": [8.25, 3.875, 8.125, 5.125], "texture": "#0"},
				"east": {"uv": [8.125, 3.875, 8.25, 5.125], "texture": "#0"},
				"south": {"uv": [8.125, 3.875, 8.25, 5.125], "texture": "#0"},
				"up": {"uv": [8.125, 3.875, 8.25, 4], "texture": "#0"}
			}
		},
		{
			"name": "Layer 6_6",
			"from": [7.125, 10.25, 8],
			"to": [7.25, 11.5, 8.125],
			"faces": {
				"north": {"uv": [7.25, 4.5, 7.125, 5.75], "texture": "#0"},
				"south": {"uv": [7.125, 4.5, 7.25, 5.75], "texture": "#0"},
				"west": {"uv": [7.125, 4.5, 7.25, 5.75], "texture": "#0"},
				"up": {"uv": [7.125, 4.5, 7.25, 4.625], "texture": "#0"}
			}
		},
		{
			"name": "Layer 6_7",
			"from": [8.25, 9.625, 8],
			"to": [8.375, 10.875, 8.125],
			"faces": {
				"north": {"uv": [8.375, 5.125, 8.25, 6.375], "texture": "#0"},
				"east": {"uv": [8.25, 5.125, 8.375, 6.375], "texture": "#0"},
				"south": {"uv": [8.25, 5.125, 8.375, 6.375], "texture": "#0"},
				"up": {"uv": [8.25, 5.125, 8.375, 5.25], "texture": "#0"}
			}
		},
		{
			"name": "Layer 6_8",
			"from": [7, 9, 8],
			"to": [7.125, 10.25, 8.125],
			"faces": {
				"north": {"uv": [7.125, 5.75, 7, 7], "texture": "#0"},
				"south": {"uv": [7, 5.75, 7.125, 7], "texture": "#0"},
				"west": {"uv": [7, 5.75, 7.125, 7], "texture": "#0"},
				"up": {"uv": [7, 5.75, 7.125, 5.875], "texture": "#0"}
			}
		},
		{
			"name": "Layer 6_9",
			"from": [8.375, 8.375, 8],
			"to": [8.5, 9.625, 8.125],
			"faces": {
				"north": {"uv": [8.5, 6.375, 8.375, 7.625], "texture": "#0"},
				"east": {"uv": [8.375, 6.375, 8.5, 7.625], "texture": "#0"},
				"south": {"uv": [8.375, 6.375, 8.5, 7.625], "texture": "#0"},
				"up": {"uv": [8.375, 6.375, 8.5, 6.5], "texture": "#0"}
			}
		},
		{
			"name": "Layer 6_10",
			"from": [6.875, 8.375, 8],
			"to": [7, 9, 8.125],
			"faces": {
				"north": {"uv": [7, 7, 6.875, 7.625], "texture": "#0"},
				"south": {"uv": [6.875, 7, 7, 7.625], "texture": "#0"},
				"west": {"uv": [6.875, 7, 7, 7.625], "texture": "#0"},
				"up": {"uv": [6.875, 7, 7, 7.125], "texture": "#0"}
			}
		},
		{
			"name": "Layer 6_11",
			"from": [6.75, 8, 8],
			"to": [6.875, 8.375, 8.125],
			"faces": {
				"north": {"uv": [6.875, 7.625, 6.75, 8], "texture": "#0"},
				"south": {"uv": [6.75, 7.625, 6.875, 8], "texture": "#0"},
				"west": {"uv": [6.75, 7.625, 6.875, 8], "texture": "#0"},
				"up": {"uv": [6.75, 7.625, 6.875, 7.75], "texture": "#0"}
			}
		},
		{
			"name": "Layer 6_12",
			"from": [8.5, 7.5, 8],
			"to": [8.625, 8.375, 8.125],
			"faces": {
				"north": {"uv": [8.625, 7.625, 8.5, 8.5], "texture": "#0"},
				"east": {"uv": [8.5, 7.625, 8.625, 8.5], "texture": "#0"},
				"south": {"uv": [8.5, 7.625, 8.625, 8.5], "texture": "#0"},
				"up": {"uv": [8.5, 7.625, 8.625, 7.75], "texture": "#0"}
			}
		},
		{
			"name": "Layer 6_13",
			"from": [6.625, 7.75, 8],
			"to": [6.75, 8, 8.125],
			"faces": {
				"north": {"uv": [6.75, 8, 6.625, 8.25], "texture": "#0"},
				"south": {"uv": [6.625, 8, 6.75, 8.25], "texture": "#0"},
				"west": {"uv": [6.625, 8, 6.75, 8.25], "texture": "#0"},
				"up": {"uv": [6.625, 8, 6.75, 8.125], "texture": "#0"}
			}
		},
		{
			"name": "Layer 6_14",
			"from": [6.5, 7.625, 8],
			"to": [6.625, 7.75, 8.125],
			"faces": {
				"north": {"uv": [6.625, 8.25, 6.5, 8.375], "texture": "#0"},
				"south": {"uv": [6.5, 8.25, 6.625, 8.375], "texture": "#0"},
				"west": {"uv": [6.5, 8.25, 6.625, 8.375], "texture": "#0"},
				"up": {"uv": [6.5, 8.25, 6.625, 8.375], "texture": "#0"}
			}
		},
		{
			"name": "Layer 6_15",
			"from": [6.375, 7.375, 8],
			"to": [6.5, 7.625, 8.125],
			"faces": {
				"north": {"uv": [6.5, 8.375, 6.375, 8.625], "texture": "#0"},
				"south": {"uv": [6.375, 8.375, 6.5, 8.625], "texture": "#0"},
				"west": {"uv": [6.375, 8.375, 6.5, 8.625], "texture": "#0"},
				"up": {"uv": [6.375, 8.375, 6.5, 8.5], "texture": "#0"}
			}
		},
		{
			"name": "Layer 6_16",
			"from": [8.625, 7.125, 8],
			"to": [8.75, 7.5, 8.125],
			"faces": {
				"north": {"uv": [8.75, 8.5, 8.625, 8.875], "texture": "#0"},
				"east": {"uv": [8.625, 8.5, 8.75, 8.875], "texture": "#0"},
				"south": {"uv": [8.625, 8.5, 8.75, 8.875], "texture": "#0"},
				"up": {"uv": [8.625, 8.5, 8.75, 8.625], "texture": "#0"}
			}
		},
		{
			"name": "Layer 6_17",
			"from": [6.25, 7.125, 8],
			"to": [6.375, 7.375, 8.125],
			"faces": {
				"north": {"uv": [6.375, 8.625, 6.25, 8.875], "texture": "#0"},
				"south": {"uv": [6.25, 8.625, 6.375, 8.875], "texture": "#0"},
				"west": {"uv": [6.25, 8.625, 6.375, 8.875], "texture": "#0"},
				"up": {"uv": [6.25, 8.625, 6.375, 8.75], "texture": "#0"}
			}
		},
		{
			"name": "Layer 6_18",
			"from": [8.75, 6.75, 8],
			"to": [8.875, 7.125, 8.125],
			"faces": {
				"north": {"uv": [8.875, 8.875, 8.75, 9.25], "texture": "#0"},
				"east": {"uv": [8.75, 8.875, 8.875, 9.25], "texture": "#0"},
				"south": {"uv": [8.75, 8.875, 8.875, 9.25], "texture": "#0"},
				"up": {"uv": [8.75, 8.875, 8.875, 9], "texture": "#0"}
			}
		},
		{
			"name": "Layer 6_19",
			"from": [8.875, 6.5, 8],
			"to": [9, 6.75, 8.125],
			"faces": {
				"north": {"uv": [9, 9.25, 8.875, 9.5], "texture": "#0"},
				"east": {"uv": [8.875, 9.25, 9, 9.5], "texture": "#0"},
				"south": {"uv": [8.875, 9.25, 9, 9.5], "texture": "#0"},
				"up": {"uv": [8.875, 9.25, 9, 9.375], "texture": "#0"}
			}
		}
	],
	"display": {
		"thirdperson_righthand": {
			"rotation": [0, 90, 0],
			"translation": [0.25, 6.5, -0.25],
			"scale": [3, 3, 3]
		},
		"thirdperson_lefthand": {
			"rotation": [0, -90, 0],
			"translation": [0.25, 6.5, -0.25],
			"scale": [3, 3, 3]
		},
		"firstperson_righthand": {
			"rotation": [1, -91, 0],
			"translation": [0, 5.5, 2.75],
			"scale": [1.25, 1.25, 1.25]
		},
		"firstperson_lefthand": {
			"rotation": [1, 91, 0],
			"translation": [0, 5.75, 2.75],
			"scale": [1.25, 1.25, 1.25]
		},
		"ground": {
			"translation": [0, 17.25, 0],
			"scale": [3, 3, 3]
		},
		"gui": {
			"rotation": [0, 0, -45],
			"translation": [0, -0.5, 0],
			"scale": [1.5, 1.5, 1.5]
		},
		"head": {
			"rotation": [180, 0, 45],
			"translation": [1.5, -14, 4.75],
			"scale": [3.5, 3.5, 3.5]
		},
		"fixed": {
			"rotation": [180, 0, 135],
			"translation": [-0.5, -0.75, 0],
			"scale": [2, 2, 2]
		}
	},
	"groups": [
		{
			"name": "Flattened",
			"origin": [8, 8, 8],
			"color": 0,
			"children": [0, 1, 2, 3, 4, 5, 6, 7, 8, 9, 10, 11, 12, 13, 14, 15, 16, 17, 18, 19, 20, 21]
		},
		{
			"name": "Layer 7",
			"origin": [8, 8, 8],
			"color": 0,
			"children": [22, 23, 24, 25, 26, 27, 28, 29, 30, 31, 32, 33, 34, 35, 36, 37, 38, 39]
		},
		{
			"name": "Layer 3",
			"origin": [8, 8, 8],
			"color": 0,
			"children": [40, 41, 42, 43, 44, 45, 46, 47, 48, 49, 50, 51, 52]
		},
		{
			"name": "Layer 4",
			"origin": [8, 8, 8],
			"color": 0,
			"children": [53, 54, 55, 56, 57, 58, 59, 60]
		},
		{
			"name": "Layer 5",
			"origin": [8, 8, 8],
			"color": 0,
			"children": [61, 62, 63, 64, 65, 66, 67, 68, 69, 70, 71, 72, 73, 74, 75, 76, 77, 78, 79, 80, 81]
		},
		{
			"name": "Layer 6",
			"origin": [8, 8, 8],
			"color": 0,
			"children": [82, 83, 84, 85, 86, 87, 88, 89, 90, 91, 92, 93, 94, 95, 96, 97, 98, 99, 100, 101]
		}
	]
}