{
	"credit": "Made with Blockbench",
	"textures": {
		"0": "item/crimson_scythe",
		"particle": "item/crimson_scythe"
	},
	"elements": [
		{
			"name": "Layer 1_0",
			"from": [5.125, 13.5, 8],
			"to": [5.375, 13.625, 8.125],
			"faces": {
				"north": {"uv": [5.375, 2.375, 5.125, 2.5], "texture": "#0"},
				"east": {"uv": [5.25, 2.375, 5.375, 2.5], "texture": "#0"},
				"south": {"uv": [5.125, 2.375, 5.375, 2.5], "texture": "#0"},
				"west": {"uv": [5.125, 2.375, 5.25, 2.5], "texture": "#0"},
				"up": {"uv": [5.125, 2.375, 5.375, 2.5], "texture": "#0"}
			}
		},
		{
			"name": "Layer 1_1",
			"from": [5, 13.375, 8],
			"to": [5.125, 13.5, 8.125],
			"faces": {
				"north": {"uv": [5.125, 2.5, 5, 2.625], "texture": "#0"},
				"south": {"uv": [5, 2.5, 5.125, 2.625], "texture": "#0"},
				"west": {"uv": [5, 2.5, 5.125, 2.625], "texture": "#0"},
				"up": {"uv": [5, 2.5, 5.125, 2.625], "texture": "#0"}
			}
		},
		{
			"name": "Layer 1_2",
			"from": [10.375, 13.375, 8],
			"to": [10.625, 13.5, 8.125],
			"faces": {
				"north": {"uv": [10.625, 2.5, 10.375, 2.625], "texture": "#0"},
				"east": {"uv": [10.5, 2.5, 10.625, 2.625], "texture": "#0"},
				"south": {"uv": [10.375, 2.5, 10.625, 2.625], "texture": "#0"},
				"up": {"uv": [10.375, 2.5, 10.625, 2.625], "texture": "#0"},
				"down": {"uv": [10.375, 2.5, 10.625, 2.625], "texture": "#0"}
			}
		},
		{
			"name": "Layer 1_3",
			"from": [4.875, 13.25, 8],
			"to": [5, 13.375, 8.125],
			"faces": {
				"north": {"uv": [5, 2.625, 4.875, 2.75], "texture": "#0"},
				"south": {"uv": [4.875, 2.625, 5, 2.75], "texture": "#0"},
				"west": {"uv": [4.875, 2.625, 5, 2.75], "texture": "#0"},
				"up": {"uv": [4.875, 2.625, 5, 2.75], "texture": "#0"}
			}
		},
		{
			"name": "Layer 1_4",
			"from": [10.125, 13.25, 8],
			"to": [10.375, 13.375, 8.125],
			"faces": {
				"north": {"uv": [10.375, 2.625, 10.125, 2.75], "texture": "#0"},
				"east": {"uv": [10.25, 2.625, 10.375, 2.75], "texture": "#0"},
				"south": {"uv": [10.125, 2.625, 10.375, 2.75], "texture": "#0"},
				"down": {"uv": [10.125, 2.625, 10.375, 2.75], "texture": "#0"}
			}
		},
		{
			"name": "Layer 1_5",
			"from": [4.75, 13.125, 8],
			"to": [4.875, 13.25, 8.125],
			"faces": {
				"north": {"uv": [4.875, 2.75, 4.75, 2.875], "texture": "#0"},
				"south": {"uv": [4.75, 2.75, 4.875, 2.875], "texture": "#0"},
				"west": {"uv": [4.75, 2.75, 4.875, 2.875], "texture": "#0"},
				"up": {"uv": [4.75, 2.75, 4.875, 2.875], "texture": "#0"}
			}
		},
		{
			"name": "Layer 1_6",
			"from": [10, 13.125, 8],
			"to": [10.125, 13.25, 8.125],
			"faces": {
				"north": {"uv": [10.125, 2.75, 10, 2.875], "texture": "#0"},
				"east": {"uv": [10, 2.75, 10.125, 2.875], "texture": "#0"},
				"south": {"uv": [10, 2.75, 10.125, 2.875], "texture": "#0"},
				"down": {"uv": [10, 2.75, 10.125, 2.875], "texture": "#0"}
			}
		},
		{
			"name": "Layer 1_7",
			"from": [4.625, 12.875, 8],
			"to": [4.75, 13.125, 8.125],
			"faces": {
				"north": {"uv": [4.75, 2.875, 4.625, 3.125], "texture": "#0"},
				"south": {"uv": [4.625, 2.875, 4.75, 3.125], "texture": "#0"},
				"west": {"uv": [4.625, 2.875, 4.75, 3.125], "texture": "#0"},
				"up": {"uv": [4.625, 2.875, 4.75, 3], "texture": "#0"}
			}
		},
		{
			"name": "Layer 1_8",
			"from": [9.875, 13, 8],
			"to": [10, 13.125, 8.125],
			"faces": {
				"north": {"uv": [10, 2.875, 9.875, 3], "texture": "#0"},
				"east": {"uv": [9.875, 2.875, 10, 3], "texture": "#0"},
				"south": {"uv": [9.875, 2.875, 10, 3], "texture": "#0"},
				"down": {"uv": [9.875, 2.875, 10, 3], "texture": "#0"}
			}
		},
		{
			"name": "Layer 1_9",
			"from": [9.75, 12.875, 8],
			"to": [9.875, 13, 8.125],
			"faces": {
				"north": {"uv": [9.875, 3, 9.75, 3.125], "texture": "#0"},
				"east": {"uv": [9.75, 3, 9.875, 3.125], "texture": "#0"},
				"south": {"uv": [9.75, 3, 9.875, 3.125], "texture": "#0"},
				"down": {"uv": [9.75, 3, 9.875, 3.125], "texture": "#0"}
			}
		},
		{
			"name": "Layer 1_10",
			"from": [4.5, 12.625, 8],
			"to": [4.625, 12.875, 8.125],
			"faces": {
				"north": {"uv": [4.625, 3.125, 4.5, 3.375], "texture": "#0"},
				"south": {"uv": [4.5, 3.125, 4.625, 3.375], "texture": "#0"},
				"west": {"uv": [4.5, 3.125, 4.625, 3.375], "texture": "#0"},
				"up": {"uv": [4.5, 3.125, 4.625, 3.25], "texture": "#0"}
			}
		},
		{
			"name": "Layer 1_11",
			"from": [9.625, 12.75, 8],
			"to": [9.75, 12.875, 8.125],
			"faces": {
				"north": {"uv": [9.75, 3.125, 9.625, 3.25], "texture": "#0"},
				"east": {"uv": [9.625, 3.125, 9.75, 3.25], "texture": "#0"},
				"south": {"uv": [9.625, 3.125, 9.75, 3.25], "texture": "#0"},
				"down": {"uv": [9.625, 3.125, 9.75, 3.25], "texture": "#0"}
			}
		},
		{
			"name": "Layer 1_12",
			"from": [9.5, 12.625, 8],
			"to": [9.625, 12.75, 8.125],
			"faces": {
				"north": {"uv": [9.625, 3.25, 9.5, 3.375], "texture": "#0"},
				"east": {"uv": [9.5, 3.25, 9.625, 3.375], "texture": "#0"},
				"south": {"uv": [9.5, 3.25, 9.625, 3.375], "texture": "#0"},
				"down": {"uv": [9.5, 3.25, 9.625, 3.375], "texture": "#0"}
			}
		},
		{
			"name": "Layer 1_13",
			"from": [4.375, 12.375, 8],
			"to": [4.5, 12.625, 8.125],
			"faces": {
				"north": {"uv": [4.5, 3.375, 4.375, 3.625], "texture": "#0"},
				"south": {"uv": [4.375, 3.375, 4.5, 3.625], "texture": "#0"},
				"west": {"uv": [4.375, 3.375, 4.5, 3.625], "texture": "#0"},
				"up": {"uv": [4.375, 3.375, 4.5, 3.5], "texture": "#0"}
			}
		},
		{
			"name": "Layer 1_14",
			"from": [5.5, 12.5, 8],
			"to": [5.875, 12.625, 8.125],
			"faces": {
				"north": {"uv": [5.875, 3.375, 5.5, 3.5], "texture": "#0"},
				"east": {"uv": [5.75, 3.375, 5.875, 3.5], "texture": "#0"},
				"south": {"uv": [5.5, 3.375, 5.875, 3.5], "texture": "#0"},
				"down": {"uv": [5.5, 3.375, 5.875, 3.5], "texture": "#0"}
			}
		},
		{
			"name": "Layer 1_15",
			"from": [9.375, 12.25, 8],
			"to": [9.5, 12.625, 8.125],
			"faces": {
				"north": {"uv": [9.5, 3.375, 9.375, 3.75], "texture": "#0"},
				"east": {"uv": [9.375, 3.375, 9.5, 3.75], "texture": "#0"},
				"south": {"uv": [9.375, 3.375, 9.5, 3.75], "texture": "#0"},
				"west": {"uv": [9.375, 3.375, 9.5, 3.75], "texture": "#0"},
				"down": {"uv": [9.375, 3.625, 9.5, 3.75], "texture": "#0"}
			}
		},
		{
			"name": "Layer 1_16",
			"from": [5.25, 12.375, 8],
			"to": [5.5, 12.5, 8.125],
			"faces": {
				"north": {"uv": [5.5, 3.5, 5.25, 3.625], "texture": "#0"},
				"east": {"uv": [5.375, 3.5, 5.5, 3.625], "texture": "#0"},
				"south": {"uv": [5.25, 3.5, 5.5, 3.625], "texture": "#0"},
				"down": {"uv": [5.25, 3.5, 5.5, 3.625], "texture": "#0"}
			}
		},
		{
			"name": "Layer 1_17",
			"from": [9.25, 12.375, 8],
			"to": [9.375, 12.5, 8.125],
			"faces": {
				"north": {"uv": [9.375, 3.5, 9.25, 3.625], "texture": "#0"},
				"south": {"uv": [9.25, 3.5, 9.375, 3.625], "texture": "#0"},
				"west": {"uv": [9.25, 3.5, 9.375, 3.625], "texture": "#0"},
				"down": {"uv": [9.25, 3.5, 9.375, 3.625], "texture": "#0"}
			}
		},
		{
			"name": "Layer 1_18",
			"from": [4.25, 12.125, 8],
			"to": [4.375, 12.375, 8.125],
			"faces": {
				"north": {"uv": [4.375, 3.625, 4.25, 3.875], "texture": "#0"},
				"south": {"uv": [4.25, 3.625, 4.375, 3.875], "texture": "#0"},
				"west": {"uv": [4.25, 3.625, 4.375, 3.875], "texture": "#0"},
				"up": {"uv": [4.25, 3.625, 4.375, 3.75], "texture": "#0"}
			}
		},
		{
			"name": "Layer 1_19",
			"from": [5, 12.25, 8],
			"to": [5.25, 12.375, 8.125],
			"faces": {
				"north": {"uv": [5.25, 3.625, 5, 3.75], "texture": "#0"},
				"east": {"uv": [5.125, 3.625, 5.25, 3.75], "texture": "#0"},
				"south": {"uv": [5, 3.625, 5.25, 3.75], "texture": "#0"},
				"down": {"uv": [5, 3.625, 5.25, 3.75], "texture": "#0"}
			}
		},
		{
			"name": "Layer 1_20",
			"from": [4.875, 12.125, 8],
			"to": [5, 12.25, 8.125],
			"faces": {
				"north": {"uv": [5, 3.75, 4.875, 3.875], "texture": "#0"},
				"east": {"uv": [4.875, 3.75, 5, 3.875], "texture": "#0"},
				"south": {"uv": [4.875, 3.75, 5, 3.875], "texture": "#0"},
				"down": {"uv": [4.875, 3.75, 5, 3.875], "texture": "#0"}
			}
		},
		{
			"name": "Layer 1_21",
			"from": [4.125, 11.75, 8],
			"to": [4.25, 12.125, 8.125],
			"faces": {
				"north": {"uv": [4.25, 3.875, 4.125, 4.25], "texture": "#0"},
				"south": {"uv": [4.125, 3.875, 4.25, 4.25], "texture": "#0"},
				"west": {"uv": [4.125, 3.875, 4.25, 4.25], "texture": "#0"},
				"up": {"uv": [4.125, 3.875, 4.25, 4], "texture": "#0"}
			}
		},
		{
			"name": "Layer 1_22",
			"from": [4.75, 12, 8],
			"to": [4.875, 12.125, 8.125],
			"faces": {
				"north": {"uv": [4.875, 3.875, 4.75, 4], "texture": "#0"},
				"east": {"uv": [4.75, 3.875, 4.875, 4], "texture": "#0"},
				"south": {"uv": [4.75, 3.875, 4.875, 4], "texture": "#0"},
				"down": {"uv": [4.75, 3.875, 4.875, 4], "texture": "#0"}
			}
		},
		{
			"name": "Layer 1_23",
			"from": [4.625, 11.875, 8],
			"to": [4.75, 12, 8.125],
			"faces": {
				"north": {"uv": [4.75, 4, 4.625, 4.125], "texture": "#0"},
				"east": {"uv": [4.625, 4, 4.75, 4.125], "texture": "#0"},
				"south": {"uv": [4.625, 4, 4.75, 4.125], "texture": "#0"},
				"down": {"uv": [4.625, 4, 4.75, 4.125], "texture": "#0"}
			}
		},
		{
			"name": "Layer 1_24",
			"from": [4.5, 11.75, 8],
			"to": [4.625, 11.875, 8.125],
			"faces": {
				"north": {"uv": [4.625, 4.125, 4.5, 4.25], "texture": "#0"},
				"east": {"uv": [4.5, 4.125, 4.625, 4.25], "texture": "#0"},
				"south": {"uv": [4.5, 4.125, 4.625, 4.25], "texture": "#0"},
				"down": {"uv": [4.5, 4.125, 4.625, 4.25], "texture": "#0"}
			}
		},
		{
			"name": "Layer 1_25",
			"from": [4, 10.75, 8],
			"to": [4.125, 11.75, 8.125],
			"faces": {
				"north": {"uv": [4.125, 4.25, 4, 5.25], "texture": "#0"},
				"east": {"uv": [4, 4.25, 4.125, 5.25], "texture": "#0"},
				"south": {"uv": [4, 4.25, 4.125, 5.25], "texture": "#0"},
				"west": {"uv": [4, 4.25, 4.125, 5.25], "texture": "#0"},
				"up": {"uv": [4, 4.25, 4.125, 4.375], "texture": "#0"},
				"down": {"uv": [4, 5.125, 4.125, 5.25], "texture": "#0"}
			}
		},
		{
			"name": "Layer 1_26",
			"from": [4.375, 11.625, 8],
			"to": [4.5, 11.75, 8.125],
			"faces": {
				"north": {"uv": [4.5, 4.25, 4.375, 4.375], "texture": "#0"},
				"east": {"uv": [4.375, 4.25, 4.5, 4.375], "texture": "#0"},
				"south": {"uv": [4.375, 4.25, 4.5, 4.375], "texture": "#0"},
				"down": {"uv": [4.375, 4.25, 4.5, 4.375], "texture": "#0"}
			}
		},
		{
			"name": "Layer 1_27",
			"from": [4.25, 11.375, 8],
			"to": [4.375, 11.625, 8.125],
			"faces": {
				"north": {"uv": [4.375, 4.375, 4.25, 4.625], "texture": "#0"},
				"east": {"uv": [4.25, 4.375, 4.375, 4.625], "texture": "#0"},
				"south": {"uv": [4.25, 4.375, 4.375, 4.625], "texture": "#0"},
				"down": {"uv": [4.25, 4.5, 4.375, 4.625], "texture": "#0"}
			}
		},
		{
			"name": "Layer 1_28",
			"from": [4.125, 11.125, 8],
			"to": [4.25, 11.375, 8.125],
			"faces": {
				"north": {"uv": [4.25, 4.625, 4.125, 4.875], "texture": "#0"},
				"east": {"uv": [4.125, 4.625, 4.25, 4.875], "texture": "#0"},
				"south": {"uv": [4.125, 4.625, 4.25, 4.875], "texture": "#0"},
				"down": {"uv": [4.125, 4.75, 4.25, 4.875], "texture": "#0"}
			}
		},
		{
			"name": "Layer 2_0",
			"from": [8.5, 13.625, 8],
			"to": [8.75, 13.75, 8.125],
			"faces": {
				"north": {"uv": [8.75, 2.25, 8.5, 2.375], "texture": "#0"},
				"east": {"uv": [8.625, 2.25, 8.75, 2.375], "texture": "#0"},
				"south": {"uv": [8.5, 2.25, 8.75, 2.375], "texture": "#0"},
				"up": {"uv": [8.5, 2.25, 8.75, 2.375], "texture": "#0"},
				"down": {"uv": [8.5, 2.25, 8.75, 2.375], "texture": "#0"}
			}
		},
		{
			"name": "Layer 2_1",
			"from": [5.125, 13.375, 7.9375],
			"to": [5.25, 13.5, 8.1875],
			"faces": {
				"north": {"uv": [5.25, 2.5, 5.125, 2.625], "texture": "#0"},
				"south": {"uv": [5.125, 2.5, 5.25, 2.625], "texture": "#0"},
				"west": {"uv": [5.125, 2.5, 5.25, 2.625], "texture": "#0"},
				"up": {"uv": [5.125, 2.5, 5.25, 2.625], "texture": "#0"}
			}
		},
		{
			"name": "Layer 2_2",
			"from": [10.125, 13.375, 7.9375],
			"to": [10.375, 13.5, 8.1875],
			"faces": {
				"north": {"uv": [10.375, 2.5, 10.125, 2.625], "texture": "#0"},
				"east": {"uv": [10.25, 2.5, 10.375, 2.625], "texture": "#0"},
				"south": {"uv": [10.125, 2.5, 10.375, 2.625], "texture": "#0"},
				"up": {"uv": [10.125, 2.5, 10.375, 2.625], "texture": "#0"},
				"down": {"uv": [10.125, 2.5, 10.375, 2.625], "texture": "#0"}
			}
		},
		{
			"name": "Layer 2_3",
			"from": [5, 13.25, 7.9375],
			"to": [5.125, 13.375, 8.1875],
			"faces": {
				"north": {"uv": [5.125, 2.625, 5, 2.75], "texture": "#0"},
				"south": {"uv": [5, 2.625, 5.125, 2.75], "texture": "#0"},
				"west": {"uv": [5, 2.625, 5.125, 2.75], "texture": "#0"},
				"up": {"uv": [5, 2.625, 5.125, 2.75], "texture": "#0"}
			}
		},
		{
			"name": "Layer 2_4",
			"from": [10, 13.25, 7.9375],
			"to": [10.125, 13.375, 8.1875],
			"faces": {
				"north": {"uv": [10.125, 2.625, 10, 2.75], "texture": "#0"},
				"east": {"uv": [10, 2.625, 10.125, 2.75], "texture": "#0"},
				"south": {"uv": [10, 2.625, 10.125, 2.75], "texture": "#0"},
				"down": {"uv": [10, 2.625, 10.125, 2.75], "texture": "#0"}
			}
		},
		{
			"name": "Layer 2_5",
			"from": [4.875, 13.125, 7.9375],
			"to": [5, 13.25, 8.1875],
			"faces": {
				"north": {"uv": [5, 2.75, 4.875, 2.875], "texture": "#0"},
				"south": {"uv": [4.875, 2.75, 5, 2.875], "texture": "#0"},
				"west": {"uv": [4.875, 2.75, 5, 2.875], "texture": "#0"},
				"up": {"uv": [4.875, 2.75, 5, 2.875], "texture": "#0"}
			}
		},
		{
			"name": "Layer 2_6",
			"from": [9.875, 13.125, 7.9375],
			"to": [10, 13.25, 8.1875],
			"faces": {
				"north": {"uv": [10, 2.75, 9.875, 2.875], "texture": "#0"},
				"east": {"uv": [9.875, 2.75, 10, 2.875], "texture": "#0"},
				"south": {"uv": [9.875, 2.75, 10, 2.875], "texture": "#0"},
				"down": {"uv": [9.875, 2.75, 10, 2.875], "texture": "#0"}
			}
		},
		{
			"name": "Layer 2_7",
			"from": [4.75, 12.875, 7.9375],
			"to": [4.875, 13.125, 8.1875],
			"faces": {
				"north": {"uv": [4.875, 2.875, 4.75, 3.125], "texture": "#0"},
				"south": {"uv": [4.75, 2.875, 4.875, 3.125], "texture": "#0"},
				"west": {"uv": [4.75, 2.875, 4.875, 3.125], "texture": "#0"},
				"up": {"uv": [4.75, 2.875, 4.875, 3], "texture": "#0"}
			}
		},
		{
			"name": "Layer 2_8",
			"from": [9.75, 13, 7.9375],
			"to": [9.875, 13.125, 8.1875],
			"faces": {
				"north": {"uv": [9.875, 2.875, 9.75, 3], "texture": "#0"},
				"east": {"uv": [9.75, 2.875, 9.875, 3], "texture": "#0"},
				"south": {"uv": [9.75, 2.875, 9.875, 3], "texture": "#0"},
				"down": {"uv": [9.75, 2.875, 9.875, 3], "texture": "#0"}
			}
		},
		{
			"name": "Layer 2_9",
			"from": [9.625, 12.875, 7.9375],
			"to": [9.75, 13, 8.1875],
			"faces": {
				"north": {"uv": [9.75, 3, 9.625, 3.125], "texture": "#0"},
				"east": {"uv": [9.625, 3, 9.75, 3.125], "texture": "#0"},
				"south": {"uv": [9.625, 3, 9.75, 3.125], "texture": "#0"},
				"down": {"uv": [9.625, 3, 9.75, 3.125], "texture": "#0"}
			}
		},
		{
			"name": "Layer 2_10",
			"from": [4.625, 12.625, 7.9375],
			"to": [4.75, 12.875, 8.1875],
			"faces": {
				"north": {"uv": [4.75, 3.125, 4.625, 3.375], "texture": "#0"},
				"south": {"uv": [4.625, 3.125, 4.75, 3.375], "texture": "#0"},
				"west": {"uv": [4.625, 3.125, 4.75, 3.375], "texture": "#0"},
				"up": {"uv": [4.625, 3.125, 4.75, 3.25], "texture": "#0"}
			}
		},
		{
			"name": "Layer 2_11",
			"from": [9.375, 12.75, 7.9375],
			"to": [9.625, 12.875, 8.1875],
			"faces": {
				"north": {"uv": [9.625, 3.125, 9.375, 3.25], "texture": "#0"},
				"east": {"uv": [9.5, 3.125, 9.625, 3.25], "texture": "#0"},
				"south": {"uv": [9.375, 3.125, 9.625, 3.25], "texture": "#0"},
				"down": {"uv": [9.375, 3.125, 9.625, 3.25], "texture": "#0"}
			}
		},
		{
			"name": "Layer 2_12",
			"from": [5.375, 12.625, 7.9375],
			"to": [6.375, 12.75, 8.1875],
			"faces": {
				"north": {"uv": [6.375, 3.25, 5.375, 3.375], "texture": "#0"},
				"south": {"uv": [5.375, 3.25, 6.375, 3.375], "texture": "#0"},
				"down": {"uv": [5.375, 3.25, 6.375, 3.375], "texture": "#0"}
			}
		},
		{
			"name": "Layer 2_13",
			"from": [9.25, 12.625, 7.9375],
			"to": [9.5, 12.75, 8.1875],
			"faces": {
				"north": {"uv": [9.5, 3.25, 9.25, 3.375], "texture": "#0"},
				"east": {"uv": [9.375, 3.25, 9.5, 3.375], "texture": "#0"},
				"south": {"uv": [9.25, 3.25, 9.5, 3.375], "texture": "#0"},
				"down": {"uv": [9.25, 3.25, 9.5, 3.375], "texture": "#0"}
			}
		},
		{
			"name": "Layer 2_14",
			"from": [4.5, 12.375, 7.9375],
			"to": [4.625, 12.625, 8.1875],
			"faces": {
				"north": {"uv": [4.625, 3.375, 4.5, 3.625], "texture": "#0"},
				"south": {"uv": [4.5, 3.375, 4.625, 3.625], "texture": "#0"},
				"west": {"uv": [4.5, 3.375, 4.625, 3.625], "texture": "#0"},
				"up": {"uv": [4.5, 3.375, 4.625, 3.5], "texture": "#0"}
			}
		},
		{
			"name": "Layer 2_15",
			"from": [5.125, 12.5, 7.9375],
			"to": [5.5, 12.625, 8.1875],
			"faces": {
				"north": {"uv": [5.5, 3.375, 5.125, 3.5], "texture": "#0"},
				"east": {"uv": [5.375, 3.375, 5.5, 3.5], "texture": "#0"},
				"south": {"uv": [5.125, 3.375, 5.5, 3.5], "texture": "#0"},
				"down": {"uv": [5.125, 3.375, 5.5, 3.5], "texture": "#0"}
			}
		},
		{
			"name": "Layer 2_16",
			"from": [9.125, 12.5, 7.9375],
			"to": [9.375, 12.625, 8.1875],
			"faces": {
				"north": {"uv": [9.375, 3.375, 9.125, 3.5], "texture": "#0"},
				"east": {"uv": [9.25, 3.375, 9.375, 3.5], "texture": "#0"},
				"south": {"uv": [9.125, 3.375, 9.375, 3.5], "texture": "#0"},
				"west": {"uv": [9.125, 3.375, 9.25, 3.5], "texture": "#0"},
				"down": {"uv": [9.125, 3.375, 9.375, 3.5], "texture": "#0"}
			}
		},
		{
			"name": "Layer 2_17",
			"from": [4.875, 12.375, 7.9375],
			"to": [5.25, 12.5, 8.1875],
			"faces": {
				"north": {"uv": [5.25, 3.5, 4.875, 3.625], "texture": "#0"},
				"east": {"uv": [5.125, 3.5, 5.25, 3.625], "texture": "#0"},
				"south": {"uv": [4.875, 3.5, 5.25, 3.625], "texture": "#0"},
				"down": {"uv": [4.875, 3.5, 5.25, 3.625], "texture": "#0"}
			}
		},
		{
			"name": "Layer 2_18",
			"from": [4.375, 11.75, 7.9375],
			"to": [4.5, 12.375, 8.1875],
			"faces": {
				"north": {"uv": [4.5, 3.625, 4.375, 4.25], "texture": "#0"},
				"east": {"uv": [4.375, 3.625, 4.5, 4.25], "texture": "#0"},
				"south": {"uv": [4.375, 3.625, 4.5, 4.25], "texture": "#0"},
				"west": {"uv": [4.375, 3.625, 4.5, 4.25], "texture": "#0"},
				"up": {"uv": [4.375, 3.625, 4.5, 3.75], "texture": "#0"},
				"down": {"uv": [4.375, 4.125, 4.5, 4.25], "texture": "#0"}
			}
		},
		{
			"name": "Layer 2_19",
			"from": [4.75, 12.25, 7.9375],
			"to": [5, 12.375, 8.1875],
			"faces": {
				"north": {"uv": [5, 3.625, 4.75, 3.75], "texture": "#0"},
				"east": {"uv": [4.875, 3.625, 5, 3.75], "texture": "#0"},
				"south": {"uv": [4.75, 3.625, 5, 3.75], "texture": "#0"},
				"down": {"uv": [4.75, 3.625, 5, 3.75], "texture": "#0"}
			}
		},
		{
			"name": "Layer 2_20",
			"from": [4.625, 12.125, 7.9375],
			"to": [4.875, 12.25, 8.1875],
			"faces": {
				"north": {"uv": [4.875, 3.75, 4.625, 3.875], "texture": "#0"},
				"east": {"uv": [4.75, 3.75, 4.875, 3.875], "texture": "#0"},
				"south": {"uv": [4.625, 3.75, 4.875, 3.875], "texture": "#0"},
				"down": {"uv": [4.625, 3.75, 4.875, 3.875], "texture": "#0"}
			}
		},
		{
			"name": "Layer 2_21",
			"from": [4.25, 11.625, 7.9375],
			"to": [4.375, 12.125, 8.1875],
			"faces": {
				"north": {"uv": [4.375, 3.875, 4.25, 4.375], "texture": "#0"},
				"east": {"uv": [4.25, 3.875, 4.375, 4.375], "texture": "#0"},
				"south": {"uv": [4.25, 3.875, 4.375, 4.375], "texture": "#0"},
				"west": {"uv": [4.25, 3.875, 4.375, 4.375], "texture": "#0"},
				"up": {"uv": [4.25, 3.875, 4.375, 4], "texture": "#0"},
				"down": {"uv": [4.25, 4.25, 4.375, 4.375], "texture": "#0"}
			}
		},
		{
			"name": "Layer 2_22",
			"from": [4.5, 12, 7.9375],
			"to": [4.75, 12.125, 8.1875],
			"faces": {
				"north": {"uv": [4.75, 3.875, 4.5, 4], "texture": "#0"},
				"east": {"uv": [4.625, 3.875, 4.75, 4], "texture": "#0"},
				"south": {"uv": [4.5, 3.875, 4.75, 4], "texture": "#0"},
				"down": {"uv": [4.5, 3.875, 4.75, 4], "texture": "#0"}
			}
		},
		{
			"name": "Layer 2_23",
			"from": [4.5, 11.875, 7.9375],
			"to": [4.625, 12, 8.1875],
			"faces": {
				"north": {"uv": [4.625, 4, 4.5, 4.125], "texture": "#0"},
				"east": {"uv": [4.5, 4, 4.625, 4.125], "texture": "#0"},
				"south": {"uv": [4.5, 4, 4.625, 4.125], "texture": "#0"},
				"down": {"uv": [4.5, 4, 4.625, 4.125], "texture": "#0"}
			}
		},
		{
			"name": "Layer 2_24",
			"from": [4.125, 11.375, 7.9375],
			"to": [4.25, 11.75, 8.1875],
			"faces": {
				"north": {"uv": [4.25, 4.25, 4.125, 4.625], "texture": "#0"},
				"east": {"uv": [4.125, 4.25, 4.25, 4.625], "texture": "#0"},
				"south": {"uv": [4.125, 4.25, 4.25, 4.625], "texture": "#0"},
				"west": {"uv": [4.125, 4.25, 4.25, 4.625], "texture": "#0"},
				"up": {"uv": [4.125, 4.25, 4.25, 4.375], "texture": "#0"},
				"down": {"uv": [4.125, 4.5, 4.25, 4.625], "texture": "#0"}
			}
		},
		{
			"name": "Layer 2_25",
			"from": [7.25, 2.75, 8],
			"to": [7.375, 2.875, 8.125],
			"faces": {
				"north": {"uv": [7.375, 13.125, 7.25, 13.25], "texture": "#0"},
				"south": {"uv": [7.25, 13.125, 7.375, 13.25], "texture": "#0"},
				"west": {"uv": [7.25, 13.125, 7.375, 13.25], "texture": "#0"},
				"up": {"uv": [7.25, 13.125, 7.375, 13.25], "texture": "#0"},
				"down": {"uv": [7.25, 13.125, 7.375, 13.25], "texture": "#0"}
			}
		},
		{
			"name": "Layer 2_26",
			"from": [8.25, 2.75, 8],
			"to": [8.375, 2.875, 8.125],
			"faces": {
				"north": {"uv": [8.375, 13.125, 8.25, 13.25], "texture": "#0"},
				"east": {"uv": [8.25, 13.125, 8.375, 13.25], "texture": "#0"},
				"south": {"uv": [8.25, 13.125, 8.375, 13.25], "texture": "#0"},
				"up": {"uv": [8.25, 13.125, 8.375, 13.25], "texture": "#0"},
				"down": {"uv": [8.25, 13.125, 8.375, 13.25], "texture": "#0"}
			}
		},
		{
			"name": "Layer 2_27",
			"from": [7.375, 2.625, 8],
			"to": [7.5, 2.75, 8.125],
			"faces": {
				"north": {"uv": [7.5, 13.25, 7.375, 13.375], "texture": "#0"},
				"south": {"uv": [7.375, 13.25, 7.5, 13.375], "texture": "#0"},
				"west": {"uv": [7.375, 13.25, 7.5, 13.375], "texture": "#0"},
				"down": {"uv": [7.375, 13.25, 7.5, 13.375], "texture": "#0"}
			}
		},
		{
			"name": "Layer 2_28",
			"from": [8.125, 2.625, 8],
			"to": [8.25, 2.75, 8.125],
			"faces": {
				"north": {"uv": [8.25, 13.25, 8.125, 13.375], "texture": "#0"},
				"east": {"uv": [8.125, 13.25, 8.25, 13.375], "texture": "#0"},
				"south": {"uv": [8.125, 13.25, 8.25, 13.375], "texture": "#0"},
				"down": {"uv": [8.125, 13.25, 8.25, 13.375], "texture": "#0"}
			}
		},
		{
			"name": "Layer 2_29",
			"from": [7.5, 2.375, 8],
			"to": [7.625, 2.625, 8.125],
			"faces": {
				"north": {"uv": [7.625, 13.375, 7.5, 13.625], "texture": "#0"},
				"south": {"uv": [7.5, 13.375, 7.625, 13.625], "texture": "#0"},
				"west": {"uv": [7.5, 13.375, 7.625, 13.625], "texture": "#0"},
				"down": {"uv": [7.5, 13.5, 7.625, 13.625], "texture": "#0"}
			}
		},
		{
			"name": "Layer 2_30",
			"from": [8, 2.375, 8],
			"to": [8.125, 2.625, 8.125],
			"faces": {
				"north": {"uv": [8.125, 13.375, 8, 13.625], "texture": "#0"},
				"east": {"uv": [8, 13.375, 8.125, 13.625], "texture": "#0"},
				"south": {"uv": [8, 13.375, 8.125, 13.625], "texture": "#0"},
				"down": {"uv": [8, 13.5, 8.125, 13.625], "texture": "#0"}
			}
		},
		{
			"name": "Layer 2_31",
			"from": [7.625, 2, 8],
			"to": [7.75, 2.375, 8.125],
			"faces": {
				"north": {"uv": [7.75, 13.625, 7.625, 14], "texture": "#0"},
				"south": {"uv": [7.625, 13.625, 7.75, 14], "texture": "#0"},
				"west": {"uv": [7.625, 13.625, 7.75, 14], "texture": "#0"},
				"down": {"uv": [7.625, 13.875, 7.75, 14], "texture": "#0"}
			}
		},
		{
			"name": "Layer 2_32",
			"from": [7.875, 2, 8],
			"to": [8, 2.375, 8.125],
			"faces": {
				"north": {"uv": [8, 13.625, 7.875, 14], "texture": "#0"},
				"east": {"uv": [7.875, 13.625, 8, 14], "texture": "#0"},
				"south": {"uv": [7.875, 13.625, 8, 14], "texture": "#0"},
				"down": {"uv": [7.875, 13.875, 8, 14], "texture": "#0"}
			}
		},
		{
			"name": "Layer 2_33",
			"from": [7.75, 1.5, 8],
			"to": [7.875, 2, 8.125],
			"faces": {
				"north": {"uv": [7.875, 14, 7.75, 14.5], "texture": "#0"},
				"east": {"uv": [7.75, 14, 7.875, 14.5], "texture": "#0"},
				"south": {"uv": [7.75, 14, 7.875, 14.5], "texture": "#0"},
				"west": {"uv": [7.75, 14, 7.875, 14.5], "texture": "#0"},
				"down": {"uv": [7.75, 14.375, 7.875, 14.5], "texture": "#0"}
			}
		},
		{
			"name": "Layer 3_0",
			"from": [8.25, 13.625, 7.9375],
			"to": [8.5, 13.75, 8.1875],
			"faces": {
				"north": {"uv": [8.5, 2.25, 8.25, 2.375], "texture": "#0"},
				"east": {"uv": [8.375, 2.25, 8.5, 2.375], "texture": "#0"},
				"south": {"uv": [8.25, 2.25, 8.5, 2.375], "texture": "#0"},
				"up": {"uv": [8.25, 2.25, 8.5, 2.375], "texture": "#0"}
			}
		},
		{
			"name": "Layer 3_1",
			"from": [8.375, 13.5, 7.9375],
			"to": [8.625, 13.625, 8.1875],
			"faces": {
				"north": {"uv": [8.625, 2.375, 8.375, 2.5], "texture": "#0"},
				"east": {"uv": [8.5, 2.375, 8.625, 2.5], "texture": "#0"},
				"south": {"uv": [8.375, 2.375, 8.625, 2.5], "texture": "#0"},
				"up": {"uv": [8.375, 2.375, 8.625, 2.5], "texture": "#0"},
				"down": {"uv": [8.375, 2.375, 8.625, 2.5], "texture": "#0"}
			}
		},
		{
			"name": "Layer 3_2",
			"from": [5.25, 12.75, 7.875],
			"to": [5.75, 13.5, 8.25],
			"faces": {
				"north": {"uv": [5.75, 2.5, 5.25, 3.25], "texture": "#0"},
				"east": {"uv": [5.625, 2.5, 5.75, 3.25], "texture": "#0"},
				"south": {"uv": [5.25, 2.5, 5.75, 3.25], "texture": "#0"},
				"west": {"uv": [5.25, 2.5, 5.375, 3.25], "texture": "#0"},
				"up": {"uv": [5.25, 2.5, 5.75, 2.625], "texture": "#0"},
				"down": {"uv": [5.25, 3.125, 5.75, 3.25], "texture": "#0"}
			}
		},
		{
			"name": "Layer 3_3",
			"from": [6.625, 12.625, 7.875],
			"to": [7.75, 13.5, 8.25],
			"faces": {
				"north": {"uv": [7.75, 2.5, 6.625, 3.375], "texture": "#0"},
				"east": {"uv": [7.625, 2.5, 7.75, 3.375], "texture": "#0"},
				"south": {"uv": [6.625, 2.5, 7.75, 3.375], "texture": "#0"},
				"west": {"uv": [6.625, 2.5, 6.75, 3.375], "texture": "#0"},
				"up": {"uv": [6.625, 2.5, 7.75, 2.625], "texture": "#0"},
				"down": {"uv": [6.625, 3.25, 7.75, 3.375], "texture": "#0"}
			}
		},
		{
			"name": "Layer 3_4",
			"from": [9.75, 13.25, 7.875],
			"to": [10, 13.5, 8.25],
			"faces": {
				"north": {"uv": [10, 2.5, 9.75, 2.75], "texture": "#0"},
				"east": {"uv": [9.875, 2.5, 10, 2.75], "texture": "#0"},
				"south": {"uv": [9.75, 2.5, 10, 2.75], "texture": "#0"},
				"west": {"uv": [9.75, 2.5, 9.875, 2.75], "texture": "#0"},
				"up": {"uv": [9.75, 2.5, 10, 2.625], "texture": "#0"},
				"down": {"uv": [9.75, 2.625, 10, 2.75], "texture": "#0"}
			}
		},
		{
			"name": "Layer 3_5",
			"from": [10, 13.375, 7.875],
			"to": [10.125, 13.5, 8.25],
			"faces": {
				"north": {"uv": [10.125, 2.5, 10, 2.625], "texture": "#0"},
				"east": {"uv": [10, 2.5, 10.125, 2.625], "texture": "#0"},
				"south": {"uv": [10, 2.5, 10.125, 2.625], "texture": "#0"},
				"up": {"uv": [10, 2.5, 10.125, 2.625], "texture": "#0"},
				"down": {"uv": [10, 2.5, 10.125, 2.625], "texture": "#0"}
			}
		},
		{
			"name": "Layer 3_6",
			"from": [5.125, 12.625, 7.875],
			"to": [5.25, 13.375, 8.25],
			"faces": {
				"north": {"uv": [5.25, 2.625, 5.125, 3.375], "texture": "#0"},
				"south": {"uv": [5.125, 2.625, 5.25, 3.375], "texture": "#0"},
				"west": {"uv": [5.125, 2.625, 5.25, 3.375], "texture": "#0"},
				"up": {"uv": [5.125, 2.625, 5.25, 2.75], "texture": "#0"},
				"down": {"uv": [5.125, 3.25, 5.25, 3.375], "texture": "#0"}
			}
		},
		{
			"name": "Layer 3_7",
			"from": [5.75, 12.75, 7.875],
			"to": [6.625, 13.375, 8.25],
			"faces": {
				"north": {"uv": [6.625, 2.625, 5.75, 3.25], "texture": "#0"},
				"south": {"uv": [5.75, 2.625, 6.625, 3.25], "texture": "#0"},
				"up": {"uv": [5.75, 2.625, 6.625, 2.75], "texture": "#0"},
				"down": {"uv": [5.75, 3.125, 6.625, 3.25], "texture": "#0"}
			}
		},
		{
			"name": "Layer 3_8",
			"from": [7.75, 12.75, 7.875],
			"to": [7.875, 13.375, 8.25],
			"faces": {
				"north": {"uv": [7.875, 2.625, 7.75, 3.25], "texture": "#0"},
				"east": {"uv": [7.75, 2.625, 7.875, 3.25], "texture": "#0"},
				"south": {"uv": [7.75, 2.625, 7.875, 3.25], "texture": "#0"},
				"up": {"uv": [7.75, 2.625, 7.875, 2.75], "texture": "#0"},
				"down": {"uv": [7.75, 3.125, 7.875, 3.25], "texture": "#0"}
			}
		},
		{
			"name": "Layer 3_9",
			"from": [8.625, 13.25, 7.9375],
			"to": [8.875, 13.375, 8.1875],
			"faces": {
				"north": {"uv": [8.875, 2.625, 8.625, 2.75], "texture": "#0"},
				"south": {"uv": [8.625, 2.625, 8.875, 2.75], "texture": "#0"},
				"up": {"uv": [8.625, 2.625, 8.875, 2.75], "texture": "#0"}
			}
		},
		{
			"name": "Layer 3_10",
			"from": [9.375, 13, 7.875],
			"to": [9.75, 13.375, 8.25],
			"faces": {
				"north": {"uv": [9.75, 2.625, 9.375, 3], "texture": "#0"},
				"east": {"uv": [9.625, 2.625, 9.75, 3], "texture": "#0"},
				"south": {"uv": [9.375, 2.625, 9.75, 3], "texture": "#0"},
				"west": {"uv": [9.375, 2.625, 9.5, 3], "texture": "#0"},
				"up": {"uv": [9.375, 2.625, 9.75, 2.75], "texture": "#0"},
				"down": {"uv": [9.375, 2.875, 9.75, 3], "texture": "#0"}
			}
		},
		{
			"name": "Layer 3_11",
			"from": [5, 12.5, 7.875],
			"to": [5.125, 13.25, 8.25],
			"faces": {
				"north": {"uv": [5.125, 2.75, 5, 3.5], "texture": "#0"},
				"east": {"uv": [5, 2.75, 5.125, 3.5], "texture": "#0"},
				"south": {"uv": [5, 2.75, 5.125, 3.5], "texture": "#0"},
				"west": {"uv": [5, 2.75, 5.125, 3.5], "texture": "#0"},
				"up": {"uv": [5, 2.75, 5.125, 2.875], "texture": "#0"},
				"down": {"uv": [5, 3.375, 5.125, 3.5], "texture": "#0"}
			}
		},
		{
			"name": "Layer 3_12",
			"from": [7.875, 12.875, 7.875],
			"to": [8, 13.25, 8.25],
			"faces": {
				"north": {"uv": [8, 2.75, 7.875, 3.125], "texture": "#0"},
				"east": {"uv": [7.875, 2.75, 8, 3.125], "texture": "#0"},
				"south": {"uv": [7.875, 2.75, 8, 3.125], "texture": "#0"},
				"up": {"uv": [7.875, 2.75, 8, 2.875], "texture": "#0"},
				"down": {"uv": [7.875, 3, 8, 3.125], "texture": "#0"}
			}
		},
		{
			"name": "Layer 3_13",
			"from": [9.25, 12.75, 7.875],
			"to": [9.375, 13.25, 8.25],
			"faces": {
				"north": {"uv": [9.375, 2.75, 9.25, 3.25], "texture": "#0"},
				"east": {"uv": [9.25, 2.75, 9.375, 3.25], "texture": "#0"},
				"south": {"uv": [9.25, 2.75, 9.375, 3.25], "texture": "#0"},
				"west": {"uv": [9.25, 2.75, 9.375, 3.25], "texture": "#0"},
				"up": {"uv": [9.25, 2.75, 9.375, 2.875], "texture": "#0"},
				"down": {"uv": [9.25, 3.125, 9.375, 3.25], "texture": "#0"}
			}
		},
		{
			"name": "Layer 3_14",
			"from": [9.75, 13.125, 7.875],
			"to": [9.875, 13.25, 8.25],
			"faces": {
				"north": {"uv": [9.875, 2.75, 9.75, 2.875], "texture": "#0"},
				"east": {"uv": [9.75, 2.75, 9.875, 2.875], "texture": "#0"},
				"south": {"uv": [9.75, 2.75, 9.875, 2.875], "texture": "#0"},
				"down": {"uv": [9.75, 2.75, 9.875, 2.875], "texture": "#0"}
			}
		},
		{
			"name": "Layer 3_15",
			"from": [4.875, 12.5, 7.875],
			"to": [5, 13.125, 8.25],
			"faces": {
				"north": {"uv": [5, 2.875, 4.875, 3.5], "texture": "#0"},
				"south": {"uv": [4.875, 2.875, 5, 3.5], "texture": "#0"},
				"west": {"uv": [4.875, 2.875, 5, 3.5], "texture": "#0"},
				"up": {"uv": [4.875, 2.875, 5, 3], "texture": "#0"},
				"down": {"uv": [4.875, 3.375, 5, 3.5], "texture": "#0"}
			}
		},
		{
			"name": "Layer 3_16",
			"from": [8, 13, 7.875],
			"to": [8.125, 13.125, 8.25],
			"faces": {
				"north": {"uv": [8.125, 2.875, 8, 3], "texture": "#0"},
				"east": {"uv": [8, 2.875, 8.125, 3], "texture": "#0"},
				"south": {"uv": [8, 2.875, 8.125, 3], "texture": "#0"},
				"up": {"uv": [8, 2.875, 8.125, 3], "texture": "#0"},
				"down": {"uv": [8, 2.875, 8.125, 3], "texture": "#0"}
			}
		},
		{
			"name": "Layer 3_17",
			"from": [9.125, 12.625, 7.875],
			"to": [9.25, 13.125, 8.25],
			"faces": {
				"north": {"uv": [9.25, 2.875, 9.125, 3.375], "texture": "#0"},
				"east": {"uv": [9.125, 2.875, 9.25, 3.375], "texture": "#0"},
				"south": {"uv": [9.125, 2.875, 9.25, 3.375], "texture": "#0"},
				"west": {"uv": [9.125, 2.875, 9.25, 3.375], "texture": "#0"},
				"up": {"uv": [9.125, 2.875, 9.25, 3], "texture": "#0"},
				"down": {"uv": [9.125, 3.25, 9.25, 3.375], "texture": "#0"}
			}
		},
		{
			"name": "Layer 3_18",
			"from": [9, 12.625, 7.875],
			"to": [9.125, 13, 8.25],
			"faces": {
				"north": {"uv": [9.125, 3, 9, 3.375], "texture": "#0"},
				"south": {"uv": [9, 3, 9.125, 3.375], "texture": "#0"},
				"west": {"uv": [9, 3, 9.125, 3.375], "texture": "#0"},
				"up": {"uv": [9, 3, 9.125, 3.125], "texture": "#0"},
				"down": {"uv": [9, 3.25, 9.125, 3.375], "texture": "#0"}
			}
		},
		{
			"name": "Layer 3_19",
			"from": [9.375, 12.875, 7.875],
			"to": [9.625, 13, 8.25],
			"faces": {
				"north": {"uv": [9.625, 3, 9.375, 3.125], "texture": "#0"},
				"east": {"uv": [9.5, 3, 9.625, 3.125], "texture": "#0"},
				"south": {"uv": [9.375, 3, 9.625, 3.125], "texture": "#0"},
				"down": {"uv": [9.375, 3, 9.625, 3.125], "texture": "#0"}
			}
		},
		{
			"name": "Layer 3_20",
			"from": [4.75, 12.375, 7.875],
			"to": [4.875, 12.875, 8.25],
			"faces": {
				"north": {"uv": [4.875, 3.125, 4.75, 3.625], "texture": "#0"},
				"east": {"uv": [4.75, 3.125, 4.875, 3.625], "texture": "#0"},
				"south": {"uv": [4.75, 3.125, 4.875, 3.625], "texture": "#0"},
				"west": {"uv": [4.75, 3.125, 4.875, 3.625], "texture": "#0"},
				"up": {"uv": [4.75, 3.125, 4.875, 3.25], "texture": "#0"},
				"down": {"uv": [4.75, 3.5, 4.875, 3.625], "texture": "#0"}
			}
		},
		{
			"name": "Layer 3_21",
			"from": [5.25, 12.625, 7.875],
			"to": [5.375, 12.75, 8.25],
			"faces": {
				"north": {"uv": [5.375, 3.25, 5.25, 3.375], "texture": "#0"},
				"east": {"uv": [5.25, 3.25, 5.375, 3.375], "texture": "#0"},
				"south": {"uv": [5.25, 3.25, 5.375, 3.375], "texture": "#0"},
				"down": {"uv": [5.25, 3.25, 5.375, 3.375], "texture": "#0"}
			}
		},
		{
			"name": "Layer 3_22",
			"from": [6.375, 12.625, 7.875],
			"to": [6.625, 12.75, 8.25],
			"faces": {
				"north": {"uv": [6.625, 3.25, 6.375, 3.375], "texture": "#0"},
				"south": {"uv": [6.375, 3.25, 6.625, 3.375], "texture": "#0"},
				"west": {"uv": [6.375, 3.25, 6.5, 3.375], "texture": "#0"},
				"down": {"uv": [6.375, 3.25, 6.625, 3.375], "texture": "#0"}
			}
		},
		{
			"name": "Layer 3_23",
			"from": [8.875, 12.625, 7.875],
			"to": [9, 12.75, 8.25],
			"faces": {
				"north": {"uv": [9, 3.25, 8.875, 3.375], "texture": "#0"},
				"south": {"uv": [8.875, 3.25, 9, 3.375], "texture": "#0"},
				"west": {"uv": [8.875, 3.25, 9, 3.375], "texture": "#0"},
				"up": {"uv": [8.875, 3.25, 9, 3.375], "texture": "#0"},
				"down": {"uv": [8.875, 3.25, 9, 3.375], "texture": "#0"}
			}
		},
		{
			"name": "Layer 3_24",
			"from": [4.625, 12.25, 7.875],
			"to": [4.75, 12.625, 8.25],
			"faces": {
				"north": {"uv": [4.75, 3.375, 4.625, 3.75], "texture": "#0"},
				"east": {"uv": [4.625, 3.375, 4.75, 3.75], "texture": "#0"},
				"south": {"uv": [4.625, 3.375, 4.75, 3.75], "texture": "#0"},
				"west": {"uv": [4.625, 3.375, 4.75, 3.75], "texture": "#0"},
				"up": {"uv": [4.625, 3.375, 4.75, 3.5], "texture": "#0"},
				"down": {"uv": [4.625, 3.625, 4.75, 3.75], "texture": "#0"}
			}
		},
		{
			"name": "Layer 3_25",
			"from": [6.5, 12.5, 7.875],
			"to": [7.5, 12.625, 8.25],
			"faces": {
				"north": {"uv": [7.5, 3.375, 6.5, 3.5], "texture": "#0"},
				"east": {"uv": [7.375, 3.375, 7.5, 3.5], "texture": "#0"},
				"south": {"uv": [6.5, 3.375, 7.5, 3.5], "texture": "#0"},
				"west": {"uv": [6.5, 3.375, 6.625, 3.5], "texture": "#0"},
				"down": {"uv": [6.5, 3.375, 7.5, 3.5], "texture": "#0"}
			}
		},
		{
			"name": "Layer 3_26",
			"from": [7, 12.375, 7.875],
			"to": [7.25, 12.5, 8.25],
			"faces": {
				"north": {"uv": [7.25, 3.5, 7, 3.625], "texture": "#0"},
				"east": {"uv": [7.125, 3.5, 7.25, 3.625], "texture": "#0"},
				"south": {"uv": [7, 3.5, 7.25, 3.625], "texture": "#0"},
				"west": {"uv": [7, 3.5, 7.125, 3.625], "texture": "#0"},
				"down": {"uv": [7, 3.5, 7.25, 3.625], "texture": "#0"}
			}
		},
		{
			"name": "Layer 3_27",
			"from": [4.5, 12.125, 7.875],
			"to": [4.625, 12.375, 8.25],
			"faces": {
				"north": {"uv": [4.625, 3.625, 4.5, 3.875], "texture": "#0"},
				"east": {"uv": [4.5, 3.625, 4.625, 3.875], "texture": "#0"},
				"south": {"uv": [4.5, 3.625, 4.625, 3.875], "texture": "#0"},
				"west": {"uv": [4.5, 3.625, 4.625, 3.875], "texture": "#0"},
				"up": {"uv": [4.5, 3.625, 4.625, 3.75], "texture": "#0"},
				"down": {"uv": [4.5, 3.75, 4.625, 3.875], "texture": "#0"}
			}
		},
		{
			"name": "Layer 3_28",
			"from": [7.375, 3.5, 7.9375],
			"to": [7.75, 3.625, 8.1875],
			"faces": {
				"north": {"uv": [7.75, 12.375, 7.375, 12.5], "texture": "#0"},
				"south": {"uv": [7.375, 12.375, 7.75, 12.5], "texture": "#0"},
				"west": {"uv": [7.375, 12.375, 7.5, 12.5], "texture": "#0"},
				"up": {"uv": [7.375, 12.375, 7.75, 12.5], "texture": "#0"},
				"down": {"uv": [7.375, 12.375, 7.75, 12.5], "texture": "#0"}
			}
		},
		{
			"name": "Layer 3_29",
			"from": [7.875, 3.375, 7.9375],
			"to": [8.125, 3.625, 8.1875],
			"faces": {
				"north": {"uv": [8.125, 12.375, 7.875, 12.625], "texture": "#0"},
				"east": {"uv": [8, 12.375, 8.125, 12.625], "texture": "#0"},
				"south": {"uv": [7.875, 12.375, 8.125, 12.625], "texture": "#0"},
				"down": {"uv": [7.875, 12.5, 8.125, 12.625], "texture": "#0"}
			}
		},
		{
			"name": "Layer 3_30",
			"from": [7.5, 3.375, 7.9375],
			"to": [7.875, 3.5, 8.1875],
			"faces": {
				"north": {"uv": [7.875, 12.5, 7.5, 12.625], "texture": "#0"},
				"south": {"uv": [7.5, 12.5, 7.875, 12.625], "texture": "#0"},
				"west": {"uv": [7.5, 12.5, 7.625, 12.625], "texture": "#0"},
				"down": {"uv": [7.5, 12.5, 7.875, 12.625], "texture": "#0"}
			}
		},
		{
			"name": "Layer 3_31",
			"from": [7.625, 3.125, 7.9375],
			"to": [8, 3.375, 8.1875],
			"faces": {
				"north": {"uv": [8, 12.625, 7.625, 12.875], "texture": "#0"},
				"east": {"uv": [7.875, 12.625, 8, 12.875], "texture": "#0"},
				"south": {"uv": [7.625, 12.625, 8, 12.875], "texture": "#0"},
				"west": {"uv": [7.625, 12.625, 7.75, 12.875], "texture": "#0"}
			}
		},
		{
			"name": "Layer 3_32",
			"from": [7.625, 3, 7.9375],
			"to": [7.875, 3.125, 8.1875],
			"faces": {
				"north": {"uv": [7.875, 12.875, 7.625, 13], "texture": "#0"},
				"south": {"uv": [7.625, 12.875, 7.875, 13], "texture": "#0"},
				"west": {"uv": [7.625, 12.875, 7.75, 13], "texture": "#0"}
			}
		},
		{
			"name": "Layer 3_33",
			"from": [7.5, 2.875, 7.9375],
			"to": [7.75, 3, 8.1875],
			"faces": {
				"north": {"uv": [7.75, 13, 7.5, 13.125], "texture": "#0"},
				"south": {"uv": [7.5, 13, 7.75, 13.125], "texture": "#0"},
				"west": {"uv": [7.5, 13, 7.625, 13.125], "texture": "#0"},
				"up": {"uv": [7.5, 13, 7.75, 13.125], "texture": "#0"}
			}
		},
		{
			"name": "Layer 3_34",
			"from": [7.375, 2.75, 7.9375],
			"to": [7.625, 2.875, 8.1875],
			"faces": {
				"north": {"uv": [7.625, 13.125, 7.375, 13.25], "texture": "#0"},
				"south": {"uv": [7.375, 13.125, 7.625, 13.25], "texture": "#0"},
				"west": {"uv": [7.375, 13.125, 7.5, 13.25], "texture": "#0"},
				"up": {"uv": [7.375, 13.125, 7.625, 13.25], "texture": "#0"},
				"down": {"uv": [7.375, 13.125, 7.625, 13.25], "texture": "#0"}
			}
		},
		{
			"name": "Layer 3_35",
			"from": [8, 2.75, 7.9375],
			"to": [8.25, 2.875, 8.1875],
			"faces": {
				"north": {"uv": [8.25, 13.125, 8, 13.25], "texture": "#0"},
				"east": {"uv": [8.125, 13.125, 8.25, 13.25], "texture": "#0"},
				"south": {"uv": [8, 13.125, 8.25, 13.25], "texture": "#0"},
				"up": {"uv": [8, 13.125, 8.25, 13.25], "texture": "#0"},
				"down": {"uv": [8, 13.125, 8.25, 13.25], "texture": "#0"}
			}
		},
		{
			"name": "Layer 3_36",
			"from": [7.5, 2.625, 7.9375],
			"to": [7.625, 2.75, 8.1875],
			"faces": {
				"north": {"uv": [7.625, 13.25, 7.5, 13.375], "texture": "#0"},
				"south": {"uv": [7.5, 13.25, 7.625, 13.375], "texture": "#0"},
				"west": {"uv": [7.5, 13.25, 7.625, 13.375], "texture": "#0"},
				"down": {"uv": [7.5, 13.25, 7.625, 13.375], "texture": "#0"}
			}
		},
		{
			"name": "Layer 3_37",
			"from": [8, 2.625, 7.9375],
			"to": [8.125, 2.75, 8.1875],
			"faces": {
				"north": {"uv": [8.125, 13.25, 8, 13.375], "texture": "#0"},
				"east": {"uv": [8, 13.25, 8.125, 13.375], "texture": "#0"},
				"south": {"uv": [8, 13.25, 8.125, 13.375], "texture": "#0"},
				"down": {"uv": [8, 13.25, 8.125, 13.375], "texture": "#0"}
			}
		},
		{
			"name": "Layer 3_38",
			"from": [7.625, 2.375, 7.9375],
			"to": [7.75, 2.625, 8.1875],
			"faces": {
				"north": {"uv": [7.75, 13.375, 7.625, 13.625], "texture": "#0"},
				"south": {"uv": [7.625, 13.375, 7.75, 13.625], "texture": "#0"},
				"west": {"uv": [7.625, 13.375, 7.75, 13.625], "texture": "#0"},
				"down": {"uv": [7.625, 13.5, 7.75, 13.625], "texture": "#0"}
			}
		},
		{
			"name": "Layer 3_39",
			"from": [7.875, 2.375, 7.9375],
			"to": [8, 2.625, 8.1875],
			"faces": {
				"north": {"uv": [8, 13.375, 7.875, 13.625], "texture": "#0"},
				"east": {"uv": [7.875, 13.375, 8, 13.625], "texture": "#0"},
				"south": {"uv": [7.875, 13.375, 8, 13.625], "texture": "#0"},
				"down": {"uv": [7.875, 13.5, 8, 13.625], "texture": "#0"}
			}
		},
		{
			"name": "Layer 3_40",
			"from": [7.75, 2, 7.9375],
			"to": [7.875, 2.375, 8.1875],
			"faces": {
				"north": {"uv": [7.875, 13.625, 7.75, 14], "texture": "#0"},
				"east": {"uv": [7.75, 13.625, 7.875, 14], "texture": "#0"},
				"south": {"uv": [7.75, 13.625, 7.875, 14], "texture": "#0"},
				"west": {"uv": [7.75, 13.625, 7.875, 14], "texture": "#0"},
				"down": {"uv": [7.75, 13.875, 7.875, 14], "texture": "#0"}
			}
		},
		{
			"name": "Layer 4_0",
			"from": [8.25, 11.625, 7.9375],
			"to": [8.5, 12, 8.1875],
			"faces": {
				"north": {"uv": [8.5, 4, 8.25, 4.375], "texture": "#0"},
				"east": {"uv": [8.375, 4, 8.5, 4.375], "texture": "#0"},
				"south": {"uv": [8.25, 4, 8.5, 4.375], "texture": "#0"}
			}
		},
		{
			"name": "Layer 4_1",
			"from": [8.125, 11.5, 7.9375],
			"to": [8.25, 11.875, 8.1875],
			"faces": {
				"north": {"uv": [8.25, 4.125, 8.125, 4.5], "texture": "#0"},
				"south": {"uv": [8.125, 4.125, 8.25, 4.5], "texture": "#0"},
				"west": {"uv": [8.125, 4.125, 8.25, 4.5], "texture": "#0"}
			}
		},
		{
			"name": "Layer 4_2",
			"from": [8, 11.375, 7.9375],
			"to": [8.125, 11.625, 8.1875],
			"faces": {
				"north": {"uv": [8.125, 4.375, 8, 4.625], "texture": "#0"},
				"south": {"uv": [8, 4.375, 8.125, 4.625], "texture": "#0"},
				"west": {"uv": [8, 4.375, 8.125, 4.625], "texture": "#0"},
				"up": {"uv": [8, 4.375, 8.125, 4.5], "texture": "#0"}
			}
		},
		{
			"name": "Layer 4_3",
			"from": [8.25, 11.5, 7.9375],
			"to": [8.375, 11.625, 8.1875],
			"faces": {
				"north": {"uv": [8.375, 4.375, 8.25, 4.5], "texture": "#0"},
				"south": {"uv": [8.25, 4.375, 8.375, 4.5], "texture": "#0"}
			}
		},
		{
			"name": "Layer 4_4",
			"from": [8.125, 10.25, 7.9375],
			"to": [8.25, 11.125, 8.1875],
			"faces": {
				"north": {"uv": [8.25, 4.875, 8.125, 5.75], "texture": "#0"},
				"east": {"uv": [8.125, 4.875, 8.25, 5.75], "texture": "#0"},
				"south": {"uv": [8.125, 4.875, 8.25, 5.75], "texture": "#0"}
			}
		},
		{
			"name": "Layer 4_5",
			"from": [8, 10.375, 7.9375],
			"to": [8.125, 11, 8.1875],
			"faces": {
				"north": {"uv": [8.125, 5, 8, 5.625], "texture": "#0"},
				"south": {"uv": [8, 5, 8.125, 5.625], "texture": "#0"},
				"west": {"uv": [8, 5, 8.125, 5.625], "texture": "#0"}
			}
		},
		{
			"name": "Layer 4_6",
			"from": [8.25, 10.5, 7.9375],
			"to": [8.375, 10.875, 8.1875],
			"faces": {
				"north": {"uv": [8.375, 5.125, 8.25, 5.5], "texture": "#0"},
				"east": {"uv": [8.25, 5.125, 8.375, 5.5], "texture": "#0"},
				"south": {"uv": [8.25, 5.125, 8.375, 5.5], "texture": "#0"},
				"down": {"uv": [8.25, 5.375, 8.375, 5.5], "texture": "#0"}
			}
		},
		{
			"name": "Layer 4_7",
			"from": [7.875, 10.5, 7.9375],
			"to": [8, 10.625, 8.1875],
			"faces": {
				"north": {"uv": [8, 5.375, 7.875, 5.5], "texture": "#0"},
				"south": {"uv": [7.875, 5.375, 8, 5.5], "texture": "#0"},
				"up": {"uv": [7.875, 5.375, 8, 5.5], "texture": "#0"}
			}
		},
		{
			"name": "Layer 4_8",
			"from": [7.875, 4.375, 7.9375],
			"to": [8, 10.125, 8.1875],
			"faces": {
				"north": {"uv": [8, 5.875, 7.875, 11.625], "texture": "#0"},
				"east": {"uv": [7.875, 5.875, 8, 11.625], "texture": "#0"},
				"south": {"uv": [7.875, 5.875, 8, 11.625], "texture": "#0"},
				"west": {"uv": [7.875, 5.875, 8, 11.625], "texture": "#0"}
			}
		},
		{
			"name": "Layer 4_9",
			"from": [8.125, 9, 7.9375],
			"to": [8.25, 9.75, 8.1875],
			"faces": {
				"north": {"uv": [8.25, 6.25, 8.125, 7], "texture": "#0"},
				"east": {"uv": [8.125, 6.25, 8.25, 7], "texture": "#0"},
				"south": {"uv": [8.125, 6.25, 8.25, 7], "texture": "#0"},
				"down": {"uv": [8.125, 6.875, 8.25, 7], "texture": "#0"}
			}
		},
		{
			"name": "Layer 4_10",
			"from": [8, 6.875, 7.9375],
			"to": [8.125, 9.375, 8.1875],
			"faces": {
				"north": {"uv": [8.125, 6.625, 8, 9.125], "texture": "#0"},
				"east": {"uv": [8, 6.625, 8.125, 9.125], "texture": "#0"},
				"south": {"uv": [8, 6.625, 8.125, 9.125], "texture": "#0"},
				"down": {"uv": [8, 9, 8.125, 9.125], "texture": "#0"}
			}
		},
		{
			"name": "Layer 4_11",
			"from": [7.75, 4.375, 7.9375],
			"to": [7.875, 9.125, 8.1875],
			"faces": {
				"north": {"uv": [7.875, 6.875, 7.75, 11.625], "texture": "#0"},
				"south": {"uv": [7.75, 6.875, 7.875, 11.625], "texture": "#0"},
				"west": {"uv": [7.75, 6.875, 7.875, 11.625], "texture": "#0"},
				"up": {"uv": [7.75, 6.875, 7.875, 7], "texture": "#0"}
			}
		},
		{
			"name": "Layer 4_12",
			"from": [7.625, 4.5, 7.9375],
			"to": [7.75, 7, 8.1875],
			"faces": {
				"north": {"uv": [7.75, 9, 7.625, 11.5], "texture": "#0"},
				"south": {"uv": [7.625, 9, 7.75, 11.5], "texture": "#0"},
				"west": {"uv": [7.625, 9, 7.75, 11.5], "texture": "#0"},
				"up": {"uv": [7.625, 9, 7.75, 9.125], "texture": "#0"}
			}
		},
		{
			"name": "Layer 4_13",
			"from": [7.625, 3.625, 7.9375],
			"to": [7.75, 4.125, 8.1875],
			"faces": {
				"north": {"uv": [7.75, 11.875, 7.625, 12.375], "texture": "#0"},
				"south": {"uv": [7.625, 11.875, 7.75, 12.375], "texture": "#0"},
				"west": {"uv": [7.625, 11.875, 7.75, 12.375], "texture": "#0"}
			}
		},
		{
			"name": "Layer 4_14",
			"from": [7.75, 3.5, 7.9375],
			"to": [7.875, 4, 8.1875],
			"faces": {
				"north": {"uv": [7.875, 12, 7.75, 12.5], "texture": "#0"},
				"south": {"uv": [7.75, 12, 7.875, 12.5], "texture": "#0"}
			}
		},
		{
			"name": "Layer 4_15",
			"from": [7.875, 3.625, 7.9375],
			"to": [8, 3.875, 8.1875],
			"faces": {
				"north": {"uv": [8, 12.125, 7.875, 12.375], "texture": "#0"},
				"south": {"uv": [7.875, 12.125, 8, 12.375], "texture": "#0"}
			}
		},
		{
			"name": "Layer 5_0",
			"from": [8.5, 14, 7.9375],
			"to": [8.75, 14.125, 8.1875],
			"faces": {
				"north": {"uv": [8.75, 1.875, 8.5, 2], "texture": "#0"},
				"east": {"uv": [8.625, 1.875, 8.75, 2], "texture": "#0"},
				"south": {"uv": [8.5, 1.875, 8.75, 2], "texture": "#0"},
				"west": {"uv": [8.5, 1.875, 8.625, 2], "texture": "#0"},
				"up": {"uv": [8.5, 1.875, 8.75, 2], "texture": "#0"},
				"down": {"uv": [8.5, 1.875, 8.75, 2], "texture": "#0"}
			}
		},
		{
			"name": "Layer 5_1",
			"from": [8.125, 13.75, 7.9375],
			"to": [8.375, 14, 8.1875],
			"faces": {
				"north": {"uv": [8.375, 2, 8.125, 2.25], "texture": "#0"},
				"east": {"uv": [8.25, 2, 8.375, 2.25], "texture": "#0"},
				"south": {"uv": [8.125, 2, 8.375, 2.25], "texture": "#0"},
				"west": {"uv": [8.125, 2, 8.25, 2.25], "texture": "#0"},
				"up": {"uv": [8.125, 2, 8.375, 2.125], "texture": "#0"}
			}
		},
		{
			"name": "Layer 5_2",
			"from": [8.375, 13.875, 7.9375],
			"to": [8.625, 14, 8.1875],
			"faces": {
				"north": {"uv": [8.625, 2, 8.375, 2.125], "texture": "#0"},
				"east": {"uv": [8.5, 2, 8.625, 2.125], "texture": "#0"},
				"south": {"uv": [8.375, 2, 8.625, 2.125], "texture": "#0"},
				"up": {"uv": [8.375, 2, 8.625, 2.125], "texture": "#0"},
				"down": {"uv": [8.375, 2, 8.625, 2.125], "texture": "#0"}
			}
		},
		{
			"name": "Layer 5_3",
			"from": [7.75, 13.375, 7.9375],
			"to": [8.125, 13.875, 8.1875],
			"faces": {
				"north": {"uv": [8.125, 2.125, 7.75, 2.625], "texture": "#0"},
				"south": {"uv": [7.75, 2.125, 8.125, 2.625], "texture": "#0"},
				"west": {"uv": [7.75, 2.125, 7.875, 2.625], "texture": "#0"},
				"up": {"uv": [7.75, 2.125, 8.125, 2.25], "texture": "#0"}
			}
		},
		{
			"name": "Layer 5_4",
			"from": [7.5, 13.5, 7.9375],
			"to": [7.75, 13.75, 8.1875],
			"faces": {
				"north": {"uv": [7.75, 2.25, 7.5, 2.5], "texture": "#0"},
				"south": {"uv": [7.5, 2.25, 7.75, 2.5], "texture": "#0"},
				"west": {"uv": [7.5, 2.25, 7.625, 2.5], "texture": "#0"},
				"up": {"uv": [7.5, 2.25, 7.75, 2.375], "texture": "#0"}
			}
		},
		{
			"name": "Layer 5_5",
			"from": [8.125, 12.75, 7.9375],
			"to": [8.25, 13.75, 8.1875],
			"faces": {
				"north": {"uv": [8.25, 2.25, 8.125, 3.25], "texture": "#0"},
				"south": {"uv": [8.125, 2.25, 8.25, 3.25], "texture": "#0"}
			}
		},
		{
			"name": "Layer 5_6",
			"from": [7.25, 13.5, 7.9375],
			"to": [7.5, 13.625, 8.1875],
			"faces": {
				"north": {"uv": [7.5, 2.375, 7.25, 2.5], "texture": "#0"},
				"south": {"uv": [7.25, 2.375, 7.5, 2.5], "texture": "#0"},
				"west": {"uv": [7.25, 2.375, 7.375, 2.5], "texture": "#0"},
				"up": {"uv": [7.25, 2.375, 7.5, 2.5], "texture": "#0"}
			}
		},
		{
			"name": "Layer 5_7",
			"from": [8.25, 12.875, 7.9375],
			"to": [8.375, 13.625, 8.1875],
			"faces": {
				"north": {"uv": [8.375, 2.375, 8.25, 3.125], "texture": "#0"},
				"south": {"uv": [8.25, 2.375, 8.375, 3.125], "texture": "#0"}
			}
		},
		{
			"name": "Layer 5_8",
			"from": [9.375, 13.5, 7.9375],
			"to": [9.625, 13.625, 8.1875],
			"faces": {
				"north": {"uv": [9.625, 2.375, 9.375, 2.5], "texture": "#0"},
				"east": {"uv": [9.5, 2.375, 9.625, 2.5], "texture": "#0"},
				"south": {"uv": [9.375, 2.375, 9.625, 2.5], "texture": "#0"},
				"west": {"uv": [9.375, 2.375, 9.5, 2.5], "texture": "#0"},
				"up": {"uv": [9.375, 2.375, 9.625, 2.5], "texture": "#0"},
				"down": {"uv": [9.375, 2.375, 9.625, 2.5], "texture": "#0"}
			}
		},
		{
			"name": "Layer 5_9",
			"from": [8.375, 13, 7.9375],
			"to": [8.5, 13.5, 8.1875],
			"faces": {
				"north": {"uv": [8.5, 2.5, 8.375, 3], "texture": "#0"},
				"east": {"uv": [8.375, 2.5, 8.5, 3], "texture": "#0"},
				"south": {"uv": [8.375, 2.5, 8.5, 3], "texture": "#0"}
			}
		},
		{
			"name": "Layer 5_10",
			"from": [9.125, 13.25, 7.9375],
			"to": [9.375, 13.5, 8.1875],
			"faces": {
				"north": {"uv": [9.375, 2.5, 9.125, 2.75], "texture": "#0"},
				"south": {"uv": [9.125, 2.5, 9.375, 2.75], "texture": "#0"},
				"west": {"uv": [9.125, 2.5, 9.25, 2.75], "texture": "#0"},
				"up": {"uv": [9.125, 2.5, 9.375, 2.625], "texture": "#0"}
			}
		},
		{
			"name": "Layer 5_11",
			"from": [9.375, 13.375, 7.9375],
			"to": [9.5, 13.5, 8.1875],
			"faces": {
				"north": {"uv": [9.5, 2.5, 9.375, 2.625], "texture": "#0"},
				"east": {"uv": [9.375, 2.5, 9.5, 2.625], "texture": "#0"},
				"south": {"uv": [9.375, 2.5, 9.5, 2.625], "texture": "#0"}
			}
		},
		{
			"name": "Layer 5_12",
			"from": [7.875, 13.25, 7.9375],
			"to": [8.125, 13.375, 8.1875],
			"faces": {
				"north": {"uv": [8.125, 2.625, 7.875, 2.75], "texture": "#0"},
				"south": {"uv": [7.875, 2.625, 8.125, 2.75], "texture": "#0"}
			}
		},
		{
			"name": "Layer 5_13",
			"from": [8.5, 13, 7.9375],
			"to": [8.625, 13.375, 8.1875],
			"faces": {
				"north": {"uv": [8.625, 2.625, 8.5, 3], "texture": "#0"},
				"south": {"uv": [8.5, 2.625, 8.625, 3], "texture": "#0"},
				"up": {"uv": [8.5, 2.625, 8.625, 2.75], "texture": "#0"}
			}
		},
		{
			"name": "Layer 5_14",
			"from": [8.875, 13, 7.9375],
			"to": [9.125, 13.375, 8.1875],
			"faces": {
				"north": {"uv": [9.125, 2.625, 8.875, 3], "texture": "#0"},
				"south": {"uv": [8.875, 2.625, 9.125, 3], "texture": "#0"},
				"up": {"uv": [8.875, 2.625, 9.125, 2.75], "texture": "#0"}
			}
		},
		{
			"name": "Layer 5_15",
			"from": [8, 13.125, 7.9375],
			"to": [8.125, 13.25, 8.1875],
			"faces": {
				"north": {"uv": [8.125, 2.75, 8, 2.875], "texture": "#0"},
				"south": {"uv": [8, 2.75, 8.125, 2.875], "texture": "#0"}
			}
		},
		{
			"name": "Layer 5_16",
			"from": [8.625, 12.625, 7.9375],
			"to": [8.875, 13.25, 8.1875],
			"faces": {
				"north": {"uv": [8.875, 2.75, 8.625, 3.375], "texture": "#0"},
				"south": {"uv": [8.625, 2.75, 8.875, 3.375], "texture": "#0"},
				"down": {"uv": [8.625, 3.25, 8.875, 3.375], "texture": "#0"}
			}
		},
		{
			"name": "Layer 5_17",
			"from": [9.125, 13.125, 7.9375],
			"to": [9.25, 13.25, 8.1875],
			"faces": {
				"north": {"uv": [9.25, 2.75, 9.125, 2.875], "texture": "#0"},
				"south": {"uv": [9.125, 2.75, 9.25, 2.875], "texture": "#0"}
			}
		},
		{
			"name": "Layer 5_18",
			"from": [8, 12.625, 7.9375],
			"to": [8.125, 13, 8.1875],
			"faces": {
				"north": {"uv": [8.125, 3, 8, 3.375], "texture": "#0"},
				"south": {"uv": [8, 3, 8.125, 3.375], "texture": "#0"}
			}
		},
		{
			"name": "Layer 5_19",
			"from": [8.875, 12.75, 7.9375],
			"to": [9, 13, 8.1875],
			"faces": {
				"north": {"uv": [9, 3, 8.875, 3.25], "texture": "#0"},
				"south": {"uv": [8.875, 3, 9, 3.25], "texture": "#0"}
			}
		},
		{
			"name": "Layer 5_20",
			"from": [7.875, 12.125, 7.9375],
			"to": [8, 12.875, 8.1875],
			"faces": {
				"north": {"uv": [8, 3.125, 7.875, 3.875], "texture": "#0"},
				"south": {"uv": [7.875, 3.125, 8, 3.875], "texture": "#0"}
			}
		},
		{
			"name": "Layer 5_21",
			"from": [8.5, 12.5, 7.9375],
			"to": [8.625, 12.875, 8.1875],
			"faces": {
				"north": {"uv": [8.625, 3.125, 8.5, 3.5], "texture": "#0"},
				"east": {"uv": [8.5, 3.125, 8.625, 3.5], "texture": "#0"},
				"south": {"uv": [8.5, 3.125, 8.625, 3.5], "texture": "#0"}
			}
		},
		{
			"name": "Layer 5_22",
			"from": [7.75, 12.125, 7.9375],
			"to": [7.875, 12.75, 8.1875],
			"faces": {
				"north": {"uv": [7.875, 3.25, 7.75, 3.875], "texture": "#0"},
				"south": {"uv": [7.75, 3.25, 7.875, 3.875], "texture": "#0"},
				"down": {"uv": [7.75, 3.75, 7.875, 3.875], "texture": "#0"}
			}
		},
		{
			"name": "Layer 5_23",
			"from": [8.375, 12.625, 7.9375],
			"to": [8.5, 12.75, 8.1875],
			"faces": {
				"north": {"uv": [8.5, 3.25, 8.375, 3.375], "texture": "#0"},
				"south": {"uv": [8.375, 3.25, 8.5, 3.375], "texture": "#0"}
			}
		},
		{
			"name": "Layer 5_24",
			"from": [7.5, 12.25, 7.9375],
			"to": [7.75, 12.625, 8.1875],
			"faces": {
				"north": {"uv": [7.75, 3.375, 7.5, 3.75], "texture": "#0"},
				"south": {"uv": [7.5, 3.375, 7.75, 3.75], "texture": "#0"},
				"down": {"uv": [7.5, 3.625, 7.75, 3.75], "texture": "#0"}
			}
		},
		{
			"name": "Layer 5_25",
			"from": [7.25, 12.25, 7.9375],
			"to": [7.5, 12.5, 8.1875],
			"faces": {
				"north": {"uv": [7.5, 3.5, 7.25, 3.75], "texture": "#0"},
				"south": {"uv": [7.25, 3.5, 7.5, 3.75], "texture": "#0"},
				"down": {"uv": [7.25, 3.625, 7.5, 3.75], "texture": "#0"}
			}
		},
		{
			"name": "Layer 5_26",
			"from": [8, 12.25, 7.9375],
			"to": [8.25, 12.5, 8.1875],
			"faces": {
				"north": {"uv": [8.25, 3.5, 8, 3.75], "texture": "#0"},
				"south": {"uv": [8, 3.5, 8.25, 3.75], "texture": "#0"}
			}
		},
		{
			"name": "Layer 5_27",
			"from": [7, 12.125, 7.9375],
			"to": [7.25, 12.375, 8.1875],
			"faces": {
				"north": {"uv": [7.25, 3.625, 7, 3.875], "texture": "#0"},
				"south": {"uv": [7, 3.625, 7.25, 3.875], "texture": "#0"},
				"west": {"uv": [7, 3.625, 7.125, 3.875], "texture": "#0"},
				"down": {"uv": [7, 3.75, 7.25, 3.875], "texture": "#0"}
			}
		},
		{
			"name": "Layer 5_28",
			"from": [8.25, 12.25, 7.9375],
			"to": [8.375, 12.375, 8.1875],
			"faces": {
				"north": {"uv": [8.375, 3.625, 8.25, 3.75], "texture": "#0"},
				"south": {"uv": [8.25, 3.625, 8.375, 3.75], "texture": "#0"}
			}
		},
		{
			"name": "Layer 5_29",
			"from": [6.875, 12, 7.9375],
			"to": [7, 12.25, 8.1875],
			"faces": {
				"north": {"uv": [7, 3.75, 6.875, 4], "texture": "#0"},
				"south": {"uv": [6.875, 3.75, 7, 4], "texture": "#0"},
				"west": {"uv": [6.875, 3.75, 7, 4], "texture": "#0"},
				"up": {"uv": [6.875, 3.75, 7, 3.875], "texture": "#0"},
				"down": {"uv": [6.875, 3.875, 7, 4], "texture": "#0"}
			}
		},
		{
			"name": "Layer 5_30",
			"from": [7.25, 12.125, 7.9375],
			"to": [7.375, 12.25, 8.1875],
			"faces": {
				"north": {"uv": [7.375, 3.75, 7.25, 3.875], "texture": "#0"},
				"east": {"uv": [7.25, 3.75, 7.375, 3.875], "texture": "#0"},
				"south": {"uv": [7.25, 3.75, 7.375, 3.875], "texture": "#0"},
				"down": {"uv": [7.25, 3.75, 7.375, 3.875], "texture": "#0"}
			}
		},
		{
			"name": "Layer 5_31",
			"from": [7.625, 12.125, 7.9375],
			"to": [7.75, 12.25, 8.1875],
			"faces": {
				"north": {"uv": [7.75, 3.75, 7.625, 3.875], "texture": "#0"},
				"south": {"uv": [7.625, 3.75, 7.75, 3.875], "texture": "#0"},
				"west": {"uv": [7.625, 3.75, 7.75, 3.875], "texture": "#0"},
				"down": {"uv": [7.625, 3.75, 7.75, 3.875], "texture": "#0"}
			}
		},
		{
			"name": "Layer 5_32",
			"from": [8, 12.125, 7.9375],
			"to": [8.125, 12.25, 8.1875],
			"faces": {
				"north": {"uv": [8.125, 3.75, 8, 3.875], "texture": "#0"},
				"south": {"uv": [8, 3.75, 8.125, 3.875], "texture": "#0"}
			}
		},
		{
			"name": "Layer 5_33",
			"from": [6.75, 12, 7.9375],
			"to": [6.875, 12.125, 8.1875],
			"faces": {
				"north": {"uv": [6.875, 3.875, 6.75, 4], "texture": "#0"},
				"south": {"uv": [6.75, 3.875, 6.875, 4], "texture": "#0"},
				"west": {"uv": [6.75, 3.875, 6.875, 4], "texture": "#0"},
				"up": {"uv": [6.75, 3.875, 6.875, 4], "texture": "#0"},
				"down": {"uv": [6.75, 3.875, 6.875, 4], "texture": "#0"}
			}
		},
		{
			"name": "Layer 5_34",
			"from": [7, 12, 7.9375],
			"to": [7.125, 12.125, 8.1875],
			"faces": {
				"north": {"uv": [7.125, 3.875, 7, 4], "texture": "#0"},
				"east": {"uv": [7, 3.875, 7.125, 4], "texture": "#0"},
				"south": {"uv": [7, 3.875, 7.125, 4], "texture": "#0"},
				"down": {"uv": [7, 3.875, 7.125, 4], "texture": "#0"}
			}
		},
		{
			"name": "Layer_0",
			"from": [8.375, 12.875, 7.875],
			"to": [8.625, 13, 8.25],
			"faces": {
				"north": {"uv": [8.625, 3, 8.375, 3.125], "texture": "#0"},
				"east": {"uv": [8.5, 3, 8.625, 3.125], "texture": "#0"},
				"south": {"uv": [8.375, 3, 8.625, 3.125], "texture": "#0"},
				"west": {"uv": [8.375, 3, 8.5, 3.125], "texture": "#0"},
				"up": {"uv": [8.375, 3, 8.625, 3.125], "texture": "#0"},
				"down": {"uv": [8.375, 3, 8.625, 3.125], "texture": "#0"}
			}
		},
		{
			"name": "Layer_1",
			"from": [8.25, 12.75, 7.875],
			"to": [8.5, 12.875, 8.25],
			"faces": {
				"north": {"uv": [8.5, 3.125, 8.25, 3.25], "texture": "#0"},
				"east": {"uv": [8.375, 3.125, 8.5, 3.25], "texture": "#0"},
				"south": {"uv": [8.25, 3.125, 8.5, 3.25], "texture": "#0"},
				"west": {"uv": [8.25, 3.125, 8.375, 3.25], "texture": "#0"},
				"up": {"uv": [8.25, 3.125, 8.5, 3.25], "texture": "#0"},
				"down": {"uv": [8.25, 3.125, 8.5, 3.25], "texture": "#0"}
			}
		},
		{
			"name": "Layer_2",
			"from": [8.125, 12.5, 7.875],
			"to": [8.375, 12.75, 8.25],
			"faces": {
				"north": {"uv": [8.375, 3.25, 8.125, 3.5], "texture": "#0"},
				"east": {"uv": [8.25, 3.25, 8.375, 3.5], "texture": "#0"},
				"south": {"uv": [8.125, 3.25, 8.375, 3.5], "texture": "#0"},
				"west": {"uv": [8.125, 3.25, 8.25, 3.5], "texture": "#0"},
				"up": {"uv": [8.125, 3.25, 8.375, 3.375], "texture": "#0"},
				"down": {"uv": [8.125, 3.375, 8.375, 3.5], "texture": "#0"}
			}
		},
		{
			"name": "Layer_3",
			"from": [8, 12.5, 7.875],
			"to": [8.125, 12.625, 8.25],
			"faces": {
				"north": {"uv": [8.125, 3.375, 8, 3.5], "texture": "#0"},
				"south": {"uv": [8, 3.375, 8.125, 3.5], "texture": "#0"},
				"west": {"uv": [8, 3.375, 8.125, 3.5], "texture": "#0"},
				"up": {"uv": [8, 3.375, 8.125, 3.5], "texture": "#0"},
				"down": {"uv": [8, 3.375, 8.125, 3.5], "texture": "#0"}
			}
		},
		{
			"name": "Layer_4",
			"from": [8.375, 12, 7.875],
			"to": [8.5, 12.625, 8.25],
			"faces": {
				"north": {"uv": [8.5, 3.375, 8.375, 4], "texture": "#0"},
				"east": {"uv": [8.375, 3.375, 8.5, 4], "texture": "#0"},
				"south": {"uv": [8.375, 3.375, 8.5, 4], "texture": "#0"},
				"west": {"uv": [8.375, 3.375, 8.5, 4], "texture": "#0"},
				"up": {"uv": [8.375, 3.375, 8.5, 3.5], "texture": "#0"},
				"down": {"uv": [8.375, 3.875, 8.5, 4], "texture": "#0"}
			}
		},
		{
			"name": "Layer_5",
			"from": [8.25, 12.375, 7.875],
			"to": [8.375, 12.5, 8.25],
			"faces": {
				"north": {"uv": [8.375, 3.5, 8.25, 3.625], "texture": "#0"},
				"south": {"uv": [8.25, 3.5, 8.375, 3.625], "texture": "#0"},
				"west": {"uv": [8.25, 3.5, 8.375, 3.625], "texture": "#0"},
				"down": {"uv": [8.25, 3.5, 8.375, 3.625], "texture": "#0"}
			}
		},
		{
			"name": "Layer_6",
			"from": [8.5, 12.125, 7.875],
			"to": [8.75, 12.5, 8.25],
			"faces": {
				"north": {"uv": [8.75, 3.5, 8.5, 3.875], "texture": "#0"},
				"east": {"uv": [8.625, 3.5, 8.75, 3.875], "texture": "#0"},
				"south": {"uv": [8.5, 3.5, 8.75, 3.875], "texture": "#0"},
				"up": {"uv": [8.5, 3.5, 8.75, 3.625], "texture": "#0"},
				"down": {"uv": [8.5, 3.75, 8.75, 3.875], "texture": "#0"}
			}
		},
		{
			"name": "Layer_7",
			"from": [8.125, 12, 7.875],
			"to": [8.375, 12.25, 8.25],
			"faces": {
				"north": {"uv": [8.375, 3.75, 8.125, 4], "texture": "#0"},
				"south": {"uv": [8.125, 3.75, 8.375, 4], "texture": "#0"},
				"west": {"uv": [8.125, 3.75, 8.25, 4], "texture": "#0"},
				"up": {"uv": [8.125, 3.75, 8.375, 3.875], "texture": "#0"},
				"down": {"uv": [8.125, 3.875, 8.375, 4], "texture": "#0"}
			}
		},
		{
			"name": "Layer_8",
			"from": [8.75, 11.625, 7.875],
			"to": [8.875, 12.25, 8.25],
			"faces": {
				"north": {"uv": [8.875, 3.75, 8.75, 4.375], "texture": "#0"},
				"east": {"uv": [8.75, 3.75, 8.875, 4.375], "texture": "#0"},
				"south": {"uv": [8.75, 3.75, 8.875, 4.375], "texture": "#0"},
				"west": {"uv": [8.75, 3.75, 8.875, 4.375], "texture": "#0"},
				"up": {"uv": [8.75, 3.75, 8.875, 3.875], "texture": "#0"},
				"down": {"uv": [8.75, 4.25, 8.875, 4.375], "texture": "#0"}
			}
		},
		{
			"name": "Layer_9",
			"from": [7.875, 12, 7.875],
			"to": [8.125, 12.125, 8.25],
			"faces": {
				"north": {"uv": [8.125, 3.875, 7.875, 4], "texture": "#0"},
				"south": {"uv": [7.875, 3.875, 8.125, 4], "texture": "#0"},
				"west": {"uv": [7.875, 3.875, 8, 4], "texture": "#0"},
				"up": {"uv": [7.875, 3.875, 8.125, 4], "texture": "#0"},
				"down": {"uv": [7.875, 3.875, 8.125, 4], "texture": "#0"}
			}
		},
		{
			"name": "Layer_10",
			"from": [8.625, 12, 7.875],
			"to": [8.75, 12.125, 8.25],
			"faces": {
				"north": {"uv": [8.75, 3.875, 8.625, 4], "texture": "#0"},
				"south": {"uv": [8.625, 3.875, 8.75, 4], "texture": "#0"},
				"west": {"uv": [8.625, 3.875, 8.75, 4], "texture": "#0"},
				"down": {"uv": [8.625, 3.875, 8.75, 4], "texture": "#0"}
			}
		},
		{
			"name": "Layer_11",
			"from": [8.875, 11.75, 7.875],
			"to": [9, 12.125, 8.25],
			"faces": {
				"north": {"uv": [9, 3.875, 8.875, 4.25], "texture": "#0"},
				"east": {"uv": [8.875, 3.875, 9, 4.25], "texture": "#0"},
				"south": {"uv": [8.875, 3.875, 9, 4.25], "texture": "#0"},
				"up": {"uv": [8.875, 3.875, 9, 4], "texture": "#0"},
				"down": {"uv": [8.875, 4.125, 9, 4.25], "texture": "#0"}
			}
		},
		{
			"name": "Layer_12",
			"from": [8, 11.875, 7.875],
			"to": [8.25, 12, 8.25],
			"faces": {
				"north": {"uv": [8.25, 4, 8, 4.125], "texture": "#0"},
				"east": {"uv": [8.125, 4, 8.25, 4.125], "texture": "#0"},
				"south": {"uv": [8, 4, 8.25, 4.125], "texture": "#0"},
				"west": {"uv": [8, 4, 8.125, 4.125], "texture": "#0"},
				"down": {"uv": [8, 4, 8.25, 4.125], "texture": "#0"}
			}
		},
		{
			"name": "Layer_13",
			"from": [9, 11.875, 7.875],
			"to": [9.25, 12, 8.25],
			"faces": {
				"north": {"uv": [9.25, 4, 9, 4.125], "texture": "#0"},
				"east": {"uv": [9.125, 4, 9.25, 4.125], "texture": "#0"},
				"south": {"uv": [9, 4, 9.25, 4.125], "texture": "#0"},
				"up": {"uv": [9, 4, 9.25, 4.125], "texture": "#0"},
				"down": {"uv": [9, 4, 9.25, 4.125], "texture": "#0"}
			}
		},
		{
			"name": "Layer_14",
			"from": [8.625, 11.5, 7.875],
			"to": [8.75, 11.875, 8.25],
			"faces": {
				"north": {"uv": [8.75, 4.125, 8.625, 4.5], "texture": "#0"},
				"east": {"uv": [8.625, 4.125, 8.75, 4.5], "texture": "#0"},
				"south": {"uv": [8.625, 4.125, 8.75, 4.5], "texture": "#0"},
				"west": {"uv": [8.625, 4.125, 8.75, 4.5], "texture": "#0"},
				"up": {"uv": [8.625, 4.125, 8.75, 4.25], "texture": "#0"},
				"down": {"uv": [8.625, 4.375, 8.75, 4.5], "texture": "#0"}
			}
		},
		{
			"name": "Layer_15",
			"from": [8.5, 11.375, 7.875],
			"to": [8.625, 11.75, 8.25],
			"faces": {
				"north": {"uv": [8.625, 4.25, 8.5, 4.625], "texture": "#0"},
				"east": {"uv": [8.5, 4.25, 8.625, 4.625], "texture": "#0"},
				"south": {"uv": [8.5, 4.25, 8.625, 4.625], "texture": "#0"},
				"west": {"uv": [8.5, 4.25, 8.625, 4.625], "texture": "#0"},
				"up": {"uv": [8.5, 4.25, 8.625, 4.375], "texture": "#0"},
				"down": {"uv": [8.5, 4.5, 8.625, 4.625], "texture": "#0"}
			}
		},
		{
			"name": "Layer_16",
			"from": [8.375, 10.75, 7.875],
			"to": [8.5, 11.625, 8.25],
			"faces": {
				"north": {"uv": [8.5, 4.375, 8.375, 5.25], "texture": "#0"},
				"east": {"uv": [8.375, 4.375, 8.5, 5.25], "texture": "#0"},
				"south": {"uv": [8.375, 4.375, 8.5, 5.25], "texture": "#0"},
				"west": {"uv": [8.375, 4.375, 8.5, 5.25], "texture": "#0"},
				"up": {"uv": [8.375, 4.375, 8.5, 4.5], "texture": "#0"},
				"down": {"uv": [8.375, 5.125, 8.5, 5.25], "texture": "#0"}
			}
		},
		{
			"name": "Layer_17",
			"from": [8.125, 11.125, 7.875],
			"to": [8.375, 11.5, 8.25],
			"faces": {
				"north": {"uv": [8.375, 4.5, 8.125, 4.875], "texture": "#0"},
				"south": {"uv": [8.125, 4.5, 8.375, 4.875], "texture": "#0"},
				"west": {"uv": [8.125, 4.5, 8.25, 4.875], "texture": "#0"},
				"up": {"uv": [8.125, 4.5, 8.375, 4.625], "texture": "#0"},
				"down": {"uv": [8.125, 4.75, 8.375, 4.875], "texture": "#0"}
			}
		},
		{
			"name": "Layer_18",
			"from": [8, 11, 7.875],
			"to": [8.125, 11.375, 8.25],
			"faces": {
				"north": {"uv": [8.125, 4.625, 8, 5], "texture": "#0"},
				"east": {"uv": [8, 4.625, 8.125, 5], "texture": "#0"},
				"south": {"uv": [8, 4.625, 8.125, 5], "texture": "#0"},
				"west": {"uv": [8, 4.625, 8.125, 5], "texture": "#0"},
				"up": {"uv": [8, 4.625, 8.125, 4.75], "texture": "#0"},
				"down": {"uv": [8, 4.875, 8.125, 5], "texture": "#0"}
			}
		},
		{
			"name": "Layer_19",
			"from": [7.875, 10.875, 7.875],
			"to": [8, 11.25, 8.25],
			"faces": {
				"north": {"uv": [8, 4.75, 7.875, 5.125], "texture": "#0"},
				"east": {"uv": [7.875, 4.75, 8, 5.125], "texture": "#0"},
				"south": {"uv": [7.875, 4.75, 8, 5.125], "texture": "#0"},
				"west": {"uv": [7.875, 4.75, 8, 5.125], "texture": "#0"},
				"up": {"uv": [7.875, 4.75, 8, 4.875], "texture": "#0"},
				"down": {"uv": [7.875, 5, 8, 5.125], "texture": "#0"}
			}
		},
		{
			"name": "Layer_20",
			"from": [7.75, 10.75, 7.875],
			"to": [7.875, 11.125, 8.25],
			"faces": {
				"north": {"uv": [7.875, 4.875, 7.75, 5.25], "texture": "#0"},
				"east": {"uv": [7.75, 4.875, 7.875, 5.25], "texture": "#0"},
				"south": {"uv": [7.75, 4.875, 7.875, 5.25], "texture": "#0"},
				"west": {"uv": [7.75, 4.875, 7.875, 5.25], "texture": "#0"},
				"up": {"uv": [7.75, 4.875, 7.875, 5], "texture": "#0"},
				"down": {"uv": [7.75, 5.125, 7.875, 5.25], "texture": "#0"}
			}
		},
		{
			"name": "Layer_21",
			"from": [8.25, 10.875, 7.875],
			"to": [8.375, 11.125, 8.25],
			"faces": {
				"north": {"uv": [8.375, 4.875, 8.25, 5.125], "texture": "#0"},
				"south": {"uv": [8.25, 4.875, 8.375, 5.125], "texture": "#0"},
				"west": {"uv": [8.25, 4.875, 8.375, 5.125], "texture": "#0"},
				"down": {"uv": [8.25, 5, 8.375, 5.125], "texture": "#0"}
			}
		},
		{
			"name": "Layer_22",
			"from": [7.625, 10.375, 7.875],
			"to": [7.75, 11, 8.25],
			"faces": {
				"north": {"uv": [7.75, 5, 7.625, 5.625], "texture": "#0"},
				"east": {"uv": [7.625, 5, 7.75, 5.625], "texture": "#0"},
				"south": {"uv": [7.625, 5, 7.75, 5.625], "texture": "#0"},
				"west": {"uv": [7.625, 5, 7.75, 5.625], "texture": "#0"},
				"up": {"uv": [7.625, 5, 7.75, 5.125], "texture": "#0"},
				"down": {"uv": [7.625, 5.5, 7.75, 5.625], "texture": "#0"}
			}
		},
		{
			"name": "Layer_23",
			"from": [8.5, 10.625, 7.875],
			"to": [8.625, 11, 8.25],
			"faces": {
				"north": {"uv": [8.625, 5, 8.5, 5.375], "texture": "#0"},
				"east": {"uv": [8.5, 5, 8.625, 5.375], "texture": "#0"},
				"south": {"uv": [8.5, 5, 8.625, 5.375], "texture": "#0"},
				"west": {"uv": [8.5, 5, 8.625, 5.375], "texture": "#0"},
				"up": {"uv": [8.5, 5, 8.625, 5.125], "texture": "#0"},
				"down": {"uv": [8.5, 5.25, 8.625, 5.375], "texture": "#0"}
			}
		},
		{
			"name": "Layer_24",
			"from": [7.5, 10.5, 7.875],
			"to": [7.625, 10.875, 8.25],
			"faces": {
				"north": {"uv": [7.625, 5.125, 7.5, 5.5], "texture": "#0"},
				"south": {"uv": [7.5, 5.125, 7.625, 5.5], "texture": "#0"},
				"west": {"uv": [7.5, 5.125, 7.625, 5.5], "texture": "#0"},
				"up": {"uv": [7.5, 5.125, 7.625, 5.25], "texture": "#0"},
				"down": {"uv": [7.5, 5.375, 7.625, 5.5], "texture": "#0"}
			}
		},
		{
			"name": "Layer_25",
			"from": [7.375, 10.625, 7.875],
			"to": [7.5, 10.75, 8.25],
			"faces": {
				"north": {"uv": [7.5, 5.25, 7.375, 5.375], "texture": "#0"},
				"south": {"uv": [7.375, 5.25, 7.5, 5.375], "texture": "#0"},
				"west": {"uv": [7.375, 5.25, 7.5, 5.375], "texture": "#0"},
				"up": {"uv": [7.375, 5.25, 7.5, 5.375], "texture": "#0"},
				"down": {"uv": [7.375, 5.25, 7.5, 5.375], "texture": "#0"}
			}
		},
		{
			"name": "Layer_26",
			"from": [8.625, 10.5, 7.875],
			"to": [8.75, 10.75, 8.25],
			"faces": {
				"north": {"uv": [8.75, 5.25, 8.625, 5.5], "texture": "#0"},
				"east": {"uv": [8.625, 5.25, 8.75, 5.5], "texture": "#0"},
				"south": {"uv": [8.625, 5.25, 8.75, 5.5], "texture": "#0"},
				"west": {"uv": [8.625, 5.25, 8.75, 5.5], "texture": "#0"},
				"up": {"uv": [8.625, 5.25, 8.75, 5.375], "texture": "#0"},
				"down": {"uv": [8.625, 5.375, 8.75, 5.5], "texture": "#0"}
			}
		},
		{
			"name": "Layer_27",
			"from": [7.75, 10.25, 7.875],
			"to": [7.875, 10.625, 8.25],
			"faces": {
				"north": {"uv": [7.875, 5.375, 7.75, 5.75], "texture": "#0"},
				"east": {"uv": [7.75, 5.375, 7.875, 5.75], "texture": "#0"},
				"south": {"uv": [7.75, 5.375, 7.875, 5.75], "texture": "#0"},
				"west": {"uv": [7.75, 5.375, 7.875, 5.75], "texture": "#0"},
				"up": {"uv": [7.75, 5.375, 7.875, 5.5], "texture": "#0"},
				"down": {"uv": [7.75, 5.625, 7.875, 5.75], "texture": "#0"}
			}
		},
		{
			"name": "Layer_28",
			"from": [7.875, 10.125, 7.875],
			"to": [8, 10.5, 8.25],
			"faces": {
				"north": {"uv": [8, 5.5, 7.875, 5.875], "texture": "#0"},
				"east": {"uv": [7.875, 5.5, 8, 5.875], "texture": "#0"},
				"south": {"uv": [7.875, 5.5, 8, 5.875], "texture": "#0"},
				"west": {"uv": [7.875, 5.5, 8, 5.875], "texture": "#0"},
				"up": {"uv": [7.875, 5.5, 8, 5.625], "texture": "#0"},
				"down": {"uv": [7.875, 5.75, 8, 5.875], "texture": "#0"}
			}
		},
		{
			"name": "Layer_29",
			"from": [8, 9.375, 7.875],
			"to": [8.125, 10.375, 8.25],
			"faces": {
				"north": {"uv": [8.125, 5.625, 8, 6.625], "texture": "#0"},
				"east": {"uv": [8, 5.625, 8.125, 6.625], "texture": "#0"},
				"south": {"uv": [8, 5.625, 8.125, 6.625], "texture": "#0"},
				"west": {"uv": [8, 5.625, 8.125, 6.625], "texture": "#0"},
				"up": {"uv": [8, 5.625, 8.125, 5.75], "texture": "#0"},
				"down": {"uv": [8, 6.5, 8.125, 6.625], "texture": "#0"}
			}
		},
		{
			"name": "Layer_30",
			"from": [8.125, 9.875, 7.875],
			"to": [8.375, 10.25, 8.25],
			"faces": {
				"north": {"uv": [8.375, 5.75, 8.125, 6.125], "texture": "#0"},
				"east": {"uv": [8.25, 5.75, 8.375, 6.125], "texture": "#0"},
				"south": {"uv": [8.125, 5.75, 8.375, 6.125], "texture": "#0"},
				"up": {"uv": [8.125, 5.75, 8.375, 5.875], "texture": "#0"},
				"down": {"uv": [8.125, 6, 8.375, 6.125], "texture": "#0"}
			}
		},
		{
			"name": "Layer_31",
			"from": [8.375, 10, 7.875],
			"to": [8.625, 10.125, 8.25],
			"faces": {
				"north": {"uv": [8.625, 5.875, 8.375, 6], "texture": "#0"},
				"east": {"uv": [8.5, 5.875, 8.625, 6], "texture": "#0"},
				"south": {"uv": [8.375, 5.875, 8.625, 6], "texture": "#0"},
				"up": {"uv": [8.375, 5.875, 8.625, 6], "texture": "#0"},
				"down": {"uv": [8.375, 5.875, 8.625, 6], "texture": "#0"}
			}
		},
		{
			"name": "Layer_32",
			"from": [8.125, 9.75, 7.875],
			"to": [8.25, 9.875, 8.25],
			"faces": {
				"north": {"uv": [8.25, 6.125, 8.125, 6.25], "texture": "#0"},
				"east": {"uv": [8.125, 6.125, 8.25, 6.25], "texture": "#0"},
				"south": {"uv": [8.125, 6.125, 8.25, 6.25], "texture": "#0"},
				"down": {"uv": [8.125, 6.125, 8.25, 6.25], "texture": "#0"}
			}
		},
		{
			"name": "Layer_33",
			"from": [7.25, 4.375, 7.875],
			"to": [7.375, 4.75, 8.25],
			"faces": {
				"north": {"uv": [7.375, 11.25, 7.25, 11.625], "texture": "#0"},
				"east": {"uv": [7.25, 11.25, 7.375, 11.625], "texture": "#0"},
				"south": {"uv": [7.25, 11.25, 7.375, 11.625], "texture": "#0"},
				"west": {"uv": [7.25, 11.25, 7.375, 11.625], "texture": "#0"},
				"up": {"uv": [7.25, 11.25, 7.375, 11.375], "texture": "#0"},
				"down": {"uv": [7.25, 11.5, 7.375, 11.625], "texture": "#0"}
			}
		},
		{
			"name": "Layer_34",
			"from": [7.375, 4.25, 7.875],
			"to": [7.5, 4.625, 8.25],
			"faces": {
				"north": {"uv": [7.5, 11.375, 7.375, 11.75], "texture": "#0"},
				"east": {"uv": [7.375, 11.375, 7.5, 11.75], "texture": "#0"},
				"south": {"uv": [7.375, 11.375, 7.5, 11.75], "texture": "#0"},
				"west": {"uv": [7.375, 11.375, 7.5, 11.75], "texture": "#0"},
				"up": {"uv": [7.375, 11.375, 7.5, 11.5], "texture": "#0"},
				"down": {"uv": [7.375, 11.625, 7.5, 11.75], "texture": "#0"}
			}
		},
		{
			"name": "Layer_35",
			"from": [7.5, 4.125, 7.875],
			"to": [7.75, 4.5, 8.25],
			"faces": {
				"north": {"uv": [7.75, 11.5, 7.5, 11.875], "texture": "#0"},
				"east": {"uv": [7.625, 11.5, 7.75, 11.875], "texture": "#0"},
				"south": {"uv": [7.5, 11.5, 7.75, 11.875], "texture": "#0"},
				"west": {"uv": [7.5, 11.5, 7.625, 11.875], "texture": "#0"},
				"up": {"uv": [7.5, 11.5, 7.75, 11.625], "texture": "#0"},
				"down": {"uv": [7.5, 11.75, 7.75, 11.875], "texture": "#0"}
			}
		},
		{
			"name": "Layer_36",
			"from": [8.125, 4.375, 7.875],
			"to": [8.375, 4.5, 8.25],
			"faces": {
				"north": {"uv": [8.375, 11.5, 8.125, 11.625], "texture": "#0"},
				"east": {"uv": [8.25, 11.5, 8.375, 11.625], "texture": "#0"},
				"south": {"uv": [8.125, 11.5, 8.375, 11.625], "texture": "#0"},
				"west": {"uv": [8.125, 11.5, 8.25, 11.625], "texture": "#0"},
				"up": {"uv": [8.125, 11.5, 8.375, 11.625], "texture": "#0"},
				"down": {"uv": [8.125, 11.5, 8.375, 11.625], "texture": "#0"}
			}
		},
		{
			"name": "Layer_37",
			"from": [7.75, 4, 7.875],
			"to": [8.125, 4.375, 8.25],
			"faces": {
				"north": {"uv": [8.125, 11.625, 7.75, 12], "texture": "#0"},
				"east": {"uv": [8, 11.625, 8.125, 12], "texture": "#0"},
				"south": {"uv": [7.75, 11.625, 8.125, 12], "texture": "#0"},
				"west": {"uv": [7.75, 11.625, 7.875, 12], "texture": "#0"},
				"up": {"uv": [7.75, 11.625, 8.125, 11.75], "texture": "#0"},
				"down": {"uv": [7.75, 11.875, 8.125, 12], "texture": "#0"}
			}
		},
		{
			"name": "Layer_38",
			"from": [8.125, 4.25, 7.875],
			"to": [8.25, 4.375, 8.25],
			"faces": {
				"north": {"uv": [8.25, 11.625, 8.125, 11.75], "texture": "#0"},
				"east": {"uv": [8.125, 11.625, 8.25, 11.75], "texture": "#0"},
				"south": {"uv": [8.125, 11.625, 8.25, 11.75], "texture": "#0"},
				"down": {"uv": [8.125, 11.625, 8.25, 11.75], "texture": "#0"}
			}
		},
		{
			"name": "Layer_39",
			"from": [7.875, 3.875, 7.875],
			"to": [8.25, 4, 8.25],
			"faces": {
				"north": {"uv": [8.25, 12, 7.875, 12.125], "texture": "#0"},
				"east": {"uv": [8.125, 12, 8.25, 12.125], "texture": "#0"},
				"south": {"uv": [7.875, 12, 8.25, 12.125], "texture": "#0"},
				"west": {"uv": [7.875, 12, 8, 12.125], "texture": "#0"},
				"up": {"uv": [7.875, 12, 8.25, 12.125], "texture": "#0"},
				"down": {"uv": [7.875, 12, 8.25, 12.125], "texture": "#0"}
			}
		},
		{
			"name": "Layer_40",
			"from": [8, 3.625, 7.875],
			"to": [8.25, 3.875, 8.25],
			"faces": {
				"north": {"uv": [8.25, 12.125, 8, 12.375], "texture": "#0"},
				"east": {"uv": [8.125, 12.125, 8.25, 12.375], "texture": "#0"},
				"south": {"uv": [8, 12.125, 8.25, 12.375], "texture": "#0"},
				"west": {"uv": [8, 12.125, 8.125, 12.375], "texture": "#0"},
				"down": {"uv": [8, 12.25, 8.25, 12.375], "texture": "#0"}
			}
		},
		{
			"name": "Layer_41",
			"from": [8.25, 3.125, 7.875],
			"to": [8.375, 3.75, 8.25],
			"faces": {
				"north": {"uv": [8.375, 12.25, 8.25, 12.875], "texture": "#0"},
				"east": {"uv": [8.25, 12.25, 8.375, 12.875], "texture": "#0"},
				"south": {"uv": [8.25, 12.25, 8.375, 12.875], "texture": "#0"},
				"west": {"uv": [8.25, 12.25, 8.375, 12.875], "texture": "#0"},
				"up": {"uv": [8.25, 12.25, 8.375, 12.375], "texture": "#0"},
				"down": {"uv": [8.25, 12.75, 8.375, 12.875], "texture": "#0"}
			}
		},
		{
			"name": "Layer_42",
			"from": [8.125, 3.5, 7.875],
			"to": [8.25, 3.625, 8.25],
			"faces": {
				"north": {"uv": [8.25, 12.375, 8.125, 12.5], "texture": "#0"},
				"south": {"uv": [8.125, 12.375, 8.25, 12.5], "texture": "#0"},
				"west": {"uv": [8.125, 12.375, 8.25, 12.5], "texture": "#0"},
				"down": {"uv": [8.125, 12.375, 8.25, 12.5], "texture": "#0"}
			}
		},
		{
			"name": "Layer_43",
			"from": [8.375, 3.25, 7.875],
			"to": [8.5, 3.625, 8.25],
			"faces": {
				"north": {"uv": [8.5, 12.375, 8.375, 12.75], "texture": "#0"},
				"east": {"uv": [8.375, 12.375, 8.5, 12.75], "texture": "#0"},
				"south": {"uv": [8.375, 12.375, 8.5, 12.75], "texture": "#0"},
				"up": {"uv": [8.375, 12.375, 8.5, 12.5], "texture": "#0"},
				"down": {"uv": [8.375, 12.625, 8.5, 12.75], "texture": "#0"}
			}
		},
		{
			"name": "Layer_44",
			"from": [8.5, 3.375, 7.875],
			"to": [8.75, 3.5, 8.25],
			"faces": {
				"north": {"uv": [8.75, 12.5, 8.5, 12.625], "texture": "#0"},
				"east": {"uv": [8.625, 12.5, 8.75, 12.625], "texture": "#0"},
				"south": {"uv": [8.5, 12.5, 8.75, 12.625], "texture": "#0"},
				"up": {"uv": [8.5, 12.5, 8.75, 12.625], "texture": "#0"},
				"down": {"uv": [8.5, 12.5, 8.75, 12.625], "texture": "#0"}
			}
		},
		{
			"name": "Layer_45",
			"from": [8.125, 3, 7.875],
			"to": [8.25, 3.375, 8.25],
			"faces": {
				"north": {"uv": [8.25, 12.625, 8.125, 13], "texture": "#0"},
				"east": {"uv": [8.125, 12.625, 8.25, 13], "texture": "#0"},
				"south": {"uv": [8.125, 12.625, 8.25, 13], "texture": "#0"},
				"west": {"uv": [8.125, 12.625, 8.25, 13], "texture": "#0"},
				"up": {"uv": [8.125, 12.625, 8.25, 12.75], "texture": "#0"},
				"down": {"uv": [8.125, 12.875, 8.25, 13], "texture": "#0"}
			}
		},
		{
			"name": "Layer_46",
			"from": [8, 2.875, 7.875],
			"to": [8.125, 3.25, 8.25],
			"faces": {
				"north": {"uv": [8.125, 12.75, 8, 13.125], "texture": "#0"},
				"east": {"uv": [8, 12.75, 8.125, 13.125], "texture": "#0"},
				"south": {"uv": [8, 12.75, 8.125, 13.125], "texture": "#0"},
				"west": {"uv": [8, 12.75, 8.125, 13.125], "texture": "#0"},
				"up": {"uv": [8, 12.75, 8.125, 12.875], "texture": "#0"},
				"down": {"uv": [8, 13, 8.125, 13.125], "texture": "#0"}
			}
		},
		{
			"name": "Layer_47",
			"from": [7.875, 2.625, 7.875],
			"to": [8, 3.125, 8.25],
			"faces": {
				"north": {"uv": [8, 12.875, 7.875, 13.375], "texture": "#0"},
				"east": {"uv": [7.875, 12.875, 8, 13.375], "texture": "#0"},
				"south": {"uv": [7.875, 12.875, 8, 13.375], "texture": "#0"},
				"west": {"uv": [7.875, 12.875, 8, 13.375], "texture": "#0"},
				"up": {"uv": [7.875, 12.875, 8, 13], "texture": "#0"},
				"down": {"uv": [7.875, 13.25, 8, 13.375], "texture": "#0"}
			}
		},
		{
			"name": "Layer_48",
			"from": [7.75, 2.375, 7.875],
			"to": [7.875, 3, 8.25],
			"faces": {
				"north": {"uv": [7.875, 13, 7.75, 13.625], "texture": "#0"},
				"east": {"uv": [7.75, 13, 7.875, 13.625], "texture": "#0"},
				"south": {"uv": [7.75, 13, 7.875, 13.625], "texture": "#0"},
				"west": {"uv": [7.75, 13, 7.875, 13.625], "texture": "#0"},
				"up": {"uv": [7.75, 13, 7.875, 13.125], "texture": "#0"},
				"down": {"uv": [7.75, 13.5, 7.875, 13.625], "texture": "#0"}
			}
		},
		{
			"name": "Layer_49",
			"from": [7.625, 2.625, 7.875],
			"to": [7.75, 2.875, 8.25],
			"faces": {
				"north": {"uv": [7.75, 13.125, 7.625, 13.375], "texture": "#0"},
				"south": {"uv": [7.625, 13.125, 7.75, 13.375], "texture": "#0"},
				"west": {"uv": [7.625, 13.125, 7.75, 13.375], "texture": "#0"},
				"up": {"uv": [7.625, 13.125, 7.75, 13.25], "texture": "#0"},
				"down": {"uv": [7.625, 13.25, 7.75, 13.375], "texture": "#0"}
			}
		}
	],
	"display": {
		"thirdperson_righthand": {
			"rotation": [0, -90, 0],
			"translation": [0.25, -2, 1],
			"scale": [3, 3, 3]
		},
		"thirdperson_lefthand": {
			"rotation": [0, 90, 0],
			"translation": [0.25, -2, 1],
			"scale": [3, 3, 3]
		},
		"firstperson_righthand": {
			"rotation": [5, -91, 0],
			"translation": [0, 4.25, 2.75],
			"scale": [1.25, 1.25, 1.25]
		},
		"firstperson_lefthand": {
			"rotation": [5, 91, 0],
			"translation": [0, 4.25, 2.25],
			"scale": [1.25, 1.25, 1.25]
		},
		"ground": {
			"translation": [0, 22.5, 0],
			"scale": [3, 3, 3]
		},
		"gui": {
			"rotation": [0, 0, -45],
			"translation": [-0.75, -1.25, 0],
			"scale": [1.5, 1.5, 1.5]
		},
		"head": {
			"rotation": [180, 0, 45],
			"translation": [5, -10.75, 4.75],
			"scale": [3.5, 3.5, 3.5]
		},
		"fixed": {
			"rotation": [180, 0, 135],
			"translation": [0.75, -1.25, 0],
			"scale": [2, 2, 2]
		}
	},
	"groups": [
		{
			"name": "Layer 1",
			"origin": [8, 8, 8],
			"color": 0,
			"children": [0, 1, 2, 3, 4, 5, 6, 7, 8, 9, 10, 11, 12, 13, 14, 15, 16, 17, 18, 19, 20, 21, 22, 23, 24, 25, 26, 27, 28]
		},
		{
			"name": "Layer 2",
			"origin": [8, 8, 8],
			"color": 0,
			"children": [29, 30, 31, 32, 33, 34, 35, 36, 37, 38, 39, 40, 41, 42, 43, 44, 45, 46, 47, 48, 49, 50, 51, 52, 53, 54, 55, 56, 57, 58, 59, 60, 61, 62]
		},
		{
			"name": "Layer 3",
			"origin": [8, 8, 8],
			"color": 0,
			"children": [63, 64, 65, 66, 67, 68, 69, 70, 71, 72, 73, 74, 75, 76, 77, 78, 79, 80, 81, 82, 83, 84, 85, 86, 87, 88, 89, 90, 91, 92, 93, 94, 95, 96, 97, 98, 99, 100, 101, 102, 103]
		},
		{
			"name": "Layer 4",
			"origin": [8, 8, 8],
			"color": 0,
			"children": [104, 105, 106, 107, 108, 109, 110, 111, 112, 113, 114, 115, 116, 117, 118, 119]
		},
		{
			"name": "Layer 5",
			"origin": [8, 8, 8],
			"color": 0,
			"children": [120, 121, 122, 123, 124, 125, 126, 127, 128, 129, 130, 131, 132, 133, 134, 135, 136, 137, 138, 139, 140, 141, 142, 143, 144, 145, 146, 147, 148, 149, 150, 151, 152, 153, 154]
		},
		{
			"name": "Layer",
			"origin": [8, 8, 8],
			"color": 0,
			"children": [
				155,
				156,
				157,
				158,
				159,
				160,
				161,
				162,
				163,
				164,
				165,
				166,
				167,
				168,
				169,
				170,
				171,
				172,
				173,
				174,
				175,
				176,
				177,
				178,
				179,
				180,
				181,
				182,
				183,
				184,
				185,
				186,
				187,
				188,
				189,
				190,
				191,
				192,
				193,
				194,
				195,
				196,
				197,
				198,
				199,
				200,
				201,
				202,
				203,
				204
			]
		}
	]
}