{
	"credit": "Made with Blockbench",
	"textures": {
		"0": "item/cyber_katana",
		"1": "item/cyber_katana_tech",
		"particle": "item/cyber_katana"
	},
	"elements": [
		{
			"name": "Layer_0",
			"from": [8.25, 0.75, 7.75],
			"to": [8.625, 1, 8.3125],
			"faces": {
				"north": {"uv": [8.625, 10, 8.25, 10.25], "texture": "#0"},
				"east": {"uv": [8.5, 10, 8.625, 10.25], "texture": "#0"},
				"south": {"uv": [8.25, 10, 8.625, 10.25], "texture": "#0"},
				"west": {"uv": [8.25, 10, 8.375, 10.25], "texture": "#0"},
				"up": {"uv": [8.25, 10, 8.625, 10.125], "texture": "#0"},
				"down": {"uv": [8.25, 10.125, 8.625, 10.25], "texture": "#0"}
			}
		},
		{
			"name": "Layer_1",
			"from": [8, 0.625, 7.75],
			"to": [8.25, 0.875, 8.3125],
			"faces": {
				"north": {"uv": [8.25, 10.125, 8, 10.375], "texture": "#0"},
				"south": {"uv": [8, 10.125, 8.25, 10.375], "texture": "#0"},
				"west": {"uv": [8, 10.125, 8.125, 10.375], "texture": "#0"},
				"up": {"uv": [8, 10.125, 8.25, 10.25], "texture": "#0"},
				"down": {"uv": [8, 10.25, 8.25, 10.375], "texture": "#0"}
			}
		},
		{
			"name": "Layer_2",
			"from": [7.625, 0.5, 7.75],
			"to": [8, 0.75, 8.3125],
			"faces": {
				"north": {"uv": [8, 10.25, 7.625, 10.5], "texture": "#0"},
				"east": {"uv": [7.875, 10.25, 8, 10.5], "texture": "#0"},
				"south": {"uv": [7.625, 10.25, 8, 10.5], "texture": "#0"},
				"west": {"uv": [7.625, 10.25, 7.75, 10.5], "texture": "#0"},
				"up": {"uv": [7.625, 10.25, 8, 10.375], "texture": "#0"},
				"down": {"uv": [7.625, 10.375, 8, 10.5], "texture": "#0"}
			}
		},
		{
			"name": "Layer_3",
			"from": [8.25, 0.625, 7.75],
			"to": [8.375, 0.75, 8.3125],
			"faces": {
				"north": {"uv": [8.375, 10.25, 8.25, 10.375], "texture": "#0"},
				"east": {"uv": [8.25, 10.25, 8.375, 10.375], "texture": "#0"},
				"south": {"uv": [8.25, 10.25, 8.375, 10.375], "texture": "#0"},
				"down": {"uv": [8.25, 10.25, 8.375, 10.375], "texture": "#0"}
			}
		},
		{
			"name": "Layer_4",
			"from": [7.375, 0.375, 7.75],
			"to": [7.625, 0.625, 8.3125],
			"faces": {
				"north": {"uv": [7.625, 10.375, 7.375, 10.625], "texture": "#0"},
				"east": {"uv": [7.5, 10.375, 7.625, 10.625], "texture": "#0"},
				"south": {"uv": [7.375, 10.375, 7.625, 10.625], "texture": "#0"},
				"west": {"uv": [7.375, 10.375, 7.5, 10.625], "texture": "#0"},
				"up": {"uv": [7.375, 10.375, 7.625, 10.5], "texture": "#0"},
				"down": {"uv": [7.375, 10.5, 7.625, 10.625], "texture": "#0"}
			}
		},
		{
			"from": [0, -4.75, 7.75],
			"to": [16, 11.25, 8.25],
			"faces": {
				"north": {"uv": [0, 0, 16, 16], "texture": "#1"},
				"south": {"uv": [16, 0, 0, 16], "texture": "#1"}
			}
		},
		{
			"name": "Layer 1_0",
			"from": [8.125, 8.75, 8],
			"to": [8.25, 9.125, 8.0625],
			"faces": {
				"north": {"uv": [8.25, 1.875, 8.125, 2.25], "texture": "#0"},
				"east": {"uv": [8.125, 1.875, 8.25, 2.25], "texture": "#0"},
				"south": {"uv": [8.125, 1.875, 8.25, 2.25], "texture": "#0"},
				"west": {"uv": [8.125, 1.875, 8.25, 2.25], "texture": "#0"},
				"up": {"uv": [8.125, 1.875, 8.25, 2], "texture": "#0"}
			}
		},
		{
			"name": "Layer 1_1",
			"from": [8, 8.625, 8],
			"to": [8.125, 9, 8.0625],
			"faces": {
				"north": {"uv": [8.125, 2, 8, 2.375], "texture": "#0"},
				"south": {"uv": [8, 2, 8.125, 2.375], "texture": "#0"},
				"west": {"uv": [8, 2, 8.125, 2.375], "texture": "#0"},
				"up": {"uv": [8, 2, 8.125, 2.125], "texture": "#0"}
			}
		},
		{
			"name": "Layer 1_2",
			"from": [7.875, 8.5, 8],
			"to": [8, 8.875, 8.0625],
			"faces": {
				"north": {"uv": [8, 2.125, 7.875, 2.5], "texture": "#0"},
				"south": {"uv": [7.875, 2.125, 8, 2.5], "texture": "#0"},
				"west": {"uv": [7.875, 2.125, 8, 2.5], "texture": "#0"},
				"up": {"uv": [7.875, 2.125, 8, 2.25], "texture": "#0"}
			}
		},
		{
			"name": "Layer 1_3",
			"from": [7.75, 0.75, 8],
			"to": [7.875, 8.75, 8.0625],
			"faces": {
				"north": {"uv": [7.875, 2.25, 7.75, 10.25], "texture": "#0"},
				"south": {"uv": [7.75, 2.25, 7.875, 10.25], "texture": "#0"},
				"west": {"uv": [7.75, 2.25, 7.875, 10.25], "texture": "#0"},
				"up": {"uv": [7.75, 2.25, 7.875, 2.375], "texture": "#0"}
			}
		},
		{
			"name": "Layer 1_4",
			"from": [7.625, 0.75, 8],
			"to": [7.75, 8.625, 8.0625],
			"faces": {
				"north": {"uv": [7.75, 2.375, 7.625, 10.25], "texture": "#0"},
				"south": {"uv": [7.625, 2.375, 7.75, 10.25], "texture": "#0"},
				"west": {"uv": [7.625, 2.375, 7.75, 10.25], "texture": "#0"},
				"up": {"uv": [7.625, 2.375, 7.75, 2.5], "texture": "#0"}
			}
		},
		{
			"name": "Layer 2_0",
			"from": [8.125, 5.125, 7.9375],
			"to": [8.25, 8.75, 8.125],
			"faces": {
				"north": {"uv": [8.25, 2.25, 8.125, 5.875], "texture": "#0"},
				"east": {"uv": [8.125, 2.25, 8.25, 5.875], "texture": "#0"},
				"south": {"uv": [8.125, 2.25, 8.25, 5.875], "texture": "#0"},
				"west": {"uv": [8.125, 2.25, 8.25, 5.875], "texture": "#0"},
				"up": {"uv": [8.125, 2.25, 8.25, 2.375], "texture": "#0"}
			}
		},
		{
			"name": "Layer 2_1",
			"from": [8, 5, 7.9375],
			"to": [8.125, 8.625, 8.125],
			"faces": {
				"north": {"uv": [8.125, 2.375, 8, 6], "texture": "#0"},
				"south": {"uv": [8, 2.375, 8.125, 6], "texture": "#0"},
				"west": {"uv": [8, 2.375, 8.125, 6], "texture": "#0"},
				"up": {"uv": [8, 2.375, 8.125, 2.5], "texture": "#0"}
			}
		},
		{
			"name": "Layer 2_2",
			"from": [7.875, 0.75, 7.9375],
			"to": [8, 8.5, 8.125],
			"faces": {
				"north": {"uv": [8, 2.5, 7.875, 10.25], "texture": "#0"},
				"south": {"uv": [7.875, 2.5, 8, 10.25], "texture": "#0"},
				"west": {"uv": [7.875, 2.5, 8, 10.25], "texture": "#0"},
				"up": {"uv": [7.875, 2.5, 8, 2.625], "texture": "#0"}
			}
		},
		{
			"name": "Layer 3_0",
			"from": [8.125, 0.875, 7.875],
			"to": [8.25, 5.125, 8.1875],
			"faces": {
				"north": {"uv": [8.25, 5.875, 8.125, 10.125], "texture": "#0"},
				"east": {"uv": [8.125, 5.875, 8.25, 10.125], "texture": "#0"},
				"south": {"uv": [8.125, 5.875, 8.25, 10.125], "texture": "#0"},
				"west": {"uv": [8.125, 5.875, 8.25, 10.125], "texture": "#0"},
				"up": {"uv": [8.125, 5.875, 8.25, 6], "texture": "#0"}
			}
		},
		{
			"name": "Layer 3_1",
			"from": [8, 0.875, 7.875],
			"to": [8.125, 5, 8.1875],
			"faces": {
				"north": {"uv": [8.125, 6, 8, 10.125], "texture": "#0"},
				"south": {"uv": [8, 6, 8.125, 10.125], "texture": "#0"},
				"west": {"uv": [8, 6, 8.125, 10.125], "texture": "#0"},
				"up": {"uv": [8, 6, 8.125, 6.125], "texture": "#0"}
			}
		},
		{
			"name": "Layer 3_2",
			"from": [8.25, 1, 7.875],
			"to": [8.375, 5, 8.1875],
			"faces": {
				"north": {"uv": [8.375, 6, 8.25, 10], "texture": "#0"},
				"east": {"uv": [8.25, 6, 8.375, 10], "texture": "#0"},
				"south": {"uv": [8.25, 6, 8.375, 10], "texture": "#0"},
				"up": {"uv": [8.25, 6, 8.375, 6.125], "texture": "#0"}
			}
		},
		{
			"name": "Layer 3_3",
			"from": [8, -3, 7.875],
			"to": [8.25, 0.625, 8.1875],
			"faces": {
				"north": {"uv": [8.25, 10.375, 8, 14], "texture": "#0"},
				"east": {"uv": [8.125, 10.375, 8.25, 14], "texture": "#0"},
				"south": {"uv": [8, 10.375, 8.25, 14], "texture": "#0"},
				"down": {"uv": [8, 13.875, 8.25, 14], "texture": "#0"}
			}
		},
		{
			"name": "Layer 3_4",
			"from": [7.75, -3, 7.875],
			"to": [8, 0.5, 8.1875],
			"faces": {
				"north": {"uv": [8, 10.5, 7.75, 14], "texture": "#0"},
				"south": {"uv": [7.75, 10.5, 8, 14], "texture": "#0"},
				"west": {"uv": [7.75, 10.5, 7.875, 14], "texture": "#0"},
				"down": {"uv": [7.75, 13.875, 8, 14], "texture": "#0"}
			}
		}
	],
	"display": {
		"thirdperson_righthand": {
			"rotation": [0, -90, 0],
			"translation": [0.25, 23.75, 0.5],
			"scale": [3, 3, 3]
		},
		"thirdperson_lefthand": {
			"rotation": [0, 90, 0],
			"translation": [0.25, 23.75, 0.25],
			"scale": [3, 3, 3]
		},
		"firstperson_righthand": {
			"rotation": [1, -91, 0],
			"translation": [0.25, 12.25, 2.75],
			"scale": [1.25, 1.25, 1.25]
		},
		"firstperson_lefthand": {
			"rotation": [1, 91, 0],
			"translation": [0, 12.5, 3],
			"scale": [1.25, 1.25, 1.25]
		},
		"ground": {
			"translation": [0, 31, 0],
			"scale": [3, 3, 3]
		},
		"gui": {
			"rotation": [0, 0, -45],
			"translation": [5.5, 5.75, 0],
			"scale": [1.5, 1.5, 1.5]
		},
		"head": {
			"rotation": [180, 0, 45],
			"translation": [-9.5, -25, 4.75],
			"scale": [3.5, 3.5, 3.5]
		},
		"fixed": {
			"rotation": [180, 0, 135],
			"translation": [-7.5, 7.5, 0],
			"scale": [2, 2, 2]
		}
	},
	"groups": [
		{
			"name": "Layer 1",
			"origin": [8, 8, 8],
			"color": 0,
			"children": []
		},
		{
			"name": "Layer 2",
			"origin": [8, 8, 8],
			"color": 0,
			"children": []
		},
		{
			"name": "Layer 3",
			"origin": [8, 8, 8],
			"color": 0,
			"children": []
		},
		{
			"name": "Layer",
			"origin": [8, 8, 8],
			"color": 0,
			"children": [0, 1, 2, 3, 4]
		},
		5,
		6,
		7,
		8,
		9,
		10,
		11,
		12,
		13,
		14,
		15,
		16,
		17,
		18
	]
}