{
	"credit": "Made with Blockbench",
	"textures": {
		"0": "item/deep_silk_pickaxe",
		"particle": "item/deep_silk_pickaxe"
	},
	"elements": [
		{
			"name": "Layer 1_0",
			"from": [7.25, 12.875, 7.875],
			"to": [7.375, 13.125, 8.25],
			"faces": {
				"north": {"uv": [7.375, 2.875, 7.25, 3.125], "texture": "#0"},
				"east": {"uv": [7.25, 2.875, 7.375, 3.125], "texture": "#0"},
				"south": {"uv": [7.25, 2.875, 7.375, 3.125], "texture": "#0"},
				"west": {"uv": [7.25, 2.875, 7.375, 3.125], "texture": "#0"},
				"up": {"uv": [7.25, 2.875, 7.375, 3], "texture": "#0"},
				"down": {"uv": [7.25, 3, 7.375, 3.125], "texture": "#0"}
			}
		},
		{
			"name": "Layer 1_1",
			"from": [8.5, 12.875, 7.875],
			"to": [8.625, 13.125, 8.25],
			"faces": {
				"north": {"uv": [8.625, 2.875, 8.5, 3.125], "texture": "#0"},
				"east": {"uv": [8.5, 2.875, 8.625, 3.125], "texture": "#0"},
				"south": {"uv": [8.5, 2.875, 8.625, 3.125], "texture": "#0"},
				"west": {"uv": [8.5, 2.875, 8.625, 3.125], "texture": "#0"},
				"up": {"uv": [8.5, 2.875, 8.625, 3], "texture": "#0"},
				"down": {"uv": [8.5, 3, 8.625, 3.125], "texture": "#0"}
			}
		},
		{
			"name": "Layer 1_2",
			"from": [7.125, 12.625, 7.875],
			"to": [7.25, 13, 8.25],
			"faces": {
				"north": {"uv": [7.25, 3, 7.125, 3.375], "texture": "#0"},
				"east": {"uv": [7.125, 3, 7.25, 3.375], "texture": "#0"},
				"south": {"uv": [7.125, 3, 7.25, 3.375], "texture": "#0"},
				"west": {"uv": [7.125, 3, 7.25, 3.375], "texture": "#0"},
				"up": {"uv": [7.125, 3, 7.25, 3.125], "texture": "#0"},
				"down": {"uv": [7.125, 3.25, 7.25, 3.375], "texture": "#0"}
			}
		},
		{
			"name": "Layer 1_3",
			"from": [8.625, 12.625, 7.875],
			"to": [8.75, 13, 8.25],
			"faces": {
				"north": {"uv": [8.75, 3, 8.625, 3.375], "texture": "#0"},
				"east": {"uv": [8.625, 3, 8.75, 3.375], "texture": "#0"},
				"south": {"uv": [8.625, 3, 8.75, 3.375], "texture": "#0"},
				"west": {"uv": [8.625, 3, 8.75, 3.375], "texture": "#0"},
				"up": {"uv": [8.625, 3, 8.75, 3.125], "texture": "#0"},
				"down": {"uv": [8.625, 3.25, 8.75, 3.375], "texture": "#0"}
			}
		},
		{
			"name": "Layer 1_4",
			"from": [7, 12.5, 7.875],
			"to": [7.125, 12.875, 8.25],
			"faces": {
				"north": {"uv": [7.125, 3.125, 7, 3.5], "texture": "#0"},
				"east": {"uv": [7, 3.125, 7.125, 3.5], "texture": "#0"},
				"south": {"uv": [7, 3.125, 7.125, 3.5], "texture": "#0"},
				"west": {"uv": [7, 3.125, 7.125, 3.5], "texture": "#0"},
				"up": {"uv": [7, 3.125, 7.125, 3.25], "texture": "#0"},
				"down": {"uv": [7, 3.375, 7.125, 3.5], "texture": "#0"}
			}
		},
		{
			"name": "Layer 1_5",
			"from": [7.875, 12.5, 7.875],
			"to": [8, 12.875, 8.25],
			"faces": {
				"north": {"uv": [8, 3.125, 7.875, 3.5], "texture": "#0"},
				"east": {"uv": [7.875, 3.125, 8, 3.5], "texture": "#0"},
				"south": {"uv": [7.875, 3.125, 8, 3.5], "texture": "#0"},
				"west": {"uv": [7.875, 3.125, 8, 3.5], "texture": "#0"},
				"up": {"uv": [7.875, 3.125, 8, 3.25], "texture": "#0"},
				"down": {"uv": [7.875, 3.375, 8, 3.5], "texture": "#0"}
			}
		},
		{
			"name": "Layer 1_6",
			"from": [8.75, 12.5, 7.875],
			"to": [8.875, 12.875, 8.25],
			"faces": {
				"north": {"uv": [8.875, 3.125, 8.75, 3.5], "texture": "#0"},
				"east": {"uv": [8.75, 3.125, 8.875, 3.5], "texture": "#0"},
				"south": {"uv": [8.75, 3.125, 8.875, 3.5], "texture": "#0"},
				"west": {"uv": [8.75, 3.125, 8.875, 3.5], "texture": "#0"},
				"up": {"uv": [8.75, 3.125, 8.875, 3.25], "texture": "#0"},
				"down": {"uv": [8.75, 3.375, 8.875, 3.5], "texture": "#0"}
			}
		},
		{
			"name": "Layer 1_7",
			"from": [6.875, 12.375, 7.875],
			"to": [7, 12.75, 8.25],
			"faces": {
				"north": {"uv": [7, 3.25, 6.875, 3.625], "texture": "#0"},
				"east": {"uv": [6.875, 3.25, 7, 3.625], "texture": "#0"},
				"south": {"uv": [6.875, 3.25, 7, 3.625], "texture": "#0"},
				"west": {"uv": [6.875, 3.25, 7, 3.625], "texture": "#0"},
				"up": {"uv": [6.875, 3.25, 7, 3.375], "texture": "#0"},
				"down": {"uv": [6.875, 3.5, 7, 3.625], "texture": "#0"}
			}
		},
		{
			"name": "Layer 1_8",
			"from": [8.875, 12.375, 7.875],
			"to": [9, 12.75, 8.25],
			"faces": {
				"north": {"uv": [9, 3.25, 8.875, 3.625], "texture": "#0"},
				"east": {"uv": [8.875, 3.25, 9, 3.625], "texture": "#0"},
				"south": {"uv": [8.875, 3.25, 9, 3.625], "texture": "#0"},
				"west": {"uv": [8.875, 3.25, 9, 3.625], "texture": "#0"},
				"up": {"uv": [8.875, 3.25, 9, 3.375], "texture": "#0"},
				"down": {"uv": [8.875, 3.5, 9, 3.625], "texture": "#0"}
			}
		},
		{
			"name": "Layer 1_9",
			"from": [6.375, 12.375, 7.875],
			"to": [6.875, 12.625, 8.25],
			"faces": {
				"north": {"uv": [6.875, 3.375, 6.375, 3.625], "texture": "#0"},
				"south": {"uv": [6.375, 3.375, 6.875, 3.625], "texture": "#0"},
				"west": {"uv": [6.375, 3.375, 6.5, 3.625], "texture": "#0"},
				"up": {"uv": [6.375, 3.375, 6.875, 3.5], "texture": "#0"},
				"down": {"uv": [6.375, 3.5, 6.875, 3.625], "texture": "#0"}
			}
		},
		{
			"name": "Layer 1_10",
			"from": [9, 12.375, 7.875],
			"to": [9.5, 12.625, 8.25],
			"faces": {
				"north": {"uv": [9.5, 3.375, 9, 3.625], "texture": "#0"},
				"east": {"uv": [9.375, 3.375, 9.5, 3.625], "texture": "#0"},
				"south": {"uv": [9, 3.375, 9.5, 3.625], "texture": "#0"},
				"up": {"uv": [9, 3.375, 9.5, 3.5], "texture": "#0"},
				"down": {"uv": [9, 3.5, 9.5, 3.625], "texture": "#0"}
			}
		},
		{
			"name": "Layer 1_11",
			"from": [5.75, 12.375, 7.875],
			"to": [6.375, 12.5, 8.25],
			"faces": {
				"north": {"uv": [6.375, 3.5, 5.75, 3.625], "texture": "#0"},
				"south": {"uv": [5.75, 3.5, 6.375, 3.625], "texture": "#0"},
				"west": {"uv": [5.75, 3.5, 5.875, 3.625], "texture": "#0"},
				"up": {"uv": [5.75, 3.5, 6.375, 3.625], "texture": "#0"},
				"down": {"uv": [5.75, 3.5, 6.375, 3.625], "texture": "#0"}
			}
		},
		{
			"name": "Layer 1_12",
			"from": [9.5, 12.375, 7.875],
			"to": [10.125, 12.5, 8.25],
			"faces": {
				"north": {"uv": [10.125, 3.5, 9.5, 3.625], "texture": "#0"},
				"east": {"uv": [10, 3.5, 10.125, 3.625], "texture": "#0"},
				"south": {"uv": [9.5, 3.5, 10.125, 3.625], "texture": "#0"},
				"up": {"uv": [9.5, 3.5, 10.125, 3.625], "texture": "#0"},
				"down": {"uv": [9.5, 3.5, 10.125, 3.625], "texture": "#0"}
			}
		},
		{
			"name": "Layer 1_13",
			"from": [5.375, 12.125, 7.875],
			"to": [5.625, 12.375, 8.25],
			"faces": {
				"north": {"uv": [5.625, 3.625, 5.375, 3.875], "texture": "#0"},
				"east": {"uv": [5.5, 3.625, 5.625, 3.875], "texture": "#0"},
				"south": {"uv": [5.375, 3.625, 5.625, 3.875], "texture": "#0"},
				"west": {"uv": [5.375, 3.625, 5.5, 3.875], "texture": "#0"},
				"up": {"uv": [5.375, 3.625, 5.625, 3.75], "texture": "#0"},
				"down": {"uv": [5.375, 3.75, 5.625, 3.875], "texture": "#0"}
			}
		},
		{
			"name": "Layer 1_14",
			"from": [5.625, 12.25, 7.875],
			"to": [5.875, 12.375, 8.25],
			"faces": {
				"north": {"uv": [5.875, 3.625, 5.625, 3.75], "texture": "#0"},
				"east": {"uv": [5.75, 3.625, 5.875, 3.75], "texture": "#0"},
				"south": {"uv": [5.625, 3.625, 5.875, 3.75], "texture": "#0"},
				"up": {"uv": [5.625, 3.625, 5.875, 3.75], "texture": "#0"},
				"down": {"uv": [5.625, 3.625, 5.875, 3.75], "texture": "#0"}
			}
		},
		{
			"name": "Layer 1_15",
			"from": [10, 12.25, 7.875],
			"to": [10.5, 12.375, 8.25],
			"faces": {
				"north": {"uv": [10.5, 3.625, 10, 3.75], "texture": "#0"},
				"east": {"uv": [10.375, 3.625, 10.5, 3.75], "texture": "#0"},
				"south": {"uv": [10, 3.625, 10.5, 3.75], "texture": "#0"},
				"west": {"uv": [10, 3.625, 10.125, 3.75], "texture": "#0"},
				"up": {"uv": [10, 3.625, 10.5, 3.75], "texture": "#0"},
				"down": {"uv": [10, 3.625, 10.5, 3.75], "texture": "#0"}
			}
		},
		{
			"name": "Layer 1_16",
			"from": [5.25, 11.875, 7.875],
			"to": [5.375, 12.25, 8.25],
			"faces": {
				"north": {"uv": [5.375, 3.75, 5.25, 4.125], "texture": "#0"},
				"east": {"uv": [5.25, 3.75, 5.375, 4.125], "texture": "#0"},
				"south": {"uv": [5.25, 3.75, 5.375, 4.125], "texture": "#0"},
				"west": {"uv": [5.25, 3.75, 5.375, 4.125], "texture": "#0"},
				"up": {"uv": [5.25, 3.75, 5.375, 3.875], "texture": "#0"},
				"down": {"uv": [5.25, 4, 5.375, 4.125], "texture": "#0"}
			}
		},
		{
			"name": "Layer 1_17",
			"from": [10.25, 12.125, 7.875],
			"to": [10.625, 12.25, 8.25],
			"faces": {
				"north": {"uv": [10.625, 3.75, 10.25, 3.875], "texture": "#0"},
				"east": {"uv": [10.5, 3.75, 10.625, 3.875], "texture": "#0"},
				"south": {"uv": [10.25, 3.75, 10.625, 3.875], "texture": "#0"},
				"west": {"uv": [10.25, 3.75, 10.375, 3.875], "texture": "#0"},
				"up": {"uv": [10.25, 3.75, 10.625, 3.875], "texture": "#0"},
				"down": {"uv": [10.25, 3.75, 10.625, 3.875], "texture": "#0"}
			}
		},
		{
			"name": "Layer 1_18",
			"from": [5.375, 12, 7.875],
			"to": [5.5, 12.125, 8.25],
			"faces": {
				"north": {"uv": [5.5, 3.875, 5.375, 4], "texture": "#0"},
				"east": {"uv": [5.375, 3.875, 5.5, 4], "texture": "#0"},
				"south": {"uv": [5.375, 3.875, 5.5, 4], "texture": "#0"},
				"down": {"uv": [5.375, 3.875, 5.5, 4], "texture": "#0"}
			}
		},
		{
			"name": "Layer 1_19",
			"from": [10.375, 12, 7.875],
			"to": [10.625, 12.125, 8.25],
			"faces": {
				"north": {"uv": [10.625, 3.875, 10.375, 4], "texture": "#0"},
				"east": {"uv": [10.5, 3.875, 10.625, 4], "texture": "#0"},
				"south": {"uv": [10.375, 3.875, 10.625, 4], "texture": "#0"},
				"west": {"uv": [10.375, 3.875, 10.5, 4], "texture": "#0"},
				"down": {"uv": [10.375, 3.875, 10.625, 4], "texture": "#0"}
			}
		},
		{
			"name": "Layer 1_20",
			"from": [5.125, 11.75, 7.875],
			"to": [5.25, 12, 8.25],
			"faces": {
				"north": {"uv": [5.25, 4, 5.125, 4.25], "texture": "#0"},
				"east": {"uv": [5.125, 4, 5.25, 4.25], "texture": "#0"},
				"south": {"uv": [5.125, 4, 5.25, 4.25], "texture": "#0"},
				"west": {"uv": [5.125, 4, 5.25, 4.25], "texture": "#0"},
				"up": {"uv": [5.125, 4, 5.25, 4.125], "texture": "#0"},
				"down": {"uv": [5.125, 4.125, 5.25, 4.25], "texture": "#0"}
			}
		},
		{
			"name": "Layer 1_21",
			"from": [10.5, 11.875, 7.875],
			"to": [10.75, 12, 8.25],
			"faces": {
				"north": {"uv": [10.75, 4, 10.5, 4.125], "texture": "#0"},
				"east": {"uv": [10.625, 4, 10.75, 4.125], "texture": "#0"},
				"south": {"uv": [10.5, 4, 10.75, 4.125], "texture": "#0"},
				"west": {"uv": [10.5, 4, 10.625, 4.125], "texture": "#0"},
				"up": {"uv": [10.5, 4, 10.75, 4.125], "texture": "#0"},
				"down": {"uv": [10.5, 4, 10.75, 4.125], "texture": "#0"}
			}
		},
		{
			"name": "Layer 1_22",
			"from": [10.625, 11.75, 7.875],
			"to": [10.75, 11.875, 8.25],
			"faces": {
				"north": {"uv": [10.75, 4.125, 10.625, 4.25], "texture": "#0"},
				"east": {"uv": [10.625, 4.125, 10.75, 4.25], "texture": "#0"},
				"south": {"uv": [10.625, 4.125, 10.75, 4.25], "texture": "#0"},
				"west": {"uv": [10.625, 4.125, 10.75, 4.25], "texture": "#0"},
				"down": {"uv": [10.625, 4.125, 10.75, 4.25], "texture": "#0"}
			}
		},
		{
			"name": "Layer 1_23",
			"from": [7.625, 10.875, 7.875],
			"to": [8.25, 11.125, 8.25],
			"faces": {
				"north": {"uv": [8.25, 4.875, 7.625, 5.125], "texture": "#0"},
				"east": {"uv": [8.125, 4.875, 8.25, 5.125], "texture": "#0"},
				"south": {"uv": [7.625, 4.875, 8.25, 5.125], "texture": "#0"},
				"west": {"uv": [7.625, 4.875, 7.75, 5.125], "texture": "#0"},
				"up": {"uv": [7.625, 4.875, 8.25, 5], "texture": "#0"},
				"down": {"uv": [7.625, 5, 8.25, 5.125], "texture": "#0"}
			}
		},
		{
			"name": "Layer 1_24",
			"from": [7.625, 10.625, 7.875],
			"to": [8.25, 10.75, 8.25],
			"faces": {
				"north": {"uv": [8.25, 5.25, 7.625, 5.375], "texture": "#0"},
				"east": {"uv": [8.125, 5.25, 8.25, 5.375], "texture": "#0"},
				"south": {"uv": [7.625, 5.25, 8.25, 5.375], "texture": "#0"},
				"west": {"uv": [7.625, 5.25, 7.75, 5.375], "texture": "#0"},
				"up": {"uv": [7.625, 5.25, 8.25, 5.375], "texture": "#0"},
				"down": {"uv": [7.625, 5.25, 8.25, 5.375], "texture": "#0"}
			}
		},
		{
			"name": "Layer 1_25",
			"from": [7.625, 9.375, 7.875],
			"to": [8.25, 9.625, 8.25],
			"faces": {
				"north": {"uv": [8.25, 6.375, 7.625, 6.625], "texture": "#0"},
				"east": {"uv": [8.125, 6.375, 8.25, 6.625], "texture": "#0"},
				"south": {"uv": [7.625, 6.375, 8.25, 6.625], "texture": "#0"},
				"west": {"uv": [7.625, 6.375, 7.75, 6.625], "texture": "#0"},
				"up": {"uv": [7.625, 6.375, 8.25, 6.5], "texture": "#0"},
				"down": {"uv": [7.625, 6.5, 8.25, 6.625], "texture": "#0"}
			}
		},
		{
			"name": "Layer 1_26",
			"from": [7.625, 6.875, 7.875],
			"to": [8.25, 7.125, 8.25],
			"faces": {
				"north": {"uv": [8.25, 8.875, 7.625, 9.125], "texture": "#0"},
				"east": {"uv": [8.125, 8.875, 8.25, 9.125], "texture": "#0"},
				"south": {"uv": [7.625, 8.875, 8.25, 9.125], "texture": "#0"},
				"west": {"uv": [7.625, 8.875, 7.75, 9.125], "texture": "#0"},
				"up": {"uv": [7.625, 8.875, 8.25, 9], "texture": "#0"},
				"down": {"uv": [7.625, 9, 8.25, 9.125], "texture": "#0"}
			}
		},
		{
			"name": "Layer 1_27",
			"from": [7.875, 4, 7.875],
			"to": [8, 6.125, 8.25],
			"faces": {
				"north": {"uv": [8, 9.875, 7.875, 12], "texture": "#0"},
				"east": {"uv": [7.875, 9.875, 8, 12], "texture": "#0"},
				"south": {"uv": [7.875, 9.875, 8, 12], "texture": "#0"},
				"west": {"uv": [7.875, 9.875, 8, 12], "texture": "#0"},
				"up": {"uv": [7.875, 9.875, 8, 10], "texture": "#0"},
				"down": {"uv": [7.875, 11.875, 8, 12], "texture": "#0"}
			}
		},
		{
			"name": "Layer 1_28",
			"from": [7.625, 5.5, 7.875],
			"to": [7.75, 6, 8.25],
			"faces": {
				"north": {"uv": [7.75, 10, 7.625, 10.5], "texture": "#0"},
				"east": {"uv": [7.625, 10, 7.75, 10.5], "texture": "#0"},
				"south": {"uv": [7.625, 10, 7.75, 10.5], "texture": "#0"},
				"west": {"uv": [7.625, 10, 7.75, 10.5], "texture": "#0"},
				"up": {"uv": [7.625, 10, 7.75, 10.125], "texture": "#0"},
				"down": {"uv": [7.625, 10.375, 7.75, 10.5], "texture": "#0"}
			}
		},
		{
			"name": "Layer 1_29",
			"from": [8.125, 5.5, 7.875],
			"to": [8.25, 6, 8.25],
			"faces": {
				"north": {"uv": [8.25, 10, 8.125, 10.5], "texture": "#0"},
				"east": {"uv": [8.125, 10, 8.25, 10.5], "texture": "#0"},
				"south": {"uv": [8.125, 10, 8.25, 10.5], "texture": "#0"},
				"west": {"uv": [8.125, 10, 8.25, 10.5], "texture": "#0"},
				"up": {"uv": [8.125, 10, 8.25, 10.125], "texture": "#0"},
				"down": {"uv": [8.125, 10.375, 8.25, 10.5], "texture": "#0"}
			}
		},
		{
			"name": "Layer 1_30",
			"from": [7.75, 4.375, 7.875],
			"to": [7.875, 5.875, 8.25],
			"faces": {
				"north": {"uv": [7.875, 10.125, 7.75, 11.625], "texture": "#0"},
				"south": {"uv": [7.75, 10.125, 7.875, 11.625], "texture": "#0"},
				"west": {"uv": [7.75, 10.125, 7.875, 11.625], "texture": "#0"},
				"up": {"uv": [7.75, 10.125, 7.875, 10.25], "texture": "#0"},
				"down": {"uv": [7.75, 11.5, 7.875, 11.625], "texture": "#0"}
			}
		},
		{
			"name": "Layer 1_31",
			"from": [8, 4.375, 7.875],
			"to": [8.125, 5.875, 8.25],
			"faces": {
				"north": {"uv": [8.125, 10.125, 8, 11.625], "texture": "#0"},
				"east": {"uv": [8, 10.125, 8.125, 11.625], "texture": "#0"},
				"south": {"uv": [8, 10.125, 8.125, 11.625], "texture": "#0"},
				"up": {"uv": [8, 10.125, 8.125, 10.25], "texture": "#0"},
				"down": {"uv": [8, 11.5, 8.125, 11.625], "texture": "#0"}
			}
		},
		{
			"name": "Layer 1_32",
			"from": [7.5, 5.375, 7.875],
			"to": [7.625, 5.75, 8.25],
			"faces": {
				"north": {"uv": [7.625, 10.25, 7.5, 10.625], "texture": "#0"},
				"east": {"uv": [7.5, 10.25, 7.625, 10.625], "texture": "#0"},
				"south": {"uv": [7.5, 10.25, 7.625, 10.625], "texture": "#0"},
				"west": {"uv": [7.5, 10.25, 7.625, 10.625], "texture": "#0"},
				"up": {"uv": [7.5, 10.25, 7.625, 10.375], "texture": "#0"},
				"down": {"uv": [7.5, 10.5, 7.625, 10.625], "texture": "#0"}
			}
		},
		{
			"name": "Layer 1_33",
			"from": [8.25, 5.375, 7.875],
			"to": [8.375, 5.75, 8.25],
			"faces": {
				"north": {"uv": [8.375, 10.25, 8.25, 10.625], "texture": "#0"},
				"east": {"uv": [8.25, 10.25, 8.375, 10.625], "texture": "#0"},
				"south": {"uv": [8.25, 10.25, 8.375, 10.625], "texture": "#0"},
				"west": {"uv": [8.25, 10.25, 8.375, 10.625], "texture": "#0"},
				"up": {"uv": [8.25, 10.25, 8.375, 10.375], "texture": "#0"},
				"down": {"uv": [8.25, 10.5, 8.375, 10.625], "texture": "#0"}
			}
		},
		{
			"name": "Layer 1_34",
			"from": [7.375, 5.25, 7.875],
			"to": [7.5, 5.5, 8.25],
			"faces": {
				"north": {"uv": [7.5, 10.5, 7.375, 10.75], "texture": "#0"},
				"east": {"uv": [7.375, 10.5, 7.5, 10.75], "texture": "#0"},
				"south": {"uv": [7.375, 10.5, 7.5, 10.75], "texture": "#0"},
				"west": {"uv": [7.375, 10.5, 7.5, 10.75], "texture": "#0"},
				"up": {"uv": [7.375, 10.5, 7.5, 10.625], "texture": "#0"},
				"down": {"uv": [7.375, 10.625, 7.5, 10.75], "texture": "#0"}
			}
		},
		{
			"name": "Layer 1_35",
			"from": [8.375, 5.25, 7.875],
			"to": [8.5, 5.5, 8.25],
			"faces": {
				"north": {"uv": [8.5, 10.5, 8.375, 10.75], "texture": "#0"},
				"east": {"uv": [8.375, 10.5, 8.5, 10.75], "texture": "#0"},
				"south": {"uv": [8.375, 10.5, 8.5, 10.75], "texture": "#0"},
				"west": {"uv": [8.375, 10.5, 8.5, 10.75], "texture": "#0"},
				"up": {"uv": [8.375, 10.5, 8.5, 10.625], "texture": "#0"},
				"down": {"uv": [8.375, 10.625, 8.5, 10.75], "texture": "#0"}
			}
		},
		{
			"name": "Layer 1_36",
			"from": [7.625, 4.75, 7.875],
			"to": [7.75, 5.25, 8.25],
			"faces": {
				"north": {"uv": [7.75, 10.75, 7.625, 11.25], "texture": "#0"},
				"south": {"uv": [7.625, 10.75, 7.75, 11.25], "texture": "#0"},
				"west": {"uv": [7.625, 10.75, 7.75, 11.25], "texture": "#0"},
				"up": {"uv": [7.625, 10.75, 7.75, 10.875], "texture": "#0"},
				"down": {"uv": [7.625, 11.125, 7.75, 11.25], "texture": "#0"}
			}
		},
		{
			"name": "Layer 1_37",
			"from": [8.125, 4.75, 7.875],
			"to": [8.25, 5.25, 8.25],
			"faces": {
				"north": {"uv": [8.25, 10.75, 8.125, 11.25], "texture": "#0"},
				"east": {"uv": [8.125, 10.75, 8.25, 11.25], "texture": "#0"},
				"south": {"uv": [8.125, 10.75, 8.25, 11.25], "texture": "#0"},
				"up": {"uv": [8.125, 10.75, 8.25, 10.875], "texture": "#0"},
				"down": {"uv": [8.125, 11.125, 8.25, 11.25], "texture": "#0"}
			}
		},
		{
			"name": "Layer 1_38",
			"from": [7.5, 5, 7.875],
			"to": [7.625, 5.125, 8.25],
			"faces": {
				"north": {"uv": [7.625, 10.875, 7.5, 11], "texture": "#0"},
				"south": {"uv": [7.5, 10.875, 7.625, 11], "texture": "#0"},
				"west": {"uv": [7.5, 10.875, 7.625, 11], "texture": "#0"},
				"up": {"uv": [7.5, 10.875, 7.625, 11], "texture": "#0"},
				"down": {"uv": [7.5, 10.875, 7.625, 11], "texture": "#0"}
			}
		},
		{
			"name": "Layer 1_39",
			"from": [8.25, 5, 7.875],
			"to": [8.375, 5.125, 8.25],
			"faces": {
				"north": {"uv": [8.375, 10.875, 8.25, 11], "texture": "#0"},
				"east": {"uv": [8.25, 10.875, 8.375, 11], "texture": "#0"},
				"south": {"uv": [8.25, 10.875, 8.375, 11], "texture": "#0"},
				"up": {"uv": [8.25, 10.875, 8.375, 11], "texture": "#0"},
				"down": {"uv": [8.25, 10.875, 8.375, 11], "texture": "#0"}
			}
		},
		{
			"name": "Layer 2_0",
			"from": [7.375, 13.375, 8],
			"to": [7.5, 13.5, 8.125],
			"faces": {
				"north": {"uv": [7.5, 2.5, 7.375, 2.625], "texture": "#0"},
				"east": {"uv": [7.375, 2.5, 7.5, 2.625], "texture": "#0"},
				"south": {"uv": [7.375, 2.5, 7.5, 2.625], "texture": "#0"},
				"west": {"uv": [7.375, 2.5, 7.5, 2.625], "texture": "#0"},
				"up": {"uv": [7.375, 2.5, 7.5, 2.625], "texture": "#0"}
			}
		},
		{
			"name": "Layer 2_1",
			"from": [7.875, 13.25, 8],
			"to": [8, 13.5, 8.125],
			"faces": {
				"north": {"uv": [8, 2.5, 7.875, 2.75], "texture": "#0"},
				"east": {"uv": [7.875, 2.5, 8, 2.75], "texture": "#0"},
				"south": {"uv": [7.875, 2.5, 8, 2.75], "texture": "#0"},
				"west": {"uv": [7.875, 2.5, 8, 2.75], "texture": "#0"},
				"up": {"uv": [7.875, 2.5, 8, 2.625], "texture": "#0"}
			}
		},
		{
			"name": "Layer 2_2",
			"from": [8.375, 13.375, 8],
			"to": [8.5, 13.5, 8.125],
			"faces": {
				"north": {"uv": [8.5, 2.5, 8.375, 2.625], "texture": "#0"},
				"east": {"uv": [8.375, 2.5, 8.5, 2.625], "texture": "#0"},
				"south": {"uv": [8.375, 2.5, 8.5, 2.625], "texture": "#0"},
				"west": {"uv": [8.375, 2.5, 8.5, 2.625], "texture": "#0"},
				"up": {"uv": [8.375, 2.5, 8.5, 2.625], "texture": "#0"}
			}
		},
		{
			"name": "Layer 2_3",
			"from": [7.25, 13.25, 8],
			"to": [7.375, 13.375, 8.125],
			"faces": {
				"north": {"uv": [7.375, 2.625, 7.25, 2.75], "texture": "#0"},
				"south": {"uv": [7.25, 2.625, 7.375, 2.75], "texture": "#0"},
				"west": {"uv": [7.25, 2.625, 7.375, 2.75], "texture": "#0"},
				"up": {"uv": [7.25, 2.625, 7.375, 2.75], "texture": "#0"}
			}
		},
		{
			"name": "Layer 2_4",
			"from": [8.5, 13.25, 8],
			"to": [8.625, 13.375, 8.125],
			"faces": {
				"north": {"uv": [8.625, 2.625, 8.5, 2.75], "texture": "#0"},
				"east": {"uv": [8.5, 2.625, 8.625, 2.75], "texture": "#0"},
				"south": {"uv": [8.5, 2.625, 8.625, 2.75], "texture": "#0"},
				"up": {"uv": [8.5, 2.625, 8.625, 2.75], "texture": "#0"}
			}
		},
		{
			"name": "Layer 2_5",
			"from": [7.125, 13.125, 8],
			"to": [7.25, 13.25, 8.125],
			"faces": {
				"north": {"uv": [7.25, 2.75, 7.125, 2.875], "texture": "#0"},
				"south": {"uv": [7.125, 2.75, 7.25, 2.875], "texture": "#0"},
				"west": {"uv": [7.125, 2.75, 7.25, 2.875], "texture": "#0"},
				"up": {"uv": [7.125, 2.75, 7.25, 2.875], "texture": "#0"}
			}
		},
		{
			"name": "Layer 2_6",
			"from": [7.75, 12.875, 8],
			"to": [7.875, 13.25, 8.125],
			"faces": {
				"north": {"uv": [7.875, 2.75, 7.75, 3.125], "texture": "#0"},
				"south": {"uv": [7.75, 2.75, 7.875, 3.125], "texture": "#0"},
				"west": {"uv": [7.75, 2.75, 7.875, 3.125], "texture": "#0"},
				"up": {"uv": [7.75, 2.75, 7.875, 2.875], "texture": "#0"}
			}
		},
		{
			"name": "Layer 2_7",
			"from": [8, 12.875, 8],
			"to": [8.125, 13.25, 8.125],
			"faces": {
				"north": {"uv": [8.125, 2.75, 8, 3.125], "texture": "#0"},
				"east": {"uv": [8, 2.75, 8.125, 3.125], "texture": "#0"},
				"south": {"uv": [8, 2.75, 8.125, 3.125], "texture": "#0"},
				"up": {"uv": [8, 2.75, 8.125, 2.875], "texture": "#0"}
			}
		},
		{
			"name": "Layer 2_8",
			"from": [8.625, 13.125, 8],
			"to": [8.75, 13.25, 8.125],
			"faces": {
				"north": {"uv": [8.75, 2.75, 8.625, 2.875], "texture": "#0"},
				"east": {"uv": [8.625, 2.75, 8.75, 2.875], "texture": "#0"},
				"south": {"uv": [8.625, 2.75, 8.75, 2.875], "texture": "#0"},
				"up": {"uv": [8.625, 2.75, 8.75, 2.875], "texture": "#0"}
			}
		},
		{
			"name": "Layer 2_9",
			"from": [7, 13, 8],
			"to": [7.125, 13.125, 8.125],
			"faces": {
				"north": {"uv": [7.125, 2.875, 7, 3], "texture": "#0"},
				"south": {"uv": [7, 2.875, 7.125, 3], "texture": "#0"},
				"west": {"uv": [7, 2.875, 7.125, 3], "texture": "#0"},
				"up": {"uv": [7, 2.875, 7.125, 3], "texture": "#0"}
			}
		},
		{
			"name": "Layer 2_10",
			"from": [8.75, 13, 8],
			"to": [8.875, 13.125, 8.125],
			"faces": {
				"north": {"uv": [8.875, 2.875, 8.75, 3], "texture": "#0"},
				"east": {"uv": [8.75, 2.875, 8.875, 3], "texture": "#0"},
				"south": {"uv": [8.75, 2.875, 8.875, 3], "texture": "#0"},
				"up": {"uv": [8.75, 2.875, 8.875, 3], "texture": "#0"}
			}
		},
		{
			"name": "Layer 2_11",
			"from": [6.875, 12.875, 8],
			"to": [7, 13, 8.125],
			"faces": {
				"north": {"uv": [7, 3, 6.875, 3.125], "texture": "#0"},
				"south": {"uv": [6.875, 3, 7, 3.125], "texture": "#0"},
				"west": {"uv": [6.875, 3, 7, 3.125], "texture": "#0"},
				"up": {"uv": [6.875, 3, 7, 3.125], "texture": "#0"}
			}
		},
		{
			"name": "Layer 2_12",
			"from": [8.875, 12.875, 8],
			"to": [9, 13, 8.125],
			"faces": {
				"north": {"uv": [9, 3, 8.875, 3.125], "texture": "#0"},
				"east": {"uv": [8.875, 3, 9, 3.125], "texture": "#0"},
				"south": {"uv": [8.875, 3, 9, 3.125], "texture": "#0"},
				"up": {"uv": [8.875, 3, 9, 3.125], "texture": "#0"}
			}
		},
		{
			"name": "Layer 2_13",
			"from": [6.375, 12.75, 8],
			"to": [6.875, 12.875, 8.125],
			"faces": {
				"north": {"uv": [6.875, 3.125, 6.375, 3.25], "texture": "#0"},
				"south": {"uv": [6.375, 3.125, 6.875, 3.25], "texture": "#0"},
				"west": {"uv": [6.375, 3.125, 6.5, 3.25], "texture": "#0"},
				"up": {"uv": [6.375, 3.125, 6.875, 3.25], "texture": "#0"}
			}
		},
		{
			"name": "Layer 2_14",
			"from": [7.625, 12.5, 8],
			"to": [7.75, 12.875, 8.125],
			"faces": {
				"north": {"uv": [7.75, 3.125, 7.625, 3.5], "texture": "#0"},
				"south": {"uv": [7.625, 3.125, 7.75, 3.5], "texture": "#0"},
				"west": {"uv": [7.625, 3.125, 7.75, 3.5], "texture": "#0"},
				"up": {"uv": [7.625, 3.125, 7.75, 3.25], "texture": "#0"},
				"down": {"uv": [7.625, 3.375, 7.75, 3.5], "texture": "#0"}
			}
		},
		{
			"name": "Layer 2_15",
			"from": [8.125, 12.5, 8],
			"to": [8.25, 12.875, 8.125],
			"faces": {
				"north": {"uv": [8.25, 3.125, 8.125, 3.5], "texture": "#0"},
				"east": {"uv": [8.125, 3.125, 8.25, 3.5], "texture": "#0"},
				"south": {"uv": [8.125, 3.125, 8.25, 3.5], "texture": "#0"},
				"up": {"uv": [8.125, 3.125, 8.25, 3.25], "texture": "#0"},
				"down": {"uv": [8.125, 3.375, 8.25, 3.5], "texture": "#0"}
			}
		},
		{
			"name": "Layer 2_16",
			"from": [9, 12.75, 8],
			"to": [9.5, 12.875, 8.125],
			"faces": {
				"north": {"uv": [9.5, 3.125, 9, 3.25], "texture": "#0"},
				"east": {"uv": [9.375, 3.125, 9.5, 3.25], "texture": "#0"},
				"south": {"uv": [9, 3.125, 9.5, 3.25], "texture": "#0"},
				"up": {"uv": [9, 3.125, 9.5, 3.25], "texture": "#0"}
			}
		},
		{
			"name": "Layer 2_17",
			"from": [5.75, 12.625, 8],
			"to": [6.375, 12.75, 8.125],
			"faces": {
				"north": {"uv": [6.375, 3.25, 5.75, 3.375], "texture": "#0"},
				"south": {"uv": [5.75, 3.25, 6.375, 3.375], "texture": "#0"},
				"west": {"uv": [5.75, 3.25, 5.875, 3.375], "texture": "#0"},
				"up": {"uv": [5.75, 3.25, 6.375, 3.375], "texture": "#0"}
			}
		},
		{
			"name": "Layer 2_18",
			"from": [9.5, 12.625, 8],
			"to": [10.125, 12.75, 8.125],
			"faces": {
				"north": {"uv": [10.125, 3.25, 9.5, 3.375], "texture": "#0"},
				"east": {"uv": [10, 3.25, 10.125, 3.375], "texture": "#0"},
				"south": {"uv": [9.5, 3.25, 10.125, 3.375], "texture": "#0"},
				"up": {"uv": [9.5, 3.25, 10.125, 3.375], "texture": "#0"}
			}
		},
		{
			"name": "Layer 2_19",
			"from": [5.375, 12.5, 8],
			"to": [5.75, 12.625, 8.125],
			"faces": {
				"north": {"uv": [5.75, 3.375, 5.375, 3.5], "texture": "#0"},
				"south": {"uv": [5.375, 3.375, 5.75, 3.5], "texture": "#0"},
				"west": {"uv": [5.375, 3.375, 5.5, 3.5], "texture": "#0"},
				"up": {"uv": [5.375, 3.375, 5.75, 3.5], "texture": "#0"}
			}
		},
		{
			"name": "Layer 2_20",
			"from": [10.125, 12.5, 8],
			"to": [10.5, 12.625, 8.125],
			"faces": {
				"north": {"uv": [10.5, 3.375, 10.125, 3.5], "texture": "#0"},
				"east": {"uv": [10.375, 3.375, 10.5, 3.5], "texture": "#0"},
				"south": {"uv": [10.125, 3.375, 10.5, 3.5], "texture": "#0"},
				"up": {"uv": [10.125, 3.375, 10.5, 3.5], "texture": "#0"}
			}
		},
		{
			"name": "Layer 2_21",
			"from": [5.125, 12.375, 8],
			"to": [5.375, 12.5, 8.125],
			"faces": {
				"north": {"uv": [5.375, 3.5, 5.125, 3.625], "texture": "#0"},
				"south": {"uv": [5.125, 3.5, 5.375, 3.625], "texture": "#0"},
				"west": {"uv": [5.125, 3.5, 5.25, 3.625], "texture": "#0"},
				"up": {"uv": [5.125, 3.5, 5.375, 3.625], "texture": "#0"}
			}
		},
		{
			"name": "Layer 2_22",
			"from": [7.75, 12.375, 8],
			"to": [7.875, 12.5, 8.125],
			"faces": {
				"north": {"uv": [7.875, 3.5, 7.75, 3.625], "texture": "#0"},
				"south": {"uv": [7.75, 3.5, 7.875, 3.625], "texture": "#0"},
				"west": {"uv": [7.75, 3.5, 7.875, 3.625], "texture": "#0"},
				"down": {"uv": [7.75, 3.5, 7.875, 3.625], "texture": "#0"}
			}
		},
		{
			"name": "Layer 2_23",
			"from": [8, 12.375, 8],
			"to": [8.125, 12.5, 8.125],
			"faces": {
				"north": {"uv": [8.125, 3.5, 8, 3.625], "texture": "#0"},
				"east": {"uv": [8, 3.5, 8.125, 3.625], "texture": "#0"},
				"south": {"uv": [8, 3.5, 8.125, 3.625], "texture": "#0"},
				"down": {"uv": [8, 3.5, 8.125, 3.625], "texture": "#0"}
			}
		},
		{
			"name": "Layer 2_24",
			"from": [10.5, 12.375, 8],
			"to": [10.75, 12.5, 8.125],
			"faces": {
				"north": {"uv": [10.75, 3.5, 10.5, 3.625], "texture": "#0"},
				"east": {"uv": [10.625, 3.5, 10.75, 3.625], "texture": "#0"},
				"south": {"uv": [10.5, 3.5, 10.75, 3.625], "texture": "#0"},
				"up": {"uv": [10.5, 3.5, 10.75, 3.625], "texture": "#0"}
			}
		},
		{
			"name": "Layer 2_25",
			"from": [5.125, 12.25, 8],
			"to": [5.25, 12.375, 8.125],
			"faces": {
				"north": {"uv": [5.25, 3.625, 5.125, 3.75], "texture": "#0"},
				"south": {"uv": [5.125, 3.625, 5.25, 3.75], "texture": "#0"},
				"west": {"uv": [5.125, 3.625, 5.25, 3.75], "texture": "#0"}
			}
		},
		{
			"name": "Layer 2_26",
			"from": [7.875, 12.25, 8],
			"to": [8, 12.375, 8.125],
			"faces": {
				"north": {"uv": [8, 3.625, 7.875, 3.75], "texture": "#0"},
				"east": {"uv": [7.875, 3.625, 8, 3.75], "texture": "#0"},
				"south": {"uv": [7.875, 3.625, 8, 3.75], "texture": "#0"},
				"west": {"uv": [7.875, 3.625, 8, 3.75], "texture": "#0"},
				"down": {"uv": [7.875, 3.625, 8, 3.75], "texture": "#0"}
			}
		},
		{
			"name": "Layer 2_27",
			"from": [10.625, 12.25, 8],
			"to": [10.75, 12.375, 8.125],
			"faces": {
				"north": {"uv": [10.75, 3.625, 10.625, 3.75], "texture": "#0"},
				"east": {"uv": [10.625, 3.625, 10.75, 3.75], "texture": "#0"},
				"south": {"uv": [10.625, 3.625, 10.75, 3.75], "texture": "#0"}
			}
		},
		{
			"name": "Layer 2_28",
			"from": [5, 12, 8],
			"to": [5.125, 12.25, 8.125],
			"faces": {
				"north": {"uv": [5.125, 3.75, 5, 4], "texture": "#0"},
				"south": {"uv": [5, 3.75, 5.125, 4], "texture": "#0"},
				"west": {"uv": [5, 3.75, 5.125, 4], "texture": "#0"},
				"up": {"uv": [5, 3.75, 5.125, 3.875], "texture": "#0"}
			}
		},
		{
			"name": "Layer 2_29",
			"from": [5.875, 12.125, 8],
			"to": [6.75, 12.25, 8.125],
			"faces": {
				"north": {"uv": [6.75, 3.75, 5.875, 3.875], "texture": "#0"},
				"east": {"uv": [6.625, 3.75, 6.75, 3.875], "texture": "#0"},
				"south": {"uv": [5.875, 3.75, 6.75, 3.875], "texture": "#0"},
				"down": {"uv": [5.875, 3.75, 6.75, 3.875], "texture": "#0"}
			}
		},
		{
			"name": "Layer 2_30",
			"from": [9.125, 12.125, 8],
			"to": [10, 12.25, 8.125],
			"faces": {
				"north": {"uv": [10, 3.75, 9.125, 3.875], "texture": "#0"},
				"south": {"uv": [9.125, 3.75, 10, 3.875], "texture": "#0"},
				"west": {"uv": [9.125, 3.75, 9.25, 3.875], "texture": "#0"},
				"down": {"uv": [9.125, 3.75, 10, 3.875], "texture": "#0"}
			}
		},
		{
			"name": "Layer 2_31",
			"from": [10.75, 12, 8],
			"to": [10.875, 12.25, 8.125],
			"faces": {
				"north": {"uv": [10.875, 3.75, 10.75, 4], "texture": "#0"},
				"east": {"uv": [10.75, 3.75, 10.875, 4], "texture": "#0"},
				"south": {"uv": [10.75, 3.75, 10.875, 4], "texture": "#0"},
				"up": {"uv": [10.75, 3.75, 10.875, 3.875], "texture": "#0"}
			}
		},
		{
			"name": "Layer 2_32",
			"from": [5.625, 12, 8],
			"to": [5.875, 12.125, 8.125],
			"faces": {
				"north": {"uv": [5.875, 3.875, 5.625, 4], "texture": "#0"},
				"east": {"uv": [5.75, 3.875, 5.875, 4], "texture": "#0"},
				"south": {"uv": [5.625, 3.875, 5.875, 4], "texture": "#0"},
				"down": {"uv": [5.625, 3.875, 5.875, 4], "texture": "#0"}
			}
		},
		{
			"name": "Layer 2_33",
			"from": [10, 12, 8],
			"to": [10.25, 12.125, 8.125],
			"faces": {
				"north": {"uv": [10.25, 3.875, 10, 4], "texture": "#0"},
				"south": {"uv": [10, 3.875, 10.25, 4], "texture": "#0"},
				"west": {"uv": [10, 3.875, 10.125, 4], "texture": "#0"},
				"down": {"uv": [10, 3.875, 10.25, 4], "texture": "#0"}
			}
		},
		{
			"name": "Layer 2_34",
			"from": [4.875, 11.75, 8],
			"to": [5, 12, 8.125],
			"faces": {
				"north": {"uv": [5, 4, 4.875, 4.25], "texture": "#0"},
				"south": {"uv": [4.875, 4, 5, 4.25], "texture": "#0"},
				"west": {"uv": [4.875, 4, 5, 4.25], "texture": "#0"},
				"up": {"uv": [4.875, 4, 5, 4.125], "texture": "#0"}
			}
		},
		{
			"name": "Layer 2_35",
			"from": [5.5, 11.875, 8],
			"to": [5.625, 12, 8.125],
			"faces": {
				"north": {"uv": [5.625, 4, 5.5, 4.125], "texture": "#0"},
				"east": {"uv": [5.5, 4, 5.625, 4.125], "texture": "#0"},
				"south": {"uv": [5.5, 4, 5.625, 4.125], "texture": "#0"},
				"down": {"uv": [5.5, 4, 5.625, 4.125], "texture": "#0"}
			}
		},
		{
			"name": "Layer 2_36",
			"from": [10.25, 11.875, 8],
			"to": [10.375, 12, 8.125],
			"faces": {
				"north": {"uv": [10.375, 4, 10.25, 4.125], "texture": "#0"},
				"south": {"uv": [10.25, 4, 10.375, 4.125], "texture": "#0"},
				"west": {"uv": [10.25, 4, 10.375, 4.125], "texture": "#0"},
				"down": {"uv": [10.25, 4, 10.375, 4.125], "texture": "#0"}
			}
		},
		{
			"name": "Layer 2_37",
			"from": [10.875, 11.75, 8],
			"to": [11, 12, 8.125],
			"faces": {
				"north": {"uv": [11, 4, 10.875, 4.25], "texture": "#0"},
				"east": {"uv": [10.875, 4, 11, 4.25], "texture": "#0"},
				"south": {"uv": [10.875, 4, 11, 4.25], "texture": "#0"},
				"up": {"uv": [10.875, 4, 11, 4.125], "texture": "#0"}
			}
		},
		{
			"name": "Layer 2_38",
			"from": [5.375, 11.75, 8],
			"to": [5.5, 11.875, 8.125],
			"faces": {
				"north": {"uv": [5.5, 4.125, 5.375, 4.25], "texture": "#0"},
				"east": {"uv": [5.375, 4.125, 5.5, 4.25], "texture": "#0"},
				"south": {"uv": [5.375, 4.125, 5.5, 4.25], "texture": "#0"},
				"down": {"uv": [5.375, 4.125, 5.5, 4.25], "texture": "#0"}
			}
		},
		{
			"name": "Layer 2_39",
			"from": [10.375, 11.75, 8],
			"to": [10.5, 11.875, 8.125],
			"faces": {
				"north": {"uv": [10.5, 4.125, 10.375, 4.25], "texture": "#0"},
				"south": {"uv": [10.375, 4.125, 10.5, 4.25], "texture": "#0"},
				"west": {"uv": [10.375, 4.125, 10.5, 4.25], "texture": "#0"},
				"down": {"uv": [10.375, 4.125, 10.5, 4.25], "texture": "#0"}
			}
		},
		{
			"name": "Layer 2_40",
			"from": [4.75, 11.25, 8],
			"to": [4.875, 11.75, 8.125],
			"faces": {
				"north": {"uv": [4.875, 4.25, 4.75, 4.75], "texture": "#0"},
				"south": {"uv": [4.75, 4.25, 4.875, 4.75], "texture": "#0"},
				"west": {"uv": [4.75, 4.25, 4.875, 4.75], "texture": "#0"},
				"up": {"uv": [4.75, 4.25, 4.875, 4.375], "texture": "#0"},
				"down": {"uv": [4.75, 4.625, 4.875, 4.75], "texture": "#0"}
			}
		},
		{
			"name": "Layer 2_41",
			"from": [5.25, 11.5, 8],
			"to": [5.375, 11.75, 8.125],
			"faces": {
				"north": {"uv": [5.375, 4.25, 5.25, 4.5], "texture": "#0"},
				"east": {"uv": [5.25, 4.25, 5.375, 4.5], "texture": "#0"},
				"south": {"uv": [5.25, 4.25, 5.375, 4.5], "texture": "#0"},
				"down": {"uv": [5.25, 4.375, 5.375, 4.5], "texture": "#0"}
			}
		},
		{
			"name": "Layer 2_42",
			"from": [10.5, 11.5, 8],
			"to": [10.625, 11.75, 8.125],
			"faces": {
				"north": {"uv": [10.625, 4.25, 10.5, 4.5], "texture": "#0"},
				"south": {"uv": [10.5, 4.25, 10.625, 4.5], "texture": "#0"},
				"west": {"uv": [10.5, 4.25, 10.625, 4.5], "texture": "#0"},
				"down": {"uv": [10.5, 4.375, 10.625, 4.5], "texture": "#0"}
			}
		},
		{
			"name": "Layer 2_43",
			"from": [11, 11.25, 8],
			"to": [11.125, 11.75, 8.125],
			"faces": {
				"north": {"uv": [11.125, 4.25, 11, 4.75], "texture": "#0"},
				"east": {"uv": [11, 4.25, 11.125, 4.75], "texture": "#0"},
				"south": {"uv": [11, 4.25, 11.125, 4.75], "texture": "#0"},
				"up": {"uv": [11, 4.25, 11.125, 4.375], "texture": "#0"},
				"down": {"uv": [11, 4.625, 11.125, 4.75], "texture": "#0"}
			}
		},
		{
			"name": "Layer 2_44",
			"from": [5.125, 10.5, 8],
			"to": [5.25, 11.5, 8.125],
			"faces": {
				"north": {"uv": [5.25, 4.5, 5.125, 5.5], "texture": "#0"},
				"east": {"uv": [5.125, 4.5, 5.25, 5.5], "texture": "#0"},
				"south": {"uv": [5.125, 4.5, 5.25, 5.5], "texture": "#0"},
				"west": {"uv": [5.125, 4.5, 5.25, 5.5], "texture": "#0"},
				"down": {"uv": [5.125, 5.375, 5.25, 5.5], "texture": "#0"}
			}
		},
		{
			"name": "Layer 2_45",
			"from": [10.625, 10.5, 8],
			"to": [10.75, 11.5, 8.125],
			"faces": {
				"north": {"uv": [10.75, 4.5, 10.625, 5.5], "texture": "#0"},
				"east": {"uv": [10.625, 4.5, 10.75, 5.5], "texture": "#0"},
				"south": {"uv": [10.625, 4.5, 10.75, 5.5], "texture": "#0"},
				"west": {"uv": [10.625, 4.5, 10.75, 5.5], "texture": "#0"},
				"down": {"uv": [10.625, 5.375, 10.75, 5.5], "texture": "#0"}
			}
		},
		{
			"name": "Layer 2_46",
			"from": [4.875, 10.875, 8],
			"to": [5, 11.25, 8.125],
			"faces": {
				"north": {"uv": [5, 4.75, 4.875, 5.125], "texture": "#0"},
				"south": {"uv": [4.875, 4.75, 5, 5.125], "texture": "#0"},
				"west": {"uv": [4.875, 4.75, 5, 5.125], "texture": "#0"},
				"down": {"uv": [4.875, 5, 5, 5.125], "texture": "#0"}
			}
		},
		{
			"name": "Layer 2_47",
			"from": [10.875, 10.875, 8],
			"to": [11, 11.25, 8.125],
			"faces": {
				"north": {"uv": [11, 4.75, 10.875, 5.125], "texture": "#0"},
				"east": {"uv": [10.875, 4.75, 11, 5.125], "texture": "#0"},
				"south": {"uv": [10.875, 4.75, 11, 5.125], "texture": "#0"},
				"down": {"uv": [10.875, 5, 11, 5.125], "texture": "#0"}
			}
		},
		{
			"name": "Layer 2_48",
			"from": [5, 10.625, 8],
			"to": [5.125, 10.875, 8.125],
			"faces": {
				"north": {"uv": [5.125, 5.125, 5, 5.375], "texture": "#0"},
				"south": {"uv": [5, 5.125, 5.125, 5.375], "texture": "#0"},
				"west": {"uv": [5, 5.125, 5.125, 5.375], "texture": "#0"},
				"down": {"uv": [5, 5.25, 5.125, 5.375], "texture": "#0"}
			}
		},
		{
			"name": "Layer 2_49",
			"from": [10.75, 10.625, 8],
			"to": [10.875, 10.875, 8.125],
			"faces": {
				"north": {"uv": [10.875, 5.125, 10.75, 5.375], "texture": "#0"},
				"east": {"uv": [10.75, 5.125, 10.875, 5.375], "texture": "#0"},
				"south": {"uv": [10.75, 5.125, 10.875, 5.375], "texture": "#0"},
				"down": {"uv": [10.75, 5.25, 10.875, 5.375], "texture": "#0"}
			}
		},
		{
			"name": "Layer 2_50",
			"from": [5.25, 10.375, 8],
			"to": [5.375, 10.75, 8.125],
			"faces": {
				"north": {"uv": [5.375, 5.25, 5.25, 5.625], "texture": "#0"},
				"east": {"uv": [5.25, 5.25, 5.375, 5.625], "texture": "#0"},
				"south": {"uv": [5.25, 5.25, 5.375, 5.625], "texture": "#0"},
				"west": {"uv": [5.25, 5.25, 5.375, 5.625], "texture": "#0"},
				"up": {"uv": [5.25, 5.25, 5.375, 5.375], "texture": "#0"},
				"down": {"uv": [5.25, 5.5, 5.375, 5.625], "texture": "#0"}
			}
		},
		{
			"name": "Layer 2_51",
			"from": [10.5, 10.375, 8],
			"to": [10.625, 10.75, 8.125],
			"faces": {
				"north": {"uv": [10.625, 5.25, 10.5, 5.625], "texture": "#0"},
				"east": {"uv": [10.5, 5.25, 10.625, 5.625], "texture": "#0"},
				"south": {"uv": [10.5, 5.25, 10.625, 5.625], "texture": "#0"},
				"west": {"uv": [10.5, 5.25, 10.625, 5.625], "texture": "#0"},
				"up": {"uv": [10.5, 5.25, 10.625, 5.375], "texture": "#0"},
				"down": {"uv": [10.5, 5.5, 10.625, 5.625], "texture": "#0"}
			}
		},
		{
			"name": "Layer 2_52",
			"from": [5.375, 10.25, 8],
			"to": [5.5, 10.5, 8.125],
			"faces": {
				"north": {"uv": [5.5, 5.5, 5.375, 5.75], "texture": "#0"},
				"east": {"uv": [5.375, 5.5, 5.5, 5.75], "texture": "#0"},
				"south": {"uv": [5.375, 5.5, 5.5, 5.75], "texture": "#0"},
				"west": {"uv": [5.375, 5.5, 5.5, 5.75], "texture": "#0"},
				"up": {"uv": [5.375, 5.5, 5.5, 5.625], "texture": "#0"},
				"down": {"uv": [5.375, 5.625, 5.5, 5.75], "texture": "#0"}
			}
		},
		{
			"name": "Layer 2_53",
			"from": [10.375, 10.25, 8],
			"to": [10.5, 10.5, 8.125],
			"faces": {
				"north": {"uv": [10.5, 5.5, 10.375, 5.75], "texture": "#0"},
				"east": {"uv": [10.375, 5.5, 10.5, 5.75], "texture": "#0"},
				"south": {"uv": [10.375, 5.5, 10.5, 5.75], "texture": "#0"},
				"west": {"uv": [10.375, 5.5, 10.5, 5.75], "texture": "#0"},
				"up": {"uv": [10.375, 5.5, 10.5, 5.625], "texture": "#0"},
				"down": {"uv": [10.375, 5.625, 10.5, 5.75], "texture": "#0"}
			}
		},
		{
			"name": "Layer 3_0",
			"from": [7.375, 13.25, 7.9375],
			"to": [7.5, 13.375, 8.1875],
			"faces": {
				"north": {"uv": [7.5, 2.625, 7.375, 2.75], "texture": "#0"},
				"east": {"uv": [7.375, 2.625, 7.5, 2.75], "texture": "#0"},
				"south": {"uv": [7.375, 2.625, 7.5, 2.75], "texture": "#0"},
				"west": {"uv": [7.375, 2.625, 7.5, 2.75], "texture": "#0"},
				"up": {"uv": [7.375, 2.625, 7.5, 2.75], "texture": "#0"},
				"down": {"uv": [7.375, 2.625, 7.5, 2.75], "texture": "#0"}
			}
		},
		{
			"name": "Layer 3_1",
			"from": [8.375, 13.25, 7.9375],
			"to": [8.5, 13.375, 8.1875],
			"faces": {
				"north": {"uv": [8.5, 2.625, 8.375, 2.75], "texture": "#0"},
				"east": {"uv": [8.375, 2.625, 8.5, 2.75], "texture": "#0"},
				"south": {"uv": [8.375, 2.625, 8.5, 2.75], "texture": "#0"},
				"west": {"uv": [8.375, 2.625, 8.5, 2.75], "texture": "#0"},
				"up": {"uv": [8.375, 2.625, 8.5, 2.75], "texture": "#0"},
				"down": {"uv": [8.375, 2.625, 8.5, 2.75], "texture": "#0"}
			}
		},
		{
			"name": "Layer 3_2",
			"from": [7.25, 13.125, 7.9375],
			"to": [7.375, 13.25, 8.1875],
			"faces": {
				"north": {"uv": [7.375, 2.75, 7.25, 2.875], "texture": "#0"},
				"east": {"uv": [7.25, 2.75, 7.375, 2.875], "texture": "#0"},
				"south": {"uv": [7.25, 2.75, 7.375, 2.875], "texture": "#0"},
				"west": {"uv": [7.25, 2.75, 7.375, 2.875], "texture": "#0"},
				"up": {"uv": [7.25, 2.75, 7.375, 2.875], "texture": "#0"}
			}
		},
		{
			"name": "Layer 3_3",
			"from": [7.875, 12.875, 7.9375],
			"to": [8, 13.25, 8.1875],
			"faces": {
				"north": {"uv": [8, 2.75, 7.875, 3.125], "texture": "#0"},
				"east": {"uv": [7.875, 2.75, 8, 3.125], "texture": "#0"},
				"south": {"uv": [7.875, 2.75, 8, 3.125], "texture": "#0"},
				"west": {"uv": [7.875, 2.75, 8, 3.125], "texture": "#0"},
				"up": {"uv": [7.875, 2.75, 8, 2.875], "texture": "#0"}
			}
		},
		{
			"name": "Layer 3_4",
			"from": [8.5, 13.125, 7.9375],
			"to": [8.625, 13.25, 8.1875],
			"faces": {
				"north": {"uv": [8.625, 2.75, 8.5, 2.875], "texture": "#0"},
				"east": {"uv": [8.5, 2.75, 8.625, 2.875], "texture": "#0"},
				"south": {"uv": [8.5, 2.75, 8.625, 2.875], "texture": "#0"},
				"west": {"uv": [8.5, 2.75, 8.625, 2.875], "texture": "#0"},
				"up": {"uv": [8.5, 2.75, 8.625, 2.875], "texture": "#0"}
			}
		},
		{
			"name": "Layer 3_5",
			"from": [7.125, 13, 7.9375],
			"to": [7.25, 13.125, 8.1875],
			"faces": {
				"north": {"uv": [7.25, 2.875, 7.125, 3], "texture": "#0"},
				"south": {"uv": [7.125, 2.875, 7.25, 3], "texture": "#0"},
				"west": {"uv": [7.125, 2.875, 7.25, 3], "texture": "#0"},
				"up": {"uv": [7.125, 2.875, 7.25, 3], "texture": "#0"}
			}
		},
		{
			"name": "Layer 3_6",
			"from": [8.625, 13, 7.9375],
			"to": [8.75, 13.125, 8.1875],
			"faces": {
				"north": {"uv": [8.75, 2.875, 8.625, 3], "texture": "#0"},
				"east": {"uv": [8.625, 2.875, 8.75, 3], "texture": "#0"},
				"south": {"uv": [8.625, 2.875, 8.75, 3], "texture": "#0"},
				"up": {"uv": [8.625, 2.875, 8.75, 3], "texture": "#0"}
			}
		},
		{
			"name": "Layer 3_7",
			"from": [7, 12.875, 7.9375],
			"to": [7.125, 13, 8.1875],
			"faces": {
				"north": {"uv": [7.125, 3, 7, 3.125], "texture": "#0"},
				"south": {"uv": [7, 3, 7.125, 3.125], "texture": "#0"},
				"west": {"uv": [7, 3, 7.125, 3.125], "texture": "#0"},
				"up": {"uv": [7, 3, 7.125, 3.125], "texture": "#0"}
			}
		},
		{
			"name": "Layer 3_8",
			"from": [8.75, 12.875, 7.9375],
			"to": [8.875, 13, 8.1875],
			"faces": {
				"north": {"uv": [8.875, 3, 8.75, 3.125], "texture": "#0"},
				"east": {"uv": [8.75, 3, 8.875, 3.125], "texture": "#0"},
				"south": {"uv": [8.75, 3, 8.875, 3.125], "texture": "#0"},
				"up": {"uv": [8.75, 3, 8.875, 3.125], "texture": "#0"}
			}
		},
		{
			"name": "Layer 3_9",
			"from": [6.875, 12.75, 7.9375],
			"to": [7, 12.875, 8.1875],
			"faces": {
				"north": {"uv": [7, 3.125, 6.875, 3.25], "texture": "#0"},
				"south": {"uv": [6.875, 3.125, 7, 3.25], "texture": "#0"},
				"west": {"uv": [6.875, 3.125, 7, 3.25], "texture": "#0"},
				"up": {"uv": [6.875, 3.125, 7, 3.25], "texture": "#0"}
			}
		},
		{
			"name": "Layer 3_10",
			"from": [7.75, 12.5, 7.9375],
			"to": [7.875, 12.875, 8.1875],
			"faces": {
				"north": {"uv": [7.875, 3.125, 7.75, 3.5], "texture": "#0"},
				"south": {"uv": [7.75, 3.125, 7.875, 3.5], "texture": "#0"},
				"west": {"uv": [7.75, 3.125, 7.875, 3.5], "texture": "#0"},
				"up": {"uv": [7.75, 3.125, 7.875, 3.25], "texture": "#0"},
				"down": {"uv": [7.75, 3.375, 7.875, 3.5], "texture": "#0"}
			}
		},
		{
			"name": "Layer 3_11",
			"from": [8, 12.5, 7.9375],
			"to": [8.125, 12.875, 8.1875],
			"faces": {
				"north": {"uv": [8.125, 3.125, 8, 3.5], "texture": "#0"},
				"east": {"uv": [8, 3.125, 8.125, 3.5], "texture": "#0"},
				"south": {"uv": [8, 3.125, 8.125, 3.5], "texture": "#0"},
				"up": {"uv": [8, 3.125, 8.125, 3.25], "texture": "#0"},
				"down": {"uv": [8, 3.375, 8.125, 3.5], "texture": "#0"}
			}
		},
		{
			"name": "Layer 3_12",
			"from": [8.875, 12.75, 7.9375],
			"to": [9, 12.875, 8.1875],
			"faces": {
				"north": {"uv": [9, 3.125, 8.875, 3.25], "texture": "#0"},
				"east": {"uv": [8.875, 3.125, 9, 3.25], "texture": "#0"},
				"south": {"uv": [8.875, 3.125, 9, 3.25], "texture": "#0"},
				"up": {"uv": [8.875, 3.125, 9, 3.25], "texture": "#0"}
			}
		},
		{
			"name": "Layer 3_13",
			"from": [6.375, 12.625, 7.9375],
			"to": [6.875, 12.75, 8.1875],
			"faces": {
				"north": {"uv": [6.875, 3.25, 6.375, 3.375], "texture": "#0"},
				"south": {"uv": [6.375, 3.25, 6.875, 3.375], "texture": "#0"},
				"west": {"uv": [6.375, 3.25, 6.5, 3.375], "texture": "#0"},
				"up": {"uv": [6.375, 3.25, 6.875, 3.375], "texture": "#0"}
			}
		},
		{
			"name": "Layer 3_14",
			"from": [9, 12.625, 7.9375],
			"to": [9.5, 12.75, 8.1875],
			"faces": {
				"north": {"uv": [9.5, 3.25, 9, 3.375], "texture": "#0"},
				"east": {"uv": [9.375, 3.25, 9.5, 3.375], "texture": "#0"},
				"south": {"uv": [9, 3.25, 9.5, 3.375], "texture": "#0"},
				"up": {"uv": [9, 3.25, 9.5, 3.375], "texture": "#0"}
			}
		},
		{
			"name": "Layer 3_15",
			"from": [5.75, 12.5, 7.9375],
			"to": [6.375, 12.625, 8.1875],
			"faces": {
				"north": {"uv": [6.375, 3.375, 5.75, 3.5], "texture": "#0"},
				"south": {"uv": [5.75, 3.375, 6.375, 3.5], "texture": "#0"},
				"west": {"uv": [5.75, 3.375, 5.875, 3.5], "texture": "#0"},
				"up": {"uv": [5.75, 3.375, 6.375, 3.5], "texture": "#0"}
			}
		},
		{
			"name": "Layer 3_16",
			"from": [9.5, 12.5, 7.9375],
			"to": [10.125, 12.625, 8.1875],
			"faces": {
				"north": {"uv": [10.125, 3.375, 9.5, 3.5], "texture": "#0"},
				"east": {"uv": [10, 3.375, 10.125, 3.5], "texture": "#0"},
				"south": {"uv": [9.5, 3.375, 10.125, 3.5], "texture": "#0"},
				"up": {"uv": [9.5, 3.375, 10.125, 3.5], "texture": "#0"}
			}
		},
		{
			"name": "Layer 3_17",
			"from": [5.375, 12.375, 7.9375],
			"to": [5.75, 12.5, 8.1875],
			"faces": {
				"north": {"uv": [5.75, 3.5, 5.375, 3.625], "texture": "#0"},
				"south": {"uv": [5.375, 3.5, 5.75, 3.625], "texture": "#0"},
				"west": {"uv": [5.375, 3.5, 5.5, 3.625], "texture": "#0"},
				"up": {"uv": [5.375, 3.5, 5.75, 3.625], "texture": "#0"}
			}
		},
		{
			"name": "Layer 3_18",
			"from": [7.875, 12.375, 7.9375],
			"to": [8, 12.5, 8.1875],
			"faces": {
				"north": {"uv": [8, 3.5, 7.875, 3.625], "texture": "#0"},
				"east": {"uv": [7.875, 3.5, 8, 3.625], "texture": "#0"},
				"south": {"uv": [7.875, 3.5, 8, 3.625], "texture": "#0"},
				"west": {"uv": [7.875, 3.5, 8, 3.625], "texture": "#0"},
				"down": {"uv": [7.875, 3.5, 8, 3.625], "texture": "#0"}
			}
		},
		{
			"name": "Layer 3_19",
			"from": [10.125, 12.375, 7.9375],
			"to": [10.5, 12.5, 8.1875],
			"faces": {
				"north": {"uv": [10.5, 3.5, 10.125, 3.625], "texture": "#0"},
				"east": {"uv": [10.375, 3.5, 10.5, 3.625], "texture": "#0"},
				"south": {"uv": [10.125, 3.5, 10.5, 3.625], "texture": "#0"},
				"up": {"uv": [10.125, 3.5, 10.5, 3.625], "texture": "#0"}
			}
		},
		{
			"name": "Layer 3_20",
			"from": [5.25, 12.25, 7.9375],
			"to": [5.375, 12.375, 8.1875],
			"faces": {
				"north": {"uv": [5.375, 3.625, 5.25, 3.75], "texture": "#0"},
				"south": {"uv": [5.25, 3.625, 5.375, 3.75], "texture": "#0"},
				"west": {"uv": [5.25, 3.625, 5.375, 3.75], "texture": "#0"},
				"up": {"uv": [5.25, 3.625, 5.375, 3.75], "texture": "#0"}
			}
		},
		{
			"name": "Layer 3_21",
			"from": [5.875, 12.25, 7.9375],
			"to": [6.875, 12.375, 8.1875],
			"faces": {
				"north": {"uv": [6.875, 3.625, 5.875, 3.75], "texture": "#0"},
				"east": {"uv": [6.75, 3.625, 6.875, 3.75], "texture": "#0"},
				"south": {"uv": [5.875, 3.625, 6.875, 3.75], "texture": "#0"},
				"down": {"uv": [5.875, 3.625, 6.875, 3.75], "texture": "#0"}
			}
		},
		{
			"name": "Layer 3_22",
			"from": [9, 12.25, 7.9375],
			"to": [10, 12.375, 8.1875],
			"faces": {
				"north": {"uv": [10, 3.625, 9, 3.75], "texture": "#0"},
				"south": {"uv": [9, 3.625, 10, 3.75], "texture": "#0"},
				"west": {"uv": [9, 3.625, 9.125, 3.75], "texture": "#0"},
				"down": {"uv": [9, 3.625, 10, 3.75], "texture": "#0"}
			}
		},
		{
			"name": "Layer 3_23",
			"from": [10.5, 12.25, 7.9375],
			"to": [10.625, 12.375, 8.1875],
			"faces": {
				"north": {"uv": [10.625, 3.625, 10.5, 3.75], "texture": "#0"},
				"east": {"uv": [10.5, 3.625, 10.625, 3.75], "texture": "#0"},
				"south": {"uv": [10.5, 3.625, 10.625, 3.75], "texture": "#0"},
				"up": {"uv": [10.5, 3.625, 10.625, 3.75], "texture": "#0"}
			}
		},
		{
			"name": "Layer 3_24",
			"from": [5.125, 12, 7.9375],
			"to": [5.25, 12.25, 8.1875],
			"faces": {
				"north": {"uv": [5.25, 3.75, 5.125, 4], "texture": "#0"},
				"south": {"uv": [5.125, 3.75, 5.25, 4], "texture": "#0"},
				"west": {"uv": [5.125, 3.75, 5.25, 4], "texture": "#0"},
				"up": {"uv": [5.125, 3.75, 5.25, 3.875], "texture": "#0"}
			}
		},
		{
			"name": "Layer 3_25",
			"from": [5.625, 12.125, 7.9375],
			"to": [5.875, 12.25, 8.1875],
			"faces": {
				"north": {"uv": [5.875, 3.75, 5.625, 3.875], "texture": "#0"},
				"east": {"uv": [5.75, 3.75, 5.875, 3.875], "texture": "#0"},
				"south": {"uv": [5.625, 3.75, 5.875, 3.875], "texture": "#0"},
				"down": {"uv": [5.625, 3.75, 5.875, 3.875], "texture": "#0"}
			}
		},
		{
			"name": "Layer 3_26",
			"from": [10, 12.125, 7.9375],
			"to": [10.25, 12.25, 8.1875],
			"faces": {
				"north": {"uv": [10.25, 3.75, 10, 3.875], "texture": "#0"},
				"south": {"uv": [10, 3.75, 10.25, 3.875], "texture": "#0"},
				"west": {"uv": [10, 3.75, 10.125, 3.875], "texture": "#0"},
				"down": {"uv": [10, 3.75, 10.25, 3.875], "texture": "#0"}
			}
		},
		{
			"name": "Layer 3_27",
			"from": [10.625, 12, 7.9375],
			"to": [10.75, 12.25, 8.1875],
			"faces": {
				"north": {"uv": [10.75, 3.75, 10.625, 4], "texture": "#0"},
				"east": {"uv": [10.625, 3.75, 10.75, 4], "texture": "#0"},
				"south": {"uv": [10.625, 3.75, 10.75, 4], "texture": "#0"},
				"up": {"uv": [10.625, 3.75, 10.75, 3.875], "texture": "#0"}
			}
		},
		{
			"name": "Layer 3_28",
			"from": [5.5, 12, 7.9375],
			"to": [5.625, 12.125, 8.1875],
			"faces": {
				"north": {"uv": [5.625, 3.875, 5.5, 4], "texture": "#0"},
				"east": {"uv": [5.5, 3.875, 5.625, 4], "texture": "#0"},
				"south": {"uv": [5.5, 3.875, 5.625, 4], "texture": "#0"},
				"down": {"uv": [5.5, 3.875, 5.625, 4], "texture": "#0"}
			}
		},
		{
			"name": "Layer 3_29",
			"from": [10.25, 12, 7.9375],
			"to": [10.375, 12.125, 8.1875],
			"faces": {
				"north": {"uv": [10.375, 3.875, 10.25, 4], "texture": "#0"},
				"south": {"uv": [10.25, 3.875, 10.375, 4], "texture": "#0"},
				"west": {"uv": [10.25, 3.875, 10.375, 4], "texture": "#0"},
				"down": {"uv": [10.25, 3.875, 10.375, 4], "texture": "#0"}
			}
		},
		{
			"name": "Layer 3_30",
			"from": [5, 10.875, 7.9375],
			"to": [5.125, 12, 8.1875],
			"faces": {
				"north": {"uv": [5.125, 4, 5, 5.125], "texture": "#0"},
				"east": {"uv": [5, 4, 5.125, 5.125], "texture": "#0"},
				"south": {"uv": [5, 4, 5.125, 5.125], "texture": "#0"},
				"west": {"uv": [5, 4, 5.125, 5.125], "texture": "#0"},
				"up": {"uv": [5, 4, 5.125, 4.125], "texture": "#0"},
				"down": {"uv": [5, 5, 5.125, 5.125], "texture": "#0"}
			}
		},
		{
			"name": "Layer 3_31",
			"from": [5.375, 11.875, 7.9375],
			"to": [5.5, 12, 8.1875],
			"faces": {
				"north": {"uv": [5.5, 4, 5.375, 4.125], "texture": "#0"},
				"east": {"uv": [5.375, 4, 5.5, 4.125], "texture": "#0"},
				"south": {"uv": [5.375, 4, 5.5, 4.125], "texture": "#0"},
				"down": {"uv": [5.375, 4, 5.5, 4.125], "texture": "#0"}
			}
		},
		{
			"name": "Layer 3_32",
			"from": [10.375, 11.875, 7.9375],
			"to": [10.5, 12, 8.1875],
			"faces": {
				"north": {"uv": [10.5, 4, 10.375, 4.125], "texture": "#0"},
				"south": {"uv": [10.375, 4, 10.5, 4.125], "texture": "#0"},
				"west": {"uv": [10.375, 4, 10.5, 4.125], "texture": "#0"},
				"down": {"uv": [10.375, 4, 10.5, 4.125], "texture": "#0"}
			}
		},
		{
			"name": "Layer 3_33",
			"from": [10.75, 10.875, 7.9375],
			"to": [10.875, 12, 8.1875],
			"faces": {
				"north": {"uv": [10.875, 4, 10.75, 5.125], "texture": "#0"},
				"east": {"uv": [10.75, 4, 10.875, 5.125], "texture": "#0"},
				"south": {"uv": [10.75, 4, 10.875, 5.125], "texture": "#0"},
				"west": {"uv": [10.75, 4, 10.875, 5.125], "texture": "#0"},
				"up": {"uv": [10.75, 4, 10.875, 4.125], "texture": "#0"},
				"down": {"uv": [10.75, 5, 10.875, 5.125], "texture": "#0"}
			}
		},
		{
			"name": "Layer 3_34",
			"from": [5.25, 11.75, 7.9375],
			"to": [5.375, 11.875, 8.1875],
			"faces": {
				"north": {"uv": [5.375, 4.125, 5.25, 4.25], "texture": "#0"},
				"east": {"uv": [5.25, 4.125, 5.375, 4.25], "texture": "#0"},
				"south": {"uv": [5.25, 4.125, 5.375, 4.25], "texture": "#0"},
				"down": {"uv": [5.25, 4.125, 5.375, 4.25], "texture": "#0"}
			}
		},
		{
			"name": "Layer 3_35",
			"from": [10.5, 11.75, 7.9375],
			"to": [10.625, 11.875, 8.1875],
			"faces": {
				"north": {"uv": [10.625, 4.125, 10.5, 4.25], "texture": "#0"},
				"south": {"uv": [10.5, 4.125, 10.625, 4.25], "texture": "#0"},
				"west": {"uv": [10.5, 4.125, 10.625, 4.25], "texture": "#0"},
				"down": {"uv": [10.5, 4.125, 10.625, 4.25], "texture": "#0"}
			}
		},
		{
			"name": "Layer 3_36",
			"from": [4.875, 11.25, 7.9375],
			"to": [5, 11.75, 8.1875],
			"faces": {
				"north": {"uv": [5, 4.25, 4.875, 4.75], "texture": "#0"},
				"south": {"uv": [4.875, 4.25, 5, 4.75], "texture": "#0"},
				"west": {"uv": [4.875, 4.25, 5, 4.75], "texture": "#0"},
				"up": {"uv": [4.875, 4.25, 5, 4.375], "texture": "#0"},
				"down": {"uv": [4.875, 4.625, 5, 4.75], "texture": "#0"}
			}
		},
		{
			"name": "Layer 3_37",
			"from": [5.125, 11.5, 7.9375],
			"to": [5.25, 11.75, 8.1875],
			"faces": {
				"north": {"uv": [5.25, 4.25, 5.125, 4.5], "texture": "#0"},
				"east": {"uv": [5.125, 4.25, 5.25, 4.5], "texture": "#0"},
				"south": {"uv": [5.125, 4.25, 5.25, 4.5], "texture": "#0"},
				"down": {"uv": [5.125, 4.375, 5.25, 4.5], "texture": "#0"}
			}
		},
		{
			"name": "Layer 3_38",
			"from": [10.625, 11.5, 7.9375],
			"to": [10.75, 11.75, 8.1875],
			"faces": {
				"north": {"uv": [10.75, 4.25, 10.625, 4.5], "texture": "#0"},
				"south": {"uv": [10.625, 4.25, 10.75, 4.5], "texture": "#0"},
				"west": {"uv": [10.625, 4.25, 10.75, 4.5], "texture": "#0"},
				"down": {"uv": [10.625, 4.375, 10.75, 4.5], "texture": "#0"}
			}
		},
		{
			"name": "Layer 3_39",
			"from": [10.875, 11.25, 7.9375],
			"to": [11, 11.75, 8.1875],
			"faces": {
				"north": {"uv": [11, 4.25, 10.875, 4.75], "texture": "#0"},
				"east": {"uv": [10.875, 4.25, 11, 4.75], "texture": "#0"},
				"south": {"uv": [10.875, 4.25, 11, 4.75], "texture": "#0"},
				"up": {"uv": [10.875, 4.25, 11, 4.375], "texture": "#0"},
				"down": {"uv": [10.875, 4.625, 11, 4.75], "texture": "#0"}
			}
		},
		{
			"name": "Layer 4_0",
			"from": [7.25, 11.75, 7.9375],
			"to": [7.5, 12.375, 8.1875],
			"faces": {
				"north": {"uv": [7.5, 3.625, 7.25, 4.25], "texture": "#0"},
				"east": {"uv": [7.375, 3.625, 7.5, 4.25], "texture": "#0"},
				"south": {"uv": [7.25, 3.625, 7.5, 4.25], "texture": "#0"},
				"west": {"uv": [7.25, 3.625, 7.375, 4.25], "texture": "#0"},
				"up": {"uv": [7.25, 3.625, 7.5, 3.75], "texture": "#0"},
				"down": {"uv": [7.25, 4.125, 7.5, 4.25], "texture": "#0"}
			}
		},
		{
			"name": "Layer 4_1",
			"from": [8.375, 11.75, 7.9375],
			"to": [8.625, 12.375, 8.1875],
			"faces": {
				"north": {"uv": [8.625, 3.625, 8.375, 4.25], "texture": "#0"},
				"east": {"uv": [8.5, 3.625, 8.625, 4.25], "texture": "#0"},
				"south": {"uv": [8.375, 3.625, 8.625, 4.25], "texture": "#0"},
				"west": {"uv": [8.375, 3.625, 8.5, 4.25], "texture": "#0"},
				"up": {"uv": [8.375, 3.625, 8.625, 3.75], "texture": "#0"},
				"down": {"uv": [8.375, 4.125, 8.625, 4.25], "texture": "#0"}
			}
		},
		{
			"name": "Layer 4_2",
			"from": [7.125, 11.75, 7.9375],
			"to": [7.25, 12.25, 8.1875],
			"faces": {
				"north": {"uv": [7.25, 3.75, 7.125, 4.25], "texture": "#0"},
				"south": {"uv": [7.125, 3.75, 7.25, 4.25], "texture": "#0"},
				"west": {"uv": [7.125, 3.75, 7.25, 4.25], "texture": "#0"},
				"up": {"uv": [7.125, 3.75, 7.25, 3.875], "texture": "#0"},
				"down": {"uv": [7.125, 4.125, 7.25, 4.25], "texture": "#0"}
			}
		},
		{
			"name": "Layer 4_3",
			"from": [7.625, 12.125, 7.9375],
			"to": [7.875, 12.25, 8.1875],
			"faces": {
				"north": {"uv": [7.875, 3.75, 7.625, 3.875], "texture": "#0"},
				"east": {"uv": [7.75, 3.75, 7.875, 3.875], "texture": "#0"},
				"south": {"uv": [7.625, 3.75, 7.875, 3.875], "texture": "#0"},
				"west": {"uv": [7.625, 3.75, 7.75, 3.875], "texture": "#0"},
				"up": {"uv": [7.625, 3.75, 7.875, 3.875], "texture": "#0"},
				"down": {"uv": [7.625, 3.75, 7.875, 3.875], "texture": "#0"}
			}
		},
		{
			"name": "Layer 4_4",
			"from": [8, 12.125, 7.9375],
			"to": [8.25, 12.25, 8.1875],
			"faces": {
				"north": {"uv": [8.25, 3.75, 8, 3.875], "texture": "#0"},
				"east": {"uv": [8.125, 3.75, 8.25, 3.875], "texture": "#0"},
				"south": {"uv": [8, 3.75, 8.25, 3.875], "texture": "#0"},
				"west": {"uv": [8, 3.75, 8.125, 3.875], "texture": "#0"},
				"up": {"uv": [8, 3.75, 8.25, 3.875], "texture": "#0"},
				"down": {"uv": [8, 3.75, 8.25, 3.875], "texture": "#0"}
			}
		},
		{
			"name": "Layer 4_5",
			"from": [8.625, 11.75, 7.9375],
			"to": [8.75, 12.25, 8.1875],
			"faces": {
				"north": {"uv": [8.75, 3.75, 8.625, 4.25], "texture": "#0"},
				"east": {"uv": [8.625, 3.75, 8.75, 4.25], "texture": "#0"},
				"south": {"uv": [8.625, 3.75, 8.75, 4.25], "texture": "#0"},
				"up": {"uv": [8.625, 3.75, 8.75, 3.875], "texture": "#0"},
				"down": {"uv": [8.625, 4.125, 8.75, 4.25], "texture": "#0"}
			}
		},
		{
			"name": "Layer 4_6",
			"from": [6.875, 11.875, 7.9375],
			"to": [7.125, 12.125, 8.1875],
			"faces": {
				"north": {"uv": [7.125, 3.875, 6.875, 4.125], "texture": "#0"},
				"south": {"uv": [6.875, 3.875, 7.125, 4.125], "texture": "#0"},
				"west": {"uv": [6.875, 3.875, 7, 4.125], "texture": "#0"},
				"up": {"uv": [6.875, 3.875, 7.125, 4], "texture": "#0"},
				"down": {"uv": [6.875, 4, 7.125, 4.125], "texture": "#0"}
			}
		},
		{
			"name": "Layer 4_7",
			"from": [7.75, 11.125, 7.9375],
			"to": [8.125, 12.125, 8.1875],
			"faces": {
				"north": {"uv": [8.125, 3.875, 7.75, 4.875], "texture": "#0"},
				"east": {"uv": [8, 3.875, 8.125, 4.875], "texture": "#0"},
				"south": {"uv": [7.75, 3.875, 8.125, 4.875], "texture": "#0"},
				"west": {"uv": [7.75, 3.875, 7.875, 4.875], "texture": "#0"},
				"up": {"uv": [7.75, 3.875, 8.125, 4], "texture": "#0"}
			}
		},
		{
			"name": "Layer 4_8",
			"from": [8.75, 11.875, 7.9375],
			"to": [9, 12.125, 8.1875],
			"faces": {
				"north": {"uv": [9, 3.875, 8.75, 4.125], "texture": "#0"},
				"east": {"uv": [8.875, 3.875, 9, 4.125], "texture": "#0"},
				"south": {"uv": [8.75, 3.875, 9, 4.125], "texture": "#0"},
				"up": {"uv": [8.75, 3.875, 9, 4], "texture": "#0"},
				"down": {"uv": [8.75, 4, 9, 4.125], "texture": "#0"}
			}
		},
		{
			"name": "Layer 4_9",
			"from": [7.5, 11.5, 7.9375],
			"to": [7.625, 11.875, 8.1875],
			"faces": {
				"north": {"uv": [7.625, 4.125, 7.5, 4.5], "texture": "#0"},
				"east": {"uv": [7.5, 4.125, 7.625, 4.5], "texture": "#0"},
				"south": {"uv": [7.5, 4.125, 7.625, 4.5], "texture": "#0"},
				"west": {"uv": [7.5, 4.125, 7.625, 4.5], "texture": "#0"},
				"up": {"uv": [7.5, 4.125, 7.625, 4.25], "texture": "#0"},
				"down": {"uv": [7.5, 4.375, 7.625, 4.5], "texture": "#0"}
			}
		},
		{
			"name": "Layer 4_10",
			"from": [8.25, 11.5, 7.9375],
			"to": [8.375, 11.875, 8.1875],
			"faces": {
				"north": {"uv": [8.375, 4.125, 8.25, 4.5], "texture": "#0"},
				"east": {"uv": [8.25, 4.125, 8.375, 4.5], "texture": "#0"},
				"south": {"uv": [8.25, 4.125, 8.375, 4.5], "texture": "#0"},
				"west": {"uv": [8.25, 4.125, 8.375, 4.5], "texture": "#0"},
				"up": {"uv": [8.25, 4.125, 8.375, 4.25], "texture": "#0"},
				"down": {"uv": [8.25, 4.375, 8.375, 4.5], "texture": "#0"}
			}
		},
		{
			"name": "Layer 4_11",
			"from": [7.375, 11.625, 7.9375],
			"to": [7.5, 11.75, 8.1875],
			"faces": {
				"north": {"uv": [7.5, 4.25, 7.375, 4.375], "texture": "#0"},
				"south": {"uv": [7.375, 4.25, 7.5, 4.375], "texture": "#0"},
				"west": {"uv": [7.375, 4.25, 7.5, 4.375], "texture": "#0"},
				"down": {"uv": [7.375, 4.25, 7.5, 4.375], "texture": "#0"}
			}
		},
		{
			"name": "Layer 4_12",
			"from": [7.625, 11.375, 7.9375],
			"to": [7.75, 11.75, 8.1875],
			"faces": {
				"north": {"uv": [7.75, 4.25, 7.625, 4.625], "texture": "#0"},
				"south": {"uv": [7.625, 4.25, 7.75, 4.625], "texture": "#0"},
				"west": {"uv": [7.625, 4.25, 7.75, 4.625], "texture": "#0"},
				"up": {"uv": [7.625, 4.25, 7.75, 4.375], "texture": "#0"},
				"down": {"uv": [7.625, 4.5, 7.75, 4.625], "texture": "#0"}
			}
		},
		{
			"name": "Layer 4_13",
			"from": [8.125, 11.375, 7.9375],
			"to": [8.25, 11.75, 8.1875],
			"faces": {
				"north": {"uv": [8.25, 4.25, 8.125, 4.625], "texture": "#0"},
				"east": {"uv": [8.125, 4.25, 8.25, 4.625], "texture": "#0"},
				"south": {"uv": [8.125, 4.25, 8.25, 4.625], "texture": "#0"},
				"up": {"uv": [8.125, 4.25, 8.25, 4.375], "texture": "#0"},
				"down": {"uv": [8.125, 4.5, 8.25, 4.625], "texture": "#0"}
			}
		},
		{
			"name": "Layer 4_14",
			"from": [8.375, 11.625, 7.9375],
			"to": [8.5, 11.75, 8.1875],
			"faces": {
				"north": {"uv": [8.5, 4.25, 8.375, 4.375], "texture": "#0"},
				"east": {"uv": [8.375, 4.25, 8.5, 4.375], "texture": "#0"},
				"south": {"uv": [8.375, 4.25, 8.5, 4.375], "texture": "#0"},
				"down": {"uv": [8.375, 4.25, 8.5, 4.375], "texture": "#0"}
			}
		},
		{
			"name": "Layer 4_15",
			"from": [7.75, 10.75, 7.9375],
			"to": [8.125, 10.875, 8.1875],
			"faces": {
				"north": {"uv": [8.125, 5.125, 7.75, 5.25], "texture": "#0"},
				"east": {"uv": [8, 5.125, 8.125, 5.25], "texture": "#0"},
				"south": {"uv": [7.75, 5.125, 8.125, 5.25], "texture": "#0"},
				"west": {"uv": [7.75, 5.125, 7.875, 5.25], "texture": "#0"}
			}
		},
		{
			"name": "Layer 4_16",
			"from": [7.75, 9.625, 7.9375],
			"to": [8.125, 10.625, 8.1875],
			"faces": {
				"north": {"uv": [8.125, 5.375, 7.75, 6.375], "texture": "#0"},
				"east": {"uv": [8, 5.375, 8.125, 6.375], "texture": "#0"},
				"south": {"uv": [7.75, 5.375, 8.125, 6.375], "texture": "#0"},
				"west": {"uv": [7.75, 5.375, 7.875, 6.375], "texture": "#0"}
			}
		},
		{
			"name": "Layer 4_17",
			"from": [7.75, 7.125, 7.9375],
			"to": [8.125, 9.375, 8.1875],
			"faces": {
				"north": {"uv": [8.125, 6.625, 7.75, 8.875], "texture": "#0"},
				"east": {"uv": [8, 6.625, 8.125, 8.875], "texture": "#0"},
				"south": {"uv": [7.75, 6.625, 8.125, 8.875], "texture": "#0"},
				"west": {"uv": [7.75, 6.625, 7.875, 8.875], "texture": "#0"}
			}
		},
		{
			"name": "Layer 4_18",
			"from": [7.75, 6.125, 7.9375],
			"to": [8.125, 6.875, 8.1875],
			"faces": {
				"north": {"uv": [8.125, 9.125, 7.75, 9.875], "texture": "#0"},
				"east": {"uv": [8, 9.125, 8.125, 9.875], "texture": "#0"},
				"south": {"uv": [7.75, 9.125, 8.125, 9.875], "texture": "#0"},
				"west": {"uv": [7.75, 9.125, 7.875, 9.875], "texture": "#0"}
			}
		},
		{
			"name": "Layer 4_19",
			"from": [7.75, 5.875, 7.9375],
			"to": [7.875, 6.125, 8.1875],
			"faces": {
				"north": {"uv": [7.875, 9.875, 7.75, 10.125], "texture": "#0"},
				"south": {"uv": [7.75, 9.875, 7.875, 10.125], "texture": "#0"},
				"west": {"uv": [7.75, 9.875, 7.875, 10.125], "texture": "#0"}
			}
		},
		{
			"name": "Layer 4_20",
			"from": [8, 5.875, 7.9375],
			"to": [8.125, 6.125, 8.1875],
			"faces": {
				"north": {"uv": [8.125, 9.875, 8, 10.125], "texture": "#0"},
				"east": {"uv": [8, 9.875, 8.125, 10.125], "texture": "#0"},
				"south": {"uv": [8, 9.875, 8.125, 10.125], "texture": "#0"}
			}
		}
	],
	"display": {
		"thirdperson_righthand": {
			"rotation": [0, -90, 0],
			"translation": [0.25, -2.75, 1],
			"scale": [3, 3, 3]
		},
		"thirdperson_lefthand": {
			"rotation": [0, 90, 0],
			"translation": [0.25, -2.75, 1],
			"scale": [3, 3, 3]
		},
		"firstperson_righthand": {
			"rotation": [17, -91, 0],
			"translation": [0, 2.5, 2.75],
			"scale": [1.25, 1.25, 1.25]
		},
		"firstperson_lefthand": {
			"rotation": [17, -91, 0],
			"translation": [0, 2.5, 2.75],
			"scale": [1.25, 1.25, 1.25]
		},
		"ground": {
			"translation": [0, 11, 0],
			"scale": [3, 3, 3]
		},
		"gui": {
			"rotation": [0, 0, -45],
			"translation": [-1.75, -1.75, 0],
			"scale": [1.5, 1.5, 1.5]
		},
		"head": {
			"rotation": [180, 0, 45],
			"translation": [5.5, -10, 4.75],
			"scale": [3.5, 3.5, 3.5]
		},
		"fixed": {
			"rotation": [180, 0, 135],
			"translation": [1.5, -1.75, 0],
			"scale": [2, 2, 2]
		}
	},
	"groups": [
		{
			"name": "Layer 1",
			"origin": [8, 8, 8],
			"color": 0,
			"children": [0, 1, 2, 3, 4, 5, 6, 7, 8, 9, 10, 11, 12, 13, 14, 15, 16, 17, 18, 19, 20, 21, 22, 23, 24, 25, 26, 27, 28, 29, 30, 31, 32, 33, 34, 35, 36, 37, 38, 39]
		},
		{
			"name": "Layer 2",
			"origin": [8, 8, 8],
			"color": 0,
			"children": [
				40,
				41,
				42,
				43,
				44,
				45,
				46,
				47,
				48,
				49,
				50,
				51,
				52,
				53,
				54,
				55,
				56,
				57,
				58,
				59,
				60,
				61,
				62,
				63,
				64,
				65,
				66,
				67,
				68,
				69,
				70,
				71,
				72,
				73,
				74,
				75,
				76,
				77,
				78,
				79,
				80,
				81,
				82,
				83,
				84,
				85,
				86,
				87,
				88,
				89,
				90,
				91,
				92,
				93
			]
		},
		{
			"name": "Layer 3",
			"origin": [8, 8, 8],
			"color": 0,
			"children": [94, 95, 96, 97, 98, 99, 100, 101, 102, 103, 104, 105, 106, 107, 108, 109, 110, 111, 112, 113, 114, 115, 116, 117, 118, 119, 120, 121, 122, 123, 124, 125, 126, 127, 128, 129, 130, 131, 132, 133]
		},
		{
			"name": "Layer 4",
			"origin": [8, 8, 8],
			"color": 0,
			"children": [134, 135, 136, 137, 138, 139, 140, 141, 142, 143, 144, 145, 146, 147, 148, 149, 150, 151, 152, 153, 154]
		}
	]
}