{
	"credit": "Made with Blockbench",
	"textures": {
		"0": "item/demonlord_greatsword",
		"particle": "item/demonlord_greatsword"
	},
	"elements": [
		{
			"name": "Layer 1_0",
			"from": [7.875, 1, 7.875],
			"to": [8, 5, 8.25],
			"faces": {
				"north": {"uv": [8, 6, 7.875, 10], "texture": "#0"},
				"east": {"uv": [7.875, 6, 8, 10], "texture": "#0"},
				"south": {"uv": [7.875, 6, 8, 10], "texture": "#0"},
				"west": {"uv": [7.875, 6, 8, 10], "texture": "#0"},
				"up": {"uv": [7.875, 6, 8, 6.125], "texture": "#0"},
				"down": {"uv": [7.875, 9.875, 8, 10], "texture": "#0"}
			}
		},
		{
			"name": "Layer 1_1",
			"from": [7.75, 0.75, 7.875],
			"to": [7.875, 4.75, 8.25],
			"faces": {
				"north": {"uv": [7.875, 6.25, 7.75, 10.25], "texture": "#0"},
				"east": {"uv": [7.75, 6.25, 7.875, 10.25], "texture": "#0"},
				"south": {"uv": [7.75, 6.25, 7.875, 10.25], "texture": "#0"},
				"west": {"uv": [7.75, 6.25, 7.875, 10.25], "texture": "#0"},
				"up": {"uv": [7.75, 6.25, 7.875, 6.375], "texture": "#0"},
				"down": {"uv": [7.75, 10.125, 7.875, 10.25], "texture": "#0"}
			}
		},
		{
			"name": "Layer 1_2",
			"from": [8, 0.75, 7.875],
			"to": [8.125, 4.75, 8.25],
			"faces": {
				"north": {"uv": [8.125, 6.25, 8, 10.25], "texture": "#0"},
				"east": {"uv": [8, 6.25, 8.125, 10.25], "texture": "#0"},
				"south": {"uv": [8, 6.25, 8.125, 10.25], "texture": "#0"},
				"west": {"uv": [8, 6.25, 8.125, 10.25], "texture": "#0"},
				"up": {"uv": [8, 6.25, 8.125, 6.375], "texture": "#0"},
				"down": {"uv": [8, 10.125, 8.125, 10.25], "texture": "#0"}
			}
		},
		{
			"name": "Layer 1_3",
			"from": [7.625, 3.875, 7.875],
			"to": [7.75, 4, 8.25],
			"faces": {
				"north": {"uv": [7.75, 7, 7.625, 7.125], "texture": "#0"},
				"south": {"uv": [7.625, 7, 7.75, 7.125], "texture": "#0"},
				"west": {"uv": [7.625, 7, 7.75, 7.125], "texture": "#0"},
				"up": {"uv": [7.625, 7, 7.75, 7.125], "texture": "#0"},
				"down": {"uv": [7.625, 7, 7.75, 7.125], "texture": "#0"}
			}
		},
		{
			"name": "Layer 1_4",
			"from": [8.125, 3.875, 7.875],
			"to": [8.25, 4, 8.25],
			"faces": {
				"north": {"uv": [8.25, 7, 8.125, 7.125], "texture": "#0"},
				"east": {"uv": [8.125, 7, 8.25, 7.125], "texture": "#0"},
				"south": {"uv": [8.125, 7, 8.25, 7.125], "texture": "#0"},
				"up": {"uv": [8.125, 7, 8.25, 7.125], "texture": "#0"},
				"down": {"uv": [8.125, 7, 8.25, 7.125], "texture": "#0"}
			}
		},
		{
			"name": "Layer 1_5",
			"from": [7.625, 3, 7.875],
			"to": [7.75, 3.125, 8.25],
			"faces": {
				"north": {"uv": [7.75, 7.875, 7.625, 8], "texture": "#0"},
				"south": {"uv": [7.625, 7.875, 7.75, 8], "texture": "#0"},
				"west": {"uv": [7.625, 7.875, 7.75, 8], "texture": "#0"},
				"up": {"uv": [7.625, 7.875, 7.75, 8], "texture": "#0"},
				"down": {"uv": [7.625, 7.875, 7.75, 8], "texture": "#0"}
			}
		},
		{
			"name": "Layer 1_6",
			"from": [8.125, 3, 7.875],
			"to": [8.25, 3.125, 8.25],
			"faces": {
				"north": {"uv": [8.25, 7.875, 8.125, 8], "texture": "#0"},
				"east": {"uv": [8.125, 7.875, 8.25, 8], "texture": "#0"},
				"south": {"uv": [8.125, 7.875, 8.25, 8], "texture": "#0"},
				"up": {"uv": [8.125, 7.875, 8.25, 8], "texture": "#0"},
				"down": {"uv": [8.125, 7.875, 8.25, 8], "texture": "#0"}
			}
		},
		{
			"name": "Layer 1_7",
			"from": [7.625, 0.625, 7.875],
			"to": [7.75, 1.625, 8.25],
			"faces": {
				"north": {"uv": [7.75, 9.375, 7.625, 10.375], "texture": "#0"},
				"east": {"uv": [7.625, 9.375, 7.75, 10.375], "texture": "#0"},
				"south": {"uv": [7.625, 9.375, 7.75, 10.375], "texture": "#0"},
				"west": {"uv": [7.625, 9.375, 7.75, 10.375], "texture": "#0"},
				"up": {"uv": [7.625, 9.375, 7.75, 9.5], "texture": "#0"},
				"down": {"uv": [7.625, 10.25, 7.75, 10.375], "texture": "#0"}
			}
		},
		{
			"name": "Layer 1_8",
			"from": [8.125, 0.625, 7.875],
			"to": [8.25, 1.625, 8.25],
			"faces": {
				"north": {"uv": [8.25, 9.375, 8.125, 10.375], "texture": "#0"},
				"east": {"uv": [8.125, 9.375, 8.25, 10.375], "texture": "#0"},
				"south": {"uv": [8.125, 9.375, 8.25, 10.375], "texture": "#0"},
				"west": {"uv": [8.125, 9.375, 8.25, 10.375], "texture": "#0"},
				"up": {"uv": [8.125, 9.375, 8.25, 9.5], "texture": "#0"},
				"down": {"uv": [8.125, 10.25, 8.25, 10.375], "texture": "#0"}
			}
		},
		{
			"name": "Layer 1_9",
			"from": [7.5, 0.5, 7.875],
			"to": [7.625, 1.125, 8.25],
			"faces": {
				"north": {"uv": [7.625, 9.875, 7.5, 10.5], "texture": "#0"},
				"east": {"uv": [7.5, 9.875, 7.625, 10.5], "texture": "#0"},
				"south": {"uv": [7.5, 9.875, 7.625, 10.5], "texture": "#0"},
				"west": {"uv": [7.5, 9.875, 7.625, 10.5], "texture": "#0"},
				"up": {"uv": [7.5, 9.875, 7.625, 10], "texture": "#0"},
				"down": {"uv": [7.5, 10.375, 7.625, 10.5], "texture": "#0"}
			}
		},
		{
			"name": "Layer 1_10",
			"from": [8.25, 0.5, 7.875],
			"to": [8.375, 1.125, 8.25],
			"faces": {
				"north": {"uv": [8.375, 9.875, 8.25, 10.5], "texture": "#0"},
				"east": {"uv": [8.25, 9.875, 8.375, 10.5], "texture": "#0"},
				"south": {"uv": [8.25, 9.875, 8.375, 10.5], "texture": "#0"},
				"west": {"uv": [8.25, 9.875, 8.375, 10.5], "texture": "#0"},
				"up": {"uv": [8.25, 9.875, 8.375, 10], "texture": "#0"},
				"down": {"uv": [8.25, 10.375, 8.375, 10.5], "texture": "#0"}
			}
		},
		{
			"name": "Layer 1_11",
			"from": [6.5, 0.625, 7.875],
			"to": [6.625, 1, 8.25],
			"faces": {
				"north": {"uv": [6.625, 10, 6.5, 10.375], "texture": "#0"},
				"east": {"uv": [6.5, 10, 6.625, 10.375], "texture": "#0"},
				"south": {"uv": [6.5, 10, 6.625, 10.375], "texture": "#0"},
				"west": {"uv": [6.5, 10, 6.625, 10.375], "texture": "#0"},
				"up": {"uv": [6.5, 10, 6.625, 10.125], "texture": "#0"},
				"down": {"uv": [6.5, 10.25, 6.625, 10.375], "texture": "#0"}
			}
		},
		{
			"name": "Layer 1_12",
			"from": [7.375, 0.5, 7.875],
			"to": [7.5, 1, 8.25],
			"faces": {
				"north": {"uv": [7.5, 10, 7.375, 10.5], "texture": "#0"},
				"south": {"uv": [7.375, 10, 7.5, 10.5], "texture": "#0"},
				"west": {"uv": [7.375, 10, 7.5, 10.5], "texture": "#0"},
				"up": {"uv": [7.375, 10, 7.5, 10.125], "texture": "#0"},
				"down": {"uv": [7.375, 10.375, 7.5, 10.5], "texture": "#0"}
			}
		},
		{
			"name": "Layer 1_13",
			"from": [8.375, 0.5, 7.875],
			"to": [8.5, 1, 8.25],
			"faces": {
				"north": {"uv": [8.5, 10, 8.375, 10.5], "texture": "#0"},
				"east": {"uv": [8.375, 10, 8.5, 10.5], "texture": "#0"},
				"south": {"uv": [8.375, 10, 8.5, 10.5], "texture": "#0"},
				"up": {"uv": [8.375, 10, 8.5, 10.125], "texture": "#0"},
				"down": {"uv": [8.375, 10.375, 8.5, 10.5], "texture": "#0"}
			}
		},
		{
			"name": "Layer 1_14",
			"from": [9.25, 0.625, 7.875],
			"to": [9.375, 1, 8.25],
			"faces": {
				"north": {"uv": [9.375, 10, 9.25, 10.375], "texture": "#0"},
				"east": {"uv": [9.25, 10, 9.375, 10.375], "texture": "#0"},
				"south": {"uv": [9.25, 10, 9.375, 10.375], "texture": "#0"},
				"west": {"uv": [9.25, 10, 9.375, 10.375], "texture": "#0"},
				"up": {"uv": [9.25, 10, 9.375, 10.125], "texture": "#0"},
				"down": {"uv": [9.25, 10.25, 9.375, 10.375], "texture": "#0"}
			}
		},
		{
			"name": "Layer 1_15",
			"from": [6.625, 0.5, 7.875],
			"to": [6.75, 0.875, 8.25],
			"faces": {
				"north": {"uv": [6.75, 10.125, 6.625, 10.5], "texture": "#0"},
				"east": {"uv": [6.625, 10.125, 6.75, 10.5], "texture": "#0"},
				"south": {"uv": [6.625, 10.125, 6.75, 10.5], "texture": "#0"},
				"west": {"uv": [6.625, 10.125, 6.75, 10.5], "texture": "#0"},
				"up": {"uv": [6.625, 10.125, 6.75, 10.25], "texture": "#0"},
				"down": {"uv": [6.625, 10.375, 6.75, 10.5], "texture": "#0"}
			}
		},
		{
			"name": "Layer 1_16",
			"from": [7.25, -0.375, 7.875],
			"to": [7.375, 0.875, 8.25],
			"faces": {
				"north": {"uv": [7.375, 10.125, 7.25, 11.375], "texture": "#0"},
				"east": {"uv": [7.25, 10.125, 7.375, 11.375], "texture": "#0"},
				"south": {"uv": [7.25, 10.125, 7.375, 11.375], "texture": "#0"},
				"west": {"uv": [7.25, 10.125, 7.375, 11.375], "texture": "#0"},
				"up": {"uv": [7.25, 10.125, 7.375, 10.25], "texture": "#0"},
				"down": {"uv": [7.25, 11.25, 7.375, 11.375], "texture": "#0"}
			}
		},
		{
			"name": "Layer 1_17",
			"from": [8.5, -0.375, 7.875],
			"to": [8.625, 0.875, 8.25],
			"faces": {
				"north": {"uv": [8.625, 10.125, 8.5, 11.375], "texture": "#0"},
				"east": {"uv": [8.5, 10.125, 8.625, 11.375], "texture": "#0"},
				"south": {"uv": [8.5, 10.125, 8.625, 11.375], "texture": "#0"},
				"west": {"uv": [8.5, 10.125, 8.625, 11.375], "texture": "#0"},
				"up": {"uv": [8.5, 10.125, 8.625, 10.25], "texture": "#0"},
				"down": {"uv": [8.5, 11.25, 8.625, 11.375], "texture": "#0"}
			}
		},
		{
			"name": "Layer 1_18",
			"from": [9.125, 0.5, 7.875],
			"to": [9.25, 0.875, 8.25],
			"faces": {
				"north": {"uv": [9.25, 10.125, 9.125, 10.5], "texture": "#0"},
				"east": {"uv": [9.125, 10.125, 9.25, 10.5], "texture": "#0"},
				"south": {"uv": [9.125, 10.125, 9.25, 10.5], "texture": "#0"},
				"west": {"uv": [9.125, 10.125, 9.25, 10.5], "texture": "#0"},
				"up": {"uv": [9.125, 10.125, 9.25, 10.25], "texture": "#0"},
				"down": {"uv": [9.125, 10.375, 9.25, 10.5], "texture": "#0"}
			}
		},
		{
			"name": "Layer 1_19",
			"from": [6.75, 0.375, 7.875],
			"to": [7.25, 0.75, 8.25],
			"faces": {
				"north": {"uv": [7.25, 10.25, 6.75, 10.625], "texture": "#0"},
				"south": {"uv": [6.75, 10.25, 7.25, 10.625], "texture": "#0"},
				"west": {"uv": [6.75, 10.25, 6.875, 10.625], "texture": "#0"},
				"up": {"uv": [6.75, 10.25, 7.25, 10.375], "texture": "#0"},
				"down": {"uv": [6.75, 10.5, 7.25, 10.625], "texture": "#0"}
			}
		},
		{
			"name": "Layer 1_20",
			"from": [8.625, 0.375, 7.875],
			"to": [9.125, 0.75, 8.25],
			"faces": {
				"north": {"uv": [9.125, 10.25, 8.625, 10.625], "texture": "#0"},
				"east": {"uv": [9, 10.25, 9.125, 10.625], "texture": "#0"},
				"south": {"uv": [8.625, 10.25, 9.125, 10.625], "texture": "#0"},
				"up": {"uv": [8.625, 10.25, 9.125, 10.375], "texture": "#0"},
				"down": {"uv": [8.625, 10.5, 9.125, 10.625], "texture": "#0"}
			}
		},
		{
			"name": "Layer 1_21",
			"from": [6.875, 0.25, 7.875],
			"to": [7.25, 0.375, 8.25],
			"faces": {
				"north": {"uv": [7.25, 10.625, 6.875, 10.75], "texture": "#0"},
				"south": {"uv": [6.875, 10.625, 7.25, 10.75], "texture": "#0"},
				"west": {"uv": [6.875, 10.625, 7, 10.75], "texture": "#0"},
				"down": {"uv": [6.875, 10.625, 7.25, 10.75], "texture": "#0"}
			}
		},
		{
			"name": "Layer 1_22",
			"from": [7.375, -0.375, 7.875],
			"to": [7.625, 0.375, 8.25],
			"faces": {
				"north": {"uv": [7.625, 10.625, 7.375, 11.375], "texture": "#0"},
				"east": {"uv": [7.5, 10.625, 7.625, 11.375], "texture": "#0"},
				"south": {"uv": [7.375, 10.625, 7.625, 11.375], "texture": "#0"},
				"up": {"uv": [7.375, 10.625, 7.625, 10.75], "texture": "#0"},
				"down": {"uv": [7.375, 11.25, 7.625, 11.375], "texture": "#0"}
			}
		},
		{
			"name": "Layer 1_23",
			"from": [8.25, -0.375, 7.875],
			"to": [8.5, 0.375, 8.25],
			"faces": {
				"north": {"uv": [8.5, 10.625, 8.25, 11.375], "texture": "#0"},
				"south": {"uv": [8.25, 10.625, 8.5, 11.375], "texture": "#0"},
				"west": {"uv": [8.25, 10.625, 8.375, 11.375], "texture": "#0"},
				"up": {"uv": [8.25, 10.625, 8.5, 10.75], "texture": "#0"},
				"down": {"uv": [8.25, 11.25, 8.5, 11.375], "texture": "#0"}
			}
		},
		{
			"name": "Layer 1_24",
			"from": [8.625, 0.125, 7.875],
			"to": [8.875, 0.375, 8.25],
			"faces": {
				"north": {"uv": [8.875, 10.625, 8.625, 10.875], "texture": "#0"},
				"east": {"uv": [8.75, 10.625, 8.875, 10.875], "texture": "#0"},
				"south": {"uv": [8.625, 10.625, 8.875, 10.875], "texture": "#0"},
				"down": {"uv": [8.625, 10.75, 8.875, 10.875], "texture": "#0"}
			}
		},
		{
			"name": "Layer 1_25",
			"from": [8.875, 0.25, 7.875],
			"to": [9, 0.375, 8.25],
			"faces": {
				"north": {"uv": [9, 10.625, 8.875, 10.75], "texture": "#0"},
				"east": {"uv": [8.875, 10.625, 9, 10.75], "texture": "#0"},
				"south": {"uv": [8.875, 10.625, 9, 10.75], "texture": "#0"},
				"down": {"uv": [8.875, 10.625, 9, 10.75], "texture": "#0"}
			}
		},
		{
			"name": "Layer 1_26",
			"from": [7, 0.125, 7.875],
			"to": [7.25, 0.25, 8.25],
			"faces": {
				"north": {"uv": [7.25, 10.75, 7, 10.875], "texture": "#0"},
				"south": {"uv": [7, 10.75, 7.25, 10.875], "texture": "#0"},
				"west": {"uv": [7, 10.75, 7.125, 10.875], "texture": "#0"},
				"down": {"uv": [7, 10.75, 7.25, 10.875], "texture": "#0"}
			}
		},
		{
			"name": "Layer 1_27",
			"from": [7.625, -0.5, 7.875],
			"to": [7.75, 0.25, 8.25],
			"faces": {
				"north": {"uv": [7.75, 10.75, 7.625, 11.5], "texture": "#0"},
				"east": {"uv": [7.625, 10.75, 7.75, 11.5], "texture": "#0"},
				"south": {"uv": [7.625, 10.75, 7.75, 11.5], "texture": "#0"},
				"west": {"uv": [7.625, 10.75, 7.75, 11.5], "texture": "#0"},
				"up": {"uv": [7.625, 10.75, 7.75, 10.875], "texture": "#0"},
				"down": {"uv": [7.625, 11.375, 7.75, 11.5], "texture": "#0"}
			}
		},
		{
			"name": "Layer 1_28",
			"from": [8.125, -0.5, 7.875],
			"to": [8.25, 0.25, 8.25],
			"faces": {
				"north": {"uv": [8.25, 10.75, 8.125, 11.5], "texture": "#0"},
				"east": {"uv": [8.125, 10.75, 8.25, 11.5], "texture": "#0"},
				"south": {"uv": [8.125, 10.75, 8.25, 11.5], "texture": "#0"},
				"west": {"uv": [8.125, 10.75, 8.25, 11.5], "texture": "#0"},
				"up": {"uv": [8.125, 10.75, 8.25, 10.875], "texture": "#0"},
				"down": {"uv": [8.125, 11.375, 8.25, 11.5], "texture": "#0"}
			}
		},
		{
			"name": "Layer 1_29",
			"from": [7.125, -0.5, 7.875],
			"to": [7.25, 0.125, 8.25],
			"faces": {
				"north": {"uv": [7.25, 10.875, 7.125, 11.5], "texture": "#0"},
				"east": {"uv": [7.125, 10.875, 7.25, 11.5], "texture": "#0"},
				"south": {"uv": [7.125, 10.875, 7.25, 11.5], "texture": "#0"},
				"west": {"uv": [7.125, 10.875, 7.25, 11.5], "texture": "#0"},
				"down": {"uv": [7.125, 11.375, 7.25, 11.5], "texture": "#0"}
			}
		},
		{
			"name": "Layer 1_30",
			"from": [7.75, -0.625, 7.875],
			"to": [7.875, 0.125, 8.25],
			"faces": {
				"north": {"uv": [7.875, 10.875, 7.75, 11.625], "texture": "#0"},
				"east": {"uv": [7.75, 10.875, 7.875, 11.625], "texture": "#0"},
				"south": {"uv": [7.75, 10.875, 7.875, 11.625], "texture": "#0"},
				"west": {"uv": [7.75, 10.875, 7.875, 11.625], "texture": "#0"},
				"up": {"uv": [7.75, 10.875, 7.875, 11], "texture": "#0"},
				"down": {"uv": [7.75, 11.5, 7.875, 11.625], "texture": "#0"}
			}
		},
		{
			"name": "Layer 1_31",
			"from": [8, -0.625, 7.875],
			"to": [8.125, 0.125, 8.25],
			"faces": {
				"north": {"uv": [8.125, 10.875, 8, 11.625], "texture": "#0"},
				"east": {"uv": [8, 10.875, 8.125, 11.625], "texture": "#0"},
				"south": {"uv": [8, 10.875, 8.125, 11.625], "texture": "#0"},
				"west": {"uv": [8, 10.875, 8.125, 11.625], "texture": "#0"},
				"up": {"uv": [8, 10.875, 8.125, 11], "texture": "#0"},
				"down": {"uv": [8, 11.5, 8.125, 11.625], "texture": "#0"}
			}
		},
		{
			"name": "Layer 1_32",
			"from": [8.625, -0.5, 7.875],
			"to": [8.75, 0.125, 8.25],
			"faces": {
				"north": {"uv": [8.75, 10.875, 8.625, 11.5], "texture": "#0"},
				"east": {"uv": [8.625, 10.875, 8.75, 11.5], "texture": "#0"},
				"south": {"uv": [8.625, 10.875, 8.75, 11.5], "texture": "#0"},
				"west": {"uv": [8.625, 10.875, 8.75, 11.5], "texture": "#0"},
				"down": {"uv": [8.625, 11.375, 8.75, 11.5], "texture": "#0"}
			}
		},
		{
			"name": "Layer 1_33",
			"from": [7, -0.75, 7.875],
			"to": [7.125, -0.125, 8.25],
			"faces": {
				"north": {"uv": [7.125, 11.125, 7, 11.75], "texture": "#0"},
				"east": {"uv": [7, 11.125, 7.125, 11.75], "texture": "#0"},
				"south": {"uv": [7, 11.125, 7.125, 11.75], "texture": "#0"},
				"west": {"uv": [7, 11.125, 7.125, 11.75], "texture": "#0"},
				"up": {"uv": [7, 11.125, 7.125, 11.25], "texture": "#0"},
				"down": {"uv": [7, 11.625, 7.125, 11.75], "texture": "#0"}
			}
		},
		{
			"name": "Layer 1_34",
			"from": [7.875, -0.75, 7.875],
			"to": [8, -0.125, 8.25],
			"faces": {
				"north": {"uv": [8, 11.125, 7.875, 11.75], "texture": "#0"},
				"east": {"uv": [7.875, 11.125, 8, 11.75], "texture": "#0"},
				"south": {"uv": [7.875, 11.125, 8, 11.75], "texture": "#0"},
				"west": {"uv": [7.875, 11.125, 8, 11.75], "texture": "#0"},
				"up": {"uv": [7.875, 11.125, 8, 11.25], "texture": "#0"},
				"down": {"uv": [7.875, 11.625, 8, 11.75], "texture": "#0"}
			}
		},
		{
			"name": "Layer 1_35",
			"from": [8.75, -0.75, 7.875],
			"to": [8.875, -0.125, 8.25],
			"faces": {
				"north": {"uv": [8.875, 11.125, 8.75, 11.75], "texture": "#0"},
				"east": {"uv": [8.75, 11.125, 8.875, 11.75], "texture": "#0"},
				"south": {"uv": [8.75, 11.125, 8.875, 11.75], "texture": "#0"},
				"west": {"uv": [8.75, 11.125, 8.875, 11.75], "texture": "#0"},
				"up": {"uv": [8.75, 11.125, 8.875, 11.25], "texture": "#0"},
				"down": {"uv": [8.75, 11.625, 8.875, 11.75], "texture": "#0"}
			}
		},
		{
			"name": "Layer 2_0",
			"from": [5.875, 0.25, 7.9375],
			"to": [6.125, 0.5, 8.1875],
			"faces": {
				"north": {"uv": [6.125, 10.5, 5.875, 10.75], "texture": "#0"},
				"east": {"uv": [6, 10.5, 6.125, 10.75], "texture": "#0"},
				"south": {"uv": [5.875, 10.5, 6.125, 10.75], "texture": "#0"},
				"west": {"uv": [5.875, 10.5, 6, 10.75], "texture": "#0"},
				"up": {"uv": [5.875, 10.5, 6.125, 10.625], "texture": "#0"},
				"down": {"uv": [5.875, 10.625, 6.125, 10.75], "texture": "#0"}
			}
		},
		{
			"name": "Layer 2_1",
			"from": [9.75, 0.25, 7.9375],
			"to": [10, 0.5, 8.1875],
			"faces": {
				"north": {"uv": [10, 10.5, 9.75, 10.75], "texture": "#0"},
				"east": {"uv": [9.875, 10.5, 10, 10.75], "texture": "#0"},
				"south": {"uv": [9.75, 10.5, 10, 10.75], "texture": "#0"},
				"west": {"uv": [9.75, 10.5, 9.875, 10.75], "texture": "#0"},
				"up": {"uv": [9.75, 10.5, 10, 10.625], "texture": "#0"},
				"down": {"uv": [9.75, 10.625, 10, 10.75], "texture": "#0"}
			}
		},
		{
			"name": "Layer 2_2",
			"from": [6.125, -0.125, 7.9375],
			"to": [6.375, 0.375, 8.1875],
			"faces": {
				"north": {"uv": [6.375, 10.625, 6.125, 11.125], "texture": "#0"},
				"east": {"uv": [6.25, 10.625, 6.375, 11.125], "texture": "#0"},
				"south": {"uv": [6.125, 10.625, 6.375, 11.125], "texture": "#0"},
				"west": {"uv": [6.125, 10.625, 6.25, 11.125], "texture": "#0"},
				"up": {"uv": [6.125, 10.625, 6.375, 10.75], "texture": "#0"},
				"down": {"uv": [6.125, 11, 6.375, 11.125], "texture": "#0"}
			}
		},
		{
			"name": "Layer 2_3",
			"from": [9.5, -0.125, 7.9375],
			"to": [9.75, 0.375, 8.1875],
			"faces": {
				"north": {"uv": [9.75, 10.625, 9.5, 11.125], "texture": "#0"},
				"east": {"uv": [9.625, 10.625, 9.75, 11.125], "texture": "#0"},
				"south": {"uv": [9.5, 10.625, 9.75, 11.125], "texture": "#0"},
				"west": {"uv": [9.5, 10.625, 9.625, 11.125], "texture": "#0"},
				"up": {"uv": [9.5, 10.625, 9.75, 10.75], "texture": "#0"},
				"down": {"uv": [9.5, 11, 9.75, 11.125], "texture": "#0"}
			}
		},
		{
			"name": "Layer 2_4",
			"from": [6, 0, 7.9375],
			"to": [6.125, 0.25, 8.1875],
			"faces": {
				"north": {"uv": [6.125, 10.75, 6, 11], "texture": "#0"},
				"south": {"uv": [6, 10.75, 6.125, 11], "texture": "#0"},
				"west": {"uv": [6, 10.75, 6.125, 11], "texture": "#0"},
				"down": {"uv": [6, 10.875, 6.125, 11], "texture": "#0"}
			}
		},
		{
			"name": "Layer 2_5",
			"from": [6.375, 0, 7.9375],
			"to": [7, 0.25, 8.1875],
			"faces": {
				"north": {"uv": [7, 10.75, 6.375, 11], "texture": "#0"},
				"south": {"uv": [6.375, 10.75, 7, 11], "texture": "#0"},
				"up": {"uv": [6.375, 10.75, 7, 10.875], "texture": "#0"},
				"down": {"uv": [6.375, 10.875, 7, 11], "texture": "#0"}
			}
		},
		{
			"name": "Layer 2_6",
			"from": [8.875, 0, 7.9375],
			"to": [9.5, 0.25, 8.1875],
			"faces": {
				"north": {"uv": [9.5, 10.75, 8.875, 11], "texture": "#0"},
				"south": {"uv": [8.875, 10.75, 9.5, 11], "texture": "#0"},
				"up": {"uv": [8.875, 10.75, 9.5, 10.875], "texture": "#0"},
				"down": {"uv": [8.875, 10.875, 9.5, 11], "texture": "#0"}
			}
		},
		{
			"name": "Layer 2_7",
			"from": [9.75, 0, 7.9375],
			"to": [9.875, 0.25, 8.1875],
			"faces": {
				"north": {"uv": [9.875, 10.75, 9.75, 11], "texture": "#0"},
				"east": {"uv": [9.75, 10.75, 9.875, 11], "texture": "#0"},
				"south": {"uv": [9.75, 10.75, 9.875, 11], "texture": "#0"},
				"down": {"uv": [9.75, 10.875, 9.875, 11], "texture": "#0"}
			}
		},
		{
			"name": "Layer 2_8",
			"from": [7, 0, 7.9375],
			"to": [7.125, 0.125, 8.1875],
			"faces": {
				"north": {"uv": [7.125, 10.875, 7, 11], "texture": "#0"},
				"south": {"uv": [7, 10.875, 7.125, 11], "texture": "#0"},
				"down": {"uv": [7, 10.875, 7.125, 11], "texture": "#0"}
			}
		},
		{
			"name": "Layer 2_9",
			"from": [8.75, 0, 7.9375],
			"to": [8.875, 0.125, 8.1875],
			"faces": {
				"north": {"uv": [8.875, 10.875, 8.75, 11], "texture": "#0"},
				"south": {"uv": [8.75, 10.875, 8.875, 11], "texture": "#0"},
				"down": {"uv": [8.75, 10.875, 8.875, 11], "texture": "#0"}
			}
		},
		{
			"name": "Layer 2_10",
			"from": [6.125, -0.25, 7.9375],
			"to": [6.25, -0.125, 8.1875],
			"faces": {
				"north": {"uv": [6.25, 11.125, 6.125, 11.25], "texture": "#0"},
				"east": {"uv": [6.125, 11.125, 6.25, 11.25], "texture": "#0"},
				"south": {"uv": [6.125, 11.125, 6.25, 11.25], "texture": "#0"},
				"west": {"uv": [6.125, 11.125, 6.25, 11.25], "texture": "#0"},
				"down": {"uv": [6.125, 11.125, 6.25, 11.25], "texture": "#0"}
			}
		},
		{
			"name": "Layer 2_11",
			"from": [9.625, -0.25, 7.9375],
			"to": [9.75, -0.125, 8.1875],
			"faces": {
				"north": {"uv": [9.75, 11.125, 9.625, 11.25], "texture": "#0"},
				"east": {"uv": [9.625, 11.125, 9.75, 11.25], "texture": "#0"},
				"south": {"uv": [9.625, 11.125, 9.75, 11.25], "texture": "#0"},
				"west": {"uv": [9.625, 11.125, 9.75, 11.25], "texture": "#0"},
				"down": {"uv": [9.625, 11.125, 9.75, 11.25], "texture": "#0"}
			}
		},
		{
			"name": "Layer 2_12",
			"from": [7.75, -3.875, 7.9375],
			"to": [7.875, -0.625, 8.1875],
			"faces": {
				"north": {"uv": [7.875, 11.625, 7.75, 14.875], "texture": "#0"},
				"south": {"uv": [7.75, 11.625, 7.875, 14.875], "texture": "#0"},
				"west": {"uv": [7.75, 11.625, 7.875, 14.875], "texture": "#0"},
				"down": {"uv": [7.75, 14.75, 7.875, 14.875], "texture": "#0"}
			}
		},
		{
			"name": "Layer 2_13",
			"from": [8, -3.875, 7.9375],
			"to": [8.125, -0.625, 8.1875],
			"faces": {
				"north": {"uv": [8.125, 11.625, 8, 14.875], "texture": "#0"},
				"east": {"uv": [8, 11.625, 8.125, 14.875], "texture": "#0"},
				"south": {"uv": [8, 11.625, 8.125, 14.875], "texture": "#0"},
				"down": {"uv": [8, 14.75, 8.125, 14.875], "texture": "#0"}
			}
		},
		{
			"name": "Layer 2_14",
			"from": [7.875, -4.125, 7.9375],
			"to": [8, -0.75, 8.1875],
			"faces": {
				"north": {"uv": [8, 11.75, 7.875, 15.125], "texture": "#0"},
				"east": {"uv": [7.875, 11.75, 8, 15.125], "texture": "#0"},
				"south": {"uv": [7.875, 11.75, 8, 15.125], "texture": "#0"},
				"west": {"uv": [7.875, 11.75, 8, 15.125], "texture": "#0"},
				"down": {"uv": [7.875, 15, 8, 15.125], "texture": "#0"}
			}
		},
		{
			"name": "Layer 2_15",
			"from": [7.375, -3.125, 7.9375],
			"to": [7.5, -2.625, 8.1875],
			"faces": {
				"north": {"uv": [7.5, 13.625, 7.375, 14.125], "texture": "#0"},
				"east": {"uv": [7.375, 13.625, 7.5, 14.125], "texture": "#0"},
				"south": {"uv": [7.375, 13.625, 7.5, 14.125], "texture": "#0"},
				"west": {"uv": [7.375, 13.625, 7.5, 14.125], "texture": "#0"},
				"up": {"uv": [7.375, 13.625, 7.5, 13.75], "texture": "#0"},
				"down": {"uv": [7.375, 14, 7.5, 14.125], "texture": "#0"}
			}
		},
		{
			"name": "Layer 2_16",
			"from": [8.375, -3.125, 7.9375],
			"to": [8.5, -2.625, 8.1875],
			"faces": {
				"north": {"uv": [8.5, 13.625, 8.375, 14.125], "texture": "#0"},
				"east": {"uv": [8.375, 13.625, 8.5, 14.125], "texture": "#0"},
				"south": {"uv": [8.375, 13.625, 8.5, 14.125], "texture": "#0"},
				"west": {"uv": [8.375, 13.625, 8.5, 14.125], "texture": "#0"},
				"up": {"uv": [8.375, 13.625, 8.5, 13.75], "texture": "#0"},
				"down": {"uv": [8.375, 14, 8.5, 14.125], "texture": "#0"}
			}
		},
		{
			"name": "Layer 2_17",
			"from": [7.5, -3.25, 7.9375],
			"to": [7.625, -2.75, 8.1875],
			"faces": {
				"north": {"uv": [7.625, 13.75, 7.5, 14.25], "texture": "#0"},
				"east": {"uv": [7.5, 13.75, 7.625, 14.25], "texture": "#0"},
				"south": {"uv": [7.5, 13.75, 7.625, 14.25], "texture": "#0"},
				"west": {"uv": [7.5, 13.75, 7.625, 14.25], "texture": "#0"},
				"up": {"uv": [7.5, 13.75, 7.625, 13.875], "texture": "#0"},
				"down": {"uv": [7.5, 14.125, 7.625, 14.25], "texture": "#0"}
			}
		},
		{
			"name": "Layer 2_18",
			"from": [8.25, -3.25, 7.9375],
			"to": [8.375, -2.75, 8.1875],
			"faces": {
				"north": {"uv": [8.375, 13.75, 8.25, 14.25], "texture": "#0"},
				"east": {"uv": [8.25, 13.75, 8.375, 14.25], "texture": "#0"},
				"south": {"uv": [8.25, 13.75, 8.375, 14.25], "texture": "#0"},
				"west": {"uv": [8.25, 13.75, 8.375, 14.25], "texture": "#0"},
				"up": {"uv": [8.25, 13.75, 8.375, 13.875], "texture": "#0"},
				"down": {"uv": [8.25, 14.125, 8.375, 14.25], "texture": "#0"}
			}
		},
		{
			"name": "Layer 2_19",
			"from": [7.625, -3.625, 7.9375],
			"to": [7.75, -2.875, 8.1875],
			"faces": {
				"north": {"uv": [7.75, 13.875, 7.625, 14.625], "texture": "#0"},
				"south": {"uv": [7.625, 13.875, 7.75, 14.625], "texture": "#0"},
				"west": {"uv": [7.625, 13.875, 7.75, 14.625], "texture": "#0"},
				"up": {"uv": [7.625, 13.875, 7.75, 14], "texture": "#0"},
				"down": {"uv": [7.625, 14.5, 7.75, 14.625], "texture": "#0"}
			}
		},
		{
			"name": "Layer 2_20",
			"from": [8.125, -3.625, 7.9375],
			"to": [8.25, -2.875, 8.1875],
			"faces": {
				"north": {"uv": [8.25, 13.875, 8.125, 14.625], "texture": "#0"},
				"east": {"uv": [8.125, 13.875, 8.25, 14.625], "texture": "#0"},
				"south": {"uv": [8.125, 13.875, 8.25, 14.625], "texture": "#0"},
				"up": {"uv": [8.125, 13.875, 8.25, 14], "texture": "#0"},
				"down": {"uv": [8.125, 14.5, 8.25, 14.625], "texture": "#0"}
			}
		},
		{
			"name": "dragon_slaying_22blade1-213export_0",
			"from": [7.875, 5, 7.9375],
			"to": [8, 7.625, 8.1875],
			"faces": {
				"north": {"uv": [8, 3.375, 7.875, 6], "texture": "#0"},
				"east": {"uv": [7.875, 3.375, 8, 6], "texture": "#0"},
				"south": {"uv": [7.875, 3.375, 8, 6], "texture": "#0"},
				"west": {"uv": [7.875, 3.375, 8, 6], "texture": "#0"},
				"up": {"uv": [7.875, 3.375, 8, 3.5], "texture": "#0"}
			}
		},
		{
			"name": "dragon_slaying_22blade1-213export_1",
			"from": [7.75, 4.75, 7.9375],
			"to": [7.875, 7.375, 8.1875],
			"faces": {
				"north": {"uv": [7.875, 3.625, 7.75, 6.25], "texture": "#0"},
				"south": {"uv": [7.75, 3.625, 7.875, 6.25], "texture": "#0"},
				"west": {"uv": [7.75, 3.625, 7.875, 6.25], "texture": "#0"},
				"up": {"uv": [7.75, 3.625, 7.875, 3.75], "texture": "#0"}
			}
		},
		{
			"name": "dragon_slaying_22blade1-213export_2",
			"from": [8, 4.75, 7.9375],
			"to": [8.125, 7.375, 8.1875],
			"faces": {
				"north": {"uv": [8.125, 3.625, 8, 6.25], "texture": "#0"},
				"east": {"uv": [8, 3.625, 8.125, 6.25], "texture": "#0"},
				"south": {"uv": [8, 3.625, 8.125, 6.25], "texture": "#0"},
				"up": {"uv": [8, 3.625, 8.125, 3.75], "texture": "#0"}
			}
		},
		{
			"name": "dragon_slaying_22blade1-213export_3",
			"from": [7.625, 4, 7.9375],
			"to": [7.75, 7, 8.1875],
			"faces": {
				"north": {"uv": [7.75, 4, 7.625, 7], "texture": "#0"},
				"south": {"uv": [7.625, 4, 7.75, 7], "texture": "#0"},
				"west": {"uv": [7.625, 4, 7.75, 7], "texture": "#0"},
				"up": {"uv": [7.625, 4, 7.75, 4.125], "texture": "#0"}
			}
		},
		{
			"name": "dragon_slaying_22blade1-213export_4",
			"from": [8.125, 4, 7.9375],
			"to": [8.25, 7, 8.1875],
			"faces": {
				"north": {"uv": [8.25, 4, 8.125, 7], "texture": "#0"},
				"east": {"uv": [8.125, 4, 8.25, 7], "texture": "#0"},
				"south": {"uv": [8.125, 4, 8.25, 7], "texture": "#0"},
				"up": {"uv": [8.125, 4, 8.25, 4.125], "texture": "#0"}
			}
		},
		{
			"name": "dragon_slaying_22blade1-213export_5",
			"from": [7.5, 3.75, 7.9375],
			"to": [7.625, 4.125, 8.1875],
			"faces": {
				"north": {"uv": [7.625, 6.875, 7.5, 7.25], "texture": "#0"},
				"south": {"uv": [7.5, 6.875, 7.625, 7.25], "texture": "#0"},
				"west": {"uv": [7.5, 6.875, 7.625, 7.25], "texture": "#0"},
				"up": {"uv": [7.5, 6.875, 7.625, 7], "texture": "#0"},
				"down": {"uv": [7.5, 7.125, 7.625, 7.25], "texture": "#0"}
			}
		},
		{
			"name": "dragon_slaying_22blade1-213export_6",
			"from": [8.25, 3.75, 7.9375],
			"to": [8.375, 4.125, 8.1875],
			"faces": {
				"north": {"uv": [8.375, 6.875, 8.25, 7.25], "texture": "#0"},
				"east": {"uv": [8.25, 6.875, 8.375, 7.25], "texture": "#0"},
				"south": {"uv": [8.25, 6.875, 8.375, 7.25], "texture": "#0"},
				"up": {"uv": [8.25, 6.875, 8.375, 7], "texture": "#0"},
				"down": {"uv": [8.25, 7.125, 8.375, 7.25], "texture": "#0"}
			}
		},
		{
			"name": "dragon_slaying_22blade1-213export_7",
			"from": [7.375, 3.875, 7.9375],
			"to": [7.5, 4, 8.1875],
			"faces": {
				"north": {"uv": [7.5, 7, 7.375, 7.125], "texture": "#0"},
				"south": {"uv": [7.375, 7, 7.5, 7.125], "texture": "#0"},
				"west": {"uv": [7.375, 7, 7.5, 7.125], "texture": "#0"},
				"up": {"uv": [7.375, 7, 7.5, 7.125], "texture": "#0"},
				"down": {"uv": [7.375, 7, 7.5, 7.125], "texture": "#0"}
			}
		},
		{
			"name": "dragon_slaying_22blade1-213export_8",
			"from": [8.375, 3.875, 7.9375],
			"to": [8.5, 4, 8.1875],
			"faces": {
				"north": {"uv": [8.5, 7, 8.375, 7.125], "texture": "#0"},
				"east": {"uv": [8.375, 7, 8.5, 7.125], "texture": "#0"},
				"south": {"uv": [8.375, 7, 8.5, 7.125], "texture": "#0"},
				"up": {"uv": [8.375, 7, 8.5, 7.125], "texture": "#0"},
				"down": {"uv": [8.375, 7, 8.5, 7.125], "texture": "#0"}
			}
		},
		{
			"name": "dragon_slaying_22blade1-213export_9",
			"from": [7.625, 3.125, 7.9375],
			"to": [7.75, 3.875, 8.1875],
			"faces": {
				"north": {"uv": [7.75, 7.125, 7.625, 7.875], "texture": "#0"},
				"south": {"uv": [7.625, 7.125, 7.75, 7.875], "texture": "#0"},
				"west": {"uv": [7.625, 7.125, 7.75, 7.875], "texture": "#0"}
			}
		},
		{
			"name": "dragon_slaying_22blade1-213export_10",
			"from": [8.125, 3.125, 7.9375],
			"to": [8.25, 3.875, 8.1875],
			"faces": {
				"north": {"uv": [8.25, 7.125, 8.125, 7.875], "texture": "#0"},
				"east": {"uv": [8.125, 7.125, 8.25, 7.875], "texture": "#0"},
				"south": {"uv": [8.125, 7.125, 8.25, 7.875], "texture": "#0"}
			}
		},
		{
			"name": "dragon_slaying_22blade1-213export_11",
			"from": [7.5, 2.875, 7.9375],
			"to": [7.625, 3.25, 8.1875],
			"faces": {
				"north": {"uv": [7.625, 7.75, 7.5, 8.125], "texture": "#0"},
				"south": {"uv": [7.5, 7.75, 7.625, 8.125], "texture": "#0"},
				"west": {"uv": [7.5, 7.75, 7.625, 8.125], "texture": "#0"},
				"up": {"uv": [7.5, 7.75, 7.625, 7.875], "texture": "#0"},
				"down": {"uv": [7.5, 8, 7.625, 8.125], "texture": "#0"}
			}
		},
		{
			"name": "dragon_slaying_22blade1-213export_12",
			"from": [8.25, 2.875, 7.9375],
			"to": [8.375, 3.25, 8.1875],
			"faces": {
				"north": {"uv": [8.375, 7.75, 8.25, 8.125], "texture": "#0"},
				"east": {"uv": [8.25, 7.75, 8.375, 8.125], "texture": "#0"},
				"south": {"uv": [8.25, 7.75, 8.375, 8.125], "texture": "#0"},
				"up": {"uv": [8.25, 7.75, 8.375, 7.875], "texture": "#0"},
				"down": {"uv": [8.25, 8, 8.375, 8.125], "texture": "#0"}
			}
		},
		{
			"name": "dragon_slaying_22blade1-213export_13",
			"from": [7.375, 3, 7.9375],
			"to": [7.5, 3.125, 8.1875],
			"faces": {
				"north": {"uv": [7.5, 7.875, 7.375, 8], "texture": "#0"},
				"south": {"uv": [7.375, 7.875, 7.5, 8], "texture": "#0"},
				"west": {"uv": [7.375, 7.875, 7.5, 8], "texture": "#0"},
				"up": {"uv": [7.375, 7.875, 7.5, 8], "texture": "#0"},
				"down": {"uv": [7.375, 7.875, 7.5, 8], "texture": "#0"}
			}
		},
		{
			"name": "dragon_slaying_22blade1-213export_14",
			"from": [8.375, 3, 7.9375],
			"to": [8.5, 3.125, 8.1875],
			"faces": {
				"north": {"uv": [8.5, 7.875, 8.375, 8], "texture": "#0"},
				"east": {"uv": [8.375, 7.875, 8.5, 8], "texture": "#0"},
				"south": {"uv": [8.375, 7.875, 8.5, 8], "texture": "#0"},
				"up": {"uv": [8.375, 7.875, 8.5, 8], "texture": "#0"},
				"down": {"uv": [8.375, 7.875, 8.5, 8], "texture": "#0"}
			}
		},
		{
			"name": "dragon_slaying_22blade1-213export_15",
			"from": [7.625, 1.625, 7.9375],
			"to": [7.75, 3, 8.1875],
			"faces": {
				"north": {"uv": [7.75, 8, 7.625, 9.375], "texture": "#0"},
				"south": {"uv": [7.625, 8, 7.75, 9.375], "texture": "#0"},
				"west": {"uv": [7.625, 8, 7.75, 9.375], "texture": "#0"}
			}
		},
		{
			"name": "dragon_slaying_22blade1-213export_16",
			"from": [8.125, 1.625, 7.9375],
			"to": [8.25, 3, 8.1875],
			"faces": {
				"north": {"uv": [8.25, 8, 8.125, 9.375], "texture": "#0"},
				"east": {"uv": [8.125, 8, 8.25, 9.375], "texture": "#0"},
				"south": {"uv": [8.125, 8, 8.25, 9.375], "texture": "#0"}
			}
		},
		{
			"name": "dragon_slaying_22blade1-213export_17",
			"from": [7.5, 1.125, 7.9375],
			"to": [7.625, 1.875, 8.1875],
			"faces": {
				"north": {"uv": [7.625, 9.125, 7.5, 9.875], "texture": "#0"},
				"south": {"uv": [7.5, 9.125, 7.625, 9.875], "texture": "#0"},
				"west": {"uv": [7.5, 9.125, 7.625, 9.875], "texture": "#0"},
				"up": {"uv": [7.5, 9.125, 7.625, 9.25], "texture": "#0"}
			}
		},
		{
			"name": "dragon_slaying_22blade1-213export_18",
			"from": [8.25, 1, 7.9375],
			"to": [8.375, 1.875, 8.1875],
			"faces": {
				"north": {"uv": [8.375, 9.125, 8.25, 10], "texture": "#0"},
				"east": {"uv": [8.25, 9.125, 8.375, 10], "texture": "#0"},
				"south": {"uv": [8.25, 9.125, 8.375, 10], "texture": "#0"},
				"up": {"uv": [8.25, 9.125, 8.375, 9.25], "texture": "#0"}
			}
		},
		{
			"name": "dragon_slaying_22blade1-213export_19",
			"from": [7.375, 1, 7.9375],
			"to": [7.5, 1.5, 8.1875],
			"faces": {
				"north": {"uv": [7.5, 9.5, 7.375, 10], "texture": "#0"},
				"south": {"uv": [7.375, 9.5, 7.5, 10], "texture": "#0"},
				"west": {"uv": [7.375, 9.5, 7.5, 10], "texture": "#0"},
				"up": {"uv": [7.375, 9.5, 7.5, 9.625], "texture": "#0"}
			}
		},
		{
			"name": "dragon_slaying_22blade1-213export_20",
			"from": [8.375, 1, 7.9375],
			"to": [8.5, 1.5, 8.1875],
			"faces": {
				"north": {"uv": [8.5, 9.5, 8.375, 10], "texture": "#0"},
				"east": {"uv": [8.375, 9.5, 8.5, 10], "texture": "#0"},
				"south": {"uv": [8.375, 9.5, 8.5, 10], "texture": "#0"},
				"up": {"uv": [8.375, 9.5, 8.5, 9.625], "texture": "#0"}
			}
		},
		{
			"name": "dragon_slaying_22blade1-213export_21",
			"from": [7.25, 0.875, 7.9375],
			"to": [7.375, 1.375, 8.1875],
			"faces": {
				"north": {"uv": [7.375, 9.625, 7.25, 10.125], "texture": "#0"},
				"south": {"uv": [7.25, 9.625, 7.375, 10.125], "texture": "#0"},
				"west": {"uv": [7.25, 9.625, 7.375, 10.125], "texture": "#0"},
				"up": {"uv": [7.25, 9.625, 7.375, 9.75], "texture": "#0"}
			}
		},
		{
			"name": "dragon_slaying_22blade1-213export_22",
			"from": [8.5, 0.875, 7.9375],
			"to": [8.625, 1.375, 8.1875],
			"faces": {
				"north": {"uv": [8.625, 9.625, 8.5, 10.125], "texture": "#0"},
				"east": {"uv": [8.5, 9.625, 8.625, 10.125], "texture": "#0"},
				"south": {"uv": [8.5, 9.625, 8.625, 10.125], "texture": "#0"},
				"up": {"uv": [8.5, 9.625, 8.625, 9.75], "texture": "#0"}
			}
		},
		{
			"name": "dragon_slaying_22blade1-213export_23",
			"from": [7.125, 0.75, 7.9375],
			"to": [7.25, 1.25, 8.1875],
			"faces": {
				"north": {"uv": [7.25, 9.75, 7.125, 10.25], "texture": "#0"},
				"south": {"uv": [7.125, 9.75, 7.25, 10.25], "texture": "#0"},
				"west": {"uv": [7.125, 9.75, 7.25, 10.25], "texture": "#0"},
				"up": {"uv": [7.125, 9.75, 7.25, 9.875], "texture": "#0"}
			}
		},
		{
			"name": "dragon_slaying_22blade1-213export_24",
			"from": [8.625, 0.75, 7.9375],
			"to": [8.75, 1.25, 8.1875],
			"faces": {
				"north": {"uv": [8.75, 9.75, 8.625, 10.25], "texture": "#0"},
				"east": {"uv": [8.625, 9.75, 8.75, 10.25], "texture": "#0"},
				"south": {"uv": [8.625, 9.75, 8.75, 10.25], "texture": "#0"},
				"up": {"uv": [8.625, 9.75, 8.75, 9.875], "texture": "#0"}
			}
		},
		{
			"name": "dragon_slaying_22blade1-213export_25",
			"from": [6.875, 1, 7.9375],
			"to": [7.125, 1.125, 8.1875],
			"faces": {
				"north": {"uv": [7.125, 9.875, 6.875, 10], "texture": "#0"},
				"south": {"uv": [6.875, 9.875, 7.125, 10], "texture": "#0"},
				"west": {"uv": [6.875, 9.875, 7, 10], "texture": "#0"},
				"up": {"uv": [6.875, 9.875, 7.125, 10], "texture": "#0"},
				"down": {"uv": [6.875, 9.875, 7.125, 10], "texture": "#0"}
			}
		},
		{
			"name": "dragon_slaying_22blade1-213export_26",
			"from": [8.75, 1, 7.9375],
			"to": [9, 1.125, 8.1875],
			"faces": {
				"north": {"uv": [9, 9.875, 8.75, 10], "texture": "#0"},
				"east": {"uv": [8.875, 9.875, 9, 10], "texture": "#0"},
				"south": {"uv": [8.75, 9.875, 9, 10], "texture": "#0"},
				"up": {"uv": [8.75, 9.875, 9, 10], "texture": "#0"},
				"down": {"uv": [8.75, 9.875, 9, 10], "texture": "#0"}
			}
		},
		{
			"name": "dragon_slaying_22blade1-213export_27",
			"from": [7, 0.875, 7.9375],
			"to": [7.125, 1, 8.1875],
			"faces": {
				"north": {"uv": [7.125, 10, 7, 10.125], "texture": "#0"},
				"south": {"uv": [7, 10, 7.125, 10.125], "texture": "#0"},
				"west": {"uv": [7, 10, 7.125, 10.125], "texture": "#0"},
				"down": {"uv": [7, 10, 7.125, 10.125], "texture": "#0"}
			}
		},
		{
			"name": "dragon_slaying_22blade1-213export_28",
			"from": [7.875, -0.125, 7.9375],
			"to": [8, 1, 8.1875],
			"faces": {
				"north": {"uv": [8, 10, 7.875, 11.125], "texture": "#0"},
				"south": {"uv": [7.875, 10, 8, 11.125], "texture": "#0"}
			}
		},
		{
			"name": "dragon_slaying_22blade1-213export_29",
			"from": [8.75, 0.875, 7.9375],
			"to": [8.875, 1, 8.1875],
			"faces": {
				"north": {"uv": [8.875, 10, 8.75, 10.125], "texture": "#0"},
				"east": {"uv": [8.75, 10, 8.875, 10.125], "texture": "#0"},
				"south": {"uv": [8.75, 10, 8.875, 10.125], "texture": "#0"},
				"down": {"uv": [8.75, 10, 8.875, 10.125], "texture": "#0"}
			}
		},
		{
			"name": "dragon_slaying_22blade1-213export_30",
			"from": [7.75, 0.125, 7.9375],
			"to": [7.875, 0.75, 8.1875],
			"faces": {
				"north": {"uv": [7.875, 10.25, 7.75, 10.875], "texture": "#0"},
				"south": {"uv": [7.75, 10.25, 7.875, 10.875], "texture": "#0"}
			}
		},
		{
			"name": "dragon_slaying_22blade1-213export_31",
			"from": [8, 0.125, 7.9375],
			"to": [8.125, 0.75, 8.1875],
			"faces": {
				"north": {"uv": [8.125, 10.25, 8, 10.875], "texture": "#0"},
				"south": {"uv": [8, 10.25, 8.125, 10.875], "texture": "#0"}
			}
		},
		{
			"name": "dragon_slaying_22blade1-213export_32",
			"from": [7.625, 0.25, 7.9375],
			"to": [7.75, 0.625, 8.1875],
			"faces": {
				"north": {"uv": [7.75, 10.375, 7.625, 10.75], "texture": "#0"},
				"south": {"uv": [7.625, 10.375, 7.75, 10.75], "texture": "#0"}
			}
		},
		{
			"name": "dragon_slaying_22blade1-213export_33",
			"from": [8.125, 0.25, 7.9375],
			"to": [8.25, 0.625, 8.1875],
			"faces": {
				"north": {"uv": [8.25, 10.375, 8.125, 10.75], "texture": "#0"},
				"south": {"uv": [8.125, 10.375, 8.25, 10.75], "texture": "#0"}
			}
		},
		{
			"name": "dragon_slaying_22blade1-213export_34",
			"from": [7.375, 0.375, 7.9375],
			"to": [7.625, 0.5, 8.1875],
			"faces": {
				"north": {"uv": [7.625, 10.5, 7.375, 10.625], "texture": "#0"},
				"south": {"uv": [7.375, 10.5, 7.625, 10.625], "texture": "#0"}
			}
		},
		{
			"name": "dragon_slaying_22blade1-213export_35",
			"from": [8.25, 0.375, 7.9375],
			"to": [8.5, 0.5, 8.1875],
			"faces": {
				"north": {"uv": [8.5, 10.5, 8.25, 10.625], "texture": "#0"},
				"south": {"uv": [8.25, 10.5, 8.5, 10.625], "texture": "#0"}
			}
		},
		{
			"name": "dragon_slaying_blade1-213export_0",
			"from": [7.875, 7.625, 8],
			"to": [8, 7.875, 8.125],
			"faces": {
				"north": {"uv": [8, 3.125, 7.875, 3.375], "texture": "#0"},
				"east": {"uv": [7.875, 3.125, 8, 3.375], "texture": "#0"},
				"south": {"uv": [7.875, 3.125, 8, 3.375], "texture": "#0"},
				"west": {"uv": [7.875, 3.125, 8, 3.375], "texture": "#0"},
				"up": {"uv": [7.875, 3.125, 8, 3.25], "texture": "#0"}
			}
		},
		{
			"name": "dragon_slaying_blade1-213export_1",
			"from": [7.75, 7.375, 8],
			"to": [7.875, 7.625, 8.125],
			"faces": {
				"north": {"uv": [7.875, 3.375, 7.75, 3.625], "texture": "#0"},
				"south": {"uv": [7.75, 3.375, 7.875, 3.625], "texture": "#0"},
				"west": {"uv": [7.75, 3.375, 7.875, 3.625], "texture": "#0"},
				"up": {"uv": [7.75, 3.375, 7.875, 3.5], "texture": "#0"}
			}
		},
		{
			"name": "dragon_slaying_blade1-213export_2",
			"from": [8, 7.375, 8],
			"to": [8.125, 7.625, 8.125],
			"faces": {
				"north": {"uv": [8.125, 3.375, 8, 3.625], "texture": "#0"},
				"east": {"uv": [8, 3.375, 8.125, 3.625], "texture": "#0"},
				"south": {"uv": [8, 3.375, 8.125, 3.625], "texture": "#0"},
				"up": {"uv": [8, 3.375, 8.125, 3.5], "texture": "#0"}
			}
		},
		{
			"name": "dragon_slaying_blade1-213export_3",
			"from": [7.625, 7, 8],
			"to": [7.75, 7.375, 8.125],
			"faces": {
				"north": {"uv": [7.75, 3.625, 7.625, 4], "texture": "#0"},
				"south": {"uv": [7.625, 3.625, 7.75, 4], "texture": "#0"},
				"west": {"uv": [7.625, 3.625, 7.75, 4], "texture": "#0"},
				"up": {"uv": [7.625, 3.625, 7.75, 3.75], "texture": "#0"}
			}
		},
		{
			"name": "dragon_slaying_blade1-213export_4",
			"from": [8.125, 7, 8],
			"to": [8.25, 7.375, 8.125],
			"faces": {
				"north": {"uv": [8.25, 3.625, 8.125, 4], "texture": "#0"},
				"east": {"uv": [8.125, 3.625, 8.25, 4], "texture": "#0"},
				"south": {"uv": [8.125, 3.625, 8.25, 4], "texture": "#0"},
				"up": {"uv": [8.125, 3.625, 8.25, 3.75], "texture": "#0"}
			}
		},
		{
			"name": "dragon_slaying_blade1-213export_5",
			"from": [7.5, 4.125, 8],
			"to": [7.625, 7, 8.125],
			"faces": {
				"north": {"uv": [7.625, 4, 7.5, 6.875], "texture": "#0"},
				"south": {"uv": [7.5, 4, 7.625, 6.875], "texture": "#0"},
				"west": {"uv": [7.5, 4, 7.625, 6.875], "texture": "#0"},
				"up": {"uv": [7.5, 4, 7.625, 4.125], "texture": "#0"}
			}
		},
		{
			"name": "dragon_slaying_blade1-213export_6",
			"from": [8.25, 4.125, 8],
			"to": [8.375, 7, 8.125],
			"faces": {
				"north": {"uv": [8.375, 4, 8.25, 6.875], "texture": "#0"},
				"east": {"uv": [8.25, 4, 8.375, 6.875], "texture": "#0"},
				"south": {"uv": [8.25, 4, 8.375, 6.875], "texture": "#0"},
				"up": {"uv": [8.25, 4, 8.375, 4.125], "texture": "#0"}
			}
		},
		{
			"name": "dragon_slaying_blade1-213export_7",
			"from": [7.375, 4, 8],
			"to": [7.5, 4.125, 8.125],
			"faces": {
				"north": {"uv": [7.5, 6.875, 7.375, 7], "texture": "#0"},
				"south": {"uv": [7.375, 6.875, 7.5, 7], "texture": "#0"},
				"west": {"uv": [7.375, 6.875, 7.5, 7], "texture": "#0"},
				"up": {"uv": [7.375, 6.875, 7.5, 7], "texture": "#0"}
			}
		},
		{
			"name": "dragon_slaying_blade1-213export_8",
			"from": [8.375, 4, 8],
			"to": [8.5, 4.125, 8.125],
			"faces": {
				"north": {"uv": [8.5, 6.875, 8.375, 7], "texture": "#0"},
				"east": {"uv": [8.375, 6.875, 8.5, 7], "texture": "#0"},
				"south": {"uv": [8.375, 6.875, 8.5, 7], "texture": "#0"},
				"up": {"uv": [8.375, 6.875, 8.5, 7], "texture": "#0"}
			}
		},
		{
			"name": "dragon_slaying_blade1-213export_9",
			"from": [7.25, 3.875, 8],
			"to": [7.375, 4, 8.125],
			"faces": {
				"north": {"uv": [7.375, 7, 7.25, 7.125], "texture": "#0"},
				"south": {"uv": [7.25, 7, 7.375, 7.125], "texture": "#0"},
				"west": {"uv": [7.25, 7, 7.375, 7.125], "texture": "#0"},
				"up": {"uv": [7.25, 7, 7.375, 7.125], "texture": "#0"},
				"down": {"uv": [7.25, 7, 7.375, 7.125], "texture": "#0"}
			}
		},
		{
			"name": "dragon_slaying_blade1-213export_10",
			"from": [8.5, 3.875, 8],
			"to": [8.625, 4, 8.125],
			"faces": {
				"north": {"uv": [8.625, 7, 8.5, 7.125], "texture": "#0"},
				"east": {"uv": [8.5, 7, 8.625, 7.125], "texture": "#0"},
				"south": {"uv": [8.5, 7, 8.625, 7.125], "texture": "#0"},
				"up": {"uv": [8.5, 7, 8.625, 7.125], "texture": "#0"},
				"down": {"uv": [8.5, 7, 8.625, 7.125], "texture": "#0"}
			}
		},
		{
			"name": "dragon_slaying_blade1-213export_11",
			"from": [7.375, 3.75, 8],
			"to": [7.5, 3.875, 8.125],
			"faces": {
				"north": {"uv": [7.5, 7.125, 7.375, 7.25], "texture": "#0"},
				"south": {"uv": [7.375, 7.125, 7.5, 7.25], "texture": "#0"},
				"west": {"uv": [7.375, 7.125, 7.5, 7.25], "texture": "#0"},
				"down": {"uv": [7.375, 7.125, 7.5, 7.25], "texture": "#0"}
			}
		},
		{
			"name": "dragon_slaying_blade1-213export_12",
			"from": [8.375, 3.75, 8],
			"to": [8.5, 3.875, 8.125],
			"faces": {
				"north": {"uv": [8.5, 7.125, 8.375, 7.25], "texture": "#0"},
				"east": {"uv": [8.375, 7.125, 8.5, 7.25], "texture": "#0"},
				"south": {"uv": [8.375, 7.125, 8.5, 7.25], "texture": "#0"},
				"down": {"uv": [8.375, 7.125, 8.5, 7.25], "texture": "#0"}
			}
		},
		{
			"name": "dragon_slaying_blade1-213export_13",
			"from": [7.5, 3.25, 8],
			"to": [7.625, 3.75, 8.125],
			"faces": {
				"north": {"uv": [7.625, 7.25, 7.5, 7.75], "texture": "#0"},
				"south": {"uv": [7.5, 7.25, 7.625, 7.75], "texture": "#0"},
				"west": {"uv": [7.5, 7.25, 7.625, 7.75], "texture": "#0"}
			}
		},
		{
			"name": "dragon_slaying_blade1-213export_14",
			"from": [8.25, 3.25, 8],
			"to": [8.375, 3.75, 8.125],
			"faces": {
				"north": {"uv": [8.375, 7.25, 8.25, 7.75], "texture": "#0"},
				"east": {"uv": [8.25, 7.25, 8.375, 7.75], "texture": "#0"},
				"south": {"uv": [8.25, 7.25, 8.375, 7.75], "texture": "#0"}
			}
		},
		{
			"name": "dragon_slaying_blade1-213export_15",
			"from": [7.375, 3.125, 8],
			"to": [7.5, 3.25, 8.125],
			"faces": {
				"north": {"uv": [7.5, 7.75, 7.375, 7.875], "texture": "#0"},
				"south": {"uv": [7.375, 7.75, 7.5, 7.875], "texture": "#0"},
				"west": {"uv": [7.375, 7.75, 7.5, 7.875], "texture": "#0"},
				"up": {"uv": [7.375, 7.75, 7.5, 7.875], "texture": "#0"}
			}
		},
		{
			"name": "dragon_slaying_blade1-213export_16",
			"from": [8.375, 3.125, 8],
			"to": [8.5, 3.25, 8.125],
			"faces": {
				"north": {"uv": [8.5, 7.75, 8.375, 7.875], "texture": "#0"},
				"east": {"uv": [8.375, 7.75, 8.5, 7.875], "texture": "#0"},
				"south": {"uv": [8.375, 7.75, 8.5, 7.875], "texture": "#0"},
				"up": {"uv": [8.375, 7.75, 8.5, 7.875], "texture": "#0"}
			}
		},
		{
			"name": "dragon_slaying_blade1-213export_17",
			"from": [7.25, 3, 8],
			"to": [7.375, 3.125, 8.125],
			"faces": {
				"north": {"uv": [7.375, 7.875, 7.25, 8], "texture": "#0"},
				"south": {"uv": [7.25, 7.875, 7.375, 8], "texture": "#0"},
				"west": {"uv": [7.25, 7.875, 7.375, 8], "texture": "#0"},
				"up": {"uv": [7.25, 7.875, 7.375, 8], "texture": "#0"},
				"down": {"uv": [7.25, 7.875, 7.375, 8], "texture": "#0"}
			}
		},
		{
			"name": "dragon_slaying_blade1-213export_18",
			"from": [8.5, 3, 8],
			"to": [8.625, 3.125, 8.125],
			"faces": {
				"north": {"uv": [8.625, 7.875, 8.5, 8], "texture": "#0"},
				"east": {"uv": [8.5, 7.875, 8.625, 8], "texture": "#0"},
				"south": {"uv": [8.5, 7.875, 8.625, 8], "texture": "#0"},
				"up": {"uv": [8.5, 7.875, 8.625, 8], "texture": "#0"},
				"down": {"uv": [8.5, 7.875, 8.625, 8], "texture": "#0"}
			}
		},
		{
			"name": "dragon_slaying_blade1-213export_19",
			"from": [7.375, 2.875, 8],
			"to": [7.5, 3, 8.125],
			"faces": {
				"north": {"uv": [7.5, 8, 7.375, 8.125], "texture": "#0"},
				"south": {"uv": [7.375, 8, 7.5, 8.125], "texture": "#0"},
				"west": {"uv": [7.375, 8, 7.5, 8.125], "texture": "#0"},
				"down": {"uv": [7.375, 8, 7.5, 8.125], "texture": "#0"}
			}
		},
		{
			"name": "dragon_slaying_blade1-213export_20",
			"from": [8.375, 2.875, 8],
			"to": [8.5, 3, 8.125],
			"faces": {
				"north": {"uv": [8.5, 8, 8.375, 8.125], "texture": "#0"},
				"east": {"uv": [8.375, 8, 8.5, 8.125], "texture": "#0"},
				"south": {"uv": [8.375, 8, 8.5, 8.125], "texture": "#0"},
				"down": {"uv": [8.375, 8, 8.5, 8.125], "texture": "#0"}
			}
		},
		{
			"name": "dragon_slaying_blade1-213export_21",
			"from": [7.5, 1.875, 8],
			"to": [7.625, 2.875, 8.125],
			"faces": {
				"north": {"uv": [7.625, 8.125, 7.5, 9.125], "texture": "#0"},
				"south": {"uv": [7.5, 8.125, 7.625, 9.125], "texture": "#0"},
				"west": {"uv": [7.5, 8.125, 7.625, 9.125], "texture": "#0"}
			}
		},
		{
			"name": "dragon_slaying_blade1-213export_22",
			"from": [8.25, 1.875, 8],
			"to": [8.375, 2.875, 8.125],
			"faces": {
				"north": {"uv": [8.375, 8.125, 8.25, 9.125], "texture": "#0"},
				"east": {"uv": [8.25, 8.125, 8.375, 9.125], "texture": "#0"},
				"south": {"uv": [8.25, 8.125, 8.375, 9.125], "texture": "#0"}
			}
		},
		{
			"name": "dragon_slaying_blade1-213export_23",
			"from": [7.375, 1.5, 8],
			"to": [7.5, 1.875, 8.125],
			"faces": {
				"north": {"uv": [7.5, 9.125, 7.375, 9.5], "texture": "#0"},
				"south": {"uv": [7.375, 9.125, 7.5, 9.5], "texture": "#0"},
				"west": {"uv": [7.375, 9.125, 7.5, 9.5], "texture": "#0"},
				"up": {"uv": [7.375, 9.125, 7.5, 9.25], "texture": "#0"}
			}
		},
		{
			"name": "dragon_slaying_blade1-213export_24",
			"from": [8.375, 1.5, 8],
			"to": [8.5, 1.875, 8.125],
			"faces": {
				"north": {"uv": [8.5, 9.125, 8.375, 9.5], "texture": "#0"},
				"east": {"uv": [8.375, 9.125, 8.5, 9.5], "texture": "#0"},
				"south": {"uv": [8.375, 9.125, 8.5, 9.5], "texture": "#0"},
				"up": {"uv": [8.375, 9.125, 8.5, 9.25], "texture": "#0"}
			}
		},
		{
			"name": "dragon_slaying_blade1-213export_25",
			"from": [7.25, 1.375, 8],
			"to": [7.375, 1.5, 8.125],
			"faces": {
				"north": {"uv": [7.375, 9.5, 7.25, 9.625], "texture": "#0"},
				"south": {"uv": [7.25, 9.5, 7.375, 9.625], "texture": "#0"},
				"west": {"uv": [7.25, 9.5, 7.375, 9.625], "texture": "#0"},
				"up": {"uv": [7.25, 9.5, 7.375, 9.625], "texture": "#0"}
			}
		},
		{
			"name": "dragon_slaying_blade1-213export_26",
			"from": [8.5, 1.375, 8],
			"to": [8.625, 1.5, 8.125],
			"faces": {
				"north": {"uv": [8.625, 9.5, 8.5, 9.625], "texture": "#0"},
				"east": {"uv": [8.5, 9.5, 8.625, 9.625], "texture": "#0"},
				"south": {"uv": [8.5, 9.5, 8.625, 9.625], "texture": "#0"},
				"up": {"uv": [8.5, 9.5, 8.625, 9.625], "texture": "#0"}
			}
		},
		{
			"name": "dragon_slaying_blade1-213export_27",
			"from": [6.75, 1, 8],
			"to": [6.875, 1.375, 8.125],
			"faces": {
				"north": {"uv": [6.875, 9.625, 6.75, 10], "texture": "#0"},
				"east": {"uv": [6.75, 9.625, 6.875, 10], "texture": "#0"},
				"south": {"uv": [6.75, 9.625, 6.875, 10], "texture": "#0"},
				"west": {"uv": [6.75, 9.625, 6.875, 10], "texture": "#0"},
				"up": {"uv": [6.75, 9.625, 6.875, 9.75], "texture": "#0"},
				"down": {"uv": [6.75, 9.875, 6.875, 10], "texture": "#0"}
			}
		},
		{
			"name": "dragon_slaying_blade1-213export_28",
			"from": [7.125, 1.25, 8],
			"to": [7.25, 1.375, 8.125],
			"faces": {
				"north": {"uv": [7.25, 9.625, 7.125, 9.75], "texture": "#0"},
				"south": {"uv": [7.125, 9.625, 7.25, 9.75], "texture": "#0"},
				"west": {"uv": [7.125, 9.625, 7.25, 9.75], "texture": "#0"},
				"up": {"uv": [7.125, 9.625, 7.25, 9.75], "texture": "#0"}
			}
		},
		{
			"name": "dragon_slaying_blade1-213export_29",
			"from": [8.625, 1.25, 8],
			"to": [8.75, 1.375, 8.125],
			"faces": {
				"north": {"uv": [8.75, 9.625, 8.625, 9.75], "texture": "#0"},
				"east": {"uv": [8.625, 9.625, 8.75, 9.75], "texture": "#0"},
				"south": {"uv": [8.625, 9.625, 8.75, 9.75], "texture": "#0"},
				"up": {"uv": [8.625, 9.625, 8.75, 9.75], "texture": "#0"}
			}
		},
		{
			"name": "dragon_slaying_blade1-213export_30",
			"from": [9, 1, 8],
			"to": [9.125, 1.375, 8.125],
			"faces": {
				"north": {"uv": [9.125, 9.625, 9, 10], "texture": "#0"},
				"east": {"uv": [9, 9.625, 9.125, 10], "texture": "#0"},
				"south": {"uv": [9, 9.625, 9.125, 10], "texture": "#0"},
				"west": {"uv": [9, 9.625, 9.125, 10], "texture": "#0"},
				"up": {"uv": [9, 9.625, 9.125, 9.75], "texture": "#0"},
				"down": {"uv": [9, 9.875, 9.125, 10], "texture": "#0"}
			}
		},
		{
			"name": "dragon_slaying_blade1-213export_31",
			"from": [6.875, 1.125, 8],
			"to": [7.125, 1.25, 8.125],
			"faces": {
				"north": {"uv": [7.125, 9.75, 6.875, 9.875], "texture": "#0"},
				"south": {"uv": [6.875, 9.75, 7.125, 9.875], "texture": "#0"},
				"up": {"uv": [6.875, 9.75, 7.125, 9.875], "texture": "#0"}
			}
		},
		{
			"name": "dragon_slaying_blade1-213export_32",
			"from": [8.75, 1.125, 8],
			"to": [9, 1.25, 8.125],
			"faces": {
				"north": {"uv": [9, 9.75, 8.75, 9.875], "texture": "#0"},
				"south": {"uv": [8.75, 9.75, 9, 9.875], "texture": "#0"},
				"up": {"uv": [8.75, 9.75, 9, 9.875], "texture": "#0"}
			}
		},
		{
			"name": "dragon_slaying_blade1-213export_33",
			"from": [6.875, 0.875, 8],
			"to": [7, 1, 8.125],
			"faces": {
				"north": {"uv": [7, 10, 6.875, 10.125], "texture": "#0"},
				"south": {"uv": [6.875, 10, 7, 10.125], "texture": "#0"},
				"west": {"uv": [6.875, 10, 7, 10.125], "texture": "#0"},
				"down": {"uv": [6.875, 10, 7, 10.125], "texture": "#0"}
			}
		},
		{
			"name": "dragon_slaying_blade1-213export_34",
			"from": [8.875, 0.875, 8],
			"to": [9, 1, 8.125],
			"faces": {
				"north": {"uv": [9, 10, 8.875, 10.125], "texture": "#0"},
				"east": {"uv": [8.875, 10, 9, 10.125], "texture": "#0"},
				"south": {"uv": [8.875, 10, 9, 10.125], "texture": "#0"},
				"down": {"uv": [8.875, 10, 9, 10.125], "texture": "#0"}
			}
		},
		{
			"name": "dragon_slaying_blade1-213export_35",
			"from": [7, 0.75, 8],
			"to": [7.125, 0.875, 8.125],
			"faces": {
				"north": {"uv": [7.125, 10.125, 7, 10.25], "texture": "#0"},
				"south": {"uv": [7, 10.125, 7.125, 10.25], "texture": "#0"},
				"west": {"uv": [7, 10.125, 7.125, 10.25], "texture": "#0"}
			}
		},
		{
			"name": "dragon_slaying_blade1-213export_36",
			"from": [8.75, 0.75, 8],
			"to": [8.875, 0.875, 8.125],
			"faces": {
				"north": {"uv": [8.875, 10.125, 8.75, 10.25], "texture": "#0"},
				"east": {"uv": [8.75, 10.125, 8.875, 10.25], "texture": "#0"},
				"south": {"uv": [8.75, 10.125, 8.875, 10.25], "texture": "#0"}
			}
		}
	],
	"display": {
		"thirdperson_righthand": {
			"rotation": [0, -90, 0],
			"translation": [0.25, 26.5, 0.5],
			"scale": [3, 3, 3]
		},
		"thirdperson_lefthand": {
			"rotation": [0, -90, 0],
			"translation": [0.25, 26.5, 0.25],
			"scale": [3, 3, 3]
		},
		"firstperson_righthand": {
			"rotation": [1, -91, 0],
			"translation": [0, 13.25, 2.75],
			"scale": [1.25, 1.25, 1.25]
		},
		"firstperson_lefthand": {
			"rotation": [1, -91, 0],
			"translation": [0, 13.25, 2.75],
			"scale": [1.25, 1.25, 1.25]
		},
		"ground": {
			"translation": [0, 34, 0],
			"scale": [3, 3, 3]
		},
		"gui": {
			"rotation": [0, 0, -45],
			"translation": [6.5, 6.5, 0],
			"scale": [1.5, 1.5, 1.5]
		},
		"head": {
			"rotation": [180, 0, 45],
			"translation": [-11.5, -29, 4.75],
			"scale": [3.5, 3.5, 3.5]
		},
		"fixed": {
			"rotation": [0, 0, 45],
			"translation": [-7.75, 7.75, 0],
			"scale": [2, 2, 2]
		}
	},
	"groups": [
		{
			"name": "Layer 1",
			"origin": [8, 8, 8],
			"color": 0,
			"children": [0, 1, 2, 3, 4, 5, 6, 7, 8, 9, 10, 11, 12, 13, 14, 15, 16, 17, 18, 19, 20, 21, 22, 23, 24, 25, 26, 27, 28, 29, 30, 31, 32, 33, 34, 35]
		},
		{
			"name": "Layer 2",
			"origin": [8, 8, 8],
			"color": 0,
			"children": [36, 37, 38, 39, 40, 41, 42, 43, 44, 45, 46, 47, 48, 49, 50, 51, 52, 53, 54, 55, 56]
		},
		{
			"name": "dragon_slaying_22blade1-213export",
			"origin": [8, 8, 8],
			"color": 0,
			"children": [57, 58, 59, 60, 61, 62, 63, 64, 65, 66, 67, 68, 69, 70, 71, 72, 73, 74, 75, 76, 77, 78, 79, 80, 81, 82, 83, 84, 85, 86, 87, 88, 89, 90, 91, 92]
		},
		{
			"name": "dragon_slaying_blade1-213export",
			"origin": [8, 8, 8],
			"color": 0,
			"children": [93, 94, 95, 96, 97, 98, 99, 100, 101, 102, 103, 104, 105, 106, 107, 108, 109, 110, 111, 112, 113, 114, 115, 116, 117, 118, 119, 120, 121, 122, 123, 124, 125, 126, 127, 128, 129]
		}
	]
}