{
	"credit": "Made with Blockbench",
	"textures": {
		"0": "item/devil_sword_dante",
		"particle": "item/devil_sword_dante"
	},
	"elements": [
		{
			"name": "claws_0",
			"from": [6.125, 3.875, 7.625],
			"to": [6.25, 5, 7.75],
			"faces": {
				"north": {"uv": [6.25, 11, 6.125, 12.125], "texture": "#0"},
				"east": {"uv": [6.125, 11, 6.25, 12.125], "texture": "#0"},
				"south": {"uv": [6.125, 11, 6.25, 12.125], "texture": "#0"},
				"west": {"uv": [6.125, 11, 6.25, 12.125], "texture": "#0"},
				"down": {"uv": [6.125, 12, 6.25, 12.125], "texture": "#0"}
			}
		},
		{
			"name": "claws_1",
			"from": [9.75, 3.875, 7.625],
			"to": [9.875, 5, 7.75],
			"faces": {
				"north": {"uv": [9.875, 11, 9.75, 12.125], "texture": "#0"},
				"east": {"uv": [9.75, 11, 9.875, 12.125], "texture": "#0"},
				"south": {"uv": [9.75, 11, 9.875, 12.125], "texture": "#0"},
				"west": {"uv": [9.75, 11, 9.875, 12.125], "texture": "#0"},
				"down": {"uv": [9.75, 12, 9.875, 12.125], "texture": "#0"}
			}
		},
		{
			"name": "claws_2",
			"from": [6, 4.125, 7.625],
			"to": [6.125, 4.875, 7.75],
			"faces": {
				"north": {"uv": [6.125, 11.125, 6, 11.875], "texture": "#0"},
				"south": {"uv": [6, 11.125, 6.125, 11.875], "texture": "#0"},
				"west": {"uv": [6, 11.125, 6.125, 11.875], "texture": "#0"},
				"up": {"uv": [6, 11.125, 6.125, 11.25], "texture": "#0"},
				"down": {"uv": [6, 11.75, 6.125, 11.875], "texture": "#0"}
			}
		},
		{
			"name": "claws_3",
			"from": [6.25, 4.375, 7.625],
			"to": [6.375, 4.875, 7.75],
			"faces": {
				"north": {"uv": [6.375, 11.125, 6.25, 11.625], "texture": "#0"},
				"east": {"uv": [6.25, 11.125, 6.375, 11.625], "texture": "#0"},
				"south": {"uv": [6.25, 11.125, 6.375, 11.625], "texture": "#0"},
				"down": {"uv": [6.25, 11.5, 6.375, 11.625], "texture": "#0"}
			}
		},
		{
			"name": "claws_4",
			"from": [9.625, 4.375, 7.625],
			"to": [9.75, 4.875, 7.75],
			"faces": {
				"north": {"uv": [9.75, 11.125, 9.625, 11.625], "texture": "#0"},
				"south": {"uv": [9.625, 11.125, 9.75, 11.625], "texture": "#0"},
				"west": {"uv": [9.625, 11.125, 9.75, 11.625], "texture": "#0"},
				"down": {"uv": [9.625, 11.5, 9.75, 11.625], "texture": "#0"}
			}
		},
		{
			"name": "claws_5",
			"from": [9.875, 4.125, 7.625],
			"to": [10, 4.875, 7.75],
			"faces": {
				"north": {"uv": [10, 11.125, 9.875, 11.875], "texture": "#0"},
				"east": {"uv": [9.875, 11.125, 10, 11.875], "texture": "#0"},
				"south": {"uv": [9.875, 11.125, 10, 11.875], "texture": "#0"},
				"up": {"uv": [9.875, 11.125, 10, 11.25], "texture": "#0"},
				"down": {"uv": [9.875, 11.75, 10, 11.875], "texture": "#0"}
			}
		},
		{
			"name": "claws_6",
			"from": [6.375, 4.5, 7.625],
			"to": [6.5, 4.625, 7.75],
			"faces": {
				"north": {"uv": [6.5, 11.375, 6.375, 11.5], "texture": "#0"},
				"east": {"uv": [6.375, 11.375, 6.5, 11.5], "texture": "#0"},
				"south": {"uv": [6.375, 11.375, 6.5, 11.5], "texture": "#0"},
				"down": {"uv": [6.375, 11.375, 6.5, 11.5], "texture": "#0"}
			}
		},
		{
			"name": "claws_7",
			"from": [9.5, 4.5, 7.625],
			"to": [9.625, 4.625, 7.75],
			"faces": {
				"north": {"uv": [9.625, 11.375, 9.5, 11.5], "texture": "#0"},
				"south": {"uv": [9.5, 11.375, 9.625, 11.5], "texture": "#0"},
				"west": {"uv": [9.5, 11.375, 9.625, 11.5], "texture": "#0"},
				"down": {"uv": [9.5, 11.375, 9.625, 11.5], "texture": "#0"}
			}
		},
		{
			"name": "claws_1",
			"from": [6.125, 3.875, 8.375],
			"to": [6.25, 5, 8.5],
			"faces": {
				"north": {"uv": [6.25, 11, 6.125, 12.125], "texture": "#0"},
				"east": {"uv": [6.125, 11, 6.25, 12.125], "texture": "#0"},
				"south": {"uv": [6.125, 11, 6.25, 12.125], "texture": "#0"},
				"west": {"uv": [6.125, 11, 6.25, 12.125], "texture": "#0"},
				"down": {"uv": [6.125, 12, 6.25, 12.125], "texture": "#0"}
			}
		},
		{
			"name": "claws_2",
			"from": [9.75, 3.875, 8.375],
			"to": [9.875, 5, 8.5],
			"faces": {
				"north": {"uv": [9.875, 11, 9.75, 12.125], "texture": "#0"},
				"east": {"uv": [9.75, 11, 9.875, 12.125], "texture": "#0"},
				"south": {"uv": [9.75, 11, 9.875, 12.125], "texture": "#0"},
				"west": {"uv": [9.75, 11, 9.875, 12.125], "texture": "#0"},
				"down": {"uv": [9.75, 12, 9.875, 12.125], "texture": "#0"}
			}
		},
		{
			"name": "claws_3",
			"from": [6, 4.125, 8.375],
			"to": [6.125, 4.875, 8.5],
			"faces": {
				"north": {"uv": [6.125, 11.125, 6, 11.875], "texture": "#0"},
				"south": {"uv": [6, 11.125, 6.125, 11.875], "texture": "#0"},
				"west": {"uv": [6, 11.125, 6.125, 11.875], "texture": "#0"},
				"up": {"uv": [6, 11.125, 6.125, 11.25], "texture": "#0"},
				"down": {"uv": [6, 11.75, 6.125, 11.875], "texture": "#0"}
			}
		},
		{
			"name": "claws_4",
			"from": [6.25, 4.375, 8.375],
			"to": [6.375, 4.875, 8.5],
			"faces": {
				"north": {"uv": [6.375, 11.125, 6.25, 11.625], "texture": "#0"},
				"east": {"uv": [6.25, 11.125, 6.375, 11.625], "texture": "#0"},
				"south": {"uv": [6.25, 11.125, 6.375, 11.625], "texture": "#0"},
				"down": {"uv": [6.25, 11.5, 6.375, 11.625], "texture": "#0"}
			}
		},
		{
			"name": "claws_5",
			"from": [9.625, 4.375, 8.375],
			"to": [9.75, 4.875, 8.5],
			"faces": {
				"north": {"uv": [9.75, 11.125, 9.625, 11.625], "texture": "#0"},
				"south": {"uv": [9.625, 11.125, 9.75, 11.625], "texture": "#0"},
				"west": {"uv": [9.625, 11.125, 9.75, 11.625], "texture": "#0"},
				"down": {"uv": [9.625, 11.5, 9.75, 11.625], "texture": "#0"}
			}
		},
		{
			"name": "claws_6",
			"from": [9.875, 4.125, 8.375],
			"to": [10, 4.875, 8.5],
			"faces": {
				"north": {"uv": [10, 11.125, 9.875, 11.875], "texture": "#0"},
				"east": {"uv": [9.875, 11.125, 10, 11.875], "texture": "#0"},
				"south": {"uv": [9.875, 11.125, 10, 11.875], "texture": "#0"},
				"up": {"uv": [9.875, 11.125, 10, 11.25], "texture": "#0"},
				"down": {"uv": [9.875, 11.75, 10, 11.875], "texture": "#0"}
			}
		},
		{
			"name": "claws_7",
			"from": [6.375, 4.5, 8.375],
			"to": [6.5, 4.625, 8.5],
			"faces": {
				"north": {"uv": [6.5, 11.375, 6.375, 11.5], "texture": "#0"},
				"east": {"uv": [6.375, 11.375, 6.5, 11.5], "texture": "#0"},
				"south": {"uv": [6.375, 11.375, 6.5, 11.5], "texture": "#0"},
				"down": {"uv": [6.375, 11.375, 6.5, 11.5], "texture": "#0"}
			}
		},
		{
			"name": "claws_8",
			"from": [9.5, 4.5, 8.375],
			"to": [9.625, 4.625, 8.5],
			"faces": {
				"north": {"uv": [9.625, 11.375, 9.5, 11.5], "texture": "#0"},
				"south": {"uv": [9.5, 11.375, 9.625, 11.5], "texture": "#0"},
				"west": {"uv": [9.5, 11.375, 9.625, 11.5], "texture": "#0"},
				"down": {"uv": [9.5, 11.375, 9.625, 11.5], "texture": "#0"}
			}
		},
		{
			"name": "claws2_0",
			"from": [7.125, 5, 7.75],
			"to": [7.25, 6, 8],
			"faces": {
				"north": {"uv": [7.25, 10, 7.125, 11], "texture": "#0"},
				"east": {"uv": [7.125, 10, 7.25, 11], "texture": "#0"},
				"south": {"uv": [7.125, 10, 7.25, 11], "texture": "#0"},
				"west": {"uv": [7.125, 10, 7.25, 11], "texture": "#0"},
				"up": {"uv": [7.125, 10, 7.25, 10.125], "texture": "#0"},
				"down": {"uv": [7.125, 10.875, 7.25, 11], "texture": "#0"}
			}
		},
		{
			"name": "claws2_1",
			"from": [8.75, 5, 7.75],
			"to": [8.875, 6, 8],
			"faces": {
				"north": {"uv": [8.875, 10, 8.75, 11], "texture": "#0"},
				"east": {"uv": [8.75, 10, 8.875, 11], "texture": "#0"},
				"south": {"uv": [8.75, 10, 8.875, 11], "texture": "#0"},
				"west": {"uv": [8.75, 10, 8.875, 11], "texture": "#0"},
				"up": {"uv": [8.75, 10, 8.875, 10.125], "texture": "#0"},
				"down": {"uv": [8.75, 10.875, 8.875, 11], "texture": "#0"}
			}
		},
		{
			"name": "claws2_2",
			"from": [7, 4.875, 7.75],
			"to": [7.125, 5.875, 8],
			"faces": {
				"north": {"uv": [7.125, 10.125, 7, 11.125], "texture": "#0"},
				"east": {"uv": [7, 10.125, 7.125, 11.125], "texture": "#0"},
				"south": {"uv": [7, 10.125, 7.125, 11.125], "texture": "#0"},
				"west": {"uv": [7, 10.125, 7.125, 11.125], "texture": "#0"},
				"up": {"uv": [7, 10.125, 7.125, 10.25], "texture": "#0"},
				"down": {"uv": [7, 11, 7.125, 11.125], "texture": "#0"}
			}
		},
		{
			"name": "claws2_3",
			"from": [7.25, 5, 7.75],
			"to": [7.375, 5.875, 8],
			"faces": {
				"north": {"uv": [7.375, 10.125, 7.25, 11], "texture": "#0"},
				"east": {"uv": [7.25, 10.125, 7.375, 11], "texture": "#0"},
				"south": {"uv": [7.25, 10.125, 7.375, 11], "texture": "#0"},
				"up": {"uv": [7.25, 10.125, 7.375, 10.25], "texture": "#0"},
				"down": {"uv": [7.25, 10.875, 7.375, 11], "texture": "#0"}
			}
		},
		{
			"name": "claws2_4",
			"from": [8.625, 5, 7.75],
			"to": [8.75, 5.875, 8],
			"faces": {
				"north": {"uv": [8.75, 10.125, 8.625, 11], "texture": "#0"},
				"south": {"uv": [8.625, 10.125, 8.75, 11], "texture": "#0"},
				"west": {"uv": [8.625, 10.125, 8.75, 11], "texture": "#0"},
				"up": {"uv": [8.625, 10.125, 8.75, 10.25], "texture": "#0"},
				"down": {"uv": [8.625, 10.875, 8.75, 11], "texture": "#0"}
			}
		},
		{
			"name": "claws2_5",
			"from": [8.875, 4.875, 7.75],
			"to": [9, 5.875, 8],
			"faces": {
				"north": {"uv": [9, 10.125, 8.875, 11.125], "texture": "#0"},
				"east": {"uv": [8.875, 10.125, 9, 11.125], "texture": "#0"},
				"south": {"uv": [8.875, 10.125, 9, 11.125], "texture": "#0"},
				"west": {"uv": [8.875, 10.125, 9, 11.125], "texture": "#0"},
				"up": {"uv": [8.875, 10.125, 9, 10.25], "texture": "#0"},
				"down": {"uv": [8.875, 11, 9, 11.125], "texture": "#0"}
			}
		},
		{
			"name": "claws2_6",
			"from": [6.75, 4.875, 7.6875],
			"to": [7, 5.75, 7.9375],
			"faces": {
				"north": {"uv": [7, 10.25, 6.75, 11.125], "texture": "#0"},
				"east": {"uv": [6.875, 10.25, 7, 11.125], "texture": "#0"},
				"south": {"uv": [6.75, 10.25, 7, 11.125], "texture": "#0"},
				"west": {"uv": [6.75, 10.25, 6.875, 11.125], "texture": "#0"},
				"up": {"uv": [6.75, 10.25, 7, 10.375], "texture": "#0"},
				"down": {"uv": [6.75, 11, 7, 11.125], "texture": "#0"}
			}
		},
		{
			"name": "claws2_7",
			"from": [7.375, 5.125, 7.8125],
			"to": [7.5, 5.75, 8.0625],
			"faces": {
				"north": {"uv": [7.5, 10.25, 7.375, 10.875], "texture": "#0"},
				"east": {"uv": [7.375, 10.25, 7.5, 10.875], "texture": "#0"},
				"west": {"uv": [7.375, 10.25, 7.5, 10.875], "texture": "#0"},
				"up": {"uv": [7.375, 10.25, 7.5, 10.375], "texture": "#0"},
				"down": {"uv": [7.375, 10.75, 7.5, 10.875], "texture": "#0"}
			}
		},
		{
			"name": "claws2_8",
			"from": [8.5, 5.125, 7.8125],
			"to": [8.625, 5.75, 8.0625],
			"faces": {
				"north": {"uv": [8.625, 10.25, 8.5, 10.875], "texture": "#0"},
				"east": {"uv": [8.5, 10.25, 8.625, 10.875], "texture": "#0"},
				"west": {"uv": [8.5, 10.25, 8.625, 10.875], "texture": "#0"},
				"up": {"uv": [8.5, 10.25, 8.625, 10.375], "texture": "#0"},
				"down": {"uv": [8.5, 10.75, 8.625, 10.875], "texture": "#0"}
			}
		},
		{
			"name": "claws2_9",
			"from": [9, 4.875, 7.6875],
			"to": [9.25, 5.75, 7.9375],
			"faces": {
				"north": {"uv": [9.25, 10.25, 9, 11.125], "texture": "#0"},
				"east": {"uv": [9.125, 10.25, 9.25, 11.125], "texture": "#0"},
				"south": {"uv": [9, 10.25, 9.25, 11.125], "texture": "#0"},
				"west": {"uv": [9, 10.25, 9.125, 11.125], "texture": "#0"},
				"up": {"uv": [9, 10.25, 9.25, 10.375], "texture": "#0"},
				"down": {"uv": [9, 11, 9.25, 11.125], "texture": "#0"}
			}
		},
		{
			"name": "claws2_10",
			"from": [6.625, 4.75, 7.6875],
			"to": [6.75, 5.625, 7.9375],
			"faces": {
				"north": {"uv": [6.75, 10.375, 6.625, 11.25], "texture": "#0"},
				"east": {"uv": [6.625, 10.375, 6.75, 11.25], "texture": "#0"},
				"south": {"uv": [6.625, 10.375, 6.75, 11.25], "texture": "#0"},
				"west": {"uv": [6.625, 10.375, 6.75, 11.25], "texture": "#0"},
				"up": {"uv": [6.625, 10.375, 6.75, 10.5], "texture": "#0"},
				"down": {"uv": [6.625, 11.125, 6.75, 11.25], "texture": "#0"}
			}
		},
		{
			"name": "claws2_11",
			"from": [7.5, 5.25, 7.8125],
			"to": [7.625, 5.625, 8.0625],
			"faces": {
				"north": {"uv": [7.625, 10.375, 7.5, 10.75], "texture": "#0"},
				"east": {"uv": [7.5, 10.375, 7.625, 10.75], "texture": "#0"},
				"up": {"uv": [7.5, 10.375, 7.625, 10.5], "texture": "#0"},
				"down": {"uv": [7.5, 10.625, 7.625, 10.75], "texture": "#0"}
			}
		},
		{
			"name": "claws2_12",
			"from": [8.375, 5.25, 7.8125],
			"to": [8.5, 5.625, 8.0625],
			"faces": {
				"north": {"uv": [8.5, 10.375, 8.375, 10.75], "texture": "#0"},
				"west": {"uv": [8.375, 10.375, 8.5, 10.75], "texture": "#0"},
				"up": {"uv": [8.375, 10.375, 8.5, 10.5], "texture": "#0"},
				"down": {"uv": [8.375, 10.625, 8.5, 10.75], "texture": "#0"}
			}
		},
		{
			"name": "claws2_13",
			"from": [9.25, 4.75, 7.6875],
			"to": [9.375, 5.625, 7.9375],
			"faces": {
				"north": {"uv": [9.375, 10.375, 9.25, 11.25], "texture": "#0"},
				"east": {"uv": [9.25, 10.375, 9.375, 11.25], "texture": "#0"},
				"south": {"uv": [9.25, 10.375, 9.375, 11.25], "texture": "#0"},
				"west": {"uv": [9.25, 10.375, 9.375, 11.25], "texture": "#0"},
				"up": {"uv": [9.25, 10.375, 9.375, 10.5], "texture": "#0"},
				"down": {"uv": [9.25, 11.125, 9.375, 11.25], "texture": "#0"}
			}
		},
		{
			"name": "claws2_14",
			"from": [6.5, 4.625, 7.625],
			"to": [6.625, 5.5, 7.875],
			"faces": {
				"north": {"uv": [6.625, 10.5, 6.5, 11.375], "texture": "#0"},
				"east": {"uv": [6.5, 10.5, 6.625, 11.375], "texture": "#0"},
				"south": {"uv": [6.5, 10.5, 6.625, 11.375], "texture": "#0"},
				"west": {"uv": [6.5, 10.5, 6.625, 11.375], "texture": "#0"},
				"up": {"uv": [6.5, 10.5, 6.625, 10.625], "texture": "#0"},
				"down": {"uv": [6.5, 11.25, 6.625, 11.375], "texture": "#0"}
			}
		},
		{
			"name": "claws2_15",
			"from": [7.625, 5.375, 7.8125],
			"to": [7.75, 5.5, 8.0625],
			"faces": {
				"north": {"uv": [7.75, 10.5, 7.625, 10.625], "texture": "#0"},
				"east": {"uv": [7.625, 10.5, 7.75, 10.625], "texture": "#0"},
				"up": {"uv": [7.625, 10.5, 7.75, 10.625], "texture": "#0"},
				"down": {"uv": [7.625, 10.5, 7.75, 10.625], "texture": "#0"}
			}
		},
		{
			"name": "claws2_16",
			"from": [8.25, 5.375, 7.8125],
			"to": [8.375, 5.5, 8.0625],
			"faces": {
				"north": {"uv": [8.375, 10.5, 8.25, 10.625], "texture": "#0"},
				"west": {"uv": [8.25, 10.5, 8.375, 10.625], "texture": "#0"},
				"up": {"uv": [8.25, 10.5, 8.375, 10.625], "texture": "#0"},
				"down": {"uv": [8.25, 10.5, 8.375, 10.625], "texture": "#0"}
			}
		},
		{
			"name": "claws2_17",
			"from": [9.375, 4.625, 7.625],
			"to": [9.5, 5.5, 7.875],
			"faces": {
				"north": {"uv": [9.5, 10.5, 9.375, 11.375], "texture": "#0"},
				"east": {"uv": [9.375, 10.5, 9.5, 11.375], "texture": "#0"},
				"south": {"uv": [9.375, 10.5, 9.5, 11.375], "texture": "#0"},
				"west": {"uv": [9.375, 10.5, 9.5, 11.375], "texture": "#0"},
				"up": {"uv": [9.375, 10.5, 9.5, 10.625], "texture": "#0"},
				"down": {"uv": [9.375, 11.25, 9.5, 11.375], "texture": "#0"}
			}
		},
		{
			"name": "claws2_18",
			"from": [6.25, 4.875, 7.625],
			"to": [6.5, 5.375, 7.875],
			"faces": {
				"north": {"uv": [6.5, 10.625, 6.25, 11.125], "texture": "#0"},
				"south": {"uv": [6.25, 10.625, 6.5, 11.125], "texture": "#0"},
				"west": {"uv": [6.25, 10.625, 6.375, 11.125], "texture": "#0"},
				"up": {"uv": [6.25, 10.625, 6.5, 10.75], "texture": "#0"},
				"down": {"uv": [6.25, 11, 6.5, 11.125], "texture": "#0"}
			}
		},
		{
			"name": "claws2_19",
			"from": [9.5, 4.875, 7.625],
			"to": [9.75, 5.375, 7.875],
			"faces": {
				"north": {"uv": [9.75, 10.625, 9.5, 11.125], "texture": "#0"},
				"east": {"uv": [9.625, 10.625, 9.75, 11.125], "texture": "#0"},
				"south": {"uv": [9.5, 10.625, 9.75, 11.125], "texture": "#0"},
				"up": {"uv": [9.5, 10.625, 9.75, 10.75], "texture": "#0"},
				"down": {"uv": [9.5, 11, 9.75, 11.125], "texture": "#0"}
			}
		},
		{
			"name": "claws2_20",
			"from": [6.125, 5, 7.625],
			"to": [6.25, 5.25, 7.875],
			"faces": {
				"north": {"uv": [6.25, 10.75, 6.125, 11], "texture": "#0"},
				"south": {"uv": [6.125, 10.75, 6.25, 11], "texture": "#0"},
				"west": {"uv": [6.125, 10.75, 6.25, 11], "texture": "#0"},
				"up": {"uv": [6.125, 10.75, 6.25, 10.875], "texture": "#0"},
				"down": {"uv": [6.125, 10.875, 6.25, 11], "texture": "#0"}
			}
		},
		{
			"name": "claws2_21",
			"from": [9.75, 5, 7.625],
			"to": [9.875, 5.25, 7.875],
			"faces": {
				"north": {"uv": [9.875, 10.75, 9.75, 11], "texture": "#0"},
				"east": {"uv": [9.75, 10.75, 9.875, 11], "texture": "#0"},
				"south": {"uv": [9.75, 10.75, 9.875, 11], "texture": "#0"},
				"up": {"uv": [9.75, 10.75, 9.875, 10.875], "texture": "#0"},
				"down": {"uv": [9.75, 10.875, 9.875, 11], "texture": "#0"}
			}
		},
		{
			"name": "claws2_22",
			"from": [6.375, 4.625, 7.625],
			"to": [6.5, 4.875, 7.875],
			"faces": {
				"north": {"uv": [6.5, 11.125, 6.375, 11.375], "texture": "#0"},
				"south": {"uv": [6.375, 11.125, 6.5, 11.375], "texture": "#0"},
				"west": {"uv": [6.375, 11.125, 6.5, 11.375], "texture": "#0"},
				"down": {"uv": [6.375, 11.25, 6.5, 11.375], "texture": "#0"}
			}
		},
		{
			"name": "claws2_23",
			"from": [9.5, 4.625, 7.625],
			"to": [9.625, 4.875, 7.875],
			"faces": {
				"north": {"uv": [9.625, 11.125, 9.5, 11.375], "texture": "#0"},
				"east": {"uv": [9.5, 11.125, 9.625, 11.375], "texture": "#0"},
				"south": {"uv": [9.5, 11.125, 9.625, 11.375], "texture": "#0"},
				"down": {"uv": [9.5, 11.25, 9.625, 11.375], "texture": "#0"}
			}
		},
		{
			"name": "claws2_1",
			"from": [7.125, 5, 8.125],
			"to": [7.25, 6, 8.375],
			"faces": {
				"north": {"uv": [7.25, 10, 7.125, 11], "texture": "#0"},
				"east": {"uv": [7.125, 10, 7.25, 11], "texture": "#0"},
				"south": {"uv": [7.125, 10, 7.25, 11], "texture": "#0"},
				"west": {"uv": [7.125, 10, 7.25, 11], "texture": "#0"},
				"up": {"uv": [7.125, 10, 7.25, 10.125], "texture": "#0"},
				"down": {"uv": [7.125, 10.875, 7.25, 11], "texture": "#0"}
			}
		},
		{
			"name": "claws2_2",
			"from": [8.75, 5, 8.125],
			"to": [8.875, 6, 8.375],
			"faces": {
				"north": {"uv": [8.875, 10, 8.75, 11], "texture": "#0"},
				"east": {"uv": [8.75, 10, 8.875, 11], "texture": "#0"},
				"south": {"uv": [8.75, 10, 8.875, 11], "texture": "#0"},
				"west": {"uv": [8.75, 10, 8.875, 11], "texture": "#0"},
				"up": {"uv": [8.75, 10, 8.875, 10.125], "texture": "#0"},
				"down": {"uv": [8.75, 10.875, 8.875, 11], "texture": "#0"}
			}
		},
		{
			"name": "claws3_3",
			"from": [7, 4.875, 8.125],
			"to": [7.125, 5.875, 8.375],
			"faces": {
				"north": {"uv": [7.125, 10.125, 7, 11.125], "texture": "#0"},
				"east": {"uv": [7, 10.125, 7.125, 11.125], "texture": "#0"},
				"south": {"uv": [7, 10.125, 7.125, 11.125], "texture": "#0"},
				"west": {"uv": [7, 10.125, 7.125, 11.125], "texture": "#0"},
				"up": {"uv": [7, 10.125, 7.125, 10.25], "texture": "#0"},
				"down": {"uv": [7, 11, 7.125, 11.125], "texture": "#0"}
			}
		},
		{
			"name": "claws2_4",
			"from": [7.25, 5, 8.125],
			"to": [7.375, 5.875, 8.375],
			"faces": {
				"north": {"uv": [7.375, 10.125, 7.25, 11], "texture": "#0"},
				"east": {"uv": [7.25, 10.125, 7.375, 11], "texture": "#0"},
				"south": {"uv": [7.25, 10.125, 7.375, 11], "texture": "#0"},
				"up": {"uv": [7.25, 10.125, 7.375, 10.25], "texture": "#0"},
				"down": {"uv": [7.25, 10.875, 7.375, 11], "texture": "#0"}
			}
		},
		{
			"name": "claws2_5",
			"from": [8.625, 5, 8.125],
			"to": [8.75, 5.875, 8.375],
			"faces": {
				"north": {"uv": [8.75, 10.125, 8.625, 11], "texture": "#0"},
				"south": {"uv": [8.625, 10.125, 8.75, 11], "texture": "#0"},
				"west": {"uv": [8.625, 10.125, 8.75, 11], "texture": "#0"},
				"up": {"uv": [8.625, 10.125, 8.75, 10.25], "texture": "#0"},
				"down": {"uv": [8.625, 10.875, 8.75, 11], "texture": "#0"}
			}
		},
		{
			"name": "claws2_6",
			"from": [8.875, 4.875, 8.125],
			"to": [9, 5.875, 8.375],
			"faces": {
				"north": {"uv": [9, 10.125, 8.875, 11.125], "texture": "#0"},
				"east": {"uv": [8.875, 10.125, 9, 11.125], "texture": "#0"},
				"south": {"uv": [8.875, 10.125, 9, 11.125], "texture": "#0"},
				"west": {"uv": [8.875, 10.125, 9, 11.125], "texture": "#0"},
				"up": {"uv": [8.875, 10.125, 9, 10.25], "texture": "#0"},
				"down": {"uv": [8.875, 11, 9, 11.125], "texture": "#0"}
			}
		},
		{
			"name": "claws2_7",
			"from": [6.75, 4.875, 8.1875],
			"to": [7, 5.75, 8.4375],
			"faces": {
				"north": {"uv": [7, 10.25, 6.75, 11.125], "texture": "#0"},
				"east": {"uv": [6.875, 10.25, 7, 11.125], "texture": "#0"},
				"south": {"uv": [6.75, 10.25, 7, 11.125], "texture": "#0"},
				"west": {"uv": [6.75, 10.25, 6.875, 11.125], "texture": "#0"},
				"up": {"uv": [6.75, 10.25, 7, 10.375], "texture": "#0"},
				"down": {"uv": [6.75, 11, 7, 11.125], "texture": "#0"}
			}
		},
		{
			"name": "claws2_8",
			"from": [7.375, 5.125, 8.0625],
			"to": [7.5, 5.75, 8.3125],
			"faces": {
				"east": {"uv": [7.375, 10.25, 7.5, 10.875], "texture": "#0"},
				"south": {"uv": [7.375, 10.25, 7.5, 10.875], "texture": "#0"},
				"west": {"uv": [7.375, 10.25, 7.5, 10.875], "texture": "#0"},
				"up": {"uv": [7.375, 10.25, 7.5, 10.375], "texture": "#0"},
				"down": {"uv": [7.375, 10.75, 7.5, 10.875], "texture": "#0"}
			}
		},
		{
			"name": "claws2_9",
			"from": [8.5, 5.125, 8.0625],
			"to": [8.625, 5.75, 8.3125],
			"faces": {
				"east": {"uv": [8.5, 10.25, 8.625, 10.875], "texture": "#0"},
				"south": {"uv": [8.5, 10.25, 8.625, 10.875], "texture": "#0"},
				"west": {"uv": [8.5, 10.25, 8.625, 10.875], "texture": "#0"},
				"up": {"uv": [8.5, 10.25, 8.625, 10.375], "texture": "#0"},
				"down": {"uv": [8.5, 10.75, 8.625, 10.875], "texture": "#0"}
			}
		},
		{
			"name": "claws2_10",
			"from": [9, 4.875, 8.1875],
			"to": [9.25, 5.75, 8.4375],
			"faces": {
				"north": {"uv": [9.25, 10.25, 9, 11.125], "texture": "#0"},
				"east": {"uv": [9.125, 10.25, 9.25, 11.125], "texture": "#0"},
				"south": {"uv": [9, 10.25, 9.25, 11.125], "texture": "#0"},
				"west": {"uv": [9, 10.25, 9.125, 11.125], "texture": "#0"},
				"up": {"uv": [9, 10.25, 9.25, 10.375], "texture": "#0"},
				"down": {"uv": [9, 11, 9.25, 11.125], "texture": "#0"}
			}
		},
		{
			"name": "claws2_11",
			"from": [6.625, 4.75, 8.1875],
			"to": [6.75, 5.625, 8.4375],
			"faces": {
				"north": {"uv": [6.75, 10.375, 6.625, 11.25], "texture": "#0"},
				"east": {"uv": [6.625, 10.375, 6.75, 11.25], "texture": "#0"},
				"south": {"uv": [6.625, 10.375, 6.75, 11.25], "texture": "#0"},
				"west": {"uv": [6.625, 10.375, 6.75, 11.25], "texture": "#0"},
				"up": {"uv": [6.625, 10.375, 6.75, 10.5], "texture": "#0"},
				"down": {"uv": [6.625, 11.125, 6.75, 11.25], "texture": "#0"}
			}
		},
		{
			"name": "claws2_12",
			"from": [7.5, 5.25, 8.0625],
			"to": [7.625, 5.625, 8.3125],
			"faces": {
				"east": {"uv": [7.5, 10.375, 7.625, 10.75], "texture": "#0"},
				"south": {"uv": [7.5, 10.375, 7.625, 10.75], "texture": "#0"},
				"up": {"uv": [7.5, 10.375, 7.625, 10.5], "texture": "#0"},
				"down": {"uv": [7.5, 10.625, 7.625, 10.75], "texture": "#0"}
			}
		},
		{
			"name": "claws2_13",
			"from": [8.375, 5.25, 8.0625],
			"to": [8.5, 5.625, 8.3125],
			"faces": {
				"south": {"uv": [8.375, 10.375, 8.5, 10.75], "texture": "#0"},
				"west": {"uv": [8.375, 10.375, 8.5, 10.75], "texture": "#0"},
				"up": {"uv": [8.375, 10.375, 8.5, 10.5], "texture": "#0"},
				"down": {"uv": [8.375, 10.625, 8.5, 10.75], "texture": "#0"}
			}
		},
		{
			"name": "claws2_14",
			"from": [9.25, 4.75, 8.1875],
			"to": [9.375, 5.625, 8.4375],
			"faces": {
				"north": {"uv": [9.375, 10.375, 9.25, 11.25], "texture": "#0"},
				"east": {"uv": [9.25, 10.375, 9.375, 11.25], "texture": "#0"},
				"south": {"uv": [9.25, 10.375, 9.375, 11.25], "texture": "#0"},
				"west": {"uv": [9.25, 10.375, 9.375, 11.25], "texture": "#0"},
				"up": {"uv": [9.25, 10.375, 9.375, 10.5], "texture": "#0"},
				"down": {"uv": [9.25, 11.125, 9.375, 11.25], "texture": "#0"}
			}
		},
		{
			"name": "claws2_15",
			"from": [6.5, 4.625, 8.25],
			"to": [6.625, 5.5, 8.5],
			"faces": {
				"north": {"uv": [6.625, 10.5, 6.5, 11.375], "texture": "#0"},
				"east": {"uv": [6.5, 10.5, 6.625, 11.375], "texture": "#0"},
				"south": {"uv": [6.5, 10.5, 6.625, 11.375], "texture": "#0"},
				"west": {"uv": [6.5, 10.5, 6.625, 11.375], "texture": "#0"},
				"up": {"uv": [6.5, 10.5, 6.625, 10.625], "texture": "#0"},
				"down": {"uv": [6.5, 11.25, 6.625, 11.375], "texture": "#0"}
			}
		},
		{
			"name": "claws2_16",
			"from": [7.625, 5.375, 8.0625],
			"to": [7.75, 5.5, 8.3125],
			"faces": {
				"east": {"uv": [7.625, 10.5, 7.75, 10.625], "texture": "#0"},
				"south": {"uv": [7.625, 10.5, 7.75, 10.625], "texture": "#0"},
				"up": {"uv": [7.625, 10.5, 7.75, 10.625], "texture": "#0"},
				"down": {"uv": [7.625, 10.5, 7.75, 10.625], "texture": "#0"}
			}
		},
		{
			"name": "claws2_17",
			"from": [8.25, 5.375, 8.0625],
			"to": [8.375, 5.5, 8.3125],
			"faces": {
				"south": {"uv": [8.25, 10.5, 8.375, 10.625], "texture": "#0"},
				"west": {"uv": [8.25, 10.5, 8.375, 10.625], "texture": "#0"},
				"up": {"uv": [8.25, 10.5, 8.375, 10.625], "texture": "#0"},
				"down": {"uv": [8.25, 10.5, 8.375, 10.625], "texture": "#0"}
			}
		},
		{
			"name": "claws2_18",
			"from": [9.375, 4.625, 8.25],
			"to": [9.5, 5.5, 8.5],
			"faces": {
				"north": {"uv": [9.5, 10.5, 9.375, 11.375], "texture": "#0"},
				"east": {"uv": [9.375, 10.5, 9.5, 11.375], "texture": "#0"},
				"south": {"uv": [9.375, 10.5, 9.5, 11.375], "texture": "#0"},
				"west": {"uv": [9.375, 10.5, 9.5, 11.375], "texture": "#0"},
				"up": {"uv": [9.375, 10.5, 9.5, 10.625], "texture": "#0"},
				"down": {"uv": [9.375, 11.25, 9.5, 11.375], "texture": "#0"}
			}
		},
		{
			"name": "claws2_19",
			"from": [6.25, 4.875, 8.25],
			"to": [6.5, 5.375, 8.5],
			"faces": {
				"north": {"uv": [6.5, 10.625, 6.25, 11.125], "texture": "#0"},
				"south": {"uv": [6.25, 10.625, 6.5, 11.125], "texture": "#0"},
				"west": {"uv": [6.25, 10.625, 6.375, 11.125], "texture": "#0"},
				"up": {"uv": [6.25, 10.625, 6.5, 10.75], "texture": "#0"},
				"down": {"uv": [6.25, 11, 6.5, 11.125], "texture": "#0"}
			}
		},
		{
			"name": "claws2_20",
			"from": [9.5, 4.875, 8.25],
			"to": [9.75, 5.375, 8.5],
			"faces": {
				"north": {"uv": [9.75, 10.625, 9.5, 11.125], "texture": "#0"},
				"east": {"uv": [9.625, 10.625, 9.75, 11.125], "texture": "#0"},
				"south": {"uv": [9.5, 10.625, 9.75, 11.125], "texture": "#0"},
				"up": {"uv": [9.5, 10.625, 9.75, 10.75], "texture": "#0"},
				"down": {"uv": [9.5, 11, 9.75, 11.125], "texture": "#0"}
			}
		},
		{
			"name": "claws2_21",
			"from": [6.125, 5, 8.25],
			"to": [6.25, 5.25, 8.5],
			"faces": {
				"north": {"uv": [6.25, 10.75, 6.125, 11], "texture": "#0"},
				"south": {"uv": [6.125, 10.75, 6.25, 11], "texture": "#0"},
				"west": {"uv": [6.125, 10.75, 6.25, 11], "texture": "#0"},
				"up": {"uv": [6.125, 10.75, 6.25, 10.875], "texture": "#0"},
				"down": {"uv": [6.125, 10.875, 6.25, 11], "texture": "#0"}
			}
		},
		{
			"name": "claws2_22",
			"from": [9.75, 5, 8.25],
			"to": [9.875, 5.25, 8.5],
			"faces": {
				"north": {"uv": [9.875, 10.75, 9.75, 11], "texture": "#0"},
				"east": {"uv": [9.75, 10.75, 9.875, 11], "texture": "#0"},
				"south": {"uv": [9.75, 10.75, 9.875, 11], "texture": "#0"},
				"up": {"uv": [9.75, 10.75, 9.875, 10.875], "texture": "#0"},
				"down": {"uv": [9.75, 10.875, 9.875, 11], "texture": "#0"}
			}
		},
		{
			"name": "claws2_23",
			"from": [6.375, 4.625, 8.25],
			"to": [6.5, 4.875, 8.5],
			"faces": {
				"north": {"uv": [6.5, 11.125, 6.375, 11.375], "texture": "#0"},
				"south": {"uv": [6.375, 11.125, 6.5, 11.375], "texture": "#0"},
				"west": {"uv": [6.375, 11.125, 6.5, 11.375], "texture": "#0"},
				"down": {"uv": [6.375, 11.25, 6.5, 11.375], "texture": "#0"}
			}
		},
		{
			"name": "claws2_24",
			"from": [9.5, 4.625, 8.25],
			"to": [9.625, 4.875, 8.5],
			"faces": {
				"north": {"uv": [9.625, 11.125, 9.5, 11.375], "texture": "#0"},
				"east": {"uv": [9.5, 11.125, 9.625, 11.375], "texture": "#0"},
				"south": {"uv": [9.5, 11.125, 9.625, 11.375], "texture": "#0"},
				"down": {"uv": [9.5, 11.25, 9.625, 11.375], "texture": "#0"}
			}
		},
		{
			"name": "handle_0",
			"from": [7.875, 1.125, 7.9375],
			"to": [8.125, 4.75, 8.1875],
			"faces": {
				"north": {"uv": [8.125, 11.25, 7.875, 14.875], "texture": "#0"},
				"south": {"uv": [7.875, 11.25, 8.125, 14.875], "texture": "#0"},
				"down": {"uv": [7.875, 14.75, 8.125, 14.875], "texture": "#0"}
			}
		},
		{
			"name": "handle_1",
			"from": [7.75, 1, 7.9375],
			"to": [7.875, 4.625, 8.1875],
			"faces": {
				"north": {"uv": [7.875, 11.375, 7.75, 15], "texture": "#0"},
				"east": {"uv": [7.75, 11.375, 7.875, 15], "texture": "#0"},
				"south": {"uv": [7.75, 11.375, 7.875, 15], "texture": "#0"},
				"west": {"uv": [7.75, 11.375, 7.875, 15], "texture": "#0"},
				"down": {"uv": [7.75, 14.875, 7.875, 15], "texture": "#0"}
			}
		},
		{
			"name": "handle_2",
			"from": [8.125, 1, 7.9375],
			"to": [8.25, 4.625, 8.1875],
			"faces": {
				"north": {"uv": [8.25, 11.375, 8.125, 15], "texture": "#0"},
				"east": {"uv": [8.125, 11.375, 8.25, 15], "texture": "#0"},
				"south": {"uv": [8.125, 11.375, 8.25, 15], "texture": "#0"},
				"west": {"uv": [8.125, 11.375, 8.25, 15], "texture": "#0"},
				"down": {"uv": [8.125, 14.875, 8.25, 15], "texture": "#0"}
			}
		},
		{
			"name": "handle_3",
			"from": [7.625, 3.625, 7.9375],
			"to": [7.75, 4, 8.1875],
			"faces": {
				"north": {"uv": [7.75, 12, 7.625, 12.375], "texture": "#0"},
				"south": {"uv": [7.625, 12, 7.75, 12.375], "texture": "#0"},
				"west": {"uv": [7.625, 12, 7.75, 12.375], "texture": "#0"},
				"up": {"uv": [7.625, 12, 7.75, 12.125], "texture": "#0"},
				"down": {"uv": [7.625, 12.25, 7.75, 12.375], "texture": "#0"}
			}
		},
		{
			"name": "handle_4",
			"from": [8.25, 3.625, 7.9375],
			"to": [8.375, 4, 8.1875],
			"faces": {
				"north": {"uv": [8.375, 12, 8.25, 12.375], "texture": "#0"},
				"east": {"uv": [8.25, 12, 8.375, 12.375], "texture": "#0"},
				"south": {"uv": [8.25, 12, 8.375, 12.375], "texture": "#0"},
				"up": {"uv": [8.25, 12, 8.375, 12.125], "texture": "#0"},
				"down": {"uv": [8.25, 12.25, 8.375, 12.375], "texture": "#0"}
			}
		},
		{
			"name": "handle_5",
			"from": [7.625, 2.375, 7.9375],
			"to": [7.75, 2.875, 8.1875],
			"faces": {
				"north": {"uv": [7.75, 13.125, 7.625, 13.625], "texture": "#0"},
				"south": {"uv": [7.625, 13.125, 7.75, 13.625], "texture": "#0"},
				"west": {"uv": [7.625, 13.125, 7.75, 13.625], "texture": "#0"},
				"up": {"uv": [7.625, 13.125, 7.75, 13.25], "texture": "#0"},
				"down": {"uv": [7.625, 13.5, 7.75, 13.625], "texture": "#0"}
			}
		},
		{
			"name": "handle_6",
			"from": [8.25, 2.375, 7.9375],
			"to": [8.375, 2.875, 8.1875],
			"faces": {
				"north": {"uv": [8.375, 13.125, 8.25, 13.625], "texture": "#0"},
				"east": {"uv": [8.25, 13.125, 8.375, 13.625], "texture": "#0"},
				"south": {"uv": [8.25, 13.125, 8.375, 13.625], "texture": "#0"},
				"up": {"uv": [8.25, 13.125, 8.375, 13.25], "texture": "#0"},
				"down": {"uv": [8.25, 13.5, 8.375, 13.625], "texture": "#0"}
			}
		},
		{
			"name": "handle_7",
			"from": [7.625, 0.125, 7.9375],
			"to": [7.75, 1.5, 8.1875],
			"faces": {
				"north": {"uv": [7.75, 14.5, 7.625, 15.875], "texture": "#0"},
				"east": {"uv": [7.625, 14.5, 7.75, 15.875], "texture": "#0"},
				"south": {"uv": [7.625, 14.5, 7.75, 15.875], "texture": "#0"},
				"west": {"uv": [7.625, 14.5, 7.75, 15.875], "texture": "#0"},
				"up": {"uv": [7.625, 14.5, 7.75, 14.625], "texture": "#0"},
				"down": {"uv": [7.625, 15.75, 7.75, 15.875], "texture": "#0"}
			}
		},
		{
			"name": "handle_8",
			"from": [8.25, 0.125, 7.9375],
			"to": [8.375, 1.5, 8.1875],
			"faces": {
				"north": {"uv": [8.375, 14.5, 8.25, 15.875], "texture": "#0"},
				"east": {"uv": [8.25, 14.5, 8.375, 15.875], "texture": "#0"},
				"south": {"uv": [8.25, 14.5, 8.375, 15.875], "texture": "#0"},
				"west": {"uv": [8.25, 14.5, 8.375, 15.875], "texture": "#0"},
				"up": {"uv": [8.25, 14.5, 8.375, 14.625], "texture": "#0"},
				"down": {"uv": [8.25, 15.75, 8.375, 15.875], "texture": "#0"}
			}
		},
		{
			"name": "handle_9",
			"from": [7.5, 0.375, 7.9375],
			"to": [7.625, 1.125, 8.1875],
			"faces": {
				"north": {"uv": [7.625, 14.875, 7.5, 15.625], "texture": "#0"},
				"south": {"uv": [7.5, 14.875, 7.625, 15.625], "texture": "#0"},
				"west": {"uv": [7.5, 14.875, 7.625, 15.625], "texture": "#0"},
				"up": {"uv": [7.5, 14.875, 7.625, 15], "texture": "#0"},
				"down": {"uv": [7.5, 15.5, 7.625, 15.625], "texture": "#0"}
			}
		},
		{
			"name": "handle_10",
			"from": [8.375, 0.375, 7.9375],
			"to": [8.5, 1.125, 8.1875],
			"faces": {
				"north": {"uv": [8.5, 14.875, 8.375, 15.625], "texture": "#0"},
				"east": {"uv": [8.375, 14.875, 8.5, 15.625], "texture": "#0"},
				"south": {"uv": [8.375, 14.875, 8.5, 15.625], "texture": "#0"},
				"up": {"uv": [8.375, 14.875, 8.5, 15], "texture": "#0"},
				"down": {"uv": [8.375, 15.5, 8.5, 15.625], "texture": "#0"}
			}
		},
		{
			"name": "handle_11",
			"from": [7.75, 0, 7.9375],
			"to": [7.875, 0.5, 8.1875],
			"faces": {
				"north": {"uv": [7.875, 15.5, 7.75, 16], "texture": "#0"},
				"east": {"uv": [7.75, 15.5, 7.875, 16], "texture": "#0"},
				"south": {"uv": [7.75, 15.5, 7.875, 16], "texture": "#0"},
				"west": {"uv": [7.75, 15.5, 7.875, 16], "texture": "#0"},
				"up": {"uv": [7.75, 15.5, 7.875, 15.625], "texture": "#0"},
				"down": {"uv": [7.75, 15.875, 7.875, 16], "texture": "#0"}
			}
		},
		{
			"name": "handle_12",
			"from": [8.125, 0, 7.9375],
			"to": [8.25, 0.5, 8.1875],
			"faces": {
				"north": {"uv": [8.25, 15.5, 8.125, 16], "texture": "#0"},
				"east": {"uv": [8.125, 15.5, 8.25, 16], "texture": "#0"},
				"south": {"uv": [8.125, 15.5, 8.25, 16], "texture": "#0"},
				"west": {"uv": [8.125, 15.5, 8.25, 16], "texture": "#0"},
				"up": {"uv": [8.125, 15.5, 8.25, 15.625], "texture": "#0"},
				"down": {"uv": [8.125, 15.875, 8.25, 16], "texture": "#0"}
			}
		},
		{
			"name": "handle2_0",
			"from": [7.75, 4.75, 7.875],
			"to": [8.25, 5.5, 8.25],
			"faces": {
				"north": {"uv": [8.25, 10.5, 7.75, 11.25], "texture": "#0"},
				"south": {"uv": [7.75, 10.5, 8.25, 11.25], "texture": "#0"},
				"down": {"uv": [7.75, 11.125, 8.25, 11.25], "texture": "#0"}
			}
		},
		{
			"name": "handle2_1",
			"from": [7.625, 4.625, 7.875],
			"to": [7.75, 5.375, 8.25],
			"faces": {
				"north": {"uv": [7.75, 10.625, 7.625, 11.375], "texture": "#0"},
				"south": {"uv": [7.625, 10.625, 7.75, 11.375], "texture": "#0"},
				"west": {"uv": [7.625, 10.625, 7.75, 11.375], "texture": "#0"},
				"down": {"uv": [7.625, 11.25, 7.75, 11.375], "texture": "#0"}
			}
		},
		{
			"name": "handle2_2",
			"from": [8.25, 4.625, 7.875],
			"to": [8.375, 5.375, 8.25],
			"faces": {
				"north": {"uv": [8.375, 10.625, 8.25, 11.375], "texture": "#0"},
				"east": {"uv": [8.25, 10.625, 8.375, 11.375], "texture": "#0"},
				"south": {"uv": [8.25, 10.625, 8.375, 11.375], "texture": "#0"},
				"down": {"uv": [8.25, 11.25, 8.375, 11.375], "texture": "#0"}
			}
		},
		{
			"name": "handle2_7",
			"from": [7.75, 4.625, 7.875],
			"to": [7.875, 4.75, 8.25],
			"faces": {
				"north": {"uv": [7.875, 11.25, 7.75, 11.375], "texture": "#0"},
				"east": {"uv": [7.75, 11.25, 7.875, 11.375], "texture": "#0"},
				"south": {"uv": [7.75, 11.25, 7.875, 11.375], "texture": "#0"},
				"down": {"uv": [7.75, 11.25, 7.875, 11.375], "texture": "#0"}
			}
		},
		{
			"name": "handle2_8",
			"from": [8.125, 4.625, 7.875],
			"to": [8.25, 4.75, 8.25],
			"faces": {
				"north": {"uv": [8.25, 11.25, 8.125, 11.375], "texture": "#0"},
				"south": {"uv": [8.125, 11.25, 8.25, 11.375], "texture": "#0"},
				"west": {"uv": [8.125, 11.25, 8.25, 11.375], "texture": "#0"},
				"down": {"uv": [8.125, 11.25, 8.25, 11.375], "texture": "#0"}
			}
		},
		{
			"name": "ruby_0",
			"from": [7.875, 0.375, 8],
			"to": [8.125, 1.125, 8.125],
			"faces": {
				"north": {"uv": [8.125, 14.875, 7.875, 15.625], "texture": "#0"},
				"south": {"uv": [7.875, 14.875, 8.125, 15.625], "texture": "#0"},
				"down": {"uv": [7.875, 15.5, 8.125, 15.625], "texture": "#0"}
			}
		},
		{
			"name": "ruby_1",
			"from": [7.75, 0.5, 8],
			"to": [7.875, 1, 8.125],
			"faces": {
				"north": {"uv": [7.875, 15, 7.75, 15.5], "texture": "#0"},
				"south": {"uv": [7.75, 15, 7.875, 15.5], "texture": "#0"}
			}
		},
		{
			"name": "ruby_2",
			"from": [8.125, 0.5, 8],
			"to": [8.25, 1, 8.125],
			"faces": {
				"north": {"uv": [8.25, 15, 8.125, 15.5], "texture": "#0"},
				"south": {"uv": [8.125, 15, 8.25, 15.5], "texture": "#0"}
			}
		},
		{
			"name": "123_0",
			"from": [7.75, 5.5, 7.875],
			"to": [8.25, 6.375, 8.25],
			"faces": {
				"north": {"uv": [8.25, 9.625, 7.75, 10.5], "texture": "#0"},
				"east": {"uv": [8.125, 9.625, 8.25, 10.5], "texture": "#0"},
				"south": {"uv": [7.75, 9.625, 8.25, 10.5], "texture": "#0"},
				"west": {"uv": [7.75, 9.625, 7.875, 10.5], "texture": "#0"},
				"up": {"uv": [7.75, 9.625, 8.25, 9.75], "texture": "#0"}
			}
		},
		{
			"name": "123_1",
			"from": [7.25, 5.875, 7.875],
			"to": [7.75, 6.25, 8.25],
			"faces": {
				"north": {"uv": [7.75, 9.75, 7.25, 10.125], "texture": "#0"},
				"south": {"uv": [7.25, 9.75, 7.75, 10.125], "texture": "#0"},
				"west": {"uv": [7.25, 9.75, 7.375, 10.125], "texture": "#0"},
				"up": {"uv": [7.25, 9.75, 7.75, 9.875], "texture": "#0"},
				"down": {"uv": [7.25, 10, 7.75, 10.125], "texture": "#0"}
			}
		},
		{
			"name": "123_2",
			"from": [8.25, 5.875, 7.875],
			"to": [8.75, 6.25, 8.25],
			"faces": {
				"north": {"uv": [8.75, 9.75, 8.25, 10.125], "texture": "#0"},
				"east": {"uv": [8.625, 9.75, 8.75, 10.125], "texture": "#0"},
				"south": {"uv": [8.25, 9.75, 8.75, 10.125], "texture": "#0"},
				"up": {"uv": [8.25, 9.75, 8.75, 9.875], "texture": "#0"},
				"down": {"uv": [8.25, 10, 8.75, 10.125], "texture": "#0"}
			}
		},
		{
			"name": "123_3",
			"from": [7.375, 5.75, 7.875],
			"to": [7.75, 5.875, 8.25],
			"faces": {
				"north": {"uv": [7.75, 10.125, 7.375, 10.25], "texture": "#0"},
				"south": {"uv": [7.375, 10.125, 7.75, 10.25], "texture": "#0"},
				"west": {"uv": [7.375, 10.125, 7.5, 10.25], "texture": "#0"}
			}
		},
		{
			"name": "123_4",
			"from": [8.25, 5.625, 7.875],
			"to": [8.5, 5.875, 8.25],
			"faces": {
				"north": {"uv": [8.5, 10.125, 8.25, 10.375], "texture": "#0"},
				"south": {"uv": [8.25, 10.125, 8.5, 10.375], "texture": "#0"}
			}
		},
		{
			"name": "123_5",
			"from": [8.5, 5.75, 7.875],
			"to": [8.625, 5.875, 8.25],
			"faces": {
				"north": {"uv": [8.625, 10.125, 8.5, 10.25], "texture": "#0"},
				"east": {"uv": [8.5, 10.125, 8.625, 10.25], "texture": "#0"},
				"south": {"uv": [8.5, 10.125, 8.625, 10.25], "texture": "#0"}
			}
		},
		{
			"name": "123_6",
			"from": [7.5, 5.625, 7.875],
			"to": [7.75, 5.75, 8.25],
			"faces": {
				"north": {"uv": [7.75, 10.25, 7.5, 10.375], "texture": "#0"},
				"south": {"uv": [7.5, 10.25, 7.75, 10.375], "texture": "#0"}
			}
		},
		{
			"name": "123_7",
			"from": [7.625, 5.5, 7.875],
			"to": [7.75, 5.625, 8.25],
			"faces": {
				"north": {"uv": [7.75, 10.375, 7.625, 10.5], "texture": "#0"},
				"south": {"uv": [7.625, 10.375, 7.75, 10.5], "texture": "#0"}
			}
		},
		{
			"name": "123_8",
			"from": [8.25, 5.5, 7.875],
			"to": [8.375, 5.625, 8.25],
			"faces": {
				"north": {"uv": [8.375, 10.375, 8.25, 10.5], "texture": "#0"},
				"south": {"uv": [8.25, 10.375, 8.375, 10.5], "texture": "#0"}
			}
		},
		{
			"name": "1111_0",
			"from": [7.875, 15.375, 8],
			"to": [8.125, 16, 8.125],
			"faces": {
				"north": {"uv": [8.125, 0, 7.875, 0.625], "texture": "#0"},
				"east": {"uv": [8, 0, 8.125, 0.625], "texture": "#0"},
				"south": {"uv": [7.875, 0, 8.125, 0.625], "texture": "#0"},
				"west": {"uv": [7.875, 0, 8, 0.625], "texture": "#0"},
				"up": {"uv": [7.875, 0, 8.125, 0.125], "texture": "#0"}
			}
		},
		{
			"name": "1111_1",
			"from": [7.75, 15, 8],
			"to": [7.875, 15.75, 8.125],
			"faces": {
				"north": {"uv": [7.875, 0.25, 7.75, 1], "texture": "#0"},
				"south": {"uv": [7.75, 0.25, 7.875, 1], "texture": "#0"},
				"west": {"uv": [7.75, 0.25, 7.875, 1], "texture": "#0"},
				"up": {"uv": [7.75, 0.25, 7.875, 0.375], "texture": "#0"}
			}
		},
		{
			"name": "1111_2",
			"from": [8.125, 15, 8],
			"to": [8.25, 15.75, 8.125],
			"faces": {
				"north": {"uv": [8.25, 0.25, 8.125, 1], "texture": "#0"},
				"east": {"uv": [8.125, 0.25, 8.25, 1], "texture": "#0"},
				"south": {"uv": [8.125, 0.25, 8.25, 1], "texture": "#0"},
				"up": {"uv": [8.125, 0.25, 8.25, 0.375], "texture": "#0"}
			}
		},
		{
			"name": "1111_3",
			"from": [7.625, 14.625, 8],
			"to": [7.75, 15.5, 8.125],
			"faces": {
				"north": {"uv": [7.75, 0.5, 7.625, 1.375], "texture": "#0"},
				"south": {"uv": [7.625, 0.5, 7.75, 1.375], "texture": "#0"},
				"west": {"uv": [7.625, 0.5, 7.75, 1.375], "texture": "#0"},
				"up": {"uv": [7.625, 0.5, 7.75, 0.625], "texture": "#0"}
			}
		},
		{
			"name": "1111_4",
			"from": [8.25, 14.625, 8],
			"to": [8.375, 15.5, 8.125],
			"faces": {
				"north": {"uv": [8.375, 0.5, 8.25, 1.375], "texture": "#0"},
				"east": {"uv": [8.25, 0.5, 8.375, 1.375], "texture": "#0"},
				"south": {"uv": [8.25, 0.5, 8.375, 1.375], "texture": "#0"},
				"up": {"uv": [8.25, 0.5, 8.375, 0.625], "texture": "#0"}
			}
		},
		{
			"name": "1111_5",
			"from": [7.5, 14.125, 8],
			"to": [7.625, 15.125, 8.125],
			"faces": {
				"north": {"uv": [7.625, 0.875, 7.5, 1.875], "texture": "#0"},
				"south": {"uv": [7.5, 0.875, 7.625, 1.875], "texture": "#0"},
				"west": {"uv": [7.5, 0.875, 7.625, 1.875], "texture": "#0"},
				"up": {"uv": [7.5, 0.875, 7.625, 1], "texture": "#0"}
			}
		},
		{
			"name": "1111_6",
			"from": [8.375, 14.125, 8],
			"to": [8.5, 15.125, 8.125],
			"faces": {
				"north": {"uv": [8.5, 0.875, 8.375, 1.875], "texture": "#0"},
				"east": {"uv": [8.375, 0.875, 8.5, 1.875], "texture": "#0"},
				"south": {"uv": [8.375, 0.875, 8.5, 1.875], "texture": "#0"},
				"up": {"uv": [8.375, 0.875, 8.5, 1], "texture": "#0"}
			}
		},
		{
			"name": "1111_7",
			"from": [7.375, 8.75, 8],
			"to": [7.5, 14.625, 8.125],
			"faces": {
				"north": {"uv": [7.5, 1.375, 7.375, 7.25], "texture": "#0"},
				"south": {"uv": [7.375, 1.375, 7.5, 7.25], "texture": "#0"},
				"west": {"uv": [7.375, 1.375, 7.5, 7.25], "texture": "#0"},
				"up": {"uv": [7.375, 1.375, 7.5, 1.5], "texture": "#0"}
			}
		},
		{
			"name": "1111_8",
			"from": [8.5, 8.75, 8],
			"to": [8.625, 14.625, 8.125],
			"faces": {
				"north": {"uv": [8.625, 1.375, 8.5, 7.25], "texture": "#0"},
				"east": {"uv": [8.5, 1.375, 8.625, 7.25], "texture": "#0"},
				"south": {"uv": [8.5, 1.375, 8.625, 7.25], "texture": "#0"},
				"up": {"uv": [8.5, 1.375, 8.625, 1.5], "texture": "#0"}
			}
		},
		{
			"name": "1111_9",
			"from": [7.5, 13.625, 8],
			"to": [7.625, 13.875, 8.125],
			"faces": {
				"north": {"uv": [7.625, 2.125, 7.5, 2.375], "texture": "#0"},
				"south": {"uv": [7.5, 2.125, 7.625, 2.375], "texture": "#0"}
			}
		},
		{
			"name": "1111_10",
			"from": [8.375, 13.625, 8],
			"to": [8.5, 13.875, 8.125],
			"faces": {
				"north": {"uv": [8.5, 2.125, 8.375, 2.375], "texture": "#0"},
				"south": {"uv": [8.375, 2.125, 8.5, 2.375], "texture": "#0"}
			}
		},
		{
			"name": "1111_11",
			"from": [7.5, 13.125, 8],
			"to": [7.625, 13.375, 8.125],
			"faces": {
				"north": {"uv": [7.625, 2.625, 7.5, 2.875], "texture": "#0"},
				"south": {"uv": [7.5, 2.625, 7.625, 2.875], "texture": "#0"}
			}
		},
		{
			"name": "1111_12",
			"from": [8.375, 13.125, 8],
			"to": [8.5, 13.375, 8.125],
			"faces": {
				"north": {"uv": [8.5, 2.625, 8.375, 2.875], "texture": "#0"},
				"south": {"uv": [8.375, 2.625, 8.5, 2.875], "texture": "#0"}
			}
		},
		{
			"name": "1111_13",
			"from": [7.5, 12.625, 8],
			"to": [7.625, 12.875, 8.125],
			"faces": {
				"north": {"uv": [7.625, 3.125, 7.5, 3.375], "texture": "#0"},
				"south": {"uv": [7.5, 3.125, 7.625, 3.375], "texture": "#0"}
			}
		},
		{
			"name": "1111_14",
			"from": [8.375, 12.625, 8],
			"to": [8.5, 12.875, 8.125],
			"faces": {
				"north": {"uv": [8.5, 3.125, 8.375, 3.375], "texture": "#0"},
				"south": {"uv": [8.375, 3.125, 8.5, 3.375], "texture": "#0"}
			}
		},
		{
			"name": "1111_15",
			"from": [7.5, 12, 8],
			"to": [7.625, 12.375, 8.125],
			"faces": {
				"north": {"uv": [7.625, 3.625, 7.5, 4], "texture": "#0"},
				"south": {"uv": [7.5, 3.625, 7.625, 4], "texture": "#0"}
			}
		},
		{
			"name": "1111_16",
			"from": [8.375, 12, 8],
			"to": [8.5, 12.375, 8.125],
			"faces": {
				"north": {"uv": [8.5, 3.625, 8.375, 4], "texture": "#0"},
				"south": {"uv": [8.375, 3.625, 8.5, 4], "texture": "#0"}
			}
		},
		{
			"name": "1111_17",
			"from": [7.5, 11.5, 8],
			"to": [7.625, 11.75, 8.125],
			"faces": {
				"north": {"uv": [7.625, 4.25, 7.5, 4.5], "texture": "#0"},
				"south": {"uv": [7.5, 4.25, 7.625, 4.5], "texture": "#0"}
			}
		},
		{
			"name": "1111_18",
			"from": [8.375, 11.5, 8],
			"to": [8.5, 11.75, 8.125],
			"faces": {
				"north": {"uv": [8.5, 4.25, 8.375, 4.5], "texture": "#0"},
				"south": {"uv": [8.375, 4.25, 8.5, 4.5], "texture": "#0"}
			}
		},
		{
			"name": "1111_19",
			"from": [7.5, 11, 8],
			"to": [7.625, 11.25, 8.125],
			"faces": {
				"north": {"uv": [7.625, 4.75, 7.5, 5], "texture": "#0"},
				"south": {"uv": [7.5, 4.75, 7.625, 5], "texture": "#0"}
			}
		},
		{
			"name": "1111_20",
			"from": [8.375, 11, 8],
			"to": [8.5, 11.25, 8.125],
			"faces": {
				"north": {"uv": [8.5, 4.75, 8.375, 5], "texture": "#0"},
				"south": {"uv": [8.375, 4.75, 8.5, 5], "texture": "#0"}
			}
		},
		{
			"name": "1111_21",
			"from": [7.5, 10.5, 8],
			"to": [7.625, 10.75, 8.125],
			"faces": {
				"north": {"uv": [7.625, 5.25, 7.5, 5.5], "texture": "#0"},
				"south": {"uv": [7.5, 5.25, 7.625, 5.5], "texture": "#0"}
			}
		},
		{
			"name": "1111_22",
			"from": [8.375, 10.5, 8],
			"to": [8.5, 10.75, 8.125],
			"faces": {
				"north": {"uv": [8.5, 5.25, 8.375, 5.5], "texture": "#0"},
				"south": {"uv": [8.375, 5.25, 8.5, 5.5], "texture": "#0"}
			}
		},
		{
			"name": "1111_23",
			"from": [7.5, 10, 8],
			"to": [7.625, 10.25, 8.125],
			"faces": {
				"north": {"uv": [7.625, 5.75, 7.5, 6], "texture": "#0"},
				"south": {"uv": [7.5, 5.75, 7.625, 6], "texture": "#0"}
			}
		},
		{
			"name": "1111_24",
			"from": [8.375, 10, 8],
			"to": [8.5, 10.25, 8.125],
			"faces": {
				"north": {"uv": [8.5, 5.75, 8.375, 6], "texture": "#0"},
				"south": {"uv": [8.375, 5.75, 8.5, 6], "texture": "#0"}
			}
		},
		{
			"name": "1111_25",
			"from": [7.5, 9.5, 8],
			"to": [7.625, 9.875, 8.125],
			"faces": {
				"north": {"uv": [7.625, 6.125, 7.5, 6.5], "texture": "#0"},
				"south": {"uv": [7.5, 6.125, 7.625, 6.5], "texture": "#0"}
			}
		},
		{
			"name": "1111_26",
			"from": [8.375, 9.5, 8],
			"to": [8.5, 9.875, 8.125],
			"faces": {
				"north": {"uv": [8.5, 6.125, 8.375, 6.5], "texture": "#0"},
				"south": {"uv": [8.375, 6.125, 8.5, 6.5], "texture": "#0"}
			}
		},
		{
			"name": "1111_27",
			"from": [7.25, 8.375, 8],
			"to": [7.375, 9, 8.125],
			"faces": {
				"north": {"uv": [7.375, 7, 7.25, 7.625], "texture": "#0"},
				"south": {"uv": [7.25, 7, 7.375, 7.625], "texture": "#0"},
				"west": {"uv": [7.25, 7, 7.375, 7.625], "texture": "#0"},
				"up": {"uv": [7.25, 7, 7.375, 7.125], "texture": "#0"}
			}
		},
		{
			"name": "1111_28",
			"from": [8.625, 8.375, 8],
			"to": [8.75, 9, 8.125],
			"faces": {
				"north": {"uv": [8.75, 7, 8.625, 7.625], "texture": "#0"},
				"east": {"uv": [8.625, 7, 8.75, 7.625], "texture": "#0"},
				"south": {"uv": [8.625, 7, 8.75, 7.625], "texture": "#0"},
				"up": {"uv": [8.625, 7, 8.75, 7.125], "texture": "#0"}
			}
		},
		{
			"name": "1231231_0",
			"from": [7.875, 6.375, 7.9375],
			"to": [8.125, 15.375, 8.1875],
			"faces": {
				"north": {"uv": [8.125, 0.625, 7.875, 9.625], "texture": "#0"},
				"east": {"uv": [8, 0.625, 8.125, 9.625], "texture": "#0"},
				"south": {"uv": [7.875, 0.625, 8.125, 9.625], "texture": "#0"},
				"west": {"uv": [7.875, 0.625, 8, 9.625], "texture": "#0"},
				"up": {"uv": [7.875, 0.625, 8.125, 0.75], "texture": "#0"}
			}
		},
		{
			"name": "1231231_1",
			"from": [7.75, 6.375, 7.9375],
			"to": [7.875, 15, 8.1875],
			"faces": {
				"north": {"uv": [7.875, 1, 7.75, 9.625], "texture": "#0"},
				"south": {"uv": [7.75, 1, 7.875, 9.625], "texture": "#0"},
				"west": {"uv": [7.75, 1, 7.875, 9.625], "texture": "#0"},
				"up": {"uv": [7.75, 1, 7.875, 1.125], "texture": "#0"}
			}
		},
		{
			"name": "1231231_2",
			"from": [8.125, 6.375, 7.9375],
			"to": [8.25, 15, 8.1875],
			"faces": {
				"north": {"uv": [8.25, 1, 8.125, 9.625], "texture": "#0"},
				"east": {"uv": [8.125, 1, 8.25, 9.625], "texture": "#0"},
				"south": {"uv": [8.125, 1, 8.25, 9.625], "texture": "#0"},
				"up": {"uv": [8.125, 1, 8.25, 1.125], "texture": "#0"}
			}
		},
		{
			"name": "1231231_3",
			"from": [7.625, 6.25, 7.9375],
			"to": [7.75, 14.625, 8.1875],
			"faces": {
				"north": {"uv": [7.75, 1.375, 7.625, 9.75], "texture": "#0"},
				"south": {"uv": [7.625, 1.375, 7.75, 9.75], "texture": "#0"},
				"west": {"uv": [7.625, 1.375, 7.75, 9.75], "texture": "#0"},
				"up": {"uv": [7.625, 1.375, 7.75, 1.5], "texture": "#0"}
			}
		},
		{
			"name": "1231231_4",
			"from": [8.25, 6.25, 7.9375],
			"to": [8.375, 14.625, 8.1875],
			"faces": {
				"north": {"uv": [8.375, 1.375, 8.25, 9.75], "texture": "#0"},
				"east": {"uv": [8.25, 1.375, 8.375, 9.75], "texture": "#0"},
				"south": {"uv": [8.25, 1.375, 8.375, 9.75], "texture": "#0"},
				"up": {"uv": [8.25, 1.375, 8.375, 1.5], "texture": "#0"}
			}
		},
		{
			"name": "1231231_5",
			"from": [7.5, 13.875, 7.9375],
			"to": [7.625, 14.125, 8.1875],
			"faces": {
				"north": {"uv": [7.625, 1.875, 7.5, 2.125], "texture": "#0"},
				"south": {"uv": [7.5, 1.875, 7.625, 2.125], "texture": "#0"},
				"west": {"uv": [7.5, 1.875, 7.625, 2.125], "texture": "#0"},
				"up": {"uv": [7.5, 1.875, 7.625, 2], "texture": "#0"},
				"down": {"uv": [7.5, 2, 7.625, 2.125], "texture": "#0"}
			}
		},
		{
			"name": "1231231_6",
			"from": [8.375, 13.875, 7.9375],
			"to": [8.5, 14.125, 8.1875],
			"faces": {
				"north": {"uv": [8.5, 1.875, 8.375, 2.125], "texture": "#0"},
				"east": {"uv": [8.375, 1.875, 8.5, 2.125], "texture": "#0"},
				"south": {"uv": [8.375, 1.875, 8.5, 2.125], "texture": "#0"},
				"up": {"uv": [8.375, 1.875, 8.5, 2], "texture": "#0"},
				"down": {"uv": [8.375, 2, 8.5, 2.125], "texture": "#0"}
			}
		},
		{
			"name": "1231231_7",
			"from": [7.5, 13.375, 7.9375],
			"to": [7.625, 13.625, 8.1875],
			"faces": {
				"north": {"uv": [7.625, 2.375, 7.5, 2.625], "texture": "#0"},
				"south": {"uv": [7.5, 2.375, 7.625, 2.625], "texture": "#0"},
				"west": {"uv": [7.5, 2.375, 7.625, 2.625], "texture": "#0"},
				"up": {"uv": [7.5, 2.375, 7.625, 2.5], "texture": "#0"},
				"down": {"uv": [7.5, 2.5, 7.625, 2.625], "texture": "#0"}
			}
		},
		{
			"name": "1231231_8",
			"from": [8.375, 13.375, 7.9375],
			"to": [8.5, 13.625, 8.1875],
			"faces": {
				"north": {"uv": [8.5, 2.375, 8.375, 2.625], "texture": "#0"},
				"east": {"uv": [8.375, 2.375, 8.5, 2.625], "texture": "#0"},
				"south": {"uv": [8.375, 2.375, 8.5, 2.625], "texture": "#0"},
				"up": {"uv": [8.375, 2.375, 8.5, 2.5], "texture": "#0"},
				"down": {"uv": [8.375, 2.5, 8.5, 2.625], "texture": "#0"}
			}
		},
		{
			"name": "1231231_9",
			"from": [7.5, 12.875, 7.9375],
			"to": [7.625, 13.125, 8.1875],
			"faces": {
				"north": {"uv": [7.625, 2.875, 7.5, 3.125], "texture": "#0"},
				"south": {"uv": [7.5, 2.875, 7.625, 3.125], "texture": "#0"},
				"west": {"uv": [7.5, 2.875, 7.625, 3.125], "texture": "#0"},
				"up": {"uv": [7.5, 2.875, 7.625, 3], "texture": "#0"},
				"down": {"uv": [7.5, 3, 7.625, 3.125], "texture": "#0"}
			}
		},
		{
			"name": "1231231_10",
			"from": [8.375, 12.875, 7.9375],
			"to": [8.5, 13.125, 8.1875],
			"faces": {
				"north": {"uv": [8.5, 2.875, 8.375, 3.125], "texture": "#0"},
				"east": {"uv": [8.375, 2.875, 8.5, 3.125], "texture": "#0"},
				"south": {"uv": [8.375, 2.875, 8.5, 3.125], "texture": "#0"},
				"up": {"uv": [8.375, 2.875, 8.5, 3], "texture": "#0"},
				"down": {"uv": [8.375, 3, 8.5, 3.125], "texture": "#0"}
			}
		},
		{
			"name": "1231231_11",
			"from": [7.5, 12.375, 7.9375],
			"to": [7.625, 12.625, 8.1875],
			"faces": {
				"north": {"uv": [7.625, 3.375, 7.5, 3.625], "texture": "#0"},
				"south": {"uv": [7.5, 3.375, 7.625, 3.625], "texture": "#0"},
				"west": {"uv": [7.5, 3.375, 7.625, 3.625], "texture": "#0"},
				"up": {"uv": [7.5, 3.375, 7.625, 3.5], "texture": "#0"},
				"down": {"uv": [7.5, 3.5, 7.625, 3.625], "texture": "#0"}
			}
		},
		{
			"name": "1231231_12",
			"from": [8.375, 12.375, 7.9375],
			"to": [8.5, 12.625, 8.1875],
			"faces": {
				"north": {"uv": [8.5, 3.375, 8.375, 3.625], "texture": "#0"},
				"east": {"uv": [8.375, 3.375, 8.5, 3.625], "texture": "#0"},
				"south": {"uv": [8.375, 3.375, 8.5, 3.625], "texture": "#0"},
				"up": {"uv": [8.375, 3.375, 8.5, 3.5], "texture": "#0"},
				"down": {"uv": [8.375, 3.5, 8.5, 3.625], "texture": "#0"}
			}
		},
		{
			"name": "1231231_13",
			"from": [7.5, 11.75, 7.9375],
			"to": [7.625, 12, 8.1875],
			"faces": {
				"north": {"uv": [7.625, 4, 7.5, 4.25], "texture": "#0"},
				"south": {"uv": [7.5, 4, 7.625, 4.25], "texture": "#0"},
				"west": {"uv": [7.5, 4, 7.625, 4.25], "texture": "#0"},
				"up": {"uv": [7.5, 4, 7.625, 4.125], "texture": "#0"},
				"down": {"uv": [7.5, 4.125, 7.625, 4.25], "texture": "#0"}
			}
		},
		{
			"name": "1231231_14",
			"from": [8.375, 11.75, 7.9375],
			"to": [8.5, 12, 8.1875],
			"faces": {
				"north": {"uv": [8.5, 4, 8.375, 4.25], "texture": "#0"},
				"east": {"uv": [8.375, 4, 8.5, 4.25], "texture": "#0"},
				"south": {"uv": [8.375, 4, 8.5, 4.25], "texture": "#0"},
				"up": {"uv": [8.375, 4, 8.5, 4.125], "texture": "#0"},
				"down": {"uv": [8.375, 4.125, 8.5, 4.25], "texture": "#0"}
			}
		},
		{
			"name": "1231231_15",
			"from": [7.5, 11.25, 7.9375],
			"to": [7.625, 11.5, 8.1875],
			"faces": {
				"north": {"uv": [7.625, 4.5, 7.5, 4.75], "texture": "#0"},
				"south": {"uv": [7.5, 4.5, 7.625, 4.75], "texture": "#0"},
				"west": {"uv": [7.5, 4.5, 7.625, 4.75], "texture": "#0"},
				"up": {"uv": [7.5, 4.5, 7.625, 4.625], "texture": "#0"},
				"down": {"uv": [7.5, 4.625, 7.625, 4.75], "texture": "#0"}
			}
		},
		{
			"name": "1231231_16",
			"from": [8.375, 11.25, 7.9375],
			"to": [8.5, 11.5, 8.1875],
			"faces": {
				"north": {"uv": [8.5, 4.5, 8.375, 4.75], "texture": "#0"},
				"east": {"uv": [8.375, 4.5, 8.5, 4.75], "texture": "#0"},
				"south": {"uv": [8.375, 4.5, 8.5, 4.75], "texture": "#0"},
				"up": {"uv": [8.375, 4.5, 8.5, 4.625], "texture": "#0"},
				"down": {"uv": [8.375, 4.625, 8.5, 4.75], "texture": "#0"}
			}
		},
		{
			"name": "1231231_17",
			"from": [7.5, 10.75, 7.9375],
			"to": [7.625, 11, 8.1875],
			"faces": {
				"north": {"uv": [7.625, 5, 7.5, 5.25], "texture": "#0"},
				"south": {"uv": [7.5, 5, 7.625, 5.25], "texture": "#0"},
				"west": {"uv": [7.5, 5, 7.625, 5.25], "texture": "#0"},
				"up": {"uv": [7.5, 5, 7.625, 5.125], "texture": "#0"},
				"down": {"uv": [7.5, 5.125, 7.625, 5.25], "texture": "#0"}
			}
		},
		{
			"name": "1231231_18",
			"from": [8.375, 10.75, 7.9375],
			"to": [8.5, 11, 8.1875],
			"faces": {
				"north": {"uv": [8.5, 5, 8.375, 5.25], "texture": "#0"},
				"east": {"uv": [8.375, 5, 8.5, 5.25], "texture": "#0"},
				"south": {"uv": [8.375, 5, 8.5, 5.25], "texture": "#0"},
				"up": {"uv": [8.375, 5, 8.5, 5.125], "texture": "#0"},
				"down": {"uv": [8.375, 5.125, 8.5, 5.25], "texture": "#0"}
			}
		},
		{
			"name": "1231231_19",
			"from": [7.5, 10.25, 7.9375],
			"to": [7.625, 10.5, 8.1875],
			"faces": {
				"north": {"uv": [7.625, 5.5, 7.5, 5.75], "texture": "#0"},
				"south": {"uv": [7.5, 5.5, 7.625, 5.75], "texture": "#0"},
				"west": {"uv": [7.5, 5.5, 7.625, 5.75], "texture": "#0"},
				"up": {"uv": [7.5, 5.5, 7.625, 5.625], "texture": "#0"},
				"down": {"uv": [7.5, 5.625, 7.625, 5.75], "texture": "#0"}
			}
		},
		{
			"name": "1231231_20",
			"from": [8.375, 10.25, 7.9375],
			"to": [8.5, 10.5, 8.1875],
			"faces": {
				"north": {"uv": [8.5, 5.5, 8.375, 5.75], "texture": "#0"},
				"east": {"uv": [8.375, 5.5, 8.5, 5.75], "texture": "#0"},
				"south": {"uv": [8.375, 5.5, 8.5, 5.75], "texture": "#0"},
				"up": {"uv": [8.375, 5.5, 8.5, 5.625], "texture": "#0"},
				"down": {"uv": [8.375, 5.625, 8.5, 5.75], "texture": "#0"}
			}
		},
		{
			"name": "1231231_21",
			"from": [7.5, 9.875, 7.9375],
			"to": [7.625, 10, 8.1875],
			"faces": {
				"north": {"uv": [7.625, 6, 7.5, 6.125], "texture": "#0"},
				"south": {"uv": [7.5, 6, 7.625, 6.125], "texture": "#0"},
				"west": {"uv": [7.5, 6, 7.625, 6.125], "texture": "#0"},
				"up": {"uv": [7.5, 6, 7.625, 6.125], "texture": "#0"},
				"down": {"uv": [7.5, 6, 7.625, 6.125], "texture": "#0"}
			}
		},
		{
			"name": "1231231_22",
			"from": [8.375, 9.875, 7.9375],
			"to": [8.5, 10, 8.1875],
			"faces": {
				"north": {"uv": [8.5, 6, 8.375, 6.125], "texture": "#0"},
				"east": {"uv": [8.375, 6, 8.5, 6.125], "texture": "#0"},
				"south": {"uv": [8.375, 6, 8.5, 6.125], "texture": "#0"},
				"up": {"uv": [8.375, 6, 8.5, 6.125], "texture": "#0"},
				"down": {"uv": [8.375, 6, 8.5, 6.125], "texture": "#0"}
			}
		},
		{
			"name": "1231231_23",
			"from": [7.5, 6.25, 7.9375],
			"to": [7.625, 9.5, 8.1875],
			"faces": {
				"north": {"uv": [7.625, 6.5, 7.5, 9.75], "texture": "#0"},
				"south": {"uv": [7.5, 6.5, 7.625, 9.75], "texture": "#0"},
				"west": {"uv": [7.5, 6.5, 7.625, 9.75], "texture": "#0"},
				"up": {"uv": [7.5, 6.5, 7.625, 6.625], "texture": "#0"}
			}
		},
		{
			"name": "1231231_24",
			"from": [8.375, 6.25, 7.9375],
			"to": [8.5, 9.5, 8.1875],
			"faces": {
				"north": {"uv": [8.5, 6.5, 8.375, 9.75], "texture": "#0"},
				"east": {"uv": [8.375, 6.5, 8.5, 9.75], "texture": "#0"},
				"south": {"uv": [8.375, 6.5, 8.5, 9.75], "texture": "#0"},
				"up": {"uv": [8.375, 6.5, 8.5, 6.625], "texture": "#0"}
			}
		},
		{
			"name": "1231231_25",
			"from": [7.375, 6.25, 7.9375],
			"to": [7.5, 8.75, 8.1875],
			"faces": {
				"north": {"uv": [7.5, 7.25, 7.375, 9.75], "texture": "#0"},
				"south": {"uv": [7.375, 7.25, 7.5, 9.75], "texture": "#0"},
				"west": {"uv": [7.375, 7.25, 7.5, 9.75], "texture": "#0"},
				"up": {"uv": [7.375, 7.25, 7.5, 7.375], "texture": "#0"}
			}
		},
		{
			"name": "1231231_26",
			"from": [8.5, 6.25, 7.9375],
			"to": [8.625, 8.75, 8.1875],
			"faces": {
				"north": {"uv": [8.625, 7.25, 8.5, 9.75], "texture": "#0"},
				"east": {"uv": [8.5, 7.25, 8.625, 9.75], "texture": "#0"},
				"south": {"uv": [8.5, 7.25, 8.625, 9.75], "texture": "#0"},
				"up": {"uv": [8.5, 7.25, 8.625, 7.375], "texture": "#0"}
			}
		},
		{
			"name": "1231231_27",
			"from": [7.25, 6.25, 7.9375],
			"to": [7.375, 8.375, 8.1875],
			"faces": {
				"north": {"uv": [7.375, 7.625, 7.25, 9.75], "texture": "#0"},
				"south": {"uv": [7.25, 7.625, 7.375, 9.75], "texture": "#0"},
				"west": {"uv": [7.25, 7.625, 7.375, 9.75], "texture": "#0"},
				"up": {"uv": [7.25, 7.625, 7.375, 7.75], "texture": "#0"}
			}
		},
		{
			"name": "1231231_28",
			"from": [8.625, 6.25, 7.9375],
			"to": [8.75, 8.375, 8.1875],
			"faces": {
				"north": {"uv": [8.75, 7.625, 8.625, 9.75], "texture": "#0"},
				"east": {"uv": [8.625, 7.625, 8.75, 9.75], "texture": "#0"},
				"south": {"uv": [8.625, 7.625, 8.75, 9.75], "texture": "#0"},
				"up": {"uv": [8.625, 7.625, 8.75, 7.75], "texture": "#0"}
			}
		},
		{
			"name": "1231231_29",
			"from": [7.125, 7.375, 7.9375],
			"to": [7.25, 7.75, 8.1875],
			"faces": {
				"north": {"uv": [7.25, 8.25, 7.125, 8.625], "texture": "#0"},
				"south": {"uv": [7.125, 8.25, 7.25, 8.625], "texture": "#0"},
				"west": {"uv": [7.125, 8.25, 7.25, 8.625], "texture": "#0"},
				"up": {"uv": [7.125, 8.25, 7.25, 8.375], "texture": "#0"},
				"down": {"uv": [7.125, 8.5, 7.25, 8.625], "texture": "#0"}
			}
		},
		{
			"name": "1231231_30",
			"from": [8.75, 7.375, 7.9375],
			"to": [8.875, 7.75, 8.1875],
			"faces": {
				"north": {"uv": [8.875, 8.25, 8.75, 8.625], "texture": "#0"},
				"east": {"uv": [8.75, 8.25, 8.875, 8.625], "texture": "#0"},
				"south": {"uv": [8.75, 8.25, 8.875, 8.625], "texture": "#0"},
				"up": {"uv": [8.75, 8.25, 8.875, 8.375], "texture": "#0"},
				"down": {"uv": [8.75, 8.5, 8.875, 8.625], "texture": "#0"}
			}
		},
		{
			"name": "1231231_31",
			"from": [7, 7.375, 7.9375],
			"to": [7.125, 7.5, 8.1875],
			"faces": {
				"north": {"uv": [7.125, 8.5, 7, 8.625], "texture": "#0"},
				"south": {"uv": [7, 8.5, 7.125, 8.625], "texture": "#0"},
				"west": {"uv": [7, 8.5, 7.125, 8.625], "texture": "#0"},
				"up": {"uv": [7, 8.5, 7.125, 8.625], "texture": "#0"},
				"down": {"uv": [7, 8.5, 7.125, 8.625], "texture": "#0"}
			}
		},
		{
			"name": "1231231_32",
			"from": [8.875, 7.375, 7.9375],
			"to": [9, 7.5, 8.1875],
			"faces": {
				"north": {"uv": [9, 8.5, 8.875, 8.625], "texture": "#0"},
				"east": {"uv": [8.875, 8.5, 9, 8.625], "texture": "#0"},
				"south": {"uv": [8.875, 8.5, 9, 8.625], "texture": "#0"},
				"up": {"uv": [8.875, 8.5, 9, 8.625], "texture": "#0"},
				"down": {"uv": [8.875, 8.5, 9, 8.625], "texture": "#0"}
			}
		},
		{
			"name": "1231231_33",
			"from": [7.125, 6.125, 7.9375],
			"to": [7.25, 7.125, 8.1875],
			"faces": {
				"north": {"uv": [7.25, 8.875, 7.125, 9.875], "texture": "#0"},
				"south": {"uv": [7.125, 8.875, 7.25, 9.875], "texture": "#0"},
				"west": {"uv": [7.125, 8.875, 7.25, 9.875], "texture": "#0"},
				"up": {"uv": [7.125, 8.875, 7.25, 9], "texture": "#0"},
				"down": {"uv": [7.125, 9.75, 7.25, 9.875], "texture": "#0"}
			}
		},
		{
			"name": "1231231_34",
			"from": [8.75, 6.125, 7.9375],
			"to": [8.875, 7.125, 8.1875],
			"faces": {
				"north": {"uv": [8.875, 8.875, 8.75, 9.875], "texture": "#0"},
				"east": {"uv": [8.75, 8.875, 8.875, 9.875], "texture": "#0"},
				"south": {"uv": [8.75, 8.875, 8.875, 9.875], "texture": "#0"},
				"up": {"uv": [8.75, 8.875, 8.875, 9], "texture": "#0"},
				"down": {"uv": [8.75, 9.75, 8.875, 9.875], "texture": "#0"}
			}
		},
		{
			"name": "1231231_35",
			"from": [7, 6.75, 7.9375],
			"to": [7.125, 7, 8.1875],
			"faces": {
				"north": {"uv": [7.125, 9, 7, 9.25], "texture": "#0"},
				"south": {"uv": [7, 9, 7.125, 9.25], "texture": "#0"},
				"west": {"uv": [7, 9, 7.125, 9.25], "texture": "#0"},
				"up": {"uv": [7, 9, 7.125, 9.125], "texture": "#0"},
				"down": {"uv": [7, 9.125, 7.125, 9.25], "texture": "#0"}
			}
		},
		{
			"name": "1231231_36",
			"from": [8.875, 6.75, 7.9375],
			"to": [9, 7, 8.1875],
			"faces": {
				"north": {"uv": [9, 9, 8.875, 9.25], "texture": "#0"},
				"east": {"uv": [8.875, 9, 9, 9.25], "texture": "#0"},
				"south": {"uv": [8.875, 9, 9, 9.25], "texture": "#0"},
				"up": {"uv": [8.875, 9, 9, 9.125], "texture": "#0"},
				"down": {"uv": [8.875, 9.125, 9, 9.25], "texture": "#0"}
			}
		},
		{
			"name": "1231231_37",
			"from": [6.875, 6.75, 7.9375],
			"to": [7, 6.875, 8.1875],
			"faces": {
				"north": {"uv": [7, 9.125, 6.875, 9.25], "texture": "#0"},
				"south": {"uv": [6.875, 9.125, 7, 9.25], "texture": "#0"},
				"west": {"uv": [6.875, 9.125, 7, 9.25], "texture": "#0"},
				"up": {"uv": [6.875, 9.125, 7, 9.25], "texture": "#0"},
				"down": {"uv": [6.875, 9.125, 7, 9.25], "texture": "#0"}
			}
		},
		{
			"name": "1231231_38",
			"from": [9, 6.75, 7.9375],
			"to": [9.125, 6.875, 8.1875],
			"faces": {
				"north": {"uv": [9.125, 9.125, 9, 9.25], "texture": "#0"},
				"east": {"uv": [9, 9.125, 9.125, 9.25], "texture": "#0"},
				"south": {"uv": [9, 9.125, 9.125, 9.25], "texture": "#0"},
				"up": {"uv": [9, 9.125, 9.125, 9.25], "texture": "#0"},
				"down": {"uv": [9, 9.125, 9.125, 9.25], "texture": "#0"}
			}
		},
		{
			"name": "1231231_39",
			"from": [7, 6.125, 7.9375],
			"to": [7.125, 6.5, 8.1875],
			"faces": {
				"north": {"uv": [7.125, 9.5, 7, 9.875], "texture": "#0"},
				"south": {"uv": [7, 9.5, 7.125, 9.875], "texture": "#0"},
				"west": {"uv": [7, 9.5, 7.125, 9.875], "texture": "#0"},
				"up": {"uv": [7, 9.5, 7.125, 9.625], "texture": "#0"},
				"down": {"uv": [7, 9.75, 7.125, 9.875], "texture": "#0"}
			}
		},
		{
			"name": "1231231_40",
			"from": [8.875, 6.125, 7.9375],
			"to": [9, 6.5, 8.1875],
			"faces": {
				"north": {"uv": [9, 9.5, 8.875, 9.875], "texture": "#0"},
				"east": {"uv": [8.875, 9.5, 9, 9.875], "texture": "#0"},
				"south": {"uv": [8.875, 9.5, 9, 9.875], "texture": "#0"},
				"up": {"uv": [8.875, 9.5, 9, 9.625], "texture": "#0"},
				"down": {"uv": [8.875, 9.75, 9, 9.875], "texture": "#0"}
			}
		},
		{
			"name": "1231231_41",
			"from": [6.875, 6.125, 7.9375],
			"to": [7, 6.375, 8.1875],
			"faces": {
				"north": {"uv": [7, 9.625, 6.875, 9.875], "texture": "#0"},
				"south": {"uv": [6.875, 9.625, 7, 9.875], "texture": "#0"},
				"west": {"uv": [6.875, 9.625, 7, 9.875], "texture": "#0"},
				"up": {"uv": [6.875, 9.625, 7, 9.75], "texture": "#0"},
				"down": {"uv": [6.875, 9.75, 7, 9.875], "texture": "#0"}
			}
		},
		{
			"name": "1231231_42",
			"from": [9, 6.125, 7.9375],
			"to": [9.125, 6.375, 8.1875],
			"faces": {
				"north": {"uv": [9.125, 9.625, 9, 9.875], "texture": "#0"},
				"east": {"uv": [9, 9.625, 9.125, 9.875], "texture": "#0"},
				"south": {"uv": [9, 9.625, 9.125, 9.875], "texture": "#0"},
				"up": {"uv": [9, 9.625, 9.125, 9.75], "texture": "#0"},
				"down": {"uv": [9, 9.75, 9.125, 9.875], "texture": "#0"}
			}
		},
		{
			"name": "1231231_43",
			"from": [6.75, 6.125, 7.9375],
			"to": [6.875, 6.25, 8.1875],
			"faces": {
				"north": {"uv": [6.875, 9.75, 6.75, 9.875], "texture": "#0"},
				"south": {"uv": [6.75, 9.75, 6.875, 9.875], "texture": "#0"},
				"west": {"uv": [6.75, 9.75, 6.875, 9.875], "texture": "#0"},
				"up": {"uv": [6.75, 9.75, 6.875, 9.875], "texture": "#0"},
				"down": {"uv": [6.75, 9.75, 6.875, 9.875], "texture": "#0"}
			}
		},
		{
			"name": "1231231_44",
			"from": [9.125, 6.125, 7.9375],
			"to": [9.25, 6.25, 8.1875],
			"faces": {
				"north": {"uv": [9.25, 9.75, 9.125, 9.875], "texture": "#0"},
				"east": {"uv": [9.125, 9.75, 9.25, 9.875], "texture": "#0"},
				"south": {"uv": [9.125, 9.75, 9.25, 9.875], "texture": "#0"},
				"up": {"uv": [9.125, 9.75, 9.25, 9.875], "texture": "#0"},
				"down": {"uv": [9.125, 9.75, 9.25, 9.875], "texture": "#0"}
			}
		}
	],
	"display": {
		"thirdperson_righthand": {
			"rotation": [0, -90, 0],
			"translation": [0.25, 10, 0.5],
			"scale": [2.5, 2.5, 2.5]
		},
		"thirdperson_lefthand": {
			"rotation": [0, 90, 0],
			"translation": [0.25, 10, 0.25],
			"scale": [2.5, 2.5, 2.5]
		},
		"firstperson_righthand": {
			"rotation": [1, -91, 0],
			"translation": [0, 6.25, 2.5],
			"scale": [1.25, 1.25, 1.25]
		},
		"firstperson_lefthand": {
			"rotation": [1, 91, 0],
			"translation": [0, 6, 2.5],
			"scale": [1.25, 1.25, 1.25]
		},
		"ground": {
			"translation": [0, 16.75, 0],
			"scale": [2.5, 2.5, 2.5]
		},
		"gui": {
			"rotation": [0, 0, -45],
			"translation": [0, 0.25, 0],
			"scale": [1.5, 1.5, 1.5]
		},
		"head": {
			"rotation": [180, 0, 45],
			"translation": [3.75, -13, 4.75],
			"scale": [3.5, 3.5, 3.5]
		},
		"fixed": {
			"rotation": [180, 0, 135],
			"translation": [0, 0.25, -0.75],
			"scale": [1.75, 1.75, 1.75]
		}
	},
	"groups": [
		{
			"name": "claws",
			"origin": [8, 8, 8],
			"color": 0,
			"children": [0, 1, 2, 3, 4, 5, 6, 7]
		},
		{
			"name": "claws",
			"origin": [8, 8, 8],
			"color": 0,
			"children": [8, 9, 10, 11, 12, 13, 14, 15]
		},
		{
			"name": "claws2",
			"origin": [8, 8, 8],
			"color": 0,
			"children": [16, 17, 18, 19, 20, 21, 22, 23, 24, 25, 26, 27, 28, 29, 30, 31, 32, 33, 34, 35, 36, 37, 38, 39]
		},
		{
			"name": "claws2",
			"origin": [8, 8, 8],
			"color": 0,
			"children": [40, 41, 42, 43, 44, 45, 46, 47, 48, 49, 50, 51, 52, 53, 54, 55, 56, 57, 58, 59, 60, 61, 62, 63]
		},
		{
			"name": "handle",
			"origin": [8, 8, 8],
			"color": 0,
			"children": [64, 65, 66, 67, 68, 69, 70, 71, 72, 73, 74, 75, 76]
		},
		{
			"name": "handle2",
			"origin": [8, 8, 8],
			"color": 0,
			"children": [77, 78, 79, 80, 81]
		},
		{
			"name": "ruby",
			"origin": [8, 8, 8],
			"color": 0,
			"children": [82, 83, 84]
		},
		{
			"name": "123",
			"origin": [8, 8, 8],
			"color": 0,
			"children": [85, 86, 87, 88, 89, 90, 91, 92, 93]
		},
		{
			"name": "1111",
			"origin": [8, 8, 8],
			"color": 0,
			"children": [94, 95, 96, 97, 98, 99, 100, 101, 102, 103, 104, 105, 106, 107, 108, 109, 110, 111, 112, 113, 114, 115, 116, 117, 118, 119, 120, 121, 122]
		},
		{
			"name": "1231231",
			"origin": [8, 8, 8],
			"color": 0,
			"children": [123, 124, 125, 126, 127, 128, 129, 130, 131, 132, 133, 134, 135, 136, 137, 138, 139, 140, 141, 142, 143, 144, 145, 146, 147, 148, 149, 150, 151, 152, 153, 154, 155, 156, 157, 158, 159, 160, 161, 162, 163, 164, 165, 166, 167]
		}
	]
}