{
	"credit": "Made with Blockbench",
	"textures": {
		"0": "item/dragonblade",
		"particle": "item/dragonblade"
	},
	"elements": [
		{
			"name": "Layer 2_0",
			"from": [8.625, 14.125, 8],
			"to": [8.875, 14.25, 8.125],
			"faces": {
				"north": {"uv": [8.875, 1.75, 8.625, 1.875], "texture": "#0"},
				"east": {"uv": [8.75, 1.75, 8.875, 1.875], "texture": "#0"},
				"south": {"uv": [8.625, 1.75, 8.875, 1.875], "texture": "#0"},
				"west": {"uv": [8.625, 1.75, 8.75, 1.875], "texture": "#0"},
				"up": {"uv": [8.625, 1.75, 8.875, 1.875], "texture": "#0"},
				"down": {"uv": [8.625, 1.75, 8.875, 1.875], "texture": "#0"}
			}
		},
		{
			"name": "Layer 2_1",
			"from": [8.375, 14, 8],
			"to": [8.625, 14.125, 8.125],
			"faces": {
				"north": {"uv": [8.625, 1.875, 8.375, 2], "texture": "#0"},
				"south": {"uv": [8.375, 1.875, 8.625, 2], "texture": "#0"},
				"west": {"uv": [8.375, 1.875, 8.5, 2], "texture": "#0"},
				"up": {"uv": [8.375, 1.875, 8.625, 2], "texture": "#0"}
			}
		},
		{
			"name": "Layer 2_2",
			"from": [8.25, 13.875, 8],
			"to": [8.375, 14, 8.125],
			"faces": {
				"north": {"uv": [8.375, 2, 8.25, 2.125], "texture": "#0"},
				"south": {"uv": [8.25, 2, 8.375, 2.125], "texture": "#0"},
				"west": {"uv": [8.25, 2, 8.375, 2.125], "texture": "#0"},
				"up": {"uv": [8.25, 2, 8.375, 2.125], "texture": "#0"}
			}
		},
		{
			"name": "Layer 2_3",
			"from": [8.125, 13.75, 8],
			"to": [8.25, 13.875, 8.125],
			"faces": {
				"north": {"uv": [8.25, 2.125, 8.125, 2.25], "texture": "#0"},
				"south": {"uv": [8.125, 2.125, 8.25, 2.25], "texture": "#0"},
				"west": {"uv": [8.125, 2.125, 8.25, 2.25], "texture": "#0"},
				"up": {"uv": [8.125, 2.125, 8.25, 2.25], "texture": "#0"}
			}
		},
		{
			"name": "Layer 2_4",
			"from": [8, 13.625, 8],
			"to": [8.125, 13.75, 8.125],
			"faces": {
				"north": {"uv": [8.125, 2.25, 8, 2.375], "texture": "#0"},
				"south": {"uv": [8, 2.25, 8.125, 2.375], "texture": "#0"},
				"west": {"uv": [8, 2.25, 8.125, 2.375], "texture": "#0"},
				"up": {"uv": [8, 2.25, 8.125, 2.375], "texture": "#0"}
			}
		},
		{
			"name": "Layer 2_5",
			"from": [7.875, 13.375, 8],
			"to": [8, 13.625, 8.125],
			"faces": {
				"north": {"uv": [8, 2.375, 7.875, 2.625], "texture": "#0"},
				"south": {"uv": [7.875, 2.375, 8, 2.625], "texture": "#0"},
				"west": {"uv": [7.875, 2.375, 8, 2.625], "texture": "#0"},
				"up": {"uv": [7.875, 2.375, 8, 2.5], "texture": "#0"}
			}
		},
		{
			"name": "Layer 2_6",
			"from": [7.75, 13.125, 8],
			"to": [7.875, 13.375, 8.125],
			"faces": {
				"north": {"uv": [7.875, 2.625, 7.75, 2.875], "texture": "#0"},
				"south": {"uv": [7.75, 2.625, 7.875, 2.875], "texture": "#0"},
				"west": {"uv": [7.75, 2.625, 7.875, 2.875], "texture": "#0"},
				"up": {"uv": [7.75, 2.625, 7.875, 2.75], "texture": "#0"}
			}
		},
		{
			"name": "Layer 2_7",
			"from": [7.625, 12.75, 8],
			"to": [7.75, 13.125, 8.125],
			"faces": {
				"north": {"uv": [7.75, 2.875, 7.625, 3.25], "texture": "#0"},
				"south": {"uv": [7.625, 2.875, 7.75, 3.25], "texture": "#0"},
				"west": {"uv": [7.625, 2.875, 7.75, 3.25], "texture": "#0"},
				"up": {"uv": [7.625, 2.875, 7.75, 3], "texture": "#0"}
			}
		},
		{
			"name": "Layer 2_8",
			"from": [7.5, 12.25, 8],
			"to": [7.625, 12.75, 8.125],
			"faces": {
				"north": {"uv": [7.625, 3.25, 7.5, 3.75], "texture": "#0"},
				"south": {"uv": [7.5, 3.25, 7.625, 3.75], "texture": "#0"},
				"west": {"uv": [7.5, 3.25, 7.625, 3.75], "texture": "#0"},
				"up": {"uv": [7.5, 3.25, 7.625, 3.375], "texture": "#0"}
			}
		},
		{
			"name": "Layer 2_9",
			"from": [7.375, 11.375, 8],
			"to": [7.5, 12.25, 8.125],
			"faces": {
				"north": {"uv": [7.5, 3.75, 7.375, 4.625], "texture": "#0"},
				"south": {"uv": [7.375, 3.75, 7.5, 4.625], "texture": "#0"},
				"west": {"uv": [7.375, 3.75, 7.5, 4.625], "texture": "#0"},
				"up": {"uv": [7.375, 3.75, 7.5, 3.875], "texture": "#0"}
			}
		},
		{
			"name": "Layer 2_10",
			"from": [7.25, 10.875, 8],
			"to": [7.375, 11.375, 8.125],
			"faces": {
				"north": {"uv": [7.375, 4.625, 7.25, 5.125], "texture": "#0"},
				"south": {"uv": [7.25, 4.625, 7.375, 5.125], "texture": "#0"},
				"west": {"uv": [7.25, 4.625, 7.375, 5.125], "texture": "#0"},
				"up": {"uv": [7.25, 4.625, 7.375, 4.75], "texture": "#0"},
				"down": {"uv": [7.25, 5, 7.375, 5.125], "texture": "#0"}
			}
		},
		{
			"name": "Layer 2_11",
			"from": [7.125, 10.875, 8],
			"to": [7.25, 11, 8.125],
			"faces": {
				"north": {"uv": [7.25, 5, 7.125, 5.125], "texture": "#0"},
				"south": {"uv": [7.125, 5, 7.25, 5.125], "texture": "#0"},
				"west": {"uv": [7.125, 5, 7.25, 5.125], "texture": "#0"},
				"up": {"uv": [7.125, 5, 7.25, 5.125], "texture": "#0"},
				"down": {"uv": [7.125, 5, 7.25, 5.125], "texture": "#0"}
			}
		},
		{
			"name": "Layer 2_12",
			"from": [7.375, 10.75, 8],
			"to": [7.5, 10.875, 8.125],
			"faces": {
				"north": {"uv": [7.5, 5.125, 7.375, 5.25], "texture": "#0"},
				"south": {"uv": [7.375, 5.125, 7.5, 5.25], "texture": "#0"},
				"west": {"uv": [7.375, 5.125, 7.5, 5.25], "texture": "#0"},
				"down": {"uv": [7.375, 5.125, 7.5, 5.25], "texture": "#0"}
			}
		},
		{
			"name": "Layer 2_13",
			"from": [7.5, 10.25, 8],
			"to": [7.625, 10.75, 8.125],
			"faces": {
				"north": {"uv": [7.625, 5.25, 7.5, 5.75], "texture": "#0"},
				"south": {"uv": [7.5, 5.25, 7.625, 5.75], "texture": "#0"},
				"west": {"uv": [7.5, 5.25, 7.625, 5.75], "texture": "#0"}
			}
		},
		{
			"name": "Layer 2_14",
			"from": [7.375, 9.75, 8],
			"to": [7.5, 10.25, 8.125],
			"faces": {
				"north": {"uv": [7.5, 5.75, 7.375, 6.25], "texture": "#0"},
				"south": {"uv": [7.375, 5.75, 7.5, 6.25], "texture": "#0"},
				"west": {"uv": [7.375, 5.75, 7.5, 6.25], "texture": "#0"},
				"up": {"uv": [7.375, 5.75, 7.5, 5.875], "texture": "#0"}
			}
		},
		{
			"name": "Layer 2_15",
			"from": [7.25, 9.375, 8],
			"to": [7.375, 9.75, 8.125],
			"faces": {
				"north": {"uv": [7.375, 6.25, 7.25, 6.625], "texture": "#0"},
				"south": {"uv": [7.25, 6.25, 7.375, 6.625], "texture": "#0"},
				"west": {"uv": [7.25, 6.25, 7.375, 6.625], "texture": "#0"},
				"up": {"uv": [7.25, 6.25, 7.375, 6.375], "texture": "#0"},
				"down": {"uv": [7.25, 6.5, 7.375, 6.625], "texture": "#0"}
			}
		},
		{
			"name": "Layer 2_16",
			"from": [7.125, 9.375, 8],
			"to": [7.25, 9.5, 8.125],
			"faces": {
				"north": {"uv": [7.25, 6.5, 7.125, 6.625], "texture": "#0"},
				"south": {"uv": [7.125, 6.5, 7.25, 6.625], "texture": "#0"},
				"west": {"uv": [7.125, 6.5, 7.25, 6.625], "texture": "#0"},
				"up": {"uv": [7.125, 6.5, 7.25, 6.625], "texture": "#0"},
				"down": {"uv": [7.125, 6.5, 7.25, 6.625], "texture": "#0"}
			}
		},
		{
			"name": "Layer 2_17",
			"from": [7.375, 9.25, 8],
			"to": [7.5, 9.375, 8.125],
			"faces": {
				"north": {"uv": [7.5, 6.625, 7.375, 6.75], "texture": "#0"},
				"south": {"uv": [7.375, 6.625, 7.5, 6.75], "texture": "#0"},
				"west": {"uv": [7.375, 6.625, 7.5, 6.75], "texture": "#0"},
				"down": {"uv": [7.375, 6.625, 7.5, 6.75], "texture": "#0"}
			}
		},
		{
			"name": "Layer 2_18",
			"from": [7.5, 8.625, 8],
			"to": [7.625, 9.25, 8.125],
			"faces": {
				"north": {"uv": [7.625, 6.75, 7.5, 7.375], "texture": "#0"},
				"south": {"uv": [7.5, 6.75, 7.625, 7.375], "texture": "#0"},
				"west": {"uv": [7.5, 6.75, 7.625, 7.375], "texture": "#0"}
			}
		},
		{
			"name": "Layer 2_19",
			"from": [7.375, 8.25, 8],
			"to": [7.5, 8.625, 8.125],
			"faces": {
				"north": {"uv": [7.5, 7.375, 7.375, 7.75], "texture": "#0"},
				"south": {"uv": [7.375, 7.375, 7.5, 7.75], "texture": "#0"},
				"west": {"uv": [7.375, 7.375, 7.5, 7.75], "texture": "#0"},
				"up": {"uv": [7.375, 7.375, 7.5, 7.5], "texture": "#0"}
			}
		},
		{
			"name": "Layer 2_20",
			"from": [7.25, 7.875, 8],
			"to": [7.375, 8.25, 8.125],
			"faces": {
				"north": {"uv": [7.375, 7.75, 7.25, 8.125], "texture": "#0"},
				"south": {"uv": [7.25, 7.75, 7.375, 8.125], "texture": "#0"},
				"west": {"uv": [7.25, 7.75, 7.375, 8.125], "texture": "#0"},
				"up": {"uv": [7.25, 7.75, 7.375, 7.875], "texture": "#0"},
				"down": {"uv": [7.25, 8, 7.375, 8.125], "texture": "#0"}
			}
		},
		{
			"name": "Layer 2_21",
			"from": [7.125, 7.875, 8],
			"to": [7.25, 8, 8.125],
			"faces": {
				"north": {"uv": [7.25, 8, 7.125, 8.125], "texture": "#0"},
				"south": {"uv": [7.125, 8, 7.25, 8.125], "texture": "#0"},
				"west": {"uv": [7.125, 8, 7.25, 8.125], "texture": "#0"},
				"up": {"uv": [7.125, 8, 7.25, 8.125], "texture": "#0"},
				"down": {"uv": [7.125, 8, 7.25, 8.125], "texture": "#0"}
			}
		},
		{
			"name": "Layer 2_22",
			"from": [7.375, 7.75, 8],
			"to": [7.5, 7.875, 8.125],
			"faces": {
				"north": {"uv": [7.5, 8.125, 7.375, 8.25], "texture": "#0"},
				"south": {"uv": [7.375, 8.125, 7.5, 8.25], "texture": "#0"},
				"west": {"uv": [7.375, 8.125, 7.5, 8.25], "texture": "#0"},
				"down": {"uv": [7.375, 8.125, 7.5, 8.25], "texture": "#0"}
			}
		},
		{
			"name": "Layer 2_23",
			"from": [8.125, 7.375, 7.875],
			"to": [8.375, 7.5, 8.25],
			"faces": {
				"north": {"uv": [8.375, 8.5, 8.125, 8.625], "texture": "#0"},
				"south": {"uv": [8.125, 8.5, 8.375, 8.625], "texture": "#0"},
				"west": {"uv": [8.125, 8.5, 8.25, 8.625], "texture": "#0"},
				"up": {"uv": [8.125, 8.5, 8.375, 8.625], "texture": "#0"},
				"down": {"uv": [8.125, 8.5, 8.375, 8.625], "texture": "#0"}
			}
		},
		{
			"name": "Layer 2_24",
			"from": [7.5, 7.125, 7.875],
			"to": [7.75, 7.25, 8.25],
			"faces": {
				"north": {"uv": [7.75, 8.75, 7.5, 8.875], "texture": "#0"},
				"east": {"uv": [7.625, 8.75, 7.75, 8.875], "texture": "#0"},
				"south": {"uv": [7.5, 8.75, 7.75, 8.875], "texture": "#0"},
				"up": {"uv": [7.5, 8.75, 7.75, 8.875], "texture": "#0"},
				"down": {"uv": [7.5, 8.75, 7.75, 8.875], "texture": "#0"}
			}
		},
		{
			"name": "Layer 2_25",
			"from": [8, 7, 7.875],
			"to": [8.25, 7.125, 8.25],
			"faces": {
				"north": {"uv": [8.25, 8.875, 8, 9], "texture": "#0"},
				"south": {"uv": [8, 8.875, 8.25, 9], "texture": "#0"},
				"west": {"uv": [8, 8.875, 8.125, 9], "texture": "#0"},
				"up": {"uv": [8, 8.875, 8.25, 9], "texture": "#0"},
				"down": {"uv": [8, 8.875, 8.25, 9], "texture": "#0"}
			}
		},
		{
			"name": "Layer 2_26",
			"from": [7.5, 6.875, 7.875],
			"to": [7.75, 7, 8.25],
			"faces": {
				"north": {"uv": [7.75, 9, 7.5, 9.125], "texture": "#0"},
				"east": {"uv": [7.625, 9, 7.75, 9.125], "texture": "#0"},
				"south": {"uv": [7.5, 9, 7.75, 9.125], "texture": "#0"},
				"up": {"uv": [7.5, 9, 7.75, 9.125], "texture": "#0"},
				"down": {"uv": [7.5, 9, 7.75, 9.125], "texture": "#0"}
			}
		},
		{
			"name": "Layer 2_27",
			"from": [8, 6.75, 7.875],
			"to": [8.25, 6.875, 8.25],
			"faces": {
				"north": {"uv": [8.25, 9.125, 8, 9.25], "texture": "#0"},
				"south": {"uv": [8, 9.125, 8.25, 9.25], "texture": "#0"},
				"west": {"uv": [8, 9.125, 8.125, 9.25], "texture": "#0"},
				"up": {"uv": [8, 9.125, 8.25, 9.25], "texture": "#0"},
				"down": {"uv": [8, 9.125, 8.25, 9.25], "texture": "#0"}
			}
		},
		{
			"name": "Layer 2_28",
			"from": [7.625, 6.5, 7.875],
			"to": [7.875, 6.625, 8.25],
			"faces": {
				"north": {"uv": [7.875, 9.375, 7.625, 9.5], "texture": "#0"},
				"east": {"uv": [7.75, 9.375, 7.875, 9.5], "texture": "#0"},
				"south": {"uv": [7.625, 9.375, 7.875, 9.5], "texture": "#0"},
				"up": {"uv": [7.625, 9.375, 7.875, 9.5], "texture": "#0"},
				"down": {"uv": [7.625, 9.375, 7.875, 9.5], "texture": "#0"}
			}
		},
		{
			"name": "Layer 1_0",
			"from": [8.625, 14, 7.9375],
			"to": [8.75, 14.125, 8.1875],
			"faces": {
				"north": {"uv": [8.75, 1.875, 8.625, 2], "texture": "#0"},
				"east": {"uv": [8.625, 1.875, 8.75, 2], "texture": "#0"},
				"south": {"uv": [8.625, 1.875, 8.75, 2], "texture": "#0"},
				"west": {"uv": [8.625, 1.875, 8.75, 2], "texture": "#0"},
				"up": {"uv": [8.625, 1.875, 8.75, 2], "texture": "#0"},
				"down": {"uv": [8.625, 1.875, 8.75, 2], "texture": "#0"}
			}
		},
		{
			"name": "Layer 1_1",
			"from": [8.375, 13.75, 7.9375],
			"to": [8.625, 14, 8.1875],
			"faces": {
				"north": {"uv": [8.625, 2, 8.375, 2.25], "texture": "#0"},
				"east": {"uv": [8.5, 2, 8.625, 2.25], "texture": "#0"},
				"south": {"uv": [8.375, 2, 8.625, 2.25], "texture": "#0"},
				"west": {"uv": [8.375, 2, 8.5, 2.25], "texture": "#0"},
				"up": {"uv": [8.375, 2, 8.625, 2.125], "texture": "#0"},
				"down": {"uv": [8.375, 2.125, 8.625, 2.25], "texture": "#0"}
			}
		},
		{
			"name": "Layer 1_2",
			"from": [8.25, 12.875, 7.9375],
			"to": [8.375, 13.875, 8.1875],
			"faces": {
				"north": {"uv": [8.375, 2.125, 8.25, 3.125], "texture": "#0"},
				"east": {"uv": [8.25, 2.125, 8.375, 3.125], "texture": "#0"},
				"south": {"uv": [8.25, 2.125, 8.375, 3.125], "texture": "#0"},
				"west": {"uv": [8.25, 2.125, 8.375, 3.125], "texture": "#0"},
				"up": {"uv": [8.25, 2.125, 8.375, 2.25], "texture": "#0"},
				"down": {"uv": [8.25, 3, 8.375, 3.125], "texture": "#0"}
			}
		},
		{
			"name": "Layer 1_3",
			"from": [8.125, 12.25, 7.9375],
			"to": [8.25, 13.75, 8.1875],
			"faces": {
				"north": {"uv": [8.25, 2.25, 8.125, 3.75], "texture": "#0"},
				"east": {"uv": [8.125, 2.25, 8.25, 3.75], "texture": "#0"},
				"south": {"uv": [8.125, 2.25, 8.25, 3.75], "texture": "#0"},
				"west": {"uv": [8.125, 2.25, 8.25, 3.75], "texture": "#0"},
				"up": {"uv": [8.125, 2.25, 8.25, 2.375], "texture": "#0"},
				"down": {"uv": [8.125, 3.625, 8.25, 3.75], "texture": "#0"}
			}
		},
		{
			"name": "Layer 1_4",
			"from": [8.375, 13.5, 7.9375],
			"to": [8.5, 13.75, 8.1875],
			"faces": {
				"north": {"uv": [8.5, 2.25, 8.375, 2.5], "texture": "#0"},
				"east": {"uv": [8.375, 2.25, 8.5, 2.5], "texture": "#0"},
				"south": {"uv": [8.375, 2.25, 8.5, 2.5], "texture": "#0"},
				"down": {"uv": [8.375, 2.375, 8.5, 2.5], "texture": "#0"}
			}
		},
		{
			"name": "Layer 1_5",
			"from": [8, 7.125, 7.9375],
			"to": [8.125, 13.625, 8.1875],
			"faces": {
				"north": {"uv": [8.125, 2.375, 8, 8.875], "texture": "#0"},
				"east": {"uv": [8, 2.375, 8.125, 8.875], "texture": "#0"},
				"south": {"uv": [8, 2.375, 8.125, 8.875], "texture": "#0"},
				"west": {"uv": [8, 2.375, 8.125, 8.875], "texture": "#0"},
				"up": {"uv": [8, 2.375, 8.125, 2.5], "texture": "#0"}
			}
		},
		{
			"name": "Layer 1_6",
			"from": [7.875, 6, 7.9375],
			"to": [8, 13.375, 8.1875],
			"faces": {
				"north": {"uv": [8, 2.625, 7.875, 10], "texture": "#0"},
				"south": {"uv": [7.875, 2.625, 8, 10], "texture": "#0"},
				"west": {"uv": [7.875, 2.625, 8, 10], "texture": "#0"},
				"up": {"uv": [7.875, 2.625, 8, 2.75], "texture": "#0"}
			}
		},
		{
			"name": "Layer 1_7",
			"from": [7.75, 6.625, 7.9375],
			"to": [7.875, 13.125, 8.1875],
			"faces": {
				"north": {"uv": [7.875, 2.875, 7.75, 9.375], "texture": "#0"},
				"south": {"uv": [7.75, 2.875, 7.875, 9.375], "texture": "#0"},
				"west": {"uv": [7.75, 2.875, 7.875, 9.375], "texture": "#0"},
				"up": {"uv": [7.75, 2.875, 7.875, 3], "texture": "#0"}
			}
		},
		{
			"name": "Layer 1_8",
			"from": [7.625, 7.25, 7.9375],
			"to": [7.75, 12.75, 8.1875],
			"faces": {
				"north": {"uv": [7.75, 3.25, 7.625, 8.75], "texture": "#0"},
				"south": {"uv": [7.625, 3.25, 7.75, 8.75], "texture": "#0"},
				"west": {"uv": [7.625, 3.25, 7.75, 8.75], "texture": "#0"},
				"up": {"uv": [7.625, 3.25, 7.75, 3.375], "texture": "#0"}
			}
		},
		{
			"name": "Layer 1_9",
			"from": [7.5, 10.75, 7.9375],
			"to": [7.625, 12.25, 8.1875],
			"faces": {
				"north": {"uv": [7.625, 3.75, 7.5, 5.25], "texture": "#0"},
				"south": {"uv": [7.5, 3.75, 7.625, 5.25], "texture": "#0"},
				"west": {"uv": [7.5, 3.75, 7.625, 5.25], "texture": "#0"},
				"up": {"uv": [7.5, 3.75, 7.625, 3.875], "texture": "#0"},
				"down": {"uv": [7.5, 5.125, 7.625, 5.25], "texture": "#0"}
			}
		},
		{
			"name": "Layer 1_10",
			"from": [7.375, 10.875, 7.9375],
			"to": [7.5, 11.375, 8.1875],
			"faces": {
				"north": {"uv": [7.5, 4.625, 7.375, 5.125], "texture": "#0"},
				"south": {"uv": [7.375, 4.625, 7.5, 5.125], "texture": "#0"},
				"west": {"uv": [7.375, 4.625, 7.5, 5.125], "texture": "#0"},
				"up": {"uv": [7.375, 4.625, 7.5, 4.75], "texture": "#0"},
				"down": {"uv": [7.375, 5, 7.5, 5.125], "texture": "#0"}
			}
		},
		{
			"name": "Layer 1_11",
			"from": [8.125, 9.5, 7.9375],
			"to": [8.25, 10.5, 8.1875],
			"faces": {
				"north": {"uv": [8.25, 5.5, 8.125, 6.5], "texture": "#0"},
				"east": {"uv": [8.125, 5.5, 8.25, 6.5], "texture": "#0"},
				"south": {"uv": [8.125, 5.5, 8.25, 6.5], "texture": "#0"},
				"up": {"uv": [8.125, 5.5, 8.25, 5.625], "texture": "#0"},
				"down": {"uv": [8.125, 6.375, 8.25, 6.5], "texture": "#0"}
			}
		},
		{
			"name": "Layer 1_12",
			"from": [7.5, 9.25, 7.9375],
			"to": [7.625, 10.25, 8.1875],
			"faces": {
				"north": {"uv": [7.625, 5.75, 7.5, 6.75], "texture": "#0"},
				"south": {"uv": [7.5, 5.75, 7.625, 6.75], "texture": "#0"},
				"west": {"uv": [7.5, 5.75, 7.625, 6.75], "texture": "#0"},
				"up": {"uv": [7.5, 5.75, 7.625, 5.875], "texture": "#0"},
				"down": {"uv": [7.5, 6.625, 7.625, 6.75], "texture": "#0"}
			}
		},
		{
			"name": "Layer 1_13",
			"from": [8.25, 9.75, 7.9375],
			"to": [8.375, 10, 8.1875],
			"faces": {
				"north": {"uv": [8.375, 6, 8.25, 6.25], "texture": "#0"},
				"east": {"uv": [8.25, 6, 8.375, 6.25], "texture": "#0"},
				"south": {"uv": [8.25, 6, 8.375, 6.25], "texture": "#0"},
				"up": {"uv": [8.25, 6, 8.375, 6.125], "texture": "#0"},
				"down": {"uv": [8.25, 6.125, 8.375, 6.25], "texture": "#0"}
			}
		},
		{
			"name": "Layer 1_14",
			"from": [7.375, 9.375, 7.9375],
			"to": [7.5, 9.75, 8.1875],
			"faces": {
				"north": {"uv": [7.5, 6.25, 7.375, 6.625], "texture": "#0"},
				"south": {"uv": [7.375, 6.25, 7.5, 6.625], "texture": "#0"},
				"west": {"uv": [7.375, 6.25, 7.5, 6.625], "texture": "#0"},
				"up": {"uv": [7.375, 6.25, 7.5, 6.375], "texture": "#0"},
				"down": {"uv": [7.375, 6.5, 7.5, 6.625], "texture": "#0"}
			}
		},
		{
			"name": "Layer 1_15",
			"from": [8.125, 7.5, 7.9375],
			"to": [8.25, 9.125, 8.1875],
			"faces": {
				"north": {"uv": [8.25, 6.875, 8.125, 8.5], "texture": "#0"},
				"east": {"uv": [8.125, 6.875, 8.25, 8.5], "texture": "#0"},
				"south": {"uv": [8.125, 6.875, 8.25, 8.5], "texture": "#0"},
				"up": {"uv": [8.125, 6.875, 8.25, 7], "texture": "#0"}
			}
		},
		{
			"name": "Layer 1_16",
			"from": [8.25, 8.75, 7.9375],
			"to": [8.375, 8.875, 8.1875],
			"faces": {
				"north": {"uv": [8.375, 7.125, 8.25, 7.25], "texture": "#0"},
				"east": {"uv": [8.25, 7.125, 8.375, 7.25], "texture": "#0"},
				"south": {"uv": [8.25, 7.125, 8.375, 7.25], "texture": "#0"},
				"up": {"uv": [8.25, 7.125, 8.375, 7.25], "texture": "#0"},
				"down": {"uv": [8.25, 7.125, 8.375, 7.25], "texture": "#0"}
			}
		},
		{
			"name": "Layer 1_17",
			"from": [7.5, 7.25, 7.9375],
			"to": [7.625, 8.625, 8.1875],
			"faces": {
				"north": {"uv": [7.625, 7.375, 7.5, 8.75], "texture": "#0"},
				"south": {"uv": [7.5, 7.375, 7.625, 8.75], "texture": "#0"},
				"west": {"uv": [7.5, 7.375, 7.625, 8.75], "texture": "#0"},
				"up": {"uv": [7.5, 7.375, 7.625, 7.5], "texture": "#0"}
			}
		},
		{
			"name": "Layer 1_18",
			"from": [8.25, 8.375, 7.9375],
			"to": [8.375, 8.625, 8.1875],
			"faces": {
				"north": {"uv": [8.375, 7.375, 8.25, 7.625], "texture": "#0"},
				"east": {"uv": [8.25, 7.375, 8.375, 7.625], "texture": "#0"},
				"south": {"uv": [8.25, 7.375, 8.375, 7.625], "texture": "#0"},
				"up": {"uv": [8.25, 7.375, 8.375, 7.5], "texture": "#0"},
				"down": {"uv": [8.25, 7.5, 8.375, 7.625], "texture": "#0"}
			}
		},
		{
			"name": "Layer 1_19",
			"from": [8.375, 8.375, 7.9375],
			"to": [8.5, 8.5, 8.1875],
			"faces": {
				"north": {"uv": [8.5, 7.5, 8.375, 7.625], "texture": "#0"},
				"east": {"uv": [8.375, 7.5, 8.5, 7.625], "texture": "#0"},
				"south": {"uv": [8.375, 7.5, 8.5, 7.625], "texture": "#0"},
				"up": {"uv": [8.375, 7.5, 8.5, 7.625], "texture": "#0"},
				"down": {"uv": [8.375, 7.5, 8.5, 7.625], "texture": "#0"}
			}
		},
		{
			"name": "Layer 1_20",
			"from": [7.375, 7.875, 7.9375],
			"to": [7.5, 8.25, 8.1875],
			"faces": {
				"north": {"uv": [7.5, 7.75, 7.375, 8.125], "texture": "#0"},
				"south": {"uv": [7.375, 7.75, 7.5, 8.125], "texture": "#0"},
				"west": {"uv": [7.375, 7.75, 7.5, 8.125], "texture": "#0"},
				"up": {"uv": [7.375, 7.75, 7.5, 7.875], "texture": "#0"},
				"down": {"uv": [7.375, 8, 7.5, 8.125], "texture": "#0"}
			}
		},
		{
			"name": "Layer 1_21",
			"from": [8.25, 8, 7.9375],
			"to": [8.375, 8.25, 8.1875],
			"faces": {
				"north": {"uv": [8.375, 7.75, 8.25, 8], "texture": "#0"},
				"east": {"uv": [8.25, 7.75, 8.375, 8], "texture": "#0"},
				"south": {"uv": [8.25, 7.75, 8.375, 8], "texture": "#0"},
				"up": {"uv": [8.25, 7.75, 8.375, 7.875], "texture": "#0"},
				"down": {"uv": [8.25, 7.875, 8.375, 8], "texture": "#0"}
			}
		},
		{
			"name": "Layer 1_22",
			"from": [8.375, 8, 7.9375],
			"to": [8.5, 8.125, 8.1875],
			"faces": {
				"north": {"uv": [8.5, 7.875, 8.375, 8], "texture": "#0"},
				"east": {"uv": [8.375, 7.875, 8.5, 8], "texture": "#0"},
				"south": {"uv": [8.375, 7.875, 8.5, 8], "texture": "#0"},
				"up": {"uv": [8.375, 7.875, 8.5, 8], "texture": "#0"},
				"down": {"uv": [8.375, 7.875, 8.5, 8], "texture": "#0"}
			}
		},
		{
			"name": "Layer 1_23",
			"from": [8.25, 7.625, 7.9375],
			"to": [8.375, 7.875, 8.1875],
			"faces": {
				"north": {"uv": [8.375, 8.125, 8.25, 8.375], "texture": "#0"},
				"east": {"uv": [8.25, 8.125, 8.375, 8.375], "texture": "#0"},
				"south": {"uv": [8.25, 8.125, 8.375, 8.375], "texture": "#0"},
				"up": {"uv": [8.25, 8.125, 8.375, 8.25], "texture": "#0"}
			}
		},
		{
			"name": "Layer 1_24",
			"from": [8.375, 7.625, 7.9375],
			"to": [8.5, 7.75, 8.1875],
			"faces": {
				"north": {"uv": [8.5, 8.25, 8.375, 8.375], "texture": "#0"},
				"east": {"uv": [8.375, 8.25, 8.5, 8.375], "texture": "#0"},
				"south": {"uv": [8.375, 8.25, 8.5, 8.375], "texture": "#0"},
				"up": {"uv": [8.375, 8.25, 8.5, 8.375], "texture": "#0"}
			}
		},
		{
			"name": "Layer 1_25",
			"from": [8.125, 7.25, 7.9375],
			"to": [8.25, 7.375, 8.1875],
			"faces": {
				"north": {"uv": [8.25, 8.625, 8.125, 8.75], "texture": "#0"},
				"south": {"uv": [8.125, 8.625, 8.25, 8.75], "texture": "#0"}
			}
		},
		{
			"name": "Layer 1_26",
			"from": [7.625, 7, 7.9375],
			"to": [7.75, 7.125, 8.1875],
			"faces": {
				"north": {"uv": [7.75, 8.875, 7.625, 9], "texture": "#0"},
				"south": {"uv": [7.625, 8.875, 7.75, 9], "texture": "#0"}
			}
		},
		{
			"name": "Layer 1_27",
			"from": [8, 6.875, 7.9375],
			"to": [8.125, 7, 8.1875],
			"faces": {
				"north": {"uv": [8.125, 9, 8, 9.125], "texture": "#0"},
				"south": {"uv": [8, 9, 8.125, 9.125], "texture": "#0"}
			}
		},
		{
			"name": "Layer 1_28",
			"from": [7.625, 6.75, 7.9375],
			"to": [7.75, 6.875, 8.1875],
			"faces": {
				"north": {"uv": [7.75, 9.125, 7.625, 9.25], "texture": "#0"},
				"south": {"uv": [7.625, 9.125, 7.75, 9.25], "texture": "#0"}
			}
		},
		{
			"name": "Layer 1_29",
			"from": [8, 6.625, 7.9375],
			"to": [8.125, 6.75, 8.1875],
			"faces": {
				"north": {"uv": [8.125, 9.25, 8, 9.375], "texture": "#0"},
				"south": {"uv": [8, 9.25, 8.125, 9.375], "texture": "#0"}
			}
		},
		{
			"name": "Layer 1_30",
			"from": [7.75, 6.25, 7.9375],
			"to": [7.875, 6.5, 8.1875],
			"faces": {
				"north": {"uv": [7.875, 9.5, 7.75, 9.75], "texture": "#0"},
				"south": {"uv": [7.75, 9.5, 7.875, 9.75], "texture": "#0"}
			}
		},
		{
			"name": "Layer 1_31",
			"from": [7.875, 0, 7.9375],
			"to": [8, 0.125, 8.1875],
			"faces": {
				"north": {"uv": [8, 15.875, 7.875, 16], "texture": "#0"},
				"east": {"uv": [7.875, 15.875, 8, 16], "texture": "#0"},
				"south": {"uv": [7.875, 15.875, 8, 16], "texture": "#0"},
				"west": {"uv": [7.875, 15.875, 8, 16], "texture": "#0"},
				"down": {"uv": [7.875, 15.875, 8, 16], "texture": "#0"}
			}
		},
		{
			"name": "Layer 8_0",
			"from": [7.625, 4.5, 7.9375],
			"to": [7.75, 5.125, 8.1875],
			"faces": {
				"north": {"uv": [7.75, 10.875, 7.625, 11.5], "texture": "#0"},
				"south": {"uv": [7.625, 10.875, 7.75, 11.5], "texture": "#0"},
				"down": {"uv": [7.625, 11.375, 7.75, 11.5], "texture": "#0"}
			}
		},
		{
			"name": "Layer 8_1",
			"from": [7.375, 4.25, 7.9375],
			"to": [7.625, 5, 8.1875],
			"faces": {
				"north": {"uv": [7.625, 11, 7.375, 11.75], "texture": "#0"},
				"east": {"uv": [7.5, 11, 7.625, 11.75], "texture": "#0"},
				"south": {"uv": [7.375, 11, 7.625, 11.75], "texture": "#0"},
				"west": {"uv": [7.375, 11, 7.5, 11.75], "texture": "#0"},
				"down": {"uv": [7.375, 11.625, 7.625, 11.75], "texture": "#0"}
			}
		},
		{
			"name": "Layer 8_2",
			"from": [7.25, 3.75, 7.9375],
			"to": [7.375, 4.625, 8.1875],
			"faces": {
				"north": {"uv": [7.375, 11.375, 7.25, 12.25], "texture": "#0"},
				"east": {"uv": [7.25, 11.375, 7.375, 12.25], "texture": "#0"},
				"south": {"uv": [7.25, 11.375, 7.375, 12.25], "texture": "#0"},
				"west": {"uv": [7.25, 11.375, 7.375, 12.25], "texture": "#0"},
				"up": {"uv": [7.25, 11.375, 7.375, 11.5], "texture": "#0"},
				"down": {"uv": [7.25, 12.125, 7.375, 12.25], "texture": "#0"}
			}
		},
		{
			"name": "Layer 8_3",
			"from": [7.125, 3.5, 7.9375],
			"to": [7.25, 4.375, 8.1875],
			"faces": {
				"north": {"uv": [7.25, 11.625, 7.125, 12.5], "texture": "#0"},
				"east": {"uv": [7.125, 11.625, 7.25, 12.5], "texture": "#0"},
				"south": {"uv": [7.125, 11.625, 7.25, 12.5], "texture": "#0"},
				"west": {"uv": [7.125, 11.625, 7.25, 12.5], "texture": "#0"},
				"up": {"uv": [7.125, 11.625, 7.25, 11.75], "texture": "#0"},
				"down": {"uv": [7.125, 12.375, 7.25, 12.5], "texture": "#0"}
			}
		},
		{
			"name": "Layer 8_4",
			"from": [7.375, 4, 7.9375],
			"to": [7.5, 4.25, 8.1875],
			"faces": {
				"north": {"uv": [7.5, 11.75, 7.375, 12], "texture": "#0"},
				"east": {"uv": [7.375, 11.75, 7.5, 12], "texture": "#0"},
				"south": {"uv": [7.375, 11.75, 7.5, 12], "texture": "#0"},
				"down": {"uv": [7.375, 11.875, 7.5, 12], "texture": "#0"}
			}
		},
		{
			"name": "Layer 8_5",
			"from": [7, 3.125, 7.9375],
			"to": [7.125, 4, 8.1875],
			"faces": {
				"north": {"uv": [7.125, 12, 7, 12.875], "texture": "#0"},
				"east": {"uv": [7, 12, 7.125, 12.875], "texture": "#0"},
				"south": {"uv": [7, 12, 7.125, 12.875], "texture": "#0"},
				"west": {"uv": [7, 12, 7.125, 12.875], "texture": "#0"},
				"up": {"uv": [7, 12, 7.125, 12.125], "texture": "#0"},
				"down": {"uv": [7, 12.75, 7.125, 12.875], "texture": "#0"}
			}
		},
		{
			"name": "Layer 3_0",
			"from": [8.25, 5.625, 7.875],
			"to": [8.375, 6.125, 8.25],
			"faces": {
				"north": {"uv": [8.375, 9.875, 8.25, 10.375], "texture": "#0"},
				"south": {"uv": [8.25, 9.875, 8.375, 10.375], "texture": "#0"}
			}
		},
		{
			"name": "Layer 3_1",
			"from": [8.375, 5.5, 7.875],
			"to": [8.5, 6, 8.25],
			"faces": {
				"north": {"uv": [8.5, 10, 8.375, 10.5], "texture": "#0"},
				"south": {"uv": [8.375, 10, 8.5, 10.5], "texture": "#0"}
			}
		},
		{
			"name": "Layer 4_0",
			"from": [8.25, 7.5, 7.8125],
			"to": [8.625, 7.625, 8.3125],
			"faces": {
				"north": {"uv": [8.625, 8.375, 8.25, 8.5], "texture": "#0"},
				"east": {"uv": [8.5, 8.375, 8.625, 8.5], "texture": "#0"},
				"south": {"uv": [8.25, 8.375, 8.625, 8.5], "texture": "#0"},
				"west": {"uv": [8.25, 8.375, 8.375, 8.5], "texture": "#0"},
				"up": {"uv": [8.25, 8.375, 8.625, 8.5], "texture": "#0"},
				"down": {"uv": [8.25, 8.375, 8.625, 8.5], "texture": "#0"}
			}
		},
		{
			"name": "Layer 4_1",
			"from": [8.375, 7.25, 7.8125],
			"to": [8.75, 7.5, 8.3125],
			"faces": {
				"north": {"uv": [8.75, 8.5, 8.375, 8.75], "texture": "#0"},
				"east": {"uv": [8.625, 8.5, 8.75, 8.75], "texture": "#0"},
				"south": {"uv": [8.375, 8.5, 8.75, 8.75], "texture": "#0"},
				"west": {"uv": [8.375, 8.5, 8.5, 8.75], "texture": "#0"},
				"up": {"uv": [8.375, 8.5, 8.75, 8.625], "texture": "#0"},
				"down": {"uv": [8.375, 8.625, 8.75, 8.75], "texture": "#0"}
			}
		},
		{
			"name": "Layer 4_2",
			"from": [7.375, 5.625, 7.8125],
			"to": [7.5, 7.375, 8.3125],
			"faces": {
				"north": {"uv": [7.5, 8.625, 7.375, 10.375], "texture": "#0"},
				"east": {"uv": [7.375, 8.625, 7.5, 10.375], "texture": "#0"},
				"south": {"uv": [7.375, 8.625, 7.5, 10.375], "texture": "#0"},
				"west": {"uv": [7.375, 8.625, 7.5, 10.375], "texture": "#0"},
				"up": {"uv": [7.375, 8.625, 7.5, 8.75], "texture": "#0"},
				"down": {"uv": [7.375, 10.25, 7.5, 10.375], "texture": "#0"}
			}
		},
		{
			"name": "Layer 4_3",
			"from": [8.25, 6.125, 7.8125],
			"to": [8.375, 7.375, 8.3125],
			"faces": {
				"north": {"uv": [8.375, 8.625, 8.25, 9.875], "texture": "#0"},
				"south": {"uv": [8.25, 8.625, 8.375, 9.875], "texture": "#0"},
				"west": {"uv": [8.25, 8.625, 8.375, 9.875], "texture": "#0"},
				"up": {"uv": [8.25, 8.625, 8.375, 8.75], "texture": "#0"},
				"down": {"uv": [8.25, 9.75, 8.375, 9.875], "texture": "#0"}
			}
		},
		{
			"name": "Layer 4_4",
			"from": [8.75, 7.25, 7.8125],
			"to": [8.875, 7.375, 8.3125],
			"faces": {
				"north": {"uv": [8.875, 8.625, 8.75, 8.75], "texture": "#0"},
				"east": {"uv": [8.75, 8.625, 8.875, 8.75], "texture": "#0"},
				"south": {"uv": [8.75, 8.625, 8.875, 8.75], "texture": "#0"},
				"up": {"uv": [8.75, 8.625, 8.875, 8.75], "texture": "#0"},
				"down": {"uv": [8.75, 8.625, 8.875, 8.75], "texture": "#0"}
			}
		},
		{
			"name": "Layer 4_5",
			"from": [7.25, 6.75, 7.8125],
			"to": [7.375, 7.25, 8.3125],
			"faces": {
				"north": {"uv": [7.375, 8.75, 7.25, 9.25], "texture": "#0"},
				"south": {"uv": [7.25, 8.75, 7.375, 9.25], "texture": "#0"},
				"west": {"uv": [7.25, 8.75, 7.375, 9.25], "texture": "#0"},
				"up": {"uv": [7.25, 8.75, 7.375, 8.875], "texture": "#0"},
				"down": {"uv": [7.25, 9.125, 7.375, 9.25], "texture": "#0"}
			}
		},
		{
			"name": "Layer 4_6",
			"from": [8.125, 7.125, 7.8125],
			"to": [8.25, 7.25, 8.3125],
			"faces": {
				"north": {"uv": [8.25, 8.75, 8.125, 8.875], "texture": "#0"},
				"south": {"uv": [8.125, 8.75, 8.25, 8.875], "texture": "#0"},
				"west": {"uv": [8.125, 8.75, 8.25, 8.875], "texture": "#0"},
				"up": {"uv": [8.125, 8.75, 8.25, 8.875], "texture": "#0"},
				"down": {"uv": [8.125, 8.75, 8.25, 8.875], "texture": "#0"}
			}
		},
		{
			"name": "Layer 4_7",
			"from": [8.375, 7.125, 7.8125],
			"to": [8.625, 7.25, 8.3125],
			"faces": {
				"north": {"uv": [8.625, 8.75, 8.375, 8.875], "texture": "#0"},
				"east": {"uv": [8.5, 8.75, 8.625, 8.875], "texture": "#0"},
				"south": {"uv": [8.375, 8.75, 8.625, 8.875], "texture": "#0"},
				"down": {"uv": [8.375, 8.75, 8.625, 8.875], "texture": "#0"}
			}
		},
		{
			"name": "Layer 4_8",
			"from": [7.5, 7, 7.8125],
			"to": [7.625, 7.125, 8.3125],
			"faces": {
				"north": {"uv": [7.625, 8.875, 7.5, 9], "texture": "#0"},
				"east": {"uv": [7.5, 8.875, 7.625, 9], "texture": "#0"},
				"south": {"uv": [7.5, 8.875, 7.625, 9], "texture": "#0"},
				"up": {"uv": [7.5, 8.875, 7.625, 9], "texture": "#0"},
				"down": {"uv": [7.5, 8.875, 7.625, 9], "texture": "#0"}
			}
		},
		{
			"name": "Layer 4_9",
			"from": [8.375, 6, 7.8125],
			"to": [8.5, 7.125, 8.3125],
			"faces": {
				"north": {"uv": [8.5, 8.875, 8.375, 10], "texture": "#0"},
				"east": {"uv": [8.375, 8.875, 8.5, 10], "texture": "#0"},
				"south": {"uv": [8.375, 8.875, 8.5, 10], "texture": "#0"},
				"west": {"uv": [8.375, 8.875, 8.5, 10], "texture": "#0"},
				"down": {"uv": [8.375, 9.875, 8.5, 10], "texture": "#0"}
			}
		},
		{
			"name": "Layer 4_10",
			"from": [8.125, 6.875, 7.8125],
			"to": [8.25, 7, 8.3125],
			"faces": {
				"north": {"uv": [8.25, 9, 8.125, 9.125], "texture": "#0"},
				"south": {"uv": [8.125, 9, 8.25, 9.125], "texture": "#0"},
				"west": {"uv": [8.125, 9, 8.25, 9.125], "texture": "#0"},
				"up": {"uv": [8.125, 9, 8.25, 9.125], "texture": "#0"},
				"down": {"uv": [8.125, 9, 8.25, 9.125], "texture": "#0"}
			}
		},
		{
			"name": "Layer 4_11",
			"from": [7.125, 6.625, 7.8125],
			"to": [7.25, 6.875, 8.3125],
			"faces": {
				"north": {"uv": [7.25, 9.125, 7.125, 9.375], "texture": "#0"},
				"east": {"uv": [7.125, 9.125, 7.25, 9.375], "texture": "#0"},
				"south": {"uv": [7.125, 9.125, 7.25, 9.375], "texture": "#0"},
				"west": {"uv": [7.125, 9.125, 7.25, 9.375], "texture": "#0"},
				"up": {"uv": [7.125, 9.125, 7.25, 9.25], "texture": "#0"},
				"down": {"uv": [7.125, 9.25, 7.25, 9.375], "texture": "#0"}
			}
		},
		{
			"name": "Layer 4_12",
			"from": [7.5, 5.5, 7.8125],
			"to": [7.625, 6.875, 8.3125],
			"faces": {
				"north": {"uv": [7.625, 9.125, 7.5, 10.5], "texture": "#0"},
				"east": {"uv": [7.5, 9.125, 7.625, 10.5], "texture": "#0"},
				"south": {"uv": [7.5, 9.125, 7.625, 10.5], "texture": "#0"},
				"west": {"uv": [7.5, 9.125, 7.625, 10.5], "texture": "#0"},
				"up": {"uv": [7.5, 9.125, 7.625, 9.25], "texture": "#0"},
				"down": {"uv": [7.5, 10.375, 7.625, 10.5], "texture": "#0"}
			}
		},
		{
			"name": "Layer 4_13",
			"from": [7.625, 6.625, 7.8125],
			"to": [7.75, 6.75, 8.3125],
			"faces": {
				"north": {"uv": [7.75, 9.25, 7.625, 9.375], "texture": "#0"},
				"east": {"uv": [7.625, 9.25, 7.75, 9.375], "texture": "#0"},
				"south": {"uv": [7.625, 9.25, 7.75, 9.375], "texture": "#0"},
				"up": {"uv": [7.625, 9.25, 7.75, 9.375], "texture": "#0"},
				"down": {"uv": [7.625, 9.25, 7.75, 9.375], "texture": "#0"}
			}
		},
		{
			"name": "Layer 4_14",
			"from": [8.125, 4.625, 7.8125],
			"to": [8.25, 6.75, 8.3125],
			"faces": {
				"north": {"uv": [8.25, 9.25, 8.125, 11.375], "texture": "#0"},
				"east": {"uv": [8.125, 9.25, 8.25, 11.375], "texture": "#0"},
				"south": {"uv": [8.125, 9.25, 8.25, 11.375], "texture": "#0"},
				"west": {"uv": [8.125, 9.25, 8.25, 11.375], "texture": "#0"},
				"up": {"uv": [8.125, 9.25, 8.25, 9.375], "texture": "#0"},
				"down": {"uv": [8.125, 11.25, 8.25, 11.375], "texture": "#0"}
			}
		},
		{
			"name": "Layer 4_15",
			"from": [8, 4.625, 7.8125],
			"to": [8.125, 6.625, 8.3125],
			"faces": {
				"north": {"uv": [8.125, 9.375, 8, 11.375], "texture": "#0"},
				"south": {"uv": [8, 9.375, 8.125, 11.375], "texture": "#0"},
				"west": {"uv": [8, 9.375, 8.125, 11.375], "texture": "#0"},
				"up": {"uv": [8, 9.375, 8.125, 9.5], "texture": "#0"},
				"down": {"uv": [8, 11.25, 8.125, 11.375], "texture": "#0"}
			}
		},
		{
			"name": "Layer 4_16",
			"from": [7.625, 5.5, 7.8125],
			"to": [7.75, 6.5, 8.3125],
			"faces": {
				"north": {"uv": [7.75, 9.5, 7.625, 10.5], "texture": "#0"},
				"east": {"uv": [7.625, 9.5, 7.75, 10.5], "texture": "#0"},
				"south": {"uv": [7.625, 9.5, 7.75, 10.5], "texture": "#0"},
				"up": {"uv": [7.625, 9.5, 7.75, 9.625], "texture": "#0"},
				"down": {"uv": [7.625, 10.375, 7.75, 10.5], "texture": "#0"}
			}
		},
		{
			"name": "Layer 4_17",
			"from": [8.5, 3.875, 7.8125],
			"to": [8.625, 6.375, 8.3125],
			"faces": {
				"north": {"uv": [8.625, 9.625, 8.5, 12.125], "texture": "#0"},
				"east": {"uv": [8.5, 9.625, 8.625, 12.125], "texture": "#0"},
				"south": {"uv": [8.5, 9.625, 8.625, 12.125], "texture": "#0"},
				"west": {"uv": [8.5, 9.625, 8.625, 12.125], "texture": "#0"},
				"up": {"uv": [8.5, 9.625, 8.625, 9.75], "texture": "#0"},
				"down": {"uv": [8.5, 12, 8.625, 12.125], "texture": "#0"}
			}
		},
		{
			"name": "Layer 4_18",
			"from": [7.25, 5.75, 7.8125],
			"to": [7.375, 6.25, 8.3125],
			"faces": {
				"north": {"uv": [7.375, 9.75, 7.25, 10.25], "texture": "#0"},
				"south": {"uv": [7.25, 9.75, 7.375, 10.25], "texture": "#0"},
				"west": {"uv": [7.25, 9.75, 7.375, 10.25], "texture": "#0"},
				"up": {"uv": [7.25, 9.75, 7.375, 9.875], "texture": "#0"},
				"down": {"uv": [7.25, 10.125, 7.375, 10.25], "texture": "#0"}
			}
		},
		{
			"name": "Layer 4_19",
			"from": [7.75, 4.75, 7.8125],
			"to": [7.875, 6.25, 8.3125],
			"faces": {
				"north": {"uv": [7.875, 9.75, 7.75, 11.25], "texture": "#0"},
				"east": {"uv": [7.75, 9.75, 7.875, 11.25], "texture": "#0"},
				"south": {"uv": [7.75, 9.75, 7.875, 11.25], "texture": "#0"},
				"west": {"uv": [7.75, 9.75, 7.875, 11.25], "texture": "#0"},
				"up": {"uv": [7.75, 9.75, 7.875, 9.875], "texture": "#0"},
				"down": {"uv": [7.75, 11.125, 7.875, 11.25], "texture": "#0"}
			}
		},
		{
			"name": "Layer 4_20",
			"from": [7.875, 4.75, 7.8125],
			"to": [8, 6, 8.3125],
			"faces": {
				"north": {"uv": [8, 10, 7.875, 11.25], "texture": "#0"},
				"south": {"uv": [7.875, 10, 8, 11.25], "texture": "#0"},
				"up": {"uv": [7.875, 10, 8, 10.125], "texture": "#0"},
				"down": {"uv": [7.875, 11.125, 8, 11.25], "texture": "#0"}
			}
		},
		{
			"name": "Layer 4_21",
			"from": [8.625, 5.375, 7.8125],
			"to": [8.75, 6, 8.3125],
			"faces": {
				"north": {"uv": [8.75, 10, 8.625, 10.625], "texture": "#0"},
				"east": {"uv": [8.625, 10, 8.75, 10.625], "texture": "#0"},
				"south": {"uv": [8.625, 10, 8.75, 10.625], "texture": "#0"},
				"up": {"uv": [8.625, 10, 8.75, 10.125], "texture": "#0"},
				"down": {"uv": [8.625, 10.5, 8.75, 10.625], "texture": "#0"}
			}
		},
		{
			"name": "Layer 4_22",
			"from": [8.25, 4.5, 7.8125],
			"to": [8.375, 5.625, 8.3125],
			"faces": {
				"north": {"uv": [8.375, 10.375, 8.25, 11.5], "texture": "#0"},
				"east": {"uv": [8.25, 10.375, 8.375, 11.5], "texture": "#0"},
				"south": {"uv": [8.25, 10.375, 8.375, 11.5], "texture": "#0"},
				"west": {"uv": [8.25, 10.375, 8.375, 11.5], "texture": "#0"},
				"up": {"uv": [8.25, 10.375, 8.375, 10.5], "texture": "#0"},
				"down": {"uv": [8.25, 11.375, 8.375, 11.5], "texture": "#0"}
			}
		},
		{
			"name": "Layer 4_23",
			"from": [8.375, 4.125, 7.8125],
			"to": [8.5, 5.5, 8.3125],
			"faces": {
				"north": {"uv": [8.5, 10.5, 8.375, 11.875], "texture": "#0"},
				"south": {"uv": [8.375, 10.5, 8.5, 11.875], "texture": "#0"},
				"west": {"uv": [8.375, 10.5, 8.5, 11.875], "texture": "#0"},
				"up": {"uv": [8.375, 10.5, 8.5, 10.625], "texture": "#0"},
				"down": {"uv": [8.375, 11.75, 8.5, 11.875], "texture": "#0"}
			}
		},
		{
			"name": "Layer 4_24",
			"from": [8.625, 3.625, 7.8125],
			"to": [8.75, 5, 8.3125],
			"faces": {
				"north": {"uv": [8.75, 11, 8.625, 12.375], "texture": "#0"},
				"east": {"uv": [8.625, 11, 8.75, 12.375], "texture": "#0"},
				"south": {"uv": [8.625, 11, 8.75, 12.375], "texture": "#0"},
				"west": {"uv": [8.625, 11, 8.75, 12.375], "texture": "#0"},
				"up": {"uv": [8.625, 11, 8.75, 11.125], "texture": "#0"},
				"down": {"uv": [8.625, 12.25, 8.75, 12.375], "texture": "#0"}
			}
		},
		{
			"name": "Layer 4_25",
			"from": [8.75, 3.5, 7.8125],
			"to": [8.875, 4.5, 8.3125],
			"faces": {
				"north": {"uv": [8.875, 11.5, 8.75, 12.5], "texture": "#0"},
				"east": {"uv": [8.75, 11.5, 8.875, 12.5], "texture": "#0"},
				"south": {"uv": [8.75, 11.5, 8.875, 12.5], "texture": "#0"},
				"west": {"uv": [8.75, 11.5, 8.875, 12.5], "texture": "#0"},
				"up": {"uv": [8.75, 11.5, 8.875, 11.625], "texture": "#0"},
				"down": {"uv": [8.75, 12.375, 8.875, 12.5], "texture": "#0"}
			}
		},
		{
			"name": "Layer 4_26",
			"from": [8.875, 3.375, 7.8125],
			"to": [9, 4, 8.3125],
			"faces": {
				"north": {"uv": [9, 12, 8.875, 12.625], "texture": "#0"},
				"east": {"uv": [8.875, 12, 9, 12.625], "texture": "#0"},
				"south": {"uv": [8.875, 12, 9, 12.625], "texture": "#0"},
				"west": {"uv": [8.875, 12, 9, 12.625], "texture": "#0"},
				"up": {"uv": [8.875, 12, 9, 12.125], "texture": "#0"},
				"down": {"uv": [8.875, 12.5, 9, 12.625], "texture": "#0"}
			}
		},
		{
			"name": "Layer 4_27",
			"from": [9, 3.25, 7.8125],
			"to": [9.125, 3.75, 8.3125],
			"faces": {
				"north": {"uv": [9.125, 12.25, 9, 12.75], "texture": "#0"},
				"east": {"uv": [9, 12.25, 9.125, 12.75], "texture": "#0"},
				"south": {"uv": [9, 12.25, 9.125, 12.75], "texture": "#0"},
				"west": {"uv": [9, 12.25, 9.125, 12.75], "texture": "#0"},
				"up": {"uv": [9, 12.25, 9.125, 12.375], "texture": "#0"},
				"down": {"uv": [9, 12.625, 9.125, 12.75], "texture": "#0"}
			}
		},
		{
			"name": "Layer 4_28",
			"from": [9.125, 3.125, 7.8125],
			"to": [9.25, 3.5, 8.3125],
			"faces": {
				"north": {"uv": [9.25, 12.5, 9.125, 12.875], "texture": "#0"},
				"east": {"uv": [9.125, 12.5, 9.25, 12.875], "texture": "#0"},
				"south": {"uv": [9.125, 12.5, 9.25, 12.875], "texture": "#0"},
				"west": {"uv": [9.125, 12.5, 9.25, 12.875], "texture": "#0"},
				"up": {"uv": [9.125, 12.5, 9.25, 12.625], "texture": "#0"},
				"down": {"uv": [9.125, 12.75, 9.25, 12.875], "texture": "#0"}
			}
		},
		{
			"name": "Layer 4_29",
			"from": [9.25, 3, 7.8125],
			"to": [9.375, 3.375, 8.3125],
			"faces": {
				"north": {"uv": [9.375, 12.625, 9.25, 13], "texture": "#0"},
				"east": {"uv": [9.25, 12.625, 9.375, 13], "texture": "#0"},
				"south": {"uv": [9.25, 12.625, 9.375, 13], "texture": "#0"},
				"west": {"uv": [9.25, 12.625, 9.375, 13], "texture": "#0"},
				"up": {"uv": [9.25, 12.625, 9.375, 12.75], "texture": "#0"},
				"down": {"uv": [9.25, 12.875, 9.375, 13], "texture": "#0"}
			}
		},
		{
			"name": "Layer 4_30",
			"from": [9.375, 3, 7.8125],
			"to": [9.5, 3.25, 8.3125],
			"faces": {
				"north": {"uv": [9.5, 12.75, 9.375, 13], "texture": "#0"},
				"east": {"uv": [9.375, 12.75, 9.5, 13], "texture": "#0"},
				"south": {"uv": [9.375, 12.75, 9.5, 13], "texture": "#0"},
				"up": {"uv": [9.375, 12.75, 9.5, 12.875], "texture": "#0"},
				"down": {"uv": [9.375, 12.875, 9.5, 13], "texture": "#0"}
			}
		},
		{
			"name": "Layer 4_31",
			"from": [9.5, 3, 7.8125],
			"to": [9.625, 3.125, 8.3125],
			"faces": {
				"north": {"uv": [9.625, 12.875, 9.5, 13], "texture": "#0"},
				"east": {"uv": [9.5, 12.875, 9.625, 13], "texture": "#0"},
				"south": {"uv": [9.5, 12.875, 9.625, 13], "texture": "#0"},
				"up": {"uv": [9.5, 12.875, 9.625, 13], "texture": "#0"},
				"down": {"uv": [9.5, 12.875, 9.625, 13], "texture": "#0"}
			}
		},
		{
			"name": "Layer 5_0",
			"from": [7.75, 4.375, 7.9375],
			"to": [8, 4.75, 8.1875],
			"faces": {
				"north": {"uv": [8, 11.25, 7.75, 11.625], "texture": "#0"},
				"south": {"uv": [7.75, 11.25, 8, 11.625], "texture": "#0"},
				"west": {"uv": [7.75, 11.25, 7.875, 11.625], "texture": "#0"}
			}
		},
		{
			"name": "Layer 5_1",
			"from": [8, 4.375, 7.9375],
			"to": [8.125, 4.625, 8.1875],
			"faces": {
				"north": {"uv": [8.125, 11.375, 8, 11.625], "texture": "#0"},
				"east": {"uv": [8, 11.375, 8.125, 11.625], "texture": "#0"},
				"south": {"uv": [8, 11.375, 8.125, 11.625], "texture": "#0"}
			}
		},
		{
			"name": "Layer 5_2",
			"from": [7.625, 4.125, 7.875],
			"to": [8.25, 4.25, 8.25],
			"faces": {
				"north": {"uv": [8.25, 11.75, 7.625, 11.875], "texture": "#0"},
				"east": {"uv": [8.125, 11.75, 8.25, 11.875], "texture": "#0"},
				"south": {"uv": [7.625, 11.75, 8.25, 11.875], "texture": "#0"},
				"west": {"uv": [7.625, 11.75, 7.75, 11.875], "texture": "#0"},
				"down": {"uv": [7.625, 11.75, 8.25, 11.875], "texture": "#0"}
			}
		},
		{
			"name": "Layer 5_3",
			"from": [7.75, 4, 7.9375],
			"to": [8.125, 4.125, 8.1875],
			"faces": {
				"north": {"uv": [8.125, 11.875, 7.75, 12], "texture": "#0"},
				"east": {"uv": [8, 11.875, 8.125, 12], "texture": "#0"},
				"south": {"uv": [7.75, 11.875, 8.125, 12], "texture": "#0"},
				"west": {"uv": [7.75, 11.875, 7.875, 12], "texture": "#0"}
			}
		},
		{
			"name": "Layer 5_4",
			"from": [7.75, 1.5, 7.9375],
			"to": [8.125, 3.875, 8.1875],
			"faces": {
				"north": {"uv": [8.125, 12.125, 7.75, 14.5], "texture": "#0"},
				"east": {"uv": [8, 12.125, 8.125, 14.5], "texture": "#0"},
				"south": {"uv": [7.75, 12.125, 8.125, 14.5], "texture": "#0"},
				"west": {"uv": [7.75, 12.125, 7.875, 14.5], "texture": "#0"}
			}
		},
		{
			"name": "Layer 5_5",
			"from": [7.75, 1.125, 7.9375],
			"to": [8.125, 1.25, 8.1875],
			"faces": {
				"north": {"uv": [8.125, 14.75, 7.75, 14.875], "texture": "#0"},
				"east": {"uv": [8, 14.75, 8.125, 14.875], "texture": "#0"},
				"south": {"uv": [7.75, 14.75, 8.125, 14.875], "texture": "#0"},
				"west": {"uv": [7.75, 14.75, 7.875, 14.875], "texture": "#0"}
			}
		},
		{
			"name": "Layer 5_6",
			"from": [7.75, 0.75, 7.9375],
			"to": [8.125, 1, 8.1875],
			"faces": {
				"north": {"uv": [8.125, 15, 7.75, 15.25], "texture": "#0"},
				"east": {"uv": [8, 15, 8.125, 15.25], "texture": "#0"},
				"south": {"uv": [7.75, 15, 8.125, 15.25], "texture": "#0"},
				"west": {"uv": [7.75, 15, 7.875, 15.25], "texture": "#0"}
			}
		},
		{
			"name": "Layer 5_7",
			"from": [7.875, 0.625, 7.9375],
			"to": [8, 0.75, 8.1875],
			"faces": {
				"north": {"uv": [8, 15.25, 7.875, 15.375], "texture": "#0"},
				"south": {"uv": [7.875, 15.25, 8, 15.375], "texture": "#0"}
			}
		},
		{
			"name": "Layer 6_0",
			"from": [7.625, 4.25, 7.875],
			"to": [8.25, 4.375, 8.25],
			"faces": {
				"north": {"uv": [8.25, 11.625, 7.625, 11.75], "texture": "#0"},
				"east": {"uv": [8.125, 11.625, 8.25, 11.75], "texture": "#0"},
				"south": {"uv": [7.625, 11.625, 8.25, 11.75], "texture": "#0"},
				"west": {"uv": [7.625, 11.625, 7.75, 11.75], "texture": "#0"},
				"up": {"uv": [7.625, 11.625, 8.25, 11.75], "texture": "#0"}
			}
		},
		{
			"name": "Layer 6_1",
			"from": [7.625, 3.875, 7.875],
			"to": [8.25, 4, 8.25],
			"faces": {
				"north": {"uv": [8.25, 12, 7.625, 12.125], "texture": "#0"},
				"east": {"uv": [8.125, 12, 8.25, 12.125], "texture": "#0"},
				"south": {"uv": [7.625, 12, 8.25, 12.125], "texture": "#0"},
				"west": {"uv": [7.625, 12, 7.75, 12.125], "texture": "#0"},
				"up": {"uv": [7.625, 12, 8.25, 12.125], "texture": "#0"},
				"down": {"uv": [7.625, 12, 8.25, 12.125], "texture": "#0"}
			}
		},
		{
			"name": "Layer 6_2",
			"from": [7.625, 1.25, 7.875],
			"to": [8.25, 1.5, 8.25],
			"faces": {
				"north": {"uv": [8.25, 14.5, 7.625, 14.75], "texture": "#0"},
				"east": {"uv": [8.125, 14.5, 8.25, 14.75], "texture": "#0"},
				"south": {"uv": [7.625, 14.5, 8.25, 14.75], "texture": "#0"},
				"west": {"uv": [7.625, 14.5, 7.75, 14.75], "texture": "#0"},
				"up": {"uv": [7.625, 14.5, 8.25, 14.625], "texture": "#0"},
				"down": {"uv": [7.625, 14.625, 8.25, 14.75], "texture": "#0"}
			}
		},
		{
			"name": "Layer 6_3",
			"from": [7.625, 1, 7.875],
			"to": [8.25, 1.125, 8.25],
			"faces": {
				"north": {"uv": [8.25, 14.875, 7.625, 15], "texture": "#0"},
				"east": {"uv": [8.125, 14.875, 8.25, 15], "texture": "#0"},
				"south": {"uv": [7.625, 14.875, 8.25, 15], "texture": "#0"},
				"west": {"uv": [7.625, 14.875, 7.75, 15], "texture": "#0"},
				"up": {"uv": [7.625, 14.875, 8.25, 15], "texture": "#0"},
				"down": {"uv": [7.625, 14.875, 8.25, 15], "texture": "#0"}
			}
		},
		{
			"name": "Layer 6_4",
			"from": [7.625, 0.5, 7.875],
			"to": [7.75, 0.875, 8.25],
			"faces": {
				"north": {"uv": [7.75, 15.125, 7.625, 15.5], "texture": "#0"},
				"east": {"uv": [7.625, 15.125, 7.75, 15.5], "texture": "#0"},
				"south": {"uv": [7.625, 15.125, 7.75, 15.5], "texture": "#0"},
				"west": {"uv": [7.625, 15.125, 7.75, 15.5], "texture": "#0"},
				"up": {"uv": [7.625, 15.125, 7.75, 15.25], "texture": "#0"},
				"down": {"uv": [7.625, 15.375, 7.75, 15.5], "texture": "#0"}
			}
		},
		{
			"name": "Layer 6_5",
			"from": [8.125, 0.5, 7.875],
			"to": [8.25, 0.875, 8.25],
			"faces": {
				"north": {"uv": [8.25, 15.125, 8.125, 15.5], "texture": "#0"},
				"east": {"uv": [8.125, 15.125, 8.25, 15.5], "texture": "#0"},
				"south": {"uv": [8.125, 15.125, 8.25, 15.5], "texture": "#0"},
				"west": {"uv": [8.125, 15.125, 8.25, 15.5], "texture": "#0"},
				"up": {"uv": [8.125, 15.125, 8.25, 15.25], "texture": "#0"},
				"down": {"uv": [8.125, 15.375, 8.25, 15.5], "texture": "#0"}
			}
		},
		{
			"name": "Layer 6_6",
			"from": [7.375, 0.625, 7.875],
			"to": [7.625, 0.75, 8.25],
			"faces": {
				"north": {"uv": [7.625, 15.25, 7.375, 15.375], "texture": "#0"},
				"south": {"uv": [7.375, 15.25, 7.625, 15.375], "texture": "#0"},
				"west": {"uv": [7.375, 15.25, 7.5, 15.375], "texture": "#0"},
				"up": {"uv": [7.375, 15.25, 7.625, 15.375], "texture": "#0"},
				"down": {"uv": [7.375, 15.25, 7.625, 15.375], "texture": "#0"}
			}
		},
		{
			"name": "Layer 6_7",
			"from": [7.75, 0.25, 7.875],
			"to": [7.875, 0.75, 8.25],
			"faces": {
				"north": {"uv": [7.875, 15.25, 7.75, 15.75], "texture": "#0"},
				"east": {"uv": [7.75, 15.25, 7.875, 15.75], "texture": "#0"},
				"south": {"uv": [7.75, 15.25, 7.875, 15.75], "texture": "#0"},
				"west": {"uv": [7.75, 15.25, 7.875, 15.75], "texture": "#0"},
				"up": {"uv": [7.75, 15.25, 7.875, 15.375], "texture": "#0"},
				"down": {"uv": [7.75, 15.625, 7.875, 15.75], "texture": "#0"}
			}
		},
		{
			"name": "Layer 6_8",
			"from": [8, 0.25, 7.875],
			"to": [8.125, 0.75, 8.25],
			"faces": {
				"north": {"uv": [8.125, 15.25, 8, 15.75], "texture": "#0"},
				"east": {"uv": [8, 15.25, 8.125, 15.75], "texture": "#0"},
				"south": {"uv": [8, 15.25, 8.125, 15.75], "texture": "#0"},
				"west": {"uv": [8, 15.25, 8.125, 15.75], "texture": "#0"},
				"up": {"uv": [8, 15.25, 8.125, 15.375], "texture": "#0"},
				"down": {"uv": [8, 15.625, 8.125, 15.75], "texture": "#0"}
			}
		},
		{
			"name": "Layer 6_9",
			"from": [8.25, 0.625, 7.875],
			"to": [8.5, 0.75, 8.25],
			"faces": {
				"north": {"uv": [8.5, 15.25, 8.25, 15.375], "texture": "#0"},
				"east": {"uv": [8.375, 15.25, 8.5, 15.375], "texture": "#0"},
				"south": {"uv": [8.25, 15.25, 8.5, 15.375], "texture": "#0"},
				"up": {"uv": [8.25, 15.25, 8.5, 15.375], "texture": "#0"},
				"down": {"uv": [8.25, 15.25, 8.5, 15.375], "texture": "#0"}
			}
		},
		{
			"name": "Layer 6_10",
			"from": [7.875, 0.125, 7.875],
			"to": [8, 0.625, 8.25],
			"faces": {
				"north": {"uv": [8, 15.375, 7.875, 15.875], "texture": "#0"},
				"east": {"uv": [7.875, 15.375, 8, 15.875], "texture": "#0"},
				"south": {"uv": [7.875, 15.375, 8, 15.875], "texture": "#0"},
				"west": {"uv": [7.875, 15.375, 8, 15.875], "texture": "#0"},
				"up": {"uv": [7.875, 15.375, 8, 15.5], "texture": "#0"},
				"down": {"uv": [7.875, 15.75, 8, 15.875], "texture": "#0"}
			}
		},
		{
			"name": "Layer 7_0",
			"from": [7.25, 5, 7.875],
			"to": [7.5, 5.625, 8.25],
			"faces": {
				"north": {"uv": [7.5, 10.375, 7.25, 11], "texture": "#0"},
				"south": {"uv": [7.25, 10.375, 7.5, 11], "texture": "#0"},
				"west": {"uv": [7.25, 10.375, 7.375, 11], "texture": "#0"},
				"up": {"uv": [7.25, 10.375, 7.5, 10.5], "texture": "#0"},
				"down": {"uv": [7.25, 10.875, 7.5, 11], "texture": "#0"}
			}
		},
		{
			"name": "Layer 7_1",
			"from": [7.5, 5.125, 7.875],
			"to": [7.75, 5.5, 8.25],
			"faces": {
				"north": {"uv": [7.75, 10.5, 7.5, 10.875], "texture": "#0"},
				"south": {"uv": [7.5, 10.5, 7.75, 10.875], "texture": "#0"},
				"down": {"uv": [7.5, 10.75, 7.75, 10.875], "texture": "#0"}
			}
		},
		{
			"name": "Layer 7_2",
			"from": [7.125, 4.75, 7.875],
			"to": [7.25, 5.375, 8.25],
			"faces": {
				"north": {"uv": [7.25, 10.625, 7.125, 11.25], "texture": "#0"},
				"east": {"uv": [7.125, 10.625, 7.25, 11.25], "texture": "#0"},
				"south": {"uv": [7.125, 10.625, 7.25, 11.25], "texture": "#0"},
				"west": {"uv": [7.125, 10.625, 7.25, 11.25], "texture": "#0"},
				"up": {"uv": [7.125, 10.625, 7.25, 10.75], "texture": "#0"},
				"down": {"uv": [7.125, 11.125, 7.25, 11.25], "texture": "#0"}
			}
		},
		{
			"name": "Layer 7_3",
			"from": [7, 4.625, 7.875],
			"to": [7.125, 5.125, 8.25],
			"faces": {
				"north": {"uv": [7.125, 10.875, 7, 11.375], "texture": "#0"},
				"east": {"uv": [7, 10.875, 7.125, 11.375], "texture": "#0"},
				"south": {"uv": [7, 10.875, 7.125, 11.375], "texture": "#0"},
				"west": {"uv": [7, 10.875, 7.125, 11.375], "texture": "#0"},
				"up": {"uv": [7, 10.875, 7.125, 11], "texture": "#0"},
				"down": {"uv": [7, 11.25, 7.125, 11.375], "texture": "#0"}
			}
		},
		{
			"name": "Layer 7_4",
			"from": [7.5, 5, 7.875],
			"to": [7.625, 5.125, 8.25],
			"faces": {
				"north": {"uv": [7.625, 10.875, 7.5, 11], "texture": "#0"},
				"east": {"uv": [7.5, 10.875, 7.625, 11], "texture": "#0"},
				"south": {"uv": [7.5, 10.875, 7.625, 11], "texture": "#0"},
				"down": {"uv": [7.5, 10.875, 7.625, 11], "texture": "#0"}
			}
		},
		{
			"name": "Layer 7_5",
			"from": [6.875, 4.375, 7.875],
			"to": [7, 5, 8.25],
			"faces": {
				"north": {"uv": [7, 11, 6.875, 11.625], "texture": "#0"},
				"east": {"uv": [6.875, 11, 7, 11.625], "texture": "#0"},
				"south": {"uv": [6.875, 11, 7, 11.625], "texture": "#0"},
				"west": {"uv": [6.875, 11, 7, 11.625], "texture": "#0"},
				"up": {"uv": [6.875, 11, 7, 11.125], "texture": "#0"},
				"down": {"uv": [6.875, 11.5, 7, 11.625], "texture": "#0"}
			}
		},
		{
			"name": "Layer 7_6",
			"from": [7.25, 4.875, 7.875],
			"to": [7.375, 5, 8.25],
			"faces": {
				"north": {"uv": [7.375, 11, 7.25, 11.125], "texture": "#0"},
				"east": {"uv": [7.25, 11, 7.375, 11.125], "texture": "#0"},
				"south": {"uv": [7.25, 11, 7.375, 11.125], "texture": "#0"},
				"down": {"uv": [7.25, 11, 7.375, 11.125], "texture": "#0"}
			}
		},
		{
			"name": "Layer 7_7",
			"from": [6.75, 4.125, 7.875],
			"to": [6.875, 4.75, 8.25],
			"faces": {
				"north": {"uv": [6.875, 11.25, 6.75, 11.875], "texture": "#0"},
				"east": {"uv": [6.75, 11.25, 6.875, 11.875], "texture": "#0"},
				"south": {"uv": [6.75, 11.25, 6.875, 11.875], "texture": "#0"},
				"west": {"uv": [6.75, 11.25, 6.875, 11.875], "texture": "#0"},
				"up": {"uv": [6.75, 11.25, 6.875, 11.375], "texture": "#0"},
				"down": {"uv": [6.75, 11.75, 6.875, 11.875], "texture": "#0"}
			}
		}
	],
	"display": {
		"thirdperson_righthand": {
			"rotation": [0, -90, 0],
			"translation": [0.25, 11, 1],
			"scale": [2.5, 2.5, 2.5]
		},
		"thirdperson_lefthand": {
			"rotation": [0, 90, 0],
			"translation": [0.25, 11, 1],
			"scale": [2.5, 2.5, 2.5]
		},
		"firstperson_righthand": {
			"rotation": [1, -80, 0],
			"translation": [0, 5.75, 2.75]
		},
		"firstperson_lefthand": {
			"rotation": [1, 100, 0],
			"translation": [0, 5.75, 2.75]
		},
		"ground": {
			"translation": [0, 22.25, 0],
			"scale": [2.5, 2.5, 2.5]
		},
		"gui": {
			"rotation": [0, 0, -45],
			"translation": [0.5, 1.25, 0],
			"scale": [1.5, 1.5, 1.5]
		},
		"head": {
			"rotation": [180, 0, 45],
			"translation": [2.5, -14.25, 4.75],
			"scale": [3, 3, 3]
		},
		"fixed": {
			"rotation": [180, 0, 135],
			"translation": [-0.75, 2, 0],
			"scale": [2, 2, 2]
		}
	},
	"groups": [
		{
			"name": "Layer 2",
			"origin": [8, 8, 8],
			"color": 0,
			"children": [0, 1, 2, 3, 4, 5, 6, 7, 8, 9, 10, 11, 12, 13, 14, 15, 16, 17, 18, 19, 20, 21, 22, 23, 24, 25, 26, 27, 28]
		},
		{
			"name": "Layer 1",
			"origin": [8, 8, 8],
			"color": 0,
			"children": [29, 30, 31, 32, 33, 34, 35, 36, 37, 38, 39, 40, 41, 42, 43, 44, 45, 46, 47, 48, 49, 50, 51, 52, 53, 54, 55, 56, 57, 58, 59, 60]
		},
		{
			"name": "Layer 8",
			"origin": [8, 8, 8],
			"color": 0,
			"children": [61, 62, 63, 64, 65, 66]
		},
		{
			"name": "Layer 3",
			"origin": [8, 8, 8],
			"color": 0,
			"children": [67, 68]
		},
		{
			"name": "Layer 4",
			"origin": [8, 8, 8],
			"color": 0,
			"children": [69, 70, 71, 72, 73, 74, 75, 76, 77, 78, 79, 80, 81, 82, 83, 84, 85, 86, 87, 88, 89, 90, 91, 92, 93, 94, 95, 96, 97, 98, 99, 100]
		},
		{
			"name": "Layer 5",
			"origin": [8, 8, 8],
			"color": 0,
			"children": [101, 102, 103, 104, 105, 106, 107, 108]
		},
		{
			"name": "Layer 6",
			"origin": [8, 8, 8],
			"color": 0,
			"children": [109, 110, 111, 112, 113, 114, 115, 116, 117, 118, 119]
		},
		{
			"name": "Layer 7",
			"origin": [8, 8, 8],
			"color": 0,
			"children": [120, 121, 122, 123, 124, 125, 126, 127]
		}
	]
}