{
	"credit": "Made with Blockbench",
	"textures": {
		"0": "item/equilibriums_edge",
		"particle": "item/equilibriums_edge"
	},
	"elements": [
		{
			"name": "1_0",
			"from": [7.875, 2.25, 7.875],
			"to": [8.375, 2.5, 8.25],
			"faces": {
				"north": {"uv": [8.375, 13.5, 7.875, 13.75], "texture": "#0"},
				"east": {"uv": [8.25, 13.5, 8.375, 13.75], "texture": "#0"},
				"south": {"uv": [7.875, 13.5, 8.375, 13.75], "texture": "#0"},
				"west": {"uv": [7.875, 13.5, 8, 13.75], "texture": "#0"},
				"up": {"uv": [7.875, 13.5, 8.375, 13.625], "texture": "#0"},
				"down": {"uv": [7.875, 13.625, 8.375, 13.75], "texture": "#0"}
			}
		},
		{
			"name": "1_1",
			"from": [7.625, 2.125, 7.875],
			"to": [7.875, 2.375, 8.25],
			"faces": {
				"north": {"uv": [7.875, 13.625, 7.625, 13.875], "texture": "#0"},
				"east": {"uv": [7.75, 13.625, 7.875, 13.875], "texture": "#0"},
				"south": {"uv": [7.625, 13.625, 7.875, 13.875], "texture": "#0"},
				"west": {"uv": [7.625, 13.625, 7.75, 13.875], "texture": "#0"},
				"up": {"uv": [7.625, 13.625, 7.875, 13.75], "texture": "#0"},
				"down": {"uv": [7.625, 13.75, 7.875, 13.875], "texture": "#0"}
			}
		},
		{
			"name": "1_2",
			"from": [8.375, 2.25, 7.875],
			"to": [8.625, 2.375, 8.25],
			"faces": {
				"north": {"uv": [8.625, 13.625, 8.375, 13.75], "texture": "#0"},
				"east": {"uv": [8.5, 13.625, 8.625, 13.75], "texture": "#0"},
				"south": {"uv": [8.375, 13.625, 8.625, 13.75], "texture": "#0"},
				"up": {"uv": [8.375, 13.625, 8.625, 13.75], "texture": "#0"},
				"down": {"uv": [8.375, 13.625, 8.625, 13.75], "texture": "#0"}
			}
		},
		{
			"name": "1_3",
			"from": [7.5, 2.125, 7.875],
			"to": [7.625, 2.25, 8.25],
			"faces": {
				"north": {"uv": [7.625, 13.75, 7.5, 13.875], "texture": "#0"},
				"south": {"uv": [7.5, 13.75, 7.625, 13.875], "texture": "#0"},
				"west": {"uv": [7.5, 13.75, 7.625, 13.875], "texture": "#0"},
				"up": {"uv": [7.5, 13.75, 7.625, 13.875], "texture": "#0"},
				"down": {"uv": [7.5, 13.75, 7.625, 13.875], "texture": "#0"}
			}
		},
		{
			"name": "1_4",
			"from": [8, 2.125, 7.875],
			"to": [8.125, 2.25, 8.25],
			"faces": {
				"north": {"uv": [8.125, 13.75, 8, 13.875], "texture": "#0"},
				"east": {"uv": [8, 13.75, 8.125, 13.875], "texture": "#0"},
				"south": {"uv": [8, 13.75, 8.125, 13.875], "texture": "#0"},
				"west": {"uv": [8, 13.75, 8.125, 13.875], "texture": "#0"},
				"down": {"uv": [8, 13.75, 8.125, 13.875], "texture": "#0"}
			}
		},
		{
			"name": "1_5",
			"from": [8.375, 2.125, 7.875],
			"to": [8.5, 2.25, 8.25],
			"faces": {
				"north": {"uv": [8.5, 13.75, 8.375, 13.875], "texture": "#0"},
				"east": {"uv": [8.375, 13.75, 8.5, 13.875], "texture": "#0"},
				"south": {"uv": [8.375, 13.75, 8.5, 13.875], "texture": "#0"},
				"west": {"uv": [8.375, 13.75, 8.5, 13.875], "texture": "#0"},
				"down": {"uv": [8.375, 13.75, 8.5, 13.875], "texture": "#0"}
			}
		},
		{
			"name": "1_6",
			"from": [7.875, 1.75, 7.875],
			"to": [8, 2.125, 8.25],
			"faces": {
				"north": {"uv": [8, 13.875, 7.875, 14.25], "texture": "#0"},
				"east": {"uv": [7.875, 13.875, 8, 14.25], "texture": "#0"},
				"south": {"uv": [7.875, 13.875, 8, 14.25], "texture": "#0"},
				"west": {"uv": [7.875, 13.875, 8, 14.25], "texture": "#0"},
				"up": {"uv": [7.875, 13.875, 8, 14], "texture": "#0"},
				"down": {"uv": [7.875, 14.125, 8, 14.25], "texture": "#0"}
			}
		},
		{
			"name": "2_0",
			"from": [7.75, 2.5, 7.9375],
			"to": [8.25, 6.125, 8.1875],
			"faces": {
				"north": {"uv": [8.25, 9.875, 7.75, 13.5], "texture": "#0"},
				"east": {"uv": [8.125, 9.875, 8.25, 13.5], "texture": "#0"},
				"south": {"uv": [7.75, 9.875, 8.25, 13.5], "texture": "#0"},
				"west": {"uv": [7.75, 9.875, 7.875, 13.5], "texture": "#0"}
			}
		},
		{
			"name": "2_1",
			"from": [7.75, 2.375, 7.9375],
			"to": [7.875, 2.5, 8.1875],
			"faces": {
				"north": {"uv": [7.875, 13.5, 7.75, 13.625], "texture": "#0"},
				"south": {"uv": [7.75, 13.5, 7.875, 13.625], "texture": "#0"},
				"west": {"uv": [7.75, 13.5, 7.875, 13.625], "texture": "#0"}
			}
		},
		{
			"name": "2_2",
			"from": [7.875, 2.125, 7.9375],
			"to": [8, 2.25, 8.1875],
			"faces": {
				"north": {"uv": [8, 13.75, 7.875, 13.875], "texture": "#0"},
				"south": {"uv": [7.875, 13.75, 8, 13.875], "texture": "#0"}
			}
		},
		{
			"name": "2_3",
			"from": [8.125, 1.75, 7.9375],
			"to": [8.375, 2.25, 8.1875],
			"faces": {
				"north": {"uv": [8.375, 13.75, 8.125, 14.25], "texture": "#0"},
				"east": {"uv": [8.25, 13.75, 8.375, 14.25], "texture": "#0"},
				"south": {"uv": [8.125, 13.75, 8.375, 14.25], "texture": "#0"},
				"down": {"uv": [8.125, 14.125, 8.375, 14.25], "texture": "#0"}
			}
		},
		{
			"name": "2_4",
			"from": [7.5, 2, 7.9375],
			"to": [7.875, 2.125, 8.1875],
			"faces": {
				"north": {"uv": [7.875, 13.875, 7.5, 14], "texture": "#0"},
				"south": {"uv": [7.5, 13.875, 7.875, 14], "texture": "#0"},
				"west": {"uv": [7.5, 13.875, 7.625, 14], "texture": "#0"},
				"down": {"uv": [7.5, 13.875, 7.875, 14], "texture": "#0"}
			}
		},
		{
			"name": "2_5",
			"from": [8, 0.625, 7.9375],
			"to": [8.125, 2.125, 8.1875],
			"faces": {
				"north": {"uv": [8.125, 13.875, 8, 15.375], "texture": "#0"},
				"south": {"uv": [8, 13.875, 8.125, 15.375], "texture": "#0"},
				"west": {"uv": [8, 13.875, 8.125, 15.375], "texture": "#0"},
				"down": {"uv": [8, 15.25, 8.125, 15.375], "texture": "#0"}
			}
		},
		{
			"name": "2_6",
			"from": [7.625, 1.625, 7.9375],
			"to": [7.875, 2, 8.1875],
			"faces": {
				"north": {"uv": [7.875, 14, 7.625, 14.375], "texture": "#0"},
				"south": {"uv": [7.625, 14, 7.875, 14.375], "texture": "#0"},
				"west": {"uv": [7.625, 14, 7.75, 14.375], "texture": "#0"},
				"down": {"uv": [7.625, 14.25, 7.875, 14.375], "texture": "#0"}
			}
		},
		{
			"name": "2_7",
			"from": [7.875, 0.875, 7.9375],
			"to": [8, 1.75, 8.1875],
			"faces": {
				"north": {"uv": [8, 14.25, 7.875, 15.125], "texture": "#0"},
				"south": {"uv": [7.875, 14.25, 8, 15.125], "texture": "#0"},
				"west": {"uv": [7.875, 14.25, 8, 15.125], "texture": "#0"},
				"down": {"uv": [7.875, 15, 8, 15.125], "texture": "#0"}
			}
		},
		{
			"name": "2_8",
			"from": [8.125, 0.375, 7.9375],
			"to": [8.25, 1.75, 8.1875],
			"faces": {
				"north": {"uv": [8.25, 14.25, 8.125, 15.625], "texture": "#0"},
				"east": {"uv": [8.125, 14.25, 8.25, 15.625], "texture": "#0"},
				"south": {"uv": [8.125, 14.25, 8.25, 15.625], "texture": "#0"},
				"west": {"uv": [8.125, 14.25, 8.25, 15.625], "texture": "#0"},
				"down": {"uv": [8.125, 15.5, 8.25, 15.625], "texture": "#0"}
			}
		},
		{
			"name": "2_9",
			"from": [7.75, 1.125, 7.9375],
			"to": [7.875, 1.625, 8.1875],
			"faces": {
				"north": {"uv": [7.875, 14.375, 7.75, 14.875], "texture": "#0"},
				"south": {"uv": [7.75, 14.375, 7.875, 14.875], "texture": "#0"},
				"west": {"uv": [7.75, 14.375, 7.875, 14.875], "texture": "#0"},
				"down": {"uv": [7.75, 14.75, 7.875, 14.875], "texture": "#0"}
			}
		},
		{
			"name": "2_10",
			"from": [8.25, 0.25, 7.9375],
			"to": [8.375, 1, 8.1875],
			"faces": {
				"north": {"uv": [8.375, 15, 8.25, 15.75], "texture": "#0"},
				"east": {"uv": [8.25, 15, 8.375, 15.75], "texture": "#0"},
				"south": {"uv": [8.25, 15, 8.375, 15.75], "texture": "#0"},
				"west": {"uv": [8.25, 15, 8.375, 15.75], "texture": "#0"},
				"up": {"uv": [8.25, 15, 8.375, 15.125], "texture": "#0"},
				"down": {"uv": [8.25, 15.625, 8.375, 15.75], "texture": "#0"}
			}
		},
		{
			"name": "4_0",
			"from": [8.625, 10.25, 7.9375],
			"to": [8.75, 10.625, 8.1875],
			"faces": {
				"north": {"uv": [8.75, 5.375, 8.625, 5.75], "texture": "#0"},
				"east": {"uv": [8.625, 5.375, 8.75, 5.75], "texture": "#0"},
				"south": {"uv": [8.625, 5.375, 8.75, 5.75], "texture": "#0"},
				"west": {"uv": [8.625, 5.375, 8.75, 5.75], "texture": "#0"},
				"up": {"uv": [8.625, 5.375, 8.75, 5.5], "texture": "#0"},
				"down": {"uv": [8.625, 5.625, 8.75, 5.75], "texture": "#0"}
			}
		},
		{
			"name": "4_1",
			"from": [8.5, 7.875, 7.9375],
			"to": [8.625, 10.5, 8.1875],
			"faces": {
				"north": {"uv": [8.625, 5.5, 8.5, 8.125], "texture": "#0"},
				"east": {"uv": [8.5, 5.5, 8.625, 8.125], "texture": "#0"},
				"south": {"uv": [8.5, 5.5, 8.625, 8.125], "texture": "#0"},
				"up": {"uv": [8.5, 5.5, 8.625, 5.625], "texture": "#0"}
			}
		},
		{
			"name": "4_2",
			"from": [8.375, 8, 7.9375],
			"to": [8.5, 10.25, 8.1875],
			"faces": {
				"north": {"uv": [8.5, 5.75, 8.375, 8], "texture": "#0"},
				"south": {"uv": [8.375, 5.75, 8.5, 8], "texture": "#0"}
			}
		},
		{
			"name": "4_3",
			"from": [8.25, 8, 7.9375],
			"to": [8.375, 8.625, 8.1875],
			"faces": {
				"north": {"uv": [8.375, 7.375, 8.25, 8], "texture": "#0"},
				"south": {"uv": [8.25, 7.375, 8.375, 8], "texture": "#0"}
			}
		},
		{
			"name": "4_4",
			"from": [8.625, 7.75, 7.9375],
			"to": [8.75, 8.25, 8.1875],
			"faces": {
				"north": {"uv": [8.75, 7.75, 8.625, 8.25], "texture": "#0"},
				"east": {"uv": [8.625, 7.75, 8.75, 8.25], "texture": "#0"},
				"south": {"uv": [8.625, 7.75, 8.75, 8.25], "texture": "#0"},
				"up": {"uv": [8.625, 7.75, 8.75, 7.875], "texture": "#0"}
			}
		},
		{
			"name": "4_5",
			"from": [8.75, 7.625, 7.9375],
			"to": [8.875, 8, 8.1875],
			"faces": {
				"north": {"uv": [8.875, 8, 8.75, 8.375], "texture": "#0"},
				"east": {"uv": [8.75, 8, 8.875, 8.375], "texture": "#0"},
				"south": {"uv": [8.75, 8, 8.875, 8.375], "texture": "#0"},
				"up": {"uv": [8.75, 8, 8.875, 8.125], "texture": "#0"}
			}
		},
		{
			"name": "4_6",
			"from": [8.875, 6.625, 7.9375],
			"to": [9, 6.875, 8.1875],
			"faces": {
				"north": {"uv": [9, 9.125, 8.875, 9.375], "texture": "#0"},
				"east": {"uv": [8.875, 9.125, 9, 9.375], "texture": "#0"},
				"south": {"uv": [8.875, 9.125, 9, 9.375], "texture": "#0"},
				"down": {"uv": [8.875, 9.25, 9, 9.375], "texture": "#0"}
			}
		},
		{
			"name": "4_7",
			"from": [8.75, 6.5, 7.9375],
			"to": [8.875, 6.625, 8.1875],
			"faces": {
				"north": {"uv": [8.875, 9.375, 8.75, 9.5], "texture": "#0"},
				"east": {"uv": [8.75, 9.375, 8.875, 9.5], "texture": "#0"},
				"south": {"uv": [8.75, 9.375, 8.875, 9.5], "texture": "#0"},
				"down": {"uv": [8.75, 9.375, 8.875, 9.5], "texture": "#0"}
			}
		},
		{
			"name": "4_8",
			"from": [8.625, 6.125, 7.9375],
			"to": [8.75, 6.5, 8.1875],
			"faces": {
				"north": {"uv": [8.75, 9.5, 8.625, 9.875], "texture": "#0"},
				"east": {"uv": [8.625, 9.5, 8.75, 9.875], "texture": "#0"},
				"south": {"uv": [8.625, 9.5, 8.75, 9.875], "texture": "#0"},
				"down": {"uv": [8.625, 9.75, 8.75, 9.875], "texture": "#0"}
			}
		},
		{
			"name": "4_9",
			"from": [8.5, 5.75, 7.9375],
			"to": [8.625, 6.375, 8.1875],
			"faces": {
				"north": {"uv": [8.625, 9.625, 8.5, 10.25], "texture": "#0"},
				"east": {"uv": [8.5, 9.625, 8.625, 10.25], "texture": "#0"},
				"south": {"uv": [8.5, 9.625, 8.625, 10.25], "texture": "#0"},
				"down": {"uv": [8.5, 10.125, 8.625, 10.25], "texture": "#0"}
			}
		},
		{
			"name": "4_10",
			"from": [8.25, 5.875, 7.9375],
			"to": [8.5, 6.25, 8.1875],
			"faces": {
				"north": {"uv": [8.5, 9.75, 8.25, 10.125], "texture": "#0"},
				"south": {"uv": [8.25, 9.75, 8.5, 10.125], "texture": "#0"},
				"down": {"uv": [8.25, 10, 8.5, 10.125], "texture": "#0"}
			}
		},
		{
			"name": "4_11",
			"from": [8.375, 5.75, 7.9375],
			"to": [8.5, 5.875, 8.1875],
			"faces": {
				"north": {"uv": [8.5, 10.125, 8.375, 10.25], "texture": "#0"},
				"south": {"uv": [8.375, 10.125, 8.5, 10.25], "texture": "#0"},
				"west": {"uv": [8.375, 10.125, 8.5, 10.25], "texture": "#0"},
				"down": {"uv": [8.375, 10.125, 8.5, 10.25], "texture": "#0"}
			}
		},
		{
			"name": "4_12",
			"from": [8.625, 5.75, 7.9375],
			"to": [8.75, 5.875, 8.1875],
			"faces": {
				"north": {"uv": [8.75, 10.125, 8.625, 10.25], "texture": "#0"},
				"east": {"uv": [8.625, 10.125, 8.75, 10.25], "texture": "#0"},
				"south": {"uv": [8.625, 10.125, 8.75, 10.25], "texture": "#0"},
				"up": {"uv": [8.625, 10.125, 8.75, 10.25], "texture": "#0"},
				"down": {"uv": [8.625, 10.125, 8.75, 10.25], "texture": "#0"}
			}
		},
		{
			"name": "5_0",
			"from": [7.75, 7.75, 7.875],
			"to": [8.25, 8.125, 8.25],
			"faces": {
				"north": {"uv": [8.25, 7.875, 7.75, 8.25], "texture": "#0"},
				"east": {"uv": [8.125, 7.875, 8.25, 8.25], "texture": "#0"},
				"south": {"uv": [7.75, 7.875, 8.25, 8.25], "texture": "#0"},
				"west": {"uv": [7.75, 7.875, 7.875, 8.25], "texture": "#0"},
				"up": {"uv": [7.75, 7.875, 8.25, 8], "texture": "#0"},
				"down": {"uv": [7.75, 8.125, 8.25, 8.25], "texture": "#0"}
			}
		},
		{
			"name": "5_1",
			"from": [7.5, 7.625, 7.875],
			"to": [7.75, 8, 8.25],
			"faces": {
				"north": {"uv": [7.75, 8, 7.5, 8.375], "texture": "#0"},
				"east": {"uv": [7.625, 8, 7.75, 8.375], "texture": "#0"},
				"south": {"uv": [7.5, 8, 7.75, 8.375], "texture": "#0"},
				"west": {"uv": [7.5, 8, 7.625, 8.375], "texture": "#0"},
				"up": {"uv": [7.5, 8, 7.75, 8.125], "texture": "#0"},
				"down": {"uv": [7.5, 8.25, 7.75, 8.375], "texture": "#0"}
			}
		},
		{
			"name": "5_2",
			"from": [8.25, 7.625, 7.875],
			"to": [8.5, 8, 8.25],
			"faces": {
				"north": {"uv": [8.5, 8, 8.25, 8.375], "texture": "#0"},
				"east": {"uv": [8.375, 8, 8.5, 8.375], "texture": "#0"},
				"south": {"uv": [8.25, 8, 8.5, 8.375], "texture": "#0"},
				"west": {"uv": [8.25, 8, 8.375, 8.375], "texture": "#0"},
				"up": {"uv": [8.25, 8, 8.5, 8.125], "texture": "#0"},
				"down": {"uv": [8.25, 8.25, 8.5, 8.375], "texture": "#0"}
			}
		},
		{
			"name": "5_3",
			"from": [7.375, 7.375, 7.875],
			"to": [7.5, 7.875, 8.25],
			"faces": {
				"north": {"uv": [7.5, 8.125, 7.375, 8.625], "texture": "#0"},
				"east": {"uv": [7.375, 8.125, 7.5, 8.625], "texture": "#0"},
				"south": {"uv": [7.375, 8.125, 7.5, 8.625], "texture": "#0"},
				"west": {"uv": [7.375, 8.125, 7.5, 8.625], "texture": "#0"},
				"up": {"uv": [7.375, 8.125, 7.5, 8.25], "texture": "#0"},
				"down": {"uv": [7.375, 8.5, 7.5, 8.625], "texture": "#0"}
			}
		},
		{
			"name": "5_4",
			"from": [8.5, 7.375, 7.875],
			"to": [8.625, 7.875, 8.25],
			"faces": {
				"north": {"uv": [8.625, 8.125, 8.5, 8.625], "texture": "#0"},
				"east": {"uv": [8.5, 8.125, 8.625, 8.625], "texture": "#0"},
				"south": {"uv": [8.5, 8.125, 8.625, 8.625], "texture": "#0"},
				"west": {"uv": [8.5, 8.125, 8.625, 8.625], "texture": "#0"},
				"up": {"uv": [8.5, 8.125, 8.625, 8.25], "texture": "#0"},
				"down": {"uv": [8.5, 8.5, 8.625, 8.625], "texture": "#0"}
			}
		},
		{
			"name": "5_5",
			"from": [7.25, 6.5, 7.875],
			"to": [7.375, 7.75, 8.25],
			"faces": {
				"north": {"uv": [7.375, 8.25, 7.25, 9.5], "texture": "#0"},
				"east": {"uv": [7.25, 8.25, 7.375, 9.5], "texture": "#0"},
				"south": {"uv": [7.25, 8.25, 7.375, 9.5], "texture": "#0"},
				"west": {"uv": [7.25, 8.25, 7.375, 9.5], "texture": "#0"},
				"up": {"uv": [7.25, 8.25, 7.375, 8.375], "texture": "#0"},
				"down": {"uv": [7.25, 9.375, 7.375, 9.5], "texture": "#0"}
			}
		},
		{
			"name": "5_6",
			"from": [8.625, 6.5, 7.875],
			"to": [8.75, 7.75, 8.25],
			"faces": {
				"north": {"uv": [8.75, 8.25, 8.625, 9.5], "texture": "#0"},
				"east": {"uv": [8.625, 8.25, 8.75, 9.5], "texture": "#0"},
				"south": {"uv": [8.625, 8.25, 8.75, 9.5], "texture": "#0"},
				"west": {"uv": [8.625, 8.25, 8.75, 9.5], "texture": "#0"},
				"up": {"uv": [8.625, 8.25, 8.75, 8.375], "texture": "#0"},
				"down": {"uv": [8.625, 9.375, 8.75, 9.5], "texture": "#0"}
			}
		},
		{
			"name": "5_7",
			"from": [7.125, 6.625, 7.875],
			"to": [7.25, 7.625, 8.25],
			"faces": {
				"north": {"uv": [7.25, 8.375, 7.125, 9.375], "texture": "#0"},
				"south": {"uv": [7.125, 8.375, 7.25, 9.375], "texture": "#0"},
				"west": {"uv": [7.125, 8.375, 7.25, 9.375], "texture": "#0"},
				"up": {"uv": [7.125, 8.375, 7.25, 8.5], "texture": "#0"},
				"down": {"uv": [7.125, 9.25, 7.25, 9.375], "texture": "#0"}
			}
		},
		{
			"name": "5_8",
			"from": [8.75, 6.625, 7.875],
			"to": [8.875, 7.625, 8.25],
			"faces": {
				"north": {"uv": [8.875, 8.375, 8.75, 9.375], "texture": "#0"},
				"east": {"uv": [8.75, 8.375, 8.875, 9.375], "texture": "#0"},
				"south": {"uv": [8.75, 8.375, 8.875, 9.375], "texture": "#0"},
				"up": {"uv": [8.75, 8.375, 8.875, 8.5], "texture": "#0"},
				"down": {"uv": [8.75, 9.25, 8.875, 9.375], "texture": "#0"}
			}
		},
		{
			"name": "5_9",
			"from": [7, 6.875, 7.875],
			"to": [7.125, 7.375, 8.25],
			"faces": {
				"north": {"uv": [7.125, 8.625, 7, 9.125], "texture": "#0"},
				"south": {"uv": [7, 8.625, 7.125, 9.125], "texture": "#0"},
				"west": {"uv": [7, 8.625, 7.125, 9.125], "texture": "#0"},
				"up": {"uv": [7, 8.625, 7.125, 8.75], "texture": "#0"},
				"down": {"uv": [7, 9, 7.125, 9.125], "texture": "#0"}
			}
		},
		{
			"name": "5_10",
			"from": [8.875, 6.875, 7.875],
			"to": [9, 7.375, 8.25],
			"faces": {
				"north": {"uv": [9, 8.625, 8.875, 9.125], "texture": "#0"},
				"east": {"uv": [8.875, 8.625, 9, 9.125], "texture": "#0"},
				"south": {"uv": [8.875, 8.625, 9, 9.125], "texture": "#0"},
				"up": {"uv": [8.875, 8.625, 9, 8.75], "texture": "#0"},
				"down": {"uv": [8.875, 9, 9, 9.125], "texture": "#0"}
			}
		},
		{
			"name": "5_11",
			"from": [7.375, 6.375, 7.875],
			"to": [7.5, 6.875, 8.25],
			"faces": {
				"north": {"uv": [7.5, 9.125, 7.375, 9.625], "texture": "#0"},
				"east": {"uv": [7.375, 9.125, 7.5, 9.625], "texture": "#0"},
				"south": {"uv": [7.375, 9.125, 7.5, 9.625], "texture": "#0"},
				"west": {"uv": [7.375, 9.125, 7.5, 9.625], "texture": "#0"},
				"up": {"uv": [7.375, 9.125, 7.5, 9.25], "texture": "#0"},
				"down": {"uv": [7.375, 9.5, 7.5, 9.625], "texture": "#0"}
			}
		},
		{
			"name": "5_12",
			"from": [8.5, 6.375, 7.875],
			"to": [8.625, 6.875, 8.25],
			"faces": {
				"north": {"uv": [8.625, 9.125, 8.5, 9.625], "texture": "#0"},
				"east": {"uv": [8.5, 9.125, 8.625, 9.625], "texture": "#0"},
				"south": {"uv": [8.5, 9.125, 8.625, 9.625], "texture": "#0"},
				"west": {"uv": [8.5, 9.125, 8.625, 9.625], "texture": "#0"},
				"up": {"uv": [8.5, 9.125, 8.625, 9.25], "texture": "#0"},
				"down": {"uv": [8.5, 9.5, 8.625, 9.625], "texture": "#0"}
			}
		},
		{
			"name": "5_13",
			"from": [7.5, 6.25, 7.875],
			"to": [7.75, 6.625, 8.25],
			"faces": {
				"north": {"uv": [7.75, 9.375, 7.5, 9.75], "texture": "#0"},
				"east": {"uv": [7.625, 9.375, 7.75, 9.75], "texture": "#0"},
				"south": {"uv": [7.5, 9.375, 7.75, 9.75], "texture": "#0"},
				"west": {"uv": [7.5, 9.375, 7.625, 9.75], "texture": "#0"},
				"up": {"uv": [7.5, 9.375, 7.75, 9.5], "texture": "#0"},
				"down": {"uv": [7.5, 9.625, 7.75, 9.75], "texture": "#0"}
			}
		},
		{
			"name": "5_14",
			"from": [8.25, 6.25, 7.875],
			"to": [8.5, 6.625, 8.25],
			"faces": {
				"north": {"uv": [8.5, 9.375, 8.25, 9.75], "texture": "#0"},
				"east": {"uv": [8.375, 9.375, 8.5, 9.75], "texture": "#0"},
				"south": {"uv": [8.25, 9.375, 8.5, 9.75], "texture": "#0"},
				"west": {"uv": [8.25, 9.375, 8.375, 9.75], "texture": "#0"},
				"up": {"uv": [8.25, 9.375, 8.5, 9.5], "texture": "#0"},
				"down": {"uv": [8.25, 9.625, 8.5, 9.75], "texture": "#0"}
			}
		},
		{
			"name": "5_15",
			"from": [7.75, 6.125, 7.875],
			"to": [8.25, 6.5, 8.25],
			"faces": {
				"north": {"uv": [8.25, 9.5, 7.75, 9.875], "texture": "#0"},
				"east": {"uv": [8.125, 9.5, 8.25, 9.875], "texture": "#0"},
				"south": {"uv": [7.75, 9.5, 8.25, 9.875], "texture": "#0"},
				"west": {"uv": [7.75, 9.5, 7.875, 9.875], "texture": "#0"},
				"up": {"uv": [7.75, 9.5, 8.25, 9.625], "texture": "#0"},
				"down": {"uv": [7.75, 9.75, 8.25, 9.875], "texture": "#0"}
			}
		},
		{
			"name": "6_0",
			"from": [8.875, 15.5, 8],
			"to": [9.5, 15.625, 8.125],
			"faces": {
				"north": {"uv": [9.5, 0.375, 8.875, 0.5], "texture": "#0"},
				"east": {"uv": [9.375, 0.375, 9.5, 0.5], "texture": "#0"},
				"south": {"uv": [8.875, 0.375, 9.5, 0.5], "texture": "#0"},
				"west": {"uv": [8.875, 0.375, 9, 0.5], "texture": "#0"},
				"up": {"uv": [8.875, 0.375, 9.5, 0.5], "texture": "#0"},
				"down": {"uv": [8.875, 0.375, 9.5, 0.5], "texture": "#0"}
			}
		},
		{
			"name": "6_1",
			"from": [8.625, 15.375, 8],
			"to": [8.875, 15.5, 8.125],
			"faces": {
				"north": {"uv": [8.875, 0.5, 8.625, 0.625], "texture": "#0"},
				"south": {"uv": [8.625, 0.5, 8.875, 0.625], "texture": "#0"},
				"west": {"uv": [8.625, 0.5, 8.75, 0.625], "texture": "#0"},
				"up": {"uv": [8.625, 0.5, 8.875, 0.625], "texture": "#0"}
			}
		},
		{
			"name": "6_2",
			"from": [8.5, 15.25, 8],
			"to": [8.625, 15.375, 8.125],
			"faces": {
				"north": {"uv": [8.625, 0.625, 8.5, 0.75], "texture": "#0"},
				"south": {"uv": [8.5, 0.625, 8.625, 0.75], "texture": "#0"},
				"west": {"uv": [8.5, 0.625, 8.625, 0.75], "texture": "#0"},
				"up": {"uv": [8.5, 0.625, 8.625, 0.75], "texture": "#0"}
			}
		},
		{
			"name": "6_3",
			"from": [8.375, 15.125, 8],
			"to": [8.5, 15.25, 8.125],
			"faces": {
				"north": {"uv": [8.5, 0.75, 8.375, 0.875], "texture": "#0"},
				"south": {"uv": [8.375, 0.75, 8.5, 0.875], "texture": "#0"},
				"west": {"uv": [8.375, 0.75, 8.5, 0.875], "texture": "#0"},
				"up": {"uv": [8.375, 0.75, 8.5, 0.875], "texture": "#0"}
			}
		},
		{
			"name": "6_4",
			"from": [8.25, 15, 8],
			"to": [8.375, 15.125, 8.125],
			"faces": {
				"north": {"uv": [8.375, 0.875, 8.25, 1], "texture": "#0"},
				"south": {"uv": [8.25, 0.875, 8.375, 1], "texture": "#0"},
				"west": {"uv": [8.25, 0.875, 8.375, 1], "texture": "#0"},
				"up": {"uv": [8.25, 0.875, 8.375, 1], "texture": "#0"}
			}
		},
		{
			"name": "6_5",
			"from": [8.125, 14.75, 8],
			"to": [8.25, 15, 8.125],
			"faces": {
				"north": {"uv": [8.25, 1, 8.125, 1.25], "texture": "#0"},
				"south": {"uv": [8.125, 1, 8.25, 1.25], "texture": "#0"},
				"west": {"uv": [8.125, 1, 8.25, 1.25], "texture": "#0"},
				"up": {"uv": [8.125, 1, 8.25, 1.125], "texture": "#0"}
			}
		},
		{
			"name": "6_6",
			"from": [8, 14.5, 8],
			"to": [8.125, 14.75, 8.125],
			"faces": {
				"north": {"uv": [8.125, 1.25, 8, 1.5], "texture": "#0"},
				"south": {"uv": [8, 1.25, 8.125, 1.5], "texture": "#0"},
				"west": {"uv": [8, 1.25, 8.125, 1.5], "texture": "#0"},
				"up": {"uv": [8, 1.25, 8.125, 1.375], "texture": "#0"}
			}
		},
		{
			"name": "6_7",
			"from": [7.875, 14.25, 8],
			"to": [8, 14.5, 8.125],
			"faces": {
				"north": {"uv": [8, 1.5, 7.875, 1.75], "texture": "#0"},
				"south": {"uv": [7.875, 1.5, 8, 1.75], "texture": "#0"},
				"west": {"uv": [7.875, 1.5, 8, 1.75], "texture": "#0"},
				"up": {"uv": [7.875, 1.5, 8, 1.625], "texture": "#0"}
			}
		},
		{
			"name": "6_8",
			"from": [7.75, 14, 8],
			"to": [7.875, 14.25, 8.125],
			"faces": {
				"north": {"uv": [7.875, 1.75, 7.75, 2], "texture": "#0"},
				"south": {"uv": [7.75, 1.75, 7.875, 2], "texture": "#0"},
				"west": {"uv": [7.75, 1.75, 7.875, 2], "texture": "#0"},
				"up": {"uv": [7.75, 1.75, 7.875, 1.875], "texture": "#0"}
			}
		},
		{
			"name": "6_9",
			"from": [7.625, 13.625, 8],
			"to": [7.75, 14, 8.125],
			"faces": {
				"north": {"uv": [7.75, 2, 7.625, 2.375], "texture": "#0"},
				"south": {"uv": [7.625, 2, 7.75, 2.375], "texture": "#0"},
				"west": {"uv": [7.625, 2, 7.75, 2.375], "texture": "#0"},
				"up": {"uv": [7.625, 2, 7.75, 2.125], "texture": "#0"}
			}
		},
		{
			"name": "6_10",
			"from": [7.5, 12.625, 8],
			"to": [7.625, 13.625, 8.125],
			"faces": {
				"north": {"uv": [7.625, 2.375, 7.5, 3.375], "texture": "#0"},
				"south": {"uv": [7.5, 2.375, 7.625, 3.375], "texture": "#0"},
				"west": {"uv": [7.5, 2.375, 7.625, 3.375], "texture": "#0"},
				"up": {"uv": [7.5, 2.375, 7.625, 2.5], "texture": "#0"}
			}
		},
		{
			"name": "6_11",
			"from": [7.375, 11.5, 8],
			"to": [7.5, 12.625, 8.125],
			"faces": {
				"north": {"uv": [7.5, 3.375, 7.375, 4.5], "texture": "#0"},
				"south": {"uv": [7.375, 3.375, 7.5, 4.5], "texture": "#0"},
				"west": {"uv": [7.375, 3.375, 7.5, 4.5], "texture": "#0"},
				"up": {"uv": [7.375, 3.375, 7.5, 3.5], "texture": "#0"}
			}
		},
		{
			"name": "6_12",
			"from": [7.25, 11.125, 8],
			"to": [7.375, 11.5, 8.125],
			"faces": {
				"north": {"uv": [7.375, 4.5, 7.25, 4.875], "texture": "#0"},
				"south": {"uv": [7.25, 4.5, 7.375, 4.875], "texture": "#0"},
				"west": {"uv": [7.25, 4.5, 7.375, 4.875], "texture": "#0"},
				"up": {"uv": [7.25, 4.5, 7.375, 4.625], "texture": "#0"}
			}
		},
		{
			"name": "6_13",
			"from": [7.125, 10.875, 8],
			"to": [7.25, 11.125, 8.125],
			"faces": {
				"north": {"uv": [7.25, 4.875, 7.125, 5.125], "texture": "#0"},
				"south": {"uv": [7.125, 4.875, 7.25, 5.125], "texture": "#0"},
				"west": {"uv": [7.125, 4.875, 7.25, 5.125], "texture": "#0"},
				"up": {"uv": [7.125, 4.875, 7.25, 5], "texture": "#0"}
			}
		},
		{
			"name": "6_14",
			"from": [7, 10.75, 8],
			"to": [7.125, 10.875, 8.125],
			"faces": {
				"north": {"uv": [7.125, 5.125, 7, 5.25], "texture": "#0"},
				"south": {"uv": [7, 5.125, 7.125, 5.25], "texture": "#0"},
				"west": {"uv": [7, 5.125, 7.125, 5.25], "texture": "#0"},
				"up": {"uv": [7, 5.125, 7.125, 5.25], "texture": "#0"}
			}
		},
		{
			"name": "6_15",
			"from": [6.875, 10.625, 8],
			"to": [7, 10.75, 8.125],
			"faces": {
				"north": {"uv": [7, 5.25, 6.875, 5.375], "texture": "#0"},
				"south": {"uv": [6.875, 5.25, 7, 5.375], "texture": "#0"},
				"west": {"uv": [6.875, 5.25, 7, 5.375], "texture": "#0"},
				"up": {"uv": [6.875, 5.25, 7, 5.375], "texture": "#0"},
				"down": {"uv": [6.875, 5.25, 7, 5.375], "texture": "#0"}
			}
		},
		{
			"name": "6_16",
			"from": [7, 10.5, 8],
			"to": [7.125, 10.625, 8.125],
			"faces": {
				"north": {"uv": [7.125, 5.375, 7, 5.5], "texture": "#0"},
				"south": {"uv": [7, 5.375, 7.125, 5.5], "texture": "#0"},
				"west": {"uv": [7, 5.375, 7.125, 5.5], "texture": "#0"},
				"down": {"uv": [7, 5.375, 7.125, 5.5], "texture": "#0"}
			}
		},
		{
			"name": "6_17",
			"from": [7.125, 10.375, 8],
			"to": [7.25, 10.5, 8.125],
			"faces": {
				"north": {"uv": [7.25, 5.5, 7.125, 5.625], "texture": "#0"},
				"south": {"uv": [7.125, 5.5, 7.25, 5.625], "texture": "#0"},
				"west": {"uv": [7.125, 5.5, 7.25, 5.625], "texture": "#0"},
				"down": {"uv": [7.125, 5.5, 7.25, 5.625], "texture": "#0"}
			}
		},
		{
			"name": "6_18",
			"from": [7.25, 10, 8],
			"to": [7.375, 10.375, 8.125],
			"faces": {
				"north": {"uv": [7.375, 5.625, 7.25, 6], "texture": "#0"},
				"south": {"uv": [7.25, 5.625, 7.375, 6], "texture": "#0"},
				"west": {"uv": [7.25, 5.625, 7.375, 6], "texture": "#0"},
				"down": {"uv": [7.25, 5.875, 7.375, 6], "texture": "#0"}
			}
		},
		{
			"name": "6_19",
			"from": [7.375, 8.625, 8],
			"to": [7.5, 10, 8.125],
			"faces": {
				"north": {"uv": [7.5, 6, 7.375, 7.375], "texture": "#0"},
				"south": {"uv": [7.375, 6, 7.5, 7.375], "texture": "#0"},
				"west": {"uv": [7.375, 6, 7.5, 7.375], "texture": "#0"}
			}
		},
		{
			"name": "6_20",
			"from": [7.25, 8.375, 8],
			"to": [7.375, 8.625, 8.125],
			"faces": {
				"north": {"uv": [7.375, 7.375, 7.25, 7.625], "texture": "#0"},
				"south": {"uv": [7.25, 7.375, 7.375, 7.625], "texture": "#0"},
				"west": {"uv": [7.25, 7.375, 7.375, 7.625], "texture": "#0"},
				"up": {"uv": [7.25, 7.375, 7.375, 7.5], "texture": "#0"}
			}
		},
		{
			"name": "6_21",
			"from": [7.125, 8.125, 8],
			"to": [7.25, 8.375, 8.125],
			"faces": {
				"north": {"uv": [7.25, 7.625, 7.125, 7.875], "texture": "#0"},
				"south": {"uv": [7.125, 7.625, 7.25, 7.875], "texture": "#0"},
				"west": {"uv": [7.125, 7.625, 7.25, 7.875], "texture": "#0"},
				"up": {"uv": [7.125, 7.625, 7.25, 7.75], "texture": "#0"}
			}
		},
		{
			"name": "6_22",
			"from": [7, 8, 8],
			"to": [7.125, 8.125, 8.125],
			"faces": {
				"north": {"uv": [7.125, 7.875, 7, 8], "texture": "#0"},
				"south": {"uv": [7, 7.875, 7.125, 8], "texture": "#0"},
				"west": {"uv": [7, 7.875, 7.125, 8], "texture": "#0"},
				"up": {"uv": [7, 7.875, 7.125, 8], "texture": "#0"}
			}
		},
		{
			"name": "6_23",
			"from": [6.875, 7.875, 8],
			"to": [7, 8, 8.125],
			"faces": {
				"north": {"uv": [7, 8, 6.875, 8.125], "texture": "#0"},
				"south": {"uv": [6.875, 8, 7, 8.125], "texture": "#0"},
				"west": {"uv": [6.875, 8, 7, 8.125], "texture": "#0"},
				"up": {"uv": [6.875, 8, 7, 8.125], "texture": "#0"}
			}
		},
		{
			"name": "6_24",
			"from": [6.625, 7.75, 8],
			"to": [6.875, 7.875, 8.125],
			"faces": {
				"north": {"uv": [6.875, 8.125, 6.625, 8.25], "texture": "#0"},
				"south": {"uv": [6.625, 8.125, 6.875, 8.25], "texture": "#0"},
				"west": {"uv": [6.625, 8.125, 6.75, 8.25], "texture": "#0"},
				"up": {"uv": [6.625, 8.125, 6.875, 8.25], "texture": "#0"}
			}
		},
		{
			"name": "6_25",
			"from": [6.375, 7.625, 8],
			"to": [6.625, 7.75, 8.125],
			"faces": {
				"north": {"uv": [6.625, 8.25, 6.375, 8.375], "texture": "#0"},
				"south": {"uv": [6.375, 8.25, 6.625, 8.375], "texture": "#0"},
				"west": {"uv": [6.375, 8.25, 6.5, 8.375], "texture": "#0"},
				"up": {"uv": [6.375, 8.25, 6.625, 8.375], "texture": "#0"}
			}
		},
		{
			"name": "6_26",
			"from": [6.25, 7.375, 8],
			"to": [6.375, 7.625, 8.125],
			"faces": {
				"north": {"uv": [6.375, 8.375, 6.25, 8.625], "texture": "#0"},
				"south": {"uv": [6.25, 8.375, 6.375, 8.625], "texture": "#0"},
				"west": {"uv": [6.25, 8.375, 6.375, 8.625], "texture": "#0"},
				"up": {"uv": [6.25, 8.375, 6.375, 8.5], "texture": "#0"}
			}
		},
		{
			"name": "6_27",
			"from": [6.125, 6.875, 8],
			"to": [6.25, 7.375, 8.125],
			"faces": {
				"north": {"uv": [6.25, 8.625, 6.125, 9.125], "texture": "#0"},
				"south": {"uv": [6.125, 8.625, 6.25, 9.125], "texture": "#0"},
				"west": {"uv": [6.125, 8.625, 6.25, 9.125], "texture": "#0"},
				"up": {"uv": [6.125, 8.625, 6.25, 8.75], "texture": "#0"},
				"down": {"uv": [6.125, 9, 6.25, 9.125], "texture": "#0"}
			}
		},
		{
			"name": "6_28",
			"from": [6.25, 6.625, 8],
			"to": [6.375, 6.875, 8.125],
			"faces": {
				"north": {"uv": [6.375, 9.125, 6.25, 9.375], "texture": "#0"},
				"south": {"uv": [6.25, 9.125, 6.375, 9.375], "texture": "#0"},
				"west": {"uv": [6.25, 9.125, 6.375, 9.375], "texture": "#0"},
				"down": {"uv": [6.25, 9.25, 6.375, 9.375], "texture": "#0"}
			}
		},
		{
			"name": "6_29",
			"from": [6.375, 6.375, 8],
			"to": [6.5, 6.625, 8.125],
			"faces": {
				"north": {"uv": [6.5, 9.375, 6.375, 9.625], "texture": "#0"},
				"south": {"uv": [6.375, 9.375, 6.5, 9.625], "texture": "#0"},
				"west": {"uv": [6.375, 9.375, 6.5, 9.625], "texture": "#0"},
				"down": {"uv": [6.375, 9.5, 6.5, 9.625], "texture": "#0"}
			}
		},
		{
			"name": "6_30",
			"from": [6.5, 6.125, 8],
			"to": [6.625, 6.375, 8.125],
			"faces": {
				"north": {"uv": [6.625, 9.625, 6.5, 9.875], "texture": "#0"},
				"south": {"uv": [6.5, 9.625, 6.625, 9.875], "texture": "#0"},
				"west": {"uv": [6.5, 9.625, 6.625, 9.875], "texture": "#0"},
				"down": {"uv": [6.5, 9.75, 6.625, 9.875], "texture": "#0"}
			}
		},
		{
			"name": "6_31",
			"from": [6.625, 5.625, 8],
			"to": [6.75, 6.125, 8.125],
			"faces": {
				"north": {"uv": [6.75, 9.875, 6.625, 10.375], "texture": "#0"},
				"south": {"uv": [6.625, 9.875, 6.75, 10.375], "texture": "#0"},
				"west": {"uv": [6.625, 9.875, 6.75, 10.375], "texture": "#0"}
			}
		},
		{
			"name": "6_32",
			"from": [6.5, 5.375, 8],
			"to": [6.625, 5.625, 8.125],
			"faces": {
				"north": {"uv": [6.625, 10.375, 6.5, 10.625], "texture": "#0"},
				"south": {"uv": [6.5, 10.375, 6.625, 10.625], "texture": "#0"},
				"west": {"uv": [6.5, 10.375, 6.625, 10.625], "texture": "#0"},
				"up": {"uv": [6.5, 10.375, 6.625, 10.5], "texture": "#0"}
			}
		},
		{
			"name": "6_33",
			"from": [6.375, 5.25, 8],
			"to": [6.5, 5.375, 8.125],
			"faces": {
				"north": {"uv": [6.5, 10.625, 6.375, 10.75], "texture": "#0"},
				"south": {"uv": [6.375, 10.625, 6.5, 10.75], "texture": "#0"},
				"west": {"uv": [6.375, 10.625, 6.5, 10.75], "texture": "#0"},
				"up": {"uv": [6.375, 10.625, 6.5, 10.75], "texture": "#0"}
			}
		},
		{
			"name": "6_34",
			"from": [6.25, 5.125, 8],
			"to": [6.375, 5.25, 8.125],
			"faces": {
				"north": {"uv": [6.375, 10.75, 6.25, 10.875], "texture": "#0"},
				"south": {"uv": [6.25, 10.75, 6.375, 10.875], "texture": "#0"},
				"west": {"uv": [6.25, 10.75, 6.375, 10.875], "texture": "#0"},
				"up": {"uv": [6.25, 10.75, 6.375, 10.875], "texture": "#0"},
				"down": {"uv": [6.25, 10.75, 6.375, 10.875], "texture": "#0"}
			}
		},
		{
			"name": "7_0",
			"from": [8.875, 15.25, 7.9375],
			"to": [9.125, 15.5, 8.1875],
			"faces": {
				"north": {"uv": [9.125, 0.5, 8.875, 0.75], "texture": "#0"},
				"east": {"uv": [9, 0.5, 9.125, 0.75], "texture": "#0"},
				"south": {"uv": [8.875, 0.5, 9.125, 0.75], "texture": "#0"},
				"west": {"uv": [8.875, 0.5, 9, 0.75], "texture": "#0"},
				"up": {"uv": [8.875, 0.5, 9.125, 0.625], "texture": "#0"},
				"down": {"uv": [8.875, 0.625, 9.125, 0.75], "texture": "#0"}
			}
		},
		{
			"name": "7_1",
			"from": [9.125, 15.375, 7.9375],
			"to": [9.25, 15.5, 8.1875],
			"faces": {
				"north": {"uv": [9.25, 0.5, 9.125, 0.625], "texture": "#0"},
				"east": {"uv": [9.125, 0.5, 9.25, 0.625], "texture": "#0"},
				"south": {"uv": [9.125, 0.5, 9.25, 0.625], "texture": "#0"},
				"up": {"uv": [9.125, 0.5, 9.25, 0.625], "texture": "#0"},
				"down": {"uv": [9.125, 0.5, 9.25, 0.625], "texture": "#0"}
			}
		},
		{
			"name": "7_2",
			"from": [8.625, 15, 7.9375],
			"to": [8.875, 15.375, 8.1875],
			"faces": {
				"north": {"uv": [8.875, 0.625, 8.625, 1], "texture": "#0"},
				"east": {"uv": [8.75, 0.625, 8.875, 1], "texture": "#0"},
				"south": {"uv": [8.625, 0.625, 8.875, 1], "texture": "#0"},
				"west": {"uv": [8.625, 0.625, 8.75, 1], "texture": "#0"},
				"up": {"uv": [8.625, 0.625, 8.875, 0.75], "texture": "#0"}
			}
		},
		{
			"name": "7_3",
			"from": [8.5, 14.75, 7.9375],
			"to": [8.625, 15.25, 8.1875],
			"faces": {
				"north": {"uv": [8.625, 0.75, 8.5, 1.25], "texture": "#0"},
				"south": {"uv": [8.5, 0.75, 8.625, 1.25], "texture": "#0"},
				"west": {"uv": [8.5, 0.75, 8.625, 1.25], "texture": "#0"},
				"up": {"uv": [8.5, 0.75, 8.625, 0.875], "texture": "#0"}
			}
		},
		{
			"name": "7_4",
			"from": [8.875, 15.125, 7.9375],
			"to": [9, 15.25, 8.1875],
			"faces": {
				"north": {"uv": [9, 0.75, 8.875, 0.875], "texture": "#0"},
				"east": {"uv": [8.875, 0.75, 9, 0.875], "texture": "#0"},
				"south": {"uv": [8.875, 0.75, 9, 0.875], "texture": "#0"},
				"down": {"uv": [8.875, 0.75, 9, 0.875], "texture": "#0"}
			}
		},
		{
			"name": "7_5",
			"from": [8.375, 14.5, 7.9375],
			"to": [8.5, 15.125, 8.1875],
			"faces": {
				"north": {"uv": [8.5, 0.875, 8.375, 1.5], "texture": "#0"},
				"south": {"uv": [8.375, 0.875, 8.5, 1.5], "texture": "#0"},
				"west": {"uv": [8.375, 0.875, 8.5, 1.5], "texture": "#0"},
				"up": {"uv": [8.375, 0.875, 8.5, 1], "texture": "#0"}
			}
		},
		{
			"name": "7_6",
			"from": [8.25, 14.25, 7.9375],
			"to": [8.375, 15, 8.1875],
			"faces": {
				"north": {"uv": [8.375, 1, 8.25, 1.75], "texture": "#0"},
				"south": {"uv": [8.25, 1, 8.375, 1.75], "texture": "#0"},
				"west": {"uv": [8.25, 1, 8.375, 1.75], "texture": "#0"},
				"up": {"uv": [8.25, 1, 8.375, 1.125], "texture": "#0"}
			}
		},
		{
			"name": "7_7",
			"from": [8.625, 14.875, 7.9375],
			"to": [8.75, 15, 8.1875],
			"faces": {
				"north": {"uv": [8.75, 1, 8.625, 1.125], "texture": "#0"},
				"south": {"uv": [8.625, 1, 8.75, 1.125], "texture": "#0"}
			}
		},
		{
			"name": "7_8",
			"from": [8.125, 13.875, 7.9375],
			"to": [8.25, 14.75, 8.1875],
			"faces": {
				"north": {"uv": [8.25, 1.25, 8.125, 2.125], "texture": "#0"},
				"south": {"uv": [8.125, 1.25, 8.25, 2.125], "texture": "#0"},
				"west": {"uv": [8.125, 1.25, 8.25, 2.125], "texture": "#0"},
				"up": {"uv": [8.125, 1.25, 8.25, 1.375], "texture": "#0"}
			}
		},
		{
			"name": "7_9",
			"from": [8, 13.375, 7.9375],
			"to": [8.125, 14.5, 8.1875],
			"faces": {
				"north": {"uv": [8.125, 1.5, 8, 2.625], "texture": "#0"},
				"south": {"uv": [8, 1.5, 8.125, 2.625], "texture": "#0"},
				"west": {"uv": [8, 1.5, 8.125, 2.625], "texture": "#0"},
				"up": {"uv": [8, 1.5, 8.125, 1.625], "texture": "#0"}
			}
		},
		{
			"name": "7_10",
			"from": [7.875, 12.375, 7.9375],
			"to": [8, 14.25, 8.1875],
			"faces": {
				"north": {"uv": [8, 1.75, 7.875, 3.625], "texture": "#0"},
				"south": {"uv": [7.875, 1.75, 8, 3.625], "texture": "#0"},
				"west": {"uv": [7.875, 1.75, 8, 3.625], "texture": "#0"},
				"up": {"uv": [7.875, 1.75, 8, 1.875], "texture": "#0"}
			}
		},
		{
			"name": "7_11",
			"from": [7.75, 11.5, 7.9375],
			"to": [7.875, 14, 8.1875],
			"faces": {
				"north": {"uv": [7.875, 2, 7.75, 4.5], "texture": "#0"},
				"south": {"uv": [7.75, 2, 7.875, 4.5], "texture": "#0"},
				"west": {"uv": [7.75, 2, 7.875, 4.5], "texture": "#0"},
				"up": {"uv": [7.75, 2, 7.875, 2.125], "texture": "#0"}
			}
		},
		{
			"name": "7_12",
			"from": [7.625, 11, 7.9375],
			"to": [7.75, 13.625, 8.1875],
			"faces": {
				"north": {"uv": [7.75, 2.375, 7.625, 5], "texture": "#0"},
				"south": {"uv": [7.625, 2.375, 7.75, 5], "texture": "#0"},
				"west": {"uv": [7.625, 2.375, 7.75, 5], "texture": "#0"},
				"up": {"uv": [7.625, 2.375, 7.75, 2.5], "texture": "#0"}
			}
		},
		{
			"name": "7_13",
			"from": [7.5, 10.75, 7.9375],
			"to": [7.625, 12.625, 8.1875],
			"faces": {
				"north": {"uv": [7.625, 3.375, 7.5, 5.25], "texture": "#0"},
				"south": {"uv": [7.5, 3.375, 7.625, 5.25], "texture": "#0"},
				"west": {"uv": [7.5, 3.375, 7.625, 5.25], "texture": "#0"},
				"up": {"uv": [7.5, 3.375, 7.625, 3.5], "texture": "#0"}
			}
		},
		{
			"name": "7_14",
			"from": [7.375, 10, 7.9375],
			"to": [7.5, 11.5, 8.1875],
			"faces": {
				"north": {"uv": [7.5, 4.5, 7.375, 6], "texture": "#0"},
				"south": {"uv": [7.375, 4.5, 7.5, 6], "texture": "#0"},
				"west": {"uv": [7.375, 4.5, 7.5, 6], "texture": "#0"},
				"up": {"uv": [7.375, 4.5, 7.5, 4.625], "texture": "#0"},
				"down": {"uv": [7.375, 5.875, 7.5, 6], "texture": "#0"}
			}
		},
		{
			"name": "7_15",
			"from": [7.25, 10.375, 7.9375],
			"to": [7.375, 11.125, 8.1875],
			"faces": {
				"north": {"uv": [7.375, 4.875, 7.25, 5.625], "texture": "#0"},
				"south": {"uv": [7.25, 4.875, 7.375, 5.625], "texture": "#0"},
				"west": {"uv": [7.25, 4.875, 7.375, 5.625], "texture": "#0"},
				"up": {"uv": [7.25, 4.875, 7.375, 5], "texture": "#0"},
				"down": {"uv": [7.25, 5.5, 7.375, 5.625], "texture": "#0"}
			}
		},
		{
			"name": "7_16",
			"from": [7.125, 10.5, 7.9375],
			"to": [7.25, 10.875, 8.1875],
			"faces": {
				"north": {"uv": [7.25, 5.125, 7.125, 5.5], "texture": "#0"},
				"south": {"uv": [7.125, 5.125, 7.25, 5.5], "texture": "#0"},
				"west": {"uv": [7.125, 5.125, 7.25, 5.5], "texture": "#0"},
				"up": {"uv": [7.125, 5.125, 7.25, 5.25], "texture": "#0"},
				"down": {"uv": [7.125, 5.375, 7.25, 5.5], "texture": "#0"}
			}
		},
		{
			"name": "7_17",
			"from": [7, 10.625, 7.9375],
			"to": [7.125, 10.75, 8.1875],
			"faces": {
				"north": {"uv": [7.125, 5.25, 7, 5.375], "texture": "#0"},
				"south": {"uv": [7, 5.25, 7.125, 5.375], "texture": "#0"},
				"west": {"uv": [7, 5.25, 7.125, 5.375], "texture": "#0"},
				"up": {"uv": [7, 5.25, 7.125, 5.375], "texture": "#0"},
				"down": {"uv": [7, 5.25, 7.125, 5.375], "texture": "#0"}
			}
		},
		{
			"name": "7_18",
			"from": [7.5, 8, 7.9375],
			"to": [7.625, 10.625, 8.1875],
			"faces": {
				"north": {"uv": [7.625, 5.375, 7.5, 8], "texture": "#0"},
				"south": {"uv": [7.5, 5.375, 7.625, 8], "texture": "#0"},
				"west": {"uv": [7.5, 5.375, 7.625, 8], "texture": "#0"}
			}
		},
		{
			"name": "7_19",
			"from": [7.625, 8, 7.9375],
			"to": [7.75, 10.375, 8.1875],
			"faces": {
				"north": {"uv": [7.75, 5.625, 7.625, 8], "texture": "#0"},
				"south": {"uv": [7.625, 5.625, 7.75, 8], "texture": "#0"}
			}
		},
		{
			"name": "7_20",
			"from": [7.75, 8.25, 7.9375],
			"to": [7.875, 10.125, 8.1875],
			"faces": {
				"north": {"uv": [7.875, 5.875, 7.75, 7.75], "texture": "#0"},
				"south": {"uv": [7.75, 5.875, 7.875, 7.75], "texture": "#0"}
			}
		},
		{
			"name": "7_21",
			"from": [7.375, 7.875, 7.9375],
			"to": [7.5, 8.625, 8.1875],
			"faces": {
				"north": {"uv": [7.5, 7.375, 7.375, 8.125], "texture": "#0"},
				"south": {"uv": [7.375, 7.375, 7.5, 8.125], "texture": "#0"},
				"west": {"uv": [7.375, 7.375, 7.5, 8.125], "texture": "#0"},
				"up": {"uv": [7.375, 7.375, 7.5, 7.5], "texture": "#0"}
			}
		},
		{
			"name": "7_22",
			"from": [7.25, 7.75, 7.9375],
			"to": [7.375, 8.375, 8.1875],
			"faces": {
				"north": {"uv": [7.375, 7.625, 7.25, 8.25], "texture": "#0"},
				"south": {"uv": [7.25, 7.625, 7.375, 8.25], "texture": "#0"},
				"west": {"uv": [7.25, 7.625, 7.375, 8.25], "texture": "#0"},
				"up": {"uv": [7.25, 7.625, 7.375, 7.75], "texture": "#0"}
			}
		},
		{
			"name": "7_23",
			"from": [7.125, 7.625, 7.9375],
			"to": [7.25, 8.125, 8.1875],
			"faces": {
				"north": {"uv": [7.25, 7.875, 7.125, 8.375], "texture": "#0"},
				"south": {"uv": [7.125, 7.875, 7.25, 8.375], "texture": "#0"},
				"west": {"uv": [7.125, 7.875, 7.25, 8.375], "texture": "#0"},
				"up": {"uv": [7.125, 7.875, 7.25, 8], "texture": "#0"}
			}
		},
		{
			"name": "7_24",
			"from": [7, 7.375, 7.9375],
			"to": [7.125, 8, 8.1875],
			"faces": {
				"north": {"uv": [7.125, 8, 7, 8.625], "texture": "#0"},
				"south": {"uv": [7, 8, 7.125, 8.625], "texture": "#0"},
				"west": {"uv": [7, 8, 7.125, 8.625], "texture": "#0"},
				"up": {"uv": [7, 8, 7.125, 8.125], "texture": "#0"}
			}
		},
		{
			"name": "7_25",
			"from": [6.875, 7.25, 7.9375],
			"to": [7, 7.875, 8.1875],
			"faces": {
				"north": {"uv": [7, 8.125, 6.875, 8.75], "texture": "#0"},
				"south": {"uv": [6.875, 8.125, 7, 8.75], "texture": "#0"},
				"west": {"uv": [6.875, 8.125, 7, 8.75], "texture": "#0"},
				"up": {"uv": [6.875, 8.125, 7, 8.25], "texture": "#0"},
				"down": {"uv": [6.875, 8.625, 7, 8.75], "texture": "#0"}
			}
		},
		{
			"name": "7_26",
			"from": [6.625, 7.125, 7.9375],
			"to": [6.875, 7.75, 8.1875],
			"faces": {
				"north": {"uv": [6.875, 8.25, 6.625, 8.875], "texture": "#0"},
				"east": {"uv": [6.75, 8.25, 6.875, 8.875], "texture": "#0"},
				"south": {"uv": [6.625, 8.25, 6.875, 8.875], "texture": "#0"},
				"west": {"uv": [6.625, 8.25, 6.75, 8.875], "texture": "#0"},
				"up": {"uv": [6.625, 8.25, 6.875, 8.375], "texture": "#0"},
				"down": {"uv": [6.625, 8.75, 6.875, 8.875], "texture": "#0"}
			}
		},
		{
			"name": "7_27",
			"from": [6.375, 6.625, 7.9375],
			"to": [6.625, 7.625, 8.1875],
			"faces": {
				"north": {"uv": [6.625, 8.375, 6.375, 9.375], "texture": "#0"},
				"south": {"uv": [6.375, 8.375, 6.625, 9.375], "texture": "#0"},
				"west": {"uv": [6.375, 8.375, 6.5, 9.375], "texture": "#0"},
				"up": {"uv": [6.375, 8.375, 6.625, 8.5], "texture": "#0"},
				"down": {"uv": [6.375, 9.25, 6.625, 9.375], "texture": "#0"}
			}
		},
		{
			"name": "7_28",
			"from": [6.25, 6.875, 7.9375],
			"to": [6.375, 7.375, 8.1875],
			"faces": {
				"north": {"uv": [6.375, 8.625, 6.25, 9.125], "texture": "#0"},
				"south": {"uv": [6.25, 8.625, 6.375, 9.125], "texture": "#0"},
				"west": {"uv": [6.25, 8.625, 6.375, 9.125], "texture": "#0"},
				"up": {"uv": [6.25, 8.625, 6.375, 8.75], "texture": "#0"},
				"down": {"uv": [6.25, 9, 6.375, 9.125], "texture": "#0"}
			}
		},
		{
			"name": "7_29",
			"from": [6.625, 6.125, 7.9375],
			"to": [6.75, 7.125, 8.1875],
			"faces": {
				"north": {"uv": [6.75, 8.875, 6.625, 9.875], "texture": "#0"},
				"east": {"uv": [6.625, 8.875, 6.75, 9.875], "texture": "#0"},
				"south": {"uv": [6.625, 8.875, 6.75, 9.875], "texture": "#0"},
				"west": {"uv": [6.625, 8.875, 6.75, 9.875], "texture": "#0"},
				"down": {"uv": [6.625, 9.75, 6.75, 9.875], "texture": "#0"}
			}
		},
		{
			"name": "7_30",
			"from": [6.5, 6.375, 7.9375],
			"to": [6.625, 6.625, 8.1875],
			"faces": {
				"north": {"uv": [6.625, 9.375, 6.5, 9.625], "texture": "#0"},
				"south": {"uv": [6.5, 9.375, 6.625, 9.625], "texture": "#0"},
				"west": {"uv": [6.5, 9.375, 6.625, 9.625], "texture": "#0"},
				"down": {"uv": [6.5, 9.5, 6.625, 9.625], "texture": "#0"}
			}
		},
		{
			"name": "7_31",
			"from": [6.75, 5.375, 7.9375],
			"to": [6.875, 6.625, 8.1875],
			"faces": {
				"north": {"uv": [6.875, 9.375, 6.75, 10.625], "texture": "#0"},
				"east": {"uv": [6.75, 9.375, 6.875, 10.625], "texture": "#0"},
				"south": {"uv": [6.75, 9.375, 6.875, 10.625], "texture": "#0"},
				"west": {"uv": [6.75, 9.375, 6.875, 10.625], "texture": "#0"},
				"up": {"uv": [6.75, 9.375, 6.875, 9.5], "texture": "#0"},
				"down": {"uv": [6.75, 10.5, 6.875, 10.625], "texture": "#0"}
			}
		},
		{
			"name": "7_32",
			"from": [6.875, 5.5, 7.9375],
			"to": [7, 6.25, 8.1875],
			"faces": {
				"north": {"uv": [7, 9.75, 6.875, 10.5], "texture": "#0"},
				"east": {"uv": [6.875, 9.75, 7, 10.5], "texture": "#0"},
				"south": {"uv": [6.875, 9.75, 7, 10.5], "texture": "#0"},
				"up": {"uv": [6.875, 9.75, 7, 9.875], "texture": "#0"},
				"down": {"uv": [6.875, 10.375, 7, 10.5], "texture": "#0"}
			}
		},
		{
			"name": "7_33",
			"from": [6.625, 5.25, 7.9375],
			"to": [6.75, 5.625, 8.1875],
			"faces": {
				"north": {"uv": [6.75, 10.375, 6.625, 10.75], "texture": "#0"},
				"east": {"uv": [6.625, 10.375, 6.75, 10.75], "texture": "#0"},
				"south": {"uv": [6.625, 10.375, 6.75, 10.75], "texture": "#0"},
				"west": {"uv": [6.625, 10.375, 6.75, 10.75], "texture": "#0"},
				"up": {"uv": [6.625, 10.375, 6.75, 10.5], "texture": "#0"},
				"down": {"uv": [6.625, 10.625, 6.75, 10.75], "texture": "#0"}
			}
		},
		{
			"name": "7_34",
			"from": [6.5, 5.125, 7.9375],
			"to": [6.625, 5.375, 8.1875],
			"faces": {
				"north": {"uv": [6.625, 10.625, 6.5, 10.875], "texture": "#0"},
				"east": {"uv": [6.5, 10.625, 6.625, 10.875], "texture": "#0"},
				"south": {"uv": [6.5, 10.625, 6.625, 10.875], "texture": "#0"},
				"west": {"uv": [6.5, 10.625, 6.625, 10.875], "texture": "#0"},
				"up": {"uv": [6.5, 10.625, 6.625, 10.75], "texture": "#0"},
				"down": {"uv": [6.5, 10.75, 6.625, 10.875], "texture": "#0"}
			}
		},
		{
			"name": "7_35",
			"from": [6.375, 5.125, 7.9375],
			"to": [6.5, 5.25, 8.1875],
			"faces": {
				"north": {"uv": [6.5, 10.75, 6.375, 10.875], "texture": "#0"},
				"south": {"uv": [6.375, 10.75, 6.5, 10.875], "texture": "#0"},
				"west": {"uv": [6.375, 10.75, 6.5, 10.875], "texture": "#0"},
				"up": {"uv": [6.375, 10.75, 6.5, 10.875], "texture": "#0"},
				"down": {"uv": [6.375, 10.75, 6.5, 10.875], "texture": "#0"}
			}
		},
		{
			"name": "8_0",
			"from": [8.75, 14.875, 7.875],
			"to": [8.875, 15, 8.25],
			"faces": {
				"north": {"uv": [8.875, 1, 8.75, 1.125], "texture": "#0"},
				"east": {"uv": [8.75, 1, 8.875, 1.125], "texture": "#0"},
				"south": {"uv": [8.75, 1, 8.875, 1.125], "texture": "#0"},
				"west": {"uv": [8.75, 1, 8.875, 1.125], "texture": "#0"},
				"up": {"uv": [8.75, 1, 8.875, 1.125], "texture": "#0"},
				"down": {"uv": [8.75, 1, 8.875, 1.125], "texture": "#0"}
			}
		},
		{
			"name": "8_1",
			"from": [8.625, 14.75, 7.875],
			"to": [8.75, 14.875, 8.25],
			"faces": {
				"north": {"uv": [8.75, 1.125, 8.625, 1.25], "texture": "#0"},
				"east": {"uv": [8.625, 1.125, 8.75, 1.25], "texture": "#0"},
				"south": {"uv": [8.625, 1.125, 8.75, 1.25], "texture": "#0"},
				"west": {"uv": [8.625, 1.125, 8.75, 1.25], "texture": "#0"},
				"up": {"uv": [8.625, 1.125, 8.75, 1.25], "texture": "#0"},
				"down": {"uv": [8.625, 1.125, 8.75, 1.25], "texture": "#0"}
			}
		},
		{
			"name": "8_2",
			"from": [8.5, 14.5, 7.875],
			"to": [8.625, 14.75, 8.25],
			"faces": {
				"north": {"uv": [8.625, 1.25, 8.5, 1.5], "texture": "#0"},
				"east": {"uv": [8.5, 1.25, 8.625, 1.5], "texture": "#0"},
				"south": {"uv": [8.5, 1.25, 8.625, 1.5], "texture": "#0"},
				"west": {"uv": [8.5, 1.25, 8.625, 1.5], "texture": "#0"},
				"up": {"uv": [8.5, 1.25, 8.625, 1.375], "texture": "#0"},
				"down": {"uv": [8.5, 1.375, 8.625, 1.5], "texture": "#0"}
			}
		},
		{
			"name": "8_3",
			"from": [8.375, 14.25, 7.875],
			"to": [8.5, 14.5, 8.25],
			"faces": {
				"north": {"uv": [8.5, 1.5, 8.375, 1.75], "texture": "#0"},
				"east": {"uv": [8.375, 1.5, 8.5, 1.75], "texture": "#0"},
				"south": {"uv": [8.375, 1.5, 8.5, 1.75], "texture": "#0"},
				"west": {"uv": [8.375, 1.5, 8.5, 1.75], "texture": "#0"},
				"up": {"uv": [8.375, 1.5, 8.5, 1.625], "texture": "#0"},
				"down": {"uv": [8.375, 1.625, 8.5, 1.75], "texture": "#0"}
			}
		},
		{
			"name": "8_4",
			"from": [8.25, 13.875, 7.875],
			"to": [8.375, 14.25, 8.25],
			"faces": {
				"north": {"uv": [8.375, 1.75, 8.25, 2.125], "texture": "#0"},
				"east": {"uv": [8.25, 1.75, 8.375, 2.125], "texture": "#0"},
				"south": {"uv": [8.25, 1.75, 8.375, 2.125], "texture": "#0"},
				"west": {"uv": [8.25, 1.75, 8.375, 2.125], "texture": "#0"},
				"up": {"uv": [8.25, 1.75, 8.375, 1.875], "texture": "#0"},
				"down": {"uv": [8.25, 2, 8.375, 2.125], "texture": "#0"}
			}
		},
		{
			"name": "8_5",
			"from": [8.125, 13.375, 7.875],
			"to": [8.25, 13.875, 8.25],
			"faces": {
				"north": {"uv": [8.25, 2.125, 8.125, 2.625], "texture": "#0"},
				"east": {"uv": [8.125, 2.125, 8.25, 2.625], "texture": "#0"},
				"south": {"uv": [8.125, 2.125, 8.25, 2.625], "texture": "#0"},
				"west": {"uv": [8.125, 2.125, 8.25, 2.625], "texture": "#0"},
				"up": {"uv": [8.125, 2.125, 8.25, 2.25], "texture": "#0"},
				"down": {"uv": [8.125, 2.5, 8.25, 2.625], "texture": "#0"}
			}
		},
		{
			"name": "8_6",
			"from": [8, 12.375, 7.875],
			"to": [8.125, 13.375, 8.25],
			"faces": {
				"north": {"uv": [8.125, 2.625, 8, 3.625], "texture": "#0"},
				"east": {"uv": [8, 2.625, 8.125, 3.625], "texture": "#0"},
				"south": {"uv": [8, 2.625, 8.125, 3.625], "texture": "#0"},
				"west": {"uv": [8, 2.625, 8.125, 3.625], "texture": "#0"},
				"up": {"uv": [8, 2.625, 8.125, 2.75], "texture": "#0"},
				"down": {"uv": [8, 3.5, 8.125, 3.625], "texture": "#0"}
			}
		},
		{
			"name": "8_7",
			"from": [7.875, 11.5, 7.875],
			"to": [8, 12.375, 8.25],
			"faces": {
				"north": {"uv": [8, 3.625, 7.875, 4.5], "texture": "#0"},
				"east": {"uv": [7.875, 3.625, 8, 4.5], "texture": "#0"},
				"south": {"uv": [7.875, 3.625, 8, 4.5], "texture": "#0"},
				"west": {"uv": [7.875, 3.625, 8, 4.5], "texture": "#0"},
				"up": {"uv": [7.875, 3.625, 8, 3.75], "texture": "#0"},
				"down": {"uv": [7.875, 4.375, 8, 4.5], "texture": "#0"}
			}
		},
		{
			"name": "8_8",
			"from": [7.75, 11, 7.875],
			"to": [7.875, 11.5, 8.25],
			"faces": {
				"north": {"uv": [7.875, 4.5, 7.75, 5], "texture": "#0"},
				"east": {"uv": [7.75, 4.5, 7.875, 5], "texture": "#0"},
				"south": {"uv": [7.75, 4.5, 7.875, 5], "texture": "#0"},
				"west": {"uv": [7.75, 4.5, 7.875, 5], "texture": "#0"},
				"up": {"uv": [7.75, 4.5, 7.875, 4.625], "texture": "#0"},
				"down": {"uv": [7.75, 4.875, 7.875, 5], "texture": "#0"}
			}
		},
		{
			"name": "8_9",
			"from": [7.625, 10.75, 7.875],
			"to": [7.75, 11, 8.25],
			"faces": {
				"north": {"uv": [7.75, 5, 7.625, 5.25], "texture": "#0"},
				"east": {"uv": [7.625, 5, 7.75, 5.25], "texture": "#0"},
				"south": {"uv": [7.625, 5, 7.75, 5.25], "texture": "#0"},
				"west": {"uv": [7.625, 5, 7.75, 5.25], "texture": "#0"},
				"up": {"uv": [7.625, 5, 7.75, 5.125], "texture": "#0"},
				"down": {"uv": [7.625, 5.125, 7.75, 5.25], "texture": "#0"}
			}
		},
		{
			"name": "8_10",
			"from": [7.5, 10.625, 7.875],
			"to": [7.625, 10.75, 8.25],
			"faces": {
				"north": {"uv": [7.625, 5.25, 7.5, 5.375], "texture": "#0"},
				"east": {"uv": [7.5, 5.25, 7.625, 5.375], "texture": "#0"},
				"south": {"uv": [7.5, 5.25, 7.625, 5.375], "texture": "#0"},
				"west": {"uv": [7.5, 5.25, 7.625, 5.375], "texture": "#0"},
				"up": {"uv": [7.5, 5.25, 7.625, 5.375], "texture": "#0"},
				"down": {"uv": [7.5, 5.25, 7.625, 5.375], "texture": "#0"}
			}
		},
		{
			"name": "8_11",
			"from": [7.625, 10.375, 7.875],
			"to": [7.75, 10.625, 8.25],
			"faces": {
				"north": {"uv": [7.75, 5.375, 7.625, 5.625], "texture": "#0"},
				"east": {"uv": [7.625, 5.375, 7.75, 5.625], "texture": "#0"},
				"south": {"uv": [7.625, 5.375, 7.75, 5.625], "texture": "#0"},
				"west": {"uv": [7.625, 5.375, 7.75, 5.625], "texture": "#0"},
				"up": {"uv": [7.625, 5.375, 7.75, 5.5], "texture": "#0"},
				"down": {"uv": [7.625, 5.5, 7.75, 5.625], "texture": "#0"}
			}
		},
		{
			"name": "8_12",
			"from": [7.75, 10.125, 7.875],
			"to": [7.875, 10.375, 8.25],
			"faces": {
				"north": {"uv": [7.875, 5.625, 7.75, 5.875], "texture": "#0"},
				"east": {"uv": [7.75, 5.625, 7.875, 5.875], "texture": "#0"},
				"south": {"uv": [7.75, 5.625, 7.875, 5.875], "texture": "#0"},
				"west": {"uv": [7.75, 5.625, 7.875, 5.875], "texture": "#0"},
				"up": {"uv": [7.75, 5.625, 7.875, 5.75], "texture": "#0"},
				"down": {"uv": [7.75, 5.75, 7.875, 5.875], "texture": "#0"}
			}
		},
		{
			"name": "8_13",
			"from": [7.875, 8.25, 7.875],
			"to": [8, 10.125, 8.25],
			"faces": {
				"north": {"uv": [8, 5.875, 7.875, 7.75], "texture": "#0"},
				"east": {"uv": [7.875, 5.875, 8, 7.75], "texture": "#0"},
				"south": {"uv": [7.875, 5.875, 8, 7.75], "texture": "#0"},
				"west": {"uv": [7.875, 5.875, 8, 7.75], "texture": "#0"},
				"up": {"uv": [7.875, 5.875, 8, 6], "texture": "#0"},
				"down": {"uv": [7.875, 7.625, 8, 7.75], "texture": "#0"}
			}
		},
		{
			"name": "8_14",
			"from": [7.75, 8.125, 7.875],
			"to": [7.875, 8.25, 8.25],
			"faces": {
				"north": {"uv": [7.875, 7.75, 7.75, 7.875], "texture": "#0"},
				"east": {"uv": [7.75, 7.75, 7.875, 7.875], "texture": "#0"},
				"south": {"uv": [7.75, 7.75, 7.875, 7.875], "texture": "#0"},
				"west": {"uv": [7.75, 7.75, 7.875, 7.875], "texture": "#0"},
				"up": {"uv": [7.75, 7.75, 7.875, 7.875], "texture": "#0"}
			}
		},
		{
			"name": "9_0",
			"from": [8.625, 14.375, 7.9375],
			"to": [8.75, 14.75, 8.1875],
			"faces": {
				"north": {"uv": [8.75, 1.25, 8.625, 1.625], "texture": "#0"},
				"east": {"uv": [8.625, 1.25, 8.75, 1.625], "texture": "#0"},
				"south": {"uv": [8.625, 1.25, 8.75, 1.625], "texture": "#0"},
				"down": {"uv": [8.625, 1.5, 8.75, 1.625], "texture": "#0"}
			}
		},
		{
			"name": "9_1",
			"from": [8.5, 13.625, 7.9375],
			"to": [8.625, 14.5, 8.1875],
			"faces": {
				"north": {"uv": [8.625, 1.5, 8.5, 2.375], "texture": "#0"},
				"east": {"uv": [8.5, 1.5, 8.625, 2.375], "texture": "#0"},
				"south": {"uv": [8.5, 1.5, 8.625, 2.375], "texture": "#0"},
				"down": {"uv": [8.5, 2.25, 8.625, 2.375], "texture": "#0"}
			}
		},
		{
			"name": "9_2",
			"from": [8.375, 12, 7.9375],
			"to": [8.5, 14.25, 8.1875],
			"faces": {
				"north": {"uv": [8.5, 1.75, 8.375, 4], "texture": "#0"},
				"east": {"uv": [8.375, 1.75, 8.5, 4], "texture": "#0"},
				"south": {"uv": [8.375, 1.75, 8.5, 4], "texture": "#0"},
				"down": {"uv": [8.375, 3.875, 8.5, 4], "texture": "#0"}
			}
		},
		{
			"name": "9_3",
			"from": [8.25, 8.625, 7.9375],
			"to": [8.375, 13.875, 8.1875],
			"faces": {
				"north": {"uv": [8.375, 2.125, 8.25, 7.375], "texture": "#0"},
				"east": {"uv": [8.25, 2.125, 8.375, 7.375], "texture": "#0"},
				"south": {"uv": [8.25, 2.125, 8.375, 7.375], "texture": "#0"}
			}
		},
		{
			"name": "9_4",
			"from": [8.125, 8.125, 7.9375],
			"to": [8.25, 13.375, 8.1875],
			"faces": {
				"north": {"uv": [8.25, 2.625, 8.125, 7.875], "texture": "#0"},
				"south": {"uv": [8.125, 2.625, 8.25, 7.875], "texture": "#0"}
			}
		},
		{
			"name": "9_5",
			"from": [8.5, 12.25, 7.9375],
			"to": [8.625, 12.75, 8.1875],
			"faces": {
				"north": {"uv": [8.625, 3.25, 8.5, 3.75], "texture": "#0"},
				"east": {"uv": [8.5, 3.25, 8.625, 3.75], "texture": "#0"},
				"south": {"uv": [8.5, 3.25, 8.625, 3.75], "texture": "#0"},
				"up": {"uv": [8.5, 3.25, 8.625, 3.375], "texture": "#0"},
				"down": {"uv": [8.5, 3.625, 8.625, 3.75], "texture": "#0"}
			}
		},
		{
			"name": "9_6",
			"from": [8.625, 12.375, 7.9375],
			"to": [8.75, 12.5, 8.1875],
			"faces": {
				"north": {"uv": [8.75, 3.5, 8.625, 3.625], "texture": "#0"},
				"east": {"uv": [8.625, 3.5, 8.75, 3.625], "texture": "#0"},
				"south": {"uv": [8.625, 3.5, 8.75, 3.625], "texture": "#0"},
				"up": {"uv": [8.625, 3.5, 8.75, 3.625], "texture": "#0"},
				"down": {"uv": [8.625, 3.5, 8.75, 3.625], "texture": "#0"}
			}
		},
		{
			"name": "9_7",
			"from": [8, 8.125, 7.9375],
			"to": [8.125, 12.375, 8.1875],
			"faces": {
				"north": {"uv": [8.125, 3.625, 8, 7.875], "texture": "#0"},
				"south": {"uv": [8, 3.625, 8.125, 7.875], "texture": "#0"}
			}
		},
		{
			"name": "9_8",
			"from": [8.375, 11.125, 7.9375],
			"to": [8.5, 11.625, 8.1875],
			"faces": {
				"north": {"uv": [8.5, 4.375, 8.375, 4.875], "texture": "#0"},
				"east": {"uv": [8.375, 4.375, 8.5, 4.875], "texture": "#0"},
				"south": {"uv": [8.375, 4.375, 8.5, 4.875], "texture": "#0"},
				"up": {"uv": [8.375, 4.375, 8.5, 4.5], "texture": "#0"},
				"down": {"uv": [8.375, 4.75, 8.5, 4.875], "texture": "#0"}
			}
		},
		{
			"name": "9_9",
			"from": [7.875, 10.125, 7.9375],
			"to": [8, 11.5, 8.1875],
			"faces": {
				"north": {"uv": [8, 4.5, 7.875, 5.875], "texture": "#0"},
				"south": {"uv": [7.875, 4.5, 8, 5.875], "texture": "#0"}
			}
		},
		{
			"name": "9_10",
			"from": [8.5, 11.25, 7.9375],
			"to": [8.625, 11.375, 8.1875],
			"faces": {
				"north": {"uv": [8.625, 4.625, 8.5, 4.75], "texture": "#0"},
				"east": {"uv": [8.5, 4.625, 8.625, 4.75], "texture": "#0"},
				"south": {"uv": [8.5, 4.625, 8.625, 4.75], "texture": "#0"},
				"up": {"uv": [8.5, 4.625, 8.625, 4.75], "texture": "#0"},
				"down": {"uv": [8.5, 4.625, 8.625, 4.75], "texture": "#0"}
			}
		},
		{
			"name": "9_11",
			"from": [7.75, 10.375, 7.9375],
			"to": [7.875, 11, 8.1875],
			"faces": {
				"north": {"uv": [7.875, 5, 7.75, 5.625], "texture": "#0"},
				"south": {"uv": [7.75, 5, 7.875, 5.625], "texture": "#0"}
			}
		},
		{
			"name": "9_12",
			"from": [7.625, 10.625, 7.9375],
			"to": [7.75, 10.75, 8.1875],
			"faces": {
				"north": {"uv": [7.75, 5.25, 7.625, 5.375], "texture": "#0"},
				"south": {"uv": [7.625, 5.25, 7.75, 5.375], "texture": "#0"}
			}
		},
		{
			"name": "9_13",
			"from": [8.375, 10.25, 7.9375],
			"to": [8.5, 10.625, 8.1875],
			"faces": {
				"north": {"uv": [8.5, 5.375, 8.375, 5.75], "texture": "#0"},
				"east": {"uv": [8.375, 5.375, 8.5, 5.75], "texture": "#0"},
				"south": {"uv": [8.375, 5.375, 8.5, 5.75], "texture": "#0"},
				"up": {"uv": [8.375, 5.375, 8.5, 5.5], "texture": "#0"}
			}
		},
		{
			"name": "9_14",
			"from": [10.25, 8.5, 7.9375],
			"to": [10.375, 8.875, 8.1875],
			"faces": {
				"north": {"uv": [10.375, 7.125, 10.25, 7.5], "texture": "#0"},
				"east": {"uv": [10.25, 7.125, 10.375, 7.5], "texture": "#0"},
				"south": {"uv": [10.25, 7.125, 10.375, 7.5], "texture": "#0"},
				"west": {"uv": [10.25, 7.125, 10.375, 7.5], "texture": "#0"},
				"up": {"uv": [10.25, 7.125, 10.375, 7.25], "texture": "#0"},
				"down": {"uv": [10.25, 7.375, 10.375, 7.5], "texture": "#0"}
			}
		},
		{
			"name": "9_15",
			"from": [10.125, 8.25, 7.9375],
			"to": [10.25, 8.75, 8.1875],
			"faces": {
				"north": {"uv": [10.25, 7.25, 10.125, 7.75], "texture": "#0"},
				"east": {"uv": [10.125, 7.25, 10.25, 7.75], "texture": "#0"},
				"south": {"uv": [10.125, 7.25, 10.25, 7.75], "texture": "#0"},
				"west": {"uv": [10.125, 7.25, 10.25, 7.75], "texture": "#0"},
				"up": {"uv": [10.125, 7.25, 10.25, 7.375], "texture": "#0"},
				"down": {"uv": [10.125, 7.625, 10.25, 7.75], "texture": "#0"}
			}
		},
		{
			"name": "9_16",
			"from": [10, 8.125, 7.9375],
			"to": [10.125, 8.625, 8.1875],
			"faces": {
				"north": {"uv": [10.125, 7.375, 10, 7.875], "texture": "#0"},
				"east": {"uv": [10, 7.375, 10.125, 7.875], "texture": "#0"},
				"south": {"uv": [10, 7.375, 10.125, 7.875], "texture": "#0"},
				"west": {"uv": [10, 7.375, 10.125, 7.875], "texture": "#0"},
				"up": {"uv": [10, 7.375, 10.125, 7.5], "texture": "#0"},
				"down": {"uv": [10, 7.75, 10.125, 7.875], "texture": "#0"}
			}
		},
		{
			"name": "9_17",
			"from": [9.875, 8, 7.9375],
			"to": [10, 8.5, 8.1875],
			"faces": {
				"north": {"uv": [10, 7.5, 9.875, 8], "texture": "#0"},
				"east": {"uv": [9.875, 7.5, 10, 8], "texture": "#0"},
				"south": {"uv": [9.875, 7.5, 10, 8], "texture": "#0"},
				"west": {"uv": [9.875, 7.5, 10, 8], "texture": "#0"},
				"up": {"uv": [9.875, 7.5, 10, 7.625], "texture": "#0"},
				"down": {"uv": [9.875, 7.875, 10, 8], "texture": "#0"}
			}
		},
		{
			"name": "9_18",
			"from": [9.5, 7.875, 7.9375],
			"to": [9.875, 8.375, 8.1875],
			"faces": {
				"north": {"uv": [9.875, 7.625, 9.5, 8.125], "texture": "#0"},
				"east": {"uv": [9.75, 7.625, 9.875, 8.125], "texture": "#0"},
				"south": {"uv": [9.5, 7.625, 9.875, 8.125], "texture": "#0"},
				"west": {"uv": [9.5, 7.625, 9.625, 8.125], "texture": "#0"},
				"up": {"uv": [9.5, 7.625, 9.875, 7.75], "texture": "#0"},
				"down": {"uv": [9.5, 8, 9.875, 8.125], "texture": "#0"}
			}
		},
		{
			"name": "9_19",
			"from": [7.875, 8.125, 7.9375],
			"to": [8, 8.25, 8.1875],
			"faces": {
				"north": {"uv": [8, 7.75, 7.875, 7.875], "texture": "#0"},
				"south": {"uv": [7.875, 7.75, 8, 7.875], "texture": "#0"}
			}
		},
		{
			"name": "9_20",
			"from": [9.375, 7.875, 7.9375],
			"to": [9.5, 8.25, 8.1875],
			"faces": {
				"north": {"uv": [9.5, 7.75, 9.375, 8.125], "texture": "#0"},
				"south": {"uv": [9.375, 7.75, 9.5, 8.125], "texture": "#0"},
				"up": {"uv": [9.375, 7.75, 9.5, 7.875], "texture": "#0"}
			}
		},
		{
			"name": "9_21",
			"from": [9.625, 7.75, 7.9375],
			"to": [9.75, 7.875, 8.1875],
			"faces": {
				"north": {"uv": [9.75, 8.125, 9.625, 8.25], "texture": "#0"},
				"east": {"uv": [9.625, 8.125, 9.75, 8.25], "texture": "#0"},
				"south": {"uv": [9.625, 8.125, 9.75, 8.25], "texture": "#0"},
				"down": {"uv": [9.625, 8.125, 9.75, 8.25], "texture": "#0"}
			}
		},
		{
			"name": "9_22",
			"from": [9.625, 6.875, 7.9375],
			"to": [9.875, 7.5, 8.1875],
			"faces": {
				"north": {"uv": [9.875, 8.5, 9.625, 9.125], "texture": "#0"},
				"east": {"uv": [9.75, 8.5, 9.875, 9.125], "texture": "#0"},
				"south": {"uv": [9.625, 8.5, 9.875, 9.125], "texture": "#0"},
				"up": {"uv": [9.625, 8.5, 9.875, 8.625], "texture": "#0"},
				"down": {"uv": [9.625, 9, 9.875, 9.125], "texture": "#0"}
			}
		},
		{
			"name": "9_23",
			"from": [10.625, 7.25, 7.9375],
			"to": [10.875, 7.5, 8.1875],
			"faces": {
				"north": {"uv": [10.875, 8.5, 10.625, 8.75], "texture": "#0"},
				"east": {"uv": [10.75, 8.5, 10.875, 8.75], "texture": "#0"},
				"south": {"uv": [10.625, 8.5, 10.875, 8.75], "texture": "#0"},
				"west": {"uv": [10.625, 8.5, 10.75, 8.75], "texture": "#0"},
				"up": {"uv": [10.625, 8.5, 10.875, 8.625], "texture": "#0"},
				"down": {"uv": [10.625, 8.625, 10.875, 8.75], "texture": "#0"}
			}
		},
		{
			"name": "9_24",
			"from": [10.875, 7.375, 7.9375],
			"to": [11, 7.5, 8.1875],
			"faces": {
				"north": {"uv": [11, 8.5, 10.875, 8.625], "texture": "#0"},
				"east": {"uv": [10.875, 8.5, 11, 8.625], "texture": "#0"},
				"south": {"uv": [10.875, 8.5, 11, 8.625], "texture": "#0"},
				"up": {"uv": [10.875, 8.5, 11, 8.625], "texture": "#0"},
				"down": {"uv": [10.875, 8.5, 11, 8.625], "texture": "#0"}
			}
		},
		{
			"name": "9_25",
			"from": [9.5, 7, 7.9375],
			"to": [9.625, 7.375, 8.1875],
			"faces": {
				"north": {"uv": [9.625, 8.625, 9.5, 9], "texture": "#0"},
				"south": {"uv": [9.5, 8.625, 9.625, 9], "texture": "#0"}
			}
		},
		{
			"name": "9_26",
			"from": [9.875, 7, 7.9375],
			"to": [10.5, 7.375, 8.1875],
			"faces": {
				"north": {"uv": [10.5, 8.625, 9.875, 9], "texture": "#0"},
				"east": {"uv": [10.375, 8.625, 10.5, 9], "texture": "#0"},
				"south": {"uv": [9.875, 8.625, 10.5, 9], "texture": "#0"},
				"up": {"uv": [9.875, 8.625, 10.5, 8.75], "texture": "#0"},
				"down": {"uv": [9.875, 8.875, 10.5, 9], "texture": "#0"}
			}
		},
		{
			"name": "9_27",
			"from": [10.5, 7.125, 7.9375],
			"to": [10.625, 7.375, 8.1875],
			"faces": {
				"north": {"uv": [10.625, 8.625, 10.5, 8.875], "texture": "#0"},
				"south": {"uv": [10.5, 8.625, 10.625, 8.875], "texture": "#0"},
				"up": {"uv": [10.5, 8.625, 10.625, 8.75], "texture": "#0"},
				"down": {"uv": [10.5, 8.75, 10.625, 8.875], "texture": "#0"}
			}
		},
		{
			"name": "9_28",
			"from": [10.625, 7.125, 7.9375],
			"to": [10.75, 7.25, 8.1875],
			"faces": {
				"north": {"uv": [10.75, 8.75, 10.625, 8.875], "texture": "#0"},
				"east": {"uv": [10.625, 8.75, 10.75, 8.875], "texture": "#0"},
				"south": {"uv": [10.625, 8.75, 10.75, 8.875], "texture": "#0"},
				"down": {"uv": [10.625, 8.75, 10.75, 8.875], "texture": "#0"}
			}
		},
		{
			"name": "9_29",
			"from": [9.875, 6.875, 7.9375],
			"to": [10.125, 7, 8.1875],
			"faces": {
				"north": {"uv": [10.125, 9, 9.875, 9.125], "texture": "#0"},
				"east": {"uv": [10, 9, 10.125, 9.125], "texture": "#0"},
				"south": {"uv": [9.875, 9, 10.125, 9.125], "texture": "#0"},
				"down": {"uv": [9.875, 9, 10.125, 9.125], "texture": "#0"}
			}
		},
		{
			"name": "9_30",
			"from": [7, 6.125, 8],
			"to": [7.25, 6.625, 8.125],
			"faces": {
				"north": {"uv": [7.25, 9.375, 7, 9.875], "texture": "#0"},
				"south": {"uv": [7, 9.375, 7.25, 9.875], "texture": "#0"},
				"west": {"uv": [7, 9.375, 7.125, 9.875], "texture": "#0"},
				"up": {"uv": [7, 9.375, 7.25, 9.5], "texture": "#0"},
				"down": {"uv": [7, 9.75, 7.25, 9.875], "texture": "#0"}
			}
		},
		{
			"name": "9_31",
			"from": [6.875, 6.25, 8],
			"to": [7, 6.5, 8.125],
			"faces": {
				"north": {"uv": [7, 9.5, 6.875, 9.75], "texture": "#0"},
				"south": {"uv": [6.875, 9.5, 7, 9.75], "texture": "#0"},
				"up": {"uv": [6.875, 9.5, 7, 9.625], "texture": "#0"}
			}
		},
		{
			"name": "9_32",
			"from": [7.25, 6.125, 8],
			"to": [7.375, 6.5, 8.125],
			"faces": {
				"north": {"uv": [7.375, 9.5, 7.25, 9.875], "texture": "#0"},
				"south": {"uv": [7.25, 9.5, 7.375, 9.875], "texture": "#0"},
				"down": {"uv": [7.25, 9.75, 7.375, 9.875], "texture": "#0"}
			}
		},
		{
			"name": "9_33",
			"from": [9.375, 6.125, 7.9375],
			"to": [9.625, 6.5, 8.1875],
			"faces": {
				"north": {"uv": [9.625, 9.5, 9.375, 9.875], "texture": "#0"},
				"east": {"uv": [9.5, 9.5, 9.625, 9.875], "texture": "#0"},
				"south": {"uv": [9.375, 9.5, 9.625, 9.875], "texture": "#0"},
				"up": {"uv": [9.375, 9.5, 9.625, 9.625], "texture": "#0"},
				"down": {"uv": [9.375, 9.75, 9.625, 9.875], "texture": "#0"}
			}
		},
		{
			"name": "9_34",
			"from": [7.375, 6.125, 8],
			"to": [7.5, 6.375, 8.125],
			"faces": {
				"north": {"uv": [7.5, 9.625, 7.375, 9.875], "texture": "#0"},
				"south": {"uv": [7.375, 9.625, 7.5, 9.875], "texture": "#0"},
				"down": {"uv": [7.375, 9.75, 7.5, 9.875], "texture": "#0"}
			}
		},
		{
			"name": "9_35",
			"from": [9.625, 5.875, 7.9375],
			"to": [9.75, 6.375, 8.1875],
			"faces": {
				"north": {"uv": [9.75, 9.625, 9.625, 10.125], "texture": "#0"},
				"east": {"uv": [9.625, 9.625, 9.75, 10.125], "texture": "#0"},
				"south": {"uv": [9.625, 9.625, 9.75, 10.125], "texture": "#0"},
				"west": {"uv": [9.625, 9.625, 9.75, 10.125], "texture": "#0"},
				"up": {"uv": [9.625, 9.625, 9.75, 9.75], "texture": "#0"},
				"down": {"uv": [9.625, 10, 9.75, 10.125], "texture": "#0"}
			}
		},
		{
			"name": "9_36",
			"from": [7.5, 6, 8],
			"to": [7.75, 6.25, 8.125],
			"faces": {
				"north": {"uv": [7.75, 9.75, 7.5, 10], "texture": "#0"},
				"south": {"uv": [7.5, 9.75, 7.75, 10], "texture": "#0"},
				"west": {"uv": [7.5, 9.75, 7.625, 10], "texture": "#0"},
				"down": {"uv": [7.5, 9.875, 7.75, 10], "texture": "#0"}
			}
		},
		{
			"name": "9_37",
			"from": [9.75, 5.875, 7.9375],
			"to": [9.875, 6.25, 8.1875],
			"faces": {
				"north": {"uv": [9.875, 9.75, 9.75, 10.125], "texture": "#0"},
				"east": {"uv": [9.75, 9.75, 9.875, 10.125], "texture": "#0"},
				"south": {"uv": [9.75, 9.75, 9.875, 10.125], "texture": "#0"},
				"up": {"uv": [9.75, 9.75, 9.875, 9.875], "texture": "#0"},
				"down": {"uv": [9.75, 10, 9.875, 10.125], "texture": "#0"}
			}
		},
		{
			"name": "9_38",
			"from": [7, 6, 8],
			"to": [7.125, 6.125, 8.125],
			"faces": {
				"north": {"uv": [7.125, 9.875, 7, 10], "texture": "#0"},
				"east": {"uv": [7, 9.875, 7.125, 10], "texture": "#0"},
				"south": {"uv": [7, 9.875, 7.125, 10], "texture": "#0"},
				"down": {"uv": [7, 9.875, 7.125, 10], "texture": "#0"}
			}
		},
		{
			"name": "9_39",
			"from": [9.5, 6, 7.9375],
			"to": [9.625, 6.125, 8.1875],
			"faces": {
				"north": {"uv": [9.625, 9.875, 9.5, 10], "texture": "#0"},
				"south": {"uv": [9.5, 9.875, 9.625, 10], "texture": "#0"},
				"west": {"uv": [9.5, 9.875, 9.625, 10], "texture": "#0"},
				"down": {"uv": [9.5, 9.875, 9.625, 10], "texture": "#0"}
			}
		},
		{
			"name": "9_40",
			"from": [9.875, 5.75, 7.9375],
			"to": [10, 6.125, 8.1875],
			"faces": {
				"north": {"uv": [10, 9.875, 9.875, 10.25], "texture": "#0"},
				"east": {"uv": [9.875, 9.875, 10, 10.25], "texture": "#0"},
				"south": {"uv": [9.875, 9.875, 10, 10.25], "texture": "#0"},
				"west": {"uv": [9.875, 9.875, 10, 10.25], "texture": "#0"},
				"up": {"uv": [9.875, 9.875, 10, 10], "texture": "#0"},
				"down": {"uv": [9.875, 10.125, 10, 10.25], "texture": "#0"}
			}
		},
		{
			"name": "9_41",
			"from": [7.625, 5.875, 8],
			"to": [7.75, 6, 8.125],
			"faces": {
				"north": {"uv": [7.75, 10, 7.625, 10.125], "texture": "#0"},
				"south": {"uv": [7.625, 10, 7.75, 10.125], "texture": "#0"},
				"west": {"uv": [7.625, 10, 7.75, 10.125], "texture": "#0"},
				"down": {"uv": [7.625, 10, 7.75, 10.125], "texture": "#0"}
			}
		},
		{
			"name": "9_42",
			"from": [10, 5.75, 7.9375],
			"to": [10.125, 6, 8.1875],
			"faces": {
				"north": {"uv": [10.125, 10, 10, 10.25], "texture": "#0"},
				"east": {"uv": [10, 10, 10.125, 10.25], "texture": "#0"},
				"south": {"uv": [10, 10, 10.125, 10.25], "texture": "#0"},
				"up": {"uv": [10, 10, 10.125, 10.125], "texture": "#0"},
				"down": {"uv": [10, 10.125, 10.125, 10.25], "texture": "#0"}
			}
		},
		{
			"name": "9_43",
			"from": [10.125, 5.75, 7.9375],
			"to": [10.25, 5.875, 8.1875],
			"faces": {
				"north": {"uv": [10.25, 10.125, 10.125, 10.25], "texture": "#0"},
				"east": {"uv": [10.125, 10.125, 10.25, 10.25], "texture": "#0"},
				"south": {"uv": [10.125, 10.125, 10.25, 10.25], "texture": "#0"},
				"up": {"uv": [10.125, 10.125, 10.25, 10.25], "texture": "#0"},
				"down": {"uv": [10.125, 10.125, 10.25, 10.25], "texture": "#0"}
			}
		},
		{
			"name": "19_0",
			"from": [9.25, 7.625, 7.875],
			"to": [9.375, 8.25, 8.25],
			"faces": {
				"north": {"uv": [9.375, 7.75, 9.25, 8.375], "texture": "#0"},
				"east": {"uv": [9.25, 7.75, 9.375, 8.375], "texture": "#0"},
				"south": {"uv": [9.25, 7.75, 9.375, 8.375], "texture": "#0"},
				"west": {"uv": [9.25, 7.75, 9.375, 8.375], "texture": "#0"},
				"up": {"uv": [9.25, 7.75, 9.375, 7.875], "texture": "#0"},
				"down": {"uv": [9.25, 8.25, 9.375, 8.375], "texture": "#0"}
			}
		},
		{
			"name": "19_1",
			"from": [9, 7.625, 7.875],
			"to": [9.25, 8.125, 8.25],
			"faces": {
				"north": {"uv": [9.25, 7.875, 9, 8.375], "texture": "#0"},
				"south": {"uv": [9, 7.875, 9.25, 8.375], "texture": "#0"},
				"west": {"uv": [9, 7.875, 9.125, 8.375], "texture": "#0"},
				"up": {"uv": [9, 7.875, 9.25, 8], "texture": "#0"},
				"down": {"uv": [9, 8.25, 9.25, 8.375], "texture": "#0"}
			}
		},
		{
			"name": "19_2",
			"from": [9.375, 7.75, 7.875],
			"to": [9.625, 7.875, 8.25],
			"faces": {
				"north": {"uv": [9.625, 8.125, 9.375, 8.25], "texture": "#0"},
				"east": {"uv": [9.5, 8.125, 9.625, 8.25], "texture": "#0"},
				"south": {"uv": [9.375, 8.125, 9.625, 8.25], "texture": "#0"},
				"up": {"uv": [9.375, 8.125, 9.625, 8.25], "texture": "#0"},
				"down": {"uv": [9.375, 8.125, 9.625, 8.25], "texture": "#0"}
			}
		},
		{
			"name": "19_3",
			"from": [9.375, 7.625, 7.875],
			"to": [9.5, 7.75, 8.25],
			"faces": {
				"north": {"uv": [9.5, 8.25, 9.375, 8.375], "texture": "#0"},
				"east": {"uv": [9.375, 8.25, 9.5, 8.375], "texture": "#0"},
				"south": {"uv": [9.375, 8.25, 9.5, 8.375], "texture": "#0"},
				"down": {"uv": [9.375, 8.25, 9.5, 8.375], "texture": "#0"}
			}
		},
		{
			"name": "19_4",
			"from": [9.375, 7.375, 7.875],
			"to": [9.625, 7.5, 8.25],
			"faces": {
				"north": {"uv": [9.625, 8.5, 9.375, 8.625], "texture": "#0"},
				"east": {"uv": [9.5, 8.5, 9.625, 8.625], "texture": "#0"},
				"south": {"uv": [9.375, 8.5, 9.625, 8.625], "texture": "#0"},
				"west": {"uv": [9.375, 8.5, 9.5, 8.625], "texture": "#0"},
				"up": {"uv": [9.375, 8.5, 9.625, 8.625], "texture": "#0"},
				"down": {"uv": [9.375, 8.5, 9.625, 8.625], "texture": "#0"}
			}
		},
		{
			"name": "19_5",
			"from": [9.25, 7, 7.875],
			"to": [9.5, 7.375, 8.25],
			"faces": {
				"north": {"uv": [9.5, 8.625, 9.25, 9], "texture": "#0"},
				"east": {"uv": [9.375, 8.625, 9.5, 9], "texture": "#0"},
				"south": {"uv": [9.25, 8.625, 9.5, 9], "texture": "#0"},
				"west": {"uv": [9.25, 8.625, 9.375, 9], "texture": "#0"},
				"up": {"uv": [9.25, 8.625, 9.5, 8.75], "texture": "#0"},
				"down": {"uv": [9.25, 8.875, 9.5, 9], "texture": "#0"}
			}
		},
		{
			"name": "19_6",
			"from": [9.125, 7.125, 7.875],
			"to": [9.25, 7.25, 8.25],
			"faces": {
				"north": {"uv": [9.25, 8.75, 9.125, 8.875], "texture": "#0"},
				"south": {"uv": [9.125, 8.75, 9.25, 8.875], "texture": "#0"},
				"west": {"uv": [9.125, 8.75, 9.25, 8.875], "texture": "#0"},
				"up": {"uv": [9.125, 8.75, 9.25, 8.875], "texture": "#0"},
				"down": {"uv": [9.125, 8.75, 9.25, 8.875], "texture": "#0"}
			}
		},
		{
			"name": "19_7",
			"from": [9.375, 6.875, 7.875],
			"to": [9.625, 7, 8.25],
			"faces": {
				"north": {"uv": [9.625, 9, 9.375, 9.125], "texture": "#0"},
				"east": {"uv": [9.5, 9, 9.625, 9.125], "texture": "#0"},
				"south": {"uv": [9.375, 9, 9.625, 9.125], "texture": "#0"},
				"west": {"uv": [9.375, 9, 9.5, 9.125], "texture": "#0"},
				"up": {"uv": [9.375, 9, 9.625, 9.125], "texture": "#0"},
				"down": {"uv": [9.375, 9, 9.625, 9.125], "texture": "#0"}
			}
		},
		{
			"name": "19_8",
			"from": [9.125, 6.5, 7.875],
			"to": [9.5, 6.75, 8.25],
			"faces": {
				"north": {"uv": [9.5, 9.25, 9.125, 9.5], "texture": "#0"},
				"east": {"uv": [9.375, 9.25, 9.5, 9.5], "texture": "#0"},
				"south": {"uv": [9.125, 9.25, 9.5, 9.5], "texture": "#0"},
				"west": {"uv": [9.125, 9.25, 9.25, 9.5], "texture": "#0"},
				"up": {"uv": [9.125, 9.25, 9.5, 9.375], "texture": "#0"},
				"down": {"uv": [9.125, 9.375, 9.5, 9.5], "texture": "#0"}
			}
		},
		{
			"name": "19_9",
			"from": [9.125, 6.25, 7.875],
			"to": [9.375, 6.5, 8.25],
			"faces": {
				"north": {"uv": [9.375, 9.5, 9.125, 9.75], "texture": "#0"},
				"east": {"uv": [9.25, 9.5, 9.375, 9.75], "texture": "#0"},
				"south": {"uv": [9.125, 9.5, 9.375, 9.75], "texture": "#0"},
				"west": {"uv": [9.125, 9.5, 9.25, 9.75], "texture": "#0"},
				"down": {"uv": [9.125, 9.625, 9.375, 9.75], "texture": "#0"}
			}
		},
		{
			"name": "19_10",
			"from": [9.25, 6.125, 7.875],
			"to": [9.375, 6.25, 8.25],
			"faces": {
				"north": {"uv": [9.375, 9.75, 9.25, 9.875], "texture": "#0"},
				"east": {"uv": [9.25, 9.75, 9.375, 9.875], "texture": "#0"},
				"south": {"uv": [9.25, 9.75, 9.375, 9.875], "texture": "#0"},
				"west": {"uv": [9.25, 9.75, 9.375, 9.875], "texture": "#0"},
				"down": {"uv": [9.25, 9.75, 9.375, 9.875], "texture": "#0"}
			}
		}
	],
	"display": {
		"thirdperson_righthand": {
			"rotation": [0, -90, 0],
			"translation": [0.25, 6.75, 1],
			"scale": [2.5, 2.5, 2.5]
		},
		"thirdperson_lefthand": {
			"rotation": [0, 90, 0],
			"translation": [0.25, 6.75, 1],
			"scale": [2.5, 2.5, 2.5]
		},
		"firstperson_righthand": {
			"rotation": [1, -80, 0],
			"translation": [0, 5.25, 2.75]
		},
		"firstperson_lefthand": {
			"rotation": [1, 100, 0],
			"translation": [0, 5.25, 2.75]
		},
		"ground": {
			"translation": [0, 19.75, 0],
			"scale": [2.5, 2.5, 2.5]
		},
		"gui": {
			"rotation": [0, 0, -45],
			"translation": [-0.75, 0.25, 0],
			"scale": [1.5, 1.5, 1.5]
		},
		"head": {
			"rotation": [180, 0, 45],
			"translation": [3, -13.75, 4.75],
			"scale": [3, 3, 3]
		},
		"fixed": {
			"rotation": [180, 0, 135],
			"translation": [1.5, 0.5, 0],
			"scale": [2, 2, 2]
		}
	},
	"groups": [
		{
			"name": "1",
			"origin": [8, 8, 8],
			"color": 0,
			"children": [0, 1, 2, 3, 4, 5, 6]
		},
		{
			"name": "2",
			"origin": [8, 8, 8],
			"color": 0,
			"children": [7, 8, 9, 10, 11, 12, 13, 14, 15, 16, 17]
		},
		{
			"name": "4",
			"origin": [8, 8, 8],
			"color": 0,
			"children": [18, 19, 20, 21, 22, 23, 24, 25, 26, 27, 28, 29, 30]
		},
		{
			"name": "5",
			"origin": [8, 8, 8],
			"color": 0,
			"children": [31, 32, 33, 34, 35, 36, 37, 38, 39, 40, 41, 42, 43, 44, 45, 46]
		},
		{
			"name": "6",
			"origin": [8, 8, 8],
			"color": 0,
			"children": [47, 48, 49, 50, 51, 52, 53, 54, 55, 56, 57, 58, 59, 60, 61, 62, 63, 64, 65, 66, 67, 68, 69, 70, 71, 72, 73, 74, 75, 76, 77, 78, 79, 80, 81]
		},
		{
			"name": "7",
			"origin": [8, 8, 8],
			"color": 0,
			"children": [82, 83, 84, 85, 86, 87, 88, 89, 90, 91, 92, 93, 94, 95, 96, 97, 98, 99, 100, 101, 102, 103, 104, 105, 106, 107, 108, 109, 110, 111, 112, 113, 114, 115, 116, 117]
		},
		{
			"name": "8",
			"origin": [8, 8, 8],
			"color": 0,
			"children": [118, 119, 120, 121, 122, 123, 124, 125, 126, 127, 128, 129, 130, 131, 132]
		},
		{
			"name": "9",
			"origin": [8, 8, 8],
			"color": 0,
			"children": [133, 134, 135, 136, 137, 138, 139, 140, 141, 142, 143, 144, 145, 146, 147, 148, 149, 150, 151, 152, 153, 154, 155, 156, 157, 158, 159, 160, 161, 162, 163, 164, 165, 166, 167, 168, 169, 170, 171, 172, 173, 174, 175, 176]
		},
		{
			"name": "19",
			"origin": [8, 8, 8],
			"color": 0,
			"children": [177, 178, 179, 180, 181, 182, 183, 184, 185, 186, 187]
		}
	]
}