{
	"credit": "Made with Blockbench",
	"textures": {
		"0": "item/excalibur",
		"particle": "item/excalibur"
	},
	"elements": [
		{
			"name": "Layer 1_0",
			"from": [7.875, 1.375, 7.9375],
			"to": [8, 8.875, 8.1875],
			"faces": {
				"north": {"uv": [8, 1.125, 7.875, 8.625], "texture": "#0"},
				"east": {"uv": [7.875, 1.125, 8, 8.625], "texture": "#0"},
				"south": {"uv": [7.875, 1.125, 8, 8.625], "texture": "#0"},
				"west": {"uv": [7.875, 1.125, 8, 8.625], "texture": "#0"},
				"up": {"uv": [7.875, 1.125, 8, 1.25], "texture": "#0"}
			}
		},
		{
			"name": "Layer 1_1",
			"from": [7.75, 0.875, 7.9375],
			"to": [7.875, 8.625, 8.1875],
			"faces": {
				"north": {"uv": [7.875, 1.375, 7.75, 9.125], "texture": "#0"},
				"south": {"uv": [7.75, 1.375, 7.875, 9.125], "texture": "#0"},
				"west": {"uv": [7.75, 1.375, 7.875, 9.125], "texture": "#0"},
				"up": {"uv": [7.75, 1.375, 7.875, 1.5], "texture": "#0"}
			}
		},
		{
			"name": "Layer 1_2",
			"from": [8, 0.875, 7.9375],
			"to": [8.125, 8.625, 8.1875],
			"faces": {
				"north": {"uv": [8.125, 1.375, 8, 9.125], "texture": "#0"},
				"east": {"uv": [8, 1.375, 8.125, 9.125], "texture": "#0"},
				"south": {"uv": [8, 1.375, 8.125, 9.125], "texture": "#0"},
				"up": {"uv": [8, 1.375, 8.125, 1.5], "texture": "#0"}
			}
		},
		{
			"name": "Layer 1_3",
			"from": [7.625, 0.625, 7.9375],
			"to": [7.75, 1.875, 8.1875],
			"faces": {
				"north": {"uv": [7.75, 8.125, 7.625, 9.375], "texture": "#0"},
				"south": {"uv": [7.625, 8.125, 7.75, 9.375], "texture": "#0"},
				"west": {"uv": [7.625, 8.125, 7.75, 9.375], "texture": "#0"},
				"up": {"uv": [7.625, 8.125, 7.75, 8.25], "texture": "#0"}
			}
		},
		{
			"name": "Layer 1_4",
			"from": [8.125, 0.625, 7.9375],
			"to": [8.25, 1.875, 8.1875],
			"faces": {
				"north": {"uv": [8.25, 8.125, 8.125, 9.375], "texture": "#0"},
				"east": {"uv": [8.125, 8.125, 8.25, 9.375], "texture": "#0"},
				"south": {"uv": [8.125, 8.125, 8.25, 9.375], "texture": "#0"},
				"up": {"uv": [8.125, 8.125, 8.25, 8.25], "texture": "#0"}
			}
		},
		{
			"name": "Layer 1_5",
			"from": [7.5, 0.5, 7.9375],
			"to": [7.625, 0.875, 8.1875],
			"faces": {
				"north": {"uv": [7.625, 9.125, 7.5, 9.5], "texture": "#0"},
				"south": {"uv": [7.5, 9.125, 7.625, 9.5], "texture": "#0"},
				"west": {"uv": [7.5, 9.125, 7.625, 9.5], "texture": "#0"},
				"up": {"uv": [7.5, 9.125, 7.625, 9.25], "texture": "#0"}
			}
		},
		{
			"name": "Layer 1_6",
			"from": [8.25, 0.5, 7.9375],
			"to": [8.375, 0.875, 8.1875],
			"faces": {
				"north": {"uv": [8.375, 9.125, 8.25, 9.5], "texture": "#0"},
				"east": {"uv": [8.25, 9.125, 8.375, 9.5], "texture": "#0"},
				"south": {"uv": [8.25, 9.125, 8.375, 9.5], "texture": "#0"},
				"up": {"uv": [8.25, 9.125, 8.375, 9.25], "texture": "#0"}
			}
		},
		{
			"name": "Layer 1_7",
			"from": [7.375, 0.625, 7.9375],
			"to": [7.5, 0.75, 8.1875],
			"faces": {
				"north": {"uv": [7.5, 9.25, 7.375, 9.375], "texture": "#0"},
				"south": {"uv": [7.375, 9.25, 7.5, 9.375], "texture": "#0"},
				"west": {"uv": [7.375, 9.25, 7.5, 9.375], "texture": "#0"},
				"up": {"uv": [7.375, 9.25, 7.5, 9.375], "texture": "#0"},
				"down": {"uv": [7.375, 9.25, 7.5, 9.375], "texture": "#0"}
			}
		},
		{
			"name": "Layer 1_8",
			"from": [8.375, 0.625, 7.9375],
			"to": [8.5, 0.75, 8.1875],
			"faces": {
				"north": {"uv": [8.5, 9.25, 8.375, 9.375], "texture": "#0"},
				"east": {"uv": [8.375, 9.25, 8.5, 9.375], "texture": "#0"},
				"south": {"uv": [8.375, 9.25, 8.5, 9.375], "texture": "#0"},
				"up": {"uv": [8.375, 9.25, 8.5, 9.375], "texture": "#0"},
				"down": {"uv": [8.375, 9.25, 8.5, 9.375], "texture": "#0"}
			}
		},
		{
			"name": "Layer 2_0",
			"from": [7.875, 8.875, 8],
			"to": [8, 9.125, 8.125],
			"faces": {
				"north": {"uv": [8, 0.875, 7.875, 1.125], "texture": "#0"},
				"east": {"uv": [7.875, 0.875, 8, 1.125], "texture": "#0"},
				"south": {"uv": [7.875, 0.875, 8, 1.125], "texture": "#0"},
				"west": {"uv": [7.875, 0.875, 8, 1.125], "texture": "#0"},
				"up": {"uv": [7.875, 0.875, 8, 1], "texture": "#0"}
			}
		},
		{
			"name": "Layer 2_1",
			"from": [7.75, 8.625, 8],
			"to": [7.875, 8.875, 8.125],
			"faces": {
				"north": {"uv": [7.875, 1.125, 7.75, 1.375], "texture": "#0"},
				"south": {"uv": [7.75, 1.125, 7.875, 1.375], "texture": "#0"},
				"west": {"uv": [7.75, 1.125, 7.875, 1.375], "texture": "#0"},
				"up": {"uv": [7.75, 1.125, 7.875, 1.25], "texture": "#0"}
			}
		},
		{
			"name": "Layer 2_2",
			"from": [8, 8.625, 8],
			"to": [8.125, 8.875, 8.125],
			"faces": {
				"north": {"uv": [8.125, 1.125, 8, 1.375], "texture": "#0"},
				"east": {"uv": [8, 1.125, 8.125, 1.375], "texture": "#0"},
				"south": {"uv": [8, 1.125, 8.125, 1.375], "texture": "#0"},
				"up": {"uv": [8, 1.125, 8.125, 1.25], "texture": "#0"}
			}
		},
		{
			"name": "Layer 2_3",
			"from": [7.625, 1.875, 8],
			"to": [7.75, 8.625, 8.125],
			"faces": {
				"north": {"uv": [7.75, 1.375, 7.625, 8.125], "texture": "#0"},
				"south": {"uv": [7.625, 1.375, 7.75, 8.125], "texture": "#0"},
				"west": {"uv": [7.625, 1.375, 7.75, 8.125], "texture": "#0"},
				"up": {"uv": [7.625, 1.375, 7.75, 1.5], "texture": "#0"}
			}
		},
		{
			"name": "Layer 2_4",
			"from": [8.125, 1.875, 8],
			"to": [8.25, 8.625, 8.125],
			"faces": {
				"north": {"uv": [8.25, 1.375, 8.125, 8.125], "texture": "#0"},
				"east": {"uv": [8.125, 1.375, 8.25, 8.125], "texture": "#0"},
				"south": {"uv": [8.125, 1.375, 8.25, 8.125], "texture": "#0"},
				"up": {"uv": [8.125, 1.375, 8.25, 1.5], "texture": "#0"}
			}
		},
		{
			"name": "Layer 2_5",
			"from": [7.5, 0.875, 8],
			"to": [7.625, 1.875, 8.125],
			"faces": {
				"north": {"uv": [7.625, 8.125, 7.5, 9.125], "texture": "#0"},
				"south": {"uv": [7.5, 8.125, 7.625, 9.125], "texture": "#0"},
				"west": {"uv": [7.5, 8.125, 7.625, 9.125], "texture": "#0"},
				"up": {"uv": [7.5, 8.125, 7.625, 8.25], "texture": "#0"}
			}
		},
		{
			"name": "Layer 2_6",
			"from": [8.25, 0.875, 8],
			"to": [8.375, 1.875, 8.125],
			"faces": {
				"north": {"uv": [8.375, 8.125, 8.25, 9.125], "texture": "#0"},
				"east": {"uv": [8.25, 8.125, 8.375, 9.125], "texture": "#0"},
				"south": {"uv": [8.25, 8.125, 8.375, 9.125], "texture": "#0"},
				"up": {"uv": [8.25, 8.125, 8.375, 8.25], "texture": "#0"}
			}
		},
		{
			"name": "Layer 2_7",
			"from": [7.375, 0.75, 8],
			"to": [7.5, 0.875, 8.125],
			"faces": {
				"north": {"uv": [7.5, 9.125, 7.375, 9.25], "texture": "#0"},
				"south": {"uv": [7.375, 9.125, 7.5, 9.25], "texture": "#0"},
				"west": {"uv": [7.375, 9.125, 7.5, 9.25], "texture": "#0"},
				"up": {"uv": [7.375, 9.125, 7.5, 9.25], "texture": "#0"}
			}
		},
		{
			"name": "Layer 2_8",
			"from": [8.375, 0.75, 8],
			"to": [8.5, 0.875, 8.125],
			"faces": {
				"north": {"uv": [8.5, 9.125, 8.375, 9.25], "texture": "#0"},
				"east": {"uv": [8.375, 9.125, 8.5, 9.25], "texture": "#0"},
				"south": {"uv": [8.375, 9.125, 8.5, 9.25], "texture": "#0"},
				"up": {"uv": [8.375, 9.125, 8.5, 9.25], "texture": "#0"}
			}
		},
		{
			"name": "Layer 2_9",
			"from": [7.25, 0.625, 8],
			"to": [7.375, 0.75, 8.125],
			"faces": {
				"north": {"uv": [7.375, 9.25, 7.25, 9.375], "texture": "#0"},
				"south": {"uv": [7.25, 9.25, 7.375, 9.375], "texture": "#0"},
				"west": {"uv": [7.25, 9.25, 7.375, 9.375], "texture": "#0"},
				"up": {"uv": [7.25, 9.25, 7.375, 9.375], "texture": "#0"},
				"down": {"uv": [7.25, 9.25, 7.375, 9.375], "texture": "#0"}
			}
		},
		{
			"name": "Layer 2_10",
			"from": [8.5, 0.625, 8],
			"to": [8.625, 0.75, 8.125],
			"faces": {
				"north": {"uv": [8.625, 9.25, 8.5, 9.375], "texture": "#0"},
				"east": {"uv": [8.5, 9.25, 8.625, 9.375], "texture": "#0"},
				"south": {"uv": [8.5, 9.25, 8.625, 9.375], "texture": "#0"},
				"up": {"uv": [8.5, 9.25, 8.625, 9.375], "texture": "#0"},
				"down": {"uv": [8.5, 9.25, 8.625, 9.375], "texture": "#0"}
			}
		},
		{
			"name": "Layer 2_11",
			"from": [7.375, 0.5, 8],
			"to": [7.5, 0.625, 8.125],
			"faces": {
				"north": {"uv": [7.5, 9.375, 7.375, 9.5], "texture": "#0"},
				"south": {"uv": [7.375, 9.375, 7.5, 9.5], "texture": "#0"},
				"west": {"uv": [7.375, 9.375, 7.5, 9.5], "texture": "#0"},
				"down": {"uv": [7.375, 9.375, 7.5, 9.5], "texture": "#0"}
			}
		},
		{
			"name": "Layer 2_12",
			"from": [8.375, 0.5, 8],
			"to": [8.5, 0.625, 8.125],
			"faces": {
				"north": {"uv": [8.5, 9.375, 8.375, 9.5], "texture": "#0"},
				"east": {"uv": [8.375, 9.375, 8.5, 9.5], "texture": "#0"},
				"south": {"uv": [8.375, 9.375, 8.5, 9.5], "texture": "#0"},
				"down": {"uv": [8.375, 9.375, 8.5, 9.5], "texture": "#0"}
			}
		},
		{
			"name": "Layer 2_13",
			"from": [7.625, 0.25, 8],
			"to": [7.75, 0.375, 8.125],
			"faces": {
				"north": {"uv": [7.75, 9.625, 7.625, 9.75], "texture": "#0"},
				"south": {"uv": [7.625, 9.625, 7.75, 9.75], "texture": "#0"},
				"west": {"uv": [7.625, 9.625, 7.75, 9.75], "texture": "#0"}
			}
		},
		{
			"name": "Layer 2_14",
			"from": [8.125, 0.25, 8],
			"to": [8.25, 0.375, 8.125],
			"faces": {
				"north": {"uv": [8.25, 9.625, 8.125, 9.75], "texture": "#0"},
				"east": {"uv": [8.125, 9.625, 8.25, 9.75], "texture": "#0"},
				"south": {"uv": [8.125, 9.625, 8.25, 9.75], "texture": "#0"}
			}
		},
		{
			"name": "Layer 2_15",
			"from": [7.625, 0, 8],
			"to": [7.75, 0.125, 8.125],
			"faces": {
				"north": {"uv": [7.75, 9.875, 7.625, 10], "texture": "#0"},
				"south": {"uv": [7.625, 9.875, 7.75, 10], "texture": "#0"},
				"west": {"uv": [7.625, 9.875, 7.75, 10], "texture": "#0"}
			}
		},
		{
			"name": "Layer 2_16",
			"from": [8.125, 0, 8],
			"to": [8.25, 0.125, 8.125],
			"faces": {
				"north": {"uv": [8.25, 9.875, 8.125, 10], "texture": "#0"},
				"east": {"uv": [8.125, 9.875, 8.25, 10], "texture": "#0"},
				"south": {"uv": [8.125, 9.875, 8.25, 10], "texture": "#0"}
			}
		},
		{
			"name": "Layer 3_0",
			"from": [7.5, -0.5, 7.875],
			"to": [8.375, 0, 8.25],
			"faces": {
				"north": {"uv": [8.375, 10, 7.5, 10.5], "texture": "#0"},
				"east": {"uv": [8.25, 10, 8.375, 10.5], "texture": "#0"},
				"south": {"uv": [7.5, 10, 8.375, 10.5], "texture": "#0"},
				"west": {"uv": [7.5, 10, 7.625, 10.5], "texture": "#0"},
				"up": {"uv": [7.5, 10, 8.375, 10.125], "texture": "#0"},
				"down": {"uv": [7.5, 10.375, 8.375, 10.5], "texture": "#0"}
			}
		},
		{
			"name": "Layer 3_1",
			"from": [7.625, -0.75, 7.875],
			"to": [8.25, -0.625, 8.25],
			"faces": {
				"north": {"uv": [8.25, 10.625, 7.625, 10.75], "texture": "#0"},
				"east": {"uv": [8.125, 10.625, 8.25, 10.75], "texture": "#0"},
				"south": {"uv": [7.625, 10.625, 8.25, 10.75], "texture": "#0"},
				"west": {"uv": [7.625, 10.625, 7.75, 10.75], "texture": "#0"},
				"up": {"uv": [7.625, 10.625, 8.25, 10.75], "texture": "#0"},
				"down": {"uv": [7.625, 10.625, 8.25, 10.75], "texture": "#0"}
			}
		},
		{
			"name": "Layer 3_2",
			"from": [7.625, -1.125, 7.875],
			"to": [8.25, -0.875, 8.25],
			"faces": {
				"north": {"uv": [8.25, 10.875, 7.625, 11.125], "texture": "#0"},
				"east": {"uv": [8.125, 10.875, 8.25, 11.125], "texture": "#0"},
				"south": {"uv": [7.625, 10.875, 8.25, 11.125], "texture": "#0"},
				"west": {"uv": [7.625, 10.875, 7.75, 11.125], "texture": "#0"},
				"up": {"uv": [7.625, 10.875, 8.25, 11], "texture": "#0"},
				"down": {"uv": [7.625, 11, 8.25, 11.125], "texture": "#0"}
			}
		},
		{
			"name": "Layer 3_3",
			"from": [7.75, -4.125, 7.875],
			"to": [7.875, -3.125, 8.25],
			"faces": {
				"north": {"uv": [7.875, 13.125, 7.75, 14.125], "texture": "#0"},
				"east": {"uv": [7.75, 13.125, 7.875, 14.125], "texture": "#0"},
				"south": {"uv": [7.75, 13.125, 7.875, 14.125], "texture": "#0"},
				"west": {"uv": [7.75, 13.125, 7.875, 14.125], "texture": "#0"},
				"up": {"uv": [7.75, 13.125, 7.875, 13.25], "texture": "#0"},
				"down": {"uv": [7.75, 14, 7.875, 14.125], "texture": "#0"}
			}
		},
		{
			"name": "Layer 3_4",
			"from": [8, -4.125, 7.875],
			"to": [8.125, -3.125, 8.25],
			"faces": {
				"north": {"uv": [8.125, 13.125, 8, 14.125], "texture": "#0"},
				"east": {"uv": [8, 13.125, 8.125, 14.125], "texture": "#0"},
				"south": {"uv": [8, 13.125, 8.125, 14.125], "texture": "#0"},
				"west": {"uv": [8, 13.125, 8.125, 14.125], "texture": "#0"},
				"up": {"uv": [8, 13.125, 8.125, 13.25], "texture": "#0"},
				"down": {"uv": [8, 14, 8.125, 14.125], "texture": "#0"}
			}
		},
		{
			"name": "Layer 3_5",
			"from": [7.875, -4.125, 7.875],
			"to": [8, -3.25, 8.25],
			"faces": {
				"north": {"uv": [8, 13.25, 7.875, 14.125], "texture": "#0"},
				"south": {"uv": [7.875, 13.25, 8, 14.125], "texture": "#0"},
				"up": {"uv": [7.875, 13.25, 8, 13.375], "texture": "#0"},
				"down": {"uv": [7.875, 14, 8, 14.125], "texture": "#0"}
			}
		},
		{
			"name": "Layer 3_6",
			"from": [7.625, -4, 7.875],
			"to": [7.75, -3.375, 8.25],
			"faces": {
				"north": {"uv": [7.75, 13.375, 7.625, 14], "texture": "#0"},
				"south": {"uv": [7.625, 13.375, 7.75, 14], "texture": "#0"},
				"west": {"uv": [7.625, 13.375, 7.75, 14], "texture": "#0"},
				"up": {"uv": [7.625, 13.375, 7.75, 13.5], "texture": "#0"},
				"down": {"uv": [7.625, 13.875, 7.75, 14], "texture": "#0"}
			}
		},
		{
			"name": "Layer 3_7",
			"from": [8.125, -4, 7.875],
			"to": [8.25, -3.375, 8.25],
			"faces": {
				"north": {"uv": [8.25, 13.375, 8.125, 14], "texture": "#0"},
				"east": {"uv": [8.125, 13.375, 8.25, 14], "texture": "#0"},
				"south": {"uv": [8.125, 13.375, 8.25, 14], "texture": "#0"},
				"up": {"uv": [8.125, 13.375, 8.25, 13.5], "texture": "#0"},
				"down": {"uv": [8.125, 13.875, 8.25, 14], "texture": "#0"}
			}
		},
		{
			"name": "Layer 3_8",
			"from": [7.5, -3.875, 7.875],
			"to": [7.625, -3.625, 8.25],
			"faces": {
				"north": {"uv": [7.625, 13.625, 7.5, 13.875], "texture": "#0"},
				"south": {"uv": [7.5, 13.625, 7.625, 13.875], "texture": "#0"},
				"west": {"uv": [7.5, 13.625, 7.625, 13.875], "texture": "#0"},
				"up": {"uv": [7.5, 13.625, 7.625, 13.75], "texture": "#0"},
				"down": {"uv": [7.5, 13.75, 7.625, 13.875], "texture": "#0"}
			}
		},
		{
			"name": "Layer 3_9",
			"from": [8.25, -3.875, 7.875],
			"to": [8.375, -3.625, 8.25],
			"faces": {
				"north": {"uv": [8.375, 13.625, 8.25, 13.875], "texture": "#0"},
				"east": {"uv": [8.25, 13.625, 8.375, 13.875], "texture": "#0"},
				"south": {"uv": [8.25, 13.625, 8.375, 13.875], "texture": "#0"},
				"up": {"uv": [8.25, 13.625, 8.375, 13.75], "texture": "#0"},
				"down": {"uv": [8.25, 13.75, 8.375, 13.875], "texture": "#0"}
			}
		},
		{
			"name": "Layer 4_0",
			"from": [7.875, 0, 7.875],
			"to": [8, 1.375, 8.25],
			"faces": {
				"north": {"uv": [8, 8.625, 7.875, 10], "texture": "#0"},
				"east": {"uv": [7.875, 8.625, 8, 10], "texture": "#0"},
				"south": {"uv": [7.875, 8.625, 8, 10], "texture": "#0"},
				"west": {"uv": [7.875, 8.625, 8, 10], "texture": "#0"},
				"up": {"uv": [7.875, 8.625, 8, 8.75], "texture": "#0"}
			}
		},
		{
			"name": "Layer 4_1",
			"from": [7.75, 0, 7.875],
			"to": [7.875, 0.875, 8.25],
			"faces": {
				"north": {"uv": [7.875, 9.125, 7.75, 10], "texture": "#0"},
				"south": {"uv": [7.75, 9.125, 7.875, 10], "texture": "#0"},
				"west": {"uv": [7.75, 9.125, 7.875, 10], "texture": "#0"},
				"up": {"uv": [7.75, 9.125, 7.875, 9.25], "texture": "#0"}
			}
		},
		{
			"name": "Layer 4_2",
			"from": [8, 0, 7.875],
			"to": [8.125, 0.875, 8.25],
			"faces": {
				"north": {"uv": [8.125, 9.125, 8, 10], "texture": "#0"},
				"east": {"uv": [8, 9.125, 8.125, 10], "texture": "#0"},
				"south": {"uv": [8, 9.125, 8.125, 10], "texture": "#0"},
				"up": {"uv": [8, 9.125, 8.125, 9.25], "texture": "#0"}
			}
		},
		{
			"name": "Layer 4_3",
			"from": [7.625, 0.375, 7.875],
			"to": [7.75, 0.625, 8.25],
			"faces": {
				"north": {"uv": [7.75, 9.375, 7.625, 9.625], "texture": "#0"},
				"south": {"uv": [7.625, 9.375, 7.75, 9.625], "texture": "#0"},
				"west": {"uv": [7.625, 9.375, 7.75, 9.625], "texture": "#0"},
				"up": {"uv": [7.625, 9.375, 7.75, 9.5], "texture": "#0"},
				"down": {"uv": [7.625, 9.5, 7.75, 9.625], "texture": "#0"}
			}
		},
		{
			"name": "Layer 4_4",
			"from": [8.125, 0.375, 7.875],
			"to": [8.25, 0.625, 8.25],
			"faces": {
				"north": {"uv": [8.25, 9.375, 8.125, 9.625], "texture": "#0"},
				"east": {"uv": [8.125, 9.375, 8.25, 9.625], "texture": "#0"},
				"south": {"uv": [8.125, 9.375, 8.25, 9.625], "texture": "#0"},
				"up": {"uv": [8.125, 9.375, 8.25, 9.5], "texture": "#0"},
				"down": {"uv": [8.125, 9.5, 8.25, 9.625], "texture": "#0"}
			}
		},
		{
			"name": "Layer 4_5",
			"from": [7.5, 0.375, 7.875],
			"to": [7.625, 0.5, 8.25],
			"faces": {
				"north": {"uv": [7.625, 9.5, 7.5, 9.625], "texture": "#0"},
				"south": {"uv": [7.5, 9.5, 7.625, 9.625], "texture": "#0"},
				"west": {"uv": [7.5, 9.5, 7.625, 9.625], "texture": "#0"},
				"up": {"uv": [7.5, 9.5, 7.625, 9.625], "texture": "#0"},
				"down": {"uv": [7.5, 9.5, 7.625, 9.625], "texture": "#0"}
			}
		},
		{
			"name": "Layer 4_6",
			"from": [8.25, 0.375, 7.875],
			"to": [8.375, 0.5, 8.25],
			"faces": {
				"north": {"uv": [8.375, 9.5, 8.25, 9.625], "texture": "#0"},
				"east": {"uv": [8.25, 9.5, 8.375, 9.625], "texture": "#0"},
				"south": {"uv": [8.25, 9.5, 8.375, 9.625], "texture": "#0"},
				"up": {"uv": [8.25, 9.5, 8.375, 9.625], "texture": "#0"},
				"down": {"uv": [8.25, 9.5, 8.375, 9.625], "texture": "#0"}
			}
		},
		{
			"name": "Layer 4_7",
			"from": [7.5, 0.125, 7.875],
			"to": [7.75, 0.25, 8.25],
			"faces": {
				"north": {"uv": [7.75, 9.75, 7.5, 9.875], "texture": "#0"},
				"south": {"uv": [7.5, 9.75, 7.75, 9.875], "texture": "#0"},
				"west": {"uv": [7.5, 9.75, 7.625, 9.875], "texture": "#0"},
				"up": {"uv": [7.5, 9.75, 7.75, 9.875], "texture": "#0"},
				"down": {"uv": [7.5, 9.75, 7.75, 9.875], "texture": "#0"}
			}
		},
		{
			"name": "Layer 4_8",
			"from": [8.125, 0.125, 7.875],
			"to": [8.375, 0.25, 8.25],
			"faces": {
				"north": {"uv": [8.375, 9.75, 8.125, 9.875], "texture": "#0"},
				"east": {"uv": [8.25, 9.75, 8.375, 9.875], "texture": "#0"},
				"south": {"uv": [8.125, 9.75, 8.375, 9.875], "texture": "#0"},
				"up": {"uv": [8.125, 9.75, 8.375, 9.875], "texture": "#0"},
				"down": {"uv": [8.125, 9.75, 8.375, 9.875], "texture": "#0"}
			}
		},
		{
			"name": "Layer 4_9",
			"from": [6.5, -0.625, 7.9375],
			"to": [6.625, 0.125, 8.1875],
			"faces": {
				"north": {"uv": [6.625, 9.875, 6.5, 10.625], "texture": "#0"},
				"east": {"uv": [6.5, 9.875, 6.625, 10.625], "texture": "#0"},
				"south": {"uv": [6.5, 9.875, 6.625, 10.625], "texture": "#0"},
				"west": {"uv": [6.5, 9.875, 6.625, 10.625], "texture": "#0"},
				"up": {"uv": [6.5, 9.875, 6.625, 10], "texture": "#0"},
				"down": {"uv": [6.5, 10.5, 6.625, 10.625], "texture": "#0"}
			}
		},
		{
			"name": "Layer 4_10",
			"from": [9.25, -0.625, 7.9375],
			"to": [9.375, 0.125, 8.1875],
			"faces": {
				"north": {"uv": [9.375, 9.875, 9.25, 10.625], "texture": "#0"},
				"east": {"uv": [9.25, 9.875, 9.375, 10.625], "texture": "#0"},
				"south": {"uv": [9.25, 9.875, 9.375, 10.625], "texture": "#0"},
				"west": {"uv": [9.25, 9.875, 9.375, 10.625], "texture": "#0"},
				"up": {"uv": [9.25, 9.875, 9.375, 10], "texture": "#0"},
				"down": {"uv": [9.25, 10.5, 9.375, 10.625], "texture": "#0"}
			}
		},
		{
			"name": "Layer 4_11",
			"from": [6.625, -0.5, 7.9375],
			"to": [6.75, 0, 8.1875],
			"faces": {
				"north": {"uv": [6.75, 10, 6.625, 10.5], "texture": "#0"},
				"east": {"uv": [6.625, 10, 6.75, 10.5], "texture": "#0"},
				"south": {"uv": [6.625, 10, 6.75, 10.5], "texture": "#0"},
				"up": {"uv": [6.625, 10, 6.75, 10.125], "texture": "#0"},
				"down": {"uv": [6.625, 10.375, 6.75, 10.5], "texture": "#0"}
			}
		},
		{
			"name": "Layer 4_12",
			"from": [9.125, -0.5, 7.9375],
			"to": [9.25, 0, 8.1875],
			"faces": {
				"north": {"uv": [9.25, 10, 9.125, 10.5], "texture": "#0"},
				"south": {"uv": [9.125, 10, 9.25, 10.5], "texture": "#0"},
				"west": {"uv": [9.125, 10, 9.25, 10.5], "texture": "#0"},
				"up": {"uv": [9.125, 10, 9.25, 10.125], "texture": "#0"},
				"down": {"uv": [9.125, 10.375, 9.25, 10.5], "texture": "#0"}
			}
		},
		{
			"name": "Layer 4_13",
			"from": [6.375, -0.375, 7.9375],
			"to": [6.5, -0.125, 8.1875],
			"faces": {
				"north": {"uv": [6.5, 10.125, 6.375, 10.375], "texture": "#0"},
				"south": {"uv": [6.375, 10.125, 6.5, 10.375], "texture": "#0"},
				"west": {"uv": [6.375, 10.125, 6.5, 10.375], "texture": "#0"},
				"up": {"uv": [6.375, 10.125, 6.5, 10.25], "texture": "#0"},
				"down": {"uv": [6.375, 10.25, 6.5, 10.375], "texture": "#0"}
			}
		},
		{
			"name": "Layer 4_14",
			"from": [6.75, -0.375, 7.9375],
			"to": [7.5, -0.125, 8.1875],
			"faces": {
				"north": {"uv": [7.5, 10.125, 6.75, 10.375], "texture": "#0"},
				"south": {"uv": [6.75, 10.125, 7.5, 10.375], "texture": "#0"},
				"up": {"uv": [6.75, 10.125, 7.5, 10.25], "texture": "#0"},
				"down": {"uv": [6.75, 10.25, 7.5, 10.375], "texture": "#0"}
			}
		},
		{
			"name": "Layer 4_15",
			"from": [8.375, -0.375, 7.9375],
			"to": [9.125, -0.125, 8.1875],
			"faces": {
				"north": {"uv": [9.125, 10.125, 8.375, 10.375], "texture": "#0"},
				"south": {"uv": [8.375, 10.125, 9.125, 10.375], "texture": "#0"},
				"up": {"uv": [8.375, 10.125, 9.125, 10.25], "texture": "#0"},
				"down": {"uv": [8.375, 10.25, 9.125, 10.375], "texture": "#0"}
			}
		},
		{
			"name": "Layer 4_16",
			"from": [9.375, -0.375, 7.9375],
			"to": [9.5, -0.125, 8.1875],
			"faces": {
				"north": {"uv": [9.5, 10.125, 9.375, 10.375], "texture": "#0"},
				"east": {"uv": [9.375, 10.125, 9.5, 10.375], "texture": "#0"},
				"south": {"uv": [9.375, 10.125, 9.5, 10.375], "texture": "#0"},
				"up": {"uv": [9.375, 10.125, 9.5, 10.25], "texture": "#0"},
				"down": {"uv": [9.375, 10.25, 9.5, 10.375], "texture": "#0"}
			}
		},
		{
			"name": "Layer 4_17",
			"from": [7.75, -3.25, 7.9375],
			"to": [8.125, -0.5, 8.1875],
			"faces": {
				"north": {"uv": [8.125, 10.5, 7.75, 13.25], "texture": "#0"},
				"east": {"uv": [8, 10.5, 8.125, 13.25], "texture": "#0"},
				"south": {"uv": [7.75, 10.5, 8.125, 13.25], "texture": "#0"},
				"west": {"uv": [7.75, 10.5, 7.875, 13.25], "texture": "#0"}
			}
		}
	],
	"display": {
		"thirdperson_righthand": {
			"rotation": [0, -90, 0],
			"translation": [0.25, 28, 0.5],
			"scale": [3, 3, 3]
		},
		"thirdperson_lefthand": {
			"rotation": [0, -90, 0],
			"translation": [0.25, 28, 0.25],
			"scale": [3, 3, 3]
		},
		"firstperson_righthand": {
			"rotation": [1, -91, 0],
			"translation": [0, 13.25, 2.75],
			"scale": [1.25, 1.25, 1.25]
		},
		"firstperson_lefthand": {
			"rotation": [1, -91, 0],
			"translation": [0, 13.25, 2.75],
			"scale": [1.25, 1.25, 1.25]
		},
		"ground": {
			"translation": [0, 30.25, 0],
			"scale": [3, 3, 3]
		},
		"gui": {
			"rotation": [0, 0, -45],
			"translation": [6.5, 6.5, 0],
			"scale": [1.5, 1.5, 1.5]
		},
		"head": {
			"rotation": [180, 0, 45],
			"translation": [-11.5, -27, 4.75],
			"scale": [3.5, 3.5, 3.5]
		},
		"fixed": {
			"rotation": [0, 0, 45],
			"translation": [-7.75, 7.75, 0],
			"scale": [2, 2, 2]
		}
	},
	"groups": [
		{
			"name": "Layer 1",
			"origin": [8, 8, 8],
			"color": 0,
			"children": [0, 1, 2, 3, 4, 5, 6, 7, 8]
		},
		{
			"name": "Layer 2",
			"origin": [8, 8, 8],
			"color": 0,
			"children": [9, 10, 11, 12, 13, 14, 15, 16, 17, 18, 19, 20, 21, 22, 23, 24, 25]
		},
		{
			"name": "Layer 3",
			"origin": [8, 8, 8],
			"color": 0,
			"children": [26, 27, 28, 29, 30, 31, 32, 33, 34, 35]
		},
		{
			"name": "Layer 4",
			"origin": [8, 8, 8],
			"color": 0,
			"children": [36, 37, 38, 39, 40, 41, 42, 43, 44, 45, 46, 47, 48, 49, 50, 51, 52, 53]
		}
	]
}