{
	"credit": "Made with Blockbench",
	"textures": {
		"0": "item/chromatic_katana",
		"1": "item/chromatic_flames",
		"particle": "item/chromatic_katana"
	},
	"elements": [
		{
			"name": "Layer 3_0",
			"from": [8.625, 12.875, 8],
			"to": [8.75, 13, 8.0625],
			"faces": {
				"north": {"uv": [8.75, 3, 8.625, 3.125], "texture": "#0"},
				"east": {"uv": [8.625, 3, 8.75, 3.125], "texture": "#0"},
				"south": {"uv": [8.625, 3, 8.75, 3.125], "texture": "#0"},
				"west": {"uv": [8.625, 3, 8.75, 3.125], "texture": "#0"},
				"up": {"uv": [8.625, 3, 8.75, 3.125], "texture": "#0"}
			}
		},
		{
			"name": "Layer 3_1",
			"from": [8.5, 12.75, 8],
			"to": [8.625, 12.875, 8.0625],
			"faces": {
				"north": {"uv": [8.625, 3.125, 8.5, 3.25], "texture": "#0"},
				"south": {"uv": [8.5, 3.125, 8.625, 3.25], "texture": "#0"},
				"west": {"uv": [8.5, 3.125, 8.625, 3.25], "texture": "#0"},
				"up": {"uv": [8.5, 3.125, 8.625, 3.25], "texture": "#0"}
			}
		},
		{
			"name": "Layer 3_2",
			"from": [8.375, 12.625, 8],
			"to": [8.5, 12.75, 8.0625],
			"faces": {
				"north": {"uv": [8.5, 3.25, 8.375, 3.375], "texture": "#0"},
				"south": {"uv": [8.375, 3.25, 8.5, 3.375], "texture": "#0"},
				"west": {"uv": [8.375, 3.25, 8.5, 3.375], "texture": "#0"},
				"up": {"uv": [8.375, 3.25, 8.5, 3.375], "texture": "#0"}
			}
		},
		{
			"name": "Layer 3_3",
			"from": [8.25, 12.375, 8],
			"to": [8.375, 12.625, 8.0625],
			"faces": {
				"north": {"uv": [8.375, 3.375, 8.25, 3.625], "texture": "#0"},
				"south": {"uv": [8.25, 3.375, 8.375, 3.625], "texture": "#0"},
				"west": {"uv": [8.25, 3.375, 8.375, 3.625], "texture": "#0"},
				"up": {"uv": [8.25, 3.375, 8.375, 3.5], "texture": "#0"}
			}
		},
		{
			"name": "Layer 3_4",
			"from": [8.125, 12, 8],
			"to": [8.25, 12.375, 8.0625],
			"faces": {
				"north": {"uv": [8.25, 3.625, 8.125, 4], "texture": "#0"},
				"south": {"uv": [8.125, 3.625, 8.25, 4], "texture": "#0"},
				"west": {"uv": [8.125, 3.625, 8.25, 4], "texture": "#0"},
				"up": {"uv": [8.125, 3.625, 8.25, 3.75], "texture": "#0"}
			}
		},
		{
			"name": "Layer 3_5",
			"from": [8, 11.5, 8],
			"to": [8.125, 12, 8.0625],
			"faces": {
				"north": {"uv": [8.125, 4, 8, 4.5], "texture": "#0"},
				"south": {"uv": [8, 4, 8.125, 4.5], "texture": "#0"},
				"west": {"uv": [8, 4, 8.125, 4.5], "texture": "#0"},
				"up": {"uv": [8, 4, 8.125, 4.125], "texture": "#0"}
			}
		},
		{
			"name": "Layer 3_6",
			"from": [7.875, 10.375, 8],
			"to": [8, 11.5, 8.0625],
			"faces": {
				"north": {"uv": [8, 4.5, 7.875, 5.625], "texture": "#0"},
				"south": {"uv": [7.875, 4.5, 8, 5.625], "texture": "#0"},
				"west": {"uv": [7.875, 4.5, 8, 5.625], "texture": "#0"},
				"up": {"uv": [7.875, 4.5, 8, 4.625], "texture": "#0"}
			}
		},
		{
			"name": "Layer 3_7",
			"from": [7.75, 5.25, 8],
			"to": [7.875, 10.375, 8.0625],
			"faces": {
				"north": {"uv": [7.875, 5.625, 7.75, 10.75], "texture": "#0"},
				"south": {"uv": [7.75, 5.625, 7.875, 10.75], "texture": "#0"},
				"west": {"uv": [7.75, 5.625, 7.875, 10.75], "texture": "#0"},
				"up": {"uv": [7.75, 5.625, 7.875, 5.75], "texture": "#0"}
			}
		},
		{
			"name": "Layer 4_0",
			"from": [8.625, 12.625, 7.9375],
			"to": [8.75, 12.875, 8.125],
			"faces": {
				"north": {"uv": [8.75, 3.125, 8.625, 3.375], "texture": "#0"},
				"east": {"uv": [8.625, 3.125, 8.75, 3.375], "texture": "#0"},
				"south": {"uv": [8.625, 3.125, 8.75, 3.375], "texture": "#0"},
				"west": {"uv": [8.625, 3.125, 8.75, 3.375], "texture": "#0"},
				"up": {"uv": [8.625, 3.125, 8.75, 3.25], "texture": "#0"},
				"down": {"uv": [8.625, 3.25, 8.75, 3.375], "texture": "#0"}
			}
		},
		{
			"name": "Layer 4_1",
			"from": [8.5, 12.25, 7.9375],
			"to": [8.625, 12.75, 8.125],
			"faces": {
				"north": {"uv": [8.625, 3.25, 8.5, 3.75], "texture": "#0"},
				"east": {"uv": [8.5, 3.25, 8.625, 3.75], "texture": "#0"},
				"south": {"uv": [8.5, 3.25, 8.625, 3.75], "texture": "#0"},
				"west": {"uv": [8.5, 3.25, 8.625, 3.75], "texture": "#0"},
				"up": {"uv": [8.5, 3.25, 8.625, 3.375], "texture": "#0"},
				"down": {"uv": [8.5, 3.625, 8.625, 3.75], "texture": "#0"}
			}
		},
		{
			"name": "Layer 4_2",
			"from": [8.375, 11.5, 7.9375],
			"to": [8.5, 12.625, 8.125],
			"faces": {
				"north": {"uv": [8.5, 3.375, 8.375, 4.5], "texture": "#0"},
				"east": {"uv": [8.375, 3.375, 8.5, 4.5], "texture": "#0"},
				"south": {"uv": [8.375, 3.375, 8.5, 4.5], "texture": "#0"},
				"west": {"uv": [8.375, 3.375, 8.5, 4.5], "texture": "#0"},
				"up": {"uv": [8.375, 3.375, 8.5, 3.5], "texture": "#0"},
				"down": {"uv": [8.375, 4.375, 8.5, 4.5], "texture": "#0"}
			}
		},
		{
			"name": "Layer 4_3",
			"from": [8.25, 10.375, 7.9375],
			"to": [8.375, 12.375, 8.125],
			"faces": {
				"north": {"uv": [8.375, 3.625, 8.25, 5.625], "texture": "#0"},
				"east": {"uv": [8.25, 3.625, 8.375, 5.625], "texture": "#0"},
				"south": {"uv": [8.25, 3.625, 8.375, 5.625], "texture": "#0"},
				"west": {"uv": [8.25, 3.625, 8.375, 5.625], "texture": "#0"},
				"up": {"uv": [8.25, 3.625, 8.375, 3.75], "texture": "#0"},
				"down": {"uv": [8.25, 5.5, 8.375, 5.625], "texture": "#0"}
			}
		},
		{
			"name": "Layer 4_4",
			"from": [8.125, 5.25, 7.9375],
			"to": [8.25, 12, 8.125],
			"faces": {
				"north": {"uv": [8.25, 4, 8.125, 10.75], "texture": "#0"},
				"east": {"uv": [8.125, 4, 8.25, 10.75], "texture": "#0"},
				"south": {"uv": [8.125, 4, 8.25, 10.75], "texture": "#0"},
				"west": {"uv": [8.125, 4, 8.25, 10.75], "texture": "#0"},
				"up": {"uv": [8.125, 4, 8.25, 4.125], "texture": "#0"}
			}
		},
		{
			"name": "Layer 4_5",
			"from": [8, 5.25, 7.9375],
			"to": [8.125, 11.5, 8.125],
			"faces": {
				"north": {"uv": [8.125, 4.5, 8, 10.75], "texture": "#0"},
				"south": {"uv": [8, 4.5, 8.125, 10.75], "texture": "#0"},
				"west": {"uv": [8, 4.5, 8.125, 10.75], "texture": "#0"},
				"up": {"uv": [8, 4.5, 8.125, 4.625], "texture": "#0"}
			}
		},
		{
			"name": "Layer 4_6",
			"from": [7.875, 5.25, 7.9375],
			"to": [8, 10.375, 8.125],
			"faces": {
				"north": {"uv": [8, 5.625, 7.875, 10.75], "texture": "#0"},
				"south": {"uv": [7.875, 5.625, 8, 10.75], "texture": "#0"},
				"west": {"uv": [7.875, 5.625, 8, 10.75], "texture": "#0"},
				"up": {"uv": [7.875, 5.625, 8, 5.75], "texture": "#0"}
			}
		},
		{
			"name": "Layer 6_0",
			"from": [7.75, 1.25, 7.875],
			"to": [8.25, 4.5, 8.1875],
			"faces": {
				"north": {"uv": [8.25, 11.5, 7.75, 14.75], "texture": "#0"},
				"east": {"uv": [8.125, 11.5, 8.25, 14.75], "texture": "#0"},
				"south": {"uv": [7.75, 11.5, 8.25, 14.75], "texture": "#0"},
				"west": {"uv": [7.75, 11.5, 7.875, 14.75], "texture": "#0"},
				"down": {"uv": [7.75, 14.625, 8.25, 14.75], "texture": "#0"}
			}
		},
		{
			"name": "Layer 5_0",
			"from": [7.6875, 4.75, 7.875],
			"to": [8.3125, 5.25, 8.1875],
			"faces": {
				"north": {"uv": [8.375, 10.75, 7.625, 11.25], "texture": "#0"},
				"east": {"uv": [8.25, 10.75, 8.375, 11.25], "texture": "#0"},
				"south": {"uv": [7.625, 10.75, 8.375, 11.25], "texture": "#0"},
				"west": {"uv": [7.625, 10.75, 7.75, 11.25], "texture": "#0"},
				"up": {"uv": [7.625, 10.75, 8.375, 10.875], "texture": "#0"}
			}
		},
		{
			"name": "Layer 5_1",
			"from": [7.5, 4.5, 7.8125],
			"to": [8.5, 4.625, 8.25],
			"faces": {
				"north": {"uv": [8.5, 11.375, 7.5, 11.5], "texture": "#0"},
				"east": {"uv": [8.375, 11.375, 8.5, 11.5], "texture": "#0"},
				"south": {"uv": [7.5, 11.375, 8.5, 11.5], "texture": "#0"},
				"west": {"uv": [7.5, 11.375, 7.625, 11.5], "texture": "#0"},
				"down": {"uv": [7.5, 11.375, 8.5, 11.5], "texture": "#0"}
			}
		},
		{
			"name": "Layer 5-export_0",
			"from": [7.25, 4.625, 7.75],
			"to": [8.75, 4.75, 8.3125],
			"faces": {
				"north": {"uv": [8.75, 11.25, 7.25, 11.375], "texture": "#0"},
				"east": {"uv": [8.625, 11.25, 8.75, 11.375], "texture": "#0"},
				"south": {"uv": [7.25, 11.25, 8.75, 11.375], "texture": "#0"},
				"west": {"uv": [7.25, 11.25, 7.375, 11.375], "texture": "#0"},
				"up": {"uv": [7.25, 11.25, 8.75, 11.375], "texture": "#0"},
				"down": {"uv": [7.25, 11.25, 8.75, 11.375], "texture": "#0"}
			}
		},
		{
			"from": [0, 0, 8.0625],
			"to": [16, 16, 8.0625],
			"faces": {
				"north": {"uv": [16, 0, 0, 16], "texture": "#1"}
			}
		},
		{
			"from": [0, 0, 8],
			"to": [16, 16, 8],
			"faces": {
				"south": {"uv": [0, 0, 16, 16], "texture": "#1"}
			}
		}
	],
	"display": {
		"thirdperson_righthand": {
			"rotation": [0, -90, 0],
			"translation": [0.25, 10.75, 0.5],
			"scale": [3, 3, 3]
		},
		"thirdperson_lefthand": {
			"rotation": [0, 90, 0],
			"translation": [0.25, 10.75, 0.25],
			"scale": [3, 3, 3]
		},
		"firstperson_righthand": {
			"rotation": [1, -91, 0],
			"translation": [0, 7.5, 2.75],
			"scale": [1.25, 1.25, 1.25]
		},
		"firstperson_lefthand": {
			"rotation": [1, 91, 0],
			"translation": [0, 7.5, 2.75],
			"scale": [1.25, 1.25, 1.25]
		},
		"ground": {
			"translation": [0, 15.75, 0],
			"scale": [3, 3, 3]
		},
		"gui": {
			"rotation": [0, 0, -45],
			"translation": [0.5, 1.5, 0],
			"scale": [1.5, 1.5, 1.5]
		},
		"head": {
			"rotation": [180, 0, 45],
			"translation": [0, -14.75, 4.75],
			"scale": [3.5, 3.5, 3.5]
		},
		"fixed": {
			"rotation": [180, 0, 135],
			"translation": [-0.75, 2.5, 0],
			"scale": [2, 2, 2]
		}
	},
	"groups": [
		{
			"name": "Layer 3",
			"origin": [8, 8, 8],
			"color": 0,
			"children": [0, 1, 2, 3, 4, 5, 6, 7]
		},
		{
			"name": "Layer 4",
			"origin": [8, 8, 8],
			"color": 0,
			"children": [8, 9, 10, 11, 12, 13, 14]
		},
		{
			"name": "Layer 6",
			"origin": [8, 8, 8],
			"color": 0,
			"children": [15]
		},
		{
			"name": "Layer 5",
			"origin": [8, 8, 8],
			"color": 0,
			"children": [16, 17]
		},
		{
			"name": "Layer 5-export",
			"origin": [8, 8, 8],
			"color": 0,
			"children": [18]
		},
		19,
		20
	]
}