{
	"credit": "Made with Blockbench",
	"textures": {
		"0": "item/frostmorne",
		"1": "item/frostmorne_energy",
		"particle": "item/frostmorne"
	},
	"elements": [
		{
			"name": "Layer 2_11",
			"from": [5.875, 4.25, 7.9375],
			"to": [6, 4.5, 8.1875],
			"faces": {
				"north": {"uv": [6, 11.5, 5.875, 11.75], "texture": "#0"},
				"east": {"uv": [5.875, 11.5, 6, 11.75], "texture": "#0"},
				"south": {"uv": [5.875, 11.5, 6, 11.75], "texture": "#0"},
				"west": {"uv": [5.875, 11.5, 6, 11.75], "texture": "#0"},
				"up": {"uv": [5.875, 11.5, 6, 11.625], "texture": "#0"},
				"down": {"uv": [5.875, 11.625, 6, 11.75], "texture": "#0"}
			}
		},
		{
			"name": "Layer 2_12",
			"from": [9.875, 4.25, 7.9375],
			"to": [10, 4.5, 8.1875],
			"faces": {
				"north": {"uv": [10, 11.5, 9.875, 11.75], "texture": "#0"},
				"east": {"uv": [9.875, 11.5, 10, 11.75], "texture": "#0"},
				"south": {"uv": [9.875, 11.5, 10, 11.75], "texture": "#0"},
				"west": {"uv": [9.875, 11.5, 10, 11.75], "texture": "#0"},
				"up": {"uv": [9.875, 11.5, 10, 11.625], "texture": "#0"},
				"down": {"uv": [9.875, 11.625, 10, 11.75], "texture": "#0"}
			}
		},
		{
			"name": "Layer 2_15",
			"from": [6, 3.875, 7.9375],
			"to": [6.25, 4.375, 8.1875],
			"faces": {
				"north": {"uv": [6.25, 11.625, 6, 12.125], "texture": "#0"},
				"east": {"uv": [6.125, 11.625, 6.25, 12.125], "texture": "#0"},
				"south": {"uv": [6, 11.625, 6.25, 12.125], "texture": "#0"},
				"west": {"uv": [6, 11.625, 6.125, 12.125], "texture": "#0"},
				"up": {"uv": [6, 11.625, 6.25, 11.75], "texture": "#0"},
				"down": {"uv": [6, 12, 6.25, 12.125], "texture": "#0"}
			}
		},
		{
			"name": "Layer 2_16",
			"from": [9.625, 3.875, 7.9375],
			"to": [9.875, 4.375, 8.1875],
			"faces": {
				"north": {"uv": [9.875, 11.625, 9.625, 12.125], "texture": "#0"},
				"east": {"uv": [9.75, 11.625, 9.875, 12.125], "texture": "#0"},
				"south": {"uv": [9.625, 11.625, 9.875, 12.125], "texture": "#0"},
				"west": {"uv": [9.625, 11.625, 9.75, 12.125], "texture": "#0"},
				"up": {"uv": [9.625, 11.625, 9.875, 11.75], "texture": "#0"},
				"down": {"uv": [9.625, 12, 9.875, 12.125], "texture": "#0"}
			}
		},
		{
			"name": "Layer 2_19",
			"from": [6.25, 3.875, 7.9375],
			"to": [9.625, 4.25, 8.1875],
			"faces": {
				"north": {"uv": [9.625, 11.75, 6.25, 12.125], "texture": "#0"},
				"south": {"uv": [6.25, 11.75, 9.625, 12.125], "texture": "#0"},
				"up": {"uv": [6.25, 11.75, 9.625, 11.875], "texture": "#0"},
				"down": {"uv": [6.25, 12, 9.625, 12.125], "texture": "#0"}
			}
		},
		{
			"name": "Layer 2_24",
			"from": [6.125, 3.75, 7.9375],
			"to": [6.375, 3.875, 8.1875],
			"faces": {
				"north": {"uv": [6.375, 12.125, 6.125, 12.25], "texture": "#0"},
				"east": {"uv": [6.25, 12.125, 6.375, 12.25], "texture": "#0"},
				"south": {"uv": [6.125, 12.125, 6.375, 12.25], "texture": "#0"},
				"west": {"uv": [6.125, 12.125, 6.25, 12.25], "texture": "#0"},
				"down": {"uv": [6.125, 12.125, 6.375, 12.25], "texture": "#0"}
			}
		},
		{
			"name": "Layer 2_25",
			"from": [7.75, 0.125, 7.9375],
			"to": [8.125, 3.875, 8.1875],
			"faces": {
				"north": {"uv": [8.125, 12.125, 7.75, 15.875], "texture": "#0"},
				"east": {"uv": [8, 12.125, 8.125, 15.875], "texture": "#0"},
				"south": {"uv": [7.75, 12.125, 8.125, 15.875], "texture": "#0"},
				"west": {"uv": [7.75, 12.125, 7.875, 15.875], "texture": "#0"},
				"down": {"uv": [7.75, 15.75, 8.125, 15.875], "texture": "#0"}
			}
		},
		{
			"name": "Layer 2_26",
			"from": [9.5, 3.75, 7.9375],
			"to": [9.75, 3.875, 8.1875],
			"faces": {
				"north": {"uv": [9.75, 12.125, 9.5, 12.25], "texture": "#0"},
				"east": {"uv": [9.625, 12.125, 9.75, 12.25], "texture": "#0"},
				"south": {"uv": [9.5, 12.125, 9.75, 12.25], "texture": "#0"},
				"west": {"uv": [9.5, 12.125, 9.625, 12.25], "texture": "#0"},
				"down": {"uv": [9.5, 12.125, 9.75, 12.25], "texture": "#0"}
			}
		},
		{
			"name": "Layer 2_29",
			"from": [6.125, 3.625, 7.9375],
			"to": [6.25, 3.75, 8.1875],
			"faces": {
				"north": {"uv": [6.25, 12.25, 6.125, 12.375], "texture": "#0"},
				"east": {"uv": [6.125, 12.25, 6.25, 12.375], "texture": "#0"},
				"south": {"uv": [6.125, 12.25, 6.25, 12.375], "texture": "#0"},
				"west": {"uv": [6.125, 12.25, 6.25, 12.375], "texture": "#0"},
				"down": {"uv": [6.125, 12.25, 6.25, 12.375], "texture": "#0"}
			}
		},
		{
			"name": "Layer 2_30",
			"from": [9.625, 3.625, 7.9375],
			"to": [9.75, 3.75, 8.1875],
			"faces": {
				"north": {"uv": [9.75, 12.25, 9.625, 12.375], "texture": "#0"},
				"east": {"uv": [9.625, 12.25, 9.75, 12.375], "texture": "#0"},
				"south": {"uv": [9.625, 12.25, 9.75, 12.375], "texture": "#0"},
				"west": {"uv": [9.625, 12.25, 9.75, 12.375], "texture": "#0"},
				"down": {"uv": [9.625, 12.25, 9.75, 12.375], "texture": "#0"}
			}
		},
		{
			"name": "Layer 2_31",
			"from": [7.625, 0.375, 7.9375],
			"to": [7.75, 0.875, 8.1875],
			"faces": {
				"north": {"uv": [7.75, 15.125, 7.625, 15.625], "texture": "#0"},
				"south": {"uv": [7.625, 15.125, 7.75, 15.625], "texture": "#0"},
				"west": {"uv": [7.625, 15.125, 7.75, 15.625], "texture": "#0"},
				"up": {"uv": [7.625, 15.125, 7.75, 15.25], "texture": "#0"},
				"down": {"uv": [7.625, 15.5, 7.75, 15.625], "texture": "#0"}
			}
		},
		{
			"name": "Layer 2_32",
			"from": [8.125, 0.375, 7.9375],
			"to": [8.25, 0.875, 8.1875],
			"faces": {
				"north": {"uv": [8.25, 15.125, 8.125, 15.625], "texture": "#0"},
				"east": {"uv": [8.125, 15.125, 8.25, 15.625], "texture": "#0"},
				"south": {"uv": [8.125, 15.125, 8.25, 15.625], "texture": "#0"},
				"up": {"uv": [8.125, 15.125, 8.25, 15.25], "texture": "#0"},
				"down": {"uv": [8.125, 15.5, 8.25, 15.625], "texture": "#0"}
			}
		},
		{
			"name": "Layer 2_33",
			"from": [7.5, 0.625, 7.9375],
			"to": [7.625, 0.75, 8.1875],
			"faces": {
				"north": {"uv": [7.625, 15.25, 7.5, 15.375], "texture": "#0"},
				"south": {"uv": [7.5, 15.25, 7.625, 15.375], "texture": "#0"},
				"west": {"uv": [7.5, 15.25, 7.625, 15.375], "texture": "#0"},
				"up": {"uv": [7.5, 15.25, 7.625, 15.375], "texture": "#0"},
				"down": {"uv": [7.5, 15.25, 7.625, 15.375], "texture": "#0"}
			}
		},
		{
			"name": "Layer 2_34",
			"from": [8.25, 0.625, 7.9375],
			"to": [8.375, 0.75, 8.1875],
			"faces": {
				"north": {"uv": [8.375, 15.25, 8.25, 15.375], "texture": "#0"},
				"east": {"uv": [8.25, 15.25, 8.375, 15.375], "texture": "#0"},
				"south": {"uv": [8.25, 15.25, 8.375, 15.375], "texture": "#0"},
				"up": {"uv": [8.25, 15.25, 8.375, 15.375], "texture": "#0"},
				"down": {"uv": [8.25, 15.25, 8.375, 15.375], "texture": "#0"}
			}
		},
		{
			"name": "Layer 2_35",
			"from": [7.875, 0, 7.9375],
			"to": [8, 0.125, 8.1875],
			"faces": {
				"north": {"uv": [8, 15.875, 7.875, 16], "texture": "#0"},
				"east": {"uv": [7.875, 15.875, 8, 16], "texture": "#0"},
				"south": {"uv": [7.875, 15.875, 8, 16], "texture": "#0"},
				"west": {"uv": [7.875, 15.875, 8, 16], "texture": "#0"},
				"down": {"uv": [7.875, 15.875, 8, 16], "texture": "#0"}
			}
		},
		{
			"name": "Layer 4_0",
			"from": [7.875, 11.375, 7.9375],
			"to": [8, 14.25, 8.1875],
			"faces": {
				"north": {"uv": [8, 1.75, 7.875, 4.625], "texture": "#0"},
				"east": {"uv": [7.875, 1.75, 8, 4.625], "texture": "#0"},
				"south": {"uv": [7.875, 1.75, 8, 4.625], "texture": "#0"},
				"west": {"uv": [7.875, 1.75, 8, 4.625], "texture": "#0"},
				"up": {"uv": [7.875, 1.75, 8, 1.875], "texture": "#0"}
			}
		},
		{
			"name": "Layer 4_1",
			"from": [7.75, 11, 7.9375],
			"to": [7.875, 13.5, 8.1875],
			"faces": {
				"north": {"uv": [7.875, 2.5, 7.75, 5], "texture": "#0"},
				"south": {"uv": [7.75, 2.5, 7.875, 5], "texture": "#0"},
				"west": {"uv": [7.75, 2.5, 7.875, 5], "texture": "#0"},
				"up": {"uv": [7.75, 2.5, 7.875, 2.625], "texture": "#0"}
			}
		},
		{
			"name": "Layer 4_2",
			"from": [8, 11, 7.9375],
			"to": [8.125, 13.5, 8.1875],
			"faces": {
				"north": {"uv": [8.125, 2.5, 8, 5], "texture": "#0"},
				"east": {"uv": [8, 2.5, 8.125, 5], "texture": "#0"},
				"south": {"uv": [8, 2.5, 8.125, 5], "texture": "#0"},
				"up": {"uv": [8, 2.5, 8.125, 2.625], "texture": "#0"}
			}
		},
		{
			"name": "Layer 4_3",
			"from": [7.625, 7.5, 7.9375],
			"to": [7.75, 12.25, 8.1875],
			"faces": {
				"north": {"uv": [7.75, 3.75, 7.625, 8.5], "texture": "#0"},
				"south": {"uv": [7.625, 3.75, 7.75, 8.5], "texture": "#0"},
				"west": {"uv": [7.625, 3.75, 7.75, 8.5], "texture": "#0"},
				"up": {"uv": [7.625, 3.75, 7.75, 3.875], "texture": "#0"}
			}
		},
		{
			"name": "Layer 4_4",
			"from": [8.125, 7.5, 7.9375],
			"to": [8.25, 12.25, 8.1875],
			"faces": {
				"north": {"uv": [8.25, 3.75, 8.125, 8.5], "texture": "#0"},
				"east": {"uv": [8.125, 3.75, 8.25, 8.5], "texture": "#0"},
				"south": {"uv": [8.125, 3.75, 8.25, 8.5], "texture": "#0"},
				"up": {"uv": [8.125, 3.75, 8.25, 3.875], "texture": "#0"}
			}
		},
		{
			"name": "Layer 4_5",
			"from": [7.5, 4.875, 7.9375],
			"to": [7.625, 8.125, 8.1875],
			"faces": {
				"north": {"uv": [7.625, 7.875, 7.5, 11.125], "texture": "#0"},
				"south": {"uv": [7.5, 7.875, 7.625, 11.125], "texture": "#0"},
				"west": {"uv": [7.5, 7.875, 7.625, 11.125], "texture": "#0"},
				"up": {"uv": [7.5, 7.875, 7.625, 8], "texture": "#0"}
			}
		},
		{
			"name": "Layer 4_6",
			"from": [8.25, 6.875, 7.9375],
			"to": [8.375, 8.125, 8.1875],
			"faces": {
				"north": {"uv": [8.375, 7.875, 8.25, 9.125], "texture": "#0"},
				"east": {"uv": [8.25, 7.875, 8.375, 9.125], "texture": "#0"},
				"south": {"uv": [8.25, 7.875, 8.375, 9.125], "texture": "#0"},
				"up": {"uv": [8.25, 7.875, 8.375, 8], "texture": "#0"},
				"down": {"uv": [8.25, 9, 8.375, 9.125], "texture": "#0"}
			}
		},
		{
			"name": "Layer 4_7",
			"from": [7.375, 7.125, 7.9375],
			"to": [7.5, 7.625, 8.1875],
			"faces": {
				"north": {"uv": [7.5, 8.375, 7.375, 8.875], "texture": "#0"},
				"south": {"uv": [7.375, 8.375, 7.5, 8.875], "texture": "#0"},
				"west": {"uv": [7.375, 8.375, 7.5, 8.875], "texture": "#0"},
				"up": {"uv": [7.375, 8.375, 7.5, 8.5], "texture": "#0"},
				"down": {"uv": [7.375, 8.75, 7.5, 8.875], "texture": "#0"}
			}
		},
		{
			"name": "Layer 4_8",
			"from": [8.375, 7.125, 7.9375],
			"to": [8.5, 7.625, 8.1875],
			"faces": {
				"north": {"uv": [8.5, 8.375, 8.375, 8.875], "texture": "#0"},
				"east": {"uv": [8.375, 8.375, 8.5, 8.875], "texture": "#0"},
				"south": {"uv": [8.375, 8.375, 8.5, 8.875], "texture": "#0"},
				"up": {"uv": [8.375, 8.375, 8.5, 8.5], "texture": "#0"},
				"down": {"uv": [8.375, 8.75, 8.5, 8.875], "texture": "#0"}
			}
		},
		{
			"name": "Layer 4_9",
			"from": [7.25, 7.25, 7.9375],
			"to": [7.375, 7.375, 8.1875],
			"faces": {
				"north": {"uv": [7.375, 8.625, 7.25, 8.75], "texture": "#0"},
				"south": {"uv": [7.25, 8.625, 7.375, 8.75], "texture": "#0"},
				"west": {"uv": [7.25, 8.625, 7.375, 8.75], "texture": "#0"},
				"up": {"uv": [7.25, 8.625, 7.375, 8.75], "texture": "#0"},
				"down": {"uv": [7.25, 8.625, 7.375, 8.75], "texture": "#0"}
			}
		},
		{
			"name": "Layer 4_10",
			"from": [8.5, 7.25, 7.9375],
			"to": [8.625, 7.375, 8.1875],
			"faces": {
				"north": {"uv": [8.625, 8.625, 8.5, 8.75], "texture": "#0"},
				"east": {"uv": [8.5, 8.625, 8.625, 8.75], "texture": "#0"},
				"south": {"uv": [8.5, 8.625, 8.625, 8.75], "texture": "#0"},
				"up": {"uv": [8.5, 8.625, 8.625, 8.75], "texture": "#0"},
				"down": {"uv": [8.5, 8.625, 8.625, 8.75], "texture": "#0"}
			}
		},
		{
			"name": "Layer 4_11",
			"from": [7.625, 6.25, 7.9375],
			"to": [7.75, 7.25, 8.1875],
			"faces": {
				"north": {"uv": [7.75, 8.75, 7.625, 9.75], "texture": "#0"},
				"south": {"uv": [7.625, 8.75, 7.75, 9.75], "texture": "#0"}
			}
		},
		{
			"name": "Layer 4_12",
			"from": [8.125, 6.25, 7.9375],
			"to": [8.25, 7.25, 8.1875],
			"faces": {
				"north": {"uv": [8.25, 8.75, 8.125, 9.75], "texture": "#0"},
				"east": {"uv": [8.125, 8.75, 8.25, 9.75], "texture": "#0"},
				"south": {"uv": [8.125, 8.75, 8.25, 9.75], "texture": "#0"}
			}
		},
		{
			"name": "Layer 4_13",
			"from": [7.375, 6.5, 7.9375],
			"to": [7.5, 6.875, 8.1875],
			"faces": {
				"north": {"uv": [7.5, 9.125, 7.375, 9.5], "texture": "#0"},
				"south": {"uv": [7.375, 9.125, 7.5, 9.5], "texture": "#0"},
				"west": {"uv": [7.375, 9.125, 7.5, 9.5], "texture": "#0"},
				"up": {"uv": [7.375, 9.125, 7.5, 9.25], "texture": "#0"},
				"down": {"uv": [7.375, 9.375, 7.5, 9.5], "texture": "#0"}
			}
		},
		{
			"name": "Layer 4_14",
			"from": [7.25, 6.5, 7.9375],
			"to": [7.375, 6.625, 8.1875],
			"faces": {
				"north": {"uv": [7.375, 9.375, 7.25, 9.5], "texture": "#0"},
				"south": {"uv": [7.25, 9.375, 7.375, 9.5], "texture": "#0"},
				"west": {"uv": [7.25, 9.375, 7.375, 9.5], "texture": "#0"},
				"up": {"uv": [7.25, 9.375, 7.375, 9.5], "texture": "#0"},
				"down": {"uv": [7.25, 9.375, 7.375, 9.5], "texture": "#0"}
			}
		},
		{
			"name": "Layer 4_15",
			"from": [8.25, 4.875, 7.9375],
			"to": [8.375, 6.25, 8.1875],
			"faces": {
				"north": {"uv": [8.375, 9.75, 8.25, 11.125], "texture": "#0"},
				"east": {"uv": [8.25, 9.75, 8.375, 11.125], "texture": "#0"},
				"south": {"uv": [8.25, 9.75, 8.375, 11.125], "texture": "#0"},
				"up": {"uv": [8.25, 9.75, 8.375, 9.875], "texture": "#0"}
			}
		},
		{
			"name": "Layer 4_16",
			"from": [8.625, 5.75, 7.9375],
			"to": [8.75, 6.25, 8.1875],
			"faces": {
				"north": {"uv": [8.75, 9.75, 8.625, 10.25], "texture": "#0"},
				"east": {"uv": [8.625, 9.75, 8.75, 10.25], "texture": "#0"},
				"south": {"uv": [8.625, 9.75, 8.75, 10.25], "texture": "#0"},
				"west": {"uv": [8.625, 9.75, 8.75, 10.25], "texture": "#0"},
				"up": {"uv": [8.625, 9.75, 8.75, 9.875], "texture": "#0"},
				"down": {"uv": [8.625, 10.125, 8.75, 10.25], "texture": "#0"}
			}
		},
		{
			"name": "Layer 4_17",
			"from": [7.375, 5.25, 7.9375],
			"to": [7.5, 6.125, 8.1875],
			"faces": {
				"north": {"uv": [7.5, 9.875, 7.375, 10.75], "texture": "#0"},
				"south": {"uv": [7.375, 9.875, 7.5, 10.75], "texture": "#0"},
				"west": {"uv": [7.375, 9.875, 7.5, 10.75], "texture": "#0"},
				"up": {"uv": [7.375, 9.875, 7.5, 10], "texture": "#0"},
				"down": {"uv": [7.375, 10.625, 7.5, 10.75], "texture": "#0"}
			}
		},
		{
			"name": "Layer 4_18",
			"from": [8.375, 5.5, 7.9375],
			"to": [8.625, 6.125, 8.1875],
			"faces": {
				"north": {"uv": [8.625, 9.875, 8.375, 10.5], "texture": "#0"},
				"east": {"uv": [8.5, 9.875, 8.625, 10.5], "texture": "#0"},
				"south": {"uv": [8.375, 9.875, 8.625, 10.5], "texture": "#0"},
				"up": {"uv": [8.375, 9.875, 8.625, 10], "texture": "#0"},
				"down": {"uv": [8.375, 10.375, 8.625, 10.5], "texture": "#0"}
			}
		},
		{
			"name": "Layer 4_19",
			"from": [7.25, 5.375, 7.9375],
			"to": [7.375, 6, 8.1875],
			"faces": {
				"north": {"uv": [7.375, 10, 7.25, 10.625], "texture": "#0"},
				"south": {"uv": [7.25, 10, 7.375, 10.625], "texture": "#0"},
				"west": {"uv": [7.25, 10, 7.375, 10.625], "texture": "#0"},
				"up": {"uv": [7.25, 10, 7.375, 10.125], "texture": "#0"},
				"down": {"uv": [7.25, 10.5, 7.375, 10.625], "texture": "#0"}
			}
		},
		{
			"name": "Layer 4_20",
			"from": [7.125, 5.75, 7.9375],
			"to": [7.25, 5.875, 8.1875],
			"faces": {
				"north": {"uv": [7.25, 10.125, 7.125, 10.25], "texture": "#0"},
				"south": {"uv": [7.125, 10.125, 7.25, 10.25], "texture": "#0"},
				"west": {"uv": [7.125, 10.125, 7.25, 10.25], "texture": "#0"},
				"up": {"uv": [7.125, 10.125, 7.25, 10.25], "texture": "#0"},
				"down": {"uv": [7.125, 10.125, 7.25, 10.25], "texture": "#0"}
			}
		},
		{
			"name": "Layer 4_21",
			"from": [8.375, 5.375, 7.9375],
			"to": [8.5, 5.5, 8.1875],
			"faces": {
				"north": {"uv": [8.5, 10.5, 8.375, 10.625], "texture": "#0"},
				"east": {"uv": [8.375, 10.5, 8.5, 10.625], "texture": "#0"},
				"south": {"uv": [8.375, 10.5, 8.5, 10.625], "texture": "#0"},
				"down": {"uv": [8.375, 10.5, 8.5, 10.625], "texture": "#0"}
			}
		},
		{
			"name": "Layer 4_22",
			"from": [6, 5, 7.9375],
			"to": [6.125, 5.375, 8.1875],
			"faces": {
				"north": {"uv": [6.125, 10.625, 6, 11], "texture": "#0"},
				"east": {"uv": [6, 10.625, 6.125, 11], "texture": "#0"},
				"south": {"uv": [6, 10.625, 6.125, 11], "texture": "#0"},
				"west": {"uv": [6, 10.625, 6.125, 11], "texture": "#0"},
				"up": {"uv": [6, 10.625, 6.125, 10.75], "texture": "#0"},
				"down": {"uv": [6, 10.875, 6.125, 11], "texture": "#0"}
			}
		},
		{
			"name": "Layer 4_23",
			"from": [7.125, 5.25, 7.9375],
			"to": [7.25, 5.375, 8.1875],
			"faces": {
				"north": {"uv": [7.25, 10.625, 7.125, 10.75], "texture": "#0"},
				"east": {"uv": [7.125, 10.625, 7.25, 10.75], "texture": "#0"},
				"south": {"uv": [7.125, 10.625, 7.25, 10.75], "texture": "#0"},
				"west": {"uv": [7.125, 10.625, 7.25, 10.75], "texture": "#0"},
				"up": {"uv": [7.125, 10.625, 7.25, 10.75], "texture": "#0"},
				"down": {"uv": [7.125, 10.625, 7.25, 10.75], "texture": "#0"}
			}
		},
		{
			"name": "Layer 4_24",
			"from": [9.75, 5, 7.9375],
			"to": [9.875, 5.375, 8.1875],
			"faces": {
				"north": {"uv": [9.875, 10.625, 9.75, 11], "texture": "#0"},
				"east": {"uv": [9.75, 10.625, 9.875, 11], "texture": "#0"},
				"south": {"uv": [9.75, 10.625, 9.875, 11], "texture": "#0"},
				"west": {"uv": [9.75, 10.625, 9.875, 11], "texture": "#0"},
				"up": {"uv": [9.75, 10.625, 9.875, 10.75], "texture": "#0"},
				"down": {"uv": [9.75, 10.875, 9.875, 11], "texture": "#0"}
			}
		},
		{
			"name": "Layer 4_25",
			"from": [6.125, 4.75, 7.9375],
			"to": [6.25, 5.25, 8.1875],
			"faces": {
				"north": {"uv": [6.25, 10.75, 6.125, 11.25], "texture": "#0"},
				"east": {"uv": [6.125, 10.75, 6.25, 11.25], "texture": "#0"},
				"south": {"uv": [6.125, 10.75, 6.25, 11.25], "texture": "#0"},
				"west": {"uv": [6.125, 10.75, 6.25, 11.25], "texture": "#0"},
				"up": {"uv": [6.125, 10.75, 6.25, 10.875], "texture": "#0"},
				"down": {"uv": [6.125, 11.125, 6.25, 11.25], "texture": "#0"}
			}
		},
		{
			"name": "Layer 4_26",
			"from": [9.625, 4.75, 7.9375],
			"to": [9.75, 5.25, 8.1875],
			"faces": {
				"north": {"uv": [9.75, 10.75, 9.625, 11.25], "texture": "#0"},
				"east": {"uv": [9.625, 10.75, 9.75, 11.25], "texture": "#0"},
				"south": {"uv": [9.625, 10.75, 9.75, 11.25], "texture": "#0"},
				"west": {"uv": [9.625, 10.75, 9.75, 11.25], "texture": "#0"},
				"up": {"uv": [9.625, 10.75, 9.75, 10.875], "texture": "#0"},
				"down": {"uv": [9.625, 11.125, 9.75, 11.25], "texture": "#0"}
			}
		},
		{
			"name": "Layer 4_27",
			"from": [6.25, 4.625, 7.9375],
			"to": [6.375, 5.125, 8.1875],
			"faces": {
				"north": {"uv": [6.375, 10.875, 6.25, 11.375], "texture": "#0"},
				"east": {"uv": [6.25, 10.875, 6.375, 11.375], "texture": "#0"},
				"south": {"uv": [6.25, 10.875, 6.375, 11.375], "texture": "#0"},
				"west": {"uv": [6.25, 10.875, 6.375, 11.375], "texture": "#0"},
				"up": {"uv": [6.25, 10.875, 6.375, 11], "texture": "#0"},
				"down": {"uv": [6.25, 11.25, 6.375, 11.375], "texture": "#0"}
			}
		},
		{
			"name": "Layer 4_28",
			"from": [9.5, 4.625, 7.9375],
			"to": [9.625, 5.125, 8.1875],
			"faces": {
				"north": {"uv": [9.625, 10.875, 9.5, 11.375], "texture": "#0"},
				"east": {"uv": [9.5, 10.875, 9.625, 11.375], "texture": "#0"},
				"south": {"uv": [9.5, 10.875, 9.625, 11.375], "texture": "#0"},
				"west": {"uv": [9.5, 10.875, 9.625, 11.375], "texture": "#0"},
				"up": {"uv": [9.5, 10.875, 9.625, 11], "texture": "#0"},
				"down": {"uv": [9.5, 11.25, 9.625, 11.375], "texture": "#0"}
			}
		},
		{
			"name": "Layer 4_29",
			"from": [6.375, 4.5, 7.9375],
			"to": [6.625, 5, 8.1875],
			"faces": {
				"north": {"uv": [6.625, 11, 6.375, 11.5], "texture": "#0"},
				"east": {"uv": [6.5, 11, 6.625, 11.5], "texture": "#0"},
				"south": {"uv": [6.375, 11, 6.625, 11.5], "texture": "#0"},
				"west": {"uv": [6.375, 11, 6.5, 11.5], "texture": "#0"},
				"up": {"uv": [6.375, 11, 6.625, 11.125], "texture": "#0"},
				"down": {"uv": [6.375, 11.375, 6.625, 11.5], "texture": "#0"}
			}
		},
		{
			"name": "Layer 4_30",
			"from": [7.375, 4.875, 7.9375],
			"to": [7.5, 5, 8.1875],
			"faces": {
				"north": {"uv": [7.5, 11, 7.375, 11.125], "texture": "#0"},
				"south": {"uv": [7.375, 11, 7.5, 11.125], "texture": "#0"},
				"west": {"uv": [7.375, 11, 7.5, 11.125], "texture": "#0"},
				"up": {"uv": [7.375, 11, 7.5, 11.125], "texture": "#0"}
			}
		},
		{
			"name": "Layer 4_31",
			"from": [8.375, 4.875, 7.9375],
			"to": [8.5, 5, 8.1875],
			"faces": {
				"north": {"uv": [8.5, 11, 8.375, 11.125], "texture": "#0"},
				"east": {"uv": [8.375, 11, 8.5, 11.125], "texture": "#0"},
				"south": {"uv": [8.375, 11, 8.5, 11.125], "texture": "#0"},
				"up": {"uv": [8.375, 11, 8.5, 11.125], "texture": "#0"}
			}
		},
		{
			"name": "Layer 4_32",
			"from": [9.25, 4.5, 7.9375],
			"to": [9.5, 5, 8.1875],
			"faces": {
				"north": {"uv": [9.5, 11, 9.25, 11.5], "texture": "#0"},
				"east": {"uv": [9.375, 11, 9.5, 11.5], "texture": "#0"},
				"south": {"uv": [9.25, 11, 9.5, 11.5], "texture": "#0"},
				"west": {"uv": [9.25, 11, 9.375, 11.5], "texture": "#0"},
				"up": {"uv": [9.25, 11, 9.5, 11.125], "texture": "#0"},
				"down": {"uv": [9.25, 11.375, 9.5, 11.5], "texture": "#0"}
			}
		},
		{
			"name": "Layer 4_33",
			"from": [6.625, 4.75, 7.9375],
			"to": [7.375, 4.875, 8.1875],
			"faces": {
				"north": {"uv": [7.375, 11.125, 6.625, 11.25], "texture": "#0"},
				"south": {"uv": [6.625, 11.125, 7.375, 11.25], "texture": "#0"},
				"up": {"uv": [6.625, 11.125, 7.375, 11.25], "texture": "#0"}
			}
		},
		{
			"name": "Layer 4_34",
			"from": [8.5, 4.75, 7.9375],
			"to": [9.25, 4.875, 8.1875],
			"faces": {
				"north": {"uv": [9.25, 11.125, 8.5, 11.25], "texture": "#0"},
				"south": {"uv": [8.5, 11.125, 9.25, 11.25], "texture": "#0"},
				"up": {"uv": [8.5, 11.125, 9.25, 11.25], "texture": "#0"}
			}
		},
		{
			"name": "Layer 4_35",
			"from": [6.625, 4.375, 7.9375],
			"to": [6.875, 4.625, 8.1875],
			"faces": {
				"north": {"uv": [6.875, 11.375, 6.625, 11.625], "texture": "#0"},
				"south": {"uv": [6.625, 11.375, 6.875, 11.625], "texture": "#0"},
				"west": {"uv": [6.625, 11.375, 6.75, 11.625], "texture": "#0"},
				"down": {"uv": [6.625, 11.5, 6.875, 11.625], "texture": "#0"}
			}
		},
		{
			"name": "Layer 4_36",
			"from": [9, 4.375, 7.9375],
			"to": [9.25, 4.625, 8.1875],
			"faces": {
				"north": {"uv": [9.25, 11.375, 9, 11.625], "texture": "#0"},
				"east": {"uv": [9.125, 11.375, 9.25, 11.625], "texture": "#0"},
				"south": {"uv": [9, 11.375, 9.25, 11.625], "texture": "#0"},
				"down": {"uv": [9, 11.5, 9.25, 11.625], "texture": "#0"}
			}
		},
		{
			"name": "Layer 4_37",
			"from": [6.875, 4.25, 7.9375],
			"to": [7.25, 4.5, 8.1875],
			"faces": {
				"north": {"uv": [7.25, 11.5, 6.875, 11.75], "texture": "#0"},
				"south": {"uv": [6.875, 11.5, 7.25, 11.75], "texture": "#0"},
				"west": {"uv": [6.875, 11.5, 7, 11.75], "texture": "#0"}
			}
		},
		{
			"name": "Layer 4_38",
			"from": [8.625, 4.25, 7.9375],
			"to": [9, 4.5, 8.1875],
			"faces": {
				"north": {"uv": [9, 11.5, 8.625, 11.75], "texture": "#0"},
				"east": {"uv": [8.875, 11.5, 9, 11.75], "texture": "#0"},
				"south": {"uv": [8.625, 11.5, 9, 11.75], "texture": "#0"}
			}
		},
		{
			"name": "Layer 4_39",
			"from": [7.25, 4.25, 7.9375],
			"to": [7.375, 4.375, 8.1875],
			"faces": {
				"north": {"uv": [7.375, 11.625, 7.25, 11.75], "texture": "#0"},
				"south": {"uv": [7.25, 11.625, 7.375, 11.75], "texture": "#0"}
			}
		},
		{
			"name": "Layer 4_40",
			"from": [8.5, 4.25, 7.9375],
			"to": [8.625, 4.375, 8.1875],
			"faces": {
				"north": {"uv": [8.625, 11.625, 8.5, 11.75], "texture": "#0"},
				"south": {"uv": [8.5, 11.625, 8.625, 11.75], "texture": "#0"}
			}
		},
		{
			"name": "Layer 5_0",
			"from": [7.875, 5.875, 7.875],
			"to": [8, 11.375, 8.25],
			"faces": {
				"north": {"uv": [8, 4.625, 7.875, 10.125], "texture": "#0"},
				"east": {"uv": [7.875, 4.625, 8, 10.125], "texture": "#0"},
				"south": {"uv": [7.875, 4.625, 8, 10.125], "texture": "#0"},
				"west": {"uv": [7.875, 4.625, 8, 10.125], "texture": "#0"},
				"up": {"uv": [7.875, 4.625, 8, 4.75], "texture": "#0"}
			}
		},
		{
			"name": "Layer 5_1",
			"from": [7.75, 5.625, 7.875],
			"to": [7.875, 11, 8.25],
			"faces": {
				"north": {"uv": [7.875, 5, 7.75, 10.375], "texture": "#0"},
				"south": {"uv": [7.75, 5, 7.875, 10.375], "texture": "#0"},
				"west": {"uv": [7.75, 5, 7.875, 10.375], "texture": "#0"},
				"up": {"uv": [7.75, 5, 7.875, 5.125], "texture": "#0"}
			}
		},
		{
			"name": "Layer 5_2",
			"from": [8, 5.625, 7.875],
			"to": [8.125, 11, 8.25],
			"faces": {
				"north": {"uv": [8.125, 5, 8, 10.375], "texture": "#0"},
				"east": {"uv": [8, 5, 8.125, 10.375], "texture": "#0"},
				"south": {"uv": [8, 5, 8.125, 10.375], "texture": "#0"},
				"up": {"uv": [8, 5, 8.125, 5.125], "texture": "#0"}
			}
		},
		{
			"name": "Layer 5_3",
			"from": [7.625, 7.25, 7.875],
			"to": [7.75, 7.5, 8.25],
			"faces": {
				"north": {"uv": [7.75, 8.5, 7.625, 8.75], "texture": "#0"},
				"south": {"uv": [7.625, 8.5, 7.75, 8.75], "texture": "#0"},
				"west": {"uv": [7.625, 8.5, 7.75, 8.75], "texture": "#0"},
				"up": {"uv": [7.625, 8.5, 7.75, 8.625], "texture": "#0"},
				"down": {"uv": [7.625, 8.625, 7.75, 8.75], "texture": "#0"}
			}
		},
		{
			"name": "Layer 5_4",
			"from": [8.125, 7.25, 7.875],
			"to": [8.25, 7.5, 8.25],
			"faces": {
				"north": {"uv": [8.25, 8.5, 8.125, 8.75], "texture": "#0"},
				"east": {"uv": [8.125, 8.5, 8.25, 8.75], "texture": "#0"},
				"south": {"uv": [8.125, 8.5, 8.25, 8.75], "texture": "#0"},
				"up": {"uv": [8.125, 8.5, 8.25, 8.625], "texture": "#0"},
				"down": {"uv": [8.125, 8.625, 8.25, 8.75], "texture": "#0"}
			}
		},
		{
			"name": "Layer 5_5",
			"from": [7.625, 5.25, 7.875],
			"to": [7.75, 6.25, 8.25],
			"faces": {
				"north": {"uv": [7.75, 9.75, 7.625, 10.75], "texture": "#0"},
				"south": {"uv": [7.625, 9.75, 7.75, 10.75], "texture": "#0"},
				"west": {"uv": [7.625, 9.75, 7.75, 10.75], "texture": "#0"},
				"up": {"uv": [7.625, 9.75, 7.75, 9.875], "texture": "#0"}
			}
		},
		{
			"name": "Layer 5_6",
			"from": [8.125, 5.25, 7.875],
			"to": [8.25, 6.25, 8.25],
			"faces": {
				"north": {"uv": [8.25, 9.75, 8.125, 10.75], "texture": "#0"},
				"east": {"uv": [8.125, 9.75, 8.25, 10.75], "texture": "#0"},
				"south": {"uv": [8.125, 9.75, 8.25, 10.75], "texture": "#0"},
				"up": {"uv": [8.125, 9.75, 8.25, 9.875], "texture": "#0"}
			}
		},
		{
			"name": "Layer 5_7",
			"from": [7.375, 4.5, 7.875],
			"to": [7.5, 4.875, 8.25],
			"faces": {
				"north": {"uv": [7.5, 11.125, 7.375, 11.5], "texture": "#0"},
				"south": {"uv": [7.375, 11.125, 7.5, 11.5], "texture": "#0"},
				"west": {"uv": [7.375, 11.125, 7.5, 11.5], "texture": "#0"},
				"up": {"uv": [7.375, 11.125, 7.5, 11.25], "texture": "#0"}
			}
		},
		{
			"name": "Layer 5_8",
			"from": [8.375, 4.5, 7.875],
			"to": [8.5, 4.875, 8.25],
			"faces": {
				"north": {"uv": [8.5, 11.125, 8.375, 11.5], "texture": "#0"},
				"east": {"uv": [8.375, 11.125, 8.5, 11.5], "texture": "#0"},
				"south": {"uv": [8.375, 11.125, 8.5, 11.5], "texture": "#0"},
				"up": {"uv": [8.375, 11.125, 8.5, 11.25], "texture": "#0"}
			}
		},
		{
			"name": "Layer 5_9",
			"from": [6.625, 4.625, 7.875],
			"to": [7.375, 4.75, 8.25],
			"faces": {
				"north": {"uv": [7.375, 11.25, 6.625, 11.375], "texture": "#0"},
				"south": {"uv": [6.625, 11.25, 7.375, 11.375], "texture": "#0"},
				"west": {"uv": [6.625, 11.25, 6.75, 11.375], "texture": "#0"},
				"up": {"uv": [6.625, 11.25, 7.375, 11.375], "texture": "#0"},
				"down": {"uv": [6.625, 11.25, 7.375, 11.375], "texture": "#0"}
			}
		},
		{
			"name": "Layer 5_10",
			"from": [8.5, 4.5, 7.875],
			"to": [9, 4.75, 8.25],
			"faces": {
				"north": {"uv": [9, 11.25, 8.5, 11.5], "texture": "#0"},
				"east": {"uv": [8.875, 11.25, 9, 11.5], "texture": "#0"},
				"south": {"uv": [8.5, 11.25, 9, 11.5], "texture": "#0"},
				"up": {"uv": [8.5, 11.25, 9, 11.375], "texture": "#0"},
				"down": {"uv": [8.5, 11.375, 9, 11.5], "texture": "#0"}
			}
		},
		{
			"name": "Layer 5_11",
			"from": [9, 4.625, 7.875],
			"to": [9.25, 4.75, 8.25],
			"faces": {
				"north": {"uv": [9.25, 11.25, 9, 11.375], "texture": "#0"},
				"east": {"uv": [9.125, 11.25, 9.25, 11.375], "texture": "#0"},
				"south": {"uv": [9, 11.25, 9.25, 11.375], "texture": "#0"},
				"up": {"uv": [9, 11.25, 9.25, 11.375], "texture": "#0"},
				"down": {"uv": [9, 11.25, 9.25, 11.375], "texture": "#0"}
			}
		},
		{
			"name": "Layer 5_12",
			"from": [6.875, 4.5, 7.875],
			"to": [7.375, 4.625, 8.25],
			"faces": {
				"north": {"uv": [7.375, 11.375, 6.875, 11.5], "texture": "#0"},
				"south": {"uv": [6.875, 11.375, 7.375, 11.5], "texture": "#0"},
				"west": {"uv": [6.875, 11.375, 7, 11.5], "texture": "#0"},
				"down": {"uv": [6.875, 11.375, 7.375, 11.5], "texture": "#0"}
			}
		},
		{
			"name": "Layer 5_13",
			"from": [7.25, 4.375, 7.875],
			"to": [7.375, 4.5, 8.25],
			"faces": {
				"north": {"uv": [7.375, 11.5, 7.25, 11.625], "texture": "#0"},
				"south": {"uv": [7.25, 11.5, 7.375, 11.625], "texture": "#0"},
				"west": {"uv": [7.25, 11.5, 7.375, 11.625], "texture": "#0"},
				"down": {"uv": [7.25, 11.5, 7.375, 11.625], "texture": "#0"}
			}
		},
		{
			"name": "Layer 5_14",
			"from": [8.5, 4.375, 7.875],
			"to": [8.625, 4.5, 8.25],
			"faces": {
				"north": {"uv": [8.625, 11.5, 8.5, 11.625], "texture": "#0"},
				"east": {"uv": [8.5, 11.5, 8.625, 11.625], "texture": "#0"},
				"south": {"uv": [8.5, 11.5, 8.625, 11.625], "texture": "#0"},
				"down": {"uv": [8.5, 11.5, 8.625, 11.625], "texture": "#0"}
			}
		},
		{
			"name": "Layer 6_0",
			"from": [7.875, 14.25, 8],
			"to": [8, 14.75, 8.125],
			"faces": {
				"north": {"uv": [8, 1.25, 7.875, 1.75], "texture": "#0"},
				"east": {"uv": [7.875, 1.25, 8, 1.75], "texture": "#0"},
				"south": {"uv": [7.875, 1.25, 8, 1.75], "texture": "#0"},
				"west": {"uv": [7.875, 1.25, 8, 1.75], "texture": "#0"},
				"up": {"uv": [7.875, 1.25, 8, 1.375], "texture": "#0"}
			}
		},
		{
			"name": "Layer 6_1",
			"from": [7.75, 13.5, 8],
			"to": [7.875, 14.25, 8.125],
			"faces": {
				"north": {"uv": [7.875, 1.75, 7.75, 2.5], "texture": "#0"},
				"south": {"uv": [7.75, 1.75, 7.875, 2.5], "texture": "#0"},
				"west": {"uv": [7.75, 1.75, 7.875, 2.5], "texture": "#0"},
				"up": {"uv": [7.75, 1.75, 7.875, 1.875], "texture": "#0"}
			}
		},
		{
			"name": "Layer 6_2",
			"from": [8, 13.5, 8],
			"to": [8.125, 14.25, 8.125],
			"faces": {
				"north": {"uv": [8.125, 1.75, 8, 2.5], "texture": "#0"},
				"east": {"uv": [8, 1.75, 8.125, 2.5], "texture": "#0"},
				"south": {"uv": [8, 1.75, 8.125, 2.5], "texture": "#0"},
				"up": {"uv": [8, 1.75, 8.125, 1.875], "texture": "#0"}
			}
		},
		{
			"name": "Layer 6_3",
			"from": [7.625, 12.25, 8],
			"to": [7.75, 13.5, 8.125],
			"faces": {
				"north": {"uv": [7.75, 2.5, 7.625, 3.75], "texture": "#0"},
				"south": {"uv": [7.625, 2.5, 7.75, 3.75], "texture": "#0"},
				"west": {"uv": [7.625, 2.5, 7.75, 3.75], "texture": "#0"},
				"up": {"uv": [7.625, 2.5, 7.75, 2.625], "texture": "#0"}
			}
		},
		{
			"name": "Layer 6_4",
			"from": [8.125, 12.25, 8],
			"to": [8.25, 13.5, 8.125],
			"faces": {
				"north": {"uv": [8.25, 2.5, 8.125, 3.75], "texture": "#0"},
				"east": {"uv": [8.125, 2.5, 8.25, 3.75], "texture": "#0"},
				"south": {"uv": [8.125, 2.5, 8.25, 3.75], "texture": "#0"},
				"up": {"uv": [8.125, 2.5, 8.25, 2.625], "texture": "#0"}
			}
		},
		{
			"name": "Layer 6_5",
			"from": [7.5, 8.125, 8],
			"to": [7.625, 12.25, 8.125],
			"faces": {
				"north": {"uv": [7.625, 3.75, 7.5, 7.875], "texture": "#0"},
				"south": {"uv": [7.5, 3.75, 7.625, 7.875], "texture": "#0"},
				"west": {"uv": [7.5, 3.75, 7.625, 7.875], "texture": "#0"},
				"up": {"uv": [7.5, 3.75, 7.625, 3.875], "texture": "#0"}
			}
		},
		{
			"name": "Layer 6_6",
			"from": [8.25, 8.125, 8],
			"to": [8.375, 12.25, 8.125],
			"faces": {
				"north": {"uv": [8.375, 3.75, 8.25, 7.875], "texture": "#0"},
				"east": {"uv": [8.25, 3.75, 8.375, 7.875], "texture": "#0"},
				"south": {"uv": [8.25, 3.75, 8.375, 7.875], "texture": "#0"},
				"up": {"uv": [8.25, 3.75, 8.375, 3.875], "texture": "#0"}
			}
		},
		{
			"name": "Layer 6_7",
			"from": [7.375, 7.625, 8],
			"to": [7.5, 8.125, 8.125],
			"faces": {
				"north": {"uv": [7.5, 7.875, 7.375, 8.375], "texture": "#0"},
				"south": {"uv": [7.375, 7.875, 7.5, 8.375], "texture": "#0"},
				"west": {"uv": [7.375, 7.875, 7.5, 8.375], "texture": "#0"},
				"up": {"uv": [7.375, 7.875, 7.5, 8], "texture": "#0"}
			}
		},
		{
			"name": "Layer 6_8",
			"from": [8.375, 7.625, 8],
			"to": [8.5, 8.125, 8.125],
			"faces": {
				"north": {"uv": [8.5, 7.875, 8.375, 8.375], "texture": "#0"},
				"east": {"uv": [8.375, 7.875, 8.5, 8.375], "texture": "#0"},
				"south": {"uv": [8.375, 7.875, 8.5, 8.375], "texture": "#0"},
				"up": {"uv": [8.375, 7.875, 8.5, 8], "texture": "#0"}
			}
		},
		{
			"name": "Layer 6_9",
			"from": [7.25, 7.375, 8],
			"to": [7.375, 7.625, 8.125],
			"faces": {
				"north": {"uv": [7.375, 8.375, 7.25, 8.625], "texture": "#0"},
				"south": {"uv": [7.25, 8.375, 7.375, 8.625], "texture": "#0"},
				"west": {"uv": [7.25, 8.375, 7.375, 8.625], "texture": "#0"},
				"up": {"uv": [7.25, 8.375, 7.375, 8.5], "texture": "#0"}
			}
		},
		{
			"name": "Layer 6_10",
			"from": [8.5, 7.375, 8],
			"to": [8.625, 7.625, 8.125],
			"faces": {
				"north": {"uv": [8.625, 8.375, 8.5, 8.625], "texture": "#0"},
				"east": {"uv": [8.5, 8.375, 8.625, 8.625], "texture": "#0"},
				"south": {"uv": [8.5, 8.375, 8.625, 8.625], "texture": "#0"},
				"up": {"uv": [8.5, 8.375, 8.625, 8.5], "texture": "#0"}
			}
		},
		{
			"name": "Layer 6_11",
			"from": [7.125, 7.25, 8],
			"to": [7.25, 7.375, 8.125],
			"faces": {
				"north": {"uv": [7.25, 8.625, 7.125, 8.75], "texture": "#0"},
				"south": {"uv": [7.125, 8.625, 7.25, 8.75], "texture": "#0"},
				"west": {"uv": [7.125, 8.625, 7.25, 8.75], "texture": "#0"},
				"up": {"uv": [7.125, 8.625, 7.25, 8.75], "texture": "#0"},
				"down": {"uv": [7.125, 8.625, 7.25, 8.75], "texture": "#0"}
			}
		},
		{
			"name": "Layer 6_12",
			"from": [8.625, 7.25, 8],
			"to": [8.75, 7.375, 8.125],
			"faces": {
				"north": {"uv": [8.75, 8.625, 8.625, 8.75], "texture": "#0"},
				"east": {"uv": [8.625, 8.625, 8.75, 8.75], "texture": "#0"},
				"south": {"uv": [8.625, 8.625, 8.75, 8.75], "texture": "#0"},
				"up": {"uv": [8.625, 8.625, 8.75, 8.75], "texture": "#0"},
				"down": {"uv": [8.625, 8.625, 8.75, 8.75], "texture": "#0"}
			}
		},
		{
			"name": "Layer 6_13",
			"from": [7.25, 7.125, 8],
			"to": [7.375, 7.25, 8.125],
			"faces": {
				"north": {"uv": [7.375, 8.75, 7.25, 8.875], "texture": "#0"},
				"south": {"uv": [7.25, 8.75, 7.375, 8.875], "texture": "#0"},
				"west": {"uv": [7.25, 8.75, 7.375, 8.875], "texture": "#0"},
				"down": {"uv": [7.25, 8.75, 7.375, 8.875], "texture": "#0"}
			}
		},
		{
			"name": "Layer 6_14",
			"from": [8.5, 7.125, 8],
			"to": [8.625, 7.25, 8.125],
			"faces": {
				"north": {"uv": [8.625, 8.75, 8.5, 8.875], "texture": "#0"},
				"east": {"uv": [8.5, 8.75, 8.625, 8.875], "texture": "#0"},
				"south": {"uv": [8.5, 8.75, 8.625, 8.875], "texture": "#0"},
				"down": {"uv": [8.5, 8.75, 8.625, 8.875], "texture": "#0"}
			}
		},
		{
			"name": "Layer 6_15",
			"from": [7.375, 6.875, 8],
			"to": [7.5, 7.125, 8.125],
			"faces": {
				"north": {"uv": [7.5, 8.875, 7.375, 9.125], "texture": "#0"},
				"south": {"uv": [7.375, 8.875, 7.5, 9.125], "texture": "#0"},
				"west": {"uv": [7.375, 8.875, 7.5, 9.125], "texture": "#0"}
			}
		},
		{
			"name": "Layer 6_16",
			"from": [8.375, 6.875, 8],
			"to": [8.5, 7.125, 8.125],
			"faces": {
				"north": {"uv": [8.5, 8.875, 8.375, 9.125], "texture": "#0"},
				"east": {"uv": [8.375, 8.875, 8.5, 9.125], "texture": "#0"},
				"south": {"uv": [8.375, 8.875, 8.5, 9.125], "texture": "#0"},
				"down": {"uv": [8.375, 9, 8.5, 9.125], "texture": "#0"}
			}
		},
		{
			"name": "Layer 6_17",
			"from": [7.25, 6.625, 8],
			"to": [7.375, 6.875, 8.125],
			"faces": {
				"north": {"uv": [7.375, 9.125, 7.25, 9.375], "texture": "#0"},
				"south": {"uv": [7.25, 9.125, 7.375, 9.375], "texture": "#0"},
				"west": {"uv": [7.25, 9.125, 7.375, 9.375], "texture": "#0"},
				"up": {"uv": [7.25, 9.125, 7.375, 9.25], "texture": "#0"}
			}
		},
		{
			"name": "Layer 6_18",
			"from": [8.25, 6.25, 8],
			"to": [8.375, 6.875, 8.125],
			"faces": {
				"north": {"uv": [8.375, 9.125, 8.25, 9.75], "texture": "#0"},
				"east": {"uv": [8.25, 9.125, 8.375, 9.75], "texture": "#0"},
				"south": {"uv": [8.25, 9.125, 8.375, 9.75], "texture": "#0"}
			}
		},
		{
			"name": "Layer 6_19",
			"from": [7.125, 6.375, 8],
			"to": [7.25, 6.625, 8.125],
			"faces": {
				"north": {"uv": [7.25, 9.375, 7.125, 9.625], "texture": "#0"},
				"south": {"uv": [7.125, 9.375, 7.25, 9.625], "texture": "#0"},
				"west": {"uv": [7.125, 9.375, 7.25, 9.625], "texture": "#0"},
				"up": {"uv": [7.125, 9.375, 7.25, 9.5], "texture": "#0"},
				"down": {"uv": [7.125, 9.5, 7.25, 9.625], "texture": "#0"}
			}
		},
		{
			"name": "Layer 6_20",
			"from": [7, 6.375, 8],
			"to": [7.125, 6.5, 8.125],
			"faces": {
				"north": {"uv": [7.125, 9.5, 7, 9.625], "texture": "#0"},
				"south": {"uv": [7, 9.5, 7.125, 9.625], "texture": "#0"},
				"west": {"uv": [7, 9.5, 7.125, 9.625], "texture": "#0"},
				"up": {"uv": [7, 9.5, 7.125, 9.625], "texture": "#0"},
				"down": {"uv": [7, 9.5, 7.125, 9.625], "texture": "#0"}
			}
		},
		{
			"name": "Layer 6_21",
			"from": [7.25, 6.375, 8],
			"to": [7.5, 6.5, 8.125],
			"faces": {
				"north": {"uv": [7.5, 9.5, 7.25, 9.625], "texture": "#0"},
				"south": {"uv": [7.25, 9.5, 7.5, 9.625], "texture": "#0"},
				"down": {"uv": [7.25, 9.5, 7.5, 9.625], "texture": "#0"}
			}
		},
		{
			"name": "Layer 6_22",
			"from": [8.75, 5.75, 8],
			"to": [8.875, 6.5, 8.125],
			"faces": {
				"north": {"uv": [8.875, 9.5, 8.75, 10.25], "texture": "#0"},
				"east": {"uv": [8.75, 9.5, 8.875, 10.25], "texture": "#0"},
				"south": {"uv": [8.75, 9.5, 8.875, 10.25], "texture": "#0"},
				"west": {"uv": [8.75, 9.5, 8.875, 10.25], "texture": "#0"},
				"up": {"uv": [8.75, 9.5, 8.875, 9.625], "texture": "#0"},
				"down": {"uv": [8.75, 10.125, 8.875, 10.25], "texture": "#0"}
			}
		},
		{
			"name": "Layer 6_23",
			"from": [7.375, 6.125, 8],
			"to": [7.5, 6.375, 8.125],
			"faces": {
				"north": {"uv": [7.5, 9.625, 7.375, 9.875], "texture": "#0"},
				"south": {"uv": [7.375, 9.625, 7.5, 9.875], "texture": "#0"},
				"west": {"uv": [7.375, 9.625, 7.5, 9.875], "texture": "#0"}
			}
		},
		{
			"name": "Layer 6_24",
			"from": [8.625, 6.25, 8],
			"to": [8.75, 6.375, 8.125],
			"faces": {
				"north": {"uv": [8.75, 9.625, 8.625, 9.75], "texture": "#0"},
				"south": {"uv": [8.625, 9.625, 8.75, 9.75], "texture": "#0"},
				"west": {"uv": [8.625, 9.625, 8.75, 9.75], "texture": "#0"},
				"up": {"uv": [8.625, 9.625, 8.75, 9.75], "texture": "#0"}
			}
		},
		{
			"name": "Layer 6_25",
			"from": [8.375, 6.125, 8],
			"to": [8.625, 6.25, 8.125],
			"faces": {
				"north": {"uv": [8.625, 9.75, 8.375, 9.875], "texture": "#0"},
				"south": {"uv": [8.375, 9.75, 8.625, 9.875], "texture": "#0"},
				"up": {"uv": [8.375, 9.75, 8.625, 9.875], "texture": "#0"}
			}
		},
		{
			"name": "Layer 6_26",
			"from": [7.25, 6, 8],
			"to": [7.375, 6.125, 8.125],
			"faces": {
				"north": {"uv": [7.375, 9.875, 7.25, 10], "texture": "#0"},
				"south": {"uv": [7.25, 9.875, 7.375, 10], "texture": "#0"},
				"west": {"uv": [7.25, 9.875, 7.375, 10], "texture": "#0"},
				"up": {"uv": [7.25, 9.875, 7.375, 10], "texture": "#0"}
			}
		},
		{
			"name": "Layer 6_27",
			"from": [7.125, 5.875, 8],
			"to": [7.25, 6, 8.125],
			"faces": {
				"north": {"uv": [7.25, 10, 7.125, 10.125], "texture": "#0"},
				"south": {"uv": [7.125, 10, 7.25, 10.125], "texture": "#0"},
				"west": {"uv": [7.125, 10, 7.25, 10.125], "texture": "#0"},
				"up": {"uv": [7.125, 10, 7.25, 10.125], "texture": "#0"}
			}
		},
		{
			"name": "Layer 6_28",
			"from": [7, 5.625, 8],
			"to": [7.125, 5.875, 8.125],
			"faces": {
				"north": {"uv": [7.125, 10.125, 7, 10.375], "texture": "#0"},
				"south": {"uv": [7, 10.125, 7.125, 10.375], "texture": "#0"},
				"west": {"uv": [7, 10.125, 7.125, 10.375], "texture": "#0"},
				"up": {"uv": [7, 10.125, 7.125, 10.25], "texture": "#0"},
				"down": {"uv": [7, 10.25, 7.125, 10.375], "texture": "#0"}
			}
		},
		{
			"name": "Layer 6_29",
			"from": [6.875, 5.625, 8],
			"to": [7, 5.75, 8.125],
			"faces": {
				"north": {"uv": [7, 10.25, 6.875, 10.375], "texture": "#0"},
				"south": {"uv": [6.875, 10.25, 7, 10.375], "texture": "#0"},
				"west": {"uv": [6.875, 10.25, 7, 10.375], "texture": "#0"},
				"up": {"uv": [6.875, 10.25, 7, 10.375], "texture": "#0"},
				"down": {"uv": [6.875, 10.25, 7, 10.375], "texture": "#0"}
			}
		},
		{
			"name": "Layer 6_30",
			"from": [7.125, 5.375, 8],
			"to": [7.25, 5.75, 8.125],
			"faces": {
				"north": {"uv": [7.25, 10.25, 7.125, 10.625], "texture": "#0"},
				"south": {"uv": [7.125, 10.25, 7.25, 10.625], "texture": "#0"},
				"west": {"uv": [7.125, 10.25, 7.25, 10.625], "texture": "#0"}
			}
		},
		{
			"name": "Layer 6_31",
			"from": [8.625, 5.5, 8],
			"to": [8.75, 5.75, 8.125],
			"faces": {
				"north": {"uv": [8.75, 10.25, 8.625, 10.5], "texture": "#0"},
				"east": {"uv": [8.625, 10.25, 8.75, 10.5], "texture": "#0"},
				"south": {"uv": [8.625, 10.25, 8.75, 10.5], "texture": "#0"},
				"down": {"uv": [8.625, 10.375, 8.75, 10.5], "texture": "#0"}
			}
		},
		{
			"name": "Layer 6_32",
			"from": [8.5, 5.375, 8],
			"to": [8.625, 5.5, 8.125],
			"faces": {
				"north": {"uv": [8.625, 10.5, 8.5, 10.625], "texture": "#0"},
				"east": {"uv": [8.5, 10.5, 8.625, 10.625], "texture": "#0"},
				"south": {"uv": [8.5, 10.5, 8.625, 10.625], "texture": "#0"},
				"down": {"uv": [8.5, 10.5, 8.625, 10.625], "texture": "#0"}
			}
		},
		{
			"name": "Layer 6_33",
			"from": [7, 5.125, 8],
			"to": [7.125, 5.375, 8.125],
			"faces": {
				"north": {"uv": [7.125, 10.625, 7, 10.875], "texture": "#0"},
				"south": {"uv": [7, 10.625, 7.125, 10.875], "texture": "#0"},
				"west": {"uv": [7, 10.625, 7.125, 10.875], "texture": "#0"},
				"up": {"uv": [7, 10.625, 7.125, 10.75], "texture": "#0"},
				"down": {"uv": [7, 10.75, 7.125, 10.875], "texture": "#0"}
			}
		},
		{
			"name": "Layer 6_34",
			"from": [7.25, 5.25, 8],
			"to": [7.375, 5.375, 8.125],
			"faces": {
				"north": {"uv": [7.375, 10.625, 7.25, 10.75], "texture": "#0"},
				"south": {"uv": [7.25, 10.625, 7.375, 10.75], "texture": "#0"},
				"down": {"uv": [7.25, 10.625, 7.375, 10.75], "texture": "#0"}
			}
		},
		{
			"name": "Layer 6_35",
			"from": [8.375, 5.125, 8],
			"to": [8.5, 5.375, 8.125],
			"faces": {
				"north": {"uv": [8.5, 10.625, 8.375, 10.875], "texture": "#0"},
				"east": {"uv": [8.375, 10.625, 8.5, 10.875], "texture": "#0"},
				"south": {"uv": [8.375, 10.625, 8.5, 10.875], "texture": "#0"},
				"down": {"uv": [8.375, 10.75, 8.5, 10.875], "texture": "#0"}
			}
		},
		{
			"name": "Layer 6_36",
			"from": [6.875, 5.125, 8],
			"to": [7, 5.25, 8.125],
			"faces": {
				"north": {"uv": [7, 10.75, 6.875, 10.875], "texture": "#0"},
				"south": {"uv": [6.875, 10.75, 7, 10.875], "texture": "#0"},
				"west": {"uv": [6.875, 10.75, 7, 10.875], "texture": "#0"},
				"up": {"uv": [6.875, 10.75, 7, 10.875], "texture": "#0"},
				"down": {"uv": [6.875, 10.75, 7, 10.875], "texture": "#0"}
			}
		},
		{
			"name": "Layer 6_37",
			"from": [7.125, 5.125, 8],
			"to": [7.25, 5.25, 8.125],
			"faces": {
				"north": {"uv": [7.25, 10.75, 7.125, 10.875], "texture": "#0"},
				"east": {"uv": [7.125, 10.75, 7.25, 10.875], "texture": "#0"},
				"south": {"uv": [7.125, 10.75, 7.25, 10.875], "texture": "#0"},
				"down": {"uv": [7.125, 10.75, 7.25, 10.875], "texture": "#0"}
			}
		},
		{
			"name": "Layer 6_38",
			"from": [7.375, 5.125, 8],
			"to": [7.5, 5.25, 8.125],
			"faces": {
				"north": {"uv": [7.5, 10.75, 7.375, 10.875], "texture": "#0"},
				"south": {"uv": [7.375, 10.75, 7.5, 10.875], "texture": "#0"},
				"west": {"uv": [7.375, 10.75, 7.5, 10.875], "texture": "#0"},
				"down": {"uv": [7.375, 10.75, 7.5, 10.875], "texture": "#0"}
			}
		},
		{
			"name": "Layer 2_0",
			"from": [7.875, 5.75, 7.8125],
			"to": [8, 5.875, 8.3125],
			"faces": {
				"north": {"uv": [4.125, 10, 4, 10.125], "texture": "#0"},
				"east": {"uv": [4, 10, 4.125, 10.125], "texture": "#0"},
				"south": {"uv": [4, 10, 4.125, 10.125], "texture": "#0"},
				"west": {"uv": [4, 10, 4.125, 10.125], "texture": "#0"},
				"up": {"uv": [4, 10, 4.125, 10.125], "texture": "#0"}
			}
		},
		{
			"name": "Layer 2_1",
			"from": [7.875, 5.625, 7.8125],
			"to": [8, 5.75, 8.3125],
			"faces": {
				"north": {"uv": [4.125, 10.125, 4, 10.25], "texture": "#0"},
				"east": {"uv": [4, 10.125, 4.125, 10.25], "texture": "#0"},
				"south": {"uv": [4, 10.125, 4.125, 10.25], "texture": "#0"},
				"west": {"uv": [4, 10.125, 4.125, 10.25], "texture": "#0"}
			}
		},
		{
			"name": "Layer 2_2",
			"from": [7.75, 5.5, 7.8125],
			"to": [7.875, 5.625, 8.3125],
			"faces": {
				"north": {"uv": [4, 10.25, 3.875, 10.375], "texture": "#0"},
				"south": {"uv": [3.875, 10.25, 4, 10.375], "texture": "#0"},
				"west": {"uv": [3.875, 10.25, 4, 10.375], "texture": "#0"},
				"up": {"uv": [3.875, 10.25, 4, 10.375], "texture": "#0"}
			}
		},
		{
			"name": "Layer 2_3",
			"from": [7.875, 5.5, 7.8125],
			"to": [8, 5.625, 8.3125],
			"faces": {
				"north": {"uv": [4.125, 10.25, 4, 10.375], "texture": "#0"},
				"south": {"uv": [4, 10.25, 4.125, 10.375], "texture": "#0"}
			}
		},
		{
			"name": "Layer 2_4",
			"from": [8, 5.5, 7.8125],
			"to": [8.125, 5.625, 8.3125],
			"faces": {
				"north": {"uv": [4.25, 10.25, 4.125, 10.375], "texture": "#0"},
				"east": {"uv": [4.125, 10.25, 4.25, 10.375], "texture": "#0"},
				"south": {"uv": [4.125, 10.25, 4.25, 10.375], "texture": "#0"},
				"up": {"uv": [4.125, 10.25, 4.25, 10.375], "texture": "#0"}
			}
		},
		{
			"name": "Layer 2_5",
			"from": [7.75, 5.375, 7.8125],
			"to": [7.875, 5.5, 8.3125],
			"faces": {
				"north": {"uv": [4, 10.375, 3.875, 10.5], "texture": "#0"},
				"south": {"uv": [3.875, 10.375, 4, 10.5], "texture": "#0"},
				"west": {"uv": [3.875, 10.375, 4, 10.5], "texture": "#0"}
			}
		},
		{
			"name": "Layer 2_6",
			"from": [7.875, 5.375, 7.8125],
			"to": [8, 5.5, 8.3125],
			"faces": {
				"north": {"uv": [4.125, 10.375, 4, 10.5], "texture": "#0"},
				"south": {"uv": [4, 10.375, 4.125, 10.5], "texture": "#0"}
			}
		},
		{
			"name": "Layer 2_7",
			"from": [8, 5.375, 7.8125],
			"to": [8.125, 5.5, 8.3125],
			"faces": {
				"north": {"uv": [4.25, 10.375, 4.125, 10.5], "texture": "#0"},
				"east": {"uv": [4.125, 10.375, 4.25, 10.5], "texture": "#0"},
				"south": {"uv": [4.125, 10.375, 4.25, 10.5], "texture": "#0"}
			}
		},
		{
			"name": "Layer 2_8",
			"from": [7.75, 5.25, 7.8125],
			"to": [7.875, 5.375, 8.3125],
			"faces": {
				"north": {"uv": [4, 10.5, 3.875, 10.625], "texture": "#0"},
				"south": {"uv": [3.875, 10.5, 4, 10.625], "texture": "#0"},
				"west": {"uv": [3.875, 10.5, 4, 10.625], "texture": "#0"}
			}
		},
		{
			"name": "Layer 2_9",
			"from": [7.875, 5.25, 7.8125],
			"to": [8, 5.375, 8.3125],
			"faces": {
				"north": {"uv": [4.125, 10.5, 4, 10.625], "texture": "#0"},
				"south": {"uv": [4, 10.5, 4.125, 10.625], "texture": "#0"}
			}
		},
		{
			"name": "Layer 2_10",
			"from": [8, 5.25, 7.8125],
			"to": [8.125, 5.375, 8.3125],
			"faces": {
				"north": {"uv": [4.25, 10.5, 4.125, 10.625], "texture": "#0"},
				"east": {"uv": [4.125, 10.5, 4.25, 10.625], "texture": "#0"},
				"south": {"uv": [4.125, 10.5, 4.25, 10.625], "texture": "#0"}
			}
		},
		{
			"name": "Layer 2_11",
			"from": [7.625, 5.125, 7.8125],
			"to": [7.75, 5.25, 8.3125],
			"faces": {
				"north": {"uv": [3.875, 10.625, 3.75, 10.75], "texture": "#0"},
				"south": {"uv": [3.75, 10.625, 3.875, 10.75], "texture": "#0"},
				"west": {"uv": [3.75, 10.625, 3.875, 10.75], "texture": "#0"},
				"up": {"uv": [3.75, 10.625, 3.875, 10.75], "texture": "#0"}
			}
		},
		{
			"name": "Layer 2_12",
			"from": [7.75, 5.125, 7.8125],
			"to": [7.875, 5.25, 8.3125],
			"faces": {
				"north": {"uv": [4, 10.625, 3.875, 10.75], "texture": "#0"},
				"south": {"uv": [3.875, 10.625, 4, 10.75], "texture": "#0"}
			}
		},
		{
			"name": "Layer 2_13",
			"from": [7.875, 5.125, 7.8125],
			"to": [8, 5.25, 8.3125],
			"faces": {
				"north": {"uv": [4.125, 10.625, 4, 10.75], "texture": "#0"},
				"south": {"uv": [4, 10.625, 4.125, 10.75], "texture": "#0"}
			}
		},
		{
			"name": "Layer 2_14",
			"from": [8, 5.125, 7.8125],
			"to": [8.125, 5.25, 8.3125],
			"faces": {
				"north": {"uv": [4.25, 10.625, 4.125, 10.75], "texture": "#0"},
				"south": {"uv": [4.125, 10.625, 4.25, 10.75], "texture": "#0"}
			}
		},
		{
			"name": "Layer 2_15",
			"from": [8.125, 5.125, 7.8125],
			"to": [8.25, 5.25, 8.3125],
			"faces": {
				"north": {"uv": [4.375, 10.625, 4.25, 10.75], "texture": "#0"},
				"east": {"uv": [4.25, 10.625, 4.375, 10.75], "texture": "#0"},
				"south": {"uv": [4.25, 10.625, 4.375, 10.75], "texture": "#0"},
				"up": {"uv": [4.25, 10.625, 4.375, 10.75], "texture": "#0"}
			}
		},
		{
			"name": "Layer 2_16",
			"from": [7.625, 5, 7.8125],
			"to": [7.75, 5.125, 8.3125],
			"faces": {
				"north": {"uv": [3.875, 10.75, 3.75, 10.875], "texture": "#0"},
				"south": {"uv": [3.75, 10.75, 3.875, 10.875], "texture": "#0"},
				"west": {"uv": [3.75, 10.75, 3.875, 10.875], "texture": "#0"}
			}
		},
		{
			"name": "Layer 2_17",
			"from": [7.75, 5, 7.8125],
			"to": [7.875, 5.125, 8.3125],
			"faces": {
				"north": {"uv": [4, 10.75, 3.875, 10.875], "texture": "#0"},
				"south": {"uv": [3.875, 10.75, 4, 10.875], "texture": "#0"}
			}
		},
		{
			"name": "Layer 2_18",
			"from": [7.875, 5, 7.8125],
			"to": [8, 5.125, 8.3125],
			"faces": {
				"north": {"uv": [4.125, 10.75, 4, 10.875], "texture": "#0"},
				"south": {"uv": [4, 10.75, 4.125, 10.875], "texture": "#0"}
			}
		},
		{
			"name": "Layer 2_19",
			"from": [8, 5, 7.8125],
			"to": [8.125, 5.125, 8.3125],
			"faces": {
				"north": {"uv": [4.25, 10.75, 4.125, 10.875], "texture": "#0"},
				"south": {"uv": [4.125, 10.75, 4.25, 10.875], "texture": "#0"}
			}
		},
		{
			"name": "Layer 2_20",
			"from": [8.125, 5, 7.8125],
			"to": [8.25, 5.125, 8.3125],
			"faces": {
				"north": {"uv": [4.375, 10.75, 4.25, 10.875], "texture": "#0"},
				"east": {"uv": [4.25, 10.75, 4.375, 10.875], "texture": "#0"},
				"south": {"uv": [4.25, 10.75, 4.375, 10.875], "texture": "#0"}
			}
		},
		{
			"name": "Layer 2_21",
			"from": [7.625, 4.875, 7.8125],
			"to": [7.75, 5, 8.3125],
			"faces": {
				"north": {"uv": [3.875, 10.875, 3.75, 11], "texture": "#0"},
				"south": {"uv": [3.75, 10.875, 3.875, 11], "texture": "#0"},
				"west": {"uv": [3.75, 10.875, 3.875, 11], "texture": "#0"}
			}
		},
		{
			"name": "Layer 2_22",
			"from": [7.75, 4.875, 7.8125],
			"to": [7.875, 5, 8.3125],
			"faces": {
				"north": {"uv": [4, 10.875, 3.875, 11], "texture": "#0"},
				"south": {"uv": [3.875, 10.875, 4, 11], "texture": "#0"}
			}
		},
		{
			"name": "Layer 2_23",
			"from": [7.875, 4.875, 7.8125],
			"to": [8, 5, 8.3125],
			"faces": {
				"north": {"uv": [4.125, 10.875, 4, 11], "texture": "#0"},
				"south": {"uv": [4, 10.875, 4.125, 11], "texture": "#0"}
			}
		},
		{
			"name": "Layer 2_24",
			"from": [8, 4.875, 7.8125],
			"to": [8.125, 5, 8.3125],
			"faces": {
				"north": {"uv": [4.25, 10.875, 4.125, 11], "texture": "#0"},
				"south": {"uv": [4.125, 10.875, 4.25, 11], "texture": "#0"}
			}
		},
		{
			"name": "Layer 2_25",
			"from": [8.125, 4.875, 7.8125],
			"to": [8.25, 5, 8.3125],
			"faces": {
				"north": {"uv": [4.375, 10.875, 4.25, 11], "texture": "#0"},
				"east": {"uv": [4.25, 10.875, 4.375, 11], "texture": "#0"},
				"south": {"uv": [4.25, 10.875, 4.375, 11], "texture": "#0"}
			}
		},
		{
			"name": "Layer 2_26",
			"from": [7.5, 4.75, 7.8125],
			"to": [7.625, 4.875, 8.3125],
			"faces": {
				"north": {"uv": [3.75, 11, 3.625, 11.125], "texture": "#0"},
				"south": {"uv": [3.625, 11, 3.75, 11.125], "texture": "#0"},
				"west": {"uv": [3.625, 11, 3.75, 11.125], "texture": "#0"},
				"up": {"uv": [3.625, 11, 3.75, 11.125], "texture": "#0"}
			}
		},
		{
			"name": "Layer 2_27",
			"from": [7.625, 4.75, 7.8125],
			"to": [7.75, 4.875, 8.3125],
			"faces": {
				"north": {"uv": [3.875, 11, 3.75, 11.125], "texture": "#0"},
				"south": {"uv": [3.75, 11, 3.875, 11.125], "texture": "#0"}
			}
		},
		{
			"name": "Layer 2_28",
			"from": [7.75, 4.75, 7.8125],
			"to": [7.875, 4.875, 8.3125],
			"faces": {
				"north": {"uv": [4, 11, 3.875, 11.125], "texture": "#0"},
				"south": {"uv": [3.875, 11, 4, 11.125], "texture": "#0"}
			}
		},
		{
			"name": "Layer 2_29",
			"from": [7.875, 4.75, 7.8125],
			"to": [8, 4.875, 8.3125],
			"faces": {
				"north": {"uv": [4.125, 11, 4, 11.125], "texture": "#0"},
				"south": {"uv": [4, 11, 4.125, 11.125], "texture": "#0"}
			}
		},
		{
			"name": "Layer 2_30",
			"from": [8, 4.75, 7.8125],
			"to": [8.125, 4.875, 8.3125],
			"faces": {
				"north": {"uv": [4.25, 11, 4.125, 11.125], "texture": "#0"},
				"south": {"uv": [4.125, 11, 4.25, 11.125], "texture": "#0"}
			}
		},
		{
			"name": "Layer 2_31",
			"from": [8.125, 4.75, 7.8125],
			"to": [8.25, 4.875, 8.3125],
			"faces": {
				"north": {"uv": [4.375, 11, 4.25, 11.125], "texture": "#0"},
				"south": {"uv": [4.25, 11, 4.375, 11.125], "texture": "#0"}
			}
		},
		{
			"name": "Layer 2_32",
			"from": [8.25, 4.75, 7.8125],
			"to": [8.375, 4.875, 8.3125],
			"faces": {
				"north": {"uv": [4.5, 11, 4.375, 11.125], "texture": "#0"},
				"east": {"uv": [4.375, 11, 4.5, 11.125], "texture": "#0"},
				"south": {"uv": [4.375, 11, 4.5, 11.125], "texture": "#0"},
				"up": {"uv": [4.375, 11, 4.5, 11.125], "texture": "#0"}
			}
		},
		{
			"name": "Layer 2_33",
			"from": [7.5, 4.625, 7.8125],
			"to": [7.625, 4.75, 8.3125],
			"faces": {
				"north": {"uv": [3.75, 11.125, 3.625, 11.25], "texture": "#0"},
				"south": {"uv": [3.625, 11.125, 3.75, 11.25], "texture": "#0"},
				"west": {"uv": [3.625, 11.125, 3.75, 11.25], "texture": "#0"}
			}
		},
		{
			"name": "Layer 2_34",
			"from": [7.625, 4.625, 7.8125],
			"to": [7.75, 4.75, 8.3125],
			"faces": {
				"north": {"uv": [3.875, 11.125, 3.75, 11.25], "texture": "#0"},
				"south": {"uv": [3.75, 11.125, 3.875, 11.25], "texture": "#0"}
			}
		},
		{
			"name": "Layer 2_35",
			"from": [7.75, 4.625, 7.8125],
			"to": [7.875, 4.75, 8.3125],
			"faces": {
				"north": {"uv": [4, 11.125, 3.875, 11.25], "texture": "#0"},
				"south": {"uv": [3.875, 11.125, 4, 11.25], "texture": "#0"}
			}
		},
		{
			"name": "Layer 2_36",
			"from": [7.875, 4.625, 7.8125],
			"to": [8, 4.75, 8.3125],
			"faces": {
				"north": {"uv": [4.125, 11.125, 4, 11.25], "texture": "#0"},
				"south": {"uv": [4, 11.125, 4.125, 11.25], "texture": "#0"}
			}
		},
		{
			"name": "Layer 2_37",
			"from": [8, 4.625, 7.8125],
			"to": [8.125, 4.75, 8.3125],
			"faces": {
				"north": {"uv": [4.25, 11.125, 4.125, 11.25], "texture": "#0"},
				"south": {"uv": [4.125, 11.125, 4.25, 11.25], "texture": "#0"}
			}
		},
		{
			"name": "Layer 2_38",
			"from": [8.125, 4.625, 7.8125],
			"to": [8.25, 4.75, 8.3125],
			"faces": {
				"north": {"uv": [4.375, 11.125, 4.25, 11.25], "texture": "#0"},
				"south": {"uv": [4.25, 11.125, 4.375, 11.25], "texture": "#0"}
			}
		},
		{
			"name": "Layer 2_39",
			"from": [8.25, 4.625, 7.8125],
			"to": [8.375, 4.75, 8.3125],
			"faces": {
				"north": {"uv": [4.5, 11.125, 4.375, 11.25], "texture": "#0"},
				"east": {"uv": [4.375, 11.125, 4.5, 11.25], "texture": "#0"},
				"south": {"uv": [4.375, 11.125, 4.5, 11.25], "texture": "#0"}
			}
		},
		{
			"name": "Layer 2_40",
			"from": [7.5, 4.5, 7.8125],
			"to": [7.625, 4.625, 8.3125],
			"faces": {
				"north": {"uv": [3.75, 11.25, 3.625, 11.375], "texture": "#0"},
				"south": {"uv": [3.625, 11.25, 3.75, 11.375], "texture": "#0"},
				"west": {"uv": [3.625, 11.25, 3.75, 11.375], "texture": "#0"}
			}
		},
		{
			"name": "Layer 2_41",
			"from": [7.625, 4.5, 7.8125],
			"to": [7.75, 4.625, 8.3125],
			"faces": {
				"north": {"uv": [3.875, 11.25, 3.75, 11.375], "texture": "#0"},
				"south": {"uv": [3.75, 11.25, 3.875, 11.375], "texture": "#0"}
			}
		},
		{
			"name": "Layer 2_42",
			"from": [7.75, 4.5, 7.8125],
			"to": [7.875, 4.625, 8.3125],
			"faces": {
				"north": {"uv": [4, 11.25, 3.875, 11.375], "texture": "#0"},
				"south": {"uv": [3.875, 11.25, 4, 11.375], "texture": "#0"}
			}
		},
		{
			"name": "Layer 2_43",
			"from": [7.875, 4.5, 7.8125],
			"to": [8, 4.625, 8.3125],
			"faces": {
				"north": {"uv": [4.125, 11.25, 4, 11.375], "texture": "#0"},
				"south": {"uv": [4, 11.25, 4.125, 11.375], "texture": "#0"}
			}
		},
		{
			"name": "Layer 2_44",
			"from": [8, 4.5, 7.8125],
			"to": [8.125, 4.625, 8.3125],
			"faces": {
				"north": {"uv": [4.25, 11.25, 4.125, 11.375], "texture": "#0"},
				"south": {"uv": [4.125, 11.25, 4.25, 11.375], "texture": "#0"}
			}
		},
		{
			"name": "Layer 2_45",
			"from": [8.125, 4.5, 7.8125],
			"to": [8.25, 4.625, 8.3125],
			"faces": {
				"north": {"uv": [4.375, 11.25, 4.25, 11.375], "texture": "#0"},
				"south": {"uv": [4.25, 11.25, 4.375, 11.375], "texture": "#0"}
			}
		},
		{
			"name": "Layer 2_46",
			"from": [8.25, 4.5, 7.8125],
			"to": [8.375, 4.625, 8.3125],
			"faces": {
				"north": {"uv": [4.5, 11.25, 4.375, 11.375], "texture": "#0"},
				"east": {"uv": [4.375, 11.25, 4.5, 11.375], "texture": "#0"},
				"south": {"uv": [4.375, 11.25, 4.5, 11.375], "texture": "#0"}
			}
		},
		{
			"name": "Layer 2_47",
			"from": [7.375, 4.375, 7.8125],
			"to": [7.5, 4.5, 8.3125],
			"faces": {
				"north": {"uv": [3.625, 11.375, 3.5, 11.5], "texture": "#0"},
				"south": {"uv": [3.5, 11.375, 3.625, 11.5], "texture": "#0"},
				"west": {"uv": [3.5, 11.375, 3.625, 11.5], "texture": "#0"},
				"up": {"uv": [3.5, 11.375, 3.625, 11.5], "texture": "#0"}
			}
		},
		{
			"name": "Layer 2_48",
			"from": [7.5, 4.375, 7.8125],
			"to": [7.625, 4.5, 8.3125],
			"faces": {
				"north": {"uv": [3.75, 11.375, 3.625, 11.5], "texture": "#0"},
				"south": {"uv": [3.625, 11.375, 3.75, 11.5], "texture": "#0"}
			}
		},
		{
			"name": "Layer 2_49",
			"from": [7.625, 4.375, 7.8125],
			"to": [7.75, 4.5, 8.3125],
			"faces": {
				"north": {"uv": [3.875, 11.375, 3.75, 11.5], "texture": "#0"},
				"south": {"uv": [3.75, 11.375, 3.875, 11.5], "texture": "#0"}
			}
		},
		{
			"name": "Layer 2_50",
			"from": [7.75, 4.375, 7.8125],
			"to": [7.875, 4.5, 8.3125],
			"faces": {
				"north": {"uv": [4, 11.375, 3.875, 11.5], "texture": "#0"},
				"south": {"uv": [3.875, 11.375, 4, 11.5], "texture": "#0"}
			}
		},
		{
			"name": "Layer 2_51",
			"from": [7.875, 4.375, 7.8125],
			"to": [8, 4.5, 8.3125],
			"faces": {
				"north": {"uv": [4.125, 11.375, 4, 11.5], "texture": "#0"},
				"south": {"uv": [4, 11.375, 4.125, 11.5], "texture": "#0"}
			}
		},
		{
			"name": "Layer 2_52",
			"from": [8, 4.375, 7.8125],
			"to": [8.125, 4.5, 8.3125],
			"faces": {
				"north": {"uv": [4.25, 11.375, 4.125, 11.5], "texture": "#0"},
				"south": {"uv": [4.125, 11.375, 4.25, 11.5], "texture": "#0"}
			}
		},
		{
			"name": "Layer 2_53",
			"from": [8.125, 4.375, 7.8125],
			"to": [8.25, 4.5, 8.3125],
			"faces": {
				"north": {"uv": [4.375, 11.375, 4.25, 11.5], "texture": "#0"},
				"south": {"uv": [4.25, 11.375, 4.375, 11.5], "texture": "#0"}
			}
		},
		{
			"name": "Layer 2_54",
			"from": [8.25, 4.375, 7.8125],
			"to": [8.375, 4.5, 8.3125],
			"faces": {
				"north": {"uv": [4.5, 11.375, 4.375, 11.5], "texture": "#0"},
				"south": {"uv": [4.375, 11.375, 4.5, 11.5], "texture": "#0"}
			}
		},
		{
			"name": "Layer 2_55",
			"from": [8.375, 4.375, 7.8125],
			"to": [8.5, 4.5, 8.3125],
			"faces": {
				"north": {"uv": [4.625, 11.375, 4.5, 11.5], "texture": "#0"},
				"east": {"uv": [4.5, 11.375, 4.625, 11.5], "texture": "#0"},
				"south": {"uv": [4.5, 11.375, 4.625, 11.5], "texture": "#0"},
				"up": {"uv": [4.5, 11.375, 4.625, 11.5], "texture": "#0"}
			}
		},
		{
			"name": "Layer 2_56",
			"from": [6.625, 4.25, 7.8125],
			"to": [6.75, 4.375, 8.0625],
			"faces": {
				"north": {"uv": [2.875, 11.5, 2.75, 11.625], "texture": "#0"},
				"south": {"uv": [2.75, 11.5, 2.875, 11.625], "texture": "#0"},
				"west": {"uv": [2.75, 11.5, 2.875, 11.625], "texture": "#0"},
				"up": {"uv": [2.75, 11.5, 2.875, 11.625], "texture": "#0"},
				"down": {"uv": [2.75, 11.5, 2.875, 11.625], "texture": "#0"}
			}
		},
		{
			"name": "Layer 2_57",
			"from": [6.75, 4.25, 7.8125],
			"to": [6.875, 4.375, 8.0625],
			"faces": {
				"north": {"uv": [3, 11.5, 2.875, 11.625], "texture": "#0"},
				"south": {"uv": [2.875, 11.5, 3, 11.625], "texture": "#0"},
				"up": {"uv": [2.875, 11.5, 3, 11.625], "texture": "#0"}
			}
		},
		{
			"name": "Layer 2_58",
			"from": [6.875, 4.25, 7.8125],
			"to": [7, 4.375, 8.0625],
			"faces": {
				"north": {"uv": [3.125, 11.5, 3, 11.625], "texture": "#0"},
				"east": {"uv": [3, 11.5, 3.125, 11.625], "texture": "#0"},
				"up": {"uv": [3, 11.5, 3.125, 11.625], "texture": "#0"}
			}
		},
		{
			"name": "Layer 2_59",
			"from": [7.375, 4.25, 7.8125],
			"to": [7.5, 4.375, 8.3125],
			"faces": {
				"north": {"uv": [3.625, 11.5, 3.5, 11.625], "texture": "#0"},
				"south": {"uv": [3.5, 11.5, 3.625, 11.625], "texture": "#0"},
				"west": {"uv": [3.5, 11.5, 3.625, 11.625], "texture": "#0"},
				"down": {"uv": [3.5, 11.5, 3.625, 11.625], "texture": "#0"}
			}
		},
		{
			"name": "Layer 2_60",
			"from": [7.5, 4.25, 7.8125],
			"to": [7.625, 4.375, 8.3125],
			"faces": {
				"north": {"uv": [3.75, 11.5, 3.625, 11.625], "texture": "#0"},
				"south": {"uv": [3.625, 11.5, 3.75, 11.625], "texture": "#0"}
			}
		},
		{
			"name": "Layer 2_61",
			"from": [7.625, 4.25, 7.8125],
			"to": [7.75, 4.375, 8.3125],
			"faces": {
				"north": {"uv": [3.875, 11.5, 3.75, 11.625], "texture": "#0"},
				"south": {"uv": [3.75, 11.5, 3.875, 11.625], "texture": "#0"}
			}
		},
		{
			"name": "Layer 2_62",
			"from": [7.75, 4.25, 7.8125],
			"to": [7.875, 4.375, 8.3125],
			"faces": {
				"north": {"uv": [4, 11.5, 3.875, 11.625], "texture": "#0"},
				"south": {"uv": [3.875, 11.5, 4, 11.625], "texture": "#0"}
			}
		},
		{
			"name": "Layer 2_63",
			"from": [7.875, 4.25, 7.8125],
			"to": [8, 4.375, 8.3125],
			"faces": {
				"north": {"uv": [4.125, 11.5, 4, 11.625], "texture": "#0"},
				"south": {"uv": [4, 11.5, 4.125, 11.625], "texture": "#0"}
			}
		},
		{
			"name": "Layer 2_64",
			"from": [8, 4.25, 7.8125],
			"to": [8.125, 4.375, 8.3125],
			"faces": {
				"north": {"uv": [4.25, 11.5, 4.125, 11.625], "texture": "#0"},
				"south": {"uv": [4.125, 11.5, 4.25, 11.625], "texture": "#0"}
			}
		},
		{
			"name": "Layer 2_65",
			"from": [8.125, 4.25, 7.8125],
			"to": [8.25, 4.375, 8.3125],
			"faces": {
				"north": {"uv": [4.375, 11.5, 4.25, 11.625], "texture": "#0"},
				"south": {"uv": [4.25, 11.5, 4.375, 11.625], "texture": "#0"}
			}
		},
		{
			"name": "Layer 2_66",
			"from": [8.25, 4.25, 7.8125],
			"to": [8.375, 4.375, 8.3125],
			"faces": {
				"north": {"uv": [4.5, 11.5, 4.375, 11.625], "texture": "#0"},
				"south": {"uv": [4.375, 11.5, 4.5, 11.625], "texture": "#0"}
			}
		},
		{
			"name": "Layer 2_67",
			"from": [8.375, 4.25, 7.8125],
			"to": [8.5, 4.375, 8.3125],
			"faces": {
				"north": {"uv": [4.625, 11.5, 4.5, 11.625], "texture": "#0"},
				"east": {"uv": [4.5, 11.5, 4.625, 11.625], "texture": "#0"},
				"south": {"uv": [4.5, 11.5, 4.625, 11.625], "texture": "#0"},
				"down": {"uv": [4.5, 11.5, 4.625, 11.625], "texture": "#0"}
			}
		},
		{
			"name": "Layer 2_68",
			"from": [9, 4.25, 7.8125],
			"to": [9.125, 4.375, 8.0625],
			"faces": {
				"north": {"uv": [5.25, 11.5, 5.125, 11.625], "texture": "#0"},
				"south": {"uv": [5.125, 11.5, 5.25, 11.625], "texture": "#0"},
				"west": {"uv": [5.125, 11.5, 5.25, 11.625], "texture": "#0"},
				"up": {"uv": [5.125, 11.5, 5.25, 11.625], "texture": "#0"}
			}
		},
		{
			"name": "Layer 2_69",
			"from": [9.125, 4.25, 7.8125],
			"to": [9.25, 4.375, 8.0625],
			"faces": {
				"north": {"uv": [5.375, 11.5, 5.25, 11.625], "texture": "#0"},
				"east": {"uv": [5.25, 11.5, 5.375, 11.625], "texture": "#0"},
				"south": {"uv": [5.25, 11.5, 5.375, 11.625], "texture": "#0"},
				"up": {"uv": [5.25, 11.5, 5.375, 11.625], "texture": "#0"},
				"down": {"uv": [5.25, 11.5, 5.375, 11.625], "texture": "#0"}
			}
		},
		{
			"name": "Layer 2_72",
			"from": [6.75, 4.125, 7.8125],
			"to": [6.875, 4.25, 8.0625],
			"faces": {
				"north": {"uv": [3, 11.625, 2.875, 11.75], "texture": "#0"},
				"west": {"uv": [2.875, 11.625, 3, 11.75], "texture": "#0"}
			}
		},
		{
			"name": "Layer 2_73",
			"from": [6.875, 4.125, 7.8125],
			"to": [7, 4.25, 8.0625],
			"faces": {
				"north": {"uv": [3.125, 11.625, 3, 11.75], "texture": "#0"},
				"east": {"uv": [3, 11.625, 3.125, 11.75], "texture": "#0"}
			}
		},
		{
			"name": "Layer 2_74",
			"from": [7.5, 4.125, 7.8125],
			"to": [7.625, 4.25, 8.3125],
			"faces": {
				"north": {"uv": [3.75, 11.625, 3.625, 11.75], "texture": "#0"},
				"south": {"uv": [3.625, 11.625, 3.75, 11.75], "texture": "#0"},
				"west": {"uv": [3.625, 11.625, 3.75, 11.75], "texture": "#0"}
			}
		},
		{
			"name": "Layer 2_75",
			"from": [7.625, 4.125, 7.8125],
			"to": [7.75, 4.25, 8.3125],
			"faces": {
				"north": {"uv": [3.875, 11.625, 3.75, 11.75], "texture": "#0"},
				"south": {"uv": [3.75, 11.625, 3.875, 11.75], "texture": "#0"}
			}
		},
		{
			"name": "Layer 2_76",
			"from": [7.75, 4.125, 7.8125],
			"to": [7.875, 4.25, 8.3125],
			"faces": {
				"north": {"uv": [4, 11.625, 3.875, 11.75], "texture": "#0"},
				"south": {"uv": [3.875, 11.625, 4, 11.75], "texture": "#0"}
			}
		},
		{
			"name": "Layer 2_77",
			"from": [7.875, 4.125, 7.8125],
			"to": [8, 4.25, 8.3125],
			"faces": {
				"north": {"uv": [4.125, 11.625, 4, 11.75], "texture": "#0"},
				"south": {"uv": [4, 11.625, 4.125, 11.75], "texture": "#0"}
			}
		},
		{
			"name": "Layer 2_78",
			"from": [8, 4.125, 7.8125],
			"to": [8.125, 4.25, 8.3125],
			"faces": {
				"north": {"uv": [4.25, 11.625, 4.125, 11.75], "texture": "#0"},
				"south": {"uv": [4.125, 11.625, 4.25, 11.75], "texture": "#0"}
			}
		},
		{
			"name": "Layer 2_79",
			"from": [8.125, 4.125, 7.8125],
			"to": [8.25, 4.25, 8.3125],
			"faces": {
				"north": {"uv": [4.375, 11.625, 4.25, 11.75], "texture": "#0"},
				"south": {"uv": [4.25, 11.625, 4.375, 11.75], "texture": "#0"}
			}
		},
		{
			"name": "Layer 2_80",
			"from": [8.25, 4.125, 7.8125],
			"to": [8.375, 4.25, 8.3125],
			"faces": {
				"north": {"uv": [4.5, 11.625, 4.375, 11.75], "texture": "#0"},
				"east": {"uv": [4.375, 11.625, 4.5, 11.75], "texture": "#0"},
				"south": {"uv": [4.375, 11.625, 4.5, 11.75], "texture": "#0"}
			}
		},
		{
			"name": "Layer 2_81",
			"from": [8.875, 4.125, 7.8125],
			"to": [9, 4.25, 8.0625],
			"faces": {
				"north": {"uv": [5.125, 11.625, 5, 11.75], "texture": "#0"},
				"west": {"uv": [5, 11.625, 5.125, 11.75], "texture": "#0"},
				"up": {"uv": [5, 11.625, 5.125, 11.75], "texture": "#0"}
			}
		},
		{
			"name": "Layer 2_82",
			"from": [9, 4.125, 7.8125],
			"to": [9.125, 4.25, 8.0625],
			"faces": {
				"north": {"uv": [5.25, 11.625, 5.125, 11.75], "texture": "#0"},
				"east": {"uv": [5.125, 11.625, 5.25, 11.75], "texture": "#0"}
			}
		},
		{
			"name": "Layer 2_89",
			"from": [6.75, 4, 7.8125],
			"to": [6.875, 4.125, 8.0625],
			"faces": {
				"north": {"uv": [3, 11.75, 2.875, 11.875], "texture": "#0"},
				"west": {"uv": [2.875, 11.75, 3, 11.875], "texture": "#0"}
			}
		},
		{
			"name": "Layer 2_90",
			"from": [6.875, 4, 7.8125],
			"to": [7, 4.125, 8.0625],
			"faces": {
				"north": {"uv": [3.125, 11.75, 3, 11.875], "texture": "#0"}
			}
		},
		{
			"name": "Layer 2_91",
			"from": [7, 4, 7.8125],
			"to": [7.125, 4.125, 8.0625],
			"faces": {
				"north": {"uv": [3.25, 11.75, 3.125, 11.875], "texture": "#0"},
				"east": {"uv": [3.125, 11.75, 3.25, 11.875], "texture": "#0"},
				"up": {"uv": [3.125, 11.75, 3.25, 11.875], "texture": "#0"}
			}
		},
		{
			"name": "Layer 2_92",
			"from": [7.5, 4, 7.8125],
			"to": [7.625, 4.125, 8.3125],
			"faces": {
				"north": {"uv": [3.75, 11.75, 3.625, 11.875], "texture": "#0"},
				"south": {"uv": [3.625, 11.75, 3.75, 11.875], "texture": "#0"},
				"west": {"uv": [3.625, 11.75, 3.75, 11.875], "texture": "#0"}
			}
		},
		{
			"name": "Layer 2_93",
			"from": [7.625, 4, 7.8125],
			"to": [7.75, 4.125, 8.3125],
			"faces": {
				"north": {"uv": [3.875, 11.75, 3.75, 11.875], "texture": "#0"},
				"south": {"uv": [3.75, 11.75, 3.875, 11.875], "texture": "#0"}
			}
		},
		{
			"name": "Layer 2_94",
			"from": [7.75, 4, 7.8125],
			"to": [7.875, 4.125, 8.3125],
			"faces": {
				"north": {"uv": [4, 11.75, 3.875, 11.875], "texture": "#0"},
				"south": {"uv": [3.875, 11.75, 4, 11.875], "texture": "#0"}
			}
		},
		{
			"name": "Layer 2_95",
			"from": [7.875, 4, 7.8125],
			"to": [8, 4.125, 8.3125],
			"faces": {
				"north": {"uv": [4.125, 11.75, 4, 11.875], "texture": "#0"},
				"south": {"uv": [4, 11.75, 4.125, 11.875], "texture": "#0"}
			}
		},
		{
			"name": "Layer 2_96",
			"from": [8, 4, 7.8125],
			"to": [8.125, 4.125, 8.3125],
			"faces": {
				"north": {"uv": [4.25, 11.75, 4.125, 11.875], "texture": "#0"},
				"south": {"uv": [4.125, 11.75, 4.25, 11.875], "texture": "#0"}
			}
		},
		{
			"name": "Layer 2_97",
			"from": [8.125, 4, 7.8125],
			"to": [8.25, 4.125, 8.3125],
			"faces": {
				"north": {"uv": [4.375, 11.75, 4.25, 11.875], "texture": "#0"},
				"south": {"uv": [4.25, 11.75, 4.375, 11.875], "texture": "#0"}
			}
		},
		{
			"name": "Layer 2_98",
			"from": [8.25, 4, 7.8125],
			"to": [8.375, 4.125, 8.3125],
			"faces": {
				"north": {"uv": [4.5, 11.75, 4.375, 11.875], "texture": "#0"},
				"east": {"uv": [4.375, 11.75, 4.5, 11.875], "texture": "#0"},
				"south": {"uv": [4.375, 11.75, 4.5, 11.875], "texture": "#0"}
			}
		},
		{
			"name": "Layer 2_99",
			"from": [8.75, 4, 7.8125],
			"to": [8.875, 4.125, 8.0625],
			"faces": {
				"north": {"uv": [5, 11.75, 4.875, 11.875], "texture": "#0"},
				"west": {"uv": [4.875, 11.75, 5, 11.875], "texture": "#0"},
				"up": {"uv": [4.875, 11.75, 5, 11.875], "texture": "#0"}
			}
		},
		{
			"name": "Layer 2_100",
			"from": [8.875, 4, 7.8125],
			"to": [9, 4.125, 8.0625],
			"faces": {
				"north": {"uv": [5.125, 11.75, 5, 11.875], "texture": "#0"}
			}
		},
		{
			"name": "Layer 2_101",
			"from": [9, 4, 7.8125],
			"to": [9.125, 4.125, 8.0625],
			"faces": {
				"north": {"uv": [5.25, 11.75, 5.125, 11.875], "texture": "#0"},
				"east": {"uv": [5.125, 11.75, 5.25, 11.875], "texture": "#0"}
			}
		},
		{
			"name": "Layer 2_133",
			"from": [6.75, 3.875, 7.8125],
			"to": [6.875, 4, 8.0625],
			"faces": {
				"north": {"uv": [3, 11.875, 2.875, 12], "texture": "#0"},
				"west": {"uv": [2.875, 11.875, 3, 12], "texture": "#0"}
			}
		},
		{
			"name": "Layer 2_134",
			"from": [6.875, 3.875, 7.8125],
			"to": [7, 4, 8.0625],
			"faces": {
				"north": {"uv": [3.125, 11.875, 3, 12], "texture": "#0"}
			}
		},
		{
			"name": "Layer 2_135",
			"from": [7, 3.875, 7.8125],
			"to": [7.125, 4, 8.0625],
			"faces": {
				"north": {"uv": [3.25, 11.875, 3.125, 12], "texture": "#0"},
				"east": {"uv": [3.125, 11.875, 3.25, 12], "texture": "#0"}
			}
		},
		{
			"name": "Layer 2_136",
			"from": [7.375, 3.875, 7.8125],
			"to": [7.5, 4, 8.3125],
			"faces": {
				"north": {"uv": [3.625, 11.875, 3.5, 12], "texture": "#0"},
				"south": {"uv": [3.5, 11.875, 3.625, 12], "texture": "#0"},
				"west": {"uv": [3.5, 11.875, 3.625, 12], "texture": "#0"},
				"up": {"uv": [3.5, 11.875, 3.625, 12], "texture": "#0"}
			}
		},
		{
			"name": "Layer 2_137",
			"from": [7.5, 3.875, 7.8125],
			"to": [7.625, 4, 8.3125],
			"faces": {
				"north": {"uv": [3.75, 11.875, 3.625, 12], "texture": "#0"},
				"south": {"uv": [3.625, 11.875, 3.75, 12], "texture": "#0"}
			}
		},
		{
			"name": "Layer 2_138",
			"from": [7.625, 3.875, 7.8125],
			"to": [7.75, 4, 8.3125],
			"faces": {
				"north": {"uv": [3.875, 11.875, 3.75, 12], "texture": "#0"},
				"south": {"uv": [3.75, 11.875, 3.875, 12], "texture": "#0"}
			}
		},
		{
			"name": "Layer 2_139",
			"from": [7.75, 3.875, 7.8125],
			"to": [7.875, 4, 8.3125],
			"faces": {
				"north": {"uv": [4, 11.875, 3.875, 12], "texture": "#0"},
				"south": {"uv": [3.875, 11.875, 4, 12], "texture": "#0"}
			}
		},
		{
			"name": "Layer 2_140",
			"from": [7.875, 3.875, 7.8125],
			"to": [8, 4, 8.3125],
			"faces": {
				"north": {"uv": [4.125, 11.875, 4, 12], "texture": "#0"},
				"south": {"uv": [4, 11.875, 4.125, 12], "texture": "#0"}
			}
		},
		{
			"name": "Layer 2_141",
			"from": [8, 3.875, 7.8125],
			"to": [8.125, 4, 8.3125],
			"faces": {
				"north": {"uv": [4.25, 11.875, 4.125, 12], "texture": "#0"},
				"south": {"uv": [4.125, 11.875, 4.25, 12], "texture": "#0"}
			}
		},
		{
			"name": "Layer 2_142",
			"from": [8.125, 3.875, 7.8125],
			"to": [8.25, 4, 8.3125],
			"faces": {
				"north": {"uv": [4.375, 11.875, 4.25, 12], "texture": "#0"},
				"south": {"uv": [4.25, 11.875, 4.375, 12], "texture": "#0"}
			}
		},
		{
			"name": "Layer 2_143",
			"from": [8.25, 3.875, 7.8125],
			"to": [8.375, 4, 8.3125],
			"faces": {
				"north": {"uv": [4.5, 11.875, 4.375, 12], "texture": "#0"},
				"south": {"uv": [4.375, 11.875, 4.5, 12], "texture": "#0"}
			}
		},
		{
			"name": "Layer 2_144",
			"from": [8.375, 3.875, 7.8125],
			"to": [8.5, 4, 8.3125],
			"faces": {
				"north": {"uv": [4.625, 11.875, 4.5, 12], "texture": "#0"},
				"east": {"uv": [4.5, 11.875, 4.625, 12], "texture": "#0"},
				"south": {"uv": [4.5, 11.875, 4.625, 12], "texture": "#0"},
				"up": {"uv": [4.5, 11.875, 4.625, 12], "texture": "#0"}
			}
		},
		{
			"name": "Layer 2_145",
			"from": [8.75, 3.875, 7.8125],
			"to": [8.875, 4, 8.0625],
			"faces": {
				"north": {"uv": [5, 11.875, 4.875, 12], "texture": "#0"},
				"west": {"uv": [4.875, 11.875, 5, 12], "texture": "#0"}
			}
		},
		{
			"name": "Layer 2_146",
			"from": [8.875, 3.875, 7.8125],
			"to": [9, 4, 8.0625],
			"faces": {
				"north": {"uv": [5.125, 11.875, 5, 12], "texture": "#0"}
			}
		},
		{
			"name": "Layer 2_147",
			"from": [9, 3.875, 7.8125],
			"to": [9.125, 4, 8.0625],
			"faces": {
				"north": {"uv": [5.25, 11.875, 5.125, 12], "texture": "#0"},
				"east": {"uv": [5.125, 11.875, 5.25, 12], "texture": "#0"}
			}
		},
		{
			"name": "Layer 2_179",
			"from": [6.75, 3.75, 7.8125],
			"to": [6.875, 3.875, 8.25],
			"faces": {
				"north": {"uv": [3, 12, 2.875, 12.125], "texture": "#0"},
				"south": {"uv": [2.875, 12, 3, 12.125], "texture": "#0"},
				"west": {"uv": [2.875, 12, 3, 12.125], "texture": "#0"},
				"up": {"uv": [2.875, 12, 3, 12.125], "texture": "#0"}
			}
		},
		{
			"name": "Layer 2_180",
			"from": [6.875, 3.75, 7.8125],
			"to": [7, 3.875, 8.25],
			"faces": {
				"north": {"uv": [3.125, 12, 3, 12.125], "texture": "#0"},
				"south": {"uv": [3, 12, 3.125, 12.125], "texture": "#0"},
				"up": {"uv": [3, 12, 3.125, 12.125], "texture": "#0"}
			}
		},
		{
			"name": "Layer 2_181",
			"from": [7, 3.75, 7.8125],
			"to": [7.125, 3.875, 8.25],
			"faces": {
				"north": {"uv": [3.25, 12, 3.125, 12.125], "texture": "#0"},
				"south": {"uv": [3.125, 12, 3.25, 12.125], "texture": "#0"},
				"up": {"uv": [3.125, 12, 3.25, 12.125], "texture": "#0"}
			}
		},
		{
			"name": "Layer 2_182",
			"from": [7.125, 3.75, 7.8125],
			"to": [7.25, 3.875, 8.25],
			"faces": {
				"north": {"uv": [3.375, 12, 3.25, 12.125], "texture": "#0"},
				"south": {"uv": [3.25, 12, 3.375, 12.125], "texture": "#0"},
				"up": {"uv": [3.25, 12, 3.375, 12.125], "texture": "#0"}
			}
		},
		{
			"name": "Layer 2_183",
			"from": [7.25, 3.75, 7.8125],
			"to": [7.375, 3.875, 8.3125],
			"faces": {
				"north": {"uv": [3.5, 12, 3.375, 12.125], "texture": "#0"},
				"south": {"uv": [3.375, 12, 3.5, 12.125], "texture": "#0"},
				"west": {"uv": [3.375, 12, 3.5, 12.125], "texture": "#0"},
				"up": {"uv": [3.375, 12, 3.5, 12.125], "texture": "#0"}
			}
		},
		{
			"name": "Layer 2_184",
			"from": [7.375, 3.75, 7.8125],
			"to": [7.5, 3.875, 8.3125],
			"faces": {
				"north": {"uv": [3.625, 12, 3.5, 12.125], "texture": "#0"},
				"south": {"uv": [3.5, 12, 3.625, 12.125], "texture": "#0"}
			}
		},
		{
			"name": "Layer 2_185",
			"from": [7.5, 3.75, 7.8125],
			"to": [7.625, 3.875, 8.3125],
			"faces": {
				"north": {"uv": [3.75, 12, 3.625, 12.125], "texture": "#0"},
				"south": {"uv": [3.625, 12, 3.75, 12.125], "texture": "#0"}
			}
		},
		{
			"name": "Layer 2_186",
			"from": [7.625, 3.75, 7.8125],
			"to": [7.75, 3.875, 8.3125],
			"faces": {
				"north": {"uv": [3.875, 12, 3.75, 12.125], "texture": "#0"},
				"south": {"uv": [3.75, 12, 3.875, 12.125], "texture": "#0"}
			}
		},
		{
			"name": "Layer 2_187",
			"from": [7.75, 3.75, 7.8125],
			"to": [7.875, 3.875, 8.3125],
			"faces": {
				"north": {"uv": [4, 12, 3.875, 12.125], "texture": "#0"},
				"south": {"uv": [3.875, 12, 4, 12.125], "texture": "#0"}
			}
		},
		{
			"name": "Layer 2_188",
			"from": [7.875, 3.75, 7.8125],
			"to": [8, 3.875, 8.3125],
			"faces": {
				"north": {"uv": [4.125, 12, 4, 12.125], "texture": "#0"},
				"south": {"uv": [4, 12, 4.125, 12.125], "texture": "#0"},
				"down": {"uv": [4, 12, 4.125, 12.125], "texture": "#0"}
			}
		},
		{
			"name": "Layer 2_189",
			"from": [8, 3.75, 7.8125],
			"to": [8.125, 3.875, 8.3125],
			"faces": {
				"north": {"uv": [4.25, 12, 4.125, 12.125], "texture": "#0"},
				"south": {"uv": [4.125, 12, 4.25, 12.125], "texture": "#0"}
			}
		},
		{
			"name": "Layer 2_190",
			"from": [8.125, 3.75, 7.8125],
			"to": [8.25, 3.875, 8.3125],
			"faces": {
				"north": {"uv": [4.375, 12, 4.25, 12.125], "texture": "#0"},
				"south": {"uv": [4.25, 12, 4.375, 12.125], "texture": "#0"}
			}
		},
		{
			"name": "Layer 2_191",
			"from": [8.25, 3.75, 7.8125],
			"to": [8.375, 3.875, 8.3125],
			"faces": {
				"north": {"uv": [4.5, 12, 4.375, 12.125], "texture": "#0"},
				"south": {"uv": [4.375, 12, 4.5, 12.125], "texture": "#0"}
			}
		},
		{
			"name": "Layer 2_192",
			"from": [8.375, 3.75, 7.8125],
			"to": [8.5, 3.875, 8.3125],
			"faces": {
				"north": {"uv": [4.625, 12, 4.5, 12.125], "texture": "#0"},
				"south": {"uv": [4.5, 12, 4.625, 12.125], "texture": "#0"}
			}
		},
		{
			"name": "Layer 2_193",
			"from": [8.5, 3.75, 7.8125],
			"to": [8.625, 3.875, 8.3125],
			"faces": {
				"north": {"uv": [4.75, 12, 4.625, 12.125], "texture": "#0"},
				"east": {"uv": [4.625, 12, 4.75, 12.125], "texture": "#0"},
				"south": {"uv": [4.625, 12, 4.75, 12.125], "texture": "#0"},
				"up": {"uv": [4.625, 12, 4.75, 12.125], "texture": "#0"}
			}
		},
		{
			"name": "Layer 2_194",
			"from": [8.625, 3.75, 7.8125],
			"to": [8.75, 3.875, 8.25],
			"faces": {
				"north": {"uv": [4.875, 12, 4.75, 12.125], "texture": "#0"},
				"south": {"uv": [4.75, 12, 4.875, 12.125], "texture": "#0"},
				"up": {"uv": [4.75, 12, 4.875, 12.125], "texture": "#0"}
			}
		},
		{
			"name": "Layer 2_195",
			"from": [8.75, 3.75, 7.8125],
			"to": [8.875, 3.875, 8.25],
			"faces": {
				"north": {"uv": [5, 12, 4.875, 12.125], "texture": "#0"},
				"south": {"uv": [4.875, 12, 5, 12.125], "texture": "#0"},
				"up": {"uv": [4.875, 12, 5, 12.125], "texture": "#0"}
			}
		},
		{
			"name": "Layer 2_196",
			"from": [8.875, 3.75, 7.8125],
			"to": [9, 3.875, 8.25],
			"faces": {
				"north": {"uv": [5.125, 12, 5, 12.125], "texture": "#0"},
				"south": {"uv": [5, 12, 5.125, 12.125], "texture": "#0"},
				"up": {"uv": [5, 12, 5.125, 12.125], "texture": "#0"}
			}
		},
		{
			"name": "Layer 2_197",
			"from": [9, 3.75, 7.8125],
			"to": [9.125, 3.875, 8.25],
			"faces": {
				"north": {"uv": [5.25, 12, 5.125, 12.125], "texture": "#0"},
				"east": {"uv": [5.125, 12, 5.25, 12.125], "texture": "#0"},
				"south": {"uv": [5.125, 12, 5.25, 12.125], "texture": "#0"},
				"up": {"uv": [5.125, 12, 5.25, 12.125], "texture": "#0"}
			}
		},
		{
			"name": "Layer 2_229",
			"from": [6.75, 3.625, 7.8125],
			"to": [6.875, 3.75, 8.3125],
			"faces": {
				"north": {"uv": [3, 12.125, 2.875, 12.25], "texture": "#0"},
				"south": {"uv": [2.875, 12.125, 3, 12.25], "texture": "#0"},
				"west": {"uv": [2.875, 12.125, 3, 12.25], "texture": "#0"},
				"up": {"uv": [2.875, 12.125, 3, 12.25], "texture": "#0"},
				"down": {"uv": [2.875, 12.125, 3, 12.25], "texture": "#0"}
			}
		},
		{
			"name": "Layer 2_230",
			"from": [6.875, 3.625, 7.8125],
			"to": [7, 3.75, 8.3125],
			"faces": {
				"north": {"uv": [3.125, 12.125, 3, 12.25], "texture": "#0"},
				"south": {"uv": [3, 12.125, 3.125, 12.25], "texture": "#0"},
				"up": {"uv": [3, 12.125, 3.125, 12.25], "texture": "#0"}
			}
		},
		{
			"name": "Layer 2_231",
			"from": [7, 3.625, 7.8125],
			"to": [7.125, 3.75, 8.3125],
			"faces": {
				"north": {"uv": [3.25, 12.125, 3.125, 12.25], "texture": "#0"},
				"south": {"uv": [3.125, 12.125, 3.25, 12.25], "texture": "#0"},
				"up": {"uv": [3.125, 12.125, 3.25, 12.25], "texture": "#0"}
			}
		},
		{
			"name": "Layer 2_232",
			"from": [7.125, 3.625, 7.8125],
			"to": [7.25, 3.75, 8.3125],
			"faces": {
				"north": {"uv": [3.375, 12.125, 3.25, 12.25], "texture": "#0"},
				"south": {"uv": [3.25, 12.125, 3.375, 12.25], "texture": "#0"},
				"up": {"uv": [3.25, 12.125, 3.375, 12.25], "texture": "#0"}
			}
		},
		{
			"name": "Layer 2_233",
			"from": [7.25, 3.625, 7.8125],
			"to": [7.375, 3.75, 8.3125],
			"faces": {
				"north": {"uv": [3.5, 12.125, 3.375, 12.25], "texture": "#0"},
				"south": {"uv": [3.375, 12.125, 3.5, 12.25], "texture": "#0"}
			}
		},
		{
			"name": "Layer 2_234",
			"from": [7.375, 3.625, 7.8125],
			"to": [7.5, 3.75, 8.3125],
			"faces": {
				"north": {"uv": [3.625, 12.125, 3.5, 12.25], "texture": "#0"},
				"south": {"uv": [3.5, 12.125, 3.625, 12.25], "texture": "#0"}
			}
		},
		{
			"name": "Layer 2_235",
			"from": [7.5, 3.625, 7.8125],
			"to": [7.625, 3.75, 8.3125],
			"faces": {
				"north": {"uv": [3.75, 12.125, 3.625, 12.25], "texture": "#0"},
				"south": {"uv": [3.625, 12.125, 3.75, 12.25], "texture": "#0"}
			}
		},
		{
			"name": "Layer 2_236",
			"from": [7.625, 3.625, 7.8125],
			"to": [7.75, 3.75, 8.3125],
			"faces": {
				"north": {"uv": [3.875, 12.125, 3.75, 12.25], "texture": "#0"},
				"south": {"uv": [3.75, 12.125, 3.875, 12.25], "texture": "#0"}
			}
		},
		{
			"name": "Layer 2_237",
			"from": [7.75, 3.625, 7.8125],
			"to": [7.875, 3.75, 8.3125],
			"faces": {
				"north": {"uv": [4, 12.125, 3.875, 12.25], "texture": "#0"},
				"east": {"uv": [3.875, 12.125, 4, 12.25], "texture": "#0"},
				"south": {"uv": [3.875, 12.125, 4, 12.25], "texture": "#0"},
				"down": {"uv": [3.875, 12.125, 4, 12.25], "texture": "#0"}
			}
		},
		{
			"name": "Layer 2_238",
			"from": [8, 3.625, 7.8125],
			"to": [8.125, 3.75, 8.3125],
			"faces": {
				"north": {"uv": [4.25, 12.125, 4.125, 12.25], "texture": "#0"},
				"south": {"uv": [4.125, 12.125, 4.25, 12.25], "texture": "#0"},
				"west": {"uv": [4.125, 12.125, 4.25, 12.25], "texture": "#0"},
				"down": {"uv": [4.125, 12.125, 4.25, 12.25], "texture": "#0"}
			}
		},
		{
			"name": "Layer 2_239",
			"from": [8.125, 3.625, 7.8125],
			"to": [8.25, 3.75, 8.3125],
			"faces": {
				"north": {"uv": [4.375, 12.125, 4.25, 12.25], "texture": "#0"},
				"south": {"uv": [4.25, 12.125, 4.375, 12.25], "texture": "#0"}
			}
		},
		{
			"name": "Layer 2_240",
			"from": [8.25, 3.625, 7.8125],
			"to": [8.375, 3.75, 8.3125],
			"faces": {
				"north": {"uv": [4.5, 12.125, 4.375, 12.25], "texture": "#0"},
				"south": {"uv": [4.375, 12.125, 4.5, 12.25], "texture": "#0"}
			}
		},
		{
			"name": "Layer 2_241",
			"from": [8.375, 3.625, 7.8125],
			"to": [8.5, 3.75, 8.3125],
			"faces": {
				"north": {"uv": [4.625, 12.125, 4.5, 12.25], "texture": "#0"},
				"south": {"uv": [4.5, 12.125, 4.625, 12.25], "texture": "#0"}
			}
		},
		{
			"name": "Layer 2_242",
			"from": [8.5, 3.625, 7.8125],
			"to": [8.625, 3.75, 8.3125],
			"faces": {
				"north": {"uv": [4.75, 12.125, 4.625, 12.25], "texture": "#0"},
				"south": {"uv": [4.625, 12.125, 4.75, 12.25], "texture": "#0"}
			}
		},
		{
			"name": "Layer 2_243",
			"from": [8.625, 3.625, 7.8125],
			"to": [8.75, 3.75, 8.3125],
			"faces": {
				"north": {"uv": [4.875, 12.125, 4.75, 12.25], "texture": "#0"},
				"south": {"uv": [4.75, 12.125, 4.875, 12.25], "texture": "#0"},
				"up": {"uv": [4.75, 12.125, 4.875, 12.25], "texture": "#0"}
			}
		},
		{
			"name": "Layer 2_244",
			"from": [8.75, 3.625, 7.8125],
			"to": [8.875, 3.75, 8.3125],
			"faces": {
				"north": {"uv": [5, 12.125, 4.875, 12.25], "texture": "#0"},
				"south": {"uv": [4.875, 12.125, 5, 12.25], "texture": "#0"},
				"up": {"uv": [4.875, 12.125, 5, 12.25], "texture": "#0"}
			}
		},
		{
			"name": "Layer 2_245",
			"from": [8.875, 3.625, 7.8125],
			"to": [9, 3.75, 8.3125],
			"faces": {
				"north": {"uv": [5.125, 12.125, 5, 12.25], "texture": "#0"},
				"south": {"uv": [5, 12.125, 5.125, 12.25], "texture": "#0"},
				"up": {"uv": [5, 12.125, 5.125, 12.25], "texture": "#0"}
			}
		},
		{
			"name": "Layer 2_246",
			"from": [9, 3.625, 7.8125],
			"to": [9.125, 3.75, 8.3125],
			"faces": {
				"north": {"uv": [5.25, 12.125, 5.125, 12.25], "texture": "#0"},
				"east": {"uv": [5.125, 12.125, 5.25, 12.25], "texture": "#0"},
				"south": {"uv": [5.125, 12.125, 5.25, 12.25], "texture": "#0"},
				"up": {"uv": [5.125, 12.125, 5.25, 12.25], "texture": "#0"},
				"down": {"uv": [5.125, 12.125, 5.25, 12.25], "texture": "#0"}
			}
		},
		{
			"name": "Layer 2_254",
			"from": [6.875, 3.5, 7.8125],
			"to": [7, 3.625, 8.3125],
			"faces": {
				"north": {"uv": [3.125, 12.25, 3, 12.375], "texture": "#0"},
				"south": {"uv": [3, 12.25, 3.125, 12.375], "texture": "#0"},
				"west": {"uv": [3, 12.25, 3.125, 12.375], "texture": "#0"},
				"down": {"uv": [3, 12.25, 3.125, 12.375], "texture": "#0"}
			}
		},
		{
			"name": "Layer 2_255",
			"from": [7, 3.5, 7.8125],
			"to": [7.125, 3.625, 8.3125],
			"faces": {
				"north": {"uv": [3.25, 12.25, 3.125, 12.375], "texture": "#0"},
				"south": {"uv": [3.125, 12.25, 3.25, 12.375], "texture": "#0"}
			}
		},
		{
			"name": "Layer 2_256",
			"from": [7.125, 3.5, 7.8125],
			"to": [7.25, 3.625, 8.3125],
			"faces": {
				"north": {"uv": [3.375, 12.25, 3.25, 12.375], "texture": "#0"},
				"south": {"uv": [3.25, 12.25, 3.375, 12.375], "texture": "#0"}
			}
		},
		{
			"name": "Layer 2_257",
			"from": [7.25, 3.5, 7.8125],
			"to": [7.375, 3.625, 8.3125],
			"faces": {
				"north": {"uv": [3.5, 12.25, 3.375, 12.375], "texture": "#0"},
				"south": {"uv": [3.375, 12.25, 3.5, 12.375], "texture": "#0"}
			}
		},
		{
			"name": "Layer 2_258",
			"from": [7.375, 3.5, 7.8125],
			"to": [7.5, 3.625, 8.3125],
			"faces": {
				"north": {"uv": [3.625, 12.25, 3.5, 12.375], "texture": "#0"},
				"south": {"uv": [3.5, 12.25, 3.625, 12.375], "texture": "#0"}
			}
		},
		{
			"name": "Layer 2_259",
			"from": [7.5, 3.5, 7.8125],
			"to": [7.625, 3.625, 8.3125],
			"faces": {
				"north": {"uv": [3.75, 12.25, 3.625, 12.375], "texture": "#0"},
				"south": {"uv": [3.625, 12.25, 3.75, 12.375], "texture": "#0"}
			}
		},
		{
			"name": "Layer 2_260",
			"from": [7.625, 3.5, 7.8125],
			"to": [7.75, 3.625, 8.3125],
			"faces": {
				"north": {"uv": [3.875, 12.25, 3.75, 12.375], "texture": "#0"},
				"east": {"uv": [3.75, 12.25, 3.875, 12.375], "texture": "#0"},
				"south": {"uv": [3.75, 12.25, 3.875, 12.375], "texture": "#0"},
				"down": {"uv": [3.75, 12.25, 3.875, 12.375], "texture": "#0"}
			}
		},
		{
			"name": "Layer 2_261",
			"from": [8.125, 3.5, 7.8125],
			"to": [8.25, 3.625, 8.3125],
			"faces": {
				"north": {"uv": [4.375, 12.25, 4.25, 12.375], "texture": "#0"},
				"south": {"uv": [4.25, 12.25, 4.375, 12.375], "texture": "#0"},
				"west": {"uv": [4.25, 12.25, 4.375, 12.375], "texture": "#0"},
				"down": {"uv": [4.25, 12.25, 4.375, 12.375], "texture": "#0"}
			}
		},
		{
			"name": "Layer 2_262",
			"from": [8.25, 3.5, 7.8125],
			"to": [8.375, 3.625, 8.3125],
			"faces": {
				"north": {"uv": [4.5, 12.25, 4.375, 12.375], "texture": "#0"},
				"south": {"uv": [4.375, 12.25, 4.5, 12.375], "texture": "#0"}
			}
		},
		{
			"name": "Layer 2_263",
			"from": [8.375, 3.5, 7.8125],
			"to": [8.5, 3.625, 8.3125],
			"faces": {
				"north": {"uv": [4.625, 12.25, 4.5, 12.375], "texture": "#0"},
				"south": {"uv": [4.5, 12.25, 4.625, 12.375], "texture": "#0"}
			}
		},
		{
			"name": "Layer 2_264",
			"from": [8.5, 3.5, 7.8125],
			"to": [8.625, 3.625, 8.3125],
			"faces": {
				"north": {"uv": [4.75, 12.25, 4.625, 12.375], "texture": "#0"},
				"south": {"uv": [4.625, 12.25, 4.75, 12.375], "texture": "#0"}
			}
		},
		{
			"name": "Layer 2_265",
			"from": [8.625, 3.5, 7.8125],
			"to": [8.75, 3.625, 8.3125],
			"faces": {
				"north": {"uv": [4.875, 12.25, 4.75, 12.375], "texture": "#0"},
				"south": {"uv": [4.75, 12.25, 4.875, 12.375], "texture": "#0"}
			}
		},
		{
			"name": "Layer 2_266",
			"from": [8.75, 3.5, 7.8125],
			"to": [8.875, 3.625, 8.3125],
			"faces": {
				"north": {"uv": [5, 12.25, 4.875, 12.375], "texture": "#0"},
				"south": {"uv": [4.875, 12.25, 5, 12.375], "texture": "#0"}
			}
		},
		{
			"name": "Layer 2_267",
			"from": [8.875, 3.5, 7.8125],
			"to": [9, 3.625, 8.3125],
			"faces": {
				"north": {"uv": [5.125, 12.25, 5, 12.375], "texture": "#0"},
				"east": {"uv": [5, 12.25, 5.125, 12.375], "texture": "#0"},
				"south": {"uv": [5, 12.25, 5.125, 12.375], "texture": "#0"},
				"down": {"uv": [5, 12.25, 5.125, 12.375], "texture": "#0"}
			}
		},
		{
			"name": "Layer 2_273",
			"from": [7, 3.375, 7.8125],
			"to": [7.125, 3.5, 8.3125],
			"faces": {
				"north": {"uv": [3.25, 12.375, 3.125, 12.5], "texture": "#0"},
				"south": {"uv": [3.125, 12.375, 3.25, 12.5], "texture": "#0"},
				"west": {"uv": [3.125, 12.375, 3.25, 12.5], "texture": "#0"},
				"down": {"uv": [3.125, 12.375, 3.25, 12.5], "texture": "#0"}
			}
		},
		{
			"name": "Layer 2_274",
			"from": [7.125, 3.375, 7.8125],
			"to": [7.25, 3.5, 8.3125],
			"faces": {
				"north": {"uv": [3.375, 12.375, 3.25, 12.5], "texture": "#0"},
				"south": {"uv": [3.25, 12.375, 3.375, 12.5], "texture": "#0"}
			}
		},
		{
			"name": "Layer 2_275",
			"from": [7.25, 3.375, 7.8125],
			"to": [7.375, 3.5, 8.3125],
			"faces": {
				"north": {"uv": [3.5, 12.375, 3.375, 12.5], "texture": "#0"},
				"south": {"uv": [3.375, 12.375, 3.5, 12.5], "texture": "#0"}
			}
		},
		{
			"name": "Layer 2_276",
			"from": [7.375, 3.375, 7.8125],
			"to": [7.5, 3.5, 8.3125],
			"faces": {
				"north": {"uv": [3.625, 12.375, 3.5, 12.5], "texture": "#0"},
				"south": {"uv": [3.5, 12.375, 3.625, 12.5], "texture": "#0"}
			}
		},
		{
			"name": "Layer 2_277",
			"from": [7.5, 3.375, 7.8125],
			"to": [7.625, 3.5, 8.3125],
			"faces": {
				"north": {"uv": [3.75, 12.375, 3.625, 12.5], "texture": "#0"},
				"east": {"uv": [3.625, 12.375, 3.75, 12.5], "texture": "#0"},
				"south": {"uv": [3.625, 12.375, 3.75, 12.5], "texture": "#0"},
				"down": {"uv": [3.625, 12.375, 3.75, 12.5], "texture": "#0"}
			}
		},
		{
			"name": "Layer 2_278",
			"from": [8.25, 3.375, 7.8125],
			"to": [8.375, 3.5, 8.3125],
			"faces": {
				"north": {"uv": [4.5, 12.375, 4.375, 12.5], "texture": "#0"},
				"south": {"uv": [4.375, 12.375, 4.5, 12.5], "texture": "#0"},
				"west": {"uv": [4.375, 12.375, 4.5, 12.5], "texture": "#0"},
				"down": {"uv": [4.375, 12.375, 4.5, 12.5], "texture": "#0"}
			}
		},
		{
			"name": "Layer 2_279",
			"from": [8.375, 3.375, 7.8125],
			"to": [8.5, 3.5, 8.3125],
			"faces": {
				"north": {"uv": [4.625, 12.375, 4.5, 12.5], "texture": "#0"},
				"south": {"uv": [4.5, 12.375, 4.625, 12.5], "texture": "#0"}
			}
		},
		{
			"name": "Layer 2_280",
			"from": [8.5, 3.375, 7.8125],
			"to": [8.625, 3.5, 8.3125],
			"faces": {
				"north": {"uv": [4.75, 12.375, 4.625, 12.5], "texture": "#0"},
				"south": {"uv": [4.625, 12.375, 4.75, 12.5], "texture": "#0"}
			}
		},
		{
			"name": "Layer 2_281",
			"from": [8.625, 3.375, 7.8125],
			"to": [8.75, 3.5, 8.3125],
			"faces": {
				"north": {"uv": [4.875, 12.375, 4.75, 12.5], "texture": "#0"},
				"south": {"uv": [4.75, 12.375, 4.875, 12.5], "texture": "#0"}
			}
		},
		{
			"name": "Layer 2_282",
			"from": [8.75, 3.375, 7.8125],
			"to": [8.875, 3.5, 8.3125],
			"faces": {
				"north": {"uv": [5, 12.375, 4.875, 12.5], "texture": "#0"},
				"east": {"uv": [4.875, 12.375, 5, 12.5], "texture": "#0"},
				"south": {"uv": [4.875, 12.375, 5, 12.5], "texture": "#0"},
				"down": {"uv": [4.875, 12.375, 5, 12.5], "texture": "#0"}
			}
		},
		{
			"name": "Layer 2_286",
			"from": [7.125, 3.25, 7.8125],
			"to": [7.25, 3.375, 8.3125],
			"faces": {
				"north": {"uv": [3.375, 12.5, 3.25, 12.625], "texture": "#0"},
				"south": {"uv": [3.25, 12.5, 3.375, 12.625], "texture": "#0"},
				"west": {"uv": [3.25, 12.5, 3.375, 12.625], "texture": "#0"},
				"down": {"uv": [3.25, 12.5, 3.375, 12.625], "texture": "#0"}
			}
		},
		{
			"name": "Layer 2_287",
			"from": [7.25, 3.25, 7.8125],
			"to": [7.375, 3.375, 8.3125],
			"faces": {
				"north": {"uv": [3.5, 12.5, 3.375, 12.625], "texture": "#0"},
				"south": {"uv": [3.375, 12.5, 3.5, 12.625], "texture": "#0"},
				"down": {"uv": [3.375, 12.5, 3.5, 12.625], "texture": "#0"}
			}
		},
		{
			"name": "Layer 2_288",
			"from": [7.375, 3.25, 7.8125],
			"to": [7.5, 3.375, 8.3125],
			"faces": {
				"north": {"uv": [3.625, 12.5, 3.5, 12.625], "texture": "#0"},
				"east": {"uv": [3.5, 12.5, 3.625, 12.625], "texture": "#0"},
				"south": {"uv": [3.5, 12.5, 3.625, 12.625], "texture": "#0"},
				"down": {"uv": [3.5, 12.5, 3.625, 12.625], "texture": "#0"}
			}
		},
		{
			"name": "Layer 2_289",
			"from": [8.375, 3.25, 7.8125],
			"to": [8.5, 3.375, 8.3125],
			"faces": {
				"north": {"uv": [4.625, 12.5, 4.5, 12.625], "texture": "#0"},
				"south": {"uv": [4.5, 12.5, 4.625, 12.625], "texture": "#0"},
				"west": {"uv": [4.5, 12.5, 4.625, 12.625], "texture": "#0"},
				"down": {"uv": [4.5, 12.5, 4.625, 12.625], "texture": "#0"}
			}
		},
		{
			"name": "Layer 2_290",
			"from": [8.5, 3.25, 7.8125],
			"to": [8.625, 3.375, 8.3125],
			"faces": {
				"north": {"uv": [4.75, 12.5, 4.625, 12.625], "texture": "#0"},
				"south": {"uv": [4.625, 12.5, 4.75, 12.625], "texture": "#0"},
				"down": {"uv": [4.625, 12.5, 4.75, 12.625], "texture": "#0"}
			}
		},
		{
			"name": "Layer 2_291",
			"from": [8.625, 3.25, 7.8125],
			"to": [8.75, 3.375, 8.3125],
			"faces": {
				"north": {"uv": [4.875, 12.5, 4.75, 12.625], "texture": "#0"},
				"east": {"uv": [4.75, 12.5, 4.875, 12.625], "texture": "#0"},
				"south": {"uv": [4.75, 12.5, 4.875, 12.625], "texture": "#0"},
				"down": {"uv": [4.75, 12.5, 4.875, 12.625], "texture": "#0"}
			}
		},
		{
			"from": [0, -1.375, 7.875],
			"to": [16, 14.625, 8.25],
			"rotation": {"angle": 0, "axis": "y", "origin": [0, -1.375, 6.5625]},
			"faces": {
				"north": {"uv": [0, 0, 16, 16], "texture": "#1"},
				"south": {"uv": [0, 0, 16, 16], "texture": "#1"}
			}
		}
	],
	"display": {
		"thirdperson_righthand": {
			"rotation": [0, -90, 0],
			"translation": [0.25, 12, 0.75],
			"scale": [2.5, 2.5, 2.5]
		},
		"thirdperson_lefthand": {
			"rotation": [0, 90, 0],
			"translation": [0.25, 12, 0.75],
			"scale": [2.5, 2.5, 2.5]
		},
		"firstperson_righthand": {
			"rotation": [1, -91, 0],
			"translation": [0, 7.5, 2.75],
			"scale": [1.25, 1.25, 1.25]
		},
		"firstperson_lefthand": {
			"rotation": [1, 91, 0],
			"translation": [0, 7.5, 2.75],
			"scale": [1.25, 1.25, 1.25]
		},
		"ground": {
			"translation": [0, 18.25, 0],
			"scale": [2.5, 2.5, 2.5]
		},
		"gui": {
			"rotation": [0, 0, -45],
			"translation": [0.5, 0.5, 0],
			"scale": [1.5, 1.5, 1.5]
		},
		"head": {
			"rotation": [180, 0, 45],
			"translation": [0, -14.75, 4.75],
			"scale": [3.5, 3.5, 3.5]
		},
		"fixed": {
			"rotation": [180, 0, 135],
			"translation": [-0.75, 0.75, 0],
			"scale": [2, 2, 2]
		}
	},
	"groups": [
		{
			"name": "Layer 2",
			"origin": [8, 8, 8],
			"color": 0,
			"children": [0, 1, 2, 3, 4, 5, 6, 7, 8, 9, 10, 11, 12, 13, 14]
		},
		{
			"name": "Layer 4",
			"origin": [8, 8, 8],
			"color": 0,
			"children": [15, 16, 17, 18, 19, 20, 21, 22, 23, 24, 25, 26, 27, 28, 29, 30, 31, 32, 33, 34, 35, 36, 37, 38, 39, 40, 41, 42, 43, 44, 45, 46, 47, 48, 49, 50, 51, 52, 53, 54, 55]
		},
		{
			"name": "Layer 5",
			"origin": [8, 8, 8],
			"color": 0,
			"children": [56, 57, 58, 59, 60, 61, 62, 63, 64, 65, 66, 67, 68, 69, 70]
		},
		{
			"name": "Layer 6",
			"origin": [8, 8, 8],
			"color": 0,
			"children": [71, 72, 73, 74, 75, 76, 77, 78, 79, 80, 81, 82, 83, 84, 85, 86, 87, 88, 89, 90, 91, 92, 93, 94, 95, 96, 97, 98, 99, 100, 101, 102, 103, 104, 105, 106, 107, 108, 109]
		},
		{
			"name": "Layer 2",
			"origin": [8, 8, 8],
			"color": 0,
			"children": [
				110,
				111,
				112,
				113,
				114,
				115,
				116,
				117,
				118,
				119,
				120,
				121,
				122,
				123,
				124,
				125,
				126,
				127,
				128,
				129,
				130,
				131,
				132,
				133,
				134,
				135,
				136,
				137,
				138,
				139,
				140,
				141,
				142,
				143,
				144,
				145,
				146,
				147,
				148,
				149,
				150,
				151,
				152,
				153,
				154,
				155,
				156,
				157,
				158,
				159,
				160,
				161,
				162,
				163,
				164,
				165,
				166,
				167,
				168,
				169,
				170,
				171,
				172,
				173,
				174,
				175,
				176,
				177,
				178,
				179,
				180,
				181,
				182,
				183,
				184,
				185,
				186,
				187,
				188,
				189,
				190,
				191,
				192,
				193,
				194,
				195,
				196,
				197,
				198,
				199,
				200,
				201,
				202,
				203,
				204,
				205,
				206,
				207,
				208,
				209,
				210,
				211,
				212,
				213,
				214,
				215,
				216,
				217,
				218,
				219,
				220,
				221,
				222,
				223,
				224,
				225,
				226,
				227,
				228,
				229,
				230,
				231,
				232,
				233,
				234,
				235,
				236,
				237,
				238,
				239,
				240,
				241,
				242,
				243,
				244,
				245,
				246,
				247,
				248,
				249,
				250,
				251,
				252,
				253,
				254,
				255,
				256,
				257,
				258,
				259,
				260,
				261,
				262,
				263,
				264,
				265,
				266,
				267,
				268,
				269,
				270,
				271,
				272,
				273,
				274,
				275,
				276,
				277,
				278,
				279,
				280,
				281,
				282,
				283,
				284,
				285
			]
		},
		286
	]
}