{
	"credit": "Made with Blockbench",
	"textures": {
		"0": "item/majestica",
		"particle": "item/majestica"
	},
	"elements": [
		{
			"name": "1231_0",
			"from": [6, 7.8125, 8.4375],
			"to": [10, 10.8125, 8.625],
			"rotation": {"angle": 0, "axis": "x", "origin": [8, 9.89396, 8.46144]},
			"faces": {
				"north": {"uv": [7.5, 6, 4.5, 10], "rotation": 270, "texture": "#0"},
				"east": {"uv": [4.5, 6, 7.5, 6.125], "rotation": 90, "texture": "#0"},
				"south": {"uv": [4.5, 6, 7.5, 10], "rotation": 90, "texture": "#0"},
				"west": {"uv": [4.5, 9.875, 7.5, 10], "rotation": 90, "texture": "#0"},
				"up": {"uv": [4.5, 6, 4.625, 10], "rotation": 90, "texture": "#0"},
				"down": {"uv": [7.375, 6, 7.5, 10], "rotation": 90, "texture": "#0"}
			}
		},
		{
			"name": "1231_1",
			"from": [6, 7.6875, 7.6875],
			"to": [10, 8, 8.4375],
			"rotation": {"angle": 0, "axis": "y", "origin": [14, 15.8125, 15.6875]},
			"faces": {
				"north": {"uv": [8.25, 6, 8.375, 10], "rotation": 270, "texture": "#0"},
				"east": {"uv": [7.625, 6, 8.375, 6.125], "texture": "#0"},
				"south": {"uv": [7.625, 6, 7.75, 10], "rotation": 90, "texture": "#0"},
				"west": {"uv": [7.625, 9.875, 8.375, 10], "rotation": 180, "texture": "#0"},
				"up": {"uv": [8.375, 6, 7.625, 10], "rotation": 90, "texture": "#0"},
				"down": {"uv": [7.625, 6, 8.375, 10], "rotation": 90, "texture": "#0"}
			}
		},
		{
			"name": "1231_2",
			"from": [6, 7.8125, 7.5],
			"to": [10, 10.8125, 7.6875],
			"rotation": {"angle": 0, "axis": "x", "origin": [8, 9.89397, 7.66356]},
			"faces": {
				"north": {"uv": [8.5, 6, 11.5, 10], "rotation": 270, "texture": "#0"},
				"east": {"uv": [8.5, 6, 11.5, 6.125], "rotation": 270, "texture": "#0"},
				"south": {"uv": [11.5, 6, 8.5, 10], "rotation": 90, "texture": "#0"},
				"west": {"uv": [8.5, 9.875, 11.5, 10], "rotation": 270, "texture": "#0"},
				"up": {"uv": [11.375, 6, 11.5, 10], "rotation": 90, "texture": "#0"},
				"down": {"uv": [8.5, 6, 8.625, 10], "rotation": 90, "texture": "#0"}
			}
		},
		{
			"name": "1231_3",
			"from": [6.25, 7.84143, 8.04373],
			"to": [9.75, 10.59143, 8.48123],
			"rotation": {"angle": 0, "axis": "x", "origin": [8, 10.01896, 8.46144]},
			"faces": {
				"east": {"uv": [2, 10.375, 3.375, 13.875], "rotation": 180, "texture": "#0"},
				"west": {"uv": [2, 10.375, 3.375, 13.875], "texture": "#0"},
				"up": {"uv": [2, 10.375, 3.375, 13.875], "rotation": 90, "texture": "#0"}
			}
		},
		{
			"name": "1231_4",
			"from": [6.25, 7.84143, 7.64376],
			"to": [9.75, 10.59143, 8.08126],
			"rotation": {"angle": 0, "axis": "x", "origin": [8, 10.01897, 7.66356]},
			"faces": {
				"east": {"uv": [2, 10.375, 3.375, 13.875], "texture": "#0"},
				"west": {"uv": [2, 10.375, 3.375, 13.875], "rotation": 180, "texture": "#0"},
				"up": {"uv": [2, 10.375, 3.375, 13.875], "rotation": 270, "texture": "#0"}
			}
		},
		{
			"name": "12321 - Kopie_0",
			"from": [9.75, 10.56249, 8.375],
			"to": [10.125, 10.93749, 8.6875],
			"rotation": {"angle": 0, "axis": "x", "origin": [8, 9.89396, 8.46144]},
			"faces": {
				"north": {"uv": [4.75, 1, 4.375, 1.375], "rotation": 270, "texture": "#0"},
				"east": {"uv": [4.375, 1, 4.75, 1.125], "rotation": 90, "texture": "#0"},
				"south": {"uv": [4.375, 1, 4.75, 1.375], "rotation": 90, "texture": "#0"},
				"west": {"uv": [4.375, 1.25, 4.75, 1.375], "rotation": 90, "texture": "#0"},
				"up": {"uv": [4.375, 1, 4.5, 1.375], "rotation": 90, "texture": "#0"},
				"down": {"uv": [4.625, 1, 4.75, 1.375], "rotation": 90, "texture": "#0"}
			}
		},
		{
			"name": "12321 - Kopie_1",
			"from": [9.875, 10.18749, 8.375],
			"to": [10.125, 10.56249, 8.6875],
			"rotation": {"angle": 0, "axis": "x", "origin": [8, 9.89396, 8.46144]},
			"faces": {
				"north": {"uv": [5.125, 1, 4.75, 1.25], "rotation": 270, "texture": "#0"},
				"east": {"uv": [4.75, 1, 5.125, 1.125], "rotation": 90, "texture": "#0"},
				"south": {"uv": [4.75, 1, 5.125, 1.25], "rotation": 90, "texture": "#0"},
				"west": {"uv": [4.75, 1.125, 5.125, 1.25], "rotation": 90, "texture": "#0"},
				"down": {"uv": [5, 1, 5.125, 1.25], "rotation": 90, "texture": "#0"}
			}
		},
		{
			"name": "12321 - Kopie_2",
			"from": [9.875, 10.18749, 7.4375],
			"to": [10.125, 10.93749, 7.75],
			"rotation": {"angle": 0, "axis": "x", "origin": [8, 9.89397, 7.66356]},
			"faces": {
				"north": {"uv": [10.875, 1, 11.625, 1.25], "rotation": 270, "texture": "#0"},
				"east": {"uv": [10.875, 1, 11.625, 1.125], "rotation": 270, "texture": "#0"},
				"south": {"uv": [11.625, 1, 10.875, 1.25], "rotation": 90, "texture": "#0"},
				"west": {"uv": [10.875, 1.125, 11.625, 1.25], "rotation": 270, "texture": "#0"},
				"up": {"uv": [11.5, 1, 11.625, 1.25], "rotation": 90, "texture": "#0"},
				"down": {"uv": [10.875, 1, 11, 1.25], "rotation": 90, "texture": "#0"}
			}
		},
		{
			"name": "12321 - Kopie_3",
			"from": [9.75, 10.56249, 7.4375],
			"to": [9.875, 10.93749, 7.75],
			"rotation": {"angle": 0, "axis": "x", "origin": [8, 9.89397, 7.66356]},
			"faces": {
				"north": {"uv": [11.25, 1.25, 11.625, 1.375], "rotation": 270, "texture": "#0"},
				"south": {"uv": [11.625, 1.25, 11.25, 1.375], "rotation": 90, "texture": "#0"},
				"west": {"uv": [11.25, 1.25, 11.625, 1.375], "rotation": 270, "texture": "#0"},
				"up": {"uv": [11.5, 1.25, 11.625, 1.375], "rotation": 90, "texture": "#0"},
				"down": {"uv": [11.25, 1.25, 11.375, 1.375], "rotation": 90, "texture": "#0"}
			}
		},
		{
			"name": "12321 - Kopie_4",
			"from": [9.375, 10.68749, 8.375],
			"to": [9.75, 10.93749, 8.6875],
			"rotation": {"angle": 0, "axis": "x", "origin": [8, 9.89396, 8.46144]},
			"faces": {
				"north": {"uv": [4.625, 1.375, 4.375, 1.75], "rotation": 270, "texture": "#0"},
				"south": {"uv": [4.375, 1.375, 4.625, 1.75], "rotation": 90, "texture": "#0"},
				"west": {"uv": [4.375, 1.625, 4.625, 1.75], "rotation": 90, "texture": "#0"},
				"up": {"uv": [4.375, 1.375, 4.5, 1.75], "rotation": 90, "texture": "#0"},
				"down": {"uv": [4.5, 1.375, 4.625, 1.75], "rotation": 90, "texture": "#0"}
			}
		},
		{
			"name": "12321 - Kopie_5",
			"from": [9.375, 10.68749, 7.4375],
			"to": [9.75, 10.93749, 7.75],
			"rotation": {"angle": 0, "axis": "x", "origin": [8, 9.89397, 7.66356]},
			"faces": {
				"north": {"uv": [11.375, 1.375, 11.625, 1.75], "rotation": 270, "texture": "#0"},
				"south": {"uv": [11.625, 1.375, 11.375, 1.75], "rotation": 90, "texture": "#0"},
				"west": {"uv": [11.375, 1.625, 11.625, 1.75], "rotation": 270, "texture": "#0"},
				"up": {"uv": [11.5, 1.375, 11.625, 1.75], "rotation": 90, "texture": "#0"},
				"down": {"uv": [11.375, 1.375, 11.5, 1.75], "rotation": 90, "texture": "#0"}
			}
		},
		{
			"name": "12321 - Kopie_6",
			"from": [5.875, 10.68749, 8.375],
			"to": [6.625, 10.93749, 8.6875],
			"rotation": {"angle": 0, "axis": "x", "origin": [8, 9.89396, 8.46144]},
			"faces": {
				"north": {"uv": [4.625, 4.5, 4.375, 5.25], "rotation": 270, "texture": "#0"},
				"east": {"uv": [4.375, 4.5, 4.625, 4.625], "rotation": 90, "texture": "#0"},
				"south": {"uv": [4.375, 4.5, 4.625, 5.25], "rotation": 90, "texture": "#0"},
				"west": {"uv": [4.375, 5.125, 4.625, 5.25], "rotation": 90, "texture": "#0"},
				"up": {"uv": [4.375, 4.5, 4.5, 5.25], "rotation": 90, "texture": "#0"},
				"down": {"uv": [4.5, 4.5, 4.625, 5.25], "rotation": 90, "texture": "#0"}
			}
		},
		{
			"name": "12321 - Kopie_7",
			"from": [5.875, 10.68749, 7.4375],
			"to": [6.625, 10.93749, 7.75],
			"rotation": {"angle": 0, "axis": "x", "origin": [8, 9.89397, 7.66356]},
			"faces": {
				"north": {"uv": [11.375, 4.5, 11.625, 5.25], "rotation": 270, "texture": "#0"},
				"east": {"uv": [11.375, 4.5, 11.625, 4.625], "rotation": 270, "texture": "#0"},
				"south": {"uv": [11.625, 4.5, 11.375, 5.25], "rotation": 90, "texture": "#0"},
				"west": {"uv": [11.375, 5.125, 11.625, 5.25], "rotation": 270, "texture": "#0"},
				"up": {"uv": [11.5, 4.5, 11.625, 5.25], "rotation": 90, "texture": "#0"},
				"down": {"uv": [11.375, 4.5, 11.5, 5.25], "rotation": 90, "texture": "#0"}
			}
		},
		{
			"name": "12321 - Kopie_8",
			"from": [5.875, 10.56249, 8.375],
			"to": [6.25, 10.68749, 8.6875],
			"rotation": {"angle": 0, "axis": "x", "origin": [8, 9.89396, 8.46144]},
			"faces": {
				"north": {"uv": [4.75, 4.875, 4.625, 5.25], "rotation": 270, "texture": "#0"},
				"east": {"uv": [4.625, 4.875, 4.75, 5], "rotation": 90, "texture": "#0"},
				"south": {"uv": [4.625, 4.875, 4.75, 5.25], "rotation": 90, "texture": "#0"},
				"west": {"uv": [4.625, 5.125, 4.75, 5.25], "rotation": 90, "texture": "#0"},
				"down": {"uv": [4.625, 4.875, 4.75, 5.25], "rotation": 90, "texture": "#0"}
			}
		},
		{
			"name": "12321 - Kopie_9",
			"from": [5.875, 10.56249, 7.4375],
			"to": [6.25, 10.68749, 7.75],
			"rotation": {"angle": 0, "axis": "x", "origin": [8, 9.89397, 7.66356]},
			"faces": {
				"north": {"uv": [11.25, 4.875, 11.375, 5.25], "rotation": 270, "texture": "#0"},
				"east": {"uv": [11.25, 4.875, 11.375, 5], "rotation": 270, "texture": "#0"},
				"south": {"uv": [11.375, 4.875, 11.25, 5.25], "rotation": 90, "texture": "#0"},
				"west": {"uv": [11.25, 5.125, 11.375, 5.25], "rotation": 270, "texture": "#0"},
				"down": {"uv": [11.25, 4.875, 11.375, 5.25], "rotation": 90, "texture": "#0"}
			}
		},
		{
			"name": "12321 - Kopie_10",
			"from": [5.875, 10.18749, 8.375],
			"to": [6.125, 10.56249, 8.6875],
			"rotation": {"angle": 0, "axis": "x", "origin": [8, 9.89396, 8.46144]},
			"faces": {
				"north": {"uv": [5.125, 5, 4.75, 5.25], "rotation": 270, "texture": "#0"},
				"east": {"uv": [4.75, 5, 5.125, 5.125], "rotation": 90, "texture": "#0"},
				"south": {"uv": [4.75, 5, 5.125, 5.25], "rotation": 90, "texture": "#0"},
				"west": {"uv": [4.75, 5.125, 5.125, 5.25], "rotation": 90, "texture": "#0"},
				"down": {"uv": [5, 5, 5.125, 5.25], "rotation": 90, "texture": "#0"}
			}
		},
		{
			"name": "12321 - Kopie_11",
			"from": [5.875, 10.18749, 7.4375],
			"to": [6.125, 10.56249, 7.75],
			"rotation": {"angle": 0, "axis": "x", "origin": [8, 9.89397, 7.66356]},
			"faces": {
				"north": {"uv": [10.875, 5, 11.25, 5.25], "rotation": 270, "texture": "#0"},
				"east": {"uv": [10.875, 5, 11.25, 5.125], "rotation": 270, "texture": "#0"},
				"south": {"uv": [11.25, 5, 10.875, 5.25], "rotation": 90, "texture": "#0"},
				"west": {"uv": [10.875, 5.125, 11.25, 5.25], "rotation": 270, "texture": "#0"},
				"down": {"uv": [10.875, 5, 11, 5.25], "rotation": 90, "texture": "#0"}
			}
		}
	],
	"display": {
		"thirdperson_righthand": {
			"rotation": [43, -105, 11],
			"translation": [0.25, 1.25, -2],
			"scale": [2.5, 2.5, 2.5]
		},
		"thirdperson_lefthand": {
			"rotation": [43, -105, 11],
			"translation": [0.25, 1.25, -2],
			"scale": [2.5, 2.5, 2.5]
		},
		"firstperson_righthand": {
			"rotation": [16, -91, 0],
			"translation": [-3, 3, 2.75],
			"scale": [1.25, 1.25, 1.25]
		},
		"firstperson_lefthand": {
			"rotation": [1, -91, 0],
			"translation": [-2.25, 3, 2.75],
			"scale": [1.25, 1.25, 1.25]
		},
		"ground": {
			"rotation": [0, 0, -90],
			"translation": [-4, 3.25, 0],
			"scale": [3, 3, 3]
		},
		"gui": {
			"rotation": [0, 0, -90],
			"translation": [-3.25, 0, 0],
			"scale": [3, 3, 3]
		},
		"head": {
			"rotation": [0, 90, 90],
			"translation": [0, -14.75, 3.5],
			"scale": [3.5, 3.5, 3.5]
		},
		"fixed": {
			"rotation": [180, 0, 90],
			"translation": [3.25, 0.25, 0],
			"scale": [3, 3, 3]
		}
	},
	"groups": [
		{
			"name": "1231",
			"origin": [8, 8, 8],
			"color": 0,
			"children": [0, 1, 2, 3, 4]
		},
		{
			"name": "12321 - Kopie",
			"origin": [8, 8, 8],
			"color": 0,
			"children": [5, 6, 7, 8, 9, 10, 11, 12, 13, 14, 15, 16]
		}
	]
}