{
	"credit": "Made with Blockbench",
	"textures": {
		"2": "item/murasama",
		"3": "item/murasama3",
		"4": "item/murasama4",
		"particle": "item/murasama"
	},
	"elements": [
		{
			"name": "blank_0",
			"from": [0, 0, 8.25],
			"to": [16, 16, 8.25],
			"faces": {
				"south": {"uv": [0, 0, 16, 16], "texture": "#4"}
			}
		},
		{
			"name": "blank_1",
			"from": [0, 0, 7.8125],
			"to": [16, 16, 7.8125],
			"faces": {
				"north": {"uv": [16, 0, 0, 16], "texture": "#4"}
			}
		},
		{
			"name": "Layer 1_0",
			"from": [7.625, 4.75, 7.875],
			"to": [8.375, 5.25, 8.1875],
			"faces": {
				"north": {"uv": [8.375, 10.75, 7.625, 11.25], "texture": "#2"},
				"east": {"uv": [8.25, 10.75, 8.375, 11.25], "texture": "#2"},
				"south": {"uv": [7.625, 10.75, 8.375, 11.25], "texture": "#2"},
				"west": {"uv": [7.625, 10.75, 7.75, 11.25], "texture": "#2"},
				"up": {"uv": [7.625, 10.75, 8.375, 10.875], "texture": "#2"}
			}
		},
		{
			"name": "Layer 1_1",
			"from": [7.625, 4.5, 7.8125],
			"to": [8.375, 4.625, 8.25],
			"faces": {
				"east": {"uv": [8.25, 11.375, 8.375, 11.5], "texture": "#2"},
				"west": {"uv": [7.625, 11.375, 7.75, 11.5], "texture": "#2"},
				"down": {"uv": [7.625, 11.375, 8.375, 11.5], "texture": "#2"}
			}
		},
		{
			"name": "Layer 1_2",
			"from": [7.875, 4.125, 7.9375],
			"to": [8, 4.375, 8.125],
			"faces": {
				"north": {"uv": [8, 11.625, 7.875, 11.875], "texture": "#2"},
				"south": {"uv": [7.875, 11.625, 8, 11.875], "texture": "#2"}
			}
		},
		{
			"name": "Layer 1_3",
			"from": [8, 4, 7.9375],
			"to": [8.125, 4.25, 8.125],
			"faces": {
				"north": {"uv": [8.125, 11.75, 8, 12], "texture": "#2"},
				"south": {"uv": [8, 11.75, 8.125, 12], "texture": "#2"}
			}
		},
		{
			"name": "Layer 1_4",
			"from": [7.875, 3, 7.9375],
			"to": [8, 3.875, 8.125],
			"faces": {
				"north": {"uv": [8, 12.125, 7.875, 13], "texture": "#2"},
				"south": {"uv": [7.875, 12.125, 8, 13], "texture": "#2"}
			}
		},
		{
			"name": "Layer 1_5",
			"from": [8, 2.875, 7.9375],
			"to": [8.125, 3.75, 8.125],
			"faces": {
				"north": {"uv": [8.125, 12.25, 8, 13.125], "texture": "#2"},
				"south": {"uv": [8, 12.25, 8.125, 13.125], "texture": "#2"}
			}
		},
		{
			"name": "Layer 1_6",
			"from": [7.875, 2, 7.9375],
			"to": [8, 2.875, 8.125],
			"faces": {
				"north": {"uv": [8, 13.125, 7.875, 14], "texture": "#2"},
				"south": {"uv": [7.875, 13.125, 8, 14], "texture": "#2"}
			}
		},
		{
			"name": "Layer 1_7",
			"from": [8, 1.875, 7.9375],
			"to": [8.125, 2.75, 8.125],
			"faces": {
				"north": {"uv": [8.125, 13.25, 8, 14.125], "texture": "#2"},
				"south": {"uv": [8, 13.25, 8.125, 14.125], "texture": "#2"}
			}
		},
		{
			"name": "Layer 1_8",
			"from": [7.875, 1.5, 7.9375],
			"to": [8, 1.75, 8.125],
			"faces": {
				"north": {"uv": [8, 14.25, 7.875, 14.5], "texture": "#2"},
				"south": {"uv": [7.875, 14.25, 8, 14.5], "texture": "#2"}
			}
		},
		{
			"name": "Layer 1_9",
			"from": [8, 1.375, 7.9375],
			"to": [8.125, 1.625, 8.125],
			"faces": {
				"north": {"uv": [8.125, 14.375, 8, 14.625], "texture": "#2"},
				"south": {"uv": [8, 14.375, 8.125, 14.625], "texture": "#2"}
			}
		},
		{
			"name": "Layer 2_0",
			"from": [8.625, 12.875, 8],
			"to": [8.75, 13, 8.0625],
			"faces": {
				"north": {"uv": [8.75, 3, 8.625, 3.125], "texture": "#2"},
				"east": {"uv": [8.625, 3, 8.75, 3.125], "texture": "#2"},
				"south": {"uv": [8.625, 3, 8.75, 3.125], "texture": "#2"},
				"west": {"uv": [8.625, 3, 8.75, 3.125], "texture": "#2"},
				"up": {"uv": [8.625, 3, 8.75, 3.125], "texture": "#2"}
			}
		},
		{
			"name": "Layer 2_1",
			"from": [8.5, 12.75, 8],
			"to": [8.625, 12.875, 8.0625],
			"faces": {
				"north": {"uv": [8.625, 3.125, 8.5, 3.25], "texture": "#2"},
				"south": {"uv": [8.5, 3.125, 8.625, 3.25], "texture": "#2"},
				"west": {"uv": [8.5, 3.125, 8.625, 3.25], "texture": "#2"},
				"up": {"uv": [8.5, 3.125, 8.625, 3.25], "texture": "#2"}
			}
		},
		{
			"name": "Layer 2_2",
			"from": [8.375, 12.625, 8],
			"to": [8.5, 12.75, 8.0625],
			"faces": {
				"north": {"uv": [8.5, 3.25, 8.375, 3.375], "texture": "#2"},
				"south": {"uv": [8.375, 3.25, 8.5, 3.375], "texture": "#2"},
				"west": {"uv": [8.375, 3.25, 8.5, 3.375], "texture": "#2"},
				"up": {"uv": [8.375, 3.25, 8.5, 3.375], "texture": "#2"}
			}
		},
		{
			"name": "Layer 2_3",
			"from": [8.25, 12.375, 8],
			"to": [8.375, 12.625, 8.0625],
			"faces": {
				"north": {"uv": [8.375, 3.375, 8.25, 3.625], "texture": "#2"},
				"south": {"uv": [8.25, 3.375, 8.375, 3.625], "texture": "#2"},
				"west": {"uv": [8.25, 3.375, 8.375, 3.625], "texture": "#2"},
				"up": {"uv": [8.25, 3.375, 8.375, 3.5], "texture": "#2"}
			}
		},
		{
			"name": "Layer 2_4",
			"from": [8.125, 12, 8],
			"to": [8.25, 12.375, 8.0625],
			"faces": {
				"north": {"uv": [8.25, 3.625, 8.125, 4], "texture": "#2"},
				"south": {"uv": [8.125, 3.625, 8.25, 4], "texture": "#2"},
				"west": {"uv": [8.125, 3.625, 8.25, 4], "texture": "#2"},
				"up": {"uv": [8.125, 3.625, 8.25, 3.75], "texture": "#2"}
			}
		},
		{
			"name": "Layer 2_5",
			"from": [8, 11.5, 8],
			"to": [8.125, 12, 8.0625],
			"faces": {
				"north": {"uv": [8.125, 4, 8, 4.5], "texture": "#2"},
				"south": {"uv": [8, 4, 8.125, 4.5], "texture": "#2"},
				"west": {"uv": [8, 4, 8.125, 4.5], "texture": "#2"},
				"up": {"uv": [8, 4, 8.125, 4.125], "texture": "#2"}
			}
		},
		{
			"name": "Layer 2_6",
			"from": [7.875, 10.375, 8],
			"to": [8, 11.5, 8.0625],
			"faces": {
				"north": {"uv": [8, 4.5, 7.875, 5.625], "texture": "#2"},
				"south": {"uv": [7.875, 4.5, 8, 5.625], "texture": "#2"},
				"west": {"uv": [7.875, 4.5, 8, 5.625], "texture": "#2"},
				"up": {"uv": [7.875, 4.5, 8, 4.625], "texture": "#2"}
			}
		},
		{
			"name": "Layer 2_7",
			"from": [7.75, 5.25, 8],
			"to": [7.875, 10.375, 8.0625],
			"faces": {
				"north": {"uv": [7.875, 5.625, 7.75, 10.75], "texture": "#2"},
				"south": {"uv": [7.75, 5.625, 7.875, 10.75], "texture": "#2"},
				"west": {"uv": [7.75, 5.625, 7.875, 10.75], "texture": "#2"},
				"up": {"uv": [7.75, 5.625, 7.875, 5.75], "texture": "#2"}
			}
		},
		{
			"name": "Layer 2_8",
			"from": [8.25, 3.875, 7.9375],
			"to": [8.375, 4.5, 8.125],
			"faces": {
				"north": {"uv": [8.375, 11.5, 8.25, 12.125], "texture": "#2"},
				"east": {"uv": [8.25, 11.5, 8.375, 12.125], "texture": "#2"},
				"south": {"uv": [8.25, 11.5, 8.375, 12.125], "texture": "#2"},
				"down": {"uv": [8.25, 12, 8.375, 12.125], "texture": "#2"}
			}
		},
		{
			"name": "Layer 3_0",
			"from": [8.625, 12.625, 7.9375],
			"to": [8.75, 12.875, 8.125],
			"faces": {
				"north": {"uv": [8.75, 3.125, 8.625, 3.375], "texture": "#2"},
				"east": {"uv": [8.625, 3.125, 8.75, 3.375], "texture": "#2"},
				"south": {"uv": [8.625, 3.125, 8.75, 3.375], "texture": "#2"},
				"west": {"uv": [8.625, 3.125, 8.75, 3.375], "texture": "#2"},
				"up": {"uv": [8.625, 3.125, 8.75, 3.25], "texture": "#2"},
				"down": {"uv": [8.625, 3.25, 8.75, 3.375], "texture": "#2"}
			}
		},
		{
			"name": "Layer 3_1",
			"from": [8.5, 12.25, 7.9375],
			"to": [8.625, 12.75, 8.125],
			"faces": {
				"north": {"uv": [8.625, 3.25, 8.5, 3.75], "texture": "#2"},
				"east": {"uv": [8.5, 3.25, 8.625, 3.75], "texture": "#2"},
				"south": {"uv": [8.5, 3.25, 8.625, 3.75], "texture": "#2"},
				"west": {"uv": [8.5, 3.25, 8.625, 3.75], "texture": "#2"},
				"up": {"uv": [8.5, 3.25, 8.625, 3.375], "texture": "#2"},
				"down": {"uv": [8.5, 3.625, 8.625, 3.75], "texture": "#2"}
			}
		},
		{
			"name": "Layer 3_2",
			"from": [8.375, 11.5, 7.9375],
			"to": [8.5, 12.625, 8.125],
			"faces": {
				"north": {"uv": [8.5, 3.375, 8.375, 4.5], "texture": "#2"},
				"east": {"uv": [8.375, 3.375, 8.5, 4.5], "texture": "#2"},
				"south": {"uv": [8.375, 3.375, 8.5, 4.5], "texture": "#2"},
				"west": {"uv": [8.375, 3.375, 8.5, 4.5], "texture": "#2"},
				"up": {"uv": [8.375, 3.375, 8.5, 3.5], "texture": "#2"},
				"down": {"uv": [8.375, 4.375, 8.5, 4.5], "texture": "#2"}
			}
		},
		{
			"name": "Layer 3_3",
			"from": [8.25, 10.375, 7.9375],
			"to": [8.375, 12.375, 8.125],
			"faces": {
				"north": {"uv": [8.375, 3.625, 8.25, 5.625], "texture": "#2"},
				"east": {"uv": [8.25, 3.625, 8.375, 5.625], "texture": "#2"},
				"south": {"uv": [8.25, 3.625, 8.375, 5.625], "texture": "#2"},
				"west": {"uv": [8.25, 3.625, 8.375, 5.625], "texture": "#2"},
				"up": {"uv": [8.25, 3.625, 8.375, 3.75], "texture": "#2"},
				"down": {"uv": [8.25, 5.5, 8.375, 5.625], "texture": "#2"}
			}
		},
		{
			"name": "Layer 3_4",
			"from": [8.125, 5.25, 7.9375],
			"to": [8.25, 12, 8.125],
			"faces": {
				"north": {"uv": [8.25, 4, 8.125, 10.75], "texture": "#2"},
				"east": {"uv": [8.125, 4, 8.25, 10.75], "texture": "#2"},
				"south": {"uv": [8.125, 4, 8.25, 10.75], "texture": "#2"},
				"west": {"uv": [8.125, 4, 8.25, 10.75], "texture": "#2"},
				"up": {"uv": [8.125, 4, 8.25, 4.125], "texture": "#2"}
			}
		},
		{
			"name": "Layer 3_5",
			"from": [8, 5.25, 7.9375],
			"to": [8.125, 11.5, 8.125],
			"faces": {
				"north": {"uv": [8.125, 4.5, 8, 10.75], "texture": "#2"},
				"south": {"uv": [8, 4.5, 8.125, 10.75], "texture": "#2"},
				"west": {"uv": [8, 4.5, 8.125, 10.75], "texture": "#2"},
				"up": {"uv": [8, 4.5, 8.125, 4.625], "texture": "#2"}
			}
		},
		{
			"name": "Layer 3_6",
			"from": [7.875, 5.25, 7.9375],
			"to": [8, 10.375, 8.125],
			"faces": {
				"north": {"uv": [8, 5.625, 7.875, 10.75], "texture": "#2"},
				"south": {"uv": [7.875, 5.625, 8, 10.75], "texture": "#2"},
				"west": {"uv": [7.875, 5.625, 8, 10.75], "texture": "#2"},
				"up": {"uv": [7.875, 5.625, 8, 5.75], "texture": "#2"}
			}
		},
		{
			"name": "Layer 3_7",
			"from": [7.75, 4.375, 7.875],
			"to": [8.25, 4.5, 8.1875],
			"faces": {
				"north": {"uv": [8.25, 11.5, 7.75, 11.625], "texture": "#2"},
				"east": {"uv": [8.125, 11.5, 8.25, 11.625], "texture": "#2"},
				"south": {"uv": [7.75, 11.5, 8.25, 11.625], "texture": "#2"},
				"west": {"uv": [7.75, 11.5, 7.875, 11.625], "texture": "#2"},
				"down": {"uv": [7.75, 11.5, 8.25, 11.625], "texture": "#2"}
			}
		},
		{
			"name": "Layer 3_8",
			"from": [7.75, 1.125, 7.875],
			"to": [7.875, 4.375, 8.1875],
			"faces": {
				"north": {"uv": [7.875, 11.625, 7.75, 14.875], "texture": "#2"},
				"east": {"uv": [7.75, 11.625, 7.875, 14.875], "texture": "#2"},
				"south": {"uv": [7.75, 11.625, 7.875, 14.875], "texture": "#2"},
				"west": {"uv": [7.75, 11.625, 7.875, 14.875], "texture": "#2"},
				"down": {"uv": [7.75, 14.75, 7.875, 14.875], "texture": "#2"}
			}
		},
		{
			"name": "Layer 3_9",
			"from": [8, 4.25, 7.875],
			"to": [8.25, 4.375, 8.1875],
			"faces": {
				"north": {"uv": [8.25, 11.625, 8, 11.75], "texture": "#2"},
				"east": {"uv": [8.125, 11.625, 8.25, 11.75], "texture": "#2"},
				"south": {"uv": [8, 11.625, 8.25, 11.75], "texture": "#2"},
				"west": {"uv": [8, 11.625, 8.125, 11.75], "texture": "#2"},
				"down": {"uv": [8, 11.625, 8.25, 11.75], "texture": "#2"}
			}
		},
		{
			"name": "Layer 3_10",
			"from": [8.125, 1.125, 7.875],
			"to": [8.25, 4.25, 8.1875],
			"faces": {
				"north": {"uv": [8.25, 11.75, 8.125, 14.875], "texture": "#2"},
				"east": {"uv": [8.125, 11.75, 8.25, 14.875], "texture": "#2"},
				"south": {"uv": [8.125, 11.75, 8.25, 14.875], "texture": "#2"},
				"west": {"uv": [8.125, 11.75, 8.25, 14.875], "texture": "#2"},
				"down": {"uv": [8.125, 14.75, 8.25, 14.875], "texture": "#2"}
			}
		},
		{
			"name": "Layer 3_11",
			"from": [7.875, 3.875, 7.875],
			"to": [8, 4.125, 8.1875],
			"faces": {
				"north": {"uv": [8, 11.875, 7.875, 12.125], "texture": "#2"},
				"east": {"uv": [7.875, 11.875, 8, 12.125], "texture": "#2"},
				"south": {"uv": [7.875, 11.875, 8, 12.125], "texture": "#2"},
				"up": {"uv": [7.875, 11.875, 8, 12], "texture": "#2"},
				"down": {"uv": [7.875, 12, 8, 12.125], "texture": "#2"}
			}
		},
		{
			"name": "Layer 3_12",
			"from": [8, 3.75, 7.875],
			"to": [8.125, 4, 8.1875],
			"faces": {
				"north": {"uv": [8.125, 12, 8, 12.25], "texture": "#2"},
				"south": {"uv": [8, 12, 8.125, 12.25], "texture": "#2"},
				"west": {"uv": [8, 12, 8.125, 12.25], "texture": "#2"},
				"up": {"uv": [8, 12, 8.125, 12.125], "texture": "#2"},
				"down": {"uv": [8, 12.125, 8.125, 12.25], "texture": "#2"}
			}
		},
		{
			"name": "Layer 3_13",
			"from": [7.875, 2.875, 7.875],
			"to": [8, 3, 8.1875],
			"faces": {
				"north": {"uv": [8, 13, 7.875, 13.125], "texture": "#2"},
				"east": {"uv": [7.875, 13, 8, 13.125], "texture": "#2"},
				"south": {"uv": [7.875, 13, 8, 13.125], "texture": "#2"},
				"up": {"uv": [7.875, 13, 8, 13.125], "texture": "#2"},
				"down": {"uv": [7.875, 13, 8, 13.125], "texture": "#2"}
			}
		},
		{
			"name": "Layer 3_14",
			"from": [8, 2.75, 7.875],
			"to": [8.125, 2.875, 8.1875],
			"faces": {
				"north": {"uv": [8.125, 13.125, 8, 13.25], "texture": "#2"},
				"south": {"uv": [8, 13.125, 8.125, 13.25], "texture": "#2"},
				"west": {"uv": [8, 13.125, 8.125, 13.25], "texture": "#2"},
				"up": {"uv": [8, 13.125, 8.125, 13.25], "texture": "#2"},
				"down": {"uv": [8, 13.125, 8.125, 13.25], "texture": "#2"}
			}
		},
		{
			"name": "Layer 3_15",
			"from": [7.875, 1.75, 7.875],
			"to": [8, 2, 8.1875],
			"faces": {
				"north": {"uv": [8, 14, 7.875, 14.25], "texture": "#2"},
				"east": {"uv": [7.875, 14, 8, 14.25], "texture": "#2"},
				"south": {"uv": [7.875, 14, 8, 14.25], "texture": "#2"},
				"up": {"uv": [7.875, 14, 8, 14.125], "texture": "#2"},
				"down": {"uv": [7.875, 14.125, 8, 14.25], "texture": "#2"}
			}
		},
		{
			"name": "Layer 3_16",
			"from": [8, 1.625, 7.875],
			"to": [8.125, 1.875, 8.1875],
			"faces": {
				"north": {"uv": [8.125, 14.125, 8, 14.375], "texture": "#2"},
				"south": {"uv": [8, 14.125, 8.125, 14.375], "texture": "#2"},
				"west": {"uv": [8, 14.125, 8.125, 14.375], "texture": "#2"},
				"up": {"uv": [8, 14.125, 8.125, 14.25], "texture": "#2"},
				"down": {"uv": [8, 14.25, 8.125, 14.375], "texture": "#2"}
			}
		},
		{
			"name": "Layer 3_17",
			"from": [7.875, 1.25, 7.875],
			"to": [8, 1.5, 8.1875],
			"faces": {
				"north": {"uv": [8, 14.5, 7.875, 14.75], "texture": "#2"},
				"east": {"uv": [7.875, 14.5, 8, 14.75], "texture": "#2"},
				"south": {"uv": [7.875, 14.5, 8, 14.75], "texture": "#2"},
				"up": {"uv": [7.875, 14.5, 8, 14.625], "texture": "#2"},
				"down": {"uv": [7.875, 14.625, 8, 14.75], "texture": "#2"}
			}
		},
		{
			"name": "Layer 3_18",
			"from": [8, 1.25, 7.875],
			"to": [8.125, 1.375, 8.1875],
			"faces": {
				"north": {"uv": [8.125, 14.625, 8, 14.75], "texture": "#2"},
				"south": {"uv": [8, 14.625, 8.125, 14.75], "texture": "#2"},
				"up": {"uv": [8, 14.625, 8.125, 14.75], "texture": "#2"},
				"down": {"uv": [8, 14.625, 8.125, 14.75], "texture": "#2"}
			}
		},
		{
			"name": "Layer 4_0",
			"from": [7.375, 4.625, 7.75],
			"to": [8.625, 4.75, 8.3125],
			"faces": {
				"north": {"uv": [8.625, 11.25, 7.375, 11.375], "texture": "#2"},
				"east": {"uv": [8.5, 11.25, 8.625, 11.375], "texture": "#2"},
				"south": {"uv": [7.375, 11.25, 8.625, 11.375], "texture": "#2"},
				"west": {"uv": [7.375, 11.25, 7.5, 11.375], "texture": "#2"},
				"up": {"uv": [7.375, 11.25, 8.625, 11.375], "texture": "#2"},
				"down": {"uv": [7.375, 11.25, 8.625, 11.375], "texture": "#2"}
			}
		},
		{
			"from": [0, -0.125, 8.03125],
			"to": [16, 15.875, 8.03125],
			"faces": {
				"north": {"uv": [0, 0, 16, 16], "texture": "#3"},
				"south": {"uv": [0, 0, 16, 16], "texture": "#3"}
			}
		}
	],
	"display": {
		"thirdperson_righthand": {
			"rotation": [0, -90, 0],
			"translation": [0.25, 11.5, 1],
			"scale": [3, 3, 3]
		},
		"thirdperson_lefthand": {
			"rotation": [0, 90, 0],
			"translation": [0.25, 11.5, 1],
			"scale": [3, 3, 3]
		},
		"firstperson_righthand": {
			"rotation": [1, -91, 0],
			"translation": [0, 7.5, 2.75],
			"scale": [1.25, 1.25, 1.25]
		},
		"firstperson_lefthand": {
			"rotation": [1, 91, 0],
			"translation": [0, 7.5, 2.75],
			"scale": [1.25, 1.25, 1.25]
		},
		"ground": {
			"translation": [0, 15.75, 0],
			"scale": [3, 3, 3]
		},
		"gui": {
			"rotation": [0, 0, -45],
			"translation": [0.5, 1.5, 0],
			"scale": [1.5, 1.5, 1.5]
		},
		"head": {
			"rotation": [180, 0, 45],
			"translation": [0, -14.75, 4.75],
			"scale": [3.5, 3.5, 3.5]
		},
		"fixed": {
			"rotation": [180, 0, 135],
			"translation": [-0.75, 2.5, 0],
			"scale": [2, 2, 2]
		}
	},
	"groups": [
		{
			"name": "blank",
			"origin": [8, 8, 8],
			"color": 0,
			"children": [0, 1]
		},
		{
			"name": "Layer 1",
			"origin": [8, 8, 8],
			"color": 0,
			"children": [2, 3, 4, 5, 6, 7, 8, 9, 10, 11]
		},
		{
			"name": "Layer 2",
			"origin": [8, 8, 8],
			"color": 0,
			"children": [12, 13, 14, 15, 16, 17, 18, 19, 20]
		},
		{
			"name": "Layer 3",
			"origin": [8, 8, 8],
			"color": 0,
			"children": [21, 22, 23, 24, 25, 26, 27, 28, 29, 30, 31, 32, 33, 34, 35, 36, 37, 38, 39]
		},
		{
			"name": "Layer 4",
			"origin": [8, 8, 8],
			"color": 0,
			"children": [40]
		},
		41
	]
}