{
	"credit": "Made with Blockbench",
	"textures": {
		"0": "item/scarlet_edge",
		"particle": "item/scarlet_edge"
	},
	"elements": [
		{
			"name": "Flattened_0",
			"from": [8.25, 13.5, 7.875],
			"to": [8.375, 13.75, 8.25],
			"rotation": {"angle": 0, "axis": "y", "origin": [0, 0, 8]},
			"faces": {
				"north": {"uv": [8.375, 2.25, 8.25, 2.5], "texture": "#0"},
				"east": {"uv": [8.25, 2.25, 8.375, 2.5], "texture": "#0"},
				"south": {"uv": [8.25, 2.25, 8.375, 2.5], "texture": "#0"},
				"west": {"uv": [8.25, 2.25, 8.375, 2.5], "texture": "#0"},
				"up": {"uv": [8.25, 2.25, 8.375, 2.375], "texture": "#0"},
				"down": {"uv": [8.25, 2.375, 8.375, 2.5], "texture": "#0"}
			}
		},
		{
			"name": "Flattened_1",
			"from": [8.125, 13.25, 7.875],
			"to": [8.25, 13.5, 8.25],
			"rotation": {"angle": 0, "axis": "y", "origin": [0, 0, 8]},
			"faces": {
				"north": {"uv": [8.25, 2.5, 8.125, 2.75], "texture": "#0"},
				"east": {"uv": [8.125, 2.5, 8.25, 2.75], "texture": "#0"},
				"south": {"uv": [8.125, 2.5, 8.25, 2.75], "texture": "#0"},
				"west": {"uv": [8.125, 2.5, 8.25, 2.75], "texture": "#0"},
				"up": {"uv": [8.125, 2.5, 8.25, 2.625], "texture": "#0"},
				"down": {"uv": [8.125, 2.625, 8.25, 2.75], "texture": "#0"}
			}
		},
		{
			"name": "Flattened_2",
			"from": [8, 12.75, 7.875],
			"to": [8.125, 13.25, 8.25],
			"rotation": {"angle": 0, "axis": "y", "origin": [0, 0, 8]},
			"faces": {
				"north": {"uv": [8.125, 2.75, 8, 3.25], "texture": "#0"},
				"east": {"uv": [8, 2.75, 8.125, 3.25], "texture": "#0"},
				"south": {"uv": [8, 2.75, 8.125, 3.25], "texture": "#0"},
				"west": {"uv": [8, 2.75, 8.125, 3.25], "texture": "#0"},
				"up": {"uv": [8, 2.75, 8.125, 2.875], "texture": "#0"},
				"down": {"uv": [8, 3.125, 8.125, 3.25], "texture": "#0"}
			}
		},
		{
			"name": "Flattened_3",
			"from": [7.875, 9.875, 7.875],
			"to": [8, 12.75, 8.25],
			"rotation": {"angle": 0, "axis": "y", "origin": [0, 0, 8]},
			"faces": {
				"north": {"uv": [8, 3.25, 7.875, 6.125], "texture": "#0"},
				"east": {"uv": [7.875, 3.25, 8, 6.125], "texture": "#0"},
				"south": {"uv": [7.875, 3.25, 8, 6.125], "texture": "#0"},
				"west": {"uv": [7.875, 3.25, 8, 6.125], "texture": "#0"},
				"up": {"uv": [7.875, 3.25, 8, 3.375], "texture": "#0"},
				"down": {"uv": [7.875, 6, 8, 6.125], "texture": "#0"}
			}
		},
		{
			"name": "Flattened_4",
			"from": [7.75, 9.625, 7.875],
			"to": [7.875, 9.75, 8.25],
			"rotation": {"angle": 0, "axis": "y", "origin": [0, 0, 8]},
			"faces": {
				"north": {"uv": [7.875, 6.25, 7.75, 6.375], "texture": "#0"},
				"east": {"uv": [7.75, 6.25, 7.875, 6.375], "texture": "#0"},
				"south": {"uv": [7.75, 6.25, 7.875, 6.375], "texture": "#0"},
				"west": {"uv": [7.75, 6.25, 7.875, 6.375], "texture": "#0"},
				"up": {"uv": [7.75, 6.25, 7.875, 6.375], "texture": "#0"},
				"down": {"uv": [7.75, 6.25, 7.875, 6.375], "texture": "#0"}
			}
		},
		{
			"name": "Flattened_5",
			"from": [8, 9.625, 7.875],
			"to": [8.125, 9.75, 8.25],
			"rotation": {"angle": 0, "axis": "y", "origin": [0, 0, 8]},
			"faces": {
				"north": {"uv": [8.125, 6.25, 8, 6.375], "texture": "#0"},
				"east": {"uv": [8, 6.25, 8.125, 6.375], "texture": "#0"},
				"south": {"uv": [8, 6.25, 8.125, 6.375], "texture": "#0"},
				"west": {"uv": [8, 6.25, 8.125, 6.375], "texture": "#0"},
				"up": {"uv": [8, 6.25, 8.125, 6.375], "texture": "#0"},
				"down": {"uv": [8, 6.25, 8.125, 6.375], "texture": "#0"}
			}
		},
		{
			"name": "Flattened_6",
			"from": [7.625, 9.5, 7.875],
			"to": [7.75, 9.625, 8.25],
			"rotation": {"angle": 0, "axis": "y", "origin": [0, 0, 8]},
			"faces": {
				"north": {"uv": [7.75, 6.375, 7.625, 6.5], "texture": "#0"},
				"east": {"uv": [7.625, 6.375, 7.75, 6.5], "texture": "#0"},
				"south": {"uv": [7.625, 6.375, 7.75, 6.5], "texture": "#0"},
				"west": {"uv": [7.625, 6.375, 7.75, 6.5], "texture": "#0"},
				"up": {"uv": [7.625, 6.375, 7.75, 6.5], "texture": "#0"},
				"down": {"uv": [7.625, 6.375, 7.75, 6.5], "texture": "#0"}
			}
		},
		{
			"name": "Flattened_7",
			"from": [8.125, 9.5, 7.875],
			"to": [8.25, 9.625, 8.25],
			"rotation": {"angle": 0, "axis": "y", "origin": [0, 0, 8]},
			"faces": {
				"north": {"uv": [8.25, 6.375, 8.125, 6.5], "texture": "#0"},
				"east": {"uv": [8.125, 6.375, 8.25, 6.5], "texture": "#0"},
				"south": {"uv": [8.125, 6.375, 8.25, 6.5], "texture": "#0"},
				"west": {"uv": [8.125, 6.375, 8.25, 6.5], "texture": "#0"},
				"up": {"uv": [8.125, 6.375, 8.25, 6.5], "texture": "#0"},
				"down": {"uv": [8.125, 6.375, 8.25, 6.5], "texture": "#0"}
			}
		},
		{
			"name": "Flattened_8",
			"from": [7.5, 9.375, 7.875],
			"to": [7.625, 9.5, 8.25],
			"rotation": {"angle": 0, "axis": "y", "origin": [0, 0, 8]},
			"faces": {
				"north": {"uv": [7.625, 6.5, 7.5, 6.625], "texture": "#0"},
				"east": {"uv": [7.5, 6.5, 7.625, 6.625], "texture": "#0"},
				"south": {"uv": [7.5, 6.5, 7.625, 6.625], "texture": "#0"},
				"west": {"uv": [7.5, 6.5, 7.625, 6.625], "texture": "#0"},
				"up": {"uv": [7.5, 6.5, 7.625, 6.625], "texture": "#0"},
				"down": {"uv": [7.5, 6.5, 7.625, 6.625], "texture": "#0"}
			}
		},
		{
			"name": "Flattened_9",
			"from": [8.25, 9.375, 7.875],
			"to": [8.375, 9.5, 8.25],
			"rotation": {"angle": 0, "axis": "y", "origin": [0, 0, 8]},
			"faces": {
				"north": {"uv": [8.375, 6.5, 8.25, 6.625], "texture": "#0"},
				"east": {"uv": [8.25, 6.5, 8.375, 6.625], "texture": "#0"},
				"south": {"uv": [8.25, 6.5, 8.375, 6.625], "texture": "#0"},
				"west": {"uv": [8.25, 6.5, 8.375, 6.625], "texture": "#0"},
				"up": {"uv": [8.25, 6.5, 8.375, 6.625], "texture": "#0"},
				"down": {"uv": [8.25, 6.5, 8.375, 6.625], "texture": "#0"}
			}
		},
		{
			"name": "Flattened_10",
			"from": [7.375, 9.25, 7.875],
			"to": [7.5, 9.375, 8.25],
			"rotation": {"angle": 0, "axis": "y", "origin": [0, 0, 8]},
			"faces": {
				"north": {"uv": [7.5, 6.625, 7.375, 6.75], "texture": "#0"},
				"east": {"uv": [7.375, 6.625, 7.5, 6.75], "texture": "#0"},
				"south": {"uv": [7.375, 6.625, 7.5, 6.75], "texture": "#0"},
				"west": {"uv": [7.375, 6.625, 7.5, 6.75], "texture": "#0"},
				"up": {"uv": [7.375, 6.625, 7.5, 6.75], "texture": "#0"},
				"down": {"uv": [7.375, 6.625, 7.5, 6.75], "texture": "#0"}
			}
		},
		{
			"name": "Flattened_11",
			"from": [8.375, 9.25, 7.875],
			"to": [8.5, 9.375, 8.25],
			"rotation": {"angle": 0, "axis": "y", "origin": [0, 0, 8]},
			"faces": {
				"north": {"uv": [8.5, 6.625, 8.375, 6.75], "texture": "#0"},
				"east": {"uv": [8.375, 6.625, 8.5, 6.75], "texture": "#0"},
				"south": {"uv": [8.375, 6.625, 8.5, 6.75], "texture": "#0"},
				"west": {"uv": [8.375, 6.625, 8.5, 6.75], "texture": "#0"},
				"up": {"uv": [8.375, 6.625, 8.5, 6.75], "texture": "#0"},
				"down": {"uv": [8.375, 6.625, 8.5, 6.75], "texture": "#0"}
			}
		},
		{
			"name": "Flattened_12",
			"from": [7.75, 8.375, 7.875],
			"to": [7.875, 8.625, 8.25],
			"rotation": {"angle": 0, "axis": "y", "origin": [0, 0, 8]},
			"faces": {
				"north": {"uv": [7.875, 7.375, 7.75, 7.625], "texture": "#0"},
				"east": {"uv": [7.75, 7.375, 7.875, 7.625], "texture": "#0"},
				"south": {"uv": [7.75, 7.375, 7.875, 7.625], "texture": "#0"},
				"west": {"uv": [7.75, 7.375, 7.875, 7.625], "texture": "#0"},
				"up": {"uv": [7.75, 7.375, 7.875, 7.5], "texture": "#0"},
				"down": {"uv": [7.75, 7.5, 7.875, 7.625], "texture": "#0"}
			}
		},
		{
			"name": "Flattened_13",
			"from": [8, 8.375, 7.875],
			"to": [8.125, 8.625, 8.25],
			"rotation": {"angle": 0, "axis": "y", "origin": [0, 0, 8]},
			"faces": {
				"north": {"uv": [8.125, 7.375, 8, 7.625], "texture": "#0"},
				"east": {"uv": [8, 7.375, 8.125, 7.625], "texture": "#0"},
				"south": {"uv": [8, 7.375, 8.125, 7.625], "texture": "#0"},
				"west": {"uv": [8, 7.375, 8.125, 7.625], "texture": "#0"},
				"up": {"uv": [8, 7.375, 8.125, 7.5], "texture": "#0"},
				"down": {"uv": [8, 7.5, 8.125, 7.625], "texture": "#0"}
			}
		},
		{
			"name": "Flattened_14",
			"from": [7.625, 8.125, 7.875],
			"to": [7.75, 8.375, 8.25],
			"rotation": {"angle": 0, "axis": "y", "origin": [0, 0, 8]},
			"faces": {
				"north": {"uv": [7.75, 7.625, 7.625, 7.875], "texture": "#0"},
				"east": {"uv": [7.625, 7.625, 7.75, 7.875], "texture": "#0"},
				"south": {"uv": [7.625, 7.625, 7.75, 7.875], "texture": "#0"},
				"west": {"uv": [7.625, 7.625, 7.75, 7.875], "texture": "#0"},
				"up": {"uv": [7.625, 7.625, 7.75, 7.75], "texture": "#0"},
				"down": {"uv": [7.625, 7.75, 7.75, 7.875], "texture": "#0"}
			}
		},
		{
			"name": "Flattened_15",
			"from": [8.125, 8.125, 7.875],
			"to": [8.25, 8.375, 8.25],
			"rotation": {"angle": 0, "axis": "y", "origin": [0, 0, 8]},
			"faces": {
				"north": {"uv": [8.25, 7.625, 8.125, 7.875], "texture": "#0"},
				"east": {"uv": [8.125, 7.625, 8.25, 7.875], "texture": "#0"},
				"south": {"uv": [8.125, 7.625, 8.25, 7.875], "texture": "#0"},
				"west": {"uv": [8.125, 7.625, 8.25, 7.875], "texture": "#0"},
				"up": {"uv": [8.125, 7.625, 8.25, 7.75], "texture": "#0"},
				"down": {"uv": [8.125, 7.75, 8.25, 7.875], "texture": "#0"}
			}
		},
		{
			"name": "Flattened_16",
			"from": [7.5, 7.875, 7.875],
			"to": [7.625, 8.125, 8.25],
			"rotation": {"angle": 0, "axis": "y", "origin": [0, 0, 8]},
			"faces": {
				"north": {"uv": [7.625, 7.875, 7.5, 8.125], "texture": "#0"},
				"east": {"uv": [7.5, 7.875, 7.625, 8.125], "texture": "#0"},
				"south": {"uv": [7.5, 7.875, 7.625, 8.125], "texture": "#0"},
				"west": {"uv": [7.5, 7.875, 7.625, 8.125], "texture": "#0"},
				"up": {"uv": [7.5, 7.875, 7.625, 8], "texture": "#0"},
				"down": {"uv": [7.5, 8, 7.625, 8.125], "texture": "#0"}
			}
		},
		{
			"name": "Flattened_17",
			"from": [8.25, 7.875, 7.875],
			"to": [8.375, 8.125, 8.25],
			"rotation": {"angle": 0, "axis": "y", "origin": [0, 0, 8]},
			"faces": {
				"north": {"uv": [8.375, 7.875, 8.25, 8.125], "texture": "#0"},
				"east": {"uv": [8.25, 7.875, 8.375, 8.125], "texture": "#0"},
				"south": {"uv": [8.25, 7.875, 8.375, 8.125], "texture": "#0"},
				"west": {"uv": [8.25, 7.875, 8.375, 8.125], "texture": "#0"},
				"up": {"uv": [8.25, 7.875, 8.375, 8], "texture": "#0"},
				"down": {"uv": [8.25, 8, 8.375, 8.125], "texture": "#0"}
			}
		},
		{
			"name": "Flattened_18",
			"from": [7.375, 7.75, 7.875],
			"to": [7.5, 7.875, 8.25],
			"rotation": {"angle": 0, "axis": "y", "origin": [0, 0, 8]},
			"faces": {
				"north": {"uv": [7.5, 8.125, 7.375, 8.25], "texture": "#0"},
				"east": {"uv": [7.375, 8.125, 7.5, 8.25], "texture": "#0"},
				"south": {"uv": [7.375, 8.125, 7.5, 8.25], "texture": "#0"},
				"west": {"uv": [7.375, 8.125, 7.5, 8.25], "texture": "#0"},
				"up": {"uv": [7.375, 8.125, 7.5, 8.25], "texture": "#0"},
				"down": {"uv": [7.375, 8.125, 7.5, 8.25], "texture": "#0"}
			}
		},
		{
			"name": "Flattened_19",
			"from": [8.375, 7.75, 7.875],
			"to": [8.5, 7.875, 8.25],
			"rotation": {"angle": 0, "axis": "y", "origin": [0, 0, 8]},
			"faces": {
				"north": {"uv": [8.5, 8.125, 8.375, 8.25], "texture": "#0"},
				"east": {"uv": [8.375, 8.125, 8.5, 8.25], "texture": "#0"},
				"south": {"uv": [8.375, 8.125, 8.5, 8.25], "texture": "#0"},
				"west": {"uv": [8.375, 8.125, 8.5, 8.25], "texture": "#0"},
				"up": {"uv": [8.375, 8.125, 8.5, 8.25], "texture": "#0"},
				"down": {"uv": [8.375, 8.125, 8.5, 8.25], "texture": "#0"}
			}
		},
		{
			"name": "Flattened_20",
			"from": [7.25, 7.625, 7.875],
			"to": [7.375, 7.75, 8.25],
			"rotation": {"angle": 0, "axis": "y", "origin": [0, 0, 8]},
			"faces": {
				"north": {"uv": [7.375, 8.25, 7.25, 8.375], "texture": "#0"},
				"east": {"uv": [7.25, 8.25, 7.375, 8.375], "texture": "#0"},
				"south": {"uv": [7.25, 8.25, 7.375, 8.375], "texture": "#0"},
				"west": {"uv": [7.25, 8.25, 7.375, 8.375], "texture": "#0"},
				"up": {"uv": [7.25, 8.25, 7.375, 8.375], "texture": "#0"},
				"down": {"uv": [7.25, 8.25, 7.375, 8.375], "texture": "#0"}
			}
		},
		{
			"name": "Flattened_21",
			"from": [8.5, 7.625, 7.875],
			"to": [8.625, 7.75, 8.25],
			"rotation": {"angle": 0, "axis": "y", "origin": [0, 0, 8]},
			"faces": {
				"north": {"uv": [8.625, 8.25, 8.5, 8.375], "texture": "#0"},
				"east": {"uv": [8.5, 8.25, 8.625, 8.375], "texture": "#0"},
				"south": {"uv": [8.5, 8.25, 8.625, 8.375], "texture": "#0"},
				"west": {"uv": [8.5, 8.25, 8.625, 8.375], "texture": "#0"},
				"up": {"uv": [8.5, 8.25, 8.625, 8.375], "texture": "#0"},
				"down": {"uv": [8.5, 8.25, 8.625, 8.375], "texture": "#0"}
			}
		},
		{
			"name": "Layer 1_0",
			"from": [7.625, 3.625, 7.875],
			"to": [8.25, 3.875, 8.25],
			"rotation": {"angle": 0, "axis": "y", "origin": [0, 0, 8]},
			"faces": {
				"north": {"uv": [8.25, 12.125, 7.625, 12.375], "texture": "#0"},
				"east": {"uv": [8.125, 12.125, 8.25, 12.375], "texture": "#0"},
				"south": {"uv": [7.625, 12.125, 8.25, 12.375], "texture": "#0"},
				"west": {"uv": [7.625, 12.125, 7.75, 12.375], "texture": "#0"},
				"up": {"uv": [7.625, 12.125, 8.25, 12.25], "texture": "#0"},
				"down": {"uv": [7.625, 12.25, 8.25, 12.375], "texture": "#0"}
			}
		},
		{
			"name": "Layer 1_1",
			"from": [7.75, 2.75, 7.9375],
			"to": [8.125, 2.875, 8.1875],
			"rotation": {"angle": 0, "axis": "y", "origin": [0, 0, 8]},
			"faces": {
				"north": {"uv": [8.125, 13.125, 7.75, 13.25], "texture": "#0"},
				"east": {"uv": [8, 13.125, 8.125, 13.25], "texture": "#0"},
				"south": {"uv": [7.75, 13.125, 8.125, 13.25], "texture": "#0"},
				"west": {"uv": [7.75, 13.125, 7.875, 13.25], "texture": "#0"}
			}
		},
		{
			"name": "Layer 1_2",
			"from": [8.5, 2.25, 7.9375],
			"to": [8.625, 2.875, 8.1875],
			"rotation": {"angle": 0, "axis": "y", "origin": [0, 0, 8]},
			"faces": {
				"north": {"uv": [8.625, 13.125, 8.5, 13.75], "texture": "#0"},
				"east": {"uv": [8.5, 13.125, 8.625, 13.75], "texture": "#0"},
				"south": {"uv": [8.5, 13.125, 8.625, 13.75], "texture": "#0"},
				"west": {"uv": [8.5, 13.125, 8.625, 13.75], "texture": "#0"},
				"up": {"uv": [8.5, 13.125, 8.625, 13.25], "texture": "#0"},
				"down": {"uv": [8.5, 13.625, 8.625, 13.75], "texture": "#0"}
			}
		},
		{
			"name": "Layer 1_3",
			"from": [7.375, 2, 7.9375],
			"to": [7.5, 2.625, 8.1875],
			"rotation": {"angle": 0, "axis": "y", "origin": [0, 0, 8]},
			"faces": {
				"north": {"uv": [7.5, 13.375, 7.375, 14], "texture": "#0"},
				"east": {"uv": [7.375, 13.375, 7.5, 14], "texture": "#0"},
				"south": {"uv": [7.375, 13.375, 7.5, 14], "texture": "#0"},
				"west": {"uv": [7.375, 13.375, 7.5, 14], "texture": "#0"},
				"up": {"uv": [7.375, 13.375, 7.5, 13.5], "texture": "#0"},
				"down": {"uv": [7.375, 13.875, 7.5, 14], "texture": "#0"}
			}
		},
		{
			"name": "Layer 1_4",
			"from": [8.375, 2, 7.9375],
			"to": [8.5, 2.625, 8.1875],
			"rotation": {"angle": 0, "axis": "y", "origin": [0, 0, 8]},
			"faces": {
				"north": {"uv": [8.5, 13.375, 8.375, 14], "texture": "#0"},
				"east": {"uv": [8.375, 13.375, 8.5, 14], "texture": "#0"},
				"south": {"uv": [8.375, 13.375, 8.5, 14], "texture": "#0"},
				"west": {"uv": [8.375, 13.375, 8.5, 14], "texture": "#0"},
				"up": {"uv": [8.375, 13.375, 8.5, 13.5], "texture": "#0"},
				"down": {"uv": [8.375, 13.875, 8.5, 14], "texture": "#0"}
			}
		},
		{
			"name": "Layer 1_5",
			"from": [7.5, 1.875, 7.9375],
			"to": [7.625, 2.375, 8.1875],
			"rotation": {"angle": 0, "axis": "y", "origin": [0, 0, 8]},
			"faces": {
				"north": {"uv": [7.625, 13.625, 7.5, 14.125], "texture": "#0"},
				"east": {"uv": [7.5, 13.625, 7.625, 14.125], "texture": "#0"},
				"south": {"uv": [7.5, 13.625, 7.625, 14.125], "texture": "#0"},
				"west": {"uv": [7.5, 13.625, 7.625, 14.125], "texture": "#0"},
				"up": {"uv": [7.5, 13.625, 7.625, 13.75], "texture": "#0"},
				"down": {"uv": [7.5, 14, 7.625, 14.125], "texture": "#0"}
			}
		},
		{
			"name": "Layer 1_6",
			"from": [8.25, 1.75, 7.9375],
			"to": [8.375, 2.375, 8.1875],
			"rotation": {"angle": 0, "axis": "y", "origin": [0, 0, 8]},
			"faces": {
				"north": {"uv": [8.375, 13.625, 8.25, 14.25], "texture": "#0"},
				"east": {"uv": [8.25, 13.625, 8.375, 14.25], "texture": "#0"},
				"south": {"uv": [8.25, 13.625, 8.375, 14.25], "texture": "#0"},
				"west": {"uv": [8.25, 13.625, 8.375, 14.25], "texture": "#0"},
				"up": {"uv": [8.25, 13.625, 8.375, 13.75], "texture": "#0"},
				"down": {"uv": [8.25, 14.125, 8.375, 14.25], "texture": "#0"}
			}
		},
		{
			"name": "Layer 1_7",
			"from": [7.625, 1.75, 7.9375],
			"to": [7.75, 2.125, 8.1875],
			"rotation": {"angle": 0, "axis": "y", "origin": [0, 0, 8]},
			"faces": {
				"north": {"uv": [7.75, 13.875, 7.625, 14.25], "texture": "#0"},
				"east": {"uv": [7.625, 13.875, 7.75, 14.25], "texture": "#0"},
				"south": {"uv": [7.625, 13.875, 7.75, 14.25], "texture": "#0"},
				"west": {"uv": [7.625, 13.875, 7.75, 14.25], "texture": "#0"},
				"up": {"uv": [7.625, 13.875, 7.75, 14], "texture": "#0"},
				"down": {"uv": [7.625, 14.125, 7.75, 14.25], "texture": "#0"}
			}
		},
		{
			"name": "Layer 1_8",
			"from": [8.125, 1.5, 7.9375],
			"to": [8.25, 2.125, 8.1875],
			"rotation": {"angle": 0, "axis": "y", "origin": [0, 0, 8]},
			"faces": {
				"north": {"uv": [8.25, 13.875, 8.125, 14.5], "texture": "#0"},
				"east": {"uv": [8.125, 13.875, 8.25, 14.5], "texture": "#0"},
				"south": {"uv": [8.125, 13.875, 8.25, 14.5], "texture": "#0"},
				"west": {"uv": [8.125, 13.875, 8.25, 14.5], "texture": "#0"},
				"up": {"uv": [8.125, 13.875, 8.25, 14], "texture": "#0"},
				"down": {"uv": [8.125, 14.375, 8.25, 14.5], "texture": "#0"}
			}
		},
		{
			"name": "Layer 1_9",
			"from": [7.75, 1.5, 7.9375],
			"to": [7.875, 2, 8.1875],
			"rotation": {"angle": 0, "axis": "y", "origin": [0, 0, 8]},
			"faces": {
				"north": {"uv": [7.875, 14, 7.75, 14.5], "texture": "#0"},
				"east": {"uv": [7.75, 14, 7.875, 14.5], "texture": "#0"},
				"south": {"uv": [7.75, 14, 7.875, 14.5], "texture": "#0"},
				"west": {"uv": [7.75, 14, 7.875, 14.5], "texture": "#0"},
				"up": {"uv": [7.75, 14, 7.875, 14.125], "texture": "#0"},
				"down": {"uv": [7.75, 14.375, 7.875, 14.5], "texture": "#0"}
			}
		},
		{
			"name": "Layer 1_10",
			"from": [7.875, 1.25, 7.9375],
			"to": [8.125, 1.875, 8.1875],
			"rotation": {"angle": 0, "axis": "y", "origin": [0, 0, 8]},
			"faces": {
				"north": {"uv": [8.125, 14.125, 7.875, 14.75], "texture": "#0"},
				"east": {"uv": [8, 14.125, 8.125, 14.75], "texture": "#0"},
				"south": {"uv": [7.875, 14.125, 8.125, 14.75], "texture": "#0"},
				"west": {"uv": [7.875, 14.125, 8, 14.75], "texture": "#0"},
				"up": {"uv": [7.875, 14.125, 8.125, 14.25], "texture": "#0"},
				"down": {"uv": [7.875, 14.625, 8.125, 14.75], "texture": "#0"}
			}
		},
		{
			"name": "Layer 1_11",
			"from": [7.875, 1, 7.9375],
			"to": [8, 1.25, 8.1875],
			"rotation": {"angle": 0, "axis": "y", "origin": [0, 0, 8]},
			"faces": {
				"north": {"uv": [8, 14.75, 7.875, 15], "texture": "#0"},
				"east": {"uv": [7.875, 14.75, 8, 15], "texture": "#0"},
				"south": {"uv": [7.875, 14.75, 8, 15], "texture": "#0"},
				"west": {"uv": [7.875, 14.75, 8, 15], "texture": "#0"},
				"down": {"uv": [7.875, 14.875, 8, 15], "texture": "#0"}
			}
		},
		{
			"name": "Layer 2_0",
			"from": [7.75, 3.875, 7.9375],
			"to": [7.875, 5.75, 8.1875],
			"rotation": {"angle": 0, "axis": "y", "origin": [0, 0, 8]},
			"faces": {
				"north": {"uv": [7.875, 10.25, 7.75, 12.125], "texture": "#0"},
				"south": {"uv": [7.75, 10.25, 7.875, 12.125], "texture": "#0"},
				"west": {"uv": [7.75, 10.25, 7.875, 12.125], "texture": "#0"}
			}
		},
		{
			"name": "Layer 2_1",
			"from": [8, 3.875, 7.9375],
			"to": [8.125, 5.75, 8.1875],
			"rotation": {"angle": 0, "axis": "y", "origin": [0, 0, 8]},
			"faces": {
				"north": {"uv": [8.125, 10.25, 8, 12.125], "texture": "#0"},
				"east": {"uv": [8, 10.25, 8.125, 12.125], "texture": "#0"},
				"south": {"uv": [8, 10.25, 8.125, 12.125], "texture": "#0"}
			}
		},
		{
			"name": "Layer 2_2",
			"from": [7.875, 3.875, 7.9375],
			"to": [8, 5.625, 8.1875],
			"rotation": {"angle": 0, "axis": "y", "origin": [0, 0, 8]},
			"faces": {
				"north": {"uv": [8, 10.375, 7.875, 12.125], "texture": "#0"},
				"south": {"uv": [7.875, 10.375, 8, 12.125], "texture": "#0"}
			}
		},
		{
			"name": "Layer 2_3",
			"from": [7.75, 3.375, 7.9375],
			"to": [8.125, 3.625, 8.1875],
			"rotation": {"angle": 0, "axis": "y", "origin": [0, 0, 8]},
			"faces": {
				"north": {"uv": [8.125, 12.375, 7.75, 12.625], "texture": "#0"},
				"east": {"uv": [8, 12.375, 8.125, 12.625], "texture": "#0"},
				"south": {"uv": [7.75, 12.375, 8.125, 12.625], "texture": "#0"},
				"west": {"uv": [7.75, 12.375, 7.875, 12.625], "texture": "#0"}
			}
		},
		{
			"name": "Layer 3_0",
			"from": [7.875, 6.5, 8],
			"to": [8, 6.875, 8.125],
			"rotation": {"angle": 0, "axis": "y", "origin": [0, 0, 8]},
			"faces": {
				"north": {"uv": [8, 9.125, 7.875, 9.5], "texture": "#0"},
				"south": {"uv": [7.875, 9.125, 8, 9.5], "texture": "#0"}
			}
		},
		{
			"name": "Layer 3_1",
			"from": [7.75, 6.625, 8],
			"to": [7.875, 6.75, 8.125],
			"rotation": {"angle": 0, "axis": "y", "origin": [0, 0, 8]},
			"faces": {
				"north": {"uv": [7.875, 9.25, 7.75, 9.375], "texture": "#0"},
				"south": {"uv": [7.75, 9.25, 7.875, 9.375], "texture": "#0"}
			}
		},
		{
			"name": "Layer 3_2",
			"from": [8, 6.625, 8],
			"to": [8.125, 6.75, 8.125],
			"rotation": {"angle": 0, "axis": "y", "origin": [0, 0, 8]},
			"faces": {
				"north": {"uv": [8.125, 9.25, 8, 9.375], "texture": "#0"},
				"south": {"uv": [8, 9.25, 8.125, 9.375], "texture": "#0"}
			}
		},
		{
			"name": "Layer 3_3",
			"from": [7.625, 5.875, 7.875],
			"to": [7.75, 6.375, 8.25],
			"rotation": {"angle": 0, "axis": "y", "origin": [0, 0, 8]},
			"faces": {
				"north": {"uv": [7.75, 9.625, 7.625, 10.125], "texture": "#0"},
				"east": {"uv": [7.625, 9.625, 7.75, 10.125], "texture": "#0"},
				"south": {"uv": [7.625, 9.625, 7.75, 10.125], "texture": "#0"},
				"west": {"uv": [7.625, 9.625, 7.75, 10.125], "texture": "#0"},
				"up": {"uv": [7.625, 9.625, 7.75, 9.75], "texture": "#0"},
				"down": {"uv": [7.625, 10, 7.75, 10.125], "texture": "#0"}
			}
		},
		{
			"name": "Layer 3_4",
			"from": [8.125, 5.875, 7.875],
			"to": [8.25, 6.375, 8.25],
			"rotation": {"angle": 0, "axis": "y", "origin": [0, 0, 8]},
			"faces": {
				"north": {"uv": [8.25, 9.625, 8.125, 10.125], "texture": "#0"},
				"east": {"uv": [8.125, 9.625, 8.25, 10.125], "texture": "#0"},
				"south": {"uv": [8.125, 9.625, 8.25, 10.125], "texture": "#0"},
				"west": {"uv": [8.125, 9.625, 8.25, 10.125], "texture": "#0"},
				"up": {"uv": [8.125, 9.625, 8.25, 9.75], "texture": "#0"},
				"down": {"uv": [8.125, 10, 8.25, 10.125], "texture": "#0"}
			}
		},
		{
			"name": "Layer 3_5",
			"from": [7.75, 5.75, 7.875],
			"to": [8.125, 6.25, 8.25],
			"rotation": {"angle": 0, "axis": "y", "origin": [0, 0, 8]},
			"faces": {
				"north": {"uv": [8.125, 9.75, 7.75, 10.25], "texture": "#0"},
				"east": {"uv": [8, 9.75, 8.125, 10.25], "texture": "#0"},
				"south": {"uv": [7.75, 9.75, 8.125, 10.25], "texture": "#0"},
				"west": {"uv": [7.75, 9.75, 7.875, 10.25], "texture": "#0"},
				"up": {"uv": [7.75, 9.75, 8.125, 9.875], "texture": "#0"},
				"down": {"uv": [7.75, 10.125, 8.125, 10.25], "texture": "#0"}
			}
		},
		{
			"name": "Layer 3_6",
			"from": [7.875, 5.625, 7.875],
			"to": [8, 5.75, 8.25],
			"rotation": {"angle": 0, "axis": "y", "origin": [0, 0, 8]},
			"faces": {
				"north": {"uv": [8, 10.25, 7.875, 10.375], "texture": "#0"},
				"east": {"uv": [7.875, 10.25, 8, 10.375], "texture": "#0"},
				"south": {"uv": [7.875, 10.25, 8, 10.375], "texture": "#0"},
				"west": {"uv": [7.875, 10.25, 8, 10.375], "texture": "#0"},
				"down": {"uv": [7.875, 10.25, 8, 10.375], "texture": "#0"}
			}
		},
		{
			"name": "Layer 4_0",
			"from": [7.75, 6.75, 7.9375],
			"to": [7.875, 8.375, 8.1875],
			"rotation": {"angle": 0, "axis": "y", "origin": [0, 0, 8]},
			"faces": {
				"north": {"uv": [7.875, 7.625, 7.75, 9.25], "texture": "#0"},
				"east": {"uv": [7.75, 7.625, 7.875, 9.25], "texture": "#0"},
				"south": {"uv": [7.75, 7.625, 7.875, 9.25], "texture": "#0"},
				"down": {"uv": [7.75, 9.125, 7.875, 9.25], "texture": "#0"}
			}
		},
		{
			"name": "Layer 4_1",
			"from": [8, 6.75, 7.9375],
			"to": [8.125, 8.375, 8.1875],
			"rotation": {"angle": 0, "axis": "y", "origin": [0, 0, 8]},
			"faces": {
				"north": {"uv": [8.125, 7.625, 8, 9.25], "texture": "#0"},
				"south": {"uv": [8, 7.625, 8.125, 9.25], "texture": "#0"},
				"west": {"uv": [8, 7.625, 8.125, 9.25], "texture": "#0"},
				"down": {"uv": [8, 9.125, 8.125, 9.25], "texture": "#0"}
			}
		},
		{
			"name": "Layer 4_2",
			"from": [7.625, 6.375, 7.9375],
			"to": [7.75, 8.125, 8.1875],
			"rotation": {"angle": 0, "axis": "y", "origin": [0, 0, 8]},
			"faces": {
				"north": {"uv": [7.75, 7.875, 7.625, 9.625], "texture": "#0"},
				"east": {"uv": [7.625, 7.875, 7.75, 9.625], "texture": "#0"},
				"south": {"uv": [7.625, 7.875, 7.75, 9.625], "texture": "#0"},
				"west": {"uv": [7.625, 7.875, 7.75, 9.625], "texture": "#0"}
			}
		},
		{
			"name": "Layer 4_3",
			"from": [8.125, 6.375, 7.9375],
			"to": [8.25, 8.125, 8.1875],
			"rotation": {"angle": 0, "axis": "y", "origin": [0, 0, 8]},
			"faces": {
				"north": {"uv": [8.25, 7.875, 8.125, 9.625], "texture": "#0"},
				"east": {"uv": [8.125, 7.875, 8.25, 9.625], "texture": "#0"},
				"south": {"uv": [8.125, 7.875, 8.25, 9.625], "texture": "#0"},
				"west": {"uv": [8.125, 7.875, 8.25, 9.625], "texture": "#0"}
			}
		},
		{
			"name": "Layer 4_4",
			"from": [7.5, 7.625, 7.9375],
			"to": [7.625, 7.875, 8.1875],
			"rotation": {"angle": 0, "axis": "y", "origin": [0, 0, 8]},
			"faces": {
				"north": {"uv": [7.625, 8.125, 7.5, 8.375], "texture": "#0"},
				"south": {"uv": [7.5, 8.125, 7.625, 8.375], "texture": "#0"},
				"west": {"uv": [7.5, 8.125, 7.625, 8.375], "texture": "#0"},
				"down": {"uv": [7.5, 8.25, 7.625, 8.375], "texture": "#0"}
			}
		},
		{
			"name": "Layer 4_5",
			"from": [8.25, 7.625, 7.9375],
			"to": [8.375, 7.875, 8.1875],
			"rotation": {"angle": 0, "axis": "y", "origin": [0, 0, 8]},
			"faces": {
				"north": {"uv": [8.375, 8.125, 8.25, 8.375], "texture": "#0"},
				"east": {"uv": [8.25, 8.125, 8.375, 8.375], "texture": "#0"},
				"south": {"uv": [8.25, 8.125, 8.375, 8.375], "texture": "#0"},
				"down": {"uv": [8.25, 8.25, 8.375, 8.375], "texture": "#0"}
			}
		},
		{
			"name": "Layer 4_6",
			"from": [7.875, 6.875, 7.9375],
			"to": [8, 7.625, 8.1875],
			"rotation": {"angle": 0, "axis": "y", "origin": [0, 0, 8]},
			"faces": {
				"north": {"uv": [8, 8.375, 7.875, 9.125], "texture": "#0"},
				"south": {"uv": [7.875, 8.375, 8, 9.125], "texture": "#0"},
				"up": {"uv": [7.875, 8.375, 8, 8.5], "texture": "#0"},
				"down": {"uv": [7.875, 9, 8, 9.125], "texture": "#0"}
			}
		},
		{
			"name": "Layer 4_7",
			"from": [7.5, 6.5, 7.9375],
			"to": [7.625, 7.125, 8.1875],
			"rotation": {"angle": 0, "axis": "y", "origin": [0, 0, 8]},
			"faces": {
				"north": {"uv": [7.625, 8.875, 7.5, 9.5], "texture": "#0"},
				"south": {"uv": [7.5, 8.875, 7.625, 9.5], "texture": "#0"},
				"west": {"uv": [7.5, 8.875, 7.625, 9.5], "texture": "#0"},
				"up": {"uv": [7.5, 8.875, 7.625, 9], "texture": "#0"},
				"down": {"uv": [7.5, 9.375, 7.625, 9.5], "texture": "#0"}
			}
		},
		{
			"name": "Layer 4_8",
			"from": [8.25, 6.5, 7.9375],
			"to": [8.375, 7.125, 8.1875],
			"rotation": {"angle": 0, "axis": "y", "origin": [0, 0, 8]},
			"faces": {
				"north": {"uv": [8.375, 8.875, 8.25, 9.5], "texture": "#0"},
				"east": {"uv": [8.25, 8.875, 8.375, 9.5], "texture": "#0"},
				"south": {"uv": [8.25, 8.875, 8.375, 9.5], "texture": "#0"},
				"up": {"uv": [8.25, 8.875, 8.375, 9], "texture": "#0"},
				"down": {"uv": [8.25, 9.375, 8.375, 9.5], "texture": "#0"}
			}
		},
		{
			"name": "Layer 4_9",
			"from": [7.375, 6.625, 7.9375],
			"to": [7.5, 7, 8.1875],
			"rotation": {"angle": 0, "axis": "y", "origin": [0, 0, 8]},
			"faces": {
				"north": {"uv": [7.5, 9, 7.375, 9.375], "texture": "#0"},
				"south": {"uv": [7.375, 9, 7.5, 9.375], "texture": "#0"},
				"west": {"uv": [7.375, 9, 7.5, 9.375], "texture": "#0"},
				"up": {"uv": [7.375, 9, 7.5, 9.125], "texture": "#0"},
				"down": {"uv": [7.375, 9.25, 7.5, 9.375], "texture": "#0"}
			}
		},
		{
			"name": "Layer 4_10",
			"from": [8.375, 6.625, 7.9375],
			"to": [8.5, 7, 8.1875],
			"rotation": {"angle": 0, "axis": "y", "origin": [0, 0, 8]},
			"faces": {
				"north": {"uv": [8.5, 9, 8.375, 9.375], "texture": "#0"},
				"east": {"uv": [8.375, 9, 8.5, 9.375], "texture": "#0"},
				"south": {"uv": [8.375, 9, 8.5, 9.375], "texture": "#0"},
				"up": {"uv": [8.375, 9, 8.5, 9.125], "texture": "#0"},
				"down": {"uv": [8.375, 9.25, 8.5, 9.375], "texture": "#0"}
			}
		},
		{
			"name": "Layer 4_11",
			"from": [6.75, 6.75, 7.9375],
			"to": [7.375, 6.875, 8.1875],
			"rotation": {"angle": 0, "axis": "y", "origin": [0, 0, 8]},
			"faces": {
				"north": {"uv": [7.375, 9.125, 6.75, 9.25], "texture": "#0"},
				"south": {"uv": [6.75, 9.125, 7.375, 9.25], "texture": "#0"},
				"west": {"uv": [6.75, 9.125, 6.875, 9.25], "texture": "#0"},
				"up": {"uv": [6.75, 9.125, 7.375, 9.25], "texture": "#0"},
				"down": {"uv": [6.75, 9.125, 7.375, 9.25], "texture": "#0"}
			}
		},
		{
			"name": "Layer 4_12",
			"from": [8.5, 6.625, 7.9375],
			"to": [8.875, 6.875, 8.1875],
			"rotation": {"angle": 0, "axis": "y", "origin": [0, 0, 8]},
			"faces": {
				"north": {"uv": [8.875, 9.125, 8.5, 9.375], "texture": "#0"},
				"east": {"uv": [8.75, 9.125, 8.875, 9.375], "texture": "#0"},
				"south": {"uv": [8.5, 9.125, 8.875, 9.375], "texture": "#0"},
				"up": {"uv": [8.5, 9.125, 8.875, 9.25], "texture": "#0"},
				"down": {"uv": [8.5, 9.25, 8.875, 9.375], "texture": "#0"}
			}
		},
		{
			"name": "Layer 4_13",
			"from": [8.875, 6.75, 7.9375],
			"to": [9.125, 6.875, 8.1875],
			"rotation": {"angle": 0, "axis": "y", "origin": [0, 0, 8]},
			"faces": {
				"north": {"uv": [9.125, 9.125, 8.875, 9.25], "texture": "#0"},
				"east": {"uv": [9, 9.125, 9.125, 9.25], "texture": "#0"},
				"south": {"uv": [8.875, 9.125, 9.125, 9.25], "texture": "#0"},
				"up": {"uv": [8.875, 9.125, 9.125, 9.25], "texture": "#0"},
				"down": {"uv": [8.875, 9.125, 9.125, 9.25], "texture": "#0"}
			}
		},
		{
			"name": "Layer 4_14",
			"from": [7, 6.625, 7.9375],
			"to": [7.375, 6.75, 8.1875],
			"rotation": {"angle": 0, "axis": "y", "origin": [0, 0, 8]},
			"faces": {
				"north": {"uv": [7.375, 9.25, 7, 9.375], "texture": "#0"},
				"south": {"uv": [7, 9.25, 7.375, 9.375], "texture": "#0"},
				"west": {"uv": [7, 9.25, 7.125, 9.375], "texture": "#0"},
				"down": {"uv": [7, 9.25, 7.375, 9.375], "texture": "#0"}
			}
		},
		{
			"name": "Layer 4_15",
			"from": [7.75, 6.25, 7.9375],
			"to": [7.875, 6.625, 8.1875],
			"rotation": {"angle": 0, "axis": "y", "origin": [0, 0, 8]},
			"faces": {
				"north": {"uv": [7.875, 9.375, 7.75, 9.75], "texture": "#0"},
				"east": {"uv": [7.75, 9.375, 7.875, 9.75], "texture": "#0"},
				"south": {"uv": [7.75, 9.375, 7.875, 9.75], "texture": "#0"},
				"up": {"uv": [7.75, 9.375, 7.875, 9.5], "texture": "#0"}
			}
		},
		{
			"name": "Layer 4_16",
			"from": [8, 6.25, 7.9375],
			"to": [8.125, 6.625, 8.1875],
			"rotation": {"angle": 0, "axis": "y", "origin": [0, 0, 8]},
			"faces": {
				"north": {"uv": [8.125, 9.375, 8, 9.75], "texture": "#0"},
				"south": {"uv": [8, 9.375, 8.125, 9.75], "texture": "#0"},
				"west": {"uv": [8, 9.375, 8.125, 9.75], "texture": "#0"},
				"up": {"uv": [8, 9.375, 8.125, 9.5], "texture": "#0"}
			}
		},
		{
			"name": "Layer 4_17",
			"from": [7.875, 6.25, 7.9375],
			"to": [8, 6.5, 8.1875],
			"rotation": {"angle": 0, "axis": "y", "origin": [0, 0, 8]},
			"faces": {
				"north": {"uv": [8, 9.5, 7.875, 9.75], "texture": "#0"},
				"south": {"uv": [7.875, 9.5, 8, 9.75], "texture": "#0"},
				"up": {"uv": [7.875, 9.5, 8, 9.625], "texture": "#0"}
			}
		},
		{
			"name": "Layer 4_18",
			"from": [7.625, 2.875, 7.875],
			"to": [8.25, 3.375, 8.25],
			"rotation": {"angle": 0, "axis": "y", "origin": [0, 0, 8]},
			"faces": {
				"north": {"uv": [8.25, 12.625, 7.625, 13.125], "texture": "#0"},
				"east": {"uv": [8.125, 12.625, 8.25, 13.125], "texture": "#0"},
				"south": {"uv": [7.625, 12.625, 8.25, 13.125], "texture": "#0"},
				"west": {"uv": [7.625, 12.625, 7.75, 13.125], "texture": "#0"},
				"up": {"uv": [7.625, 12.625, 8.25, 12.75], "texture": "#0"},
				"down": {"uv": [7.625, 13, 8.25, 13.125], "texture": "#0"}
			}
		},
		{
			"name": "Layer 4_19",
			"from": [7.5, 2.875, 7.875],
			"to": [7.625, 3, 8.25],
			"rotation": {"angle": 0, "axis": "y", "origin": [0, 0, 8]},
			"faces": {
				"north": {"uv": [7.625, 13, 7.5, 13.125], "texture": "#0"},
				"south": {"uv": [7.5, 13, 7.625, 13.125], "texture": "#0"},
				"west": {"uv": [7.5, 13, 7.625, 13.125], "texture": "#0"},
				"up": {"uv": [7.5, 13, 7.625, 13.125], "texture": "#0"},
				"down": {"uv": [7.5, 13, 7.625, 13.125], "texture": "#0"}
			}
		},
		{
			"name": "Layer 4_20",
			"from": [8.25, 2.875, 7.875],
			"to": [8.375, 3, 8.25],
			"rotation": {"angle": 0, "axis": "y", "origin": [0, 0, 8]},
			"faces": {
				"north": {"uv": [8.375, 13, 8.25, 13.125], "texture": "#0"},
				"east": {"uv": [8.25, 13, 8.375, 13.125], "texture": "#0"},
				"south": {"uv": [8.25, 13, 8.375, 13.125], "texture": "#0"},
				"up": {"uv": [8.25, 13, 8.375, 13.125], "texture": "#0"},
				"down": {"uv": [8.25, 13, 8.375, 13.125], "texture": "#0"}
			}
		},
		{
			"name": "Layer 4_21",
			"from": [7.625, 2.5, 7.875],
			"to": [8.25, 2.75, 8.25],
			"rotation": {"angle": 0, "axis": "y", "origin": [0, 0, 8]},
			"faces": {
				"north": {"uv": [8.25, 13.25, 7.625, 13.5], "texture": "#0"},
				"east": {"uv": [8.125, 13.25, 8.25, 13.5], "texture": "#0"},
				"south": {"uv": [7.625, 13.25, 8.25, 13.5], "texture": "#0"},
				"west": {"uv": [7.625, 13.25, 7.75, 13.5], "texture": "#0"},
				"up": {"uv": [7.625, 13.25, 8.25, 13.375], "texture": "#0"},
				"down": {"uv": [7.625, 13.375, 8.25, 13.5], "texture": "#0"}
			}
		},
		{
			"name": "Layer 4_22",
			"from": [7.75, 2.25, 7.875],
			"to": [8.125, 2.5, 8.25],
			"rotation": {"angle": 0, "axis": "y", "origin": [0, 0, 8]},
			"faces": {
				"north": {"uv": [8.125, 13.5, 7.75, 13.75], "texture": "#0"},
				"east": {"uv": [8, 13.5, 8.125, 13.75], "texture": "#0"},
				"south": {"uv": [7.75, 13.5, 8.125, 13.75], "texture": "#0"},
				"west": {"uv": [7.75, 13.5, 7.875, 13.75], "texture": "#0"},
				"down": {"uv": [7.75, 13.625, 8.125, 13.75], "texture": "#0"}
			}
		},
		{
			"name": "Layer 4_23",
			"from": [7.875, 2.125, 7.875],
			"to": [8, 2.25, 8.25],
			"rotation": {"angle": 0, "axis": "y", "origin": [0, 0, 8]},
			"faces": {
				"north": {"uv": [8, 13.75, 7.875, 13.875], "texture": "#0"},
				"east": {"uv": [7.875, 13.75, 8, 13.875], "texture": "#0"},
				"south": {"uv": [7.875, 13.75, 8, 13.875], "texture": "#0"},
				"west": {"uv": [7.875, 13.75, 8, 13.875], "texture": "#0"},
				"down": {"uv": [7.875, 13.75, 8, 13.875], "texture": "#0"}
			}
		},
		{
			"name": "Layer 5_0",
			"from": [8.875, 14.375, 8],
			"to": [9.25, 14.5, 8.125],
			"rotation": {"angle": 0, "axis": "y", "origin": [0, 0, 8]},
			"faces": {
				"north": {"uv": [9.25, 1.5, 8.875, 1.625], "texture": "#0"},
				"east": {"uv": [9.125, 1.5, 9.25, 1.625], "texture": "#0"},
				"south": {"uv": [8.875, 1.5, 9.25, 1.625], "texture": "#0"},
				"west": {"uv": [8.875, 1.5, 9, 1.625], "texture": "#0"},
				"up": {"uv": [8.875, 1.5, 9.25, 1.625], "texture": "#0"},
				"down": {"uv": [8.875, 1.5, 9.25, 1.625], "texture": "#0"}
			}
		},
		{
			"name": "Layer 5_1",
			"from": [8.625, 14.25, 8],
			"to": [8.875, 14.375, 8.125],
			"rotation": {"angle": 0, "axis": "y", "origin": [0, 0, 8]},
			"faces": {
				"north": {"uv": [8.875, 1.625, 8.625, 1.75], "texture": "#0"},
				"south": {"uv": [8.625, 1.625, 8.875, 1.75], "texture": "#0"},
				"west": {"uv": [8.625, 1.625, 8.75, 1.75], "texture": "#0"},
				"up": {"uv": [8.625, 1.625, 8.875, 1.75], "texture": "#0"}
			}
		},
		{
			"name": "Layer 5_2",
			"from": [9, 14.25, 8],
			"to": [9.125, 14.375, 8.125],
			"rotation": {"angle": 0, "axis": "y", "origin": [0, 0, 8]},
			"faces": {
				"north": {"uv": [9.125, 1.625, 9, 1.75], "texture": "#0"},
				"east": {"uv": [9, 1.625, 9.125, 1.75], "texture": "#0"},
				"south": {"uv": [9, 1.625, 9.125, 1.75], "texture": "#0"},
				"down": {"uv": [9, 1.625, 9.125, 1.75], "texture": "#0"}
			}
		},
		{
			"name": "Layer 5_3",
			"from": [8.375, 14.125, 8],
			"to": [8.625, 14.25, 8.125],
			"rotation": {"angle": 0, "axis": "y", "origin": [0, 0, 8]},
			"faces": {
				"north": {"uv": [8.625, 1.75, 8.375, 1.875], "texture": "#0"},
				"south": {"uv": [8.375, 1.75, 8.625, 1.875], "texture": "#0"},
				"west": {"uv": [8.375, 1.75, 8.5, 1.875], "texture": "#0"},
				"up": {"uv": [8.375, 1.75, 8.625, 1.875], "texture": "#0"}
			}
		},
		{
			"name": "Layer 5_4",
			"from": [8.875, 14.125, 8],
			"to": [9, 14.25, 8.125],
			"rotation": {"angle": 0, "axis": "y", "origin": [0, 0, 8]},
			"faces": {
				"north": {"uv": [9, 1.75, 8.875, 1.875], "texture": "#0"},
				"east": {"uv": [8.875, 1.75, 9, 1.875], "texture": "#0"},
				"south": {"uv": [8.875, 1.75, 9, 1.875], "texture": "#0"},
				"down": {"uv": [8.875, 1.75, 9, 1.875], "texture": "#0"}
			}
		},
		{
			"name": "Layer 5_5",
			"from": [8.25, 14, 8],
			"to": [8.375, 14.125, 8.125],
			"rotation": {"angle": 0, "axis": "y", "origin": [0, 0, 8]},
			"faces": {
				"north": {"uv": [8.375, 1.875, 8.25, 2], "texture": "#0"},
				"south": {"uv": [8.25, 1.875, 8.375, 2], "texture": "#0"},
				"west": {"uv": [8.25, 1.875, 8.375, 2], "texture": "#0"},
				"up": {"uv": [8.25, 1.875, 8.375, 2], "texture": "#0"}
			}
		},
		{
			"name": "Layer 5_6",
			"from": [8.75, 14, 8],
			"to": [8.875, 14.125, 8.125],
			"rotation": {"angle": 0, "axis": "y", "origin": [0, 0, 8]},
			"faces": {
				"north": {"uv": [8.875, 1.875, 8.75, 2], "texture": "#0"},
				"east": {"uv": [8.75, 1.875, 8.875, 2], "texture": "#0"},
				"south": {"uv": [8.75, 1.875, 8.875, 2], "texture": "#0"},
				"down": {"uv": [8.75, 1.875, 8.875, 2], "texture": "#0"}
			}
		},
		{
			"name": "Layer 5_7",
			"from": [8.125, 13.875, 8],
			"to": [8.25, 14, 8.125],
			"rotation": {"angle": 0, "axis": "y", "origin": [0, 0, 8]},
			"faces": {
				"north": {"uv": [8.25, 2, 8.125, 2.125], "texture": "#0"},
				"south": {"uv": [8.125, 2, 8.25, 2.125], "texture": "#0"},
				"west": {"uv": [8.125, 2, 8.25, 2.125], "texture": "#0"},
				"up": {"uv": [8.125, 2, 8.25, 2.125], "texture": "#0"}
			}
		},
		{
			"name": "Layer 5_8",
			"from": [8.625, 13.75, 8],
			"to": [8.75, 14, 8.125],
			"rotation": {"angle": 0, "axis": "y", "origin": [0, 0, 8]},
			"faces": {
				"north": {"uv": [8.75, 2, 8.625, 2.25], "texture": "#0"},
				"east": {"uv": [8.625, 2, 8.75, 2.25], "texture": "#0"},
				"south": {"uv": [8.625, 2, 8.75, 2.25], "texture": "#0"},
				"down": {"uv": [8.625, 2.125, 8.75, 2.25], "texture": "#0"}
			}
		},
		{
			"name": "Layer 5_9",
			"from": [8, 13.75, 8],
			"to": [8.125, 13.875, 8.125],
			"rotation": {"angle": 0, "axis": "y", "origin": [0, 0, 8]},
			"faces": {
				"north": {"uv": [8.125, 2.125, 8, 2.25], "texture": "#0"},
				"south": {"uv": [8, 2.125, 8.125, 2.25], "texture": "#0"},
				"west": {"uv": [8, 2.125, 8.125, 2.25], "texture": "#0"},
				"up": {"uv": [8, 2.125, 8.125, 2.25], "texture": "#0"}
			}
		},
		{
			"name": "Layer 5_10",
			"from": [7.875, 13.5, 8],
			"to": [8, 13.75, 8.125],
			"rotation": {"angle": 0, "axis": "y", "origin": [0, 0, 8]},
			"faces": {
				"north": {"uv": [8, 2.25, 7.875, 2.5], "texture": "#0"},
				"south": {"uv": [7.875, 2.25, 8, 2.5], "texture": "#0"},
				"west": {"uv": [7.875, 2.25, 8, 2.5], "texture": "#0"},
				"up": {"uv": [7.875, 2.25, 8, 2.375], "texture": "#0"}
			}
		},
		{
			"name": "Layer 5_11",
			"from": [8.5, 13.375, 8],
			"to": [8.625, 13.75, 8.125],
			"rotation": {"angle": 0, "axis": "y", "origin": [0, 0, 8]},
			"faces": {
				"north": {"uv": [8.625, 2.25, 8.5, 2.625], "texture": "#0"},
				"east": {"uv": [8.5, 2.25, 8.625, 2.625], "texture": "#0"},
				"south": {"uv": [8.5, 2.25, 8.625, 2.625], "texture": "#0"},
				"down": {"uv": [8.5, 2.5, 8.625, 2.625], "texture": "#0"}
			}
		},
		{
			"name": "Layer 5_12",
			"from": [7.75, 13.25, 8],
			"to": [7.875, 13.5, 8.125],
			"rotation": {"angle": 0, "axis": "y", "origin": [0, 0, 8]},
			"faces": {
				"north": {"uv": [7.875, 2.5, 7.75, 2.75], "texture": "#0"},
				"south": {"uv": [7.75, 2.5, 7.875, 2.75], "texture": "#0"},
				"west": {"uv": [7.75, 2.5, 7.875, 2.75], "texture": "#0"},
				"up": {"uv": [7.75, 2.5, 7.875, 2.625], "texture": "#0"}
			}
		},
		{
			"name": "Layer 5_13",
			"from": [8.375, 12.75, 8],
			"to": [8.5, 13.375, 8.125],
			"rotation": {"angle": 0, "axis": "y", "origin": [0, 0, 8]},
			"faces": {
				"north": {"uv": [8.5, 2.625, 8.375, 3.25], "texture": "#0"},
				"east": {"uv": [8.375, 2.625, 8.5, 3.25], "texture": "#0"},
				"south": {"uv": [8.375, 2.625, 8.5, 3.25], "texture": "#0"},
				"down": {"uv": [8.375, 3.125, 8.5, 3.25], "texture": "#0"}
			}
		},
		{
			"name": "Layer 5_14",
			"from": [7.625, 12.75, 8],
			"to": [7.75, 13.25, 8.125],
			"rotation": {"angle": 0, "axis": "y", "origin": [0, 0, 8]},
			"faces": {
				"north": {"uv": [7.75, 2.75, 7.625, 3.25], "texture": "#0"},
				"south": {"uv": [7.625, 2.75, 7.75, 3.25], "texture": "#0"},
				"west": {"uv": [7.625, 2.75, 7.75, 3.25], "texture": "#0"},
				"up": {"uv": [7.625, 2.75, 7.75, 2.875], "texture": "#0"}
			}
		},
		{
			"name": "Layer 5_15",
			"from": [7.5, 10.375, 8],
			"to": [7.625, 12.75, 8.125],
			"rotation": {"angle": 0, "axis": "y", "origin": [0, 0, 8]},
			"faces": {
				"north": {"uv": [7.625, 3.25, 7.5, 5.625], "texture": "#0"},
				"south": {"uv": [7.5, 3.25, 7.625, 5.625], "texture": "#0"},
				"west": {"uv": [7.5, 3.25, 7.625, 5.625], "texture": "#0"},
				"up": {"uv": [7.5, 3.25, 7.625, 3.375], "texture": "#0"}
			}
		},
		{
			"name": "Layer 5_16",
			"from": [8.25, 10.375, 8],
			"to": [8.375, 12.75, 8.125],
			"rotation": {"angle": 0, "axis": "y", "origin": [0, 0, 8]},
			"faces": {
				"north": {"uv": [8.375, 3.25, 8.25, 5.625], "texture": "#0"},
				"east": {"uv": [8.25, 3.25, 8.375, 5.625], "texture": "#0"},
				"south": {"uv": [8.25, 3.25, 8.375, 5.625], "texture": "#0"}
			}
		},
		{
			"name": "Layer 5_17",
			"from": [7.375, 10, 8],
			"to": [7.5, 10.375, 8.125],
			"rotation": {"angle": 0, "axis": "y", "origin": [0, 0, 8]},
			"faces": {
				"north": {"uv": [7.5, 5.625, 7.375, 6], "texture": "#0"},
				"south": {"uv": [7.375, 5.625, 7.5, 6], "texture": "#0"},
				"west": {"uv": [7.375, 5.625, 7.5, 6], "texture": "#0"},
				"up": {"uv": [7.375, 5.625, 7.5, 5.75], "texture": "#0"}
			}
		},
		{
			"name": "Layer 5_18",
			"from": [8.375, 10, 8],
			"to": [8.5, 10.375, 8.125],
			"rotation": {"angle": 0, "axis": "y", "origin": [0, 0, 8]},
			"faces": {
				"north": {"uv": [8.5, 5.625, 8.375, 6], "texture": "#0"},
				"east": {"uv": [8.375, 5.625, 8.5, 6], "texture": "#0"},
				"south": {"uv": [8.375, 5.625, 8.5, 6], "texture": "#0"},
				"up": {"uv": [8.375, 5.625, 8.5, 5.75], "texture": "#0"}
			}
		},
		{
			"name": "Layer 5_19",
			"from": [7.25, 9.75, 8],
			"to": [7.375, 10, 8.125],
			"rotation": {"angle": 0, "axis": "y", "origin": [0, 0, 8]},
			"faces": {
				"north": {"uv": [7.375, 6, 7.25, 6.25], "texture": "#0"},
				"south": {"uv": [7.25, 6, 7.375, 6.25], "texture": "#0"},
				"west": {"uv": [7.25, 6, 7.375, 6.25], "texture": "#0"},
				"up": {"uv": [7.25, 6, 7.375, 6.125], "texture": "#0"}
			}
		},
		{
			"name": "Layer 5_20",
			"from": [8.5, 9.75, 8],
			"to": [8.625, 10, 8.125],
			"rotation": {"angle": 0, "axis": "y", "origin": [0, 0, 8]},
			"faces": {
				"north": {"uv": [8.625, 6, 8.5, 6.25], "texture": "#0"},
				"east": {"uv": [8.5, 6, 8.625, 6.25], "texture": "#0"},
				"south": {"uv": [8.5, 6, 8.625, 6.25], "texture": "#0"},
				"up": {"uv": [8.5, 6, 8.625, 6.125], "texture": "#0"}
			}
		},
		{
			"name": "Layer 5_21",
			"from": [7.125, 9.625, 8],
			"to": [7.25, 9.75, 8.125],
			"rotation": {"angle": 0, "axis": "y", "origin": [0, 0, 8]},
			"faces": {
				"north": {"uv": [7.25, 6.25, 7.125, 6.375], "texture": "#0"},
				"south": {"uv": [7.125, 6.25, 7.25, 6.375], "texture": "#0"},
				"west": {"uv": [7.125, 6.25, 7.25, 6.375], "texture": "#0"},
				"up": {"uv": [7.125, 6.25, 7.25, 6.375], "texture": "#0"}
			}
		},
		{
			"name": "Layer 5_22",
			"from": [8.625, 9.625, 8],
			"to": [8.75, 9.75, 8.125],
			"rotation": {"angle": 0, "axis": "y", "origin": [0, 0, 8]},
			"faces": {
				"north": {"uv": [8.75, 6.25, 8.625, 6.375], "texture": "#0"},
				"east": {"uv": [8.625, 6.25, 8.75, 6.375], "texture": "#0"},
				"south": {"uv": [8.625, 6.25, 8.75, 6.375], "texture": "#0"},
				"up": {"uv": [8.625, 6.25, 8.75, 6.375], "texture": "#0"}
			}
		},
		{
			"name": "Layer 5_23",
			"from": [7, 9.375, 8],
			"to": [7.125, 9.625, 8.125],
			"rotation": {"angle": 0, "axis": "y", "origin": [0, 0, 8]},
			"faces": {
				"north": {"uv": [7.125, 6.375, 7, 6.625], "texture": "#0"},
				"south": {"uv": [7, 6.375, 7.125, 6.625], "texture": "#0"},
				"west": {"uv": [7, 6.375, 7.125, 6.625], "texture": "#0"},
				"up": {"uv": [7, 6.375, 7.125, 6.5], "texture": "#0"}
			}
		},
		{
			"name": "Layer 5_24",
			"from": [8.75, 9.375, 8],
			"to": [8.875, 9.625, 8.125],
			"rotation": {"angle": 0, "axis": "y", "origin": [0, 0, 8]},
			"faces": {
				"north": {"uv": [8.875, 6.375, 8.75, 6.625], "texture": "#0"},
				"east": {"uv": [8.75, 6.375, 8.875, 6.625], "texture": "#0"},
				"south": {"uv": [8.75, 6.375, 8.875, 6.625], "texture": "#0"},
				"up": {"uv": [8.75, 6.375, 8.875, 6.5], "texture": "#0"}
			}
		},
		{
			"name": "Layer 5_25",
			"from": [6.875, 9.25, 8],
			"to": [7, 9.375, 8.125],
			"rotation": {"angle": 0, "axis": "y", "origin": [0, 0, 8]},
			"faces": {
				"north": {"uv": [7, 6.625, 6.875, 6.75], "texture": "#0"},
				"south": {"uv": [6.875, 6.625, 7, 6.75], "texture": "#0"},
				"west": {"uv": [6.875, 6.625, 7, 6.75], "texture": "#0"},
				"up": {"uv": [6.875, 6.625, 7, 6.75], "texture": "#0"}
			}
		},
		{
			"name": "Layer 5_26",
			"from": [8.875, 9.25, 8],
			"to": [9, 9.375, 8.125],
			"rotation": {"angle": 0, "axis": "y", "origin": [0, 0, 8]},
			"faces": {
				"north": {"uv": [9, 6.625, 8.875, 6.75], "texture": "#0"},
				"east": {"uv": [8.875, 6.625, 9, 6.75], "texture": "#0"},
				"south": {"uv": [8.875, 6.625, 9, 6.75], "texture": "#0"},
				"up": {"uv": [8.875, 6.625, 9, 6.75], "texture": "#0"}
			}
		},
		{
			"name": "Layer 5_27",
			"from": [6.75, 9.125, 8],
			"to": [6.875, 9.25, 8.125],
			"rotation": {"angle": 0, "axis": "y", "origin": [0, 0, 8]},
			"faces": {
				"north": {"uv": [6.875, 6.75, 6.75, 6.875], "texture": "#0"},
				"south": {"uv": [6.75, 6.75, 6.875, 6.875], "texture": "#0"},
				"west": {"uv": [6.75, 6.75, 6.875, 6.875], "texture": "#0"},
				"up": {"uv": [6.75, 6.75, 6.875, 6.875], "texture": "#0"}
			}
		},
		{
			"name": "Layer 5_28",
			"from": [7.375, 8.75, 8],
			"to": [7.5, 9.25, 8.125],
			"rotation": {"angle": 0, "axis": "y", "origin": [0, 0, 8]},
			"faces": {
				"north": {"uv": [7.5, 6.75, 7.375, 7.25], "texture": "#0"},
				"south": {"uv": [7.375, 6.75, 7.5, 7.25], "texture": "#0"},
				"west": {"uv": [7.375, 6.75, 7.5, 7.25], "texture": "#0"}
			}
		},
		{
			"name": "Layer 5_29",
			"from": [8.375, 8.75, 8],
			"to": [8.5, 9.25, 8.125],
			"rotation": {"angle": 0, "axis": "y", "origin": [0, 0, 8]},
			"faces": {
				"north": {"uv": [8.5, 6.75, 8.375, 7.25], "texture": "#0"},
				"east": {"uv": [8.375, 6.75, 8.5, 7.25], "texture": "#0"},
				"south": {"uv": [8.375, 6.75, 8.5, 7.25], "texture": "#0"}
			}
		},
		{
			"name": "Layer 5_30",
			"from": [9, 9.125, 8],
			"to": [9.125, 9.25, 8.125],
			"rotation": {"angle": 0, "axis": "y", "origin": [0, 0, 8]},
			"faces": {
				"north": {"uv": [9.125, 6.75, 9, 6.875], "texture": "#0"},
				"east": {"uv": [9, 6.75, 9.125, 6.875], "texture": "#0"},
				"south": {"uv": [9, 6.75, 9.125, 6.875], "texture": "#0"},
				"up": {"uv": [9, 6.75, 9.125, 6.875], "texture": "#0"}
			}
		},
		{
			"name": "Layer 5_31",
			"from": [6.625, 9, 8],
			"to": [6.75, 9.125, 8.125],
			"rotation": {"angle": 0, "axis": "y", "origin": [0, 0, 8]},
			"faces": {
				"north": {"uv": [6.75, 6.875, 6.625, 7], "texture": "#0"},
				"south": {"uv": [6.625, 6.875, 6.75, 7], "texture": "#0"},
				"west": {"uv": [6.625, 6.875, 6.75, 7], "texture": "#0"},
				"up": {"uv": [6.625, 6.875, 6.75, 7], "texture": "#0"}
			}
		},
		{
			"name": "Layer 5_32",
			"from": [9.125, 9, 8],
			"to": [9.25, 9.125, 8.125],
			"rotation": {"angle": 0, "axis": "y", "origin": [0, 0, 8]},
			"faces": {
				"north": {"uv": [9.25, 6.875, 9.125, 7], "texture": "#0"},
				"east": {"uv": [9.125, 6.875, 9.25, 7], "texture": "#0"},
				"south": {"uv": [9.125, 6.875, 9.25, 7], "texture": "#0"},
				"up": {"uv": [9.125, 6.875, 9.25, 7], "texture": "#0"}
			}
		},
		{
			"name": "Layer 5_33",
			"from": [6.5, 8.875, 8],
			"to": [6.625, 9, 8.125],
			"rotation": {"angle": 0, "axis": "y", "origin": [0, 0, 8]},
			"faces": {
				"north": {"uv": [6.625, 7, 6.5, 7.125], "texture": "#0"},
				"south": {"uv": [6.5, 7, 6.625, 7.125], "texture": "#0"},
				"west": {"uv": [6.5, 7, 6.625, 7.125], "texture": "#0"},
				"up": {"uv": [6.5, 7, 6.625, 7.125], "texture": "#0"},
				"down": {"uv": [6.5, 7, 6.625, 7.125], "texture": "#0"}
			}
		},
		{
			"name": "Layer 5_34",
			"from": [9.25, 8.875, 8],
			"to": [9.375, 9, 8.125],
			"rotation": {"angle": 0, "axis": "y", "origin": [0, 0, 8]},
			"faces": {
				"north": {"uv": [9.375, 7, 9.25, 7.125], "texture": "#0"},
				"east": {"uv": [9.25, 7, 9.375, 7.125], "texture": "#0"},
				"south": {"uv": [9.25, 7, 9.375, 7.125], "texture": "#0"},
				"up": {"uv": [9.25, 7, 9.375, 7.125], "texture": "#0"},
				"down": {"uv": [9.25, 7, 9.375, 7.125], "texture": "#0"}
			}
		},
		{
			"name": "Layer 5_35",
			"from": [7.25, 8.375, 8],
			"to": [7.375, 8.75, 8.125],
			"rotation": {"angle": 0, "axis": "y", "origin": [0, 0, 8]},
			"faces": {
				"north": {"uv": [7.375, 7.25, 7.25, 7.625], "texture": "#0"},
				"south": {"uv": [7.25, 7.25, 7.375, 7.625], "texture": "#0"},
				"west": {"uv": [7.25, 7.25, 7.375, 7.625], "texture": "#0"},
				"up": {"uv": [7.25, 7.25, 7.375, 7.375], "texture": "#0"}
			}
		},
		{
			"name": "Layer 5_36",
			"from": [8.5, 8.375, 8],
			"to": [8.625, 8.75, 8.125],
			"rotation": {"angle": 0, "axis": "y", "origin": [0, 0, 8]},
			"faces": {
				"north": {"uv": [8.625, 7.25, 8.5, 7.625], "texture": "#0"},
				"east": {"uv": [8.5, 7.25, 8.625, 7.625], "texture": "#0"},
				"south": {"uv": [8.5, 7.25, 8.625, 7.625], "texture": "#0"},
				"up": {"uv": [8.5, 7.25, 8.625, 7.375], "texture": "#0"}
			}
		},
		{
			"name": "Layer 5_37",
			"from": [7.125, 8.125, 8],
			"to": [7.25, 8.375, 8.125],
			"rotation": {"angle": 0, "axis": "y", "origin": [0, 0, 8]},
			"faces": {
				"north": {"uv": [7.25, 7.625, 7.125, 7.875], "texture": "#0"},
				"south": {"uv": [7.125, 7.625, 7.25, 7.875], "texture": "#0"},
				"west": {"uv": [7.125, 7.625, 7.25, 7.875], "texture": "#0"},
				"up": {"uv": [7.125, 7.625, 7.25, 7.75], "texture": "#0"}
			}
		},
		{
			"name": "Layer 5_38",
			"from": [8.625, 8.125, 8],
			"to": [8.75, 8.375, 8.125],
			"rotation": {"angle": 0, "axis": "y", "origin": [0, 0, 8]},
			"faces": {
				"north": {"uv": [8.75, 7.625, 8.625, 7.875], "texture": "#0"},
				"east": {"uv": [8.625, 7.625, 8.75, 7.875], "texture": "#0"},
				"south": {"uv": [8.625, 7.625, 8.75, 7.875], "texture": "#0"},
				"up": {"uv": [8.625, 7.625, 8.75, 7.75], "texture": "#0"}
			}
		},
		{
			"name": "Layer 5_39",
			"from": [7, 7.875, 8],
			"to": [7.125, 8.125, 8.125],
			"rotation": {"angle": 0, "axis": "y", "origin": [0, 0, 8]},
			"faces": {
				"north": {"uv": [7.125, 7.875, 7, 8.125], "texture": "#0"},
				"south": {"uv": [7, 7.875, 7.125, 8.125], "texture": "#0"},
				"west": {"uv": [7, 7.875, 7.125, 8.125], "texture": "#0"},
				"up": {"uv": [7, 7.875, 7.125, 8], "texture": "#0"}
			}
		},
		{
			"name": "Layer 5_40",
			"from": [8.75, 7.875, 8],
			"to": [8.875, 8.125, 8.125],
			"rotation": {"angle": 0, "axis": "y", "origin": [0, 0, 8]},
			"faces": {
				"north": {"uv": [8.875, 7.875, 8.75, 8.125], "texture": "#0"},
				"east": {"uv": [8.75, 7.875, 8.875, 8.125], "texture": "#0"},
				"south": {"uv": [8.75, 7.875, 8.875, 8.125], "texture": "#0"},
				"up": {"uv": [8.75, 7.875, 8.875, 8], "texture": "#0"}
			}
		},
		{
			"name": "Layer 5_41",
			"from": [6.875, 7.625, 8],
			"to": [7, 7.875, 8.125],
			"rotation": {"angle": 0, "axis": "y", "origin": [0, 0, 8]},
			"faces": {
				"north": {"uv": [7, 8.125, 6.875, 8.375], "texture": "#0"},
				"south": {"uv": [6.875, 8.125, 7, 8.375], "texture": "#0"},
				"west": {"uv": [6.875, 8.125, 7, 8.375], "texture": "#0"},
				"up": {"uv": [6.875, 8.125, 7, 8.25], "texture": "#0"}
			}
		},
		{
			"name": "Layer 5_42",
			"from": [8.875, 7.625, 8],
			"to": [9, 7.875, 8.125],
			"rotation": {"angle": 0, "axis": "y", "origin": [0, 0, 8]},
			"faces": {
				"north": {"uv": [9, 8.125, 8.875, 8.375], "texture": "#0"},
				"east": {"uv": [8.875, 8.125, 9, 8.375], "texture": "#0"},
				"south": {"uv": [8.875, 8.125, 9, 8.375], "texture": "#0"},
				"up": {"uv": [8.875, 8.125, 9, 8.25], "texture": "#0"}
			}
		},
		{
			"name": "Layer 5_43",
			"from": [6.75, 7.375, 8],
			"to": [6.875, 7.625, 8.125],
			"rotation": {"angle": 0, "axis": "y", "origin": [0, 0, 8]},
			"faces": {
				"north": {"uv": [6.875, 8.375, 6.75, 8.625], "texture": "#0"},
				"south": {"uv": [6.75, 8.375, 6.875, 8.625], "texture": "#0"},
				"west": {"uv": [6.75, 8.375, 6.875, 8.625], "texture": "#0"},
				"up": {"uv": [6.75, 8.375, 6.875, 8.5], "texture": "#0"}
			}
		},
		{
			"name": "Layer 5_44",
			"from": [9, 7.375, 8],
			"to": [9.125, 7.625, 8.125],
			"rotation": {"angle": 0, "axis": "y", "origin": [0, 0, 8]},
			"faces": {
				"north": {"uv": [9.125, 8.375, 9, 8.625], "texture": "#0"},
				"east": {"uv": [9, 8.375, 9.125, 8.625], "texture": "#0"},
				"south": {"uv": [9, 8.375, 9.125, 8.625], "texture": "#0"},
				"up": {"uv": [9, 8.375, 9.125, 8.5], "texture": "#0"}
			}
		},
		{
			"name": "Layer 5_45",
			"from": [6.625, 7.125, 8],
			"to": [6.75, 7.375, 8.125],
			"rotation": {"angle": 0, "axis": "y", "origin": [0, 0, 8]},
			"faces": {
				"north": {"uv": [6.75, 8.625, 6.625, 8.875], "texture": "#0"},
				"east": {"uv": [6.625, 8.625, 6.75, 8.875], "texture": "#0"},
				"south": {"uv": [6.625, 8.625, 6.75, 8.875], "texture": "#0"},
				"west": {"uv": [6.625, 8.625, 6.75, 8.875], "texture": "#0"},
				"up": {"uv": [6.625, 8.625, 6.75, 8.75], "texture": "#0"},
				"down": {"uv": [6.625, 8.75, 6.75, 8.875], "texture": "#0"}
			}
		},
		{
			"name": "Layer 5_46",
			"from": [9.125, 7.125, 8],
			"to": [9.25, 7.375, 8.125],
			"rotation": {"angle": 0, "axis": "y", "origin": [0, 0, 8]},
			"faces": {
				"north": {"uv": [9.25, 8.625, 9.125, 8.875], "texture": "#0"},
				"east": {"uv": [9.125, 8.625, 9.25, 8.875], "texture": "#0"},
				"south": {"uv": [9.125, 8.625, 9.25, 8.875], "texture": "#0"},
				"west": {"uv": [9.125, 8.625, 9.25, 8.875], "texture": "#0"},
				"up": {"uv": [9.125, 8.625, 9.25, 8.75], "texture": "#0"},
				"down": {"uv": [9.125, 8.75, 9.25, 8.875], "texture": "#0"}
			}
		},
		{
			"name": "Layer 6_0",
			"from": [8.875, 14.25, 7.9375],
			"to": [9, 14.375, 8.1875],
			"rotation": {"angle": 0, "axis": "y", "origin": [0, 0, 8]},
			"faces": {
				"north": {"uv": [9, 1.625, 8.875, 1.75], "texture": "#0"},
				"east": {"uv": [8.875, 1.625, 9, 1.75], "texture": "#0"},
				"south": {"uv": [8.875, 1.625, 9, 1.75], "texture": "#0"},
				"west": {"uv": [8.875, 1.625, 9, 1.75], "texture": "#0"},
				"up": {"uv": [8.875, 1.625, 9, 1.75], "texture": "#0"},
				"down": {"uv": [8.875, 1.625, 9, 1.75], "texture": "#0"}
			}
		},
		{
			"name": "Layer 6_1",
			"from": [8.625, 14.125, 7.9375],
			"to": [8.875, 14.25, 8.1875],
			"rotation": {"angle": 0, "axis": "y", "origin": [0, 0, 8]},
			"faces": {
				"north": {"uv": [8.875, 1.75, 8.625, 1.875], "texture": "#0"},
				"east": {"uv": [8.75, 1.75, 8.875, 1.875], "texture": "#0"},
				"south": {"uv": [8.625, 1.75, 8.875, 1.875], "texture": "#0"},
				"west": {"uv": [8.625, 1.75, 8.75, 1.875], "texture": "#0"},
				"up": {"uv": [8.625, 1.75, 8.875, 1.875], "texture": "#0"},
				"down": {"uv": [8.625, 1.75, 8.875, 1.875], "texture": "#0"}
			}
		},
		{
			"name": "Layer 6_2",
			"from": [8.375, 13.75, 7.9375],
			"to": [8.625, 14.125, 8.1875],
			"rotation": {"angle": 0, "axis": "y", "origin": [0, 0, 8]},
			"faces": {
				"north": {"uv": [8.625, 1.875, 8.375, 2.25], "texture": "#0"},
				"east": {"uv": [8.5, 1.875, 8.625, 2.25], "texture": "#0"},
				"south": {"uv": [8.375, 1.875, 8.625, 2.25], "texture": "#0"},
				"west": {"uv": [8.375, 1.875, 8.5, 2.25], "texture": "#0"},
				"up": {"uv": [8.375, 1.875, 8.625, 2], "texture": "#0"},
				"down": {"uv": [8.375, 2.125, 8.625, 2.25], "texture": "#0"}
			}
		},
		{
			"name": "Layer 6_3",
			"from": [8.625, 14, 7.9375],
			"to": [8.75, 14.125, 8.1875],
			"rotation": {"angle": 0, "axis": "y", "origin": [0, 0, 8]},
			"faces": {
				"north": {"uv": [8.75, 1.875, 8.625, 2], "texture": "#0"},
				"east": {"uv": [8.625, 1.875, 8.75, 2], "texture": "#0"},
				"south": {"uv": [8.625, 1.875, 8.75, 2], "texture": "#0"},
				"down": {"uv": [8.625, 1.875, 8.75, 2], "texture": "#0"}
			}
		},
		{
			"name": "Layer 6_4",
			"from": [8.25, 13.75, 7.9375],
			"to": [8.375, 14, 8.1875],
			"rotation": {"angle": 0, "axis": "y", "origin": [0, 0, 8]},
			"faces": {
				"north": {"uv": [8.375, 2, 8.25, 2.25], "texture": "#0"},
				"south": {"uv": [8.25, 2, 8.375, 2.25], "texture": "#0"},
				"west": {"uv": [8.25, 2, 8.375, 2.25], "texture": "#0"},
				"up": {"uv": [8.25, 2, 8.375, 2.125], "texture": "#0"}
			}
		},
		{
			"name": "Layer 6_5",
			"from": [8.125, 13.5, 7.9375],
			"to": [8.25, 13.875, 8.1875],
			"rotation": {"angle": 0, "axis": "y", "origin": [0, 0, 8]},
			"faces": {
				"north": {"uv": [8.25, 2.125, 8.125, 2.5], "texture": "#0"},
				"south": {"uv": [8.125, 2.125, 8.25, 2.5], "texture": "#0"},
				"west": {"uv": [8.125, 2.125, 8.25, 2.5], "texture": "#0"},
				"up": {"uv": [8.125, 2.125, 8.25, 2.25], "texture": "#0"}
			}
		},
		{
			"name": "Layer 6_6",
			"from": [8, 13.25, 7.9375],
			"to": [8.125, 13.75, 8.1875],
			"rotation": {"angle": 0, "axis": "y", "origin": [0, 0, 8]},
			"faces": {
				"north": {"uv": [8.125, 2.25, 8, 2.75], "texture": "#0"},
				"south": {"uv": [8, 2.25, 8.125, 2.75], "texture": "#0"},
				"west": {"uv": [8, 2.25, 8.125, 2.75], "texture": "#0"},
				"up": {"uv": [8, 2.25, 8.125, 2.375], "texture": "#0"}
			}
		},
		{
			"name": "Layer 6_7",
			"from": [8.375, 13.375, 7.9375],
			"to": [8.5, 13.75, 8.1875],
			"rotation": {"angle": 0, "axis": "y", "origin": [0, 0, 8]},
			"faces": {
				"north": {"uv": [8.5, 2.25, 8.375, 2.625], "texture": "#0"},
				"east": {"uv": [8.375, 2.25, 8.5, 2.625], "texture": "#0"},
				"south": {"uv": [8.375, 2.25, 8.5, 2.625], "texture": "#0"},
				"down": {"uv": [8.375, 2.5, 8.5, 2.625], "texture": "#0"}
			}
		},
		{
			"name": "Layer 6_8",
			"from": [7.875, 12.75, 7.9375],
			"to": [8, 13.5, 8.1875],
			"rotation": {"angle": 0, "axis": "y", "origin": [0, 0, 8]},
			"faces": {
				"north": {"uv": [8, 2.5, 7.875, 3.25], "texture": "#0"},
				"south": {"uv": [7.875, 2.5, 8, 3.25], "texture": "#0"},
				"west": {"uv": [7.875, 2.5, 8, 3.25], "texture": "#0"},
				"up": {"uv": [7.875, 2.5, 8, 2.625], "texture": "#0"}
			}
		},
		{
			"name": "Layer 6_9",
			"from": [8.25, 12.75, 7.9375],
			"to": [8.375, 13.5, 8.1875],
			"rotation": {"angle": 0, "axis": "y", "origin": [0, 0, 8]},
			"faces": {
				"north": {"uv": [8.375, 2.5, 8.25, 3.25], "texture": "#0"},
				"east": {"uv": [8.25, 2.5, 8.375, 3.25], "texture": "#0"},
				"south": {"uv": [8.25, 2.5, 8.375, 3.25], "texture": "#0"},
				"down": {"uv": [8.25, 3.125, 8.375, 3.25], "texture": "#0"}
			}
		},
		{
			"name": "Layer 6_10",
			"from": [7.75, 9.75, 7.9375],
			"to": [7.875, 13.25, 8.1875],
			"rotation": {"angle": 0, "axis": "y", "origin": [0, 0, 8]},
			"faces": {
				"north": {"uv": [7.875, 2.75, 7.75, 6.25], "texture": "#0"},
				"east": {"uv": [7.75, 2.75, 7.875, 6.25], "texture": "#0"},
				"south": {"uv": [7.75, 2.75, 7.875, 6.25], "texture": "#0"},
				"west": {"uv": [7.75, 2.75, 7.875, 6.25], "texture": "#0"},
				"up": {"uv": [7.75, 2.75, 7.875, 2.875], "texture": "#0"}
			}
		},
		{
			"name": "Layer 6_11",
			"from": [8.125, 9.625, 7.9375],
			"to": [8.25, 13.25, 8.1875],
			"rotation": {"angle": 0, "axis": "y", "origin": [0, 0, 8]},
			"faces": {
				"north": {"uv": [8.25, 2.75, 8.125, 6.375], "texture": "#0"},
				"east": {"uv": [8.125, 2.75, 8.25, 6.375], "texture": "#0"},
				"south": {"uv": [8.125, 2.75, 8.25, 6.375], "texture": "#0"}
			}
		},
		{
			"name": "Layer 6_12",
			"from": [7.625, 9.625, 7.9375],
			"to": [7.75, 12.75, 8.1875],
			"rotation": {"angle": 0, "axis": "y", "origin": [0, 0, 8]},
			"faces": {
				"north": {"uv": [7.75, 3.25, 7.625, 6.375], "texture": "#0"},
				"south": {"uv": [7.625, 3.25, 7.75, 6.375], "texture": "#0"},
				"west": {"uv": [7.625, 3.25, 7.75, 6.375], "texture": "#0"},
				"up": {"uv": [7.625, 3.25, 7.75, 3.375], "texture": "#0"}
			}
		},
		{
			"name": "Layer 6_13",
			"from": [8, 9.75, 7.9375],
			"to": [8.125, 12.75, 8.1875],
			"rotation": {"angle": 0, "axis": "y", "origin": [0, 0, 8]},
			"faces": {
				"north": {"uv": [8.125, 3.25, 8, 6.25], "texture": "#0"},
				"south": {"uv": [8, 3.25, 8.125, 6.25], "texture": "#0"},
				"west": {"uv": [8, 3.25, 8.125, 6.25], "texture": "#0"}
			}
		},
		{
			"name": "Layer 6_14",
			"from": [7.5, 9.5, 7.9375],
			"to": [7.625, 10.375, 8.1875],
			"rotation": {"angle": 0, "axis": "y", "origin": [0, 0, 8]},
			"faces": {
				"north": {"uv": [7.625, 5.625, 7.5, 6.5], "texture": "#0"},
				"south": {"uv": [7.5, 5.625, 7.625, 6.5], "texture": "#0"},
				"west": {"uv": [7.5, 5.625, 7.625, 6.5], "texture": "#0"},
				"up": {"uv": [7.5, 5.625, 7.625, 5.75], "texture": "#0"}
			}
		},
		{
			"name": "Layer 6_15",
			"from": [8.25, 9.5, 7.9375],
			"to": [8.375, 10.375, 8.1875],
			"rotation": {"angle": 0, "axis": "y", "origin": [0, 0, 8]},
			"faces": {
				"north": {"uv": [8.375, 5.625, 8.25, 6.5], "texture": "#0"},
				"east": {"uv": [8.25, 5.625, 8.375, 6.5], "texture": "#0"},
				"south": {"uv": [8.25, 5.625, 8.375, 6.5], "texture": "#0"},
				"up": {"uv": [8.25, 5.625, 8.375, 5.75], "texture": "#0"}
			}
		},
		{
			"name": "Layer 6_16",
			"from": [7.375, 9.375, 7.9375],
			"to": [7.5, 10, 8.1875],
			"rotation": {"angle": 0, "axis": "y", "origin": [0, 0, 8]},
			"faces": {
				"north": {"uv": [7.5, 6, 7.375, 6.625], "texture": "#0"},
				"south": {"uv": [7.375, 6, 7.5, 6.625], "texture": "#0"},
				"west": {"uv": [7.375, 6, 7.5, 6.625], "texture": "#0"},
				"up": {"uv": [7.375, 6, 7.5, 6.125], "texture": "#0"}
			}
		},
		{
			"name": "Layer 6_17",
			"from": [8.375, 9.375, 7.9375],
			"to": [8.5, 10, 8.1875],
			"rotation": {"angle": 0, "axis": "y", "origin": [0, 0, 8]},
			"faces": {
				"north": {"uv": [8.5, 6, 8.375, 6.625], "texture": "#0"},
				"east": {"uv": [8.375, 6, 8.5, 6.625], "texture": "#0"},
				"south": {"uv": [8.375, 6, 8.5, 6.625], "texture": "#0"},
				"up": {"uv": [8.375, 6, 8.5, 6.125], "texture": "#0"}
			}
		},
		{
			"name": "Layer 6_18",
			"from": [7.25, 9.25, 7.9375],
			"to": [7.375, 9.75, 8.1875],
			"rotation": {"angle": 0, "axis": "y", "origin": [0, 0, 8]},
			"faces": {
				"north": {"uv": [7.375, 6.25, 7.25, 6.75], "texture": "#0"},
				"south": {"uv": [7.25, 6.25, 7.375, 6.75], "texture": "#0"},
				"west": {"uv": [7.25, 6.25, 7.375, 6.75], "texture": "#0"},
				"up": {"uv": [7.25, 6.25, 7.375, 6.375], "texture": "#0"},
				"down": {"uv": [7.25, 6.625, 7.375, 6.75], "texture": "#0"}
			}
		},
		{
			"name": "Layer 6_19",
			"from": [8.5, 9.25, 7.9375],
			"to": [8.625, 9.75, 8.1875],
			"rotation": {"angle": 0, "axis": "y", "origin": [0, 0, 8]},
			"faces": {
				"north": {"uv": [8.625, 6.25, 8.5, 6.75], "texture": "#0"},
				"east": {"uv": [8.5, 6.25, 8.625, 6.75], "texture": "#0"},
				"south": {"uv": [8.5, 6.25, 8.625, 6.75], "texture": "#0"},
				"up": {"uv": [8.5, 6.25, 8.625, 6.375], "texture": "#0"},
				"down": {"uv": [8.5, 6.625, 8.625, 6.75], "texture": "#0"}
			}
		},
		{
			"name": "Layer 6_20",
			"from": [7.125, 9.125, 7.9375],
			"to": [7.25, 9.625, 8.1875],
			"rotation": {"angle": 0, "axis": "y", "origin": [0, 0, 8]},
			"faces": {
				"north": {"uv": [7.25, 6.375, 7.125, 6.875], "texture": "#0"},
				"east": {"uv": [7.125, 6.375, 7.25, 6.875], "texture": "#0"},
				"south": {"uv": [7.125, 6.375, 7.25, 6.875], "texture": "#0"},
				"west": {"uv": [7.125, 6.375, 7.25, 6.875], "texture": "#0"},
				"up": {"uv": [7.125, 6.375, 7.25, 6.5], "texture": "#0"},
				"down": {"uv": [7.125, 6.75, 7.25, 6.875], "texture": "#0"}
			}
		},
		{
			"name": "Layer 6_21",
			"from": [8.625, 9.125, 7.9375],
			"to": [8.75, 9.625, 8.1875],
			"rotation": {"angle": 0, "axis": "y", "origin": [0, 0, 8]},
			"faces": {
				"north": {"uv": [8.75, 6.375, 8.625, 6.875], "texture": "#0"},
				"east": {"uv": [8.625, 6.375, 8.75, 6.875], "texture": "#0"},
				"south": {"uv": [8.625, 6.375, 8.75, 6.875], "texture": "#0"},
				"west": {"uv": [8.625, 6.375, 8.75, 6.875], "texture": "#0"},
				"up": {"uv": [8.625, 6.375, 8.75, 6.5], "texture": "#0"},
				"down": {"uv": [8.625, 6.75, 8.75, 6.875], "texture": "#0"}
			}
		},
		{
			"name": "Layer 6_22",
			"from": [7.625, 8.375, 7.9375],
			"to": [7.75, 9.5, 8.1875],
			"rotation": {"angle": 0, "axis": "y", "origin": [0, 0, 8]},
			"faces": {
				"north": {"uv": [7.75, 6.5, 7.625, 7.625], "texture": "#0"},
				"east": {"uv": [7.625, 6.5, 7.75, 7.625], "texture": "#0"},
				"south": {"uv": [7.625, 6.5, 7.75, 7.625], "texture": "#0"}
			}
		},
		{
			"name": "Layer 6_23",
			"from": [8.125, 8.375, 7.9375],
			"to": [8.25, 9.5, 8.1875],
			"rotation": {"angle": 0, "axis": "y", "origin": [0, 0, 8]},
			"faces": {
				"north": {"uv": [8.25, 6.5, 8.125, 7.625], "texture": "#0"},
				"south": {"uv": [8.125, 6.5, 8.25, 7.625], "texture": "#0"},
				"west": {"uv": [8.125, 6.5, 8.25, 7.625], "texture": "#0"}
			}
		},
		{
			"name": "Layer 6_24",
			"from": [7, 9.125, 7.9375],
			"to": [7.125, 9.375, 8.1875],
			"rotation": {"angle": 0, "axis": "y", "origin": [0, 0, 8]},
			"faces": {
				"north": {"uv": [7.125, 6.625, 7, 6.875], "texture": "#0"},
				"south": {"uv": [7, 6.625, 7.125, 6.875], "texture": "#0"},
				"west": {"uv": [7, 6.625, 7.125, 6.875], "texture": "#0"},
				"up": {"uv": [7, 6.625, 7.125, 6.75], "texture": "#0"},
				"down": {"uv": [7, 6.75, 7.125, 6.875], "texture": "#0"}
			}
		},
		{
			"name": "Layer 6_25",
			"from": [7.5, 8.125, 7.9375],
			"to": [7.625, 9.375, 8.1875],
			"rotation": {"angle": 0, "axis": "y", "origin": [0, 0, 8]},
			"faces": {
				"north": {"uv": [7.625, 6.625, 7.5, 7.875], "texture": "#0"},
				"south": {"uv": [7.5, 6.625, 7.625, 7.875], "texture": "#0"},
				"west": {"uv": [7.5, 6.625, 7.625, 7.875], "texture": "#0"}
			}
		},
		{
			"name": "Layer 6_26",
			"from": [8.25, 8.125, 7.9375],
			"to": [8.375, 9.375, 8.1875],
			"rotation": {"angle": 0, "axis": "y", "origin": [0, 0, 8]},
			"faces": {
				"north": {"uv": [8.375, 6.625, 8.25, 7.875], "texture": "#0"},
				"east": {"uv": [8.25, 6.625, 8.375, 7.875], "texture": "#0"},
				"south": {"uv": [8.25, 6.625, 8.375, 7.875], "texture": "#0"}
			}
		},
		{
			"name": "Layer 6_27",
			"from": [8.75, 9.125, 7.9375],
			"to": [8.875, 9.375, 8.1875],
			"rotation": {"angle": 0, "axis": "y", "origin": [0, 0, 8]},
			"faces": {
				"north": {"uv": [8.875, 6.625, 8.75, 6.875], "texture": "#0"},
				"east": {"uv": [8.75, 6.625, 8.875, 6.875], "texture": "#0"},
				"south": {"uv": [8.75, 6.625, 8.875, 6.875], "texture": "#0"},
				"up": {"uv": [8.75, 6.625, 8.875, 6.75], "texture": "#0"},
				"down": {"uv": [8.75, 6.75, 8.875, 6.875], "texture": "#0"}
			}
		},
		{
			"name": "Layer 6_28",
			"from": [6.875, 9, 7.9375],
			"to": [7, 9.25, 8.1875],
			"rotation": {"angle": 0, "axis": "y", "origin": [0, 0, 8]},
			"faces": {
				"north": {"uv": [7, 6.75, 6.875, 7], "texture": "#0"},
				"east": {"uv": [6.875, 6.75, 7, 7], "texture": "#0"},
				"south": {"uv": [6.875, 6.75, 7, 7], "texture": "#0"},
				"west": {"uv": [6.875, 6.75, 7, 7], "texture": "#0"},
				"up": {"uv": [6.875, 6.75, 7, 6.875], "texture": "#0"},
				"down": {"uv": [6.875, 6.875, 7, 7], "texture": "#0"}
			}
		},
		{
			"name": "Layer 6_29",
			"from": [8.875, 9, 7.9375],
			"to": [9, 9.25, 8.1875],
			"rotation": {"angle": 0, "axis": "y", "origin": [0, 0, 8]},
			"faces": {
				"north": {"uv": [9, 6.75, 8.875, 7], "texture": "#0"},
				"east": {"uv": [8.875, 6.75, 9, 7], "texture": "#0"},
				"south": {"uv": [8.875, 6.75, 9, 7], "texture": "#0"},
				"west": {"uv": [8.875, 6.75, 9, 7], "texture": "#0"},
				"up": {"uv": [8.875, 6.75, 9, 6.875], "texture": "#0"},
				"down": {"uv": [8.875, 6.875, 9, 7], "texture": "#0"}
			}
		},
		{
			"name": "Layer 6_30",
			"from": [6.75, 9, 7.9375],
			"to": [6.875, 9.125, 8.1875],
			"rotation": {"angle": 0, "axis": "y", "origin": [0, 0, 8]},
			"faces": {
				"north": {"uv": [6.875, 6.875, 6.75, 7], "texture": "#0"},
				"south": {"uv": [6.75, 6.875, 6.875, 7], "texture": "#0"},
				"west": {"uv": [6.75, 6.875, 6.875, 7], "texture": "#0"},
				"up": {"uv": [6.75, 6.875, 6.875, 7], "texture": "#0"},
				"down": {"uv": [6.75, 6.875, 6.875, 7], "texture": "#0"}
			}
		},
		{
			"name": "Layer 6_31",
			"from": [9, 9, 7.9375],
			"to": [9.125, 9.125, 8.1875],
			"rotation": {"angle": 0, "axis": "y", "origin": [0, 0, 8]},
			"faces": {
				"north": {"uv": [9.125, 6.875, 9, 7], "texture": "#0"},
				"east": {"uv": [9, 6.875, 9.125, 7], "texture": "#0"},
				"south": {"uv": [9, 6.875, 9.125, 7], "texture": "#0"},
				"up": {"uv": [9, 6.875, 9.125, 7], "texture": "#0"},
				"down": {"uv": [9, 6.875, 9.125, 7], "texture": "#0"}
			}
		},
		{
			"name": "Layer 6_32",
			"from": [6.625, 8.875, 7.9375],
			"to": [6.75, 9, 8.1875],
			"rotation": {"angle": 0, "axis": "y", "origin": [0, 0, 8]},
			"faces": {
				"north": {"uv": [6.75, 7, 6.625, 7.125], "texture": "#0"},
				"east": {"uv": [6.625, 7, 6.75, 7.125], "texture": "#0"},
				"south": {"uv": [6.625, 7, 6.75, 7.125], "texture": "#0"},
				"west": {"uv": [6.625, 7, 6.75, 7.125], "texture": "#0"},
				"up": {"uv": [6.625, 7, 6.75, 7.125], "texture": "#0"},
				"down": {"uv": [6.625, 7, 6.75, 7.125], "texture": "#0"}
			}
		},
		{
			"name": "Layer 6_33",
			"from": [9.125, 8.875, 7.9375],
			"to": [9.25, 9, 8.1875],
			"rotation": {"angle": 0, "axis": "y", "origin": [0, 0, 8]},
			"faces": {
				"north": {"uv": [9.25, 7, 9.125, 7.125], "texture": "#0"},
				"east": {"uv": [9.125, 7, 9.25, 7.125], "texture": "#0"},
				"south": {"uv": [9.125, 7, 9.25, 7.125], "texture": "#0"},
				"west": {"uv": [9.125, 7, 9.25, 7.125], "texture": "#0"},
				"up": {"uv": [9.125, 7, 9.25, 7.125], "texture": "#0"},
				"down": {"uv": [9.125, 7, 9.25, 7.125], "texture": "#0"}
			}
		},
		{
			"name": "Layer 6_34",
			"from": [7.375, 7.875, 7.9375],
			"to": [7.5, 8.75, 8.1875],
			"rotation": {"angle": 0, "axis": "y", "origin": [0, 0, 8]},
			"faces": {
				"north": {"uv": [7.5, 7.25, 7.375, 8.125], "texture": "#0"},
				"south": {"uv": [7.375, 7.25, 7.5, 8.125], "texture": "#0"},
				"west": {"uv": [7.375, 7.25, 7.5, 8.125], "texture": "#0"},
				"up": {"uv": [7.375, 7.25, 7.5, 7.375], "texture": "#0"}
			}
		},
		{
			"name": "Layer 6_35",
			"from": [8.375, 7.875, 7.9375],
			"to": [8.5, 8.75, 8.1875],
			"rotation": {"angle": 0, "axis": "y", "origin": [0, 0, 8]},
			"faces": {
				"north": {"uv": [8.5, 7.25, 8.375, 8.125], "texture": "#0"},
				"east": {"uv": [8.375, 7.25, 8.5, 8.125], "texture": "#0"},
				"south": {"uv": [8.375, 7.25, 8.5, 8.125], "texture": "#0"},
				"up": {"uv": [8.375, 7.25, 8.5, 7.375], "texture": "#0"}
			}
		},
		{
			"name": "Layer 6_36",
			"from": [7.25, 7.75, 7.9375],
			"to": [7.375, 8.375, 8.1875],
			"rotation": {"angle": 0, "axis": "y", "origin": [0, 0, 8]},
			"faces": {
				"north": {"uv": [7.375, 7.625, 7.25, 8.25], "texture": "#0"},
				"south": {"uv": [7.25, 7.625, 7.375, 8.25], "texture": "#0"},
				"west": {"uv": [7.25, 7.625, 7.375, 8.25], "texture": "#0"},
				"up": {"uv": [7.25, 7.625, 7.375, 7.75], "texture": "#0"}
			}
		},
		{
			"name": "Layer 6_37",
			"from": [8.5, 7.75, 7.9375],
			"to": [8.625, 8.375, 8.1875],
			"rotation": {"angle": 0, "axis": "y", "origin": [0, 0, 8]},
			"faces": {
				"north": {"uv": [8.625, 7.625, 8.5, 8.25], "texture": "#0"},
				"east": {"uv": [8.5, 7.625, 8.625, 8.25], "texture": "#0"},
				"south": {"uv": [8.5, 7.625, 8.625, 8.25], "texture": "#0"},
				"up": {"uv": [8.5, 7.625, 8.625, 7.75], "texture": "#0"}
			}
		},
		{
			"name": "Layer 6_38",
			"from": [7.125, 7.625, 7.9375],
			"to": [7.25, 8.125, 8.1875],
			"rotation": {"angle": 0, "axis": "y", "origin": [0, 0, 8]},
			"faces": {
				"north": {"uv": [7.25, 7.875, 7.125, 8.375], "texture": "#0"},
				"south": {"uv": [7.125, 7.875, 7.25, 8.375], "texture": "#0"},
				"west": {"uv": [7.125, 7.875, 7.25, 8.375], "texture": "#0"},
				"up": {"uv": [7.125, 7.875, 7.25, 8], "texture": "#0"},
				"down": {"uv": [7.125, 8.25, 7.25, 8.375], "texture": "#0"}
			}
		},
		{
			"name": "Layer 6_39",
			"from": [8.625, 7.625, 7.9375],
			"to": [8.75, 8.125, 8.1875],
			"rotation": {"angle": 0, "axis": "y", "origin": [0, 0, 8]},
			"faces": {
				"north": {"uv": [8.75, 7.875, 8.625, 8.375], "texture": "#0"},
				"east": {"uv": [8.625, 7.875, 8.75, 8.375], "texture": "#0"},
				"south": {"uv": [8.625, 7.875, 8.75, 8.375], "texture": "#0"},
				"up": {"uv": [8.625, 7.875, 8.75, 8], "texture": "#0"},
				"down": {"uv": [8.625, 8.25, 8.75, 8.375], "texture": "#0"}
			}
		},
		{
			"name": "Layer 6_40",
			"from": [7, 7.5, 7.9375],
			"to": [7.125, 7.875, 8.1875],
			"rotation": {"angle": 0, "axis": "y", "origin": [0, 0, 8]},
			"faces": {
				"north": {"uv": [7.125, 8.125, 7, 8.5], "texture": "#0"},
				"east": {"uv": [7, 8.125, 7.125, 8.5], "texture": "#0"},
				"south": {"uv": [7, 8.125, 7.125, 8.5], "texture": "#0"},
				"west": {"uv": [7, 8.125, 7.125, 8.5], "texture": "#0"},
				"up": {"uv": [7, 8.125, 7.125, 8.25], "texture": "#0"},
				"down": {"uv": [7, 8.375, 7.125, 8.5], "texture": "#0"}
			}
		},
		{
			"name": "Layer 6_41",
			"from": [8.75, 7.5, 7.9375],
			"to": [8.875, 7.875, 8.1875],
			"rotation": {"angle": 0, "axis": "y", "origin": [0, 0, 8]},
			"faces": {
				"north": {"uv": [8.875, 8.125, 8.75, 8.5], "texture": "#0"},
				"east": {"uv": [8.75, 8.125, 8.875, 8.5], "texture": "#0"},
				"south": {"uv": [8.75, 8.125, 8.875, 8.5], "texture": "#0"},
				"west": {"uv": [8.75, 8.125, 8.875, 8.5], "texture": "#0"},
				"up": {"uv": [8.75, 8.125, 8.875, 8.25], "texture": "#0"},
				"down": {"uv": [8.75, 8.375, 8.875, 8.5], "texture": "#0"}
			}
		},
		{
			"name": "Layer 6_42",
			"from": [6.875, 7.375, 7.9375],
			"to": [7, 7.625, 8.1875],
			"rotation": {"angle": 0, "axis": "y", "origin": [0, 0, 8]},
			"faces": {
				"north": {"uv": [7, 8.375, 6.875, 8.625], "texture": "#0"},
				"east": {"uv": [6.875, 8.375, 7, 8.625], "texture": "#0"},
				"south": {"uv": [6.875, 8.375, 7, 8.625], "texture": "#0"},
				"west": {"uv": [6.875, 8.375, 7, 8.625], "texture": "#0"},
				"up": {"uv": [6.875, 8.375, 7, 8.5], "texture": "#0"},
				"down": {"uv": [6.875, 8.5, 7, 8.625], "texture": "#0"}
			}
		},
		{
			"name": "Layer 6_43",
			"from": [8.875, 7.375, 7.9375],
			"to": [9, 7.625, 8.1875],
			"rotation": {"angle": 0, "axis": "y", "origin": [0, 0, 8]},
			"faces": {
				"north": {"uv": [9, 8.375, 8.875, 8.625], "texture": "#0"},
				"east": {"uv": [8.875, 8.375, 9, 8.625], "texture": "#0"},
				"south": {"uv": [8.875, 8.375, 9, 8.625], "texture": "#0"},
				"west": {"uv": [8.875, 8.375, 9, 8.625], "texture": "#0"},
				"up": {"uv": [8.875, 8.375, 9, 8.5], "texture": "#0"},
				"down": {"uv": [8.875, 8.5, 9, 8.625], "texture": "#0"}
			}
		},
		{
			"name": "Layer 6_44",
			"from": [6.75, 7.25, 7.9375],
			"to": [6.875, 7.375, 8.1875],
			"rotation": {"angle": 0, "axis": "y", "origin": [0, 0, 8]},
			"faces": {
				"north": {"uv": [6.875, 8.625, 6.75, 8.75], "texture": "#0"},
				"east": {"uv": [6.75, 8.625, 6.875, 8.75], "texture": "#0"},
				"south": {"uv": [6.75, 8.625, 6.875, 8.75], "texture": "#0"},
				"west": {"uv": [6.75, 8.625, 6.875, 8.75], "texture": "#0"},
				"up": {"uv": [6.75, 8.625, 6.875, 8.75], "texture": "#0"},
				"down": {"uv": [6.75, 8.625, 6.875, 8.75], "texture": "#0"}
			}
		},
		{
			"name": "Layer 6_45",
			"from": [9, 7.25, 7.9375],
			"to": [9.125, 7.375, 8.1875],
			"rotation": {"angle": 0, "axis": "y", "origin": [0, 0, 8]},
			"faces": {
				"north": {"uv": [9.125, 8.625, 9, 8.75], "texture": "#0"},
				"east": {"uv": [9, 8.625, 9.125, 8.75], "texture": "#0"},
				"south": {"uv": [9, 8.625, 9.125, 8.75], "texture": "#0"},
				"west": {"uv": [9, 8.625, 9.125, 8.75], "texture": "#0"},
				"up": {"uv": [9, 8.625, 9.125, 8.75], "texture": "#0"},
				"down": {"uv": [9, 8.625, 9.125, 8.75], "texture": "#0"}
			}
		}
	],
	"display": {
		"thirdperson_righthand": {
			"rotation": [0, -90, 0],
			"translation": [0.25, 7, 1],
			"scale": [3, 3, 3]
		},
		"thirdperson_lefthand": {
			"rotation": [0, 90, 0],
			"translation": [0.25, 7, 1],
			"scale": [3, 3, 3]
		},
		"firstperson_righthand": {
			"rotation": [1, -91, 0],
			"translation": [0, 5, 2.75],
			"scale": [1.25, 1.25, 1.25]
		},
		"firstperson_lefthand": {
			"rotation": [1, 91, 0],
			"translation": [0, 5, 2.75],
			"scale": [1.25, 1.25, 1.25]
		},
		"ground": {
			"translation": [0, 21, 0],
			"scale": [3, 3, 3]
		},
		"gui": {
			"rotation": [0, 0, -45],
			"translation": [0.25, 0.5, 0],
			"scale": [1.5, 1.5, 1.5]
		},
		"head": {
			"rotation": [180, 0, 45],
			"translation": [0.75, -13.75, 4.75],
			"scale": [3.5, 3.5, 3.5]
		},
		"fixed": {
			"rotation": [180, 0, 135],
			"translation": [0.75, 0.5, 0],
			"scale": [2, 2, 2]
		}
	},
	"groups": [
		{
			"name": "Flattened",
			"origin": [8, 8, 8],
			"color": 0,
			"children": [0, 1, 2, 3, 4, 5, 6, 7, 8, 9, 10, 11, 12, 13, 14, 15, 16, 17, 18, 19, 20, 21]
		},
		{
			"name": "Layer 1",
			"origin": [8, 8, 8],
			"color": 0,
			"children": [22, 23, 24, 25, 26, 27, 28, 29, 30, 31, 32, 33]
		},
		{
			"name": "Layer 2",
			"origin": [8, 8, 8],
			"color": 0,
			"children": [34, 35, 36, 37]
		},
		{
			"name": "Layer 3",
			"origin": [8, 8, 8],
			"color": 0,
			"children": [38, 39, 40, 41, 42, 43, 44]
		},
		{
			"name": "Layer 4",
			"origin": [8, 8, 8],
			"color": 0,
			"children": [45, 46, 47, 48, 49, 50, 51, 52, 53, 54, 55, 56, 57, 58, 59, 60, 61, 62, 63, 64, 65, 66, 67, 68]
		},
		{
			"name": "Layer 5",
			"origin": [8, 8, 8],
			"color": 0,
			"children": [
				69,
				70,
				71,
				72,
				73,
				74,
				75,
				76,
				77,
				78,
				79,
				80,
				81,
				82,
				83,
				84,
				85,
				86,
				87,
				88,
				89,
				90,
				91,
				92,
				93,
				94,
				95,
				96,
				97,
				98,
				99,
				100,
				101,
				102,
				103,
				104,
				105,
				106,
				107,
				108,
				109,
				110,
				111,
				112,
				113,
				114,
				115
			]
		},
		{
			"name": "Layer 6",
			"origin": [8, 8, 8],
			"color": 0,
			"children": [116, 117, 118, 119, 120, 121, 122, 123, 124, 125, 126, 127, 128, 129, 130, 131, 132, 133, 134, 135, 136, 137, 138, 139, 140, 141, 142, 143, 144, 145, 146, 147, 148, 149, 150, 151, 152, 153, 154, 155, 156, 157, 158, 159, 160, 161]
		}
	]
}