{
	"credit": "Made with Blockbench",
	"textures": {
		"0": "item/thorned_blade",
		"1": "item/thorned_blade_stars",
		"particle": "item/thorned_blade"
	},
	"elements": [
		{
			"name": "Layer 3_0",
			"from": [8.625, 8, 7.9375],
			"to": [8.75, 9.25, 8.1875],
			"faces": {
				"north": {"uv": [8.75, 1.75, 8.625, 3], "texture": "#0"},
				"east": {"uv": [8.625, 1.75, 8.75, 3], "texture": "#0"},
				"south": {"uv": [8.625, 1.75, 8.75, 3], "texture": "#0"},
				"west": {"uv": [8.625, 1.75, 8.75, 3], "texture": "#0"},
				"up": {"uv": [8.625, 1.75, 8.75, 1.875], "texture": "#0"},
				"down": {"uv": [8.625, 2.875, 8.75, 3], "texture": "#0"}
			}
		},
		{
			"name": "Layer 3_1",
			"from": [8.5, 7.625, 7.9375],
			"to": [8.625, 8.625, 8.1875],
			"faces": {
				"north": {"uv": [8.625, 2.375, 8.5, 3.375], "texture": "#0"},
				"east": {"uv": [8.5, 2.375, 8.625, 3.375], "texture": "#0"},
				"south": {"uv": [8.5, 2.375, 8.625, 3.375], "texture": "#0"},
				"west": {"uv": [8.5, 2.375, 8.625, 3.375], "texture": "#0"},
				"up": {"uv": [8.5, 2.375, 8.625, 2.5], "texture": "#0"},
				"down": {"uv": [8.5, 3.25, 8.625, 3.375], "texture": "#0"}
			}
		},
		{
			"name": "Layer 3_2",
			"from": [8.375, 7.375, 7.9375],
			"to": [8.5, 8.125, 8.1875],
			"faces": {
				"north": {"uv": [8.5, 2.875, 8.375, 3.625], "texture": "#0"},
				"east": {"uv": [8.375, 2.875, 8.5, 3.625], "texture": "#0"},
				"south": {"uv": [8.375, 2.875, 8.5, 3.625], "texture": "#0"},
				"west": {"uv": [8.375, 2.875, 8.5, 3.625], "texture": "#0"},
				"up": {"uv": [8.375, 2.875, 8.5, 3], "texture": "#0"},
				"down": {"uv": [8.375, 3.5, 8.5, 3.625], "texture": "#0"}
			}
		},
		{
			"name": "Layer 3_3",
			"from": [7.625, 7.5, 7.9375],
			"to": [7.75, 8, 8.1875],
			"faces": {
				"north": {"uv": [7.75, 3, 7.625, 3.5], "texture": "#0"},
				"east": {"uv": [7.625, 3, 7.75, 3.5], "texture": "#0"},
				"south": {"uv": [7.625, 3, 7.75, 3.5], "texture": "#0"},
				"west": {"uv": [7.625, 3, 7.75, 3.5], "texture": "#0"},
				"up": {"uv": [7.625, 3, 7.75, 3.125], "texture": "#0"},
				"down": {"uv": [7.625, 3.375, 7.75, 3.5], "texture": "#0"}
			}
		},
		{
			"name": "Layer 3_4",
			"from": [7.75, 7.125, 7.9375],
			"to": [7.875, 7.75, 8.1875],
			"faces": {
				"north": {"uv": [7.875, 3.25, 7.75, 3.875], "texture": "#0"},
				"east": {"uv": [7.75, 3.25, 7.875, 3.875], "texture": "#0"},
				"south": {"uv": [7.75, 3.25, 7.875, 3.875], "texture": "#0"},
				"west": {"uv": [7.75, 3.25, 7.875, 3.875], "texture": "#0"},
				"up": {"uv": [7.75, 3.25, 7.875, 3.375], "texture": "#0"},
				"down": {"uv": [7.75, 3.75, 7.875, 3.875], "texture": "#0"}
			}
		},
		{
			"name": "Layer 3_5",
			"from": [8.25, 7, 7.9375],
			"to": [8.375, 7.75, 8.1875],
			"faces": {
				"north": {"uv": [8.375, 3.25, 8.25, 4], "texture": "#0"},
				"east": {"uv": [8.25, 3.25, 8.375, 4], "texture": "#0"},
				"south": {"uv": [8.25, 3.25, 8.375, 4], "texture": "#0"},
				"west": {"uv": [8.25, 3.25, 8.375, 4], "texture": "#0"},
				"up": {"uv": [8.25, 3.25, 8.375, 3.375], "texture": "#0"},
				"down": {"uv": [8.25, 3.875, 8.375, 4], "texture": "#0"}
			}
		},
		{
			"name": "Layer 3_6",
			"from": [7.875, 6.875, 7.9375],
			"to": [8, 7.5, 8.1875],
			"faces": {
				"north": {"uv": [8, 3.5, 7.875, 4.125], "texture": "#0"},
				"east": {"uv": [7.875, 3.5, 8, 4.125], "texture": "#0"},
				"south": {"uv": [7.875, 3.5, 8, 4.125], "texture": "#0"},
				"west": {"uv": [7.875, 3.5, 8, 4.125], "texture": "#0"},
				"up": {"uv": [7.875, 3.5, 8, 3.625], "texture": "#0"},
				"down": {"uv": [7.875, 4, 8, 4.125], "texture": "#0"}
			}
		},
		{
			"name": "Layer 3_7",
			"from": [8.125, 6.5, 7.9375],
			"to": [8.25, 7.375, 8.1875],
			"faces": {
				"north": {"uv": [8.25, 3.625, 8.125, 4.5], "texture": "#0"},
				"east": {"uv": [8.125, 3.625, 8.25, 4.5], "texture": "#0"},
				"south": {"uv": [8.125, 3.625, 8.25, 4.5], "texture": "#0"},
				"west": {"uv": [8.125, 3.625, 8.25, 4.5], "texture": "#0"},
				"up": {"uv": [8.125, 3.625, 8.25, 3.75], "texture": "#0"},
				"down": {"uv": [8.125, 4.375, 8.25, 4.5], "texture": "#0"}
			}
		},
		{
			"name": "Layer 3_8",
			"from": [8, 6.5, 7.9375],
			"to": [8.125, 7.125, 8.1875],
			"faces": {
				"north": {"uv": [8.125, 3.875, 8, 4.5], "texture": "#0"},
				"south": {"uv": [8, 3.875, 8.125, 4.5], "texture": "#0"},
				"west": {"uv": [8, 3.875, 8.125, 4.5], "texture": "#0"},
				"up": {"uv": [8, 3.875, 8.125, 4], "texture": "#0"},
				"down": {"uv": [8, 4.375, 8.125, 4.5], "texture": "#0"}
			}
		},
		{
			"name": "Layer 3_9",
			"from": [8.25, 6.375, 7.9375],
			"to": [8.375, 6.875, 8.1875],
			"faces": {
				"north": {"uv": [8.375, 4.125, 8.25, 4.625], "texture": "#0"},
				"east": {"uv": [8.25, 4.125, 8.375, 4.625], "texture": "#0"},
				"south": {"uv": [8.25, 4.125, 8.375, 4.625], "texture": "#0"},
				"west": {"uv": [8.25, 4.125, 8.375, 4.625], "texture": "#0"},
				"up": {"uv": [8.25, 4.125, 8.375, 4.25], "texture": "#0"},
				"down": {"uv": [8.25, 4.5, 8.375, 4.625], "texture": "#0"}
			}
		},
		{
			"name": "Layer 3_10",
			"from": [7.875, 6.375, 7.9375],
			"to": [8, 6.75, 8.1875],
			"faces": {
				"north": {"uv": [8, 4.25, 7.875, 4.625], "texture": "#0"},
				"east": {"uv": [7.875, 4.25, 8, 4.625], "texture": "#0"},
				"south": {"uv": [7.875, 4.25, 8, 4.625], "texture": "#0"},
				"west": {"uv": [7.875, 4.25, 8, 4.625], "texture": "#0"},
				"up": {"uv": [7.875, 4.25, 8, 4.375], "texture": "#0"},
				"down": {"uv": [7.875, 4.5, 8, 4.625], "texture": "#0"}
			}
		},
		{
			"name": "Layer 3_11",
			"from": [7.75, 6.125, 7.9375],
			"to": [7.875, 6.625, 8.1875],
			"faces": {
				"north": {"uv": [7.875, 4.375, 7.75, 4.875], "texture": "#0"},
				"east": {"uv": [7.75, 4.375, 7.875, 4.875], "texture": "#0"},
				"south": {"uv": [7.75, 4.375, 7.875, 4.875], "texture": "#0"},
				"west": {"uv": [7.75, 4.375, 7.875, 4.875], "texture": "#0"},
				"up": {"uv": [7.75, 4.375, 7.875, 4.5], "texture": "#0"},
				"down": {"uv": [7.75, 4.75, 7.875, 4.875], "texture": "#0"}
			}
		},
		{
			"name": "Layer 3_12",
			"from": [8.375, 6.125, 7.9375],
			"to": [8.5, 6.625, 8.1875],
			"faces": {
				"north": {"uv": [8.5, 4.375, 8.375, 4.875], "texture": "#0"},
				"east": {"uv": [8.375, 4.375, 8.5, 4.875], "texture": "#0"},
				"south": {"uv": [8.375, 4.375, 8.5, 4.875], "texture": "#0"},
				"west": {"uv": [8.375, 4.375, 8.5, 4.875], "texture": "#0"},
				"up": {"uv": [8.375, 4.375, 8.5, 4.5], "texture": "#0"},
				"down": {"uv": [8.375, 4.75, 8.5, 4.875], "texture": "#0"}
			}
		},
		{
			"name": "Layer 3_13",
			"from": [7.625, 6, 7.9375],
			"to": [7.75, 6.375, 8.1875],
			"faces": {
				"north": {"uv": [7.75, 4.625, 7.625, 5], "texture": "#0"},
				"east": {"uv": [7.625, 4.625, 7.75, 5], "texture": "#0"},
				"south": {"uv": [7.625, 4.625, 7.75, 5], "texture": "#0"},
				"west": {"uv": [7.625, 4.625, 7.75, 5], "texture": "#0"},
				"up": {"uv": [7.625, 4.625, 7.75, 4.75], "texture": "#0"},
				"down": {"uv": [7.625, 4.875, 7.75, 5], "texture": "#0"}
			}
		},
		{
			"name": "Layer 3_14",
			"from": [8.5, 6, 7.9375],
			"to": [8.625, 6.375, 8.1875],
			"faces": {
				"north": {"uv": [8.625, 4.625, 8.5, 5], "texture": "#0"},
				"east": {"uv": [8.5, 4.625, 8.625, 5], "texture": "#0"},
				"south": {"uv": [8.5, 4.625, 8.625, 5], "texture": "#0"},
				"west": {"uv": [8.5, 4.625, 8.625, 5], "texture": "#0"},
				"up": {"uv": [8.5, 4.625, 8.625, 4.75], "texture": "#0"},
				"down": {"uv": [8.5, 4.875, 8.625, 5], "texture": "#0"}
			}
		},
		{
			"name": "Layer 3_15",
			"from": [7.5, 5.875, 7.9375],
			"to": [7.625, 6.25, 8.1875],
			"faces": {
				"north": {"uv": [7.625, 4.75, 7.5, 5.125], "texture": "#0"},
				"east": {"uv": [7.5, 4.75, 7.625, 5.125], "texture": "#0"},
				"south": {"uv": [7.5, 4.75, 7.625, 5.125], "texture": "#0"},
				"west": {"uv": [7.5, 4.75, 7.625, 5.125], "texture": "#0"},
				"up": {"uv": [7.5, 4.75, 7.625, 4.875], "texture": "#0"},
				"down": {"uv": [7.5, 5, 7.625, 5.125], "texture": "#0"}
			}
		},
		{
			"name": "Layer 3_16",
			"from": [8.625, 5.75, 7.9375],
			"to": [8.75, 6.25, 8.1875],
			"faces": {
				"north": {"uv": [8.75, 4.75, 8.625, 5.25], "texture": "#0"},
				"east": {"uv": [8.625, 4.75, 8.75, 5.25], "texture": "#0"},
				"south": {"uv": [8.625, 4.75, 8.75, 5.25], "texture": "#0"},
				"west": {"uv": [8.625, 4.75, 8.75, 5.25], "texture": "#0"},
				"up": {"uv": [8.625, 4.75, 8.75, 4.875], "texture": "#0"},
				"down": {"uv": [8.625, 5.125, 8.75, 5.25], "texture": "#0"}
			}
		},
		{
			"name": "Layer 3_17",
			"from": [7.375, 5.5, 7.9375],
			"to": [7.5, 6.125, 8.1875],
			"faces": {
				"north": {"uv": [7.5, 4.875, 7.375, 5.5], "texture": "#0"},
				"east": {"uv": [7.375, 4.875, 7.5, 5.5], "texture": "#0"},
				"south": {"uv": [7.375, 4.875, 7.5, 5.5], "texture": "#0"},
				"west": {"uv": [7.375, 4.875, 7.5, 5.5], "texture": "#0"},
				"up": {"uv": [7.375, 4.875, 7.5, 5], "texture": "#0"},
				"down": {"uv": [7.375, 5.375, 7.5, 5.5], "texture": "#0"}
			}
		},
		{
			"name": "Layer 3_18",
			"from": [7.25, 5.625, 7.9375],
			"to": [7.375, 6, 8.1875],
			"faces": {
				"north": {"uv": [7.375, 5, 7.25, 5.375], "texture": "#0"},
				"south": {"uv": [7.25, 5, 7.375, 5.375], "texture": "#0"},
				"west": {"uv": [7.25, 5, 7.375, 5.375], "texture": "#0"},
				"up": {"uv": [7.25, 5, 7.375, 5.125], "texture": "#0"},
				"down": {"uv": [7.25, 5.25, 7.375, 5.375], "texture": "#0"}
			}
		},
		{
			"name": "Layer 3_19",
			"from": [8.75, 5.375, 7.9375],
			"to": [8.875, 6, 8.1875],
			"faces": {
				"north": {"uv": [8.875, 5, 8.75, 5.625], "texture": "#0"},
				"east": {"uv": [8.75, 5, 8.875, 5.625], "texture": "#0"},
				"south": {"uv": [8.75, 5, 8.875, 5.625], "texture": "#0"},
				"west": {"uv": [8.75, 5, 8.875, 5.625], "texture": "#0"},
				"up": {"uv": [8.75, 5, 8.875, 5.125], "texture": "#0"},
				"down": {"uv": [8.75, 5.5, 8.875, 5.625], "texture": "#0"}
			}
		},
		{
			"name": "Layer 3_20",
			"from": [7.125, 5.75, 7.9375],
			"to": [7.25, 5.875, 8.1875],
			"faces": {
				"north": {"uv": [7.25, 5.125, 7.125, 5.25], "texture": "#0"},
				"south": {"uv": [7.125, 5.125, 7.25, 5.25], "texture": "#0"},
				"west": {"uv": [7.125, 5.125, 7.25, 5.25], "texture": "#0"},
				"up": {"uv": [7.125, 5.125, 7.25, 5.25], "texture": "#0"},
				"down": {"uv": [7.125, 5.125, 7.25, 5.25], "texture": "#0"}
			}
		},
		{
			"name": "Layer 3_21",
			"from": [8.875, 5.375, 7.9375],
			"to": [9, 5.875, 8.1875],
			"faces": {
				"north": {"uv": [9, 5.125, 8.875, 5.625], "texture": "#0"},
				"east": {"uv": [8.875, 5.125, 9, 5.625], "texture": "#0"},
				"south": {"uv": [8.875, 5.125, 9, 5.625], "texture": "#0"},
				"up": {"uv": [8.875, 5.125, 9, 5.25], "texture": "#0"},
				"down": {"uv": [8.875, 5.5, 9, 5.625], "texture": "#0"}
			}
		},
		{
			"name": "Layer 3_22",
			"from": [7.5, 5.375, 7.9375],
			"to": [7.625, 5.75, 8.1875],
			"faces": {
				"north": {"uv": [7.625, 5.25, 7.5, 5.625], "texture": "#0"},
				"east": {"uv": [7.5, 5.25, 7.625, 5.625], "texture": "#0"},
				"south": {"uv": [7.5, 5.25, 7.625, 5.625], "texture": "#0"},
				"west": {"uv": [7.5, 5.25, 7.625, 5.625], "texture": "#0"},
				"up": {"uv": [7.5, 5.25, 7.625, 5.375], "texture": "#0"},
				"down": {"uv": [7.5, 5.5, 7.625, 5.625], "texture": "#0"}
			}
		},
		{
			"name": "Layer 3_23",
			"from": [9, 5.625, 7.9375],
			"to": [9.25, 5.75, 8.1875],
			"faces": {
				"north": {"uv": [9.25, 5.25, 9, 5.375], "texture": "#0"},
				"east": {"uv": [9.125, 5.25, 9.25, 5.375], "texture": "#0"},
				"south": {"uv": [9, 5.25, 9.25, 5.375], "texture": "#0"},
				"up": {"uv": [9, 5.25, 9.25, 5.375], "texture": "#0"},
				"down": {"uv": [9, 5.25, 9.25, 5.375], "texture": "#0"}
			}
		},
		{
			"name": "Layer 3_24",
			"from": [7.625, 5.25, 7.9375],
			"to": [7.75, 5.625, 8.1875],
			"faces": {
				"north": {"uv": [7.75, 5.375, 7.625, 5.75], "texture": "#0"},
				"east": {"uv": [7.625, 5.375, 7.75, 5.75], "texture": "#0"},
				"south": {"uv": [7.625, 5.375, 7.75, 5.75], "texture": "#0"},
				"west": {"uv": [7.625, 5.375, 7.75, 5.75], "texture": "#0"},
				"up": {"uv": [7.625, 5.375, 7.75, 5.5], "texture": "#0"},
				"down": {"uv": [7.625, 5.625, 7.75, 5.75], "texture": "#0"}
			}
		},
		{
			"name": "Layer 3_25",
			"from": [8.625, 5.25, 7.9375],
			"to": [8.75, 5.625, 8.1875],
			"faces": {
				"north": {"uv": [8.75, 5.375, 8.625, 5.75], "texture": "#0"},
				"east": {"uv": [8.625, 5.375, 8.75, 5.75], "texture": "#0"},
				"south": {"uv": [8.625, 5.375, 8.75, 5.75], "texture": "#0"},
				"west": {"uv": [8.625, 5.375, 8.75, 5.75], "texture": "#0"},
				"up": {"uv": [8.625, 5.375, 8.75, 5.5], "texture": "#0"},
				"down": {"uv": [8.625, 5.625, 8.75, 5.75], "texture": "#0"}
			}
		},
		{
			"name": "Layer 3_26",
			"from": [9, 5.5, 7.9375],
			"to": [9.125, 5.625, 8.1875],
			"faces": {
				"north": {"uv": [9.125, 5.375, 9, 5.5], "texture": "#0"},
				"east": {"uv": [9, 5.375, 9.125, 5.5], "texture": "#0"},
				"south": {"uv": [9, 5.375, 9.125, 5.5], "texture": "#0"},
				"down": {"uv": [9, 5.375, 9.125, 5.5], "texture": "#0"}
			}
		},
		{
			"name": "Layer 3_27",
			"from": [7.75, 5.125, 7.9375],
			"to": [7.875, 5.5, 8.1875],
			"faces": {
				"north": {"uv": [7.875, 5.5, 7.75, 5.875], "texture": "#0"},
				"east": {"uv": [7.75, 5.5, 7.875, 5.875], "texture": "#0"},
				"south": {"uv": [7.75, 5.5, 7.875, 5.875], "texture": "#0"},
				"west": {"uv": [7.75, 5.5, 7.875, 5.875], "texture": "#0"},
				"up": {"uv": [7.75, 5.5, 7.875, 5.625], "texture": "#0"},
				"down": {"uv": [7.75, 5.75, 7.875, 5.875], "texture": "#0"}
			}
		},
		{
			"name": "Layer 3_28",
			"from": [8.5, 5.125, 7.9375],
			"to": [8.625, 5.5, 8.1875],
			"faces": {
				"north": {"uv": [8.625, 5.5, 8.5, 5.875], "texture": "#0"},
				"east": {"uv": [8.5, 5.5, 8.625, 5.875], "texture": "#0"},
				"south": {"uv": [8.5, 5.5, 8.625, 5.875], "texture": "#0"},
				"west": {"uv": [8.5, 5.5, 8.625, 5.875], "texture": "#0"},
				"up": {"uv": [8.5, 5.5, 8.625, 5.625], "texture": "#0"},
				"down": {"uv": [8.5, 5.75, 8.625, 5.875], "texture": "#0"}
			}
		},
		{
			"name": "Layer 3_29",
			"from": [7.875, 4.875, 7.9375],
			"to": [8, 5.375, 8.1875],
			"faces": {
				"north": {"uv": [8, 5.625, 7.875, 6.125], "texture": "#0"},
				"east": {"uv": [7.875, 5.625, 8, 6.125], "texture": "#0"},
				"south": {"uv": [7.875, 5.625, 8, 6.125], "texture": "#0"},
				"west": {"uv": [7.875, 5.625, 8, 6.125], "texture": "#0"},
				"up": {"uv": [7.875, 5.625, 8, 5.75], "texture": "#0"},
				"down": {"uv": [7.875, 6, 8, 6.125], "texture": "#0"}
			}
		},
		{
			"name": "Layer 3_30",
			"from": [8.375, 5, 7.9375],
			"to": [8.5, 5.375, 8.1875],
			"faces": {
				"north": {"uv": [8.5, 5.625, 8.375, 6], "texture": "#0"},
				"east": {"uv": [8.375, 5.625, 8.5, 6], "texture": "#0"},
				"south": {"uv": [8.375, 5.625, 8.5, 6], "texture": "#0"},
				"west": {"uv": [8.375, 5.625, 8.5, 6], "texture": "#0"},
				"up": {"uv": [8.375, 5.625, 8.5, 5.75], "texture": "#0"},
				"down": {"uv": [8.375, 5.875, 8.5, 6], "texture": "#0"}
			}
		},
		{
			"name": "Layer 3_31",
			"from": [8, 4, 7.9375],
			"to": [8.125, 5.25, 8.1875],
			"faces": {
				"north": {"uv": [8.125, 5.75, 8, 7], "texture": "#0"},
				"east": {"uv": [8, 5.75, 8.125, 7], "texture": "#0"},
				"south": {"uv": [8, 5.75, 8.125, 7], "texture": "#0"},
				"west": {"uv": [8, 5.75, 8.125, 7], "texture": "#0"},
				"up": {"uv": [8, 5.75, 8.125, 5.875], "texture": "#0"},
				"down": {"uv": [8, 6.875, 8.125, 7], "texture": "#0"}
			}
		},
		{
			"name": "Layer 3_32",
			"from": [8.25, 4.75, 7.9375],
			"to": [8.375, 5.25, 8.1875],
			"faces": {
				"north": {"uv": [8.375, 5.75, 8.25, 6.25], "texture": "#0"},
				"east": {"uv": [8.25, 5.75, 8.375, 6.25], "texture": "#0"},
				"south": {"uv": [8.25, 5.75, 8.375, 6.25], "texture": "#0"},
				"west": {"uv": [8.25, 5.75, 8.375, 6.25], "texture": "#0"},
				"up": {"uv": [8.25, 5.75, 8.375, 5.875], "texture": "#0"},
				"down": {"uv": [8.25, 6.125, 8.375, 6.25], "texture": "#0"}
			}
		},
		{
			"name": "Layer 3_33",
			"from": [8.125, 4.125, 7.9375],
			"to": [8.25, 5.125, 8.1875],
			"faces": {
				"north": {"uv": [8.25, 5.875, 8.125, 6.875], "texture": "#0"},
				"east": {"uv": [8.125, 5.875, 8.25, 6.875], "texture": "#0"},
				"south": {"uv": [8.125, 5.875, 8.25, 6.875], "texture": "#0"},
				"up": {"uv": [8.125, 5.875, 8.25, 6], "texture": "#0"},
				"down": {"uv": [8.125, 6.75, 8.25, 6.875], "texture": "#0"}
			}
		},
		{
			"name": "Layer 3_34",
			"from": [7.875, 3.875, 7.9375],
			"to": [8, 4.625, 8.1875],
			"faces": {
				"north": {"uv": [8, 6.375, 7.875, 7.125], "texture": "#0"},
				"east": {"uv": [7.875, 6.375, 8, 7.125], "texture": "#0"},
				"south": {"uv": [7.875, 6.375, 8, 7.125], "texture": "#0"},
				"west": {"uv": [7.875, 6.375, 8, 7.125], "texture": "#0"},
				"up": {"uv": [7.875, 6.375, 8, 6.5], "texture": "#0"},
				"down": {"uv": [7.875, 7, 8, 7.125], "texture": "#0"}
			}
		},
		{
			"name": "Layer 3_35",
			"from": [8.25, 3.75, 7.9375],
			"to": [8.375, 4.625, 8.1875],
			"faces": {
				"north": {"uv": [8.375, 6.375, 8.25, 7.25], "texture": "#0"},
				"east": {"uv": [8.25, 6.375, 8.375, 7.25], "texture": "#0"},
				"south": {"uv": [8.25, 6.375, 8.375, 7.25], "texture": "#0"},
				"west": {"uv": [8.25, 6.375, 8.375, 7.25], "texture": "#0"},
				"up": {"uv": [8.25, 6.375, 8.375, 6.5], "texture": "#0"},
				"down": {"uv": [8.25, 7.125, 8.375, 7.25], "texture": "#0"}
			}
		},
		{
			"name": "Layer 3_36",
			"from": [7.75, 3.625, 7.9375],
			"to": [7.875, 4.375, 8.1875],
			"faces": {
				"north": {"uv": [7.875, 6.625, 7.75, 7.375], "texture": "#0"},
				"east": {"uv": [7.75, 6.625, 7.875, 7.375], "texture": "#0"},
				"south": {"uv": [7.75, 6.625, 7.875, 7.375], "texture": "#0"},
				"west": {"uv": [7.75, 6.625, 7.875, 7.375], "texture": "#0"},
				"up": {"uv": [7.75, 6.625, 7.875, 6.75], "texture": "#0"},
				"down": {"uv": [7.75, 7.25, 7.875, 7.375], "texture": "#0"}
			}
		},
		{
			"name": "Layer 3_37",
			"from": [8.375, 3.5, 7.9375],
			"to": [8.5, 4.375, 8.1875],
			"faces": {
				"north": {"uv": [8.5, 6.625, 8.375, 7.5], "texture": "#0"},
				"east": {"uv": [8.375, 6.625, 8.5, 7.5], "texture": "#0"},
				"south": {"uv": [8.375, 6.625, 8.5, 7.5], "texture": "#0"},
				"west": {"uv": [8.375, 6.625, 8.5, 7.5], "texture": "#0"},
				"up": {"uv": [8.375, 6.625, 8.5, 6.75], "texture": "#0"},
				"down": {"uv": [8.375, 7.375, 8.5, 7.5], "texture": "#0"}
			}
		},
		{
			"name": "Layer 3_38",
			"from": [7.625, 3.5, 7.9375],
			"to": [7.75, 4.125, 8.1875],
			"faces": {
				"north": {"uv": [7.75, 6.875, 7.625, 7.5], "texture": "#0"},
				"east": {"uv": [7.625, 6.875, 7.75, 7.5], "texture": "#0"},
				"south": {"uv": [7.625, 6.875, 7.75, 7.5], "texture": "#0"},
				"west": {"uv": [7.625, 6.875, 7.75, 7.5], "texture": "#0"},
				"up": {"uv": [7.625, 6.875, 7.75, 7], "texture": "#0"},
				"down": {"uv": [7.625, 7.375, 7.75, 7.5], "texture": "#0"}
			}
		},
		{
			"name": "Layer 3_39",
			"from": [8.5, 3.25, 7.9375],
			"to": [8.625, 4, 8.1875],
			"faces": {
				"north": {"uv": [8.625, 7, 8.5, 7.75], "texture": "#0"},
				"east": {"uv": [8.5, 7, 8.625, 7.75], "texture": "#0"},
				"south": {"uv": [8.5, 7, 8.625, 7.75], "texture": "#0"},
				"west": {"uv": [8.5, 7, 8.625, 7.75], "texture": "#0"},
				"up": {"uv": [8.5, 7, 8.625, 7.125], "texture": "#0"},
				"down": {"uv": [8.5, 7.625, 8.625, 7.75], "texture": "#0"}
			}
		},
		{
			"name": "Layer 3_40",
			"from": [7.5, 3.375, 7.9375],
			"to": [7.625, 3.875, 8.1875],
			"faces": {
				"north": {"uv": [7.625, 7.125, 7.5, 7.625], "texture": "#0"},
				"east": {"uv": [7.5, 7.125, 7.625, 7.625], "texture": "#0"},
				"south": {"uv": [7.5, 7.125, 7.625, 7.625], "texture": "#0"},
				"west": {"uv": [7.5, 7.125, 7.625, 7.625], "texture": "#0"},
				"up": {"uv": [7.5, 7.125, 7.625, 7.25], "texture": "#0"},
				"down": {"uv": [7.5, 7.5, 7.625, 7.625], "texture": "#0"}
			}
		},
		{
			"name": "Layer 3_41",
			"from": [8.625, 3, 7.9375],
			"to": [8.75, 3.75, 8.1875],
			"faces": {
				"north": {"uv": [8.75, 7.25, 8.625, 8], "texture": "#0"},
				"east": {"uv": [8.625, 7.25, 8.75, 8], "texture": "#0"},
				"south": {"uv": [8.625, 7.25, 8.75, 8], "texture": "#0"},
				"west": {"uv": [8.625, 7.25, 8.75, 8], "texture": "#0"},
				"up": {"uv": [8.625, 7.25, 8.75, 7.375], "texture": "#0"},
				"down": {"uv": [8.625, 7.875, 8.75, 8], "texture": "#0"}
			}
		},
		{
			"name": "Layer 3_42",
			"from": [9.5, 3.375, 7.9375],
			"to": [9.625, 3.75, 8.1875],
			"faces": {
				"north": {"uv": [9.625, 7.25, 9.5, 7.625], "texture": "#0"},
				"east": {"uv": [9.5, 7.25, 9.625, 7.625], "texture": "#0"},
				"south": {"uv": [9.5, 7.25, 9.625, 7.625], "texture": "#0"},
				"west": {"uv": [9.5, 7.25, 9.625, 7.625], "texture": "#0"},
				"up": {"uv": [9.5, 7.25, 9.625, 7.375], "texture": "#0"},
				"down": {"uv": [9.5, 7.5, 9.625, 7.625], "texture": "#0"}
			}
		},
		{
			"name": "Layer 3_43",
			"from": [7.375, 2.625, 7.9375],
			"to": [7.5, 3.625, 8.1875],
			"faces": {
				"north": {"uv": [7.5, 7.375, 7.375, 8.375], "texture": "#0"},
				"east": {"uv": [7.375, 7.375, 7.5, 8.375], "texture": "#0"},
				"south": {"uv": [7.375, 7.375, 7.5, 8.375], "texture": "#0"},
				"west": {"uv": [7.375, 7.375, 7.5, 8.375], "texture": "#0"},
				"up": {"uv": [7.375, 7.375, 7.5, 7.5], "texture": "#0"},
				"down": {"uv": [7.375, 8.25, 7.5, 8.375], "texture": "#0"}
			}
		},
		{
			"name": "Layer 3_44",
			"from": [9.375, 3.125, 7.9375],
			"to": [9.5, 3.625, 8.1875],
			"faces": {
				"north": {"uv": [9.5, 7.375, 9.375, 7.875], "texture": "#0"},
				"east": {"uv": [9.375, 7.375, 9.5, 7.875], "texture": "#0"},
				"south": {"uv": [9.375, 7.375, 9.5, 7.875], "texture": "#0"},
				"west": {"uv": [9.375, 7.375, 9.5, 7.875], "texture": "#0"},
				"up": {"uv": [9.375, 7.375, 9.5, 7.5], "texture": "#0"},
				"down": {"uv": [9.375, 7.75, 9.5, 7.875], "texture": "#0"}
			}
		},
		{
			"name": "Layer 3_45",
			"from": [6.875, 3.25, 7.9375],
			"to": [7, 3.5, 8.1875],
			"faces": {
				"north": {"uv": [7, 7.5, 6.875, 7.75], "texture": "#0"},
				"east": {"uv": [6.875, 7.5, 7, 7.75], "texture": "#0"},
				"south": {"uv": [6.875, 7.5, 7, 7.75], "texture": "#0"},
				"west": {"uv": [6.875, 7.5, 7, 7.75], "texture": "#0"},
				"up": {"uv": [6.875, 7.5, 7, 7.625], "texture": "#0"},
				"down": {"uv": [6.875, 7.625, 7, 7.75], "texture": "#0"}
			}
		},
		{
			"name": "Layer 3_46",
			"from": [7.25, 2.875, 7.9375],
			"to": [7.375, 3.5, 8.1875],
			"faces": {
				"north": {"uv": [7.375, 7.5, 7.25, 8.125], "texture": "#0"},
				"south": {"uv": [7.25, 7.5, 7.375, 8.125], "texture": "#0"},
				"west": {"uv": [7.25, 7.5, 7.375, 8.125], "texture": "#0"},
				"up": {"uv": [7.25, 7.5, 7.375, 7.625], "texture": "#0"},
				"down": {"uv": [7.25, 8, 7.375, 8.125], "texture": "#0"}
			}
		},
		{
			"name": "Layer 3_47",
			"from": [8.75, 2.5, 7.9375],
			"to": [8.875, 3.5, 8.1875],
			"faces": {
				"north": {"uv": [8.875, 7.5, 8.75, 8.5], "texture": "#0"},
				"east": {"uv": [8.75, 7.5, 8.875, 8.5], "texture": "#0"},
				"south": {"uv": [8.75, 7.5, 8.875, 8.5], "texture": "#0"},
				"west": {"uv": [8.75, 7.5, 8.875, 8.5], "texture": "#0"},
				"up": {"uv": [8.75, 7.5, 8.875, 7.625], "texture": "#0"},
				"down": {"uv": [8.75, 8.375, 8.875, 8.5], "texture": "#0"}
			}
		},
		{
			"name": "Layer 3_48",
			"from": [7, 3, 7.9375],
			"to": [7.25, 3.375, 8.1875],
			"faces": {
				"north": {"uv": [7.25, 7.625, 7, 8], "texture": "#0"},
				"south": {"uv": [7, 7.625, 7.25, 8], "texture": "#0"},
				"west": {"uv": [7, 7.625, 7.125, 8], "texture": "#0"},
				"up": {"uv": [7, 7.625, 7.25, 7.75], "texture": "#0"},
				"down": {"uv": [7, 7.875, 7.25, 8], "texture": "#0"}
			}
		},
		{
			"name": "Layer 3_49",
			"from": [9.25, 3, 7.9375],
			"to": [9.375, 3.375, 8.1875],
			"faces": {
				"north": {"uv": [9.375, 7.625, 9.25, 8], "texture": "#0"},
				"east": {"uv": [9.25, 7.625, 9.375, 8], "texture": "#0"},
				"south": {"uv": [9.25, 7.625, 9.375, 8], "texture": "#0"},
				"west": {"uv": [9.25, 7.625, 9.375, 8], "texture": "#0"},
				"up": {"uv": [9.25, 7.625, 9.375, 7.75], "texture": "#0"},
				"down": {"uv": [9.25, 7.875, 9.375, 8], "texture": "#0"}
			}
		},
		{
			"name": "Layer 3_50",
			"from": [8.875, 2.625, 7.9375],
			"to": [9, 3.25, 8.1875],
			"faces": {
				"north": {"uv": [9, 7.75, 8.875, 8.375], "texture": "#0"},
				"east": {"uv": [8.875, 7.75, 9, 8.375], "texture": "#0"},
				"south": {"uv": [8.875, 7.75, 9, 8.375], "texture": "#0"},
				"up": {"uv": [8.875, 7.75, 9, 7.875], "texture": "#0"},
				"down": {"uv": [8.875, 8.25, 9, 8.375], "texture": "#0"}
			}
		},
		{
			"name": "Layer 3_51",
			"from": [9.125, 2.75, 7.9375],
			"to": [9.25, 3.25, 8.1875],
			"faces": {
				"north": {"uv": [9.25, 7.75, 9.125, 8.25], "texture": "#0"},
				"east": {"uv": [9.125, 7.75, 9.25, 8.25], "texture": "#0"},
				"south": {"uv": [9.125, 7.75, 9.25, 8.25], "texture": "#0"},
				"west": {"uv": [9.125, 7.75, 9.25, 8.25], "texture": "#0"},
				"up": {"uv": [9.125, 7.75, 9.25, 7.875], "texture": "#0"},
				"down": {"uv": [9.125, 8.125, 9.25, 8.25], "texture": "#0"}
			}
		},
		{
			"name": "Layer 3_52",
			"from": [6.875, 2.875, 7.9375],
			"to": [7, 3.125, 8.1875],
			"faces": {
				"north": {"uv": [7, 7.875, 6.875, 8.125], "texture": "#0"},
				"east": {"uv": [6.875, 7.875, 7, 8.125], "texture": "#0"},
				"south": {"uv": [6.875, 7.875, 7, 8.125], "texture": "#0"},
				"west": {"uv": [6.875, 7.875, 7, 8.125], "texture": "#0"},
				"up": {"uv": [6.875, 7.875, 7, 8], "texture": "#0"},
				"down": {"uv": [6.875, 8, 7, 8.125], "texture": "#0"}
			}
		},
		{
			"name": "Layer 3_53",
			"from": [7.5, 2.5, 7.9375],
			"to": [7.625, 3.125, 8.1875],
			"faces": {
				"north": {"uv": [7.625, 7.875, 7.5, 8.5], "texture": "#0"},
				"east": {"uv": [7.5, 7.875, 7.625, 8.5], "texture": "#0"},
				"south": {"uv": [7.5, 7.875, 7.625, 8.5], "texture": "#0"},
				"west": {"uv": [7.5, 7.875, 7.625, 8.5], "texture": "#0"},
				"up": {"uv": [7.5, 7.875, 7.625, 8], "texture": "#0"},
				"down": {"uv": [7.5, 8.375, 7.625, 8.5], "texture": "#0"}
			}
		},
		{
			"name": "Layer 3_54",
			"from": [9, 2.75, 7.9375],
			"to": [9.125, 3.125, 8.1875],
			"faces": {
				"north": {"uv": [9.125, 7.875, 9, 8.25], "texture": "#0"},
				"south": {"uv": [9, 7.875, 9.125, 8.25], "texture": "#0"},
				"up": {"uv": [9, 7.875, 9.125, 8], "texture": "#0"},
				"down": {"uv": [9, 8.125, 9.125, 8.25], "texture": "#0"}
			}
		},
		{
			"name": "Layer 3_55",
			"from": [6.75, 2.875, 7.9375],
			"to": [6.875, 3, 8.1875],
			"faces": {
				"north": {"uv": [6.875, 8, 6.75, 8.125], "texture": "#0"},
				"south": {"uv": [6.75, 8, 6.875, 8.125], "texture": "#0"},
				"west": {"uv": [6.75, 8, 6.875, 8.125], "texture": "#0"},
				"up": {"uv": [6.75, 8, 6.875, 8.125], "texture": "#0"},
				"down": {"uv": [6.75, 8, 6.875, 8.125], "texture": "#0"}
			}
		},
		{
			"name": "Layer 3_56",
			"from": [7.625, 2.25, 7.9375],
			"to": [7.75, 3, 8.1875],
			"faces": {
				"north": {"uv": [7.75, 8, 7.625, 8.75], "texture": "#0"},
				"east": {"uv": [7.625, 8, 7.75, 8.75], "texture": "#0"},
				"south": {"uv": [7.625, 8, 7.75, 8.75], "texture": "#0"},
				"west": {"uv": [7.625, 8, 7.75, 8.75], "texture": "#0"},
				"up": {"uv": [7.625, 8, 7.75, 8.125], "texture": "#0"},
				"down": {"uv": [7.625, 8.625, 7.75, 8.75], "texture": "#0"}
			}
		},
		{
			"name": "Layer 3_57",
			"from": [8.625, 2.375, 7.9375],
			"to": [8.75, 2.875, 8.1875],
			"faces": {
				"north": {"uv": [8.75, 8.125, 8.625, 8.625], "texture": "#0"},
				"east": {"uv": [8.625, 8.125, 8.75, 8.625], "texture": "#0"},
				"south": {"uv": [8.625, 8.125, 8.75, 8.625], "texture": "#0"},
				"west": {"uv": [8.625, 8.125, 8.75, 8.625], "texture": "#0"},
				"up": {"uv": [8.625, 8.125, 8.75, 8.25], "texture": "#0"},
				"down": {"uv": [8.625, 8.5, 8.75, 8.625], "texture": "#0"}
			}
		},
		{
			"name": "Layer 3_58",
			"from": [9.25, 2.625, 7.9375],
			"to": [9.375, 2.875, 8.1875],
			"faces": {
				"north": {"uv": [9.375, 8.125, 9.25, 8.375], "texture": "#0"},
				"east": {"uv": [9.25, 8.125, 9.375, 8.375], "texture": "#0"},
				"south": {"uv": [9.25, 8.125, 9.375, 8.375], "texture": "#0"},
				"west": {"uv": [9.25, 8.125, 9.375, 8.375], "texture": "#0"},
				"up": {"uv": [9.25, 8.125, 9.375, 8.25], "texture": "#0"},
				"down": {"uv": [9.25, 8.25, 9.375, 8.375], "texture": "#0"}
			}
		},
		{
			"name": "Layer 3_59",
			"from": [7.75, 2.125, 7.9375],
			"to": [7.875, 2.75, 8.1875],
			"faces": {
				"north": {"uv": [7.875, 8.25, 7.75, 8.875], "texture": "#0"},
				"east": {"uv": [7.75, 8.25, 7.875, 8.875], "texture": "#0"},
				"south": {"uv": [7.75, 8.25, 7.875, 8.875], "texture": "#0"},
				"west": {"uv": [7.75, 8.25, 7.875, 8.875], "texture": "#0"},
				"up": {"uv": [7.75, 8.25, 7.875, 8.375], "texture": "#0"},
				"down": {"uv": [7.75, 8.75, 7.875, 8.875], "texture": "#0"}
			}
		},
		{
			"name": "Layer 3_60",
			"from": [8.5, 2.125, 7.9375],
			"to": [8.625, 2.75, 8.1875],
			"faces": {
				"north": {"uv": [8.625, 8.25, 8.5, 8.875], "texture": "#0"},
				"east": {"uv": [8.5, 8.25, 8.625, 8.875], "texture": "#0"},
				"south": {"uv": [8.5, 8.25, 8.625, 8.875], "texture": "#0"},
				"west": {"uv": [8.5, 8.25, 8.625, 8.875], "texture": "#0"},
				"up": {"uv": [8.5, 8.25, 8.625, 8.375], "texture": "#0"},
				"down": {"uv": [8.5, 8.75, 8.625, 8.875], "texture": "#0"}
			}
		},
		{
			"name": "Layer 3_61",
			"from": [9.375, 2.625, 7.9375],
			"to": [9.5, 2.75, 8.1875],
			"faces": {
				"north": {"uv": [9.5, 8.25, 9.375, 8.375], "texture": "#0"},
				"east": {"uv": [9.375, 8.25, 9.5, 8.375], "texture": "#0"},
				"south": {"uv": [9.375, 8.25, 9.5, 8.375], "texture": "#0"},
				"up": {"uv": [9.375, 8.25, 9.5, 8.375], "texture": "#0"},
				"down": {"uv": [9.375, 8.25, 9.5, 8.375], "texture": "#0"}
			}
		},
		{
			"name": "Layer 3_62",
			"from": [7.875, 2, 7.9375],
			"to": [8, 2.625, 8.1875],
			"faces": {
				"north": {"uv": [8, 8.375, 7.875, 9], "texture": "#0"},
				"east": {"uv": [7.875, 8.375, 8, 9], "texture": "#0"},
				"south": {"uv": [7.875, 8.375, 8, 9], "texture": "#0"},
				"west": {"uv": [7.875, 8.375, 8, 9], "texture": "#0"},
				"up": {"uv": [7.875, 8.375, 8, 8.5], "texture": "#0"},
				"down": {"uv": [7.875, 8.875, 8, 9], "texture": "#0"}
			}
		},
		{
			"name": "Layer 3_63",
			"from": [8.375, 1.875, 7.9375],
			"to": [8.5, 2.625, 8.1875],
			"faces": {
				"north": {"uv": [8.5, 8.375, 8.375, 9.125], "texture": "#0"},
				"east": {"uv": [8.375, 8.375, 8.5, 9.125], "texture": "#0"},
				"south": {"uv": [8.375, 8.375, 8.5, 9.125], "texture": "#0"},
				"west": {"uv": [8.375, 8.375, 8.5, 9.125], "texture": "#0"},
				"up": {"uv": [8.375, 8.375, 8.5, 8.5], "texture": "#0"},
				"down": {"uv": [8.375, 9, 8.5, 9.125], "texture": "#0"}
			}
		},
		{
			"name": "Layer 3_64",
			"from": [8, 1.25, 7.9375],
			"to": [8.125, 2.5, 8.1875],
			"faces": {
				"north": {"uv": [8.125, 8.5, 8, 9.75], "texture": "#0"},
				"east": {"uv": [8, 8.5, 8.125, 9.75], "texture": "#0"},
				"south": {"uv": [8, 8.5, 8.125, 9.75], "texture": "#0"},
				"west": {"uv": [8, 8.5, 8.125, 9.75], "texture": "#0"},
				"up": {"uv": [8, 8.5, 8.125, 8.625], "texture": "#0"},
				"down": {"uv": [8, 9.625, 8.125, 9.75], "texture": "#0"}
			}
		},
		{
			"name": "Layer 3_65",
			"from": [8.25, 1.25, 7.9375],
			"to": [8.375, 2.5, 8.1875],
			"faces": {
				"north": {"uv": [8.375, 8.5, 8.25, 9.75], "texture": "#0"},
				"east": {"uv": [8.25, 8.5, 8.375, 9.75], "texture": "#0"},
				"south": {"uv": [8.25, 8.5, 8.375, 9.75], "texture": "#0"},
				"west": {"uv": [8.25, 8.5, 8.375, 9.75], "texture": "#0"},
				"up": {"uv": [8.25, 8.5, 8.375, 8.625], "texture": "#0"},
				"down": {"uv": [8.25, 9.625, 8.375, 9.75], "texture": "#0"}
			}
		},
		{
			"name": "Layer 3_66",
			"from": [8.125, 1.625, 7.9375],
			"to": [8.25, 2.25, 8.1875],
			"faces": {
				"north": {"uv": [8.25, 8.75, 8.125, 9.375], "texture": "#0"},
				"south": {"uv": [8.125, 8.75, 8.25, 9.375], "texture": "#0"},
				"up": {"uv": [8.125, 8.75, 8.25, 8.875], "texture": "#0"},
				"down": {"uv": [8.125, 9.25, 8.25, 9.375], "texture": "#0"}
			}
		},
		{
			"name": "Layer 3_67",
			"from": [7.875, 1.125, 7.9375],
			"to": [8, 1.875, 8.1875],
			"faces": {
				"north": {"uv": [8, 9.125, 7.875, 9.875], "texture": "#0"},
				"east": {"uv": [7.875, 9.125, 8, 9.875], "texture": "#0"},
				"south": {"uv": [7.875, 9.125, 8, 9.875], "texture": "#0"},
				"west": {"uv": [7.875, 9.125, 8, 9.875], "texture": "#0"},
				"up": {"uv": [7.875, 9.125, 8, 9.25], "texture": "#0"},
				"down": {"uv": [7.875, 9.75, 8, 9.875], "texture": "#0"}
			}
		},
		{
			"name": "Layer 3_68",
			"from": [8.375, 1.125, 7.9375],
			"to": [8.5, 1.75, 8.1875],
			"faces": {
				"north": {"uv": [8.5, 9.25, 8.375, 9.875], "texture": "#0"},
				"east": {"uv": [8.375, 9.25, 8.5, 9.875], "texture": "#0"},
				"south": {"uv": [8.375, 9.25, 8.5, 9.875], "texture": "#0"},
				"west": {"uv": [8.375, 9.25, 8.5, 9.875], "texture": "#0"},
				"up": {"uv": [8.375, 9.25, 8.5, 9.375], "texture": "#0"},
				"down": {"uv": [8.375, 9.75, 8.5, 9.875], "texture": "#0"}
			}
		},
		{
			"name": "Layer 3_69",
			"from": [7.75, 1, 7.9375],
			"to": [7.875, 1.625, 8.1875],
			"faces": {
				"north": {"uv": [7.875, 9.375, 7.75, 10], "texture": "#0"},
				"east": {"uv": [7.75, 9.375, 7.875, 10], "texture": "#0"},
				"south": {"uv": [7.75, 9.375, 7.875, 10], "texture": "#0"},
				"west": {"uv": [7.75, 9.375, 7.875, 10], "texture": "#0"},
				"up": {"uv": [7.75, 9.375, 7.875, 9.5], "texture": "#0"},
				"down": {"uv": [7.75, 9.875, 7.875, 10], "texture": "#0"}
			}
		},
		{
			"name": "Layer 3_70",
			"from": [7.625, 0.875, 7.9375],
			"to": [7.75, 1.375, 8.1875],
			"faces": {
				"north": {"uv": [7.75, 9.625, 7.625, 10.125], "texture": "#0"},
				"east": {"uv": [7.625, 9.625, 7.75, 10.125], "texture": "#0"},
				"south": {"uv": [7.625, 9.625, 7.75, 10.125], "texture": "#0"},
				"west": {"uv": [7.625, 9.625, 7.75, 10.125], "texture": "#0"},
				"up": {"uv": [7.625, 9.625, 7.75, 9.75], "texture": "#0"},
				"down": {"uv": [7.625, 10, 7.75, 10.125], "texture": "#0"}
			}
		},
		{
			"name": "Layer 3_71",
			"from": [8.5, 0.875, 7.9375],
			"to": [8.625, 1.375, 8.1875],
			"faces": {
				"north": {"uv": [8.625, 9.625, 8.5, 10.125], "texture": "#0"},
				"east": {"uv": [8.5, 9.625, 8.625, 10.125], "texture": "#0"},
				"south": {"uv": [8.5, 9.625, 8.625, 10.125], "texture": "#0"},
				"west": {"uv": [8.5, 9.625, 8.625, 10.125], "texture": "#0"},
				"up": {"uv": [8.5, 9.625, 8.625, 9.75], "texture": "#0"},
				"down": {"uv": [8.5, 10, 8.625, 10.125], "texture": "#0"}
			}
		},
		{
			"name": "Layer 3_72",
			"from": [7.5, 0.375, 7.9375],
			"to": [7.625, 1.25, 8.1875],
			"faces": {
				"north": {"uv": [7.625, 9.75, 7.5, 10.625], "texture": "#0"},
				"east": {"uv": [7.5, 9.75, 7.625, 10.625], "texture": "#0"},
				"south": {"uv": [7.5, 9.75, 7.625, 10.625], "texture": "#0"},
				"west": {"uv": [7.5, 9.75, 7.625, 10.625], "texture": "#0"},
				"up": {"uv": [7.5, 9.75, 7.625, 9.875], "texture": "#0"},
				"down": {"uv": [7.5, 10.5, 7.625, 10.625], "texture": "#0"}
			}
		},
		{
			"name": "Layer 3_73",
			"from": [8.625, 0.25, 7.9375],
			"to": [8.75, 1.25, 8.1875],
			"faces": {
				"north": {"uv": [8.75, 9.75, 8.625, 10.75], "texture": "#0"},
				"east": {"uv": [8.625, 9.75, 8.75, 10.75], "texture": "#0"},
				"south": {"uv": [8.625, 9.75, 8.75, 10.75], "texture": "#0"},
				"west": {"uv": [8.625, 9.75, 8.75, 10.75], "texture": "#0"},
				"up": {"uv": [8.625, 9.75, 8.75, 9.875], "texture": "#0"},
				"down": {"uv": [8.625, 10.625, 8.75, 10.75], "texture": "#0"}
			}
		},
		{
			"name": "Layer 3_74",
			"from": [7.375, 0.375, 7.9375],
			"to": [7.5, 1, 8.1875],
			"faces": {
				"north": {"uv": [7.5, 10, 7.375, 10.625], "texture": "#0"},
				"south": {"uv": [7.375, 10, 7.5, 10.625], "texture": "#0"},
				"west": {"uv": [7.375, 10, 7.5, 10.625], "texture": "#0"},
				"up": {"uv": [7.375, 10, 7.5, 10.125], "texture": "#0"},
				"down": {"uv": [7.375, 10.5, 7.5, 10.625], "texture": "#0"}
			}
		},
		{
			"name": "Layer 3_75",
			"from": [8.75, 0.375, 7.9375],
			"to": [8.875, 1, 8.1875],
			"faces": {
				"north": {"uv": [8.875, 10, 8.75, 10.625], "texture": "#0"},
				"east": {"uv": [8.75, 10, 8.875, 10.625], "texture": "#0"},
				"south": {"uv": [8.75, 10, 8.875, 10.625], "texture": "#0"},
				"up": {"uv": [8.75, 10, 8.875, 10.125], "texture": "#0"},
				"down": {"uv": [8.75, 10.5, 8.875, 10.625], "texture": "#0"}
			}
		},
		{
			"name": "Layer 3_76",
			"from": [7.25, 0.5, 7.9375],
			"to": [7.375, 0.875, 8.1875],
			"faces": {
				"north": {"uv": [7.375, 10.125, 7.25, 10.5], "texture": "#0"},
				"south": {"uv": [7.25, 10.125, 7.375, 10.5], "texture": "#0"},
				"west": {"uv": [7.25, 10.125, 7.375, 10.5], "texture": "#0"},
				"up": {"uv": [7.25, 10.125, 7.375, 10.25], "texture": "#0"},
				"down": {"uv": [7.25, 10.375, 7.375, 10.5], "texture": "#0"}
			}
		},
		{
			"name": "Layer 3_77",
			"from": [8.875, 0.375, 7.9375],
			"to": [9, 0.875, 8.1875],
			"faces": {
				"north": {"uv": [9, 10.125, 8.875, 10.625], "texture": "#0"},
				"east": {"uv": [8.875, 10.125, 9, 10.625], "texture": "#0"},
				"south": {"uv": [8.875, 10.125, 9, 10.625], "texture": "#0"},
				"up": {"uv": [8.875, 10.125, 9, 10.25], "texture": "#0"},
				"down": {"uv": [8.875, 10.5, 9, 10.625], "texture": "#0"}
			}
		},
		{
			"name": "Layer 3_78",
			"from": [7.125, 0.625, 7.9375],
			"to": [7.25, 0.75, 8.1875],
			"faces": {
				"north": {"uv": [7.25, 10.25, 7.125, 10.375], "texture": "#0"},
				"south": {"uv": [7.125, 10.25, 7.25, 10.375], "texture": "#0"},
				"west": {"uv": [7.125, 10.25, 7.25, 10.375], "texture": "#0"},
				"up": {"uv": [7.125, 10.25, 7.25, 10.375], "texture": "#0"},
				"down": {"uv": [7.125, 10.25, 7.25, 10.375], "texture": "#0"}
			}
		},
		{
			"name": "Layer 3_79",
			"from": [9, 0.625, 7.9375],
			"to": [9.25, 0.75, 8.1875],
			"faces": {
				"north": {"uv": [9.25, 10.25, 9, 10.375], "texture": "#0"},
				"east": {"uv": [9.125, 10.25, 9.25, 10.375], "texture": "#0"},
				"south": {"uv": [9, 10.25, 9.25, 10.375], "texture": "#0"},
				"up": {"uv": [9, 10.25, 9.25, 10.375], "texture": "#0"},
				"down": {"uv": [9, 10.25, 9.25, 10.375], "texture": "#0"}
			}
		},
		{
			"name": "Layer 3_80",
			"from": [7.625, 0.25, 7.9375],
			"to": [7.75, 0.625, 8.1875],
			"faces": {
				"north": {"uv": [7.75, 10.375, 7.625, 10.75], "texture": "#0"},
				"east": {"uv": [7.625, 10.375, 7.75, 10.75], "texture": "#0"},
				"south": {"uv": [7.625, 10.375, 7.75, 10.75], "texture": "#0"},
				"west": {"uv": [7.625, 10.375, 7.75, 10.75], "texture": "#0"},
				"up": {"uv": [7.625, 10.375, 7.75, 10.5], "texture": "#0"},
				"down": {"uv": [7.625, 10.625, 7.75, 10.75], "texture": "#0"}
			}
		},
		{
			"name": "Layer 3_81",
			"from": [8.5, 0.125, 7.9375],
			"to": [8.625, 0.625, 8.1875],
			"faces": {
				"north": {"uv": [8.625, 10.375, 8.5, 10.875], "texture": "#0"},
				"east": {"uv": [8.5, 10.375, 8.625, 10.875], "texture": "#0"},
				"south": {"uv": [8.5, 10.375, 8.625, 10.875], "texture": "#0"},
				"west": {"uv": [8.5, 10.375, 8.625, 10.875], "texture": "#0"},
				"up": {"uv": [8.5, 10.375, 8.625, 10.5], "texture": "#0"},
				"down": {"uv": [8.5, 10.75, 8.625, 10.875], "texture": "#0"}
			}
		},
		{
			"name": "Layer 3_82",
			"from": [9, 0.5, 7.9375],
			"to": [9.125, 0.625, 8.1875],
			"faces": {
				"north": {"uv": [9.125, 10.375, 9, 10.5], "texture": "#0"},
				"east": {"uv": [9, 10.375, 9.125, 10.5], "texture": "#0"},
				"south": {"uv": [9, 10.375, 9.125, 10.5], "texture": "#0"},
				"down": {"uv": [9, 10.375, 9.125, 10.5], "texture": "#0"}
			}
		},
		{
			"name": "Layer 3_83",
			"from": [7.75, 0.125, 7.9375],
			"to": [8, 0.5, 8.1875],
			"faces": {
				"north": {"uv": [8, 10.5, 7.75, 10.875], "texture": "#0"},
				"east": {"uv": [7.875, 10.5, 8, 10.875], "texture": "#0"},
				"south": {"uv": [7.75, 10.5, 8, 10.875], "texture": "#0"},
				"west": {"uv": [7.75, 10.5, 7.875, 10.875], "texture": "#0"},
				"up": {"uv": [7.75, 10.5, 8, 10.625], "texture": "#0"},
				"down": {"uv": [7.75, 10.75, 8, 10.875], "texture": "#0"}
			}
		},
		{
			"name": "Layer 3_84",
			"from": [8.375, 0, 7.9375],
			"to": [8.5, 0.5, 8.1875],
			"faces": {
				"north": {"uv": [8.5, 10.5, 8.375, 11], "texture": "#0"},
				"east": {"uv": [8.375, 10.5, 8.5, 11], "texture": "#0"},
				"south": {"uv": [8.375, 10.5, 8.5, 11], "texture": "#0"},
				"west": {"uv": [8.375, 10.5, 8.5, 11], "texture": "#0"},
				"up": {"uv": [8.375, 10.5, 8.5, 10.625], "texture": "#0"},
				"down": {"uv": [8.375, 10.875, 8.5, 11], "texture": "#0"}
			}
		},
		{
			"name": "Layer 3_85",
			"from": [8, 0, 7.9375],
			"to": [8.125, 0.375, 8.1875],
			"faces": {
				"north": {"uv": [8.125, 10.625, 8, 11], "texture": "#0"},
				"east": {"uv": [8, 10.625, 8.125, 11], "texture": "#0"},
				"south": {"uv": [8, 10.625, 8.125, 11], "texture": "#0"},
				"up": {"uv": [8, 10.625, 8.125, 10.75], "texture": "#0"}
			}
		},
		{
			"name": "Layer 3_86",
			"from": [8.25, 0, 7.9375],
			"to": [8.375, 0.375, 8.1875],
			"faces": {
				"north": {"uv": [8.375, 10.625, 8.25, 11], "texture": "#0"},
				"south": {"uv": [8.25, 10.625, 8.375, 11], "texture": "#0"},
				"west": {"uv": [8.25, 10.625, 8.375, 11], "texture": "#0"},
				"up": {"uv": [8.25, 10.625, 8.375, 10.75], "texture": "#0"}
			}
		},
		{
			"name": "Layer 3_87",
			"from": [8.125, 0, 7.9375],
			"to": [8.25, 0.25, 8.1875],
			"faces": {
				"north": {"uv": [8.25, 10.75, 8.125, 11], "texture": "#0"},
				"south": {"uv": [8.125, 10.75, 8.25, 11], "texture": "#0"},
				"up": {"uv": [8.125, 10.75, 8.25, 10.875], "texture": "#0"}
			}
		},
		{
			"name": "Layer 3_88",
			"from": [7.875, 0, 7.9375],
			"to": [8, 0.125, 8.1875],
			"faces": {
				"north": {"uv": [8, 10.875, 7.875, 11], "texture": "#0"},
				"south": {"uv": [7.875, 10.875, 8, 11], "texture": "#0"},
				"west": {"uv": [7.875, 10.875, 8, 11], "texture": "#0"},
				"down": {"uv": [7.875, 10.875, 8, 11], "texture": "#0"}
			}
		},
		{
			"name": "Layer 4_0",
			"from": [7.875, -0.25, 7.875],
			"to": [8.5, -0.125, 8.25],
			"faces": {
				"north": {"uv": [8.5, 11.125, 7.875, 11.25], "texture": "#0"},
				"east": {"uv": [8.375, 11.125, 8.5, 11.25], "texture": "#0"},
				"south": {"uv": [7.875, 11.125, 8.5, 11.25], "texture": "#0"},
				"west": {"uv": [7.875, 11.125, 8, 11.25], "texture": "#0"},
				"up": {"uv": [7.875, 11.125, 8.5, 11.25], "texture": "#0"},
				"down": {"uv": [7.875, 11.125, 8.5, 11.25], "texture": "#0"}
			}
		},
		{
			"name": "Layer 4_1",
			"from": [7.875, -0.625, 7.875],
			"to": [8.5, -0.375, 8.25],
			"faces": {
				"north": {"uv": [8.5, 11.375, 7.875, 11.625], "texture": "#0"},
				"east": {"uv": [8.375, 11.375, 8.5, 11.625], "texture": "#0"},
				"south": {"uv": [7.875, 11.375, 8.5, 11.625], "texture": "#0"},
				"west": {"uv": [7.875, 11.375, 8, 11.625], "texture": "#0"},
				"up": {"uv": [7.875, 11.375, 8.5, 11.5], "texture": "#0"},
				"down": {"uv": [7.875, 11.5, 8.5, 11.625], "texture": "#0"}
			}
		},
		{
			"name": "Layer 4_2",
			"from": [7.875, -0.875, 7.875],
			"to": [8.5, -0.75, 8.25],
			"faces": {
				"north": {"uv": [8.5, 11.75, 7.875, 11.875], "texture": "#0"},
				"east": {"uv": [8.375, 11.75, 8.5, 11.875], "texture": "#0"},
				"south": {"uv": [7.875, 11.75, 8.5, 11.875], "texture": "#0"},
				"west": {"uv": [7.875, 11.75, 8, 11.875], "texture": "#0"},
				"up": {"uv": [7.875, 11.75, 8.5, 11.875], "texture": "#0"},
				"down": {"uv": [7.875, 11.75, 8.5, 11.875], "texture": "#0"}
			}
		},
		{
			"name": "Layer 4_3",
			"from": [7.875, -2.75, 7.875],
			"to": [8.5, -2.5, 8.25],
			"faces": {
				"north": {"uv": [8.5, 13.5, 7.875, 13.75], "texture": "#0"},
				"east": {"uv": [8.375, 13.5, 8.5, 13.75], "texture": "#0"},
				"south": {"uv": [7.875, 13.5, 8.5, 13.75], "texture": "#0"},
				"west": {"uv": [7.875, 13.5, 8, 13.75], "texture": "#0"},
				"up": {"uv": [7.875, 13.5, 8.5, 13.625], "texture": "#0"},
				"down": {"uv": [7.875, 13.625, 8.5, 13.75], "texture": "#0"}
			}
		},
		{
			"name": "Layer 4_4",
			"from": [7.875, -3.375, 7.875],
			"to": [8.5, -2.875, 8.25],
			"faces": {
				"north": {"uv": [8.5, 13.875, 7.875, 14.375], "texture": "#0"},
				"east": {"uv": [8.375, 13.875, 8.5, 14.375], "texture": "#0"},
				"south": {"uv": [7.875, 13.875, 8.5, 14.375], "texture": "#0"},
				"west": {"uv": [7.875, 13.875, 8, 14.375], "texture": "#0"},
				"up": {"uv": [7.875, 13.875, 8.5, 14], "texture": "#0"},
				"down": {"uv": [7.875, 14.25, 8.5, 14.375], "texture": "#0"}
			}
		},
		{
			"name": "Layer 4_5",
			"from": [7.75, -3.125, 7.875],
			"to": [7.875, -3, 8.25],
			"faces": {
				"north": {"uv": [7.875, 14, 7.75, 14.125], "texture": "#0"},
				"south": {"uv": [7.75, 14, 7.875, 14.125], "texture": "#0"},
				"west": {"uv": [7.75, 14, 7.875, 14.125], "texture": "#0"},
				"up": {"uv": [7.75, 14, 7.875, 14.125], "texture": "#0"},
				"down": {"uv": [7.75, 14, 7.875, 14.125], "texture": "#0"}
			}
		},
		{
			"name": "Layer 4_6",
			"from": [8.5, -3.125, 7.875],
			"to": [8.625, -3, 8.25],
			"faces": {
				"north": {"uv": [8.625, 14, 8.5, 14.125], "texture": "#0"},
				"east": {"uv": [8.5, 14, 8.625, 14.125], "texture": "#0"},
				"south": {"uv": [8.5, 14, 8.625, 14.125], "texture": "#0"},
				"up": {"uv": [8.5, 14, 8.625, 14.125], "texture": "#0"},
				"down": {"uv": [8.5, 14, 8.625, 14.125], "texture": "#0"}
			}
		},
		{
			"name": "Layer 4_7",
			"from": [8, -3.75, 7.875],
			"to": [8.375, -3.375, 8.25],
			"faces": {
				"north": {"uv": [8.375, 14.375, 8, 14.75], "texture": "#0"},
				"east": {"uv": [8.25, 14.375, 8.375, 14.75], "texture": "#0"},
				"south": {"uv": [8, 14.375, 8.375, 14.75], "texture": "#0"},
				"west": {"uv": [8, 14.375, 8.125, 14.75], "texture": "#0"},
				"down": {"uv": [8, 14.625, 8.375, 14.75], "texture": "#0"}
			}
		},
		{
			"name": "Layer 4_8",
			"from": [8.125, -4.125, 7.875],
			"to": [8.25, -3.75, 8.25],
			"faces": {
				"north": {"uv": [8.25, 14.75, 8.125, 15.125], "texture": "#0"},
				"east": {"uv": [8.125, 14.75, 8.25, 15.125], "texture": "#0"},
				"south": {"uv": [8.125, 14.75, 8.25, 15.125], "texture": "#0"},
				"west": {"uv": [8.125, 14.75, 8.25, 15.125], "texture": "#0"},
				"down": {"uv": [8.125, 15, 8.25, 15.125], "texture": "#0"}
			}
		},
		{
			"name": "Layer 5_0",
			"from": [8, -0.125, 7.9375],
			"to": [8.375, 0, 8.1875],
			"faces": {
				"north": {"uv": [8.375, 11, 8, 11.125], "texture": "#0"},
				"east": {"uv": [8.25, 11, 8.375, 11.125], "texture": "#0"},
				"south": {"uv": [8, 11, 8.375, 11.125], "texture": "#0"},
				"west": {"uv": [8, 11, 8.125, 11.125], "texture": "#0"}
			}
		},
		{
			"name": "Layer 5_1",
			"from": [8, -0.375, 7.9375],
			"to": [8.375, -0.25, 8.1875],
			"faces": {
				"north": {"uv": [8.375, 11.25, 8, 11.375], "texture": "#0"},
				"east": {"uv": [8.25, 11.25, 8.375, 11.375], "texture": "#0"},
				"south": {"uv": [8, 11.25, 8.375, 11.375], "texture": "#0"},
				"west": {"uv": [8, 11.25, 8.125, 11.375], "texture": "#0"}
			}
		},
		{
			"name": "Layer 5_2",
			"from": [8, -0.75, 7.9375],
			"to": [8.375, -0.625, 8.1875],
			"faces": {
				"north": {"uv": [8.375, 11.625, 8, 11.75], "texture": "#0"},
				"east": {"uv": [8.25, 11.625, 8.375, 11.75], "texture": "#0"},
				"south": {"uv": [8, 11.625, 8.375, 11.75], "texture": "#0"},
				"west": {"uv": [8, 11.625, 8.125, 11.75], "texture": "#0"}
			}
		},
		{
			"name": "Layer 5_3",
			"from": [8, -2.5, 7.9375],
			"to": [8.375, -0.875, 8.1875],
			"faces": {
				"north": {"uv": [8.375, 11.875, 8, 13.5], "texture": "#0"},
				"east": {"uv": [8.25, 11.875, 8.375, 13.5], "texture": "#0"},
				"south": {"uv": [8, 11.875, 8.375, 13.5], "texture": "#0"},
				"west": {"uv": [8, 11.875, 8.125, 13.5], "texture": "#0"}
			}
		},
		{
			"name": "Layer 5_4",
			"from": [8, -2.875, 7.9375],
			"to": [8.375, -2.75, 8.1875],
			"faces": {
				"north": {"uv": [8.375, 13.75, 8, 13.875], "texture": "#0"},
				"east": {"uv": [8.25, 13.75, 8.375, 13.875], "texture": "#0"},
				"south": {"uv": [8, 13.75, 8.375, 13.875], "texture": "#0"},
				"west": {"uv": [8, 13.75, 8.125, 13.875], "texture": "#0"}
			}
		},
		{
			"from": [0, -5, 7.875],
			"to": [16, 11, 8.25],
			"faces": {
				"north": {"uv": [16, 0, 0, 16], "texture": "#1"},
				"south": {"uv": [0, 0, 16, 16], "texture": "#1"}
			}
		}
	],
	"display": {
		"thirdperson_righthand": {
			"rotation": [0, -90, 0],
			"translation": [0.25, 27.25, 0],
			"scale": [3, 3, 3]
		},
		"thirdperson_lefthand": {
			"rotation": [0, 90, 0],
			"translation": [0.25, 27, 0],
			"scale": [3, 3, 3]
		},
		"firstperson_righthand": {
			"rotation": [1, -91, 0],
			"translation": [0, 13, 2.75],
			"scale": [1.25, 1.25, 1.25]
		},
		"firstperson_lefthand": {
			"rotation": [1, 91, 0],
			"translation": [0, 13.25, 2.75],
			"scale": [1.25, 1.25, 1.25]
		},
		"ground": {
			"translation": [0, 32.5, 0],
			"scale": [3, 3, 3]
		},
		"gui": {
			"rotation": [0, 0, -45],
			"translation": [5.5, 6.25, 0],
			"scale": [1.5, 1.5, 1.5]
		},
		"head": {
			"rotation": [180, 0, 45],
			"translation": [-11.75, -25.5, 4.75],
			"scale": [3.5, 3.5, 3.5]
		},
		"fixed": {
			"rotation": [180, 0, 135],
			"translation": [-7.25, 7.75, 0],
			"scale": [2, 2, 2]
		}
	},
	"groups": [
		{
			"name": "Layer 3",
			"origin": [8, 8, 8],
			"color": 0,
			"children": [
				0,
				1,
				2,
				3,
				4,
				5,
				6,
				7,
				8,
				9,
				10,
				11,
				12,
				13,
				14,
				15,
				16,
				17,
				18,
				19,
				20,
				21,
				22,
				23,
				24,
				25,
				26,
				27,
				28,
				29,
				30,
				31,
				32,
				33,
				34,
				35,
				36,
				37,
				38,
				39,
				40,
				41,
				42,
				43,
				44,
				45,
				46,
				47,
				48,
				49,
				50,
				51,
				52,
				53,
				54,
				55,
				56,
				57,
				58,
				59,
				60,
				61,
				62,
				63,
				64,
				65,
				66,
				67,
				68,
				69,
				70,
				71,
				72,
				73,
				74,
				75,
				76,
				77,
				78,
				79,
				80,
				81,
				82,
				83,
				84,
				85,
				86,
				87,
				88
			]
		},
		{
			"name": "Layer 4",
			"origin": [8, 8, 8],
			"color": 0,
			"children": [89, 90, 91, 92, 93, 94, 95, 96, 97]
		},
		{
			"name": "Layer 5",
			"origin": [8, 8, 8],
			"color": 0,
			"children": [98, 99, 100, 101, 102]
		},
		103
	]
}