{
  "credit": "Made with Blockbench",
  "textures": {
    "particle": "farmersdelight:block/chocolate_pie_top",
    "bottom": "farmersdelight:block/pie_bottom",
    "inner": "farmersdelight:block/chocolate_pie_inner",
    "side": "farmersdelight:block/pie_side",
    "top": "farmersdelight:block/chocolate_pie_top"
  },
  "elements": [
    {
      "from": [8, 0, 2],
      "to": [14, 4, 8],
      "faces": {
        "north": {"uv": [2, 12, 8, 16], "texture": "#side"},
        "east": {"uv": [8, 12, 14, 16], "texture": "#side"},
        "south": {"uv": [8, 12, 14, 16], "texture": "#inner"},
        "west": {"uv": [2, 12, 8, 16], "texture": "#inner"},
        "up": {"uv": [8, 2, 14, 8], "texture": "#top"},
        "down": {"uv": [2, 8, 14, 14], "texture": "#bottom", "cullface": "down"}
      }
    },
    {
      "from": [8, 4, 6],
      "to": [10, 5, 8],
      "faces": {
        "north": {"uv": [6, 11, 8, 12], "texture": "#inner"},
        "east": {"uv": [8, 11, 10, 12], "texture": "#inner"},
        "south": {"uv": [8, 11, 10, 12], "texture": "#inner"},
        "west": {"uv": [6, 11, 8, 12], "texture": "#inner"},
        "up": {"uv": [8, 7, 10, 9], "texture": "#inner"}
      }
    }
  ]
}