{
	"credit": "Made with Blockbench",
	"textures": {
		"0": "item/aaq",
		"1": "item/aaqp",
		"particle": "item/aaq"
	},
	"elements": [
		{
			"from": [-7.5, 12, -7.5],
			"to": [24.5, 12, 24.5],
			"faces": {
				"north": {"uv": [0, 0, 8, 0], "texture": "#0"},
				"east": {"uv": [0, 0, 8, 0], "texture": "#0"},
				"south": {"uv": [0, 0, 8, 0], "texture": "#0"},
				"west": {"uv": [0, 0, 8, 0], "texture": "#0"},
				"up": {"uv": [8, 8, 0, 0], "texture": "#0"},
				"down": {"uv": [8, 8, 0, 16], "texture": "#0"}
			}
		},
		{
			"from": [0, 12, 0],
			"to": [16, 18.6, 16],
			"faces": {
				"north": {"uv": [8, 8, 12, 9.75], "texture": "#0"},
				"east": {"uv": [8, 9.75, 12, 11.5], "texture": "#0"},
				"south": {"uv": [8, 11.5, 12, 13.25], "texture": "#0"},
				"west": {"uv": [12, 0, 16, 1.75], "texture": "#0"},
				"up": {"uv": [12, 4, 8, 0], "texture": "#0"},
				"down": {"uv": [12, 4, 8, 8], "texture": "#0"}
			}
		},
		{
			"from": [-9.3, 13, 5],
			"to": [-1.3, 21, 5],
			"rotation": {"angle": 22.5, "axis": "y", "origin": [0, 0, 0]},
			"faces": {
				"north": {"uv": [0, 0, 8, 8], "texture": "#1"},
				"east": {"uv": [0, 0, 0, 8], "texture": "#1"},
				"south": {"uv": [0, 8, 8, 16], "texture": "#1"},
				"west": {"uv": [0, 0, 0, 8], "texture": "#1"},
				"up": {"uv": [8, 0, 0, 0], "texture": "#1"},
				"down": {"uv": [8, 0, 0, 0], "texture": "#1"}
			}
		}
	],
	"display": {
		"thirdperson_righthand": {
			"rotation": [-7, 0, 0],
			"translation": [0, -1.75, 0],
			"scale": [0.41, 0.41, 0.41]
		},
		"thirdperson_lefthand": {
			"rotation": [-7, 0, 0],
			"scale": [0.41, 0.41, 0.41]
		},
		"firstperson_righthand": {
			"translation": [4.75, -4, 1.5],
			"scale": [0.6, 0.6, 0.6]
		},
		"firstperson_lefthand": {
			"translation": [4.75, -4, -1.5],
			"scale": [0.6, 0.6, 0.6]
		},
		"ground": {
			"translation": [0, -6.5, 0],
			"scale": [0.68, 0.68, 0.68]
		},
		"gui": {
			"rotation": [22, 155, 0],
			"translation": [0, -3, 0],
			"scale": [0.5, 0.5, 0.5]
		},
		"head": {
			"rotation": [-3, 0, 0],
			"translation": [0, -3, 0]
		},
		"fixed": {
			"rotation": [-90, 0, 0],
			"translation": [0, 0, 3.75],
			"scale": [1.05, 1.05, 1.05]
		}
	},
	"groups": [
		{
			"name": "group",
			"origin": [0, 0, 0],
			"color": 0,
			"nbt": "{}",
			"armAnimationEnabled": false,
			"children": [0, 1, 2]
		}
	]
}