{
	"credit": "Made with Blockbench",
	"texture_size": [32, 32],
	"textures": {
		"1": "item/1997hkilling"
	},
	"elements": [
		{
			"from": [7.5, -12.2, 6],
			"to": [8.5, -5.2, 7],
			"faces": {
				"north": {"uv": [7, 2, 7.5, 5.5], "texture": "#1"},
				"east": {"uv": [7, 5.5, 7.5, 9], "texture": "#1"},
				"south": {"uv": [7.5, 2, 8, 5.5], "texture": "#1"},
				"west": {"uv": [7.5, 5.5, 8, 9], "texture": "#1"},
				"up": {"uv": [7.5, 12, 7, 11.5], "texture": "#1"},
				"down": {"uv": [12.5, 0.5, 12, 1], "texture": "#1"}
			}
		},
		{
			"from": [7, -5.2, 5.7],
			"to": [10.6, -4.2, 7.3],
			"faces": {
				"north": {"uv": [8, 4, 10, 4.5], "texture": "#1"},
				"east": {"uv": [10, 6, 11, 6.5], "texture": "#1"},
				"south": {"uv": [8, 4.5, 10, 5], "texture": "#1"},
				"west": {"uv": [6.5, 10, 7.5, 10.5], "texture": "#1"},
				"up": {"uv": [9, 1, 7, 0], "texture": "#1"},
				"down": {"uv": [9, 1, 7, 2], "texture": "#1"}
			}
		},
		{
			"from": [2.29, -7.57, 5.7],
			"to": [4.89, -6.57, 7.3],
			"rotation": {"angle": 22.5, "axis": "z", "origin": [0, 0, 0]},
			"faces": {
				"north": {"uv": [10, 1.5, 11.5, 2], "texture": "#1"},
				"east": {"uv": [10, 6.5, 11, 7], "texture": "#1"},
				"south": {"uv": [10, 4, 11.5, 4.5], "texture": "#1"},
				"west": {"uv": [10, 7, 11, 7.5], "texture": "#1"},
				"up": {"uv": [9.5, 3, 8, 2], "texture": "#1"},
				"down": {"uv": [9.5, 3, 8, 4], "texture": "#1"}
			}
		},
		{
			"from": [5.9, -4.7, 6.2],
			"to": [10, 13.8, 6.8],
			"faces": {
				"north": {"uv": [0, 0, 2, 9.5], "texture": "#1"},
				"east": {"uv": [4, 0, 4.5, 9.5], "texture": "#1"},
				"south": {"uv": [2, 0, 4, 9.5], "texture": "#1"},
				"west": {"uv": [4.5, 0, 5, 9.5], "texture": "#1"},
				"up": {"uv": [10, 5.5, 8, 5], "texture": "#1"},
				"down": {"uv": [10, 5.5, 8, 6], "texture": "#1"}
			}
		},
		{
			"from": [9.8, -0.4, 6.2],
			"to": [10.8, 1.6, 6.8],
			"rotation": {"angle": -22.5, "axis": "z", "origin": [0, 0, 0]},
			"faces": {
				"north": {"uv": [8, 6, 9, 7], "texture": "#1"},
				"east": {"uv": [7.5, 10, 8, 11], "texture": "#1"},
				"south": {"uv": [8, 7, 9, 8], "texture": "#1"},
				"west": {"uv": [10, 7.5, 10.5, 8.5], "texture": "#1"},
				"up": {"uv": [9, 10.5, 8, 10], "texture": "#1"},
				"down": {"uv": [11, 8.5, 10, 9], "texture": "#1"}
			}
		},
		{
			"from": [9.8, 1.3, 6.2],
			"to": [10.8, 3.3, 6.8],
			"rotation": {"angle": -22.5, "axis": "z", "origin": [0, 1.7, 0]},
			"faces": {
				"north": {"uv": [8, 8, 9, 9], "texture": "#1"},
				"east": {"uv": [9, 10, 9.5, 11], "texture": "#1"},
				"south": {"uv": [9, 0, 10, 1], "texture": "#1"},
				"west": {"uv": [10, 9, 10.5, 10], "texture": "#1"},
				"up": {"uv": [10.5, 10.5, 9.5, 10], "texture": "#1"},
				"down": {"uv": [1, 10.5, 0, 11], "texture": "#1"}
			}
		},
		{
			"from": [9.8, 2.8, 6.2],
			"to": [10.8, 4.8, 6.8],
			"rotation": {"angle": -22.5, "axis": "z", "origin": [0, 3.4, 0]},
			"faces": {
				"north": {"uv": [9, 1, 10, 2], "texture": "#1"},
				"east": {"uv": [1, 10.5, 1.5, 11.5], "texture": "#1"},
				"south": {"uv": [9, 6, 10, 7], "texture": "#1"},
				"west": {"uv": [1.5, 10.5, 2, 11.5], "texture": "#1"},
				"up": {"uv": [3, 11, 2, 10.5], "texture": "#1"},
				"down": {"uv": [11.5, 2, 10.5, 2.5], "texture": "#1"}
			}
		},
		{
			"from": [9.8, 4.5, 6.2],
			"to": [10.8, 6.5, 6.8],
			"rotation": {"angle": -22.5, "axis": "z", "origin": [0, 5.1, 0]},
			"faces": {
				"north": {"uv": [7, 9, 8, 10], "texture": "#1"},
				"east": {"uv": [10.5, 2.5, 11, 3.5], "texture": "#1"},
				"south": {"uv": [9, 7, 10, 8], "texture": "#1"},
				"west": {"uv": [3, 10.5, 3.5, 11.5], "texture": "#1"},
				"up": {"uv": [4.5, 11, 3.5, 10.5], "texture": "#1"},
				"down": {"uv": [11.5, 3.5, 10.5, 4], "texture": "#1"}
			}
		},
		{
			"from": [9.8, 9.5, 6.2],
			"to": [10.8, 11.5, 6.8],
			"rotation": {"angle": -22.5, "axis": "z", "origin": [0, 10.2, 0]},
			"faces": {
				"north": {"uv": [8, 9, 9, 10], "texture": "#1"},
				"east": {"uv": [4.5, 10.5, 5, 11.5], "texture": "#1"},
				"south": {"uv": [9, 8, 10, 9], "texture": "#1"},
				"west": {"uv": [5, 10.5, 5.5, 11.5], "texture": "#1"},
				"up": {"uv": [6.5, 11, 5.5, 10.5], "texture": "#1"},
				"down": {"uv": [7.5, 10.5, 6.5, 11], "texture": "#1"}
			}
		},
		{
			"from": [9.8, 11.2, 6.2],
			"to": [10.8, 13.2, 6.8],
			"rotation": {"angle": -22.5, "axis": "z", "origin": [0, 11.9, 0]},
			"faces": {
				"north": {"uv": [9, 9, 10, 10], "texture": "#1"},
				"east": {"uv": [10.5, 7.5, 11, 8.5], "texture": "#1"},
				"south": {"uv": [0, 9.5, 1, 10.5], "texture": "#1"},
				"west": {"uv": [8, 10.5, 8.5, 11.5], "texture": "#1"},
				"up": {"uv": [11.5, 9.5, 10.5, 9], "texture": "#1"},
				"down": {"uv": [10.5, 10.5, 9.5, 11], "texture": "#1"}
			}
		},
		{
			"from": [9.8, 7.8, 6.2],
			"to": [10.8, 9.8, 6.8],
			"rotation": {"angle": -22.5, "axis": "z", "origin": [0, 8.5, 0]},
			"faces": {
				"north": {"uv": [1, 9.5, 2, 10.5], "texture": "#1"},
				"east": {"uv": [8.5, 10.5, 9, 11.5], "texture": "#1"},
				"south": {"uv": [2, 9.5, 3, 10.5], "texture": "#1"},
				"west": {"uv": [10.5, 9.5, 11, 10.5], "texture": "#1"},
				"up": {"uv": [11.5, 11, 10.5, 10.5], "texture": "#1"},
				"down": {"uv": [1, 11, 0, 11.5], "texture": "#1"}
			}
		},
		{
			"from": [9.8, 6.1, 6.2],
			"to": [10.8, 8.1, 6.8],
			"rotation": {"angle": -22.5, "axis": "z", "origin": [0, 6.8, 0]},
			"faces": {
				"north": {"uv": [9.5, 2, 10.5, 3], "texture": "#1"},
				"east": {"uv": [2, 11, 2.5, 12], "texture": "#1"},
				"south": {"uv": [3, 9.5, 4, 10.5], "texture": "#1"},
				"west": {"uv": [2.5, 11, 3, 12], "texture": "#1"},
				"up": {"uv": [12, 3, 11, 2.5], "texture": "#1"},
				"down": {"uv": [12, 3, 11, 3.5], "texture": "#1"}
			}
		},
		{
			"from": [9.8, 12.9, 6.2],
			"to": [10.8, 14.9, 6.8],
			"rotation": {"angle": -22.5, "axis": "z", "origin": [0, 13.6, 0]},
			"faces": {
				"north": {"uv": [9.5, 3, 10.5, 4], "texture": "#1"},
				"east": {"uv": [3.5, 11, 4, 12], "texture": "#1"},
				"south": {"uv": [4, 9.5, 5, 10.5], "texture": "#1"},
				"west": {"uv": [4, 11, 4.5, 12], "texture": "#1"},
				"up": {"uv": [6.5, 11.5, 5.5, 11], "texture": "#1"},
				"down": {"uv": [12, 6, 11, 6.5], "texture": "#1"}
			}
		},
		{
			"from": [8.8, -4.7, 6.1],
			"to": [10.1, 13.9, 6.9],
			"faces": {
				"north": {"uv": [5, 0, 5.5, 9.5], "texture": "#1"},
				"east": {"uv": [5.5, 0, 6, 9.5], "texture": "#1"},
				"south": {"uv": [6, 0, 6.5, 9.5], "texture": "#1"},
				"west": {"uv": [6.5, 0, 7, 9.5], "texture": "#1"},
				"up": {"uv": [1.5, 12.5, 1, 12], "texture": "#1"},
				"down": {"uv": [12.5, 1, 12, 1.5], "texture": "#1"}
			}
		},
		{
			"from": [5.6, 12.8, 6.1],
			"to": [8.8, 13.9, 6.9],
			"faces": {
				"north": {"uv": [10, 4.5, 11.5, 5], "texture": "#1"},
				"east": {"uv": [1.5, 12, 2, 12.5], "texture": "#1"},
				"south": {"uv": [5, 10, 6.5, 10.5], "texture": "#1"},
				"west": {"uv": [2, 12, 2.5, 12.5], "texture": "#1"},
				"up": {"uv": [11.5, 5.5, 10, 5], "texture": "#1"},
				"down": {"uv": [11.5, 5.5, 10, 6], "texture": "#1"}
			}
		},
		{
			"from": [1.3, 14.5, 6.1],
			"to": [2.7, 15.5, 6.9],
			"rotation": {"angle": -22.5, "axis": "z", "origin": [0, 0, 0]},
			"faces": {
				"north": {"uv": [2.5, 12, 3, 12.5], "texture": "#1"},
				"east": {"uv": [12, 2.5, 12.5, 3], "texture": "#1"},
				"south": {"uv": [12, 3, 12.5, 3.5], "texture": "#1"},
				"west": {"uv": [3.5, 12, 4, 12.5], "texture": "#1"},
				"up": {"uv": [12.5, 4, 12, 3.5], "texture": "#1"},
				"down": {"uv": [4.5, 12, 4, 12.5], "texture": "#1"}
			}
		},
		{
			"from": [-4.2, 14.4, 6.1],
			"to": [-2.6, 15.4, 6.9],
			"rotation": {"angle": -45, "axis": "z", "origin": [0, 0, 0]},
			"faces": {
				"north": {"uv": [6.5, 11, 7.5, 11.5], "texture": "#1"},
				"east": {"uv": [12, 4, 12.5, 4.5], "texture": "#1"},
				"south": {"uv": [11, 6.5, 12, 7], "texture": "#1"},
				"west": {"uv": [12, 4.5, 12.5, 5], "texture": "#1"},
				"up": {"uv": [12, 7.5, 11, 7], "texture": "#1"},
				"down": {"uv": [12, 7.5, 11, 8], "texture": "#1"}
			}
		},
		{
			"from": [12.3, 6.7, 6.1],
			"to": [13.3, 8.7, 6.9],
			"rotation": {"angle": 22.5, "axis": "z", "origin": [0, 0, 0]},
			"faces": {
				"north": {"uv": [7.5, 11, 8, 12], "texture": "#1"},
				"east": {"uv": [11, 8, 11.5, 9], "texture": "#1"},
				"south": {"uv": [9, 11, 9.5, 12], "texture": "#1"},
				"west": {"uv": [9.5, 11, 10, 12], "texture": "#1"},
				"up": {"uv": [5.5, 12.5, 5, 12], "texture": "#1"},
				"down": {"uv": [12.5, 5, 12, 5.5], "texture": "#1"}
			}
		},
		{
			"from": [4.4, 12.8, 6.2],
			"to": [5.6, 13.9, 6.8],
			"rotation": {"angle": 0, "axis": "y", "origin": [0.5, 0, 0]},
			"faces": {
				"north": {"uv": [11, 9.5, 12, 10], "texture": "#1"},
				"east": {"uv": [5.5, 12, 6, 12.5], "texture": "#1"},
				"south": {"uv": [10, 11, 11, 11.5], "texture": "#1"},
				"west": {"uv": [6, 12, 6.5, 12.5], "texture": "#1"},
				"up": {"uv": [12, 10.5, 11, 10], "texture": "#1"},
				"down": {"uv": [12, 11, 11, 11.5], "texture": "#1"}
			}
		},
		{
			"from": [-2.9, 13.3, 6.2],
			"to": [1.1, 13.6, 6.8],
			"rotation": {"angle": -22.5, "axis": "z", "origin": [0.5, 0, 0]},
			"faces": {
				"north": {"uv": [5, 9.5, 7, 10], "texture": "#1"},
				"east": {"uv": [12, 6, 12.5, 6.5], "texture": "#1"},
				"south": {"uv": [10, 0, 12, 0.5], "texture": "#1"},
				"west": {"uv": [6.5, 12, 7, 12.5], "texture": "#1"},
				"up": {"uv": [12, 1, 10, 0.5], "texture": "#1"},
				"down": {"uv": [12, 1, 10, 1.5], "texture": "#1"}
			}
		},
		{
			"from": [-6.2, 12, 6.2],
			"to": [-4.2, 12.9, 6.8],
			"rotation": {"angle": -45, "axis": "z", "origin": [0.5, 0, 0]},
			"faces": {
				"north": {"uv": [0, 11.5, 1, 12], "texture": "#1"},
				"east": {"uv": [12, 6.5, 12.5, 7], "texture": "#1"},
				"south": {"uv": [1, 11.5, 2, 12], "texture": "#1"},
				"west": {"uv": [7, 12, 7.5, 12.5], "texture": "#1"},
				"up": {"uv": [12.5, 2, 11.5, 1.5], "texture": "#1"},
				"down": {"uv": [12.5, 2, 11.5, 2.5], "texture": "#1"}
			}
		},
		{
			"from": [9.8, 8.1, 6.2],
			"to": [10.8, 9.4, 6.8],
			"rotation": {"angle": 22.5, "axis": "z", "origin": [0.5, 0, 0]},
			"faces": {
				"north": {"uv": [3, 11.5, 3.5, 12.5], "texture": "#1"},
				"east": {"uv": [11.5, 3.5, 12, 4.5], "texture": "#1"},
				"south": {"uv": [4.5, 11.5, 5, 12.5], "texture": "#1"},
				"west": {"uv": [11.5, 4.5, 12, 5.5], "texture": "#1"},
				"up": {"uv": [12.5, 7.5, 12, 7], "texture": "#1"},
				"down": {"uv": [8, 12, 7.5, 12.5], "texture": "#1"}
			}
		},
		{
			"from": [2.4, 13.6, 6.2],
			"to": [4.5, 13.9, 6.8],
			"rotation": {"angle": 0, "axis": "y", "origin": [0.5, 0, 0]},
			"faces": {
				"north": {"uv": [5, 11.5, 6, 12], "texture": "#1"},
				"east": {"uv": [12, 7.5, 12.5, 8], "texture": "#1"},
				"south": {"uv": [11.5, 5.5, 12.5, 6], "texture": "#1"},
				"west": {"uv": [8, 12, 8.5, 12.5], "texture": "#1"},
				"up": {"uv": [7, 12, 6, 11.5], "texture": "#1"},
				"down": {"uv": [9, 11.5, 8, 12], "texture": "#1"}
			}
		},
		{
			"from": [-5.4, 8.2, 6.2],
			"to": [-4.4, 8.7, 6.8],
			"rotation": {"angle": -45, "axis": "z", "origin": [1, -3.6, 0]},
			"faces": {
				"north": {"uv": [8.5, 12, 9, 12.5], "texture": "#1"},
				"east": {"uv": [9, 12, 9.5, 12.5], "texture": "#1"},
				"south": {"uv": [9.5, 12, 10, 12.5], "texture": "#1"},
				"west": {"uv": [12, 9.5, 12.5, 10], "texture": "#1"},
				"up": {"uv": [10.5, 12.5, 10, 12], "texture": "#1"},
				"down": {"uv": [12.5, 10, 12, 10.5], "texture": "#1"}
			}
		},
		{
			"from": [-0.9, 9.7, 6.2],
			"to": [0.3, 10.1, 6.8],
			"rotation": {"angle": -22.5, "axis": "z", "origin": [1, -3.6, 0]},
			"faces": {
				"north": {"uv": [10.5, 12, 11, 12.5], "texture": "#1"},
				"east": {"uv": [11, 12, 11.5, 12.5], "texture": "#1"},
				"south": {"uv": [12, 11, 12.5, 11.5], "texture": "#1"},
				"west": {"uv": [11.5, 12, 12, 12.5], "texture": "#1"},
				"up": {"uv": [12.5, 12, 12, 11.5], "texture": "#1"},
				"down": {"uv": [12.5, 12, 12, 12.5], "texture": "#1"}
			}
		},
		{
			"from": [4.32, 9.4, 6.2],
			"to": [5.92, 9.8, 6.8],
			"rotation": {"angle": 0, "axis": "y", "origin": [1, -3.6, 0]},
			"faces": {
				"north": {"uv": [11.5, 8, 12.5, 8.5], "texture": "#1"},
				"east": {"uv": [0, 12.5, 0.5, 13], "texture": "#1"},
				"south": {"uv": [11.5, 8.5, 12.5, 9], "texture": "#1"},
				"west": {"uv": [0.5, 12.5, 1, 13], "texture": "#1"},
				"up": {"uv": [12.5, 9.5, 11.5, 9], "texture": "#1"},
				"down": {"uv": [11, 11.5, 10, 12], "texture": "#1"}
			}
		},
		{
			"from": [5.4, 8.9, 6.2],
			"to": [5.9, 9.4, 6.8],
			"rotation": {"angle": 0, "axis": "y", "origin": [1, -3.6, 0]},
			"faces": {
				"north": {"uv": [12.5, 0.5, 13, 1], "texture": "#1"},
				"east": {"uv": [1, 12.5, 1.5, 13], "texture": "#1"},
				"south": {"uv": [12.5, 1, 13, 1.5], "texture": "#1"},
				"west": {"uv": [1.5, 12.5, 2, 13], "texture": "#1"},
				"up": {"uv": [13, 2, 12.5, 1.5], "texture": "#1"},
				"down": {"uv": [2.5, 12.5, 2, 13], "texture": "#1"}
			}
		},
		{
			"from": [9.2, 7.1, 6.2],
			"to": [10.9, 7.5, 6.8],
			"rotation": {"angle": 22.5, "axis": "z", "origin": [1, -3.6, 0]},
			"faces": {
				"north": {"uv": [11.5, 10.5, 12.5, 11], "texture": "#1"},
				"east": {"uv": [12.5, 2, 13, 2.5], "texture": "#1"},
				"south": {"uv": [11, 11.5, 12, 12], "texture": "#1"},
				"west": {"uv": [2.5, 12.5, 3, 13], "texture": "#1"},
				"up": {"uv": [1, 12.5, 0, 12], "texture": "#1"},
				"down": {"uv": [13, 0, 12, 0.5], "texture": "#1"}
			}
		},
		{
			"from": [5.4, 9.8, 6.2],
			"to": [5.9, 10.1, 6.8],
			"rotation": {"angle": 0, "axis": "y", "origin": [1, -3.6, 0]},
			"faces": {
				"north": {"uv": [12.5, 2.5, 13, 3], "texture": "#1"},
				"east": {"uv": [3, 12.5, 3.5, 13], "texture": "#1"},
				"south": {"uv": [12.5, 3, 13, 3.5], "texture": "#1"},
				"west": {"uv": [3.5, 12.5, 4, 13], "texture": "#1"},
				"up": {"uv": [13, 4, 12.5, 3.5], "texture": "#1"},
				"down": {"uv": [4.5, 12.5, 4, 13], "texture": "#1"}
			}
		},
		{
			"from": [13.8, 2.8, 6.2],
			"to": [14.7, 3.1, 6.8],
			"rotation": {"angle": 45, "axis": "z", "origin": [1, -3.6, 0]},
			"faces": {
				"north": {"uv": [12.5, 4, 13, 4.5], "texture": "#1"},
				"east": {"uv": [4.5, 12.5, 5, 13], "texture": "#1"},
				"south": {"uv": [12.5, 4.5, 13, 5], "texture": "#1"},
				"west": {"uv": [5, 12.5, 5.5, 13], "texture": "#1"},
				"up": {"uv": [13, 5.5, 12.5, 5], "texture": "#1"},
				"down": {"uv": [6, 12.5, 5.5, 13], "texture": "#1"}
			}
		},
		{
			"from": [9.8, 4.8, 6.2],
			"to": [10.4, 6.1, 6.8],
			"rotation": {"angle": 22.5, "axis": "z", "origin": [1, -3.6, 0]},
			"faces": {
				"north": {"uv": [12.5, 5.5, 13, 6], "texture": "#1"},
				"east": {"uv": [6, 12.5, 6.5, 13], "texture": "#1"},
				"south": {"uv": [12.5, 6, 13, 6.5], "texture": "#1"},
				"west": {"uv": [6.5, 12.5, 7, 13], "texture": "#1"},
				"up": {"uv": [13, 7, 12.5, 6.5], "texture": "#1"},
				"down": {"uv": [7.5, 12.5, 7, 13], "texture": "#1"}
			}
		},
		{
			"from": [3.7, 13.1, 6.2],
			"to": [4.4, 13.6, 6.8],
			"rotation": {"angle": 0, "axis": "z", "origin": [0.5, 0, 0]},
			"faces": {
				"north": {"uv": [12.5, 7, 13, 7.5], "texture": "#1"},
				"east": {"uv": [7.5, 12.5, 8, 13], "texture": "#1"},
				"south": {"uv": [12.5, 7.5, 13, 8], "texture": "#1"},
				"west": {"uv": [8, 12.5, 8.5, 13], "texture": "#1"},
				"up": {"uv": [13, 8.5, 12.5, 8], "texture": "#1"},
				"down": {"uv": [9, 12.5, 8.5, 13], "texture": "#1"}
			}
		},
		{
			"from": [3.2, 13.4, 6.2],
			"to": [3.7, 13.6, 6.8],
			"rotation": {"angle": 0, "axis": "y", "origin": [0.5, 0, 0]},
			"faces": {
				"north": {"uv": [12.5, 8.5, 13, 9], "texture": "#1"},
				"east": {"uv": [9, 12.5, 9.5, 13], "texture": "#1"},
				"south": {"uv": [12.5, 9, 13, 9.5], "texture": "#1"},
				"west": {"uv": [9.5, 12.5, 10, 13], "texture": "#1"},
				"up": {"uv": [13, 10, 12.5, 9.5], "texture": "#1"},
				"down": {"uv": [10.5, 12.5, 10, 13], "texture": "#1"}
			}
		},
		{
			"from": [7.4, -6.6, 5.9],
			"to": [8.6, -5.5, 7.1],
			"faces": {
				"north": {"uv": [12.5, 10, 13, 10.5], "texture": "#1"},
				"east": {"uv": [10.5, 12.5, 11, 13], "texture": "#1"},
				"south": {"uv": [12.5, 10.5, 13, 11], "texture": "#1"},
				"west": {"uv": [11, 12.5, 11.5, 13], "texture": "#1"},
				"up": {"uv": [13, 11.5, 12.5, 11], "texture": "#1"},
				"down": {"uv": [12, 12.5, 11.5, 13], "texture": "#1"}
			}
		},
		{
			"from": [7.4, -13.1, 5.9],
			"to": [8.6, -12.2, 7.1],
			"faces": {
				"north": {"uv": [12.5, 11.5, 13, 12], "texture": "#1"},
				"east": {"uv": [12, 12.5, 12.5, 13], "texture": "#1"},
				"south": {"uv": [12.5, 12, 13, 12.5], "texture": "#1"},
				"west": {"uv": [12.5, 12.5, 13, 13], "texture": "#1"},
				"up": {"uv": [0.5, 13.5, 0, 13], "texture": "#1"},
				"down": {"uv": [13.5, 0, 13, 0.5], "texture": "#1"}
			}
		},
		{
			"from": [7.3, -6.3, 5.8],
			"to": [8.7, -5.8, 7.2],
			"faces": {
				"north": {"uv": [0.5, 13, 1, 13.5], "texture": "#1"},
				"east": {"uv": [13, 0.5, 13.5, 1], "texture": "#1"},
				"south": {"uv": [1, 13, 1.5, 13.5], "texture": "#1"},
				"west": {"uv": [13, 1, 13.5, 1.5], "texture": "#1"},
				"up": {"uv": [2, 13.5, 1.5, 13], "texture": "#1"},
				"down": {"uv": [13.5, 1.5, 13, 2], "texture": "#1"}
			}
		},
		{
			"from": [7.4, -12.1, 5.9],
			"to": [8.6, -11, 7.1],
			"faces": {
				"north": {"uv": [2, 13, 2.5, 13.5], "texture": "#1"},
				"east": {"uv": [13, 2, 13.5, 2.5], "texture": "#1"},
				"south": {"uv": [2.5, 13, 3, 13.5], "texture": "#1"},
				"west": {"uv": [13, 2.5, 13.5, 3], "texture": "#1"},
				"up": {"uv": [3.5, 13.5, 3, 13], "texture": "#1"},
				"down": {"uv": [13.5, 3, 13, 3.5], "texture": "#1"}
			}
		},
		{
			"from": [7.3, -11.8, 5.8],
			"to": [8.7, -11.3, 7.2],
			"faces": {
				"north": {"uv": [3.5, 13, 4, 13.5], "texture": "#1"},
				"east": {"uv": [13, 3.5, 13.5, 4], "texture": "#1"},
				"south": {"uv": [4, 13, 4.5, 13.5], "texture": "#1"},
				"west": {"uv": [13, 4, 13.5, 4.5], "texture": "#1"},
				"up": {"uv": [5, 13.5, 4.5, 13], "texture": "#1"},
				"down": {"uv": [13.5, 4.5, 13, 5], "texture": "#1"}
			}
		},
		{
			"from": [13.9, -4, 5.9],
			"to": [14.5, -3.4, 7.1],
			"rotation": {"angle": -45, "axis": "z", "origin": [0, 0, 0]},
			"faces": {
				"north": {"uv": [5, 13, 5.5, 13.5], "texture": "#1"},
				"east": {"uv": [13, 5, 13.5, 5.5], "texture": "#1"},
				"south": {"uv": [5.5, 13, 6, 13.5], "texture": "#1"},
				"west": {"uv": [13, 5.5, 13.5, 6], "texture": "#1"},
				"up": {"uv": [6.5, 13.5, 6, 13], "texture": "#1"},
				"down": {"uv": [13.5, 6, 13, 6.5], "texture": "#1"}
			}
		}
	],
	"display": {
		"thirdperson_righthand": {
			"rotation": [0, -90, 0],
			"translation": [-1.75, 14.75, 1.5]
		},
		"thirdperson_lefthand": {
			"rotation": [180, 94, -7],
			"translation": [0.25, -17.75, 2.75]
		},
		"firstperson_righthand": {
			"rotation": [0, -90, 0],
			"translation": [0, 14, 0]
		},
		"firstperson_lefthand": {
			"rotation": [0, 90, 163],
			"translation": [2.5, -10, 4]
		},
		"ground": {
			"rotation": [90, 0, 0],
			"translation": [0, -2.5, 7.5],
			"scale": [1.18, 1.18, 1.18]
		},
		"gui": {
			"rotation": [0, 0, 38],
			"translation": [-2, 3.75, 0],
			"scale": [0.65, 0.65, 0.65]
		},
		"head": {
			"rotation": [0, 0, 146],
			"translation": [-2.75, -25.5, 7],
			"scale": [1.5, 1.5, 1.5]
		},
		"fixed": {
			"rotation": [180, 0, 0],
			"translation": [0, -12.75, -4.25],
			"scale": [2.2, 2.2, 2.2]
		}
	},
	"groups": [
		{
			"name": "group",
			"origin": [0, 0, 0],
			"color": 0,
			"nbt": "{}",
			"armAnimationEnabled": false,
			"children": [0, 1, 2, 3, 4, 5, 6, 7, 8, 9, 10, 11, 12, 13, 14, 15, 16, 17, 18, 19, 20, 21, 22, 23, 24, 25, 26, 27, 28, 29, 30, 31, 32, 33, 34, 35, 36, 37, 38]
		}
	]
}