{
	"name": "horns_1",
	"menu": "_Horns",
	"author": "Anfauglir/Valaron/Jakob",
	"body_part": "head",
	"hidden_parts": [],
	"texture": "moreplayermodels:textures/horns/horns_1.png",
	"can_use_player_skin": false,
	"preview_rotation": 45,
	
	"render_type": "bedrock",
	"render_data": {
        "format_version": "1.12.0",
        "minecraft:geometry": [
            {
                "description": {
                    "identifier": "geometry.unknown",
                    "texture_width": 32,
                    "texture_height": 32,
                    "visible_bounds_width": 2,
                    "visible_bounds_height": 2.5,
                    "visible_bounds_offset": [0, 0.75, 0]
                },
                "bones": [
                    {
                        "name": "horns_1",
                        "pivot": [0, 0, 0],
                        "cubes": [
                            {"origin": [2, 6, -5], "size": [3, 3, 3], "uv": [18, 7]},
                            {"origin": [-5, 6, -5], "size": [3, 3, 3], "uv": [0, 15]},
                            {"origin": [3, 8, -6], "size": [3, 4, 3], "uv": [12, 0]},
                            {"origin": [-6, 8, -6], "size": [3, 4, 3], "uv": [9, 11]},
                            {"origin": [2, 11, -5], "size": [3, 4, 3], "uv": [0, 7]},
                            {"origin": [-5, 11, -5], "size": [3, 4, 3], "uv": [0, 0]},
                            {"origin": [2, 15, -4], "size": [2, 3, 2], "uv": [20, 16]},
                            {"origin": [-4, 15, -4], "size": [2, 3, 2], "uv": [12, 18]},
                            {"origin": [3, 18, -4], "size": [1, 1, 1], "uv": [9, 7]},
                            {"origin": [-4, 18, -4], "size": [1, 1, 1], "uv": [9, 0]}
                        ]
                    }
                ]
            }
        ]
    }
}