{
	"name": "horns_and_bird",
	"menu": "_Horns",
	"author": "Anfauglir/Valaron/Jakob",
	"body_part": "head",
	"hidden_parts": [],
	"texture": "moreplayermodels:textures/horns/horns_and_bird.png",
	"can_use_player_skin": false,
	"preview_rotation": 45,
	
	"animation_type": "NONE",
	"render_type": "bedrock",
	"render_data": {
		"format_version": "1.12.0",
		"minecraft:geometry": [
			{
				"description": {
					"identifier": "geometry.steve",
					"texture_width": 32,
					"texture_height": 32,
					"visible_bounds_width": 2,
					"visible_bounds_height": 2.5,
					"visible_bounds_offset": [0, 0.75, 0]
				},
				"bones": [
					{
						"name": "HEAD_horns",
						"pivot": [0, -0.5, -1.75],
						"rotation": [-15, 0, 0]
					},
					{
						"name": "bird",
						"parent": "HEAD_horns",
						"pivot": [3.75, 21.15, -1.75],
						"rotation": [8.77669, 15.12925, -31.46445],
						"cubes": [
							{"origin": [-0.25, 21.15, -3.75], "size": [2, 0, 3], "pivot": [3.75, 21.15, -1.75], "rotation": [0, 0, -50], "uv": [6, 6]},
							{"origin": [-1.25, 20.65, -3.75], "size": [1, 1, 1], "pivot": [3.75, 21.15, -1.75], "rotation": [0, 0, -50], "uv": [13, 0]},
							{"origin": [-1.25, 20.65, -1.75], "size": [1, 1, 1], "pivot": [3.75, 21.15, -1.75], "rotation": [0, 0, -50], "uv": [13, 0]}
						]
					},
					{
						"name": "body",
						"parent": "bird",
						"pivot": [3.75, 21.15, -1.75],
						"cubes": [
							{"origin": [0.75, 19.15, -3.75], "size": [5, 3, 3], "uv": [0, 0]},
							{"origin": [-3.25, 19.9, -3.25], "size": [4, 2, 2], "uv": [10, 10]}
						]
					},
					{
						"name": "head",
						"parent": "body",
						"pivot": [5.25, 20.65, -2.25],
						"rotation": [0, 0, 45],
						"cubes": [
							{"origin": [4.40355, 19.65, -3.75], "size": [3, 3, 3], "inflate": -0.2, "uv": [0, 6]},
							{"origin": [7.20355, 20.65, -2.75], "size": [1, 1, 1], "uv": [13, 14]}
						]
					},
					{
						"name": "wing_right",
						"parent": "body",
						"pivot": [5.75, 21.15, -3.75],
						"rotation": [5, -7.5, 0],
						"cubes": [
							{"origin": [0.75, 19.15, -3.75], "size": [5, 3, 0], "uv": [0, 12]}
						]
					},
					{
						"name": "wing_left",
						"parent": "body",
						"pivot": [5.75, 21.15, -0.75],
						"rotation": [-5, 7.5, 0],
						"cubes": [
							{"origin": [0.75, 19.15, -0.75], "size": [5, 3, 0], "uv": [0, 12]}
						]
					},
					{
						"name": "left_horn",
						"parent": "HEAD_horns",
						"pivot": [2.5, 8, -5.75],
						"rotation": [2.5, 0, 5],
						"cubes": [
							{"origin": [1.5, 6.5, -6.75], "size": [2, 3, 2], "pivot": [2.5, 8, -5.75], "rotation": [22.5, 0, 0], "uv": [14, 4]},
							{"origin": [1.5, 8.65, -6.9], "size": [2, 3, 2], "inflate": -0.1, "pivot": [2.5, 8, -5.75], "rotation": [5, 0, 0], "uv": [14, 4]},
							{"origin": [1.5, 10.35, -7.5], "size": [2, 3, 2], "inflate": -0.2, "pivot": [2.5, 8, -5.75], "rotation": [-10, 0, 0], "uv": [14, 4]},
							{"origin": [1.5, 11.6, -9.25], "size": [2, 3, 2], "inflate": -0.3, "pivot": [2.5, 8, -5.75], "rotation": [-35, 0, 0], "uv": [14, 4]},
							{"origin": [2, 12.9, -10.35], "size": [1, 3, 1], "inflate": 0.1, "pivot": [2.5, 8, -5.75], "rotation": [-52.5, 0, 0], "uv": [9, 14]},
							{"origin": [2, 13.25, -12.9], "size": [1, 3, 1], "pivot": [2.5, 8, -5.75], "rotation": [-75, 0, 0], "uv": [9, 14]},
							{"origin": [1.97199, 14.03342, -14.40798], "size": [1, 3, 1], "inflate": -0.1, "pivot": [2.5, 8, -5.75], "rotation": [-87.49052, 0.21741, -0.01423], "uv": [9, 14]}
						]
					},
					{
						"name": "right_horn",
						"parent": "HEAD_horns",
						"pivot": [-2.5, 8, -5.75],
						"rotation": [2.5, 0, -5],
						"cubes": [
							{"origin": [-3.5, 6.5, -6.75], "size": [2, 3, 2], "pivot": [-2.5, 8, -5.75], "rotation": [22.5, 0, 0], "uv": [14, 4], "mirror": true},
							{"origin": [-3.5, 8.65, -6.9], "size": [2, 3, 2], "inflate": -0.1, "pivot": [-2.5, 8, -5.75], "rotation": [5, 0, 0], "uv": [14, 4], "mirror": true},
							{"origin": [-3.5, 10.35, -7.5], "size": [2, 3, 2], "inflate": -0.2, "pivot": [-2.5, 8, -5.75], "rotation": [-10, 0, 0], "uv": [14, 4], "mirror": true},
							{"origin": [-3.5, 11.6, -9.25], "size": [2, 3, 2], "inflate": -0.3, "pivot": [-2.5, 8, -5.75], "rotation": [-35, 0, 0], "uv": [14, 4], "mirror": true},
							{"origin": [-3, 12.9, -10.35], "size": [1, 3, 1], "inflate": 0.1, "pivot": [-2.5, 8, -5.75], "rotation": [-52.5, 0, 0], "uv": [9, 14], "mirror": true},
							{"origin": [-3, 13.25, -12.9], "size": [1, 3, 1], "pivot": [-2.5, 8, -5.75], "rotation": [-75, 0, 0], "uv": [9, 14], "mirror": true},
							{"origin": [-2.97199, 14.03342, -14.40798], "size": [1, 3, 1], "inflate": -0.1, "pivot": [-2.5, 8, -5.75], "rotation": [-87.49052, -0.21741, 0.01423], "uv": [9, 14], "mirror": true}
						]
					}
				]
			}
		]
	}
}