{
	"name": "horns_9",
	"menu": "_Horns",
	"author": "Anfauglir/Valaron/Jakob",
	"body_part": "head",
	"hidden_parts": [],
	"texture": "moreplayermodels:textures/horns/horns_9.png",
	"can_use_player_skin": false,
	"preview_rotation": 45,
	
	"animation_type": "NONE",
	"render_type": "bedrock",
	"render_data": {
		"format_version": "1.12.0",
		"minecraft:geometry": [
			{
				"description": {
					"identifier": "geometry.unknown",
					"texture_width": 32,
					"texture_height": 32,
					"visible_bounds_width": 3,
					"visible_bounds_height": 2.5,
					"visible_bounds_offset": [0, 0.75, 0]
				},
				"bones": [
					{
						"name": "bone",
						"pivot": [0, 0, 0],
						"cubes": [
							{"origin": [2.8, -0.19787, 2.06498], "size": [2, 2, 3], "pivot": [3.4, -0.19787, 3.86498], "rotation": [44.28867, 58.82689, 91.83511], "uv": [7, 7]},
							{"origin": [5.08918, -1.37045, 2.89862], "size": [1, 1, 2], "pivot": [5.58918, -0.97045, 3.99862], "rotation": [39.88229, 52.03666, 74.26137], "uv": [0, 13]},
							{"origin": [2.8, 0.80213, -0.93502], "size": [2, 2, 3], "pivot": [3.4, 0.80213, 0.86498], "rotation": [44.28867, 58.82689, 91.83511], "uv": [7, 2]},
							{"origin": [5.08918, -0.37045, -0.10138], "size": [1, 1, 2], "pivot": [5.58918, 0.02955, 0.99862], "rotation": [39.88229, 52.03666, 74.26137], "uv": [10, 12]},
							{"origin": [-4.8, -0.19787, 2.06498], "size": [2, 2, 3], "pivot": [-3.4, -0.19787, 3.86498], "rotation": [44.28867, -58.82689, -91.83511], "uv": [0, 0]},
							{"origin": [-6.08918, -1.37045, 2.89862], "size": [1, 1, 2], "pivot": [-5.58918, -0.97045, 3.99862], "rotation": [39.88229, -52.03666, -74.26137], "uv": [0, 10]},
							{"origin": [-4.8, 0.80213, -0.93502], "size": [2, 2, 3], "pivot": [-3.4, 0.80213, 0.86498], "rotation": [44.28867, -58.82689, -91.83511], "uv": [0, 5]},
							{"origin": [-6.08918, -0.37045, -0.10138], "size": [1, 1, 2], "pivot": [-5.58918, 0.02955, 0.99862], "rotation": [39.88229, -52.03666, -74.26137], "uv": [4, 12]}
						]
					}
				]
			}
		]
	}
}