{
	"name": "horns_11",
	"menu": "_Horns",
	"author": "Anfauglir/Valaron/Jakob",
	"body_part": "head",
	"hidden_parts": [],
	"texture": "moreplayermodels:textures/horns/horns_11.png",
	"can_use_player_skin": false,
	"preview_rotation": 45,
	
	"animation_type": "NONE",
	"render_type": "bedrock",
	"render_data": {
		"format_version": "1.12.0",
		"minecraft:geometry": [
			{
				"description": {
					"identifier": "geometry.steve",
					"texture_width": 32,
					"texture_height": 32,
					"visible_bounds_width": 2,
					"visible_bounds_height": 2.5,
					"visible_bounds_offset": [0, 0.75, 0]
				},
				"bones": [
					{
						"name": "HEAD_horns",
						"pivot": [0, -0.5, -1.75],
						"rotation": [-15, 0, 0]
					},
					{
						"name": "left_horn",
						"parent": "HEAD_horns",
						"pivot": [2.5, 8, -5.75],
						"rotation": [2.5, 0, 5],
						"cubes": [
							{"origin": [1.5, 6.5, -6.75], "size": [2, 3, 2], "pivot": [2.5, 8, -5.75], "rotation": [22.5, 0, 0], "uv": [0, 15]},
							{"origin": [1.5, 8.65, -6.9], "size": [2, 3, 2], "inflate": -0.1, "pivot": [2.5, 8, -5.75], "rotation": [5, 0, 0], "uv": [14, 13]},
							{"origin": [1.5, 10.35, -7.5], "size": [2, 3, 2], "inflate": -0.2, "pivot": [2.5, 8, -5.75], "rotation": [-10, 0, 0], "uv": [8, 10]},
							{"origin": [1.5, 11.6, -9.25], "size": [2, 3, 2], "inflate": -0.3, "pivot": [2.5, 8, -5.75], "rotation": [-35, 0, 0], "uv": [0, 10]},
							{"origin": [2, 12.9, -10.35], "size": [1, 3, 1], "inflate": 0.1, "pivot": [2.5, 8, -5.75], "rotation": [-52.5, 0, 0], "uv": [15, 18]},
							{"origin": [2, 13.25, -12.9], "size": [1, 3, 1], "pivot": [2.5, 8, -5.75], "rotation": [-75, 0, 0], "uv": [11, 18]},
							{"origin": [1.97199, 14.03342, -14.40798], "size": [1, 3, 1], "inflate": -0.1, "pivot": [2.5, 8, -5.75], "rotation": [-87.49052, 0.21741, -0.01423], "uv": [16, 8]}
						]
					},
					{
						"name": "right_horn",
						"parent": "HEAD_horns",
						"pivot": [-2.5, 8, -5.75],
						"rotation": [2.5, 0, -5],
						"cubes": [
							{"origin": [-3.5, 6.5, -6.75], "size": [2, 3, 2], "pivot": [-2.5, 8, -5.75], "rotation": [22.5, 0, 0], "uv": [8, 5], "mirror": true},
							{"origin": [-3.5, 8.65, -6.9], "size": [2, 3, 2], "inflate": -0.1, "pivot": [-2.5, 8, -5.75], "rotation": [5, 0, 0], "uv": [8, 0], "mirror": true},
							{"origin": [-3.5, 10.35, -7.5], "size": [2, 3, 2], "inflate": -0.2, "pivot": [-2.5, 8, -5.75], "rotation": [-10, 0, 0], "uv": [0, 5], "mirror": true},
							{"origin": [-3.5, 11.6, -9.25], "size": [2, 3, 2], "inflate": -0.3, "pivot": [-2.5, 8, -5.75], "rotation": [-35, 0, 0], "uv": [0, 0], "mirror": true},
							{"origin": [-3, 12.9, -10.35], "size": [1, 3, 1], "inflate": 0.1, "pivot": [-2.5, 8, -5.75], "rotation": [-52.5, 0, 0], "uv": [16, 4], "mirror": true},
							{"origin": [-3, 13.25, -12.9], "size": [1, 3, 1], "pivot": [-2.5, 8, -5.75], "rotation": [-75, 0, 0], "uv": [16, 0], "mirror": true},
							{"origin": [-2.97199, 14.03342, -14.40798], "size": [1, 3, 1], "inflate": -0.1, "pivot": [-2.5, 8, -5.75], "rotation": [-87.49052, -0.21741, 0.01423], "uv": [8, 15], "mirror": true}
						]
					}
				]
			}
		]
	}
}