{
	"credit": "Made with Blockbench",
	"texture_size": [4, 4],
	"textures": {
		"0": "item/2ndcas",
		"1": "item/e2ndcas",
		"particle": "item/2ndcas"
	},
	"elements": [
		{
			"from": [-0.2, 1.6, -0.2],
			"to": [0.2, 5.1, 0.2],
			"faces": {
				"north": {"uv": [4, 0, 4.5, 3.5], "texture": "#0"},
				"east": {"uv": [4, 4, 4.5, 7.5], "texture": "#0"},
				"south": {"uv": [5, 0, 5.5, 3.5], "texture": "#0"},
				"west": {"uv": [5, 4, 5.5, 7.5], "texture": "#0"},
				"up": {"uv": [8.5, 6.5, 8, 6], "texture": "#0"},
				"down": {"uv": [7.5, 8, 7, 8.5], "texture": "#0"}
			}
		},
		{
			"from": [-0.25, 4.96, -0.6],
			"to": [0.25, 5.31, 0.6],
			"rotation": {"angle": 0, "axis": "y", "origin": [0.1, -0.3, 0]},
			"faces": {
				"north": {"uv": [11, 6, 11.5, 6.25], "texture": "#0"},
				"east": {"uv": [5, 8, 6.25, 8.25], "texture": "#0"},
				"south": {"uv": [7, 11, 7.5, 11.25], "texture": "#0"},
				"west": {"uv": [8, 5, 9.25, 5.25], "texture": "#0"},
				"up": {"uv": [6.5, 5.25, 6, 4], "texture": "#0"},
				"down": {"uv": [6.5, 6, 6, 7.25], "texture": "#0"}
			}
		},
		{
			"from": [-0.15, 4.9, 3.39],
			"to": [0.15, 5.2, 4],
			"rotation": {"angle": -22.5, "axis": "x", "origin": [0.1, -0.4, 2.1]},
			"faces": {
				"north": {"uv": [10, 12, 10.25, 12.25], "texture": "#0"},
				"east": {"uv": [11, 7, 11.5, 7.25], "texture": "#0"},
				"south": {"uv": [12, 10, 12.25, 10.25], "texture": "#0"},
				"west": {"uv": [8, 11, 8.5, 11.25], "texture": "#0"},
				"up": {"uv": [11.25, 8.5, 11, 8], "texture": "#0"},
				"down": {"uv": [9.25, 11, 9, 11.5], "texture": "#0"}
			}
		},
		{
			"from": [-0.15, 3.3, -3.67],
			"to": [0.15, 3.6, -3.07],
			"rotation": {"angle": 22.5, "axis": "x", "origin": [0.1, -0.4, 2.1]},
			"faces": {
				"north": {"uv": [11, 12, 11.25, 12.25], "texture": "#0"},
				"east": {"uv": [11, 9, 11.5, 9.25], "texture": "#0"},
				"south": {"uv": [12, 11, 12.25, 11.25], "texture": "#0"},
				"west": {"uv": [10, 11, 10.5, 11.25], "texture": "#0"},
				"up": {"uv": [11.25, 10.5, 11, 10], "texture": "#0"},
				"down": {"uv": [11.25, 11, 11, 11.5], "texture": "#0"}
			}
		},
		{
			"from": [-0.05, 5.5, -0.5],
			"to": [0.05, 14.1, 0.5],
			"rotation": {"angle": 0, "axis": "y", "origin": [0, -1, 0]},
			"faces": {
				"north": {"uv": [2, 0, 2.25, 8.5], "texture": "#0"},
				"east": {"uv": [0, 0, 1, 8.5], "texture": "#0"},
				"south": {"uv": [3, 0, 3.25, 8.5], "texture": "#0"},
				"west": {"uv": [1, 0, 2, 8.5], "texture": "#0"},
				"up": {"uv": [8.25, 8, 8, 7], "texture": "#0"},
				"down": {"uv": [8.25, 8, 8, 9], "texture": "#0"}
			}
		},
		{
			"from": [-0.05, 12.75, -6.24],
			"to": [0.05, 13.75, -6.04],
			"rotation": {"angle": 22.5, "axis": "x", "origin": [0, -1, 0]},
			"faces": {
				"north": {"uv": [0, 9, 0.25, 10], "texture": "#0"},
				"east": {"uv": [1, 9, 1.25, 10], "texture": "#0"},
				"south": {"uv": [2, 9, 2.25, 10], "texture": "#0"},
				"west": {"uv": [9, 2, 9.25, 3], "texture": "#0"},
				"up": {"uv": [12.25, 12.25, 12, 12], "texture": "#0"},
				"down": {"uv": [0.25, 13, 0, 13.25], "texture": "#0"}
			}
		},
		{
			"from": [-0.05, 12.75, 6.04],
			"to": [0.05, 13.75, 6.24],
			"rotation": {"angle": -22.5, "axis": "x", "origin": [0, -1, 0]},
			"faces": {
				"north": {"uv": [3, 9, 3.25, 10], "texture": "#0"},
				"east": {"uv": [9, 3, 9.25, 4], "texture": "#0"},
				"south": {"uv": [4, 9, 4.25, 10], "texture": "#0"},
				"west": {"uv": [9, 4, 9.25, 5], "texture": "#0"},
				"up": {"uv": [13.25, 0.25, 13, 0], "texture": "#0"},
				"down": {"uv": [1.25, 13, 1, 13.25], "texture": "#0"}
			}
		},
		{
			"from": [-0.05, 10.24, -11.41],
			"to": [0.05, 10.411, -11.235],
			"rotation": {"angle": 45, "axis": "x", "origin": [0, -1, 0]},
			"faces": {
				"north": {"uv": [13, 1, 13.25, 1.25], "texture": "#0"},
				"east": {"uv": [2, 13, 2.25, 13.25], "texture": "#0"},
				"south": {"uv": [13, 2, 13.25, 2.25], "texture": "#0"},
				"west": {"uv": [3, 13, 3.25, 13.25], "texture": "#0"},
				"up": {"uv": [13.25, 3.25, 13, 3], "texture": "#0"},
				"down": {"uv": [4.25, 13, 4, 13.25], "texture": "#0"}
			}
		},
		{
			"from": [-0.049, 12.75, 5.84],
			"to": [0.0508, 13.65, 6.04],
			"rotation": {"angle": -22.5, "axis": "x", "origin": [0, -1, 0]},
			"faces": {
				"north": {"uv": [5, 9, 5.25, 10], "texture": "#0"},
				"east": {"uv": [6, 9, 6.25, 10], "texture": "#0"},
				"south": {"uv": [9, 6, 9.25, 7], "texture": "#0"},
				"west": {"uv": [7, 9, 7.25, 10], "texture": "#0"},
				"up": {"uv": [13.25, 4.25, 13, 4], "texture": "#0"},
				"down": {"uv": [5.25, 13, 5, 13.25], "texture": "#0"}
			}
		},
		{
			"from": [-0.049, 12.75, 5.44],
			"to": [0.0508, 13.15, 5.84],
			"rotation": {"angle": -22.5, "axis": "x", "origin": [0, -1, 0]},
			"faces": {
				"north": {"uv": [0, 12, 0.25, 12.5], "texture": "#0"},
				"east": {"uv": [9, 7, 9.5, 7.5], "texture": "#0"},
				"south": {"uv": [12, 0, 12.25, 0.5], "texture": "#0"},
				"west": {"uv": [8, 9, 8.5, 9.5], "texture": "#0"},
				"up": {"uv": [1.25, 12.5, 1, 12], "texture": "#0"},
				"down": {"uv": [12.25, 1, 12, 1.5], "texture": "#0"}
			}
		},
		{
			"from": [-0.049, 13.15, 5.54],
			"to": [0.0508, 13.35, 5.74],
			"rotation": {"angle": -22.5, "axis": "x", "origin": [0, -1, 0]},
			"faces": {
				"north": {"uv": [13, 5, 13.25, 5.25], "texture": "#0"},
				"east": {"uv": [6, 13, 6.25, 13.25], "texture": "#0"},
				"south": {"uv": [13, 6, 13.25, 6.25], "texture": "#0"},
				"west": {"uv": [7, 13, 7.25, 13.25], "texture": "#0"},
				"up": {"uv": [13.25, 7.25, 13, 7], "texture": "#0"},
				"down": {"uv": [8.25, 13, 8, 13.25], "texture": "#0"}
			}
		},
		{
			"from": [-0.049, 13.15, 5.74],
			"to": [0.0508, 13.45, 5.84],
			"rotation": {"angle": -22.5, "axis": "x", "origin": [0, -1, 0]},
			"faces": {
				"north": {"uv": [13, 8, 13.25, 8.25], "texture": "#0"},
				"east": {"uv": [9, 13, 9.25, 13.25], "texture": "#0"},
				"south": {"uv": [13, 9, 13.25, 9.25], "texture": "#0"},
				"west": {"uv": [10, 13, 10.25, 13.25], "texture": "#0"},
				"up": {"uv": [13.25, 10.25, 13, 10], "texture": "#0"},
				"down": {"uv": [11.25, 13, 11, 13.25], "texture": "#0"}
			}
		},
		{
			"from": [-0.175, 5, -1.3],
			"to": [0.175, 5.3, 1.3],
			"rotation": {"angle": 0, "axis": "y", "origin": [0.1, -0.3, 0]},
			"faces": {
				"north": {"uv": [13, 11, 13.25, 11.25], "texture": "#0"},
				"east": {"uv": [7, 0, 9.5, 0.25], "texture": "#0"},
				"south": {"uv": [12, 13, 12.25, 13.25], "texture": "#0"},
				"west": {"uv": [7, 1, 9.5, 1.25], "texture": "#0"},
				"up": {"uv": [7.25, 4.5, 7, 2], "texture": "#0"},
				"down": {"uv": [7.25, 5, 7, 7.5], "texture": "#0"}
			}
		},
		{
			"from": [-0.05, 5.5, -2.5],
			"to": [0.05, 6.2, -2.2],
			"rotation": {"angle": 22.5, "axis": "x", "origin": [0, -1, 0]},
			"faces": {
				"north": {"uv": [7, 10, 7.25, 10.75], "texture": "#0"},
				"east": {"uv": [10, 7, 10.25, 7.75], "texture": "#0"},
				"south": {"uv": [8, 10, 8.25, 10.75], "texture": "#0"},
				"west": {"uv": [10, 8, 10.25, 8.75], "texture": "#0"},
				"up": {"uv": [13.25, 12.25, 13, 12], "texture": "#0"},
				"down": {"uv": [13.25, 13, 13, 13.25], "texture": "#0"}
			}
		},
		{
			"from": [-0.05, 6.49, 0.425],
			"to": [0.05, 6.99, 0.725],
			"rotation": {"angle": 0, "axis": "x", "origin": [0, -1, 0]},
			"faces": {
				"north": {"uv": [2, 12, 2.25, 12.5], "texture": "#0"},
				"east": {"uv": [12, 2, 12.25, 2.5], "texture": "#0"},
				"south": {"uv": [3, 12, 3.25, 12.5], "texture": "#0"},
				"west": {"uv": [12, 3, 12.25, 3.5], "texture": "#0"},
				"up": {"uv": [0.25, 14.25, 0, 14], "texture": "#0"},
				"down": {"uv": [14.25, 0, 14, 0.25], "texture": "#0"}
			}
		},
		{
			"from": [-0.05, 6.1, 3.425],
			"to": [0.05, 6.8, 3.725],
			"rotation": {"angle": -22.5, "axis": "x", "origin": [0, -1, 0]},
			"faces": {
				"north": {"uv": [9, 10, 9.25, 10.75], "texture": "#0"},
				"east": {"uv": [10, 9, 10.25, 9.75], "texture": "#0"},
				"south": {"uv": [10, 10, 10.25, 10.75], "texture": "#0"},
				"west": {"uv": [0, 11, 0.25, 11.75], "texture": "#0"},
				"up": {"uv": [1.25, 14.25, 1, 14], "texture": "#0"},
				"down": {"uv": [14.25, 1, 14, 1.25], "texture": "#0"}
			}
		},
		{
			"from": [-0.05, 6.49, -0.775],
			"to": [0.05, 6.99, -0.475],
			"rotation": {"angle": 0, "axis": "y", "origin": [0, -1, -1.2]},
			"faces": {
				"north": {"uv": [4, 12, 4.25, 12.5], "texture": "#0"},
				"east": {"uv": [12, 4, 12.25, 4.5], "texture": "#0"},
				"south": {"uv": [5, 12, 5.25, 12.5], "texture": "#0"},
				"west": {"uv": [12, 5, 12.25, 5.5], "texture": "#0"},
				"up": {"uv": [2.25, 14.25, 2, 14], "texture": "#0"},
				"down": {"uv": [14.25, 2, 14, 2.25], "texture": "#0"}
			}
		},
		{
			"from": [-0.05, 6.545, -3.866],
			"to": [0.05, 7.345, -3.566],
			"rotation": {"angle": 22.5, "axis": "x", "origin": [0, -1, -1.2]},
			"faces": {
				"north": {"uv": [11, 0, 11.25, 0.75], "texture": "#0"},
				"east": {"uv": [1, 11, 1.25, 11.75], "texture": "#0"},
				"south": {"uv": [11, 1, 11.25, 1.75], "texture": "#0"},
				"west": {"uv": [2, 11, 2.25, 11.75], "texture": "#0"},
				"up": {"uv": [3.25, 14.25, 3, 14], "texture": "#0"},
				"down": {"uv": [14.25, 3, 14, 3.25], "texture": "#0"}
			}
		},
		{
			"from": [-0.05, 5.06, 2.06],
			"to": [0.05, 5.76, 2.36],
			"rotation": {"angle": -22.5, "axis": "x", "origin": [0, -1, -1.2]},
			"faces": {
				"north": {"uv": [11, 2, 11.25, 2.75], "texture": "#0"},
				"east": {"uv": [3, 11, 3.25, 11.75], "texture": "#0"},
				"south": {"uv": [11, 3, 11.25, 3.75], "texture": "#0"},
				"west": {"uv": [4, 11, 4.25, 11.75], "texture": "#0"},
				"up": {"uv": [4.25, 14.25, 4, 14], "texture": "#0"},
				"down": {"uv": [14.25, 4, 14, 4.25], "texture": "#0"}
			}
		},
		{
			"from": [-0.15, 3.96, 2.46],
			"to": [0.15, 4.46, 3.16],
			"rotation": {"angle": -22.5, "axis": "x", "origin": [0, -1, -1.2]},
			"faces": {
				"north": {"uv": [6, 12, 6.25, 12.5], "texture": "#0"},
				"east": {"uv": [8, 2, 8.75, 2.5], "texture": "#0"},
				"south": {"uv": [12, 6, 12.25, 6.5], "texture": "#0"},
				"west": {"uv": [8, 3, 8.75, 3.5], "texture": "#0"},
				"up": {"uv": [11.25, 4.75, 11, 4], "texture": "#0"},
				"down": {"uv": [5.25, 11, 5, 11.75], "texture": "#0"}
			}
		},
		{
			"from": [-0.15, 2.375, 3.92],
			"to": [0.15, 3.375, 4.92],
			"rotation": {"angle": -45, "axis": "x", "origin": [0, -1, -1.2]},
			"faces": {
				"north": {"uv": [9, 8, 9.25, 9], "texture": "#0"},
				"east": {"uv": [6, 0, 7, 1], "texture": "#0"},
				"south": {"uv": [9, 9, 9.25, 10], "texture": "#0"},
				"west": {"uv": [6, 1, 7, 2], "texture": "#0"},
				"up": {"uv": [0.25, 11, 0, 10], "texture": "#0"},
				"down": {"uv": [10.25, 0, 10, 1], "texture": "#0"}
			}
		},
		{
			"from": [-0.15, 4.91, -3.28],
			"to": [0.15, 5.41, -2.58],
			"rotation": {"angle": 22.5, "axis": "x", "origin": [0, -1, -1.2]},
			"faces": {
				"north": {"uv": [7, 12, 7.25, 12.5], "texture": "#0"},
				"east": {"uv": [4, 8, 4.75, 8.5], "texture": "#0"},
				"south": {"uv": [12, 7, 12.25, 7.5], "texture": "#0"},
				"west": {"uv": [8, 4, 8.75, 4.5], "texture": "#0"},
				"up": {"uv": [11.25, 5.75, 11, 5], "texture": "#0"},
				"down": {"uv": [6.25, 11, 6, 11.75], "texture": "#0"}
			}
		},
		{
			"from": [-0.25, 1.54, -0.3],
			"to": [0.25, 1.84, 0.3],
			"faces": {
				"north": {"uv": [8, 12, 8.5, 12.25], "texture": "#0"},
				"east": {"uv": [12, 8, 12.5, 8.25], "texture": "#0"},
				"south": {"uv": [9, 12, 9.5, 12.25], "texture": "#0"},
				"west": {"uv": [12, 9, 12.5, 9.25], "texture": "#0"},
				"up": {"uv": [1.5, 10.5, 1, 10], "texture": "#0"},
				"down": {"uv": [10.5, 1, 10, 1.5], "texture": "#0"}
			}
		},
		{
			"from": [-0.2, 0.9, 0.9],
			"to": [0.2, 1.3, 1.3],
			"rotation": {"angle": -45, "axis": "x", "origin": [0, 0, 0]},
			"faces": {
				"north": {"uv": [2, 10, 2.5, 10.5], "texture": "#0"},
				"east": {"uv": [10, 2, 10.5, 2.5], "texture": "#0"},
				"south": {"uv": [3, 10, 3.5, 10.5], "texture": "#0"},
				"west": {"uv": [10, 3, 10.5, 3.5], "texture": "#0"},
				"up": {"uv": [4.5, 10.5, 4, 10], "texture": "#0"},
				"down": {"uv": [10.5, 4, 10, 4.5], "texture": "#0"}
			}
		},
		{
			"from": [-0.155, 2.375, 3.92],
			"to": [0.155, 3.375, 4.92],
			"rotation": {"angle": -45, "axis": "x", "origin": [0, -1, -1.2]},
			"faces": {
				"north": {"uv": [4, 0, 5.25, 4], "texture": "#1"},
				"east": {"uv": [0, 0, 4, 4], "texture": "#1"},
				"south": {"uv": [4, 4, 5.25, 8], "texture": "#1"},
				"west": {"uv": [0, 4, 4, 8], "texture": "#1"},
				"up": {"uv": [1.25, 12, 0, 8], "texture": "#1"},
				"down": {"uv": [9.25, 0, 8, 4], "texture": "#1"}
			}
		}
	],
	"display": {
		"thirdperson_righthand": {
			"translation": [14, 5.75, 15.25],
			"scale": [1.73, 1.73, 1.73]
		},
		"thirdperson_lefthand": {
			"rotation": [172, 0, -6],
			"translation": [-14.95, -8.5, -12.7],
			"scale": [1.73, 1.73, 1.73]
		},
		"firstperson_righthand": {
			"rotation": [-6, -11, 10],
			"translation": [10, 9.5, 16.5],
			"scale": [1.6, 1.6, 1.6]
		},
		"firstperson_lefthand": {
			"rotation": [130, 17, 3],
			"translation": [-11, -10, -2],
			"scale": [1.6, 1.49, 1.6]
		},
		"ground": {
			"rotation": [0, 0, 90],
			"translation": [1, 13, 15.75],
			"scale": [1.94, 1.94, 1.94]
		},
		"gui": {
			"rotation": [-88, 45, 90],
			"translation": [8.25, 8.75, 0],
			"scale": [1.46, 1.46, 1.46]
		},
		"head": {
			"rotation": [-58, 0, 0],
			"translation": [8.25, 12.3, -10.5],
			"scale": [1, 4, 1]
		},
		"fixed": {
			"rotation": [0, -90, 0],
			"translation": [-27.5, 0, 26.75],
			"scale": [3.46, 3.46, 3.46]
		}
	},
	"groups": [
		{
			"name": "group",
			"origin": [0, -1, -1.2],
			"color": 0,
			"children": [0, 1, 2, 3, 4, 5, 6, 7, 8, 9, 10, 11, 12, 13, 14, 15, 16, 17, 18, 19, 20, 21, 22, 23, 24]
		}
	]
}