{
	"credit": "Made with Blockbench",
	"texture_size": [64, 64],
	"textures": {
		"0": "item/schierke_hat",
		"1": "item/schierke_hair12",
		"particle": "item/schierke_hat"
	},
	"elements": [
		{
			"from": [13.8, 9.26, 11.5],
			"to": [16.2, 11.06, 14.2],
			"rotation": {"angle": -22.5, "axis": "y", "origin": [0, 0.4, -1.4]},
			"faces": {
				"north": {"uv": [7.25, 6.75, 7.75, 7.25], "texture": "#0"},
				"east": {"uv": [0, 6.75, 0.75, 7.25], "texture": "#0"},
				"south": {"uv": [7.25, 7.25, 7.75, 7.75], "texture": "#0"},
				"west": {"uv": [0.75, 6.75, 1.5, 7.25], "texture": "#0"},
				"up": {"uv": [2, 7.5, 1.5, 6.75], "texture": "#0"},
				"down": {"uv": [3.5, 6.75, 3, 7.5], "texture": "#0"}
			}
		},
		{
			"from": [2, 1.9, 2],
			"to": [14, 2, 14],
			"rotation": {"angle": 0, "axis": "y", "origin": [0, 1.9, 0]},
			"faces": {
				"north": {"uv": [6, 5.25, 9, 5.5], "texture": "#0"},
				"east": {"uv": [6.5, 3, 9.5, 3.25], "texture": "#0"},
				"south": {"uv": [6.5, 3.25, 9.5, 3.5], "texture": "#0"},
				"west": {"uv": [6.5, 3.5, 9.5, 3.75], "texture": "#0"},
				"up": {"uv": [3, 3, 0, 0], "texture": "#0"},
				"down": {"uv": [3, 3, 0, 6], "texture": "#0"}
			}
		},
		{
			"from": [3.9, 2, 3.9],
			"to": [12.1, 5, 12.1],
			"rotation": {"angle": 0, "axis": "y", "origin": [0, 1, 0]},
			"faces": {
				"north": {"uv": [4.5, 5.5, 6.5, 6.25], "texture": "#0"},
				"east": {"uv": [0, 6, 2, 6.75], "texture": "#0"},
				"south": {"uv": [6, 3.75, 8, 4.5], "texture": "#0"},
				"west": {"uv": [6, 4.5, 8, 5.25], "texture": "#0"},
				"up": {"uv": [5, 2, 3, 0], "texture": "#0"},
				"down": {"uv": [5, 2, 3, 4], "texture": "#0"}
			}
		},
		{
			"from": [4.9, 6, 2.9],
			"to": [11.1, 11, 9.1],
			"rotation": {"angle": 22.5, "axis": "x", "origin": [0, 1, 0]},
			"faces": {
				"north": {"uv": [5, 0, 6.5, 1.25], "texture": "#0"},
				"east": {"uv": [5, 1.25, 6.5, 2.5], "texture": "#0"},
				"south": {"uv": [5, 2.5, 6.5, 3.75], "texture": "#0"},
				"west": {"uv": [3, 5.5, 4.5, 6.75], "texture": "#0"},
				"up": {"uv": [4.5, 5.5, 3, 4], "texture": "#0"},
				"down": {"uv": [6, 4, 4.5, 5.5], "texture": "#0"}
			}
		},
		{
			"from": [5.9, 11, -0.2],
			"to": [10.1, 15, 4],
			"rotation": {"angle": 45, "axis": "x", "origin": [0, 1, 0]},
			"faces": {
				"north": {"uv": [2, 6, 3, 7], "texture": "#0"},
				"east": {"uv": [4.5, 6.25, 5.5, 7.25], "texture": "#0"},
				"south": {"uv": [5.5, 6.25, 6.5, 7.25], "texture": "#0"},
				"west": {"uv": [6.5, 0, 7.5, 1], "texture": "#0"},
				"up": {"uv": [7.5, 2, 6.5, 1], "texture": "#0"},
				"down": {"uv": [7.5, 2, 6.5, 3], "texture": "#0"}
			}
		},
		{
			"from": [6.6, 3.5, 13],
			"to": [9.4, 5.7, 15.5],
			"rotation": {"angle": -22.5, "axis": "x", "origin": [0, 1, 0]},
			"faces": {
				"north": {"uv": [3.5, 6.75, 4.25, 7.25], "texture": "#0"},
				"east": {"uv": [2, 7, 2.75, 7.5], "texture": "#0"},
				"south": {"uv": [6.5, 7, 7.25, 7.5], "texture": "#0"},
				"west": {"uv": [0, 7.25, 0.75, 7.75], "texture": "#0"},
				"up": {"uv": [7.25, 6.25, 6.5, 5.5], "texture": "#0"},
				"down": {"uv": [7.25, 6.25, 6.5, 7], "texture": "#0"}
			}
		},
		{
			"from": [6.8, 9.06, 12.5],
			"to": [9.2, 11.26, 15.2],
			"rotation": {"angle": 0, "axis": "y", "origin": [0, 0.4, -1.4]},
			"faces": {
				"north": {"uv": [7.5, 0, 8, 0.5], "texture": "#0"},
				"east": {"uv": [0.75, 7.25, 1.5, 7.75], "texture": "#0"},
				"south": {"uv": [7.5, 0.5, 8, 1], "texture": "#0"},
				"west": {"uv": [3.5, 7.25, 4.25, 7.75], "texture": "#0"},
				"up": {"uv": [4.75, 8, 4.25, 7.25], "texture": "#0"},
				"down": {"uv": [5.25, 7.25, 4.75, 8], "texture": "#0"}
			}
		},
		{
			"from": [-0.06, 9.16, 16.5],
			"to": [2.34, 11.16, 19.2],
			"rotation": {"angle": 22.5, "axis": "y", "origin": [0, 0.4, -1.4]},
			"faces": {
				"north": {"uv": [7.5, 1, 8, 1.5], "texture": "#0"},
				"east": {"uv": [5.25, 7.25, 6, 7.75], "texture": "#0"},
				"south": {"uv": [1.5, 7.5, 2, 8], "texture": "#0"},
				"west": {"uv": [7.25, 5.5, 8, 6], "texture": "#0"},
				"up": {"uv": [6.5, 8, 6, 7.25], "texture": "#0"},
				"down": {"uv": [7.75, 6, 7.25, 6.75], "texture": "#0"}
			}
		},
		{
			"name": "head",
			"from": [4, -3.1, 4],
			"to": [12, 4.9, 12],
			"faces": {
				"north": {"uv": [2, 2, 4, 4], "texture": "#1"},
				"east": {"uv": [0, 2, 2, 4], "texture": "#1"},
				"south": {"uv": [6, 2, 8, 4], "texture": "#1"},
				"west": {"uv": [4, 2, 6, 4], "texture": "#1"},
				"up": {"uv": [4, 2, 2, 0], "texture": "#1"},
				"down": {"uv": [6, 0, 4, 2], "texture": "#1"}
			}
		},
		{
			"name": "headwear",
			"from": [3.7, -3.7, 3.7],
			"to": [12.3, 5.3, 12.3],
			"faces": {
				"north": {"uv": [10, 2, 12, 4], "texture": "#1"},
				"east": {"uv": [8, 2, 10, 4], "texture": "#1"},
				"south": {"uv": [14, 2, 16, 4], "texture": "#1"},
				"west": {"uv": [12, 2, 14, 4], "texture": "#1"},
				"up": {"uv": [12, 2, 10, 0], "texture": "#1"},
				"down": {"uv": [14, 0, 12, 2], "texture": "#1"}
			}
		}
	],
	"display": {
		"thirdperson_righthand": {
			"rotation": [0, 51, 0],
			"translation": [0, 8.5, 0]
		},
		"thirdperson_lefthand": {
			"rotation": [0, 51, 0],
			"translation": [0, 8.5, 0]
		},
		"firstperson_righthand": {
			"rotation": [0, 51, 0],
			"translation": [0, 8.5, 0]
		},
		"firstperson_lefthand": {
			"rotation": [0, 51, 0],
			"translation": [0, 8.5, 0]
		},
		"ground": {
			"translation": [0, 4.5, 0]
		},
		"gui": {
			"rotation": [18, 128, 0],
			"translation": [-0.25, 3, 0],
			"scale": [0.83, 0.83, 0.83]
		},
		"head": {
			"translation": [0, 12.85, 0],
			"scale": [1.85, 1.85, 1.85]
		},
		"fixed": {
			"rotation": [-90, 0, 0],
			"translation": [0, 0, -17],
			"scale": [2, 2, 2]
		}
	},
	"groups": [
		{
			"name": "group",
			"origin": [8, 8, 8],
			"color": 0,
			"nbt": "{}",
			"armAnimationEnabled": false,
			"children": [0, 1, 2, 3, 4, 5, 6, 7]
		},
		{
			"name": "head",
			"origin": [0, 24, 0],
			"color": 0,
			"nbt": "{}",
			"armAnimationEnabled": false,
			"children": [8]
		},
		{
			"name": "headwear",
			"origin": [0, 24, 0],
			"color": 0,
			"nbt": "{}",
			"armAnimationEnabled": false,
			"children": [9]
		}
	]
}