{
	"name": "bag_a",
	"menu": "_Bags",
	"author": "Anfauglir/Valaron/Jakob",
	"body_part": "body",
	"hidden_parts": [],
    "parent": "moreplayermodels:parts/bags/bag.json",
	"texture": "moreplayermodels:textures/bags/bag.png",
	"can_use_player_skin": false,
	"preview_rotation": 225,

	"render_type": "bedrock",
	"render_data": {
        "format_version": "1.12.0",
        "minecraft:geometry": [
            {
                "description": {
                    "identifier": "geometry.unknown",
                    "texture_width": 32,
                    "texture_height": 32,
                    "visible_bounds_width": 3,
                    "visible_bounds_height": 2,
                    "visible_bounds_offset": [0, 0, 0]
                },
                "bones": [
                    {
                        "name": "body",
                        "pivot": [0, 0, 0]
                    },
                    {
                        "name": "bag",
                        "parent": "body",
                        "pivot": [-1.94225, -7.81832, 3.5904],
                        "rotation": [0, -2.5, 0],
                        "cubes": [
                            {"origin": [-4.5, -11, 2], "size": [6, 6, 3], "uv": [0, 0], "mirror": true},
                            {"origin": [1.5, -10, 2.5], "size": [1, 3, 2], "uv": [18, 0], "mirror": true},
                            {"origin": [1.5, -9, 3], "size": [1, 2, 1], "inflate": 0.1, "uv": [18, 5], "mirror": true},
                            {"origin": [-4, -6.85, 2], "size": [5, 2, 3], "inflate": 0.1, "pivot": [-1.5, -6, 3.5], "rotation": [0, 0, 5], "uv": [0, 9], "mirror": true},
                            {"origin": [-5, -12.5, 2.5], "size": [7, 2, 2], "uv": [0, 14], "mirror": true},
                            {"origin": [-5.5, -12, 3], "size": [8, 1, 1], "uv": [0, 18], "mirror": true},
                            {"origin": [-6, -7.25, 3.5], "size": [4, 1, 1], "pivot": [-1.5, -4.5, 3.5], "rotation": [-3.85625, 13.97399, 39.28017], "uv": [15, 9], "mirror": true},
                            {"origin": [-6.20815, -6.21535, 2.78104], "size": [3, 1, 1], "pivot": [-3.70815, -4.96535, 4.28104], "rotation": [-9.18371, 1.00509, 35.5228], "uv": [16, 14], "mirror": true}
                        ]
                    }
                ]
            }
        ]
    }
}