{
	"name": "book",
	"menu": "_Bags",
	"author": "Anfauglir/Valaron/Jakob",
	"body_part": "body",
	"hidden_parts": [],
	"texture": "moreplayermodels:textures/bags/book.png",
	"can_use_player_skin": false,
	"preview_rotation": 225,

	"render_type": "bedrock",
	"render_data": {
        "format_version": "1.12.0",
        "minecraft:geometry": [
            {
                "description": {
                    "identifier": "geometry.unknown",
                    "texture_width": 32,
                    "texture_height": 32,
                    "visible_bounds_width": 2,
                    "visible_bounds_height": 2,
                    "visible_bounds_offset": [0, 0, 0]
                },
                "bones": [
                    {
                        "name": "body",
                        "pivot": [0, 0, 0]
                    },
                    {
                        "name": "book",
                        "parent": "body",
                        "pivot": [5, -15, 0],
                        "cubes": [
                            {"origin": [3.5, -17.5, -3.5], "size": [3, 5, 7], "pivot": [5, -15, 0], "rotation": [0, 0, -5], "uv": [0, 0]},
                            {"origin": [3.5, -13.5, -1], "size": [3, 1, 2], "inflate": 0.1, "pivot": [5, -15, 0], "rotation": [0, 0, -5], "uv": [0, 12]},
                            {"origin": [3.5, -17.5, -3.5], "size": [1, 1, 1], "inflate": 0.1, "pivot": [5, -15, 0], "rotation": [0, 0, -5], "uv": [13, 2]},
                            {"origin": [3.5, -17.5, 2.5], "size": [1, 1, 1], "inflate": 0.1, "pivot": [5, -15, 0], "rotation": [0, 0, -5], "uv": [3, 5]},
                            {"origin": [5.5, -17.5, -3.5], "size": [1, 1, 1], "inflate": 0.1, "pivot": [5, -15, 0], "rotation": [0, 0, -5], "uv": [3, 3]},
                            {"origin": [4.056, -15.25847, -6], "size": [0, 2, 1], "pivot": [5.056, -18.25847, -5], "rotation": [-135.10922, 82.93343, -134.89078], "uv": [13, 4]},
                            {"origin": [5.5675, -16.35894, -4.49729], "size": [0, 3, 1], "pivot": [5.6675, -14.85894, -3.74729], "rotation": [-83.15305, 84.36692, -90.19028], "uv": [16, 3]},
                            {"origin": [5.5, -17.5, 2.5], "size": [1, 1, 1], "inflate": 0.1, "pivot": [5, -15, 0], "rotation": [0, 0, -5], "uv": [0, 4]},
                            {"origin": [3.5, -13.5, 2.5], "size": [3, 1, 1], "inflate": 0.1, "pivot": [5, -15, 0], "rotation": [0, 0, -5], "uv": [8, 12]},
                            {"origin": [3.5, -13.5, -3.5], "size": [3, 1, 1], "inflate": 0.1, "pivot": [5, -15, 0], "rotation": [0, 0, -5], "uv": [13, 0]},
                            {"origin": [4.23853, -12.71142, -2.8], "size": [1, 4, 0], "pivot": [4.73853, -12.01142, -2.5], "rotation": [-27.48411, -38.45794, -4.82268], "uv": [2, 0]},
                            {"origin": [4.23853, -12.71142, 2.8], "size": [1, 4, 0], "pivot": [4.73853, -12.01142, 2.5], "rotation": [27.48411, 38.45794, -4.82268], "uv": [0, 0]}
                        ]
                    }
                ]
            }
        ]
    }
}