{
	"name": "book_b",
	"menu": "_Bags",
	"author": "Anfauglir/Valaron/Jakob",
	"body_part": "body",
	"hidden_parts": [],
    "parent": "moreplayermodels:parts/bags/book.json",
	"texture": "moreplayermodels:textures/bags/book.png",
	"can_use_player_skin": false,
	"preview_rotation": 225,

	"render_type": "bedrock",
	"render_data": {
        "format_version": "1.12.0",
        "minecraft:geometry": [
            {
                "description": {
                    "identifier": "geometry.unknown",
                    "texture_width": 32,
                    "texture_height": 32,
                    "visible_bounds_width": 2,
                    "visible_bounds_height": 2,
                    "visible_bounds_offset": [0, 0, 0]
                },
                "bones": [
                    {
                        "name": "body",
                        "pivot": [0, 0, 0]
                    },
                    {
                        "name": "book",
                        "parent": "body",
                        "pivot": [-2, -12, 3],
                        "rotation": [0, 85, 0],
                        "cubes": [
                            {"origin": [-3.5, -14.5, -0.5], "size": [3, 5, 7], "pivot": [-2, -12, 3], "rotation": [0, 0, 5], "uv": [0, 0], "mirror": true},
                            {"origin": [-3.5, -10.5, 2], "size": [3, 1, 2], "inflate": 0.1, "pivot": [-2, -12, 3], "rotation": [0, 0, 5], "uv": [0, 12], "mirror": true},
                            {"origin": [-1.5, -14.5, -0.5], "size": [1, 1, 1], "inflate": 0.1, "pivot": [-2, -12, 3], "rotation": [0, 0, 5], "uv": [13, 2], "mirror": true},
                            {"origin": [-1.5, -14.5, 5.5], "size": [1, 1, 1], "inflate": 0.1, "pivot": [-2, -12, 3], "rotation": [0, 0, 5], "uv": [3, 5], "mirror": true},
                            {"origin": [-3.5, -14.5, -0.5], "size": [1, 1, 1], "inflate": 0.1, "pivot": [-2, -12, 3], "rotation": [0, 0, 5], "uv": [3, 3], "mirror": true},
                            {"origin": [-1.056, -12.25847, -3], "size": [0, 2, 1], "pivot": [-2.056, -15.25847, -2], "rotation": [-135.10922, -82.93343, 134.89078], "uv": [13, 4], "mirror": true},
                            {"origin": [-2.5675, -13.35894, -1.49729], "size": [0, 3, 1], "pivot": [-2.6675, -11.85894, -0.74729], "rotation": [-83.15305, -84.36692, 90.19028], "uv": [16, 3], "mirror": true},
                            {"origin": [-3.5, -14.5, 5.5], "size": [1, 1, 1], "inflate": 0.1, "pivot": [-2, -12, 3], "rotation": [0, 0, 5], "uv": [0, 4], "mirror": true},
                            {"origin": [-3.5, -10.5, 5.5], "size": [3, 1, 1], "inflate": 0.1, "pivot": [-2, -12, 3], "rotation": [0, 0, 5], "uv": [8, 12], "mirror": true},
                            {"origin": [-3.5, -10.5, -0.5], "size": [3, 1, 1], "inflate": 0.1, "pivot": [-2, -12, 3], "rotation": [0, 0, 5], "uv": [13, 0], "mirror": true},
                            {"origin": [-2.23853, -9.71142, 0.2], "size": [1, 4, 0], "pivot": [-1.73853, -9.01142, 0.5], "rotation": [-27.48411, 38.45794, 4.82268], "uv": [2, 0], "mirror": true},
                            {"origin": [-2.23853, -9.71142, 5.8], "size": [1, 4, 0], "pivot": [-1.73853, -9.01142, 5.5], "rotation": [27.48411, -38.45794, 4.82268], "uv": [0, 0], "mirror": true}
                        ]
                    }
                ]
            }
        ]
    }
}