{
 "minecraft:the_void": 0,
 "minecraft:plains": 1,
 "minecraft:sunflower_plains": 2,
 "minecraft:snowy_plains": 3,
 "minecraft:ice_spikes": 4,
 "minecraft:desert": 5,
 "minecraft:swamp": 6,
 "minecraft:mangrove_swamp": 7,
 "minecraft:forest": 8,
 "minecraft:flower_forest": 9,
 "minecraft:birch_forest": 10,
 "minecraft:dark_forest": 11,
 "minecraft:old_growth_birch_forest": 12,
 "minecraft:old_growth_pine_taiga": 13,
 "minecraft:old_growth_spruce_taiga": 14,
 "minecraft:taiga": 15,
 "minecraft:snowy_taiga": 16,
 "minecraft:savanna": 17,
 "minecraft:savanna_plateau": 18,
 "minecraft:windswept_hills": 19,
 "minecraft:windswept_gravelly_hills": 20,
 "minecraft:windswept_forest": 21,
 "minecraft:windswept_savanna": 22,
 "minecraft:jungle": 23,
 "minecraft:sparse_jungle": 24,
 "minecraft:bamboo_jungle": 25,
 "minecraft:badlands": 26,
 "minecraft:eroded_badlands": 27,
 "minecraft:wooded_badlands": 28,
 "minecraft:meadow": 29,
 "minecraft:cherry_grove": 30,
 "minecraft:grove": 31,
 "minecraft:snowy_slopes": 32,
 "minecraft:frozen_peaks": 33,
 "minecraft:jagged_peaks": 34,
 "minecraft:stony_peaks": 35,
 "minecraft:river": 36,
 "minecraft:frozen_river": 37,
 "minecraft:beach": 38,
 "minecraft:snowy_beach": 39,
 "minecraft:stony_shore": 40,
 "minecraft:warm_ocean": 41,
 "minecraft:lukewarm_ocean": 42,
 "minecraft:deep_lukewarm_ocean": 43,
 "minecraft:ocean": 44,
 "minecraft:deep_ocean": 45,
 "minecraft:cold_ocean": 46,
 "minecraft:deep_cold_ocean": 47,
 "minecraft:frozen_ocean": 48,
 "minecraft:deep_frozen_ocean": 49,
 "minecraft:mushroom_fields": 50,
 "minecraft:dripstone_caves": 51,
 "minecraft:lush_caves": 52,
 "minecraft:deep_dark": 53,
 "minecraft:nether_wastes": 54,
 "minecraft:warped_forest": 55,
 "minecraft:crimson_forest": 56,
 "minecraft:soul_sand_valley": 57,
 "minecraft:basalt_deltas": 58,
 "minecraft:the_end": 59,
 "minecraft:end_highlands": 60,
 "minecraft:end_midlands": 61,
 "minecraft:small_end_islands": 62,
 "minecraft:end_barrens": 63,
 "texture_size": 256
}