{
	"credit": "Made with Blockbench",
	"texture_size": [64, 64],
	"textures": {
		"0": "item/azan_weapon",
		"particle": "item/azan_weapon"
	},
	"elements": [
		{
			"from": [7, -13.7, 7],
			"to": [8.5, -13.4, 8.5],
			"rotation": {"angle": 0, "axis": "y", "origin": [0, -2.1, 0]},
			"faces": {
				"north": {"uv": [6.25, 7, 6.625, 7.125], "texture": "#0"},
				"east": {"uv": [7, 6.25, 7.375, 6.375], "texture": "#0"},
				"south": {"uv": [7, 6.5, 7.375, 6.625], "texture": "#0"},
				"west": {"uv": [6.75, 7, 7.125, 7.125], "texture": "#0"},
				"up": {"uv": [6.375, 6.625, 6, 6.25], "texture": "#0"},
				"down": {"uv": [0.375, 6.5, 0, 6.875], "texture": "#0"}
			}
		},
		{
			"from": [7.1, -5.1, 7.1],
			"to": [8.5, 19.9, 8.4],
			"rotation": {"angle": 0, "axis": "y", "origin": [0, -2.1, 0]},
			"faces": {
				"north": {"uv": [0, 0, 0.375, 6.25], "texture": "#0"},
				"east": {"uv": [0.5, 0, 0.875, 6.25], "texture": "#0"},
				"south": {"uv": [1, 0, 1.375, 6.25], "texture": "#0"},
				"west": {"uv": [1.5, 0, 1.875, 6.25], "texture": "#0"},
				"up": {"uv": [0.875, 6.875, 0.5, 6.5], "texture": "#0"},
				"down": {"uv": [1.375, 6.5, 1, 6.875], "texture": "#0"}
			}
		},
		{
			"from": [6.8, 19.9, 6.8],
			"to": [8.7, 27.9, 8.7],
			"rotation": {"angle": 0, "axis": "y", "origin": [0, -2.1, 0]},
			"faces": {
				"north": {"uv": [2, 0, 2.5, 2], "texture": "#0"},
				"east": {"uv": [2, 2, 2.5, 4], "texture": "#0"},
				"south": {"uv": [2.5, 0, 3, 2], "texture": "#0"},
				"west": {"uv": [2.5, 2, 3, 4], "texture": "#0"},
				"up": {"uv": [4.5, 0.5, 4, 0], "texture": "#0"},
				"down": {"uv": [4.5, 0.5, 4, 1], "texture": "#0"}
			}
		},
		{
			"from": [6.8, -13.1, 6.8],
			"to": [8.7, -5.1, 8.7],
			"rotation": {"angle": 0, "axis": "y", "origin": [0, -2.1, 0]},
			"faces": {
				"north": {"uv": [3, 0, 3.5, 2], "texture": "#0"},
				"east": {"uv": [3, 2, 3.5, 4], "texture": "#0"},
				"south": {"uv": [3.5, 0, 4, 2], "texture": "#0"},
				"west": {"uv": [3.5, 2, 4, 4], "texture": "#0"},
				"up": {"uv": [4.5, 1.5, 4, 1], "texture": "#0"},
				"down": {"uv": [4.5, 1.5, 4, 2], "texture": "#0"}
			}
		},
		{
			"from": [6.6, 20.3, 7.2],
			"to": [8.9, 21.3, 8.3],
			"rotation": {"angle": 0, "axis": "y", "origin": [0, -2.1, 0]},
			"faces": {
				"north": {"uv": [5, 3.75, 5.625, 4], "texture": "#0"},
				"east": {"uv": [2, 7, 2.25, 7.25], "texture": "#0"},
				"south": {"uv": [5, 4, 5.625, 4.25], "texture": "#0"},
				"west": {"uv": [7, 2, 7.25, 2.25], "texture": "#0"},
				"up": {"uv": [5.625, 4.5, 5, 4.25], "texture": "#0"},
				"down": {"uv": [5.625, 4.5, 5, 4.75], "texture": "#0"}
			}
		},
		{
			"from": [6.6, 21.5, 7.2],
			"to": [8.9, 22.5, 8.3],
			"rotation": {"angle": 0, "axis": "y", "origin": [0, -2.1, 0]},
			"faces": {
				"north": {"uv": [5, 4.75, 5.625, 5], "texture": "#0"},
				"east": {"uv": [2.25, 7, 2.5, 7.25], "texture": "#0"},
				"south": {"uv": [5, 5, 5.625, 5.25], "texture": "#0"},
				"west": {"uv": [7, 2.25, 7.25, 2.5], "texture": "#0"},
				"up": {"uv": [4.625, 5.5, 4, 5.25], "texture": "#0"},
				"down": {"uv": [5.375, 5.25, 4.75, 5.5], "texture": "#0"}
			}
		},
		{
			"from": [6.6, 22.7, 7.2],
			"to": [8.9, 23.7, 8.3],
			"rotation": {"angle": 0, "axis": "y", "origin": [0, -2.1, 0]},
			"faces": {
				"north": {"uv": [5.5, 0, 6.125, 0.25], "texture": "#0"},
				"east": {"uv": [2.5, 7, 2.75, 7.25], "texture": "#0"},
				"south": {"uv": [5.5, 0.25, 6.125, 0.5], "texture": "#0"},
				"west": {"uv": [7, 2.5, 7.25, 2.75], "texture": "#0"},
				"up": {"uv": [6.125, 0.75, 5.5, 0.5], "texture": "#0"},
				"down": {"uv": [6.125, 0.75, 5.5, 1], "texture": "#0"}
			}
		},
		{
			"from": [6.6, 23.9, 7.2],
			"to": [8.9, 24.9, 8.3],
			"rotation": {"angle": 0, "axis": "y", "origin": [0, -2.1, 0]},
			"faces": {
				"north": {"uv": [5.5, 1, 6.125, 1.25], "texture": "#0"},
				"east": {"uv": [2.75, 7, 3, 7.25], "texture": "#0"},
				"south": {"uv": [5.5, 1.25, 6.125, 1.5], "texture": "#0"},
				"west": {"uv": [7, 2.75, 7.25, 3], "texture": "#0"},
				"up": {"uv": [6.125, 1.75, 5.5, 1.5], "texture": "#0"},
				"down": {"uv": [6.125, 1.75, 5.5, 2], "texture": "#0"}
			}
		},
		{
			"from": [6.6, 25.1, 7.2],
			"to": [8.9, 26.1, 8.3],
			"rotation": {"angle": 0, "axis": "y", "origin": [0, -2.1, 0]},
			"faces": {
				"north": {"uv": [2, 5.5, 2.625, 5.75], "texture": "#0"},
				"east": {"uv": [3, 7, 3.25, 7.25], "texture": "#0"},
				"south": {"uv": [5.5, 2, 6.125, 2.25], "texture": "#0"},
				"west": {"uv": [7, 3, 7.25, 3.25], "texture": "#0"},
				"up": {"uv": [6.125, 2.5, 5.5, 2.25], "texture": "#0"},
				"down": {"uv": [6.125, 2.5, 5.5, 2.75], "texture": "#0"}
			}
		},
		{
			"from": [6.6, 26.3, 7.2],
			"to": [8.9, 27.3, 8.3],
			"rotation": {"angle": 0, "axis": "y", "origin": [0, -2.1, 0]},
			"faces": {
				"north": {"uv": [2.75, 5.5, 3.375, 5.75], "texture": "#0"},
				"east": {"uv": [3.25, 7, 3.5, 7.25], "texture": "#0"},
				"south": {"uv": [5.5, 2.75, 6.125, 3], "texture": "#0"},
				"west": {"uv": [7, 3.25, 7.25, 3.5], "texture": "#0"},
				"up": {"uv": [6.125, 3.25, 5.5, 3], "texture": "#0"},
				"down": {"uv": [6.125, 3.25, 5.5, 3.5], "texture": "#0"}
			}
		},
		{
			"from": [7.1, 26.3, 6.6],
			"to": [8.4, 27.3, 8.9],
			"rotation": {"angle": 0, "axis": "y", "origin": [0, -2.1, 0]},
			"faces": {
				"north": {"uv": [4, 5, 4.375, 5.25], "texture": "#0"},
				"east": {"uv": [3.5, 5.5, 4.125, 5.75], "texture": "#0"},
				"south": {"uv": [5, 6.5, 5.375, 6.75], "texture": "#0"},
				"west": {"uv": [5.5, 3.5, 6.125, 3.75], "texture": "#0"},
				"up": {"uv": [2.375, 4.625, 2, 4], "texture": "#0"},
				"down": {"uv": [4.375, 2, 4, 2.625], "texture": "#0"}
			}
		},
		{
			"from": [7.1, 20.3, 6.6],
			"to": [8.4, 21.3, 8.9],
			"rotation": {"angle": 0, "axis": "y", "origin": [0, -2.1, 0]},
			"faces": {
				"north": {"uv": [5.5, 6.5, 5.875, 6.75], "texture": "#0"},
				"east": {"uv": [4.25, 5.5, 4.875, 5.75], "texture": "#0"},
				"south": {"uv": [6.5, 5.5, 6.875, 5.75], "texture": "#0"},
				"west": {"uv": [5, 5.5, 5.625, 5.75], "texture": "#0"},
				"up": {"uv": [2.875, 4.625, 2.5, 4], "texture": "#0"},
				"down": {"uv": [4.375, 2.75, 4, 3.375], "texture": "#0"}
			}
		},
		{
			"from": [7.1, 21.5, 6.6],
			"to": [8.4, 22.5, 8.9],
			"rotation": {"angle": 0, "axis": "y", "origin": [0, -2.1, 0]},
			"faces": {
				"north": {"uv": [6.5, 5.75, 6.875, 6], "texture": "#0"},
				"east": {"uv": [5.5, 5.25, 6.125, 5.5], "texture": "#0"},
				"south": {"uv": [6.5, 6, 6.875, 6.25], "texture": "#0"},
				"west": {"uv": [2, 5.75, 2.625, 6], "texture": "#0"},
				"up": {"uv": [3.375, 4.625, 3, 4], "texture": "#0"},
				"down": {"uv": [3.875, 4, 3.5, 4.625], "texture": "#0"}
			}
		},
		{
			"from": [7.1, 22.7, 6.6],
			"to": [8.4, 23.7, 8.9],
			"rotation": {"angle": 0, "axis": "y", "origin": [0, -2.1, 0]},
			"faces": {
				"north": {"uv": [6.5, 6.25, 6.875, 6.5], "texture": "#0"},
				"east": {"uv": [2.75, 5.75, 3.375, 6], "texture": "#0"},
				"south": {"uv": [6.5, 6.5, 6.875, 6.75], "texture": "#0"},
				"west": {"uv": [3.5, 5.75, 4.125, 6], "texture": "#0"},
				"up": {"uv": [4.375, 4.125, 4, 3.5], "texture": "#0"},
				"down": {"uv": [4.375, 4.25, 4, 4.875], "texture": "#0"}
			}
		},
		{
			"from": [7.1, 23.9, 6.6],
			"to": [8.4, 24.9, 8.9],
			"rotation": {"angle": 0, "axis": "y", "origin": [0, -2.1, 0]},
			"faces": {
				"north": {"uv": [5, 6.75, 5.375, 7], "texture": "#0"},
				"east": {"uv": [5.75, 3.75, 6.375, 4], "texture": "#0"},
				"south": {"uv": [5.5, 6.75, 5.875, 7], "texture": "#0"},
				"west": {"uv": [5.75, 4, 6.375, 4.25], "texture": "#0"},
				"up": {"uv": [4.875, 0.625, 4.5, 0], "texture": "#0"},
				"down": {"uv": [4.875, 0.75, 4.5, 1.375], "texture": "#0"}
			}
		},
		{
			"from": [7.1, 25.1, 6.6],
			"to": [8.4, 26.1, 8.9],
			"rotation": {"angle": 0, "axis": "y", "origin": [0, -2.1, 0]},
			"faces": {
				"north": {"uv": [6, 6.75, 6.375, 7], "texture": "#0"},
				"east": {"uv": [4.25, 5.75, 4.875, 6], "texture": "#0"},
				"south": {"uv": [6.5, 6.75, 6.875, 7], "texture": "#0"},
				"west": {"uv": [5.75, 4.25, 6.375, 4.5], "texture": "#0"},
				"up": {"uv": [4.875, 2.125, 4.5, 1.5], "texture": "#0"},
				"down": {"uv": [4.875, 2.25, 4.5, 2.875], "texture": "#0"}
			}
		},
		{
			"from": [7.1, -7.7, 6.6],
			"to": [8.4, -6.7, 8.9],
			"rotation": {"angle": 0, "axis": "y", "origin": [0, -2.1, 0]},
			"faces": {
				"north": {"uv": [0, 7, 0.375, 7.25], "texture": "#0"},
				"east": {"uv": [5.75, 4.5, 6.375, 4.75], "texture": "#0"},
				"south": {"uv": [7, 0, 7.375, 0.25], "texture": "#0"},
				"west": {"uv": [5.75, 4.75, 6.375, 5], "texture": "#0"},
				"up": {"uv": [4.875, 3.625, 4.5, 3], "texture": "#0"},
				"down": {"uv": [4.875, 3.75, 4.5, 4.375], "texture": "#0"}
			}
		},
		{
			"from": [7.1, -11.3, 6.6],
			"to": [8.4, -10.3, 8.9],
			"rotation": {"angle": 0, "axis": "y", "origin": [0, -2.1, 0]},
			"faces": {
				"north": {"uv": [7, 0.25, 7.375, 0.5], "texture": "#0"},
				"east": {"uv": [5, 5.75, 5.625, 6], "texture": "#0"},
				"south": {"uv": [0.5, 7, 0.875, 7.25], "texture": "#0"},
				"west": {"uv": [5.75, 5, 6.375, 5.25], "texture": "#0"},
				"up": {"uv": [4.875, 5.125, 4.5, 4.5], "texture": "#0"},
				"down": {"uv": [2.375, 4.75, 2, 5.375], "texture": "#0"}
			}
		},
		{
			"from": [7.1, -10.1, 6.6],
			"to": [8.4, -9.1, 8.9],
			"rotation": {"angle": 0, "axis": "y", "origin": [0, -2.1, 0]},
			"faces": {
				"north": {"uv": [7, 0.5, 7.375, 0.75], "texture": "#0"},
				"east": {"uv": [5.75, 5.5, 6.375, 5.75], "texture": "#0"},
				"south": {"uv": [7, 0.75, 7.375, 1], "texture": "#0"},
				"west": {"uv": [5.75, 5.75, 6.375, 6], "texture": "#0"},
				"up": {"uv": [2.875, 5.375, 2.5, 4.75], "texture": "#0"},
				"down": {"uv": [3.375, 4.75, 3, 5.375], "texture": "#0"}
			}
		},
		{
			"from": [7.1, -8.9, 6.6],
			"to": [8.4, -7.9, 8.9],
			"rotation": {"angle": 0, "axis": "y", "origin": [0, -2.1, 0]},
			"faces": {
				"north": {"uv": [1, 7, 1.375, 7.25], "texture": "#0"},
				"east": {"uv": [2, 6, 2.625, 6.25], "texture": "#0"},
				"south": {"uv": [7, 1, 7.375, 1.25], "texture": "#0"},
				"west": {"uv": [2.75, 6, 3.375, 6.25], "texture": "#0"},
				"up": {"uv": [3.875, 5.375, 3.5, 4.75], "texture": "#0"},
				"down": {"uv": [5.375, 0, 5, 0.625], "texture": "#0"}
			}
		},
		{
			"from": [7.1, -12.5, 6.6],
			"to": [8.4, -11.5, 8.9],
			"rotation": {"angle": 0, "axis": "y", "origin": [0, -2.1, 0]},
			"faces": {
				"north": {"uv": [7, 1.25, 7.375, 1.5], "texture": "#0"},
				"east": {"uv": [3.5, 6, 4.125, 6.25], "texture": "#0"},
				"south": {"uv": [1.5, 7, 1.875, 7.25], "texture": "#0"},
				"west": {"uv": [4.25, 6, 4.875, 6.25], "texture": "#0"},
				"up": {"uv": [5.375, 1.375, 5, 0.75], "texture": "#0"},
				"down": {"uv": [5.375, 1.5, 5, 2.125], "texture": "#0"}
			}
		},
		{
			"from": [7.1, -6.5, 6.6],
			"to": [8.4, -5.5, 8.9],
			"rotation": {"angle": 0, "axis": "y", "origin": [0, -2.1, 0]},
			"faces": {
				"north": {"uv": [7, 1.5, 7.375, 1.75], "texture": "#0"},
				"east": {"uv": [5, 6, 5.625, 6.25], "texture": "#0"},
				"south": {"uv": [7, 1.75, 7.375, 2], "texture": "#0"},
				"west": {"uv": [5.75, 6, 6.375, 6.25], "texture": "#0"},
				"up": {"uv": [5.375, 2.875, 5, 2.25], "texture": "#0"},
				"down": {"uv": [5.375, 3, 5, 3.625], "texture": "#0"}
			}
		},
		{
			"from": [6.6, -8.9, 7.2],
			"to": [8.9, -7.9, 8.3],
			"rotation": {"angle": 0, "axis": "y", "origin": [0, -2.1, 0]},
			"faces": {
				"north": {"uv": [0, 6.25, 0.625, 6.5], "texture": "#0"},
				"east": {"uv": [3.5, 7, 3.75, 7.25], "texture": "#0"},
				"south": {"uv": [6.25, 0, 6.875, 0.25], "texture": "#0"},
				"west": {"uv": [7, 3.5, 7.25, 3.75], "texture": "#0"},
				"up": {"uv": [6.875, 0.5, 6.25, 0.25], "texture": "#0"},
				"down": {"uv": [6.875, 0.5, 6.25, 0.75], "texture": "#0"}
			}
		},
		{
			"from": [6.6, -7.7, 7.2],
			"to": [8.9, -6.7, 8.3],
			"rotation": {"angle": 0, "axis": "y", "origin": [0, -2.1, 0]},
			"faces": {
				"north": {"uv": [0.75, 6.25, 1.375, 6.5], "texture": "#0"},
				"east": {"uv": [3.75, 7, 4, 7.25], "texture": "#0"},
				"south": {"uv": [6.25, 0.75, 6.875, 1], "texture": "#0"},
				"west": {"uv": [7, 3.75, 7.25, 4], "texture": "#0"},
				"up": {"uv": [6.875, 1.25, 6.25, 1], "texture": "#0"},
				"down": {"uv": [6.875, 1.25, 6.25, 1.5], "texture": "#0"}
			}
		},
		{
			"from": [6.6, -6.5, 7.2],
			"to": [8.9, -5.5, 8.3],
			"rotation": {"angle": 0, "axis": "y", "origin": [0, -2.1, 0]},
			"faces": {
				"north": {"uv": [1.5, 6.25, 2.125, 6.5], "texture": "#0"},
				"east": {"uv": [4, 7, 4.25, 7.25], "texture": "#0"},
				"south": {"uv": [6.25, 1.5, 6.875, 1.75], "texture": "#0"},
				"west": {"uv": [7, 4, 7.25, 4.25], "texture": "#0"},
				"up": {"uv": [6.875, 2, 6.25, 1.75], "texture": "#0"},
				"down": {"uv": [6.875, 2, 6.25, 2.25], "texture": "#0"}
			}
		},
		{
			"from": [6.6, -10.1, 7.2],
			"to": [8.9, -9.1, 8.3],
			"rotation": {"angle": 0, "axis": "y", "origin": [0, -2.1, 0]},
			"faces": {
				"north": {"uv": [2.25, 6.25, 2.875, 6.5], "texture": "#0"},
				"east": {"uv": [4.25, 7, 4.5, 7.25], "texture": "#0"},
				"south": {"uv": [6.25, 2.25, 6.875, 2.5], "texture": "#0"},
				"west": {"uv": [7, 4.25, 7.25, 4.5], "texture": "#0"},
				"up": {"uv": [6.875, 2.75, 6.25, 2.5], "texture": "#0"},
				"down": {"uv": [6.875, 2.75, 6.25, 3], "texture": "#0"}
			}
		},
		{
			"from": [6.6, -11.3, 7.2],
			"to": [8.9, -10.3, 8.3],
			"rotation": {"angle": 0, "axis": "y", "origin": [0, -2.1, 0]},
			"faces": {
				"north": {"uv": [3, 6.25, 3.625, 6.5], "texture": "#0"},
				"east": {"uv": [4.5, 7, 4.75, 7.25], "texture": "#0"},
				"south": {"uv": [6.25, 3, 6.875, 3.25], "texture": "#0"},
				"west": {"uv": [7, 4.5, 7.25, 4.75], "texture": "#0"},
				"up": {"uv": [6.875, 3.5, 6.25, 3.25], "texture": "#0"},
				"down": {"uv": [6.875, 3.5, 6.25, 3.75], "texture": "#0"}
			}
		},
		{
			"from": [6.6, -12.5, 7.2],
			"to": [8.9, -11.5, 8.3],
			"rotation": {"angle": 0, "axis": "y", "origin": [0, -2.1, 0]},
			"faces": {
				"north": {"uv": [3.75, 6.25, 4.375, 6.5], "texture": "#0"},
				"east": {"uv": [4.75, 7, 5, 7.25], "texture": "#0"},
				"south": {"uv": [4.5, 6.25, 5.125, 6.5], "texture": "#0"},
				"west": {"uv": [7, 4.75, 7.25, 5], "texture": "#0"},
				"up": {"uv": [5.875, 6.5, 5.25, 6.25], "texture": "#0"},
				"down": {"uv": [6.875, 5.25, 6.25, 5.5], "texture": "#0"}
			}
		},
		{
			"from": [7, -13.13477, 8.0157],
			"to": [8.5, -12.83477, 8.1157],
			"rotation": {"angle": 22.5, "axis": "x", "origin": [7.74538, -14.45978, 7.75346]},
			"faces": {
				"north": {"uv": [7, 6.75, 7.375, 6.875], "texture": "#0"},
				"east": {"uv": [5.75, 8, 5.875, 8.125], "texture": "#0"},
				"south": {"uv": [0, 7.25, 0.375, 7.375], "texture": "#0"},
				"west": {"uv": [8, 5.75, 8.125, 5.875], "texture": "#0"},
				"up": {"uv": [0.875, 7.375, 0.5, 7.25], "texture": "#0"},
				"down": {"uv": [1.375, 7.25, 1, 7.375], "texture": "#0"}
			}
		},
		{
			"from": [7, -13.14, 7.38469],
			"to": [8.5, -12.84, 7.48469],
			"rotation": {"angle": -22.5, "axis": "x", "origin": [7.74538, -14.45978, 7.75346]},
			"faces": {
				"north": {"uv": [1.5, 7.25, 1.875, 7.375], "texture": "#0"},
				"east": {"uv": [6, 8, 6.125, 8.125], "texture": "#0"},
				"south": {"uv": [2, 7.25, 2.375, 7.375], "texture": "#0"},
				"west": {"uv": [8, 6, 8.125, 6.125], "texture": "#0"},
				"up": {"uv": [7.625, 2.125, 7.25, 2], "texture": "#0"},
				"down": {"uv": [7.625, 2.25, 7.25, 2.375], "texture": "#0"}
			}
		},
		{
			"from": [7.38408, -13.10362, 7],
			"to": [7.48408, -12.80362, 8.5],
			"rotation": {"angle": 22.5, "axis": "z", "origin": [7.74538, -14.45978, 7.75346]},
			"faces": {
				"north": {"uv": [6.25, 8, 6.375, 8.125], "texture": "#0"},
				"east": {"uv": [2.5, 7.25, 2.875, 7.375], "texture": "#0"},
				"south": {"uv": [8, 6.25, 8.125, 6.375], "texture": "#0"},
				"west": {"uv": [7.25, 2.5, 7.625, 2.625], "texture": "#0"},
				"up": {"uv": [7.375, 3.125, 7.25, 2.75], "texture": "#0"},
				"down": {"uv": [3.125, 7.25, 3, 7.625], "texture": "#0"}
			}
		},
		{
			"from": [8.01509, -13.13168, 7],
			"to": [8.11509, -12.81611, 8.5],
			"rotation": {"angle": -22.5, "axis": "z", "origin": [7.74538, -14.45978, 7.75346]},
			"faces": {
				"north": {"uv": [6.5, 8, 6.625, 8.125], "texture": "#0"},
				"east": {"uv": [3.25, 7.25, 3.625, 7.375], "texture": "#0"},
				"south": {"uv": [8, 6.5, 8.125, 6.625], "texture": "#0"},
				"west": {"uv": [7.25, 3.25, 7.625, 3.375], "texture": "#0"},
				"up": {"uv": [7.375, 3.875, 7.25, 3.5], "texture": "#0"},
				"down": {"uv": [3.875, 7.25, 3.75, 7.625], "texture": "#0"}
			}
		},
		{
			"from": [7.1, -13.44, 7.38469],
			"to": [8.4, -13.14, 7.48469],
			"rotation": {"angle": -22.5, "axis": "x", "origin": [7.74538, -14.45978, 7.75346]},
			"faces": {
				"north": {"uv": [4, 7.25, 4.375, 7.375], "texture": "#0"},
				"east": {"uv": [6.75, 8, 6.875, 8.125], "texture": "#0"},
				"south": {"uv": [7.25, 4, 7.625, 4.125], "texture": "#0"},
				"west": {"uv": [8, 6.75, 8.125, 6.875], "texture": "#0"},
				"up": {"uv": [7.625, 4.375, 7.25, 4.25], "texture": "#0"},
				"down": {"uv": [4.875, 7.25, 4.5, 7.375], "texture": "#0"}
			}
		},
		{
			"from": [7.1, -13.43477, 8.0157],
			"to": [8.4, -13.13477, 8.1157],
			"rotation": {"angle": 22.5, "axis": "x", "origin": [7.74538, -14.45978, 7.75346]},
			"faces": {
				"north": {"uv": [7.25, 4.5, 7.625, 4.625], "texture": "#0"},
				"east": {"uv": [7, 8, 7.125, 8.125], "texture": "#0"},
				"south": {"uv": [7.25, 4.75, 7.625, 4.875], "texture": "#0"},
				"west": {"uv": [8, 7, 8.125, 7.125], "texture": "#0"},
				"up": {"uv": [5.375, 7.375, 5, 7.25], "texture": "#0"},
				"down": {"uv": [7.625, 5, 7.25, 5.125], "texture": "#0"}
			}
		},
		{
			"from": [7.38408, -13.40362, 7.1],
			"to": [7.48408, -13.10362, 8.4],
			"rotation": {"angle": 22.5, "axis": "z", "origin": [7.74538, -14.45978, 7.75346]},
			"faces": {
				"north": {"uv": [7.25, 8, 7.375, 8.125], "texture": "#0"},
				"east": {"uv": [7.25, 5.25, 7.625, 5.375], "texture": "#0"},
				"south": {"uv": [8, 7.25, 8.125, 7.375], "texture": "#0"},
				"west": {"uv": [5.5, 7.25, 5.875, 7.375], "texture": "#0"},
				"up": {"uv": [7.375, 5.875, 7.25, 5.5], "texture": "#0"},
				"down": {"uv": [6.125, 7.25, 6, 7.625], "texture": "#0"}
			}
		},
		{
			"from": [8.01509, -13.43, 7.1],
			"to": [8.11509, -13.13, 8.4],
			"rotation": {"angle": -22.5, "axis": "z", "origin": [7.74538, -14.45978, 7.75346]},
			"faces": {
				"north": {"uv": [7.5, 8, 7.625, 8.125], "texture": "#0"},
				"east": {"uv": [7.25, 6, 7.625, 6.125], "texture": "#0"},
				"south": {"uv": [8, 7.5, 8.125, 7.625], "texture": "#0"},
				"west": {"uv": [6.25, 7.25, 6.625, 7.375], "texture": "#0"},
				"up": {"uv": [6.875, 7.625, 6.75, 7.25], "texture": "#0"},
				"down": {"uv": [7.125, 7.25, 7, 7.625], "texture": "#0"}
			}
		},
		{
			"from": [8.01509, -13.83, 7.2],
			"to": [8.11509, -13.43, 8.3],
			"rotation": {"angle": -22.5, "axis": "z", "origin": [7.74538, -14.45978, 7.75346]},
			"faces": {
				"north": {"uv": [7.75, 8, 7.875, 8.125], "texture": "#0"},
				"east": {"uv": [7.75, 4.75, 8, 4.875], "texture": "#0"},
				"south": {"uv": [8, 7.75, 8.125, 7.875], "texture": "#0"},
				"west": {"uv": [7.75, 5, 8, 5.125], "texture": "#0"},
				"up": {"uv": [5.375, 8, 5.25, 7.75], "texture": "#0"},
				"down": {"uv": [7.875, 5.25, 7.75, 5.5], "texture": "#0"}
			}
		},
		{
			"from": [7.38408, -13.80362, 7.2],
			"to": [7.48408, -13.40362, 8.3],
			"rotation": {"angle": 22.5, "axis": "z", "origin": [7.74538, -14.45978, 7.75346]},
			"faces": {
				"north": {"uv": [8, 8, 8.125, 8.125], "texture": "#0"},
				"east": {"uv": [5.5, 7.75, 5.75, 7.875], "texture": "#0"},
				"south": {"uv": [0, 8.25, 0.125, 8.375], "texture": "#0"},
				"west": {"uv": [5.75, 7.75, 6, 7.875], "texture": "#0"},
				"up": {"uv": [6.125, 8, 6, 7.75], "texture": "#0"},
				"down": {"uv": [7.875, 6, 7.75, 6.25], "texture": "#0"}
			}
		},
		{
			"from": [7.2, -13.84, 7.38469],
			"to": [8.3, -13.44, 7.48469],
			"rotation": {"angle": -22.5, "axis": "x", "origin": [7.74538, -14.45978, 7.75346]},
			"faces": {
				"north": {"uv": [6.25, 7.75, 6.5, 7.875], "texture": "#0"},
				"east": {"uv": [8.25, 0, 8.375, 0.125], "texture": "#0"},
				"south": {"uv": [6.5, 7.75, 6.75, 7.875], "texture": "#0"},
				"west": {"uv": [0.25, 8.25, 0.375, 8.375], "texture": "#0"},
				"up": {"uv": [7, 7.875, 6.75, 7.75], "texture": "#0"},
				"down": {"uv": [7.25, 7.75, 7, 7.875], "texture": "#0"}
			}
		},
		{
			"from": [7.2, -13.83477, 8.0157],
			"to": [8.3, -13.43477, 8.1157],
			"rotation": {"angle": 22.5, "axis": "x", "origin": [7.74538, -14.45978, 7.75346]},
			"faces": {
				"north": {"uv": [7.75, 7, 8, 7.125], "texture": "#0"},
				"east": {"uv": [8.25, 0.25, 8.375, 0.375], "texture": "#0"},
				"south": {"uv": [7.75, 7.25, 8, 7.375], "texture": "#0"},
				"west": {"uv": [0.5, 8.25, 0.625, 8.375], "texture": "#0"},
				"up": {"uv": [8, 7.625, 7.75, 7.5], "texture": "#0"},
				"down": {"uv": [8, 7.75, 7.75, 7.875], "texture": "#0"}
			}
		},
		{
			"from": [7.4, -14.43477, 8.0157],
			"to": [8.1, -13.83477, 8.1157],
			"rotation": {"angle": 22.5, "axis": "x", "origin": [7.74538, -14.45978, 7.75346]},
			"faces": {
				"north": {"uv": [8.25, 0.5, 8.375, 0.625], "texture": "#0"},
				"east": {"uv": [0.75, 8.25, 0.875, 8.375], "texture": "#0"},
				"south": {"uv": [8.25, 0.75, 8.375, 0.875], "texture": "#0"},
				"west": {"uv": [1, 8.25, 1.125, 8.375], "texture": "#0"},
				"up": {"uv": [8.375, 1.125, 8.25, 1], "texture": "#0"},
				"down": {"uv": [1.375, 8.25, 1.25, 8.375], "texture": "#0"}
			}
		},
		{
			"from": [7.4, -14.44, 7.38469],
			"to": [8.1, -13.84, 7.48469],
			"rotation": {"angle": -22.5, "axis": "x", "origin": [7.74538, -14.45978, 7.75346]},
			"faces": {
				"north": {"uv": [8.25, 1.25, 8.375, 1.375], "texture": "#0"},
				"east": {"uv": [1.5, 8.25, 1.625, 8.375], "texture": "#0"},
				"south": {"uv": [8.25, 1.5, 8.375, 1.625], "texture": "#0"},
				"west": {"uv": [1.75, 8.25, 1.875, 8.375], "texture": "#0"},
				"up": {"uv": [8.375, 1.875, 8.25, 1.75], "texture": "#0"},
				"down": {"uv": [2.125, 8.25, 2, 8.375], "texture": "#0"}
			}
		},
		{
			"from": [8.01509, -14.43, 7.4],
			"to": [8.11509, -13.83, 8.1],
			"rotation": {"angle": -22.5, "axis": "z", "origin": [7.74538, -14.45978, 7.75346]},
			"faces": {
				"north": {"uv": [8.25, 2, 8.375, 2.125], "texture": "#0"},
				"east": {"uv": [2.25, 8.25, 2.375, 8.375], "texture": "#0"},
				"south": {"uv": [8.25, 2.25, 8.375, 2.375], "texture": "#0"},
				"west": {"uv": [2.5, 8.25, 2.625, 8.375], "texture": "#0"},
				"up": {"uv": [8.375, 2.625, 8.25, 2.5], "texture": "#0"},
				"down": {"uv": [2.875, 8.25, 2.75, 8.375], "texture": "#0"}
			}
		},
		{
			"from": [7.38408, -14.40362, 7.4],
			"to": [7.48408, -13.80362, 8.1],
			"rotation": {"angle": 22.5, "axis": "z", "origin": [7.74538, -14.45978, 7.75346]},
			"faces": {
				"north": {"uv": [8.25, 2.75, 8.375, 2.875], "texture": "#0"},
				"east": {"uv": [3, 8.25, 3.125, 8.375], "texture": "#0"},
				"south": {"uv": [8.25, 3, 8.375, 3.125], "texture": "#0"},
				"west": {"uv": [3.25, 8.25, 3.375, 8.375], "texture": "#0"},
				"up": {"uv": [8.375, 3.375, 8.25, 3.25], "texture": "#0"},
				"down": {"uv": [3.625, 8.25, 3.5, 8.375], "texture": "#0"}
			}
		},
		{
			"from": [6.9, 27.9, 6.9],
			"to": [8.6, 28.2, 8.6],
			"rotation": {"angle": 0, "axis": "y", "origin": [0, -2.1, 0]},
			"faces": {
				"north": {"uv": [7.25, 7, 7.625, 7.125], "texture": "#0"},
				"east": {"uv": [7.25, 7.25, 7.625, 7.375], "texture": "#0"},
				"south": {"uv": [0, 7.5, 0.375, 7.625], "texture": "#0"},
				"west": {"uv": [7.5, 0, 7.875, 0.125], "texture": "#0"},
				"up": {"uv": [1.875, 6.875, 1.5, 6.5], "texture": "#0"},
				"down": {"uv": [2.375, 6.5, 2, 6.875], "texture": "#0"}
			}
		},
		{
			"from": [7, 28.2, 7],
			"to": [8.5, 28.5, 8.5],
			"rotation": {"angle": 0, "axis": "y", "origin": [0, -2.1, 0]},
			"faces": {
				"north": {"uv": [7.5, 0.25, 7.875, 0.375], "texture": "#0"},
				"east": {"uv": [0.5, 7.5, 0.875, 7.625], "texture": "#0"},
				"south": {"uv": [7.5, 0.5, 7.875, 0.625], "texture": "#0"},
				"west": {"uv": [7.5, 0.75, 7.875, 0.875], "texture": "#0"},
				"up": {"uv": [2.875, 6.875, 2.5, 6.5], "texture": "#0"},
				"down": {"uv": [3.375, 6.5, 3, 6.875], "texture": "#0"}
			}
		},
		{
			"from": [7.1, 28.5, 7.1],
			"to": [8.4, 28.7, 8.4],
			"rotation": {"angle": 0, "axis": "y", "origin": [0, -2.1, 0]},
			"faces": {
				"north": {"uv": [1, 7.5, 1.375, 7.625], "texture": "#0"},
				"east": {"uv": [7.5, 1, 7.875, 1.125], "texture": "#0"},
				"south": {"uv": [7.5, 1.25, 7.875, 1.375], "texture": "#0"},
				"west": {"uv": [1.5, 7.5, 1.875, 7.625], "texture": "#0"},
				"up": {"uv": [3.875, 6.875, 3.5, 6.5], "texture": "#0"},
				"down": {"uv": [6.875, 3.75, 6.5, 4.125], "texture": "#0"}
			}
		},
		{
			"from": [7.2, 28.8, 7.2],
			"to": [8.3, 29, 8.3],
			"rotation": {"angle": 0, "axis": "y", "origin": [0, -2.1, 0]},
			"faces": {
				"north": {"uv": [0, 8, 0.25, 8.125], "texture": "#0"},
				"east": {"uv": [8, 0, 8.25, 0.125], "texture": "#0"},
				"south": {"uv": [0.25, 8, 0.5, 8.125], "texture": "#0"},
				"west": {"uv": [8, 0.25, 8.25, 0.375], "texture": "#0"},
				"up": {"uv": [5.25, 7.25, 5, 7], "texture": "#0"},
				"down": {"uv": [7.25, 5, 7, 5.25], "texture": "#0"}
			}
		},
		{
			"from": [7.3, 29, 7.3],
			"to": [8.2, 29.2, 8.2],
			"rotation": {"angle": 0, "axis": "y", "origin": [0, -2.1, 0]},
			"faces": {
				"north": {"uv": [8, 0.5, 8.25, 0.625], "texture": "#0"},
				"east": {"uv": [8, 0.75, 8.25, 0.875], "texture": "#0"},
				"south": {"uv": [1, 8, 1.25, 8.125], "texture": "#0"},
				"west": {"uv": [8, 1, 8.25, 1.125], "texture": "#0"},
				"up": {"uv": [5.5, 7.25, 5.25, 7], "texture": "#0"},
				"down": {"uv": [7.25, 5.25, 7, 5.5], "texture": "#0"}
			}
		},
		{
			"from": [7.4, 29.2, 7.4],
			"to": [8.1, 29.4, 8.1],
			"rotation": {"angle": 0, "axis": "y", "origin": [0, -2.1, 0]},
			"faces": {
				"north": {"uv": [8.25, 3.5, 8.375, 3.625], "texture": "#0"},
				"east": {"uv": [3.75, 8.25, 3.875, 8.375], "texture": "#0"},
				"south": {"uv": [8.25, 3.75, 8.375, 3.875], "texture": "#0"},
				"west": {"uv": [4, 8.25, 4.125, 8.375], "texture": "#0"},
				"up": {"uv": [8.375, 4.125, 8.25, 4], "texture": "#0"},
				"down": {"uv": [4.375, 8.25, 4.25, 8.375], "texture": "#0"}
			}
		},
		{
			"from": [7.5, 29.4, 7.5],
			"to": [8, 29.6, 8],
			"rotation": {"angle": 0, "axis": "y", "origin": [0, -2.1, 0]},
			"faces": {
				"north": {"uv": [8.25, 4.25, 8.375, 4.375], "texture": "#0"},
				"east": {"uv": [4.5, 8.25, 4.625, 8.375], "texture": "#0"},
				"south": {"uv": [8.25, 4.5, 8.375, 4.625], "texture": "#0"},
				"west": {"uv": [4.75, 8.25, 4.875, 8.375], "texture": "#0"},
				"up": {"uv": [8.375, 4.875, 8.25, 4.75], "texture": "#0"},
				"down": {"uv": [5.125, 8.25, 5, 8.375], "texture": "#0"}
			}
		},
		{
			"from": [7.2, 28.4779, 6.82203],
			"to": [8.3, 28.8779, 6.92203],
			"rotation": {"angle": 22.5, "axis": "x", "origin": [7.75, 27.9029, 6.87203]},
			"faces": {
				"north": {"uv": [1.25, 8, 1.5, 8.125], "texture": "#0"},
				"east": {"uv": [8.25, 5, 8.375, 5.125], "texture": "#0"},
				"south": {"uv": [8, 1.25, 8.25, 1.375], "texture": "#0"},
				"west": {"uv": [5.25, 8.25, 5.375, 8.375], "texture": "#0"},
				"up": {"uv": [1.75, 8.125, 1.5, 8], "texture": "#0"},
				"down": {"uv": [8.25, 1.5, 8, 1.625], "texture": "#0"}
			}
		},
		{
			"from": [7, 27.66, 7.88469],
			"to": [8.5, 27.96, 7.98469],
			"rotation": {"angle": -22.5, "axis": "x", "origin": [7.74538, 29.54022, 7.75346]},
			"faces": {
				"north": {"uv": [7.5, 1.5, 7.875, 1.625], "texture": "#0"},
				"east": {"uv": [8.25, 5.25, 8.375, 5.375], "texture": "#0"},
				"south": {"uv": [7.5, 1.75, 7.875, 1.875], "texture": "#0"},
				"west": {"uv": [5.5, 8.25, 5.625, 8.375], "texture": "#0"},
				"up": {"uv": [2.375, 7.625, 2, 7.5], "texture": "#0"},
				"down": {"uv": [2.875, 7.5, 2.5, 7.625], "texture": "#0"}
			}
		},
		{
			"from": [7.1, 27.96, 7.88469],
			"to": [8.4, 28.26, 7.98469],
			"rotation": {"angle": -22.5, "axis": "x", "origin": [7.74538, 29.54022, 7.75346]},
			"faces": {
				"north": {"uv": [7.5, 2.75, 7.875, 2.875], "texture": "#0"},
				"east": {"uv": [8.25, 5.5, 8.375, 5.625], "texture": "#0"},
				"south": {"uv": [7.5, 3, 7.875, 3.125], "texture": "#0"},
				"west": {"uv": [5.75, 8.25, 5.875, 8.375], "texture": "#0"},
				"up": {"uv": [3.625, 7.625, 3.25, 7.5], "texture": "#0"},
				"down": {"uv": [7.875, 3.5, 7.5, 3.625], "texture": "#0"}
			}
		},
		{
			"from": [7.2, 28.26, 7.88469],
			"to": [8.3, 28.66, 7.98469],
			"rotation": {"angle": -22.5, "axis": "x", "origin": [7.74538, 29.54022, 7.75346]},
			"faces": {
				"north": {"uv": [1.75, 8, 2, 8.125], "texture": "#0"},
				"east": {"uv": [8.25, 5.75, 8.375, 5.875], "texture": "#0"},
				"south": {"uv": [8, 1.75, 8.25, 1.875], "texture": "#0"},
				"west": {"uv": [6, 8.25, 6.125, 8.375], "texture": "#0"},
				"up": {"uv": [8.25, 2.125, 8, 2], "texture": "#0"},
				"down": {"uv": [2.5, 8, 2.25, 8.125], "texture": "#0"}
			}
		},
		{
			"from": [7.4, 28.66, 7.88469],
			"to": [8.1, 29.26, 7.98469],
			"rotation": {"angle": -22.5, "axis": "x", "origin": [7.74538, 29.54022, 7.75346]},
			"faces": {
				"north": {"uv": [8.25, 6, 8.375, 6.125], "texture": "#0"},
				"east": {"uv": [6.25, 8.25, 6.375, 8.375], "texture": "#0"},
				"south": {"uv": [8.25, 6.25, 8.375, 6.375], "texture": "#0"},
				"west": {"uv": [6.5, 8.25, 6.625, 8.375], "texture": "#0"},
				"up": {"uv": [8.375, 6.625, 8.25, 6.5], "texture": "#0"},
				"down": {"uv": [6.875, 8.25, 6.75, 8.375], "texture": "#0"}
			}
		},
		{
			"from": [7.4, 28.8779, 6.82203],
			"to": [8.1, 29.4779, 6.92203],
			"rotation": {"angle": 22.5, "axis": "x", "origin": [7.75, 27.9029, 6.87203]},
			"faces": {
				"north": {"uv": [8.25, 6.75, 8.375, 6.875], "texture": "#0"},
				"east": {"uv": [7, 8.25, 7.125, 8.375], "texture": "#0"},
				"south": {"uv": [8.25, 7, 8.375, 7.125], "texture": "#0"},
				"west": {"uv": [7.25, 8.25, 7.375, 8.375], "texture": "#0"},
				"up": {"uv": [8.375, 7.375, 8.25, 7.25], "texture": "#0"},
				"down": {"uv": [7.625, 8.25, 7.5, 8.375], "texture": "#0"}
			}
		},
		{
			"from": [7.1, 28.1779, 6.82203],
			"to": [8.4, 28.4779, 6.92203],
			"rotation": {"angle": 22.5, "axis": "x", "origin": [7.75, 27.9029, 6.87203]},
			"faces": {
				"north": {"uv": [7.5, 3.75, 7.875, 3.875], "texture": "#0"},
				"east": {"uv": [8.25, 7.5, 8.375, 7.625], "texture": "#0"},
				"south": {"uv": [4, 7.5, 4.375, 7.625], "texture": "#0"},
				"west": {"uv": [7.75, 8.25, 7.875, 8.375], "texture": "#0"},
				"up": {"uv": [4.875, 7.625, 4.5, 7.5], "texture": "#0"},
				"down": {"uv": [5.375, 7.5, 5, 7.625], "texture": "#0"}
			}
		},
		{
			"from": [7, 27.8779, 6.82203],
			"to": [8.5, 28.1779, 6.92203],
			"rotation": {"angle": 22.5, "axis": "x", "origin": [7.75, 27.9029, 6.87203]},
			"faces": {
				"north": {"uv": [5.5, 7.5, 5.875, 7.625], "texture": "#0"},
				"east": {"uv": [8.25, 7.75, 8.375, 7.875], "texture": "#0"},
				"south": {"uv": [7.5, 5.5, 7.875, 5.625], "texture": "#0"},
				"west": {"uv": [8, 8.25, 8.125, 8.375], "texture": "#0"},
				"up": {"uv": [7.875, 5.875, 7.5, 5.75], "texture": "#0"},
				"down": {"uv": [6.625, 7.5, 6.25, 7.625], "texture": "#0"}
			}
		},
		{
			"from": [7.51509, 27.65, 7],
			"to": [7.61509, 27.96557, 8.5],
			"rotation": {"angle": -22.5, "axis": "z", "origin": [7.74538, 29.54022, 7.75346]},
			"faces": {
				"north": {"uv": [8.25, 8, 8.375, 8.125], "texture": "#0"},
				"east": {"uv": [7.5, 6.25, 7.875, 6.375], "texture": "#0"},
				"south": {"uv": [8.25, 8.25, 8.375, 8.375], "texture": "#0"},
				"west": {"uv": [7.5, 6.5, 7.875, 6.625], "texture": "#0"},
				"up": {"uv": [7.375, 7.875, 7.25, 7.5], "texture": "#0"},
				"down": {"uv": [7.625, 7.5, 7.5, 7.875], "texture": "#0"}
			}
		},
		{
			"from": [7.51509, 27.96, 7.1],
			"to": [7.61509, 28.26, 8.4],
			"rotation": {"angle": -22.5, "axis": "z", "origin": [7.74538, 29.54022, 7.75346]},
			"faces": {
				"north": {"uv": [0, 8.5, 0.125, 8.625], "texture": "#0"},
				"east": {"uv": [7.5, 6.75, 7.875, 6.875], "texture": "#0"},
				"south": {"uv": [8.5, 0, 8.625, 0.125], "texture": "#0"},
				"west": {"uv": [0, 7.75, 0.375, 7.875], "texture": "#0"},
				"up": {"uv": [0.625, 8.125, 0.5, 7.75], "texture": "#0"},
				"down": {"uv": [0.875, 7.75, 0.75, 8.125], "texture": "#0"}
			}
		},
		{
			"from": [7.51509, 28.26, 7.2],
			"to": [7.61509, 28.66, 8.3],
			"rotation": {"angle": -22.5, "axis": "z", "origin": [7.74538, 29.54022, 7.75346]},
			"faces": {
				"north": {"uv": [0.25, 8.5, 0.375, 8.625], "texture": "#0"},
				"east": {"uv": [8, 2.25, 8.25, 2.375], "texture": "#0"},
				"south": {"uv": [8.5, 0.25, 8.625, 0.375], "texture": "#0"},
				"west": {"uv": [2.5, 8, 2.75, 8.125], "texture": "#0"},
				"up": {"uv": [8.125, 3, 8, 2.75], "texture": "#0"},
				"down": {"uv": [8.125, 3, 8, 3.25], "texture": "#0"}
			}
		},
		{
			"from": [7.51509, 28.66, 7.4],
			"to": [7.61509, 29.21, 8.1],
			"rotation": {"angle": -22.5, "axis": "z", "origin": [7.74538, 29.54022, 7.75346]},
			"faces": {
				"north": {"uv": [0.5, 8.5, 0.625, 8.625], "texture": "#0"},
				"east": {"uv": [8.5, 0.5, 8.625, 0.625], "texture": "#0"},
				"south": {"uv": [0.75, 8.5, 0.875, 8.625], "texture": "#0"},
				"west": {"uv": [8.5, 0.75, 8.625, 0.875], "texture": "#0"},
				"up": {"uv": [1.125, 8.625, 1, 8.5], "texture": "#0"},
				"down": {"uv": [8.625, 1, 8.5, 1.125], "texture": "#0"}
			}
		},
		{
			"from": [7.88408, 27.65, 7],
			"to": [7.98408, 27.95, 8.5],
			"rotation": {"angle": 22.5, "axis": "z", "origin": [7.74538, 29.54022, 7.75346]},
			"faces": {
				"north": {"uv": [1.25, 8.5, 1.375, 8.625], "texture": "#0"},
				"east": {"uv": [1, 7.75, 1.375, 7.875], "texture": "#0"},
				"south": {"uv": [8.5, 1.25, 8.625, 1.375], "texture": "#0"},
				"west": {"uv": [1.5, 7.75, 1.875, 7.875], "texture": "#0"},
				"up": {"uv": [2.125, 8.125, 2, 7.75], "texture": "#0"},
				"down": {"uv": [7.875, 2, 7.75, 2.375], "texture": "#0"}
			}
		},
		{
			"from": [7.88408, 27.95, 7.1],
			"to": [7.98408, 28.25, 8.4],
			"rotation": {"angle": 22.5, "axis": "z", "origin": [7.74538, 29.54022, 7.75346]},
			"faces": {
				"north": {"uv": [1.5, 8.5, 1.625, 8.625], "texture": "#0"},
				"east": {"uv": [2.25, 7.75, 2.625, 7.875], "texture": "#0"},
				"south": {"uv": [8.5, 1.5, 8.625, 1.625], "texture": "#0"},
				"west": {"uv": [7.75, 2.5, 8.125, 2.625], "texture": "#0"},
				"up": {"uv": [2.875, 8.125, 2.75, 7.75], "texture": "#0"},
				"down": {"uv": [3.125, 7.75, 3, 8.125], "texture": "#0"}
			}
		},
		{
			"from": [7.88408, 28.25, 7.2],
			"to": [7.98408, 28.65, 8.3],
			"rotation": {"angle": 22.5, "axis": "z", "origin": [7.74538, 29.54022, 7.75346]},
			"faces": {
				"north": {"uv": [1.75, 8.5, 1.875, 8.625], "texture": "#0"},
				"east": {"uv": [3.25, 8, 3.5, 8.125], "texture": "#0"},
				"south": {"uv": [8.5, 1.75, 8.625, 1.875], "texture": "#0"},
				"west": {"uv": [3.5, 8, 3.75, 8.125], "texture": "#0"},
				"up": {"uv": [8.125, 3.75, 8, 3.5], "texture": "#0"},
				"down": {"uv": [3.875, 8, 3.75, 8.25], "texture": "#0"}
			}
		},
		{
			"from": [7.88408, 28.65, 7.4],
			"to": [7.98408, 29.2, 8.1],
			"rotation": {"angle": 22.5, "axis": "z", "origin": [7.74538, 29.54022, 7.75346]},
			"faces": {
				"north": {"uv": [2, 8.5, 2.125, 8.625], "texture": "#0"},
				"east": {"uv": [8.5, 2, 8.625, 2.125], "texture": "#0"},
				"south": {"uv": [2.25, 8.5, 2.375, 8.625], "texture": "#0"},
				"west": {"uv": [8.5, 2.25, 8.625, 2.375], "texture": "#0"},
				"up": {"uv": [2.625, 8.625, 2.5, 8.5], "texture": "#0"},
				"down": {"uv": [8.625, 2.5, 8.5, 2.625], "texture": "#0"}
			}
		},
		{
			"from": [7.2, -14, 7.2],
			"to": [8.3, -13.8, 8.3],
			"rotation": {"angle": 0, "axis": "y", "origin": [0, -2.1, 0]},
			"faces": {
				"north": {"uv": [8, 3.75, 8.25, 3.875], "texture": "#0"},
				"east": {"uv": [4, 8, 4.25, 8.125], "texture": "#0"},
				"south": {"uv": [4.25, 8, 4.5, 8.125], "texture": "#0"},
				"west": {"uv": [4.5, 8, 4.75, 8.125], "texture": "#0"},
				"up": {"uv": [5.75, 7.25, 5.5, 7], "texture": "#0"},
				"down": {"uv": [7.25, 5.5, 7, 5.75], "texture": "#0"}
			}
		},
		{
			"from": [6.9, -13.4, 6.9],
			"to": [8.6, -13.1, 8.6],
			"rotation": {"angle": 0, "axis": "y", "origin": [0, -2.1, 0]},
			"faces": {
				"north": {"uv": [3.25, 7.75, 3.625, 7.875], "texture": "#0"},
				"east": {"uv": [7.75, 3.25, 8.125, 3.375], "texture": "#0"},
				"south": {"uv": [3.75, 7.75, 4.125, 7.875], "texture": "#0"},
				"west": {"uv": [7.75, 4, 8.125, 4.125], "texture": "#0"},
				"up": {"uv": [4.375, 6.875, 4, 6.5], "texture": "#0"},
				"down": {"uv": [6.875, 4.25, 6.5, 4.625], "texture": "#0"}
			}
		},
		{
			"from": [7.5, -14.9, 7.5],
			"to": [8, -14.7, 8],
			"rotation": {"angle": 0, "axis": "y", "origin": [0, -2.1, 0]},
			"faces": {
				"north": {"uv": [2.75, 8.5, 2.875, 8.625], "texture": "#0"},
				"east": {"uv": [8.5, 2.75, 8.625, 2.875], "texture": "#0"},
				"south": {"uv": [3, 8.5, 3.125, 8.625], "texture": "#0"},
				"west": {"uv": [8.5, 3, 8.625, 3.125], "texture": "#0"},
				"up": {"uv": [3.375, 8.625, 3.25, 8.5], "texture": "#0"},
				"down": {"uv": [8.625, 3.25, 8.5, 3.375], "texture": "#0"}
			}
		},
		{
			"from": [7.4, -14.7, 7.4],
			"to": [8.1, -14.5, 8.1],
			"rotation": {"angle": 0, "axis": "y", "origin": [0, -2.1, 0]},
			"faces": {
				"north": {"uv": [3.5, 8.5, 3.625, 8.625], "texture": "#0"},
				"east": {"uv": [8.5, 3.5, 8.625, 3.625], "texture": "#0"},
				"south": {"uv": [3.75, 8.5, 3.875, 8.625], "texture": "#0"},
				"west": {"uv": [8.5, 3.75, 8.625, 3.875], "texture": "#0"},
				"up": {"uv": [4.125, 8.625, 4, 8.5], "texture": "#0"},
				"down": {"uv": [8.625, 4, 8.5, 4.125], "texture": "#0"}
			}
		},
		{
			"from": [7.3, -14.4, 7.3],
			"to": [8.2, -14.2, 8.2],
			"rotation": {"angle": 0, "axis": "y", "origin": [0, -2.1, 0]},
			"faces": {
				"north": {"uv": [4.75, 8, 5, 8.125], "texture": "#0"},
				"east": {"uv": [8, 4.75, 8.25, 4.875], "texture": "#0"},
				"south": {"uv": [5, 8, 5.25, 8.125], "texture": "#0"},
				"west": {"uv": [8, 5, 8.25, 5.125], "texture": "#0"},
				"up": {"uv": [6, 7.25, 5.75, 7], "texture": "#0"},
				"down": {"uv": [7.25, 5.75, 7, 6], "texture": "#0"}
			}
		},
		{
			"from": [7.2, -14.2, 7.2],
			"to": [8.3, -14, 8.3],
			"rotation": {"angle": 0, "axis": "y", "origin": [0, -2.1, 0]},
			"faces": {
				"north": {"uv": [5.25, 8, 5.5, 8.125], "texture": "#0"},
				"east": {"uv": [8, 5.25, 8.25, 5.375], "texture": "#0"},
				"south": {"uv": [5.5, 8, 5.75, 8.125], "texture": "#0"},
				"west": {"uv": [8, 5.5, 8.25, 5.625], "texture": "#0"},
				"up": {"uv": [6.25, 7.25, 6, 7], "texture": "#0"},
				"down": {"uv": [7.25, 6, 7, 6.25], "texture": "#0"}
			}
		},
		{
			"from": [7.1, -13.9, 7.1],
			"to": [8.4, -13.7, 8.4],
			"rotation": {"angle": 0, "axis": "y", "origin": [0, -2.1, 0]},
			"faces": {
				"north": {"uv": [4.25, 7.75, 4.625, 7.875], "texture": "#0"},
				"east": {"uv": [7.75, 4.25, 8.125, 4.375], "texture": "#0"},
				"south": {"uv": [7.75, 4.5, 8.125, 4.625], "texture": "#0"},
				"west": {"uv": [4.75, 7.75, 5.125, 7.875], "texture": "#0"},
				"up": {"uv": [4.875, 6.875, 4.5, 6.5], "texture": "#0"},
				"down": {"uv": [6.875, 4.75, 6.5, 5.125], "texture": "#0"}
			}
		}
	],
	"display": {
		"thirdperson_righthand": {
			"translation": [0, 1, 1.25]
		},
		"thirdperson_lefthand": {
			"translation": [0, 1, 1.25]
		},
		"firstperson_righthand": {
			"rotation": [0, 104, 0]
		},
		"firstperson_lefthand": {
			"rotation": [0, 104, 0]
		},
		"ground": {
			"rotation": [90, 0, 0]
		},
		"gui": {
			"rotation": [-40, 17, 45],
			"translation": [0, 0.5, 0],
			"scale": [0.5, 0.5, 0.5]
		},
		"head": {
			"rotation": [0, 0, 46.5],
			"translation": [-1.5, -14, 4.5],
			"scale": [1.5, 1.5, 1.5]
		},
		"fixed": {
			"translation": [0, 0, -0.75],
			"scale": [1.9, 1.9, 1.9]
		}
	},
	"groups": [
		{
			"name": "group",
			"origin": [0, -2.1, 0],
			"color": 0,
			"children": [
				0,
				1,
				2,
				3,
				4,
				5,
				6,
				7,
				8,
				9,
				10,
				11,
				12,
				13,
				14,
				15,
				16,
				17,
				18,
				19,
				20,
				21,
				22,
				23,
				24,
				25,
				26,
				27,
				28,
				29,
				30,
				31,
				32,
				33,
				34,
				35,
				36,
				37,
				38,
				39,
				40,
				41,
				42,
				43,
				44,
				45,
				46,
				47,
				48,
				49,
				50,
				51,
				52,
				53,
				54,
				55,
				56,
				57,
				58,
				59,
				60,
				61,
				62,
				63,
				64,
				65,
				66,
				67,
				68,
				69,
				70,
				71,
				72,
				73
			]
		}
	]
}