{
	"credit": "Made with Blockbench",
	"textures": {
		"0": "block/dark_oak_planks"
	},
	"elements": [
		{
			"name": "Surface1",
			"from": [0, 11.75, 0],
			"to": [16, 14.75, 16],
			"faces": {
				"north": {"uv": [0, 3, 16, 6], "texture": "#0"},
				"east": {"uv": [0, 11, 16, 14], "texture": "#0"},
				"south": {"uv": [0, 3, 16, 6], "texture": "#0"},
				"west": {"uv": [0, 7, 16, 10], "texture": "#0"},
				"up": {"uv": [0, 0, 16, 16], "rotation": 180, "texture": "#0"},
				"down": {"uv": [0, 0, 16, 16], "texture": "#0"}
			}
		},
		{
			"name": "Surface2",
			"from": [0.85, 10.75, 0.85],
			"to": [15.15, 12.75, 15.15],
			"faces": {
				"north": {"uv": [0.5, 1, 15, 3], "rotation": 180, "texture": "#0"},
				"east": {"uv": [0.5, 9, 15, 11], "texture": "#0"},
				"south": {"uv": [1, 0, 15.5, 2], "texture": "#0"},
				"west": {"uv": [0.5, 4, 15, 6], "texture": "#0"},
				"down": {"uv": [1, 1, 15.5, 15.5], "texture": "#0"}
			}
		},
		{
			"name": "Beam1",
			"from": [1.25, 9.75, 2.75],
			"to": [2.75, 10.75, 13],
			"faces": {
				"east": {"uv": [4.5, 3, 14.75, 4], "rotation": 180, "texture": "#0"},
				"west": {"uv": [3, 3, 13.25, 4], "texture": "#0"},
				"down": {"uv": [2, 3, 12.25, 4], "rotation": 270, "texture": "#0"}
			}
		},
		{
			"name": "Beam2",
			"from": [13.25, 9.75, 2.75],
			"to": [14.75, 10.75, 13],
			"faces": {
				"east": {"uv": [3, 3, 13.25, 4], "rotation": 180, "texture": "#0"},
				"west": {"uv": [2.5, 3, 12.75, 4], "texture": "#0"},
				"down": {"uv": [2, 3, 12.25, 4], "rotation": 270, "texture": "#0"}
			}
		},
		{
			"name": "Beam3",
			"from": [2.75, 9.75, 1.25],
			"to": [13.25, 10.75, 2.75],
			"faces": {
				"north": {"uv": [4, 3, 14.5, 4], "texture": "#0"},
				"south": {"uv": [2, 3, 12.5, 4], "texture": "#0"},
				"down": {"uv": [3, 3, 13.5, 4], "texture": "#0"}
			}
		},
		{
			"name": "Beam4",
			"from": [2.75, 9.75, 13.25],
			"to": [13.25, 10.75, 14.75],
			"faces": {
				"north": {"uv": [2, 3, 12.5, 4], "texture": "#0"},
				"south": {"uv": [1, 3, 11.5, 4], "texture": "#0"},
				"down": {"uv": [3, 3, 13.5, 4], "texture": "#0"}
			}
		},
		{
			"name": "Top Leg 1",
			"from": [1, 8.75, 12],
			"to": [4, 10.75, 15],
			"faces": {
				"north": {"uv": [9, 3, 12, 5], "texture": "#0"},
				"east": {"uv": [6, 3, 9, 5], "texture": "#0"},
				"south": {"uv": [3, 3, 6, 5], "texture": "#0"},
				"west": {"uv": [0, 3, 3, 5], "texture": "#0"},
				"down": {"uv": [0, 0, 3, 3], "texture": "#0"}
			}
		},
		{
			"name": "Bottom Leg 1",
			"from": [1.5, -0.25, 12.5],
			"to": [3.5, 10.75, 14.5],
			"faces": {
				"north": {"uv": [6, 0, 8, 11], "texture": "#0"},
				"east": {"uv": [4, 0, 6, 11], "texture": "#0"},
				"south": {"uv": [2, 0, 4, 11], "texture": "#0"},
				"west": {"uv": [0, 0, 2, 11], "texture": "#0"},
				"down": {"uv": [0, 0, 2, 2], "texture": "#0"}
			}
		},
		{
			"name": "Bump Leg 1",
			"from": [1, 0.75, 12],
			"to": [4, 2.75, 15],
			"faces": {
				"north": {"uv": [12, 3, 15, 5], "texture": "#0"},
				"east": {"uv": [9, 3, 12, 5], "texture": "#0"},
				"south": {"uv": [6, 3, 9, 5], "texture": "#0"},
				"west": {"uv": [3, 3, 6, 5], "texture": "#0"},
				"up": {"uv": [11, 3, 12, 4], "texture": "#0"},
				"down": {"uv": [0, 0, 3, 3], "texture": "#0"}
			}
		},
		{
			"name": "Top Leg 2",
			"from": [12, 0.75, 12],
			"to": [15, 2.75, 15],
			"faces": {
				"north": {"uv": [12, 3, 15, 5], "texture": "#0"},
				"east": {"uv": [9, 3, 12, 5], "texture": "#0"},
				"south": {"uv": [6, 3, 9, 5], "texture": "#0"},
				"west": {"uv": [3, 3, 6, 5], "texture": "#0"},
				"up": {"uv": [11, 3, 12, 4], "texture": "#0"},
				"down": {"uv": [0, 0, 3, 3], "texture": "#0"}
			}
		},
		{
			"name": "Bottom Leg 2",
			"from": [12.5, -0.25, 12.5],
			"to": [14.5, 10.75, 14.5],
			"faces": {
				"north": {"uv": [0, 0, 2, 11], "texture": "#0"},
				"east": {"uv": [6, 0, 8, 11], "texture": "#0"},
				"south": {"uv": [4, 0, 6, 11], "texture": "#0"},
				"west": {"uv": [2, 0, 4, 11], "texture": "#0"},
				"down": {"uv": [0, 0, 2, 2], "texture": "#0"}
			}
		},
		{
			"name": "Bump Leg 2",
			"from": [12, 8.75, 12],
			"to": [15, 10.75, 15],
			"faces": {
				"north": {"uv": [12, 3, 15, 5], "texture": "#0"},
				"east": {"uv": [9, 3, 12, 5], "texture": "#0"},
				"south": {"uv": [6, 3, 9, 5], "texture": "#0"},
				"west": {"uv": [3, 3, 6, 5], "texture": "#0"},
				"down": {"uv": [0, 0, 3, 3], "texture": "#0"}
			}
		},
		{
			"name": "Top Leg 2",
			"from": [12, 8.75, 1],
			"to": [15, 10.75, 4],
			"faces": {
				"north": {"uv": [9, 3, 12, 5], "texture": "#0"},
				"east": {"uv": [6, 3, 9, 5], "texture": "#0"},
				"south": {"uv": [3, 3, 6, 5], "texture": "#0"},
				"west": {"uv": [0, 3, 3, 5], "texture": "#0"},
				"down": {"uv": [0, 0, 3, 3], "texture": "#0"}
			}
		},
		{
			"name": "Bottom Leg 2",
			"from": [12.5, -0.25, 1.5],
			"to": [14.5, 10.75, 3.5],
			"faces": {
				"north": {"uv": [6, 0, 8, 11], "texture": "#0"},
				"east": {"uv": [4, 0, 6, 11], "texture": "#0"},
				"south": {"uv": [2, 0, 4, 11], "texture": "#0"},
				"west": {"uv": [0, 0, 2, 11], "texture": "#0"},
				"down": {"uv": [0, 0, 2, 2], "texture": "#0"}
			}
		},
		{
			"name": "Bump Leg 2",
			"from": [12, 0.75, 1],
			"to": [15, 2.75, 4],
			"faces": {
				"north": {"uv": [12, 3, 15, 5], "texture": "#0"},
				"east": {"uv": [9, 3, 12, 5], "texture": "#0"},
				"south": {"uv": [6, 3, 9, 5], "texture": "#0"},
				"west": {"uv": [3, 3, 6, 5], "texture": "#0"},
				"up": {"uv": [11, 3, 12, 4], "texture": "#0"},
				"down": {"uv": [0, 0, 3, 3], "texture": "#0"}
			}
		},
		{
			"name": "Bump Leg 3",
			"from": [1, 8.75, 1],
			"to": [4, 10.75, 4],
			"faces": {
				"north": {"uv": [12, 3, 15, 5], "texture": "#0"},
				"east": {"uv": [9, 3, 12, 5], "texture": "#0"},
				"south": {"uv": [6, 3, 9, 5], "texture": "#0"},
				"west": {"uv": [3, 3, 6, 5], "texture": "#0"},
				"down": {"uv": [0, 0, 3, 3], "texture": "#0"}
			}
		},
		{
			"name": "Bottom Leg 3",
			"from": [1.5, -0.25, 1.5],
			"to": [3.5, 10.75, 3.5],
			"faces": {
				"north": {"uv": [0, 0, 2, 11], "texture": "#0"},
				"east": {"uv": [6, 0, 8, 11], "texture": "#0"},
				"south": {"uv": [4, 0, 6, 11], "texture": "#0"},
				"west": {"uv": [2, 0, 4, 11], "texture": "#0"},
				"down": {"uv": [0, 0, 2, 2], "texture": "#0"}
			}
		},
		{
			"name": "Top Leg 3",
			"from": [1, 0.75, 1],
			"to": [4, 2.75, 4],
			"faces": {
				"north": {"uv": [12, 3, 15, 5], "texture": "#0"},
				"east": {"uv": [9, 3, 12, 5], "texture": "#0"},
				"south": {"uv": [6, 3, 9, 5], "texture": "#0"},
				"west": {"uv": [3, 3, 6, 5], "texture": "#0"},
				"up": {"uv": [11, 3, 12, 4], "texture": "#0"},
				"down": {"uv": [0, 0, 3, 3], "texture": "#0"}
			}
		}
	],
	"display": {
		"thirdperson_righthand": {
			"rotation": [45, 0, 0],
			"translation": [0, 1, 0],
			"scale": [0.35, 0.35, 0.35]
		},
		"thirdperson_lefthand": {
			"rotation": [45, 0, 0],
			"translation": [0, 1, 0],
			"scale": [0.35, 0.35, 0.35]
		},
		"firstperson_righthand": {
			"rotation": [-10, 15, 0],
			"translation": [1, 0, 0],
			"scale": [0.4, 0.4, 0.4]
		},
		"firstperson_lefthand": {
			"rotation": [-10, 15, 0],
			"translation": [1, 0, 0],
			"scale": [0.4, 0.4, 0.4]
		},
		"ground": {
			"translation": [0, 1, 0],
			"scale": [0.3, 0.3, 0.3]
		},
		"gui": {
			"rotation": [35, -135, 0],
			"translation": [0, -2, 0],
			"scale": [0.5, 0.5, 0.5]
		},
		"head": {
			"translation": [0, -31.5, 0],
			"scale": [2.29, 2.5, 2.29]
		},
		"fixed": {
			"scale": [0.8, 0.8, 0.8]
		}
	}
}