{
	"credit": "Made with Blockbench",
	"texture_size": [32, 32],
	"textures": {
		"3": "item/skullknighthelmet",
		"4": "item/skhelmetarmor",
		"5": "item/eyeskullknarmorhelmet",
		"particle": "item/skhelmetarmor"
	},
	"elements": [
		{
			"from": [3, 18, 2],
			"to": [13, 28, 12],
			"rotation": {"angle": 0, "axis": "y", "origin": [0, 18, 0]},
			"faces": {
				"north": {"uv": [0, 0, 5, 5], "texture": "#4"},
				"east": {"uv": [0, 5, 5, 10], "texture": "#4"},
				"south": {"uv": [5, 0, 10, 5], "texture": "#4"},
				"west": {"uv": [5, 5, 10, 10], "texture": "#4"},
				"up": {"uv": [5, 15, 0, 10], "texture": "#4"},
				"down": {"uv": [15, 0, 10, 5], "texture": "#4"}
			}
		},
		{
			"from": [3.1, 18.1, 2.2],
			"to": [12.9, 27.9, 11.8],
			"rotation": {"angle": 0, "axis": "y", "origin": [0, 18, 0]},
			"faces": {
				"north": {"uv": [0, 0, 4.875, 4.875], "texture": "#5"},
				"east": {"uv": [0, 5, 4.875, 9.875], "texture": "#5"},
				"south": {"uv": [5, 0, 9.875, 4.875], "texture": "#5"},
				"west": {"uv": [5, 5, 9.875, 9.875], "texture": "#5"},
				"up": {"uv": [4.875, 14.875, 0, 10], "texture": "#5"},
				"down": {"uv": [14.875, 0, 10, 4.875], "texture": "#5"}
			}
		},
		{
			"from": [8.8, 24.4, 2.7],
			"to": [9.2, 31.4, 3.7],
			"rotation": {"angle": -22.5, "axis": "z", "origin": [0, 18, 0]},
			"faces": {
				"north": {"uv": [5.375, 7.125, 5.4375, 8], "texture": "#3"},
				"east": {"uv": [5.375, 6.25, 5.5, 7.125], "texture": "#3"},
				"south": {"uv": [6.875, 7.125, 6.9375, 8], "texture": "#3"},
				"west": {"uv": [5.5, 6.625, 5.625, 7.5], "texture": "#3"},
				"up": {"uv": [8.0625, 3.125, 8, 3], "texture": "#3"},
				"down": {"uv": [8.0625, 3.125, 8, 3.25], "texture": "#3"}
			}
		},
		{
			"from": [8.8, 24.4, 4.7],
			"to": [9.2, 31.4, 5.7],
			"rotation": {"angle": -22.5, "axis": "z", "origin": [0, 18, 0]},
			"faces": {
				"north": {"uv": [7, 7.125, 7.0625, 8], "texture": "#3"},
				"east": {"uv": [5.625, 6.625, 5.75, 7.5], "texture": "#3"},
				"south": {"uv": [7.125, 7.125, 7.1875, 8], "texture": "#3"},
				"west": {"uv": [5.75, 6.625, 5.875, 7.5], "texture": "#3"},
				"up": {"uv": [8.0625, 3.375, 8, 3.25], "texture": "#3"},
				"down": {"uv": [8.0625, 3.375, 8, 3.5], "texture": "#3"}
			}
		},
		{
			"from": [8.8, 24.4, 6.7],
			"to": [9.2, 31.4, 7.7],
			"rotation": {"angle": -22.5, "axis": "z", "origin": [0, 18, 0]},
			"faces": {
				"north": {"uv": [7.25, 3.75, 7.3125, 4.625], "texture": "#3"},
				"east": {"uv": [6.625, 6.375, 6.75, 7.25], "texture": "#3"},
				"south": {"uv": [7.25, 4.625, 7.3125, 5.5], "texture": "#3"},
				"west": {"uv": [6.75, 0, 6.875, 0.875], "texture": "#3"},
				"up": {"uv": [8.0625, 3.625, 8, 3.5], "texture": "#3"},
				"down": {"uv": [3.6875, 8, 3.625, 8.125], "texture": "#3"}
			}
		},
		{
			"from": [8.8, 24.4, 8.7],
			"to": [9.2, 31.4, 9.7],
			"rotation": {"angle": -22.5, "axis": "z", "origin": [0, 18, 0]},
			"faces": {
				"north": {"uv": [4.75, 7.25, 4.8125, 8.125], "texture": "#3"},
				"east": {"uv": [6.75, 0.875, 6.875, 1.75], "texture": "#3"},
				"south": {"uv": [4.875, 7.25, 4.9375, 8.125], "texture": "#3"},
				"west": {"uv": [2.125, 6.75, 2.25, 7.625], "texture": "#3"},
				"up": {"uv": [8.0625, 3.75, 8, 3.625], "texture": "#3"},
				"down": {"uv": [3.8125, 8, 3.75, 8.125], "texture": "#3"}
			}
		},
		{
			"from": [8.8, 24.4, 10.7],
			"to": [9.2, 31.4, 11.7],
			"rotation": {"angle": -22.5, "axis": "z", "origin": [0, 18, 0]},
			"faces": {
				"north": {"uv": [7.25, 5.5, 7.3125, 6.375], "texture": "#3"},
				"east": {"uv": [2.25, 6.75, 2.375, 7.625], "texture": "#3"},
				"south": {"uv": [7.25, 6.375, 7.3125, 7.25], "texture": "#3"},
				"west": {"uv": [2.375, 6.75, 2.5, 7.625], "texture": "#3"},
				"up": {"uv": [8.0625, 3.875, 8, 3.75], "texture": "#3"},
				"down": {"uv": [3.9375, 8, 3.875, 8.125], "texture": "#3"}
			}
		},
		{
			"from": [5.5, 18.3, 10.7],
			"to": [5.9, 25.3, 11.7],
			"rotation": {"angle": 22.5, "axis": "z", "origin": [0, 18, 0]},
			"faces": {
				"north": {"uv": [6.625, 7.25, 6.6875, 8.125], "texture": "#3"},
				"east": {"uv": [2.5, 6.75, 2.625, 7.625], "texture": "#3"},
				"south": {"uv": [6.75, 7.25, 6.8125, 8.125], "texture": "#3"},
				"west": {"uv": [2.625, 6.75, 2.75, 7.625], "texture": "#3"},
				"up": {"uv": [8.0625, 4, 8, 3.875], "texture": "#3"},
				"down": {"uv": [4.0625, 8, 4, 8.125], "texture": "#3"}
			}
		},
		{
			"from": [5.5, 18.3, 8.7],
			"to": [5.9, 25.3, 9.7],
			"rotation": {"angle": 22.5, "axis": "z", "origin": [0, 18, 0]},
			"faces": {
				"north": {"uv": [7.25, 7.25, 7.3125, 8.125], "texture": "#3"},
				"east": {"uv": [5, 6.75, 5.125, 7.625], "texture": "#3"},
				"south": {"uv": [7.375, 0, 7.4375, 0.875], "texture": "#3"},
				"west": {"uv": [5.125, 6.75, 5.25, 7.625], "texture": "#3"},
				"up": {"uv": [8.0625, 4.125, 8, 4], "texture": "#3"},
				"down": {"uv": [4.1875, 8, 4.125, 8.125], "texture": "#3"}
			}
		},
		{
			"from": [5.5, 18.3, 6.7],
			"to": [5.9, 25.3, 7.7],
			"rotation": {"angle": 22.5, "axis": "z", "origin": [0, 18, 0]},
			"faces": {
				"north": {"uv": [7.375, 1.5, 7.4375, 2.375], "texture": "#3"},
				"east": {"uv": [5.25, 6.75, 5.375, 7.625], "texture": "#3"},
				"south": {"uv": [7.375, 2.375, 7.4375, 3.25], "texture": "#3"},
				"west": {"uv": [6.75, 6.375, 6.875, 7.25], "texture": "#3"},
				"up": {"uv": [8.0625, 4.25, 8, 4.125], "texture": "#3"},
				"down": {"uv": [4.3125, 8, 4.25, 8.125], "texture": "#3"}
			}
		},
		{
			"from": [5.5, 18.3, 4.7],
			"to": [5.9, 25.3, 5.7],
			"rotation": {"angle": 22.5, "axis": "z", "origin": [0, 18, 0]},
			"faces": {
				"north": {"uv": [7.375, 3.25, 7.4375, 4.125], "texture": "#3"},
				"east": {"uv": [6.875, 0, 7, 0.875], "texture": "#3"},
				"south": {"uv": [7.375, 4.125, 7.4375, 5], "texture": "#3"},
				"west": {"uv": [6.875, 0.875, 7, 1.75], "texture": "#3"},
				"up": {"uv": [8.0625, 4.375, 8, 4.25], "texture": "#3"},
				"down": {"uv": [4.4375, 8, 4.375, 8.125], "texture": "#3"}
			}
		},
		{
			"from": [5.5, 18.3, 2.7],
			"to": [5.9, 25.3, 3.7],
			"rotation": {"angle": 22.5, "axis": "z", "origin": [0, 18, 0]},
			"faces": {
				"north": {"uv": [7.375, 5, 7.4375, 5.875], "texture": "#3"},
				"east": {"uv": [2.75, 6.875, 2.875, 7.75], "texture": "#3"},
				"south": {"uv": [7.375, 5.875, 7.4375, 6.75], "texture": "#3"},
				"west": {"uv": [2.875, 6.875, 3, 7.75], "texture": "#3"},
				"up": {"uv": [8.0625, 4.5, 8, 4.375], "texture": "#3"},
				"down": {"uv": [4.5625, 8, 4.5, 8.125], "texture": "#3"}
			}
		},
		{
			"from": [11.6, 18.3, 8.9],
			"to": [12.6, 25.3, 9.3],
			"rotation": {"angle": 22.5, "axis": "x", "origin": [0.9, 18, 14.8]},
			"faces": {
				"north": {"uv": [3, 6.875, 3.125, 7.75], "texture": "#3"},
				"east": {"uv": [6.5, 7.375, 6.5625, 8.25], "texture": "#3"},
				"south": {"uv": [3.125, 6.875, 3.25, 7.75], "texture": "#3"},
				"west": {"uv": [7.375, 6.75, 7.4375, 7.625], "texture": "#3"},
				"up": {"uv": [8.125, 4.5625, 8, 4.5], "texture": "#3"},
				"down": {"uv": [4.75, 8, 4.625, 8.0625], "texture": "#3"}
			}
		},
		{
			"from": [9.6, 18.3, 8.9],
			"to": [10.6, 25.3, 9.3],
			"rotation": {"angle": 22.5, "axis": "x", "origin": [0.9, 18, 14.8]},
			"faces": {
				"north": {"uv": [3.25, 6.875, 3.375, 7.75], "texture": "#3"},
				"east": {"uv": [7.5, 0, 7.5625, 0.875], "texture": "#3"},
				"south": {"uv": [3.375, 6.875, 3.5, 7.75], "texture": "#3"},
				"west": {"uv": [7.5, 1.5, 7.5625, 2.375], "texture": "#3"},
				"up": {"uv": [8.125, 4.6875, 8, 4.625], "texture": "#3"},
				"down": {"uv": [8.125, 4.75, 8, 4.8125], "texture": "#3"}
			}
		},
		{
			"from": [7.6, 18.3, 8.9],
			"to": [8.6, 25.3, 9.3],
			"rotation": {"angle": 22.5, "axis": "x", "origin": [0.9, 18, 14.8]},
			"faces": {
				"north": {"uv": [3.5, 6.875, 3.625, 7.75], "texture": "#3"},
				"east": {"uv": [7.5, 2.375, 7.5625, 3.25], "texture": "#3"},
				"south": {"uv": [3.625, 6.875, 3.75, 7.75], "texture": "#3"},
				"west": {"uv": [7.5, 3.25, 7.5625, 4.125], "texture": "#3"},
				"up": {"uv": [8.125, 4.9375, 8, 4.875], "texture": "#3"},
				"down": {"uv": [8.125, 5, 8, 5.0625], "texture": "#3"}
			}
		},
		{
			"from": [5.6, 18.3, 8.9],
			"to": [6.6, 25.3, 9.3],
			"rotation": {"angle": 22.5, "axis": "x", "origin": [0.9, 18, 14.8]},
			"faces": {
				"north": {"uv": [3.75, 6.875, 3.875, 7.75], "texture": "#3"},
				"east": {"uv": [7.5, 4.125, 7.5625, 5], "texture": "#3"},
				"south": {"uv": [3.875, 6.875, 4, 7.75], "texture": "#3"},
				"west": {"uv": [7.5, 5, 7.5625, 5.875], "texture": "#3"},
				"up": {"uv": [8.125, 5.1875, 8, 5.125], "texture": "#3"},
				"down": {"uv": [8.125, 5.25, 8, 5.3125], "texture": "#3"}
			}
		},
		{
			"from": [3.6, 18.3, 8.9],
			"to": [4.6, 25.3, 9.3],
			"rotation": {"angle": 22.5, "axis": "x", "origin": [0.9, 18, 14.8]},
			"faces": {
				"north": {"uv": [4, 6.875, 4.125, 7.75], "texture": "#3"},
				"east": {"uv": [5.5, 7.5, 5.5625, 8.375], "texture": "#3"},
				"south": {"uv": [4.125, 6.875, 4.25, 7.75], "texture": "#3"},
				"west": {"uv": [5.625, 7.5, 5.6875, 8.375], "texture": "#3"},
				"up": {"uv": [5.5, 8.0625, 5.375, 8], "texture": "#3"},
				"down": {"uv": [8.125, 5.375, 8, 5.4375], "texture": "#3"}
			}
		},
		{
			"from": [3.6, 22.6, 3.8],
			"to": [4.6, 29.6, 4.2],
			"rotation": {"angle": -22.5, "axis": "x", "origin": [0.9, 22.3, 9.1]},
			"faces": {
				"north": {"uv": [4.25, 6.875, 4.375, 7.75], "texture": "#3"},
				"east": {"uv": [5.75, 7.5, 5.8125, 8.375], "texture": "#3"},
				"south": {"uv": [4.375, 6.875, 4.5, 7.75], "texture": "#3"},
				"west": {"uv": [7.5, 5.875, 7.5625, 6.75], "texture": "#3"},
				"up": {"uv": [8.125, 5.5625, 8, 5.5], "texture": "#3"},
				"down": {"uv": [8.125, 5.625, 8, 5.6875], "texture": "#3"}
			}
		},
		{
			"from": [5.6, 22.6, 3.8],
			"to": [6.6, 29.6, 4.2],
			"rotation": {"angle": -22.5, "axis": "x", "origin": [0.9, 22.3, 9.1]},
			"faces": {
				"north": {"uv": [4.5, 6.875, 4.625, 7.75], "texture": "#3"},
				"east": {"uv": [7.5, 6.75, 7.5625, 7.625], "texture": "#3"},
				"south": {"uv": [4.625, 6.875, 4.75, 7.75], "texture": "#3"},
				"west": {"uv": [7.625, 0, 7.6875, 0.875], "texture": "#3"},
				"up": {"uv": [8.125, 5.8125, 8, 5.75], "texture": "#3"},
				"down": {"uv": [8.125, 5.875, 8, 5.9375], "texture": "#3"}
			}
		},
		{
			"from": [7.6, 22.6, 3.8],
			"to": [8.6, 29.6, 4.2],
			"rotation": {"angle": -22.5, "axis": "x", "origin": [0.9, 22.3, 9.1]},
			"faces": {
				"north": {"uv": [6.875, 4.75, 7, 5.625], "texture": "#3"},
				"east": {"uv": [7.625, 1.5, 7.6875, 2.375], "texture": "#3"},
				"south": {"uv": [5.875, 6.875, 6, 7.75], "texture": "#3"},
				"west": {"uv": [2.125, 7.625, 2.1875, 8.5], "texture": "#3"},
				"up": {"uv": [8.125, 6.0625, 8, 6], "texture": "#3"},
				"down": {"uv": [8.125, 6.125, 8, 6.1875], "texture": "#3"}
			}
		},
		{
			"from": [9.6, 22.6, 3.8],
			"to": [10.6, 29.6, 4.2],
			"rotation": {"angle": -22.5, "axis": "x", "origin": [0.9, 22.3, 9.1]},
			"faces": {
				"north": {"uv": [6, 6.875, 6.125, 7.75], "texture": "#3"},
				"east": {"uv": [2.25, 7.625, 2.3125, 8.5], "texture": "#3"},
				"south": {"uv": [6.125, 6.875, 6.25, 7.75], "texture": "#3"},
				"west": {"uv": [2.375, 7.625, 2.4375, 8.5], "texture": "#3"},
				"up": {"uv": [8.125, 6.3125, 8, 6.25], "texture": "#3"},
				"down": {"uv": [8.125, 6.375, 8, 6.4375], "texture": "#3"}
			}
		},
		{
			"from": [11.6, 22.6, 3.8],
			"to": [12.6, 29.6, 4.2],
			"rotation": {"angle": -22.5, "axis": "x", "origin": [0.9, 22.3, 9.1]},
			"faces": {
				"north": {"uv": [6.25, 6.875, 6.375, 7.75], "texture": "#3"},
				"east": {"uv": [7.625, 2.375, 7.6875, 3.25], "texture": "#3"},
				"south": {"uv": [6.375, 6.875, 6.5, 7.75], "texture": "#3"},
				"west": {"uv": [2.5, 7.625, 2.5625, 8.5], "texture": "#3"},
				"up": {"uv": [8.125, 6.5625, 8, 6.5], "texture": "#3"},
				"down": {"uv": [8.125, 6.625, 8, 6.6875], "texture": "#3"}
			}
		},
		{
			"from": [13.2, 19, 5],
			"to": [16.2, 21, 9],
			"rotation": {"angle": 0, "axis": "y", "origin": [0, 19, 0]},
			"faces": {
				"north": {"uv": [6.75, 1.75, 7.125, 2], "texture": "#3"},
				"east": {"uv": [2.75, 6.625, 3.25, 6.875], "texture": "#3"},
				"south": {"uv": [6.75, 2, 7.125, 2.25], "texture": "#3"},
				"west": {"uv": [3.25, 6.625, 3.75, 6.875], "texture": "#3"},
				"up": {"uv": [5.375, 6.75, 5, 6.25], "texture": "#3"},
				"down": {"uv": [6.25, 6.375, 5.875, 6.875], "texture": "#3"}
			}
		},
		{
			"from": [-0.2, 19, 5],
			"to": [2.8, 21, 9],
			"rotation": {"angle": 0, "axis": "y", "origin": [0, 19, 0]},
			"faces": {
				"north": {"uv": [6.75, 2.25, 7.125, 2.5], "texture": "#3"},
				"east": {"uv": [3.75, 6.625, 4.25, 6.875], "texture": "#3"},
				"south": {"uv": [6.875, 5.625, 7.25, 5.875], "texture": "#3"},
				"west": {"uv": [6.625, 3.75, 7.125, 4], "texture": "#3"},
				"up": {"uv": [6.625, 6.875, 6.25, 6.375], "texture": "#3"},
				"down": {"uv": [6.875, 5.375, 6.5, 5.875], "texture": "#3"}
			}
		},
		{
			"from": [-0.2, 18.9, 5],
			"to": [0.6, 20.9, 9],
			"rotation": {"angle": 22.5, "axis": "z", "origin": [0, 19, 0]},
			"faces": {
				"north": {"uv": [2.75, 6.375, 2.875, 6.625], "texture": "#3"},
				"east": {"uv": [6.625, 4, 7.125, 4.25], "texture": "#3"},
				"south": {"uv": [7.75, 3, 7.875, 3.25], "texture": "#3"},
				"west": {"uv": [4.25, 6.625, 4.75, 6.875], "texture": "#3"},
				"up": {"uv": [3, 6.25, 2.875, 5.75], "texture": "#3"},
				"down": {"uv": [6.625, 6.875, 6.5, 7.375], "texture": "#3"}
			}
		},
		{
			"from": [-0.2, 17, 4.4],
			"to": [2.8, 18.9, 5.4],
			"rotation": {"angle": -22.5, "axis": "x", "origin": [0, 19, 0]},
			"faces": {
				"north": {"uv": [6.875, 6.375, 7.25, 6.625], "texture": "#3"},
				"east": {"uv": [7.75, 3.25, 7.875, 3.5], "texture": "#3"},
				"south": {"uv": [6.875, 6.625, 7.25, 6.875], "texture": "#3"},
				"west": {"uv": [7.75, 3.5, 7.875, 3.75], "texture": "#3"},
				"up": {"uv": [7.75, 1, 7.375, 0.875], "texture": "#3"},
				"down": {"uv": [7.75, 1, 7.375, 1.125], "texture": "#3"}
			}
		},
		{
			"from": [-0.2, 22.4, 7.4],
			"to": [2.8, 24.2, 8.7],
			"rotation": {"angle": 22.5, "axis": "x", "origin": [0, 19, 0]},
			"faces": {
				"north": {"uv": [6.875, 6.875, 7.25, 7.125], "texture": "#3"},
				"east": {"uv": [7.125, 2.25, 7.3125, 2.5], "texture": "#3"},
				"south": {"uv": [7, 0, 7.375, 0.25], "texture": "#3"},
				"west": {"uv": [7.75, 1, 7.9375, 1.25], "texture": "#3"},
				"up": {"uv": [7.375, 2.9375, 7, 2.75], "texture": "#3"},
				"down": {"uv": [7.375, 3, 7, 3.1875], "texture": "#3"}
			}
		},
		{
			"from": [13.2, 22.4, 7.4],
			"to": [16.2, 24.2, 8.7],
			"rotation": {"angle": 22.5, "axis": "x", "origin": [13.4, 19, 0]},
			"faces": {
				"north": {"uv": [7, 0.25, 7.375, 0.5], "texture": "#3"},
				"east": {"uv": [7.75, 2.5, 7.9375, 2.75], "texture": "#3"},
				"south": {"uv": [7, 0.5, 7.375, 0.75], "texture": "#3"},
				"west": {"uv": [2.75, 7.75, 2.9375, 8], "texture": "#3"},
				"up": {"uv": [7.375, 3.4375, 7, 3.25], "texture": "#3"},
				"down": {"uv": [7.375, 3.5, 7, 3.6875], "texture": "#3"}
			}
		},
		{
			"from": [15.4, 18.5, 5],
			"to": [16.2, 20.5, 9],
			"rotation": {"angle": -22.5, "axis": "z", "origin": [17, 19, 0]},
			"faces": {
				"north": {"uv": [3.625, 7.75, 3.75, 8], "texture": "#3"},
				"east": {"uv": [6.625, 4.25, 7.125, 4.5], "texture": "#3"},
				"south": {"uv": [3.75, 7.75, 3.875, 8], "texture": "#3"},
				"west": {"uv": [6.625, 4.5, 7.125, 4.75], "texture": "#3"},
				"up": {"uv": [7.25, 2.25, 7.125, 1.75], "texture": "#3"},
				"down": {"uv": [7.25, 3.75, 7.125, 4.25], "texture": "#3"}
			}
		},
		{
			"from": [13.2, 17, 4.4],
			"to": [16.2, 18.9, 5.4],
			"rotation": {"angle": -22.5, "axis": "x", "origin": [13.4, 19, 0]},
			"faces": {
				"north": {"uv": [7, 0.75, 7.375, 1], "texture": "#3"},
				"east": {"uv": [7.75, 3.75, 7.875, 4], "texture": "#3"},
				"south": {"uv": [7, 1, 7.375, 1.25], "texture": "#3"},
				"west": {"uv": [3.875, 7.75, 4, 8], "texture": "#3"},
				"up": {"uv": [7.75, 1.25, 7.375, 1.125], "texture": "#3"},
				"down": {"uv": [8.125, 2.75, 7.75, 2.875], "texture": "#3"}
			}
		},
		{
			"from": [0.8, 20.6, 5.3],
			"to": [1.2, 21.1, 5.7],
			"rotation": {"angle": 22.5, "axis": "z", "origin": [0, 19, 0]},
			"faces": {
				"north": {"uv": [8.25, 0.5, 8.3125, 0.5625], "texture": "#3"},
				"east": {"uv": [8.25, 0.625, 8.3125, 0.6875], "texture": "#3"},
				"south": {"uv": [8.25, 0.75, 8.3125, 0.8125], "texture": "#3"},
				"west": {"uv": [8.25, 0.875, 8.3125, 0.9375], "texture": "#3"},
				"up": {"uv": [8.3125, 1.0625, 8.25, 1], "texture": "#3"},
				"down": {"uv": [8.3125, 1.125, 8.25, 1.1875], "texture": "#3"}
			}
		},
		{
			"from": [0.8, 20.6, 6.3],
			"to": [1.2, 21.1, 6.7],
			"rotation": {"angle": 22.5, "axis": "z", "origin": [0, 19, 0]},
			"faces": {
				"north": {"uv": [8.25, 1.5, 8.3125, 1.5625], "texture": "#3"},
				"east": {"uv": [8.25, 1.625, 8.3125, 1.6875], "texture": "#3"},
				"south": {"uv": [8.25, 1.75, 8.3125, 1.8125], "texture": "#3"},
				"west": {"uv": [8.25, 1.875, 8.3125, 1.9375], "texture": "#3"},
				"up": {"uv": [8.3125, 2.0625, 8.25, 2], "texture": "#3"},
				"down": {"uv": [8.3125, 2.125, 8.25, 2.1875], "texture": "#3"}
			}
		},
		{
			"from": [0.8, 20.6, 7.3],
			"to": [1.2, 21.1, 7.7],
			"rotation": {"angle": 22.5, "axis": "z", "origin": [0, 19, 0]},
			"faces": {
				"north": {"uv": [8.25, 2.25, 8.3125, 2.3125], "texture": "#3"},
				"east": {"uv": [8.25, 2.375, 8.3125, 2.4375], "texture": "#3"},
				"south": {"uv": [8.25, 2.5, 8.3125, 2.5625], "texture": "#3"},
				"west": {"uv": [2.625, 8.25, 2.6875, 8.3125], "texture": "#3"},
				"up": {"uv": [8.3125, 2.6875, 8.25, 2.625], "texture": "#3"},
				"down": {"uv": [2.8125, 8.25, 2.75, 8.3125], "texture": "#3"}
			}
		},
		{
			"from": [0.8, 20.6, 8.3],
			"to": [1.2, 21.1, 8.7],
			"rotation": {"angle": 22.5, "axis": "z", "origin": [0, 19, 0]},
			"faces": {
				"north": {"uv": [8.25, 2.75, 8.3125, 2.8125], "texture": "#3"},
				"east": {"uv": [2.875, 8.25, 2.9375, 8.3125], "texture": "#3"},
				"south": {"uv": [8.25, 3, 8.3125, 3.0625], "texture": "#3"},
				"west": {"uv": [8.25, 3.125, 8.3125, 3.1875], "texture": "#3"},
				"up": {"uv": [8.3125, 3.3125, 8.25, 3.25], "texture": "#3"},
				"down": {"uv": [8.3125, 3.375, 8.25, 3.4375], "texture": "#3"}
			}
		},
		{
			"from": [-1.5, 20, 8.3],
			"to": [-0.5, 20.4, 8.7],
			"rotation": {"angle": 0, "axis": "z", "origin": [0, 19, 0]},
			"faces": {
				"north": {"uv": [8, 6.75, 8.125, 6.8125], "texture": "#3"},
				"east": {"uv": [8.25, 3.5, 8.3125, 3.5625], "texture": "#3"},
				"south": {"uv": [6.875, 8, 7, 8.0625], "texture": "#3"},
				"west": {"uv": [3.625, 8.25, 3.6875, 8.3125], "texture": "#3"},
				"up": {"uv": [8.125, 6.9375, 8, 6.875], "texture": "#3"},
				"down": {"uv": [7.125, 8, 7, 8.0625], "texture": "#3"}
			}
		},
		{
			"from": [-1.1, 20, 7.3],
			"to": [-0.1, 20.4, 7.7],
			"rotation": {"angle": 22.5, "axis": "z", "origin": [0, 19, 0]},
			"faces": {
				"north": {"uv": [8, 7, 8.125, 7.0625], "texture": "#3"},
				"east": {"uv": [8.25, 3.625, 8.3125, 3.6875], "texture": "#3"},
				"south": {"uv": [7.125, 8, 7.25, 8.0625], "texture": "#3"},
				"west": {"uv": [3.75, 8.25, 3.8125, 8.3125], "texture": "#3"},
				"up": {"uv": [8.125, 7.1875, 8, 7.125], "texture": "#3"},
				"down": {"uv": [8.125, 7.25, 8, 7.3125], "texture": "#3"}
			}
		},
		{
			"from": [-1.1, 20, 6.3],
			"to": [-0.1, 20.4, 6.7],
			"rotation": {"angle": 22.5, "axis": "z", "origin": [0, 19, 0]},
			"faces": {
				"north": {"uv": [8, 7.375, 8.125, 7.4375], "texture": "#3"},
				"east": {"uv": [8.25, 3.75, 8.3125, 3.8125], "texture": "#3"},
				"south": {"uv": [8, 7.5, 8.125, 7.5625], "texture": "#3"},
				"west": {"uv": [3.875, 8.25, 3.9375, 8.3125], "texture": "#3"},
				"up": {"uv": [8.125, 7.6875, 8, 7.625], "texture": "#3"},
				"down": {"uv": [7.875, 8, 7.75, 8.0625], "texture": "#3"}
			}
		},
		{
			"from": [-1.5, 20, 5.3],
			"to": [-0.5, 20.4, 5.7],
			"rotation": {"angle": 0, "axis": "z", "origin": [0, 19, 0]},
			"faces": {
				"north": {"uv": [8, 7.75, 8.125, 7.8125], "texture": "#3"},
				"east": {"uv": [8.25, 3.875, 8.3125, 3.9375], "texture": "#3"},
				"south": {"uv": [7.875, 8, 8, 8.0625], "texture": "#3"},
				"west": {"uv": [4, 8.25, 4.0625, 8.3125], "texture": "#3"},
				"up": {"uv": [8.125, 7.9375, 8, 7.875], "texture": "#3"},
				"down": {"uv": [8.125, 8, 8, 8.0625], "texture": "#3"}
			}
		},
		{
			"from": [0.8, 18.8, 5.3],
			"to": [1.2, 19.3, 5.7],
			"rotation": {"angle": -22.5, "axis": "x", "origin": [0, 19, 0]},
			"faces": {
				"north": {"uv": [8.25, 4, 8.3125, 4.0625], "texture": "#3"},
				"east": {"uv": [4.125, 8.25, 4.1875, 8.3125], "texture": "#3"},
				"south": {"uv": [8.25, 4.125, 8.3125, 4.1875], "texture": "#3"},
				"west": {"uv": [4.25, 8.25, 4.3125, 8.3125], "texture": "#3"},
				"up": {"uv": [8.3125, 4.3125, 8.25, 4.25], "texture": "#3"},
				"down": {"uv": [4.4375, 8.25, 4.375, 8.3125], "texture": "#3"}
			}
		},
		{
			"from": [1.8, 18.8, 5.3],
			"to": [2.2, 19.3, 5.7],
			"rotation": {"angle": -22.5, "axis": "x", "origin": [0, 19, 0]},
			"faces": {
				"north": {"uv": [8.25, 4.375, 8.3125, 4.4375], "texture": "#3"},
				"east": {"uv": [4.5, 8.25, 4.5625, 8.3125], "texture": "#3"},
				"south": {"uv": [8.25, 4.5, 8.3125, 4.5625], "texture": "#3"},
				"west": {"uv": [4.625, 8.25, 4.6875, 8.3125], "texture": "#3"},
				"up": {"uv": [8.3125, 4.6875, 8.25, 4.625], "texture": "#3"},
				"down": {"uv": [4.8125, 8.25, 4.75, 8.3125], "texture": "#3"}
			}
		},
		{
			"from": [1.8, 18.4, 3.7],
			"to": [2.2, 18.8, 4.7],
			"rotation": {"angle": -22.5, "axis": "x", "origin": [0, 19, 0]},
			"faces": {
				"north": {"uv": [8.25, 4.75, 8.3125, 4.8125], "texture": "#3"},
				"east": {"uv": [8.125, 0, 8.25, 0.0625], "texture": "#3"},
				"south": {"uv": [4.875, 8.25, 4.9375, 8.3125], "texture": "#3"},
				"west": {"uv": [8.125, 0.125, 8.25, 0.1875], "texture": "#3"},
				"up": {"uv": [8.1875, 0.375, 8.125, 0.25], "texture": "#3"},
				"down": {"uv": [8.1875, 0.375, 8.125, 0.5], "texture": "#3"}
			}
		},
		{
			"from": [0.8, 20.2, 3.5],
			"to": [1.2, 20.6, 4.5],
			"rotation": {"angle": 0, "axis": "x", "origin": [0, 19, 0]},
			"faces": {
				"north": {"uv": [8.25, 4.875, 8.3125, 4.9375], "texture": "#3"},
				"east": {"uv": [8.125, 0.5, 8.25, 0.5625], "texture": "#3"},
				"south": {"uv": [5, 8.25, 5.0625, 8.3125], "texture": "#3"},
				"west": {"uv": [8.125, 0.625, 8.25, 0.6875], "texture": "#3"},
				"up": {"uv": [8.1875, 0.875, 8.125, 0.75], "texture": "#3"},
				"down": {"uv": [8.1875, 0.875, 8.125, 1], "texture": "#3"}
			}
		},
		{
			"from": [0.8, 20.2, 9.4],
			"to": [1.2, 20.6, 10.4],
			"rotation": {"angle": 0, "axis": "y", "origin": [0, 19, 5.9]},
			"faces": {
				"north": {"uv": [8.25, 5, 8.3125, 5.0625], "texture": "#3"},
				"east": {"uv": [8.125, 1, 8.25, 1.0625], "texture": "#3"},
				"south": {"uv": [5.125, 8.25, 5.1875, 8.3125], "texture": "#3"},
				"west": {"uv": [8.125, 1.125, 8.25, 1.1875], "texture": "#3"},
				"up": {"uv": [8.1875, 1.625, 8.125, 1.5], "texture": "#3"},
				"down": {"uv": [8.1875, 1.625, 8.125, 1.75], "texture": "#3"}
			}
		},
		{
			"from": [1.8, 18.4, 9.6],
			"to": [2.2, 18.8, 10.6],
			"rotation": {"angle": -22.5, "axis": "x", "origin": [0, 19, 5.9]},
			"faces": {
				"north": {"uv": [8.25, 5.125, 8.3125, 5.1875], "texture": "#3"},
				"east": {"uv": [8.125, 1.75, 8.25, 1.8125], "texture": "#3"},
				"south": {"uv": [5.25, 8.25, 5.3125, 8.3125], "texture": "#3"},
				"west": {"uv": [8.125, 1.875, 8.25, 1.9375], "texture": "#3"},
				"up": {"uv": [8.1875, 2.125, 8.125, 2], "texture": "#3"},
				"down": {"uv": [8.1875, 2.125, 8.125, 2.25], "texture": "#3"}
			}
		},
		{
			"from": [0.8, 21.8, 7.7],
			"to": [1.2, 22.3, 8.1],
			"rotation": {"angle": 22.5, "axis": "x", "origin": [0, 19, 5.9]},
			"faces": {
				"north": {"uv": [8.25, 5.25, 8.3125, 5.3125], "texture": "#3"},
				"east": {"uv": [5.375, 8.25, 5.4375, 8.3125], "texture": "#3"},
				"south": {"uv": [8.25, 5.375, 8.3125, 5.4375], "texture": "#3"},
				"west": {"uv": [8.25, 5.5, 8.3125, 5.5625], "texture": "#3"},
				"up": {"uv": [8.3125, 5.6875, 8.25, 5.625], "texture": "#3"},
				"down": {"uv": [8.3125, 5.75, 8.25, 5.8125], "texture": "#3"}
			}
		},
		{
			"from": [1.8, 21.8, 7.7],
			"to": [2.2, 22.3, 8.1],
			"rotation": {"angle": 22.5, "axis": "x", "origin": [0, 19, 5.9]},
			"faces": {
				"north": {"uv": [5.875, 8.25, 5.9375, 8.3125], "texture": "#3"},
				"east": {"uv": [8.25, 5.875, 8.3125, 5.9375], "texture": "#3"},
				"south": {"uv": [6, 8.25, 6.0625, 8.3125], "texture": "#3"},
				"west": {"uv": [8.25, 6, 8.3125, 6.0625], "texture": "#3"},
				"up": {"uv": [6.1875, 8.3125, 6.125, 8.25], "texture": "#3"},
				"down": {"uv": [8.3125, 6.125, 8.25, 6.1875], "texture": "#3"}
			}
		},
		{
			"from": [13.9, 21.8, 7.7],
			"to": [14.3, 22.3, 8.1],
			"rotation": {"angle": 22.5, "axis": "x", "origin": [13.1, 19, 5.9]},
			"faces": {
				"north": {"uv": [6.25, 8.25, 6.3125, 8.3125], "texture": "#3"},
				"east": {"uv": [8.25, 6.25, 8.3125, 6.3125], "texture": "#3"},
				"south": {"uv": [6.375, 8.25, 6.4375, 8.3125], "texture": "#3"},
				"west": {"uv": [8.25, 6.375, 8.3125, 6.4375], "texture": "#3"},
				"up": {"uv": [6.5625, 8.3125, 6.5, 8.25], "texture": "#3"},
				"down": {"uv": [8.3125, 6.5, 8.25, 6.5625], "texture": "#3"}
			}
		},
		{
			"from": [14.9, 21.8, 7.7],
			"to": [15.3, 22.3, 8.1],
			"rotation": {"angle": 22.5, "axis": "x", "origin": [13.1, 19, 5.9]},
			"faces": {
				"north": {"uv": [6.625, 8.25, 6.6875, 8.3125], "texture": "#3"},
				"east": {"uv": [8.25, 6.625, 8.3125, 6.6875], "texture": "#3"},
				"south": {"uv": [6.75, 8.25, 6.8125, 8.3125], "texture": "#3"},
				"west": {"uv": [8.25, 6.75, 8.3125, 6.8125], "texture": "#3"},
				"up": {"uv": [6.9375, 8.3125, 6.875, 8.25], "texture": "#3"},
				"down": {"uv": [8.3125, 6.875, 8.25, 6.9375], "texture": "#3"}
			}
		},
		{
			"from": [14.8, 18.4, 3.7],
			"to": [15.2, 18.8, 4.7],
			"rotation": {"angle": -22.5, "axis": "x", "origin": [13, 19, 0]},
			"faces": {
				"north": {"uv": [7, 8.25, 7.0625, 8.3125], "texture": "#3"},
				"east": {"uv": [8.125, 2.25, 8.25, 2.3125], "texture": "#3"},
				"south": {"uv": [8.25, 7, 8.3125, 7.0625], "texture": "#3"},
				"west": {"uv": [8.125, 2.375, 8.25, 2.4375], "texture": "#3"},
				"up": {"uv": [8.1875, 2.625, 8.125, 2.5], "texture": "#3"},
				"down": {"uv": [2.6875, 8.125, 2.625, 8.25], "texture": "#3"}
			}
		},
		{
			"from": [13.8, 20.2, 3.5],
			"to": [14.2, 20.6, 4.5],
			"rotation": {"angle": 0, "axis": "y", "origin": [13, 19, 0]},
			"faces": {
				"north": {"uv": [7.125, 8.25, 7.1875, 8.3125], "texture": "#3"},
				"east": {"uv": [8.125, 2.625, 8.25, 2.6875], "texture": "#3"},
				"south": {"uv": [8.25, 7.125, 8.3125, 7.1875], "texture": "#3"},
				"west": {"uv": [8.125, 2.75, 8.25, 2.8125], "texture": "#3"},
				"up": {"uv": [8.1875, 3.125, 8.125, 3], "texture": "#3"},
				"down": {"uv": [8.1875, 3.125, 8.125, 3.25], "texture": "#3"}
			}
		},
		{
			"from": [14.9, 18.8, 5.3],
			"to": [15.3, 19.3, 5.7],
			"rotation": {"angle": -22.5, "axis": "x", "origin": [13.1, 19, 0]},
			"faces": {
				"north": {"uv": [7.25, 8.25, 7.3125, 8.3125], "texture": "#3"},
				"east": {"uv": [8.25, 7.25, 8.3125, 7.3125], "texture": "#3"},
				"south": {"uv": [7.375, 8.25, 7.4375, 8.3125], "texture": "#3"},
				"west": {"uv": [8.25, 7.375, 8.3125, 7.4375], "texture": "#3"},
				"up": {"uv": [7.5625, 8.3125, 7.5, 8.25], "texture": "#3"},
				"down": {"uv": [8.3125, 7.5, 8.25, 7.5625], "texture": "#3"}
			}
		},
		{
			"from": [13.9, 18.8, 5.3],
			"to": [14.3, 19.3, 5.7],
			"rotation": {"angle": -22.5, "axis": "x", "origin": [13.1, 19, 0]},
			"faces": {
				"north": {"uv": [7.625, 8.25, 7.6875, 8.3125], "texture": "#3"},
				"east": {"uv": [8.25, 7.625, 8.3125, 7.6875], "texture": "#3"},
				"south": {"uv": [7.75, 8.25, 7.8125, 8.3125], "texture": "#3"},
				"west": {"uv": [8.25, 7.75, 8.3125, 7.8125], "texture": "#3"},
				"up": {"uv": [7.9375, 8.3125, 7.875, 8.25], "texture": "#3"},
				"down": {"uv": [8.3125, 7.875, 8.25, 7.9375], "texture": "#3"}
			}
		},
		{
			"from": [15.1, 20.2, 5.3],
			"to": [15.5, 20.7, 5.7],
			"rotation": {"angle": -22.5, "axis": "z", "origin": [17, 19, 0]},
			"faces": {
				"north": {"uv": [8, 8.25, 8.0625, 8.3125], "texture": "#3"},
				"east": {"uv": [8.25, 8, 8.3125, 8.0625], "texture": "#3"},
				"south": {"uv": [8.125, 8.25, 8.1875, 8.3125], "texture": "#3"},
				"west": {"uv": [8.25, 8.125, 8.3125, 8.1875], "texture": "#3"},
				"up": {"uv": [8.3125, 8.3125, 8.25, 8.25], "texture": "#3"},
				"down": {"uv": [8.4375, 0, 8.375, 0.0625], "texture": "#3"}
			}
		},
		{
			"from": [15.1, 20.2, 6.3],
			"to": [15.5, 20.7, 6.7],
			"rotation": {"angle": -22.5, "axis": "z", "origin": [17, 19, 0]},
			"faces": {
				"north": {"uv": [8.375, 0.125, 8.4375, 0.1875], "texture": "#3"},
				"east": {"uv": [8.375, 0.25, 8.4375, 0.3125], "texture": "#3"},
				"south": {"uv": [8.375, 0.375, 8.4375, 0.4375], "texture": "#3"},
				"west": {"uv": [8.375, 0.5, 8.4375, 0.5625], "texture": "#3"},
				"up": {"uv": [8.4375, 0.6875, 8.375, 0.625], "texture": "#3"},
				"down": {"uv": [8.4375, 0.75, 8.375, 0.8125], "texture": "#3"}
			}
		},
		{
			"from": [15.1, 20.2, 7.3],
			"to": [15.5, 20.7, 7.7],
			"rotation": {"angle": -22.5, "axis": "z", "origin": [17, 19, 0]},
			"faces": {
				"north": {"uv": [8.375, 0.875, 8.4375, 0.9375], "texture": "#3"},
				"east": {"uv": [8.375, 1, 8.4375, 1.0625], "texture": "#3"},
				"south": {"uv": [8.375, 1.125, 8.4375, 1.1875], "texture": "#3"},
				"west": {"uv": [8.375, 1.5, 8.4375, 1.5625], "texture": "#3"},
				"up": {"uv": [8.4375, 1.6875, 8.375, 1.625], "texture": "#3"},
				"down": {"uv": [8.4375, 1.75, 8.375, 1.8125], "texture": "#3"}
			}
		},
		{
			"from": [15.1, 20.2, 8.3],
			"to": [15.5, 20.7, 8.7],
			"rotation": {"angle": -22.5, "axis": "z", "origin": [17, 19, 0]},
			"faces": {
				"north": {"uv": [8.375, 1.875, 8.4375, 1.9375], "texture": "#3"},
				"east": {"uv": [8.375, 2, 8.4375, 2.0625], "texture": "#3"},
				"south": {"uv": [8.375, 2.125, 8.4375, 2.1875], "texture": "#3"},
				"west": {"uv": [8.375, 2.25, 8.4375, 2.3125], "texture": "#3"},
				"up": {"uv": [8.4375, 2.4375, 8.375, 2.375], "texture": "#3"},
				"down": {"uv": [8.4375, 2.5, 8.375, 2.5625], "texture": "#3"}
			}
		},
		{
			"from": [16.2, 20, 8.3],
			"to": [17.2, 20.4, 8.7],
			"rotation": {"angle": 0, "axis": "y", "origin": [17.7, 19, 0]},
			"faces": {
				"north": {"uv": [8.125, 3.25, 8.25, 3.3125], "texture": "#3"},
				"east": {"uv": [2.625, 8.375, 2.6875, 8.4375], "texture": "#3"},
				"south": {"uv": [8.125, 3.375, 8.25, 3.4375], "texture": "#3"},
				"west": {"uv": [8.375, 2.625, 8.4375, 2.6875], "texture": "#3"},
				"up": {"uv": [8.25, 3.5625, 8.125, 3.5], "texture": "#3"},
				"down": {"uv": [3.75, 8.125, 3.625, 8.1875], "texture": "#3"}
			}
		},
		{
			"from": [16.6, 20, 7.3],
			"to": [17.6, 20.4, 7.7],
			"rotation": {"angle": 22.5, "axis": "z", "origin": [17.7, 19, 0]},
			"faces": {
				"north": {"uv": [8.125, 3.625, 8.25, 3.6875], "texture": "#3"},
				"east": {"uv": [2.75, 8.375, 2.8125, 8.4375], "texture": "#3"},
				"south": {"uv": [3.75, 8.125, 3.875, 8.1875], "texture": "#3"},
				"west": {"uv": [8.375, 2.75, 8.4375, 2.8125], "texture": "#3"},
				"up": {"uv": [8.25, 3.8125, 8.125, 3.75], "texture": "#3"},
				"down": {"uv": [4, 8.125, 3.875, 8.1875], "texture": "#3"}
			}
		},
		{
			"from": [16.6, 20, 6.3],
			"to": [17.6, 20.4, 6.7],
			"rotation": {"angle": 22.5, "axis": "z", "origin": [17.7, 19, 0]},
			"faces": {
				"north": {"uv": [8.125, 3.875, 8.25, 3.9375], "texture": "#3"},
				"east": {"uv": [2.875, 8.375, 2.9375, 8.4375], "texture": "#3"},
				"south": {"uv": [4, 8.125, 4.125, 8.1875], "texture": "#3"},
				"west": {"uv": [8.375, 2.875, 8.4375, 2.9375], "texture": "#3"},
				"up": {"uv": [8.25, 4.0625, 8.125, 4], "texture": "#3"},
				"down": {"uv": [4.25, 8.125, 4.125, 8.1875], "texture": "#3"}
			}
		},
		{
			"from": [16.2, 20, 5.3],
			"to": [17.2, 20.4, 5.7],
			"rotation": {"angle": 0, "axis": "y", "origin": [17.7, 19, 0]},
			"faces": {
				"north": {"uv": [8.125, 4.125, 8.25, 4.1875], "texture": "#3"},
				"east": {"uv": [3, 8.375, 3.0625, 8.4375], "texture": "#3"},
				"south": {"uv": [4.25, 8.125, 4.375, 8.1875], "texture": "#3"},
				"west": {"uv": [8.375, 3, 8.4375, 3.0625], "texture": "#3"},
				"up": {"uv": [8.25, 4.3125, 8.125, 4.25], "texture": "#3"},
				"down": {"uv": [4.5, 8.125, 4.375, 8.1875], "texture": "#3"}
			}
		},
		{
			"from": [13.9, 20.2, 9.4],
			"to": [14.3, 20.6, 10.4],
			"rotation": {"angle": 0, "axis": "y", "origin": [13.1, 19, 5.9]},
			"faces": {
				"north": {"uv": [3.125, 8.375, 3.1875, 8.4375], "texture": "#3"},
				"east": {"uv": [8.125, 4.375, 8.25, 4.4375], "texture": "#3"},
				"south": {"uv": [8.375, 3.125, 8.4375, 3.1875], "texture": "#3"},
				"west": {"uv": [4.5, 8.125, 4.625, 8.1875], "texture": "#3"},
				"up": {"uv": [8.1875, 4.625, 8.125, 4.5], "texture": "#3"},
				"down": {"uv": [4.6875, 8.125, 4.625, 8.25], "texture": "#3"}
			}
		},
		{
			"from": [14.9, 18.4, 9.6],
			"to": [15.3, 18.8, 10.6],
			"rotation": {"angle": -22.5, "axis": "x", "origin": [13.1, 19, 5.9]},
			"faces": {
				"north": {"uv": [3.25, 8.375, 3.3125, 8.4375], "texture": "#3"},
				"east": {"uv": [8.125, 4.625, 8.25, 4.6875], "texture": "#3"},
				"south": {"uv": [8.375, 3.25, 8.4375, 3.3125], "texture": "#3"},
				"west": {"uv": [4.75, 8.125, 4.875, 8.1875], "texture": "#3"},
				"up": {"uv": [8.1875, 4.875, 8.125, 4.75], "texture": "#3"},
				"down": {"uv": [4.9375, 8.125, 4.875, 8.25], "texture": "#3"}
			}
		},
		{
			"from": [2, 19, 8],
			"to": [14, 19.4, 13],
			"rotation": {"angle": 0, "axis": "y", "origin": [0, 19, 0]},
			"faces": {
				"north": {"uv": [7, 1.25, 8.5, 1.3125], "texture": "#3"},
				"east": {"uv": [7.75, 2.875, 8.375, 2.9375], "texture": "#3"},
				"south": {"uv": [7, 1.375, 8.5, 1.4375], "texture": "#3"},
				"west": {"uv": [3, 7.75, 3.625, 7.8125], "texture": "#3"},
				"up": {"uv": [7, 3.125, 5.5, 2.5], "texture": "#3"},
				"down": {"uv": [7, 3.125, 5.5, 3.75], "texture": "#3"}
			}
		},
		{
			"from": [2, 24, 11.5],
			"to": [3, 27.5, 11.9],
			"rotation": {"angle": 22.5, "axis": "x", "origin": [0, 19, 0]},
			"faces": {
				"north": {"uv": [7.125, 4.25, 7.25, 4.6875], "texture": "#3"},
				"east": {"uv": [7.75, 5.5, 7.8125, 5.9375], "texture": "#3"},
				"south": {"uv": [7.125, 5.875, 7.25, 6.3125], "texture": "#3"},
				"west": {"uv": [5.875, 7.75, 5.9375, 8.1875], "texture": "#3"},
				"up": {"uv": [8.25, 4.9375, 8.125, 4.875], "texture": "#3"},
				"down": {"uv": [5.125, 8.125, 5, 8.1875], "texture": "#3"}
			}
		},
		{
			"from": [13, 24, 11.5],
			"to": [14, 27.5, 11.9],
			"rotation": {"angle": 22.5, "axis": "x", "origin": [0, 19, 0]},
			"faces": {
				"north": {"uv": [7.25, 1.75, 7.375, 2.1875], "texture": "#3"},
				"east": {"uv": [6, 7.75, 6.0625, 8.1875], "texture": "#3"},
				"south": {"uv": [2.625, 7.625, 2.75, 8.0625], "texture": "#3"},
				"west": {"uv": [7.75, 6, 7.8125, 6.4375], "texture": "#3"},
				"up": {"uv": [8.25, 5.0625, 8.125, 5], "texture": "#3"},
				"down": {"uv": [5.25, 8.125, 5.125, 8.1875], "texture": "#3"}
			}
		},
		{
			"from": [10, 24, 11.5],
			"to": [11, 27.5, 11.9],
			"rotation": {"angle": 22.5, "axis": "x", "origin": [0, 19, 0]},
			"faces": {
				"north": {"uv": [7.625, 3.25, 7.75, 3.6875], "texture": "#3"},
				"east": {"uv": [6.125, 7.75, 6.1875, 8.1875], "texture": "#3"},
				"south": {"uv": [7.625, 3.75, 7.75, 4.1875], "texture": "#3"},
				"west": {"uv": [6.25, 7.75, 6.3125, 8.1875], "texture": "#3"},
				"up": {"uv": [8.25, 5.1875, 8.125, 5.125], "texture": "#3"},
				"down": {"uv": [5.375, 8.125, 5.25, 8.1875], "texture": "#3"}
			}
		},
		{
			"from": [5, 24, 11.5],
			"to": [6, 27.5, 11.9],
			"rotation": {"angle": 22.5, "axis": "x", "origin": [0, 19, 0]},
			"faces": {
				"north": {"uv": [7.625, 4.25, 7.75, 4.6875], "texture": "#3"},
				"east": {"uv": [6.375, 7.75, 6.4375, 8.1875], "texture": "#3"},
				"south": {"uv": [7.625, 4.75, 7.75, 5.1875], "texture": "#3"},
				"west": {"uv": [7.75, 6.5, 7.8125, 6.9375], "texture": "#3"},
				"up": {"uv": [8.25, 5.3125, 8.125, 5.25], "texture": "#3"},
				"down": {"uv": [5.5, 8.125, 5.375, 8.1875], "texture": "#3"}
			}
		},
		{
			"from": [7.5, 24, 11.5],
			"to": [8.5, 27.5, 11.9],
			"rotation": {"angle": 22.5, "axis": "x", "origin": [0, 19, 0]},
			"faces": {
				"north": {"uv": [5, 7.625, 5.125, 8.0625], "texture": "#3"},
				"east": {"uv": [7.75, 7, 7.8125, 7.4375], "texture": "#3"},
				"south": {"uv": [5.125, 7.625, 5.25, 8.0625], "texture": "#3"},
				"west": {"uv": [7.75, 7.5, 7.8125, 7.9375], "texture": "#3"},
				"up": {"uv": [8.25, 5.4375, 8.125, 5.375], "texture": "#3"},
				"down": {"uv": [8.25, 5.5, 8.125, 5.5625], "texture": "#3"}
			}
		},
		{
			"from": [2, 16.6, 14],
			"to": [3, 18.6, 14.4],
			"rotation": {"angle": -22.5, "axis": "x", "origin": [0, 19, 0]},
			"faces": {
				"north": {"uv": [4, 7.75, 4.125, 8], "texture": "#3"},
				"east": {"uv": [7.875, 6, 7.9375, 6.25], "texture": "#3"},
				"south": {"uv": [7.75, 4, 7.875, 4.25], "texture": "#3"},
				"west": {"uv": [7.875, 6.25, 7.9375, 6.5], "texture": "#3"},
				"up": {"uv": [8.25, 5.6875, 8.125, 5.625], "texture": "#3"},
				"down": {"uv": [8.25, 5.75, 8.125, 5.8125], "texture": "#3"}
			}
		},
		{
			"from": [5, 16.6, 14],
			"to": [6, 18.1, 14.4],
			"rotation": {"angle": -22.5, "axis": "x", "origin": [0, 19, 0]},
			"faces": {
				"north": {"uv": [7.875, 4, 8, 4.1875], "texture": "#3"},
				"east": {"uv": [8, 1, 8.0625, 1.1875], "texture": "#3"},
				"south": {"uv": [7.875, 4.25, 8, 4.4375], "texture": "#3"},
				"west": {"uv": [8, 1.5, 8.0625, 1.6875], "texture": "#3"},
				"up": {"uv": [8.25, 5.9375, 8.125, 5.875], "texture": "#3"},
				"down": {"uv": [8.25, 6, 8.125, 6.0625], "texture": "#3"}
			}
		},
		{
			"from": [7.5, 16.6, 14],
			"to": [8.5, 17.7, 14.4],
			"rotation": {"angle": -22.5, "axis": "x", "origin": [0, 19, 0]},
			"faces": {
				"north": {"uv": [7, 5.5, 7.125, 5.625], "texture": "#3"},
				"east": {"uv": [8.125, 6.125, 8.1875, 6.25], "texture": "#3"},
				"south": {"uv": [7.125, 5.5, 7.25, 5.625], "texture": "#3"},
				"west": {"uv": [8.125, 6.25, 8.1875, 6.375], "texture": "#3"},
				"up": {"uv": [8.25, 6.4375, 8.125, 6.375], "texture": "#3"},
				"down": {"uv": [8.25, 6.5, 8.125, 6.5625], "texture": "#3"}
			}
		},
		{
			"from": [10, 16.6, 14],
			"to": [11, 18.1, 14.4],
			"rotation": {"angle": -22.5, "axis": "x", "origin": [0, 19, 0]},
			"faces": {
				"north": {"uv": [7.875, 4.5, 8, 4.6875], "texture": "#3"},
				"east": {"uv": [8, 1.75, 8.0625, 1.9375], "texture": "#3"},
				"south": {"uv": [7.875, 4.75, 8, 4.9375], "texture": "#3"},
				"west": {"uv": [8, 2, 8.0625, 2.1875], "texture": "#3"},
				"up": {"uv": [6.75, 8.1875, 6.625, 8.125], "texture": "#3"},
				"down": {"uv": [8.25, 6.625, 8.125, 6.6875], "texture": "#3"}
			}
		},
		{
			"from": [13, 16.6, 14],
			"to": [14, 18.6, 14.4],
			"rotation": {"angle": -22.5, "axis": "x", "origin": [0, 19, 0]},
			"faces": {
				"north": {"uv": [4.125, 7.75, 4.25, 8], "texture": "#3"},
				"east": {"uv": [7.875, 6.5, 7.9375, 6.75], "texture": "#3"},
				"south": {"uv": [4.25, 7.75, 4.375, 8], "texture": "#3"},
				"west": {"uv": [7.875, 6.75, 7.9375, 7], "texture": "#3"},
				"up": {"uv": [6.875, 8.1875, 6.75, 8.125], "texture": "#3"},
				"down": {"uv": [8.25, 6.75, 8.125, 6.8125], "texture": "#3"}
			}
		},
		{
			"from": [2, 18.7, 5.5],
			"to": [2.4, 22.2, 6.5],
			"rotation": {"angle": 22.5, "axis": "z", "origin": [1, 19, 0]},
			"faces": {
				"north": {"uv": [7.625, 7.75, 7.6875, 8.1875], "texture": "#3"},
				"east": {"uv": [5.25, 7.625, 5.375, 8.0625], "texture": "#3"},
				"south": {"uv": [7.875, 0, 7.9375, 0.4375], "texture": "#3"},
				"west": {"uv": [7.625, 5.25, 7.75, 5.6875], "texture": "#3"},
				"up": {"uv": [6.9375, 8.25, 6.875, 8.125], "texture": "#3"},
				"down": {"uv": [8.1875, 6.875, 8.125, 7], "texture": "#3"}
			}
		},
		{
			"from": [2, 18.7, 8],
			"to": [2.4, 22.2, 9],
			"rotation": {"angle": 22.5, "axis": "z", "origin": [1, 19, 0]},
			"faces": {
				"north": {"uv": [7.875, 0.5, 7.9375, 0.9375], "texture": "#3"},
				"east": {"uv": [7.625, 5.75, 7.75, 6.1875], "texture": "#3"},
				"south": {"uv": [7.875, 1.5, 7.9375, 1.9375], "texture": "#3"},
				"west": {"uv": [7.625, 6.25, 7.75, 6.6875], "texture": "#3"},
				"up": {"uv": [7.0625, 8.25, 7, 8.125], "texture": "#3"},
				"down": {"uv": [8.1875, 7, 8.125, 7.125], "texture": "#3"}
			}
		},
		{
			"from": [2, 18.7, 11],
			"to": [2.4, 22.2, 12],
			"rotation": {"angle": 22.5, "axis": "z", "origin": [1, 19, 0]},
			"faces": {
				"north": {"uv": [7.875, 2, 7.9375, 2.4375], "texture": "#3"},
				"east": {"uv": [7.625, 6.75, 7.75, 7.1875], "texture": "#3"},
				"south": {"uv": [3, 7.875, 3.0625, 8.3125], "texture": "#3"},
				"west": {"uv": [7.625, 7.25, 7.75, 7.6875], "texture": "#3"},
				"up": {"uv": [7.1875, 8.25, 7.125, 8.125], "texture": "#3"},
				"down": {"uv": [8.1875, 7.125, 8.125, 7.25], "texture": "#3"}
			}
		},
		{
			"from": [12.3, 24.8, 11],
			"to": [12.7, 28.3, 12],
			"rotation": {"angle": -22.5, "axis": "z", "origin": [-1, 19, 0]},
			"faces": {
				"north": {"uv": [7.875, 3, 7.9375, 3.4375], "texture": "#3"},
				"east": {"uv": [7.375, 7.625, 7.5, 8.0625], "texture": "#3"},
				"south": {"uv": [3.125, 7.875, 3.1875, 8.3125], "texture": "#3"},
				"west": {"uv": [7.5, 7.625, 7.625, 8.0625], "texture": "#3"},
				"up": {"uv": [7.3125, 8.25, 7.25, 8.125], "texture": "#3"},
				"down": {"uv": [8.1875, 7.25, 8.125, 7.375], "texture": "#3"}
			}
		},
		{
			"from": [12.3, 24.8, 8],
			"to": [12.7, 28.3, 9],
			"rotation": {"angle": -22.5, "axis": "z", "origin": [-1, 19, 0]},
			"faces": {
				"north": {"uv": [3.25, 7.875, 3.3125, 8.3125], "texture": "#3"},
				"east": {"uv": [7.75, 0, 7.875, 0.4375], "texture": "#3"},
				"south": {"uv": [3.375, 7.875, 3.4375, 8.3125], "texture": "#3"},
				"west": {"uv": [7.75, 0.5, 7.875, 0.9375], "texture": "#3"},
				"up": {"uv": [7.4375, 8.25, 7.375, 8.125], "texture": "#3"},
				"down": {"uv": [8.1875, 7.375, 8.125, 7.5], "texture": "#3"}
			}
		},
		{
			"from": [12.3, 24.8, 5.5],
			"to": [12.7, 28.3, 6.5],
			"rotation": {"angle": -22.5, "axis": "z", "origin": [-1, 19, 0]},
			"faces": {
				"north": {"uv": [3.5, 7.875, 3.5625, 8.3125], "texture": "#3"},
				"east": {"uv": [7.75, 1.5, 7.875, 1.9375], "texture": "#3"},
				"south": {"uv": [7.875, 3.5, 7.9375, 3.9375], "texture": "#3"},
				"west": {"uv": [7.75, 2, 7.875, 2.4375], "texture": "#3"},
				"up": {"uv": [7.5625, 8.25, 7.5, 8.125], "texture": "#3"},
				"down": {"uv": [8.1875, 7.5, 8.125, 7.625], "texture": "#3"}
			}
		},
		{
			"from": [14.85, 15.9, 11],
			"to": [15.25, 17.4, 12],
			"rotation": {"angle": 22.5, "axis": "z", "origin": [-1, 19, 0]},
			"faces": {
				"north": {"uv": [8, 2.25, 8.0625, 2.4375], "texture": "#3"},
				"east": {"uv": [7.875, 5, 8, 5.1875], "texture": "#3"},
				"south": {"uv": [8, 2.5, 8.0625, 2.6875], "texture": "#3"},
				"west": {"uv": [7.875, 5.25, 8, 5.4375], "texture": "#3"},
				"up": {"uv": [8.1875, 7.75, 8.125, 7.625], "texture": "#3"},
				"down": {"uv": [7.8125, 8.125, 7.75, 8.25], "texture": "#3"}
			}
		},
		{
			"from": [14.85, 15.9, 8],
			"to": [15.25, 17.7, 9],
			"rotation": {"angle": 22.5, "axis": "z", "origin": [-1, 19, 0]},
			"faces": {
				"north": {"uv": [7.875, 7, 7.9375, 7.25], "texture": "#3"},
				"east": {"uv": [7.75, 4.25, 7.875, 4.5], "texture": "#3"},
				"south": {"uv": [7.875, 7.25, 7.9375, 7.5], "texture": "#3"},
				"west": {"uv": [4.375, 7.75, 4.5, 8], "texture": "#3"},
				"up": {"uv": [8.1875, 7.875, 8.125, 7.75], "texture": "#3"},
				"down": {"uv": [7.9375, 8.125, 7.875, 8.25], "texture": "#3"}
			}
		},
		{
			"from": [14.85, 15.9, 5.5],
			"to": [15.25, 18, 6.5],
			"rotation": {"angle": 22.5, "axis": "z", "origin": [-1, 19, 0]},
			"faces": {
				"north": {"uv": [7.875, 7.5, 7.9375, 7.75], "texture": "#3"},
				"east": {"uv": [4.5, 7.75, 4.625, 8], "texture": "#3"},
				"south": {"uv": [7.875, 7.75, 7.9375, 8], "texture": "#3"},
				"west": {"uv": [7.75, 4.5, 7.875, 4.75], "texture": "#3"},
				"up": {"uv": [8.1875, 8, 8.125, 7.875], "texture": "#3"},
				"down": {"uv": [8.0625, 8.125, 8, 8.25], "texture": "#3"}
			}
		},
		{
			"from": [-0.55, 21.97, 5.5],
			"to": [-0.15, 24.07, 6.5],
			"rotation": {"angle": -22.5, "axis": "z", "origin": [1, 19, 0]},
			"faces": {
				"north": {"uv": [8, 0, 8.0625, 0.25], "texture": "#3"},
				"east": {"uv": [4.625, 7.75, 4.75, 8], "texture": "#3"},
				"south": {"uv": [8, 0.25, 8.0625, 0.5], "texture": "#3"},
				"west": {"uv": [7.75, 4.75, 7.875, 5], "texture": "#3"},
				"up": {"uv": [8.1875, 8.125, 8.125, 8], "texture": "#3"},
				"down": {"uv": [8.1875, 8.125, 8.125, 8.25], "texture": "#3"}
			}
		},
		{
			"from": [-0.55, 21.97, 8],
			"to": [-0.15, 23.77, 9],
			"rotation": {"angle": -22.5, "axis": "z", "origin": [1, 19, 0]},
			"faces": {
				"north": {"uv": [8, 0.5, 8.0625, 0.75], "texture": "#3"},
				"east": {"uv": [7.75, 5, 7.875, 5.25], "texture": "#3"},
				"south": {"uv": [8, 0.75, 8.0625, 1], "texture": "#3"},
				"west": {"uv": [7.75, 5.25, 7.875, 5.5], "texture": "#3"},
				"up": {"uv": [8.3125, 0.125, 8.25, 0], "texture": "#3"},
				"down": {"uv": [8.3125, 0.125, 8.25, 0.25], "texture": "#3"}
			}
		},
		{
			"from": [-0.55, 21.97, 11],
			"to": [-0.15, 23.47, 12],
			"rotation": {"angle": -22.5, "axis": "z", "origin": [1, 19, 0]},
			"faces": {
				"north": {"uv": [2.75, 8, 2.8125, 8.1875], "texture": "#3"},
				"east": {"uv": [7.875, 5.5, 8, 5.6875], "texture": "#3"},
				"south": {"uv": [2.875, 8, 2.9375, 8.1875], "texture": "#3"},
				"west": {"uv": [7.875, 5.75, 8, 5.9375], "texture": "#3"},
				"up": {"uv": [8.3125, 0.375, 8.25, 0.25], "texture": "#3"},
				"down": {"uv": [8.3125, 0.375, 8.25, 0.5], "texture": "#3"}
			}
		},
		{
			"from": [5, 14, 7],
			"to": [11, 17.4, 12],
			"rotation": {"angle": -22.5, "axis": "x", "origin": [0, 19, 0]},
			"faces": {
				"north": {"uv": [5.875, 4.375, 6.625, 4.8125], "texture": "#3"},
				"east": {"uv": [5.875, 5.375, 6.5, 5.8125], "texture": "#3"},
				"south": {"uv": [5.875, 4.875, 6.625, 5.3125], "texture": "#3"},
				"west": {"uv": [5.875, 5.875, 6.5, 6.3125], "texture": "#3"},
				"up": {"uv": [2.875, 6.375, 2.125, 5.75], "texture": "#3"},
				"down": {"uv": [6.625, 3.75, 5.875, 4.375], "texture": "#3"}
			}
		},
		{
			"from": [2.1, -3, 12.97],
			"to": [13.9, 19.3, 12.97],
			"rotation": {"angle": 0, "axis": "y", "origin": [0, 1, 0]},
			"faces": {
				"north": {"uv": [0, 0, 1.5, 2.8125], "texture": "#3"},
				"east": {"uv": [0, 0, 0, 2.8125], "texture": "#3"},
				"south": {"uv": [1.5, 0, 3, 2.8125], "texture": "#3"},
				"west": {"uv": [0, 0, 0, 2.8125], "texture": "#3"},
				"up": {"uv": [1.5, 0, 0, 0], "texture": "#3"},
				"down": {"uv": [1.5, 0, 0, 0], "texture": "#3"}
			}
		},
		{
			"from": [7.9, -3, 17.3],
			"to": [9.4, 19.3, 17.3],
			"rotation": {"angle": 22.5, "axis": "y", "origin": [0, 1, 0.1]},
			"faces": {
				"north": {"uv": [1.125, 5.75, 1.3125, 8.5625], "texture": "#3"},
				"east": {"uv": [0, 0, 0, 2.8125], "texture": "#3"},
				"south": {"uv": [1.375, 5.75, 1.5625, 8.5625], "texture": "#3"},
				"west": {"uv": [0, 0, 0, 2.8125], "texture": "#3"},
				"up": {"uv": [0.1875, 0, 0, 0], "texture": "#3"},
				"down": {"uv": [0.1875, 0, 0, 0], "texture": "#3"}
			}
		},
		{
			"from": [19.5, -3, 3.4],
			"to": [19.5, 19.3, 5.93],
			"rotation": {"angle": -22.5, "axis": "y", "origin": [1.1, 1, -1.5]},
			"faces": {
				"north": {"uv": [0, 0, 0, 2.8125], "texture": "#3"},
				"east": {"uv": [5.5, 3.75, 5.8125, 6.5625], "texture": "#3"},
				"south": {"uv": [0, 0, 0, 2.8125], "texture": "#3"},
				"west": {"uv": [0, 5.75, 0.3125, 8.5625], "texture": "#3"},
				"up": {"uv": [0, 0.3125, 0, 0], "texture": "#3"},
				"down": {"uv": [0, 0, 0, 0.3125], "texture": "#3"}
			}
		},
		{
			"from": [16.2, -3, 4.1],
			"to": [16.2, 19.3, 10.1],
			"rotation": {"angle": 0, "axis": "y", "origin": [1.1, 1, -1.5]},
			"faces": {
				"north": {"uv": [0, 0, 0, 2.8125], "texture": "#3"},
				"east": {"uv": [0, 2.875, 0.75, 5.6875], "texture": "#3"},
				"south": {"uv": [0, 0, 0, 2.8125], "texture": "#3"},
				"west": {"uv": [0.75, 2.875, 1.5, 5.6875], "texture": "#3"},
				"up": {"uv": [0, 0.75, 0, 0], "texture": "#3"},
				"down": {"uv": [0, 0, 0, 0.75], "texture": "#3"}
			}
		},
		{
			"from": [-0.25, -3, 4.1],
			"to": [-0.25, 19.3, 10.1],
			"rotation": {"angle": 0, "axis": "y", "origin": [-15.2, 1, -1.5]},
			"faces": {
				"north": {"uv": [0, 0, 0, 2.8125], "texture": "#3"},
				"east": {"uv": [1.5, 2.875, 2.25, 5.6875], "texture": "#3"},
				"south": {"uv": [0, 0, 0, 2.8125], "texture": "#3"},
				"west": {"uv": [2.25, 2.875, 3, 5.6875], "texture": "#3"},
				"up": {"uv": [0, 0.75, 0, 0], "texture": "#3"},
				"down": {"uv": [0, 0, 0, 0.75], "texture": "#3"}
			}
		},
		{
			"from": [-0.7, -3, 17.43],
			"to": [-0.7, 19.3, 19.96],
			"rotation": {"angle": 22.5, "axis": "y", "origin": [-19, 1, 12.6]},
			"faces": {
				"north": {"uv": [0, 0, 0, 2.8125], "texture": "#3"},
				"east": {"uv": [0.375, 5.75, 0.6875, 8.5625], "texture": "#3"},
				"south": {"uv": [0, 0, 0, 2.8125], "texture": "#3"},
				"west": {"uv": [0.75, 5.75, 1.0625, 8.5625], "texture": "#3"},
				"up": {"uv": [0, 0.3125, 0, 0], "texture": "#3"},
				"down": {"uv": [0, 0, 0, 0.3125], "texture": "#3"}
			}
		},
		{
			"from": [-6, -3, 11.65],
			"to": [-4.5, 19.3, 11.65],
			"rotation": {"angle": -22.5, "axis": "y", "origin": [-4.5, 1, 28.9]},
			"faces": {
				"north": {"uv": [1.625, 5.75, 1.8125, 8.5625], "texture": "#3"},
				"east": {"uv": [0, 0, 0, 2.8125], "texture": "#3"},
				"south": {"uv": [1.875, 5.75, 2.0625, 8.5625], "texture": "#3"},
				"west": {"uv": [0, 0, 0, 2.8125], "texture": "#3"},
				"up": {"uv": [0.1875, 0, 0, 0], "texture": "#3"},
				"down": {"uv": [0.1875, 0, 0, 0], "texture": "#3"}
			}
		},
		{
			"from": [-6, 19.3, 8.65],
			"to": [-4.5, 19.3, 11.65],
			"rotation": {"angle": -22.5, "axis": "y", "origin": [-4.5, 1, 28.9]},
			"faces": {
				"north": {"uv": [0, 0, 0.1875, 0], "texture": "#3"},
				"east": {"uv": [0, 0, 0.375, 0], "texture": "#3"},
				"south": {"uv": [0, 0, 0.1875, 0], "texture": "#3"},
				"west": {"uv": [0, 0, 0.375, 0], "texture": "#3"},
				"up": {"uv": [7.1875, 5.125, 7, 4.75], "texture": "#3"},
				"down": {"uv": [7.1875, 5.125, 7, 5.5], "texture": "#3"}
			}
		},
		{
			"from": [-0.7, 19.295, 17.43],
			"to": [5.3, 19.295, 19.96],
			"rotation": {"angle": 22.5, "axis": "y", "origin": [-19, 1, 12.6]},
			"faces": {
				"north": {"uv": [0, 0, 0.75, 0], "texture": "#3"},
				"east": {"uv": [0, 0, 0.3125, 0], "texture": "#3"},
				"south": {"uv": [0, 0, 0.75, 0], "texture": "#3"},
				"west": {"uv": [0, 0, 0.3125, 0], "texture": "#3"},
				"up": {"uv": [3.625, 6.5625, 2.875, 6.25], "texture": "#3"},
				"down": {"uv": [4.375, 6.25, 3.625, 6.5625], "texture": "#3"}
			}
		},
		{
			"from": [-0.25, 19.29, 8.1],
			"to": [4.75, 19.29, 10.1],
			"rotation": {"angle": 0, "axis": "y", "origin": [-15.2, 1, -1.5]},
			"faces": {
				"north": {"uv": [0, 0, 0.625, 0], "texture": "#3"},
				"east": {"uv": [0, 0, 0.25, 0], "texture": "#3"},
				"south": {"uv": [0, 0, 0.625, 0], "texture": "#3"},
				"west": {"uv": [0, 0, 0.25, 0], "texture": "#3"},
				"up": {"uv": [7.125, 6.125, 6.5, 5.875], "texture": "#3"},
				"down": {"uv": [7.125, 6.125, 6.5, 6.375], "texture": "#3"}
			}
		},
		{
			"from": [7.9, 19.3, 12.3],
			"to": [9.4, 19.3, 17.3],
			"rotation": {"angle": 22.5, "axis": "y", "origin": [0, 1, 0.1]},
			"faces": {
				"north": {"uv": [0, 0, 0.1875, 0], "texture": "#3"},
				"east": {"uv": [0, 0, 0.625, 0], "texture": "#3"},
				"south": {"uv": [0, 0, 0.1875, 0], "texture": "#3"},
				"west": {"uv": [0, 0, 0.625, 0], "texture": "#3"},
				"up": {"uv": [4.9375, 7.25, 4.75, 6.625], "texture": "#3"},
				"down": {"uv": [6.8125, 4.75, 6.625, 5.375], "texture": "#3"}
			}
		},
		{
			"from": [14.5, 19.295, 3.4],
			"to": [19.5, 19.295, 5.93],
			"rotation": {"angle": -22.5, "axis": "y", "origin": [1.1, 1, -1.5]},
			"faces": {
				"north": {"uv": [0, 0, 0.625, 0], "texture": "#3"},
				"east": {"uv": [0, 0, 0.3125, 0], "texture": "#3"},
				"south": {"uv": [0, 0, 0.625, 0], "texture": "#3"},
				"west": {"uv": [0, 0, 0.3125, 0], "texture": "#3"},
				"up": {"uv": [5, 6.5625, 4.375, 6.25], "texture": "#3"},
				"down": {"uv": [2.75, 6.375, 2.125, 6.6875], "texture": "#3"}
			}
		},
		{
			"from": [13.2, 19.29, 8.1],
			"to": [16.2, 19.29, 10.1],
			"rotation": {"angle": 0, "axis": "y", "origin": [1.1, 1, -1.5]},
			"faces": {
				"north": {"uv": [0, 0, 0.375, 0], "texture": "#3"},
				"east": {"uv": [0, 0, 0.25, 0], "texture": "#3"},
				"south": {"uv": [0, 0, 0.375, 0], "texture": "#3"},
				"west": {"uv": [0, 0, 0.25, 0], "texture": "#3"},
				"up": {"uv": [7.375, 1.75, 7, 1.5], "texture": "#3"},
				"down": {"uv": [7.375, 2.5, 7, 2.75], "texture": "#3"}
			}
		}
	],
	"display": {
		"thirdperson_righthand": {
			"rotation": [90, 77, -48],
			"translation": [0, -2, -2.75],
			"scale": [0.23, 0.23, 0.23]
		},
		"thirdperson_lefthand": {
			"rotation": [90, 77, -48],
			"translation": [0, -2, -2.75],
			"scale": [0.23, 0.23, 0.23]
		},
		"firstperson_righthand": {
			"rotation": [0, 132, -12],
			"translation": [0, -6, 1],
			"scale": [0.7, 0.7, 0.7]
		},
		"firstperson_lefthand": {
			"rotation": [0, 132, -12],
			"translation": [0, -6, 1],
			"scale": [0.7, 0.7, 0.7]
		},
		"ground": {
			"translation": [0, -14.75, 0]
		},
		"gui": {
			"rotation": [0, 145, 0],
			"translation": [0, -2, 0],
			"scale": [0.45, 0.45, 0.45]
		},
		"head": {
			"translation": [0.25, -22.25, 1.25],
			"scale": [1.5, 1.5, 1.5]
		},
		"fixed": {
			"rotation": [-90, 0, 0],
			"translation": [0, -1.25, 14.75],
			"scale": [1.5, 1.5, 1.5]
		}
	}
}