{
	"credit": "Made with Blockbench",
	"texture_size": [32, 32],
	"textures": {
		"2": "item/goldenagecloak",
		"3": "item/ggoldenagecloak"
	},
	"elements": [
		{
			"from": [0, -4, 15],
			"to": [16, 29, 15],
			"faces": {
				"north": {"uv": [0, 0, 4, 8.25], "texture": "#2"},
				"east": {"uv": [0, 0, 0, 8.25], "texture": "#2"},
				"south": {"uv": [4, 0, 8, 8.25], "texture": "#2"},
				"west": {"uv": [0, 0, 0, 8.25], "texture": "#2"},
				"up": {"uv": [4, 0, 0, 0], "texture": "#2"},
				"down": {"uv": [4, 0, 0, 0], "texture": "#2"}
			}
		},
		{
			"from": [0, 29, 5],
			"to": [16, 29, 15],
			"faces": {
				"north": {"uv": [0, 0, 4, 0], "texture": "#2"},
				"east": {"uv": [0, 0, 2.5, 0], "texture": "#2"},
				"south": {"uv": [0, 0, 4, 0], "texture": "#2"},
				"west": {"uv": [0, 0, 2.5, 0], "texture": "#2"},
				"up": {"uv": [12, 2.5, 8, 0], "texture": "#2"},
				"down": {"uv": [12, 2.5, 8, 5], "texture": "#2"}
			}
		},
		{
			"from": [0, 19, 5],
			"to": [16, 29, 5],
			"faces": {
				"north": {"uv": [8, 5, 12, 7.5], "texture": "#2"},
				"east": {"uv": [0, 0, 0, 2.5], "texture": "#2"},
				"south": {"uv": [8, 7.5, 12, 10], "texture": "#2"},
				"west": {"uv": [0, 0, 0, 2.5], "texture": "#2"},
				"up": {"uv": [4, 0, 0, 0], "texture": "#2"},
				"down": {"uv": [4, 0, 0, 0], "texture": "#2"}
			}
		},
		{
			"from": [0, 16, 4.9],
			"to": [16, 32, 4.9],
			"faces": {
				"north": {"uv": [0, 0, 8, 8], "texture": "#3"},
				"east": {"uv": [0, 0, 0, 8], "texture": "#3"},
				"south": {"uv": [0, 8, 8, 16], "texture": "#3"},
				"west": {"uv": [0, 0, 0, 8], "texture": "#3"},
				"up": {"uv": [8, 0, 0, 0], "texture": "#3"},
				"down": {"uv": [8, 0, 0, 0], "texture": "#3"}
			}
		}
	],
	"display": {
		"thirdperson_righthand": {
			"rotation": [68, 117, 0],
			"translation": [0.25, -3.75, -6.5],
			"scale": [0.35, 0.35, 0.35]
		},
		"thirdperson_lefthand": {
			"rotation": [68, 117, 0],
			"translation": [0.25, -3.75, -6.5],
			"scale": [0.35, 0.35, 0.35]
		},
		"firstperson_righthand": {
			"scale": [0.35, 0.35, 0.35]
		},
		"firstperson_lefthand": {
			"scale": [0.35, 0.35, 0.35]
		},
		"ground": {
			"rotation": [90, 180, 0],
			"translation": [0, -6.25, -3.75]
		},
		"gui": {
			"rotation": [28, 145, -11.5],
			"translation": [-1, -3.25, 0],
			"scale": [0.48, 0.48, 0.48]
		},
		"head": {
			"translation": [0, -27.75, -2]
		},
		"fixed": {
			"rotation": [0, 180, 0],
			"translation": [0, -19, 9.75],
			"scale": [1.5, 1.5, 1.5]
		}
	},
	"groups": [
		{
			"name": "group",
			"origin": [0, 0, 0],
			"color": 0,
			"children": [0, 1, 2]
		},
		3
	]
}