{
	"credit": "Made with Blockbench",
	"texture_size": [32, 32],
	"textures": {
		"1": "item/staff_schierke"
	},
	"elements": [
		{
			"from": [8, -16, 8],
			"to": [9, -8, 9],
			"rotation": {"angle": 0, "axis": "z", "origin": [0, 3, 0]},
			"faces": {
				"north": {"uv": [0, 2, 0.5, 6], "texture": "#1"},
				"east": {"uv": [0.5, 2, 1, 6], "texture": "#1"},
				"south": {"uv": [1, 2, 1.5, 6], "texture": "#1"},
				"west": {"uv": [1.5, 2, 2, 6], "texture": "#1"},
				"up": {"uv": [9.5, 11, 9, 10.5], "texture": "#1"},
				"down": {"uv": [11, 9.5, 10.5, 10], "texture": "#1"}
			}
		},
		{
			"from": [11.6, -4.1, 8],
			"to": [12.6, 0.9, 9],
			"rotation": {"angle": -22.5, "axis": "z", "origin": [0, 3, 0]},
			"faces": {
				"north": {"uv": [6, 3, 6.5, 5.5], "texture": "#1"},
				"east": {"uv": [4.5, 6, 5, 8.5], "texture": "#1"},
				"south": {"uv": [5, 6, 5.5, 8.5], "texture": "#1"},
				"west": {"uv": [5.5, 6, 6, 8.5], "texture": "#1"},
				"up": {"uv": [11, 10.5, 10.5, 10], "texture": "#1"},
				"down": {"uv": [11, 10.5, 10.5, 11], "texture": "#1"}
			}
		},
		{
			"from": [6.4, -7.4, 8],
			"to": [7.4, -2.45, 9],
			"rotation": {"angle": 22.5, "axis": "z", "origin": [0, 3, 0]},
			"faces": {
				"north": {"uv": [6, 5.5, 6.5, 8], "texture": "#1"},
				"east": {"uv": [6.5, 3, 7, 5.5], "texture": "#1"},
				"south": {"uv": [6.5, 5.5, 7, 8], "texture": "#1"},
				"west": {"uv": [0, 7, 0.5, 9.5], "texture": "#1"},
				"up": {"uv": [0.5, 11.5, 0, 11], "texture": "#1"},
				"down": {"uv": [11.5, 0, 11, 0.5], "texture": "#1"}
			}
		},
		{
			"from": [8, 0.4, 8],
			"to": [9, 8.4, 9],
			"rotation": {"angle": 0, "axis": "y", "origin": [0, 3, 0]},
			"faces": {
				"north": {"uv": [2, 2, 2.5, 6], "texture": "#1"},
				"east": {"uv": [2.5, 2, 3, 6], "texture": "#1"},
				"south": {"uv": [3, 0, 3.5, 4], "texture": "#1"},
				"west": {"uv": [3.5, 0, 4, 4], "texture": "#1"},
				"up": {"uv": [1, 11.5, 0.5, 11], "texture": "#1"},
				"down": {"uv": [11.5, 0.5, 11, 1], "texture": "#1"}
			}
		},
		{
			"from": [11.6, 12.3, 8],
			"to": [12.6, 15.3, 9],
			"rotation": {"angle": -22.5, "axis": "z", "origin": [0, 19.4, 0]},
			"faces": {
				"north": {"uv": [9, 6.5, 9.5, 8], "texture": "#1"},
				"east": {"uv": [8, 9, 8.5, 10.5], "texture": "#1"},
				"south": {"uv": [9, 8, 9.5, 9.5], "texture": "#1"},
				"west": {"uv": [8.5, 9, 9, 10.5], "texture": "#1"},
				"up": {"uv": [1.5, 11.5, 1, 11], "texture": "#1"},
				"down": {"uv": [11.5, 1, 11, 1.5], "texture": "#1"}
			}
		},
		{
			"from": [5, 7.6, 8],
			"to": [6, 10.55, 9],
			"rotation": {"angle": 22.5, "axis": "z", "origin": [0, 19.4, 0]},
			"faces": {
				"north": {"uv": [0, 9.5, 0.5, 11], "texture": "#1"},
				"east": {"uv": [9.5, 0, 10, 1.5], "texture": "#1"},
				"south": {"uv": [0.5, 9.5, 1, 11], "texture": "#1"},
				"west": {"uv": [1, 9.5, 1.5, 11], "texture": "#1"},
				"up": {"uv": [2, 11.5, 1.5, 11], "texture": "#1"},
				"down": {"uv": [11.5, 1.5, 11, 2], "texture": "#1"}
			}
		},
		{
			"from": [8, 13.1, 8],
			"to": [9, 20.9, 9],
			"rotation": {"angle": 0, "axis": "y", "origin": [0, 3, 0]},
			"faces": {
				"north": {"uv": [4, 0, 4.5, 4], "texture": "#1"},
				"east": {"uv": [3, 4, 3.5, 8], "texture": "#1"},
				"south": {"uv": [3.5, 4, 4, 8], "texture": "#1"},
				"west": {"uv": [4, 4, 4.5, 8], "texture": "#1"},
				"up": {"uv": [2.5, 11.5, 2, 11], "texture": "#1"},
				"down": {"uv": [11.5, 2, 11, 2.5], "texture": "#1"}
			}
		},
		{
			"from": [7.8, 20.9, 7.8],
			"to": [9.2, 26.4, 9.2],
			"rotation": {"angle": 0, "axis": "y", "origin": [0, 3, 0]},
			"faces": {
				"north": {"uv": [7, 0, 7.5, 2.5], "texture": "#1"},
				"east": {"uv": [0.5, 7, 1, 9.5], "texture": "#1"},
				"south": {"uv": [1, 7, 1.5, 9.5], "texture": "#1"},
				"west": {"uv": [1.5, 7, 2, 9.5], "texture": "#1"},
				"up": {"uv": [3, 11.5, 2.5, 11], "texture": "#1"},
				"down": {"uv": [11.5, 2.5, 11, 3], "texture": "#1"}
			}
		},
		{
			"from": [19.8, 10.2, 7.5],
			"to": [21.2, 12.9, 8.9],
			"rotation": {"angle": 45, "axis": "z", "origin": [0, 3, 0]},
			"faces": {
				"north": {"uv": [1.5, 9.5, 2, 11], "texture": "#1"},
				"east": {"uv": [9.5, 3, 10, 4.5], "texture": "#1"},
				"south": {"uv": [4, 9.5, 4.5, 11], "texture": "#1"},
				"west": {"uv": [4.5, 9.5, 5, 11], "texture": "#1"},
				"up": {"uv": [3.5, 11.5, 3, 11], "texture": "#1"},
				"down": {"uv": [11.5, 3, 11, 3.5], "texture": "#1"}
			}
		},
		{
			"from": [8.9, 22.1, 7.7],
			"to": [9.9, 23.1, 8.9],
			"rotation": {"angle": 0, "axis": "z", "origin": [0, 3, 0]},
			"faces": {
				"north": {"uv": [11, 3.5, 11.5, 4], "texture": "#1"},
				"east": {"uv": [4, 11, 4.5, 11.5], "texture": "#1"},
				"south": {"uv": [11, 4, 11.5, 4.5], "texture": "#1"},
				"west": {"uv": [4.5, 11, 5, 11.5], "texture": "#1"},
				"up": {"uv": [11.5, 5, 11, 4.5], "texture": "#1"},
				"down": {"uv": [5.5, 11, 5, 11.5], "texture": "#1"}
			}
		},
		{
			"from": [7, 24, 7.5],
			"to": [8, 25, 8.9],
			"rotation": {"angle": 0, "axis": "y", "origin": [0, 3, 0]},
			"faces": {
				"north": {"uv": [11, 5, 11.5, 5.5], "texture": "#1"},
				"east": {"uv": [5.5, 11, 6, 11.5], "texture": "#1"},
				"south": {"uv": [6, 11, 6.5, 11.5], "texture": "#1"},
				"west": {"uv": [11, 6, 11.5, 6.5], "texture": "#1"},
				"up": {"uv": [7, 11.5, 6.5, 11], "texture": "#1"},
				"down": {"uv": [11.5, 6.5, 11, 7], "texture": "#1"}
			}
		},
		{
			"from": [5.9, 10.7, 8.1],
			"to": [6.9, 11.7, 9.4],
			"rotation": {"angle": 22.5, "axis": "z", "origin": [-13.2, 20.6, 0.6]},
			"faces": {
				"north": {"uv": [7, 11, 7.5, 11.5], "texture": "#1"},
				"east": {"uv": [7.5, 11, 8, 11.5], "texture": "#1"},
				"south": {"uv": [11, 7.5, 11.5, 8], "texture": "#1"},
				"west": {"uv": [11, 8.5, 11.5, 9], "texture": "#1"},
				"up": {"uv": [9.5, 11.5, 9, 11], "texture": "#1"},
				"down": {"uv": [11.5, 9, 11, 9.5], "texture": "#1"}
			}
		},
		{
			"from": [6.6, 27.8, 8.1],
			"to": [8, 30.5, 9.5],
			"rotation": {"angle": -22.5, "axis": "z", "origin": [-13.2, 20.6, 0.6]},
			"faces": {
				"north": {"uv": [9.5, 4.5, 10, 6], "texture": "#1"},
				"east": {"uv": [5, 9.5, 5.5, 11], "texture": "#1"},
				"south": {"uv": [5.5, 9.5, 6, 11], "texture": "#1"},
				"west": {"uv": [9.5, 6, 10, 7.5], "texture": "#1"},
				"up": {"uv": [10, 11.5, 9.5, 11], "texture": "#1"},
				"down": {"uv": [11.5, 9.5, 11, 10], "texture": "#1"}
			}
		},
		{
			"from": [7.8, 12.6, 8.1],
			"to": [8.8, 13.6, 9.3],
			"rotation": {"angle": 22.5, "axis": "z", "origin": [-13.2, 20.6, 0.6]},
			"faces": {
				"north": {"uv": [10, 11, 10.5, 11.5], "texture": "#1"},
				"east": {"uv": [11, 10, 11.5, 10.5], "texture": "#1"},
				"south": {"uv": [10.5, 11, 11, 11.5], "texture": "#1"},
				"west": {"uv": [11, 10.5, 11.5, 11], "texture": "#1"},
				"up": {"uv": [11.5, 11.5, 11, 11], "texture": "#1"},
				"down": {"uv": [0.5, 11.5, 0, 12], "texture": "#1"}
			}
		},
		{
			"from": [18.9, 14.1, 7.7],
			"to": [20.34, 16.9, 9.3],
			"rotation": {"angle": 45, "axis": "z", "origin": [-0.9, 7, 0.3]},
			"faces": {
				"north": {"uv": [7, 9.5, 7.5, 11], "texture": "#1"},
				"east": {"uv": [4.5, 0, 5.5, 1.5], "texture": "#1"},
				"south": {"uv": [7.5, 9.5, 8, 11], "texture": "#1"},
				"west": {"uv": [4.5, 1.5, 5.5, 3], "texture": "#1"},
				"up": {"uv": [10, 9, 9.5, 8], "texture": "#1"},
				"down": {"uv": [9.5, 9.5, 9, 10.5], "texture": "#1"}
			}
		},
		{
			"from": [6.1, 28, 7.7],
			"to": [7.1, 29, 9.3],
			"rotation": {"angle": 0, "axis": "y", "origin": [-0.9, 7, 0.3]},
			"faces": {
				"north": {"uv": [11.5, 0, 12, 0.5], "texture": "#1"},
				"east": {"uv": [9.5, 9, 10.5, 9.5], "texture": "#1"},
				"south": {"uv": [0.5, 11.5, 1, 12], "texture": "#1"},
				"west": {"uv": [9.5, 9.5, 10.5, 10], "texture": "#1"},
				"up": {"uv": [10.5, 1, 10, 0], "texture": "#1"},
				"down": {"uv": [2.5, 10, 2, 11], "texture": "#1"}
			}
		},
		{
			"from": [8.2, 26.1, 7.7],
			"to": [9.1, 27.05, 9.3],
			"rotation": {"angle": 0, "axis": "y", "origin": [-0.9, 7, 0.3]},
			"faces": {
				"north": {"uv": [11.5, 0.5, 12, 1], "texture": "#1"},
				"east": {"uv": [10, 1, 11, 1.5], "texture": "#1"},
				"south": {"uv": [1, 11.5, 1.5, 12], "texture": "#1"},
				"west": {"uv": [10, 2, 11, 2.5], "texture": "#1"},
				"up": {"uv": [3, 11, 2.5, 10], "texture": "#1"},
				"down": {"uv": [10.5, 2.5, 10, 3.5], "texture": "#1"}
			}
		},
		{
			"from": [6.6694, 24.50736, 8.1],
			"to": [7.6694, 25.50736, 9.4],
			"rotation": {"angle": 22.5, "axis": "z", "origin": [8.1194, 25.95736, 8.75]},
			"faces": {
				"north": {"uv": [11.5, 1, 12, 1.5], "texture": "#1"},
				"east": {"uv": [1.5, 11.5, 2, 12], "texture": "#1"},
				"south": {"uv": [11.5, 1.5, 12, 2], "texture": "#1"},
				"west": {"uv": [2, 11.5, 2.5, 12], "texture": "#1"},
				"up": {"uv": [12, 2.5, 11.5, 2], "texture": "#1"},
				"down": {"uv": [3, 11.5, 2.5, 12], "texture": "#1"}
			}
		},
		{
			"from": [7.4133, 24.60137, 8.1],
			"to": [8.8133, 26.50137, 9.4],
			"rotation": {"angle": -22.5, "axis": "z", "origin": [8.1194, 25.95736, 8.75]},
			"faces": {
				"north": {"uv": [10, 3.5, 10.5, 4.5], "texture": "#1"},
				"east": {"uv": [10, 4.5, 10.5, 5.5], "texture": "#1"},
				"south": {"uv": [10, 5.5, 10.5, 6.5], "texture": "#1"},
				"west": {"uv": [10, 6.5, 10.5, 7.5], "texture": "#1"},
				"up": {"uv": [12, 3, 11.5, 2.5], "texture": "#1"},
				"down": {"uv": [3.5, 11.5, 3, 12], "texture": "#1"}
			}
		},
		{
			"from": [6.29181, 28.7087, 7.7],
			"to": [7.73181, 30.7087, 9.3],
			"rotation": {"angle": -22.5, "axis": "z", "origin": [6.91181, 29.3087, 8.5]},
			"faces": {
				"north": {"uv": [10, 8, 10.5, 9], "texture": "#1"},
				"east": {"uv": [2, 7, 3, 8], "texture": "#1"},
				"south": {"uv": [9.5, 10, 10, 11], "texture": "#1"},
				"west": {"uv": [7, 2.5, 8, 3.5], "texture": "#1"},
				"up": {"uv": [10.5, 11, 10, 10], "texture": "#1"},
				"down": {"uv": [11, 0, 10.5, 1], "texture": "#1"}
			}
		},
		{
			"from": [15.4, 24.4, 7.7],
			"to": [18.19, 26.04, 9.3],
			"rotation": {"angle": 22.5, "axis": "z", "origin": [-0.9, 7, 0.3]},
			"faces": {
				"north": {"uv": [4.5, 3, 6, 4], "texture": "#1"},
				"east": {"uv": [7, 3.5, 8, 4.5], "texture": "#1"},
				"south": {"uv": [4.5, 4, 6, 5], "texture": "#1"},
				"west": {"uv": [7, 4.5, 8, 5.5], "texture": "#1"},
				"up": {"uv": [6, 6, 4.5, 5], "texture": "#1"},
				"down": {"uv": [7, 0, 5.5, 1], "texture": "#1"}
			}
		},
		{
			"from": [8.26202, 29.92061, 7.7],
			"to": [11.06202, 31.57061, 9.3],
			"rotation": {"angle": -22.5, "axis": "z", "origin": [9.66202, 28.84061, 8.5]},
			"faces": {
				"north": {"uv": [5.5, 1, 7, 2], "texture": "#1"},
				"east": {"uv": [7, 5.5, 8, 6.5], "texture": "#1"},
				"south": {"uv": [5.5, 2, 7, 3], "texture": "#1"},
				"west": {"uv": [7, 6.5, 8, 7.5], "texture": "#1"},
				"up": {"uv": [1.5, 7, 0, 6], "texture": "#1"},
				"down": {"uv": [3, 6, 1.5, 7], "texture": "#1"}
			}
		},
		{
			"from": [11.04202, 27.94061, 7.7],
			"to": [12.57202, 29.79061, 9.3],
			"rotation": {"angle": 22.5, "axis": "z", "origin": [9.66202, 28.84061, 8.5]},
			"faces": {
				"north": {"uv": [7.5, 0, 8.5, 1], "texture": "#1"},
				"east": {"uv": [7.5, 1, 8.5, 2], "texture": "#1"},
				"south": {"uv": [7, 7.5, 8, 8.5], "texture": "#1"},
				"west": {"uv": [2, 8, 3, 9], "texture": "#1"},
				"up": {"uv": [9, 3, 8, 2], "texture": "#1"},
				"down": {"uv": [4, 8, 3, 9], "texture": "#1"}
			}
		},
		{
			"from": [10.825, 28.44061, 7.7],
			"to": [12.355, 30.29061, 9.3],
			"rotation": {"angle": -22.5, "axis": "z", "origin": [9.66202, 28.84061, 8.5]},
			"faces": {
				"north": {"uv": [8, 3, 9, 4], "texture": "#1"},
				"east": {"uv": [8, 4, 9, 5], "texture": "#1"},
				"south": {"uv": [8, 5, 9, 6], "texture": "#1"},
				"west": {"uv": [6, 8, 7, 9], "texture": "#1"},
				"up": {"uv": [9, 7, 8, 6], "texture": "#1"},
				"down": {"uv": [9, 7, 8, 8], "texture": "#1"}
			}
		},
		{
			"from": [9.76202, 26.64763, 7.7],
			"to": [11.28702, 28.27763, 9.3],
			"rotation": {"angle": 22.5, "axis": "z", "origin": [9.66202, 28.84061, 8.5]},
			"faces": {
				"north": {"uv": [8, 8, 9, 9], "texture": "#1"},
				"east": {"uv": [8.5, 0, 9.5, 1], "texture": "#1"},
				"south": {"uv": [8.5, 1, 9.5, 2], "texture": "#1"},
				"west": {"uv": [4, 8.5, 5, 9.5], "texture": "#1"},
				"up": {"uv": [6, 9.5, 5, 8.5], "texture": "#1"},
				"down": {"uv": [8, 8.5, 7, 9.5], "texture": "#1"}
			}
		},
		{
			"from": [9.86202, 27.34763, 7.7],
			"to": [11.28702, 28.87763, 9.3],
			"rotation": {"angle": -22.5, "axis": "z", "origin": [9.66202, 28.84061, 8.5]},
			"faces": {
				"north": {"uv": [10.5, 2.5, 11, 3.5], "texture": "#1"},
				"east": {"uv": [2, 9, 3, 10], "texture": "#1"},
				"south": {"uv": [3.5, 10.5, 4, 11.5], "texture": "#1"},
				"west": {"uv": [9, 2, 10, 3], "texture": "#1"},
				"up": {"uv": [11, 4.5, 10.5, 3.5], "texture": "#1"},
				"down": {"uv": [11, 4.5, 10.5, 5.5], "texture": "#1"}
			}
		},
		{
			"from": [9.36202, 27.54763, 7.7],
			"to": [10.48702, 28.97763, 9.3],
			"rotation": {"angle": -45, "axis": "z", "origin": [9.66202, 28.84061, 8.5]},
			"faces": {
				"north": {"uv": [11.5, 3, 12, 3.5], "texture": "#1"},
				"east": {"uv": [10.5, 5.5, 11.5, 6], "texture": "#1"},
				"south": {"uv": [3.5, 11.5, 4, 12], "texture": "#1"},
				"west": {"uv": [6, 10.5, 7, 11], "texture": "#1"},
				"up": {"uv": [11, 7, 10.5, 6], "texture": "#1"},
				"down": {"uv": [8.5, 10.5, 8, 11.5], "texture": "#1"}
			}
		},
		{
			"from": [8.36905, 28.61561, 7.7],
			"to": [9.79905, 29.74061, 9.3],
			"rotation": {"angle": 22.5, "axis": "z", "origin": [9.66202, 28.84061, 8.5]},
			"faces": {
				"north": {"uv": [11.5, 3.5, 12, 4], "texture": "#1"},
				"east": {"uv": [10.5, 7, 11.5, 7.5], "texture": "#1"},
				"south": {"uv": [4, 11.5, 4.5, 12], "texture": "#1"},
				"west": {"uv": [10.5, 8, 11.5, 8.5], "texture": "#1"},
				"up": {"uv": [9, 11.5, 8.5, 10.5], "texture": "#1"},
				"down": {"uv": [11, 8.5, 10.5, 9.5], "texture": "#1"}
			}
		},
		{
			"from": [11.26202, 29.04763, 7.9],
			"to": [11.68702, 31.7, 9.1],
			"rotation": {"angle": -45, "axis": "z", "origin": [9.06202, 30.14061, 8.5]},
			"faces": {
				"north": {"uv": [3.5, 9, 4, 10.5], "texture": "#1"},
				"east": {"uv": [9, 5, 9.5, 6.5], "texture": "#1"},
				"south": {"uv": [6, 9, 6.5, 10.5], "texture": "#1"},
				"west": {"uv": [6.5, 9, 7, 10.5], "texture": "#1"},
				"up": {"uv": [8, 2.5, 7.5, 2], "texture": "#1"},
				"down": {"uv": [4.5, 8, 4, 8.5], "texture": "#1"}
			}
		},
		{
			"from": [8.56202, 27.64763, 7.9],
			"to": [11.28702, 31.7, 9.1],
			"rotation": {"angle": -45, "axis": "z", "origin": [9.06202, 30.14061, 8.5]},
			"faces": {
				"north": {"uv": [0, 0, 1.5, 2], "texture": "#1"},
				"east": {"uv": [3, 9, 3.5, 11], "texture": "#1"},
				"south": {"uv": [1.5, 0, 3, 2], "texture": "#1"},
				"west": {"uv": [9, 3, 9.5, 5], "texture": "#1"},
				"up": {"uv": [11, 2, 9.5, 1.5], "texture": "#1"},
				"down": {"uv": [11, 7.5, 9.5, 8], "texture": "#1"}
			}
		}
	],
	"display": {
		"thirdperson_righthand": {
			"rotation": [0, 90, 0],
			"translation": [0, -4, 1.5],
			"scale": [0.78, 0.78, 0.78]
		},
		"thirdperson_lefthand": {
			"rotation": [0, -90, 0],
			"translation": [0, -4, 1.5],
			"scale": [0.78, 0.78, 0.78]
		},
		"firstperson_righthand": {
			"rotation": [-11, 91.5, 0],
			"translation": [0, 0.75, 0]
		},
		"firstperson_lefthand": {
			"rotation": [-11, -91.5, 0],
			"translation": [0, 0.75, 0]
		},
		"ground": {
			"rotation": [90, 0, 0],
			"scale": [0.78, 0.78, 0.78]
		},
		"gui": {
			"rotation": [0, 180, -43],
			"scale": [0.4, 0.4, 0.4]
		},
		"fixed": {
			"translation": [0, 0, -1.5],
			"scale": [1.5, 1.5, 1.5]
		}
	},
	"groups": [
		{
			"name": "group",
			"origin": [9.06202, 30.14061, 8.5],
			"color": 0,
			"nbt": "{}",
			"armAnimationEnabled": false,
			"children": [0, 1, 2, 3, 4, 5, 6, 7, 8, 9, 10, 11, 12, 13, 14, 15, 16, 17, 18, 19, 20, 21, 22, 23, 24, 25, 26, 27, 28, 29]
		}
	]
}