{
	"name": "backpack",
	"render_type": "bedrock",
	"hidden_parts": [],
	"texture": "moreplayermodels:textures/backpack_1.png",
	"body_part": "body",
	"menu": "part.body",
	"animation_inherit" : "body",
	"preview_rotation": 140,
	"translate": [0, 24, 0],
	"scale": [1.0, 1.0, 1.0],
	"rotate_offset": [0, 0, 0.0],
	"rotate": [0.0, 0, 0.0],
	"can_use_player_skin" : false,
	"author": "Anfauglir/Valaron/Jakob",
	"render_data" : {
        "format_version": "1.12.0",
		"minecraft:geometry": [
			{
				"description": {
					"identifier": "geometry.unknown",
					"texture_width": 64,
					"texture_height": 64,
					"visible_bounds_width": 2,
					"visible_bounds_height": 3.5,
					"visible_bounds_offset": [0, 1.25, 0]
				},
				"bones": [
					{
						"name": "BODY",
						"pivot": [0, 24, 0]
					},
					{
						"name": "backpack_1",
						"parent": "BODY",
						"pivot": [0, 20, 3],
						"cubes": [
							{"origin": [-4, 17, 1.5], "size": [8, 6, 4], "pivot": [0, 23, 2], "rotation": [5, 0, 0], "uv": [0, 0]},
							{"origin": [-5, 22, 2], "size": [10, 3, 3], "uv": [0, 10]},
							{"origin": [-5, 10.5, 1.5], "size": [10, 3, 3], "uv": [0, 32]},
							{"origin": [-0.25, 12.25, 2], "size": [4, 5, 4], "pivot": [2, 17.25, 2], "rotation": [-4.92362, 7.51871, 0.439], "uv": [0, 16]},
							{"origin": [0.25, 12.5, 4.25], "size": [3, 5, 2], "pivot": [2, 17.25, 2], "rotation": [-4.92362, 7.51871, 0.439], "uv": [0, 25]},
							{"origin": [3.5, 15.25, 1.5], "size": [2, 5, 4], "pivot": [4.875, 17.875, 4], "rotation": [1.10693, -12.45167, -5.12076], "uv": [24, 12]},
							{"origin": [3.75, 15.5, 2], "size": [2, 5, 3], "pivot": [4.875, 17.875, 4], "rotation": [1.10693, -12.45167, -5.12076], "uv": [24, 21]},
							{"origin": [-3.75, 12.25, 2], "size": [4, 5, 4], "pivot": [-2, 17.25, 2], "rotation": [-4.92362, -7.51871, -0.439], "uv": [0, 16], "mirror": true},
							{"origin": [-3.25, 12.5, 4.25], "size": [3, 5, 2], "pivot": [-2, 17.25, 2], "rotation": [-4.92362, -7.51871, -0.439], "uv": [0, 25], "mirror": true},
							{"origin": [-3.5, 18.25, 4.75], "size": [7, 5, 1], "pivot": [0, 23, 2], "rotation": [5, 0, 0], "uv": [24, 0]}
						]
					},
					{
						"name": "sword",
						"parent": "backpack_1",
						"pivot": [-4.5, 22.7, 4.5],
						"cubes": [
							{"origin": [-5.25, 27, 5], "size": [1, 1, 1], "inflate": 0.2, "pivot": [-4.5, 22.7, 4.5], "rotation": [-4.89176, 27.05971, 5.6404], "uv": [0, 0]},
							{"origin": [-5.25, 23, 5], "size": [1, 4, 1], "pivot": [-4.5, 22.7, 4.5], "rotation": [-4.89176, 27.05971, 5.6404], "uv": [24, 6]},
							{"origin": [-5.25, 22, 5], "size": [1, 1, 1], "inflate": 0.2, "pivot": [-4.5, 22.7, 4.5], "rotation": [-4.89176, 27.05971, 5.6404], "uv": [0, 0]},
							{"origin": [-5.25, 22, 3], "size": [1, 1, 5], "pivot": [-4.5, 22.7, 4.5], "rotation": [-4.89176, 27.05971, 5.6404], "uv": [23, 6]},
							{"origin": [-5.25, 10, 4], "size": [1, 12, 3], "pivot": [-4.5, 22.7, 4.5], "rotation": [-4.89176, 27.05971, 5.6404], "uv": [16, 16]}
						]
					}
				]
			}
		]
	}
}