{
	"credit": "Made with Blockbench",
	"texture_size": [32, 32],
	"textures": {
		"0": "item/first_griffith_sword",
		"particle": "item/first_griffith_sword"
	},
	"elements": [
		{
			"from": [7.2, -9.5, 6.5],
			"to": [7.5, 7, 8],
			"faces": {
				"north": {"uv": [2, 0, 2.25, 8.25], "texture": "#0"},
				"east": {"uv": [1, 0, 1.75, 8.25], "texture": "#0"},
				"south": {"uv": [2.5, 0, 2.75, 8.25], "texture": "#0"},
				"west": {"uv": [0, 0, 0.75, 8.25], "texture": "#0"},
				"up": {"uv": [9.25, 2.25, 8.5, 2], "rotation": 270, "texture": "#0"},
				"down": {"uv": [9.25, 2.5, 8.5, 2.75], "rotation": 90, "texture": "#0"}
			}
		},
		{
			"from": [6.8, -16, 6.7],
			"to": [8, -15.2, 7.9],
			"faces": {
				"north": {"uv": [7.5, 5, 8, 5.5], "texture": "#0"},
				"east": {"uv": [7.5, 5.5, 8, 6], "texture": "#0"},
				"south": {"uv": [7.5, 6, 8, 6.5], "texture": "#0"},
				"west": {"uv": [6.5, 7.5, 7, 8], "texture": "#0"},
				"up": {"uv": [7.5, 8, 7, 7.5], "texture": "#0"},
				"down": {"uv": [8, 7, 7.5, 7.5], "texture": "#0"}
			}
		},
		{
			"from": [7, -15.2, 6.9],
			"to": [7.8, -10.3, 7.7],
			"faces": {
				"north": {"uv": [3, 4, 3.5, 6.5], "texture": "#0"},
				"east": {"uv": [3.5, 4, 4, 6.5], "texture": "#0"},
				"south": {"uv": [4, 4, 4.5, 6.5], "texture": "#0"},
				"west": {"uv": [4.5, 4, 5, 6.5], "texture": "#0"},
				"up": {"uv": [8, 8, 7.5, 7.5], "texture": "#0"},
				"down": {"uv": [8.5, 0, 8, 0.5], "texture": "#0"}
			}
		},
		{
			"from": [1, -10.31, 9.68],
			"to": [2.19, -9.51, 11.1],
			"rotation": {"angle": 45, "axis": "y", "origin": [0, 0, 0]},
			"faces": {
				"north": {"uv": [6, 6.5, 6.75, 7], "texture": "#0"},
				"east": {"uv": [7, 0, 7.75, 0.5], "texture": "#0"},
				"south": {"uv": [7, 0.5, 7.75, 1], "texture": "#0"},
				"west": {"uv": [7, 1, 7.75, 1.5], "texture": "#0"},
				"up": {"uv": [5.75, 2.75, 5, 2], "texture": "#0"},
				"down": {"uv": [5.75, 3, 5, 3.75], "texture": "#0"}
			}
		},
		{
			"from": [-2.265, -10.31, 9.75],
			"to": [-0.965, -9.51, 11.2],
			"rotation": {"angle": 45, "axis": "y", "origin": [0, 0, 0]},
			"faces": {
				"north": {"uv": [7, 1.5, 7.75, 2], "texture": "#0"},
				"east": {"uv": [7, 2, 7.75, 2.5], "texture": "#0"},
				"south": {"uv": [7, 2.5, 7.75, 3], "texture": "#0"},
				"west": {"uv": [3, 7, 3.75, 7.5], "texture": "#0"},
				"up": {"uv": [5.75, 4.75, 5, 4], "texture": "#0"},
				"down": {"uv": [5.75, 5, 5, 5.75], "texture": "#0"}
			}
		},
		{
			"from": [5.3, -10.3, 6.3],
			"to": [6.3, -9.5, 8.5],
			"faces": {
				"north": {"uv": [5, 0, 7, 0.5], "texture": "#0"},
				"east": {"uv": [6, 5, 7, 5.5], "texture": "#0"},
				"south": {"uv": [5, 0.5, 7, 1], "texture": "#0"},
				"west": {"uv": [6, 5.5, 7, 6], "texture": "#0"},
				"up": {"uv": [5, 1, 3, 0], "texture": "#0"},
				"down": {"uv": [5, 1, 3, 2], "texture": "#0"}
			}
		},
		{
			"from": [6.3, -10.3, 5.3],
			"to": [8.4, -9.5, 9.52],
			"faces": {
				"north": {"uv": [6, 6, 7, 6.5], "texture": "#0"},
				"east": {"uv": [5, 1, 7, 1.5], "texture": "#0"},
				"south": {"uv": [3, 6.5, 4, 7], "texture": "#0"},
				"west": {"uv": [5, 1.5, 7, 2], "texture": "#0"},
				"up": {"uv": [4, 4, 3, 2], "texture": "#0"},
				"down": {"uv": [5, 2, 4, 4], "texture": "#0"}
			}
		},
		{
			"from": [8.4, -10.3, 6.3],
			"to": [9.4, -9.5, 8.5],
			"faces": {
				"north": {"uv": [5, 0, 7, 0.5], "texture": "#0"},
				"east": {"uv": [6, 5, 7, 5.5], "texture": "#0"},
				"south": {"uv": [5, 0.5, 7, 1], "texture": "#0"},
				"west": {"uv": [6, 5.5, 7, 6], "texture": "#0"},
				"up": {"uv": [5, 1, 3, 0], "texture": "#0"},
				"down": {"uv": [5, 1, 3, 2], "texture": "#0"}
			}
		},
		{
			"from": [-0.7, -10.31, 8.2],
			"to": [0.7, -9.51, 9.4],
			"rotation": {"angle": 45, "axis": "y", "origin": [0, 0, 0]},
			"faces": {
				"north": {"uv": [7, 3, 7.75, 3.5], "texture": "#0"},
				"east": {"uv": [7, 3.5, 7.75, 4], "texture": "#0"},
				"south": {"uv": [7, 4, 7.75, 4.5], "texture": "#0"},
				"west": {"uv": [7, 4.5, 7.75, 5], "texture": "#0"},
				"up": {"uv": [6.75, 2.75, 6, 2], "texture": "#0"},
				"down": {"uv": [6.75, 3, 6, 3.75], "texture": "#0"}
			}
		},
		{
			"from": [7.2, 11.2, 1.3],
			"to": [7.5, 11.6, 1.56],
			"rotation": {"angle": 22.5, "axis": "x", "origin": [0, 0, 0]},
			"faces": {
				"north": {"uv": [8.5, 3, 8.75, 3.5], "texture": "#0"},
				"east": {"uv": [8.5, 3.5, 8.75, 4], "texture": "#0"},
				"south": {"uv": [8.5, 4, 8.75, 4.5], "texture": "#0"},
				"west": {"uv": [2.5, 8.5, 2.75, 9], "texture": "#0"},
				"up": {"uv": [8.75, 5.25, 8.5, 5], "rotation": 270, "texture": "#0"},
				"down": {"uv": [5.75, 8.5, 5.5, 8.75], "rotation": 90, "texture": "#0"}
			}
		},
		{
			"from": [7.2, 7, 6.5],
			"to": [7.5, 9, 6.9],
			"faces": {
				"north": {"uv": [8, 0.5, 8.25, 1.5], "texture": "#0"},
				"east": {"uv": [8, 1.5, 8.25, 2.5], "texture": "#0"},
				"south": {"uv": [8, 2.5, 8.25, 3.5], "texture": "#0"},
				"west": {"uv": [3, 8, 3.25, 9], "texture": "#0"},
				"up": {"uv": [8.75, 5.75, 8.5, 5.5], "texture": "#0"},
				"down": {"uv": [6.25, 8.5, 6, 8.75], "texture": "#0"}
			}
		},
		{
			"from": [7.2, 5.25, 8.97],
			"to": [7.5, 6.85, 9.37],
			"rotation": {"angle": -22.5, "axis": "x", "origin": [0, 0, 0]},
			"faces": {
				"north": {"uv": [8, 3.5, 8.25, 4.5], "texture": "#0"},
				"east": {"uv": [4, 8, 4.25, 9], "texture": "#0"},
				"south": {"uv": [4.5, 8, 4.75, 9], "texture": "#0"},
				"west": {"uv": [3.5, 8, 3.75, 9], "texture": "#0"},
				"up": {"uv": [8.75, 6.25, 8.5, 6], "rotation": 270, "texture": "#0"},
				"down": {"uv": [8.75, 6.5, 8.5, 6.75], "rotation": 90, "texture": "#0"}
			}
		},
		{
			"from": [7.2, 1, 10.91],
			"to": [7.5, 3, 11.31],
			"rotation": {"angle": -45, "axis": "x", "origin": [0, 0, 0]},
			"faces": {
				"north": {"uv": [8, 5.5, 8.25, 6.5], "texture": "#0"},
				"east": {"uv": [6.5, 8, 6.75, 9], "texture": "#0"},
				"south": {"uv": [8, 6.5, 8.25, 7.5], "texture": "#0"},
				"west": {"uv": [8, 4.5, 8.25, 5.5], "texture": "#0"},
				"up": {"uv": [8.75, 7.25, 8.5, 7], "rotation": 270, "texture": "#0"},
				"down": {"uv": [8.75, 7.5, 8.5, 7.75], "rotation": 90, "texture": "#0"}
			}
		},
		{
			"from": [7.2, 8.7, 6.3],
			"to": [7.5, 9.1, 6.5],
			"faces": {
				"north": {"uv": [8, 0.5, 8.25, 1.5], "texture": "#0"},
				"east": {"uv": [8, 1.5, 8.25, 2.5], "texture": "#0"},
				"south": {"uv": [8, 2.5, 8.25, 3.5], "texture": "#0"},
				"west": {"uv": [3, 8, 3.25, 9], "texture": "#0"},
				"up": {"uv": [8.75, 5.75, 8.5, 5.5], "texture": "#0"},
				"down": {"uv": [6.25, 8.5, 6, 8.75], "texture": "#0"}
			}
		},
		{
			"from": [6.8, -10.5, 6.9],
			"to": [8, -10.4, 8.12],
			"rotation": {"angle": 22.5, "axis": "x", "origin": [7.4, -12.39513, 8.08738]},
			"faces": {
				"north": {"uv": [15.5, 3, 16, 3.5], "texture": "#0"},
				"east": {"uv": [15.5, 0, 16, 0.5], "texture": "#0"},
				"south": {"uv": [15.5, 2, 16, 2.5], "texture": "#0"},
				"west": {"uv": [15.5, 0.5, 16, 1], "texture": "#0"},
				"up": {"uv": [16, 3, 15.5, 2.5], "texture": "#0"},
				"down": {"uv": [16, 1, 15.5, 1.5], "texture": "#0"}
			}
		},
		{
			"from": [6.7, -10.65, 7.35],
			"to": [8.1, -10.55, 8.15],
			"rotation": {"angle": 45, "axis": "x", "origin": [7.4, -12.39513, 8.08738]},
			"faces": {
				"north": {"uv": [15.25, 14.25, 15.75, 14.75], "texture": "#0"},
				"east": {"uv": [15.5, 15.5, 16, 16], "texture": "#0"},
				"south": {"uv": [13.75, 14.25, 14.25, 14.75], "texture": "#0"},
				"west": {"uv": [14.25, 14.25, 14.75, 14.75], "texture": "#0"},
				"up": {"uv": [15.25, 14.75, 14.75, 14.25], "texture": "#0"},
				"down": {"uv": [16, 14.75, 15.5, 15.25], "texture": "#0"}
			}
		},
		{
			"from": [6.6, -12.42, 9.72],
			"to": [8.2, -11.73, 9.82],
			"rotation": {"angle": -22.5, "axis": "x", "origin": [7.4, -12.39513, 8.08738]},
			"faces": {
				"north": {"uv": [0, 14, 1, 14.5], "texture": "#0"},
				"east": {"uv": [0, 13.5, 0.5, 14], "texture": "#0"},
				"south": {"uv": [0, 15, 1, 15.5], "texture": "#0"},
				"west": {"uv": [0.5, 13.5, 1, 14], "texture": "#0"},
				"up": {"uv": [1, 16, 0, 15.5], "texture": "#0"},
				"down": {"uv": [1, 14.5, 0, 15], "texture": "#0"}
			}
		},
		{
			"from": [6.5, -13.65, 9.6],
			"to": [8.3, -11.75, 9.7],
			"rotation": {"angle": 0, "axis": "y", "origin": [7.4, -13.69513, 7.48738]},
			"faces": {
				"north": {"uv": [4.75, 14, 5.75, 15], "texture": "#0"},
				"east": {"uv": [8, 13.75, 8.5, 14.75], "texture": "#0"},
				"south": {"uv": [4.75, 15, 5.75, 16], "texture": "#0"},
				"west": {"uv": [7.25, 13.75, 7.75, 14.75], "texture": "#0"},
				"up": {"uv": [7, 14.5, 6, 14], "texture": "#0"},
				"down": {"uv": [7, 14.75, 6, 15.25], "texture": "#0"}
			}
		},
		{
			"from": [6.6, -13.6, 9.4],
			"to": [8.2, -12.8, 9.5],
			"rotation": {"angle": 22.5, "axis": "x", "origin": [7.4, -13.69513, 7.48738]},
			"faces": {
				"north": {"uv": [10, 9.75, 11, 10.25], "texture": "#0"},
				"east": {"uv": [11, 10.25, 11.5, 10.75], "texture": "#0"},
				"south": {"uv": [10, 10.25, 11, 10.75], "texture": "#0"},
				"west": {"uv": [11, 9.75, 11.5, 10.25], "texture": "#0"},
				"up": {"uv": [10, 10.25, 9, 9.75], "texture": "#0"},
				"down": {"uv": [10, 10.25, 9, 10.75], "texture": "#0"}
			}
		},
		{
			"from": [6.7, -15.52, 7.68738],
			"to": [8.1, -15.42, 8.38738],
			"rotation": {"angle": -45, "axis": "x", "origin": [7.4, -13.69513, 7.48738]},
			"faces": {
				"north": {"uv": [10.25, 0.5, 10.75, 1], "texture": "#0"},
				"east": {"uv": [10.25, 1.5, 10.75, 2], "texture": "#0"},
				"south": {"uv": [10.25, 2, 10.75, 2.5], "texture": "#0"},
				"west": {"uv": [10.25, 2.5, 10.75, 3], "texture": "#0"},
				"up": {"uv": [10.75, 1.5, 10.25, 1], "texture": "#0"},
				"down": {"uv": [10.75, 0, 10.25, 0.5], "texture": "#0"}
			}
		},
		{
			"from": [6.8, -15.29513, 7.18738],
			"to": [8, -15.19513, 8.38738],
			"rotation": {"angle": -22.5, "axis": "x", "origin": [7.4, -13.69513, 7.48738]},
			"faces": {
				"north": {"uv": [9.5, 5.25, 10, 5.75], "texture": "#0"},
				"east": {"uv": [9.5, 5.75, 10, 6.25], "texture": "#0"},
				"south": {"uv": [9.5, 6.5, 10, 7], "texture": "#0"},
				"west": {"uv": [9.5, 3.5, 10, 4], "texture": "#0"},
				"up": {"uv": [10, 4.5, 9.5, 4], "texture": "#0"},
				"down": {"uv": [10, 4.75, 9.5, 5.25], "texture": "#0"}
			}
		},
		{
			"from": [-0.8, -10.31, 11.4],
			"to": [0.64, -9.51, 12.665],
			"rotation": {"angle": 45, "axis": "y", "origin": [0, 0, 0]},
			"faces": {
				"north": {"uv": [6.5, 7, 7.25, 7.5], "texture": "#0"},
				"east": {"uv": [7, 6.5, 7.75, 7], "texture": "#0"},
				"south": {"uv": [3, 7.5, 3.75, 8], "texture": "#0"},
				"west": {"uv": [4, 7.5, 4.75, 8], "texture": "#0"},
				"up": {"uv": [6.75, 4.75, 6, 4], "texture": "#0"},
				"down": {"uv": [5.75, 6, 5, 6.75], "texture": "#0"}
			}
		},
		{
			"from": [7.2, 3.4, 8.97],
			"to": [7.5, 5.25, 10.07],
			"rotation": {"angle": -22.5, "axis": "x", "origin": [0, 0, 0]},
			"faces": {
				"north": {"uv": [1.5, 8.5, 1.75, 9.5], "texture": "#0"},
				"east": {"uv": [4.5, 6.5, 5, 7.5], "texture": "#0"},
				"south": {"uv": [2, 8.5, 2.25, 9.5], "texture": "#0"},
				"west": {"uv": [4, 6.5, 4.5, 7.5], "texture": "#0"},
				"up": {"uv": [9, 4.75, 8.5, 4.5], "rotation": 270, "texture": "#0"},
				"down": {"uv": [5.5, 8.5, 5, 8.75], "rotation": 90, "texture": "#0"}
			}
		}
	],
	"display": {
		"thirdperson_righthand": {
			"rotation": [0, 180, 0],
			"translation": [0, 18.75, -0.5]
		},
		"thirdperson_lefthand": {
			"rotation": [0, 180, 180],
			"translation": [-1.65, -20, 0]
		},
		"firstperson_righthand": {
			"rotation": [0, 180, 0],
			"translation": [0, 17.5, 0]
		},
		"firstperson_lefthand": {
			"rotation": [171, 0, 0],
			"translation": [0.5, -16, 3]
		},
		"ground": {
			"rotation": [0, 0, 90],
			"translation": [-9, 0, 0]
		},
		"gui": {
			"rotation": [90, -45, 90],
			"translation": [-5.75, 4.75, 0],
			"scale": [0.7, 0.7, 0.7]
		},
		"fixed": {
			"rotation": [180, 90, 0],
			"translation": [1.5, -24, -0.75],
			"scale": [2, 2, 2]
		}
	},
	"groups": [
		{
			"name": "group",
			"origin": [0, 0, 0],
			"color": 0,
			"children": [0, 1, 2, 3, 4, 5, 6, 7, 8, 9, 10, 11, 12, 13, 14, 15, 16, 17, 18, 19, 20, 21, 22]
		}
	]
}