{
	"credit": "Made with Blockbench",
	"texture_size": [32, 32],
	"textures": {
		"2": "item/skullkshield",
		"3": "item/rosesks"
	},
	"elements": [
		{
			"from": [2, 2, 5.99],
			"to": [12, 10, 7.01],
			"faces": {
				"north": {"uv": [0, 0, 5, 4], "texture": "#2"},
				"east": {"uv": [0, 8, 0.5, 12], "texture": "#2"},
				"south": {"uv": [0, 4, 5, 8], "texture": "#2"},
				"west": {"uv": [0.5, 8, 1, 12], "texture": "#2"},
				"up": {"uv": [12, 6.5, 7, 6], "texture": "#2"},
				"down": {"uv": [12, 6.5, 7, 7], "texture": "#2"}
			}
		},
		{
			"from": [2.6, -1.9, 6],
			"to": [4.9, 1.1, 6.99],
			"rotation": {"angle": 22.5, "axis": "z", "origin": [0, 0, 0]},
			"faces": {
				"north": {"uv": [1, 8, 2, 9.5], "texture": "#2"},
				"east": {"uv": [2.5, 9.5, 3, 11], "texture": "#2"},
				"south": {"uv": [2, 8, 3, 9.5], "texture": "#2"},
				"west": {"uv": [3, 9.5, 3.5, 11], "texture": "#2"},
				"up": {"uv": [10.5, 10, 9.5, 9.5], "texture": "#2"},
				"down": {"uv": [11, 3.5, 10, 4], "texture": "#2"}
			}
		},
		{
			"from": [8, 3.5, 6],
			"to": [10.3, 6.5, 6.99],
			"rotation": {"angle": -22.5, "axis": "z", "origin": [0, 0, 0]},
			"faces": {
				"north": {"uv": [3, 8, 4, 9.5], "texture": "#2"},
				"east": {"uv": [3.5, 9.5, 4, 11], "texture": "#2"},
				"south": {"uv": [4, 8, 5, 9.5], "texture": "#2"},
				"west": {"uv": [4, 9.5, 4.5, 11], "texture": "#2"},
				"up": {"uv": [11, 4.5, 10, 4], "texture": "#2"},
				"down": {"uv": [11, 4.5, 10, 5], "texture": "#2"}
			}
		},
		{
			"from": [5.9, 4, 6],
			"to": [8.2, 7.2, 6.99],
			"rotation": {"angle": -45, "axis": "z", "origin": [0, 0, 0]},
			"faces": {
				"north": {"uv": [8, 7, 9, 8.5], "texture": "#2"},
				"east": {"uv": [4.5, 9.5, 5, 11], "texture": "#2"},
				"south": {"uv": [8.5, 0, 9.5, 1.5], "texture": "#2"},
				"west": {"uv": [7, 9.5, 7.5, 11], "texture": "#2"},
				"up": {"uv": [11, 5.5, 10, 5], "texture": "#2"},
				"down": {"uv": [11, 5.5, 10, 6], "texture": "#2"}
			}
		},
		{
			"from": [1.7, -8.2, 6],
			"to": [4, -2.7, 6.99],
			"rotation": {"angle": 45, "axis": "z", "origin": [0, 0, 0]},
			"faces": {
				"north": {"uv": [5, 6, 6, 9], "texture": "#2"},
				"east": {"uv": [8, 8.5, 8.5, 11.5], "texture": "#2"},
				"south": {"uv": [6, 6, 7, 9], "texture": "#2"},
				"west": {"uv": [8.5, 8.5, 9, 11.5], "texture": "#2"},
				"up": {"uv": [11, 7.5, 10, 7], "texture": "#2"},
				"down": {"uv": [11, 7.5, 10, 8], "texture": "#2"}
			}
		},
		{
			"from": [4.4, -1.7, 6],
			"to": [9.7, 2, 6.995],
			"faces": {
				"north": {"uv": [5, 0, 7.5, 2], "texture": "#2"},
				"east": {"uv": [1.5, 9.5, 2, 11.5], "texture": "#2"},
				"south": {"uv": [5, 2, 7.5, 4], "texture": "#2"},
				"west": {"uv": [2, 9.5, 2.5, 11.5], "texture": "#2"},
				"up": {"uv": [11, 2, 8.5, 1.5], "texture": "#2"},
				"down": {"uv": [11, 2, 8.5, 2.5], "texture": "#2"}
			}
		},
		{
			"from": [4.3, 10, 6],
			"to": [12, 12, 7],
			"faces": {
				"north": {"uv": [5, 4, 9, 5], "texture": "#2"},
				"east": {"uv": [7.5, 9.5, 8, 10.5], "texture": "#2"},
				"south": {"uv": [5, 5, 9, 6], "texture": "#2"},
				"west": {"uv": [9.5, 10, 10, 11], "texture": "#2"},
				"up": {"uv": [11.5, 3, 7.5, 2.5], "texture": "#2"},
				"down": {"uv": [11.5, 3, 7.5, 3.5], "texture": "#2"}
			}
		},
		{
			"from": [-0.6, 10.2, 6],
			"to": [0.2, 12.7, 7],
			"rotation": {"angle": -22.5, "axis": "z", "origin": [0, 0, 0]},
			"faces": {
				"north": {"uv": [9, 5, 10, 6], "texture": "#2"},
				"east": {"uv": [10, 10, 10.5, 11], "texture": "#2"},
				"south": {"uv": [9.5, 0, 10.5, 1], "texture": "#2"},
				"west": {"uv": [10.5, 0, 11, 1], "texture": "#2"},
				"up": {"uv": [11, 8.5, 10, 8], "texture": "#2"},
				"down": {"uv": [6, 10.5, 5, 11], "texture": "#2"}
			}
		},
		{
			"from": [-5.2, 9.7, 6],
			"to": [-4.4, 11.1, 7],
			"rotation": {"angle": -45, "axis": "z", "origin": [0, 0, 0]},
			"faces": {
				"north": {"uv": [6, 10.5, 7, 11], "texture": "#2"},
				"east": {"uv": [6.5, 11, 7, 11.5], "texture": "#2"},
				"south": {"uv": [10.5, 9.5, 11.5, 10], "texture": "#2"},
				"west": {"uv": [7, 11, 7.5, 11.5], "texture": "#2"},
				"up": {"uv": [11.5, 10.5, 10.5, 10], "texture": "#2"},
				"down": {"uv": [11.5, 10.5, 10.5, 11], "texture": "#2"}
			}
		},
		{
			"from": [6, 7.9, 6],
			"to": [7.4, 8.6, 7],
			"rotation": {"angle": 22.5, "axis": "z", "origin": [0, 0, 0]},
			"faces": {
				"north": {"uv": [7.5, 10.5, 8, 11.5], "texture": "#2"},
				"east": {"uv": [11, 0, 11.5, 1], "texture": "#2"},
				"south": {"uv": [11, 1, 11.5, 2], "texture": "#2"},
				"west": {"uv": [2.5, 11, 3, 12], "texture": "#2"},
				"up": {"uv": [11.5, 7.5, 11, 7], "texture": "#2"},
				"down": {"uv": [11.5, 7.5, 11, 8], "texture": "#2"}
			}
		},
		{
			"from": [2, 10, 6],
			"to": [3.4, 10.3, 7],
			"faces": {
				"north": {"uv": [3, 11, 3.5, 12], "texture": "#2"},
				"east": {"uv": [3.5, 11, 4, 12], "texture": "#2"},
				"south": {"uv": [11, 3.5, 11.5, 4.5], "texture": "#2"},
				"west": {"uv": [4, 11, 4.5, 12], "texture": "#2"},
				"up": {"uv": [11.5, 8.5, 11, 8], "texture": "#2"},
				"down": {"uv": [11.5, 8.5, 11, 9], "texture": "#2"}
			}
		},
		{
			"from": [6, 2.6, 2],
			"to": [8, 7.6, 2.5],
			"faces": {
				"north": {"uv": [7, 7, 8, 9.5], "texture": "#2"},
				"east": {"uv": [9, 8.5, 9.5, 11], "texture": "#2"},
				"south": {"uv": [7.5, 0, 8.5, 2.5], "texture": "#2"},
				"west": {"uv": [1, 9.5, 1.5, 12], "texture": "#2"},
				"up": {"uv": [12, 2.5, 11, 2], "texture": "#2"},
				"down": {"uv": [5.5, 11, 4.5, 11.5], "texture": "#2"}
			}
		},
		{
			"from": [6, 7.1, 2.5],
			"to": [8, 7.6, 6],
			"faces": {
				"north": {"uv": [11, 4.5, 12, 5], "texture": "#2"},
				"east": {"uv": [7.5, 3.5, 9, 4], "texture": "#2"},
				"south": {"uv": [11, 5, 12, 5.5], "texture": "#2"},
				"west": {"uv": [9.5, 1, 11, 1.5], "texture": "#2"},
				"up": {"uv": [10, 5, 9, 3.5], "texture": "#2"},
				"down": {"uv": [6, 9, 5, 10.5], "texture": "#2"}
			}
		},
		{
			"from": [6, 2.6, 2.5],
			"to": [8, 3.1, 6],
			"faces": {
				"north": {"uv": [5.5, 11, 6.5, 11.5], "texture": "#2"},
				"east": {"uv": [9.5, 8.5, 11, 9], "texture": "#2"},
				"south": {"uv": [11, 5.5, 12, 6], "texture": "#2"},
				"west": {"uv": [9.5, 9, 11, 9.5], "texture": "#2"},
				"up": {"uv": [7, 10.5, 6, 9], "texture": "#2"},
				"down": {"uv": [10, 7, 9, 8.5], "texture": "#2"}
			}
		},
		{
			"from": [3, 1.6, 7.12],
			"to": [11, 9.6, 7.12],
			"faces": {
				"north": {"uv": [0, 0, 7, 7], "texture": "#3"},
				"east": {"uv": [0, 0, 0, 7], "texture": "#3"},
				"south": {"uv": [0, 7, 7, 14], "texture": "#3"},
				"west": {"uv": [0, 0, 0, 7], "texture": "#3"},
				"up": {"uv": [7, 0, 0, 0], "texture": "#3"},
				"down": {"uv": [7, 0, 0, 0], "texture": "#3"}
			}
		}
	],
	"display": {
		"thirdperson_righthand": {
			"rotation": [0, 90, 0],
			"translation": [4.75, 0.5, 0]
		},
		"thirdperson_lefthand": {
			"rotation": [0, 90, 0],
			"translation": [4.75, 1, 2]
		},
		"firstperson_righthand": {
			"rotation": [0, 166, 0],
			"translation": [-2.25, 2, 0]
		},
		"firstperson_lefthand": {
			"rotation": [0, 166, 0],
			"translation": [-2.5, 2, 0]
		},
		"ground": {
			"rotation": [-90, 0, 0],
			"translation": [1.25, 0, -3]
		},
		"gui": {
			"rotation": [0, -50, 0],
			"translation": [-0.75, 3.75, 0],
			"scale": [0.89, 0.89, 0.89]
		},
		"head": {
			"translation": [1.5, -13.5, 7.25],
			"scale": [1.5, 1.5, 1.5]
		},
		"fixed": {
			"rotation": [0, 180, 0],
			"translation": [-2, 8.25, -3],
			"scale": [2, 2, 2]
		}
	},
	"groups": [
		{
			"name": "group",
			"origin": [0, 0, 0],
			"color": 0,
			"children": [0, 1, 2, 3, 4, 5, 6, 7, 8, 9, 10, 11, 12, 13, 14]
		}
	]
}