{
	"name": "armor_body",
	"menu": "_Equipment",
	"author": "Anfauglir/Valaron/Jakob",
	"body_part": "body",
	"hidden_parts": [],
	"texture": "moreplayermodels:textures/equip/armor_body.png",
	"can_use_player_skin": false,
	"preview_rotation": 45,

	"render_type": "bedrock",
	"render_data": {
        "format_version": "1.12.0",
        "minecraft:geometry": [
            {
                "description": {
                    "identifier": "geometry.unknown",
                    "texture_width": 64,
                    "texture_height": 64,
                    "visible_bounds_width": 2,
                    "visible_bounds_height": 2,
                    "visible_bounds_offset": [0, 0, 0]
                },
                "bones": [
                    {
                        "name": "torso",
                        "pivot": [0, 0, 0]
                    },
                    {
                        "name": "armor",
                        "parent": "torso",
                        "pivot": [0, -6, -2],
                        "cubes": [
                            {"origin": [-2, -3, -4], "size": [4, 3, 4], "pivot": [0, -7, -2], "rotation": [0, 45, 0], "uv": [0, 16]},
                            {"origin": [-2.5, -1.3, -4.19289], "size": [5, 2, 5], "pivot": [0, -0.3, -1.69289], "rotation": [-10.54684, 44.5119, -7.43656], "uv": [15, 11]},
                            {"origin": [-2.5, -8.5, -3.19289], "size": [5, 3, 5], "pivot": [0, -7, -0.69289], "rotation": [61.51653, 25.49671, 38.42684], "uv": [15, 3]},
                            {"origin": [-3.25, -5, -3.75], "size": [5, 3, 5], "pivot": [0, -6, -2], "rotation": [20.75357, 43.07952, 14.51082], "uv": [0, 8]},
                            {"origin": [-3.25, -7, -2.75], "size": [5, 3, 5], "pivot": [0, -8, -1], "rotation": [42.01738, 36.6102, 28.24912], "uv": [0, 0]}
                        ]
                    }
                ]
            }
        ]
    }
}