{
	"name": "armor_arms",
	"menu": "_Equipment",
	"author": "Anfauglir/Valaron/Jakob",
	"body_part": "arms",
	"hidden_parts": [],
	"texture": "moreplayermodels:textures/equip/armor_arms.png",
	"can_use_player_skin": false,
	"preview_rotation": 45,

    "animation_type": "arms",

	"render_type": "bedrock",
	"render_data": {
        "format_version": "1.12.0",
        "minecraft:geometry": [
            {
                "description": {
                    "identifier": "geometry.unknown",
                    "texture_width": 64,
                    "texture_height": 64,
                    "visible_bounds_width": 3,
                    "visible_bounds_height": 1.5,
                    "visible_bounds_offset": [0, 0.25, 0]
                },
                "bones": [
                    {
                        "name": "right_arm",
                        "pivot": [-5, -2, 0],
                        "cubes": [
                            {"origin": [-8, -2.2, -2.5], "size": [4, 4, 4], "pivot": [-6, 0.3, 0], "rotation": [45, 0, 12.5], "uv": [12, 12]},
                            {"origin": [-5.33556, -3.12466, -2.5], "size": [1, 5, 5], "pivot": [-4.53556, -0.62466, 0], "rotation": [45, 0, 5], "uv": [0, 25]},
                            {"origin": [-8.8351, -3.20567, -2], "size": [3, 4, 4], "pivot": [-7.3351, -1.20567, 0], "rotation": [45, 0, -30], "uv": [21, 20]},
                            {"origin": [-9.63505, -4.51809, -2.5], "size": [4, 4, 4], "pivot": [-7.63505, -2.01809, 0], "rotation": [45, 0, -65], "uv": [12, 4]}
                        ]
                    },
                    {
                        "name": "left_arm",
                        "pivot": [5, -2, 0],
                        "cubes": [
                            {"origin": [4, -2.2, -2.5], "size": [4, 4, 4], "pivot": [6, 0.3, 0], "rotation": [45, 0, -12.5], "uv": [0, 8]},
                            {"origin": [4.33556, -3.12466, -2.5], "size": [1, 5, 5], "pivot": [4.53556, -0.62466, 0], "rotation": [45, 0, -5], "uv": [9, 20]},
                            {"origin": [5.8351, -3.20567, -2], "size": [3, 4, 4], "pivot": [7.3351, -1.20567, 0], "rotation": [45, 0, 30], "uv": [0, 16]},
                            {"origin": [5.63505, -4.51809, -2.5], "size": [4, 4, 4], "pivot": [7.63505, -2.01809, 0], "rotation": [45, 0, 65], "uv": [0, 0]}
                        ]
                    }
                ]
            }
        ]
    }
}