{
	"name": "cape",
	"menu": "_Equipment",
	"author": "Anfauglir/Valaron/Jakob",
	"body_part": "body",
	"hidden_parts": [],
	"texture": "moreplayermodels:textures/equip/cape.png",
	"can_use_player_skin": false,
	"preview_rotation": 45,

	"render_type": "bedrock",
	"render_data": {
        "format_version": "1.12.0",
        "minecraft:geometry": [
            {
                "description": {
                    "identifier": "geometry.unknown",
                    "texture_width": 64,
                    "texture_height": 64,
                    "visible_bounds_width": 2,
                    "visible_bounds_height": 2,
                    "visible_bounds_offset": [0, 0, 0]
                },
                "bones": [
                    {
                        "name": "body",
                        "pivot": [0, 0, 0]
                    },
                    {
                        "name": "cape",
                        "parent": "body",
                        "pivot": [0, 0, 1],
                        "cubes": [
                            {"origin": [0, -22.55, 2.4], "size": [6, 23, 1], "pivot": [0, -3.55, 3.4], "rotation": [2.52154, 7.49282, 0.32902], "uv": [0, 0]},
                            {"origin": [-6, -22.55, 2.4], "size": [6, 23, 1], "pivot": [0, -3.55, 3.4], "rotation": [2.52154, -7.49282, -0.32902], "uv": [14, 0]},
                            {"origin": [-6.175, -22.55, 2.4], "size": [6, 23, 1], "inflate": 0.2, "pivot": [-0.175, -3.55, 3.4], "rotation": [2.52154, -7.49282, -0.32902], "uv": [14, 24]},
                            {"origin": [0.175, -22.55, 2.4], "size": [6, 23, 1], "inflate": 0.2, "pivot": [0.175, -3.55, 3.4], "rotation": [2.52154, 7.49282, 0.32902], "uv": [0, 24]}
                        ]
                    }
                ]
            }
        ]
    },
    "animation_data" : {
        "idle" : {
			"animation_length" : 1,
			"animation_speed" : 1.0,
			"additional" : true,
			"loop" : false,
			"bones" : {
				"cape" : {
					"rotation": [[0, 0, 0]]
				}
			}
		},
        "sit" : {
			"animation_length" : 1,
			"animation_speed" : 1.0,
			"additional" : true,
			"loop" : false,
			"bones" : {
				"cape" : {
					"rotation": [[35, 0, 0]]
				}
			}
		},
		"walk" : {
			"animation_length" : 3,
			"animation_speed" : 0.25,
			"additional" : true,
			"loop" : true,
			"bones" : {
				"cape" : {
					"rotation": [[40, 0, 0], [25, 0, 0], [40, 0, 0]]
				}
			}
		},
		"fly" : {
			"animation_length" : 3,
			"animation_speed" : 0.25,
			"additional" : true,
			"loop" : true,
			"bones" : {
				"cape" : {
					"rotation": [[40, 0, 0], [25, 0, 0], [40, 0, 0]]
				}
			}
		},
        "swim" : {
			"animation_length" : 3,
			"animation_speed" : 0.25,
			"additional" : true,
			"loop" : true,
			"bones" : {
				"cape" : {
					"rotation": [[12, 0, 0], [2, 0, 0], [12, 0, 0]]
				}
			}
		}
    }
}