{
    "name": "crossbow",
    "menu": "_Weapons",
    "author": "Anfauglir/Valaron/Jakob",
    "body_part": "body",
    "hidden_parts": [],
    "texture": "moreplayermodels:textures/weapons/crossbow.png",
    "can_use_player_skin": false,
    "preview_rotation": 225,
    
    "render_type": "bedrock",
    "render_data": {
        "format_version": "1.12.0",
        "minecraft:geometry": [
            {
                "description": {
                    "identifier": "geometry.unknown",
                    "texture_width": 32,
                    "texture_height": 32,
                    "visible_bounds_width": 2,
                    "visible_bounds_height": 2,
                    "visible_bounds_offset": [0, 0, 0]
                },
                "bones": [
                    {
                        "name": "body",
                        "pivot": [0, 0, 0]
                    },
                    {
                        "name": "crossbow",
                        "parent": "body",
                        "pivot": [-1.5, -5, 3.5],
                        "rotation": [92.5, 0, -37.5],
                        "cubes": [
                            {"origin": [-2.5, -4.5, -2.5], "size": [2, 1, 11], "uv": [0, 0]},
                            {"origin": [-8.5, -4, 1.5], "size": [14, 1, 1], "inflate": -0.3, "uv": [0, 23]},
                            {"origin": [-2.5, -8.37929, 8.81533], "size": [2, 2, 4], "inflate": 0.001, "pivot": [5.80514, -3.91527, 18.01118], "rotation": [-17.5, 0, 0], "uv": [12, 14]},
                            {"origin": [-2, -5.5, -1.5], "size": [1, 1, 10], "uv": [0, 12]},
                            {"origin": [-2, -9.67138, 5.56508], "size": [1, 1, 3], "inflate": -0.2, "pivot": [5.80514, -6.41527, 15.51118], "rotation": [-22.5, 0, 0], "uv": [0, 0]},
                            {"origin": [-4, -4, -1.5], "size": [2, 1, 1], "uv": [0, 14]},
                            {"origin": [-1, -4, -1.5], "size": [2, 1, 1], "uv": [5, 0]},
                            {"origin": [-2.80416, -4, -3.57156], "size": [3, 1, 1], "pivot": [3.30514, -4.41527, 8.01118], "rotation": [0, 22.5, 0], "uv": [0, 12]},
                            {"origin": [-0.1137, -4, -1.81749], "size": [3, 1, 1], "pivot": [-0.17361, -4.41527, 10.57344], "rotation": [0, 45, 0], "uv": [0, 8]},
                            {"origin": [-2.0837, -4, 2.01955], "size": [3, 1, 1], "pivot": [8.30514, -4.41527, 8.01118], "rotation": [0, -22.5, 0], "uv": [0, 4]},
                            {"origin": [-1.60705, -4, 8.51354], "size": [3, 1, 1], "pivot": [11.78388, -4.41527, 10.57344], "rotation": [0, -45, 0], "uv": [0, 6]}
                        ]
                    }
                ]
            }
        ]
    }
}