{
	"name": "khopesh_c",
	"menu": "_Weapons",
	"author": "Anfauglir/Valaron/Jakob",
	"body_part": "body",
	"hidden_parts": [],
    "parent": "moreplayermodels:parts/weapons/khopesh.json",
	"texture": "moreplayermodels:textures/weapons/khopesh.png",
	"can_use_player_skin": false,
	"preview_rotation": 225,

	"render_type": "bedrock",
	"render_data": {
        "format_version": "1.12.0",
        "minecraft:geometry": [
            {
                "description": {
                    "identifier": "geometry.unknown",
                    "texture_width": 32,
                    "texture_height": 32,
                    "visible_bounds_width": 3,
                    "visible_bounds_height": 3,
                    "visible_bounds_offset": [0, 0.5, 0]
                },
                "bones": [
                    {
                        "name": "body",
                        "pivot": [0, 0, 0]
                    },
                    {
                        "name": "sword",
                        "parent": "body",
                        "pivot": [2.75, -2.76797, 2.29345],
                        "rotation": [-178.39243, 1.91486, 40.02687],
                        "cubes": [
                            {"origin": [1.48203, -8.57452, 1.79345], "size": [1, 3, 1], "inflate": -0.001, "uv": [6, 12], "mirror": true},
                            {"origin": [1.48203, -10.57452, 1.79345], "size": [1, 2, 1], "pivot": [1.48203, -8.57452, 2.29345], "rotation": [0, 0, -12.5], "uv": [12, 3], "mirror": true},
                            {"origin": [1.48203, -11.57452, 1.79345], "size": [1, 1, 1], "inflate": 0.1, "pivot": [1.48203, -8.57452, 2.29345], "rotation": [0, 0, -12.5], "uv": [12, 7], "mirror": true},
                            {"origin": [1.6195, -12.39519, 1.79345], "size": [2, 2, 1], "inflate": -0.2, "pivot": [2.6195, -11.39519, 2.29345], "rotation": [0, 0, -57.5], "uv": [11, 11], "mirror": true},
                            {"origin": [0.98203, -5.57452, 1.79345], "size": [2, 1, 1], "inflate": 0.1, "uv": [6, 3], "mirror": true},
                            {"origin": [0.98203, -4.82452, 1.79345], "size": [2, 3, 1], "inflate": -0.2, "uv": [0, 11], "mirror": true},
                            {"origin": [2.02677, -0.78532, 1.79345], "size": [2, 3, 1], "inflate": -0.201, "pivot": [1.97677, -0.33532, 2.29345], "rotation": [0, 0, 107.5], "uv": [6, 8], "mirror": true},
                            {"origin": [1.6579, 6.42537, 1.79345], "size": [2, 3, 1], "inflate": -0.2, "pivot": [2.6579, 7.92537, 2.29345], "rotation": [0, 0, -135], "uv": [0, 7], "mirror": true},
                            {"origin": [-0.57323, 0.21468, 1.79345], "size": [3, 2, 1], "inflate": -0.199, "pivot": [1.97677, -0.33532, 2.29345], "rotation": [0, 0, 107.5], "uv": [6, 0], "mirror": true},
                            {"origin": [-0.57323, 4.78383, 1.79345], "size": [3, 2, 1], "inflate": -0.201, "pivot": [1.97677, 7.33383, 2.29345], "rotation": [0, 0, -107.5], "uv": [5, 5], "mirror": true},
                            {"origin": [3.12466, 0.99926, 1.79345], "size": [2, 5, 1], "inflate": -0.2, "uv": [0, 0], "mirror": true}
                        ]
                    }
                ]
            }
        ]
    }
}