{
	"name": "khopesh",
	"menu": "_Weapons",
	"author": "Anfauglir/Valaron/Jakob",
	"body_part": "body",
	"hidden_parts": [],
	"texture": "moreplayermodels:textures/weapons/khopesh.png",
	"can_use_player_skin": false,
	"preview_rotation": 45,

	"render_type": "bedrock",
	"render_data": {
        "format_version": "1.12.0",
        "minecraft:geometry": [
            {
                "description": {
                    "identifier": "geometry.unknown",
                    "texture_width": 32,
                    "texture_height": 32,
                    "visible_bounds_width": 2,
                    "visible_bounds_height": 3,
                    "visible_bounds_offset": [0, 0.5, 0]
                },
                "bones": [
                    {
                        "name": "body",
                        "pivot": [0, 0, 0]
                    },
                    {
                        "name": "sword",
                        "parent": "body",
                        "pivot": [4.2, -12.26797, -1.05655],
                        "rotation": [-95, -42.5, -90],
                        "cubes": [
                            {"origin": [4.46797, -18.07452, -1.55655], "size": [1, 3, 1], "inflate": -0.001, "uv": [6, 12]},
                            {"origin": [4.46797, -20.07452, -1.55655], "size": [1, 2, 1], "pivot": [5.46797, -18.07452, -1.05655], "rotation": [0, 0, 12.5], "uv": [12, 3]},
                            {"origin": [4.46797, -21.07452, -1.55655], "size": [1, 1, 1], "inflate": 0.1, "pivot": [5.46797, -18.07452, -1.05655], "rotation": [0, 0, 12.5], "uv": [12, 7]},
                            {"origin": [3.3305, -21.89519, -1.55655], "size": [2, 2, 1], "inflate": -0.2, "pivot": [4.3305, -20.89519, -1.05655], "rotation": [0, 0, 57.5], "uv": [11, 11]},
                            {"origin": [3.96797, -15.07452, -1.55655], "size": [2, 1, 1], "inflate": 0.1, "uv": [6, 3]},
                            {"origin": [3.96797, -14.32452, -1.55655], "size": [2, 3, 1], "inflate": -0.2, "uv": [0, 11]},
                            {"origin": [2.92323, -10.28532, -1.55655], "size": [2, 3, 1], "inflate": -0.201, "pivot": [4.97323, -9.83532, -1.05655], "rotation": [0, 0, -107.5], "uv": [6, 8]},
                            {"origin": [3.2921, -3.07463, -1.55655], "size": [2, 3, 1], "inflate": -0.2, "pivot": [4.2921, -1.57463, -1.05655], "rotation": [0, 0, 135], "uv": [0, 7]},
                            {"origin": [4.52323, -9.28532, -1.55655], "size": [3, 2, 1], "inflate": -0.199, "pivot": [4.97323, -9.83532, -1.05655], "rotation": [0, 0, -107.5], "uv": [6, 0]},
                            {"origin": [4.52323, -4.71617, -1.55655], "size": [3, 2, 1], "inflate": -0.201, "pivot": [4.97323, -2.16617, -1.05655], "rotation": [0, 0, 107.5], "uv": [5, 5]},
                            {"origin": [1.82534, -8.50074, -1.55655], "size": [2, 5, 1], "inflate": -0.2, "uv": [0, 0]}
                        ]
                    }
                ]
            }
        ]
    }
}