{
	"name": "sword_2_a",
	"menu": "_Weapons",
	"author": "Anfauglir/Valaron/Jakob",
	"body_part": "body",
	"hidden_parts": [],
	"parent": "moreplayermodels:parts/weapons/sword_2.json",
	"texture": "moreplayermodels:textures/weapons/sword_2.png",
	"can_use_player_skin": false,
	"preview_rotation": 225,

	"render_type": "bedrock",
	"render_data": {
		"format_version": "1.12.0",
		"minecraft:geometry": [
			{
				"description": {
					"identifier": "geometry.unknown",
					"texture_width": 32,
					"texture_height": 32,
					"visible_bounds_width": 3,
					"visible_bounds_height": 3,
					"visible_bounds_offset": [0, 0.5, 0]
				},
				"bones": [
					{
						"name": "bone",
						"pivot": [0, 0, 0]
					},
					{
						"name": "TORSO_sword_on_back",
						"parent": "bone",
						"pivot": [4, 0.5, 2],
						"rotation": [0, 0, 30],
						"cubes": [
							{"origin": [2.5, -16.5, 2], "size": [3, 17, 1], "uv": [0, 0], "mirror": true},
							{"origin": [0.5, 0.5, 2], "size": [7, 1, 1], "uv": [8, 8], "mirror": true},
							{"origin": [3.5, 1.5, 2], "size": [1, 4, 1], "uv": [8, 2], "mirror": true},
							{"origin": [3.5, 5.5, 2], "size": [1, 1, 1], "inflate": 0.2, "uv": [12, 2], "mirror": true},
							{"origin": [0.5, 0.5, 2], "size": [1, 1, 1], "inflate": 0.2, "uv": [11, 12], "mirror": true},
							{"origin": [6.5, 0.5, 2], "size": [1, 1, 1], "inflate": 0.2, "uv": [11, 6], "mirror": true},
							{"origin": [3.5, -0.5, 2], "size": [1, 2, 1], "inflate": 0.2, "uv": [8, 10], "mirror": true},
							{"origin": [2.5, -17.25, 2], "size": [3, 1, 1], "inflate": -0.2, "uv": [8, 0], "mirror": true}
						]
					}
				]
			}
		]
	}
}