{
	"name": "sword_3_b",
	"menu": "_Weapons",
	"author": "Anfauglir/Valaron/Jakob",
	"body_part": "body",
	"hidden_parts": [],
	"parent": "moreplayermodels:parts/weapons/sword_3.json",
	"texture": "moreplayermodels:textures/weapons/sword_3.png",
	"can_use_player_skin": false,
	"preview_rotation": 225,

	"render_type": "bedrock",
	"render_data": {
		"format_version": "1.12.0",
		"minecraft:geometry": [
			{
				"description": {
					"identifier": "geometry.steve",
					"texture_width": 32,
					"texture_height": 32,
					"visible_bounds_width": 2,
					"visible_bounds_height": 3,
					"visible_bounds_offset": [0, -0.5, 0]
				},
				"bones": [
					{
						"name": "bone",
						"pivot": [0, 0, 0]
					},
					{
						"name": "sword",
						"parent": "bone",
						"pivot": [-3.28801, -3.34665, 2.36776],
						"rotation": [26.60872, 78.8225, 26.60872],
						"cubes": [
							{"origin": [-3.75, -14, 2.1], "size": [1, 17, 1], "pivot": [-3.25, -3.71429, 2.6], "rotation": [32.27017, 4.78845, -2.88518], "uv": [0, 0]},
							{"origin": [-3.75, 3, 2.1], "size": [1, 1, 1], "inflate": 0.2, "pivot": [-3.25, -3.71429, 2.6], "rotation": [32.27017, 4.78845, -2.88518], "uv": [4, 0]},
							{"origin": [-3.75, -1, 2.1], "size": [1, 1, 1], "inflate": 0.2, "pivot": [-3.25, -3.71429, 2.6], "rotation": [32.27017, 4.78845, -2.88518], "uv": [4, 0]},
							{"origin": [-3.75, -1, 4.1], "size": [1, 1, 1], "inflate": 0.2, "pivot": [-3.25, -3.71429, 2.6], "rotation": [32.27017, 4.78845, -2.88518], "uv": [4, 0]},
							{"origin": [-3.75, -1, 0.1], "size": [1, 1, 1], "inflate": 0.2, "pivot": [-3.25, -3.71429, 2.6], "rotation": [32.27017, 4.78845, -2.88518], "uv": [4, 0]},
							{"origin": [-3.75, -1, 0.1], "size": [1, 1, 5], "pivot": [-3.25, -3.71429, 2.6], "rotation": [32.27017, 4.78845, -2.88518], "uv": [8, 0]},
							{"origin": [-3.75, -3, 1.6], "size": [1, 2, 2], "inflate": 0.02, "pivot": [-3.25, -3.71429, 2.6], "rotation": [32.27017, 4.78845, -2.88518], "uv": [8, 6]},
							{"origin": [-3.25, -15, 1.6], "size": [0, 14, 2], "pivot": [-3.25, -3.71429, 2.6], "rotation": [32.27017, 4.78845, -2.88518], "uv": [4, 0]},
							{"origin": [-3.25, -16, 2.1], "size": [0, 1, 1], "pivot": [-3.25, -3.71429, 2.6], "rotation": [32.27017, 4.78845, -2.88518], "uv": [5, 14]}
						]
					}
				]
			}
		]
	}
}