{
  "parent": "item/handheld",
  "textures": {
    "layer0": "item/empty_armor_slot_shield"
  },
  "display": {
    "thirdperson_righthand": {
      "rotation": [ 0, -270, 45 ],
      "translation": [ -2, 10, 2.8 ],
      "scale": [ 1.7, 1.7, 0.7 ]
    },
    "thirdperson_lefthand": {
      "rotation": [ 90, 5, -50 ],
      "translation": [ 0, 0.5, 11 ],
      "scale": [ 1.7, 1.7, 0.7 ]
    },
    "firstperson_righthand": {
      "rotation": [ 0, -90, 45 ],
      "translation": [ 1.13, 6.2, -2.13],
      "scale": [ 1.36, 1.36, 0.5 ]
    },
    "firstperson_lefthand": {
      "rotation": [ 0, 90, -45 ],
      "translation": [ 1.13, 6.2, -2.13],
      "scale": [ 1.36, 1.36, 0.5 ]
    },
    "fixed": {
      "rotation": [ 0.5, 0.1, 0 ],
      "translation": [ 0, 0, -0.95],
      "scale": [ 2, 2, 1 ]
    }   
  }
}
