{
	"name": "dragon_wings_2",
	"menu": "_Wings",
	"author": "Anfauglir/Valaron/Jakob",
	"body_part": "body",
	"hidden_parts": [],
    "parent": "moreplayermodels:parts/wings/dragon_wings.json",
	"texture": "moreplayermodels:textures/wings/dragon_wings.png",
	"can_use_player_skin": false,
	"preview_rotation": 225,

	"render_type": "bedrock",
	"render_data": {
        "format_version": "1.12.0",
        "minecraft:geometry": [
            {
                "description": {
                    "identifier": "geometry.unknown",
                    "texture_width": 128,
                    "texture_height": 128,
                    "visible_bounds_width": 5,
                    "visible_bounds_height": 4,
                    "visible_bounds_offset": [0, 1, 0]
                },
                "bones": [
                    {
                        "name": "wings",
                        "pivot": [0, 0, 0]
                    },
                    {
                        "name": "wing_left",
                        "parent": "wings",
                        "pivot": [2, -4, 2],
                        "rotation": [-36.83212, -41.00473, -67.70647],
                        "cubes": [
                            {"origin": [2, -5, 1], "size": [8, 2, 2], "uv": [40, 52]},
                            {"origin": [10, -5, 1], "size": [12, 2, 2], "inflate": 0.01, "pivot": [10, -4, 3], "rotation": [0, 42.5, 0], "uv": [28, 44]},
                            {"origin": [14.22989, -5, -1.09105], "size": [8, 2, 2], "pivot": [14.5, -4, -1], "rotation": [0, -60, 0], "uv": [20, 52]},
                            {"origin": [18.38422, -5, 5.74806], "size": [8, 2, 2], "inflate": 0.01, "pivot": [18.5, -4, 5.75], "rotation": [0, -85, 0], "uv": [0, 52]},
                            {"origin": [17.51874, -5, -6.57227], "size": [12, 2, 2], "pivot": [17.4954, -4, -6.5479], "rotation": [0, -15, 0], "uv": [0, 44]},
                            {"origin": [29.11174, -5, -3.44942], "size": [12, 2, 2], "inflate": 0.01, "pivot": [29.1521, -4, -3.44073], "rotation": [0, -57.5, 0], "uv": [28, 40]},
                            {"origin": [34.65631, -4.5, 6.8074], "size": [3, 1, 1], "pivot": [35.06655, -4, 6.86534], "rotation": [17.5, -105, -35], "uv": [7, 3]},
                            {"origin": [17.79544, -4.5, 12.10755], "size": [3, 1, 1], "pivot": [18.06655, -4, 12.86534], "rotation": [-2.5, -100, -67.5], "uv": [0, 6]},
                            {"origin": [15.20345, -4.5, -6.84427], "size": [3, 1, 1], "pivot": [17.4449, -4, -6.21374], "rotation": [2.5, -60, -90], "uv": [7, 1]},
                            {"origin": [2, -4, -5], "size": [32, 0, 18], "uv": [0, 18], "mirror": true}
                        ]
                    },
                    {
                        "name": "wing_right",
                        "parent": "wings",
                        "pivot": [-2, -4, 2],
                        "rotation": [-39.47697, 36.44956, 66.05034],
                        "cubes": [
                            {"origin": [-10, -5, 1], "size": [8, 2, 2], "uv": [40, 48]},
                            {"origin": [-22, -5, 1], "size": [12, 2, 2], "inflate": 0.01, "pivot": [-10, -4, 3], "rotation": [0, -42.5, 0], "uv": [0, 40]},
                            {"origin": [-22.22989, -5, -1.09105], "size": [8, 2, 2], "pivot": [-14.5, -4, -1], "rotation": [0, 60, 0], "uv": [20, 48]},
                            {"origin": [-26.38422, -5, 5.74806], "size": [8, 2, 2], "inflate": 0.01, "pivot": [-18.5, -4, 5.75], "rotation": [0, 85, 0], "uv": [0, 48]},
                            {"origin": [-29.51874, -5, -6.57227], "size": [12, 2, 2], "pivot": [-17.4954, -4, -6.5479], "rotation": [0, 15, 0], "uv": [28, 36]},
                            {"origin": [-41.11174, -5, -3.44942], "size": [12, 2, 2], "inflate": 0.01, "pivot": [-29.1521, -4, -3.44073], "rotation": [0, 57.5, 0], "uv": [0, 36]},
                            {"origin": [-37.65631, -4.5, 6.8074], "size": [3, 1, 1], "pivot": [-35.06655, -4, 6.86534], "rotation": [17.5, 105, 35], "uv": [0, 4]},
                            {"origin": [-20.79544, -4.5, 12.10755], "size": [3, 1, 1], "pivot": [-18.06655, -4, 12.86534], "rotation": [-2.5, 100, 67.5], "uv": [0, 2]},
                            {"origin": [-18.20345, -4.5, -6.84427], "size": [3, 1, 1], "pivot": [-17.4449, -4, -6.21374], "rotation": [2.5, 60, 90], "uv": [0, 0]},
                            {"origin": [-34, -4, -5], "size": [32, 0, 18], "uv": [0, 0]}
                        ]
                    }
                ]
            }
        ]
    }
}