{
	"name": "wings_2",
	"menu": "_Wings",
	"author": "Anfauglir/Valaron/Jakob",
	"body_part": "body",
	"hidden_parts": [],
    "parent": "moreplayermodels:parts/wings/wings.json",
	"texture": "moreplayermodels:textures/wings/wings.png",
	"can_use_player_skin": false,
	"preview_rotation": 225,

	"render_type": "bedrock",
	"render_data": {
        "format_version": "1.12.0",
        "minecraft:geometry": [
            {
                "description": {
                    "identifier": "geometry.unknown",
                    "texture_width": 64,
                    "texture_height": 64,
                    "visible_bounds_width": 5,
                    "visible_bounds_height": 3,
                    "visible_bounds_offset": [0, 0.5, 0]
                },
                "bones": [
                    {
                        "name": "body",
                        "pivot": [0, 0, 0]
                    },
                    {
                        "name": "wing_left",
                        "parent": "body",
                        "pivot": [0, -4, 3],
                        "rotation": [-7.5, -12.5, 0],
                        "cubes": [
                            {"origin": [-1, -11, 2.5], "size": [16, 6, 0], "pivot": [5.5, -8, 2.5], "rotation": [20, 0, 60], "uv": [32, 30]},
                            {"origin": [2.5, -9.75, 1.25], "size": [16, 6, 0], "pivot": [9, -6.75, 1.25], "rotation": [35.37594, 3.68221, 50.1546], "uv": [32, 24]},
                            {"origin": [5.5, -8.25, -0.5], "size": [16, 6, 0], "pivot": [12, -5.25, -0.5], "rotation": [50.46713, 3.96612, 41.90863], "uv": [32, 18]},
                            {"origin": [8, -6.75, -3], "size": [16, 6, 0], "pivot": [14.5, -3.75, -3], "rotation": [69.33799, 6.50537, 34.83244], "uv": [32, 12]},
                            {"origin": [9.75, -5.75, -6.5], "size": [16, 6, 0], "pivot": [16.25, -2.75, -6.5], "rotation": [83.24344, 11.86554, 27.98005], "uv": [32, 6]},
                            {"origin": [9, -4.25, -10.5], "size": [16, 6, 0], "pivot": [15.5, -1.25, -10.5], "rotation": [92.96029, 27.07599, 21.38566], "uv": [32, 0]}
                        ]
                    },
                    {
                        "name": "wing_right",
                        "parent": "body",
                        "pivot": [0, -4, 3],
                        "rotation": [-7.5, 12.5, 0],
                        "cubes": [
                            {"origin": [-15, -11, 2.5], "size": [16, 6, 0], "pivot": [-5.5, -8, 2.5], "rotation": [20, 0, -60], "uv": [0, 30]},
                            {"origin": [-18.5, -9.75, 1.25], "size": [16, 6, 0], "pivot": [-9, -6.75, 1.25], "rotation": [35.37594, -3.68221, -50.1546], "uv": [0, 24]},
                            {"origin": [-21.5, -8.25, -0.5], "size": [16, 6, 0], "pivot": [-12, -5.25, -0.5], "rotation": [50.46713, -3.96612, -41.90863], "uv": [0, 18]},
                            {"origin": [-24, -6.75, -3], "size": [16, 6, 0], "pivot": [-14.5, -3.75, -3], "rotation": [69.33799, -6.50537, -34.83244], "uv": [0, 12]},
                            {"origin": [-25.75, -5.75, -6.5], "size": [16, 6, 0], "pivot": [-16.25, -2.75, -6.5], "rotation": [83.24344, -11.86554, -27.98005], "uv": [0, 6]},
                            {"origin": [-25, -4.25, -10.5], "size": [16, 6, 0], "pivot": [-15.5, -1.25, -10.5], "rotation": [92.96029, -27.07599, -21.38566], "uv": [0, 0]}
                        ]
                    }
                ]
            }
        ]
    }
}