{
	"credit": "Made with Blockbench",
	"texture_size": [64, 64],
	"textures": {
		"0": "item/snake_lord",
		"particle": "snake_lord"
	},
	"elements": [
		{
			"from": [6.5, -14, 7],
			"to": [8, 21.5, 8.5],
			"faces": {
				"north": {"uv": [0, 0, 0.5, 9], "texture": "#0"},
				"east": {"uv": [0.5, 0, 1, 9], "texture": "#0"},
				"south": {"uv": [1, 0, 1.5, 9], "texture": "#0"},
				"west": {"uv": [1.5, 0, 2, 9], "texture": "#0"},
				"up": {"uv": [3, 5.5, 2.5, 5], "texture": "#0"},
				"down": {"uv": [5.5, 3, 5, 3.5], "texture": "#0"}
			}
		},
		{
			"from": [6.65, 29, 7.15],
			"to": [7.85, 32, 8.35],
			"faces": {
				"north": {"uv": [5.75, 6, 6, 6.75], "texture": "#0"},
				"east": {"uv": [6, 6, 6.25, 6.75], "texture": "#0"},
				"south": {"uv": [6.25, 0, 6.5, 0.75], "texture": "#0"},
				"west": {"uv": [6.25, 0.75, 6.5, 1.5], "texture": "#0"},
				"up": {"uv": [3.25, 3.5, 3, 3.25], "texture": "#0"},
				"down": {"uv": [4, 2.25, 3.75, 2.5], "texture": "#0"}
			}
		},
		{
			"from": [6.3, 21.5, 6.8],
			"to": [8.2, 28.5, 8.7],
			"faces": {
				"north": {"uv": [2.75, 0.75, 3.25, 2.5], "texture": "#0"},
				"east": {"uv": [3.25, 0.75, 3.75, 2.5], "texture": "#0"},
				"south": {"uv": [2, 3.25, 2.5, 5], "texture": "#0"},
				"west": {"uv": [2.5, 3.25, 3, 5], "texture": "#0"},
				"up": {"uv": [5.5, 4, 5, 3.5], "texture": "#0"},
				"down": {"uv": [5.5, 4, 5, 4.5], "texture": "#0"}
			}
		},
		{
			"from": [6.7, 27, 6.7],
			"to": [7.7, 28, 8.8],
			"faces": {
				"north": {"uv": [2.25, 7.25, 2.5, 7.5], "texture": "#0"},
				"east": {"uv": [5.75, 2, 6.25, 2.25], "texture": "#0"},
				"south": {"uv": [2.5, 7.25, 2.75, 7.5], "texture": "#0"},
				"west": {"uv": [5.75, 2.25, 6.25, 2.5], "texture": "#0"},
				"up": {"uv": [4.75, 5.5, 4.5, 5], "texture": "#0"},
				"down": {"uv": [7, 0.5, 6.75, 1], "texture": "#0"}
			}
		},
		{
			"from": [6.65, -16, 7.15],
			"to": [7.85, -13, 8.35],
			"faces": {
				"north": {"uv": [6.25, 1.5, 6.5, 2.25], "texture": "#0"},
				"east": {"uv": [2, 6.25, 2.25, 7], "texture": "#0"},
				"south": {"uv": [2.25, 6.25, 2.5, 7], "texture": "#0"},
				"west": {"uv": [6.25, 2.25, 6.5, 3], "texture": "#0"},
				"up": {"uv": [7.5, 2.75, 7.25, 2.5], "texture": "#0"},
				"down": {"uv": [3, 7.25, 2.75, 7.5], "texture": "#0"}
			}
		},
		{
			"from": [6.7, 25.5, 6.7],
			"to": [7.7, 26.5, 8.8],
			"faces": {
				"north": {"uv": [7.25, 3, 7.5, 3.25], "texture": "#0"},
				"east": {"uv": [6.5, 2.75, 7, 3], "texture": "#0"},
				"south": {"uv": [7.25, 3.25, 7.5, 3.5], "texture": "#0"},
				"west": {"uv": [6.75, 1, 7.25, 1.25], "texture": "#0"},
				"up": {"uv": [7, 1.75, 6.75, 1.25], "texture": "#0"},
				"down": {"uv": [7, 1.75, 6.75, 2.25], "texture": "#0"}
			}
		},
		{
			"from": [6.7, 24.1, 6.7],
			"to": [7.7, 25.1, 8.8],
			"faces": {
				"north": {"uv": [7.25, 3.5, 7.5, 3.75], "texture": "#0"},
				"east": {"uv": [6.75, 2.25, 7.25, 2.5], "texture": "#0"},
				"south": {"uv": [3.75, 7.25, 4, 7.5], "texture": "#0"},
				"west": {"uv": [6.75, 2.5, 7.25, 2.75], "texture": "#0"},
				"up": {"uv": [7, 4, 6.75, 3.5], "texture": "#0"},
				"down": {"uv": [7, 4, 6.75, 4.5], "texture": "#0"}
			}
		},
		{
			"from": [6.7, 22.6, 6.7],
			"to": [7.7, 23.6, 8.8],
			"faces": {
				"north": {"uv": [7.25, 3.75, 7.5, 4], "texture": "#0"},
				"east": {"uv": [6.75, 4.5, 7.25, 4.75], "texture": "#0"},
				"south": {"uv": [7.25, 4, 7.5, 4.25], "texture": "#0"},
				"west": {"uv": [6.75, 4.75, 7.25, 5], "texture": "#0"},
				"up": {"uv": [7, 5.5, 6.75, 5], "texture": "#0"},
				"down": {"uv": [7, 5.5, 6.75, 6], "texture": "#0"}
			}
		},
		{
			"from": [6.3, 19.9, 6.8],
			"to": [8.2, 21.4, 8.7],
			"faces": {
				"north": {"uv": [5, 4.5, 5.5, 5], "texture": "#0"},
				"east": {"uv": [5, 5, 5.5, 5.5], "texture": "#0"},
				"south": {"uv": [5.25, 0, 5.75, 0.5], "texture": "#0"},
				"west": {"uv": [5.25, 0.5, 5.75, 1], "texture": "#0"},
				"up": {"uv": [5.75, 1.5, 5.25, 1], "texture": "#0"},
				"down": {"uv": [5.75, 1.5, 5.25, 2], "texture": "#0"}
			}
		},
		{
			"from": [6.3, 28.9, 6.8],
			"to": [8.2, 30.4, 8.7],
			"faces": {
				"north": {"uv": [5.25, 2, 5.75, 2.5], "texture": "#0"},
				"east": {"uv": [2.5, 5.5, 3, 6], "texture": "#0"},
				"south": {"uv": [5.5, 3, 6, 3.5], "texture": "#0"},
				"west": {"uv": [5.5, 3.5, 6, 4], "texture": "#0"},
				"up": {"uv": [6, 4.5, 5.5, 4], "texture": "#0"},
				"down": {"uv": [5, 5.5, 4.5, 6], "texture": "#0"}
			}
		},
		{
			"from": [6.5, 28.5, 7],
			"to": [8, 29, 8.5],
			"faces": {
				"north": {"uv": [5.75, 6.75, 6.25, 7], "texture": "#0"},
				"east": {"uv": [6.75, 6, 7.25, 6.25], "texture": "#0"},
				"south": {"uv": [6.75, 6.25, 7.25, 6.5], "texture": "#0"},
				"west": {"uv": [6.75, 6.5, 7.25, 6.75], "texture": "#0"},
				"up": {"uv": [6, 5, 5.5, 4.5], "texture": "#0"},
				"down": {"uv": [5.5, 5.5, 5, 6], "texture": "#0"}
			}
		},
		{
			"from": [6.7, 29.15, 6.7],
			"to": [7.7, 30.15, 8.8],
			"faces": {
				"north": {"uv": [7.25, 4.25, 7.5, 4.5], "texture": "#0"},
				"east": {"uv": [6.75, 6.75, 7.25, 7], "texture": "#0"},
				"south": {"uv": [7.25, 4.5, 7.5, 4.75], "texture": "#0"},
				"west": {"uv": [7, 0.5, 7.5, 0.75], "texture": "#0"},
				"up": {"uv": [7.25, 1.75, 7, 1.25], "texture": "#0"},
				"down": {"uv": [7.25, 1.75, 7, 2.25], "texture": "#0"}
			}
		},
		{
			"from": [6.2, 29.15, 7.3],
			"to": [8.3, 30.15, 8.3],
			"faces": {
				"north": {"uv": [7, 0.75, 7.5, 1], "texture": "#0"},
				"east": {"uv": [7.25, 4.75, 7.5, 5], "texture": "#0"},
				"south": {"uv": [2, 7, 2.5, 7.25], "texture": "#0"},
				"west": {"uv": [7.25, 5, 7.5, 5.25], "texture": "#0"},
				"up": {"uv": [3, 7.25, 2.5, 7], "texture": "#0"},
				"down": {"uv": [7.5, 2.75, 7, 3], "texture": "#0"}
			}
		},
		{
			"from": [8.2, 22.9, 7.3],
			"to": [11.2, 27.4, 8.2],
			"faces": {
				"north": {"uv": [2, 0, 2.75, 1.25], "texture": "#0"},
				"east": {"uv": [4.75, 3, 5, 4.25], "texture": "#0"},
				"south": {"uv": [2, 1.25, 2.75, 2.5], "texture": "#0"},
				"west": {"uv": [4.75, 4.25, 5, 5.5], "texture": "#0"},
				"up": {"uv": [7, 3.25, 6.25, 3], "texture": "#0"},
				"down": {"uv": [7, 3.25, 6.25, 3.5], "texture": "#0"}
			}
		},
		{
			"from": [18.6, 12.9, 7.3],
			"to": [19.6, 17.4, 8.2],
			"rotation": {"angle": 22.5, "axis": "z", "origin": [0, 0, 0]},
			"faces": {
				"north": {"uv": [3.75, 5.5, 4, 6.5], "texture": "#0"},
				"east": {"uv": [5.5, 5, 5.75, 6], "texture": "#0"},
				"south": {"uv": [5.75, 0, 6, 1], "texture": "#0"},
				"west": {"uv": [5.75, 1, 6, 2], "texture": "#0"},
				"up": {"uv": [7.5, 5.5, 7.25, 5.25], "texture": "#0"},
				"down": {"uv": [7.5, 5.5, 7.25, 5.75], "texture": "#0"}
			}
		},
		{
			"from": [-0.2, 29.5, 7.3],
			"to": [0.8, 32, 8.2],
			"rotation": {"angle": -22.5, "axis": "z", "origin": [0, 0, 0]},
			"faces": {
				"north": {"uv": [6.25, 3.5, 6.5, 4.25], "texture": "#0"},
				"east": {"uv": [6.25, 4.25, 6.5, 5], "texture": "#0"},
				"south": {"uv": [6.25, 5, 6.5, 5.75], "texture": "#0"},
				"west": {"uv": [6.25, 5.75, 6.5, 6.5], "texture": "#0"},
				"up": {"uv": [7.5, 6, 7.25, 5.75], "texture": "#0"},
				"down": {"uv": [7.5, 6, 7.25, 6.25], "texture": "#0"}
			}
		},
		{
			"from": [11.7, 20.4, 7.3],
			"to": [12.7, 28.7, 8.2],
			"faces": {
				"north": {"uv": [3.75, 3.5, 4, 5.5], "texture": "#0"},
				"east": {"uv": [4, 0, 4.25, 2], "texture": "#0"},
				"south": {"uv": [4, 2, 4.25, 4], "texture": "#0"},
				"west": {"uv": [4, 4, 4.25, 6], "texture": "#0"},
				"up": {"uv": [6.5, 7.5, 6.25, 7.25], "texture": "#0"},
				"down": {"uv": [7.5, 6.25, 7.25, 6.5], "texture": "#0"}
			}
		},
		{
			"from": [11.2, 22.8, 7.3],
			"to": [12.2, 27.4, 8.2],
			"faces": {
				"north": {"uv": [5, 0, 5.25, 1.25], "texture": "#0"},
				"east": {"uv": [5, 1.25, 5.25, 2.5], "texture": "#0"},
				"south": {"uv": [2, 5, 2.25, 6.25], "texture": "#0"},
				"west": {"uv": [2.25, 5, 2.5, 6.25], "texture": "#0"},
				"up": {"uv": [6.75, 7.5, 6.5, 7.25], "texture": "#0"},
				"down": {"uv": [7.5, 6.5, 7.25, 6.75], "texture": "#0"}
			}
		},
		{
			"from": [12.65, 20.5, 7.3],
			"to": [13.15, 28.27, 8.2],
			"faces": {
				"north": {"uv": [4.25, 0, 4.5, 2], "texture": "#0"},
				"east": {"uv": [4.25, 2, 4.5, 4], "texture": "#0"},
				"south": {"uv": [4.25, 4, 4.5, 6], "texture": "#0"},
				"west": {"uv": [4.5, 0, 4.75, 2], "texture": "#0"},
				"up": {"uv": [7.75, 1, 7.5, 0.75], "texture": "#0"},
				"down": {"uv": [7.75, 1, 7.5, 1.25], "texture": "#0"}
			}
		},
		{
			"from": [3.3, 23.4, 7.3],
			"to": [6.3, 26.9, 8.2],
			"faces": {
				"north": {"uv": [3.25, 2.5, 4, 3.5], "texture": "#0"},
				"east": {"uv": [2.75, 6, 3, 7], "texture": "#0"},
				"south": {"uv": [3, 3.5, 3.75, 4.5], "texture": "#0"},
				"west": {"uv": [3, 6, 3.25, 7], "texture": "#0"},
				"up": {"uv": [7.25, 0.25, 6.5, 0], "texture": "#0"},
				"down": {"uv": [7.25, 0.25, 6.5, 0.5], "texture": "#0"}
			}
		},
		{
			"from": [12.8, 22.2, 7.3],
			"to": [13.7, 25.9, 8.2],
			"rotation": {"angle": 22.5, "axis": "z", "origin": [0, 0, 0]},
			"faces": {
				"north": {"uv": [6, 3, 6.25, 4], "texture": "#0"},
				"east": {"uv": [3.25, 6, 3.5, 7], "texture": "#0"},
				"south": {"uv": [3.5, 6, 3.75, 7], "texture": "#0"},
				"west": {"uv": [4, 6, 4.25, 7], "texture": "#0"},
				"up": {"uv": [2.75, 7.75, 2.5, 7.5], "texture": "#0"},
				"down": {"uv": [7.75, 2.5, 7.5, 2.75], "texture": "#0"}
			}
		},
		{
			"from": [-9.5, 24.4, 7.3],
			"to": [-8.6, 27.7, 8.2],
			"rotation": {"angle": -22.5, "axis": "z", "origin": [0, 0, 0]},
			"faces": {
				"north": {"uv": [6.5, 0.5, 6.75, 1.25], "texture": "#0"},
				"east": {"uv": [6.5, 1.25, 6.75, 2], "texture": "#0"},
				"south": {"uv": [6.5, 2, 6.75, 2.75], "texture": "#0"},
				"west": {"uv": [6.5, 3.5, 6.75, 4.25], "texture": "#0"},
				"up": {"uv": [3, 7.75, 2.75, 7.5], "texture": "#0"},
				"down": {"uv": [7.75, 2.75, 7.5, 3], "texture": "#0"}
			}
		},
		{
			"from": [7.7, 21.5, 7.3],
			"to": [12.8, 24, 8.2],
			"rotation": {"angle": 22.5, "axis": "z", "origin": [0, 0, 0]},
			"faces": {
				"north": {"uv": [2, 2.5, 3.25, 3.25], "texture": "#0"},
				"east": {"uv": [3.75, 6.5, 4, 7.25], "texture": "#0"},
				"south": {"uv": [2.75, 0, 4, 0.75], "texture": "#0"},
				"west": {"uv": [6.5, 4.25, 6.75, 5], "texture": "#0"},
				"up": {"uv": [6.25, 2.75, 5, 2.5], "texture": "#0"},
				"down": {"uv": [6.25, 2.75, 5, 3], "texture": "#0"}
			}
		},
		{
			"from": [15.35, 15.1, 7.3],
			"to": [16.25, 16.9, 8.2],
			"rotation": {"angle": 45, "axis": "z", "origin": [0, 0, 0]},
			"faces": {
				"north": {"uv": [7, 3.5, 7.25, 4], "texture": "#0"},
				"east": {"uv": [4, 7, 4.25, 7.5], "texture": "#0"},
				"south": {"uv": [7, 4, 7.25, 4.5], "texture": "#0"},
				"west": {"uv": [4.25, 7, 4.5, 7.5], "texture": "#0"},
				"up": {"uv": [3.25, 7.75, 3, 7.5], "texture": "#0"},
				"down": {"uv": [7.75, 3, 7.5, 3.25], "texture": "#0"}
			}
		},
		{
			"from": [8.4, 18, 7.3],
			"to": [9.3, 21.5, 8.2],
			"rotation": {"angle": 22.5, "axis": "z", "origin": [0, 0, 0]},
			"faces": {
				"north": {"uv": [6, 4, 6.25, 5], "texture": "#0"},
				"east": {"uv": [4.25, 6, 4.5, 7], "texture": "#0"},
				"south": {"uv": [4.5, 6, 4.75, 7], "texture": "#0"},
				"west": {"uv": [4.75, 6, 5, 7], "texture": "#0"},
				"up": {"uv": [3.5, 7.75, 3.25, 7.5], "texture": "#0"},
				"down": {"uv": [7.75, 3.25, 7.5, 3.5], "texture": "#0"}
			}
		},
		{
			"from": [-6.8, 19, 7.3],
			"to": [-5.9, 25.1, 8.2],
			"rotation": {"angle": -22.5, "axis": "z", "origin": [0, 0, 0]},
			"faces": {
				"north": {"uv": [3.5, 4.5, 3.75, 6], "texture": "#0"},
				"east": {"uv": [4.5, 3.5, 4.75, 5], "texture": "#0"},
				"south": {"uv": [4.75, 0, 5, 1.5], "texture": "#0"},
				"west": {"uv": [4.75, 1.5, 5, 3], "texture": "#0"},
				"up": {"uv": [3.75, 7.75, 3.5, 7.5], "texture": "#0"},
				"down": {"uv": [7.75, 3.5, 7.5, 3.75], "texture": "#0"}
			}
		},
		{
			"from": [0.85, 19.8, 7.3],
			"to": [1.82, 24.1, 8.2],
			"faces": {
				"north": {"uv": [5, 6, 5.25, 7], "texture": "#0"},
				"east": {"uv": [6, 5, 6.25, 6], "texture": "#0"},
				"south": {"uv": [5.25, 6, 5.5, 7], "texture": "#0"},
				"west": {"uv": [5.5, 6, 5.75, 7], "texture": "#0"},
				"up": {"uv": [4, 7.75, 3.75, 7.5], "texture": "#0"},
				"down": {"uv": [7.75, 3.75, 7.5, 4], "texture": "#0"}
			}
		},
		{
			"from": [9.3, 20, 7.3],
			"to": [10.2, 21.5, 8.2],
			"rotation": {"angle": 22.5, "axis": "z", "origin": [0, 0, 0]},
			"faces": {
				"north": {"uv": [4.5, 7, 4.75, 7.5], "texture": "#0"},
				"east": {"uv": [4.75, 7, 5, 7.5], "texture": "#0"},
				"south": {"uv": [5, 7, 5.25, 7.5], "texture": "#0"},
				"west": {"uv": [7, 5, 7.25, 5.5], "texture": "#0"},
				"up": {"uv": [4.25, 7.75, 4, 7.5], "texture": "#0"},
				"down": {"uv": [7.75, 4, 7.5, 4.25], "texture": "#0"}
			}
		},
		{
			"from": [-8.7, 25.1, 7.3],
			"to": [-7.8, 26.8, 8.2],
			"rotation": {"angle": -22.5, "axis": "z", "origin": [0, 0, 0]},
			"faces": {
				"north": {"uv": [5.25, 7, 5.5, 7.5], "texture": "#0"},
				"east": {"uv": [5.5, 7, 5.75, 7.5], "texture": "#0"},
				"south": {"uv": [7, 5.5, 7.25, 6], "texture": "#0"},
				"west": {"uv": [5.75, 7, 6, 7.5], "texture": "#0"},
				"up": {"uv": [4.5, 7.75, 4.25, 7.5], "texture": "#0"},
				"down": {"uv": [7.75, 4.25, 7.5, 4.5], "texture": "#0"}
			}
		},
		{
			"from": [-7.55, 21.1, 7.3],
			"to": [-6.78, 23.6, 8.2],
			"rotation": {"angle": -22.5, "axis": "z", "origin": [0, 0, 0]},
			"faces": {
				"north": {"uv": [6.5, 5, 6.75, 5.75], "texture": "#0"},
				"east": {"uv": [6.5, 5.75, 6.75, 6.5], "texture": "#0"},
				"south": {"uv": [6.25, 6.5, 6.5, 7.25], "texture": "#0"},
				"west": {"uv": [6.5, 6.5, 6.75, 7.25], "texture": "#0"},
				"up": {"uv": [4.75, 7.75, 4.5, 7.5], "texture": "#0"},
				"down": {"uv": [7.75, 4.5, 7.5, 4.75], "texture": "#0"}
			}
		},
		{
			"from": [1.8, 28, 7.3],
			"to": [2.75, 29.25, 8.2],
			"faces": {
				"north": {"uv": [4.75, 7.5, 5, 7.75], "texture": "#0"},
				"east": {"uv": [7.5, 4.75, 7.75, 5], "texture": "#0"},
				"south": {"uv": [5, 7.5, 5.25, 7.75], "texture": "#0"},
				"west": {"uv": [7.5, 5, 7.75, 5.25], "texture": "#0"},
				"up": {"uv": [5.5, 7.75, 5.25, 7.5], "texture": "#0"},
				"down": {"uv": [7.75, 5.25, 7.5, 5.5], "texture": "#0"}
			}
		},
		{
			"from": [13.15, 21.6, 7.2],
			"to": [14.15, 28.07, 8.3],
			"faces": {
				"north": {"uv": [3.75, 0.75, 4, 2.25], "texture": "#0"},
				"east": {"uv": [4.5, 2, 4.75, 3.5], "texture": "#0"},
				"south": {"uv": [3, 4.5, 3.25, 6], "texture": "#0"},
				"west": {"uv": [3.25, 4.5, 3.5, 6], "texture": "#0"},
				"up": {"uv": [7.5, 7.5, 7.25, 7.25], "texture": "#0"},
				"down": {"uv": [7.75, 0, 7.5, 0.25], "texture": "#0"}
			}
		},
		{
			"from": [3.8, 21.4, 7.2],
			"to": [4.8, 25.4, 8.3],
			"rotation": {"angle": -22.5, "axis": "z", "origin": [0, 0, 0]},
			"faces": {
				"north": {"uv": [5.75, 5, 6, 6], "texture": "#0"},
				"east": {"uv": [6, 0, 6.25, 1], "texture": "#0"},
				"south": {"uv": [6, 1, 6.25, 2], "texture": "#0"},
				"west": {"uv": [2.5, 6, 2.75, 7], "texture": "#0"},
				"up": {"uv": [7.5, 7, 7.25, 6.75], "texture": "#0"},
				"down": {"uv": [7.5, 7, 7.25, 7.25], "texture": "#0"}
			}
		},
		{
			"from": [11.7, 17.2, 7.2],
			"to": [12.6, 18.3, 8.3],
			"faces": {
				"north": {"uv": [7.5, 1.25, 7.75, 1.5], "texture": "#0"},
				"east": {"uv": [7.5, 1.5, 7.75, 1.75], "texture": "#0"},
				"south": {"uv": [7.5, 1.75, 7.75, 2], "texture": "#0"},
				"west": {"uv": [7.5, 2, 7.75, 2.25], "texture": "#0"},
				"up": {"uv": [2.5, 7.75, 2.25, 7.5], "texture": "#0"},
				"down": {"uv": [7.75, 2.25, 7.5, 2.5], "texture": "#0"}
			}
		},
		{
			"from": [22.8, 20.5, 7.2],
			"to": [23.8, 22.8, 8.3],
			"rotation": {"angle": 22.5, "axis": "z", "origin": [0, 0, 0]},
			"faces": {
				"north": {"uv": [3, 7, 3.25, 7.5], "texture": "#0"},
				"east": {"uv": [7, 3, 7.25, 3.5], "texture": "#0"},
				"south": {"uv": [3.25, 7, 3.5, 7.5], "texture": "#0"},
				"west": {"uv": [3.5, 7, 3.75, 7.5], "texture": "#0"},
				"up": {"uv": [7.75, 0.5, 7.5, 0.25], "texture": "#0"},
				"down": {"uv": [7.75, 0.5, 7.5, 0.75], "texture": "#0"}
			}
		},
		{
			"from": [22.5, 20.5, 7.3],
			"to": [23.8, 22.8, 8.2],
			"rotation": {"angle": 22.5, "axis": "z", "origin": [0, 0, 0]},
			"faces": {
				"north": {"uv": [2.25, 8, 2.5, 8.5], "texture": "#0"},
				"east": {"uv": [2.75, 8, 3, 8.5], "texture": "#0"},
				"south": {"uv": [2, 8, 2.25, 8.5], "texture": "#0"},
				"west": {"uv": [2.5, 8, 2.75, 8.5], "texture": "#0"},
				"up": {"uv": [3.25, 8.25, 3, 8], "texture": "#0"},
				"down": {"uv": [3.25, 8.5, 3, 8.25], "texture": "#0"}
			}
		},
		{
			"from": [2.1, 24.4, 8.8],
			"to": [3.3, 25.9, 9.2],
			"rotation": {"angle": 22.5, "axis": "y", "origin": [0, 0, 0]},
			"faces": {
				"north": {"uv": [6, 7, 6.25, 7.5], "texture": "#0"},
				"east": {"uv": [6.75, 7, 7, 7.5], "texture": "#0"},
				"south": {"uv": [7, 7, 7.25, 7.5], "texture": "#0"},
				"west": {"uv": [7.25, 0, 7.5, 0.5], "texture": "#0"},
				"up": {"uv": [5.75, 7.75, 5.5, 7.5], "texture": "#0"},
				"down": {"uv": [7.75, 5.5, 7.5, 5.75], "texture": "#0"}
			}
		},
		{
			"from": [7.9, 24.4, 5.1],
			"to": [9.1, 25.9, 5.5],
			"rotation": {"angle": -22.5, "axis": "y", "origin": [0, 0, 0]},
			"faces": {
				"north": {"uv": [7.25, 1, 7.5, 1.5], "texture": "#0"},
				"east": {"uv": [7.25, 1.5, 7.5, 2], "texture": "#0"},
				"south": {"uv": [2, 7.25, 2.25, 7.75], "texture": "#0"},
				"west": {"uv": [7.25, 2, 7.5, 2.5], "texture": "#0"},
				"up": {"uv": [6, 7.75, 5.75, 7.5], "texture": "#0"},
				"down": {"uv": [7.75, 5.75, 7.5, 6], "texture": "#0"}
			}
		}
	],
	"display": {
		"thirdperson_righthand": {
			"rotation": [0, 90, 0],
			"translation": [0, 2.75, 0.5],
			"scale": [0.8, 0.8, 0.8]
		},
		"thirdperson_lefthand": {
			"rotation": [86, 0, 98],
			"translation": [-4.75, -1.75, 0],
			"scale": [0.8, 0.8, 0.8]
		},
		"firstperson_righthand": {
			"rotation": [0, 90, 0],
			"translation": [0, 2.25, 0]
		},
		"firstperson_lefthand": {
			"rotation": [0, 0, 100],
			"translation": [-4, -1.75, 0]
		},
		"ground": {
			"rotation": [90, 0, 0],
			"translation": [0.75, 0, 1],
			"scale": [0.85, 0.85, 0.85]
		},
		"gui": {
			"rotation": [0, 180, -38.5],
			"translation": [0, -0.25, 0],
			"scale": [0.37, 0.37, 0.37]
		},
		"head": {
			"rotation": [0, 90, 0],
			"translation": [9, -17.25, -8.75]
		},
		"fixed": {
			"translation": [1.75, 0, 0],
			"scale": [2, 2, 2]
		}
	},
	"groups": [
		{
			"name": "group",
			"origin": [0, 0, 0],
			"color": 0,
			"nbt": "{}",
			"armAnimationEnabled": false,
			"children": [0, 1, 2, 3, 4, 5, 6, 7, 8, 9, 10, 11, 12, 13, 14, 15, 16, 17, 18, 19, 20, 21, 22, 23, 24, 25, 26, 27, 28, 29, 30, 31, 32, 33, 34, 35, 36, 37]
		}
	]
}