{
	"credit": "Made with Blockbench",
	"texture_size": [32, 32],
	"textures": {
		"0": "item/lastgg",
		"particle": "item/lastgg"
	},
	"elements": [
		{
			"from": [7.1, -10.6, 6.1],
			"to": [7.9, -4.9, 6.9],
			"faces": {
				"north": {"uv": [0.5, 5.5, 1, 8.5], "texture": "#0"},
				"east": {"uv": [1, 5.5, 1.5, 8.5], "texture": "#0"},
				"south": {"uv": [1.5, 5.5, 2, 8.5], "texture": "#0"},
				"west": {"uv": [2, 5.5, 2.5, 8.5], "texture": "#0"},
				"up": {"uv": [9, 5.5, 8.5, 5], "texture": "#0"},
				"down": {"uv": [1, 9, 0.5, 9.5], "texture": "#0"}
			}
		},
		{
			"from": [7, -5.5, 6],
			"to": [8, -5, 7],
			"faces": {
				"north": {"uv": [1, 9, 1.5, 9.5], "texture": "#0"},
				"east": {"uv": [9, 1, 9.5, 1.5], "texture": "#0"},
				"south": {"uv": [1.5, 9, 2, 9.5], "texture": "#0"},
				"west": {"uv": [9, 1.5, 9.5, 2], "texture": "#0"},
				"up": {"uv": [2.5, 9.5, 2, 9], "texture": "#0"},
				"down": {"uv": [3, 9, 2.5, 9.5], "texture": "#0"}
			}
		},
		{
			"from": [4.6, -4.9, 5.9],
			"to": [10.4, -4.1, 7.1],
			"faces": {
				"north": {"uv": [5.5, 4, 8.5, 4.5], "texture": "#0"},
				"east": {"uv": [3, 9, 3.5, 9.5], "texture": "#0"},
				"south": {"uv": [4.5, 5.5, 7.5, 6], "texture": "#0"},
				"west": {"uv": [3.5, 9, 4, 9.5], "texture": "#0"},
				"up": {"uv": [8.5, 5, 5.5, 4.5], "texture": "#0"},
				"down": {"uv": [8.5, 5, 5.5, 5.5], "texture": "#0"}
			}
		},
		{
			"from": [3.7, -11.3, 5.9],
			"to": [4.8, -10.5, 7.1],
			"rotation": {"angle": 45, "axis": "z", "origin": [-0.7, 0, 0]},
			"faces": {
				"north": {"uv": [9, 3.5, 9.5, 4], "texture": "#0"},
				"east": {"uv": [4, 9, 4.5, 9.5], "texture": "#0"},
				"south": {"uv": [4.5, 9, 5, 9.5], "texture": "#0"},
				"west": {"uv": [5, 9, 5.5, 9.5], "texture": "#0"},
				"up": {"uv": [9.5, 5.5, 9, 5], "texture": "#0"},
				"down": {"uv": [6, 9, 5.5, 9.5], "texture": "#0"}
			}
		},
		{
			"from": [11.05, 0.75, 5.9],
			"to": [11.85, 1.15, 7.1],
			"rotation": {"angle": -22.5, "axis": "z", "origin": [-0.7, 0, 0]},
			"faces": {
				"north": {"uv": [9, 5.5, 9.5, 6], "texture": "#0"},
				"east": {"uv": [6, 9, 6.5, 9.5], "texture": "#0"},
				"south": {"uv": [9, 6, 9.5, 6.5], "texture": "#0"},
				"west": {"uv": [9, 6.5, 9.5, 7], "texture": "#0"},
				"up": {"uv": [9.5, 7.5, 9, 7], "texture": "#0"},
				"down": {"uv": [9.5, 7.5, 9, 8], "texture": "#0"}
			}
		},
		{
			"from": [7, -11.2, 6],
			"to": [8, -10.6, 7],
			"faces": {
				"north": {"uv": [9, 8, 9.5, 8.5], "texture": "#0"},
				"east": {"uv": [8.5, 9, 9, 9.5], "texture": "#0"},
				"south": {"uv": [9, 8.5, 9.5, 9], "texture": "#0"},
				"west": {"uv": [9, 9, 9.5, 9.5], "texture": "#0"},
				"up": {"uv": [0.5, 10, 0, 9.5], "texture": "#0"},
				"down": {"uv": [10, 0, 9.5, 0.5], "texture": "#0"}
			}
		},
		{
			"from": [5.82, -0.7, 5.9],
			"to": [6.92, 0.1, 7.1],
			"rotation": {"angle": -45, "axis": "z", "origin": [0.7, 0, 0]},
			"faces": {
				"north": {"uv": [0.5, 9.5, 1, 10], "texture": "#0"},
				"east": {"uv": [9.5, 0.5, 10, 1], "texture": "#0"},
				"south": {"uv": [1, 9.5, 1.5, 10], "texture": "#0"},
				"west": {"uv": [9.5, 1, 10, 1.5], "texture": "#0"},
				"up": {"uv": [2, 10, 1.5, 9.5], "texture": "#0"},
				"down": {"uv": [10, 1.5, 9.5, 2], "texture": "#0"}
			}
		},
		{
			"from": [2.02, -5, 5.9],
			"to": [2.82, -4.6, 7.1],
			"rotation": {"angle": 22.5, "axis": "z", "origin": [0.7, 0, 0]},
			"faces": {
				"north": {"uv": [2, 9.5, 2.5, 10], "texture": "#0"},
				"east": {"uv": [9.5, 2, 10, 2.5], "texture": "#0"},
				"south": {"uv": [2.5, 9.5, 3, 10], "texture": "#0"},
				"west": {"uv": [9.5, 2.5, 10, 3], "texture": "#0"},
				"up": {"uv": [3.5, 10, 3, 9.5], "texture": "#0"},
				"down": {"uv": [10, 3, 9.5, 3.5], "texture": "#0"}
			}
		},
		{
			"from": [6, -4.1, 6.2],
			"to": [9, 3.9, 6.8],
			"faces": {
				"north": {"uv": [3, 0, 4.5, 4], "texture": "#0"},
				"east": {"uv": [0, 5.5, 0.5, 9.5], "texture": "#0"},
				"south": {"uv": [3, 4, 4.5, 8], "texture": "#0"},
				"west": {"uv": [5.5, 0, 6, 4], "texture": "#0"},
				"up": {"uv": [7.5, 0.5, 6, 0], "texture": "#0"},
				"down": {"uv": [7.5, 0.5, 6, 1], "texture": "#0"}
			}
		},
		{
			"from": [6.05, 3.9, 6.2],
			"to": [8.95, 14.7, 6.8],
			"faces": {
				"north": {"uv": [0, 0, 1.5, 5.5], "texture": "#0"},
				"east": {"uv": [4.5, 0, 5, 5.5], "texture": "#0"},
				"south": {"uv": [1.5, 0, 3, 5.5], "texture": "#0"},
				"west": {"uv": [5, 0, 5.5, 5.5], "texture": "#0"},
				"up": {"uv": [7.5, 1.5, 6, 1], "texture": "#0"},
				"down": {"uv": [7.5, 1.5, 6, 2], "texture": "#0"}
			}
		},
		{
			"from": [3.6, -9, 6.3],
			"to": [4.6, -8, 6.7],
			"rotation": {"angle": 45, "axis": "z", "origin": [0, 0, 0]},
			"faces": {
				"north": {"uv": [3.5, 9.5, 4, 10], "texture": "#0"},
				"east": {"uv": [9.5, 3.5, 10, 4], "texture": "#0"},
				"south": {"uv": [4, 9.5, 4.5, 10], "texture": "#0"},
				"west": {"uv": [4.5, 9.5, 5, 10], "texture": "#0"},
				"up": {"uv": [5.5, 10, 5, 9.5], "texture": "#0"},
				"down": {"uv": [10, 5, 9.5, 5.5], "texture": "#0"}
			}
		},
		{
			"from": [-1.7, 15.3, 6.2],
			"to": [-0.8, 18.5, 6.8],
			"rotation": {"angle": -22.5, "axis": "z", "origin": [0, -4.3, 0]},
			"faces": {
				"north": {"uv": [2.5, 5.5, 3, 7], "texture": "#0"},
				"east": {"uv": [6, 2, 6.5, 3.5], "texture": "#0"},
				"south": {"uv": [4.5, 6, 5, 7.5], "texture": "#0"},
				"west": {"uv": [5, 6, 5.5, 7.5], "texture": "#0"},
				"up": {"uv": [6, 10, 5.5, 9.5], "texture": "#0"},
				"down": {"uv": [10, 5.5, 9.5, 6], "texture": "#0"}
			}
		},
		{
			"from": [6, 1.6, 6.3],
			"to": [6.9, 2.6, 6.7],
			"rotation": {"angle": -45, "axis": "z", "origin": [0, 0, 0]},
			"faces": {
				"north": {"uv": [6, 9.5, 6.5, 10], "texture": "#0"},
				"east": {"uv": [9.5, 6, 10, 6.5], "texture": "#0"},
				"south": {"uv": [9.5, 6.5, 10, 7], "texture": "#0"},
				"west": {"uv": [9.5, 7, 10, 7.5], "texture": "#0"},
				"up": {"uv": [10, 8, 9.5, 7.5], "texture": "#0"},
				"down": {"uv": [8.5, 9.5, 8, 10], "texture": "#0"}
			}
		},
		{
			"from": [1.9, -8, 6.3],
			"to": [4.5, -7, 6.7],
			"rotation": {"angle": 45, "axis": "z", "origin": [0, 1, 0]},
			"faces": {
				"north": {"uv": [6, 3.5, 7.5, 4], "texture": "#0"},
				"east": {"uv": [9.5, 8, 10, 8.5], "texture": "#0"},
				"south": {"uv": [5.5, 6, 7, 6.5], "texture": "#0"},
				"west": {"uv": [8.5, 9.5, 9, 10], "texture": "#0"},
				"up": {"uv": [8, 2.5, 6.5, 2], "texture": "#0"},
				"down": {"uv": [8, 2.5, 6.5, 3], "texture": "#0"}
			}
		},
		{
			"from": [6.1, 2.6, 6.3],
			"to": [8.7, 3.6, 6.7],
			"rotation": {"angle": -45, "axis": "z", "origin": [0, 1, 0]},
			"faces": {
				"north": {"uv": [6.5, 3, 8, 3.5], "texture": "#0"},
				"east": {"uv": [9.5, 8.5, 10, 9], "texture": "#0"},
				"south": {"uv": [5.5, 6.5, 7, 7], "texture": "#0"},
				"west": {"uv": [9, 9.5, 9.5, 10], "texture": "#0"},
				"up": {"uv": [7, 7.5, 5.5, 7], "texture": "#0"},
				"down": {"uv": [8.5, 6, 7, 6.5], "texture": "#0"}
			}
		},
		{
			"from": [1.8, -7, 6.3],
			"to": [4.4, -6, 6.7],
			"rotation": {"angle": 45, "axis": "z", "origin": [0, 2, 0]},
			"faces": {
				"north": {"uv": [7, 6.5, 8.5, 7], "texture": "#0"},
				"east": {"uv": [9.5, 9, 10, 9.5], "texture": "#0"},
				"south": {"uv": [7, 7, 8.5, 7.5], "texture": "#0"},
				"west": {"uv": [9.5, 9.5, 10, 10], "texture": "#0"},
				"up": {"uv": [9, 0.5, 7.5, 0], "texture": "#0"},
				"down": {"uv": [9, 0.5, 7.5, 1], "texture": "#0"}
			}
		},
		{
			"from": [6.2, 3.6, 6.3],
			"to": [8.8, 4.6, 6.7],
			"rotation": {"angle": -45, "axis": "z", "origin": [0, 2, 0]},
			"faces": {
				"north": {"uv": [7.5, 1, 9, 1.5], "texture": "#0"},
				"east": {"uv": [0, 10, 0.5, 10.5], "texture": "#0"},
				"south": {"uv": [7.5, 1.5, 9, 2], "texture": "#0"},
				"west": {"uv": [10, 0, 10.5, 0.5], "texture": "#0"},
				"up": {"uv": [9, 4, 7.5, 3.5], "texture": "#0"},
				"down": {"uv": [6, 7.5, 4.5, 8], "texture": "#0"}
			}
		},
		{
			"from": [1.6, -5, 6.3],
			"to": [4.2, -4, 6.7],
			"rotation": {"angle": 45, "axis": "z", "origin": [0, 4, 0]},
			"faces": {
				"north": {"uv": [7.5, 5.5, 9, 6], "texture": "#0"},
				"east": {"uv": [0.5, 10, 1, 10.5], "texture": "#0"},
				"south": {"uv": [6, 7.5, 7.5, 8], "texture": "#0"},
				"west": {"uv": [10, 0.5, 10.5, 1], "texture": "#0"},
				"up": {"uv": [9, 8, 7.5, 7.5], "texture": "#0"},
				"down": {"uv": [9.5, 2, 8, 2.5], "texture": "#0"}
			}
		},
		{
			"from": [6.4, 5.6, 6.3],
			"to": [9, 6.6, 6.7],
			"rotation": {"angle": -45, "axis": "z", "origin": [0, 4, 0]},
			"faces": {
				"north": {"uv": [2.5, 8, 4, 8.5], "texture": "#0"},
				"east": {"uv": [1, 10, 1.5, 10.5], "texture": "#0"},
				"south": {"uv": [8, 2.5, 9.5, 3], "texture": "#0"},
				"west": {"uv": [10, 1, 10.5, 1.5], "texture": "#0"},
				"up": {"uv": [9.5, 3.5, 8, 3], "texture": "#0"},
				"down": {"uv": [5.5, 8, 4, 8.5], "texture": "#0"}
			}
		},
		{
			"from": [1.7, -6, 6.3],
			"to": [4.3, -5, 6.7],
			"rotation": {"angle": 45, "axis": "z", "origin": [0, 3, 0]},
			"faces": {
				"north": {"uv": [5.5, 8, 7, 8.5], "texture": "#0"},
				"east": {"uv": [1.5, 10, 2, 10.5], "texture": "#0"},
				"south": {"uv": [7, 8, 8.5, 8.5], "texture": "#0"},
				"west": {"uv": [10, 1.5, 10.5, 2], "texture": "#0"},
				"up": {"uv": [2, 9, 0.5, 8.5], "texture": "#0"},
				"down": {"uv": [3.5, 8.5, 2, 9], "texture": "#0"}
			}
		},
		{
			"from": [6.3, 4.6, 6.3],
			"to": [8.9, 5.6, 6.7],
			"rotation": {"angle": -45, "axis": "z", "origin": [0, 3, 0]},
			"faces": {
				"north": {"uv": [3.5, 8.5, 5, 9], "texture": "#0"},
				"east": {"uv": [2, 10, 2.5, 10.5], "texture": "#0"},
				"south": {"uv": [8.5, 4, 10, 4.5], "texture": "#0"},
				"west": {"uv": [10, 2, 10.5, 2.5], "texture": "#0"},
				"up": {"uv": [10, 5, 8.5, 4.5], "texture": "#0"},
				"down": {"uv": [6.5, 8.5, 5, 9], "texture": "#0"}
			}
		},
		{
			"from": [7.05, -11.4, 6.05],
			"to": [7.95, -11.2, 6.95],
			"faces": {
				"north": {"uv": [2.5, 10, 3, 10.5], "texture": "#0"},
				"east": {"uv": [10, 2.5, 10.5, 3], "texture": "#0"},
				"south": {"uv": [3, 10, 3.5, 10.5], "texture": "#0"},
				"west": {"uv": [10, 3, 10.5, 3.5], "texture": "#0"},
				"up": {"uv": [4, 10.5, 3.5, 10], "texture": "#0"},
				"down": {"uv": [10.5, 3.5, 10, 4], "texture": "#0"}
			}
		},
		{
			"from": [14.6, 9.6, 6.2],
			"to": [15.6, 12.68, 6.8],
			"rotation": {"angle": 22.5, "axis": "z", "origin": [0, -4.3, 0]},
			"faces": {
				"north": {"uv": [8.5, 6, 9, 7.5], "texture": "#0"},
				"east": {"uv": [6.5, 8.5, 7, 10], "texture": "#0"},
				"south": {"uv": [7, 8.5, 7.5, 10], "texture": "#0"},
				"west": {"uv": [7.5, 8.5, 8, 10], "texture": "#0"},
				"up": {"uv": [4.5, 10.5, 4, 10], "texture": "#0"},
				"down": {"uv": [10.5, 4, 10, 4.5], "texture": "#0"}
			}
		},
		{
			"from": [6.9, 14.5, 6.2],
			"to": [8.1, 16.4, 6.8],
			"rotation": {"angle": 0, "axis": "y", "origin": [0, -4.3, 0]},
			"faces": {
				"north": {"uv": [2.5, 7, 3, 8], "texture": "#0"},
				"east": {"uv": [8, 8.5, 8.5, 9.5], "texture": "#0"},
				"south": {"uv": [8.5, 8, 9, 9], "texture": "#0"},
				"west": {"uv": [9, 0, 9.5, 1], "texture": "#0"},
				"up": {"uv": [5, 10.5, 4.5, 10], "texture": "#0"},
				"down": {"uv": [10.5, 4.5, 10, 5], "texture": "#0"}
			}
		},
		{
			"from": [-9.59, 16.4, 6.2],
			"to": [-8.99, 16.9, 6.8],
			"rotation": {"angle": -45, "axis": "z", "origin": [0, -3.3, 0]},
			"faces": {
				"north": {"uv": [5, 10, 5.5, 10.5], "texture": "#0"},
				"east": {"uv": [10, 5, 10.5, 5.5], "texture": "#0"},
				"south": {"uv": [5.5, 10, 6, 10.5], "texture": "#0"},
				"west": {"uv": [10, 5.5, 10.5, 6], "texture": "#0"},
				"up": {"uv": [6.5, 10.5, 6, 10], "texture": "#0"},
				"down": {"uv": [10.5, 6, 10, 6.5], "texture": "#0"}
			}
		}
	],
	"display": {
		"thirdperson_righthand": {
			"rotation": [0, 90, 0],
			"translation": [1.25, 14, 0.25]
		},
		"thirdperson_lefthand": {
			"rotation": [-113, 0, -27.5],
			"translation": [-5, -6.75, 1.75]
		},
		"firstperson_righthand": {
			"rotation": [0, 90, -2],
			"translation": [0, 14, 0]
		},
		"firstperson_lefthand": {
			"rotation": [0, 90, 167],
			"translation": [2, -12, 3.75]
		},
		"ground": {
			"rotation": [90, 0, 0],
			"translation": [0, -1.25, 4]
		},
		"gui": {
			"rotation": [0, 0, 43],
			"translation": [-2.5, 3, 0],
			"scale": [0.72, 0.72, 0.72]
		},
		"head": {
			"translation": [0.5, 31, 1.5]
		},
		"fixed": {
			"rotation": [0, 0, 180],
			"translation": [0, -7.75, 1.75],
			"scale": [2, 2, 2]
		}
	},
	"groups": [
		{
			"name": "group",
			"origin": [8, 8, 8],
			"color": 0,
			"children": [0, 1, 2, 3, 4, 5, 6, 7, 8, 9, 10, 11, 12, 13, 14, 15, 16, 17, 18, 19, 20, 21, 22, 23, 24]
		}
	]
}