{
	"name": "halo_a",
	"menu": "_Special",
	"author": "Anfauglir/Valaron/Jakob",
	"body_part": "head",
	"hidden_parts": [],
    "parent": "moreplayermodels:parts/special/halo.json",
	"texture": "moreplayermodels:textures/special/halo.png",
	"can_use_player_skin": false,
	"preview_rotation": 45,
	
	"render_type": "bedrock",
	"render_data": {
        "format_version": "1.12.0",
        "minecraft:geometry": [
            {
                "description": {
                    "identifier": "geometry.unknown",
                    "texture_width": 32,
                    "texture_height": 32,
                    "visible_bounds_width": 3,
                    "visible_bounds_height": 2.5,
                    "visible_bounds_offset": [0, 0.75, 0]
                },
                "bones": [
                    {
                        "name": "head",
                        "pivot": [0, 0, 0]
                    },
                    {
                        "name": "halo",
                        "parent": "head",
                        "pivot": [0, 4, 0],
                        "rotation": [-45, 0, 0],
                        "cubes": [
                            {"origin": [-5, 10, -2], "size": [1, 1, 4], "inflate": 0.112, "uv": [6, 6]},
                            {"origin": [4, 10, -2], "size": [1, 1, 4], "inflate": 0.112, "uv": [6, 1]},
                            {"origin": [-2, 10, -5], "size": [4, 1, 1], "inflate": 0.112, "uv": [12, 0]},
                            {"origin": [-2, 10, 4], "size": [4, 1, 1], "inflate": 0.112, "uv": [12, 2]},
                            {"origin": [4, 10, -2], "size": [1, 1, 4], "inflate": 0.11, "pivot": [0, 10.5, 0], "rotation": [0, 45, 0], "uv": [0, 0]},
                            {"origin": [-2, 10, 4], "size": [4, 1, 1], "inflate": 0.11, "pivot": [0, 10.5, 0], "rotation": [0, 45, 0], "uv": [0, 11]},
                            {"origin": [-5, 10, -2], "size": [1, 1, 4], "inflate": 0.11, "pivot": [0, 10.5, 0], "rotation": [0, 45, 0], "uv": [0, 5]},
                            {"origin": [-2, 10, -5], "size": [4, 1, 1], "inflate": 0.11, "pivot": [0, 10.5, 0], "rotation": [0, 45, 0], "uv": [10, 11]},
                            {"origin": [-7, 10.5, -7], "size": [14, 0, 14], "uv": [-14, 13]}
                        ]
                    }
                ]
            }
        ]
    }
}