{
	"name": "spell",
	"menu": "_Special",
	"author": "Anfauglir/Valaron/Jakob",
	"body_part": "body",
	"hidden_parts": [],
	"texture": "moreplayermodels:textures/special/spell.png",
	"can_use_player_skin": false,
	"preview_rotation": 45,

	"animation_data" : {
		"static" : {
			"animation_length" : 8,
			"animation_speed" : 2.0,
			"additional" : true,
			"loop" : true,
			"bones" : {
				"circle_1" : {
					"rotation": [
                        [0, 0, 0],
                        [0, 0, 45],
                        [0, 0, 90],
                        [0, 0, 135],
                        [0, 0, 180],
                        [0, 0, 225],
                        [0, 0, 270],
                        [0, 0, 315]
                    ]
				}
			}
		}
	},

	"render_type": "bedrock",
	"render_data": {
        "format_version": "1.12.0",
        "minecraft:geometry": [
            {
                "description": {
                    "identifier": "geometry.unknown",
                    "texture_width": 64,
                    "texture_height": 64,
                    "visible_bounds_width": 3,
                    "visible_bounds_height": 4,
                    "visible_bounds_offset": [0, 1, 0]
                },
                "bones": [
                    {
                        "name": "body",
                        "pivot": [0, 0, 0]
                    },
                    {
                        "name": "circle_1",
                        "parent": "body",
                        "pivot": [0, 0, 8],
                        "cubes": [
                            {"origin": [-16, -16, 8], "size": [32, 32, 0], "uv": [0, 32]}
                        ]
                    },
                    {
                        "name": "circle_2",
                        "parent": "body",
                        "pivot": [0, 0, 7.75],
                        "cubes": [
                            {"origin": [-16, -16, 7.75], "size": [32, 32, 0], "uv": [0, 0]}
                        ]
                    }
                ]
            }
        ]
    }
}