{
	"textures": {
		"1": "./item/iron_sickle",
		"particle": "./item/iron_sickle"
	},
	"elements": [
		{
			"name": "iron_sickle_0",
			"from": [7.625, 15, 7.625],
			"to": [11.25, 15.5, 7.75],
			"rotation": {"angle": 0, "axis": "y", "origin": [3.25, 0, 7.59375]},
			"faces": {
				"north": {"uv": [8, 0.5, 4.375, 1], "texture": "#1"},
				"east": {"uv": [7.875, 0.5, 8, 1], "texture": "#1"},
				"south": {"uv": [4.375, 0.5, 8, 1], "texture": "#1"},
				"west": {"uv": [4.375, 0.5, 4.5, 1], "texture": "#1"},
				"up": {"uv": [4.375, 0.5, 8, 0.625], "texture": "#1"},
				"down": {"uv": [4.375, 0.875, 8, 1], "texture": "#1"}
			}
		},
		{
			"name": "iron_sickle_1",
			"from": [6.875, 14.875, 7.625],
			"to": [7.625, 15.375, 7.75],
			"rotation": {"angle": 0, "axis": "y", "origin": [3.25, 0, 7.59375]},
			"faces": {
				"north": {"uv": [4.375, 0.625, 3.625, 1.125], "texture": "#1"},
				"east": {"uv": [4.25, 0.625, 4.375, 1.125], "texture": "#1"},
				"south": {"uv": [3.625, 0.625, 4.375, 1.125], "texture": "#1"},
				"west": {"uv": [3.625, 0.625, 3.75, 1.125], "texture": "#1"},
				"up": {"uv": [3.625, 0.625, 4.375, 0.75], "texture": "#1"},
				"down": {"uv": [3.625, 1, 4.375, 1.125], "texture": "#1"}
			}
		},
		{
			"name": "iron_sickle_2",
			"from": [11.25, 15, 7.625],
			"to": [11.875, 15.375, 7.75],
			"rotation": {"angle": 0, "axis": "y", "origin": [3.25, 0, 7.59375]},
			"faces": {
				"north": {"uv": [8.625, 0.625, 8, 1], "texture": "#1"},
				"east": {"uv": [8.5, 0.625, 8.625, 1], "texture": "#1"},
				"south": {"uv": [8, 0.625, 8.625, 1], "texture": "#1"},
				"west": {"uv": [8, 0.625, 8.125, 1], "texture": "#1"},
				"up": {"uv": [8, 0.625, 8.625, 0.75], "texture": "#1"},
				"down": {"uv": [8, 0.875, 8.625, 1], "texture": "#1"}
			}
		},
		{
			"name": "iron_sickle_3",
			"from": [11.875, 15.25, 7.625],
			"to": [12, 15.375, 7.75],
			"rotation": {"angle": 0, "axis": "y", "origin": [3.25, 0, 7.59375]},
			"faces": {
				"north": {"uv": [8.75, 0.625, 8.625, 0.75], "texture": "#1"},
				"east": {"uv": [8.625, 0.625, 8.75, 0.75], "texture": "#1"},
				"south": {"uv": [8.625, 0.625, 8.75, 0.75], "texture": "#1"},
				"west": {"uv": [8.625, 0.625, 8.75, 0.75], "texture": "#1"},
				"up": {"uv": [8.625, 0.625, 8.75, 0.75], "texture": "#1"},
				"down": {"uv": [8.625, 0.625, 8.75, 0.75], "texture": "#1"}
			}
		},
		{
			"name": "iron_sickle_4",
			"from": [6.375, 14.75, 7.625],
			"to": [6.875, 15.25, 7.75],
			"rotation": {"angle": 0, "axis": "y", "origin": [3.25, 0, 7.59375]},
			"faces": {
				"north": {"uv": [3.625, 0.75, 3.125, 1.25], "texture": "#1"},
				"east": {"uv": [3.5, 0.75, 3.625, 1.25], "texture": "#1"},
				"south": {"uv": [3.125, 0.75, 3.625, 1.25], "texture": "#1"},
				"west": {"uv": [3.125, 0.75, 3.25, 1.25], "texture": "#1"},
				"up": {"uv": [3.125, 0.75, 3.625, 0.875], "texture": "#1"},
				"down": {"uv": [3.125, 1.125, 3.625, 1.25], "texture": "#1"}
			}
		},
		{
			"name": "iron_sickle_5",
			"from": [11.875, 14.625, 7.3125],
			"to": [12.5, 15.25, 8.0625],
			"rotation": {"angle": 0, "axis": "y", "origin": [3.25, 0, 7.59375]},
			"faces": {
				"north": {"uv": [10.5, 0.75, 9.875, 1.375], "texture": "#1"},
				"east": {"uv": [10.375, 0.75, 10.5, 1.375], "texture": "#1"},
				"south": {"uv": [9.875, 0.75, 10.5, 1.375], "texture": "#1"},
				"west": {"uv": [9.875, 0.75, 10, 1.375], "texture": "#1"},
				"up": {"uv": [9.875, 0.75, 10.5, 0.875], "texture": "#1"},
				"down": {"uv": [9.875, 1.25, 10.5, 1.375], "texture": "#1"}
			}
		},
		{
			"name": "iron_sickle_6",
			"from": [5.875, 14.625, 7.625],
			"to": [6.375, 15.125, 7.75],
			"rotation": {"angle": 0, "axis": "y", "origin": [3.25, 0, 7.59375]},
			"faces": {
				"north": {"uv": [3.125, 0.875, 2.625, 1.375], "texture": "#1"},
				"east": {"uv": [3, 0.875, 3.125, 1.375], "texture": "#1"},
				"south": {"uv": [2.625, 0.875, 3.125, 1.375], "texture": "#1"},
				"west": {"uv": [2.625, 0.875, 2.75, 1.375], "texture": "#1"},
				"up": {"uv": [2.625, 0.875, 3.125, 1], "texture": "#1"},
				"down": {"uv": [2.625, 1.25, 3.125, 1.375], "texture": "#1"}
			}
		},
		{
			"name": "iron_sickle_7",
			"from": [5.5, 14.5, 7.625],
			"to": [5.875, 15, 7.75],
			"rotation": {"angle": 0, "axis": "y", "origin": [3.25, 0, 7.59375]},
			"faces": {
				"north": {"uv": [2.625, 1, 2.25, 1.5], "texture": "#1"},
				"east": {"uv": [2.5, 1, 2.625, 1.5], "texture": "#1"},
				"south": {"uv": [2.25, 1, 2.625, 1.5], "texture": "#1"},
				"west": {"uv": [2.25, 1, 2.375, 1.5], "texture": "#1"},
				"up": {"uv": [2.25, 1, 2.625, 1.125], "texture": "#1"},
				"down": {"uv": [2.25, 1.375, 2.625, 1.5], "texture": "#1"}
			}
		},
		{
			"name": "iron_sickle_8",
			"from": [7.625, 14.875, 7.625],
			"to": [8, 15, 7.75],
			"rotation": {"angle": 0, "axis": "y", "origin": [3.25, 0, 7.59375]},
			"faces": {
				"north": {"uv": [4.75, 1, 4.375, 1.125], "texture": "#1"},
				"east": {"uv": [4.625, 1, 4.75, 1.125], "texture": "#1"},
				"south": {"uv": [4.375, 1, 4.75, 1.125], "texture": "#1"},
				"west": {"uv": [4.375, 1, 4.5, 1.125], "texture": "#1"},
				"up": {"uv": [4.375, 1, 4.75, 1.125], "texture": "#1"},
				"down": {"uv": [4.375, 1, 4.75, 1.125], "texture": "#1"}
			}
		},
		{
			"name": "iron_sickle_9",
			"from": [5.125, 14.375, 7.625],
			"to": [5.5, 14.875, 7.75],
			"rotation": {"angle": 0, "axis": "y", "origin": [3.25, 0, 7.59375]},
			"faces": {
				"north": {"uv": [2.25, 1.125, 1.875, 1.625], "texture": "#1"},
				"east": {"uv": [2.125, 1.125, 2.25, 1.625], "texture": "#1"},
				"south": {"uv": [1.875, 1.125, 2.25, 1.625], "texture": "#1"},
				"west": {"uv": [1.875, 1.125, 2, 1.625], "texture": "#1"},
				"up": {"uv": [1.875, 1.125, 2.25, 1.25], "texture": "#1"},
				"down": {"uv": [1.875, 1.5, 2.25, 1.625], "texture": "#1"}
			}
		},
		{
			"name": "iron_sickle_10",
			"from": [6.875, 14.75, 7.625],
			"to": [7, 14.875, 7.75],
			"rotation": {"angle": 0, "axis": "y", "origin": [3.25, 0, 7.59375]},
			"faces": {
				"north": {"uv": [3.75, 1.125, 3.625, 1.25], "texture": "#1"},
				"east": {"uv": [3.625, 1.125, 3.75, 1.25], "texture": "#1"},
				"south": {"uv": [3.625, 1.125, 3.75, 1.25], "texture": "#1"},
				"west": {"uv": [3.625, 1.125, 3.75, 1.25], "texture": "#1"},
				"up": {"uv": [3.625, 1.125, 3.75, 1.25], "texture": "#1"},
				"down": {"uv": [3.625, 1.125, 3.75, 1.25], "texture": "#1"}
			}
		},
		{
			"name": "iron_sickle_11",
			"from": [5, 14.25, 7.625],
			"to": [5.125, 14.75, 7.75],
			"rotation": {"angle": 0, "axis": "y", "origin": [3.25, 0, 7.59375]},
			"faces": {
				"north": {"uv": [1.875, 1.25, 1.75, 1.75], "texture": "#1"},
				"east": {"uv": [1.75, 1.25, 1.875, 1.75], "texture": "#1"},
				"south": {"uv": [1.75, 1.25, 1.875, 1.75], "texture": "#1"},
				"west": {"uv": [1.75, 1.25, 1.875, 1.75], "texture": "#1"},
				"up": {"uv": [1.75, 1.25, 1.875, 1.375], "texture": "#1"},
				"down": {"uv": [1.75, 1.625, 1.875, 1.75], "texture": "#1"}
			}
		},
		{
			"name": "iron_sickle_12",
			"from": [6.375, 14.625, 7.625],
			"to": [6.625, 14.75, 7.75],
			"rotation": {"angle": 0, "axis": "y", "origin": [3.25, 0, 7.59375]},
			"faces": {
				"north": {"uv": [3.375, 1.25, 3.125, 1.375], "texture": "#1"},
				"east": {"uv": [3.25, 1.25, 3.375, 1.375], "texture": "#1"},
				"south": {"uv": [3.125, 1.25, 3.375, 1.375], "texture": "#1"},
				"west": {"uv": [3.125, 1.25, 3.25, 1.375], "texture": "#1"},
				"up": {"uv": [3.125, 1.25, 3.375, 1.375], "texture": "#1"},
				"down": {"uv": [3.125, 1.25, 3.375, 1.375], "texture": "#1"}
			}
		},
		{
			"name": "iron_sickle_13",
			"from": [4.75, 14.125, 7.625],
			"to": [5, 14.625, 7.75],
			"rotation": {"angle": 0, "axis": "y", "origin": [3.25, 0, 7.59375]},
			"faces": {
				"north": {"uv": [1.75, 1.375, 1.5, 1.875], "texture": "#1"},
				"east": {"uv": [1.625, 1.375, 1.75, 1.875], "texture": "#1"},
				"south": {"uv": [1.5, 1.375, 1.75, 1.875], "texture": "#1"},
				"west": {"uv": [1.5, 1.375, 1.625, 1.875], "texture": "#1"},
				"up": {"uv": [1.5, 1.375, 1.75, 1.5], "texture": "#1"},
				"down": {"uv": [1.5, 1.75, 1.75, 1.875], "texture": "#1"}
			}
		},
		{
			"name": "iron_sickle_14",
			"from": [5.875, 14.5, 7.625],
			"to": [6.125, 14.625, 7.75],
			"rotation": {"angle": 0, "axis": "y", "origin": [3.25, 0, 7.59375]},
			"faces": {
				"north": {"uv": [2.875, 1.375, 2.625, 1.5], "texture": "#1"},
				"east": {"uv": [2.75, 1.375, 2.875, 1.5], "texture": "#1"},
				"south": {"uv": [2.625, 1.375, 2.875, 1.5], "texture": "#1"},
				"west": {"uv": [2.625, 1.375, 2.75, 1.5], "texture": "#1"},
				"up": {"uv": [2.625, 1.375, 2.875, 1.5], "texture": "#1"},
				"down": {"uv": [2.625, 1.375, 2.875, 1.5], "texture": "#1"}
			}
		},
		{
			"name": "iron_sickle_15",
			"from": [12, 9.5, 7.5],
			"to": [12.375, 14.625, 7.875],
			"rotation": {"angle": 0, "axis": "y", "origin": [3.25, 0, 7.59375]},
			"faces": {
				"north": {"uv": [9.125, 1.375, 8.75, 6.5], "texture": "#1"},
				"east": {"uv": [9, 1.375, 9.125, 6.5], "texture": "#1"},
				"south": {"uv": [8.75, 1.375, 9.125, 6.5], "texture": "#1"},
				"west": {"uv": [8.75, 1.375, 8.875, 6.5], "texture": "#1"},
				"up": {"uv": [8.75, 1.375, 9.125, 1.5], "texture": "#1"},
				"down": {"uv": [8.75, 6.375, 9.125, 6.5], "texture": "#1"}
			}
		},
		{
			"name": "iron_sickle_16",
			"from": [4.625, 14, 7.625],
			"to": [4.75, 14.5, 7.75],
			"rotation": {"angle": 0, "axis": "y", "origin": [3.25, 0, 7.59375]},
			"faces": {
				"north": {"uv": [1.5, 1.5, 1.375, 2], "texture": "#1"},
				"east": {"uv": [1.375, 1.5, 1.5, 2], "texture": "#1"},
				"south": {"uv": [1.375, 1.5, 1.5, 2], "texture": "#1"},
				"west": {"uv": [1.375, 1.5, 1.5, 2], "texture": "#1"},
				"up": {"uv": [1.375, 1.5, 1.5, 1.625], "texture": "#1"},
				"down": {"uv": [1.375, 1.875, 1.5, 2], "texture": "#1"}
			}
		},
		{
			"name": "iron_sickle_17",
			"from": [5.5, 14.375, 7.625],
			"to": [5.625, 14.5, 7.75],
			"rotation": {"angle": 0, "axis": "y", "origin": [3.25, 0, 7.59375]},
			"faces": {
				"north": {"uv": [2.375, 1.5, 2.25, 1.625], "texture": "#1"},
				"east": {"uv": [2.25, 1.5, 2.375, 1.625], "texture": "#1"},
				"south": {"uv": [2.25, 1.5, 2.375, 1.625], "texture": "#1"},
				"west": {"uv": [2.25, 1.5, 2.375, 1.625], "texture": "#1"},
				"up": {"uv": [2.25, 1.5, 2.375, 1.625], "texture": "#1"},
				"down": {"uv": [2.25, 1.5, 2.375, 1.625], "texture": "#1"}
			}
		},
		{
			"name": "iron_sickle_18",
			"from": [4.5, 14, 7.625],
			"to": [4.625, 14.375, 7.75],
			"rotation": {"angle": 0, "axis": "y", "origin": [3.25, 0, 7.59375]},
			"faces": {
				"north": {"uv": [1.375, 1.625, 1.25, 2], "texture": "#1"},
				"east": {"uv": [1.25, 1.625, 1.375, 2], "texture": "#1"},
				"south": {"uv": [1.25, 1.625, 1.375, 2], "texture": "#1"},
				"west": {"uv": [1.25, 1.625, 1.375, 2], "texture": "#1"},
				"up": {"uv": [1.25, 1.625, 1.375, 1.75], "texture": "#1"},
				"down": {"uv": [1.25, 1.875, 1.375, 2], "texture": "#1"}
			}
		},
		{
			"name": "iron_sickle_19",
			"from": [5.125, 14.25, 7.625],
			"to": [5.25, 14.375, 7.75],
			"rotation": {"angle": 0, "axis": "y", "origin": [3.25, 0, 7.59375]},
			"faces": {
				"north": {"uv": [2, 1.625, 1.875, 1.75], "texture": "#1"},
				"east": {"uv": [1.875, 1.625, 2, 1.75], "texture": "#1"},
				"south": {"uv": [1.875, 1.625, 2, 1.75], "texture": "#1"},
				"west": {"uv": [1.875, 1.625, 2, 1.75], "texture": "#1"},
				"up": {"uv": [1.875, 1.625, 2, 1.75], "texture": "#1"},
				"down": {"uv": [1.875, 1.625, 2, 1.75], "texture": "#1"}
			}
		},
		{
			"name": "iron_sickle_20",
			"from": [8, 14.25, 7.65625],
			"to": [11.25, 15, 7.71875],
			"rotation": {"angle": 0, "axis": "y", "origin": [3.25, 0, 7.59375]},
			"faces": {
				"north": {"uv": [8, 1.625, 4.75, 2.375], "texture": "#1"},
				"east": {"uv": [7.875, 1.625, 8, 2.375], "texture": "#1"},
				"south": {"uv": [4.75, 1.625, 8, 2.375], "texture": "#1"},
				"west": {"uv": [4.75, 1.625, 4.875, 2.375], "texture": "#1"},
				"up": {"uv": [4.75, 1.625, 8, 1.75], "texture": "#1"},
				"down": {"uv": [4.75, 2.25, 8, 2.375], "texture": "#1"}
			}
		},
		{
			"name": "iron_sickle_21",
			"from": [11.25, 14.625, 7.65625],
			"to": [11.75, 15, 7.71875],
			"rotation": {"angle": 0, "axis": "y", "origin": [3.25, 0, 7.59375]},
			"faces": {
				"north": {"uv": [8.5, 1.625, 8, 2], "texture": "#1"},
				"east": {"uv": [8.375, 1.625, 8.5, 2], "texture": "#1"},
				"south": {"uv": [8, 1.625, 8.5, 2], "texture": "#1"},
				"west": {"uv": [8, 1.625, 8.125, 2], "texture": "#1"},
				"up": {"uv": [8, 1.625, 8.5, 1.75], "texture": "#1"},
				"down": {"uv": [8, 1.875, 8.5, 2], "texture": "#1"}
			}
		},
		{
			"name": "iron_sickle_22",
			"from": [11.75, 14.75, 7.65625],
			"to": [11.875, 15, 7.71875],
			"rotation": {"angle": 0, "axis": "y", "origin": [3.25, 0, 7.59375]},
			"faces": {
				"north": {"uv": [8.625, 1.625, 8.5, 1.875], "texture": "#1"},
				"east": {"uv": [8.5, 1.625, 8.625, 1.875], "texture": "#1"},
				"south": {"uv": [8.5, 1.625, 8.625, 1.875], "texture": "#1"},
				"west": {"uv": [8.5, 1.625, 8.625, 1.875], "texture": "#1"},
				"up": {"uv": [8.5, 1.625, 8.625, 1.75], "texture": "#1"},
				"down": {"uv": [8.5, 1.75, 8.625, 1.875], "texture": "#1"}
			}
		},
		{
			"name": "iron_sickle_23",
			"from": [4.375, 13.875, 7.625],
			"to": [4.5, 14.25, 7.75],
			"rotation": {"angle": 0, "axis": "y", "origin": [3.25, 0, 7.59375]},
			"faces": {
				"north": {"uv": [1.25, 1.75, 1.125, 2.125], "texture": "#1"},
				"east": {"uv": [1.125, 1.75, 1.25, 2.125], "texture": "#1"},
				"south": {"uv": [1.125, 1.75, 1.25, 2.125], "texture": "#1"},
				"west": {"uv": [1.125, 1.75, 1.25, 2.125], "texture": "#1"},
				"up": {"uv": [1.125, 1.75, 1.25, 1.875], "texture": "#1"},
				"down": {"uv": [1.125, 2, 1.25, 2.125], "texture": "#1"}
			}
		},
		{
			"name": "iron_sickle_24",
			"from": [7, 14.125, 7.65625],
			"to": [7.75, 14.875, 7.71875],
			"rotation": {"angle": 0, "axis": "y", "origin": [3.25, 0, 7.59375]},
			"faces": {
				"north": {"uv": [4.5, 1.75, 3.75, 2.5], "texture": "#1"},
				"east": {"uv": [4.375, 1.75, 4.5, 2.5], "texture": "#1"},
				"south": {"uv": [3.75, 1.75, 4.5, 2.5], "texture": "#1"},
				"west": {"uv": [3.75, 1.75, 3.875, 2.5], "texture": "#1"},
				"up": {"uv": [3.75, 1.75, 4.5, 1.875], "texture": "#1"},
				"down": {"uv": [3.75, 2.375, 4.5, 2.5], "texture": "#1"}
			}
		},
		{
			"name": "iron_sickle_25",
			"from": [7.75, 14.25, 7.65625],
			"to": [8, 14.875, 7.71875],
			"rotation": {"angle": 0, "axis": "y", "origin": [3.25, 0, 7.59375]},
			"faces": {
				"north": {"uv": [4.75, 1.75, 4.5, 2.375], "texture": "#1"},
				"east": {"uv": [4.625, 1.75, 4.75, 2.375], "texture": "#1"},
				"south": {"uv": [4.5, 1.75, 4.75, 2.375], "texture": "#1"},
				"west": {"uv": [4.5, 1.75, 4.625, 2.375], "texture": "#1"},
				"up": {"uv": [4.5, 1.75, 4.75, 1.875], "texture": "#1"},
				"down": {"uv": [4.5, 2.25, 4.75, 2.375], "texture": "#1"}
			}
		},
		{
			"name": "iron_sickle_26",
			"from": [4.25, 13.875, 7.625],
			"to": [4.375, 14.125, 7.75],
			"rotation": {"angle": 0, "axis": "y", "origin": [3.25, 0, 7.59375]},
			"faces": {
				"north": {"uv": [1.125, 1.875, 1, 2.125], "texture": "#1"},
				"east": {"uv": [1, 1.875, 1.125, 2.125], "texture": "#1"},
				"south": {"uv": [1, 1.875, 1.125, 2.125], "texture": "#1"},
				"west": {"uv": [1, 1.875, 1.125, 2.125], "texture": "#1"},
				"up": {"uv": [1, 1.875, 1.125, 2], "texture": "#1"},
				"down": {"uv": [1, 2, 1.125, 2.125], "texture": "#1"}
			}
		},
		{
			"name": "iron_sickle_27",
			"from": [6.625, 14.125, 7.65625],
			"to": [7, 14.75, 7.71875],
			"rotation": {"angle": 0, "axis": "y", "origin": [3.25, 0, 7.59375]},
			"faces": {
				"north": {"uv": [3.75, 1.875, 3.375, 2.5], "texture": "#1"},
				"east": {"uv": [3.625, 1.875, 3.75, 2.5], "texture": "#1"},
				"south": {"uv": [3.375, 1.875, 3.75, 2.5], "texture": "#1"},
				"west": {"uv": [3.375, 1.875, 3.5, 2.5], "texture": "#1"},
				"up": {"uv": [3.375, 1.875, 3.75, 2], "texture": "#1"},
				"down": {"uv": [3.375, 2.375, 3.75, 2.5], "texture": "#1"}
			}
		},
		{
			"name": "iron_sickle_28",
			"from": [4.125, 13.75, 7.625],
			"to": [4.25, 14, 7.75],
			"rotation": {"angle": 0, "axis": "y", "origin": [3.25, 0, 7.59375]},
			"faces": {
				"north": {"uv": [1, 2, 0.875, 2.25], "texture": "#1"},
				"east": {"uv": [0.875, 2, 1, 2.25], "texture": "#1"},
				"south": {"uv": [0.875, 2, 1, 2.25], "texture": "#1"},
				"west": {"uv": [0.875, 2, 1, 2.25], "texture": "#1"},
				"up": {"uv": [0.875, 2, 1, 2.125], "texture": "#1"},
				"down": {"uv": [0.875, 2.125, 1, 2.25], "texture": "#1"}
			}
		},
		{
			"name": "iron_sickle_29",
			"from": [6.125, 14, 7.65625],
			"to": [6.625, 14.625, 7.71875],
			"rotation": {"angle": 0, "axis": "y", "origin": [3.25, 0, 7.59375]},
			"faces": {
				"north": {"uv": [3.375, 2, 2.875, 2.625], "texture": "#1"},
				"east": {"uv": [3.25, 2, 3.375, 2.625], "texture": "#1"},
				"south": {"uv": [2.875, 2, 3.375, 2.625], "texture": "#1"},
				"west": {"uv": [2.875, 2, 3, 2.625], "texture": "#1"},
				"up": {"uv": [2.875, 2, 3.375, 2.125], "texture": "#1"},
				"down": {"uv": [2.875, 2.5, 3.375, 2.625], "texture": "#1"}
			}
		},
		{
			"name": "iron_sickle_30",
			"from": [11.25, 14.5, 7.65625],
			"to": [11.5, 14.625, 7.71875],
			"rotation": {"angle": 0, "axis": "y", "origin": [3.25, 0, 7.59375]},
			"faces": {
				"north": {"uv": [8.25, 2, 8, 2.125], "texture": "#1"},
				"east": {"uv": [8.125, 2, 8.25, 2.125], "texture": "#1"},
				"south": {"uv": [8, 2, 8.25, 2.125], "texture": "#1"},
				"west": {"uv": [8, 2, 8.125, 2.125], "texture": "#1"},
				"up": {"uv": [8, 2, 8.25, 2.125], "texture": "#1"},
				"down": {"uv": [8, 2, 8.25, 2.125], "texture": "#1"}
			}
		},
		{
			"name": "iron_sickle_31",
			"from": [4, 13.625, 7.625],
			"to": [4.125, 13.875, 7.75],
			"rotation": {"angle": 0, "axis": "y", "origin": [3.25, 0, 7.59375]},
			"faces": {
				"north": {"uv": [0.875, 2.125, 0.75, 2.375], "texture": "#1"},
				"east": {"uv": [0.75, 2.125, 0.875, 2.375], "texture": "#1"},
				"south": {"uv": [0.75, 2.125, 0.875, 2.375], "texture": "#1"},
				"west": {"uv": [0.75, 2.125, 0.875, 2.375], "texture": "#1"},
				"up": {"uv": [0.75, 2.125, 0.875, 2.25], "texture": "#1"},
				"down": {"uv": [0.75, 2.25, 0.875, 2.375], "texture": "#1"}
			}
		},
		{
			"name": "iron_sickle_32",
			"from": [5.625, 14, 7.65625],
			"to": [6.125, 14.5, 7.71875],
			"rotation": {"angle": 0, "axis": "y", "origin": [3.25, 0, 7.59375]},
			"faces": {
				"north": {"uv": [2.875, 2.125, 2.375, 2.625], "texture": "#1"},
				"east": {"uv": [2.75, 2.125, 2.875, 2.625], "texture": "#1"},
				"south": {"uv": [2.375, 2.125, 2.875, 2.625], "texture": "#1"},
				"west": {"uv": [2.375, 2.125, 2.5, 2.625], "texture": "#1"},
				"up": {"uv": [2.375, 2.125, 2.875, 2.25], "texture": "#1"},
				"down": {"uv": [2.375, 2.5, 2.875, 2.625], "texture": "#1"}
			}
		},
		{
			"name": "iron_sickle_33",
			"from": [11.25, 14.375, 7.65625],
			"to": [11.375, 14.5, 7.71875],
			"rotation": {"angle": 0, "axis": "y", "origin": [3.25, 0, 7.59375]},
			"faces": {
				"north": {"uv": [8.125, 2.125, 8, 2.25], "texture": "#1"},
				"east": {"uv": [8, 2.125, 8.125, 2.25], "texture": "#1"},
				"south": {"uv": [8, 2.125, 8.125, 2.25], "texture": "#1"},
				"west": {"uv": [8, 2.125, 8.125, 2.25], "texture": "#1"},
				"up": {"uv": [8, 2.125, 8.125, 2.25], "texture": "#1"},
				"down": {"uv": [8, 2.125, 8.125, 2.25], "texture": "#1"}
			}
		},
		{
			"name": "iron_sickle_34",
			"from": [3.875, 13.5, 7.625],
			"to": [4, 13.75, 7.75],
			"rotation": {"angle": 0, "axis": "y", "origin": [3.25, 0, 7.59375]},
			"faces": {
				"north": {"uv": [0.75, 2.25, 0.625, 2.5], "texture": "#1"},
				"east": {"uv": [0.625, 2.25, 0.75, 2.5], "texture": "#1"},
				"south": {"uv": [0.625, 2.25, 0.75, 2.5], "texture": "#1"},
				"west": {"uv": [0.625, 2.25, 0.75, 2.5], "texture": "#1"},
				"up": {"uv": [0.625, 2.25, 0.75, 2.375], "texture": "#1"},
				"down": {"uv": [0.625, 2.375, 0.75, 2.5], "texture": "#1"}
			}
		},
		{
			"name": "iron_sickle_35",
			"from": [5.25, 13.875, 7.65625],
			"to": [5.625, 14.375, 7.71875],
			"rotation": {"angle": 0, "axis": "y", "origin": [3.25, 0, 7.59375]},
			"faces": {
				"north": {"uv": [2.375, 2.25, 2, 2.75], "texture": "#1"},
				"east": {"uv": [2.25, 2.25, 2.375, 2.75], "texture": "#1"},
				"south": {"uv": [2, 2.25, 2.375, 2.75], "texture": "#1"},
				"west": {"uv": [2, 2.25, 2.125, 2.75], "texture": "#1"},
				"up": {"uv": [2, 2.25, 2.375, 2.375], "texture": "#1"},
				"down": {"uv": [2, 2.625, 2.375, 2.75], "texture": "#1"}
			}
		},
		{
			"name": "iron_sickle_36",
			"from": [3.75, 13.25, 7.625],
			"to": [3.875, 13.625, 7.75],
			"rotation": {"angle": 0, "axis": "y", "origin": [3.25, 0, 7.59375]},
			"faces": {
				"north": {"uv": [0.625, 2.375, 0.5, 2.75], "texture": "#1"},
				"east": {"uv": [0.5, 2.375, 0.625, 2.75], "texture": "#1"},
				"south": {"uv": [0.5, 2.375, 0.625, 2.75], "texture": "#1"},
				"west": {"uv": [0.5, 2.375, 0.625, 2.75], "texture": "#1"},
				"up": {"uv": [0.5, 2.375, 0.625, 2.5], "texture": "#1"},
				"down": {"uv": [0.5, 2.625, 0.625, 2.75], "texture": "#1"}
			}
		},
		{
			"name": "iron_sickle_37",
			"from": [5, 13.75, 7.65625],
			"to": [5.25, 14.25, 7.71875],
			"rotation": {"angle": 0, "axis": "y", "origin": [3.25, 0, 7.59375]},
			"faces": {
				"north": {"uv": [2, 2.375, 1.75, 2.875], "texture": "#1"},
				"east": {"uv": [1.875, 2.375, 2, 2.875], "texture": "#1"},
				"south": {"uv": [1.75, 2.375, 2, 2.875], "texture": "#1"},
				"west": {"uv": [1.75, 2.375, 1.875, 2.875], "texture": "#1"},
				"up": {"uv": [1.75, 2.375, 2, 2.5], "texture": "#1"},
				"down": {"uv": [1.75, 2.75, 2, 2.875], "texture": "#1"}
			}
		},
		{
			"name": "iron_sickle_38",
			"from": [4.75, 13.75, 7.65625],
			"to": [5, 14.125, 7.71875],
			"rotation": {"angle": 0, "axis": "y", "origin": [3.25, 0, 7.59375]},
			"faces": {
				"north": {"uv": [1.75, 2.5, 1.5, 2.875], "texture": "#1"},
				"east": {"uv": [1.625, 2.5, 1.75, 2.875], "texture": "#1"},
				"south": {"uv": [1.5, 2.5, 1.75, 2.875], "texture": "#1"},
				"west": {"uv": [1.5, 2.5, 1.625, 2.875], "texture": "#1"},
				"up": {"uv": [1.5, 2.5, 1.75, 2.625], "texture": "#1"},
				"down": {"uv": [1.5, 2.75, 1.75, 2.875], "texture": "#1"}
			}
		},
		{
			"name": "iron_sickle_39",
			"from": [6.625, 14, 7.65625],
			"to": [6.75, 14.125, 7.71875],
			"rotation": {"angle": 0, "axis": "y", "origin": [3.25, 0, 7.59375]},
			"faces": {
				"north": {"uv": [3.5, 2.5, 3.375, 2.625], "texture": "#1"},
				"east": {"uv": [3.375, 2.5, 3.5, 2.625], "texture": "#1"},
				"south": {"uv": [3.375, 2.5, 3.5, 2.625], "texture": "#1"},
				"west": {"uv": [3.375, 2.5, 3.5, 2.625], "texture": "#1"},
				"up": {"uv": [3.375, 2.5, 3.5, 2.625], "texture": "#1"},
				"down": {"uv": [3.375, 2.5, 3.5, 2.625], "texture": "#1"}
			}
		},
		{
			"name": "iron_sickle_40",
			"from": [4.5, 13.625, 7.65625],
			"to": [4.75, 14, 7.71875],
			"rotation": {"angle": 0, "axis": "y", "origin": [3.25, 0, 7.59375]},
			"faces": {
				"north": {"uv": [1.5, 2.625, 1.25, 3], "texture": "#1"},
				"east": {"uv": [1.375, 2.625, 1.5, 3], "texture": "#1"},
				"south": {"uv": [1.25, 2.625, 1.5, 3], "texture": "#1"},
				"west": {"uv": [1.25, 2.625, 1.375, 3], "texture": "#1"},
				"up": {"uv": [1.25, 2.625, 1.5, 2.75], "texture": "#1"},
				"down": {"uv": [1.25, 2.875, 1.5, 3], "texture": "#1"}
			}
		},
		{
			"name": "iron_sickle_41",
			"from": [5.625, 13.875, 7.65625],
			"to": [5.875, 14, 7.71875],
			"rotation": {"angle": 0, "axis": "y", "origin": [3.25, 0, 7.59375]},
			"faces": {
				"north": {"uv": [2.625, 2.625, 2.375, 2.75], "texture": "#1"},
				"east": {"uv": [2.5, 2.625, 2.625, 2.75], "texture": "#1"},
				"south": {"uv": [2.375, 2.625, 2.625, 2.75], "texture": "#1"},
				"west": {"uv": [2.375, 2.625, 2.5, 2.75], "texture": "#1"},
				"up": {"uv": [2.375, 2.625, 2.625, 2.75], "texture": "#1"},
				"down": {"uv": [2.375, 2.625, 2.625, 2.75], "texture": "#1"}
			}
		},
		{
			"name": "iron_sickle_42",
			"from": [4.25, 13.5, 7.65625],
			"to": [4.5, 13.875, 7.71875],
			"rotation": {"angle": 0, "axis": "y", "origin": [3.25, 0, 7.59375]},
			"faces": {
				"north": {"uv": [1.25, 2.75, 1, 3.125], "texture": "#1"},
				"east": {"uv": [1.125, 2.75, 1.25, 3.125], "texture": "#1"},
				"south": {"uv": [1, 2.75, 1.25, 3.125], "texture": "#1"},
				"west": {"uv": [1, 2.75, 1.125, 3.125], "texture": "#1"},
				"up": {"uv": [1, 2.75, 1.25, 2.875], "texture": "#1"},
				"down": {"uv": [1, 3, 1.25, 3.125], "texture": "#1"}
			}
		},
		{
			"name": "iron_sickle_43",
			"from": [4.125, 13.375, 7.65625],
			"to": [4.25, 13.75, 7.71875],
			"rotation": {"angle": 0, "axis": "y", "origin": [3.25, 0, 7.59375]},
			"faces": {
				"north": {"uv": [1, 2.875, 0.875, 3.25], "texture": "#1"},
				"east": {"uv": [0.875, 2.875, 1, 3.25], "texture": "#1"},
				"south": {"uv": [0.875, 2.875, 1, 3.25], "texture": "#1"},
				"west": {"uv": [0.875, 2.875, 1, 3.25], "texture": "#1"},
				"up": {"uv": [0.875, 2.875, 1, 3], "texture": "#1"},
				"down": {"uv": [0.875, 3.125, 1, 3.25], "texture": "#1"}
			}
		},
		{
			"name": "iron_sickle_44",
			"from": [4.75, 13.625, 7.65625],
			"to": [4.875, 13.75, 7.71875],
			"rotation": {"angle": 0, "axis": "y", "origin": [3.25, 0, 7.59375]},
			"faces": {
				"north": {"uv": [1.625, 2.875, 1.5, 3], "texture": "#1"},
				"east": {"uv": [1.5, 2.875, 1.625, 3], "texture": "#1"},
				"south": {"uv": [1.5, 2.875, 1.625, 3], "texture": "#1"},
				"west": {"uv": [1.5, 2.875, 1.625, 3], "texture": "#1"},
				"up": {"uv": [1.5, 2.875, 1.625, 3], "texture": "#1"},
				"down": {"uv": [1.5, 2.875, 1.625, 3], "texture": "#1"}
			}
		},
		{
			"name": "iron_sickle_45",
			"from": [4, 13.25, 7.65625],
			"to": [4.125, 13.625, 7.71875],
			"rotation": {"angle": 0, "axis": "y", "origin": [3.25, 0, 7.59375]},
			"faces": {
				"north": {"uv": [0.875, 3, 0.75, 3.375], "texture": "#1"},
				"east": {"uv": [0.75, 3, 0.875, 3.375], "texture": "#1"},
				"south": {"uv": [0.75, 3, 0.875, 3.375], "texture": "#1"},
				"west": {"uv": [0.75, 3, 0.875, 3.375], "texture": "#1"},
				"up": {"uv": [0.75, 3, 0.875, 3.125], "texture": "#1"},
				"down": {"uv": [0.75, 3.25, 0.875, 3.375], "texture": "#1"}
			}
		},
		{
			"name": "iron_sickle_46",
			"from": [4.5, 13.5, 7.65625],
			"to": [4.625, 13.625, 7.71875],
			"rotation": {"angle": 0, "axis": "y", "origin": [3.25, 0, 7.59375]},
			"faces": {
				"north": {"uv": [1.375, 3, 1.25, 3.125], "texture": "#1"},
				"east": {"uv": [1.25, 3, 1.375, 3.125], "texture": "#1"},
				"south": {"uv": [1.25, 3, 1.375, 3.125], "texture": "#1"},
				"west": {"uv": [1.25, 3, 1.375, 3.125], "texture": "#1"},
				"up": {"uv": [1.25, 3, 1.375, 3.125], "texture": "#1"},
				"down": {"uv": [1.25, 3, 1.375, 3.125], "texture": "#1"}
			}
		},
		{
			"name": "iron_sickle_47",
			"from": [3.875, 13.125, 7.65625],
			"to": [4, 13.5, 7.71875],
			"rotation": {"angle": 0, "axis": "y", "origin": [3.25, 0, 7.59375]},
			"faces": {
				"north": {"uv": [0.75, 3.125, 0.625, 3.5], "texture": "#1"},
				"east": {"uv": [0.625, 3.125, 0.75, 3.5], "texture": "#1"},
				"south": {"uv": [0.625, 3.125, 0.75, 3.5], "texture": "#1"},
				"west": {"uv": [0.625, 3.125, 0.75, 3.5], "texture": "#1"},
				"up": {"uv": [0.625, 3.125, 0.75, 3.25], "texture": "#1"},
				"down": {"uv": [0.625, 3.375, 0.75, 3.5], "texture": "#1"}
			}
		},
		{
			"name": "iron_sickle_48",
			"from": [4.25, 13.375, 7.65625],
			"to": [4.375, 13.5, 7.71875],
			"rotation": {"angle": 0, "axis": "y", "origin": [3.25, 0, 7.59375]},
			"faces": {
				"north": {"uv": [1.125, 3.125, 1, 3.25], "texture": "#1"},
				"east": {"uv": [1, 3.125, 1.125, 3.25], "texture": "#1"},
				"south": {"uv": [1, 3.125, 1.125, 3.25], "texture": "#1"},
				"west": {"uv": [1, 3.125, 1.125, 3.25], "texture": "#1"},
				"up": {"uv": [1, 3.125, 1.125, 3.25], "texture": "#1"},
				"down": {"uv": [1, 3.125, 1.125, 3.25], "texture": "#1"}
			}
		},
		{
			"name": "iron_sickle_49",
			"from": [3.75, 12.875, 7.65625],
			"to": [3.875, 13.25, 7.71875],
			"rotation": {"angle": 0, "axis": "y", "origin": [3.25, 0, 7.59375]},
			"faces": {
				"north": {"uv": [0.625, 3.375, 0.5, 3.75], "texture": "#1"},
				"east": {"uv": [0.5, 3.375, 0.625, 3.75], "texture": "#1"},
				"south": {"uv": [0.5, 3.375, 0.625, 3.75], "texture": "#1"},
				"west": {"uv": [0.5, 3.375, 0.625, 3.75], "texture": "#1"},
				"up": {"uv": [0.5, 3.375, 0.625, 3.5], "texture": "#1"},
				"down": {"uv": [0.5, 3.625, 0.625, 3.75], "texture": "#1"}
			}
		},
		{
			"name": "iron_sickle_50",
			"from": [11.625, 8.375, 7.875],
			"to": [12, 8.75, 8.875],
			"rotation": {"angle": 0, "axis": "y", "origin": [3.25, 0, 7.59375]},
			"faces": {
				"north": {"uv": [9.875, 5.75, 10, 6.125], "texture": "#1"},
				"east": {"uv": [10.875, 5.75, 9.875, 6.125], "texture": "#1"},
				"south": {"uv": [10.75, 5.75, 10.875, 6.125], "texture": "#1"},
				"west": {"uv": [9.875, 5.75, 10.875, 6.125], "texture": "#1"},
				"up": {"uv": [9.875, 5.75, 10.875, 5.875], "rotation": 90, "texture": "#1"},
				"down": {"uv": [9.875, 6, 10.875, 6.125], "rotation": 270, "texture": "#1"}
			}
		},
		{
			"name": "iron_sickle_51",
			"from": [11.875, 8.125, 7.5],
			"to": [12, 9.75, 7.875],
			"rotation": {"angle": 0, "axis": "y", "origin": [3.25, 0, 7.59375]},
			"faces": {
				"north": {"uv": [8.75, 6.25, 8.625, 7.875], "texture": "#1"},
				"east": {"uv": [8.625, 6.25, 8.75, 7.875], "texture": "#1"},
				"south": {"uv": [8.625, 6.25, 8.75, 7.875], "texture": "#1"},
				"west": {"uv": [8.625, 6.25, 8.75, 7.875], "texture": "#1"},
				"up": {"uv": [8.625, 6.25, 8.75, 6.375], "texture": "#1"},
				"down": {"uv": [8.625, 7.75, 8.75, 7.875], "texture": "#1"}
			}
		},
		{
			"name": "iron_sickle_52",
			"from": [12, 9, 7.5],
			"to": [12.25, 9.5, 7.875],
			"rotation": {"angle": 0, "axis": "y", "origin": [3.25, 0, 7.59375]},
			"faces": {
				"north": {"uv": [9, 6.5, 8.75, 7], "texture": "#1"},
				"east": {"uv": [8.875, 6.5, 9, 7], "texture": "#1"},
				"south": {"uv": [8.75, 6.5, 9, 7], "texture": "#1"},
				"west": {"uv": [8.75, 6.5, 8.875, 7], "texture": "#1"},
				"up": {"uv": [8.75, 6.5, 9, 6.625], "texture": "#1"},
				"down": {"uv": [8.75, 6.875, 9, 7], "texture": "#1"}
			}
		},
		{
			"name": "iron_sickle_53",
			"from": [11.75, 7.875, 7.5],
			"to": [11.875, 9.125, 7.875],
			"rotation": {"angle": 0, "axis": "y", "origin": [3.25, 0, 7.59375]},
			"faces": {
				"north": {"uv": [8.625, 6.875, 8.5, 8.125], "texture": "#1"},
				"east": {"uv": [8.5, 6.875, 8.625, 8.125], "texture": "#1"},
				"south": {"uv": [8.5, 6.875, 8.625, 8.125], "texture": "#1"},
				"west": {"uv": [8.5, 6.875, 8.625, 8.125], "texture": "#1"},
				"up": {"uv": [8.5, 6.875, 8.625, 7], "texture": "#1"},
				"down": {"uv": [8.5, 8, 8.625, 8.125], "texture": "#1"}
			}
		},
		{
			"name": "iron_sickle_54",
			"from": [12, 8.5, 7.5],
			"to": [12.125, 9, 7.875],
			"rotation": {"angle": 0, "axis": "y", "origin": [3.25, 0, 7.59375]},
			"faces": {
				"north": {"uv": [8.875, 7, 8.75, 7.5], "texture": "#1"},
				"east": {"uv": [8.75, 7, 8.875, 7.5], "texture": "#1"},
				"south": {"uv": [8.75, 7, 8.875, 7.5], "texture": "#1"},
				"west": {"uv": [8.75, 7, 8.875, 7.5], "texture": "#1"},
				"up": {"uv": [8.75, 7, 8.875, 7.125], "texture": "#1"},
				"down": {"uv": [8.75, 7.375, 8.875, 7.5], "texture": "#1"}
			}
		},
		{
			"name": "iron_sickle_55",
			"from": [11.625, 7.625, 7.5],
			"to": [11.75, 8.75, 7.875],
			"rotation": {"angle": 0, "axis": "y", "origin": [3.25, 0, 7.59375]},
			"faces": {
				"north": {"uv": [8.5, 7.25, 8.375, 8.375], "texture": "#1"},
				"east": {"uv": [8.375, 7.25, 8.5, 8.375], "texture": "#1"},
				"south": {"uv": [8.375, 7.25, 8.5, 8.375], "texture": "#1"},
				"west": {"uv": [8.375, 7.25, 8.5, 8.375], "texture": "#1"},
				"up": {"uv": [8.375, 7.25, 8.5, 7.375], "texture": "#1"},
				"down": {"uv": [8.375, 8.25, 8.5, 8.375], "texture": "#1"}
			}
		},
		{
			"name": "iron_sickle_56",
			"from": [11.5, 7.375, 7.5],
			"to": [11.625, 8.375, 7.875],
			"rotation": {"angle": 0, "axis": "y", "origin": [3.25, 0, 7.59375]},
			"faces": {
				"north": {"uv": [8.375, 7.625, 8.25, 8.625], "texture": "#1"},
				"east": {"uv": [8.25, 7.625, 8.375, 8.625], "texture": "#1"},
				"south": {"uv": [8.25, 7.625, 8.375, 8.625], "texture": "#1"},
				"west": {"uv": [8.25, 7.625, 8.375, 8.625], "texture": "#1"},
				"up": {"uv": [8.25, 7.625, 8.375, 7.75], "texture": "#1"},
				"down": {"uv": [8.25, 8.5, 8.375, 8.625], "texture": "#1"}
			}
		},
		{
			"name": "iron_sickle_57",
			"from": [9.25, 3.75, 7.5],
			"to": [10.25, 4.125, 7.875],
			"rotation": {"angle": 0, "axis": "y", "origin": [3.25, 0, 7.59375]},
			"faces": {
				"north": {"uv": [10, 7.625, 11, 8], "texture": "#1"},
				"east": {"uv": [10, 7.625, 10.125, 8], "texture": "#1"},
				"south": {"uv": [11, 7.625, 10, 8], "texture": "#1"},
				"west": {"uv": [10.875, 7.625, 11, 8], "texture": "#1"},
				"up": {"uv": [10, 7.625, 11, 7.75], "rotation": 180, "texture": "#1"},
				"down": {"uv": [10, 7.875, 11, 8], "rotation": 180, "texture": "#1"}
			}
		},
		{
			"name": "iron_sickle_58",
			"from": [11.375, 7.125, 7.5],
			"to": [11.5, 8.125, 7.875],
			"rotation": {"angle": 0, "axis": "y", "origin": [3.25, 0, 7.59375]},
			"faces": {
				"north": {"uv": [8.25, 7.875, 8.125, 8.875], "texture": "#1"},
				"east": {"uv": [8.125, 7.875, 8.25, 8.875], "texture": "#1"},
				"south": {"uv": [8.125, 7.875, 8.25, 8.875], "texture": "#1"},
				"west": {"uv": [8.125, 7.875, 8.25, 8.875], "texture": "#1"},
				"up": {"uv": [8.125, 7.875, 8.25, 8], "texture": "#1"},
				"down": {"uv": [8.125, 8.75, 8.25, 8.875], "texture": "#1"}
			}
		},
		{
			"name": "iron_sickle_59",
			"from": [11.25, 6.75, 7.5],
			"to": [11.375, 7.75, 7.875],
			"rotation": {"angle": 0, "axis": "y", "origin": [3.25, 0, 7.59375]},
			"faces": {
				"north": {"uv": [8.125, 8.25, 8, 9.25], "texture": "#1"},
				"east": {"uv": [8, 8.25, 8.125, 9.25], "texture": "#1"},
				"south": {"uv": [8, 8.25, 8.125, 9.25], "texture": "#1"},
				"west": {"uv": [8, 8.25, 8.125, 9.25], "texture": "#1"},
				"up": {"uv": [8, 8.25, 8.125, 8.375], "texture": "#1"},
				"down": {"uv": [8, 9.125, 8.125, 9.25], "texture": "#1"}
			}
		},
		{
			"name": "iron_sickle_60",
			"from": [11.125, 6.375, 7.5],
			"to": [11.25, 7.5, 7.875],
			"rotation": {"angle": 0, "axis": "y", "origin": [3.25, 0, 7.59375]},
			"faces": {
				"north": {"uv": [8, 8.5, 7.875, 9.625], "texture": "#1"},
				"east": {"uv": [7.875, 8.5, 8, 9.625], "texture": "#1"},
				"south": {"uv": [7.875, 8.5, 8, 9.625], "texture": "#1"},
				"west": {"uv": [7.875, 8.5, 8, 9.625], "texture": "#1"},
				"up": {"uv": [7.875, 8.5, 8, 8.625], "texture": "#1"},
				"down": {"uv": [7.875, 9.5, 8, 9.625], "texture": "#1"}
			}
		},
		{
			"name": "iron_sickle_61",
			"from": [11, 6, 7.5],
			"to": [11.125, 7.25, 7.875],
			"rotation": {"angle": 0, "axis": "y", "origin": [3.25, 0, 7.59375]},
			"faces": {
				"north": {"uv": [7.875, 8.75, 7.75, 10], "texture": "#1"},
				"east": {"uv": [7.75, 8.75, 7.875, 10], "texture": "#1"},
				"south": {"uv": [7.75, 8.75, 7.875, 10], "texture": "#1"},
				"west": {"uv": [7.75, 8.75, 7.875, 10], "texture": "#1"},
				"up": {"uv": [7.75, 8.75, 7.875, 8.875], "texture": "#1"},
				"down": {"uv": [7.75, 9.875, 7.875, 10], "texture": "#1"}
			}
		},
		{
			"name": "iron_sickle_62",
			"from": [10.875, 5.5, 7.5],
			"to": [11, 7, 7.875],
			"rotation": {"angle": 0, "axis": "y", "origin": [3.25, 0, 7.59375]},
			"faces": {
				"north": {"uv": [7.75, 9, 7.625, 10.5], "texture": "#1"},
				"east": {"uv": [7.625, 9, 7.75, 10.5], "texture": "#1"},
				"south": {"uv": [7.625, 9, 7.75, 10.5], "texture": "#1"},
				"west": {"uv": [7.625, 9, 7.75, 10.5], "texture": "#1"},
				"up": {"uv": [7.625, 9, 7.75, 9.125], "texture": "#1"},
				"down": {"uv": [7.625, 10.375, 7.75, 10.5], "texture": "#1"}
			}
		},
		{
			"name": "iron_sickle_63",
			"from": [10.75, 5.125, 7.5],
			"to": [10.875, 6.625, 7.875],
			"rotation": {"angle": 0, "axis": "y", "origin": [3.25, 0, 7.59375]},
			"faces": {
				"north": {"uv": [7.625, 9.375, 7.5, 10.875], "texture": "#1"},
				"east": {"uv": [7.5, 9.375, 7.625, 10.875], "texture": "#1"},
				"south": {"uv": [7.5, 9.375, 7.625, 10.875], "texture": "#1"},
				"west": {"uv": [7.5, 9.375, 7.625, 10.875], "texture": "#1"},
				"up": {"uv": [7.5, 9.375, 7.625, 9.5], "texture": "#1"},
				"down": {"uv": [7.5, 10.75, 7.625, 10.875], "texture": "#1"}
			}
		},
		{
			"name": "iron_sickle_64",
			"from": [10.625, 4.375, 7.5],
			"to": [10.75, 6.25, 7.875],
			"rotation": {"angle": 0, "axis": "y", "origin": [3.25, 0, 7.59375]},
			"faces": {
				"north": {"uv": [7.5, 9.75, 7.375, 11.625], "texture": "#1"},
				"east": {"uv": [7.375, 9.75, 7.5, 11.625], "texture": "#1"},
				"south": {"uv": [7.375, 9.75, 7.5, 11.625], "texture": "#1"},
				"west": {"uv": [7.375, 9.75, 7.5, 11.625], "texture": "#1"},
				"up": {"uv": [7.375, 9.75, 7.5, 9.875], "texture": "#1"},
				"down": {"uv": [7.375, 11.5, 7.5, 11.625], "texture": "#1"}
			}
		},
		{
			"name": "iron_sickle_65",
			"from": [10.5, 3.375, 7.5],
			"to": [10.625, 5.75, 7.875],
			"rotation": {"angle": 0, "axis": "y", "origin": [3.25, 0, 7.59375]},
			"faces": {
				"north": {"uv": [7.375, 10.25, 7.25, 12.625], "texture": "#1"},
				"east": {"uv": [7.25, 10.25, 7.375, 12.625], "texture": "#1"},
				"south": {"uv": [7.25, 10.25, 7.375, 12.625], "texture": "#1"},
				"west": {"uv": [7.25, 10.25, 7.375, 12.625], "texture": "#1"},
				"up": {"uv": [7.25, 10.25, 7.375, 10.375], "texture": "#1"},
				"down": {"uv": [7.25, 12.5, 7.375, 12.625], "texture": "#1"}
			}
		},
		{
			"name": "iron_sickle_66",
			"from": [10.375, 0.125, 7.5],
			"to": [10.5, 5.125, 7.875],
			"rotation": {"angle": 0, "axis": "y", "origin": [3.25, 0, 7.59375]},
			"faces": {
				"north": {"uv": [7.25, 10.875, 7.125, 15.875], "texture": "#1"},
				"east": {"uv": [7.125, 10.875, 7.25, 15.875], "texture": "#1"},
				"south": {"uv": [7.125, 10.875, 7.25, 15.875], "texture": "#1"},
				"west": {"uv": [7.125, 10.875, 7.25, 15.875], "texture": "#1"},
				"up": {"uv": [7.125, 10.875, 7.25, 11], "texture": "#1"},
				"down": {"uv": [7.125, 15.75, 7.25, 15.875], "texture": "#1"}
			}
		},
		{
			"name": "iron_sickle_67",
			"from": [10.25, 0.125, 7.5],
			"to": [10.375, 4.5, 7.875],
			"rotation": {"angle": 0, "axis": "y", "origin": [3.25, 0, 7.59375]},
			"faces": {
				"north": {"uv": [7.125, 11.5, 7, 15.875], "texture": "#1"},
				"east": {"uv": [7, 11.5, 7.125, 15.875], "texture": "#1"},
				"south": {"uv": [7, 11.5, 7.125, 15.875], "texture": "#1"},
				"west": {"uv": [7, 11.5, 7.125, 15.875], "texture": "#1"},
				"up": {"uv": [7, 11.5, 7.125, 11.625], "texture": "#1"},
				"down": {"uv": [7, 15.75, 7.125, 15.875], "texture": "#1"}
			}
		},
		{
			"name": "iron_sickle_68",
			"from": [10.125, 0.125, 7.5],
			"to": [10.25, 3.375, 7.875],
			"rotation": {"angle": 0, "axis": "y", "origin": [3.25, 0, 7.59375]},
			"faces": {
				"north": {"uv": [7, 12.625, 6.875, 15.875], "texture": "#1"},
				"east": {"uv": [6.875, 12.625, 7, 15.875], "texture": "#1"},
				"south": {"uv": [6.875, 12.625, 7, 15.875], "texture": "#1"},
				"west": {"uv": [6.875, 12.625, 7, 15.875], "texture": "#1"},
				"up": {"uv": [6.875, 12.625, 7, 12.75], "texture": "#1"},
				"down": {"uv": [6.875, 15.75, 7, 15.875], "texture": "#1"}
			}
		}
	],
	"gui_light": "front",
	"display": {
		"thirdperson_righthand": {
			"rotation": [0, -90, 0],
			"translation": [-0.75, 1.75, -6.75],
			"scale": [2.4, 2.4, 2.4]
		},
		"thirdperson_lefthand": {
			"rotation": [0, 90, 0],
			"translation": [0.75, 1.75, -6.75],
			"scale": [2.4, 2.4, 2.4]
		},
		"firstperson_righthand": {
			"rotation": [-5, -90, 0],
			"translation": [-1.5, 4.25, -0.5],
			"scale": [1.4, 1.4, 1.4]
		},
		"firstperson_lefthand": {
			"rotation": [-5, 90, 0],
			"translation": [-0.75, 4.25, -0.5],
			"scale": [1.4, 1.4, 1.4]
		},
		"ground": {
			"rotation": [0, 0, 45],
			"translation": [0, 1.25, 0.25]
		},
		"gui": {
			"rotation": [0, 0, -55],
			"translation": [-2.5, 0.25, 0],
			"scale": [1.4, 1.4, 1]
		},
		"head": {
			"rotation": [0, 0, 45],
			"translation": [0.75, 12.5, 0.5],
			"scale": [2, 2, 2]
		},
		"fixed": {
			"rotation": [0, 0, 90],
			"translation": [4.5, -12.25, 0.5],
			"scale": [4, 4, 4]
		}
	},
	"groups": [
		{
			"name": "crystal_frostcythe",
			"origin": [8, 8, 8],
			"color": 0,
			"children": [
				{
					"name": "group",
					"origin": [0, 0, 0],
					"color": 0,
					"children": []
				}
			]
		},
		{
			"name": "crystal_frostcythe",
			"origin": [8, 8, 8],
			"color": 0,
			"children": []
		},
		{
			"name": "iron_sickle",
			"origin": [8, 8, 8],
			"color": 0,
			"children": [
				0,
				1,
				2,
				3,
				4,
				5,
				6,
				7,
				8,
				9,
				10,
				11,
				12,
				13,
				14,
				15,
				16,
				17,
				18,
				19,
				20,
				21,
				22,
				23,
				24,
				25,
				26,
				27,
				28,
				29,
				30,
				31,
				32,
				33,
				34,
				35,
				36,
				37,
				38,
				39,
				40,
				41,
				42,
				43,
				44,
				45,
				46,
				47,
				48,
				49,
				50,
				51,
				52,
				53,
				54,
				55,
				56,
				57,
				58,
				59,
				60,
				61,
				62,
				63,
				64,
				65,
				66,
				67,
				68
			]
		}
	]
}