{
	"textures": {
		"0": "./item/talonbrand",
		"particle": "./item/talonbrand"
	},
	"elements": [
		{
			"name": "talonbrand_0",
			"from": [8.625, 15.25, 7.96875],
			"to": [8.75, 15.625, 8.03125],
			"rotation": {"angle": 0, "axis": "y", "origin": [-2.375, 0, 7.9375]},
			"faces": {
				"north": {"uv": [10.25, 0.375, 10.125, 0.75], "texture": "#0"},
				"east": {"uv": [10.125, 0.375, 10.25, 0.75], "texture": "#0"},
				"south": {"uv": [10.125, 0.375, 10.25, 0.75], "texture": "#0"},
				"west": {"uv": [10.125, 0.375, 10.25, 0.75], "texture": "#0"},
				"up": {"uv": [10.125, 0.375, 10.25, 0.5], "texture": "#0"},
				"down": {"uv": [10.125, 0.625, 10.25, 0.75], "texture": "#0"}
			}
		},
		{
			"name": "talonbrand_1",
			"from": [8.5, 15.125, 7.96875],
			"to": [8.625, 15.5, 8.03125],
			"rotation": {"angle": 0, "axis": "y", "origin": [-2.375, 0, 7.9375]},
			"faces": {
				"north": {"uv": [10.125, 0.5, 10, 0.875], "texture": "#0"},
				"east": {"uv": [10, 0.5, 10.125, 0.875], "texture": "#0"},
				"south": {"uv": [10, 0.5, 10.125, 0.875], "texture": "#0"},
				"west": {"uv": [10, 0.5, 10.125, 0.875], "texture": "#0"},
				"up": {"uv": [10, 0.5, 10.125, 0.625], "texture": "#0"},
				"down": {"uv": [10, 0.75, 10.125, 0.875], "texture": "#0"}
			}
		},
		{
			"name": "talonbrand_2",
			"from": [8.375, 15, 7.96875],
			"to": [8.5, 15.375, 8.03125],
			"rotation": {"angle": 0, "axis": "y", "origin": [-2.375, 0, 7.9375]},
			"faces": {
				"north": {"uv": [10, 0.625, 9.875, 1], "texture": "#0"},
				"east": {"uv": [9.875, 0.625, 10, 1], "texture": "#0"},
				"south": {"uv": [9.875, 0.625, 10, 1], "texture": "#0"},
				"west": {"uv": [9.875, 0.625, 10, 1], "texture": "#0"},
				"up": {"uv": [9.875, 0.625, 10, 0.75], "texture": "#0"},
				"down": {"uv": [9.875, 0.875, 10, 1], "texture": "#0"}
			}
		},
		{
			"name": "talonbrand_3",
			"from": [8.25, 14.875, 7.96875],
			"to": [8.375, 15.25, 8.03125],
			"rotation": {"angle": 0, "axis": "y", "origin": [-2.375, 0, 7.9375]},
			"faces": {
				"north": {"uv": [9.875, 0.75, 9.75, 1.125], "texture": "#0"},
				"east": {"uv": [9.75, 0.75, 9.875, 1.125], "texture": "#0"},
				"south": {"uv": [9.75, 0.75, 9.875, 1.125], "texture": "#0"},
				"west": {"uv": [9.75, 0.75, 9.875, 1.125], "texture": "#0"},
				"up": {"uv": [9.75, 0.75, 9.875, 0.875], "texture": "#0"},
				"down": {"uv": [9.75, 1, 9.875, 1.125], "texture": "#0"}
			}
		},
		{
			"name": "talonbrand_4",
			"from": [8.625, 14.875, 7.9375],
			"to": [8.75, 15.25, 8.0625],
			"rotation": {"angle": 0, "axis": "y", "origin": [-2.375, 0, 7.9375]},
			"faces": {
				"north": {"uv": [10.75, 0.75, 10.625, 1.125], "texture": "#0"},
				"east": {"uv": [10.625, 0.75, 10.75, 1.125], "texture": "#0"},
				"south": {"uv": [10.625, 0.75, 10.75, 1.125], "texture": "#0"},
				"west": {"uv": [10.625, 0.75, 10.75, 1.125], "texture": "#0"},
				"up": {"uv": [10.625, 0.75, 10.75, 0.875], "texture": "#0"},
				"down": {"uv": [10.625, 1, 10.75, 1.125], "texture": "#0"}
			}
		},
		{
			"name": "talonbrand_5",
			"from": [8.125, 14.75, 7.96875],
			"to": [8.25, 15.125, 8.03125],
			"rotation": {"angle": 0, "axis": "y", "origin": [-2.375, 0, 7.9375]},
			"faces": {
				"north": {"uv": [9.75, 0.875, 9.625, 1.25], "texture": "#0"},
				"east": {"uv": [9.625, 0.875, 9.75, 1.25], "texture": "#0"},
				"south": {"uv": [9.625, 0.875, 9.75, 1.25], "texture": "#0"},
				"west": {"uv": [9.625, 0.875, 9.75, 1.25], "texture": "#0"},
				"up": {"uv": [9.625, 0.875, 9.75, 1], "texture": "#0"},
				"down": {"uv": [9.625, 1.125, 9.75, 1.25], "texture": "#0"}
			}
		},
		{
			"name": "talonbrand_6",
			"from": [8.5, 14.75, 7.9375],
			"to": [8.625, 15.125, 8.0625],
			"rotation": {"angle": 0, "axis": "y", "origin": [-2.375, 0, 7.9375]},
			"faces": {
				"north": {"uv": [10.625, 0.875, 10.5, 1.25], "texture": "#0"},
				"east": {"uv": [10.5, 0.875, 10.625, 1.25], "texture": "#0"},
				"south": {"uv": [10.5, 0.875, 10.625, 1.25], "texture": "#0"},
				"west": {"uv": [10.5, 0.875, 10.625, 1.25], "texture": "#0"},
				"up": {"uv": [10.5, 0.875, 10.625, 1], "texture": "#0"},
				"down": {"uv": [10.5, 1.125, 10.625, 1.25], "texture": "#0"}
			}
		},
		{
			"name": "talonbrand_7",
			"from": [8, 14.5, 7.96875],
			"to": [8.125, 15, 8.03125],
			"rotation": {"angle": 0, "axis": "y", "origin": [-2.375, 0, 7.9375]},
			"faces": {
				"north": {"uv": [9.625, 1, 9.5, 1.5], "texture": "#0"},
				"east": {"uv": [9.5, 1, 9.625, 1.5], "texture": "#0"},
				"south": {"uv": [9.5, 1, 9.625, 1.5], "texture": "#0"},
				"west": {"uv": [9.5, 1, 9.625, 1.5], "texture": "#0"},
				"up": {"uv": [9.5, 1, 9.625, 1.125], "texture": "#0"},
				"down": {"uv": [9.5, 1.375, 9.625, 1.5], "texture": "#0"}
			}
		},
		{
			"name": "talonbrand_8",
			"from": [8.375, 14.625, 7.9375],
			"to": [8.5, 15, 8.0625],
			"rotation": {"angle": 0, "axis": "y", "origin": [-2.375, 0, 7.9375]},
			"faces": {
				"north": {"uv": [10.5, 1, 10.375, 1.375], "texture": "#0"},
				"east": {"uv": [10.375, 1, 10.5, 1.375], "texture": "#0"},
				"south": {"uv": [10.375, 1, 10.5, 1.375], "texture": "#0"},
				"west": {"uv": [10.375, 1, 10.5, 1.375], "texture": "#0"},
				"up": {"uv": [10.375, 1, 10.5, 1.125], "texture": "#0"},
				"down": {"uv": [10.375, 1.25, 10.5, 1.375], "texture": "#0"}
			}
		},
		{
			"name": "talonbrand_9",
			"from": [7.875, 14.25, 7.96875],
			"to": [8, 14.875, 8.03125],
			"rotation": {"angle": 0, "axis": "y", "origin": [-2.375, 0, 7.9375]},
			"faces": {
				"north": {"uv": [9.5, 1.125, 9.375, 1.75], "texture": "#0"},
				"east": {"uv": [9.375, 1.125, 9.5, 1.75], "texture": "#0"},
				"south": {"uv": [9.375, 1.125, 9.5, 1.75], "texture": "#0"},
				"west": {"uv": [9.375, 1.125, 9.5, 1.75], "texture": "#0"},
				"up": {"uv": [9.375, 1.125, 9.5, 1.25], "texture": "#0"},
				"down": {"uv": [9.375, 1.625, 9.5, 1.75], "texture": "#0"}
			}
		},
		{
			"name": "talonbrand_10",
			"from": [8.25, 14.375, 7.9375],
			"to": [8.375, 14.875, 8.0625],
			"rotation": {"angle": 0, "axis": "y", "origin": [-2.375, 0, 7.9375]},
			"faces": {
				"north": {"uv": [10.375, 1.125, 10.25, 1.625], "texture": "#0"},
				"east": {"uv": [10.25, 1.125, 10.375, 1.625], "texture": "#0"},
				"south": {"uv": [10.25, 1.125, 10.375, 1.625], "texture": "#0"},
				"west": {"uv": [10.25, 1.125, 10.375, 1.625], "texture": "#0"},
				"up": {"uv": [10.25, 1.125, 10.375, 1.25], "texture": "#0"},
				"down": {"uv": [10.25, 1.5, 10.375, 1.625], "texture": "#0"}
			}
		},
		{
			"name": "talonbrand_11",
			"from": [8.625, 8.5, 7.90625],
			"to": [8.75, 14.875, 8.09375],
			"rotation": {"angle": 0, "axis": "y", "origin": [-2.375, 0, 7.9375]},
			"faces": {
				"north": {"uv": [11.25, 1.125, 11.125, 7.5], "texture": "#0"},
				"east": {"uv": [11.125, 1.125, 11.25, 7.5], "texture": "#0"},
				"south": {"uv": [11.125, 1.125, 11.25, 7.5], "texture": "#0"},
				"west": {"uv": [11.125, 1.125, 11.25, 7.5], "texture": "#0"},
				"up": {"uv": [11.125, 1.125, 11.25, 1.25], "texture": "#0"},
				"down": {"uv": [11.125, 7.375, 11.25, 7.5], "texture": "#0"}
			}
		},
		{
			"name": "talonbrand_12",
			"from": [8.125, 14.125, 7.9375],
			"to": [8.25, 14.75, 8.0625],
			"rotation": {"angle": 0, "axis": "y", "origin": [-2.375, 0, 7.9375]},
			"faces": {
				"north": {"uv": [10.25, 1.25, 10.125, 1.875], "texture": "#0"},
				"east": {"uv": [10.125, 1.25, 10.25, 1.875], "texture": "#0"},
				"south": {"uv": [10.125, 1.25, 10.25, 1.875], "texture": "#0"},
				"west": {"uv": [10.125, 1.25, 10.25, 1.875], "texture": "#0"},
				"up": {"uv": [10.125, 1.25, 10.25, 1.375], "texture": "#0"},
				"down": {"uv": [10.125, 1.75, 10.25, 1.875], "texture": "#0"}
			}
		},
		{
			"name": "talonbrand_13",
			"from": [8.5, 8.375, 7.90625],
			"to": [8.625, 14.75, 8.09375],
			"rotation": {"angle": 0, "axis": "y", "origin": [-2.375, 0, 7.9375]},
			"faces": {
				"north": {"uv": [11.125, 1.25, 11, 7.625], "texture": "#0"},
				"east": {"uv": [11, 1.25, 11.125, 7.625], "texture": "#0"},
				"south": {"uv": [11, 1.25, 11.125, 7.625], "texture": "#0"},
				"west": {"uv": [11, 1.25, 11.125, 7.625], "texture": "#0"},
				"up": {"uv": [11, 1.25, 11.125, 1.375], "texture": "#0"},
				"down": {"uv": [11, 7.5, 11.125, 7.625], "texture": "#0"}
			}
		},
		{
			"name": "talonbrand_14",
			"from": [7.75, 13.75, 7.96875],
			"to": [7.875, 14.625, 8.03125],
			"rotation": {"angle": 0, "axis": "y", "origin": [-2.375, 0, 7.9375]},
			"faces": {
				"north": {"uv": [9.375, 1.375, 9.25, 2.25], "texture": "#0"},
				"east": {"uv": [9.25, 1.375, 9.375, 2.25], "texture": "#0"},
				"south": {"uv": [9.25, 1.375, 9.375, 2.25], "texture": "#0"},
				"west": {"uv": [9.25, 1.375, 9.375, 2.25], "texture": "#0"},
				"up": {"uv": [9.25, 1.375, 9.375, 1.5], "texture": "#0"},
				"down": {"uv": [9.25, 2.125, 9.375, 2.25], "texture": "#0"}
			}
		},
		{
			"name": "talonbrand_15",
			"from": [8.375, 5.375, 7.90625],
			"to": [8.5, 14.625, 8.09375],
			"rotation": {"angle": 0, "axis": "y", "origin": [-2.375, 0, 7.9375]},
			"faces": {
				"north": {"uv": [11, 1.375, 10.875, 10.625], "texture": "#0"},
				"east": {"uv": [10.875, 1.375, 11, 10.625], "texture": "#0"},
				"south": {"uv": [10.875, 1.375, 11, 10.625], "texture": "#0"},
				"west": {"uv": [10.875, 1.375, 11, 10.625], "texture": "#0"},
				"up": {"uv": [10.875, 1.375, 11, 1.5], "texture": "#0"},
				"down": {"uv": [10.875, 10.5, 11, 10.625], "texture": "#0"}
			}
		},
		{
			"name": "talonbrand_16",
			"from": [8, 13.625, 7.9375],
			"to": [8.125, 14.5, 8.0625],
			"rotation": {"angle": 0, "axis": "y", "origin": [-2.375, 0, 7.9375]},
			"faces": {
				"north": {"uv": [10.125, 1.5, 10, 2.375], "texture": "#0"},
				"east": {"uv": [10, 1.5, 10.125, 2.375], "texture": "#0"},
				"south": {"uv": [10, 1.5, 10.125, 2.375], "texture": "#0"},
				"west": {"uv": [10, 1.5, 10.125, 2.375], "texture": "#0"},
				"up": {"uv": [10, 1.5, 10.125, 1.625], "texture": "#0"},
				"down": {"uv": [10, 2.25, 10.125, 2.375], "texture": "#0"}
			}
		},
		{
			"name": "talonbrand_17",
			"from": [7.625, 13.125, 7.96875],
			"to": [7.75, 14.375, 8.03125],
			"rotation": {"angle": 0, "axis": "y", "origin": [-2.375, 0, 7.9375]},
			"faces": {
				"north": {"uv": [9.25, 1.625, 9.125, 2.875], "texture": "#0"},
				"east": {"uv": [9.125, 1.625, 9.25, 2.875], "texture": "#0"},
				"south": {"uv": [9.125, 1.625, 9.25, 2.875], "texture": "#0"},
				"west": {"uv": [9.125, 1.625, 9.25, 2.875], "texture": "#0"},
				"up": {"uv": [9.125, 1.625, 9.25, 1.75], "texture": "#0"},
				"down": {"uv": [9.125, 2.75, 9.25, 2.875], "texture": "#0"}
			}
		},
		{
			"name": "talonbrand_18",
			"from": [8.25, 5.25, 7.90625],
			"to": [8.375, 14.375, 8.09375],
			"rotation": {"angle": 0, "axis": "y", "origin": [-2.375, 0, 7.9375]},
			"faces": {
				"north": {"uv": [10.875, 1.625, 10.75, 10.75], "texture": "#0"},
				"east": {"uv": [10.75, 1.625, 10.875, 10.75], "texture": "#0"},
				"south": {"uv": [10.75, 1.625, 10.875, 10.75], "texture": "#0"},
				"west": {"uv": [10.75, 1.625, 10.875, 10.75], "texture": "#0"},
				"up": {"uv": [10.75, 1.625, 10.875, 1.75], "texture": "#0"},
				"down": {"uv": [10.75, 10.625, 10.875, 10.75], "texture": "#0"}
			}
		},
		{
			"name": "talonbrand_19",
			"from": [7.875, 13, 7.9375],
			"to": [8, 14.25, 8.0625],
			"rotation": {"angle": 0, "axis": "y", "origin": [-2.375, 0, 7.9375]},
			"faces": {
				"north": {"uv": [10, 1.75, 9.875, 3], "texture": "#0"},
				"east": {"uv": [9.875, 1.75, 10, 3], "texture": "#0"},
				"south": {"uv": [9.875, 1.75, 10, 3], "texture": "#0"},
				"west": {"uv": [9.875, 1.75, 10, 3], "texture": "#0"},
				"up": {"uv": [9.875, 1.75, 10, 1.875], "texture": "#0"},
				"down": {"uv": [9.875, 2.875, 10, 3], "texture": "#0"}
			}
		},
		{
			"name": "talonbrand_20",
			"from": [8.125, 5.125, 7.90625],
			"to": [8.25, 14.125, 8.09375],
			"rotation": {"angle": 0, "axis": "y", "origin": [-2.375, 0, 7.9375]},
			"faces": {
				"north": {"uv": [10.75, 1.875, 10.625, 10.875], "texture": "#0"},
				"east": {"uv": [10.625, 1.875, 10.75, 10.875], "texture": "#0"},
				"south": {"uv": [10.625, 1.875, 10.75, 10.875], "texture": "#0"},
				"west": {"uv": [10.625, 1.875, 10.75, 10.875], "texture": "#0"},
				"up": {"uv": [10.625, 1.875, 10.75, 2], "texture": "#0"},
				"down": {"uv": [10.625, 10.75, 10.75, 10.875], "texture": "#0"}
			}
		},
		{
			"name": "talonbrand_21",
			"from": [7.5, 11.5, 7.96875],
			"to": [7.625, 13.875, 8.03125],
			"rotation": {"angle": 0, "axis": "y", "origin": [-2.375, 0, 7.9375]},
			"faces": {
				"north": {"uv": [9.125, 2.125, 9, 4.5], "texture": "#0"},
				"east": {"uv": [9, 2.125, 9.125, 4.5], "texture": "#0"},
				"south": {"uv": [9, 2.125, 9.125, 4.5], "texture": "#0"},
				"west": {"uv": [9, 2.125, 9.125, 4.5], "texture": "#0"},
				"up": {"uv": [9, 2.125, 9.125, 2.25], "texture": "#0"},
				"down": {"uv": [9, 4.375, 9.125, 4.5], "texture": "#0"}
			}
		},
		{
			"name": "talonbrand_22",
			"from": [7.75, 11.625, 7.9375],
			"to": [7.875, 13.75, 8.0625],
			"rotation": {"angle": 0, "axis": "y", "origin": [-2.375, 0, 7.9375]},
			"faces": {
				"north": {"uv": [9.875, 2.25, 9.75, 4.375], "texture": "#0"},
				"east": {"uv": [9.75, 2.25, 9.875, 4.375], "texture": "#0"},
				"south": {"uv": [9.75, 2.25, 9.875, 4.375], "texture": "#0"},
				"west": {"uv": [9.75, 2.25, 9.875, 4.375], "texture": "#0"},
				"up": {"uv": [9.75, 2.25, 9.875, 2.375], "texture": "#0"},
				"down": {"uv": [9.75, 4.25, 9.875, 4.375], "texture": "#0"}
			}
		},
		{
			"name": "talonbrand_23",
			"from": [8, 11.75, 7.90625],
			"to": [8.125, 13.625, 8.09375],
			"rotation": {"angle": 0, "axis": "y", "origin": [-2.375, 0, 7.9375]},
			"faces": {
				"north": {"uv": [10.625, 2.375, 10.5, 4.25], "texture": "#0"},
				"east": {"uv": [10.5, 2.375, 10.625, 4.25], "texture": "#0"},
				"south": {"uv": [10.5, 2.375, 10.625, 4.25], "texture": "#0"},
				"west": {"uv": [10.5, 2.375, 10.625, 4.25], "texture": "#0"},
				"up": {"uv": [10.5, 2.375, 10.625, 2.5], "texture": "#0"},
				"down": {"uv": [10.5, 4.125, 10.625, 4.25], "texture": "#0"}
			}
		},
		{
			"name": "talonbrand_24",
			"from": [7.375, 11.625, 7.96875],
			"to": [7.5, 13.25, 8.03125],
			"rotation": {"angle": 0, "axis": "y", "origin": [-2.375, 0, 7.9375]},
			"faces": {
				"north": {"uv": [9, 2.75, 8.875, 4.375], "texture": "#0"},
				"east": {"uv": [8.875, 2.75, 9, 4.375], "texture": "#0"},
				"south": {"uv": [8.875, 2.75, 9, 4.375], "texture": "#0"},
				"west": {"uv": [8.875, 2.75, 9, 4.375], "texture": "#0"},
				"up": {"uv": [8.875, 2.75, 9, 2.875], "texture": "#0"},
				"down": {"uv": [8.875, 4.25, 9, 4.375], "texture": "#0"}
			}
		},
		{
			"name": "talonbrand_25",
			"from": [7.625, 11.75, 7.9375],
			"to": [7.75, 13.125, 8.0625],
			"rotation": {"angle": 0, "axis": "y", "origin": [-2.375, 0, 7.9375]},
			"faces": {
				"north": {"uv": [9.75, 2.875, 9.625, 4.25], "texture": "#0"},
				"east": {"uv": [9.625, 2.875, 9.75, 4.25], "texture": "#0"},
				"south": {"uv": [9.625, 2.875, 9.75, 4.25], "texture": "#0"},
				"west": {"uv": [9.625, 2.875, 9.75, 4.25], "texture": "#0"},
				"up": {"uv": [9.625, 2.875, 9.75, 3], "texture": "#0"},
				"down": {"uv": [9.625, 4.125, 9.75, 4.25], "texture": "#0"}
			}
		},
		{
			"name": "talonbrand_26",
			"from": [7.875, 11.875, 7.90625],
			"to": [8, 13, 8.09375],
			"rotation": {"angle": 0, "axis": "y", "origin": [-2.375, 0, 7.9375]},
			"faces": {
				"north": {"uv": [10.5, 3, 10.375, 4.125], "texture": "#0"},
				"east": {"uv": [10.375, 3, 10.5, 4.125], "texture": "#0"},
				"south": {"uv": [10.375, 3, 10.5, 4.125], "texture": "#0"},
				"west": {"uv": [10.375, 3, 10.5, 4.125], "texture": "#0"},
				"up": {"uv": [10.375, 3, 10.5, 3.125], "texture": "#0"},
				"down": {"uv": [10.375, 4, 10.5, 4.125], "texture": "#0"}
			}
		},
		{
			"name": "talonbrand_27",
			"from": [7.875, 9.125, 7.9375],
			"to": [8, 11.875, 8.0625],
			"rotation": {"angle": 0, "axis": "y", "origin": [-2.375, 0, 7.9375]},
			"faces": {
				"north": {"uv": [10, 4.125, 9.875, 6.875], "texture": "#0"},
				"east": {"uv": [9.875, 4.125, 10, 6.875], "texture": "#0"},
				"south": {"uv": [9.875, 4.125, 10, 6.875], "texture": "#0"},
				"west": {"uv": [9.875, 4.125, 10, 6.875], "texture": "#0"},
				"up": {"uv": [9.875, 4.125, 10, 4.25], "texture": "#0"},
				"down": {"uv": [9.875, 6.75, 10, 6.875], "texture": "#0"}
			}
		},
		{
			"name": "talonbrand_28",
			"from": [7.625, 9.25, 7.96875],
			"to": [7.75, 11.75, 8.03125],
			"rotation": {"angle": 0, "axis": "y", "origin": [-2.375, 0, 7.9375]},
			"faces": {
				"north": {"uv": [9.25, 4.25, 9.125, 6.75], "texture": "#0"},
				"east": {"uv": [9.125, 4.25, 9.25, 6.75], "texture": "#0"},
				"south": {"uv": [9.125, 4.25, 9.25, 6.75], "texture": "#0"},
				"west": {"uv": [9.125, 4.25, 9.25, 6.75], "texture": "#0"},
				"up": {"uv": [9.125, 4.25, 9.25, 4.375], "texture": "#0"},
				"down": {"uv": [9.125, 6.625, 9.25, 6.75], "texture": "#0"}
			}
		},
		{
			"name": "talonbrand_29",
			"from": [8, 9.25, 7.9375],
			"to": [8.125, 11.75, 8.0625],
			"rotation": {"angle": 0, "axis": "y", "origin": [-2.375, 0, 7.9375]},
			"faces": {
				"north": {"uv": [10.125, 4.25, 10, 6.75], "texture": "#0"},
				"east": {"uv": [10, 4.25, 10.125, 6.75], "texture": "#0"},
				"south": {"uv": [10, 4.25, 10.125, 6.75], "texture": "#0"},
				"west": {"uv": [10, 4.25, 10.125, 6.75], "texture": "#0"},
				"up": {"uv": [10, 4.25, 10.125, 4.375], "texture": "#0"},
				"down": {"uv": [10, 6.625, 10.125, 6.75], "texture": "#0"}
			}
		},
		{
			"name": "talonbrand_30",
			"from": [7.75, 9.375, 7.96875],
			"to": [7.875, 11.625, 8.03125],
			"rotation": {"angle": 0, "axis": "y", "origin": [-2.375, 0, 7.9375]},
			"faces": {
				"north": {"uv": [9.375, 4.375, 9.25, 6.625], "texture": "#0"},
				"east": {"uv": [9.25, 4.375, 9.375, 6.625], "texture": "#0"},
				"south": {"uv": [9.25, 4.375, 9.375, 6.625], "texture": "#0"},
				"west": {"uv": [9.25, 4.375, 9.375, 6.625], "texture": "#0"},
				"up": {"uv": [9.25, 4.375, 9.375, 4.5], "texture": "#0"},
				"down": {"uv": [9.25, 6.5, 9.375, 6.625], "texture": "#0"}
			}
		},
		{
			"name": "talonbrand_31",
			"from": [7.5, 5, 7.96875],
			"to": [7.625, 9.5, 8.03125],
			"rotation": {"angle": 0, "axis": "y", "origin": [-2.375, 0, 7.9375]},
			"faces": {
				"north": {"uv": [9.125, 6.5, 9, 11], "texture": "#0"},
				"east": {"uv": [9, 6.5, 9.125, 11], "texture": "#0"},
				"south": {"uv": [9, 6.5, 9.125, 11], "texture": "#0"},
				"west": {"uv": [9, 6.5, 9.125, 11], "texture": "#0"},
				"up": {"uv": [9, 6.5, 9.125, 6.625], "texture": "#0"},
				"down": {"uv": [9, 10.875, 9.125, 11], "texture": "#0"}
			}
		},
		{
			"name": "talonbrand_32",
			"from": [7.375, 5, 7.96875],
			"to": [7.5, 9.375, 8.03125],
			"rotation": {"angle": 0, "axis": "y", "origin": [-2.375, 0, 7.9375]},
			"faces": {
				"north": {"uv": [9, 6.625, 8.875, 11], "texture": "#0"},
				"east": {"uv": [8.875, 6.625, 9, 11], "texture": "#0"},
				"south": {"uv": [8.875, 6.625, 9, 11], "texture": "#0"},
				"west": {"uv": [8.875, 6.625, 9, 11], "texture": "#0"},
				"up": {"uv": [8.875, 6.625, 9, 6.75], "texture": "#0"},
				"down": {"uv": [8.875, 10.875, 9, 11], "texture": "#0"}
			}
		},
		{
			"name": "talonbrand_33",
			"from": [7.75, 5, 7.9375],
			"to": [7.875, 9.375, 8.0625],
			"rotation": {"angle": 0, "axis": "y", "origin": [-2.375, 0, 7.9375]},
			"faces": {
				"north": {"uv": [9.875, 6.625, 9.75, 11], "texture": "#0"},
				"east": {"uv": [9.75, 6.625, 9.875, 11], "texture": "#0"},
				"south": {"uv": [9.75, 6.625, 9.875, 11], "texture": "#0"},
				"west": {"uv": [9.75, 6.625, 9.875, 11], "texture": "#0"},
				"up": {"uv": [9.75, 6.625, 9.875, 6.75], "texture": "#0"},
				"down": {"uv": [9.75, 10.875, 9.875, 11], "texture": "#0"}
			}
		},
		{
			"name": "talonbrand_34",
			"from": [7.625, 5, 7.9375],
			"to": [7.75, 9.25, 8.0625],
			"rotation": {"angle": 0, "axis": "y", "origin": [-2.375, 0, 7.9375]},
			"faces": {
				"north": {"uv": [9.75, 6.75, 9.625, 11], "texture": "#0"},
				"east": {"uv": [9.625, 6.75, 9.75, 11], "texture": "#0"},
				"south": {"uv": [9.625, 6.75, 9.75, 11], "texture": "#0"},
				"west": {"uv": [9.625, 6.75, 9.75, 11], "texture": "#0"},
				"up": {"uv": [9.625, 6.75, 9.75, 6.875], "texture": "#0"},
				"down": {"uv": [9.625, 10.875, 9.75, 11], "texture": "#0"}
			}
		},
		{
			"name": "talonbrand_35",
			"from": [8, 5, 7.90625],
			"to": [8.125, 9.25, 8.09375],
			"rotation": {"angle": 0, "axis": "y", "origin": [-2.375, 0, 7.9375]},
			"faces": {
				"north": {"uv": [10.625, 6.75, 10.5, 11], "texture": "#0"},
				"east": {"uv": [10.5, 6.75, 10.625, 11], "texture": "#0"},
				"south": {"uv": [10.5, 6.75, 10.625, 11], "texture": "#0"},
				"west": {"uv": [10.5, 6.75, 10.625, 11], "texture": "#0"},
				"up": {"uv": [10.5, 6.75, 10.625, 6.875], "texture": "#0"},
				"down": {"uv": [10.5, 10.875, 10.625, 11], "texture": "#0"}
			}
		},
		{
			"name": "talonbrand_36",
			"from": [7.875, 5, 7.90625],
			"to": [8, 9.125, 8.09375],
			"rotation": {"angle": 0, "axis": "y", "origin": [-2.375, 0, 7.9375]},
			"faces": {
				"north": {"uv": [10.5, 6.875, 10.375, 11], "texture": "#0"},
				"east": {"uv": [10.375, 6.875, 10.5, 11], "texture": "#0"},
				"south": {"uv": [10.375, 6.875, 10.5, 11], "texture": "#0"},
				"west": {"uv": [10.375, 6.875, 10.5, 11], "texture": "#0"},
				"up": {"uv": [10.375, 6.875, 10.5, 7], "texture": "#0"},
				"down": {"uv": [10.375, 10.875, 10.5, 11], "texture": "#0"}
			}
		},
		{
			"name": "talonbrand_37",
			"from": [8.5, 5.5, 7.90625],
			"to": [8.625, 5.875, 8.09375],
			"rotation": {"angle": 0, "axis": "y", "origin": [-2.375, 0, 7.9375]},
			"faces": {
				"north": {"uv": [11.125, 10.125, 11, 10.5], "texture": "#0"},
				"east": {"uv": [11, 10.125, 11.125, 10.5], "texture": "#0"},
				"south": {"uv": [11, 10.125, 11.125, 10.5], "texture": "#0"},
				"west": {"uv": [11, 10.125, 11.125, 10.5], "texture": "#0"},
				"up": {"uv": [11, 10.125, 11.125, 10.25], "texture": "#0"},
				"down": {"uv": [11, 10.375, 11.125, 10.5], "texture": "#0"}
			}
		},
		{
			"name": "talonbrand_38",
			"from": [8.625, 5.5, 7.90625],
			"to": [8.75, 5.75, 8.09375],
			"rotation": {"angle": 0, "axis": "y", "origin": [-2.375, 0, 7.9375]},
			"faces": {
				"north": {"uv": [11.25, 10.25, 11.125, 10.5], "texture": "#0"},
				"east": {"uv": [11.125, 10.25, 11.25, 10.5], "texture": "#0"},
				"south": {"uv": [11.125, 10.25, 11.25, 10.5], "texture": "#0"},
				"west": {"uv": [11.125, 10.25, 11.25, 10.5], "texture": "#0"},
				"up": {"uv": [11.125, 10.25, 11.25, 10.375], "texture": "#0"},
				"down": {"uv": [11.125, 10.375, 11.25, 10.5], "texture": "#0"}
			}
		},
		{
			"name": "talonbrand_39",
			"from": [8.5, 5.25, 7.75],
			"to": [8.875, 5.5, 8.25],
			"rotation": {"angle": 0, "axis": "y", "origin": [-2.375, 0, 7.9375]},
			"faces": {
				"north": {"uv": [8, 10.5, 7.625, 10.75], "texture": "#0"},
				"east": {"uv": [7.875, 10.5, 8, 10.75], "texture": "#0"},
				"south": {"uv": [7.625, 10.5, 8, 10.75], "texture": "#0"},
				"west": {"uv": [7.625, 10.5, 7.75, 10.75], "texture": "#0"},
				"up": {"uv": [7.625, 10.5, 8, 10.625], "texture": "#0"},
				"down": {"uv": [7.625, 10.625, 8, 10.75], "texture": "#0"}
			}
		},
		{
			"name": "talonbrand_40",
			"from": [8.875, 5.375, 7.75],
			"to": [9, 5.5, 8.25],
			"rotation": {"angle": 0, "axis": "y", "origin": [-2.375, 0, 7.9375]},
			"faces": {
				"north": {"uv": [8.125, 10.5, 8, 10.625], "texture": "#0"},
				"east": {"uv": [8, 10.5, 8.125, 10.625], "texture": "#0"},
				"south": {"uv": [8, 10.5, 8.125, 10.625], "texture": "#0"},
				"west": {"uv": [8, 10.5, 8.125, 10.625], "texture": "#0"},
				"up": {"uv": [8, 10.5, 8.125, 10.625], "texture": "#0"},
				"down": {"uv": [8, 10.5, 8.125, 10.625], "texture": "#0"}
			}
		},
		{
			"name": "talonbrand_41",
			"from": [8.375, 4.5, 7.75],
			"to": [8.5, 5.375, 8.25],
			"rotation": {"angle": 0, "axis": "y", "origin": [-2.375, 0, 7.9375]},
			"faces": {
				"north": {"uv": [7.625, 10.625, 7.5, 11.5], "texture": "#0"},
				"east": {"uv": [7.5, 10.625, 7.625, 11.5], "texture": "#0"},
				"south": {"uv": [7.5, 10.625, 7.625, 11.5], "texture": "#0"},
				"west": {"uv": [7.5, 10.625, 7.625, 11.5], "texture": "#0"},
				"up": {"uv": [7.5, 10.625, 7.625, 10.75], "texture": "#0"},
				"down": {"uv": [7.5, 11.375, 7.625, 11.5], "texture": "#0"}
			}
		},
		{
			"name": "talonbrand_42",
			"from": [8.25, 4.625, 7.75],
			"to": [8.375, 5.25, 8.25],
			"rotation": {"angle": 0, "axis": "y", "origin": [-2.375, 0, 7.9375]},
			"faces": {
				"north": {"uv": [7.5, 10.75, 7.375, 11.375], "texture": "#0"},
				"east": {"uv": [7.375, 10.75, 7.5, 11.375], "texture": "#0"},
				"south": {"uv": [7.375, 10.75, 7.5, 11.375], "texture": "#0"},
				"west": {"uv": [7.375, 10.75, 7.5, 11.375], "texture": "#0"},
				"up": {"uv": [7.375, 10.75, 7.5, 10.875], "texture": "#0"},
				"down": {"uv": [7.375, 11.25, 7.5, 11.375], "texture": "#0"}
			}
		},
		{
			"name": "talonbrand_43",
			"from": [8.5, 4.75, 7.75],
			"to": [8.75, 5.25, 8.25],
			"rotation": {"angle": 0, "axis": "y", "origin": [-2.375, 0, 7.9375]},
			"faces": {
				"north": {"uv": [7.875, 10.75, 7.625, 11.25], "texture": "#0"},
				"east": {"uv": [7.75, 10.75, 7.875, 11.25], "texture": "#0"},
				"south": {"uv": [7.625, 10.75, 7.875, 11.25], "texture": "#0"},
				"west": {"uv": [7.625, 10.75, 7.75, 11.25], "texture": "#0"},
				"up": {"uv": [7.625, 10.75, 7.875, 10.875], "texture": "#0"},
				"down": {"uv": [7.625, 11.125, 7.875, 11.25], "texture": "#0"}
			}
		},
		{
			"name": "talonbrand_44",
			"from": [8.125, 4.625, 7.75],
			"to": [8.25, 5.125, 8.25],
			"rotation": {"angle": 0, "axis": "y", "origin": [-2.375, 0, 7.9375]},
			"faces": {
				"north": {"uv": [7.375, 10.875, 7.25, 11.375], "texture": "#0"},
				"east": {"uv": [7.25, 10.875, 7.375, 11.375], "texture": "#0"},
				"south": {"uv": [7.25, 10.875, 7.375, 11.375], "texture": "#0"},
				"west": {"uv": [7.25, 10.875, 7.375, 11.375], "texture": "#0"},
				"up": {"uv": [7.25, 10.875, 7.375, 11], "texture": "#0"},
				"down": {"uv": [7.25, 11.25, 7.375, 11.375], "texture": "#0"}
			}
		},
		{
			"name": "talonbrand_45",
			"from": [7.25, 4.875, 7.75],
			"to": [8.125, 5, 8.25],
			"rotation": {"angle": 0, "axis": "y", "origin": [-2.375, 0, 7.9375]},
			"faces": {
				"north": {"uv": [7.25, 11, 6.375, 11.125], "texture": "#0"},
				"east": {"uv": [7.125, 11, 7.25, 11.125], "texture": "#0"},
				"south": {"uv": [6.375, 11, 7.25, 11.125], "texture": "#0"},
				"west": {"uv": [6.375, 11, 6.5, 11.125], "texture": "#0"},
				"up": {"uv": [6.375, 11, 7.25, 11.125], "texture": "#0"},
				"down": {"uv": [6.375, 11, 7.25, 11.125], "texture": "#0"}
			}
		},
		{
			"name": "talonbrand_46",
			"from": [7.125, 4, 7.875],
			"to": [7.375, 4.875, 8.125],
			"rotation": {"angle": 0, "axis": "y", "origin": [-2.375, 0, 7.9375]},
			"faces": {
				"north": {"uv": [5, 11.125, 4.75, 12], "texture": "#0"},
				"east": {"uv": [4.875, 11.125, 5, 12], "texture": "#0"},
				"south": {"uv": [4.75, 11.125, 5, 12], "texture": "#0"},
				"west": {"uv": [4.75, 11.125, 4.875, 12], "texture": "#0"},
				"up": {"uv": [4.75, 11.125, 5, 11.25], "texture": "#0"},
				"down": {"uv": [4.75, 11.875, 5, 12], "texture": "#0"}
			}
		},
		{
			"name": "talonbrand_47",
			"from": [7.375, 4.75, 7.75],
			"to": [8.125, 4.875, 8.25],
			"rotation": {"angle": 0, "axis": "y", "origin": [-2.375, 0, 7.9375]},
			"faces": {
				"north": {"uv": [7.25, 11.125, 6.5, 11.25], "texture": "#0"},
				"east": {"uv": [7.125, 11.125, 7.25, 11.25], "texture": "#0"},
				"south": {"uv": [6.5, 11.125, 7.25, 11.25], "texture": "#0"},
				"west": {"uv": [6.5, 11.125, 6.625, 11.25], "texture": "#0"},
				"up": {"uv": [6.5, 11.125, 7.25, 11.25], "texture": "#0"},
				"down": {"uv": [6.5, 11.125, 7.25, 11.25], "texture": "#0"}
			}
		},
		{
			"name": "talonbrand_48",
			"from": [8.75, 3.875, 7.875],
			"to": [8.875, 4.875, 8.125],
			"rotation": {"angle": 0, "axis": "y", "origin": [-2.375, 0, 7.9375]},
			"faces": {
				"north": {"uv": [8.5, 11.125, 8.375, 12.125], "texture": "#0"},
				"east": {"uv": [8.375, 11.125, 8.5, 12.125], "texture": "#0"},
				"south": {"uv": [8.375, 11.125, 8.5, 12.125], "texture": "#0"},
				"west": {"uv": [8.375, 11.125, 8.5, 12.125], "texture": "#0"},
				"up": {"uv": [8.375, 11.125, 8.5, 11.25], "texture": "#0"},
				"down": {"uv": [8.375, 12, 8.5, 12.125], "texture": "#0"}
			}
		},
		{
			"name": "talonbrand_49",
			"from": [7, 4.125, 7.875],
			"to": [7.125, 4.75, 8.125],
			"rotation": {"angle": 0, "axis": "y", "origin": [-2.375, 0, 7.9375]},
			"faces": {
				"north": {"uv": [4.75, 11.25, 4.625, 11.875], "texture": "#0"},
				"east": {"uv": [4.625, 11.25, 4.75, 11.875], "texture": "#0"},
				"south": {"uv": [4.625, 11.25, 4.75, 11.875], "texture": "#0"},
				"west": {"uv": [4.625, 11.25, 4.75, 11.875], "texture": "#0"},
				"up": {"uv": [4.625, 11.25, 4.75, 11.375], "texture": "#0"},
				"down": {"uv": [4.625, 11.75, 4.75, 11.875], "texture": "#0"}
			}
		},
		{
			"name": "talonbrand_50",
			"from": [7.375, 4.375, 7.875],
			"to": [7.5, 4.75, 8.125],
			"rotation": {"angle": 0, "axis": "y", "origin": [-2.375, 0, 7.9375]},
			"faces": {
				"north": {"uv": [5.125, 11.25, 5, 11.625], "texture": "#0"},
				"east": {"uv": [5, 11.25, 5.125, 11.625], "texture": "#0"},
				"south": {"uv": [5, 11.25, 5.125, 11.625], "texture": "#0"},
				"west": {"uv": [5, 11.25, 5.125, 11.625], "texture": "#0"},
				"up": {"uv": [5, 11.25, 5.125, 11.375], "texture": "#0"},
				"down": {"uv": [5, 11.5, 5.125, 11.625], "texture": "#0"}
			}
		},
		{
			"name": "talonbrand_51",
			"from": [7.5, 4.625, 7.75],
			"to": [8.125, 4.75, 8.25],
			"rotation": {"angle": 0, "axis": "y", "origin": [-2.375, 0, 7.9375]},
			"faces": {
				"north": {"uv": [7.25, 11.25, 6.625, 11.375], "texture": "#0"},
				"east": {"uv": [7.125, 11.25, 7.25, 11.375], "texture": "#0"},
				"south": {"uv": [6.625, 11.25, 7.25, 11.375], "texture": "#0"},
				"west": {"uv": [6.625, 11.25, 6.75, 11.375], "texture": "#0"},
				"up": {"uv": [6.625, 11.25, 7.25, 11.375], "texture": "#0"},
				"down": {"uv": [6.625, 11.25, 7.25, 11.375], "texture": "#0"}
			}
		},
		{
			"name": "talonbrand_52",
			"from": [8.5, 4.625, 7.75],
			"to": [8.625, 4.75, 8.25],
			"rotation": {"angle": 0, "axis": "y", "origin": [-2.375, 0, 7.9375]},
			"faces": {
				"north": {"uv": [7.75, 11.25, 7.625, 11.375], "texture": "#0"},
				"east": {"uv": [7.625, 11.25, 7.75, 11.375], "texture": "#0"},
				"south": {"uv": [7.625, 11.25, 7.75, 11.375], "texture": "#0"},
				"west": {"uv": [7.625, 11.25, 7.75, 11.375], "texture": "#0"},
				"up": {"uv": [7.625, 11.25, 7.75, 11.375], "texture": "#0"},
				"down": {"uv": [7.625, 11.25, 7.75, 11.375], "texture": "#0"}
			}
		},
		{
			"name": "talonbrand_53",
			"from": [8.625, 4.375, 7.875],
			"to": [8.75, 4.75, 8.125],
			"rotation": {"angle": 0, "axis": "y", "origin": [-2.375, 0, 7.9375]},
			"faces": {
				"north": {"uv": [8.375, 11.25, 8.25, 11.625], "texture": "#0"},
				"east": {"uv": [8.25, 11.25, 8.375, 11.625], "texture": "#0"},
				"south": {"uv": [8.25, 11.25, 8.375, 11.625], "texture": "#0"},
				"west": {"uv": [8.25, 11.25, 8.375, 11.625], "texture": "#0"},
				"up": {"uv": [8.25, 11.25, 8.375, 11.375], "texture": "#0"},
				"down": {"uv": [8.25, 11.5, 8.375, 11.625], "texture": "#0"}
			}
		},
		{
			"name": "talonbrand_54",
			"from": [8.875, 4, 7.875],
			"to": [9, 4.75, 8.125],
			"rotation": {"angle": 0, "axis": "y", "origin": [-2.375, 0, 7.9375]},
			"faces": {
				"north": {"uv": [8.625, 11.25, 8.5, 12], "texture": "#0"},
				"east": {"uv": [8.5, 11.25, 8.625, 12], "texture": "#0"},
				"south": {"uv": [8.5, 11.25, 8.625, 12], "texture": "#0"},
				"west": {"uv": [8.5, 11.25, 8.625, 12], "texture": "#0"},
				"up": {"uv": [8.5, 11.25, 8.625, 11.375], "texture": "#0"},
				"down": {"uv": [8.5, 11.875, 8.625, 12], "texture": "#0"}
			}
		},
		{
			"name": "talonbrand_55",
			"from": [6.875, 4.25, 7.875],
			"to": [7, 4.625, 8.125],
			"rotation": {"angle": 0, "axis": "y", "origin": [-2.375, 0, 7.9375]},
			"faces": {
				"north": {"uv": [4.625, 11.375, 4.5, 11.75], "texture": "#0"},
				"east": {"uv": [4.5, 11.375, 4.625, 11.75], "texture": "#0"},
				"south": {"uv": [4.5, 11.375, 4.625, 11.75], "texture": "#0"},
				"west": {"uv": [4.5, 11.375, 4.625, 11.75], "texture": "#0"},
				"up": {"uv": [4.5, 11.375, 4.625, 11.5], "texture": "#0"},
				"down": {"uv": [4.5, 11.625, 4.625, 11.75], "texture": "#0"}
			}
		},
		{
			"name": "talonbrand_56",
			"from": [7.5, 4.5, 7.875],
			"to": [7.625, 4.625, 8.125],
			"rotation": {"angle": 0, "axis": "y", "origin": [-2.375, 0, 7.9375]},
			"faces": {
				"north": {"uv": [5.25, 11.375, 5.125, 11.5], "texture": "#0"},
				"east": {"uv": [5.125, 11.375, 5.25, 11.5], "texture": "#0"},
				"south": {"uv": [5.125, 11.375, 5.25, 11.5], "texture": "#0"},
				"west": {"uv": [5.125, 11.375, 5.25, 11.5], "texture": "#0"},
				"up": {"uv": [5.125, 11.375, 5.25, 11.5], "texture": "#0"},
				"down": {"uv": [5.125, 11.375, 5.25, 11.5], "texture": "#0"}
			}
		},
		{
			"name": "talonbrand_57",
			"from": [7.625, 4.5, 7.75],
			"to": [7.75, 4.625, 8.25],
			"rotation": {"angle": 0, "axis": "y", "origin": [-2.375, 0, 7.9375]},
			"faces": {
				"north": {"uv": [6.875, 11.375, 6.75, 11.5], "texture": "#0"},
				"east": {"uv": [6.75, 11.375, 6.875, 11.5], "texture": "#0"},
				"south": {"uv": [6.75, 11.375, 6.875, 11.5], "texture": "#0"},
				"west": {"uv": [6.75, 11.375, 6.875, 11.5], "texture": "#0"},
				"up": {"uv": [6.75, 11.375, 6.875, 11.5], "texture": "#0"},
				"down": {"uv": [6.75, 11.375, 6.875, 11.5], "texture": "#0"}
			}
		},
		{
			"name": "talonbrand_58",
			"from": [8.5, 4.5, 7.875],
			"to": [8.625, 4.625, 8.125],
			"rotation": {"angle": 0, "axis": "y", "origin": [-2.375, 0, 7.9375]},
			"faces": {
				"north": {"uv": [8.25, 11.375, 8.125, 11.5], "texture": "#0"},
				"east": {"uv": [8.125, 11.375, 8.25, 11.5], "texture": "#0"},
				"south": {"uv": [8.125, 11.375, 8.25, 11.5], "texture": "#0"},
				"west": {"uv": [8.125, 11.375, 8.25, 11.5], "texture": "#0"},
				"up": {"uv": [8.125, 11.375, 8.25, 11.5], "texture": "#0"},
				"down": {"uv": [8.125, 11.375, 8.25, 11.5], "texture": "#0"}
			}
		},
		{
			"name": "talonbrand_59",
			"from": [9, 4.125, 7.875],
			"to": [9.125, 4.625, 8.125],
			"rotation": {"angle": 0, "axis": "y", "origin": [-2.375, 0, 7.9375]},
			"faces": {
				"north": {"uv": [8.75, 11.375, 8.625, 11.875], "texture": "#0"},
				"east": {"uv": [8.625, 11.375, 8.75, 11.875], "texture": "#0"},
				"south": {"uv": [8.625, 11.375, 8.75, 11.875], "texture": "#0"},
				"west": {"uv": [8.625, 11.375, 8.75, 11.875], "texture": "#0"},
				"up": {"uv": [8.625, 11.375, 8.75, 11.5], "texture": "#0"},
				"down": {"uv": [8.625, 11.75, 8.75, 11.875], "texture": "#0"}
			}
		},
		{
			"name": "talonbrand_60",
			"from": [7.875, 2.375, 7.8125],
			"to": [8.25, 4.625, 8.1875],
			"rotation": {"angle": 0, "axis": "y", "origin": [-2.375, 0, 7.9375]},
			"faces": {
				"north": {"uv": [10.625, 11.375, 10.25, 13.625], "texture": "#0"},
				"east": {"uv": [10.5, 11.375, 10.625, 13.625], "texture": "#0"},
				"south": {"uv": [10.25, 11.375, 10.625, 13.625], "texture": "#0"},
				"west": {"uv": [10.25, 11.375, 10.375, 13.625], "texture": "#0"},
				"up": {"uv": [10.25, 11.375, 10.625, 11.5], "texture": "#0"},
				"down": {"uv": [10.25, 13.5, 10.625, 13.625], "texture": "#0"}
			}
		},
		{
			"name": "talonbrand_61",
			"from": [6.75, 4.375, 7.875],
			"to": [6.875, 4.5, 8.125],
			"rotation": {"angle": 0, "axis": "y", "origin": [-2.375, 0, 7.9375]},
			"faces": {
				"north": {"uv": [4.5, 11.5, 4.375, 11.625], "texture": "#0"},
				"east": {"uv": [4.375, 11.5, 4.5, 11.625], "texture": "#0"},
				"south": {"uv": [4.375, 11.5, 4.5, 11.625], "texture": "#0"},
				"west": {"uv": [4.375, 11.5, 4.5, 11.625], "texture": "#0"},
				"up": {"uv": [4.375, 11.5, 4.5, 11.625], "texture": "#0"},
				"down": {"uv": [4.375, 11.5, 4.5, 11.625], "texture": "#0"}
			}
		},
		{
			"name": "talonbrand_62",
			"from": [9.125, 4.25, 7.875],
			"to": [9.25, 4.5, 8.125],
			"rotation": {"angle": 0, "axis": "y", "origin": [-2.375, 0, 7.9375]},
			"faces": {
				"north": {"uv": [8.875, 11.5, 8.75, 11.75], "texture": "#0"},
				"east": {"uv": [8.75, 11.5, 8.875, 11.75], "texture": "#0"},
				"south": {"uv": [8.75, 11.5, 8.875, 11.75], "texture": "#0"},
				"west": {"uv": [8.75, 11.5, 8.875, 11.75], "texture": "#0"},
				"up": {"uv": [8.75, 11.5, 8.875, 11.625], "texture": "#0"},
				"down": {"uv": [8.75, 11.625, 8.875, 11.75], "texture": "#0"}
			}
		},
		{
			"name": "talonbrand_63",
			"from": [7.375, 3.875, 7.875],
			"to": [7.5, 4.25, 8.125],
			"rotation": {"angle": 0, "axis": "y", "origin": [-2.375, 0, 7.9375]},
			"faces": {
				"north": {"uv": [5.125, 11.75, 5, 12.125], "texture": "#0"},
				"east": {"uv": [5, 11.75, 5.125, 12.125], "texture": "#0"},
				"south": {"uv": [5, 11.75, 5.125, 12.125], "texture": "#0"},
				"west": {"uv": [5, 11.75, 5.125, 12.125], "texture": "#0"},
				"up": {"uv": [5, 11.75, 5.125, 11.875], "texture": "#0"},
				"down": {"uv": [5, 12, 5.125, 12.125], "texture": "#0"}
			}
		},
		{
			"name": "talonbrand_64",
			"from": [8.625, 3.875, 7.875],
			"to": [8.75, 4.25, 8.125],
			"rotation": {"angle": 0, "axis": "y", "origin": [-2.375, 0, 7.9375]},
			"faces": {
				"north": {"uv": [8.375, 11.75, 8.25, 12.125], "texture": "#0"},
				"east": {"uv": [8.25, 11.75, 8.375, 12.125], "texture": "#0"},
				"south": {"uv": [8.25, 11.75, 8.375, 12.125], "texture": "#0"},
				"west": {"uv": [8.25, 11.75, 8.375, 12.125], "texture": "#0"},
				"up": {"uv": [8.25, 11.75, 8.375, 11.875], "texture": "#0"},
				"down": {"uv": [8.25, 12, 8.375, 12.125], "texture": "#0"}
			}
		},
		{
			"name": "talonbrand_65",
			"from": [7.5, 3.875, 7.875],
			"to": [7.625, 4.125, 8.125],
			"rotation": {"angle": 0, "axis": "y", "origin": [-2.375, 0, 7.9375]},
			"faces": {
				"north": {"uv": [5.25, 11.875, 5.125, 12.125], "texture": "#0"},
				"east": {"uv": [5.125, 11.875, 5.25, 12.125], "texture": "#0"},
				"south": {"uv": [5.125, 11.875, 5.25, 12.125], "texture": "#0"},
				"west": {"uv": [5.125, 11.875, 5.25, 12.125], "texture": "#0"},
				"up": {"uv": [5.125, 11.875, 5.25, 12], "texture": "#0"},
				"down": {"uv": [5.125, 12, 5.25, 12.125], "texture": "#0"}
			}
		},
		{
			"name": "talonbrand_66",
			"from": [7, 2.875, 7.9375],
			"to": [7.125, 4.125, 8.0625],
			"rotation": {"angle": 0, "axis": "y", "origin": [-2.375, 0, 7.9375]},
			"faces": {
				"north": {"uv": [6.25, 11.875, 6.125, 13.125], "texture": "#0"},
				"east": {"uv": [6.125, 11.875, 6.25, 13.125], "texture": "#0"},
				"south": {"uv": [6.125, 11.875, 6.25, 13.125], "texture": "#0"},
				"west": {"uv": [6.125, 11.875, 6.25, 13.125], "texture": "#0"},
				"up": {"uv": [6.125, 11.875, 6.25, 12], "texture": "#0"},
				"down": {"uv": [6.125, 13, 6.25, 13.125], "texture": "#0"}
			}
		},
		{
			"name": "talonbrand_67",
			"from": [8.5, 3.875, 7.875],
			"to": [8.625, 4.125, 8.125],
			"rotation": {"angle": 0, "axis": "y", "origin": [-2.375, 0, 7.9375]},
			"faces": {
				"north": {"uv": [8.25, 11.875, 8.125, 12.125], "texture": "#0"},
				"east": {"uv": [8.125, 11.875, 8.25, 12.125], "texture": "#0"},
				"south": {"uv": [8.125, 11.875, 8.25, 12.125], "texture": "#0"},
				"west": {"uv": [8.125, 11.875, 8.25, 12.125], "texture": "#0"},
				"up": {"uv": [8.125, 11.875, 8.25, 12], "texture": "#0"},
				"down": {"uv": [8.125, 12, 8.25, 12.125], "texture": "#0"}
			}
		},
		{
			"name": "talonbrand_68",
			"from": [7.25, 3.875, 7.875],
			"to": [7.375, 4, 8.125],
			"rotation": {"angle": 0, "axis": "y", "origin": [-2.375, 0, 7.9375]},
			"faces": {
				"north": {"uv": [5, 12, 4.875, 12.125], "texture": "#0"},
				"east": {"uv": [4.875, 12, 5, 12.125], "texture": "#0"},
				"south": {"uv": [4.875, 12, 5, 12.125], "texture": "#0"},
				"west": {"uv": [4.875, 12, 5, 12.125], "texture": "#0"},
				"up": {"uv": [4.875, 12, 5, 12.125], "texture": "#0"},
				"down": {"uv": [4.875, 12, 5, 12.125], "texture": "#0"}
			}
		},
		{
			"name": "talonbrand_69",
			"from": [7.625, 3.875, 7.875],
			"to": [7.75, 4, 8.125],
			"rotation": {"angle": 0, "axis": "y", "origin": [-2.375, 0, 7.9375]},
			"faces": {
				"north": {"uv": [5.375, 12, 5.25, 12.125], "texture": "#0"},
				"east": {"uv": [5.25, 12, 5.375, 12.125], "texture": "#0"},
				"south": {"uv": [5.25, 12, 5.375, 12.125], "texture": "#0"},
				"west": {"uv": [5.25, 12, 5.375, 12.125], "texture": "#0"},
				"up": {"uv": [5.25, 12, 5.375, 12.125], "texture": "#0"},
				"down": {"uv": [5.25, 12, 5.375, 12.125], "texture": "#0"}
			}
		},
		{
			"name": "talonbrand_70",
			"from": [6.875, 3, 7.9375],
			"to": [7, 4, 8.0625],
			"rotation": {"angle": 0, "axis": "y", "origin": [-2.375, 0, 7.9375]},
			"faces": {
				"north": {"uv": [6.125, 12, 6, 13], "texture": "#0"},
				"east": {"uv": [6, 12, 6.125, 13], "texture": "#0"},
				"south": {"uv": [6, 12, 6.125, 13], "texture": "#0"},
				"west": {"uv": [6, 12, 6.125, 13], "texture": "#0"},
				"up": {"uv": [6, 12, 6.125, 12.125], "texture": "#0"},
				"down": {"uv": [6, 12.875, 6.125, 13], "texture": "#0"}
			}
		},
		{
			"name": "talonbrand_71",
			"from": [7.125, 3.75, 7.9375],
			"to": [7.25, 4, 8.0625],
			"rotation": {"angle": 0, "axis": "y", "origin": [-2.375, 0, 7.9375]},
			"faces": {
				"north": {"uv": [6.375, 12, 6.25, 12.25], "texture": "#0"},
				"east": {"uv": [6.25, 12, 6.375, 12.25], "texture": "#0"},
				"south": {"uv": [6.25, 12, 6.375, 12.25], "texture": "#0"},
				"west": {"uv": [6.25, 12, 6.375, 12.25], "texture": "#0"},
				"up": {"uv": [6.25, 12, 6.375, 12.125], "texture": "#0"},
				"down": {"uv": [6.25, 12.125, 6.375, 12.25], "texture": "#0"}
			}
		},
		{
			"name": "talonbrand_72",
			"from": [8.375, 3.875, 7.875],
			"to": [8.5, 4, 8.125],
			"rotation": {"angle": 0, "axis": "y", "origin": [-2.375, 0, 7.9375]},
			"faces": {
				"north": {"uv": [8.125, 12, 8, 12.125], "texture": "#0"},
				"east": {"uv": [8, 12, 8.125, 12.125], "texture": "#0"},
				"south": {"uv": [8, 12, 8.125, 12.125], "texture": "#0"},
				"west": {"uv": [8, 12, 8.125, 12.125], "texture": "#0"},
				"up": {"uv": [8, 12, 8.125, 12.125], "texture": "#0"},
				"down": {"uv": [8, 12, 8.125, 12.125], "texture": "#0"}
			}
		},
		{
			"name": "talonbrand_73",
			"from": [6.75, 3.125, 7.9375],
			"to": [6.875, 3.875, 8.0625],
			"rotation": {"angle": 0, "axis": "y", "origin": [-2.375, 0, 7.9375]},
			"faces": {
				"north": {"uv": [6, 12.125, 5.875, 12.875], "texture": "#0"},
				"east": {"uv": [5.875, 12.125, 6, 12.875], "texture": "#0"},
				"south": {"uv": [5.875, 12.125, 6, 12.875], "texture": "#0"},
				"west": {"uv": [5.875, 12.125, 6, 12.875], "texture": "#0"},
				"up": {"uv": [5.875, 12.125, 6, 12.25], "texture": "#0"},
				"down": {"uv": [5.875, 12.75, 6, 12.875], "texture": "#0"}
			}
		},
		{
			"name": "talonbrand_74",
			"from": [7.25, 3.75, 7.9375],
			"to": [7.375, 3.875, 8.0625],
			"rotation": {"angle": 0, "axis": "y", "origin": [-2.375, 0, 7.9375]},
			"faces": {
				"north": {"uv": [6.5, 12.125, 6.375, 12.25], "texture": "#0"},
				"east": {"uv": [6.375, 12.125, 6.5, 12.25], "texture": "#0"},
				"south": {"uv": [6.375, 12.125, 6.5, 12.25], "texture": "#0"},
				"west": {"uv": [6.375, 12.125, 6.5, 12.25], "texture": "#0"},
				"up": {"uv": [6.375, 12.125, 6.5, 12.25], "texture": "#0"},
				"down": {"uv": [6.375, 12.125, 6.5, 12.25], "texture": "#0"}
			}
		},
		{
			"name": "talonbrand_75",
			"from": [7.125, 2.75, 7.9375],
			"to": [7.25, 3.125, 8.0625],
			"rotation": {"angle": 0, "axis": "y", "origin": [-2.375, 0, 7.9375]},
			"faces": {
				"north": {"uv": [6.375, 12.875, 6.25, 13.25], "texture": "#0"},
				"east": {"uv": [6.25, 12.875, 6.375, 13.25], "texture": "#0"},
				"south": {"uv": [6.25, 12.875, 6.375, 13.25], "texture": "#0"},
				"west": {"uv": [6.25, 12.875, 6.375, 13.25], "texture": "#0"},
				"up": {"uv": [6.25, 12.875, 6.375, 13], "texture": "#0"},
				"down": {"uv": [6.25, 13.125, 6.375, 13.25], "texture": "#0"}
			}
		},
		{
			"name": "talonbrand_76",
			"from": [7.25, 2.625, 7.9375],
			"to": [7.375, 3, 8.0625],
			"rotation": {"angle": 0, "axis": "y", "origin": [-2.375, 0, 7.9375]},
			"faces": {
				"north": {"uv": [6.5, 13, 6.375, 13.375], "texture": "#0"},
				"east": {"uv": [6.375, 13, 6.5, 13.375], "texture": "#0"},
				"south": {"uv": [6.375, 13, 6.5, 13.375], "texture": "#0"},
				"west": {"uv": [6.375, 13, 6.5, 13.375], "texture": "#0"},
				"up": {"uv": [6.375, 13, 6.5, 13.125], "texture": "#0"},
				"down": {"uv": [6.375, 13.25, 6.5, 13.375], "texture": "#0"}
			}
		},
		{
			"name": "talonbrand_77",
			"from": [7.375, 2.5, 7.9375],
			"to": [7.5, 2.875, 8.0625],
			"rotation": {"angle": 0, "axis": "y", "origin": [-2.375, 0, 7.9375]},
			"faces": {
				"north": {"uv": [6.625, 13.125, 6.5, 13.5], "texture": "#0"},
				"east": {"uv": [6.5, 13.125, 6.625, 13.5], "texture": "#0"},
				"south": {"uv": [6.5, 13.125, 6.625, 13.5], "texture": "#0"},
				"west": {"uv": [6.5, 13.125, 6.625, 13.5], "texture": "#0"},
				"up": {"uv": [6.5, 13.125, 6.625, 13.25], "texture": "#0"},
				"down": {"uv": [6.5, 13.375, 6.625, 13.5], "texture": "#0"}
			}
		},
		{
			"name": "talonbrand_78",
			"from": [7.5, 2.375, 7.9375],
			"to": [7.625, 2.75, 8.0625],
			"rotation": {"angle": 0, "axis": "y", "origin": [-2.375, 0, 7.9375]},
			"faces": {
				"north": {"uv": [6.75, 13.25, 6.625, 13.625], "texture": "#0"},
				"east": {"uv": [6.625, 13.25, 6.75, 13.625], "texture": "#0"},
				"south": {"uv": [6.625, 13.25, 6.75, 13.625], "texture": "#0"},
				"west": {"uv": [6.625, 13.25, 6.75, 13.625], "texture": "#0"},
				"up": {"uv": [6.625, 13.25, 6.75, 13.375], "texture": "#0"},
				"down": {"uv": [6.625, 13.5, 6.75, 13.625], "texture": "#0"}
			}
		},
		{
			"name": "talonbrand_79",
			"from": [7.625, 2.25, 7.9375],
			"to": [7.75, 2.625, 8.0625],
			"rotation": {"angle": 0, "axis": "y", "origin": [-2.375, 0, 7.9375]},
			"faces": {
				"north": {"uv": [6.875, 13.375, 6.75, 13.75], "texture": "#0"},
				"east": {"uv": [6.75, 13.375, 6.875, 13.75], "texture": "#0"},
				"south": {"uv": [6.75, 13.375, 6.875, 13.75], "texture": "#0"},
				"west": {"uv": [6.75, 13.375, 6.875, 13.75], "texture": "#0"},
				"up": {"uv": [6.75, 13.375, 6.875, 13.5], "texture": "#0"},
				"down": {"uv": [6.75, 13.625, 6.875, 13.75], "texture": "#0"}
			}
		},
		{
			"name": "talonbrand_80",
			"from": [7.75, 2.125, 7.9375],
			"to": [7.875, 2.5, 8.0625],
			"rotation": {"angle": 0, "axis": "y", "origin": [-2.375, 0, 7.9375]},
			"faces": {
				"north": {"uv": [7, 13.5, 6.875, 13.875], "texture": "#0"},
				"east": {"uv": [6.875, 13.5, 7, 13.875], "texture": "#0"},
				"south": {"uv": [6.875, 13.5, 7, 13.875], "texture": "#0"},
				"west": {"uv": [6.875, 13.5, 7, 13.875], "texture": "#0"},
				"up": {"uv": [6.875, 13.5, 7, 13.625], "texture": "#0"},
				"down": {"uv": [6.875, 13.75, 7, 13.875], "texture": "#0"}
			}
		},
		{
			"name": "talonbrand_81",
			"from": [7.875, 2, 7.8125],
			"to": [8, 2.375, 8.1875],
			"rotation": {"angle": 0, "axis": "y", "origin": [-2.375, 0, 7.9375]},
			"faces": {
				"north": {"uv": [7.25, 13.625, 7.125, 14], "texture": "#0"},
				"east": {"uv": [7.125, 13.625, 7.25, 14], "texture": "#0"},
				"south": {"uv": [7.125, 13.625, 7.25, 14], "texture": "#0"},
				"west": {"uv": [7.125, 13.625, 7.25, 14], "texture": "#0"},
				"up": {"uv": [7.125, 13.625, 7.25, 13.75], "texture": "#0"},
				"down": {"uv": [7.125, 13.875, 7.25, 14], "texture": "#0"}
			}
		},
		{
			"name": "talonbrand_82",
			"from": [8, 2.25, 7.8125],
			"to": [8.25, 2.375, 8.1875],
			"rotation": {"angle": 0, "axis": "y", "origin": [-2.375, 0, 7.9375]},
			"faces": {
				"north": {"uv": [10.625, 13.625, 10.375, 13.75], "texture": "#0"},
				"east": {"uv": [10.5, 13.625, 10.625, 13.75], "texture": "#0"},
				"south": {"uv": [10.375, 13.625, 10.625, 13.75], "texture": "#0"},
				"west": {"uv": [10.375, 13.625, 10.5, 13.75], "texture": "#0"},
				"up": {"uv": [10.375, 13.625, 10.625, 13.75], "texture": "#0"},
				"down": {"uv": [10.375, 13.625, 10.625, 13.75], "texture": "#0"}
			}
		},
		{
			"name": "talonbrand_83",
			"from": [8, 1.875, 7.8125],
			"to": [8.125, 2.25, 8.1875],
			"rotation": {"angle": 0, "axis": "y", "origin": [-2.375, 0, 7.9375]},
			"faces": {
				"north": {"uv": [7.375, 13.75, 7.25, 14.125], "texture": "#0"},
				"east": {"uv": [7.25, 13.75, 7.375, 14.125], "texture": "#0"},
				"south": {"uv": [7.25, 13.75, 7.375, 14.125], "texture": "#0"},
				"west": {"uv": [7.25, 13.75, 7.375, 14.125], "texture": "#0"},
				"up": {"uv": [7.25, 13.75, 7.375, 13.875], "texture": "#0"},
				"down": {"uv": [7.25, 14, 7.375, 14.125], "texture": "#0"}
			}
		},
		{
			"name": "talonbrand_84",
			"from": [8.125, 2.125, 7.8125],
			"to": [8.25, 2.25, 8.1875],
			"rotation": {"angle": 0, "axis": "y", "origin": [-2.375, 0, 7.9375]},
			"faces": {
				"north": {"uv": [10.625, 13.75, 10.5, 13.875], "texture": "#0"},
				"east": {"uv": [10.5, 13.75, 10.625, 13.875], "texture": "#0"},
				"south": {"uv": [10.5, 13.75, 10.625, 13.875], "texture": "#0"},
				"west": {"uv": [10.5, 13.75, 10.625, 13.875], "texture": "#0"},
				"up": {"uv": [10.5, 13.75, 10.625, 13.875], "texture": "#0"},
				"down": {"uv": [10.5, 13.75, 10.625, 13.875], "texture": "#0"}
			}
		},
		{
			"name": "talonbrand_85",
			"from": [8.125, 1.75, 7.8125],
			"to": [8.25, 2.125, 8.1875],
			"rotation": {"angle": 0, "axis": "y", "origin": [-2.375, 0, 7.9375]},
			"faces": {
				"north": {"uv": [7.5, 13.875, 7.375, 14.25], "texture": "#0"},
				"east": {"uv": [7.375, 13.875, 7.5, 14.25], "texture": "#0"},
				"south": {"uv": [7.375, 13.875, 7.5, 14.25], "texture": "#0"},
				"west": {"uv": [7.375, 13.875, 7.5, 14.25], "texture": "#0"},
				"up": {"uv": [7.375, 13.875, 7.5, 14], "texture": "#0"},
				"down": {"uv": [7.375, 14.125, 7.5, 14.25], "texture": "#0"}
			}
		},
		{
			"name": "talonbrand_86",
			"from": [8.25, 1.75, 7.875],
			"to": [8.375, 2, 8.125],
			"rotation": {"angle": 0, "axis": "y", "origin": [-2.375, 0, 7.9375]},
			"faces": {
				"north": {"uv": [7.75, 14, 7.625, 14.25], "texture": "#0"},
				"east": {"uv": [7.625, 14, 7.75, 14.25], "texture": "#0"},
				"south": {"uv": [7.625, 14, 7.75, 14.25], "texture": "#0"},
				"west": {"uv": [7.625, 14, 7.75, 14.25], "texture": "#0"},
				"up": {"uv": [7.625, 14, 7.75, 14.125], "texture": "#0"},
				"down": {"uv": [7.625, 14.125, 7.75, 14.25], "texture": "#0"}
			}
		},
		{
			"name": "talonbrand_87",
			"from": [7.875, 1.25, 7.8125],
			"to": [8, 2, 8.1875],
			"rotation": {"angle": 0, "axis": "y", "origin": [-2.375, 0, 7.9375]},
			"faces": {
				"north": {"uv": [10.375, 14, 10.25, 14.75], "texture": "#0"},
				"east": {"uv": [10.25, 14, 10.375, 14.75], "texture": "#0"},
				"south": {"uv": [10.25, 14, 10.375, 14.75], "texture": "#0"},
				"west": {"uv": [10.25, 14, 10.375, 14.75], "texture": "#0"},
				"up": {"uv": [10.25, 14, 10.375, 14.125], "texture": "#0"},
				"down": {"uv": [10.25, 14.625, 10.375, 14.75], "texture": "#0"}
			}
		},
		{
			"name": "talonbrand_88",
			"from": [8.375, 1.625, 7.875],
			"to": [8.5, 1.875, 8.125],
			"rotation": {"angle": 0, "axis": "y", "origin": [-2.375, 0, 7.9375]},
			"faces": {
				"north": {"uv": [7.875, 14.125, 7.75, 14.375], "texture": "#0"},
				"east": {"uv": [7.75, 14.125, 7.875, 14.375], "texture": "#0"},
				"south": {"uv": [7.75, 14.125, 7.875, 14.375], "texture": "#0"},
				"west": {"uv": [7.75, 14.125, 7.875, 14.375], "texture": "#0"},
				"up": {"uv": [7.75, 14.125, 7.875, 14.25], "texture": "#0"},
				"down": {"uv": [7.75, 14.25, 7.875, 14.375], "texture": "#0"}
			}
		},
		{
			"name": "talonbrand_89",
			"from": [8, 1.25, 7.8125],
			"to": [8.125, 1.875, 8.1875],
			"rotation": {"angle": 0, "axis": "y", "origin": [-2.375, 0, 7.9375]},
			"faces": {
				"north": {"uv": [10.5, 14.125, 10.375, 14.75], "texture": "#0"},
				"east": {"uv": [10.375, 14.125, 10.5, 14.75], "texture": "#0"},
				"south": {"uv": [10.375, 14.125, 10.5, 14.75], "texture": "#0"},
				"west": {"uv": [10.375, 14.125, 10.5, 14.75], "texture": "#0"},
				"up": {"uv": [10.375, 14.125, 10.5, 14.25], "texture": "#0"},
				"down": {"uv": [10.375, 14.625, 10.5, 14.75], "texture": "#0"}
			}
		},
		{
			"name": "talonbrand_90",
			"from": [8.5, 1.375, 7.875],
			"to": [8.625, 1.75, 8.125],
			"rotation": {"angle": 0, "axis": "y", "origin": [-2.375, 0, 7.9375]},
			"faces": {
				"north": {"uv": [8, 14.25, 7.875, 14.625], "texture": "#0"},
				"east": {"uv": [7.875, 14.25, 8, 14.625], "texture": "#0"},
				"south": {"uv": [7.875, 14.25, 8, 14.625], "texture": "#0"},
				"west": {"uv": [7.875, 14.25, 8, 14.625], "texture": "#0"},
				"up": {"uv": [7.875, 14.25, 8, 14.375], "texture": "#0"},
				"down": {"uv": [7.875, 14.5, 8, 14.625], "texture": "#0"}
			}
		},
		{
			"name": "talonbrand_91",
			"from": [8.125, 1.25, 7.8125],
			"to": [8.25, 1.75, 8.1875],
			"rotation": {"angle": 0, "axis": "y", "origin": [-2.375, 0, 7.9375]},
			"faces": {
				"north": {"uv": [10.625, 14.25, 10.5, 14.75], "texture": "#0"},
				"east": {"uv": [10.5, 14.25, 10.625, 14.75], "texture": "#0"},
				"south": {"uv": [10.5, 14.25, 10.625, 14.75], "texture": "#0"},
				"west": {"uv": [10.5, 14.25, 10.625, 14.75], "texture": "#0"},
				"up": {"uv": [10.5, 14.25, 10.625, 14.375], "texture": "#0"},
				"down": {"uv": [10.5, 14.625, 10.625, 14.75], "texture": "#0"}
			}
		},
		{
			"name": "talonbrand_92",
			"from": [7.75, 1.125, 7.75],
			"to": [8.375, 1.25, 8.25],
			"rotation": {"angle": 0, "axis": "y", "origin": [-2.375, 0, 7.9375]},
			"faces": {
				"north": {"uv": [7.5, 14.75, 6.875, 14.875], "texture": "#0"},
				"east": {"uv": [7.375, 14.75, 7.5, 14.875], "texture": "#0"},
				"south": {"uv": [6.875, 14.75, 7.5, 14.875], "texture": "#0"},
				"west": {"uv": [6.875, 14.75, 7, 14.875], "texture": "#0"},
				"up": {"uv": [6.875, 14.75, 7.5, 14.875], "texture": "#0"},
				"down": {"uv": [6.875, 14.75, 7.5, 14.875], "texture": "#0"}
			}
		},
		{
			"name": "talonbrand_93",
			"from": [7.875, 1, 7.75],
			"to": [8.25, 1.125, 8.25],
			"rotation": {"angle": 0, "axis": "y", "origin": [-2.375, 0, 7.9375]},
			"faces": {
				"north": {"uv": [7.375, 14.875, 7, 15], "texture": "#0"},
				"east": {"uv": [7.25, 14.875, 7.375, 15], "texture": "#0"},
				"south": {"uv": [7, 14.875, 7.375, 15], "texture": "#0"},
				"west": {"uv": [7, 14.875, 7.125, 15], "texture": "#0"},
				"up": {"uv": [7, 14.875, 7.375, 15], "texture": "#0"},
				"down": {"uv": [7, 14.875, 7.375, 15], "texture": "#0"}
			}
		},
		{
			"name": "talonbrand_94",
			"from": [8, 0.75, 7.875],
			"to": [8.125, 1, 8.125],
			"rotation": {"angle": 0, "axis": "y", "origin": [-2.375, 0, 7.9375]},
			"faces": {
				"north": {"uv": [7.625, 15, 7.5, 15.25], "texture": "#0"},
				"east": {"uv": [7.5, 15, 7.625, 15.25], "texture": "#0"},
				"south": {"uv": [7.5, 15, 7.625, 15.25], "texture": "#0"},
				"west": {"uv": [7.5, 15, 7.625, 15.25], "texture": "#0"},
				"up": {"uv": [7.5, 15, 7.625, 15.125], "texture": "#0"},
				"down": {"uv": [7.5, 15.125, 7.625, 15.25], "texture": "#0"}
			}
		},
		{
			"name": "talonbrand_95",
			"from": [7.875, 0.625, 7.8125],
			"to": [8.25, 0.75, 8.1875],
			"rotation": {"angle": 0, "axis": "y", "origin": [-2.375, 0, 7.9375]},
			"faces": {
				"north": {"uv": [7.375, 15.25, 7, 15.375], "texture": "#0"},
				"east": {"uv": [7.25, 15.25, 7.375, 15.375], "texture": "#0"},
				"south": {"uv": [7, 15.25, 7.375, 15.375], "texture": "#0"},
				"west": {"uv": [7, 15.25, 7.125, 15.375], "texture": "#0"},
				"up": {"uv": [7, 15.25, 7.375, 15.375], "texture": "#0"},
				"down": {"uv": [7, 15.25, 7.375, 15.375], "texture": "#0"}
			}
		},
		{
			"name": "talonbrand_96",
			"from": [8, 0.375, 7.9375],
			"to": [8.125, 0.625, 8.0625],
			"rotation": {"angle": 0, "axis": "y", "origin": [-2.375, 0, 7.9375]},
			"faces": {
				"north": {"uv": [7.25, 15.375, 7.125, 15.625], "texture": "#0"},
				"east": {"uv": [7.125, 15.375, 7.25, 15.625], "texture": "#0"},
				"south": {"uv": [7.125, 15.375, 7.25, 15.625], "texture": "#0"},
				"west": {"uv": [7.125, 15.375, 7.25, 15.625], "texture": "#0"},
				"up": {"uv": [7.125, 15.375, 7.25, 15.5], "texture": "#0"},
				"down": {"uv": [7.125, 15.5, 7.25, 15.625], "texture": "#0"}
			}
		}
	],
	"gui_light": "front",
	"display": {
		"thirdperson_righthand": {
			"rotation": [0, -90, 0],
			"translation": [0, 8.75, 0.5],
			"scale": [2.4, 2.4, 2.4]
		},
		"thirdperson_lefthand": {
			"rotation": [0, 90, 0],
			"translation": [0, 8.75, 0.5],
			"scale": [2.4, 2.4, 2.4]
		},
		"firstperson_righthand": {
			"rotation": [-5, -90, 0],
			"translation": [-1.5, 9.75, 4.75],
			"scale": [1.4, 1.4, 1.4]
		},
		"firstperson_lefthand": {
			"rotation": [-5, 90, 0],
			"translation": [-1.5, 9.75, 4.75],
			"scale": [1.4, 1.4, 1.4]
		},
		"ground": {
			"rotation": [0, 0, 45],
			"translation": [0, 1.5, 0.25]
		},
		"gui": {
			"rotation": [0, 0, -45],
			"translation": [-0.25, -0.25, 0],
			"scale": [1.4, 1.4, 1]
		},
		"head": {
			"rotation": [0, 0, 45],
			"translation": [1.25, 17.75, 0],
			"scale": [2, 2, 2]
		},
		"fixed": {
			"rotation": [0, 0, 90],
			"translation": [3, -0.25, -0.5],
			"scale": [4, 4, 4]
		}
	},
	"groups": [
		{
			"name": "talonbrand",
			"origin": [5.625, 8, 15.9375],
			"color": 0,
			"children": [
				0,
				1,
				2,
				3,
				4,
				5,
				6,
				7,
				8,
				9,
				10,
				11,
				12,
				13,
				14,
				15,
				16,
				17,
				18,
				19,
				20,
				21,
				22,
				23,
				24,
				25,
				26,
				27,
				28,
				29,
				30,
				31,
				32,
				33,
				34,
				35,
				36,
				37,
				38,
				39,
				40,
				41,
				42,
				43,
				44,
				45,
				46,
				47,
				48,
				49,
				50,
				51,
				52,
				53,
				54,
				55,
				56,
				57,
				58,
				59,
				60,
				61,
				62,
				63,
				64,
				65,
				66,
				67,
				68,
				69,
				70,
				71,
				72,
				73,
				74,
				75,
				76,
				77,
				78,
				79,
				80,
				81,
				82,
				83,
				84,
				85,
				86,
				87,
				88,
				89,
				90,
				91,
				92,
				93,
				94,
				95,
				96
			]
		}
	]
}