{
	"credit": "Made with Blockbench",
	"texture_size": [32, 32],
	"textures": {
		"0": "item/first_zodd_sword",
		"particle": "first_zodd_sword"
	},
	"elements": [
		{
			"from": [8.1, -16, 7.2],
			"to": [9.9, -15.6, 9],
			"faces": {
				"north": {"uv": [7.5, 1.5, 8.5, 2], "texture": "#0"},
				"east": {"uv": [7.5, 2, 8.5, 2.5], "texture": "#0"},
				"south": {"uv": [7.5, 2.5, 8.5, 3], "texture": "#0"},
				"west": {"uv": [7.5, 3, 8.5, 3.5], "texture": "#0"},
				"up": {"uv": [6, 1, 5, 0], "texture": "#0"},
				"down": {"uv": [6, 1, 5, 2], "texture": "#0"}
			}
		},
		{
			"from": [8.3, -15.6, 7.4],
			"to": [9.7, -14.8, 8.8],
			"faces": {
				"north": {"uv": [6.5, 8.5, 7, 9], "texture": "#0"},
				"east": {"uv": [7, 8.5, 7.5, 9], "texture": "#0"},
				"south": {"uv": [8.5, 7, 9, 7.5], "texture": "#0"},
				"west": {"uv": [7.5, 8.5, 8, 9], "texture": "#0"},
				"up": {"uv": [9, 8, 8.5, 7.5], "texture": "#0"},
				"down": {"uv": [8.5, 8.5, 8, 9], "texture": "#0"}
			}
		},
		{
			"from": [8.5, -14.8, 7.6],
			"to": [9.5, -7.8, 8.6],
			"faces": {
				"north": {"uv": [4, 0, 4.5, 3.5], "texture": "#0"},
				"east": {"uv": [4, 3.5, 4.5, 7], "texture": "#0"},
				"south": {"uv": [4.5, 0, 5, 3.5], "texture": "#0"},
				"west": {"uv": [4.5, 3.5, 5, 7], "texture": "#0"},
				"up": {"uv": [9, 8.5, 8.5, 8], "texture": "#0"},
				"down": {"uv": [9, 8.5, 8.5, 9], "texture": "#0"}
			}
		},
		{
			"from": [8.3, -7.8, 7.6],
			"to": [9.7, -6.8, 8.6],
			"faces": {
				"north": {"uv": [0, 9, 0.5, 9.5], "texture": "#0"},
				"east": {"uv": [9, 0, 9.5, 0.5], "texture": "#0"},
				"south": {"uv": [0.5, 9, 1, 9.5], "texture": "#0"},
				"west": {"uv": [9, 0.5, 9.5, 1], "texture": "#0"},
				"up": {"uv": [9.5, 1.5, 9, 1], "texture": "#0"},
				"down": {"uv": [9.5, 1.5, 9, 2], "texture": "#0"}
			}
		},
		{
			"from": [8.2, -7.8, 7.5],
			"to": [9.8, -7.3, 8.7],
			"faces": {
				"north": {"uv": [7.5, 3.5, 8.5, 4], "texture": "#0"},
				"east": {"uv": [9, 2, 9.5, 2.5], "texture": "#0"},
				"south": {"uv": [7.5, 4, 8.5, 4.5], "texture": "#0"},
				"west": {"uv": [9, 2.5, 9.5, 3], "texture": "#0"},
				"up": {"uv": [5.5, 8, 4.5, 7.5], "texture": "#0"},
				"down": {"uv": [8.5, 4.5, 7.5, 5], "texture": "#0"}
			}
		},
		{
			"from": [8.2, -7.3, 7.5],
			"to": [8.5, -6.8, 8.7],
			"faces": {
				"north": {"uv": [9, 3, 9.5, 3.5], "texture": "#0"},
				"east": {"uv": [9, 3.5, 9.5, 4], "texture": "#0"},
				"south": {"uv": [9, 4, 9.5, 4.5], "texture": "#0"},
				"west": {"uv": [9, 4.5, 9.5, 5], "texture": "#0"},
				"up": {"uv": [9.5, 5.5, 9, 5], "texture": "#0"},
				"down": {"uv": [6, 9, 5.5, 9.5], "texture": "#0"}
			}
		},
		{
			"from": [9.5, -7.3, 7.5],
			"to": [9.8, -6.8, 8.7],
			"faces": {
				"north": {"uv": [6, 9, 6.5, 9.5], "texture": "#0"},
				"east": {"uv": [9, 6, 9.5, 6.5], "texture": "#0"},
				"south": {"uv": [6.5, 9, 7, 9.5], "texture": "#0"},
				"west": {"uv": [9, 6.5, 9.5, 7], "texture": "#0"},
				"up": {"uv": [7.5, 9.5, 7, 9], "texture": "#0"},
				"down": {"uv": [9.5, 7, 9, 7.5], "texture": "#0"}
			}
		},
		{
			"from": [8.8, -7.3, 7.5],
			"to": [9.2, -6.8, 8.7],
			"faces": {
				"north": {"uv": [7.5, 9, 8, 9.5], "texture": "#0"},
				"east": {"uv": [9, 7.5, 9.5, 8], "texture": "#0"},
				"south": {"uv": [8, 9, 8.5, 9.5], "texture": "#0"},
				"west": {"uv": [9, 8, 9.5, 8.5], "texture": "#0"},
				"up": {"uv": [9, 9.5, 8.5, 9], "texture": "#0"},
				"down": {"uv": [9.5, 8.5, 9, 9], "texture": "#0"}
			}
		},
		{
			"from": [2.9, -9.4, 7.4],
			"to": [5.1, -8.81, 8.8],
			"rotation": {"angle": 22.5, "axis": "z", "origin": [0, 0, 0]},
			"faces": {
				"north": {"uv": [7.5, 5, 8.5, 5.5], "texture": "#0"},
				"east": {"uv": [9, 9, 9.5, 9.5], "texture": "#0"},
				"south": {"uv": [5.5, 7.5, 6.5, 8], "texture": "#0"},
				"west": {"uv": [0, 9.5, 0.5, 10], "texture": "#0"},
				"up": {"uv": [7.5, 8, 6.5, 7.5], "texture": "#0"},
				"down": {"uv": [8.5, 7, 7.5, 7.5], "texture": "#0"}
			}
		},
		{
			"from": [8.08, -6.82, 7.4],
			"to": [10.58, -6.19, 8.8],
			"faces": {
				"north": {"uv": [5, 6, 6.5, 6.5], "texture": "#0"},
				"east": {"uv": [9.5, 0, 10, 0.5], "texture": "#0"},
				"south": {"uv": [5, 6.5, 6.5, 7], "texture": "#0"},
				"west": {"uv": [0.5, 9.5, 1, 10], "texture": "#0"},
				"up": {"uv": [8, 6.5, 6.5, 6], "texture": "#0"},
				"down": {"uv": [8, 6.5, 6.5, 7], "texture": "#0"}
			}
		},
		{
			"from": [6.58, -6.42, 7.6],
			"to": [10.415, -6.02, 8.6],
			"faces": {
				"north": {"uv": [5, 2, 7, 2.5], "texture": "#0"},
				"east": {"uv": [9.5, 0.5, 10, 1], "texture": "#0"},
				"south": {"uv": [5, 2.5, 7, 3], "texture": "#0"},
				"west": {"uv": [1, 9.5, 1.5, 10], "texture": "#0"},
				"up": {"uv": [7, 3.5, 5, 3], "texture": "#0"},
				"down": {"uv": [7, 3.5, 5, 4], "texture": "#0"}
			}
		},
		{
			"from": [6.58, -7.32, 7.6],
			"to": [8.28, -6.42, 8.6],
			"faces": {
				"north": {"uv": [7.5, 7.5, 8.5, 8], "texture": "#0"},
				"east": {"uv": [9.5, 1, 10, 1.5], "texture": "#0"},
				"south": {"uv": [4.5, 8, 5.5, 8.5], "texture": "#0"},
				"west": {"uv": [1.5, 9.5, 2, 10], "texture": "#0"},
				"up": {"uv": [6.5, 8.5, 5.5, 8], "texture": "#0"},
				"down": {"uv": [9, 6, 8, 6.5], "texture": "#0"}
			}
		},
		{
			"from": [6.49, -7.45, 7.6],
			"to": [8.29, -7.25, 8.6],
			"faces": {
				"north": {"uv": [6.5, 8, 7.5, 8.5], "texture": "#0"},
				"east": {"uv": [9.5, 1.5, 10, 2], "texture": "#0"},
				"south": {"uv": [8, 6.5, 9, 7], "texture": "#0"},
				"west": {"uv": [2, 9.5, 2.5, 10], "texture": "#0"},
				"up": {"uv": [8.5, 8.5, 7.5, 8], "texture": "#0"},
				"down": {"uv": [1, 8.5, 0, 9], "texture": "#0"}
			}
		},
		{
			"from": [6.78, -6.02, 7.8],
			"to": [10.4, -5.02, 8.4],
			"faces": {
				"north": {"uv": [5, 4, 7, 4.5], "texture": "#0"},
				"east": {"uv": [9.5, 2, 10, 2.5], "texture": "#0"},
				"south": {"uv": [5, 4.5, 7, 5], "texture": "#0"},
				"west": {"uv": [2.5, 9.5, 3, 10], "texture": "#0"},
				"up": {"uv": [7, 5.5, 5, 5], "texture": "#0"},
				"down": {"uv": [7, 5.5, 5, 6], "texture": "#0"}
			}
		},
		{
			"from": [8.19, -2.05, 7.8],
			"to": [9.19, -0.25, 8.4],
			"rotation": {"angle": -22.5, "axis": "z", "origin": [0, 0, 0]},
			"faces": {
				"north": {"uv": [8.5, 0, 9, 1], "texture": "#0"},
				"east": {"uv": [1, 8.5, 1.5, 9.5], "texture": "#0"},
				"south": {"uv": [1.5, 8.5, 2, 9.5], "texture": "#0"},
				"west": {"uv": [8.5, 1.5, 9, 2.5], "texture": "#0"},
				"up": {"uv": [10, 3, 9.5, 2.5], "texture": "#0"},
				"down": {"uv": [3.5, 9.5, 3, 10], "texture": "#0"}
			}
		},
		{
			"from": [7.38, -5.02, 7.8],
			"to": [10.4, 11.53, 8.4],
			"faces": {
				"north": {"uv": [0, 0, 1.5, 8.5], "texture": "#0"},
				"east": {"uv": [3, 0, 3.5, 8.5], "texture": "#0"},
				"south": {"uv": [1.5, 0, 3, 8.5], "texture": "#0"},
				"west": {"uv": [3.5, 0, 4, 8.5], "texture": "#0"},
				"up": {"uv": [8.5, 0.5, 7, 0], "texture": "#0"},
				"down": {"uv": [8.5, 0.5, 7, 1], "texture": "#0"}
			}
		},
		{
			"from": [9.29, 5.85, 7.8],
			"to": [10.29, 8.75, 8.4],
			"rotation": {"angle": 22.5, "axis": "z", "origin": [0, 2.8, 0]},
			"faces": {
				"north": {"uv": [7, 1, 7.5, 2.5], "texture": "#0"},
				"east": {"uv": [7, 2.5, 7.5, 4], "texture": "#0"},
				"south": {"uv": [4, 7, 4.5, 8.5], "texture": "#0"},
				"west": {"uv": [7, 4, 7.5, 5.5], "texture": "#0"},
				"up": {"uv": [10, 3.5, 9.5, 3], "texture": "#0"},
				"down": {"uv": [4, 9.5, 3.5, 10], "texture": "#0"}
			}
		},
		{
			"from": [10.69, 4.35, 7.8],
			"to": [11.69, 6.85, 8.4],
			"rotation": {"angle": 45, "axis": "z", "origin": [0, 2.8, 0]},
			"faces": {
				"north": {"uv": [2, 8.5, 2.5, 9.5], "texture": "#0"},
				"east": {"uv": [2.5, 8.5, 3, 9.5], "texture": "#0"},
				"south": {"uv": [8.5, 2.5, 9, 3.5], "texture": "#0"},
				"west": {"uv": [3, 8.5, 3.5, 9.5], "texture": "#0"},
				"up": {"uv": [10, 4, 9.5, 3.5], "texture": "#0"},
				"down": {"uv": [4.5, 9.5, 4, 10], "texture": "#0"}
			}
		},
		{
			"from": [5.4, 12.98, 7.8],
			"to": [8.825, 13.93, 8.4],
			"rotation": {"angle": 0, "axis": "z", "origin": [0, 2.8, 0]},
			"faces": {
				"north": {"uv": [4.5, 7, 6, 7.5], "texture": "#0"},
				"east": {"uv": [9.5, 4, 10, 4.5], "texture": "#0"},
				"south": {"uv": [7, 5.5, 8.5, 6], "texture": "#0"},
				"west": {"uv": [4.5, 9.5, 5, 10], "texture": "#0"},
				"up": {"uv": [7.5, 7.5, 6, 7], "texture": "#0"},
				"down": {"uv": [9, 1, 7.5, 1.5], "texture": "#0"}
			}
		},
		{
			"from": [6.3, 11.8, 7.8],
			"to": [7.4, 13, 8.4],
			"rotation": {"angle": 0, "axis": "y", "origin": [0, 2.8, 0]},
			"faces": {
				"north": {"uv": [9.5, 4.5, 10, 5], "texture": "#0"},
				"east": {"uv": [5, 9.5, 5.5, 10], "texture": "#0"},
				"south": {"uv": [9.5, 5, 10, 5.5], "texture": "#0"},
				"west": {"uv": [5.5, 9.5, 6, 10], "texture": "#0"},
				"up": {"uv": [10, 6, 9.5, 5.5], "texture": "#0"},
				"down": {"uv": [6.5, 9.5, 6, 10], "texture": "#0"}
			}
		},
		{
			"from": [11.893, 6.88, 7.8],
			"to": [12.907, 8.43, 8.4],
			"rotation": {"angle": 22.5, "axis": "z", "origin": [0, 2.9, 0]},
			"faces": {
				"north": {"uv": [3.5, 8.5, 4, 9.5], "texture": "#0"},
				"east": {"uv": [8.5, 3.5, 9, 4.5], "texture": "#0"},
				"south": {"uv": [4, 8.5, 4.5, 9.5], "texture": "#0"},
				"west": {"uv": [4.5, 8.5, 5, 9.5], "texture": "#0"},
				"up": {"uv": [10, 6.5, 9.5, 6], "texture": "#0"},
				"down": {"uv": [7, 9.5, 6.5, 10], "texture": "#0"}
			}
		},
		{
			"from": [13.038, 3.058, 7.8],
			"to": [14.038, 4.458, 8.4],
			"rotation": {"angle": 45, "axis": "z", "origin": [0, 2.9, 0]},
			"faces": {
				"north": {"uv": [9.5, 6.5, 10, 7], "texture": "#0"},
				"east": {"uv": [7, 9.5, 7.5, 10], "texture": "#0"},
				"south": {"uv": [9.5, 7, 10, 7.5], "texture": "#0"},
				"west": {"uv": [7.5, 9.5, 8, 10], "texture": "#0"},
				"up": {"uv": [10, 8, 9.5, 7.5], "texture": "#0"},
				"down": {"uv": [8.5, 9.5, 8, 10], "texture": "#0"}
			}
		},
		{
			"from": [7.4, 11.5, 7.8],
			"to": [9.4, 13, 8.4],
			"rotation": {"angle": 0, "axis": "y", "origin": [0, 2.8, 0]},
			"faces": {
				"north": {"uv": [6, 0, 7, 1], "texture": "#0"},
				"east": {"uv": [8.5, 4.5, 9, 5.5], "texture": "#0"},
				"south": {"uv": [6, 1, 7, 2], "texture": "#0"},
				"west": {"uv": [5, 8.5, 5.5, 9.5], "texture": "#0"},
				"up": {"uv": [6.5, 9, 5.5, 8.5], "texture": "#0"},
				"down": {"uv": [9.5, 5.5, 8.5, 6], "texture": "#0"}
			}
		}
	],
	"display": {
		"thirdperson_righthand": {
			"rotation": [0, -90, 0],
			"translation": [0, 17.75, -0.5],
			"scale": [1.02, 1.02, 1.02]
		},
		"thirdperson_lefthand": {
			"rotation": [0, 90, 180],
			"translation": [-0.75, -19, 2],
			"scale": [1.02, 1.02, 1.02]
		},
		"firstperson_righthand": {
			"rotation": [0, -90, 0],
			"translation": [0, 17.5, 1],
			"scale": [1.02, 1.02, 1.02]
		},
		"firstperson_lefthand": {
			"rotation": [-8, 90, 180],
			"translation": [3, -12.5, 1.25],
			"scale": [1.02, 1.02, 1.02]
		},
		"ground": {
			"rotation": [90, 0, 90],
			"translation": [-8, 0, 0],
			"scale": [1.03, 1.03, 1.03]
		},
		"gui": {
			"rotation": [0, 0, 35],
			"translation": [-3.25, 4.5, 0],
			"scale": [0.61, 0.61, 0.63]
		},
		"head": {
			"rotation": [180, 0, 20],
			"translation": [-1.75, -33, 4.25],
			"scale": [1.81, 1.81, 1.81]
		},
		"fixed": {
			"rotation": [0, 0, 180],
			"translation": [0, -16.5, -1],
			"scale": [2.25, 2.25, 2.25]
		}
	},
	"groups": [
		{
			"name": "group",
			"origin": [8, 8, 8],
			"color": 0,
			"children": [0, 1, 2, 3, 4, 5, 6, 7, 8, 9, 10, 11, 12, 13, 14, 15, 16, 17, 18, 19, 20, 21, 22]
		}
	]
}