{
    "parent": "block/acacia_trapdoor_bottom",
    "textures": {
        "texture": "block/acacia_trapdoor",
        "edge": "block/acacia_trapdoor_edge"
	},
	"overrides": [
    
		{ "predicate": {"custom_model_data": 6550}, "model": "table/acacia/acacia_4l"},
        { "predicate": {"custom_model_data": 6551}, "model": "table/acacia/acacia_mid"},
        { "predicate": {"custom_model_data": 6552}, "model": "table/acacia/acacia_1l"},
        { "predicate": {"custom_model_data": 6553}, "model": "table/acacia/acacia_2l"},
        { "predicate": {"custom_model_data": 6554}, "model": "table/acacia/acacia_ml"},
        { "predicate": {"custom_model_data": 80010}, "model": "bookshelf/acacia_bookshelf"}
	]
}