{
    "parent": "block/dark_oak_trapdoor_bottom",
    "textures": {
        "texture": "block/dark_oak_trapdoor",
        "edge": "block/dark_oak_trapdoor_edge"
	},
	"overrides": [
    
		{ "predicate": {"custom_model_data": 6550}, "model": "table/dark_oak/dark_oak_4l"},
        { "predicate": {"custom_model_data": 6551}, "model": "table/dark_oak/dark_oak_mid"},
        { "predicate": {"custom_model_data": 6552}, "model": "table/dark_oak/dark_oak_1l"},
        { "predicate": {"custom_model_data": 6553}, "model": "table/dark_oak/dark_oak_2l"},
        { "predicate": {"custom_model_data": 6554}, "model": "table/dark_oak/dark_oak_ml"},
        { "predicate": {"custom_model_data": 80010}, "model": "bookshelf/dark_oak_bookshelf"}
	]
}