{
    "parent": "block/iron_trapdoor_bottom",
    "textures": {
        "texture": "block/iron_trapdoor",
        "edge": "block/iron_trapdoor_edge"
	},
	"overrides": [
    
		{ "predicate": {"custom_model_data": 80021}, "model": "bookshelf/stone_bookshelf"},
        { "predicate": {"custom_model_data": 80022}, "model": "bookshelf/sandstone_bookshelf"},
        { "predicate": {"custom_model_data": 80023}, "model": "bookshelf/cobblestone_bookshelf"},
        { "predicate": {"custom_model_data": 80024}, "model": "bookshelf/brick_bookshelf"},
        { "predicate": {"custom_model_data": 80025}, "model": "bookshelf/stone_brick_bookshelf"},
        { "predicate": {"custom_model_data": 80026}, "model": "bookshelf/nether_brick_bookshelf"},
        { "predicate": {"custom_model_data": 80027}, "model": "bookshelf/quartz_bookshelf"},
        { "predicate": {"custom_model_data": 80028}, "model": "bookshelf/red_sandstone_bookshelf"},
        { "predicate": {"custom_model_data": 80029}, "model": "bookshelf/purpur_bookshelf"},
        { "predicate": {"custom_model_data": 80030}, "model": "bookshelf/prismarine_bookshelf"},
        { "predicate": {"custom_model_data": 80031}, "model": "bookshelf/prismarine_brick_bookshelf"},
        { "predicate": {"custom_model_data": 80032}, "model": "bookshelf/dark_prismarine_bookshelf"},
        { "predicate": {"custom_model_data": 80025}, "model": "bookshelf/prismarine_bookshelf"},
        { "predicate": {"custom_model_data": 80026}, "model": "bookshelf/prismarine_brick_bookshelf"},
        { "predicate": {"custom_model_data": 80027}, "model": "bookshelf/dark_prismarine_bookshelf"},
        { "predicate": {"custom_model_data": 80033}, "model": "bookshelf/polished_granite_bookshelf"},
        { "predicate": {"custom_model_data": 80034}, "model": "bookshelf/polished_diorite_bookshelf"},
        { "predicate": {"custom_model_data": 80035}, "model": "bookshelf/polished_andesite_bookshelf"},
        { "predicate": {"custom_model_data": 80036}, "model": "bookshelf/granite_bookshelf"},
        { "predicate": {"custom_model_data": 80037}, "model": "bookshelf/diorite_bookshelf"},
        { "predicate": {"custom_model_data": 80038}, "model": "bookshelf/andesite_bookshelf"}
        
	]
}