{
    "parent": "block/red_carpet",
	"overrides": [
    
		{ "predicate": {"custom_model_data": 6550}, "model": "table/wool/white"},
        { "predicate": {"custom_model_data": 6551}, "model": "table/wool/orange"},
        { "predicate": {"custom_model_data": 6552}, "model": "table/wool/magenta"},
        { "predicate": {"custom_model_data": 6553}, "model": "table/wool/light_blue"},
        { "predicate": {"custom_model_data": 6554}, "model": "table/wool/yellow"},
        { "predicate": {"custom_model_data": 6555}, "model": "table/wool/lime"},
        { "predicate": {"custom_model_data": 6556}, "model": "table/wool/pink"},
        { "predicate": {"custom_model_data": 6557}, "model": "table/wool/gray"},
        { "predicate": {"custom_model_data": 6558}, "model": "table/wool/light_gray"},
        { "predicate": {"custom_model_data": 6559}, "model": "table/wool/cyan"},
        { "predicate": {"custom_model_data": 6560}, "model": "table/wool/purple"},
        { "predicate": {"custom_model_data": 6561}, "model": "table/wool/blue"},
        { "predicate": {"custom_model_data": 6562}, "model": "table/wool/brown"},
        { "predicate": {"custom_model_data": 6563}, "model": "table/wool/green"},
        { "predicate": {"custom_model_data": 6564}, "model": "table/wool/red"},
        { "predicate": {"custom_model_data": 6565}, "model": "table/wool/black"},
        
        { "predicate": {"custom_model_data": 6570}, "model": "chair/wool/white"},
        { "predicate": {"custom_model_data": 6571}, "model": "chair/wool/orange"},
        { "predicate": {"custom_model_data": 6572}, "model": "chair/wool/magenta"},
        { "predicate": {"custom_model_data": 6573}, "model": "chair/wool/light_blue"},
        { "predicate": {"custom_model_data": 6574}, "model": "chair/wool/yellow"},
        { "predicate": {"custom_model_data": 6575}, "model": "chair/wool/lime"},
        { "predicate": {"custom_model_data": 6576}, "model": "chair/wool/pink"},
        { "predicate": {"custom_model_data": 6577}, "model": "chair/wool/gray"},
        { "predicate": {"custom_model_data": 6578}, "model": "chair/wool/light_gray"},
        { "predicate": {"custom_model_data": 6579}, "model": "chair/wool/cyan"},
        { "predicate": {"custom_model_data": 6580}, "model": "chair/wool/purple"},
        { "predicate": {"custom_model_data": 6581}, "model": "chair/wool/blue"},
        { "predicate": {"custom_model_data": 6582}, "model": "chair/wool/brown"},
        { "predicate": {"custom_model_data": 6583}, "model": "chair/wool/green"},
        { "predicate": {"custom_model_data": 6584}, "model": "chair/wool/red"},
        { "predicate": {"custom_model_data": 6585}, "model": "chair/wool/black"},
        
        { "predicate": {"custom_model_data": 6590}, "model": "chair/wool/f_white"},
        { "predicate": {"custom_model_data": 6591}, "model": "chair/wool/f_orange"},
        { "predicate": {"custom_model_data": 6592}, "model": "chair/wool/f_magenta"},
        { "predicate": {"custom_model_data": 6593}, "model": "chair/wool/f_light_blue"},
        { "predicate": {"custom_model_data": 6594}, "model": "chair/wool/f_yellow"},
        { "predicate": {"custom_model_data": 6595}, "model": "chair/wool/f_lime"},
        { "predicate": {"custom_model_data": 6596}, "model": "chair/wool/f_pink"},
        { "predicate": {"custom_model_data": 6597}, "model": "chair/wool/f_gray"},
        { "predicate": {"custom_model_data": 6598}, "model": "chair/wool/f_light_gray"},
        { "predicate": {"custom_model_data": 6599}, "model": "chair/wool/f_cyan"},
        { "predicate": {"custom_model_data": 6600}, "model": "chair/wool/f_purple"},
        { "predicate": {"custom_model_data": 6601}, "model": "chair/wool/f_blue"},
        { "predicate": {"custom_model_data": 6602}, "model": "chair/wool/f_brown"},
        { "predicate": {"custom_model_data": 6603}, "model": "chair/wool/f_green"},
        { "predicate": {"custom_model_data": 6604}, "model": "chair/wool/f_red"},
        { "predicate": {"custom_model_data": 6605}, "model": "chair/wool/f_black"},
        
        { "predicate": {"custom_model_data": 6610}, "model": "chair/wool/t_white"},
        { "predicate": {"custom_model_data": 6611}, "model": "chair/wool/t_orange"},
        { "predicate": {"custom_model_data": 6612}, "model": "chair/wool/t_magenta"},
        { "predicate": {"custom_model_data": 6613}, "model": "chair/wool/t_light_blue"},
        { "predicate": {"custom_model_data": 6614}, "model": "chair/wool/t_yellow"},
        { "predicate": {"custom_model_data": 6615}, "model": "chair/wool/t_lime"},
        { "predicate": {"custom_model_data": 6616}, "model": "chair/wool/t_pink"},
        { "predicate": {"custom_model_data": 6617}, "model": "chair/wool/t_gray"},
        { "predicate": {"custom_model_data": 6618}, "model": "chair/wool/t_light_gray"},
        { "predicate": {"custom_model_data": 6619}, "model": "chair/wool/t_cyan"},
        { "predicate": {"custom_model_data": 6620}, "model": "chair/wool/t_purple"},
        { "predicate": {"custom_model_data": 6621}, "model": "chair/wool/t_blue"},
        { "predicate": {"custom_model_data": 6622}, "model": "chair/wool/t_brown"},
        { "predicate": {"custom_model_data": 6623}, "model": "chair/wool/t_green"},
        { "predicate": {"custom_model_data": 6624}, "model": "chair/wool/t_red"},
        { "predicate": {"custom_model_data": 6625}, "model": "chair/wool/t_black"}
	]
}