{
	"credit": "Made with Blockbench",
	"texture_size": [32, 32],
	"textures": {
		"2": "item/ivarela",
		"3": "item/buivarela"
	},
	"elements": [
		{
			"from": [12.1, -3.83333, 9.53333],
			"to": [12.1, 4.16667, 16.53333],
			"rotation": {"angle": 45, "axis": "z", "origin": [8, 3.46667, 8.08333]},
			"faces": {
				"north": {"uv": [0, 0, 0, 2], "texture": "#2"},
				"east": {"uv": [6, 2.5, 7.75, 4.5], "texture": "#2"},
				"south": {"uv": [0, 0, 0, 2], "texture": "#2"},
				"west": {"uv": [3.5, 6, 5.25, 8], "texture": "#2"},
				"up": {"uv": [0, 1.75, 0, 0], "texture": "#2"},
				"down": {"uv": [0, 0, 0, 1.75], "texture": "#2"}
			}
		},
		{
			"from": [5, -0.53333, 9.23333],
			"to": [12, 6.46667, 16.33333],
			"rotation": {"angle": 22.5, "axis": "z", "origin": [8, 3.46667, 19.33333]},
			"faces": {
				"north": {"uv": [0, 0, 2, 2], "texture": "#2"},
				"east": {"uv": [0, 2, 2, 4], "texture": "#2"},
				"south": {"uv": [2, 0, 4, 2], "texture": "#2"},
				"west": {"uv": [2, 2, 4, 4], "texture": "#2"},
				"up": {"uv": [2, 6, 0, 4], "texture": "#2"},
				"down": {"uv": [6, 0, 4, 2], "texture": "#2"}
			}
		},
		{
			"from": [4.9, -0.63333, 9.13333],
			"to": [12.1, 6.56667, 16.43333],
			"rotation": {"angle": 22.5, "axis": "z", "origin": [8, 3.46667, 19.33333]},
			"faces": {
				"north": {"uv": [7, 6.5, 8.75, 8.25], "texture": "#2"},
				"east": {"uv": [7.5, 0, 9.25, 1.75], "texture": "#2"},
				"south": {"uv": [7.75, 1.75, 9.5, 3.5], "texture": "#2"},
				"west": {"uv": [7.75, 3.5, 9.5, 5.25], "texture": "#2"},
				"up": {"uv": [1.75, 9.75, 0, 8], "texture": "#2"},
				"down": {"uv": [5.25, 8, 3.5, 9.75], "texture": "#2"}
			}
		},
		{
			"from": [-1.9, 2.16667, 1.03333],
			"to": [6.1, 2.16667, 9.03333],
			"rotation": {"angle": 45, "axis": "z", "origin": [8, 3.46667, 8.08333]},
			"faces": {
				"north": {"uv": [0, 0, 2, 0], "texture": "#2"},
				"east": {"uv": [0, 0, 2, 0], "texture": "#2"},
				"south": {"uv": [0, 0, 2, 0], "texture": "#2"},
				"west": {"uv": [0, 0, 2, 0], "texture": "#2"},
				"up": {"uv": [4, 6, 2, 4], "texture": "#2"},
				"down": {"uv": [6, 2, 4, 4], "texture": "#2"}
			}
		},
		{
			"from": [9.4, 1.76667, 1.03333],
			"to": [17.4, 1.76667, 9.03333],
			"rotation": {"angle": -45, "axis": "z", "origin": [8, 3.46667, 8.08333]},
			"faces": {
				"north": {"uv": [0, 0, 2, 0], "texture": "#2"},
				"east": {"uv": [0, 0, 2, 0], "texture": "#2"},
				"south": {"uv": [0, 0, 2, 0], "texture": "#2"},
				"west": {"uv": [0, 0, 2, 0], "texture": "#2"},
				"up": {"uv": [6, 6, 4, 4], "texture": "#2"},
				"down": {"uv": [2, 6, 0, 8], "texture": "#2"}
			}
		},
		{
			"from": [5.1, -3.53333, 9.73333],
			"to": [5.1, 4.46667, 16.73333],
			"rotation": {"angle": -22.5, "axis": "z", "origin": [8, 3.46667, 8.08333]},
			"faces": {
				"north": {"uv": [0, 0, 0, 2], "texture": "#2"},
				"east": {"uv": [6, 4.5, 7.75, 6.5], "texture": "#2"},
				"south": {"uv": [0, 0, 0, 2], "texture": "#2"},
				"west": {"uv": [5.25, 6.5, 7, 8.5], "texture": "#2"},
				"up": {"uv": [0, 1.75, 0, 0], "texture": "#2"},
				"down": {"uv": [0, 0, 0, 1.75], "texture": "#2"}
			}
		},
		{
			"from": [3.7, 0.96667, 2.53333],
			"to": [5.7, 4.76667, 6.53333],
			"rotation": {"angle": 22.5, "axis": "y", "origin": [11.8, 2.46667, 8.43333]},
			"faces": {
				"north": {"uv": [4.75, 9.75, 5.25, 10.75], "texture": "#2"},
				"east": {"uv": [8.75, 6.25, 9.75, 7.25], "texture": "#2"},
				"south": {"uv": [10.5, 4, 11, 5], "texture": "#2"},
				"west": {"uv": [8.75, 7.25, 9.75, 8.25], "texture": "#2"},
				"up": {"uv": [5.75, 11.5, 5.25, 10.5], "texture": "#2"},
				"down": {"uv": [6.25, 10.5, 5.75, 11.5], "texture": "#2"}
			}
		},
		{
			"from": [2.2, 0.96667, -1.76667],
			"to": [4.2, 4.76667, 2.23333],
			"rotation": {"angle": 22.5, "axis": "y", "origin": [11.8, -0.53333, 4.43333]},
			"faces": {
				"north": {"uv": [10.5, 6, 11, 7], "texture": "#2"},
				"east": {"uv": [9.25, 0, 10.25, 1], "texture": "#2"},
				"south": {"uv": [10.5, 7, 11, 8], "texture": "#2"},
				"west": {"uv": [6.75, 9.25, 7.75, 10.25], "texture": "#2"},
				"up": {"uv": [11, 9, 10.5, 8], "texture": "#2"},
				"down": {"uv": [11, 9, 10.5, 10], "texture": "#2"}
			}
		},
		{
			"from": [10.7, 0.96667, 5.53333],
			"to": [12.7, 4.76667, 9.53333],
			"rotation": {"angle": -22.5, "axis": "y", "origin": [11.8, 2.46667, 8.43333]},
			"faces": {
				"north": {"uv": [0, 10.75, 0.5, 11.75], "texture": "#2"},
				"east": {"uv": [7.75, 9.25, 8.75, 10.25], "texture": "#2"},
				"south": {"uv": [0.5, 10.75, 1, 11.75], "texture": "#2"},
				"west": {"uv": [8.75, 9.25, 9.75, 10.25], "texture": "#2"},
				"up": {"uv": [1.5, 11.75, 1, 10.75], "texture": "#2"},
				"down": {"uv": [3, 10.75, 2.5, 11.75], "texture": "#2"}
			}
		},
		{
			"from": [12.2, 0.96667, 1.23333],
			"to": [14.2, 4.76667, 5.23333],
			"rotation": {"angle": -22.5, "axis": "y", "origin": [11.8, -0.53333, 4.43333]},
			"faces": {
				"north": {"uv": [3, 10.75, 3.5, 11.75], "texture": "#2"},
				"east": {"uv": [9.5, 1, 10.5, 2], "texture": "#2"},
				"south": {"uv": [3.5, 10.75, 4, 11.75], "texture": "#2"},
				"west": {"uv": [1.75, 9.5, 2.75, 10.5], "texture": "#2"},
				"up": {"uv": [4.5, 11.75, 4, 10.75], "texture": "#2"},
				"down": {"uv": [5, 10.75, 4.5, 11.75], "texture": "#2"}
			}
		},
		{
			"from": [4.7, -2.33333, -5.56667],
			"to": [7.7, 1.66667, -1.56667],
			"rotation": {"angle": -45, "axis": "x", "origin": [5.8, -0.53333, -4.56667]},
			"faces": {
				"north": {"uv": [1, 9.75, 1.75, 10.75], "texture": "#2"},
				"east": {"uv": [9.5, 2, 10.5, 3], "texture": "#2"},
				"south": {"uv": [9.75, 6.25, 10.5, 7.25], "texture": "#2"},
				"west": {"uv": [9.5, 3, 10.5, 4], "texture": "#2"},
				"up": {"uv": [10.5, 8.25, 9.75, 7.25], "texture": "#2"},
				"down": {"uv": [10.5, 9.25, 9.75, 10.25], "texture": "#2"}
			}
		},
		{
			"from": [4.7, 0.46667, -3.46667],
			"to": [10.7, 4.46667, 0.53333],
			"rotation": {"angle": -22.5, "axis": "x", "origin": [5.8, 2.46667, -0.56667]},
			"faces": {
				"north": {"uv": [10.25, 0, 11, 1], "texture": "#2"},
				"east": {"uv": [9.5, 4, 10.5, 5], "texture": "#2"},
				"south": {"uv": [10.25, 5, 11, 6], "texture": "#2"},
				"west": {"uv": [5.25, 9.5, 6.25, 10.5], "texture": "#2"},
				"up": {"uv": [10, 11.25, 9.25, 10.25], "texture": "#2"},
				"down": {"uv": [7.75, 10.25, 7, 11.25], "texture": "#2"}
			}
		},
		{
			"from": [7.7, -2.33333, -5.56667],
			"to": [10.7, 1.66667, -1.56667],
			"rotation": {"angle": -45, "axis": "x", "origin": [8.8, -0.53333, -4.56667]},
			"faces": {
				"north": {"uv": [10.5, 1, 11.25, 2], "texture": "#2"},
				"east": {"uv": [2.75, 9.75, 3.75, 10.75], "texture": "#2"},
				"south": {"uv": [1.75, 10.5, 2.5, 11.5], "texture": "#2"},
				"west": {"uv": [3.75, 9.75, 4.75, 10.75], "texture": "#2"},
				"up": {"uv": [11.25, 3, 10.5, 2], "texture": "#2"},
				"down": {"uv": [11.25, 3, 10.5, 4], "texture": "#2"}
			}
		},
		{
			"from": [4.7, 0.96667, -0.36667],
			"to": [10.7, 4.76667, 9.33333],
			"rotation": {"angle": 0, "axis": "y", "origin": [8, 3.46667, 8.08333]},
			"faces": {
				"north": {"uv": [1.75, 8.5, 3.25, 9.5], "texture": "#2"},
				"east": {"uv": [7.75, 5.25, 10.25, 6.25], "texture": "#2"},
				"south": {"uv": [5.25, 8.5, 6.75, 9.5], "texture": "#2"},
				"west": {"uv": [7, 8.25, 9.5, 9.25], "texture": "#2"},
				"up": {"uv": [7.5, 2.5, 6, 0], "texture": "#2"},
				"down": {"uv": [3.5, 6, 2, 8.5], "texture": "#2"}
			}
		},
		{
			"from": [4.6, 0.26667, -2.76667],
			"to": [10.8, 4.56667, 0.53333],
			"rotation": {"angle": -22.5, "axis": "x", "origin": [5.8, 2.46667, -0.56667]},
			"faces": {
				"north": {"uv": [6, 0, 9, 2], "texture": "#3"},
				"east": {"uv": [9, 0, 11, 2], "texture": "#3"},
				"south": {"uv": [6, 2, 9, 4], "texture": "#3"},
				"west": {"uv": [9, 2, 11, 4], "texture": "#3"},
				"up": {"uv": [3, 9, 0, 7], "texture": "#3"},
				"down": {"uv": [6, 7, 3, 9], "texture": "#3"}
			}
		},
		{
			"from": [4.6, 0.86667, -0.36667],
			"to": [10.8, 4.86667, 9.33333],
			"rotation": {"angle": 0, "axis": "y", "origin": [8, 3.46667, 8.08333]},
			"faces": {
				"north": {"uv": [6, 7, 9, 9], "texture": "#3"},
				"east": {"uv": [0, 5, 5, 7], "texture": "#3"},
				"south": {"uv": [0, 9, 3, 11], "texture": "#3"},
				"west": {"uv": [5, 5, 10, 7], "texture": "#3"},
				"up": {"uv": [3, 5, 0, 0], "texture": "#3"},
				"down": {"uv": [6, 0, 3, 5], "texture": "#3"}
			}
		}
	],
	"gui_light": "front",
	"display": {
		"thirdperson_righthand": {
			"rotation": [-40, 0, 0],
			"translation": [3, 3.5, 15],
			"scale": [0.32, 0.32, 0.32]
		},
		"thirdperson_lefthand": {
			"rotation": [-40, 0, 0],
			"translation": [3.5, 3, 14.5],
			"scale": [0.375, 0.375, 0.375]
		},
		"firstperson_righthand": {
			"rotation": [-90, -5, 115],
			"translation": [2, 5.5, 0],
			"scale": [0.3, 0.3, 0.3]
		},
		"firstperson_lefthand": {
			"rotation": [-90, -5, 113],
			"translation": [2, 5.5, 0],
			"scale": [0.3, 0.3, 0.3]
		},
		"ground": {
			"rotation": [-90, 0, 0],
			"translation": [1, 3.75, -1.25],
			"scale": [0.45, 0.45, 0.45]
		},
		"gui": {
			"rotation": [-60, 0, 143],
			"translation": [-2, -0.25, 0],
			"scale": [0.53, 0.53, 0.53]
		},
		"head": {
			"rotation": [-90, 0, -20],
			"translation": [18, -1, -3],
			"scale": [0.5, 0.5, 0.5]
		},
		"fixed": {
			"rotation": [-180, 0, 0],
			"translation": [0.75, -4.25, -14.25],
			"scale": [0.75, 0.75, 0.75]
		}
	},
	"groups": [
		{
			"name": "group",
			"origin": [8, 8, 8],
			"color": 0,
			"children": [
				0,
				1,
				2,
				3,
				4,
				5,
				{
					"name": "g",
					"origin": [2.5, 5.6, 8],
					"color": 0,
					"children": [6, 7]
				},
				{
					"name": "g",
					"origin": [2.5, 5.6, 8],
					"color": 0,
					"children": [8, 9]
				},
				10,
				11,
				{
					"name": "g",
					"origin": [2.5, 5.6, 8],
					"color": 0,
					"children": [12]
				},
				{
					"name": "Body",
					"origin": [15, 9, 14],
					"color": 0,
					"children": [13]
				}
			]
		},
		{
			"name": "group",
			"origin": [8, 3.46667, 8.08333],
			"color": 0,
			"children": [14, 15]
		}
	]
}