{
	"credit": "Made with Blockbench",
	"textures": {
		"0": "block/obsidian"
	},
	"elements": [
		{
			"name": "Surface1",
			"from": [0, 11.75, 0],
			"to": [16, 14.75, 16],
			"faces": {
				"north": {"uv": [0, 3, 16, 6], "texture": "#0"},
				"east": {"uv": [0, 11, 16, 14], "texture": "#0"},
				"south": {"uv": [0, 3, 16, 6], "texture": "#0"},
				"west": {"uv": [0, 7, 16, 10], "texture": "#0"},
				"up": {"uv": [0, 0, 16, 16], "rotation": 180, "texture": "#0"},
				"down": {"uv": [0, 0, 16, 16], "texture": "#0"}
			}
		},
		{
			"from": [5, 0, 5],
			"to": [7, 11.75, 7],
			"faces": {
				"north": {"uv": [3, 4, 5, 15.75], "texture": "#0"},
				"east": {"uv": [1, 4, 3, 15.75], "texture": "#0"},
				"south": {"uv": [7, 4, 9, 15.75], "texture": "#0"},
				"west": {"uv": [5, 4, 7, 15.75], "texture": "#0"},
				"down": {"uv": [12, 7, 14, 9], "texture": "#0"}
			}
		},
		{
			"from": [5, 0, 9],
			"to": [7, 11.75, 11],
			"faces": {
				"north": {"uv": [11, 4, 13, 15.75], "texture": "#0"},
				"east": {"uv": [0, 4, 2, 15.75], "texture": "#0"},
				"south": {"uv": [14, 4, 16, 15.75], "texture": "#0"},
				"west": {"uv": [12, 4, 14, 15.75], "texture": "#0"},
				"down": {"uv": [13, 1, 15, 3], "texture": "#0"}
			}
		},
		{
			"from": [9, 0, 9],
			"to": [11, 11.75, 11],
			"faces": {
				"north": {"uv": [4, 4, 6, 15.75], "texture": "#0"},
				"east": {"uv": [7, 4, 9, 15.75], "texture": "#0"},
				"south": {"uv": [5, 4, 7, 15.75], "texture": "#0"},
				"west": {"uv": [3, 4, 5, 15.75], "texture": "#0"},
				"down": {"uv": [7, 2, 9, 4], "texture": "#0"}
			}
		},
		{
			"from": [9, 0, 5],
			"to": [11, 11.75, 7],
			"faces": {
				"north": {"uv": [12, 4, 14, 15.75], "texture": "#0"},
				"east": {"uv": [10, 4, 12, 15.75], "texture": "#0"},
				"south": {"uv": [8, 4, 10, 15.75], "texture": "#0"},
				"west": {"uv": [14, 4, 16, 15.75], "texture": "#0"},
				"down": {"uv": [8, 2, 10, 4], "texture": "#0"}
			}
		},
		{
			"from": [7, 0, 7],
			"to": [9, 11.75, 9],
			"faces": {
				"north": {"uv": [0, 4, 2, 15.75], "texture": "#0"},
				"east": {"uv": [6, 4, 8, 15.75], "texture": "#0"},
				"south": {"uv": [1, 4, 3, 15.75], "texture": "#0"},
				"west": {"uv": [9, 4, 11, 15.75], "texture": "#0"},
				"down": {"uv": [6, 6, 8, 8], "texture": "#0"}
			}
		}
	],
	"display": {
		"thirdperson_righthand": {
			"rotation": [45, 0, 0],
			"translation": [0, 1, 0],
			"scale": [0.35, 0.35, 0.35]
		},
		"thirdperson_lefthand": {
			"rotation": [45, 0, 0],
			"translation": [0, 1, 0],
			"scale": [0.35, 0.35, 0.35]
		},
		"firstperson_righthand": {
			"rotation": [-10, 15, 0],
			"translation": [1, 0, 0],
			"scale": [0.4, 0.4, 0.4]
		},
		"firstperson_lefthand": {
			"rotation": [-10, 15, 0],
			"translation": [1, 0, 0],
			"scale": [0.4, 0.4, 0.4]
		},
		"ground": {
			"translation": [0, 1, 0],
			"scale": [0.3, 0.3, 0.3]
		},
		"gui": {
			"rotation": [35, -135, 0],
			"translation": [0, -2, 0],
			"scale": [0.5, 0.5, 0.5]
		},
		"head": {
			"translation": [0, -31.5, 0],
			"scale": [2.29, 2.5, 2.29]
		},
		"fixed": {
			"scale": [0.8, 0.8, 0.8]
		}
	}
}