{
    "targets": [
        "minecraft:colored_blocks"
    ],
    "removals": [
        {
            "type": "id_match",
            "path": ".*"
        }
    ],
    "additions": [
        {
            "items": [
                "conquest:portcullis_groove",
                "minecraft:dropper",
                "minecraft:dispenser",
                "conquest:mesoamerican_dispenser",
                "conquest:rounded_limestone_design",
                "conquest:simple_rune_carvings_1",
                "conquest:simple_rune_carvings_2",
                "conquest:limestone_dwarven_runes",
                "conquest:limestone_tracery",
                "minecraft:lapis_block",
                "minecraft:wither_skeleton_skull",
                "conquest:travertine_tracery",
                "conquest:travertine_tracery_1",
                "conquest:tan_sandstone_tracery",
                "conquest:sandstone_tracery",
                "conquest:sandstone_frieze",
                "conquest:sandstone_with_inscriptions",
                "minecraft:chiseled_sandstone",
                "conquest:sandstone_dispenser",
                "conquest:sandstone_dropper",
                "conquest:polychrome_architrave",
                "conquest:lapis_lazuli_sandstone_border",
                "conquest:sandstone_dragon_head",
                "conquest:blue_schist_dwarven_design",
                "conquest:blue_schist_dwarven_runes",
                "conquest:fancy_blue_schist_dwarven_design",
                "conquest:schist_dragon_head",
                "conquest:granite_embossment",
                "conquest:granite_dwarven_design",
                "conquest:fancy_granite_dwarven_design",
                "conquest:dark_rough_marble_dwarven_design",
                "conquest:dark_rough_marble_dwarven_runes",
                "conquest:fancy_dark_rough_marble_dwarven_design",
                "conquest:nero_africano_black_marble",
                "conquest:fior_de_bosco_gray_marble",
                "minecraft:chiseled_quartz_block",
                "conquest:carrara_white_marble",
                "conquest:marble_embossment",
                "conquest:polychrome_architrave_with_soldiers",
                "conquest:orange_painted_frieze",
                "conquest:verde_antico_orthostates",
                "conquest:simple_polychrome_architrave",
                "conquest:blue_marble_slabs",
                "conquest:blue_marble_frieze",
                "conquest:portasanta_pink_marble",
                "conquest:rosso_antico_red_marble",
                "conquest:polychrome_isodomic_courses",
                "conquest:verde_antico_green_marble",
                "conquest:fancy_blue_marble_design",
                "conquest:dokimeion_blue_marble",
                "minecraft:end_stone_bricks",
                "conquest:fancy_travertine_balustrade",
                "conquest:fancy_limestone_balustrade",
                "conquest:fancy_dark_sandstone_balustrade",
                "conquest:fancy_marble_balustrade"
            ]
        }
    ],
    "icon": {
        "id": "conquest:schist_dragon_head"
    }
}