{
    "targets": [
        "minecraft:ingredients"
    ],
    "removals": [
        {
            "type": "id_match",
            "path": ".*"
        }
    ],
    "additions": [
        {
            "items": [
                "conquest:ornate_roman_door_block",
                "conquest:gilded_carved_oak_wood",
                "conquest:carved_oak_wood",
                "conquest:horizontally_carved_oak_wood",
                "conquest:carved_oak_wood_arch_design",
                "conquest:oak_wood_tracery",
                "conquest:carved_dark_oak_wood",
                "conquest:gilded_carved_birch_wood",
                "conquest:carved_birch_wood",
                "conquest:horizontally_carved_birch_wood",
                "conquest:fancy_birch_wood_panel",
                "conquest:fancy_birch_wood_arch_panel",
                "conquest:birch_wood_tracery",
                "conquest:carved_ash_wood_pillar",
                "conquest:gilded_carved_spruce_wood",
                "conquest:carved_spruce_wood",
                "conquest:horizontally_carved_spruce_wood",
                "conquest:carved_spruce_wood_woven_design",
                "conquest:spruce_wood_panel",
                "conquest:spruce_wood_tracery",
                "conquest:carved_acacia_wood",
                "conquest:carved_palm_wood",
                "conquest:gray_painted_horizontal_planks",
                "conquest:white_painted_horizontal_planks",
                "conquest:white_painted_planks",
                "conquest:weathered_white_painted_planks",
                "conquest:red_painted_planks",
                "conquest:weathered_red_painted_planks",
                "conquest:light_red_painted_planks",
                "conquest:weathered_light_red_painted_planks",
                "conquest:brown_painted_planks",
                "conquest:weathered_brown_painted_planks",
                "conquest:orange_painted_planks",
                "conquest:weathered_orange_painted_planks",
                "conquest:cyan_painted_planks",
                "conquest:weathered_cyan_painted_planks",
                "conquest:dark_blue_painted_planks",
                "conquest:weathered_dark_blue_painted_planks",
                "conquest:blue_painted_planks",
                "conquest:weathered_blue_painted_planks",
                "conquest:light_blue_painted_planks",
                "conquest:weathered_light_blue_painted_planks",
                "conquest:yellow_painted_planks",
                "conquest:weathered_yellow_painted_planks",
                "conquest:green_painted_planks",
                "conquest:weathered_green_painted_planks",
                "conquest:light_green_painted_planks",
                "conquest:weathered_light_green_painted_planks",
                "conquest:purple_painted_planks",
                "conquest:weathered_purple_painted_planks",
                "conquest:tall_oak_door",
                "conquest:tall_reinforced_oak_door",
                "conquest:tall_baroque_oak_door",
                "conquest:tall_baroque_windowed_oak_door",
                "conquest:tall_old_oak_door",
                "conquest:tall_gray_wooden_door",
                "conquest:heavy_wooden_door",
                "minecraft:oak_door",
                "conquest:oak_door",
                "conquest:reinforced_oak_door",
                "conquest:baroque_oak_door",
                "conquest:black_studded_door",
                "conquest:red_studded_door",
                "conquest:white_wooden_door",
                "conquest:green_wooden_door",
                "conquest:gray_windowed_wooden_door",
                "conquest:elegant_oak_door",
                "conquest:fancy_oak_door",
                "minecraft:dark_oak_door",
                "minecraft:birch_door",
                "conquest:elegant_birch_door",
                "minecraft:spruce_door",
                "minecraft:acacia_door",
                "minecraft:jungle_door",
                "conquest:oak_plank_step_stairs",
                "conquest:birch_log_step_stairs",
                "conquest:dark_spruce_plank_step_stairs",
                "conquest:red_acacia_plank_step_stairs",
                "conquest:palm_plank_step_stairs",
                "conquest:oak_log_step_stairs",
                "conquest:spruce_log_step_stairs",
                "conquest:wooden_roof_supports",
                "conquest:horizontal_oak_wood_railing",
                "conquest:horizontal_birch_wood_railing",
                "conquest:horizontal_spruce_wood_railing",
                "conquest:wooden_cross_railing",
                "conquest:horizontal_asian_acacia_wood_railing",
                "conquest:horizontal_palm_wood_railing",
                "conquest:horizontal_fancy_wood_railing",
                "conquest:simple_oak_fence",
                "conquest:old_simple_oak_fence",
                "conquest:newel_capped_oak_wood_fence",
                "conquest:rustic_fence",
                "conquest:birch_wood_railing_fence",
                "conquest:spruce_wood_railing_fence",
                "conquest:asian_acacia_wood_fence",
                "conquest:rough_palm_board_fence",
                "conquest:bamboo_fence",
                "conquest:dried_bamboo_fence",
                "conquest:white_painted_wooden_railing_fence",
                "conquest:thin_white_picket_fence",
                "conquest:simple_picket_fence",
                "conquest:wicker_fence",
                "conquest:old_wicker_fence",
                "conquest:oak_wood_slotted_shutters",
                "conquest:birch_wood_slotted_shutters",
                "conquest:simple_oak_wood_shutters",
                "conquest:split_oak_wood_shutters",
                "conquest:split_birch_wood_shutters",
                "conquest:split_acacia_wood_shutters",
                "conquest:split_white_painted_wood_shutters",
                "conquest:large_oak_wood_shutters",
                "conquest:large_birch_wood_shutters",
                "conquest:large_acacia_wood_shutters",
                "conquest:large_white_painted_shutters",
                "conquest:oak_wood_shutters",
                "conquest:birch_wood_shutters",
                "conquest:acacia_wood_shutters",
                "conquest:white_painted_shutters",
                "conquest:red_painted_shutters",
                "conquest:orange_painted_shutters",
                "conquest:blue_painted_shutters",
                "conquest:yellow_painted_shutters",
                "conquest:green_painted_shutters",
                "conquest:oak_wood_trellis",
                "conquest:white_painted_wood_trellis",
                "conquest:overgrown_white_painted_wood_trellis",
                "conquest:wooden_fancy_corbel",
                "conquest:white_painted_corbel",
                "conquest:simple_wooden_trapdoor",
                "conquest:reinforced_wooden_trapdoor",
                "minecraft:oak_trapdoor",
                "minecraft:dark_oak_trapdoor",
                "minecraft:birch_trapdoor",
                "minecraft:spruce_trapdoor",
                "minecraft:acacia_trapdoor",
                "minecraft:jungle_trapdoor",
                "conquest:wooden_rail"
            ]
        }
    ],
    "icon": {
        "id": "conquest:carved_oak_wood"
    }
}