{
    "targets": [
        "minecraft:building_blocks"
    ],
    "removals": [
        {
            "type": "id_match",
            "path": ".*"
        }
    ],
    "additions": [
        {
            "items": [
                "minecraft:polished_granite",
                "conquest:red_granite_cobble",
                "conquest:granite_wave_patterned_stone_wall",
                "conquest:granite_cyclopean_masonry",
                "conquest:granite_brick",
                "conquest:granite_cobble",
                "conquest:light_granite_cobble",
                "minecraft:polished_andesite",
                "conquest:large_andesite_brick",
                "conquest:irregular_andesite_stone_wall",
                "conquest:irregular_andesite_stone_wall_stone_brick_quoins",
                "minecraft:polished_diorite",
                "conquest:large_limestone_block",
                "conquest:carved_limestone",
                "conquest:simple_limestone_architrave",
                "minecraft:stone_bricks",
                "minecraft:cracked_stone_bricks",
                "conquest:weathered_limestone_brick",
                "conquest:patterned_limestone_brick",
                "minecraft:mossy_stone_bricks",
                "conquest:limestone_cobble_with_quoins",
                "conquest:tan_limestone_bricks",
                "conquest:white_limestone_bricks",
                "conquest:light_limestone_brick",
                "conquest:light_small_limestone_brick",
                "conquest:light_limestone_cobble",
                "conquest:worn_light_limestone_cobble",
                "conquest:limestone_fanpattern_setts",
                "conquest:mixed_fanpattern_setts",
                "conquest:muddy_limestone_fanpattern_setts",
                "conquest:dry_limestone_wall",
                "conquest:loose_small_limestones",
                "minecraft:cobblestone",
                "conquest:limestone_cobble_clay_brick_quoins",
                "minecraft:mossy_cobblestone",
                "conquest:overgrown_small_limestones",
                "conquest:mossy_limestone_cobble_with_quoins",
                "conquest:overgrown_limestone_cobble",
                "conquest:heavily_overgrown_limestone_cobble",
                "conquest:snow_covered_limestone_cobble",
                "conquest:travertine_brick",
                "conquest:travertine_slab",
                "conquest:lime_mortar_masonry",
                "conquest:cliffstone_cobble",
                "conquest:graywacke_mortar_wall",
                "conquest:graywacke_cobble",
                "conquest:clay_brick_fanpattern_setts",
                "conquest:mud_brick",
                "minecraft:bricks",
                "conquest:mossy_clay_brick",
                "conquest:lime_mortar_clay_brick",
                "conquest:red_clay_brick",
                "conquest:mossy_red_clay_brick",
                "conquest:lime_mortar_red_clay_brick",
                "conquest:mossy_lime_mortar_red_clay_brick",
                "conquest:lime_mortar_orange_clay_brick",
                "conquest:vertical_lime_mortar_orange_clay_brick",
                "conquest:red_lime_mortar_clay_brick",
                "conquest:reddish_lime_mortar_clay_brick",
                "conquest:lightly_plastered_brick",
                "conquest:worn_lightly_plastered_brick",
                "conquest:light_lime_mortar_orange_clay_brick",
                "conquest:dark_lime_mortar_orange_clay_brick",
                "conquest:dark_lime_mortar_clay_brick",
                "conquest:dark_roman_orange_clay_brick",
                "conquest:roman_tan_clay_brick",
                "conquest:roman_orange_clay_brick",
                "conquest:vertical_roman_orange_clay_brick",
                "conquest:roman_orange_clay_brick_with_sandstone_base",
                "conquest:roman_clay_brick",
                "conquest:reticulated_brick",
                "conquest:broken_reticulated_brick",
                "conquest:red_sandstone_brick",
                "conquest:light_red_sandstone_bricks",
                "conquest:medium_light_red_sandstone_bricks",
                "conquest:dark_light_red_sandstone_bricks",
                "conquest:large_tan_sandstone_block",
                "conquest:sandstone_brick",
                "conquest:tan_sandstone_brick",
                "conquest:brown_sandstone_brick",
                "conquest:small_brown_sandstone_brick",
                "conquest:large_sandstone_block",
                "conquest:smooth_large_sandstone_block",
                "conquest:large_inscribed_sandstone_block",
                "conquest:smooth_large_inscribed_sandstone_block",
                "conquest:irregular_sandstone_tiles",
                "minecraft:sandstone",
                "conquest:mossy_sandstone",
                "conquest:orange_sandstone_cobble",
                "conquest:tan_sandstone_cobble",
                "conquest:brown_sandstone_cobble",
                "minecraft:red_sandstone",
                "conquest:blue_schist_cobble",
                "conquest:green_schist_cobble",
                "conquest:slate_mortar_wall",
                "conquest:dry_slate_wall",
                "minecraft:chiseled_deepslate",
                "conquest:slate_light_mortar_wall",
                "conquest:mixed_slate_wall",
                "minecraft:quartz_bricks",
                "minecraft:quartz_block",
                "conquest:large_white_marble_block",
                "conquest:smooth_large_white_marble_block",
                "conquest:large_pentelic_marble_block",
                "conquest:large_weathered_pentelic_marble_block",
                "conquest:large_eroded_pentelic_marble_block",
                "minecraft:gray_concrete",
                "minecraft:gray_glazed_terracotta",
                "minecraft:dark_prismarine",
                "minecraft:prismarine_bricks",
                "minecraft:polished_blackstone",
                "minecraft:polished_blackstone_bricks",
                "minecraft:cracked_polished_blackstone_bricks"
            ]
        }
    ],
    "icon": {
        "id": "conquest:lime_mortar_masonry"
    }
}