{
    "targets": [
        "minecraft:natural_blocks"
    ],
    "removals": [
        {
            "type": "id_match",
            "path": ".*"
        }
    ],
    "additions": [
        {
            "items": [
                "conquest:marble_cornice",
                "conquest:marble_plinth",
                "conquest:marble_architrave",
                "conquest:marble_corinthian_capital",
                "conquest:marble_ionian_capital",
                "conquest:marble_column_with_marble_doric_capital",
                "conquest:red_column_with_marble_doric_capital",
                "conquest:blue_column_with_marble_doric_capital",
                "conquest:gold_column_with_marble_doric_capital",
                "conquest:smooth_marble_column_with_marble_doric_capital",
                "conquest:marble_column_with_marble_base",
                "conquest:red_column_with_marble_base",
                "conquest:blue_column_with_marble_base",
                "conquest:gold_column_with_marble_base",
                "conquest:smooth_marble_column_with_marble_base",
                "minecraft:quartz_pillar",
                "conquest:marble_column",
                "conquest:smooth_marble_column",
                "conquest:polished_parian_marble_column_base",
                "conquest:polished_parian_marble_column_capital",
                "conquest:simple_marble_column_design",
                "conquest:elven_marble_capital",
                "conquest:elven_marble_base",
                "conquest:fancy_elven_marble_column",
                "conquest:blue_marble_column",
                "conquest:marble_and_sandstone_plinth",
                "conquest:small_marble_and_sandstone_plinth",
                "conquest:sandstone_cornice",
                "conquest:sandstone_plinth",
                "conquest:sandstone_architrave",
                "conquest:polychrome_corinthian_capital",
                "conquest:sandstone_corinthian_capital",
                "conquest:sandstone_ionian_capital",
                "conquest:sandstone_column_with_sandstone_doric_capital",
                "conquest:red_column_with_sandstone_doric_capital",
                "conquest:blue_column_with_sandstone_doric_capital",
                "conquest:gold_column_with_sandstone_doric_capital",
                "conquest:sandstone_column_with_sandstone_base",
                "conquest:red_column_with_sandstone_base",
                "conquest:blue_column_with_sandstone_base",
                "conquest:gold_column_with_sandstone_base",
                "conquest:sandstone_column",
                "conquest:red_column",
                "conquest:blue_column",
                "conquest:gold_column",
                "conquest:dark_sandstone_cornice",
                "conquest:dark_sandstone_plinth",
                "conquest:dark_sandstone_architrave",
                "conquest:dark_sandstone_corinthian_capital",
                "conquest:dark_sandstone_ionian_capital",
                "conquest:dark_sandstone_column_with_dark_sandstone_doric_capital",
                "conquest:dark_sandstone_column_with_dark_sandstone_base",
                "conquest:dark_sandstone_column",
                "conquest:gothic_sandstone_column",
                "conquest:travertine_cornice",
                "conquest:travertine_plinth",
                "conquest:travertine_architrave",
                "conquest:travertine_corinthian_capital",
                "conquest:travertine_ionian_capital",
                "conquest:travertine_column_with_travertine_doric_capital",
                "conquest:travertine_column_with_travertine_base",
                "conquest:travertine_column",
                "conquest:yellow_travertine_decor_pillar",
                "conquest:limestone_cornice",
                "conquest:limestone_plinth",
                "conquest:limestone_architrave",
                "conquest:limestone_corinthian_capital",
                "conquest:limestone_ionian_capital",
                "conquest:limestone_column_with_limestone_doric_capital",
                "conquest:limestone_column_with_limestone_base",
                "conquest:limestone_column",
                "conquest:fancy_elven_pillar_design",
                "conquest:fancy_elven_column_design",
                "conquest:simple_elven_column_design",
                "conquest:simple_elven_column",
                "minecraft:chiseled_stone_bricks",
                "conquest:spiral_stone_column",
                "minecraft:polished_basalt",
                "conquest:blue_schist_dwarven_column",
                "conquest:fancy_dark_stone_column",
                "conquest:fancy_blue_schist_dwarven_column",
                "conquest:limestone_dwarven_pillar_1",
                "conquest:limestone_dwarven_pillar_2",
                "conquest:granite_dwarven_column",
                "conquest:fancy_granite_dwarven_column",
                "conquest:dark_rough_marble_dwarven_pillar_1",
                "conquest:dark_rough_marble_dwarven_pillar_2",
                "conquest:dark_rough_marble_dwarven_column",
                "conquest:fancy_dark_rough_marble_dwarven_column",
                "conquest:fancy_dark_rough_marble_pillar",
                "minecraft:cut_sandstone",
                "minecraft:cut_red_sandstone",
                "minecraft:chiseled_red_sandstone",
                "conquest:limestone_cornice_model",
                "conquest:dark_sandstone_cornice_model",
                "conquest:marble_cornice_model",
                "conquest:travertine_cornice_model"
            ]
        }
    ],
    "icon": {
        "id": "chiseled_stone_bricks"
    }
}