{
    "targets": [
        "minecraft:tools_and_utilities"
    ],
    "removals": [
        {
            "type": "id_match",
            "path": ".*"
        }
    ],
    "additions": [
        {
            "items": [
                "conquest:tudor_cross_frame",
                "conquest:tudor_diagonal_upwards_frame",
                "conquest:tudor_diagonal_downwards_frame",
                "conquest:tudor_box_frame_1",
                "conquest:tudor_box_frame_2",
                "conquest:tudor_diagonal_frame_1",
                "conquest:tudor_diagonal_frame_2",
                "conquest:tudor_narrow_diagonal_frames_1",
                "conquest:tudor_narrow_diagonal_frames_2",
                "conquest:gray_plaster_with_tudor_cross_frame",
                "conquest:gray_plaster_with_tudor_diagonal_upwards_frame",
                "conquest:gray_plaster_with_tudor_diagonal_downwards_frame",
                "conquest:gray_plaster_with_tudor_box_frame_1",
                "conquest:gray_plaster_with_tudor_box_frame_2",
                "conquest:gray_plaster_with_tudor_diagonal_frame_1",
                "conquest:gray_plaster_with_tudor_diagonal_frame_2",
                "conquest:gray_plaster_with_tudor_narrow_diagonal_frames_1",
                "conquest:gray_plaster_with_tudor_narrow_diagonal_frames_2",
                "conquest:yellow_plaster_with_tudor_cross_frame",
                "conquest:yellow_plaster_with_tudor_diagonal_upwards_frame",
                "conquest:yellow_plaster_with_tudor_diagonal_downwards_frame",
                "conquest:yellow_plaster_with_tudor_box_frame_1",
                "conquest:yellow_plaster_with_tudor_box_frame_2",
                "conquest:yellow_plaster_with_tudor_diagonal_frame_1",
                "conquest:yellow_plaster_with_tudor_diagonal_frame_2",
                "conquest:yellow_plaster_with_tudor_narrow_diagonal_frames_1",
                "conquest:yellow_plaster_with_tudor_narrow_diagonal_frames_2",
                "conquest:blue_tudor_cross_frame",
                "conquest:blue_tudor_diagonal_upwards_frame",
                "conquest:blue_tudor_diagonal_downwards_frame",
                "conquest:blue_tudor_box_frame_1",
                "conquest:blue_tudor_box_frame_2",
                "conquest:blue_tudor_diagonal_frame_1",
                "conquest:blue_tudor_diagonal_frame_2",
                "conquest:blue_tudor_narrow_diagonal_frames_1",
                "conquest:blue_tudor_narrow_diagonal_frames_2",
                "conquest:red_tudor_cross_frame",
                "conquest:red_tudor_diagonal_upwards_frame",
                "conquest:red_tudor_diagonal_downwards_frame",
                "conquest:red_tudor_box_frame_1",
                "conquest:red_tudor_box_frame_2",
                "conquest:red_tudor_diagonal_frame_1",
                "conquest:red_tudor_diagonal_frame_2",
                "conquest:red_tudor_narrow_diagonal_frames_1",
                "conquest:red_tudor_narrow_diagonal_frames_2",
                "conquest:mud_plaster_with_tudor_cross_frame",
                "conquest:mud_plaster_with_tudor_diagonal_upwards_frame",
                "conquest:mud_plaster_with_tudor_diagonal_downwards_frame",
                "conquest:mud_plaster_with_tudor_box_frame_1",
                "conquest:mud_plaster_with_tudor_box_frame_2",
                "conquest:mud_plaster_with_tudor_diagonal_frame_1",
                "conquest:mud_plaster_with_tudor_diagonal_frame_2",
                "conquest:mud_plaster_with_tudor_narrow_diagonal_frames_1",
                "conquest:mud_plaster_with_tudor_narrow_diagonal_frames_2",
                "conquest:wattle_with_tudor_cross_frame",
                "conquest:wattle_with_tudor_diagonal_upwards_frame",
                "conquest:wattle_with_tudor_diagonal_downwards_frame",
                "conquest:wattle_with_tudor_box_frame_1",
                "conquest:wattle_with_tudor_box_frame_2",
                "conquest:wattle_with_tudor_diagonal_frame_1",
                "conquest:wattle_with_tudor_diagonal_frame_2",
                "conquest:wattle_with_tudor_narrow_diagonal_frames_1",
                "conquest:wattle_with_tudor_narrow_diagonal_frames_2",
                "conquest:sandstone_with_tudor_cross_frame",
                "conquest:sandstone_with_tudor_diagonal_upwards_frame",
                "conquest:sandstone_with_tudor_diagonal_downwards_frame",
                "conquest:sandstone_with_tudor_box_frame_1",
                "conquest:sandstone_with_tudor_box_frame_2",
                "conquest:sandstone_with_tudor_diagonal_frame_1",
                "conquest:sandstone_with_tudor_diagonal_frame_2",
                "conquest:sandstone_with_tudor_narrow_diagonal_frames_1",
                "conquest:sandstone_with_tudor_narrow_diagonal_frames_2",
                "conquest:clay_brick_with_tudor_cross_frame",
                "conquest:clay_brick_with_tudor_diagonal_upwards_frame",
                "conquest:clay_brick_with_tudor_diagonal_downwards_frame",
                "conquest:clay_brick_with_tudor_box_frame_1",
                "conquest:clay_brick_with_tudor_box_frame_2",
                "conquest:clay_brick_with_tudor_diagonal_frame_1",
                "conquest:clay_brick_with_tudor_diagonal_frame_2",
                "conquest:clay_brick_with_tudor_narrow_diagonal_frames_1",
                "conquest:clay_brick_with_tudor_narrow_diagonal_frames_2",
                "conquest:red_clay_brick_with_tudor_cross_frame",
                "conquest:red_clay_brick_with_tudor_diagonal_upwards_frame",
                "conquest:red_clay_brick_with_tudor_diagonal_downwards_frame",
                "conquest:red_clay_brick_with_tudor_box_frame_1",
                "conquest:red_clay_brick_with_tudor_box_frame_2",
                "conquest:red_clay_brick_with_tudor_diagonal_frame_1",
                "conquest:red_clay_brick_with_tudor_diagonal_frame_2",
                "conquest:red_clay_brick_with_tudor_narrow_diagonal_frames_1",
                "conquest:red_clay_brick_with_tudor_narrow_diagonal_frames_2",
                "conquest:lime_mortar_red_clay_brick_with_tudor_cross_frame",
                "conquest:lime_mortar_red_clay_brick_with_tudor_diagonal_upwards_frame",
                "conquest:lime_mortar_red_clay_brick_with_tudor_diagonal_downwards_frame",
                "conquest:lime_mortar_red_clay_brick_with_tudor_box_frame_1",
                "conquest:lime_mortar_red_clay_brick_with_tudor_box_frame_2",
                "conquest:lime_mortar_red_clay_brick_with_tudor_diagonal_frame_1",
                "conquest:lime_mortar_red_clay_brick_with_tudor_diagonal_frame_2",
                "conquest:lime_mortar_red_clay_brick_with_tudor_narrow_diagonal_frames_1",
                "conquest:lime_mortar_red_clay_brick_with_tudor_narrow_diagonal_frames_2",
                "conquest:oak_planks_with_tudor_cross_frame",
                "conquest:oak_planks_with_tudor_box_frame_1",
                "conquest:oak_planks_with_tudor_diagonal_frame_1",
                "conquest:oak_planks_with_tudor_diagonal_frame_2",
                "conquest:ash_planks_with_tudor_cross_frame",
                "conquest:ash_planks_with_tudor_box_frame_1",
                "conquest:ash_planks_with_tudor_diagonal_frame_1",
                "conquest:ash_planks_with_tudor_diagonal_frame_2"
            ]
        }
    ],
    "icon": {
        "id": "conquest:tudor_cross_frame"
    }
}