{
    "targets": [
        "minecraft:spawn_eggs"
    ],
    "removals": [
        {
            "type": "id_match",
            "path": ".*"
        }
    ],
    "additions": [
        {
            "items": [
                "conquest:old_iron_block",
                "conquest:iron_artillery_block",
                "conquest:metal_dispenser",
                "conquest:metal_dropper",
                "conquest:metal_gear_box",
                "minecraft:iron_block",
                "conquest:iron_block_2",
                "conquest:rusty_iron_block",
                "conquest:steel_grating",
                "conquest:cross_hatched_metal_plating",
                "conquest:rusted_cross_hatched_metal_plating",
                "conquest:corrugated_metal",
                "conquest:damaged_corrugated_metal",
                "conquest:rusted_corrugated_metal",
                "conquest:old_rusted_metal_pillar",
                "minecraft:nether_bricks",
                "conquest:old_rusted_large_metal_brick",
                "conquest:old_rusted_metal_column",
                "minecraft:red_nether_bricks",
                "conquest:old_rusted_metal_runes",
                "minecraft:chiseled_nether_bricks",
                "minecraft:cracked_nether_bricks",
                "conquest:black_painted_metal_plating",
                "conquest:rusted_black_painted_metal_plating",
                "conquest:gray_painted_metal_plating",
                "conquest:rusted_gray_painted_metal_plating",
                "conquest:light_gray_painted_metal_plating",
                "conquest:rusted_light_gray_painted_metal_plating",
                "conquest:metal_plating",
                "conquest:rusted_metal_plating",
                "conquest:white_painted_metal_plating",
                "conquest:rusted_white_painted_metal_plating",
                "conquest:red_painted_metal_plating",
                "conquest:rusted_red_painted_metal_plating",
                "conquest:blue_painted_metal_plating",
                "conquest:rusted_blue_painted_metal_plating",
                "conquest:black_shipping_container",
                "conquest:gray_shipping_container",
                "conquest:white_shipping_container",
                "conquest:red_shipping_container",
                "conquest:tan_shipping_container",
                "conquest:blue_shipping_container",
                "conquest:yellow_shipping_container",
                "conquest:green_shipping_container",
                "minecraft:cyan_concrete",
                "minecraft:purpur_block",
                "minecraft:purpur_pillar",
                "minecraft:cyan_glazed_terracotta",
                "conquest:circuit_boards_and_screen",
                "conquest:iron_and_wood_gear_box",
                "conquest:chain_wrapped_around_log",
                "minecraft:chain",
                "conquest:iron_chains",
                "conquest:golden_chains",
                "conquest:rusty_chains",
                "conquest:small_iron_chains",
                "conquest:chains_on_the_ground",
                "conquest:metal_scaffolding",
                "conquest:iron_cage_bars",
                "conquest:cell_bars_pane",
                "conquest:bronze_lattice_pane",
                "conquest:dark_wrought_iron_fence_pane",
                "conquest:wrought_iron_fence_pane",
                "conquest:rusted_iron_fence_pane",
                "conquest:iron_spikes_pane",
                "minecraft:iron_door",
                "conquest:office_door",
                "conquest:blue_office_door",
                "conquest:tall_oxidized_bronze_door",
                "conquest:spiked_iron_gate",
                "conquest:reinforced_prison_door",
                "conquest:prison_door",
                "conquest:metal_stairs",
                "conquest:horizontal_metal_railings",
                "conquest:metal_grate",
                "conquest:iron_grate",
                "minecraft:iron_trapdoor",
                "conquest:cage_bars",
                "conquest:weather_vane",
                "minecraft:lightning_rod",
                "conquest:metal_hook",
                "conquest:barbed_wire",
                "conquest:pipe",
                "conquest:old_pipe",
                "conquest:black_pipe",
                "conquest:old_black_pipe",
                "conquest:red_pipe",
                "conquest:old_red_pipe",
                "conquest:brown_pipe",
                "conquest:old_brown_pipe",
                "conquest:blue_pipe",
                "conquest:old_blue_pipe",
                "conquest:yellow_pipe",
                "conquest:old_yellow_pipe",
                "conquest:green_pipe",
                "conquest:old_green_pipe",
                "conquest:steel_beam_vertical",
                "conquest:worn_red_painted_steel_beam_vertical",
                "conquest:red_painted_steel_beam_vertical",
                "minecraft:bell",
                "conquest:golden_bell",
                "conquest:brass_door_knob",
                "conquest:golden_door_knocker",
                "conquest:iron_door_knocker",
                "conquest:iron_door_knob",
                "conquest:cannonball",
                "minecraft:waxed_copper_block",
                "minecraft:waxed_exposed_copper",
                "minecraft:waxed_weathered_copper",
                "minecraft:waxed_oxidized_copper",
                "conquest:bronze_block",
                "conquest:bronze_block_with_dragon_design",
                "conquest:fancy_gilded_pattern",
                "conquest:gold_bar_pile",
                "conquest:pile_of_gold_coins",
                "minecraft:gold_block",
                "minecraft:emerald_block",
                "minecraft:redstone_block",
                "minecraft:netherite_block",
                "minecraft:end_portal_frame",
                "minecraft:glow_item_frame"
            ]
        }
    ],
    "icon": {
        "id": "iron_block"
    }
}