{
    "targets": [
        "minecraft:functional_blocks"
    ],
    "removals": [
        {
            "type": "id_match",
            "path": ".*"
        }
    ],
    "additions": [
        {
            "items": [
                "conquest:black_and_white_tesserae",
                "minecraft:chiseled_polished_blackstone",
                "minecraft:brown_glazed_terracotta",
                "conquest:gray_angled_tiles",
                "minecraft:light_gray_glazed_terracotta",
                "conquest:circular_carved_granite_design",
                "conquest:circular_carved_limestone_design",
                "minecraft:magenta_glazed_terracotta",
                "conquest:woven_granite_design",
                "conquest:gothic_sandstone_floor_tiles",
                "conquest:black_diamond_marble_pattern",
                "conquest:marble_checker_pattern",
                "conquest:small_marble_checker_pattern",
                "conquest:black_marble_diagonal_checker_pattern",
                "conquest:meander_bordered_mosaic",
                "conquest:black_square_marble_pattern",
                "minecraft:white_glazed_terracotta",
                "conquest:red_square_border_marble_pattern",
                "conquest:red_square_marble_pattern",
                "conquest:yellow_diamond_marble_pattern",
                "conquest:large_red_painted_tile",
                "conquest:brown_sandstone_comb_pattern",
                "minecraft:red_glazed_terracotta",
                "minecraft:black_glazed_terracotta",
                "conquest:dark_blue_roman_mosaic",
                "conquest:blue_roman_mosaic",
                "minecraft:orange_glazed_terracotta",
                "conquest:andalusian_mosaic",
                "conquest:complex_sandstone_design",
                "conquest:tan_clay_tiles",
                "conquest:mixed_clay_tiles",
                "conquest:light_clay_tiles",
                "conquest:brown_oven_tiles",
                "conquest:green_oven_tiles",
                "conquest:gold_blue_arabian_mosaic",
                "conquest:gold_blue_arabian_mosaic_1",
                "conquest:gold_blue_arabian_mosaic_2",
                "minecraft:green_glazed_terracotta",
                "conquest:fancy_oriental_mosaic",
                "minecraft:yellow_glazed_terracotta"
            ]
        }
    ],
    "icon": {
        "id": "conquest:andalusian_mosaic"
    }
}