{
    "targets": [
        "minecraft:food_and_drinks"
    ],
    "removals": [
        {
            "type": "id_match",
            "path": ".*"
        }
    ],
    "additions": [
        {
            "items": [
                "minecraft:stripped_oak_log",
                "conquest:tarred_oak_wood_beam",
                "conquest:wall_of_oak_logs",
                "minecraft:oak_planks",
                "conquest:narrow_oak_wood_planks",
                "conquest:oak_platform",
                "conquest:old_oak_wood_planks",
                "conquest:vertical_narrow_oak_wood_planks",
                "minecraft:stripped_dark_oak_log",
                "conquest:tarred_dark_oak_wood_beam",
                "minecraft:dark_oak_planks",
                "minecraft:stripped_birch_log",
                "conquest:tarred_birch_wood_beam",
                "conquest:wall_of_birch_logs",
                "minecraft:birch_planks",
                "conquest:light_birch_wood_planks",
                "conquest:aspen_wood_beam",
                "conquest:aspen_wood_planks",
                "conquest:beech_wood_beam",
                "conquest:beech_wood_planks",
                "conquest:ash_wood_beam",
                "conquest:ash_wood_planks",
                "conquest:willow_wood_beam",
                "conquest:willow_wood_planks",
                "conquest:goat_sallow_wood_planks",
                "conquest:apple_wood_beam",
                "conquest:apple_wood_planks",
                "conquest:pine_wood_beam",
                "conquest:pine_wood_planks",
                "minecraft:stripped_spruce_log",
                "conquest:tarred_spruce_wood_beam",
                "conquest:wall_of_spruce_logs",
                "conquest:wall_of_old_spruce_logs",
                "minecraft:spruce_planks",
                "conquest:reinforced_spruce_wood_planks",
                "conquest:spruce_paneling",
                "conquest:spruce_platform",
                "conquest:rustic_spruce_wood_planks",
                "conquest:norway_spruce_wood_beam",
                "conquest:norway_spruce_wood_planks",
                "conquest:larch_wood_beam",
                "conquest:larch_wood_planks",
                "minecraft:stripped_mangrove_log",
                "minecraft:mangrove_planks",
                "minecraft:stripped_acacia_log",
                "minecraft:acacia_planks",
                "conquest:red_acacia_wood_planks",
                "minecraft:stripped_cherry_log",
                "minecraft:cherry_planks",
                "conquest:horse_chestnut_wood_beam",
                "conquest:horse_chestnut_wood_planks",
                "conquest:alder_wood_planks",
                "conquest:vertical_alder_wood_planks",
                "conquest:rowan_wood_beam",
                "conquest:rowan_wood_planks",
                "minecraft:stripped_jungle_log",
                "minecraft:jungle_planks",
                "conquest:mossy_palm_wood_planks",
                "conquest:barnacle_covered_palm_wood_planks",
                "conquest:mallorn_wood_beam",
                "conquest:mallorn_wood_planks",
                "conquest:staves",
                "conquest:stacked_firewood",
                "conquest:bundled_firewood",
                "minecraft:bamboo_block",
                "minecraft:stripped_bamboo_block",
                "minecraft:bamboo_planks",
                "minecraft:bamboo_mosaic",
                "minecraft:scaffolding",
                "conquest:wood_scaffolding",
                "conquest:wooden_support_frame",
                "conquest:wooden_supports",
                "conquest:wooden_beam_vertical"
            ]
        }
    ],
    "icon": {
        "id": "oak_planks"
    }
}