{
    "targets": [
        "minecraft:redstone_blocks"
    ],
    "removals": [
        {
            "type": "id_match",
            "path": ".*"
        }
    ],
    "additions": [
        {
            "items": [
                "conquest:black_stucco",
                "conquest:white_stucco",
                "conquest:white_stucco_design",
                "conquest:white_stucco_arch_design",
                "conquest:off_white_stucco",
                "conquest:stained_white_stucco",
                "conquest:light_gray_stucco",
                "conquest:white_meander_on_red_stucco",
                "conquest:first_style_red_stucco_panel",
                "conquest:red_stucco_with_gold_line",
                "conquest:red_stucco",
                "conquest:light_red_stucco",
                "conquest:burnt_sienna_stucco",
                "conquest:burnt_sienna_stucco_arch_design",
                "conquest:burnt_sienna_stucco_fancy_design",
                "conquest:orange_stucco_with_red_diamond",
                "conquest:orange_stucco",
                "conquest:blue_stucco",
                "conquest:light_blue_stucco",
                "conquest:cyan_stucco",
                "conquest:light_sienna_stucco",
                "conquest:light_sienna_stucco_line_design",
                "conquest:light_sienna_stucco_fancy_design",
                "conquest:tan_stucco",
                "conquest:green_stucco",
                "conquest:lime_stucco",
                "conquest:purple_stucco",
                "conquest:magenta_stucco",
                "conquest:fancy_gray_elven_plaster",
                "conquest:light_gray_plaster",
                "minecraft:light_gray_terracotta",
                "conquest:white_plaster",
                "conquest:worn_white_plaster",
                "conquest:white_plaster_with_masonry_lines",
                "conquest:white_plaster_with_red_masonry_lines",
                "conquest:worn_white_plaster_with_red_masonry_lines",
                "conquest:white_plaster_with_red_lines",
                "conquest:red_tooth_pattern_on_white_plaster",
                "conquest:rough_white_plaster",
                "conquest:rose_plaster",
                "conquest:roman_brick_with_rose_plaster",
                "conquest:red_plaster_with_white_masonry_lines",
                "conquest:red_white_floral_frieze",
                "conquest:gray_gothic_arch_frieze",
                "conquest:white_gray_floral_frieze",
                "conquest:peach_plaster",
                "conquest:worn_peach_plaster",
                "conquest:brown_plaster",
                "conquest:worn_brown_plaster",
                "conquest:orange_plaster",
                "conquest:orange_plaster_with_sandstone_base",
                "conquest:light_blue_plaster",
                "conquest:yellow_plaster",
                "conquest:worn_yellow_plaster_on_brick",
                "conquest:worn_yellow_plaster",
                "conquest:purple_plaster",
                "minecraft:purple_terracotta",
                "conquest:magenta_plaster",
                "minecraft:magenta_terracotta",
                "conquest:brown_plastered_logs",
                "conquest:fully_brown_plastered_logs",
                "conquest:white_plastered_logs",
                "conquest:fully_white_plastered_logs",
                "conquest:clay_mud_wall",
                "conquest:red_and_blue_stripes_on_clay_mud_wall",
                "conquest:wallpaper_with_gilded_border",
                "minecraft:pink_glazed_terracotta",
                "conquest:red_baroque_wallpaper",
                "conquest:red_wallpaper",
                "minecraft:purple_glazed_terracotta",
                "conquest:red_spiral_wall_design",
                "conquest:green_wallpaper",
                "minecraft:lime_glazed_terracotta",
                "conquest:wallpaper_with_fleur_de_lis",
                "conquest:blue_baroque_wallpaper",
                "conquest:blue_wallpaper",
                "minecraft:blue_glazed_terracotta",
                "conquest:yellow_baroque_wallpaper",
                "conquest:large_black_painted_block",
                "conquest:smooth_large_black_painted_block",
                "conquest:large_inscribed_black_painted_block",
                "conquest:smooth_large_inscribed_black_painted_block",
                "conquest:black_painted_frieze",
                "conquest:third_style_black_wall",
                "conquest:simple_black_socle",
                "conquest:black_baroque_wall",
                "conquest:fancy_black_socle",
                "conquest:black_wall_and_magenta_cornice",
                "conquest:white_baroque_wall",
                "conquest:etruscan_white_and_yellow_dado",
                "conquest:etruscan_magenta_and_orange_dado",
                "conquest:etruscan_wall_design_1",
                "conquest:red_wall_and_black_cornice",
                "conquest:red_wall_and_fancy_black_cornice",
                "conquest:green_baroque_wall",
                "conquest:fancy_magenta_socle",
                "conquest:third_style_red_wall_3",
                "conquest:third_style_red_wall_2",
                "conquest:third_style_red_wall_1",
                "conquest:first_style_polychrome_isodomic_courses",
                "conquest:simple_red_socle",
                "conquest:red_painted_travertine_tracery",
                "conquest:red_painted_travertine_tracery_1",
                "conquest:black_painted_travertine_tracery",
                "conquest:black_painted_travertine_tracery_1",
                "conquest:plastered_travertine_tracery",
                "conquest:etruscan_blue_meander_pattern",
                "conquest:fourth_style_white_upper_module_1",
                "conquest:fourth_style_white_upper_module_2",
                "conquest:white_blue_floral_frieze",
                "conquest:white_red_ribbon_frieze",
                "conquest:red_white_romanesque_frieze",
                "conquest:red_white_green_gothic_frieze",
                "conquest:red_yellow_and_blue_checker_pattern",
                "conquest:gothic_checkered_plaster",
                "conquest:romanesque_checkered_plaster",
                "conquest:red_oriental_vertical_pattern",
                "minecraft:black_concrete",
                "minecraft:black_concrete_powder",
                "minecraft:gray_concrete_powder",
                "minecraft:light_gray_concrete",
                "conquest:damaged_concrete_wall",
                "minecraft:light_gray_concrete_powder",
                "minecraft:white_concrete",
                "minecraft:white_concrete_powder",
                "minecraft:red_concrete",
                "minecraft:red_concrete_powder",
                "minecraft:brown_concrete",
                "minecraft:brown_concrete_powder",
                "minecraft:orange_concrete",
                "minecraft:orange_concrete_powder",
                "minecraft:blue_concrete",
                "minecraft:blue_concrete_powder",
                "minecraft:light_blue_concrete",
                "minecraft:light_blue_concrete_powder",
                "minecraft:cyan_concrete_powder",
                "minecraft:yellow_concrete",
                "minecraft:yellow_concrete_powder",
                "minecraft:green_concrete",
                "minecraft:green_concrete_powder",
                "minecraft:lime_concrete",
                "minecraft:lime_concrete_powder",
                "minecraft:pink_concrete",
                "minecraft:pink_concrete_powder",
                "minecraft:purple_concrete",
                "minecraft:purple_concrete_powder",
                "minecraft:magenta_concrete",
                "minecraft:magenta_concrete_powder",
                "conquest:caution_stripes"
            ]
        }
    ],
    "icon": {
        "id": "conquest:etruscan_wall_design_1"
    }
}