{
    "targets": [
        "minecraft:combat"
    ],
    "removals": [
        {
            "type": "id_match",
            "path": ".*"
        }
    ],
    "additions": [
        {
            "items": [
                "minecraft:waxed_cut_copper",
                "minecraft:waxed_exposed_cut_copper",
                "minecraft:waxed_weathered_cut_copper",
                "minecraft:waxed_oxidized_cut_copper",
                "conquest:oxidized_copper_roof",
                "conquest:dark_slate_roof_tiles",
                "minecraft:cyan_terracotta",
                "conquest:dark_cotswold_slate_tiles",
                "conquest:light_cotswold_slate_tiles",
                "conquest:red_diamond_slate_shingles",
                "conquest:red_clay_tiles",
                "minecraft:pink_terracotta",
                "conquest:terracotta_imbrices_and_tegulae",
                "conquest:red_imbrices_and_tegulae",
                "conquest:dark_red_imbrices_and_tegulae",
                "conquest:dark_imbrices_and_tegulae",
                "conquest:brown_imbrices_and_tegulae",
                "conquest:red_clay_beaver_tail_tiles",
                "conquest:light_red_clay_beaver_tail_tiles",
                "conquest:orange_clay_beaver_tail_tiles",
                "conquest:brown_clay_beaver_tail_tiles",
                "conquest:pink_clay_beaver_tail_tiles",
                "conquest:dark_red_diamond_clay_shingles",
                "conquest:red_diamond_clay_shingles",
                "conquest:orange_diamond_clay_shingles",
                "conquest:brown_diamond_clay_shingles",
                "minecraft:blue_terracotta",
                "minecraft:light_blue_terracotta",
                "conquest:light_blue_clay_beaver_tail_tiles",
                "minecraft:deepslate_tiles",
                "minecraft:cracked_deepslate_tiles",
                "conquest:blue_diamond_clay_shingles",
                "conquest:blue_green_diamond_clay_shingles",
                "minecraft:green_terracotta",
                "minecraft:lime_terracotta",
                "conquest:brown_red_wood_shingles",
                "conquest:brown_wood_diamond_shingles",
                "conquest:brown_wood_shingles",
                "conquest:brown_gray_wood_shingles",
                "conquest:gray_wood_shingles",
                "conquest:gray_wood_diamond_shingles",
                "conquest:gray_thatch",
                "conquest:gray_thatch_tracery",
                "conquest:mossy_gray_thatch",
                "conquest:overgrown_mossy_gray_thatch",
                "conquest:dark_gray_thatch",
                "conquest:dark_gray_thatch_tracery",
                "conquest:overgrown_mossy_dark_gray_thatch",
                "conquest:dark_brown_thatch",
                "conquest:dark_brown_thatch_tracery",
                "conquest:overgrown_mossy_dark_brown_thatch",
                "conquest:brown_thatch",
                "conquest:brown_thatch_tracery",
                "conquest:mossy_brown_thatch",
                "conquest:dark_yellow_thatch",
                "conquest:dark_yellow_thatch_tracery",
                "conquest:mossy_dark_yellow_thatch",
                "conquest:yellow_thatch",
                "conquest:yellow_thatch_tracery",
                "conquest:mossy_yellow_thatch"
            ]
        }
    ],
    "icon": {
        "id": "conquest:terracotta_imbrices_and_tegulae"
    }
}