{
	"credit": "Made with Blockbench",
	"parent": "item/generated",
	"textures": {
		"layer0": "item/bow_standby.png"
	},
	"display": {
		"thirdperson_righthand": {
			"rotation": [30.75, -105.25, 57.25],
			"translation": [0.5, 1.75, -2.75],
			"scale": [0.9, 0.9, 0.6]
		},
		"thirdperson_lefthand": {
			"rotation": [-23.25, 260.5, 95.5],
			"translation": [-0.5, 2, -2.75],
			"scale": [0.9, 0.9, 0.6]
		},
		"firstperson_righthand": {
			"rotation": [111, 4, -148],
			"translation": [-3.25, 2.75, -1.5],
			"scale": [-0.68, 0.68, 0.3]
		},
		"firstperson_lefthand": {
			"rotation": [112.25, 10.75, -142.25],
			"translation": [-2.5, 2.5, -3.5],
			"scale": [0.68, 0.68, 0.3]
		},
		"ground": {
			"translation": [0, 2, 0],
			"scale": [0.5, 0.5, 0.5]
		},
		"fixed": {
			"rotation": [0, 180, 0],
			"translation": [0, 0, -0.5]
		}
	}
}