{
	"credit": "Made with Blockbench",
	"texture_size": [32, 32],
	"textures": {
		"1": "item/sylph_sword",
		"2": "item/sylph_sword_bld",
		"particle": "item/sylph_sword_bld"
	},
	"elements": [
		{
			"from": [7.6, -6.7, 8.1],
			"to": [10.4, 13.3, 8.1],
			"rotation": {"angle": 0, "axis": "y", "origin": [0, 2.7, 0]},
			"faces": {
				"north": {"uv": [0, 0, 1.5, 10], "texture": "#2"},
				"east": {"uv": [0, 0, 0, 10], "texture": "#2"},
				"south": {"uv": [1.5, 0, 3, 10], "texture": "#2"},
				"west": {"uv": [0, 0, 0, 10], "texture": "#2"},
				"up": {"uv": [1.5, 0, 0, 0], "texture": "#2"},
				"down": {"uv": [1.5, 0, 0, 0], "texture": "#2"}
			}
		},
		{
			"from": [10.4, -6.7, 8.1],
			"to": [13.2, 13.3, 8.1],
			"rotation": {"angle": 0, "axis": "y", "origin": [0, 2.7, 0]},
			"faces": {
				"north": {"uv": [8, 0, 9.5, 10], "texture": "#2"},
				"east": {"uv": [0, 0, 0, 10], "texture": "#2"},
				"south": {"uv": [6.5, 0, 8, 10], "texture": "#2"},
				"west": {"uv": [0, 0, 0, 10], "texture": "#2"},
				"up": {"uv": [1.5, 0, 0, 0], "texture": "#2"},
				"down": {"uv": [1.5, 0, 0, 0], "texture": "#2"}
			}
		},
		{
			"from": [4.8, -6.7, 8.1],
			"to": [7.6, 13.3, 8.1],
			"rotation": {"angle": 0, "axis": "y", "origin": [0, 2.7, 0]},
			"faces": {
				"north": {"uv": [4.5, 0, 6, 10], "texture": "#2"},
				"east": {"uv": [0, 0, 0, 10], "texture": "#2"},
				"south": {"uv": [3, 0, 4.5, 10], "texture": "#2"},
				"west": {"uv": [0, 0, 0, 10], "texture": "#2"},
				"up": {"uv": [1.5, 0, 0, 0], "texture": "#2"},
				"down": {"uv": [1.5, 0, 0, 0], "texture": "#2"}
			}
		},
		{
			"from": [12.6, -12.3, 8.1],
			"to": [15.4, -7.3, 8.1],
			"rotation": {"angle": -22.5, "axis": "z", "origin": [0, 2.7, 0]},
			"faces": {
				"north": {"uv": [14.5, 13.5, 16, 16], "texture": "#2"},
				"east": {"uv": [0, 0, 0, 10], "texture": "#2"},
				"south": {"uv": [13, 13.5, 14.5, 16], "texture": "#2"},
				"west": {"uv": [0, 0, 0, 10], "texture": "#2"},
				"up": {"uv": [1.5, 0, 0, 0], "texture": "#2"},
				"down": {"uv": [1.5, 0, 0, 0], "texture": "#2"}
			}
		},
		{
			"from": [8.5, -12.9, 7.7],
			"to": [9.5, -12.1, 8.5],
			"rotation": {"angle": 0, "axis": "y", "origin": [0, 2.7, 0]},
			"faces": {
				"north": {"uv": [4, 4, 5, 5], "texture": "#1"},
				"east": {"uv": [0, 5, 1, 6], "texture": "#1"},
				"south": {"uv": [1, 5, 2, 6], "texture": "#1"},
				"west": {"uv": [2, 5, 3, 6], "texture": "#1"},
				"up": {"uv": [4, 6, 3, 5], "texture": "#1"},
				"down": {"uv": [5, 5, 4, 6], "texture": "#1"}
			}
		},
		{
			"from": [8.6, -12.1, 7.7],
			"to": [9.4, -7.1, 8.5],
			"rotation": {"angle": 0, "axis": "y", "origin": [0, 2.7, 0]},
			"faces": {
				"north": {"uv": [0, 0, 1, 5], "texture": "#1"},
				"east": {"uv": [1, 0, 2, 5], "texture": "#1"},
				"south": {"uv": [2, 0, 3, 5], "texture": "#1"},
				"west": {"uv": [3, 0, 4, 5], "texture": "#1"},
				"up": {"uv": [6, 5, 5, 4], "texture": "#1"},
				"down": {"uv": [6, 5, 5, 6], "texture": "#1"}
			}
		},
		{
			"from": [8.7, -5.4, 7.95],
			"to": [9.3, -4.7, 8.25],
			"faces": {
				"north": {"uv": [0, 6, 1, 7], "texture": "#1"},
				"east": {"uv": [6, 0, 7, 1], "texture": "#1"},
				"south": {"uv": [1, 6, 2, 7], "texture": "#1"},
				"west": {"uv": [6, 1, 7, 2], "texture": "#1"},
				"up": {"uv": [3, 7, 2, 6], "texture": "#1"},
				"down": {"uv": [7, 2, 6, 3], "texture": "#1"}
			}
		},
		{
			"from": [8.6, -6.1, 7.85],
			"to": [9.4, -5.4, 8.35],
			"faces": {
				"north": {"uv": [3, 6, 4, 7], "texture": "#1"},
				"east": {"uv": [6, 3, 7, 4], "texture": "#1"},
				"south": {"uv": [4, 6, 5, 7], "texture": "#1"},
				"west": {"uv": [6, 4, 7, 5], "texture": "#1"},
				"up": {"uv": [6, 7, 5, 6], "texture": "#1"},
				"down": {"uv": [7, 5, 6, 6], "texture": "#1"}
			}
		},
		{
			"from": [10.87, -12.49, 7.9],
			"to": [11.27, -11.99, 8.3],
			"rotation": {"angle": 45, "axis": "z", "origin": [11.04501, -12.26123, 8.1]},
			"faces": {
				"north": {"uv": [6, 6, 7, 7], "texture": "#1"},
				"east": {"uv": [0, 7, 1, 8], "texture": "#1"},
				"south": {"uv": [7, 0, 8, 1], "texture": "#1"},
				"west": {"uv": [1, 7, 2, 8], "texture": "#1"},
				"up": {"uv": [8, 2, 7, 1], "texture": "#1"},
				"down": {"uv": [3, 7, 2, 8], "texture": "#1"}
			}
		},
		{
			"from": [9.44, -12.23, 8],
			"to": [10.94, -12.03, 8.2],
			"faces": {
				"north": {"uv": [4, 0, 6, 1], "texture": "#1"},
				"east": {"uv": [7, 2, 8, 3], "texture": "#1"},
				"south": {"uv": [4, 1, 6, 2], "texture": "#1"},
				"west": {"uv": [3, 7, 4, 8], "texture": "#1"},
				"up": {"uv": [6, 3, 4, 2], "texture": "#1"},
				"down": {"uv": [6, 3, 4, 4], "texture": "#1"}
			}
		},
		{
			"from": [5.04, -15.83, 7.85],
			"to": [5.44, -15.33, 8.35],
			"rotation": {"angle": 22.5, "axis": "z", "origin": [0, 0, 0]},
			"faces": {
				"north": {"uv": [7, 3, 8, 4], "texture": "#1"},
				"east": {"uv": [4, 7, 5, 8], "texture": "#1"},
				"south": {"uv": [7, 4, 8, 5], "texture": "#1"},
				"west": {"uv": [5, 7, 6, 8], "texture": "#1"},
				"up": {"uv": [8, 6, 7, 5], "texture": "#1"},
				"down": {"uv": [7, 7, 6, 8], "texture": "#1"}
			}
		},
		{
			"from": [4.14, -15.89, 7.8],
			"to": [5.04, -15.29, 8.4],
			"rotation": {"angle": 22.5, "axis": "z", "origin": [0, 0, 0]},
			"faces": {
				"north": {"uv": [7, 6, 8, 7], "texture": "#1"},
				"east": {"uv": [7, 7, 8, 8], "texture": "#1"},
				"south": {"uv": [0, 8, 1, 9], "texture": "#1"},
				"west": {"uv": [8, 0, 9, 1], "texture": "#1"},
				"up": {"uv": [2, 9, 1, 8], "texture": "#1"},
				"down": {"uv": [9, 1, 8, 2], "texture": "#1"}
			}
		},
		{
			"from": [14.2, -8.1, 7.75],
			"to": [15.2, -7.3, 8.45],
			"rotation": {"angle": -22.5, "axis": "z", "origin": [0, 2.7, 0]},
			"faces": {
				"north": {"uv": [2, 8, 3, 9], "texture": "#1"},
				"east": {"uv": [8, 2, 9, 3], "texture": "#1"},
				"south": {"uv": [3, 8, 4, 9], "texture": "#1"},
				"west": {"uv": [8, 3, 9, 4], "texture": "#1"},
				"up": {"uv": [5, 9, 4, 8], "texture": "#1"},
				"down": {"uv": [9, 4, 8, 5], "texture": "#1"}
			}
		},
		{
			"from": [8.3, -6.8, 7.75],
			"to": [9.7, -6.1, 8.45],
			"faces": {
				"north": {"uv": [5, 8, 6, 9], "texture": "#1"},
				"east": {"uv": [8, 5, 9, 6], "texture": "#1"},
				"south": {"uv": [6, 8, 7, 9], "texture": "#1"},
				"west": {"uv": [8, 6, 9, 7], "texture": "#1"},
				"up": {"uv": [8, 9, 7, 8], "texture": "#1"},
				"down": {"uv": [9, 7, 8, 8], "texture": "#1"}
			}
		},
		{
			"from": [8.4, -7.1, 7.65],
			"to": [9.6, -6.6, 8.55],
			"faces": {
				"north": {"uv": [8, 8, 9, 9], "texture": "#1"},
				"east": {"uv": [0, 9, 1, 10], "texture": "#1"},
				"south": {"uv": [9, 0, 10, 1], "texture": "#1"},
				"west": {"uv": [1, 9, 2, 10], "texture": "#1"},
				"up": {"uv": [10, 2, 9, 1], "texture": "#1"},
				"down": {"uv": [3, 9, 2, 10], "texture": "#1"}
			}
		}
	],
	"display": {
		"thirdperson_righthand": {
			"rotation": [0, 90, 0],
			"translation": [0, 15.5, 1.25]
		},
		"thirdperson_lefthand": {
			"rotation": [0, 90, 180],
			"translation": [-1, -19, 2]
		},
		"firstperson_righthand": {
			"rotation": [0, 90, 0],
			"translation": [1, 16, 2]
		},
		"firstperson_lefthand": {
			"rotation": [-8, 90, 180],
			"translation": [3, -14.5, 2]
		},
		"ground": {
			"rotation": [90, 0, 90],
			"translation": [-10.25, 0, 0],
			"scale": [1.03, 1.03, 1.03]
		},
		"gui": {
			"rotation": [0, -180, -35],
			"translation": [-3.5, 5.25, 0],
			"scale": [0.64, 0.64, 0.64]
		},
		"head": {
			"rotation": [180, 0, 20],
			"translation": [-1.75, -33, 4.25],
			"scale": [1.4, 1.4, 1.4]
		},
		"fixed": {
			"rotation": [0, 0, 180],
			"translation": [1.25, -17.25, -1],
			"scale": [2, 2, 2]
		}
	},
	"groups": [
		{
			"name": "group",
			"origin": [0, 2.7, 0],
			"color": 0,
			"nbt": "{}",
			"armAnimationEnabled": false,
			"children": [
				{
					"name": "group",
					"origin": [0, 2.7, 0],
					"color": 0,
					"nbt": "{}",
					"armAnimationEnabled": false,
					"children": [0, 1, 2, 3]
				},
				{
					"name": "group",
					"origin": [8, 8, 8],
					"color": 0,
					"nbt": "{}",
					"armAnimationEnabled": false,
					"children": [4, 5, 6, 7, 8, 9, 10, 11, 12, 13, 14]
				}
			]
		}
	]
}