{
    "name": "bird",
    "menu": "_Pets",
    "author": "Anfauglir/Valaron/Jakob",
    "body_part": "body",
    "hidden_parts": [],
    "texture": "moreplayermodels:textures/pets/bird.png",
    "can_use_player_skin": false,
    "preview_rotation": 45,
    
    "render_type": "bedrock",
    "render_data": {
        "format_version": "1.12.0",
        "minecraft:geometry": [
            {
                "description": {
                    "identifier": "geometry.steve",
                    "texture_width": 32,
                    "texture_height": 32,
                    "visible_bounds_width": 2,
                    "visible_bounds_height": 1.5,
                    "visible_bounds_offset": [0, 0.25, 0]
                },
                "bones": [
                    {
                        "name": "body",
                        "pivot": [0, 0, 0]
                    },
                    {
                        "name": "bird",
                        "parent": "body",
                        "pivot": [6.55193, 4.57547, -0.11707],
                        "rotation": [-62.61878, 49.1684, -68.60041],
                        "cubes": [
                            {"origin": [2.55193, 4.57547, -2.11707], "size": [2, 0, 3], "pivot": [6.55193, 4.57547, -0.11707], "rotation": [0, 0, -50], "uv": [10, 0]},
                            {"origin": [1.55193, 4.07547, -2.11707], "size": [1, 1, 1], "pivot": [6.55193, 4.57547, -0.11707], "rotation": [0, 0, -50], "uv": [12, 10]},
                            {"origin": [1.55193, 4.07547, -0.11707], "size": [1, 1, 1], "pivot": [6.55193, 4.57547, -0.11707], "rotation": [0, 0, -50], "uv": [12, 12]},
                            {"origin": [3.55193, 2.57547, -2.11707], "size": [5, 3, 3], "uv": [0, 0]},
                            {"origin": [-0.44807, 3.32547, -1.61707], "size": [4, 2, 2], "uv": [0, 12]}
                        ]
                    },
                    {
                        "name": "head",
                        "parent": "bird",
                        "pivot": [8.05193, 4.07547, -0.61707],
                        "rotation": [0, 0, 45],
                        "cubes": [
                            {"origin": [7.20548, 3.07547, -2.11707], "size": [3, 3, 3], "inflate": -0.2, "uv": [0, 6]},
                            {"origin": [10.00548, 4.07547, -1.11707], "size": [1, 1, 1], "uv": [12, 14]}
                        ]
                    },
                    {
                        "name": "wing_right",
                        "parent": "bird",
                        "pivot": [8.55193, 4.57547, -2.11707],
                        "rotation": [5, -7.5, 0],
                        "cubes": [
                            {"origin": [3.55193, 2.57547, -2.11707], "size": [5, 3, 0], "uv": [9, 6]}
                        ]
                    },
                    {
                        "name": "wing_left",
                        "parent": "bird",
                        "pivot": [8.55193, 4.57547, 0.88293],
                        "rotation": [-5, 7.5, 0],
                        "cubes": [
                            {"origin": [3.55193, 2.57547, 0.88293], "size": [5, 3, 0], "uv": [9, 6]}
                        ]
                    }
                ]
            }
        ]
    }
}