{
	"credit": "Made with Blockbench",
	"texture_size": [8, 8],
	"textures": {
		"2": "item/arm_cannon",
		"3": "item/pt_arm_cannon"
	},
	"elements": [
		{
			"from": [5.2, 4.4, 18],
			"to": [9, 9, 19.6],
			"faces": {
				"north": {"uv": [0, 0, 2, 2.5], "texture": "#2"},
				"east": {"uv": [9, 3, 10, 5.5], "texture": "#2"},
				"south": {"uv": [2, 0, 4, 2.5], "texture": "#2"},
				"west": {"uv": [6, 9, 7, 11.5], "texture": "#2"},
				"up": {"uv": [11, 6.5, 9, 5.5], "texture": "#2"},
				"down": {"uv": [11, 6.5, 9, 7.5], "texture": "#2"}
			}
		},
		{
			"from": [5.1, 4.3, 10.4],
			"to": [8.9, 9.1, 11],
			"faces": {
				"north": {"uv": [0, 2.5, 2, 5], "texture": "#2"},
				"east": {"uv": [3, 10, 3.5, 12.5], "texture": "#2"},
				"south": {"uv": [2, 2.5, 4, 5], "texture": "#2"},
				"west": {"uv": [10, 3, 10.5, 5.5], "texture": "#2"},
				"up": {"uv": [13, 4, 11, 3.5], "texture": "#2"},
				"down": {"uv": [13, 4, 11, 4.5], "texture": "#2"}
			}
		},
		{
			"from": [5.1, 5.7, 11.6],
			"to": [8.9, 9.1, 12.2],
			"faces": {
				"north": {"uv": [6, 7.5, 8, 9], "texture": "#2"},
				"east": {"uv": [2.5, 11, 3, 12.5], "texture": "#2"},
				"south": {"uv": [8, 0, 10, 1.5], "texture": "#2"},
				"west": {"uv": [8, 11.5, 8.5, 13], "texture": "#2"},
				"up": {"uv": [13, 5, 11, 4.5], "texture": "#2"},
				"down": {"uv": [13, 5, 11, 5.5], "texture": "#2"}
			}
		},
		{
			"from": [5.7, 4.4, 17.2],
			"to": [8.9, 9, 18],
			"faces": {
				"north": {"uv": [6, 2.5, 7.5, 5], "texture": "#2"},
				"east": {"uv": [3.5, 10, 4, 12.5], "texture": "#2"},
				"south": {"uv": [6, 5, 7.5, 7.5], "texture": "#2"},
				"west": {"uv": [4, 10, 4.5, 12.5], "texture": "#2"},
				"up": {"uv": [10, 12, 8.5, 11.5], "texture": "#2"},
				"down": {"uv": [12.5, 11.5, 11, 12], "texture": "#2"}
			}
		},
		{
			"from": [6.2, 4.4, 16.4],
			"to": [9, 9, 17.2],
			"faces": {
				"north": {"uv": [0, 7.5, 1.5, 10], "texture": "#2"},
				"east": {"uv": [4.5, 10, 5, 12.5], "texture": "#2"},
				"south": {"uv": [1.5, 7.5, 3, 10], "texture": "#2"},
				"west": {"uv": [5, 10, 5.5, 12.5], "texture": "#2"},
				"up": {"uv": [13.5, 0.5, 12, 0], "texture": "#2"},
				"down": {"uv": [13.5, 0.5, 12, 1], "texture": "#2"}
			}
		},
		{
			"from": [6.7, 4.4, 15.6],
			"to": [8.9, 9, 16.4],
			"faces": {
				"north": {"uv": [7, 9, 8, 11.5], "texture": "#2"},
				"east": {"uv": [5.5, 10, 6, 12.5], "texture": "#2"},
				"south": {"uv": [8, 9, 9, 11.5], "texture": "#2"},
				"west": {"uv": [10, 7.5, 10.5, 10], "texture": "#2"},
				"up": {"uv": [9, 2, 8, 1.5], "texture": "#2"},
				"down": {"uv": [9, 2, 8, 2.5], "texture": "#2"}
			}
		},
		{
			"from": [7.2, 4.4, 14.8],
			"to": [9, 9, 15.6],
			"faces": {
				"north": {"uv": [9, 9, 10, 11.5], "texture": "#2"},
				"east": {"uv": [10, 10, 10.5, 12.5], "texture": "#2"},
				"south": {"uv": [0, 10, 1, 12.5], "texture": "#2"},
				"west": {"uv": [10.5, 3, 11, 5.5], "texture": "#2"},
				"up": {"uv": [11, 1.5, 10, 1], "texture": "#2"},
				"down": {"uv": [12, 12, 11, 12.5], "texture": "#2"}
			}
		},
		{
			"from": [5.2, 4.45, 15.4],
			"to": [7.7, 8.95, 16.2],
			"faces": {
				"north": {"uv": [7.5, 2.5, 9, 5], "texture": "#2"},
				"east": {"uv": [10.5, 7.5, 11, 10], "texture": "#2"},
				"south": {"uv": [3, 7.5, 4.5, 10], "texture": "#2"},
				"west": {"uv": [10.5, 10, 11, 12.5], "texture": "#2"},
				"up": {"uv": [7.5, 12.5, 6, 12], "texture": "#2"},
				"down": {"uv": [10, 12, 8.5, 12.5], "texture": "#2"}
			}
		},
		{
			"from": [5.2, 4.4, 7],
			"to": [8.8, 9, 10.4],
			"faces": {
				"north": {"uv": [4, 0, 6, 2.5], "texture": "#2"},
				"east": {"uv": [4.5, 7.5, 6, 10], "texture": "#2"},
				"south": {"uv": [4, 2.5, 6, 5], "texture": "#2"},
				"west": {"uv": [7.5, 5, 9, 7.5], "texture": "#2"},
				"up": {"uv": [10, 9, 8, 7.5], "texture": "#2"},
				"down": {"uv": [11, 1.5, 9, 3], "texture": "#2"}
			}
		},
		{
			"from": [5.15, 6.2, 8.1],
			"to": [8.85, 7.2, 10.4],
			"faces": {
				"north": {"uv": [11, 5.5, 13, 6], "texture": "#2"},
				"east": {"uv": [12, 12, 13, 12.5], "texture": "#2"},
				"south": {"uv": [11, 6, 13, 6.5], "texture": "#2"},
				"west": {"uv": [0, 12.5, 1, 13], "texture": "#2"},
				"up": {"uv": [12, 1, 10, 0], "texture": "#2"},
				"down": {"uv": [3, 10, 1, 11], "texture": "#2"}
			}
		},
		{
			"from": [5.2, 4.4, 10.8],
			"to": [8.75, 8.95, 11.7],
			"faces": {
				"north": {"uv": [0, 5, 2, 7.5], "texture": "#2"},
				"east": {"uv": [1, 11, 1.5, 13.5], "texture": "#2"},
				"south": {"uv": [2, 5, 4, 7.5], "texture": "#2"},
				"west": {"uv": [11, 1, 11.5, 3.5], "texture": "#2"},
				"up": {"uv": [13, 7, 11, 6.5], "texture": "#2"},
				"down": {"uv": [13, 7, 11, 7.5], "texture": "#2"}
			}
		},
		{
			"from": [5.15, 6.2, 10.4],
			"to": [5.15, 7.2, 12],
			"faces": {
				"north": {"uv": [0, 0, 0, 0.5], "texture": "#2"},
				"east": {"uv": [2.5, 12.5, 3.5, 13], "texture": "#2"},
				"south": {"uv": [0, 0, 0, 0.5], "texture": "#2"},
				"west": {"uv": [3.5, 12.5, 4.5, 13], "texture": "#2"},
				"up": {"uv": [0, 1, 0, 0], "texture": "#2"},
				"down": {"uv": [0, 0, 0, 1], "texture": "#2"}
			}
		},
		{
			"from": [8.85, 6.2, 10.4],
			"to": [8.85, 7.2, 12],
			"faces": {
				"north": {"uv": [0, 0, 0, 0.5], "texture": "#2"},
				"east": {"uv": [4.5, 12.5, 5.5, 13], "texture": "#2"},
				"south": {"uv": [0, 0, 0, 0.5], "texture": "#2"},
				"west": {"uv": [5.5, 12.5, 6.5, 13], "texture": "#2"},
				"up": {"uv": [0, 1, 0, 0], "texture": "#2"},
				"down": {"uv": [0, 0, 0, 1], "texture": "#2"}
			}
		},
		{
			"from": [5.1, 4.3, 12.5],
			"to": [8.9, 9.1, 13.1],
			"faces": {
				"north": {"uv": [4, 5, 6, 7.5], "texture": "#2"},
				"east": {"uv": [1.5, 11, 2, 13.5], "texture": "#2"},
				"south": {"uv": [6, 0, 8, 2.5], "texture": "#2"},
				"west": {"uv": [2, 11, 2.5, 13.5], "texture": "#2"},
				"up": {"uv": [13, 8, 11, 7.5], "texture": "#2"},
				"down": {"uv": [13, 8, 11, 8.5], "texture": "#2"}
			}
		},
		{
			"from": [8.85, 6.2, 11.8],
			"to": [8.85, 7.2, 12.9],
			"faces": {
				"north": {"uv": [0, 0, 0, 0.5], "texture": "#2"},
				"east": {"uv": [8, 13, 8.5, 13.5], "texture": "#2"},
				"south": {"uv": [0, 0, 0, 0.5], "texture": "#2"},
				"west": {"uv": [13, 8, 13.5, 8.5], "texture": "#2"},
				"up": {"uv": [0, 0.5, 0, 0], "texture": "#2"},
				"down": {"uv": [0, 0, 0, 0.5], "texture": "#2"}
			}
		},
		{
			"from": [5.15, 6.2, 11.8],
			"to": [5.15, 7.2, 12.9],
			"faces": {
				"north": {"uv": [0, 0, 0, 0.5], "texture": "#2"},
				"east": {"uv": [8.5, 13, 9, 13.5], "texture": "#2"},
				"south": {"uv": [0, 0, 0, 0.5], "texture": "#2"},
				"west": {"uv": [13, 8.5, 13.5, 9], "texture": "#2"},
				"up": {"uv": [0, 0.5, 0, 0], "texture": "#2"},
				"down": {"uv": [0, 0, 0, 0.5], "texture": "#2"}
			}
		},
		{
			"from": [5.075, 6.6, 11.7],
			"to": [8.925, 7, 12.1],
			"faces": {
				"north": {"uv": [11, 8.5, 13, 9], "texture": "#2"},
				"east": {"uv": [9, 13, 9.5, 13.5], "texture": "#2"},
				"south": {"uv": [11, 9, 13, 9.5], "texture": "#2"},
				"west": {"uv": [13, 9, 13.5, 9.5], "texture": "#2"},
				"up": {"uv": [13, 10, 11, 9.5], "texture": "#2"},
				"down": {"uv": [13, 10, 11, 10.5], "texture": "#2"}
			}
		},
		{
			"from": [5.075, 6.5, 12.6],
			"to": [8.925, 6.9, 13],
			"faces": {
				"north": {"uv": [11, 10.5, 13, 11], "texture": "#2"},
				"east": {"uv": [9.5, 13, 10, 13.5], "texture": "#2"},
				"south": {"uv": [11, 11, 13, 11.5], "texture": "#2"},
				"west": {"uv": [13, 9.5, 13.5, 10], "texture": "#2"},
				"up": {"uv": [13.5, 1.5, 11.5, 1], "texture": "#2"},
				"down": {"uv": [13.5, 1.5, 11.5, 2], "texture": "#2"}
			}
		},
		{
			"from": [5.075, 6.5, 10.5],
			"to": [8.925, 6.9, 10.9],
			"faces": {
				"north": {"uv": [11.5, 2, 13.5, 2.5], "texture": "#2"},
				"east": {"uv": [10, 13, 10.5, 13.5], "texture": "#2"},
				"south": {"uv": [11.5, 2.5, 13.5, 3], "texture": "#2"},
				"west": {"uv": [13, 10, 13.5, 10.5], "texture": "#2"},
				"up": {"uv": [13.5, 3.5, 11.5, 3], "texture": "#2"},
				"down": {"uv": [8, 11.5, 6, 12], "texture": "#2"}
			}
		},
		{
			"from": [6.5, 9.1, 11.7],
			"to": [7.1, 9.7, 12.2],
			"faces": {
				"north": {"uv": [10.5, 13, 11, 13.5], "texture": "#2"},
				"east": {"uv": [13, 10.5, 13.5, 11], "texture": "#2"},
				"south": {"uv": [11, 13, 11.5, 13.5], "texture": "#2"},
				"west": {"uv": [13, 11, 13.5, 11.5], "texture": "#2"},
				"up": {"uv": [12, 13.5, 11.5, 13], "texture": "#2"},
				"down": {"uv": [13.5, 11.5, 13, 12], "texture": "#2"}
			}
		},
		{
			"from": [6.55, 15.4, 2.2],
			"to": [7.05, 15.6, 2.8],
			"rotation": {"angle": 45, "axis": "x", "origin": [0, 0, 0]},
			"faces": {
				"north": {"uv": [4, 8, 5, 8.5], "texture": "#3"},
				"east": {"uv": [0, 8, 1.25, 8.5], "texture": "#3"},
				"south": {"uv": [8, 4, 9, 4.5], "texture": "#3"},
				"west": {"uv": [8, 0, 9.25, 0.5], "texture": "#3"},
				"up": {"uv": [1, 1.25, 0, 0], "texture": "#3"},
				"down": {"uv": [1, 2, 0, 3.25], "texture": "#3"}
			}
		},
		{
			"from": [6.55, 13.37, 7.5],
			"to": [7.05, 13.57, 8],
			"rotation": {"angle": 22.5, "axis": "x", "origin": [0, 0, 0]},
			"faces": {
				"north": {"uv": [6, 8, 7, 8.5], "texture": "#3"},
				"east": {"uv": [8, 6, 9, 6.5], "texture": "#3"},
				"south": {"uv": [8, 8, 9, 8.5], "texture": "#3"},
				"west": {"uv": [0, 10, 1, 10.5], "texture": "#3"},
				"up": {"uv": [1, 5, 0, 4], "texture": "#3"},
				"down": {"uv": [5, 0, 4, 1], "texture": "#3"}
			}
		},
		{
			"from": [6.55, 3.7, 14.4],
			"to": [7.05, 4.3, 14.7],
			"rotation": {"angle": -22.5, "axis": "x", "origin": [0, 0, 0.2]},
			"faces": {
				"north": {"uv": [2, 0, 3, 1.25], "texture": "#3"},
				"east": {"uv": [2, 8, 2.5, 9.25], "texture": "#3"},
				"south": {"uv": [2, 2, 3, 3.25], "texture": "#3"},
				"west": {"uv": [8, 2, 8.5, 3.25], "texture": "#3"},
				"up": {"uv": [11, 0.5, 10, 0], "texture": "#3"},
				"down": {"uv": [3, 10, 2, 10.5], "texture": "#3"}
			}
		},
		{
			"from": [6.55, -1.6, 14.94],
			"to": [7.05, -1.11, 15.24],
			"rotation": {"angle": -45, "axis": "x", "origin": [0, 0, 0.2]},
			"faces": {
				"north": {"uv": [2, 4, 3, 5], "texture": "#3"},
				"east": {"uv": [10, 2, 10.5, 3], "texture": "#3"},
				"south": {"uv": [4, 2, 5, 3], "texture": "#3"},
				"west": {"uv": [4, 10, 4.5, 11], "texture": "#3"},
				"up": {"uv": [11, 4.5, 10, 4], "texture": "#3"},
				"down": {"uv": [7, 10, 6, 10.5], "texture": "#3"}
			}
		},
		{
			"from": [6.55, 9.55, 11.22],
			"to": [7.05, 9.85, 11.62],
			"rotation": {"angle": 0, "axis": "x", "origin": [0, 0, 0.2]},
			"faces": {
				"north": {"uv": [10, 6, 11, 6.5], "texture": "#3"},
				"east": {"uv": [4, 12, 4.75, 12.5], "texture": "#3"},
				"south": {"uv": [8, 10, 9, 10.5], "texture": "#3"},
				"west": {"uv": [12, 4, 12.75, 4.5], "texture": "#3"},
				"up": {"uv": [5, 4.75, 4, 4], "texture": "#3"},
				"down": {"uv": [1, 6, 0, 6.75], "texture": "#3"}
			}
		},
		{
			"from": [6.55, 4.58, 13.75],
			"to": [7.05, 4.88, 14.15],
			"rotation": {"angle": -22.5, "axis": "x", "origin": [0, 0, 0.2]},
			"faces": {
				"north": {"uv": [10, 8, 11, 8.5], "texture": "#3"},
				"east": {"uv": [6, 12, 6.75, 12.5], "texture": "#3"},
				"south": {"uv": [10, 10, 11, 10.5], "texture": "#3"},
				"west": {"uv": [12, 6, 12.75, 6.5], "texture": "#3"},
				"up": {"uv": [7, 0.75, 6, 0], "texture": "#3"},
				"down": {"uv": [3, 6, 2, 6.75], "texture": "#3"}
			}
		},
		{
			"from": [6.55, -0.98, 14.18],
			"to": [7.05, -0.68, 14.58],
			"rotation": {"angle": -45, "axis": "x", "origin": [0, 0, 0.2]},
			"faces": {
				"north": {"uv": [0, 12, 1, 12.5], "texture": "#3"},
				"east": {"uv": [8, 12, 8.75, 12.5], "texture": "#3"},
				"south": {"uv": [12, 0, 13, 0.5], "texture": "#3"},
				"west": {"uv": [12, 8, 12.75, 8.5], "texture": "#3"},
				"up": {"uv": [7, 2.75, 6, 2], "texture": "#3"},
				"down": {"uv": [5, 6, 4, 6.75], "texture": "#3"}
			}
		},
		{
			"from": [6.55, 12.26, 6.18],
			"to": [7.05, 12.66, 6.48],
			"rotation": {"angle": 22.5, "axis": "x", "origin": [0, 0, 0.2]},
			"faces": {
				"north": {"uv": [6, 4, 7, 4.75], "texture": "#3"},
				"east": {"uv": [10, 12, 10.5, 12.75], "texture": "#3"},
				"south": {"uv": [6, 6, 7, 6.75], "texture": "#3"},
				"west": {"uv": [12, 10, 12.5, 10.75], "texture": "#3"},
				"up": {"uv": [3, 12.5, 2, 12], "texture": "#3"},
				"down": {"uv": [13, 2, 12, 2.5], "texture": "#3"}
			}
		}
	],
	"display": {
		"thirdperson_righthand": {
			"rotation": [0, 0, 180],
			"translation": [-12, -3.34, 0.24]
		},
		"thirdperson_lefthand": {
			"rotation": [0, 1, 180],
			"translation": [1, -3.34, 0.24],
			"scale": [1, 1, 1.08]
		},
		"firstperson_righthand": {
			"rotation": [71, -8, 180],
			"translation": [-3.75, 5.75, 1.5]
		},
		"firstperson_lefthand": {
			"rotation": [71, 8, -180],
			"translation": [-4, 5.75, 1.5]
		},
		"ground": {
			"translation": [0, 0, -6]
		},
		"gui": {
			"rotation": [66, 146, 44],
			"translation": [-2, -3.25, 0]
		},
		"head": {
			"rotation": [0, 44, 0],
			"translation": [-4.5, 10, -5]
		},
		"fixed": {
			"rotation": [90, 0, 0],
			"translation": [0, 11.5, -2],
			"scale": [2, 2, 2]
		}
	},
	"groups": [
		{
			"name": "group",
			"origin": [0, 0, 0],
			"color": 0,
			"nbt": "{}",
			"children": [0, 1, 2, 3, 4, 5, 6, 7, 8, 9, 10, 11, 12, 13, 14, 15, 16, 17, 18, 19]
		},
		{
			"name": "group",
			"origin": [0, 0, 0.2],
			"color": 0,
			"nbt": "{}",
			"children": [20, 21, 22, 23, 24, 25, 26, 27]
		}
	]
}