{
	"credit": "Made with Blockbench",
	"textures": {
		"0": "item/aquatic_rage",
		"particle": "item/aquatic_rage"
	},
	"elements": [
		{
			"name": "Layer 1_0",
			"from": [7.875, 15.5, 8],
			"to": [8, 16, 8.125],
			"rotation": {"angle": 0, "axis": "y", "origin": [0, 0, 8]},
			"faces": {
				"north": {"uv": [8, 0, 7.875, 0.5], "texture": "#0"},
				"east": {"uv": [7.875, 0, 8, 0.5], "texture": "#0"},
				"south": {"uv": [7.875, 0, 8, 0.5], "texture": "#0"},
				"west": {"uv": [7.875, 0, 8, 0.5], "texture": "#0"},
				"up": {"uv": [7.875, 0, 8, 0.125], "texture": "#0"},
				"down": {"uv": [7.875, 0.375, 8, 0.5], "texture": "#0"}
			}
		},
		{
			"name": "Layer 1_1",
			"from": [7.75, 14.875, 8],
			"to": [7.875, 15.5, 8.125],
			"rotation": {"angle": 0, "axis": "y", "origin": [0, 0, 8]},
			"faces": {
				"north": {"uv": [7.875, 0.5, 7.75, 1.125], "texture": "#0"},
				"east": {"uv": [7.75, 0.5, 7.875, 1.125], "texture": "#0"},
				"south": {"uv": [7.75, 0.5, 7.875, 1.125], "texture": "#0"},
				"west": {"uv": [7.75, 0.5, 7.875, 1.125], "texture": "#0"},
				"up": {"uv": [7.75, 0.5, 7.875, 0.625], "texture": "#0"},
				"down": {"uv": [7.75, 1, 7.875, 1.125], "texture": "#0"}
			}
		},
		{
			"name": "Layer 1_2",
			"from": [8, 14.875, 8],
			"to": [8.125, 15.5, 8.125],
			"rotation": {"angle": 0, "axis": "y", "origin": [0, 0, 8]},
			"faces": {
				"north": {"uv": [8.125, 0.5, 8, 1.125], "texture": "#0"},
				"east": {"uv": [8, 0.5, 8.125, 1.125], "texture": "#0"},
				"south": {"uv": [8, 0.5, 8.125, 1.125], "texture": "#0"},
				"west": {"uv": [8, 0.5, 8.125, 1.125], "texture": "#0"},
				"up": {"uv": [8, 0.5, 8.125, 0.625], "texture": "#0"},
				"down": {"uv": [8, 1, 8.125, 1.125], "texture": "#0"}
			}
		},
		{
			"name": "Layer 1_3",
			"from": [7.625, 14.375, 8],
			"to": [7.75, 14.875, 8.125],
			"rotation": {"angle": 0, "axis": "y", "origin": [0, 0, 8]},
			"faces": {
				"north": {"uv": [7.75, 1.125, 7.625, 1.625], "texture": "#0"},
				"east": {"uv": [7.625, 1.125, 7.75, 1.625], "texture": "#0"},
				"south": {"uv": [7.625, 1.125, 7.75, 1.625], "texture": "#0"},
				"west": {"uv": [7.625, 1.125, 7.75, 1.625], "texture": "#0"},
				"up": {"uv": [7.625, 1.125, 7.75, 1.25], "texture": "#0"},
				"down": {"uv": [7.625, 1.5, 7.75, 1.625], "texture": "#0"}
			}
		},
		{
			"name": "Layer 1_4",
			"from": [8.125, 14.25, 8],
			"to": [8.25, 14.875, 8.125],
			"rotation": {"angle": 0, "axis": "y", "origin": [0, 0, 8]},
			"faces": {
				"north": {"uv": [8.25, 1.125, 8.125, 1.75], "texture": "#0"},
				"east": {"uv": [8.125, 1.125, 8.25, 1.75], "texture": "#0"},
				"south": {"uv": [8.125, 1.125, 8.25, 1.75], "texture": "#0"},
				"west": {"uv": [8.125, 1.125, 8.25, 1.75], "texture": "#0"},
				"up": {"uv": [8.125, 1.125, 8.25, 1.25], "texture": "#0"},
				"down": {"uv": [8.125, 1.625, 8.25, 1.75], "texture": "#0"}
			}
		},
		{
			"name": "Layer 1_5",
			"from": [7.5, 14, 8],
			"to": [7.625, 14.375, 8.125],
			"rotation": {"angle": 0, "axis": "y", "origin": [0, 0, 8]},
			"faces": {
				"north": {"uv": [7.625, 1.625, 7.5, 2], "texture": "#0"},
				"east": {"uv": [7.5, 1.625, 7.625, 2], "texture": "#0"},
				"south": {"uv": [7.5, 1.625, 7.625, 2], "texture": "#0"},
				"west": {"uv": [7.5, 1.625, 7.625, 2], "texture": "#0"},
				"up": {"uv": [7.5, 1.625, 7.625, 1.75], "texture": "#0"},
				"down": {"uv": [7.5, 1.875, 7.625, 2], "texture": "#0"}
			}
		},
		{
			"name": "Layer 1_6",
			"from": [8.25, 13.875, 8],
			"to": [8.375, 14.25, 8.125],
			"rotation": {"angle": 0, "axis": "y", "origin": [0, 0, 8]},
			"faces": {
				"north": {"uv": [8.375, 1.75, 8.25, 2.125], "texture": "#0"},
				"east": {"uv": [8.25, 1.75, 8.375, 2.125], "texture": "#0"},
				"south": {"uv": [8.25, 1.75, 8.375, 2.125], "texture": "#0"},
				"west": {"uv": [8.25, 1.75, 8.375, 2.125], "texture": "#0"},
				"up": {"uv": [8.25, 1.75, 8.375, 1.875], "texture": "#0"},
				"down": {"uv": [8.25, 2, 8.375, 2.125], "texture": "#0"}
			}
		},
		{
			"name": "Layer 1_7",
			"from": [7.375, 13.75, 8],
			"to": [7.5, 14, 8.125],
			"rotation": {"angle": 0, "axis": "y", "origin": [0, 0, 8]},
			"faces": {
				"north": {"uv": [7.5, 2, 7.375, 2.25], "texture": "#0"},
				"east": {"uv": [7.375, 2, 7.5, 2.25], "texture": "#0"},
				"south": {"uv": [7.375, 2, 7.5, 2.25], "texture": "#0"},
				"west": {"uv": [7.375, 2, 7.5, 2.25], "texture": "#0"},
				"up": {"uv": [7.375, 2, 7.5, 2.125], "texture": "#0"},
				"down": {"uv": [7.375, 2.125, 7.5, 2.25], "texture": "#0"}
			}
		},
		{
			"name": "Layer 1_8",
			"from": [8.375, 13.5, 8],
			"to": [8.5, 13.875, 8.125],
			"rotation": {"angle": 0, "axis": "y", "origin": [0, 0, 8]},
			"faces": {
				"north": {"uv": [8.5, 2.125, 8.375, 2.5], "texture": "#0"},
				"east": {"uv": [8.375, 2.125, 8.5, 2.5], "texture": "#0"},
				"south": {"uv": [8.375, 2.125, 8.5, 2.5], "texture": "#0"},
				"west": {"uv": [8.375, 2.125, 8.5, 2.5], "texture": "#0"},
				"up": {"uv": [8.375, 2.125, 8.5, 2.25], "texture": "#0"},
				"down": {"uv": [8.375, 2.375, 8.5, 2.5], "texture": "#0"}
			}
		},
		{
			"name": "Layer 1_9",
			"from": [7.25, 13.5, 8],
			"to": [7.375, 13.75, 8.125],
			"rotation": {"angle": 0, "axis": "y", "origin": [0, 0, 8]},
			"faces": {
				"north": {"uv": [7.375, 2.25, 7.25, 2.5], "texture": "#0"},
				"east": {"uv": [7.25, 2.25, 7.375, 2.5], "texture": "#0"},
				"south": {"uv": [7.25, 2.25, 7.375, 2.5], "texture": "#0"},
				"west": {"uv": [7.25, 2.25, 7.375, 2.5], "texture": "#0"},
				"up": {"uv": [7.25, 2.25, 7.375, 2.375], "texture": "#0"},
				"down": {"uv": [7.25, 2.375, 7.375, 2.5], "texture": "#0"}
			}
		},
		{
			"name": "Layer 1_10",
			"from": [7.125, 13.25, 8],
			"to": [7.25, 13.5, 8.125],
			"rotation": {"angle": 0, "axis": "y", "origin": [0, 0, 8]},
			"faces": {
				"north": {"uv": [7.25, 2.5, 7.125, 2.75], "texture": "#0"},
				"east": {"uv": [7.125, 2.5, 7.25, 2.75], "texture": "#0"},
				"south": {"uv": [7.125, 2.5, 7.25, 2.75], "texture": "#0"},
				"west": {"uv": [7.125, 2.5, 7.25, 2.75], "texture": "#0"},
				"up": {"uv": [7.125, 2.5, 7.25, 2.625], "texture": "#0"},
				"down": {"uv": [7.125, 2.625, 7.25, 2.75], "texture": "#0"}
			}
		},
		{
			"name": "Layer 1_11",
			"from": [8.5, 13.25, 8],
			"to": [8.625, 13.5, 8.125],
			"rotation": {"angle": 0, "axis": "y", "origin": [0, 0, 8]},
			"faces": {
				"north": {"uv": [8.625, 2.5, 8.5, 2.75], "texture": "#0"},
				"east": {"uv": [8.5, 2.5, 8.625, 2.75], "texture": "#0"},
				"south": {"uv": [8.5, 2.5, 8.625, 2.75], "texture": "#0"},
				"west": {"uv": [8.5, 2.5, 8.625, 2.75], "texture": "#0"},
				"up": {"uv": [8.5, 2.5, 8.625, 2.625], "texture": "#0"},
				"down": {"uv": [8.5, 2.625, 8.625, 2.75], "texture": "#0"}
			}
		},
		{
			"name": "Layer 1_12",
			"from": [7, 13, 8],
			"to": [7.125, 13.25, 8.125],
			"rotation": {"angle": 0, "axis": "y", "origin": [0, 0, 8]},
			"faces": {
				"north": {"uv": [7.125, 2.75, 7, 3], "texture": "#0"},
				"east": {"uv": [7, 2.75, 7.125, 3], "texture": "#0"},
				"south": {"uv": [7, 2.75, 7.125, 3], "texture": "#0"},
				"west": {"uv": [7, 2.75, 7.125, 3], "texture": "#0"},
				"up": {"uv": [7, 2.75, 7.125, 2.875], "texture": "#0"},
				"down": {"uv": [7, 2.875, 7.125, 3], "texture": "#0"}
			}
		},
		{
			"name": "Layer 1_13",
			"from": [8.625, 13.125, 8],
			"to": [8.75, 13.25, 8.125],
			"rotation": {"angle": 0, "axis": "y", "origin": [0, 0, 8]},
			"faces": {
				"north": {"uv": [8.75, 2.75, 8.625, 2.875], "texture": "#0"},
				"east": {"uv": [8.625, 2.75, 8.75, 2.875], "texture": "#0"},
				"south": {"uv": [8.625, 2.75, 8.75, 2.875], "texture": "#0"},
				"west": {"uv": [8.625, 2.75, 8.75, 2.875], "texture": "#0"},
				"up": {"uv": [8.625, 2.75, 8.75, 2.875], "texture": "#0"},
				"down": {"uv": [8.625, 2.75, 8.75, 2.875], "texture": "#0"}
			}
		},
		{
			"name": "Layer 1_14",
			"from": [7.375, 12.875, 8],
			"to": [7.5, 13.125, 8.125],
			"rotation": {"angle": 0, "axis": "y", "origin": [0, 0, 8]},
			"faces": {
				"north": {"uv": [7.5, 2.875, 7.375, 3.125], "texture": "#0"},
				"east": {"uv": [7.375, 2.875, 7.5, 3.125], "texture": "#0"},
				"south": {"uv": [7.375, 2.875, 7.5, 3.125], "texture": "#0"},
				"west": {"uv": [7.375, 2.875, 7.5, 3.125], "texture": "#0"},
				"up": {"uv": [7.375, 2.875, 7.5, 3], "texture": "#0"},
				"down": {"uv": [7.375, 3, 7.5, 3.125], "texture": "#0"}
			}
		},
		{
			"name": "Layer 1_15",
			"from": [8.25, 12.875, 8],
			"to": [8.375, 13.125, 8.125],
			"rotation": {"angle": 0, "axis": "y", "origin": [0, 0, 8]},
			"faces": {
				"north": {"uv": [8.375, 2.875, 8.25, 3.125], "texture": "#0"},
				"east": {"uv": [8.25, 2.875, 8.375, 3.125], "texture": "#0"},
				"south": {"uv": [8.25, 2.875, 8.375, 3.125], "texture": "#0"},
				"west": {"uv": [8.25, 2.875, 8.375, 3.125], "texture": "#0"},
				"up": {"uv": [8.25, 2.875, 8.375, 3], "texture": "#0"},
				"down": {"uv": [8.25, 3, 8.375, 3.125], "texture": "#0"}
			}
		},
		{
			"name": "Layer 1_16",
			"from": [8.75, 13, 8],
			"to": [8.875, 13.125, 8.125],
			"rotation": {"angle": 0, "axis": "y", "origin": [0, 0, 8]},
			"faces": {
				"north": {"uv": [8.875, 2.875, 8.75, 3], "texture": "#0"},
				"east": {"uv": [8.75, 2.875, 8.875, 3], "texture": "#0"},
				"south": {"uv": [8.75, 2.875, 8.875, 3], "texture": "#0"},
				"west": {"uv": [8.75, 2.875, 8.875, 3], "texture": "#0"},
				"up": {"uv": [8.75, 2.875, 8.875, 3], "texture": "#0"},
				"down": {"uv": [8.75, 2.875, 8.875, 3], "texture": "#0"}
			}
		},
		{
			"name": "Layer 1_17",
			"from": [6.875, 12.875, 8],
			"to": [7, 13, 8.125],
			"rotation": {"angle": 0, "axis": "y", "origin": [0, 0, 8]},
			"faces": {
				"north": {"uv": [7, 3, 6.875, 3.125], "texture": "#0"},
				"east": {"uv": [6.875, 3, 7, 3.125], "texture": "#0"},
				"south": {"uv": [6.875, 3, 7, 3.125], "texture": "#0"},
				"west": {"uv": [6.875, 3, 7, 3.125], "texture": "#0"},
				"up": {"uv": [6.875, 3, 7, 3.125], "texture": "#0"},
				"down": {"uv": [6.875, 3, 7, 3.125], "texture": "#0"}
			}
		},
		{
			"name": "Layer 1_18",
			"from": [6.75, 12.75, 8],
			"to": [6.875, 12.875, 8.125],
			"rotation": {"angle": 0, "axis": "y", "origin": [0, 0, 8]},
			"faces": {
				"north": {"uv": [6.875, 3.125, 6.75, 3.25], "texture": "#0"},
				"east": {"uv": [6.75, 3.125, 6.875, 3.25], "texture": "#0"},
				"south": {"uv": [6.75, 3.125, 6.875, 3.25], "texture": "#0"},
				"west": {"uv": [6.75, 3.125, 6.875, 3.25], "texture": "#0"},
				"up": {"uv": [6.75, 3.125, 6.875, 3.25], "texture": "#0"},
				"down": {"uv": [6.75, 3.125, 6.875, 3.25], "texture": "#0"}
			}
		},
		{
			"name": "Layer 1_19",
			"from": [7.25, 12.625, 8],
			"to": [7.375, 12.875, 8.125],
			"rotation": {"angle": 0, "axis": "y", "origin": [0, 0, 8]},
			"faces": {
				"north": {"uv": [7.375, 3.125, 7.25, 3.375], "texture": "#0"},
				"east": {"uv": [7.25, 3.125, 7.375, 3.375], "texture": "#0"},
				"south": {"uv": [7.25, 3.125, 7.375, 3.375], "texture": "#0"},
				"west": {"uv": [7.25, 3.125, 7.375, 3.375], "texture": "#0"},
				"up": {"uv": [7.25, 3.125, 7.375, 3.25], "texture": "#0"},
				"down": {"uv": [7.25, 3.25, 7.375, 3.375], "texture": "#0"}
			}
		},
		{
			"name": "Layer 1_20",
			"from": [8.375, 12.625, 8],
			"to": [8.5, 12.875, 8.125],
			"rotation": {"angle": 0, "axis": "y", "origin": [0, 0, 8]},
			"faces": {
				"north": {"uv": [8.5, 3.125, 8.375, 3.375], "texture": "#0"},
				"east": {"uv": [8.375, 3.125, 8.5, 3.375], "texture": "#0"},
				"south": {"uv": [8.375, 3.125, 8.5, 3.375], "texture": "#0"},
				"west": {"uv": [8.375, 3.125, 8.5, 3.375], "texture": "#0"},
				"up": {"uv": [8.375, 3.125, 8.5, 3.25], "texture": "#0"},
				"down": {"uv": [8.375, 3.25, 8.5, 3.375], "texture": "#0"}
			}
		},
		{
			"name": "Layer 1_21",
			"from": [6.625, 12.625, 8],
			"to": [6.75, 12.75, 8.125],
			"rotation": {"angle": 0, "axis": "y", "origin": [0, 0, 8]},
			"faces": {
				"north": {"uv": [6.75, 3.25, 6.625, 3.375], "texture": "#0"},
				"east": {"uv": [6.625, 3.25, 6.75, 3.375], "texture": "#0"},
				"south": {"uv": [6.625, 3.25, 6.75, 3.375], "texture": "#0"},
				"west": {"uv": [6.625, 3.25, 6.75, 3.375], "texture": "#0"},
				"up": {"uv": [6.625, 3.25, 6.75, 3.375], "texture": "#0"},
				"down": {"uv": [6.625, 3.25, 6.75, 3.375], "texture": "#0"}
			}
		},
		{
			"name": "Layer 1_22",
			"from": [7.125, 12.5, 8],
			"to": [7.25, 12.625, 8.125],
			"rotation": {"angle": 0, "axis": "y", "origin": [0, 0, 8]},
			"faces": {
				"north": {"uv": [7.25, 3.375, 7.125, 3.5], "texture": "#0"},
				"east": {"uv": [7.125, 3.375, 7.25, 3.5], "texture": "#0"},
				"south": {"uv": [7.125, 3.375, 7.25, 3.5], "texture": "#0"},
				"west": {"uv": [7.125, 3.375, 7.25, 3.5], "texture": "#0"},
				"up": {"uv": [7.125, 3.375, 7.25, 3.5], "texture": "#0"},
				"down": {"uv": [7.125, 3.375, 7.25, 3.5], "texture": "#0"}
			}
		},
		{
			"name": "Layer 1_23",
			"from": [8.5, 12.375, 8],
			"to": [8.625, 12.625, 8.125],
			"rotation": {"angle": 0, "axis": "y", "origin": [0, 0, 8]},
			"faces": {
				"north": {"uv": [8.625, 3.375, 8.5, 3.625], "texture": "#0"},
				"east": {"uv": [8.5, 3.375, 8.625, 3.625], "texture": "#0"},
				"south": {"uv": [8.5, 3.375, 8.625, 3.625], "texture": "#0"},
				"west": {"uv": [8.5, 3.375, 8.625, 3.625], "texture": "#0"},
				"up": {"uv": [8.5, 3.375, 8.625, 3.5], "texture": "#0"},
				"down": {"uv": [8.5, 3.5, 8.625, 3.625], "texture": "#0"}
			}
		},
		{
			"name": "Layer 1_24",
			"from": [7, 12.375, 8],
			"to": [7.125, 12.5, 8.125],
			"rotation": {"angle": 0, "axis": "y", "origin": [0, 0, 8]},
			"faces": {
				"north": {"uv": [7.125, 3.5, 7, 3.625], "texture": "#0"},
				"east": {"uv": [7, 3.5, 7.125, 3.625], "texture": "#0"},
				"south": {"uv": [7, 3.5, 7.125, 3.625], "texture": "#0"},
				"west": {"uv": [7, 3.5, 7.125, 3.625], "texture": "#0"},
				"up": {"uv": [7, 3.5, 7.125, 3.625], "texture": "#0"},
				"down": {"uv": [7, 3.5, 7.125, 3.625], "texture": "#0"}
			}
		},
		{
			"name": "Layer 1_25",
			"from": [6.875, 11.75, 8],
			"to": [7, 12.375, 8.125],
			"rotation": {"angle": 0, "axis": "y", "origin": [0, 0, 8]},
			"faces": {
				"north": {"uv": [7, 3.625, 6.875, 4.25], "texture": "#0"},
				"east": {"uv": [6.875, 3.625, 7, 4.25], "texture": "#0"},
				"south": {"uv": [6.875, 3.625, 7, 4.25], "texture": "#0"},
				"west": {"uv": [6.875, 3.625, 7, 4.25], "texture": "#0"},
				"up": {"uv": [6.875, 3.625, 7, 3.75], "texture": "#0"},
				"down": {"uv": [6.875, 4.125, 7, 4.25], "texture": "#0"}
			}
		},
		{
			"name": "Layer 1_26",
			"from": [8.625, 11.5, 8],
			"to": [8.75, 12.375, 8.125],
			"rotation": {"angle": 0, "axis": "y", "origin": [0, 0, 8]},
			"faces": {
				"north": {"uv": [8.75, 3.625, 8.625, 4.5], "texture": "#0"},
				"east": {"uv": [8.625, 3.625, 8.75, 4.5], "texture": "#0"},
				"south": {"uv": [8.625, 3.625, 8.75, 4.5], "texture": "#0"},
				"west": {"uv": [8.625, 3.625, 8.75, 4.5], "texture": "#0"},
				"up": {"uv": [8.625, 3.625, 8.75, 3.75], "texture": "#0"},
				"down": {"uv": [8.625, 4.375, 8.75, 4.5], "texture": "#0"}
			}
		},
		{
			"name": "Layer 1_27",
			"from": [7, 11.625, 8],
			"to": [7.125, 11.75, 8.125],
			"rotation": {"angle": 0, "axis": "y", "origin": [0, 0, 8]},
			"faces": {
				"north": {"uv": [7.125, 4.25, 7, 4.375], "texture": "#0"},
				"east": {"uv": [7, 4.25, 7.125, 4.375], "texture": "#0"},
				"south": {"uv": [7, 4.25, 7.125, 4.375], "texture": "#0"},
				"west": {"uv": [7, 4.25, 7.125, 4.375], "texture": "#0"},
				"up": {"uv": [7, 4.25, 7.125, 4.375], "texture": "#0"},
				"down": {"uv": [7, 4.25, 7.125, 4.375], "texture": "#0"}
			}
		},
		{
			"name": "Layer 1_28",
			"from": [7.125, 11.5, 8],
			"to": [7.25, 11.625, 8.125],
			"rotation": {"angle": 0, "axis": "y", "origin": [0, 0, 8]},
			"faces": {
				"north": {"uv": [7.25, 4.375, 7.125, 4.5], "texture": "#0"},
				"east": {"uv": [7.125, 4.375, 7.25, 4.5], "texture": "#0"},
				"south": {"uv": [7.125, 4.375, 7.25, 4.5], "texture": "#0"},
				"west": {"uv": [7.125, 4.375, 7.25, 4.5], "texture": "#0"},
				"up": {"uv": [7.125, 4.375, 7.25, 4.5], "texture": "#0"},
				"down": {"uv": [7.125, 4.375, 7.25, 4.5], "texture": "#0"}
			}
		},
		{
			"name": "Layer 1_29",
			"from": [7.25, 11.375, 8],
			"to": [7.375, 11.5, 8.125],
			"rotation": {"angle": 0, "axis": "y", "origin": [0, 0, 8]},
			"faces": {
				"north": {"uv": [7.375, 4.5, 7.25, 4.625], "texture": "#0"},
				"east": {"uv": [7.25, 4.5, 7.375, 4.625], "texture": "#0"},
				"south": {"uv": [7.25, 4.5, 7.375, 4.625], "texture": "#0"},
				"west": {"uv": [7.25, 4.5, 7.375, 4.625], "texture": "#0"},
				"up": {"uv": [7.25, 4.5, 7.375, 4.625], "texture": "#0"},
				"down": {"uv": [7.25, 4.5, 7.375, 4.625], "texture": "#0"}
			}
		},
		{
			"name": "Layer 1_30",
			"from": [7.375, 10.875, 8],
			"to": [7.5, 11.375, 8.125],
			"rotation": {"angle": 0, "axis": "y", "origin": [0, 0, 8]},
			"faces": {
				"north": {"uv": [7.5, 4.625, 7.375, 5.125], "texture": "#0"},
				"east": {"uv": [7.375, 4.625, 7.5, 5.125], "texture": "#0"},
				"south": {"uv": [7.375, 4.625, 7.5, 5.125], "texture": "#0"},
				"west": {"uv": [7.375, 4.625, 7.5, 5.125], "texture": "#0"},
				"up": {"uv": [7.375, 4.625, 7.5, 4.75], "texture": "#0"},
				"down": {"uv": [7.375, 5, 7.5, 5.125], "texture": "#0"}
			}
		},
		{
			"name": "Layer 1_31",
			"from": [7.25, 10.625, 8],
			"to": [7.375, 10.875, 8.125],
			"rotation": {"angle": 0, "axis": "y", "origin": [0, 0, 8]},
			"faces": {
				"north": {"uv": [7.375, 5.125, 7.25, 5.375], "texture": "#0"},
				"east": {"uv": [7.25, 5.125, 7.375, 5.375], "texture": "#0"},
				"south": {"uv": [7.25, 5.125, 7.375, 5.375], "texture": "#0"},
				"west": {"uv": [7.25, 5.125, 7.375, 5.375], "texture": "#0"},
				"up": {"uv": [7.25, 5.125, 7.375, 5.25], "texture": "#0"},
				"down": {"uv": [7.25, 5.25, 7.375, 5.375], "texture": "#0"}
			}
		},
		{
			"name": "Layer 1_32",
			"from": [7.125, 10.5, 8],
			"to": [7.25, 10.625, 8.125],
			"rotation": {"angle": 0, "axis": "y", "origin": [0, 0, 8]},
			"faces": {
				"north": {"uv": [7.25, 5.375, 7.125, 5.5], "texture": "#0"},
				"east": {"uv": [7.125, 5.375, 7.25, 5.5], "texture": "#0"},
				"south": {"uv": [7.125, 5.375, 7.25, 5.5], "texture": "#0"},
				"west": {"uv": [7.125, 5.375, 7.25, 5.5], "texture": "#0"},
				"up": {"uv": [7.125, 5.375, 7.25, 5.5], "texture": "#0"},
				"down": {"uv": [7.125, 5.375, 7.25, 5.5], "texture": "#0"}
			}
		},
		{
			"name": "Layer 1_33",
			"from": [7, 10.375, 8],
			"to": [7.125, 10.5, 8.125],
			"rotation": {"angle": 0, "axis": "y", "origin": [0, 0, 8]},
			"faces": {
				"north": {"uv": [7.125, 5.5, 7, 5.625], "texture": "#0"},
				"east": {"uv": [7, 5.5, 7.125, 5.625], "texture": "#0"},
				"south": {"uv": [7, 5.5, 7.125, 5.625], "texture": "#0"},
				"west": {"uv": [7, 5.5, 7.125, 5.625], "texture": "#0"},
				"up": {"uv": [7, 5.5, 7.125, 5.625], "texture": "#0"},
				"down": {"uv": [7, 5.5, 7.125, 5.625], "texture": "#0"}
			}
		},
		{
			"name": "Layer 1_34",
			"from": [6.75, 10.25, 8],
			"to": [7, 10.375, 8.125],
			"rotation": {"angle": 0, "axis": "y", "origin": [0, 0, 8]},
			"faces": {
				"north": {"uv": [7, 5.625, 6.75, 5.75], "texture": "#0"},
				"east": {"uv": [6.875, 5.625, 7, 5.75], "texture": "#0"},
				"south": {"uv": [6.75, 5.625, 7, 5.75], "texture": "#0"},
				"west": {"uv": [6.75, 5.625, 6.875, 5.75], "texture": "#0"},
				"up": {"uv": [6.75, 5.625, 7, 5.75], "texture": "#0"},
				"down": {"uv": [6.75, 5.625, 7, 5.75], "texture": "#0"}
			}
		},
		{
			"name": "Layer 2_0",
			"from": [7.875, 13.625, 7.875],
			"to": [8, 14.625, 8.25],
			"rotation": {"angle": 0, "axis": "y", "origin": [0, 0, 8]},
			"faces": {
				"north": {"uv": [8, 1.375, 7.875, 2.375], "texture": "#0"},
				"east": {"uv": [7.875, 1.375, 8, 2.375], "texture": "#0"},
				"south": {"uv": [7.875, 1.375, 8, 2.375], "texture": "#0"},
				"west": {"uv": [7.875, 1.375, 8, 2.375], "texture": "#0"},
				"up": {"uv": [7.875, 1.375, 8, 1.5], "texture": "#0"},
				"down": {"uv": [7.875, 2.25, 8, 2.375], "texture": "#0"}
			}
		},
		{
			"name": "Layer 2_1",
			"from": [7.75, 13.5, 7.875],
			"to": [7.875, 13.75, 8.25],
			"rotation": {"angle": 0, "axis": "y", "origin": [0, 0, 8]},
			"faces": {
				"north": {"uv": [7.875, 2.25, 7.75, 2.5], "texture": "#0"},
				"east": {"uv": [7.75, 2.25, 7.875, 2.5], "texture": "#0"},
				"south": {"uv": [7.75, 2.25, 7.875, 2.5], "texture": "#0"},
				"west": {"uv": [7.75, 2.25, 7.875, 2.5], "texture": "#0"},
				"up": {"uv": [7.75, 2.25, 7.875, 2.375], "texture": "#0"},
				"down": {"uv": [7.75, 2.375, 7.875, 2.5], "texture": "#0"}
			}
		},
		{
			"name": "Layer 2_2",
			"from": [8, 12.75, 7.875],
			"to": [8.125, 13.625, 8.25],
			"rotation": {"angle": 0, "axis": "y", "origin": [0, 0, 8]},
			"faces": {
				"north": {"uv": [8.125, 2.375, 8, 3.25], "texture": "#0"},
				"east": {"uv": [8, 2.375, 8.125, 3.25], "texture": "#0"},
				"south": {"uv": [8, 2.375, 8.125, 3.25], "texture": "#0"},
				"west": {"uv": [8, 2.375, 8.125, 3.25], "texture": "#0"},
				"up": {"uv": [8, 2.375, 8.125, 2.5], "texture": "#0"},
				"down": {"uv": [8, 3.125, 8.125, 3.25], "texture": "#0"}
			}
		},
		{
			"name": "Layer 2_3",
			"from": [8.125, 13.25, 7.875],
			"to": [8.25, 13.375, 8.25],
			"rotation": {"angle": 0, "axis": "y", "origin": [0, 0, 8]},
			"faces": {
				"north": {"uv": [8.25, 2.625, 8.125, 2.75], "texture": "#0"},
				"east": {"uv": [8.125, 2.625, 8.25, 2.75], "texture": "#0"},
				"south": {"uv": [8.125, 2.625, 8.25, 2.75], "texture": "#0"},
				"west": {"uv": [8.125, 2.625, 8.25, 2.75], "texture": "#0"},
				"up": {"uv": [8.125, 2.625, 8.25, 2.75], "texture": "#0"},
				"down": {"uv": [8.125, 2.625, 8.25, 2.75], "texture": "#0"}
			}
		},
		{
			"name": "Layer 2_4",
			"from": [8.25, 13.125, 7.875],
			"to": [8.375, 13.25, 8.25],
			"rotation": {"angle": 0, "axis": "y", "origin": [0, 0, 8]},
			"faces": {
				"north": {"uv": [8.375, 2.75, 8.25, 2.875], "texture": "#0"},
				"east": {"uv": [8.25, 2.75, 8.375, 2.875], "texture": "#0"},
				"south": {"uv": [8.25, 2.75, 8.375, 2.875], "texture": "#0"},
				"west": {"uv": [8.25, 2.75, 8.375, 2.875], "texture": "#0"},
				"up": {"uv": [8.25, 2.75, 8.375, 2.875], "texture": "#0"},
				"down": {"uv": [8.25, 2.75, 8.375, 2.875], "texture": "#0"}
			}
		},
		{
			"name": "Layer 2_5",
			"from": [7.875, 12.375, 7.875],
			"to": [8, 12.75, 8.25],
			"rotation": {"angle": 0, "axis": "y", "origin": [0, 0, 8]},
			"faces": {
				"north": {"uv": [8, 3.25, 7.875, 3.625], "texture": "#0"},
				"east": {"uv": [7.875, 3.25, 8, 3.625], "texture": "#0"},
				"south": {"uv": [7.875, 3.25, 8, 3.625], "texture": "#0"},
				"west": {"uv": [7.875, 3.25, 8, 3.625], "texture": "#0"},
				"up": {"uv": [7.875, 3.25, 8, 3.375], "texture": "#0"},
				"down": {"uv": [7.875, 3.5, 8, 3.625], "texture": "#0"}
			}
		},
		{
			"name": "Layer 2_6",
			"from": [7.75, 12.25, 7.875],
			"to": [7.875, 12.625, 8.25],
			"rotation": {"angle": 0, "axis": "y", "origin": [0, 0, 8]},
			"faces": {
				"north": {"uv": [7.875, 3.375, 7.75, 3.75], "texture": "#0"},
				"east": {"uv": [7.75, 3.375, 7.875, 3.75], "texture": "#0"},
				"south": {"uv": [7.75, 3.375, 7.875, 3.75], "texture": "#0"},
				"west": {"uv": [7.75, 3.375, 7.875, 3.75], "texture": "#0"},
				"up": {"uv": [7.75, 3.375, 7.875, 3.5], "texture": "#0"},
				"down": {"uv": [7.75, 3.625, 7.875, 3.75], "texture": "#0"}
			}
		},
		{
			"name": "Layer 2_7",
			"from": [8, 12.5, 7.875],
			"to": [8.125, 12.625, 8.25],
			"rotation": {"angle": 0, "axis": "y", "origin": [0, 0, 8]},
			"faces": {
				"north": {"uv": [8.125, 3.375, 8, 3.5], "texture": "#0"},
				"east": {"uv": [8, 3.375, 8.125, 3.5], "texture": "#0"},
				"south": {"uv": [8, 3.375, 8.125, 3.5], "texture": "#0"},
				"west": {"uv": [8, 3.375, 8.125, 3.5], "texture": "#0"},
				"up": {"uv": [8, 3.375, 8.125, 3.5], "texture": "#0"},
				"down": {"uv": [8, 3.375, 8.125, 3.5], "texture": "#0"}
			}
		},
		{
			"name": "Layer 2_8",
			"from": [8.125, 12.375, 7.875],
			"to": [8.25, 12.5, 8.25],
			"rotation": {"angle": 0, "axis": "y", "origin": [0, 0, 8]},
			"faces": {
				"north": {"uv": [8.25, 3.5, 8.125, 3.625], "texture": "#0"},
				"east": {"uv": [8.125, 3.5, 8.25, 3.625], "texture": "#0"},
				"south": {"uv": [8.125, 3.5, 8.25, 3.625], "texture": "#0"},
				"west": {"uv": [8.125, 3.5, 8.25, 3.625], "texture": "#0"},
				"up": {"uv": [8.125, 3.5, 8.25, 3.625], "texture": "#0"},
				"down": {"uv": [8.125, 3.5, 8.25, 3.625], "texture": "#0"}
			}
		},
		{
			"name": "Layer 2_9",
			"from": [7.625, 12.25, 7.875],
			"to": [7.75, 12.375, 8.25],
			"rotation": {"angle": 0, "axis": "y", "origin": [0, 0, 8]},
			"faces": {
				"north": {"uv": [7.75, 3.625, 7.625, 3.75], "texture": "#0"},
				"east": {"uv": [7.625, 3.625, 7.75, 3.75], "texture": "#0"},
				"south": {"uv": [7.625, 3.625, 7.75, 3.75], "texture": "#0"},
				"west": {"uv": [7.625, 3.625, 7.75, 3.75], "texture": "#0"},
				"up": {"uv": [7.625, 3.625, 7.75, 3.75], "texture": "#0"},
				"down": {"uv": [7.625, 3.625, 7.75, 3.75], "texture": "#0"}
			}
		},
		{
			"name": "Layer 2_10",
			"from": [8.25, 12.25, 7.875],
			"to": [8.375, 12.375, 8.25],
			"rotation": {"angle": 0, "axis": "y", "origin": [0, 0, 8]},
			"faces": {
				"north": {"uv": [8.375, 3.625, 8.25, 3.75], "texture": "#0"},
				"east": {"uv": [8.25, 3.625, 8.375, 3.75], "texture": "#0"},
				"south": {"uv": [8.25, 3.625, 8.375, 3.75], "texture": "#0"},
				"west": {"uv": [8.25, 3.625, 8.375, 3.75], "texture": "#0"},
				"up": {"uv": [8.25, 3.625, 8.375, 3.75], "texture": "#0"},
				"down": {"uv": [8.25, 3.625, 8.375, 3.75], "texture": "#0"}
			}
		},
		{
			"name": "Layer 2_11",
			"from": [7.5, 12.125, 7.875],
			"to": [7.625, 12.25, 8.25],
			"rotation": {"angle": 0, "axis": "y", "origin": [0, 0, 8]},
			"faces": {
				"north": {"uv": [7.625, 3.75, 7.5, 3.875], "texture": "#0"},
				"east": {"uv": [7.5, 3.75, 7.625, 3.875], "texture": "#0"},
				"south": {"uv": [7.5, 3.75, 7.625, 3.875], "texture": "#0"},
				"west": {"uv": [7.5, 3.75, 7.625, 3.875], "texture": "#0"},
				"up": {"uv": [7.5, 3.75, 7.625, 3.875], "texture": "#0"},
				"down": {"uv": [7.5, 3.75, 7.625, 3.875], "texture": "#0"}
			}
		},
		{
			"name": "Layer 2_12",
			"from": [8.375, 12.125, 7.875],
			"to": [8.5, 12.25, 8.25],
			"rotation": {"angle": 0, "axis": "y", "origin": [0, 0, 8]},
			"faces": {
				"north": {"uv": [8.5, 3.75, 8.375, 3.875], "texture": "#0"},
				"east": {"uv": [8.375, 3.75, 8.5, 3.875], "texture": "#0"},
				"south": {"uv": [8.375, 3.75, 8.5, 3.875], "texture": "#0"},
				"west": {"uv": [8.375, 3.75, 8.5, 3.875], "texture": "#0"},
				"up": {"uv": [8.375, 3.75, 8.5, 3.875], "texture": "#0"},
				"down": {"uv": [8.375, 3.75, 8.5, 3.875], "texture": "#0"}
			}
		},
		{
			"name": "Layer 2_13",
			"from": [7.375, 11.875, 7.875],
			"to": [7.5, 12.125, 8.25],
			"rotation": {"angle": 0, "axis": "y", "origin": [0, 0, 8]},
			"faces": {
				"north": {"uv": [7.5, 3.875, 7.375, 4.125], "texture": "#0"},
				"east": {"uv": [7.375, 3.875, 7.5, 4.125], "texture": "#0"},
				"south": {"uv": [7.375, 3.875, 7.5, 4.125], "texture": "#0"},
				"west": {"uv": [7.375, 3.875, 7.5, 4.125], "texture": "#0"},
				"up": {"uv": [7.375, 3.875, 7.5, 4], "texture": "#0"},
				"down": {"uv": [7.375, 4, 7.5, 4.125], "texture": "#0"}
			}
		},
		{
			"name": "Layer 2_14",
			"from": [8.5, 11.875, 7.875],
			"to": [8.625, 12.125, 8.25],
			"rotation": {"angle": 0, "axis": "y", "origin": [0, 0, 8]},
			"faces": {
				"north": {"uv": [8.625, 3.875, 8.5, 4.125], "texture": "#0"},
				"east": {"uv": [8.5, 3.875, 8.625, 4.125], "texture": "#0"},
				"south": {"uv": [8.5, 3.875, 8.625, 4.125], "texture": "#0"},
				"west": {"uv": [8.5, 3.875, 8.625, 4.125], "texture": "#0"},
				"up": {"uv": [8.5, 3.875, 8.625, 4], "texture": "#0"},
				"down": {"uv": [8.5, 4, 8.625, 4.125], "texture": "#0"}
			}
		},
		{
			"name": "Layer 2_15",
			"from": [7.5, 11.75, 7.875],
			"to": [7.625, 11.875, 8.25],
			"rotation": {"angle": 0, "axis": "y", "origin": [0, 0, 8]},
			"faces": {
				"north": {"uv": [7.625, 4.125, 7.5, 4.25], "texture": "#0"},
				"east": {"uv": [7.5, 4.125, 7.625, 4.25], "texture": "#0"},
				"south": {"uv": [7.5, 4.125, 7.625, 4.25], "texture": "#0"},
				"west": {"uv": [7.5, 4.125, 7.625, 4.25], "texture": "#0"},
				"up": {"uv": [7.5, 4.125, 7.625, 4.25], "texture": "#0"},
				"down": {"uv": [7.5, 4.125, 7.625, 4.25], "texture": "#0"}
			}
		},
		{
			"name": "Layer 2_16",
			"from": [7.625, 11.5, 7.875],
			"to": [7.75, 11.75, 8.25],
			"rotation": {"angle": 0, "axis": "y", "origin": [0, 0, 8]},
			"faces": {
				"north": {"uv": [7.75, 4.25, 7.625, 4.5], "texture": "#0"},
				"east": {"uv": [7.625, 4.25, 7.75, 4.5], "texture": "#0"},
				"south": {"uv": [7.625, 4.25, 7.75, 4.5], "texture": "#0"},
				"west": {"uv": [7.625, 4.25, 7.75, 4.5], "texture": "#0"},
				"up": {"uv": [7.625, 4.25, 7.75, 4.375], "texture": "#0"},
				"down": {"uv": [7.625, 4.375, 7.75, 4.5], "texture": "#0"}
			}
		},
		{
			"name": "Layer 2_17",
			"from": [7.75, 11, 7.875],
			"to": [7.875, 11.5, 8.25],
			"rotation": {"angle": 0, "axis": "y", "origin": [0, 0, 8]},
			"faces": {
				"north": {"uv": [7.875, 4.5, 7.75, 5], "texture": "#0"},
				"east": {"uv": [7.75, 4.5, 7.875, 5], "texture": "#0"},
				"south": {"uv": [7.75, 4.5, 7.875, 5], "texture": "#0"},
				"west": {"uv": [7.75, 4.5, 7.875, 5], "texture": "#0"},
				"up": {"uv": [7.75, 4.5, 7.875, 4.625], "texture": "#0"},
				"down": {"uv": [7.75, 4.875, 7.875, 5], "texture": "#0"}
			}
		},
		{
			"name": "Layer 2_18",
			"from": [7.625, 10.75, 7.875],
			"to": [7.75, 11, 8.25],
			"rotation": {"angle": 0, "axis": "y", "origin": [0, 0, 8]},
			"faces": {
				"north": {"uv": [7.75, 5, 7.625, 5.25], "texture": "#0"},
				"east": {"uv": [7.625, 5, 7.75, 5.25], "texture": "#0"},
				"south": {"uv": [7.625, 5, 7.75, 5.25], "texture": "#0"},
				"west": {"uv": [7.625, 5, 7.75, 5.25], "texture": "#0"},
				"up": {"uv": [7.625, 5, 7.75, 5.125], "texture": "#0"},
				"down": {"uv": [7.625, 5.125, 7.75, 5.25], "texture": "#0"}
			}
		},
		{
			"name": "Layer 2_19",
			"from": [7.5, 10.625, 7.875],
			"to": [7.625, 10.75, 8.25],
			"rotation": {"angle": 0, "axis": "y", "origin": [0, 0, 8]},
			"faces": {
				"north": {"uv": [7.625, 5.25, 7.5, 5.375], "texture": "#0"},
				"east": {"uv": [7.5, 5.25, 7.625, 5.375], "texture": "#0"},
				"south": {"uv": [7.5, 5.25, 7.625, 5.375], "texture": "#0"},
				"west": {"uv": [7.5, 5.25, 7.625, 5.375], "texture": "#0"},
				"up": {"uv": [7.5, 5.25, 7.625, 5.375], "texture": "#0"},
				"down": {"uv": [7.5, 5.25, 7.625, 5.375], "texture": "#0"}
			}
		},
		{
			"name": "Layer 2_20",
			"from": [7.375, 10.5, 7.875],
			"to": [7.5, 10.625, 8.25],
			"rotation": {"angle": 0, "axis": "y", "origin": [0, 0, 8]},
			"faces": {
				"north": {"uv": [7.5, 5.375, 7.375, 5.5], "texture": "#0"},
				"east": {"uv": [7.375, 5.375, 7.5, 5.5], "texture": "#0"},
				"south": {"uv": [7.375, 5.375, 7.5, 5.5], "texture": "#0"},
				"west": {"uv": [7.375, 5.375, 7.5, 5.5], "texture": "#0"},
				"up": {"uv": [7.375, 5.375, 7.5, 5.5], "texture": "#0"},
				"down": {"uv": [7.375, 5.375, 7.5, 5.5], "texture": "#0"}
			}
		},
		{
			"name": "Layer 2_21",
			"from": [7.25, 10.375, 7.875],
			"to": [7.375, 10.5, 8.25],
			"rotation": {"angle": 0, "axis": "y", "origin": [0, 0, 8]},
			"faces": {
				"north": {"uv": [7.375, 5.5, 7.25, 5.625], "texture": "#0"},
				"east": {"uv": [7.25, 5.5, 7.375, 5.625], "texture": "#0"},
				"south": {"uv": [7.25, 5.5, 7.375, 5.625], "texture": "#0"},
				"west": {"uv": [7.25, 5.5, 7.375, 5.625], "texture": "#0"},
				"up": {"uv": [7.25, 5.5, 7.375, 5.625], "texture": "#0"},
				"down": {"uv": [7.25, 5.5, 7.375, 5.625], "texture": "#0"}
			}
		},
		{
			"name": "Layer 3_0",
			"from": [7.875, 14.625, 7.9375],
			"to": [8, 15.5, 8.1875],
			"rotation": {"angle": 0, "axis": "y", "origin": [0, 0, 8]},
			"faces": {
				"north": {"uv": [8, 0.5, 7.875, 1.375], "texture": "#0"},
				"east": {"uv": [7.875, 0.5, 8, 1.375], "texture": "#0"},
				"south": {"uv": [7.875, 0.5, 8, 1.375], "texture": "#0"},
				"west": {"uv": [7.875, 0.5, 8, 1.375], "texture": "#0"},
				"up": {"uv": [7.875, 0.5, 8, 0.625], "texture": "#0"},
				"down": {"uv": [7.875, 1.25, 8, 1.375], "texture": "#0"}
			}
		},
		{
			"name": "Layer 3_1",
			"from": [7.75, 13.75, 7.9375],
			"to": [7.875, 14.875, 8.1875],
			"rotation": {"angle": 0, "axis": "y", "origin": [0, 0, 8]},
			"faces": {
				"north": {"uv": [7.875, 1.125, 7.75, 2.25], "texture": "#0"},
				"east": {"uv": [7.75, 1.125, 7.875, 2.25], "texture": "#0"},
				"south": {"uv": [7.75, 1.125, 7.875, 2.25], "texture": "#0"},
				"west": {"uv": [7.75, 1.125, 7.875, 2.25], "texture": "#0"},
				"up": {"uv": [7.75, 1.125, 7.875, 1.25], "texture": "#0"},
				"down": {"uv": [7.75, 2.125, 7.875, 2.25], "texture": "#0"}
			}
		},
		{
			"name": "Layer 3_2",
			"from": [8, 13.625, 7.9375],
			"to": [8.125, 14.875, 8.1875],
			"rotation": {"angle": 0, "axis": "y", "origin": [0, 0, 8]},
			"faces": {
				"north": {"uv": [8.125, 1.125, 8, 2.375], "texture": "#0"},
				"east": {"uv": [8, 1.125, 8.125, 2.375], "texture": "#0"},
				"south": {"uv": [8, 1.125, 8.125, 2.375], "texture": "#0"},
				"west": {"uv": [8, 1.125, 8.125, 2.375], "texture": "#0"},
				"up": {"uv": [8, 1.125, 8.125, 1.25], "texture": "#0"},
				"down": {"uv": [8, 2.25, 8.125, 2.375], "texture": "#0"}
			}
		},
		{
			"name": "Layer 3_3",
			"from": [7.625, 12.375, 7.9375],
			"to": [7.75, 14.375, 8.1875],
			"rotation": {"angle": 0, "axis": "y", "origin": [0, 0, 8]},
			"faces": {
				"north": {"uv": [7.75, 1.625, 7.625, 3.625], "texture": "#0"},
				"east": {"uv": [7.625, 1.625, 7.75, 3.625], "texture": "#0"},
				"south": {"uv": [7.625, 1.625, 7.75, 3.625], "texture": "#0"},
				"west": {"uv": [7.625, 1.625, 7.75, 3.625], "texture": "#0"},
				"up": {"uv": [7.625, 1.625, 7.75, 1.75], "texture": "#0"},
				"down": {"uv": [7.625, 3.5, 7.75, 3.625], "texture": "#0"}
			}
		},
		{
			"name": "Layer 3_4",
			"from": [8.125, 13.375, 7.9375],
			"to": [8.25, 14.25, 8.1875],
			"rotation": {"angle": 0, "axis": "y", "origin": [0, 0, 8]},
			"faces": {
				"north": {"uv": [8.25, 1.75, 8.125, 2.625], "texture": "#0"},
				"east": {"uv": [8.125, 1.75, 8.25, 2.625], "texture": "#0"},
				"south": {"uv": [8.125, 1.75, 8.25, 2.625], "texture": "#0"},
				"west": {"uv": [8.125, 1.75, 8.25, 2.625], "texture": "#0"},
				"up": {"uv": [8.125, 1.75, 8.25, 1.875], "texture": "#0"},
				"down": {"uv": [8.125, 2.5, 8.25, 2.625], "texture": "#0"}
			}
		},
		{
			"name": "Layer 3_5",
			"from": [7.5, 12.25, 7.9375],
			"to": [7.625, 14, 8.1875],
			"rotation": {"angle": 0, "axis": "y", "origin": [0, 0, 8]},
			"faces": {
				"north": {"uv": [7.625, 2, 7.5, 3.75], "texture": "#0"},
				"east": {"uv": [7.5, 2, 7.625, 3.75], "texture": "#0"},
				"south": {"uv": [7.5, 2, 7.625, 3.75], "texture": "#0"},
				"west": {"uv": [7.5, 2, 7.625, 3.75], "texture": "#0"},
				"up": {"uv": [7.5, 2, 7.625, 2.125], "texture": "#0"},
				"down": {"uv": [7.5, 3.625, 7.625, 3.75], "texture": "#0"}
			}
		},
		{
			"name": "Layer 3_6",
			"from": [8.25, 13.25, 7.9375],
			"to": [8.375, 13.875, 8.1875],
			"rotation": {"angle": 0, "axis": "y", "origin": [0, 0, 8]},
			"faces": {
				"north": {"uv": [8.375, 2.125, 8.25, 2.75], "texture": "#0"},
				"east": {"uv": [8.25, 2.125, 8.375, 2.75], "texture": "#0"},
				"south": {"uv": [8.25, 2.125, 8.375, 2.75], "texture": "#0"},
				"west": {"uv": [8.25, 2.125, 8.375, 2.75], "texture": "#0"},
				"up": {"uv": [8.25, 2.125, 8.375, 2.25], "texture": "#0"},
				"down": {"uv": [8.25, 2.625, 8.375, 2.75], "texture": "#0"}
			}
		},
		{
			"name": "Layer 3_7",
			"from": [7.375, 13.125, 7.9375],
			"to": [7.5, 13.75, 8.1875],
			"rotation": {"angle": 0, "axis": "y", "origin": [0, 0, 8]},
			"faces": {
				"north": {"uv": [7.5, 2.25, 7.375, 2.875], "texture": "#0"},
				"east": {"uv": [7.375, 2.25, 7.5, 2.875], "texture": "#0"},
				"south": {"uv": [7.375, 2.25, 7.5, 2.875], "texture": "#0"},
				"west": {"uv": [7.375, 2.25, 7.5, 2.875], "texture": "#0"},
				"up": {"uv": [7.375, 2.25, 7.5, 2.375], "texture": "#0"},
				"down": {"uv": [7.375, 2.75, 7.5, 2.875], "texture": "#0"}
			}
		},
		{
			"name": "Layer 3_8",
			"from": [7.875, 12.75, 7.9375],
			"to": [8, 13.625, 8.1875],
			"rotation": {"angle": 0, "axis": "y", "origin": [0, 0, 8]},
			"faces": {
				"north": {"uv": [8, 2.375, 7.875, 3.25], "texture": "#0"},
				"east": {"uv": [7.875, 2.375, 8, 3.25], "texture": "#0"},
				"south": {"uv": [7.875, 2.375, 8, 3.25], "texture": "#0"},
				"west": {"uv": [7.875, 2.375, 8, 3.25], "texture": "#0"},
				"up": {"uv": [7.875, 2.375, 8, 2.5], "texture": "#0"},
				"down": {"uv": [7.875, 3.125, 8, 3.25], "texture": "#0"}
			}
		},
		{
			"name": "Layer 3_9",
			"from": [7.25, 13, 7.9375],
			"to": [7.375, 13.5, 8.1875],
			"rotation": {"angle": 0, "axis": "y", "origin": [0, 0, 8]},
			"faces": {
				"north": {"uv": [7.375, 2.5, 7.25, 3], "texture": "#0"},
				"east": {"uv": [7.25, 2.5, 7.375, 3], "texture": "#0"},
				"south": {"uv": [7.25, 2.5, 7.375, 3], "texture": "#0"},
				"west": {"uv": [7.25, 2.5, 7.375, 3], "texture": "#0"},
				"up": {"uv": [7.25, 2.5, 7.375, 2.625], "texture": "#0"},
				"down": {"uv": [7.25, 2.875, 7.375, 3], "texture": "#0"}
			}
		},
		{
			"name": "Layer 3_10",
			"from": [7.75, 12.625, 7.9375],
			"to": [7.875, 13.5, 8.1875],
			"rotation": {"angle": 0, "axis": "y", "origin": [0, 0, 8]},
			"faces": {
				"north": {"uv": [7.875, 2.5, 7.75, 3.375], "texture": "#0"},
				"east": {"uv": [7.75, 2.5, 7.875, 3.375], "texture": "#0"},
				"south": {"uv": [7.75, 2.5, 7.875, 3.375], "texture": "#0"},
				"west": {"uv": [7.75, 2.5, 7.875, 3.375], "texture": "#0"},
				"up": {"uv": [7.75, 2.5, 7.875, 2.625], "texture": "#0"},
				"down": {"uv": [7.75, 3.25, 7.875, 3.375], "texture": "#0"}
			}
		},
		{
			"name": "Layer 3_11",
			"from": [8.375, 13.125, 7.9375],
			"to": [8.5, 13.5, 8.1875],
			"rotation": {"angle": 0, "axis": "y", "origin": [0, 0, 8]},
			"faces": {
				"north": {"uv": [8.5, 2.5, 8.375, 2.875], "texture": "#0"},
				"east": {"uv": [8.375, 2.5, 8.5, 2.875], "texture": "#0"},
				"south": {"uv": [8.375, 2.5, 8.5, 2.875], "texture": "#0"},
				"west": {"uv": [8.375, 2.5, 8.5, 2.875], "texture": "#0"},
				"up": {"uv": [8.375, 2.5, 8.5, 2.625], "texture": "#0"},
				"down": {"uv": [8.375, 2.75, 8.5, 2.875], "texture": "#0"}
			}
		},
		{
			"name": "Layer 3_12",
			"from": [7.125, 12.875, 7.9375],
			"to": [7.25, 13.25, 8.1875],
			"rotation": {"angle": 0, "axis": "y", "origin": [0, 0, 8]},
			"faces": {
				"north": {"uv": [7.25, 2.75, 7.125, 3.125], "texture": "#0"},
				"east": {"uv": [7.125, 2.75, 7.25, 3.125], "texture": "#0"},
				"south": {"uv": [7.125, 2.75, 7.25, 3.125], "texture": "#0"},
				"west": {"uv": [7.125, 2.75, 7.25, 3.125], "texture": "#0"},
				"up": {"uv": [7.125, 2.75, 7.25, 2.875], "texture": "#0"},
				"down": {"uv": [7.125, 3, 7.25, 3.125], "texture": "#0"}
			}
		},
		{
			"name": "Layer 3_13",
			"from": [8.125, 12.5, 7.9375],
			"to": [8.25, 13.25, 8.1875],
			"rotation": {"angle": 0, "axis": "y", "origin": [0, 0, 8]},
			"faces": {
				"north": {"uv": [8.25, 2.75, 8.125, 3.5], "texture": "#0"},
				"east": {"uv": [8.125, 2.75, 8.25, 3.5], "texture": "#0"},
				"south": {"uv": [8.125, 2.75, 8.25, 3.5], "texture": "#0"},
				"west": {"uv": [8.125, 2.75, 8.25, 3.5], "texture": "#0"},
				"up": {"uv": [8.125, 2.75, 8.25, 2.875], "texture": "#0"},
				"down": {"uv": [8.125, 3.375, 8.25, 3.5], "texture": "#0"}
			}
		},
		{
			"name": "Layer 3_14",
			"from": [8.5, 13, 7.9375],
			"to": [8.625, 13.25, 8.1875],
			"rotation": {"angle": 0, "axis": "y", "origin": [0, 0, 8]},
			"faces": {
				"north": {"uv": [8.625, 2.75, 8.5, 3], "texture": "#0"},
				"east": {"uv": [8.5, 2.75, 8.625, 3], "texture": "#0"},
				"south": {"uv": [8.5, 2.75, 8.625, 3], "texture": "#0"},
				"west": {"uv": [8.5, 2.75, 8.625, 3], "texture": "#0"},
				"up": {"uv": [8.5, 2.75, 8.625, 2.875], "texture": "#0"},
				"down": {"uv": [8.5, 2.875, 8.625, 3], "texture": "#0"}
			}
		},
		{
			"name": "Layer 3_15",
			"from": [8.625, 13, 7.9375],
			"to": [8.75, 13.125, 8.1875],
			"rotation": {"angle": 0, "axis": "y", "origin": [0, 0, 8]},
			"faces": {
				"north": {"uv": [8.75, 2.875, 8.625, 3], "texture": "#0"},
				"east": {"uv": [8.625, 2.875, 8.75, 3], "texture": "#0"},
				"south": {"uv": [8.625, 2.875, 8.75, 3], "texture": "#0"},
				"west": {"uv": [8.625, 2.875, 8.75, 3], "texture": "#0"},
				"up": {"uv": [8.625, 2.875, 8.75, 3], "texture": "#0"},
				"down": {"uv": [8.625, 2.875, 8.75, 3], "texture": "#0"}
			}
		},
		{
			"name": "Layer 3_16",
			"from": [7, 12.75, 7.9375],
			"to": [7.125, 13, 8.1875],
			"rotation": {"angle": 0, "axis": "y", "origin": [0, 0, 8]},
			"faces": {
				"north": {"uv": [7.125, 3, 7, 3.25], "texture": "#0"},
				"east": {"uv": [7, 3, 7.125, 3.25], "texture": "#0"},
				"south": {"uv": [7, 3, 7.125, 3.25], "texture": "#0"},
				"west": {"uv": [7, 3, 7.125, 3.25], "texture": "#0"},
				"up": {"uv": [7, 3, 7.125, 3.125], "texture": "#0"},
				"down": {"uv": [7, 3.125, 7.125, 3.25], "texture": "#0"}
			}
		},
		{
			"name": "Layer 3_17",
			"from": [6.875, 12.75, 7.9375],
			"to": [7, 12.875, 8.1875],
			"rotation": {"angle": 0, "axis": "y", "origin": [0, 0, 8]},
			"faces": {
				"north": {"uv": [7, 3.125, 6.875, 3.25], "texture": "#0"},
				"east": {"uv": [6.875, 3.125, 7, 3.25], "texture": "#0"},
				"south": {"uv": [6.875, 3.125, 7, 3.25], "texture": "#0"},
				"west": {"uv": [6.875, 3.125, 7, 3.25], "texture": "#0"},
				"up": {"uv": [6.875, 3.125, 7, 3.25], "texture": "#0"},
				"down": {"uv": [6.875, 3.125, 7, 3.25], "texture": "#0"}
			}
		},
		{
			"name": "Layer 3_18",
			"from": [7.375, 12.125, 7.9375],
			"to": [7.5, 12.875, 8.1875],
			"rotation": {"angle": 0, "axis": "y", "origin": [0, 0, 8]},
			"faces": {
				"north": {"uv": [7.5, 3.125, 7.375, 3.875], "texture": "#0"},
				"east": {"uv": [7.375, 3.125, 7.5, 3.875], "texture": "#0"},
				"south": {"uv": [7.375, 3.125, 7.5, 3.875], "texture": "#0"},
				"west": {"uv": [7.375, 3.125, 7.5, 3.875], "texture": "#0"},
				"up": {"uv": [7.375, 3.125, 7.5, 3.25], "texture": "#0"},
				"down": {"uv": [7.375, 3.75, 7.5, 3.875], "texture": "#0"}
			}
		},
		{
			"name": "Layer 3_19",
			"from": [8.25, 12.375, 7.9375],
			"to": [8.375, 12.875, 8.1875],
			"rotation": {"angle": 0, "axis": "y", "origin": [0, 0, 8]},
			"faces": {
				"north": {"uv": [8.375, 3.125, 8.25, 3.625], "texture": "#0"},
				"east": {"uv": [8.25, 3.125, 8.375, 3.625], "texture": "#0"},
				"south": {"uv": [8.25, 3.125, 8.375, 3.625], "texture": "#0"},
				"west": {"uv": [8.25, 3.125, 8.375, 3.625], "texture": "#0"},
				"up": {"uv": [8.25, 3.125, 8.375, 3.25], "texture": "#0"},
				"down": {"uv": [8.25, 3.5, 8.375, 3.625], "texture": "#0"}
			}
		},
		{
			"name": "Layer 3_20",
			"from": [6.75, 12.625, 7.9375],
			"to": [6.875, 12.75, 8.1875],
			"rotation": {"angle": 0, "axis": "y", "origin": [0, 0, 8]},
			"faces": {
				"north": {"uv": [6.875, 3.25, 6.75, 3.375], "texture": "#0"},
				"east": {"uv": [6.75, 3.25, 6.875, 3.375], "texture": "#0"},
				"south": {"uv": [6.75, 3.25, 6.875, 3.375], "texture": "#0"},
				"west": {"uv": [6.75, 3.25, 6.875, 3.375], "texture": "#0"},
				"up": {"uv": [6.75, 3.25, 6.875, 3.375], "texture": "#0"},
				"down": {"uv": [6.75, 3.25, 6.875, 3.375], "texture": "#0"}
			}
		},
		{
			"name": "Layer 3_21",
			"from": [8, 12.625, 7.9375],
			"to": [8.125, 12.75, 8.1875],
			"rotation": {"angle": 0, "axis": "y", "origin": [0, 0, 8]},
			"faces": {
				"north": {"uv": [8.125, 3.25, 8, 3.375], "texture": "#0"},
				"east": {"uv": [8, 3.25, 8.125, 3.375], "texture": "#0"},
				"south": {"uv": [8, 3.25, 8.125, 3.375], "texture": "#0"},
				"west": {"uv": [8, 3.25, 8.125, 3.375], "texture": "#0"},
				"up": {"uv": [8, 3.25, 8.125, 3.375], "texture": "#0"},
				"down": {"uv": [8, 3.25, 8.125, 3.375], "texture": "#0"}
			}
		},
		{
			"name": "Layer 3_22",
			"from": [7.25, 11.5, 7.9375],
			"to": [7.375, 12.625, 8.1875],
			"rotation": {"angle": 0, "axis": "y", "origin": [0, 0, 8]},
			"faces": {
				"north": {"uv": [7.375, 3.375, 7.25, 4.5], "texture": "#0"},
				"east": {"uv": [7.25, 3.375, 7.375, 4.5], "texture": "#0"},
				"south": {"uv": [7.25, 3.375, 7.375, 4.5], "texture": "#0"},
				"west": {"uv": [7.25, 3.375, 7.375, 4.5], "texture": "#0"},
				"up": {"uv": [7.25, 3.375, 7.375, 3.5], "texture": "#0"},
				"down": {"uv": [7.25, 4.375, 7.375, 4.5], "texture": "#0"}
			}
		},
		{
			"name": "Layer 3_23",
			"from": [8.375, 12.25, 7.9375],
			"to": [8.5, 12.625, 8.1875],
			"rotation": {"angle": 0, "axis": "y", "origin": [0, 0, 8]},
			"faces": {
				"north": {"uv": [8.5, 3.375, 8.375, 3.75], "texture": "#0"},
				"east": {"uv": [8.375, 3.375, 8.5, 3.75], "texture": "#0"},
				"south": {"uv": [8.375, 3.375, 8.5, 3.75], "texture": "#0"},
				"west": {"uv": [8.375, 3.375, 8.5, 3.75], "texture": "#0"},
				"up": {"uv": [8.375, 3.375, 8.5, 3.5], "texture": "#0"},
				"down": {"uv": [8.375, 3.625, 8.5, 3.75], "texture": "#0"}
			}
		},
		{
			"name": "Layer 3_24",
			"from": [7.125, 11.625, 7.9375],
			"to": [7.25, 12.5, 8.1875],
			"rotation": {"angle": 0, "axis": "y", "origin": [0, 0, 8]},
			"faces": {
				"north": {"uv": [7.25, 3.5, 7.125, 4.375], "texture": "#0"},
				"east": {"uv": [7.125, 3.5, 7.25, 4.375], "texture": "#0"},
				"south": {"uv": [7.125, 3.5, 7.25, 4.375], "texture": "#0"},
				"west": {"uv": [7.125, 3.5, 7.25, 4.375], "texture": "#0"},
				"up": {"uv": [7.125, 3.5, 7.25, 3.625], "texture": "#0"},
				"down": {"uv": [7.125, 4.25, 7.25, 4.375], "texture": "#0"}
			}
		},
		{
			"name": "Layer 3_25",
			"from": [7, 11.75, 7.9375],
			"to": [7.125, 12.375, 8.1875],
			"rotation": {"angle": 0, "axis": "y", "origin": [0, 0, 8]},
			"faces": {
				"north": {"uv": [7.125, 3.625, 7, 4.25], "texture": "#0"},
				"east": {"uv": [7, 3.625, 7.125, 4.25], "texture": "#0"},
				"south": {"uv": [7, 3.625, 7.125, 4.25], "texture": "#0"},
				"west": {"uv": [7, 3.625, 7.125, 4.25], "texture": "#0"},
				"up": {"uv": [7, 3.625, 7.125, 3.75], "texture": "#0"},
				"down": {"uv": [7, 4.125, 7.125, 4.25], "texture": "#0"}
			}
		},
		{
			"name": "Layer 3_26",
			"from": [8.5, 12.125, 7.9375],
			"to": [8.625, 12.375, 8.1875],
			"rotation": {"angle": 0, "axis": "y", "origin": [0, 0, 8]},
			"faces": {
				"north": {"uv": [8.625, 3.625, 8.5, 3.875], "texture": "#0"},
				"east": {"uv": [8.5, 3.625, 8.625, 3.875], "texture": "#0"},
				"south": {"uv": [8.5, 3.625, 8.625, 3.875], "texture": "#0"},
				"west": {"uv": [8.5, 3.625, 8.625, 3.875], "texture": "#0"},
				"up": {"uv": [8.5, 3.625, 8.625, 3.75], "texture": "#0"},
				"down": {"uv": [8.5, 3.75, 8.625, 3.875], "texture": "#0"}
			}
		},
		{
			"name": "Layer 3_27",
			"from": [7.375, 11.375, 7.9375],
			"to": [7.5, 11.875, 8.1875],
			"rotation": {"angle": 0, "axis": "y", "origin": [0, 0, 8]},
			"faces": {
				"north": {"uv": [7.5, 4.125, 7.375, 4.625], "texture": "#0"},
				"east": {"uv": [7.375, 4.125, 7.5, 4.625], "texture": "#0"},
				"south": {"uv": [7.375, 4.125, 7.5, 4.625], "texture": "#0"},
				"west": {"uv": [7.375, 4.125, 7.5, 4.625], "texture": "#0"},
				"up": {"uv": [7.375, 4.125, 7.5, 4.25], "texture": "#0"},
				"down": {"uv": [7.375, 4.5, 7.5, 4.625], "texture": "#0"}
			}
		},
		{
			"name": "Layer 3_28",
			"from": [7.5, 10.75, 7.9375],
			"to": [7.625, 11.75, 8.1875],
			"rotation": {"angle": 0, "axis": "y", "origin": [0, 0, 8]},
			"faces": {
				"north": {"uv": [7.625, 4.25, 7.5, 5.25], "texture": "#0"},
				"east": {"uv": [7.5, 4.25, 7.625, 5.25], "texture": "#0"},
				"south": {"uv": [7.5, 4.25, 7.625, 5.25], "texture": "#0"},
				"west": {"uv": [7.5, 4.25, 7.625, 5.25], "texture": "#0"},
				"up": {"uv": [7.5, 4.25, 7.625, 4.375], "texture": "#0"},
				"down": {"uv": [7.5, 5.125, 7.625, 5.25], "texture": "#0"}
			}
		},
		{
			"name": "Layer 3_29",
			"from": [7.625, 11, 7.9375],
			"to": [7.75, 11.5, 8.1875],
			"rotation": {"angle": 0, "axis": "y", "origin": [0, 0, 8]},
			"faces": {
				"north": {"uv": [7.75, 4.5, 7.625, 5], "texture": "#0"},
				"east": {"uv": [7.625, 4.5, 7.75, 5], "texture": "#0"},
				"south": {"uv": [7.625, 4.5, 7.75, 5], "texture": "#0"},
				"west": {"uv": [7.625, 4.5, 7.75, 5], "texture": "#0"},
				"up": {"uv": [7.625, 4.5, 7.75, 4.625], "texture": "#0"},
				"down": {"uv": [7.625, 4.875, 7.75, 5], "texture": "#0"}
			}
		},
		{
			"name": "Layer 3_30",
			"from": [7.375, 10.625, 7.9375],
			"to": [7.5, 10.875, 8.1875],
			"rotation": {"angle": 0, "axis": "y", "origin": [0, 0, 8]},
			"faces": {
				"north": {"uv": [7.5, 5.125, 7.375, 5.375], "texture": "#0"},
				"east": {"uv": [7.375, 5.125, 7.5, 5.375], "texture": "#0"},
				"south": {"uv": [7.375, 5.125, 7.5, 5.375], "texture": "#0"},
				"west": {"uv": [7.375, 5.125, 7.5, 5.375], "texture": "#0"},
				"up": {"uv": [7.375, 5.125, 7.5, 5.25], "texture": "#0"},
				"down": {"uv": [7.375, 5.25, 7.5, 5.375], "texture": "#0"}
			}
		},
		{
			"name": "Layer 3_31",
			"from": [7.25, 10.5, 7.9375],
			"to": [7.375, 10.625, 8.1875],
			"rotation": {"angle": 0, "axis": "y", "origin": [0, 0, 8]},
			"faces": {
				"north": {"uv": [7.375, 5.375, 7.25, 5.5], "texture": "#0"},
				"east": {"uv": [7.25, 5.375, 7.375, 5.5], "texture": "#0"},
				"south": {"uv": [7.25, 5.375, 7.375, 5.5], "texture": "#0"},
				"west": {"uv": [7.25, 5.375, 7.375, 5.5], "texture": "#0"},
				"up": {"uv": [7.25, 5.375, 7.375, 5.5], "texture": "#0"},
				"down": {"uv": [7.25, 5.375, 7.375, 5.5], "texture": "#0"}
			}
		},
		{
			"name": "Layer 3_32",
			"from": [7.125, 10.375, 7.9375],
			"to": [7.25, 10.5, 8.1875],
			"rotation": {"angle": 0, "axis": "y", "origin": [0, 0, 8]},
			"faces": {
				"north": {"uv": [7.25, 5.5, 7.125, 5.625], "texture": "#0"},
				"east": {"uv": [7.125, 5.5, 7.25, 5.625], "texture": "#0"},
				"south": {"uv": [7.125, 5.5, 7.25, 5.625], "texture": "#0"},
				"west": {"uv": [7.125, 5.5, 7.25, 5.625], "texture": "#0"},
				"up": {"uv": [7.125, 5.5, 7.25, 5.625], "texture": "#0"},
				"down": {"uv": [7.125, 5.5, 7.25, 5.625], "texture": "#0"}
			}
		},
		{
			"name": "Layer 3_33",
			"from": [7, 10.25, 7.9375],
			"to": [7.125, 10.375, 8.1875],
			"rotation": {"angle": 0, "axis": "y", "origin": [0, 0, 8]},
			"faces": {
				"north": {"uv": [7.125, 5.625, 7, 5.75], "texture": "#0"},
				"east": {"uv": [7, 5.625, 7.125, 5.75], "texture": "#0"},
				"south": {"uv": [7, 5.625, 7.125, 5.75], "texture": "#0"},
				"west": {"uv": [7, 5.625, 7.125, 5.75], "texture": "#0"},
				"up": {"uv": [7, 5.625, 7.125, 5.75], "texture": "#0"},
				"down": {"uv": [7, 5.625, 7.125, 5.75], "texture": "#0"}
			}
		},
		{
			"name": "Layer 4_0",
			"from": [8, 11.5, 7.875],
			"to": [8.125, 12.5, 8.25],
			"rotation": {"angle": 0, "axis": "y", "origin": [0, 0, 8]},
			"faces": {
				"north": {"uv": [8.125, 3.5, 8, 4.5], "texture": "#0"},
				"east": {"uv": [8, 3.5, 8.125, 4.5], "texture": "#0"},
				"south": {"uv": [8, 3.5, 8.125, 4.5], "texture": "#0"},
				"west": {"uv": [8, 3.5, 8.125, 4.5], "texture": "#0"},
				"up": {"uv": [8, 3.5, 8.125, 3.625], "texture": "#0"},
				"down": {"uv": [8, 4.375, 8.125, 4.5], "texture": "#0"}
			}
		},
		{
			"name": "Layer 4_1",
			"from": [7.875, 11.375, 7.875],
			"to": [8, 12.375, 8.25],
			"rotation": {"angle": 0, "axis": "y", "origin": [0, 0, 8]},
			"faces": {
				"north": {"uv": [8, 3.625, 7.875, 4.625], "texture": "#0"},
				"east": {"uv": [7.875, 3.625, 8, 4.625], "texture": "#0"},
				"south": {"uv": [7.875, 3.625, 8, 4.625], "texture": "#0"},
				"west": {"uv": [7.875, 3.625, 8, 4.625], "texture": "#0"},
				"up": {"uv": [7.875, 3.625, 8, 3.75], "texture": "#0"},
				"down": {"uv": [7.875, 4.5, 8, 4.625], "texture": "#0"}
			}
		},
		{
			"name": "Layer 4_2",
			"from": [8.125, 12, 7.875],
			"to": [8.25, 12.375, 8.25],
			"rotation": {"angle": 0, "axis": "y", "origin": [0, 0, 8]},
			"faces": {
				"north": {"uv": [8.25, 3.625, 8.125, 4], "texture": "#0"},
				"east": {"uv": [8.125, 3.625, 8.25, 4], "texture": "#0"},
				"south": {"uv": [8.125, 3.625, 8.25, 4], "texture": "#0"},
				"west": {"uv": [8.125, 3.625, 8.25, 4], "texture": "#0"},
				"up": {"uv": [8.125, 3.625, 8.25, 3.75], "texture": "#0"},
				"down": {"uv": [8.125, 3.875, 8.25, 4], "texture": "#0"}
			}
		},
		{
			"name": "Layer 4_3",
			"from": [7.625, 12, 7.875],
			"to": [7.875, 12.25, 8.25],
			"rotation": {"angle": 0, "axis": "y", "origin": [0, 0, 8]},
			"faces": {
				"north": {"uv": [7.875, 3.75, 7.625, 4], "texture": "#0"},
				"east": {"uv": [7.75, 3.75, 7.875, 4], "texture": "#0"},
				"south": {"uv": [7.625, 3.75, 7.875, 4], "texture": "#0"},
				"west": {"uv": [7.625, 3.75, 7.75, 4], "texture": "#0"},
				"up": {"uv": [7.625, 3.75, 7.875, 3.875], "texture": "#0"},
				"down": {"uv": [7.625, 3.875, 7.875, 4], "texture": "#0"}
			}
		},
		{
			"name": "Layer 4_4",
			"from": [7.75, 11.5, 7.875],
			"to": [7.875, 12, 8.25],
			"rotation": {"angle": 0, "axis": "y", "origin": [0, 0, 8]},
			"faces": {
				"north": {"uv": [7.875, 4, 7.75, 4.5], "texture": "#0"},
				"east": {"uv": [7.75, 4, 7.875, 4.5], "texture": "#0"},
				"south": {"uv": [7.75, 4, 7.875, 4.5], "texture": "#0"},
				"west": {"uv": [7.75, 4, 7.875, 4.5], "texture": "#0"},
				"up": {"uv": [7.75, 4, 7.875, 4.125], "texture": "#0"},
				"down": {"uv": [7.75, 4.375, 7.875, 4.5], "texture": "#0"}
			}
		},
		{
			"name": "Layer 4_5",
			"from": [8.125, 11.625, 7.875],
			"to": [8.25, 11.875, 8.25],
			"rotation": {"angle": 0, "axis": "y", "origin": [0, 0, 8]},
			"faces": {
				"north": {"uv": [8.25, 4.125, 8.125, 4.375], "texture": "#0"},
				"east": {"uv": [8.125, 4.125, 8.25, 4.375], "texture": "#0"},
				"south": {"uv": [8.125, 4.125, 8.25, 4.375], "texture": "#0"},
				"west": {"uv": [8.125, 4.125, 8.25, 4.375], "texture": "#0"},
				"up": {"uv": [8.125, 4.125, 8.25, 4.25], "texture": "#0"},
				"down": {"uv": [8.125, 4.25, 8.25, 4.375], "texture": "#0"}
			}
		},
		{
			"name": "Layer 4_6",
			"from": [7.875, 3.25, 7.875],
			"to": [8, 3.5, 8.25],
			"rotation": {"angle": 0, "axis": "y", "origin": [0, 0, 8]},
			"faces": {
				"north": {"uv": [8, 12.5, 7.875, 12.75], "texture": "#0"},
				"east": {"uv": [7.875, 12.5, 8, 12.75], "texture": "#0"},
				"south": {"uv": [7.875, 12.5, 8, 12.75], "texture": "#0"},
				"west": {"uv": [7.875, 12.5, 8, 12.75], "texture": "#0"},
				"up": {"uv": [7.875, 12.5, 8, 12.625], "texture": "#0"},
				"down": {"uv": [7.875, 12.625, 8, 12.75], "texture": "#0"}
			}
		},
		{
			"name": "Layer 4_7",
			"from": [8, 3, 7.875],
			"to": [8.125, 3.375, 8.25],
			"rotation": {"angle": 0, "axis": "y", "origin": [0, 0, 8]},
			"faces": {
				"north": {"uv": [8.125, 12.625, 8, 13], "texture": "#0"},
				"east": {"uv": [8, 12.625, 8.125, 13], "texture": "#0"},
				"south": {"uv": [8, 12.625, 8.125, 13], "texture": "#0"},
				"west": {"uv": [8, 12.625, 8.125, 13], "texture": "#0"},
				"up": {"uv": [8, 12.625, 8.125, 12.75], "texture": "#0"},
				"down": {"uv": [8, 12.875, 8.125, 13], "texture": "#0"}
			}
		},
		{
			"name": "Layer 4_8",
			"from": [8.125, 2.875, 7.875],
			"to": [8.25, 3.25, 8.25],
			"rotation": {"angle": 0, "axis": "y", "origin": [0, 0, 8]},
			"faces": {
				"north": {"uv": [8.25, 12.75, 8.125, 13.125], "texture": "#0"},
				"east": {"uv": [8.125, 12.75, 8.25, 13.125], "texture": "#0"},
				"south": {"uv": [8.125, 12.75, 8.25, 13.125], "texture": "#0"},
				"west": {"uv": [8.125, 12.75, 8.25, 13.125], "texture": "#0"},
				"up": {"uv": [8.125, 12.75, 8.25, 12.875], "texture": "#0"},
				"down": {"uv": [8.125, 13, 8.25, 13.125], "texture": "#0"}
			}
		},
		{
			"name": "Layer 4_9",
			"from": [7.625, 2.75, 7.875],
			"to": [7.75, 3.125, 8.25],
			"rotation": {"angle": 0, "axis": "y", "origin": [0, 0, 8]},
			"faces": {
				"north": {"uv": [7.75, 12.875, 7.625, 13.25], "texture": "#0"},
				"east": {"uv": [7.625, 12.875, 7.75, 13.25], "texture": "#0"},
				"south": {"uv": [7.625, 12.875, 7.75, 13.25], "texture": "#0"},
				"west": {"uv": [7.625, 12.875, 7.75, 13.25], "texture": "#0"},
				"up": {"uv": [7.625, 12.875, 7.75, 13], "texture": "#0"},
				"down": {"uv": [7.625, 13.125, 7.75, 13.25], "texture": "#0"}
			}
		},
		{
			"name": "Layer 4_10",
			"from": [7.75, 2.625, 7.875],
			"to": [7.875, 3, 8.25],
			"rotation": {"angle": 0, "axis": "y", "origin": [0, 0, 8]},
			"faces": {
				"north": {"uv": [7.875, 13, 7.75, 13.375], "texture": "#0"},
				"east": {"uv": [7.75, 13, 7.875, 13.375], "texture": "#0"},
				"south": {"uv": [7.75, 13, 7.875, 13.375], "texture": "#0"},
				"west": {"uv": [7.75, 13, 7.875, 13.375], "texture": "#0"},
				"up": {"uv": [7.75, 13, 7.875, 13.125], "texture": "#0"},
				"down": {"uv": [7.75, 13.25, 7.875, 13.375], "texture": "#0"}
			}
		},
		{
			"name": "Layer 4_11",
			"from": [7.875, 2.5, 7.875],
			"to": [8, 2.875, 8.25],
			"rotation": {"angle": 0, "axis": "y", "origin": [0, 0, 8]},
			"faces": {
				"north": {"uv": [8, 13.125, 7.875, 13.5], "texture": "#0"},
				"east": {"uv": [7.875, 13.125, 8, 13.5], "texture": "#0"},
				"south": {"uv": [7.875, 13.125, 8, 13.5], "texture": "#0"},
				"west": {"uv": [7.875, 13.125, 8, 13.5], "texture": "#0"},
				"up": {"uv": [7.875, 13.125, 8, 13.25], "texture": "#0"},
				"down": {"uv": [7.875, 13.375, 8, 13.5], "texture": "#0"}
			}
		},
		{
			"name": "Layer 4_12",
			"from": [8, 2.375, 7.875],
			"to": [8.125, 2.75, 8.25],
			"rotation": {"angle": 0, "axis": "y", "origin": [0, 0, 8]},
			"faces": {
				"north": {"uv": [8.125, 13.25, 8, 13.625], "texture": "#0"},
				"east": {"uv": [8, 13.25, 8.125, 13.625], "texture": "#0"},
				"south": {"uv": [8, 13.25, 8.125, 13.625], "texture": "#0"},
				"west": {"uv": [8, 13.25, 8.125, 13.625], "texture": "#0"},
				"up": {"uv": [8, 13.25, 8.125, 13.375], "texture": "#0"},
				"down": {"uv": [8, 13.5, 8.125, 13.625], "texture": "#0"}
			}
		},
		{
			"name": "Layer 4_13",
			"from": [8.125, 2.25, 7.875],
			"to": [8.25, 2.625, 8.25],
			"rotation": {"angle": 0, "axis": "y", "origin": [0, 0, 8]},
			"faces": {
				"north": {"uv": [8.25, 13.375, 8.125, 13.75], "texture": "#0"},
				"east": {"uv": [8.125, 13.375, 8.25, 13.75], "texture": "#0"},
				"south": {"uv": [8.125, 13.375, 8.25, 13.75], "texture": "#0"},
				"west": {"uv": [8.125, 13.375, 8.25, 13.75], "texture": "#0"},
				"up": {"uv": [8.125, 13.375, 8.25, 13.5], "texture": "#0"},
				"down": {"uv": [8.125, 13.625, 8.25, 13.75], "texture": "#0"}
			}
		},
		{
			"name": "Layer 4_14",
			"from": [7.625, 2.125, 7.875],
			"to": [7.75, 2.5, 8.25],
			"rotation": {"angle": 0, "axis": "y", "origin": [0, 0, 8]},
			"faces": {
				"north": {"uv": [7.75, 13.5, 7.625, 13.875], "texture": "#0"},
				"east": {"uv": [7.625, 13.5, 7.75, 13.875], "texture": "#0"},
				"south": {"uv": [7.625, 13.5, 7.75, 13.875], "texture": "#0"},
				"west": {"uv": [7.625, 13.5, 7.75, 13.875], "texture": "#0"},
				"up": {"uv": [7.625, 13.5, 7.75, 13.625], "texture": "#0"},
				"down": {"uv": [7.625, 13.75, 7.75, 13.875], "texture": "#0"}
			}
		},
		{
			"name": "Layer 4_15",
			"from": [7.75, 2, 7.875],
			"to": [7.875, 2.375, 8.25],
			"rotation": {"angle": 0, "axis": "y", "origin": [0, 0, 8]},
			"faces": {
				"north": {"uv": [7.875, 13.625, 7.75, 14], "texture": "#0"},
				"east": {"uv": [7.75, 13.625, 7.875, 14], "texture": "#0"},
				"south": {"uv": [7.75, 13.625, 7.875, 14], "texture": "#0"},
				"west": {"uv": [7.75, 13.625, 7.875, 14], "texture": "#0"},
				"up": {"uv": [7.75, 13.625, 7.875, 13.75], "texture": "#0"},
				"down": {"uv": [7.75, 13.875, 7.875, 14], "texture": "#0"}
			}
		},
		{
			"name": "Layer 4_16",
			"from": [7.875, 1.875, 7.875],
			"to": [8, 2.25, 8.25],
			"rotation": {"angle": 0, "axis": "y", "origin": [0, 0, 8]},
			"faces": {
				"north": {"uv": [8, 13.75, 7.875, 14.125], "texture": "#0"},
				"east": {"uv": [7.875, 13.75, 8, 14.125], "texture": "#0"},
				"south": {"uv": [7.875, 13.75, 8, 14.125], "texture": "#0"},
				"west": {"uv": [7.875, 13.75, 8, 14.125], "texture": "#0"},
				"up": {"uv": [7.875, 13.75, 8, 13.875], "texture": "#0"},
				"down": {"uv": [7.875, 14, 8, 14.125], "texture": "#0"}
			}
		},
		{
			"name": "Layer 4_17",
			"from": [8, 1.75, 7.875],
			"to": [8.125, 2.125, 8.25],
			"rotation": {"angle": 0, "axis": "y", "origin": [0, 0, 8]},
			"faces": {
				"north": {"uv": [8.125, 13.875, 8, 14.25], "texture": "#0"},
				"east": {"uv": [8, 13.875, 8.125, 14.25], "texture": "#0"},
				"south": {"uv": [8, 13.875, 8.125, 14.25], "texture": "#0"},
				"west": {"uv": [8, 13.875, 8.125, 14.25], "texture": "#0"},
				"up": {"uv": [8, 13.875, 8.125, 14], "texture": "#0"},
				"down": {"uv": [8, 14.125, 8.125, 14.25], "texture": "#0"}
			}
		},
		{
			"name": "Layer 4_18",
			"from": [8.125, 1.625, 7.875],
			"to": [8.25, 2, 8.25],
			"rotation": {"angle": 0, "axis": "y", "origin": [0, 0, 8]},
			"faces": {
				"north": {"uv": [8.25, 14, 8.125, 14.375], "texture": "#0"},
				"east": {"uv": [8.125, 14, 8.25, 14.375], "texture": "#0"},
				"south": {"uv": [8.125, 14, 8.25, 14.375], "texture": "#0"},
				"west": {"uv": [8.125, 14, 8.25, 14.375], "texture": "#0"},
				"up": {"uv": [8.125, 14, 8.25, 14.125], "texture": "#0"},
				"down": {"uv": [8.125, 14.25, 8.25, 14.375], "texture": "#0"}
			}
		},
		{
			"name": "Layer 4_19",
			"from": [7.625, 1, 7.875],
			"to": [7.875, 1.875, 8.25],
			"rotation": {"angle": 0, "axis": "y", "origin": [0, 0, 8]},
			"faces": {
				"north": {"uv": [7.875, 14.125, 7.625, 15], "texture": "#0"},
				"east": {"uv": [7.75, 14.125, 7.875, 15], "texture": "#0"},
				"south": {"uv": [7.625, 14.125, 7.875, 15], "texture": "#0"},
				"west": {"uv": [7.625, 14.125, 7.75, 15], "texture": "#0"},
				"up": {"uv": [7.625, 14.125, 7.875, 14.25], "texture": "#0"},
				"down": {"uv": [7.625, 14.875, 7.875, 15], "texture": "#0"}
			}
		},
		{
			"name": "Layer 4_20",
			"from": [7.5, 1.25, 7.875],
			"to": [7.625, 1.75, 8.25],
			"rotation": {"angle": 0, "axis": "y", "origin": [0, 0, 8]},
			"faces": {
				"north": {"uv": [7.625, 14.25, 7.5, 14.75], "texture": "#0"},
				"east": {"uv": [7.5, 14.25, 7.625, 14.75], "texture": "#0"},
				"south": {"uv": [7.5, 14.25, 7.625, 14.75], "texture": "#0"},
				"west": {"uv": [7.5, 14.25, 7.625, 14.75], "texture": "#0"},
				"up": {"uv": [7.5, 14.25, 7.625, 14.375], "texture": "#0"},
				"down": {"uv": [7.5, 14.625, 7.625, 14.75], "texture": "#0"}
			}
		},
		{
			"name": "Layer 4_21",
			"from": [7.375, 1.375, 7.875],
			"to": [7.5, 1.625, 8.25],
			"rotation": {"angle": 0, "axis": "y", "origin": [0, 0, 8]},
			"faces": {
				"north": {"uv": [7.5, 14.375, 7.375, 14.625], "texture": "#0"},
				"east": {"uv": [7.375, 14.375, 7.5, 14.625], "texture": "#0"},
				"south": {"uv": [7.375, 14.375, 7.5, 14.625], "texture": "#0"},
				"west": {"uv": [7.375, 14.375, 7.5, 14.625], "texture": "#0"},
				"up": {"uv": [7.375, 14.375, 7.5, 14.5], "texture": "#0"},
				"down": {"uv": [7.375, 14.5, 7.5, 14.625], "texture": "#0"}
			}
		},
		{
			"name": "Layer 4_22",
			"from": [7.875, 0.75, 7.875],
			"to": [8, 1.625, 8.25],
			"rotation": {"angle": 0, "axis": "y", "origin": [0, 0, 8]},
			"faces": {
				"north": {"uv": [8, 14.375, 7.875, 15.25], "texture": "#0"},
				"east": {"uv": [7.875, 14.375, 8, 15.25], "texture": "#0"},
				"south": {"uv": [7.875, 14.375, 8, 15.25], "texture": "#0"},
				"west": {"uv": [7.875, 14.375, 8, 15.25], "texture": "#0"},
				"up": {"uv": [7.875, 14.375, 8, 14.5], "texture": "#0"},
				"down": {"uv": [7.875, 15.125, 8, 15.25], "texture": "#0"}
			}
		},
		{
			"name": "Layer 4_23",
			"from": [8, 0.5, 7.875],
			"to": [8.125, 1.375, 8.25],
			"rotation": {"angle": 0, "axis": "y", "origin": [0, 0, 8]},
			"faces": {
				"north": {"uv": [8.125, 14.625, 8, 15.5], "texture": "#0"},
				"east": {"uv": [8, 14.625, 8.125, 15.5], "texture": "#0"},
				"south": {"uv": [8, 14.625, 8.125, 15.5], "texture": "#0"},
				"west": {"uv": [8, 14.625, 8.125, 15.5], "texture": "#0"},
				"up": {"uv": [8, 14.625, 8.125, 14.75], "texture": "#0"},
				"down": {"uv": [8, 15.375, 8.125, 15.5], "texture": "#0"}
			}
		},
		{
			"name": "Layer 4_24",
			"from": [8.125, 0.375, 7.875],
			"to": [8.25, 1.125, 8.25],
			"rotation": {"angle": 0, "axis": "y", "origin": [0, 0, 8]},
			"faces": {
				"north": {"uv": [8.25, 14.875, 8.125, 15.625], "texture": "#0"},
				"east": {"uv": [8.125, 14.875, 8.25, 15.625], "texture": "#0"},
				"south": {"uv": [8.125, 14.875, 8.25, 15.625], "texture": "#0"},
				"west": {"uv": [8.125, 14.875, 8.25, 15.625], "texture": "#0"},
				"up": {"uv": [8.125, 14.875, 8.25, 15], "texture": "#0"},
				"down": {"uv": [8.125, 15.5, 8.25, 15.625], "texture": "#0"}
			}
		},
		{
			"name": "Layer 4_25",
			"from": [7.75, 0.875, 7.875],
			"to": [7.875, 1, 8.25],
			"rotation": {"angle": 0, "axis": "y", "origin": [0, 0, 8]},
			"faces": {
				"north": {"uv": [7.875, 15, 7.75, 15.125], "texture": "#0"},
				"east": {"uv": [7.75, 15, 7.875, 15.125], "texture": "#0"},
				"south": {"uv": [7.75, 15, 7.875, 15.125], "texture": "#0"},
				"west": {"uv": [7.75, 15, 7.875, 15.125], "texture": "#0"},
				"up": {"uv": [7.75, 15, 7.875, 15.125], "texture": "#0"},
				"down": {"uv": [7.75, 15, 7.875, 15.125], "texture": "#0"}
			}
		},
		{
			"name": "Layer 4_26",
			"from": [8.25, 0.125, 7.875],
			"to": [8.375, 0.875, 8.25],
			"rotation": {"angle": 0, "axis": "y", "origin": [0, 0, 8]},
			"faces": {
				"north": {"uv": [8.375, 15.125, 8.25, 15.875], "texture": "#0"},
				"east": {"uv": [8.25, 15.125, 8.375, 15.875], "texture": "#0"},
				"south": {"uv": [8.25, 15.125, 8.375, 15.875], "texture": "#0"},
				"west": {"uv": [8.25, 15.125, 8.375, 15.875], "texture": "#0"},
				"up": {"uv": [8.25, 15.125, 8.375, 15.25], "texture": "#0"},
				"down": {"uv": [8.25, 15.75, 8.375, 15.875], "texture": "#0"}
			}
		},
		{
			"name": "Layer 4_27",
			"from": [8.375, 0, 7.875],
			"to": [8.5, 0.5, 8.25],
			"rotation": {"angle": 0, "axis": "y", "origin": [0, 0, 8]},
			"faces": {
				"north": {"uv": [8.5, 15.5, 8.375, 16], "texture": "#0"},
				"east": {"uv": [8.375, 15.5, 8.5, 16], "texture": "#0"},
				"south": {"uv": [8.375, 15.5, 8.5, 16], "texture": "#0"},
				"west": {"uv": [8.375, 15.5, 8.5, 16], "texture": "#0"},
				"up": {"uv": [8.375, 15.5, 8.5, 15.625], "texture": "#0"},
				"down": {"uv": [8.375, 15.875, 8.5, 16], "texture": "#0"}
			}
		},
		{
			"name": "Layer 5_0",
			"from": [7.75, 9.875, 7.9375],
			"to": [7.875, 10.125, 8.1875],
			"rotation": {"angle": 0, "axis": "y", "origin": [0, 0, 8]},
			"faces": {
				"north": {"uv": [7.875, 5.875, 7.75, 6.125], "texture": "#0"},
				"east": {"uv": [7.75, 5.875, 7.875, 6.125], "texture": "#0"},
				"south": {"uv": [7.75, 5.875, 7.875, 6.125], "texture": "#0"},
				"west": {"uv": [7.75, 5.875, 7.875, 6.125], "texture": "#0"},
				"up": {"uv": [7.75, 5.875, 7.875, 6], "texture": "#0"},
				"down": {"uv": [7.75, 6, 7.875, 6.125], "texture": "#0"}
			}
		},
		{
			"name": "Layer 5_1",
			"from": [8, 9.625, 7.9375],
			"to": [8.125, 10.125, 8.1875],
			"rotation": {"angle": 0, "axis": "y", "origin": [0, 0, 8]},
			"faces": {
				"north": {"uv": [8.125, 5.875, 8, 6.375], "texture": "#0"},
				"east": {"uv": [8, 5.875, 8.125, 6.375], "texture": "#0"},
				"south": {"uv": [8, 5.875, 8.125, 6.375], "texture": "#0"},
				"west": {"uv": [8, 5.875, 8.125, 6.375], "texture": "#0"},
				"up": {"uv": [8, 5.875, 8.125, 6], "texture": "#0"},
				"down": {"uv": [8, 6.25, 8.125, 6.375], "texture": "#0"}
			}
		},
		{
			"name": "Layer 5_2",
			"from": [7.875, 9.75, 7.9375],
			"to": [8, 10, 8.1875],
			"rotation": {"angle": 0, "axis": "y", "origin": [0, 0, 8]},
			"faces": {
				"north": {"uv": [8, 6, 7.875, 6.25], "texture": "#0"},
				"east": {"uv": [7.875, 6, 8, 6.25], "texture": "#0"},
				"south": {"uv": [7.875, 6, 8, 6.25], "texture": "#0"},
				"west": {"uv": [7.875, 6, 8, 6.25], "texture": "#0"},
				"up": {"uv": [7.875, 6, 8, 6.125], "texture": "#0"},
				"down": {"uv": [7.875, 6.125, 8, 6.25], "texture": "#0"}
			}
		},
		{
			"name": "Layer 5_3",
			"from": [7.75, 8.625, 7.9375],
			"to": [7.875, 9.375, 8.1875],
			"rotation": {"angle": 0, "axis": "y", "origin": [0, 0, 8]},
			"faces": {
				"north": {"uv": [7.875, 6.625, 7.75, 7.375], "texture": "#0"},
				"east": {"uv": [7.75, 6.625, 7.875, 7.375], "texture": "#0"},
				"south": {"uv": [7.75, 6.625, 7.875, 7.375], "texture": "#0"},
				"west": {"uv": [7.75, 6.625, 7.875, 7.375], "texture": "#0"},
				"up": {"uv": [7.75, 6.625, 7.875, 6.75], "texture": "#0"},
				"down": {"uv": [7.75, 7.25, 7.875, 7.375], "texture": "#0"}
			}
		},
		{
			"name": "Layer 5_4",
			"from": [7.875, 8.5, 7.9375],
			"to": [8.125, 9.25, 8.1875],
			"rotation": {"angle": 0, "axis": "y", "origin": [0, 0, 8]},
			"faces": {
				"north": {"uv": [8.125, 6.75, 7.875, 7.5], "texture": "#0"},
				"east": {"uv": [8, 6.75, 8.125, 7.5], "texture": "#0"},
				"south": {"uv": [7.875, 6.75, 8.125, 7.5], "texture": "#0"},
				"west": {"uv": [7.875, 6.75, 8, 7.5], "texture": "#0"},
				"up": {"uv": [7.875, 6.75, 8.125, 6.875], "texture": "#0"},
				"down": {"uv": [7.875, 7.375, 8.125, 7.5], "texture": "#0"}
			}
		},
		{
			"name": "Layer 5_5",
			"from": [8, 8.375, 7.9375],
			"to": [8.125, 8.5, 8.1875],
			"rotation": {"angle": 0, "axis": "y", "origin": [0, 0, 8]},
			"faces": {
				"north": {"uv": [8.125, 7.5, 8, 7.625], "texture": "#0"},
				"east": {"uv": [8, 7.5, 8.125, 7.625], "texture": "#0"},
				"south": {"uv": [8, 7.5, 8.125, 7.625], "texture": "#0"},
				"west": {"uv": [8, 7.5, 8.125, 7.625], "texture": "#0"},
				"up": {"uv": [8, 7.5, 8.125, 7.625], "texture": "#0"},
				"down": {"uv": [8, 7.5, 8.125, 7.625], "texture": "#0"}
			}
		},
		{
			"name": "Layer 5_6",
			"from": [7.625, 7, 7.9375],
			"to": [7.75, 8.25, 8.1875],
			"rotation": {"angle": 0, "axis": "y", "origin": [0, 0, 8]},
			"faces": {
				"north": {"uv": [7.75, 7.75, 7.625, 9], "texture": "#0"},
				"east": {"uv": [7.625, 7.75, 7.75, 9], "texture": "#0"},
				"south": {"uv": [7.625, 7.75, 7.75, 9], "texture": "#0"},
				"west": {"uv": [7.625, 7.75, 7.75, 9], "texture": "#0"},
				"up": {"uv": [7.625, 7.75, 7.75, 7.875], "texture": "#0"},
				"down": {"uv": [7.625, 8.875, 7.75, 9], "texture": "#0"}
			}
		},
		{
			"name": "Layer 5_7",
			"from": [7.75, 7.375, 7.9375],
			"to": [7.875, 8.125, 8.1875],
			"rotation": {"angle": 0, "axis": "y", "origin": [0, 0, 8]},
			"faces": {
				"north": {"uv": [7.875, 7.875, 7.75, 8.625], "texture": "#0"},
				"east": {"uv": [7.75, 7.875, 7.875, 8.625], "texture": "#0"},
				"south": {"uv": [7.75, 7.875, 7.875, 8.625], "texture": "#0"},
				"west": {"uv": [7.75, 7.875, 7.875, 8.625], "texture": "#0"},
				"up": {"uv": [7.75, 7.875, 7.875, 8], "texture": "#0"},
				"down": {"uv": [7.75, 8.5, 7.875, 8.625], "texture": "#0"}
			}
		},
		{
			"name": "Layer 5_8",
			"from": [7.5, 6.125, 7.9375],
			"to": [7.625, 7.875, 8.1875],
			"rotation": {"angle": 0, "axis": "y", "origin": [0, 0, 8]},
			"faces": {
				"north": {"uv": [7.625, 8.125, 7.5, 9.875], "texture": "#0"},
				"east": {"uv": [7.5, 8.125, 7.625, 9.875], "texture": "#0"},
				"south": {"uv": [7.5, 8.125, 7.625, 9.875], "texture": "#0"},
				"west": {"uv": [7.5, 8.125, 7.625, 9.875], "texture": "#0"},
				"up": {"uv": [7.5, 8.125, 7.625, 8.25], "texture": "#0"},
				"down": {"uv": [7.5, 9.75, 7.625, 9.875], "texture": "#0"}
			}
		},
		{
			"name": "Layer 5_9",
			"from": [7.375, 5.75, 7.9375],
			"to": [7.5, 7.5, 8.1875],
			"rotation": {"angle": 0, "axis": "y", "origin": [0, 0, 8]},
			"faces": {
				"north": {"uv": [7.5, 8.5, 7.375, 10.25], "texture": "#0"},
				"east": {"uv": [7.375, 8.5, 7.5, 10.25], "texture": "#0"},
				"south": {"uv": [7.375, 8.5, 7.5, 10.25], "texture": "#0"},
				"west": {"uv": [7.375, 8.5, 7.5, 10.25], "texture": "#0"},
				"up": {"uv": [7.375, 8.5, 7.5, 8.625], "texture": "#0"},
				"down": {"uv": [7.375, 10.125, 7.5, 10.25], "texture": "#0"}
			}
		},
		{
			"name": "Layer 5_10",
			"from": [7.25, 7, 7.9375],
			"to": [7.375, 7.375, 8.1875],
			"rotation": {"angle": 0, "axis": "y", "origin": [0, 0, 8]},
			"faces": {
				"north": {"uv": [7.375, 8.625, 7.25, 9], "texture": "#0"},
				"east": {"uv": [7.25, 8.625, 7.375, 9], "texture": "#0"},
				"south": {"uv": [7.25, 8.625, 7.375, 9], "texture": "#0"},
				"west": {"uv": [7.25, 8.625, 7.375, 9], "texture": "#0"},
				"up": {"uv": [7.25, 8.625, 7.375, 8.75], "texture": "#0"},
				"down": {"uv": [7.25, 8.875, 7.375, 9], "texture": "#0"}
			}
		},
		{
			"name": "Layer 5_11",
			"from": [7.125, 6.875, 7.9375],
			"to": [7.25, 7.25, 8.1875],
			"rotation": {"angle": 0, "axis": "y", "origin": [0, 0, 8]},
			"faces": {
				"north": {"uv": [7.25, 8.75, 7.125, 9.125], "texture": "#0"},
				"east": {"uv": [7.125, 8.75, 7.25, 9.125], "texture": "#0"},
				"south": {"uv": [7.125, 8.75, 7.25, 9.125], "texture": "#0"},
				"west": {"uv": [7.125, 8.75, 7.25, 9.125], "texture": "#0"},
				"up": {"uv": [7.125, 8.75, 7.25, 8.875], "texture": "#0"},
				"down": {"uv": [7.125, 9, 7.25, 9.125], "texture": "#0"}
			}
		},
		{
			"name": "Layer 5_12",
			"from": [7, 6.75, 7.9375],
			"to": [7.125, 7.125, 8.1875],
			"rotation": {"angle": 0, "axis": "y", "origin": [0, 0, 8]},
			"faces": {
				"north": {"uv": [7.125, 8.875, 7, 9.25], "texture": "#0"},
				"east": {"uv": [7, 8.875, 7.125, 9.25], "texture": "#0"},
				"south": {"uv": [7, 8.875, 7.125, 9.25], "texture": "#0"},
				"west": {"uv": [7, 8.875, 7.125, 9.25], "texture": "#0"},
				"up": {"uv": [7, 8.875, 7.125, 9], "texture": "#0"},
				"down": {"uv": [7, 9.125, 7.125, 9.25], "texture": "#0"}
			}
		},
		{
			"name": "Layer 5_13",
			"from": [6.875, 6.75, 7.9375],
			"to": [7, 7, 8.1875],
			"rotation": {"angle": 0, "axis": "y", "origin": [0, 0, 8]},
			"faces": {
				"north": {"uv": [7, 9, 6.875, 9.25], "texture": "#0"},
				"east": {"uv": [6.875, 9, 7, 9.25], "texture": "#0"},
				"south": {"uv": [6.875, 9, 7, 9.25], "texture": "#0"},
				"west": {"uv": [6.875, 9, 7, 9.25], "texture": "#0"},
				"up": {"uv": [6.875, 9, 7, 9.125], "texture": "#0"},
				"down": {"uv": [6.875, 9.125, 7, 9.25], "texture": "#0"}
			}
		},
		{
			"name": "Layer 5_14",
			"from": [7.25, 6.375, 7.9375],
			"to": [7.375, 6.625, 8.1875],
			"rotation": {"angle": 0, "axis": "y", "origin": [0, 0, 8]},
			"faces": {
				"north": {"uv": [7.375, 9.375, 7.25, 9.625], "texture": "#0"},
				"east": {"uv": [7.25, 9.375, 7.375, 9.625], "texture": "#0"},
				"south": {"uv": [7.25, 9.375, 7.375, 9.625], "texture": "#0"},
				"west": {"uv": [7.25, 9.375, 7.375, 9.625], "texture": "#0"},
				"up": {"uv": [7.25, 9.375, 7.375, 9.5], "texture": "#0"},
				"down": {"uv": [7.25, 9.5, 7.375, 9.625], "texture": "#0"}
			}
		},
		{
			"name": "Layer 5_15",
			"from": [7.25, 5.625, 7.9375],
			"to": [7.375, 6.125, 8.1875],
			"rotation": {"angle": 0, "axis": "y", "origin": [0, 0, 8]},
			"faces": {
				"north": {"uv": [7.375, 9.875, 7.25, 10.375], "texture": "#0"},
				"east": {"uv": [7.25, 9.875, 7.375, 10.375], "texture": "#0"},
				"south": {"uv": [7.25, 9.875, 7.375, 10.375], "texture": "#0"},
				"west": {"uv": [7.25, 9.875, 7.375, 10.375], "texture": "#0"},
				"up": {"uv": [7.25, 9.875, 7.375, 10], "texture": "#0"},
				"down": {"uv": [7.25, 10.25, 7.375, 10.375], "texture": "#0"}
			}
		},
		{
			"name": "Layer 5_16",
			"from": [7.125, 5.5, 7.9375],
			"to": [7.25, 5.75, 8.1875],
			"rotation": {"angle": 0, "axis": "y", "origin": [0, 0, 8]},
			"faces": {
				"north": {"uv": [7.25, 10.25, 7.125, 10.5], "texture": "#0"},
				"east": {"uv": [7.125, 10.25, 7.25, 10.5], "texture": "#0"},
				"south": {"uv": [7.125, 10.25, 7.25, 10.5], "texture": "#0"},
				"west": {"uv": [7.125, 10.25, 7.25, 10.5], "texture": "#0"},
				"up": {"uv": [7.125, 10.25, 7.25, 10.375], "texture": "#0"},
				"down": {"uv": [7.125, 10.375, 7.25, 10.5], "texture": "#0"}
			}
		},
		{
			"name": "Layer 6_0",
			"from": [8.125, 10.25, 7.875],
			"to": [8.25, 10.625, 8.25],
			"rotation": {"angle": 0, "axis": "y", "origin": [0, 0, 8]},
			"faces": {
				"north": {"uv": [8.25, 5.375, 8.125, 5.75], "texture": "#0"},
				"east": {"uv": [8.125, 5.375, 8.25, 5.75], "texture": "#0"},
				"south": {"uv": [8.125, 5.375, 8.25, 5.75], "texture": "#0"},
				"west": {"uv": [8.125, 5.375, 8.25, 5.75], "texture": "#0"},
				"up": {"uv": [8.125, 5.375, 8.25, 5.5], "texture": "#0"},
				"down": {"uv": [8.125, 5.625, 8.25, 5.75], "texture": "#0"}
			}
		},
		{
			"name": "Layer 6_1",
			"from": [7.625, 10.25, 7.875],
			"to": [7.75, 10.5, 8.25],
			"rotation": {"angle": 0, "axis": "y", "origin": [0, 0, 8]},
			"faces": {
				"north": {"uv": [7.75, 5.5, 7.625, 5.75], "texture": "#0"},
				"east": {"uv": [7.625, 5.5, 7.75, 5.75], "texture": "#0"},
				"south": {"uv": [7.625, 5.5, 7.75, 5.75], "texture": "#0"},
				"west": {"uv": [7.625, 5.5, 7.75, 5.75], "texture": "#0"},
				"up": {"uv": [7.625, 5.5, 7.75, 5.625], "texture": "#0"},
				"down": {"uv": [7.625, 5.625, 7.75, 5.75], "texture": "#0"}
			}
		},
		{
			"name": "Layer 6_2",
			"from": [8, 10.125, 7.875],
			"to": [8.125, 10.5, 8.25],
			"rotation": {"angle": 0, "axis": "y", "origin": [0, 0, 8]},
			"faces": {
				"north": {"uv": [8.125, 5.5, 8, 5.875], "texture": "#0"},
				"east": {"uv": [8, 5.5, 8.125, 5.875], "texture": "#0"},
				"south": {"uv": [8, 5.5, 8.125, 5.875], "texture": "#0"},
				"west": {"uv": [8, 5.5, 8.125, 5.875], "texture": "#0"},
				"up": {"uv": [8, 5.5, 8.125, 5.625], "texture": "#0"},
				"down": {"uv": [8, 5.75, 8.125, 5.875], "texture": "#0"}
			}
		},
		{
			"name": "Layer 6_3",
			"from": [8.25, 10.375, 7.875],
			"to": [8.375, 10.5, 8.25],
			"rotation": {"angle": 0, "axis": "y", "origin": [0, 0, 8]},
			"faces": {
				"north": {"uv": [8.375, 5.5, 8.25, 5.625], "texture": "#0"},
				"east": {"uv": [8.25, 5.5, 8.375, 5.625], "texture": "#0"},
				"south": {"uv": [8.25, 5.5, 8.375, 5.625], "texture": "#0"},
				"west": {"uv": [8.25, 5.5, 8.375, 5.625], "texture": "#0"},
				"up": {"uv": [8.25, 5.5, 8.375, 5.625], "texture": "#0"},
				"down": {"uv": [8.25, 5.5, 8.375, 5.625], "texture": "#0"}
			}
		},
		{
			"name": "Layer 6_4",
			"from": [7.75, 10.125, 7.875],
			"to": [8, 10.375, 8.25],
			"rotation": {"angle": 0, "axis": "y", "origin": [0, 0, 8]},
			"faces": {
				"north": {"uv": [8, 5.625, 7.75, 5.875], "texture": "#0"},
				"east": {"uv": [7.875, 5.625, 8, 5.875], "texture": "#0"},
				"south": {"uv": [7.75, 5.625, 8, 5.875], "texture": "#0"},
				"west": {"uv": [7.75, 5.625, 7.875, 5.875], "texture": "#0"},
				"up": {"uv": [7.75, 5.625, 8, 5.75], "texture": "#0"},
				"down": {"uv": [7.75, 5.75, 8, 5.875], "texture": "#0"}
			}
		},
		{
			"name": "Layer 6_5",
			"from": [7.875, 10, 7.875],
			"to": [8, 10.125, 8.25],
			"rotation": {"angle": 0, "axis": "y", "origin": [0, 0, 8]},
			"faces": {
				"north": {"uv": [8, 5.875, 7.875, 6], "texture": "#0"},
				"east": {"uv": [7.875, 5.875, 8, 6], "texture": "#0"},
				"south": {"uv": [7.875, 5.875, 8, 6], "texture": "#0"},
				"west": {"uv": [7.875, 5.875, 8, 6], "texture": "#0"},
				"up": {"uv": [7.875, 5.875, 8, 6], "texture": "#0"},
				"down": {"uv": [7.875, 5.875, 8, 6], "texture": "#0"}
			}
		},
		{
			"name": "Layer 6_6",
			"from": [7.625, 9.5, 7.875],
			"to": [7.875, 9.875, 8.25],
			"rotation": {"angle": 0, "axis": "y", "origin": [0, 0, 8]},
			"faces": {
				"north": {"uv": [7.875, 6.125, 7.625, 6.5], "texture": "#0"},
				"east": {"uv": [7.75, 6.125, 7.875, 6.5], "texture": "#0"},
				"south": {"uv": [7.625, 6.125, 7.875, 6.5], "texture": "#0"},
				"west": {"uv": [7.625, 6.125, 7.75, 6.5], "texture": "#0"},
				"up": {"uv": [7.625, 6.125, 7.875, 6.25], "texture": "#0"},
				"down": {"uv": [7.625, 6.375, 7.875, 6.5], "texture": "#0"}
			}
		},
		{
			"name": "Layer 6_7",
			"from": [7.875, 9.25, 7.875],
			"to": [8, 9.75, 8.25],
			"rotation": {"angle": 0, "axis": "y", "origin": [0, 0, 8]},
			"faces": {
				"north": {"uv": [8, 6.25, 7.875, 6.75], "texture": "#0"},
				"east": {"uv": [7.875, 6.25, 8, 6.75], "texture": "#0"},
				"south": {"uv": [7.875, 6.25, 8, 6.75], "texture": "#0"},
				"west": {"uv": [7.875, 6.25, 8, 6.75], "texture": "#0"},
				"up": {"uv": [7.875, 6.25, 8, 6.375], "texture": "#0"},
				"down": {"uv": [7.875, 6.625, 8, 6.75], "texture": "#0"}
			}
		},
		{
			"name": "Layer 6_8",
			"from": [8, 9.25, 7.875],
			"to": [8.125, 9.625, 8.25],
			"rotation": {"angle": 0, "axis": "y", "origin": [0, 0, 8]},
			"faces": {
				"north": {"uv": [8.125, 6.375, 8, 6.75], "texture": "#0"},
				"east": {"uv": [8, 6.375, 8.125, 6.75], "texture": "#0"},
				"south": {"uv": [8, 6.375, 8.125, 6.75], "texture": "#0"},
				"west": {"uv": [8, 6.375, 8.125, 6.75], "texture": "#0"},
				"up": {"uv": [8, 6.375, 8.125, 6.5], "texture": "#0"},
				"down": {"uv": [8, 6.625, 8.125, 6.75], "texture": "#0"}
			}
		},
		{
			"name": "Layer 6_9",
			"from": [7.75, 9.375, 7.875],
			"to": [7.875, 9.5, 8.25],
			"rotation": {"angle": 0, "axis": "y", "origin": [0, 0, 8]},
			"faces": {
				"north": {"uv": [7.875, 6.5, 7.75, 6.625], "texture": "#0"},
				"east": {"uv": [7.75, 6.5, 7.875, 6.625], "texture": "#0"},
				"south": {"uv": [7.75, 6.5, 7.875, 6.625], "texture": "#0"},
				"west": {"uv": [7.75, 6.5, 7.875, 6.625], "texture": "#0"},
				"up": {"uv": [7.75, 6.5, 7.875, 6.625], "texture": "#0"},
				"down": {"uv": [7.75, 6.5, 7.875, 6.625], "texture": "#0"}
			}
		},
		{
			"name": "Layer 6_10",
			"from": [8.125, 9.125, 7.875],
			"to": [8.25, 9.5, 8.25],
			"rotation": {"angle": 0, "axis": "y", "origin": [0, 0, 8]},
			"faces": {
				"north": {"uv": [8.25, 6.5, 8.125, 6.875], "texture": "#0"},
				"east": {"uv": [8.125, 6.5, 8.25, 6.875], "texture": "#0"},
				"south": {"uv": [8.125, 6.5, 8.25, 6.875], "texture": "#0"},
				"west": {"uv": [8.125, 6.5, 8.25, 6.875], "texture": "#0"},
				"up": {"uv": [8.125, 6.5, 8.25, 6.625], "texture": "#0"},
				"down": {"uv": [8.125, 6.75, 8.25, 6.875], "texture": "#0"}
			}
		},
		{
			"name": "Layer 6_11",
			"from": [7.625, 8.25, 7.875],
			"to": [7.75, 8.75, 8.25],
			"rotation": {"angle": 0, "axis": "y", "origin": [0, 0, 8]},
			"faces": {
				"north": {"uv": [7.75, 7.25, 7.625, 7.75], "texture": "#0"},
				"east": {"uv": [7.625, 7.25, 7.75, 7.75], "texture": "#0"},
				"south": {"uv": [7.625, 7.25, 7.75, 7.75], "texture": "#0"},
				"west": {"uv": [7.625, 7.25, 7.75, 7.75], "texture": "#0"},
				"up": {"uv": [7.625, 7.25, 7.75, 7.375], "texture": "#0"},
				"down": {"uv": [7.625, 7.625, 7.75, 7.75], "texture": "#0"}
			}
		},
		{
			"name": "Layer 6_12",
			"from": [7.75, 8.125, 7.875],
			"to": [7.875, 8.625, 8.25],
			"rotation": {"angle": 0, "axis": "y", "origin": [0, 0, 8]},
			"faces": {
				"north": {"uv": [7.875, 7.375, 7.75, 7.875], "texture": "#0"},
				"east": {"uv": [7.75, 7.375, 7.875, 7.875], "texture": "#0"},
				"south": {"uv": [7.75, 7.375, 7.875, 7.875], "texture": "#0"},
				"west": {"uv": [7.75, 7.375, 7.875, 7.875], "texture": "#0"},
				"up": {"uv": [7.75, 7.375, 7.875, 7.5], "texture": "#0"},
				"down": {"uv": [7.75, 7.75, 7.875, 7.875], "texture": "#0"}
			}
		},
		{
			"name": "Layer 6_13",
			"from": [7.875, 7.875, 7.875],
			"to": [8, 8.5, 8.25],
			"rotation": {"angle": 0, "axis": "y", "origin": [0, 0, 8]},
			"faces": {
				"north": {"uv": [8, 7.5, 7.875, 8.125], "texture": "#0"},
				"east": {"uv": [7.875, 7.5, 8, 8.125], "texture": "#0"},
				"south": {"uv": [7.875, 7.5, 8, 8.125], "texture": "#0"},
				"west": {"uv": [7.875, 7.5, 8, 8.125], "texture": "#0"},
				"up": {"uv": [7.875, 7.5, 8, 7.625], "texture": "#0"},
				"down": {"uv": [7.875, 8, 8, 8.125], "texture": "#0"}
			}
		},
		{
			"name": "Layer 6_14",
			"from": [8, 7.625, 7.875],
			"to": [8.125, 8.375, 8.25],
			"rotation": {"angle": 0, "axis": "y", "origin": [0, 0, 8]},
			"faces": {
				"north": {"uv": [8.125, 7.625, 8, 8.375], "texture": "#0"},
				"east": {"uv": [8, 7.625, 8.125, 8.375], "texture": "#0"},
				"south": {"uv": [8, 7.625, 8.125, 8.375], "texture": "#0"},
				"west": {"uv": [8, 7.625, 8.125, 8.375], "texture": "#0"},
				"up": {"uv": [8, 7.625, 8.125, 7.75], "texture": "#0"},
				"down": {"uv": [8, 8.25, 8.125, 8.375], "texture": "#0"}
			}
		},
		{
			"name": "Layer 6_15",
			"from": [8.125, 7.375, 7.875],
			"to": [8.25, 8, 8.25],
			"rotation": {"angle": 0, "axis": "y", "origin": [0, 0, 8]},
			"faces": {
				"north": {"uv": [8.25, 8, 8.125, 8.625], "texture": "#0"},
				"east": {"uv": [8.125, 8, 8.25, 8.625], "texture": "#0"},
				"south": {"uv": [8.125, 8, 8.25, 8.625], "texture": "#0"},
				"west": {"uv": [8.125, 8, 8.25, 8.625], "texture": "#0"},
				"up": {"uv": [8.125, 8, 8.25, 8.125], "texture": "#0"},
				"down": {"uv": [8.125, 8.5, 8.25, 8.625], "texture": "#0"}
			}
		},
		{
			"name": "Layer 6_16",
			"from": [8.25, 7.25, 7.875],
			"to": [8.375, 7.625, 8.25],
			"rotation": {"angle": 0, "axis": "y", "origin": [0, 0, 8]},
			"faces": {
				"north": {"uv": [8.375, 8.375, 8.25, 8.75], "texture": "#0"},
				"east": {"uv": [8.25, 8.375, 8.375, 8.75], "texture": "#0"},
				"south": {"uv": [8.25, 8.375, 8.375, 8.75], "texture": "#0"},
				"west": {"uv": [8.25, 8.375, 8.375, 8.75], "texture": "#0"},
				"up": {"uv": [8.25, 8.375, 8.375, 8.5], "texture": "#0"},
				"down": {"uv": [8.25, 8.625, 8.375, 8.75], "texture": "#0"}
			}
		},
		{
			"name": "Layer 6_17",
			"from": [8.375, 7.125, 7.875],
			"to": [8.5, 7.5, 8.25],
			"rotation": {"angle": 0, "axis": "y", "origin": [0, 0, 8]},
			"faces": {
				"north": {"uv": [8.5, 8.5, 8.375, 8.875], "texture": "#0"},
				"east": {"uv": [8.375, 8.5, 8.5, 8.875], "texture": "#0"},
				"south": {"uv": [8.375, 8.5, 8.5, 8.875], "texture": "#0"},
				"west": {"uv": [8.375, 8.5, 8.5, 8.875], "texture": "#0"},
				"up": {"uv": [8.375, 8.5, 8.5, 8.625], "texture": "#0"},
				"down": {"uv": [8.375, 8.75, 8.5, 8.875], "texture": "#0"}
			}
		},
		{
			"name": "Layer 6_18",
			"from": [8.5, 7.125, 7.875],
			"to": [8.625, 7.375, 8.25],
			"rotation": {"angle": 0, "axis": "y", "origin": [0, 0, 8]},
			"faces": {
				"north": {"uv": [8.625, 8.625, 8.5, 8.875], "texture": "#0"},
				"east": {"uv": [8.5, 8.625, 8.625, 8.875], "texture": "#0"},
				"south": {"uv": [8.5, 8.625, 8.625, 8.875], "texture": "#0"},
				"west": {"uv": [8.5, 8.625, 8.625, 8.875], "texture": "#0"},
				"up": {"uv": [8.5, 8.625, 8.625, 8.75], "texture": "#0"},
				"down": {"uv": [8.5, 8.75, 8.625, 8.875], "texture": "#0"}
			}
		},
		{
			"name": "Layer_0",
			"from": [8, 10.5, 7.9375],
			"to": [8.125, 11.5, 8.1875],
			"rotation": {"angle": 0, "axis": "y", "origin": [0, 0, 8]},
			"faces": {
				"north": {"uv": [8.125, 4.5, 8, 5.5], "texture": "#0"},
				"east": {"uv": [8, 4.5, 8.125, 5.5], "texture": "#0"},
				"south": {"uv": [8, 4.5, 8.125, 5.5], "texture": "#0"},
				"west": {"uv": [8, 4.5, 8.125, 5.5], "texture": "#0"},
				"up": {"uv": [8, 4.5, 8.125, 4.625], "texture": "#0"},
				"down": {"uv": [8, 5.375, 8.125, 5.5], "texture": "#0"}
			}
		},
		{
			"name": "Layer_1",
			"from": [7.875, 10.375, 7.9375],
			"to": [8, 11.375, 8.1875],
			"rotation": {"angle": 0, "axis": "y", "origin": [0, 0, 8]},
			"faces": {
				"north": {"uv": [8, 4.625, 7.875, 5.625], "texture": "#0"},
				"east": {"uv": [7.875, 4.625, 8, 5.625], "texture": "#0"},
				"south": {"uv": [7.875, 4.625, 8, 5.625], "texture": "#0"},
				"west": {"uv": [7.875, 4.625, 8, 5.625], "texture": "#0"},
				"up": {"uv": [7.875, 4.625, 8, 4.75], "texture": "#0"},
				"down": {"uv": [7.875, 5.5, 8, 5.625], "texture": "#0"}
			}
		},
		{
			"name": "Layer_2",
			"from": [7.75, 10.375, 7.9375],
			"to": [7.875, 11, 8.1875],
			"rotation": {"angle": 0, "axis": "y", "origin": [0, 0, 8]},
			"faces": {
				"north": {"uv": [7.875, 5, 7.75, 5.625], "texture": "#0"},
				"east": {"uv": [7.75, 5, 7.875, 5.625], "texture": "#0"},
				"south": {"uv": [7.75, 5, 7.875, 5.625], "texture": "#0"},
				"west": {"uv": [7.75, 5, 7.875, 5.625], "texture": "#0"},
				"up": {"uv": [7.75, 5, 7.875, 5.125], "texture": "#0"},
				"down": {"uv": [7.75, 5.5, 7.875, 5.625], "texture": "#0"}
			}
		},
		{
			"name": "Layer_3",
			"from": [7.875, 3.5, 7.9375],
			"to": [8, 7.875, 8.1875],
			"rotation": {"angle": 0, "axis": "y", "origin": [0, 0, 8]},
			"faces": {
				"north": {"uv": [8, 8.125, 7.875, 12.5], "texture": "#0"},
				"east": {"uv": [7.875, 8.125, 8, 12.5], "texture": "#0"},
				"south": {"uv": [7.875, 8.125, 8, 12.5], "texture": "#0"},
				"west": {"uv": [7.875, 8.125, 8, 12.5], "texture": "#0"},
				"up": {"uv": [7.875, 8.125, 8, 8.25], "texture": "#0"},
				"down": {"uv": [7.875, 12.375, 8, 12.5], "texture": "#0"}
			}
		},
		{
			"name": "Layer_4",
			"from": [8, 3.375, 7.9375],
			"to": [8.125, 7.625, 8.1875],
			"rotation": {"angle": 0, "axis": "y", "origin": [0, 0, 8]},
			"faces": {
				"north": {"uv": [8.125, 8.375, 8, 12.625], "texture": "#0"},
				"east": {"uv": [8, 8.375, 8.125, 12.625], "texture": "#0"},
				"south": {"uv": [8, 8.375, 8.125, 12.625], "texture": "#0"},
				"west": {"uv": [8, 8.375, 8.125, 12.625], "texture": "#0"},
				"up": {"uv": [8, 8.375, 8.125, 8.5], "texture": "#0"},
				"down": {"uv": [8, 12.5, 8.125, 12.625], "texture": "#0"}
			}
		},
		{
			"name": "Layer_5",
			"from": [7.75, 3, 7.9375],
			"to": [7.875, 7.375, 8.1875],
			"rotation": {"angle": 0, "axis": "y", "origin": [0, 0, 8]},
			"faces": {
				"north": {"uv": [7.875, 8.625, 7.75, 13], "texture": "#0"},
				"east": {"uv": [7.75, 8.625, 7.875, 13], "texture": "#0"},
				"south": {"uv": [7.75, 8.625, 7.875, 13], "texture": "#0"},
				"west": {"uv": [7.75, 8.625, 7.875, 13], "texture": "#0"},
				"up": {"uv": [7.75, 8.625, 7.875, 8.75], "texture": "#0"},
				"down": {"uv": [7.75, 12.875, 7.875, 13], "texture": "#0"}
			}
		},
		{
			"name": "Layer_6",
			"from": [7.875, 2.875, 7.9375],
			"to": [8, 3.25, 8.1875],
			"rotation": {"angle": 0, "axis": "y", "origin": [0, 0, 8]},
			"faces": {
				"north": {"uv": [8, 12.75, 7.875, 13.125], "texture": "#0"},
				"east": {"uv": [7.875, 12.75, 8, 13.125], "texture": "#0"},
				"south": {"uv": [7.875, 12.75, 8, 13.125], "texture": "#0"},
				"west": {"uv": [7.875, 12.75, 8, 13.125], "texture": "#0"},
				"up": {"uv": [7.875, 12.75, 8, 12.875], "texture": "#0"},
				"down": {"uv": [7.875, 13, 8, 13.125], "texture": "#0"}
			}
		},
		{
			"name": "Layer_7",
			"from": [8, 2.75, 7.9375],
			"to": [8.125, 3, 8.1875],
			"rotation": {"angle": 0, "axis": "y", "origin": [0, 0, 8]},
			"faces": {
				"north": {"uv": [8.125, 13, 8, 13.25], "texture": "#0"},
				"east": {"uv": [8, 13, 8.125, 13.25], "texture": "#0"},
				"south": {"uv": [8, 13, 8.125, 13.25], "texture": "#0"},
				"west": {"uv": [8, 13, 8.125, 13.25], "texture": "#0"},
				"up": {"uv": [8, 13, 8.125, 13.125], "texture": "#0"},
				"down": {"uv": [8, 13.125, 8.125, 13.25], "texture": "#0"}
			}
		},
		{
			"name": "Layer_8",
			"from": [7.75, 2.375, 7.9375],
			"to": [7.875, 2.625, 8.1875],
			"rotation": {"angle": 0, "axis": "y", "origin": [0, 0, 8]},
			"faces": {
				"north": {"uv": [7.875, 13.375, 7.75, 13.625], "texture": "#0"},
				"east": {"uv": [7.75, 13.375, 7.875, 13.625], "texture": "#0"},
				"south": {"uv": [7.75, 13.375, 7.875, 13.625], "texture": "#0"},
				"west": {"uv": [7.75, 13.375, 7.875, 13.625], "texture": "#0"},
				"up": {"uv": [7.75, 13.375, 7.875, 13.5], "texture": "#0"},
				"down": {"uv": [7.75, 13.5, 7.875, 13.625], "texture": "#0"}
			}
		},
		{
			"name": "Layer_9",
			"from": [7.875, 2.25, 7.9375],
			"to": [8, 2.5, 8.1875],
			"rotation": {"angle": 0, "axis": "y", "origin": [0, 0, 8]},
			"faces": {
				"north": {"uv": [8, 13.5, 7.875, 13.75], "texture": "#0"},
				"east": {"uv": [7.875, 13.5, 8, 13.75], "texture": "#0"},
				"south": {"uv": [7.875, 13.5, 8, 13.75], "texture": "#0"},
				"west": {"uv": [7.875, 13.5, 8, 13.75], "texture": "#0"},
				"up": {"uv": [7.875, 13.5, 8, 13.625], "texture": "#0"},
				"down": {"uv": [7.875, 13.625, 8, 13.75], "texture": "#0"}
			}
		},
		{
			"name": "Layer_10",
			"from": [8, 2.125, 7.9375],
			"to": [8.125, 2.375, 8.1875],
			"rotation": {"angle": 0, "axis": "y", "origin": [0, 0, 8]},
			"faces": {
				"north": {"uv": [8.125, 13.625, 8, 13.875], "texture": "#0"},
				"east": {"uv": [8, 13.625, 8.125, 13.875], "texture": "#0"},
				"south": {"uv": [8, 13.625, 8.125, 13.875], "texture": "#0"},
				"west": {"uv": [8, 13.625, 8.125, 13.875], "texture": "#0"},
				"up": {"uv": [8, 13.625, 8.125, 13.75], "texture": "#0"},
				"down": {"uv": [8, 13.75, 8.125, 13.875], "texture": "#0"}
			}
		},
		{
			"name": "Layer_11",
			"from": [7.75, 1.875, 7.9375],
			"to": [7.875, 2, 8.1875],
			"rotation": {"angle": 0, "axis": "y", "origin": [0, 0, 8]},
			"faces": {
				"north": {"uv": [7.875, 14, 7.75, 14.125], "texture": "#0"},
				"east": {"uv": [7.75, 14, 7.875, 14.125], "texture": "#0"},
				"south": {"uv": [7.75, 14, 7.875, 14.125], "texture": "#0"},
				"west": {"uv": [7.75, 14, 7.875, 14.125], "texture": "#0"},
				"up": {"uv": [7.75, 14, 7.875, 14.125], "texture": "#0"},
				"down": {"uv": [7.75, 14, 7.875, 14.125], "texture": "#0"}
			}
		},
		{
			"name": "Layer_12",
			"from": [7.875, 1.625, 7.9375],
			"to": [8, 1.875, 8.1875],
			"rotation": {"angle": 0, "axis": "y", "origin": [0, 0, 8]},
			"faces": {
				"north": {"uv": [8, 14.125, 7.875, 14.375], "texture": "#0"},
				"east": {"uv": [7.875, 14.125, 8, 14.375], "texture": "#0"},
				"south": {"uv": [7.875, 14.125, 8, 14.375], "texture": "#0"},
				"west": {"uv": [7.875, 14.125, 8, 14.375], "texture": "#0"},
				"up": {"uv": [7.875, 14.125, 8, 14.25], "texture": "#0"},
				"down": {"uv": [7.875, 14.25, 8, 14.375], "texture": "#0"}
			}
		},
		{
			"name": "Layer_13",
			"from": [8, 1.375, 7.9375],
			"to": [8.125, 1.75, 8.1875],
			"rotation": {"angle": 0, "axis": "y", "origin": [0, 0, 8]},
			"faces": {
				"north": {"uv": [8.125, 14.25, 8, 14.625], "texture": "#0"},
				"east": {"uv": [8, 14.25, 8.125, 14.625], "texture": "#0"},
				"south": {"uv": [8, 14.25, 8.125, 14.625], "texture": "#0"},
				"west": {"uv": [8, 14.25, 8.125, 14.625], "texture": "#0"},
				"up": {"uv": [8, 14.25, 8.125, 14.375], "texture": "#0"},
				"down": {"uv": [8, 14.5, 8.125, 14.625], "texture": "#0"}
			}
		}
	],
	"display": {
		"thirdperson_righthand": {
			"rotation": [0, -90, 0],
			"translation": [0.25, -5, 1],
			"scale": [3, 3, 3]
		},
		"thirdperson_lefthand": {
			"rotation": [0, 90, 0],
			"translation": [0.25, -4.25, 1],
			"scale": [3, 3, 3]
		},
		"firstperson_righthand": {
			"rotation": [1, -91, 0],
			"translation": [0, 3.25, 2.75],
			"scale": [1.25, 1.25, 1.25]
		},
		"firstperson_lefthand": {
			"rotation": [1, 91, 0],
			"translation": [0, 3.25, 2.75],
			"scale": [1.25, 1.25, 1.25]
		},
		"ground": {
			"translation": [0, 21, 0],
			"scale": [3, 3, 3]
		},
		"gui": {
			"rotation": [0, 0, -45],
			"translation": [0.25, 0.5, 0],
			"scale": [1.5, 1.5, 1.5]
		},
		"head": {
			"rotation": [180, 0, 45],
			"translation": [0.75, -13.75, 4.75],
			"scale": [3.5, 3.5, 3.5]
		},
		"fixed": {
			"rotation": [180, 0, 135],
			"translation": [-0.25, 0, 0],
			"scale": [2, 2, 2]
		}
	},
	"groups": [
		{
			"name": "Layer 1",
			"origin": [8, 8, 8],
			"color": 0,
			"children": [0, 1, 2, 3, 4, 5, 6, 7, 8, 9, 10, 11, 12, 13, 14, 15, 16, 17, 18, 19, 20, 21, 22, 23, 24, 25, 26, 27, 28, 29, 30, 31, 32, 33, 34]
		},
		{
			"name": "Layer 2",
			"origin": [8, 8, 8],
			"color": 0,
			"children": [35, 36, 37, 38, 39, 40, 41, 42, 43, 44, 45, 46, 47, 48, 49, 50, 51, 52, 53, 54, 55, 56]
		},
		{
			"name": "Layer 3",
			"origin": [8, 8, 8],
			"color": 0,
			"children": [57, 58, 59, 60, 61, 62, 63, 64, 65, 66, 67, 68, 69, 70, 71, 72, 73, 74, 75, 76, 77, 78, 79, 80, 81, 82, 83, 84, 85, 86, 87, 88, 89, 90]
		},
		{
			"name": "Layer 4",
			"origin": [8, 8, 8],
			"color": 0,
			"children": [91, 92, 93, 94, 95, 96, 97, 98, 99, 100, 101, 102, 103, 104, 105, 106, 107, 108, 109, 110, 111, 112, 113, 114, 115, 116, 117, 118]
		},
		{
			"name": "Layer 5",
			"origin": [8, 8, 8],
			"color": 0,
			"children": [119, 120, 121, 122, 123, 124, 125, 126, 127, 128, 129, 130, 131, 132, 133, 134, 135]
		},
		{
			"name": "Layer 6",
			"origin": [8, 8, 8],
			"color": 0,
			"children": [136, 137, 138, 139, 140, 141, 142, 143, 144, 145, 146, 147, 148, 149, 150, 151, 152, 153, 154]
		},
		{
			"name": "Layer",
			"origin": [8, 8, 8],
			"color": 0,
			"children": [155, 156, 157, 158, 159, 160, 161, 162, 163, 164, 165, 166, 167, 168]
		}
	]
}