{
	"credit": "Made with Blockbench",
	"textures": {
		"0": "item/creation_weaver",
		"1": "item/weaving_aura",
		"particle": "item/creation_weaver"
	},
	"elements": [
		{
			"name": "1a",
			"from": [0, 0, 8.03125],
			"to": [16, 16, 8.03125],
			"faces": {
				"north": {"uv": [16, 0, 0, 16], "texture": "#1"},
				"south": {"uv": [0, 0, 16, 16], "texture": "#1"}
			}
		},
		{
			"name": "Layer 1_0",
			"from": [7.875, 2.625, 7.875],
			"to": [8.25, 2.875, 8.25],
			"faces": {
				"north": {"uv": [8.25, 13.125, 7.875, 13.375], "texture": "#0"},
				"east": {"uv": [8.125, 13.125, 8.25, 13.375], "texture": "#0"},
				"south": {"uv": [7.875, 13.125, 8.25, 13.375], "texture": "#0"},
				"west": {"uv": [7.875, 13.125, 8, 13.375], "texture": "#0"},
				"up": {"uv": [7.875, 13.125, 8.25, 13.25], "texture": "#0"},
				"down": {"uv": [7.875, 13.25, 8.25, 13.375], "texture": "#0"}
			}
		},
		{
			"name": "Layer 1_1",
			"from": [7.625, 2.5, 7.875],
			"to": [7.875, 2.75, 8.25],
			"faces": {
				"north": {"uv": [7.875, 13.25, 7.625, 13.5], "texture": "#0"},
				"east": {"uv": [7.75, 13.25, 7.875, 13.5], "texture": "#0"},
				"south": {"uv": [7.625, 13.25, 7.875, 13.5], "texture": "#0"},
				"west": {"uv": [7.625, 13.25, 7.75, 13.5], "texture": "#0"},
				"up": {"uv": [7.625, 13.25, 7.875, 13.375], "texture": "#0"},
				"down": {"uv": [7.625, 13.375, 7.875, 13.5], "texture": "#0"}
			}
		},
		{
			"name": "Layer 1_2",
			"from": [8.25, 2.625, 7.875],
			"to": [8.5, 2.75, 8.25],
			"faces": {
				"north": {"uv": [8.5, 13.25, 8.25, 13.375], "texture": "#0"},
				"east": {"uv": [8.375, 13.25, 8.5, 13.375], "texture": "#0"},
				"south": {"uv": [8.25, 13.25, 8.5, 13.375], "texture": "#0"},
				"west": {"uv": [8.25, 13.25, 8.375, 13.375], "texture": "#0"},
				"up": {"uv": [8.25, 13.25, 8.5, 13.375], "texture": "#0"},
				"down": {"uv": [8.25, 13.25, 8.5, 13.375], "texture": "#0"}
			}
		},
		{
			"name": "Layer 1_3",
			"from": [7.5, 2.5, 7.875],
			"to": [7.625, 2.625, 8.25],
			"faces": {
				"north": {"uv": [7.625, 13.375, 7.5, 13.5], "texture": "#0"},
				"east": {"uv": [7.5, 13.375, 7.625, 13.5], "texture": "#0"},
				"south": {"uv": [7.5, 13.375, 7.625, 13.5], "texture": "#0"},
				"west": {"uv": [7.5, 13.375, 7.625, 13.5], "texture": "#0"},
				"up": {"uv": [7.5, 13.375, 7.625, 13.5], "texture": "#0"},
				"down": {"uv": [7.5, 13.375, 7.625, 13.5], "texture": "#0"}
			}
		},
		{
			"name": "Layer 1_4",
			"from": [8.125, 2.5, 7.875],
			"to": [8.375, 2.625, 8.25],
			"faces": {
				"north": {"uv": [8.375, 13.375, 8.125, 13.5], "texture": "#0"},
				"east": {"uv": [8.25, 13.375, 8.375, 13.5], "texture": "#0"},
				"south": {"uv": [8.125, 13.375, 8.375, 13.5], "texture": "#0"},
				"west": {"uv": [8.125, 13.375, 8.25, 13.5], "texture": "#0"},
				"up": {"uv": [8.125, 13.375, 8.375, 13.5], "texture": "#0"},
				"down": {"uv": [8.125, 13.375, 8.375, 13.5], "texture": "#0"}
			}
		},
		{
			"name": "Layer 1_5",
			"from": [7.875, 2.125, 7.875],
			"to": [8, 2.5, 8.25],
			"faces": {
				"north": {"uv": [8, 13.5, 7.875, 13.875], "texture": "#0"},
				"east": {"uv": [7.875, 13.5, 8, 13.875], "texture": "#0"},
				"south": {"uv": [7.875, 13.5, 8, 13.875], "texture": "#0"},
				"west": {"uv": [7.875, 13.5, 8, 13.875], "texture": "#0"},
				"up": {"uv": [7.875, 13.5, 8, 13.625], "texture": "#0"},
				"down": {"uv": [7.875, 13.75, 8, 13.875], "texture": "#0"}
			}
		},
		{
			"name": "Layer 2_0",
			"from": [7.875, 2.5, 7.9375],
			"to": [8.125, 2.625, 8.1875],
			"faces": {
				"north": {"uv": [8.125, 13.375, 7.875, 13.5], "texture": "#0"},
				"east": {"uv": [8, 13.375, 8.125, 13.5], "texture": "#0"},
				"south": {"uv": [7.875, 13.375, 8.125, 13.5], "texture": "#0"},
				"west": {"uv": [7.875, 13.375, 8, 13.5], "texture": "#0"},
				"up": {"uv": [7.875, 13.375, 8.125, 13.5], "texture": "#0"},
				"down": {"uv": [7.875, 13.375, 8.125, 13.5], "texture": "#0"}
			}
		},
		{
			"name": "Layer 2_1",
			"from": [7.5, 2.375, 7.9375],
			"to": [7.875, 2.5, 8.1875],
			"faces": {
				"north": {"uv": [7.875, 13.5, 7.5, 13.625], "texture": "#0"},
				"east": {"uv": [7.75, 13.5, 7.875, 13.625], "texture": "#0"},
				"south": {"uv": [7.5, 13.5, 7.875, 13.625], "texture": "#0"},
				"west": {"uv": [7.5, 13.5, 7.625, 13.625], "texture": "#0"},
				"up": {"uv": [7.5, 13.5, 7.875, 13.625], "texture": "#0"},
				"down": {"uv": [7.5, 13.5, 7.875, 13.625], "texture": "#0"}
			}
		},
		{
			"name": "Layer 2_2",
			"from": [8, 2.125, 7.9375],
			"to": [8.25, 2.5, 8.1875],
			"faces": {
				"north": {"uv": [8.25, 13.5, 8, 13.875], "texture": "#0"},
				"east": {"uv": [8.125, 13.5, 8.25, 13.875], "texture": "#0"},
				"south": {"uv": [8, 13.5, 8.25, 13.875], "texture": "#0"},
				"west": {"uv": [8, 13.5, 8.125, 13.875], "texture": "#0"},
				"up": {"uv": [8, 13.5, 8.25, 13.625], "texture": "#0"},
				"down": {"uv": [8, 13.75, 8.25, 13.875], "texture": "#0"}
			}
		},
		{
			"name": "Layer 2_3",
			"from": [7.625, 2, 7.9375],
			"to": [7.875, 2.375, 8.1875],
			"faces": {
				"north": {"uv": [7.875, 13.625, 7.625, 14], "texture": "#0"},
				"east": {"uv": [7.75, 13.625, 7.875, 14], "texture": "#0"},
				"south": {"uv": [7.625, 13.625, 7.875, 14], "texture": "#0"},
				"west": {"uv": [7.625, 13.625, 7.75, 14], "texture": "#0"},
				"up": {"uv": [7.625, 13.625, 7.875, 13.75], "texture": "#0"},
				"down": {"uv": [7.625, 13.875, 7.875, 14], "texture": "#0"}
			}
		},
		{
			"name": "Layer 2_4",
			"from": [7.875, 1.25, 7.9375],
			"to": [8.125, 2.125, 8.1875],
			"faces": {
				"north": {"uv": [8.125, 13.875, 7.875, 14.75], "texture": "#0"},
				"east": {"uv": [8, 13.875, 8.125, 14.75], "texture": "#0"},
				"south": {"uv": [7.875, 13.875, 8.125, 14.75], "texture": "#0"},
				"west": {"uv": [7.875, 13.875, 8, 14.75], "texture": "#0"},
				"up": {"uv": [7.875, 13.875, 8.125, 14], "texture": "#0"},
				"down": {"uv": [7.875, 14.625, 8.125, 14.75], "texture": "#0"}
			}
		},
		{
			"name": "Layer 2_5",
			"from": [7.75, 1.5, 7.9375],
			"to": [7.875, 2, 8.1875],
			"faces": {
				"north": {"uv": [7.875, 14, 7.75, 14.5], "texture": "#0"},
				"east": {"uv": [7.75, 14, 7.875, 14.5], "texture": "#0"},
				"south": {"uv": [7.75, 14, 7.875, 14.5], "texture": "#0"},
				"west": {"uv": [7.75, 14, 7.875, 14.5], "texture": "#0"},
				"up": {"uv": [7.75, 14, 7.875, 14.125], "texture": "#0"},
				"down": {"uv": [7.75, 14.375, 7.875, 14.5], "texture": "#0"}
			}
		},
		{
			"name": "Layer 2_6",
			"from": [8.125, 0.625, 7.9375],
			"to": [8.25, 1.5, 8.1875],
			"faces": {
				"north": {"uv": [8.25, 14.5, 8.125, 15.375], "texture": "#0"},
				"east": {"uv": [8.125, 14.5, 8.25, 15.375], "texture": "#0"},
				"south": {"uv": [8.125, 14.5, 8.25, 15.375], "texture": "#0"},
				"west": {"uv": [8.125, 14.5, 8.25, 15.375], "texture": "#0"},
				"up": {"uv": [8.125, 14.5, 8.25, 14.625], "texture": "#0"},
				"down": {"uv": [8.125, 15.25, 8.25, 15.375], "texture": "#0"}
			}
		},
		{
			"name": "Layer 2_7",
			"from": [8, 0.875, 7.9375],
			"to": [8.125, 1.25, 8.1875],
			"faces": {
				"north": {"uv": [8.125, 14.75, 8, 15.125], "texture": "#0"},
				"east": {"uv": [8, 14.75, 8.125, 15.125], "texture": "#0"},
				"south": {"uv": [8, 14.75, 8.125, 15.125], "texture": "#0"},
				"west": {"uv": [8, 14.75, 8.125, 15.125], "texture": "#0"},
				"up": {"uv": [8, 14.75, 8.125, 14.875], "texture": "#0"},
				"down": {"uv": [8, 15, 8.125, 15.125], "texture": "#0"}
			}
		},
		{
			"name": "Layer 3_0",
			"from": [7.875, 2.875, 7.9375],
			"to": [8, 6.375, 8.1875],
			"faces": {
				"north": {"uv": [8, 9.625, 7.875, 13.125], "texture": "#0"},
				"east": {"uv": [7.875, 9.625, 8, 13.125], "texture": "#0"},
				"south": {"uv": [7.875, 9.625, 8, 13.125], "texture": "#0"},
				"west": {"uv": [7.875, 9.625, 8, 13.125], "texture": "#0"},
				"up": {"uv": [7.875, 9.625, 8, 9.75], "texture": "#0"},
				"down": {"uv": [7.875, 13, 8, 13.125], "texture": "#0"}
			}
		},
		{
			"name": "Layer 3_1",
			"from": [7.75, 2.75, 7.9375],
			"to": [7.875, 6.25, 8.1875],
			"faces": {
				"north": {"uv": [7.875, 9.75, 7.75, 13.25], "texture": "#0"},
				"east": {"uv": [7.75, 9.75, 7.875, 13.25], "texture": "#0"},
				"south": {"uv": [7.75, 9.75, 7.875, 13.25], "texture": "#0"},
				"west": {"uv": [7.75, 9.75, 7.875, 13.25], "texture": "#0"},
				"up": {"uv": [7.75, 9.75, 7.875, 9.875], "texture": "#0"},
				"down": {"uv": [7.75, 13.125, 7.875, 13.25], "texture": "#0"}
			}
		},
		{
			"name": "Layer 3_2",
			"from": [8, 2.875, 7.9375],
			"to": [8.125, 6.125, 8.1875],
			"faces": {
				"north": {"uv": [8.125, 9.875, 8, 13.125], "texture": "#0"},
				"east": {"uv": [8, 9.875, 8.125, 13.125], "texture": "#0"},
				"south": {"uv": [8, 9.875, 8.125, 13.125], "texture": "#0"},
				"west": {"uv": [8, 9.875, 8.125, 13.125], "texture": "#0"},
				"up": {"uv": [8, 9.875, 8.125, 10], "texture": "#0"},
				"down": {"uv": [8, 13, 8.125, 13.125], "texture": "#0"}
			}
		},
		{
			"name": "Layer 4_0",
			"from": [7.375, 6.125, 7.9375],
			"to": [7.5, 6.5, 8.1875],
			"faces": {
				"north": {"uv": [7.5, 9.5, 7.375, 9.875], "texture": "#0"},
				"east": {"uv": [7.375, 9.5, 7.5, 9.875], "texture": "#0"},
				"south": {"uv": [7.375, 9.5, 7.5, 9.875], "texture": "#0"},
				"west": {"uv": [7.375, 9.5, 7.5, 9.875], "texture": "#0"},
				"up": {"uv": [7.375, 9.5, 7.5, 9.625], "texture": "#0"},
				"down": {"uv": [7.375, 9.75, 7.5, 9.875], "texture": "#0"}
			}
		},
		{
			"name": "Layer 4_1",
			"from": [7.25, 5.75, 7.9375],
			"to": [7.375, 6.25, 8.1875],
			"faces": {
				"north": {"uv": [7.375, 9.75, 7.25, 10.25], "texture": "#0"},
				"east": {"uv": [7.25, 9.75, 7.375, 10.25], "texture": "#0"},
				"south": {"uv": [7.25, 9.75, 7.375, 10.25], "texture": "#0"},
				"west": {"uv": [7.25, 9.75, 7.375, 10.25], "texture": "#0"},
				"up": {"uv": [7.25, 9.75, 7.375, 9.875], "texture": "#0"},
				"down": {"uv": [7.25, 10.125, 7.375, 10.25], "texture": "#0"}
			}
		},
		{
			"name": "Layer 4_2",
			"from": [8.625, 5.625, 7.9375],
			"to": [8.75, 6.125, 8.1875],
			"faces": {
				"north": {"uv": [8.75, 9.875, 8.625, 10.375], "texture": "#0"},
				"east": {"uv": [8.625, 9.875, 8.75, 10.375], "texture": "#0"},
				"south": {"uv": [8.625, 9.875, 8.75, 10.375], "texture": "#0"},
				"west": {"uv": [8.625, 9.875, 8.75, 10.375], "texture": "#0"},
				"up": {"uv": [8.625, 9.875, 8.75, 10], "texture": "#0"},
				"down": {"uv": [8.625, 10.25, 8.75, 10.375], "texture": "#0"}
			}
		},
		{
			"name": "Layer 4_3",
			"from": [7.125, 5.375, 7.9375],
			"to": [7.25, 5.875, 8.1875],
			"faces": {
				"north": {"uv": [7.25, 10.125, 7.125, 10.625], "texture": "#0"},
				"east": {"uv": [7.125, 10.125, 7.25, 10.625], "texture": "#0"},
				"south": {"uv": [7.125, 10.125, 7.25, 10.625], "texture": "#0"},
				"west": {"uv": [7.125, 10.125, 7.25, 10.625], "texture": "#0"},
				"up": {"uv": [7.125, 10.125, 7.25, 10.25], "texture": "#0"},
				"down": {"uv": [7.125, 10.5, 7.25, 10.625], "texture": "#0"}
			}
		},
		{
			"name": "Layer 4_4",
			"from": [8.75, 5.25, 7.9375],
			"to": [8.875, 5.75, 8.1875],
			"faces": {
				"north": {"uv": [8.875, 10.25, 8.75, 10.75], "texture": "#0"},
				"east": {"uv": [8.75, 10.25, 8.875, 10.75], "texture": "#0"},
				"south": {"uv": [8.75, 10.25, 8.875, 10.75], "texture": "#0"},
				"west": {"uv": [8.75, 10.25, 8.875, 10.75], "texture": "#0"},
				"up": {"uv": [8.75, 10.25, 8.875, 10.375], "texture": "#0"},
				"down": {"uv": [8.75, 10.625, 8.875, 10.75], "texture": "#0"}
			}
		},
		{
			"name": "Layer 4_5",
			"from": [8.875, 5, 7.9375],
			"to": [9, 5.5, 8.1875],
			"faces": {
				"north": {"uv": [9, 10.5, 8.875, 11], "texture": "#0"},
				"east": {"uv": [8.875, 10.5, 9, 11], "texture": "#0"},
				"south": {"uv": [8.875, 10.5, 9, 11], "texture": "#0"},
				"west": {"uv": [8.875, 10.5, 9, 11], "texture": "#0"},
				"up": {"uv": [8.875, 10.5, 9, 10.625], "texture": "#0"},
				"down": {"uv": [8.875, 10.875, 9, 11], "texture": "#0"}
			}
		},
		{
			"name": "Layer 4_6",
			"from": [9, 4.875, 7.9375],
			"to": [9.125, 5.25, 8.1875],
			"faces": {
				"north": {"uv": [9.125, 10.75, 9, 11.125], "texture": "#0"},
				"east": {"uv": [9, 10.75, 9.125, 11.125], "texture": "#0"},
				"south": {"uv": [9, 10.75, 9.125, 11.125], "texture": "#0"},
				"west": {"uv": [9, 10.75, 9.125, 11.125], "texture": "#0"},
				"up": {"uv": [9, 10.75, 9.125, 10.875], "texture": "#0"},
				"down": {"uv": [9, 11, 9.125, 11.125], "texture": "#0"}
			}
		},
		{
			"name": "Layer 4_7",
			"from": [9.125, 4.875, 7.9375],
			"to": [9.25, 5.125, 8.1875],
			"faces": {
				"north": {"uv": [9.25, 10.875, 9.125, 11.125], "texture": "#0"},
				"east": {"uv": [9.125, 10.875, 9.25, 11.125], "texture": "#0"},
				"south": {"uv": [9.125, 10.875, 9.25, 11.125], "texture": "#0"},
				"west": {"uv": [9.125, 10.875, 9.25, 11.125], "texture": "#0"},
				"up": {"uv": [9.125, 10.875, 9.25, 11], "texture": "#0"},
				"down": {"uv": [9.125, 11, 9.25, 11.125], "texture": "#0"}
			}
		},
		{
			"name": "Layer 4_8",
			"from": [9.25, 4.875, 7.9375],
			"to": [9.375, 5, 8.1875],
			"faces": {
				"north": {"uv": [9.375, 11, 9.25, 11.125], "texture": "#0"},
				"east": {"uv": [9.25, 11, 9.375, 11.125], "texture": "#0"},
				"south": {"uv": [9.25, 11, 9.375, 11.125], "texture": "#0"},
				"west": {"uv": [9.25, 11, 9.375, 11.125], "texture": "#0"},
				"up": {"uv": [9.25, 11, 9.375, 11.125], "texture": "#0"},
				"down": {"uv": [9.25, 11, 9.375, 11.125], "texture": "#0"}
			}
		},
		{
			"name": "Layer 5_0",
			"from": [8.625, 14.625, 7.875],
			"to": [8.75, 14.75, 8.25],
			"faces": {
				"north": {"uv": [8.75, 1.25, 8.625, 1.375], "texture": "#0"},
				"east": {"uv": [8.625, 1.25, 8.75, 1.375], "texture": "#0"},
				"south": {"uv": [8.625, 1.25, 8.75, 1.375], "texture": "#0"},
				"west": {"uv": [8.625, 1.25, 8.75, 1.375], "texture": "#0"},
				"up": {"uv": [8.625, 1.25, 8.75, 1.375], "texture": "#0"},
				"down": {"uv": [8.625, 1.25, 8.75, 1.375], "texture": "#0"}
			}
		},
		{
			"name": "Layer 5_1",
			"from": [8.5, 14.25, 7.875],
			"to": [8.625, 14.625, 8.25],
			"faces": {
				"north": {"uv": [8.625, 1.375, 8.5, 1.75], "texture": "#0"},
				"east": {"uv": [8.5, 1.375, 8.625, 1.75], "texture": "#0"},
				"south": {"uv": [8.5, 1.375, 8.625, 1.75], "texture": "#0"},
				"west": {"uv": [8.5, 1.375, 8.625, 1.75], "texture": "#0"},
				"up": {"uv": [8.5, 1.375, 8.625, 1.5], "texture": "#0"},
				"down": {"uv": [8.5, 1.625, 8.625, 1.75], "texture": "#0"}
			}
		},
		{
			"name": "Layer 5_2",
			"from": [8.375, 13.5, 7.875],
			"to": [8.5, 14.5, 8.25],
			"faces": {
				"north": {"uv": [8.5, 1.5, 8.375, 2.5], "texture": "#0"},
				"east": {"uv": [8.375, 1.5, 8.5, 2.5], "texture": "#0"},
				"south": {"uv": [8.375, 1.5, 8.5, 2.5], "texture": "#0"},
				"west": {"uv": [8.375, 1.5, 8.5, 2.5], "texture": "#0"},
				"up": {"uv": [8.375, 1.5, 8.5, 1.625], "texture": "#0"},
				"down": {"uv": [8.375, 2.375, 8.5, 2.5], "texture": "#0"}
			}
		},
		{
			"name": "Layer 5_3",
			"from": [8.25, 12.375, 7.875],
			"to": [8.375, 14.25, 8.25],
			"faces": {
				"north": {"uv": [8.375, 1.75, 8.25, 3.625], "texture": "#0"},
				"east": {"uv": [8.25, 1.75, 8.375, 3.625], "texture": "#0"},
				"south": {"uv": [8.25, 1.75, 8.375, 3.625], "texture": "#0"},
				"west": {"uv": [8.25, 1.75, 8.375, 3.625], "texture": "#0"},
				"up": {"uv": [8.25, 1.75, 8.375, 1.875], "texture": "#0"},
				"down": {"uv": [8.25, 3.5, 8.375, 3.625], "texture": "#0"}
			}
		},
		{
			"name": "Layer 5_4",
			"from": [8.125, 5.75, 7.875],
			"to": [8.25, 13.75, 8.25],
			"faces": {
				"north": {"uv": [8.25, 2.25, 8.125, 10.25], "texture": "#0"},
				"east": {"uv": [8.125, 2.25, 8.25, 10.25], "texture": "#0"},
				"south": {"uv": [8.125, 2.25, 8.25, 10.25], "texture": "#0"},
				"west": {"uv": [8.125, 2.25, 8.25, 10.25], "texture": "#0"},
				"up": {"uv": [8.125, 2.25, 8.25, 2.375], "texture": "#0"},
				"down": {"uv": [8.125, 10.125, 8.25, 10.25], "texture": "#0"}
			}
		},
		{
			"name": "Layer 5_5",
			"from": [8, 13.25, 7.875],
			"to": [8.125, 13.5, 8.25],
			"faces": {
				"north": {"uv": [8.125, 2.5, 8, 2.75], "texture": "#0"},
				"east": {"uv": [8, 2.5, 8.125, 2.75], "texture": "#0"},
				"south": {"uv": [8, 2.5, 8.125, 2.75], "texture": "#0"},
				"west": {"uv": [8, 2.5, 8.125, 2.75], "texture": "#0"},
				"up": {"uv": [8, 2.5, 8.125, 2.625], "texture": "#0"},
				"down": {"uv": [8, 2.625, 8.125, 2.75], "texture": "#0"}
			}
		},
		{
			"name": "Layer 5_6",
			"from": [7.875, 13.125, 7.875],
			"to": [8, 13.375, 8.25],
			"faces": {
				"north": {"uv": [8, 2.625, 7.875, 2.875], "texture": "#0"},
				"east": {"uv": [7.875, 2.625, 8, 2.875], "texture": "#0"},
				"south": {"uv": [7.875, 2.625, 8, 2.875], "texture": "#0"},
				"west": {"uv": [7.875, 2.625, 8, 2.875], "texture": "#0"},
				"up": {"uv": [7.875, 2.625, 8, 2.75], "texture": "#0"},
				"down": {"uv": [7.875, 2.75, 8, 2.875], "texture": "#0"}
			}
		},
		{
			"name": "Layer 5_7",
			"from": [8, 6.125, 7.875],
			"to": [8.125, 12.75, 8.25],
			"faces": {
				"north": {"uv": [8.125, 3.25, 8, 9.875], "texture": "#0"},
				"east": {"uv": [8, 3.25, 8.125, 9.875], "texture": "#0"},
				"south": {"uv": [8, 3.25, 8.125, 9.875], "texture": "#0"},
				"west": {"uv": [8, 3.25, 8.125, 9.875], "texture": "#0"},
				"up": {"uv": [8, 3.25, 8.125, 3.375], "texture": "#0"},
				"down": {"uv": [8, 9.75, 8.125, 9.875], "texture": "#0"}
			}
		},
		{
			"name": "Layer 5_8",
			"from": [7.875, 11.5, 7.875],
			"to": [8, 11.875, 8.25],
			"faces": {
				"north": {"uv": [8, 4.125, 7.875, 4.5], "texture": "#0"},
				"east": {"uv": [7.875, 4.125, 8, 4.5], "texture": "#0"},
				"south": {"uv": [7.875, 4.125, 8, 4.5], "texture": "#0"},
				"west": {"uv": [7.875, 4.125, 8, 4.5], "texture": "#0"},
				"up": {"uv": [7.875, 4.125, 8, 4.25], "texture": "#0"},
				"down": {"uv": [7.875, 4.375, 8, 4.5], "texture": "#0"}
			}
		},
		{
			"name": "Layer 5_9",
			"from": [7.75, 11.375, 7.875],
			"to": [7.875, 11.625, 8.25],
			"faces": {
				"north": {"uv": [7.875, 4.375, 7.75, 4.625], "texture": "#0"},
				"east": {"uv": [7.75, 4.375, 7.875, 4.625], "texture": "#0"},
				"south": {"uv": [7.75, 4.375, 7.875, 4.625], "texture": "#0"},
				"west": {"uv": [7.75, 4.375, 7.875, 4.625], "texture": "#0"},
				"up": {"uv": [7.75, 4.375, 7.875, 4.5], "texture": "#0"},
				"down": {"uv": [7.75, 4.5, 7.875, 4.625], "texture": "#0"}
			}
		},
		{
			"name": "Layer 5_10",
			"from": [7.875, 9.5, 7.875],
			"to": [8, 9.875, 8.25],
			"faces": {
				"north": {"uv": [8, 6.125, 7.875, 6.5], "texture": "#0"},
				"east": {"uv": [7.875, 6.125, 8, 6.5], "texture": "#0"},
				"south": {"uv": [7.875, 6.125, 8, 6.5], "texture": "#0"},
				"west": {"uv": [7.875, 6.125, 8, 6.5], "texture": "#0"},
				"up": {"uv": [7.875, 6.125, 8, 6.25], "texture": "#0"},
				"down": {"uv": [7.875, 6.375, 8, 6.5], "texture": "#0"}
			}
		},
		{
			"name": "Layer 5_11",
			"from": [7.75, 9.375, 7.875],
			"to": [7.875, 9.625, 8.25],
			"faces": {
				"north": {"uv": [7.875, 6.375, 7.75, 6.625], "texture": "#0"},
				"east": {"uv": [7.75, 6.375, 7.875, 6.625], "texture": "#0"},
				"south": {"uv": [7.75, 6.375, 7.875, 6.625], "texture": "#0"},
				"west": {"uv": [7.75, 6.375, 7.875, 6.625], "texture": "#0"},
				"up": {"uv": [7.75, 6.375, 7.875, 6.5], "texture": "#0"},
				"down": {"uv": [7.75, 6.5, 7.875, 6.625], "texture": "#0"}
			}
		},
		{
			"name": "Layer 5_12",
			"from": [7.875, 6.375, 7.875],
			"to": [8, 9, 8.25],
			"faces": {
				"north": {"uv": [8, 7, 7.875, 9.625], "texture": "#0"},
				"east": {"uv": [7.875, 7, 8, 9.625], "texture": "#0"},
				"south": {"uv": [7.875, 7, 8, 9.625], "texture": "#0"},
				"west": {"uv": [7.875, 7, 8, 9.625], "texture": "#0"},
				"up": {"uv": [7.875, 7, 8, 7.125], "texture": "#0"},
				"down": {"uv": [7.875, 9.5, 8, 9.625], "texture": "#0"}
			}
		},
		{
			"name": "Layer 5_13",
			"from": [7.75, 7.875, 7.875],
			"to": [7.875, 8.625, 8.25],
			"faces": {
				"north": {"uv": [7.875, 7.375, 7.75, 8.125], "texture": "#0"},
				"east": {"uv": [7.75, 7.375, 7.875, 8.125], "texture": "#0"},
				"south": {"uv": [7.75, 7.375, 7.875, 8.125], "texture": "#0"},
				"west": {"uv": [7.75, 7.375, 7.875, 8.125], "texture": "#0"},
				"up": {"uv": [7.75, 7.375, 7.875, 7.5], "texture": "#0"},
				"down": {"uv": [7.75, 8, 7.875, 8.125], "texture": "#0"}
			}
		},
		{
			"name": "Layer 5_14",
			"from": [8.25, 5.625, 7.875],
			"to": [8.375, 8.5, 8.25],
			"faces": {
				"north": {"uv": [8.375, 7.5, 8.25, 10.375], "texture": "#0"},
				"east": {"uv": [8.25, 7.5, 8.375, 10.375], "texture": "#0"},
				"south": {"uv": [8.25, 7.5, 8.375, 10.375], "texture": "#0"},
				"west": {"uv": [8.25, 7.5, 8.375, 10.375], "texture": "#0"},
				"up": {"uv": [8.25, 7.5, 8.375, 7.625], "texture": "#0"},
				"down": {"uv": [8.25, 10.25, 8.375, 10.375], "texture": "#0"}
			}
		},
		{
			"name": "Layer 5_15",
			"from": [7.625, 7.75, 7.875],
			"to": [7.75, 8.25, 8.25],
			"faces": {
				"north": {"uv": [7.75, 7.75, 7.625, 8.25], "texture": "#0"},
				"east": {"uv": [7.625, 7.75, 7.75, 8.25], "texture": "#0"},
				"south": {"uv": [7.625, 7.75, 7.75, 8.25], "texture": "#0"},
				"west": {"uv": [7.625, 7.75, 7.75, 8.25], "texture": "#0"},
				"up": {"uv": [7.625, 7.75, 7.75, 7.875], "texture": "#0"},
				"down": {"uv": [7.625, 8.125, 7.75, 8.25], "texture": "#0"}
			}
		},
		{
			"name": "Layer 5_16",
			"from": [8.375, 5.5, 7.875],
			"to": [8.5, 7.75, 8.25],
			"faces": {
				"north": {"uv": [8.5, 8.25, 8.375, 10.5], "texture": "#0"},
				"east": {"uv": [8.375, 8.25, 8.5, 10.5], "texture": "#0"},
				"south": {"uv": [8.375, 8.25, 8.5, 10.5], "texture": "#0"},
				"west": {"uv": [8.375, 8.25, 8.5, 10.5], "texture": "#0"},
				"up": {"uv": [8.375, 8.25, 8.5, 8.375], "texture": "#0"},
				"down": {"uv": [8.375, 10.375, 8.5, 10.5], "texture": "#0"}
			}
		},
		{
			"name": "Layer 5_17",
			"from": [8.5, 6.75, 7.875],
			"to": [8.625, 7.5, 8.25],
			"faces": {
				"north": {"uv": [8.625, 8.5, 8.5, 9.25], "texture": "#0"},
				"east": {"uv": [8.5, 8.5, 8.625, 9.25], "texture": "#0"},
				"south": {"uv": [8.5, 8.5, 8.625, 9.25], "texture": "#0"},
				"west": {"uv": [8.5, 8.5, 8.625, 9.25], "texture": "#0"},
				"up": {"uv": [8.5, 8.5, 8.625, 8.625], "texture": "#0"},
				"down": {"uv": [8.5, 9.125, 8.625, 9.25], "texture": "#0"}
			}
		},
		{
			"name": "Layer 5_18",
			"from": [7.75, 6.25, 7.875],
			"to": [7.875, 7.375, 8.25],
			"faces": {
				"north": {"uv": [7.875, 8.625, 7.75, 9.75], "texture": "#0"},
				"east": {"uv": [7.75, 8.625, 7.875, 9.75], "texture": "#0"},
				"south": {"uv": [7.75, 8.625, 7.875, 9.75], "texture": "#0"},
				"west": {"uv": [7.75, 8.625, 7.875, 9.75], "texture": "#0"},
				"up": {"uv": [7.75, 8.625, 7.875, 8.75], "texture": "#0"},
				"down": {"uv": [7.75, 9.625, 7.875, 9.75], "texture": "#0"}
			}
		},
		{
			"name": "Layer 5_19",
			"from": [8.625, 6.625, 7.875],
			"to": [8.75, 7.125, 8.25],
			"faces": {
				"north": {"uv": [8.75, 8.875, 8.625, 9.375], "texture": "#0"},
				"east": {"uv": [8.625, 8.875, 8.75, 9.375], "texture": "#0"},
				"south": {"uv": [8.625, 8.875, 8.75, 9.375], "texture": "#0"},
				"west": {"uv": [8.625, 8.875, 8.75, 9.375], "texture": "#0"},
				"up": {"uv": [8.625, 8.875, 8.75, 9], "texture": "#0"},
				"down": {"uv": [8.625, 9.25, 8.75, 9.375], "texture": "#0"}
			}
		},
		{
			"name": "Layer 5_20",
			"from": [7.625, 6, 7.875],
			"to": [7.75, 7, 8.25],
			"faces": {
				"north": {"uv": [7.75, 9, 7.625, 10], "texture": "#0"},
				"east": {"uv": [7.625, 9, 7.75, 10], "texture": "#0"},
				"south": {"uv": [7.625, 9, 7.75, 10], "texture": "#0"},
				"west": {"uv": [7.625, 9, 7.75, 10], "texture": "#0"},
				"up": {"uv": [7.625, 9, 7.75, 9.125], "texture": "#0"},
				"down": {"uv": [7.625, 9.875, 7.75, 10], "texture": "#0"}
			}
		},
		{
			"name": "Layer 5_21",
			"from": [8.75, 6.5, 7.875],
			"to": [8.875, 6.875, 8.25],
			"faces": {
				"north": {"uv": [8.875, 9.125, 8.75, 9.5], "texture": "#0"},
				"east": {"uv": [8.75, 9.125, 8.875, 9.5], "texture": "#0"},
				"south": {"uv": [8.75, 9.125, 8.875, 9.5], "texture": "#0"},
				"west": {"uv": [8.75, 9.125, 8.875, 9.5], "texture": "#0"},
				"up": {"uv": [8.75, 9.125, 8.875, 9.25], "texture": "#0"},
				"down": {"uv": [8.75, 9.375, 8.875, 9.5], "texture": "#0"}
			}
		},
		{
			"name": "Layer 5_22",
			"from": [7.5, 5.875, 7.875],
			"to": [7.625, 6.75, 8.25],
			"faces": {
				"north": {"uv": [7.625, 9.25, 7.5, 10.125], "texture": "#0"},
				"east": {"uv": [7.5, 9.25, 7.625, 10.125], "texture": "#0"},
				"south": {"uv": [7.5, 9.25, 7.625, 10.125], "texture": "#0"},
				"west": {"uv": [7.5, 9.25, 7.625, 10.125], "texture": "#0"},
				"up": {"uv": [7.5, 9.25, 7.625, 9.375], "texture": "#0"},
				"down": {"uv": [7.5, 10, 7.625, 10.125], "texture": "#0"}
			}
		},
		{
			"name": "Layer 5_23",
			"from": [8.875, 6.375, 7.875],
			"to": [9, 6.625, 8.25],
			"faces": {
				"north": {"uv": [9, 9.375, 8.875, 9.625], "texture": "#0"},
				"east": {"uv": [8.875, 9.375, 9, 9.625], "texture": "#0"},
				"south": {"uv": [8.875, 9.375, 9, 9.625], "texture": "#0"},
				"west": {"uv": [8.875, 9.375, 9, 9.625], "texture": "#0"},
				"up": {"uv": [8.875, 9.375, 9, 9.5], "texture": "#0"},
				"down": {"uv": [8.875, 9.5, 9, 9.625], "texture": "#0"}
			}
		},
		{
			"name": "Layer 5_24",
			"from": [8.5, 5.375, 7.875],
			"to": [8.625, 6.375, 8.25],
			"faces": {
				"north": {"uv": [8.625, 9.625, 8.5, 10.625], "texture": "#0"},
				"east": {"uv": [8.5, 9.625, 8.625, 10.625], "texture": "#0"},
				"south": {"uv": [8.5, 9.625, 8.625, 10.625], "texture": "#0"},
				"west": {"uv": [8.5, 9.625, 8.625, 10.625], "texture": "#0"},
				"up": {"uv": [8.5, 9.625, 8.625, 9.75], "texture": "#0"},
				"down": {"uv": [8.5, 10.5, 8.625, 10.625], "texture": "#0"}
			}
		},
		{
			"name": "Layer 5_25",
			"from": [7.375, 5.75, 7.875],
			"to": [7.5, 6.125, 8.25],
			"faces": {
				"north": {"uv": [7.5, 9.875, 7.375, 10.25], "texture": "#0"},
				"east": {"uv": [7.375, 9.875, 7.5, 10.25], "texture": "#0"},
				"south": {"uv": [7.375, 9.875, 7.5, 10.25], "texture": "#0"},
				"west": {"uv": [7.375, 9.875, 7.5, 10.25], "texture": "#0"},
				"up": {"uv": [7.375, 9.875, 7.5, 10], "texture": "#0"},
				"down": {"uv": [7.375, 10.125, 7.5, 10.25], "texture": "#0"}
			}
		},
		{
			"name": "Layer 5_26",
			"from": [7.25, 5.625, 7.875],
			"to": [7.375, 5.75, 8.25],
			"faces": {
				"north": {"uv": [7.375, 10.25, 7.25, 10.375], "texture": "#0"},
				"east": {"uv": [7.25, 10.25, 7.375, 10.375], "texture": "#0"},
				"south": {"uv": [7.25, 10.25, 7.375, 10.375], "texture": "#0"},
				"west": {"uv": [7.25, 10.25, 7.375, 10.375], "texture": "#0"},
				"up": {"uv": [7.25, 10.25, 7.375, 10.375], "texture": "#0"},
				"down": {"uv": [7.25, 10.25, 7.375, 10.375], "texture": "#0"}
			}
		},
		{
			"name": "Layer 5_27",
			"from": [8.625, 5.25, 7.875],
			"to": [8.75, 5.625, 8.25],
			"faces": {
				"north": {"uv": [8.75, 10.375, 8.625, 10.75], "texture": "#0"},
				"east": {"uv": [8.625, 10.375, 8.75, 10.75], "texture": "#0"},
				"south": {"uv": [8.625, 10.375, 8.75, 10.75], "texture": "#0"},
				"west": {"uv": [8.625, 10.375, 8.75, 10.75], "texture": "#0"},
				"up": {"uv": [8.625, 10.375, 8.75, 10.5], "texture": "#0"},
				"down": {"uv": [8.625, 10.625, 8.75, 10.75], "texture": "#0"}
			}
		},
		{
			"name": "Layer 5_28",
			"from": [8.75, 5.125, 7.875],
			"to": [8.875, 5.25, 8.25],
			"faces": {
				"north": {"uv": [8.875, 10.75, 8.75, 10.875], "texture": "#0"},
				"east": {"uv": [8.75, 10.75, 8.875, 10.875], "texture": "#0"},
				"south": {"uv": [8.75, 10.75, 8.875, 10.875], "texture": "#0"},
				"west": {"uv": [8.75, 10.75, 8.875, 10.875], "texture": "#0"},
				"up": {"uv": [8.75, 10.75, 8.875, 10.875], "texture": "#0"},
				"down": {"uv": [8.75, 10.75, 8.875, 10.875], "texture": "#0"}
			}
		},
		{
			"name": "Layer 6_0",
			"from": [8.75, 14.875, 7.9375],
			"to": [8.875, 15.125, 8.1875],
			"faces": {
				"north": {"uv": [8.875, 0.875, 8.75, 1.125], "texture": "#0"},
				"east": {"uv": [8.75, 0.875, 8.875, 1.125], "texture": "#0"},
				"south": {"uv": [8.75, 0.875, 8.875, 1.125], "texture": "#0"},
				"west": {"uv": [8.75, 0.875, 8.875, 1.125], "texture": "#0"},
				"up": {"uv": [8.75, 0.875, 8.875, 1], "texture": "#0"},
				"down": {"uv": [8.75, 1, 8.875, 1.125], "texture": "#0"}
			}
		},
		{
			"name": "Layer 6_1",
			"from": [8.625, 14.75, 7.9375],
			"to": [8.75, 15, 8.1875],
			"faces": {
				"north": {"uv": [8.75, 1, 8.625, 1.25], "texture": "#0"},
				"east": {"uv": [8.625, 1, 8.75, 1.25], "texture": "#0"},
				"south": {"uv": [8.625, 1, 8.75, 1.25], "texture": "#0"},
				"west": {"uv": [8.625, 1, 8.75, 1.25], "texture": "#0"},
				"up": {"uv": [8.625, 1, 8.75, 1.125], "texture": "#0"},
				"down": {"uv": [8.625, 1.125, 8.75, 1.25], "texture": "#0"}
			}
		},
		{
			"name": "Layer 6_2",
			"from": [8.5, 14.625, 7.9375],
			"to": [8.625, 14.875, 8.1875],
			"faces": {
				"north": {"uv": [8.625, 1.125, 8.5, 1.375], "texture": "#0"},
				"east": {"uv": [8.5, 1.125, 8.625, 1.375], "texture": "#0"},
				"south": {"uv": [8.5, 1.125, 8.625, 1.375], "texture": "#0"},
				"west": {"uv": [8.5, 1.125, 8.625, 1.375], "texture": "#0"},
				"up": {"uv": [8.5, 1.125, 8.625, 1.25], "texture": "#0"},
				"down": {"uv": [8.5, 1.25, 8.625, 1.375], "texture": "#0"}
			}
		},
		{
			"name": "Layer 6_3",
			"from": [8.375, 14.5, 7.9375],
			"to": [8.5, 14.75, 8.1875],
			"faces": {
				"north": {"uv": [8.5, 1.25, 8.375, 1.5], "texture": "#0"},
				"east": {"uv": [8.375, 1.25, 8.5, 1.5], "texture": "#0"},
				"south": {"uv": [8.375, 1.25, 8.5, 1.5], "texture": "#0"},
				"west": {"uv": [8.375, 1.25, 8.5, 1.5], "texture": "#0"},
				"up": {"uv": [8.375, 1.25, 8.5, 1.375], "texture": "#0"},
				"down": {"uv": [8.375, 1.375, 8.5, 1.5], "texture": "#0"}
			}
		},
		{
			"name": "Layer 6_4",
			"from": [8.25, 14.25, 7.9375],
			"to": [8.375, 14.625, 8.1875],
			"faces": {
				"north": {"uv": [8.375, 1.375, 8.25, 1.75], "texture": "#0"},
				"east": {"uv": [8.25, 1.375, 8.375, 1.75], "texture": "#0"},
				"south": {"uv": [8.25, 1.375, 8.375, 1.75], "texture": "#0"},
				"west": {"uv": [8.25, 1.375, 8.375, 1.75], "texture": "#0"},
				"up": {"uv": [8.25, 1.375, 8.375, 1.5], "texture": "#0"},
				"down": {"uv": [8.25, 1.625, 8.375, 1.75], "texture": "#0"}
			}
		},
		{
			"name": "Layer 6_5",
			"from": [8.125, 13.75, 7.9375],
			"to": [8.25, 14.375, 8.1875],
			"faces": {
				"north": {"uv": [8.25, 1.625, 8.125, 2.25], "texture": "#0"},
				"east": {"uv": [8.125, 1.625, 8.25, 2.25], "texture": "#0"},
				"south": {"uv": [8.125, 1.625, 8.25, 2.25], "texture": "#0"},
				"west": {"uv": [8.125, 1.625, 8.25, 2.25], "texture": "#0"},
				"up": {"uv": [8.125, 1.625, 8.25, 1.75], "texture": "#0"},
				"down": {"uv": [8.125, 2.125, 8.25, 2.25], "texture": "#0"}
			}
		},
		{
			"name": "Layer 6_6",
			"from": [8, 13.5, 7.9375],
			"to": [8.125, 14, 8.1875],
			"faces": {
				"north": {"uv": [8.125, 2, 8, 2.5], "texture": "#0"},
				"east": {"uv": [8, 2, 8.125, 2.5], "texture": "#0"},
				"south": {"uv": [8, 2, 8.125, 2.5], "texture": "#0"},
				"west": {"uv": [8, 2, 8.125, 2.5], "texture": "#0"},
				"up": {"uv": [8, 2, 8.125, 2.125], "texture": "#0"},
				"down": {"uv": [8, 2.375, 8.125, 2.5], "texture": "#0"}
			}
		},
		{
			"name": "Layer 6_7",
			"from": [7.875, 13.375, 7.9375],
			"to": [8, 13.5, 8.1875],
			"faces": {
				"north": {"uv": [8, 2.5, 7.875, 2.625], "texture": "#0"},
				"east": {"uv": [7.875, 2.5, 8, 2.625], "texture": "#0"},
				"south": {"uv": [7.875, 2.5, 8, 2.625], "texture": "#0"},
				"west": {"uv": [7.875, 2.5, 8, 2.625], "texture": "#0"},
				"up": {"uv": [7.875, 2.5, 8, 2.625], "texture": "#0"},
				"down": {"uv": [7.875, 2.5, 8, 2.625], "texture": "#0"}
			}
		},
		{
			"name": "Layer 6_8",
			"from": [8, 12.75, 7.9375],
			"to": [8.125, 13.25, 8.1875],
			"faces": {
				"north": {"uv": [8.125, 2.75, 8, 3.25], "texture": "#0"},
				"east": {"uv": [8, 2.75, 8.125, 3.25], "texture": "#0"},
				"south": {"uv": [8, 2.75, 8.125, 3.25], "texture": "#0"},
				"west": {"uv": [8, 2.75, 8.125, 3.25], "texture": "#0"},
				"up": {"uv": [8, 2.75, 8.125, 2.875], "texture": "#0"},
				"down": {"uv": [8, 3.125, 8.125, 3.25], "texture": "#0"}
			}
		},
		{
			"name": "Layer 6_9",
			"from": [7.875, 11.875, 7.9375],
			"to": [8, 13.125, 8.1875],
			"faces": {
				"north": {"uv": [8, 2.875, 7.875, 4.125], "texture": "#0"},
				"east": {"uv": [7.875, 2.875, 8, 4.125], "texture": "#0"},
				"south": {"uv": [7.875, 2.875, 8, 4.125], "texture": "#0"},
				"west": {"uv": [7.875, 2.875, 8, 4.125], "texture": "#0"},
				"up": {"uv": [7.875, 2.875, 8, 3], "texture": "#0"},
				"down": {"uv": [7.875, 4, 8, 4.125], "texture": "#0"}
			}
		},
		{
			"name": "Layer 6_10",
			"from": [7.75, 11.625, 7.9375],
			"to": [7.875, 12.375, 8.1875],
			"faces": {
				"north": {"uv": [7.875, 3.625, 7.75, 4.375], "texture": "#0"},
				"east": {"uv": [7.75, 3.625, 7.875, 4.375], "texture": "#0"},
				"south": {"uv": [7.75, 3.625, 7.875, 4.375], "texture": "#0"},
				"west": {"uv": [7.75, 3.625, 7.875, 4.375], "texture": "#0"},
				"up": {"uv": [7.75, 3.625, 7.875, 3.75], "texture": "#0"},
				"down": {"uv": [7.75, 4.25, 7.875, 4.375], "texture": "#0"}
			}
		},
		{
			"name": "Layer 6_11",
			"from": [7.875, 9.875, 7.9375],
			"to": [8, 11.5, 8.1875],
			"faces": {
				"north": {"uv": [8, 4.5, 7.875, 6.125], "texture": "#0"},
				"east": {"uv": [7.875, 4.5, 8, 6.125], "texture": "#0"},
				"south": {"uv": [7.875, 4.5, 8, 6.125], "texture": "#0"},
				"west": {"uv": [7.875, 4.5, 8, 6.125], "texture": "#0"},
				"up": {"uv": [7.875, 4.5, 8, 4.625], "texture": "#0"},
				"down": {"uv": [7.875, 6, 8, 6.125], "texture": "#0"}
			}
		},
		{
			"name": "Layer 6_12",
			"from": [7.75, 9.625, 7.9375],
			"to": [7.875, 11.375, 8.1875],
			"faces": {
				"north": {"uv": [7.875, 4.625, 7.75, 6.375], "texture": "#0"},
				"east": {"uv": [7.75, 4.625, 7.875, 6.375], "texture": "#0"},
				"south": {"uv": [7.75, 4.625, 7.875, 6.375], "texture": "#0"},
				"west": {"uv": [7.75, 4.625, 7.875, 6.375], "texture": "#0"},
				"up": {"uv": [7.75, 4.625, 7.875, 4.75], "texture": "#0"},
				"down": {"uv": [7.75, 6.25, 7.875, 6.375], "texture": "#0"}
			}
		},
		{
			"name": "Layer 6_13",
			"from": [7.875, 9, 7.9375],
			"to": [8, 9.5, 8.1875],
			"faces": {
				"north": {"uv": [8, 6.5, 7.875, 7], "texture": "#0"},
				"east": {"uv": [7.875, 6.5, 8, 7], "texture": "#0"},
				"south": {"uv": [7.875, 6.5, 8, 7], "texture": "#0"},
				"west": {"uv": [7.875, 6.5, 8, 7], "texture": "#0"},
				"up": {"uv": [7.875, 6.5, 8, 6.625], "texture": "#0"},
				"down": {"uv": [7.875, 6.875, 8, 7], "texture": "#0"}
			}
		},
		{
			"name": "Layer 6_14",
			"from": [7.75, 8.625, 7.9375],
			"to": [7.875, 9.375, 8.1875],
			"faces": {
				"north": {"uv": [7.875, 6.625, 7.75, 7.375], "texture": "#0"},
				"east": {"uv": [7.75, 6.625, 7.875, 7.375], "texture": "#0"},
				"south": {"uv": [7.75, 6.625, 7.875, 7.375], "texture": "#0"},
				"west": {"uv": [7.75, 6.625, 7.875, 7.375], "texture": "#0"},
				"up": {"uv": [7.75, 6.625, 7.875, 6.75], "texture": "#0"},
				"down": {"uv": [7.75, 7.25, 7.875, 7.375], "texture": "#0"}
			}
		},
		{
			"name": "Layer 6_15",
			"from": [7.75, 7.375, 7.9375],
			"to": [7.875, 7.875, 8.1875],
			"faces": {
				"north": {"uv": [7.875, 8.125, 7.75, 8.625], "texture": "#0"},
				"east": {"uv": [7.75, 8.125, 7.875, 8.625], "texture": "#0"},
				"south": {"uv": [7.75, 8.125, 7.875, 8.625], "texture": "#0"},
				"west": {"uv": [7.75, 8.125, 7.875, 8.625], "texture": "#0"},
				"up": {"uv": [7.75, 8.125, 7.875, 8.25], "texture": "#0"},
				"down": {"uv": [7.75, 8.5, 7.875, 8.625], "texture": "#0"}
			}
		},
		{
			"name": "Layer 6_16",
			"from": [7.625, 7, 7.9375],
			"to": [7.75, 7.25, 8.1875],
			"faces": {
				"north": {"uv": [7.75, 8.75, 7.625, 9], "texture": "#0"},
				"east": {"uv": [7.625, 8.75, 7.75, 9], "texture": "#0"},
				"south": {"uv": [7.625, 8.75, 7.75, 9], "texture": "#0"},
				"west": {"uv": [7.625, 8.75, 7.75, 9], "texture": "#0"},
				"up": {"uv": [7.625, 8.75, 7.75, 8.875], "texture": "#0"},
				"down": {"uv": [7.625, 8.875, 7.75, 9], "texture": "#0"}
			}
		},
		{
			"name": "Layer 7_0",
			"from": [8.75, 15.125, 8],
			"to": [8.875, 15.25, 8.125],
			"faces": {
				"north": {"uv": [8.875, 0.75, 8.75, 0.875], "texture": "#0"},
				"east": {"uv": [8.75, 0.75, 8.875, 0.875], "texture": "#0"},
				"south": {"uv": [8.75, 0.75, 8.875, 0.875], "texture": "#0"},
				"west": {"uv": [8.75, 0.75, 8.875, 0.875], "texture": "#0"},
				"up": {"uv": [8.75, 0.75, 8.875, 0.875], "texture": "#0"},
				"down": {"uv": [8.75, 0.75, 8.875, 0.875], "texture": "#0"}
			}
		},
		{
			"name": "Layer 7_1",
			"from": [8.625, 15, 8],
			"to": [8.75, 15.125, 8.125],
			"faces": {
				"north": {"uv": [8.75, 0.875, 8.625, 1], "texture": "#0"},
				"east": {"uv": [8.625, 0.875, 8.75, 1], "texture": "#0"},
				"south": {"uv": [8.625, 0.875, 8.75, 1], "texture": "#0"},
				"west": {"uv": [8.625, 0.875, 8.75, 1], "texture": "#0"},
				"up": {"uv": [8.625, 0.875, 8.75, 1], "texture": "#0"},
				"down": {"uv": [8.625, 0.875, 8.75, 1], "texture": "#0"}
			}
		},
		{
			"name": "Layer 7_2",
			"from": [8.5, 14.875, 8],
			"to": [8.625, 15, 8.125],
			"faces": {
				"north": {"uv": [8.625, 1, 8.5, 1.125], "texture": "#0"},
				"east": {"uv": [8.5, 1, 8.625, 1.125], "texture": "#0"},
				"south": {"uv": [8.5, 1, 8.625, 1.125], "texture": "#0"},
				"west": {"uv": [8.5, 1, 8.625, 1.125], "texture": "#0"},
				"up": {"uv": [8.5, 1, 8.625, 1.125], "texture": "#0"},
				"down": {"uv": [8.5, 1, 8.625, 1.125], "texture": "#0"}
			}
		},
		{
			"name": "Layer 7_3",
			"from": [8.375, 14.75, 8],
			"to": [8.5, 14.875, 8.125],
			"faces": {
				"north": {"uv": [8.5, 1.125, 8.375, 1.25], "texture": "#0"},
				"east": {"uv": [8.375, 1.125, 8.5, 1.25], "texture": "#0"},
				"south": {"uv": [8.375, 1.125, 8.5, 1.25], "texture": "#0"},
				"west": {"uv": [8.375, 1.125, 8.5, 1.25], "texture": "#0"},
				"up": {"uv": [8.375, 1.125, 8.5, 1.25], "texture": "#0"},
				"down": {"uv": [8.375, 1.125, 8.5, 1.25], "texture": "#0"}
			}
		},
		{
			"name": "Layer 7_4",
			"from": [8.25, 14.625, 8],
			"to": [8.375, 14.75, 8.125],
			"faces": {
				"north": {"uv": [8.375, 1.25, 8.25, 1.375], "texture": "#0"},
				"east": {"uv": [8.25, 1.25, 8.375, 1.375], "texture": "#0"},
				"south": {"uv": [8.25, 1.25, 8.375, 1.375], "texture": "#0"},
				"west": {"uv": [8.25, 1.25, 8.375, 1.375], "texture": "#0"},
				"up": {"uv": [8.25, 1.25, 8.375, 1.375], "texture": "#0"},
				"down": {"uv": [8.25, 1.25, 8.375, 1.375], "texture": "#0"}
			}
		},
		{
			"name": "Layer 7_5",
			"from": [8.125, 14.375, 8],
			"to": [8.25, 14.625, 8.125],
			"faces": {
				"north": {"uv": [8.25, 1.375, 8.125, 1.625], "texture": "#0"},
				"east": {"uv": [8.125, 1.375, 8.25, 1.625], "texture": "#0"},
				"south": {"uv": [8.125, 1.375, 8.25, 1.625], "texture": "#0"},
				"west": {"uv": [8.125, 1.375, 8.25, 1.625], "texture": "#0"},
				"up": {"uv": [8.125, 1.375, 8.25, 1.5], "texture": "#0"},
				"down": {"uv": [8.125, 1.5, 8.25, 1.625], "texture": "#0"}
			}
		},
		{
			"name": "Layer 7_6",
			"from": [8, 14, 8],
			"to": [8.125, 14.375, 8.125],
			"faces": {
				"north": {"uv": [8.125, 1.625, 8, 2], "texture": "#0"},
				"east": {"uv": [8, 1.625, 8.125, 2], "texture": "#0"},
				"south": {"uv": [8, 1.625, 8.125, 2], "texture": "#0"},
				"west": {"uv": [8, 1.625, 8.125, 2], "texture": "#0"},
				"up": {"uv": [8, 1.625, 8.125, 1.75], "texture": "#0"},
				"down": {"uv": [8, 1.875, 8.125, 2], "texture": "#0"}
			}
		},
		{
			"name": "Layer 7_7",
			"from": [7.875, 13.5, 8],
			"to": [8, 14, 8.125],
			"faces": {
				"north": {"uv": [8, 2, 7.875, 2.5], "texture": "#0"},
				"east": {"uv": [7.875, 2, 8, 2.5], "texture": "#0"},
				"south": {"uv": [7.875, 2, 8, 2.5], "texture": "#0"},
				"west": {"uv": [7.875, 2, 8, 2.5], "texture": "#0"},
				"up": {"uv": [7.875, 2, 8, 2.125], "texture": "#0"},
				"down": {"uv": [7.875, 2.375, 8, 2.5], "texture": "#0"}
			}
		},
		{
			"name": "Layer 7_8",
			"from": [7.75, 12.375, 8],
			"to": [7.875, 13.5, 8.125],
			"faces": {
				"north": {"uv": [7.875, 2.5, 7.75, 3.625], "texture": "#0"},
				"east": {"uv": [7.75, 2.5, 7.875, 3.625], "texture": "#0"},
				"south": {"uv": [7.75, 2.5, 7.875, 3.625], "texture": "#0"},
				"west": {"uv": [7.75, 2.5, 7.875, 3.625], "texture": "#0"},
				"up": {"uv": [7.75, 2.5, 7.875, 2.625], "texture": "#0"},
				"down": {"uv": [7.75, 3.5, 7.875, 3.625], "texture": "#0"}
			}
		},
		{
			"name": "Layer 7_9",
			"from": [7.625, 8.25, 8],
			"to": [7.75, 12.375, 8.125],
			"faces": {
				"north": {"uv": [7.75, 3.625, 7.625, 7.75], "texture": "#0"},
				"east": {"uv": [7.625, 3.625, 7.75, 7.75], "texture": "#0"},
				"south": {"uv": [7.625, 3.625, 7.75, 7.75], "texture": "#0"},
				"west": {"uv": [7.625, 3.625, 7.75, 7.75], "texture": "#0"},
				"up": {"uv": [7.625, 3.625, 7.75, 3.75], "texture": "#0"},
				"down": {"uv": [7.625, 7.625, 7.75, 7.75], "texture": "#0"}
			}
		},
		{
			"name": "Layer 7_10",
			"from": [7.625, 7.25, 8],
			"to": [7.75, 7.75, 8.125],
			"faces": {
				"north": {"uv": [7.75, 8.25, 7.625, 8.75], "texture": "#0"},
				"east": {"uv": [7.625, 8.25, 7.75, 8.75], "texture": "#0"},
				"south": {"uv": [7.625, 8.25, 7.75, 8.75], "texture": "#0"},
				"west": {"uv": [7.625, 8.25, 7.75, 8.75], "texture": "#0"},
				"up": {"uv": [7.625, 8.25, 7.75, 8.375], "texture": "#0"},
				"down": {"uv": [7.625, 8.625, 7.75, 8.75], "texture": "#0"}
			}
		},
		{
			"name": "Layer 7_11",
			"from": [7.5, 6.75, 8],
			"to": [7.625, 7.25, 8.125],
			"faces": {
				"north": {"uv": [7.625, 8.75, 7.5, 9.25], "texture": "#0"},
				"east": {"uv": [7.5, 8.75, 7.625, 9.25], "texture": "#0"},
				"south": {"uv": [7.5, 8.75, 7.625, 9.25], "texture": "#0"},
				"west": {"uv": [7.5, 8.75, 7.625, 9.25], "texture": "#0"},
				"up": {"uv": [7.5, 8.75, 7.625, 8.875], "texture": "#0"},
				"down": {"uv": [7.5, 9.125, 7.625, 9.25], "texture": "#0"}
			}
		}
	],
	"display": {
		"thirdperson_righthand": {
			"rotation": [0, -90, 0],
			"translation": [0.25, 7.25, 1],
			"scale": [2.5, 2.5, 2.5]
		},
		"thirdperson_lefthand": {
			"rotation": [0, 90, 0],
			"translation": [0.25, 7.25, 1],
			"scale": [2.5, 2.5, 2.5]
		},
		"firstperson_righthand": {
			"rotation": [1, -80, 0],
			"translation": [0, 5.75, 2.75]
		},
		"firstperson_lefthand": {
			"rotation": [1, 100, 0],
			"translation": [0, 5.75, 2.75]
		},
		"ground": {
			"translation": [0, 19.75, 0],
			"scale": [2.5, 2.5, 2.5]
		},
		"gui": {
			"rotation": [0, 0, -45],
			"translation": [-0.75, 0.25, 0],
			"scale": [1.5, 1.5, 1.5]
		},
		"head": {
			"rotation": [180, 0, 45],
			"translation": [2.5, -13, 4.75],
			"scale": [3, 3, 3]
		},
		"fixed": {
			"rotation": [180, 0, 135],
			"translation": [1.5, 0.5, 0],
			"scale": [2, 2, 2]
		}
	},
	"groups": [
		0,
		{
			"name": "Layer 1",
			"origin": [8, 8, 8],
			"color": 0,
			"children": [1, 2, 3, 4, 5, 6]
		},
		{
			"name": "Layer 2",
			"origin": [8, 8, 8],
			"color": 0,
			"children": [7, 8, 9, 10, 11, 12, 13, 14]
		},
		{
			"name": "Layer 3",
			"origin": [8, 8, 8],
			"color": 0,
			"children": [15, 16, 17]
		},
		{
			"name": "Layer 4",
			"origin": [8, 8, 8],
			"color": 0,
			"children": [18, 19, 20, 21, 22, 23, 24, 25, 26]
		},
		{
			"name": "Layer 5",
			"origin": [8, 8, 8],
			"color": 0,
			"children": [27, 28, 29, 30, 31, 32, 33, 34, 35, 36, 37, 38, 39, 40, 41, 42, 43, 44, 45, 46, 47, 48, 49, 50, 51, 52, 53, 54, 55]
		},
		{
			"name": "Layer 6",
			"origin": [8, 8, 8],
			"color": 0,
			"children": [56, 57, 58, 59, 60, 61, 62, 63, 64, 65, 66, 67, 68, 69, 70, 71, 72]
		},
		{
			"name": "Layer 7",
			"origin": [8, 8, 8],
			"color": 0,
			"children": [73, 74, 75, 76, 77, 78, 79, 80, 81, 82, 83, 84]
		}
	]
}