{
	"credit": "Made with Blockbench",
	"textures": {
		"0": "item/demonic_katana",
		"particle": "item/demonic_katana"
	},
	"elements": [
		{
			"name": "Layer 2_0",
			"from": [7.75, -0.125, 7.9375],
			"to": [7.875, 0, 8.125],
			"faces": {
				"north": {"uv": [7.875, 9, 7.75, 9.125], "texture": "#0"},
				"south": {"uv": [7.75, 9, 7.875, 9.125], "texture": "#0"},
				"west": {"uv": [7.75, 9, 7.875, 9.125], "texture": "#0"},
				"down": {"uv": [7.75, 9, 7.875, 9.125], "texture": "#0"}
			}
		},
		{
			"name": "Layer 2_1",
			"from": [7.875, -4.875, 7.9375],
			"to": [8, -0.125, 8.125],
			"faces": {
				"north": {"uv": [8, 9.125, 7.875, 13.875], "texture": "#0"},
				"south": {"uv": [7.875, 9.125, 8, 13.875], "texture": "#0"},
				"west": {"uv": [7.875, 9.125, 8, 13.875], "texture": "#0"},
				"down": {"uv": [7.875, 13.75, 8, 13.875], "texture": "#0"}
			}
		},
		{
			"name": "Layer 2_2",
			"from": [8, -5, 7.9375],
			"to": [8.125, -0.25, 8.125],
			"faces": {
				"north": {"uv": [8.125, 9.25, 8, 14], "texture": "#0"},
				"east": {"uv": [8, 9.25, 8.125, 14], "texture": "#0"},
				"south": {"uv": [8, 9.25, 8.125, 14], "texture": "#0"},
				"west": {"uv": [8, 9.25, 8.125, 14], "texture": "#0"},
				"down": {"uv": [8, 13.875, 8.125, 14], "texture": "#0"}
			}
		},
		{
			"name": "Layer 2_3",
			"from": [8.125, -4.875, 7.9375],
			"to": [8.25, -0.375, 8.125],
			"faces": {
				"north": {"uv": [8.25, 9.375, 8.125, 13.875], "texture": "#0"},
				"east": {"uv": [8.125, 9.375, 8.25, 13.875], "texture": "#0"},
				"south": {"uv": [8.125, 9.375, 8.25, 13.875], "texture": "#0"},
				"down": {"uv": [8.125, 13.75, 8.25, 13.875], "texture": "#0"}
			}
		},
		{
			"name": "Layer 2_4",
			"from": [7.75, -4, 7.9375],
			"to": [7.875, -0.5, 8.125],
			"faces": {
				"north": {"uv": [7.875, 9.5, 7.75, 13], "texture": "#0"},
				"south": {"uv": [7.75, 9.5, 7.875, 13], "texture": "#0"},
				"west": {"uv": [7.75, 9.5, 7.875, 13], "texture": "#0"},
				"up": {"uv": [7.75, 9.5, 7.875, 9.625], "texture": "#0"},
				"down": {"uv": [7.75, 12.875, 7.875, 13], "texture": "#0"}
			}
		},
		{
			"name": "Layer 2_5",
			"from": [7.625, -2.125, 7.9375],
			"to": [7.75, -0.625, 8.125],
			"faces": {
				"north": {"uv": [7.75, 9.625, 7.625, 11.125], "texture": "#0"},
				"south": {"uv": [7.625, 9.625, 7.75, 11.125], "texture": "#0"},
				"west": {"uv": [7.625, 9.625, 7.75, 11.125], "texture": "#0"},
				"up": {"uv": [7.625, 9.625, 7.75, 9.75], "texture": "#0"},
				"down": {"uv": [7.625, 11, 7.75, 11.125], "texture": "#0"}
			}
		},
		{
			"name": "Layer 2_6",
			"from": [8.25, -1.25, 7.9375],
			"to": [8.375, -0.75, 8.125],
			"faces": {
				"north": {"uv": [8.375, 9.75, 8.25, 10.25], "texture": "#0"},
				"east": {"uv": [8.25, 9.75, 8.375, 10.25], "texture": "#0"},
				"south": {"uv": [8.25, 9.75, 8.375, 10.25], "texture": "#0"},
				"up": {"uv": [8.25, 9.75, 8.375, 9.875], "texture": "#0"},
				"down": {"uv": [8.25, 10.125, 8.375, 10.25], "texture": "#0"}
			}
		},
		{
			"name": "Layer 2_7",
			"from": [8.25, -5, 7.9375],
			"to": [8.375, -3.875, 8.125],
			"faces": {
				"north": {"uv": [8.375, 12.875, 8.25, 14], "texture": "#0"},
				"east": {"uv": [8.25, 12.875, 8.375, 14], "texture": "#0"},
				"south": {"uv": [8.25, 12.875, 8.375, 14], "texture": "#0"},
				"west": {"uv": [8.25, 12.875, 8.375, 14], "texture": "#0"},
				"up": {"uv": [8.25, 12.875, 8.375, 13], "texture": "#0"},
				"down": {"uv": [8.25, 13.875, 8.375, 14], "texture": "#0"}
			}
		},
		{
			"name": "Layer 2_8",
			"from": [8.375, -5.125, 7.9375],
			"to": [8.5, -4.375, 8.125],
			"faces": {
				"north": {"uv": [8.5, 13.375, 8.375, 14.125], "texture": "#0"},
				"east": {"uv": [8.375, 13.375, 8.5, 14.125], "texture": "#0"},
				"south": {"uv": [8.375, 13.375, 8.5, 14.125], "texture": "#0"},
				"west": {"uv": [8.375, 13.375, 8.5, 14.125], "texture": "#0"},
				"up": {"uv": [8.375, 13.375, 8.5, 13.5], "texture": "#0"},
				"down": {"uv": [8.375, 14, 8.5, 14.125], "texture": "#0"}
			}
		},
		{
			"name": "Layer 2_9",
			"from": [8.5, -5.25, 7.9375],
			"to": [8.625, -4.625, 8.125],
			"faces": {
				"north": {"uv": [8.625, 13.625, 8.5, 14.25], "texture": "#0"},
				"east": {"uv": [8.5, 13.625, 8.625, 14.25], "texture": "#0"},
				"south": {"uv": [8.5, 13.625, 8.625, 14.25], "texture": "#0"},
				"west": {"uv": [8.5, 13.625, 8.625, 14.25], "texture": "#0"},
				"up": {"uv": [8.5, 13.625, 8.625, 13.75], "texture": "#0"},
				"down": {"uv": [8.5, 14.125, 8.625, 14.25], "texture": "#0"}
			}
		},
		{
			"name": "Layer 3_0",
			"from": [8.75, 8.5, 8],
			"to": [8.875, 8.625, 8.0625],
			"faces": {
				"north": {"uv": [8.875, 0.375, 8.75, 0.5], "texture": "#0"},
				"east": {"uv": [8.75, 0.375, 8.875, 0.5], "texture": "#0"},
				"south": {"uv": [8.75, 0.375, 8.875, 0.5], "texture": "#0"},
				"west": {"uv": [8.75, 0.375, 8.875, 0.5], "texture": "#0"},
				"up": {"uv": [8.75, 0.375, 8.875, 0.5], "texture": "#0"}
			}
		},
		{
			"name": "Layer 3_1",
			"from": [8.625, 8.375, 8],
			"to": [8.75, 8.5, 8.0625],
			"faces": {
				"north": {"uv": [8.75, 0.5, 8.625, 0.625], "texture": "#0"},
				"south": {"uv": [8.625, 0.5, 8.75, 0.625], "texture": "#0"},
				"west": {"uv": [8.625, 0.5, 8.75, 0.625], "texture": "#0"},
				"up": {"uv": [8.625, 0.5, 8.75, 0.625], "texture": "#0"}
			}
		},
		{
			"name": "Layer 3_2",
			"from": [8.5, 8.25, 8],
			"to": [8.625, 8.375, 8.0625],
			"faces": {
				"north": {"uv": [8.625, 0.625, 8.5, 0.75], "texture": "#0"},
				"south": {"uv": [8.5, 0.625, 8.625, 0.75], "texture": "#0"},
				"west": {"uv": [8.5, 0.625, 8.625, 0.75], "texture": "#0"},
				"up": {"uv": [8.5, 0.625, 8.625, 0.75], "texture": "#0"}
			}
		},
		{
			"name": "Layer 3_3",
			"from": [8.375, 8, 8],
			"to": [8.5, 8.25, 8.0625],
			"faces": {
				"north": {"uv": [8.5, 0.75, 8.375, 1], "texture": "#0"},
				"south": {"uv": [8.375, 0.75, 8.5, 1], "texture": "#0"},
				"west": {"uv": [8.375, 0.75, 8.5, 1], "texture": "#0"},
				"up": {"uv": [8.375, 0.75, 8.5, 0.875], "texture": "#0"}
			}
		},
		{
			"name": "Layer 3_4",
			"from": [8.25, 7.625, 8],
			"to": [8.375, 8, 8.0625],
			"faces": {
				"north": {"uv": [8.375, 1, 8.25, 1.375], "texture": "#0"},
				"south": {"uv": [8.25, 1, 8.375, 1.375], "texture": "#0"},
				"west": {"uv": [8.25, 1, 8.375, 1.375], "texture": "#0"},
				"up": {"uv": [8.25, 1, 8.375, 1.125], "texture": "#0"}
			}
		},
		{
			"name": "Layer 3_5",
			"from": [8.125, 7.125, 8],
			"to": [8.25, 7.625, 8.0625],
			"faces": {
				"north": {"uv": [8.25, 1.375, 8.125, 1.875], "texture": "#0"},
				"south": {"uv": [8.125, 1.375, 8.25, 1.875], "texture": "#0"},
				"west": {"uv": [8.125, 1.375, 8.25, 1.875], "texture": "#0"},
				"up": {"uv": [8.125, 1.375, 8.25, 1.5], "texture": "#0"}
			}
		},
		{
			"name": "Layer 3_6",
			"from": [8, 6, 8],
			"to": [8.125, 7.125, 8.0625],
			"faces": {
				"north": {"uv": [8.125, 1.875, 8, 3], "texture": "#0"},
				"south": {"uv": [8, 1.875, 8.125, 3], "texture": "#0"},
				"west": {"uv": [8, 1.875, 8.125, 3], "texture": "#0"},
				"up": {"uv": [8, 1.875, 8.125, 2], "texture": "#0"}
			}
		},
		{
			"name": "Layer 3_7",
			"from": [7.875, 4.5, 8],
			"to": [8, 6, 8.0625],
			"faces": {
				"north": {"uv": [8, 3, 7.875, 4.5], "texture": "#0"},
				"south": {"uv": [7.875, 3, 8, 4.5], "texture": "#0"},
				"west": {"uv": [7.875, 3, 8, 4.5], "texture": "#0"},
				"up": {"uv": [7.875, 3, 8, 3.125], "texture": "#0"}
			}
		},
		{
			"name": "Layer 3_8",
			"from": [7.75, 2.5, 8],
			"to": [7.875, 4.5, 8.0625],
			"faces": {
				"north": {"uv": [7.875, 4.5, 7.75, 6.5], "texture": "#0"},
				"south": {"uv": [7.75, 4.5, 7.875, 6.5], "texture": "#0"},
				"west": {"uv": [7.75, 4.5, 7.875, 6.5], "texture": "#0"},
				"up": {"uv": [7.75, 4.5, 7.875, 4.625], "texture": "#0"}
			}
		},
		{
			"name": "Layer 3_9",
			"from": [7.625, 0.875, 8],
			"to": [7.75, 2.5, 8.0625],
			"faces": {
				"north": {"uv": [7.75, 6.5, 7.625, 8.125], "texture": "#0"},
				"south": {"uv": [7.625, 6.5, 7.75, 8.125], "texture": "#0"},
				"west": {"uv": [7.625, 6.5, 7.75, 8.125], "texture": "#0"},
				"up": {"uv": [7.625, 6.5, 7.75, 6.625], "texture": "#0"}
			}
		},
		{
			"name": "Layer 3_10",
			"from": [7.5, 0.375, 8],
			"to": [7.625, 0.875, 8.0625],
			"faces": {
				"north": {"uv": [7.625, 8.125, 7.5, 8.625], "texture": "#0"},
				"south": {"uv": [7.5, 8.125, 7.625, 8.625], "texture": "#0"},
				"west": {"uv": [7.5, 8.125, 7.625, 8.625], "texture": "#0"},
				"up": {"uv": [7.5, 8.125, 7.625, 8.25], "texture": "#0"}
			}
		},
		{
			"name": "Layer 3_11",
			"from": [7.375, 0.25, 8],
			"to": [7.5, 0.375, 8.0625],
			"faces": {
				"north": {"uv": [7.5, 8.625, 7.375, 8.75], "texture": "#0"},
				"south": {"uv": [7.375, 8.625, 7.5, 8.75], "texture": "#0"},
				"west": {"uv": [7.375, 8.625, 7.5, 8.75], "texture": "#0"},
				"up": {"uv": [7.375, 8.625, 7.5, 8.75], "texture": "#0"}
			}
		},
		{
			"name": "Layer 4_0",
			"from": [8.75, 8.25, 7.9375],
			"to": [8.875, 8.5, 8.125],
			"faces": {
				"north": {"uv": [8.875, 0.5, 8.75, 0.75], "texture": "#0"},
				"east": {"uv": [8.75, 0.5, 8.875, 0.75], "texture": "#0"},
				"south": {"uv": [8.75, 0.5, 8.875, 0.75], "texture": "#0"},
				"west": {"uv": [8.75, 0.5, 8.875, 0.75], "texture": "#0"},
				"up": {"uv": [8.75, 0.5, 8.875, 0.625], "texture": "#0"},
				"down": {"uv": [8.75, 0.625, 8.875, 0.75], "texture": "#0"}
			}
		},
		{
			"name": "Layer 4_1",
			"from": [8.625, 7.875, 7.9375],
			"to": [8.75, 8.375, 8.125],
			"faces": {
				"north": {"uv": [8.75, 0.625, 8.625, 1.125], "texture": "#0"},
				"east": {"uv": [8.625, 0.625, 8.75, 1.125], "texture": "#0"},
				"south": {"uv": [8.625, 0.625, 8.75, 1.125], "texture": "#0"},
				"west": {"uv": [8.625, 0.625, 8.75, 1.125], "texture": "#0"},
				"up": {"uv": [8.625, 0.625, 8.75, 0.75], "texture": "#0"},
				"down": {"uv": [8.625, 1, 8.75, 1.125], "texture": "#0"}
			}
		},
		{
			"name": "Layer 4_2",
			"from": [8.5, 7.125, 7.9375],
			"to": [8.625, 8.25, 8.125],
			"faces": {
				"north": {"uv": [8.625, 0.75, 8.5, 1.875], "texture": "#0"},
				"east": {"uv": [8.5, 0.75, 8.625, 1.875], "texture": "#0"},
				"south": {"uv": [8.5, 0.75, 8.625, 1.875], "texture": "#0"},
				"west": {"uv": [8.5, 0.75, 8.625, 1.875], "texture": "#0"},
				"up": {"uv": [8.5, 0.75, 8.625, 0.875], "texture": "#0"},
				"down": {"uv": [8.5, 1.75, 8.625, 1.875], "texture": "#0"}
			}
		},
		{
			"name": "Layer 4_3",
			"from": [8.375, 6, 7.9375],
			"to": [8.5, 8, 8.125],
			"faces": {
				"north": {"uv": [8.5, 1, 8.375, 3], "texture": "#0"},
				"east": {"uv": [8.375, 1, 8.5, 3], "texture": "#0"},
				"south": {"uv": [8.375, 1, 8.5, 3], "texture": "#0"},
				"west": {"uv": [8.375, 1, 8.5, 3], "texture": "#0"},
				"up": {"uv": [8.375, 1, 8.5, 1.125], "texture": "#0"},
				"down": {"uv": [8.375, 2.875, 8.5, 3], "texture": "#0"}
			}
		},
		{
			"name": "Layer 4_4",
			"from": [8.25, 4.5, 7.9375],
			"to": [8.375, 7.625, 8.125],
			"faces": {
				"north": {"uv": [8.375, 1.375, 8.25, 4.5], "texture": "#0"},
				"east": {"uv": [8.25, 1.375, 8.375, 4.5], "texture": "#0"},
				"south": {"uv": [8.25, 1.375, 8.375, 4.5], "texture": "#0"},
				"west": {"uv": [8.25, 1.375, 8.375, 4.5], "texture": "#0"},
				"up": {"uv": [8.25, 1.375, 8.375, 1.5], "texture": "#0"},
				"down": {"uv": [8.25, 4.375, 8.375, 4.5], "texture": "#0"}
			}
		},
		{
			"name": "Layer 4_5",
			"from": [8.125, 0.625, 7.9375],
			"to": [8.25, 7.125, 8.125],
			"faces": {
				"north": {"uv": [8.25, 1.875, 8.125, 8.375], "texture": "#0"},
				"east": {"uv": [8.125, 1.875, 8.25, 8.375], "texture": "#0"},
				"south": {"uv": [8.125, 1.875, 8.25, 8.375], "texture": "#0"},
				"west": {"uv": [8.125, 1.875, 8.25, 8.375], "texture": "#0"},
				"up": {"uv": [8.125, 1.875, 8.25, 2], "texture": "#0"}
			}
		},
		{
			"name": "Layer 4_6",
			"from": [8, 0.5, 7.9375],
			"to": [8.125, 6, 8.125],
			"faces": {
				"north": {"uv": [8.125, 3, 8, 8.5], "texture": "#0"},
				"south": {"uv": [8, 3, 8.125, 8.5], "texture": "#0"},
				"west": {"uv": [8, 3, 8.125, 8.5], "texture": "#0"},
				"up": {"uv": [8, 3, 8.125, 3.125], "texture": "#0"}
			}
		},
		{
			"name": "Layer 4_7",
			"from": [7.875, 0.375, 7.9375],
			"to": [8, 4.5, 8.125],
			"faces": {
				"north": {"uv": [8, 4.5, 7.875, 8.625], "texture": "#0"},
				"south": {"uv": [7.875, 4.5, 8, 8.625], "texture": "#0"},
				"west": {"uv": [7.875, 4.5, 8, 8.625], "texture": "#0"},
				"up": {"uv": [7.875, 4.5, 8, 4.625], "texture": "#0"}
			}
		},
		{
			"name": "Layer 4_8",
			"from": [7.75, 0.375, 7.9375],
			"to": [7.875, 2.5, 8.125],
			"faces": {
				"north": {"uv": [7.875, 6.5, 7.75, 8.625], "texture": "#0"},
				"south": {"uv": [7.75, 6.5, 7.875, 8.625], "texture": "#0"},
				"west": {"uv": [7.75, 6.5, 7.875, 8.625], "texture": "#0"},
				"up": {"uv": [7.75, 6.5, 7.875, 6.625], "texture": "#0"}
			}
		},
		{
			"name": "Layer 4_9",
			"from": [8.25, 1.25, 7.9375],
			"to": [8.375, 2.375, 8.125],
			"faces": {
				"north": {"uv": [8.375, 6.625, 8.25, 7.75], "texture": "#0"},
				"east": {"uv": [8.25, 6.625, 8.375, 7.75], "texture": "#0"},
				"south": {"uv": [8.25, 6.625, 8.375, 7.75], "texture": "#0"},
				"up": {"uv": [8.25, 6.625, 8.375, 6.75], "texture": "#0"},
				"down": {"uv": [8.25, 7.625, 8.375, 7.75], "texture": "#0"}
			}
		},
		{
			"name": "Layer 4_10",
			"from": [8.375, 1, 7.9375],
			"to": [8.5, 1.625, 8.125],
			"faces": {
				"north": {"uv": [8.5, 7.375, 8.375, 8], "texture": "#0"},
				"east": {"uv": [8.375, 7.375, 8.5, 8], "texture": "#0"},
				"south": {"uv": [8.375, 7.375, 8.5, 8], "texture": "#0"},
				"west": {"uv": [8.375, 7.375, 8.5, 8], "texture": "#0"},
				"up": {"uv": [8.375, 7.375, 8.5, 7.5], "texture": "#0"},
				"down": {"uv": [8.375, 7.875, 8.5, 8], "texture": "#0"}
			}
		},
		{
			"name": "Layer 4_11",
			"from": [7.625, 0.25, 7.9375],
			"to": [7.75, 0.875, 8.125],
			"faces": {
				"north": {"uv": [7.75, 8.125, 7.625, 8.75], "texture": "#0"},
				"south": {"uv": [7.625, 8.125, 7.75, 8.75], "texture": "#0"},
				"west": {"uv": [7.625, 8.125, 7.75, 8.75], "texture": "#0"},
				"up": {"uv": [7.625, 8.125, 7.75, 8.25], "texture": "#0"}
			}
		},
		{
			"name": "Layer 4_12",
			"from": [7.5, 0.25, 7.9375],
			"to": [7.625, 0.375, 8.125],
			"faces": {
				"north": {"uv": [7.625, 8.625, 7.5, 8.75], "texture": "#0"},
				"south": {"uv": [7.5, 8.625, 7.625, 8.75], "texture": "#0"},
				"west": {"uv": [7.5, 8.625, 7.625, 8.75], "texture": "#0"},
				"up": {"uv": [7.5, 8.625, 7.625, 8.75], "texture": "#0"}
			}
		},
		{
			"name": "Layer 4_13",
			"from": [7.375, 0.125, 7.9375],
			"to": [7.5, 0.25, 8.125],
			"faces": {
				"north": {"uv": [7.5, 8.75, 7.375, 8.875], "texture": "#0"},
				"south": {"uv": [7.375, 8.75, 7.5, 8.875], "texture": "#0"},
				"west": {"uv": [7.375, 8.75, 7.5, 8.875], "texture": "#0"},
				"up": {"uv": [7.375, 8.75, 7.5, 8.875], "texture": "#0"}
			}
		},
		{
			"name": "Layer 6_0",
			"from": [8.25, -0.5, 7.875],
			"to": [8.375, 0.75, 8.1875],
			"faces": {
				"north": {"uv": [8.375, 8.25, 8.25, 9.5], "texture": "#0"},
				"east": {"uv": [8.25, 8.25, 8.375, 9.5], "texture": "#0"},
				"south": {"uv": [8.25, 8.25, 8.375, 9.5], "texture": "#0"},
				"west": {"uv": [8.25, 8.25, 8.375, 9.5], "texture": "#0"},
				"up": {"uv": [8.25, 8.25, 8.375, 8.375], "texture": "#0"},
				"down": {"uv": [8.25, 9.375, 8.375, 9.5], "texture": "#0"}
			}
		},
		{
			"name": "Layer 6_1",
			"from": [8.125, -0.375, 7.875],
			"to": [8.25, 0.625, 8.1875],
			"faces": {
				"north": {"uv": [8.25, 8.375, 8.125, 9.375], "texture": "#0"},
				"south": {"uv": [8.125, 8.375, 8.25, 9.375], "texture": "#0"},
				"west": {"uv": [8.125, 8.375, 8.25, 9.375], "texture": "#0"},
				"up": {"uv": [8.125, 8.375, 8.25, 8.5], "texture": "#0"},
				"down": {"uv": [8.125, 9.25, 8.25, 9.375], "texture": "#0"}
			}
		},
		{
			"name": "Layer 6_2",
			"from": [8, -0.25, 7.875],
			"to": [8.125, 0.5, 8.1875],
			"faces": {
				"north": {"uv": [8.125, 8.5, 8, 9.25], "texture": "#0"},
				"south": {"uv": [8, 8.5, 8.125, 9.25], "texture": "#0"},
				"west": {"uv": [8, 8.5, 8.125, 9.25], "texture": "#0"},
				"up": {"uv": [8, 8.5, 8.125, 8.625], "texture": "#0"},
				"down": {"uv": [8, 9.125, 8.125, 9.25], "texture": "#0"}
			}
		},
		{
			"name": "Layer 6_3",
			"from": [7.75, 0, 7.875],
			"to": [8, 0.375, 8.1875],
			"faces": {
				"north": {"uv": [8, 8.625, 7.75, 9], "texture": "#0"},
				"south": {"uv": [7.75, 8.625, 8, 9], "texture": "#0"},
				"west": {"uv": [7.75, 8.625, 7.875, 9], "texture": "#0"},
				"up": {"uv": [7.75, 8.625, 8, 8.75], "texture": "#0"},
				"down": {"uv": [7.75, 8.875, 8, 9], "texture": "#0"}
			}
		},
		{
			"name": "Layer 6_4",
			"from": [7.5, 0, 7.875],
			"to": [7.75, 0.25, 8.1875],
			"faces": {
				"north": {"uv": [7.75, 8.75, 7.5, 9], "texture": "#0"},
				"south": {"uv": [7.5, 8.75, 7.75, 9], "texture": "#0"},
				"west": {"uv": [7.5, 8.75, 7.625, 9], "texture": "#0"},
				"up": {"uv": [7.5, 8.75, 7.75, 8.875], "texture": "#0"},
				"down": {"uv": [7.5, 8.875, 7.75, 9], "texture": "#0"}
			}
		},
		{
			"name": "Layer 6_5",
			"from": [8.375, -0.5, 7.875],
			"to": [8.5, 0.25, 8.1875],
			"faces": {
				"north": {"uv": [8.5, 8.75, 8.375, 9.5], "texture": "#0"},
				"east": {"uv": [8.375, 8.75, 8.5, 9.5], "texture": "#0"},
				"south": {"uv": [8.375, 8.75, 8.5, 9.5], "texture": "#0"},
				"up": {"uv": [8.375, 8.75, 8.5, 8.875], "texture": "#0"},
				"down": {"uv": [8.375, 9.375, 8.5, 9.5], "texture": "#0"}
			}
		},
		{
			"name": "Layer 6_6",
			"from": [7.375, 0, 7.875],
			"to": [7.5, 0.125, 8.1875],
			"faces": {
				"north": {"uv": [7.5, 8.875, 7.375, 9], "texture": "#0"},
				"south": {"uv": [7.375, 8.875, 7.5, 9], "texture": "#0"},
				"west": {"uv": [7.375, 8.875, 7.5, 9], "texture": "#0"},
				"up": {"uv": [7.375, 8.875, 7.5, 9], "texture": "#0"},
				"down": {"uv": [7.375, 8.875, 7.5, 9], "texture": "#0"}
			}
		},
		{
			"name": "Layer 6_7",
			"from": [7.875, -0.125, 7.875],
			"to": [8, 0, 8.1875],
			"faces": {
				"north": {"uv": [8, 9, 7.875, 9.125], "texture": "#0"},
				"south": {"uv": [7.875, 9, 8, 9.125], "texture": "#0"},
				"west": {"uv": [7.875, 9, 8, 9.125], "texture": "#0"},
				"down": {"uv": [7.875, 9, 8, 9.125], "texture": "#0"}
			}
		},
		{
			"name": "Layer 6_8",
			"from": [8.5, -0.625, 7.875],
			"to": [8.625, -0.125, 8.1875],
			"faces": {
				"north": {"uv": [8.625, 9.125, 8.5, 9.625], "texture": "#0"},
				"east": {"uv": [8.5, 9.125, 8.625, 9.625], "texture": "#0"},
				"south": {"uv": [8.5, 9.125, 8.625, 9.625], "texture": "#0"},
				"west": {"uv": [8.5, 9.125, 8.625, 9.625], "texture": "#0"},
				"up": {"uv": [8.5, 9.125, 8.625, 9.25], "texture": "#0"},
				"down": {"uv": [8.5, 9.5, 8.625, 9.625], "texture": "#0"}
			}
		},
		{
			"name": "Layer 6_9",
			"from": [8.625, -0.75, 7.875],
			"to": [8.75, -0.375, 8.1875],
			"faces": {
				"north": {"uv": [8.75, 9.375, 8.625, 9.75], "texture": "#0"},
				"east": {"uv": [8.625, 9.375, 8.75, 9.75], "texture": "#0"},
				"south": {"uv": [8.625, 9.375, 8.75, 9.75], "texture": "#0"},
				"west": {"uv": [8.625, 9.375, 8.75, 9.75], "texture": "#0"},
				"up": {"uv": [8.625, 9.375, 8.75, 9.5], "texture": "#0"},
				"down": {"uv": [8.625, 9.625, 8.75, 9.75], "texture": "#0"}
			}
		},
		{
			"name": "Layer 5_0",
			"from": [8.125, -5.5, 7.9375],
			"to": [8.25, -5.125, 8.125],
			"faces": {
				"north": {"uv": [8.25, 14.125, 8.125, 14.5], "texture": "#0"},
				"east": {"uv": [8.125, 14.125, 8.25, 14.5], "texture": "#0"},
				"south": {"uv": [8.125, 14.125, 8.25, 14.5], "texture": "#0"},
				"west": {"uv": [8.125, 14.125, 8.25, 14.5], "texture": "#0"},
				"up": {"uv": [8.125, 14.125, 8.25, 14.25], "texture": "#0"},
				"down": {"uv": [8.125, 14.375, 8.25, 14.5], "texture": "#0"}
			}
		},
		{
			"name": "Layer 5_1",
			"from": [8, -5.375, 7.9375],
			"to": [8.125, -5.25, 8.125],
			"faces": {
				"north": {"uv": [8.125, 14.25, 8, 14.375], "texture": "#0"},
				"south": {"uv": [8, 14.25, 8.125, 14.375], "texture": "#0"},
				"west": {"uv": [8, 14.25, 8.125, 14.375], "texture": "#0"},
				"up": {"uv": [8, 14.25, 8.125, 14.375], "texture": "#0"},
				"down": {"uv": [8, 14.25, 8.125, 14.375], "texture": "#0"}
			}
		},
		{
			"name": "Layer 5_2",
			"from": [8.25, -5.375, 7.9375],
			"to": [8.375, -5.25, 8.125],
			"faces": {
				"north": {"uv": [8.375, 14.25, 8.25, 14.375], "texture": "#0"},
				"east": {"uv": [8.25, 14.25, 8.375, 14.375], "texture": "#0"},
				"south": {"uv": [8.25, 14.25, 8.375, 14.375], "texture": "#0"},
				"up": {"uv": [8.25, 14.25, 8.375, 14.375], "texture": "#0"},
				"down": {"uv": [8.25, 14.25, 8.375, 14.375], "texture": "#0"}
			}
		},
		{
			"name": "Layer 5_3",
			"from": [8.375, -5.875, 7.9375],
			"to": [8.5, -5.5, 8.125],
			"faces": {
				"north": {"uv": [8.5, 14.5, 8.375, 14.875], "texture": "#0"},
				"east": {"uv": [8.375, 14.5, 8.5, 14.875], "texture": "#0"},
				"south": {"uv": [8.375, 14.5, 8.5, 14.875], "texture": "#0"},
				"west": {"uv": [8.375, 14.5, 8.5, 14.875], "texture": "#0"},
				"up": {"uv": [8.375, 14.5, 8.5, 14.625], "texture": "#0"},
				"down": {"uv": [8.375, 14.75, 8.5, 14.875], "texture": "#0"}
			}
		},
		{
			"name": "Layer 5_4",
			"from": [8.25, -5.75, 7.9375],
			"to": [8.375, -5.625, 8.125],
			"faces": {
				"north": {"uv": [8.375, 14.625, 8.25, 14.75], "texture": "#0"},
				"south": {"uv": [8.25, 14.625, 8.375, 14.75], "texture": "#0"},
				"west": {"uv": [8.25, 14.625, 8.375, 14.75], "texture": "#0"},
				"up": {"uv": [8.25, 14.625, 8.375, 14.75], "texture": "#0"},
				"down": {"uv": [8.25, 14.625, 8.375, 14.75], "texture": "#0"}
			}
		},
		{
			"name": "Layer 5_5",
			"from": [8.5, -5.75, 7.9375],
			"to": [8.625, -5.625, 8.125],
			"faces": {
				"north": {"uv": [8.625, 14.625, 8.5, 14.75], "texture": "#0"},
				"east": {"uv": [8.5, 14.625, 8.625, 14.75], "texture": "#0"},
				"south": {"uv": [8.5, 14.625, 8.625, 14.75], "texture": "#0"},
				"up": {"uv": [8.5, 14.625, 8.625, 14.75], "texture": "#0"},
				"down": {"uv": [8.5, 14.625, 8.625, 14.75], "texture": "#0"}
			}
		},
		{
			"name": "Layer 5_6",
			"from": [8.75, -6.125, 7.9375],
			"to": [8.875, -5.75, 8.125],
			"faces": {
				"north": {"uv": [8.875, 14.75, 8.75, 15.125], "texture": "#0"},
				"east": {"uv": [8.75, 14.75, 8.875, 15.125], "texture": "#0"},
				"south": {"uv": [8.75, 14.75, 8.875, 15.125], "texture": "#0"},
				"west": {"uv": [8.75, 14.75, 8.875, 15.125], "texture": "#0"},
				"up": {"uv": [8.75, 14.75, 8.875, 14.875], "texture": "#0"},
				"down": {"uv": [8.75, 15, 8.875, 15.125], "texture": "#0"}
			}
		},
		{
			"name": "Layer 5_7",
			"from": [8.625, -6, 7.9375],
			"to": [8.75, -5.875, 8.125],
			"faces": {
				"north": {"uv": [8.75, 14.875, 8.625, 15], "texture": "#0"},
				"south": {"uv": [8.625, 14.875, 8.75, 15], "texture": "#0"},
				"west": {"uv": [8.625, 14.875, 8.75, 15], "texture": "#0"},
				"up": {"uv": [8.625, 14.875, 8.75, 15], "texture": "#0"},
				"down": {"uv": [8.625, 14.875, 8.75, 15], "texture": "#0"}
			}
		},
		{
			"name": "Layer 5_8",
			"from": [8.875, -6, 7.9375],
			"to": [9, -5.875, 8.125],
			"faces": {
				"north": {"uv": [9, 14.875, 8.875, 15], "texture": "#0"},
				"east": {"uv": [8.875, 14.875, 9, 15], "texture": "#0"},
				"south": {"uv": [8.875, 14.875, 9, 15], "texture": "#0"},
				"up": {"uv": [8.875, 14.875, 9, 15], "texture": "#0"},
				"down": {"uv": [8.875, 14.875, 9, 15], "texture": "#0"}
			}
		},
		{
			"name": "Layer 5_9",
			"from": [9, -6.375, 7.9375],
			"to": [9.25, -6.25, 8.125],
			"faces": {
				"north": {"uv": [9.25, 15.25, 9, 15.375], "texture": "#0"},
				"east": {"uv": [9.125, 15.25, 9.25, 15.375], "texture": "#0"},
				"south": {"uv": [9, 15.25, 9.25, 15.375], "texture": "#0"},
				"west": {"uv": [9, 15.25, 9.125, 15.375], "texture": "#0"},
				"up": {"uv": [9, 15.25, 9.25, 15.375], "texture": "#0"},
				"down": {"uv": [9, 15.25, 9.25, 15.375], "texture": "#0"}
			}
		},
		{
			"name": "Layer 5_10",
			"from": [9.125, -6.625, 7.9375],
			"to": [9.5, -6.375, 8.125],
			"faces": {
				"north": {"uv": [9.5, 15.375, 9.125, 15.625], "texture": "#0"},
				"east": {"uv": [9.375, 15.375, 9.5, 15.625], "texture": "#0"},
				"south": {"uv": [9.125, 15.375, 9.5, 15.625], "texture": "#0"},
				"west": {"uv": [9.125, 15.375, 9.25, 15.625], "texture": "#0"},
				"up": {"uv": [9.125, 15.375, 9.5, 15.5], "texture": "#0"},
				"down": {"uv": [9.125, 15.5, 9.5, 15.625], "texture": "#0"}
			}
		},
		{
			"name": "Layer 5_11",
			"from": [9.5, -6.75, 7.9375],
			"to": [9.75, -6.5, 8.125],
			"faces": {
				"north": {"uv": [9.75, 15.5, 9.5, 15.75], "texture": "#0"},
				"east": {"uv": [9.625, 15.5, 9.75, 15.75], "texture": "#0"},
				"south": {"uv": [9.5, 15.5, 9.75, 15.75], "texture": "#0"},
				"up": {"uv": [9.5, 15.5, 9.75, 15.625], "texture": "#0"},
				"down": {"uv": [9.5, 15.625, 9.75, 15.75], "texture": "#0"}
			}
		},
		{
			"name": "Layer 5_12",
			"from": [10.5, -6.75, 7.9375],
			"to": [10.75, -6.5, 8.125],
			"faces": {
				"north": {"uv": [10.75, 15.5, 10.5, 15.75], "texture": "#0"},
				"east": {"uv": [10.625, 15.5, 10.75, 15.75], "texture": "#0"},
				"south": {"uv": [10.5, 15.5, 10.75, 15.75], "texture": "#0"},
				"west": {"uv": [10.5, 15.5, 10.625, 15.75], "texture": "#0"},
				"up": {"uv": [10.5, 15.5, 10.75, 15.625], "texture": "#0"},
				"down": {"uv": [10.5, 15.625, 10.75, 15.75], "texture": "#0"}
			}
		},
		{
			"name": "Layer 5_13",
			"from": [10.75, -6.625, 7.9375],
			"to": [10.875, -6.5, 8.125],
			"faces": {
				"north": {"uv": [10.875, 15.5, 10.75, 15.625], "texture": "#0"},
				"east": {"uv": [10.75, 15.5, 10.875, 15.625], "texture": "#0"},
				"south": {"uv": [10.75, 15.5, 10.875, 15.625], "texture": "#0"},
				"up": {"uv": [10.75, 15.5, 10.875, 15.625], "texture": "#0"},
				"down": {"uv": [10.75, 15.5, 10.875, 15.625], "texture": "#0"}
			}
		},
		{
			"name": "Layer 5_14",
			"from": [9.25, -6.75, 7.9375],
			"to": [9.5, -6.625, 8.125],
			"faces": {
				"north": {"uv": [9.5, 15.625, 9.25, 15.75], "texture": "#0"},
				"south": {"uv": [9.25, 15.625, 9.5, 15.75], "texture": "#0"},
				"west": {"uv": [9.25, 15.625, 9.375, 15.75], "texture": "#0"},
				"down": {"uv": [9.25, 15.625, 9.5, 15.75], "texture": "#0"}
			}
		},
		{
			"name": "Layer 5_15",
			"from": [9.75, -6.875, 7.9375],
			"to": [10.375, -6.625, 8.125],
			"faces": {
				"north": {"uv": [10.375, 15.625, 9.75, 15.875], "texture": "#0"},
				"east": {"uv": [10.25, 15.625, 10.375, 15.875], "texture": "#0"},
				"south": {"uv": [9.75, 15.625, 10.375, 15.875], "texture": "#0"},
				"west": {"uv": [9.75, 15.625, 9.875, 15.875], "texture": "#0"},
				"up": {"uv": [9.75, 15.625, 10.375, 15.75], "texture": "#0"},
				"down": {"uv": [9.75, 15.75, 10.375, 15.875], "texture": "#0"}
			}
		},
		{
			"name": "Layer 5_16",
			"from": [10.375, -6.75, 7.9375],
			"to": [10.5, -6.625, 8.125],
			"faces": {
				"north": {"uv": [10.5, 15.625, 10.375, 15.75], "texture": "#0"},
				"south": {"uv": [10.375, 15.625, 10.5, 15.75], "texture": "#0"},
				"up": {"uv": [10.375, 15.625, 10.5, 15.75], "texture": "#0"},
				"down": {"uv": [10.375, 15.625, 10.5, 15.75], "texture": "#0"}
			}
		},
		{
			"name": "Layer 5_17",
			"from": [9.375, -6.875, 7.9375],
			"to": [9.625, -6.75, 8.125],
			"faces": {
				"north": {"uv": [9.625, 15.75, 9.375, 15.875], "texture": "#0"},
				"east": {"uv": [9.5, 15.75, 9.625, 15.875], "texture": "#0"},
				"south": {"uv": [9.375, 15.75, 9.625, 15.875], "texture": "#0"},
				"west": {"uv": [9.375, 15.75, 9.5, 15.875], "texture": "#0"},
				"down": {"uv": [9.375, 15.75, 9.625, 15.875], "texture": "#0"}
			}
		},
		{
			"name": "Layer 5_18",
			"from": [9.5, -7, 7.9375],
			"to": [9.75, -6.875, 8.125],
			"faces": {
				"north": {"uv": [9.75, 15.875, 9.5, 16], "texture": "#0"},
				"east": {"uv": [9.625, 15.875, 9.75, 16], "texture": "#0"},
				"south": {"uv": [9.5, 15.875, 9.75, 16], "texture": "#0"},
				"west": {"uv": [9.5, 15.875, 9.625, 16], "texture": "#0"},
				"up": {"uv": [9.5, 15.875, 9.75, 16], "texture": "#0"},
				"down": {"uv": [9.5, 15.875, 9.75, 16], "texture": "#0"}
			}
		}
	],
	"display": {
		"thirdperson_righthand": {
			"rotation": [0, -90, 0],
			"translation": [0.25, 27.25, 0.5],
			"scale": [3, 3, 3]
		},
		"thirdperson_lefthand": {
			"rotation": [0, 90, 0],
			"translation": [0.25, 27, 0.75],
			"scale": [3, 3, 3]
		},
		"firstperson_righthand": {
			"rotation": [1, -91, 0],
			"translation": [0, 13, 2.75],
			"scale": [1.25, 1.25, 1.25]
		},
		"firstperson_lefthand": {
			"rotation": [1, 91, 0],
			"translation": [0, 13.25, 2.75],
			"scale": [1.25, 1.25, 1.25]
		},
		"ground": {
			"translation": [0, 39.25, 0],
			"scale": [3, 3, 3]
		},
		"gui": {
			"rotation": [0, 0, -45],
			"translation": [6.5, 8.5, 0],
			"scale": [1.5, 1.5, 1.5]
		},
		"head": {
			"rotation": [180, 0, 45],
			"translation": [-16.5, -31, 4.75],
			"scale": [3.5, 3.5, 3.5]
		},
		"fixed": {
			"rotation": [180, 0, 135],
			"translation": [-9.25, 10.75, 0],
			"scale": [2, 2, 2]
		}
	},
	"groups": [
		{
			"name": "Layer 2",
			"origin": [8, 8, 8],
			"color": 0,
			"children": [0, 1, 2, 3, 4, 5, 6, 7, 8, 9]
		},
		{
			"name": "Layer 3",
			"origin": [8, 8, 8],
			"color": 0,
			"children": [10, 11, 12, 13, 14, 15, 16, 17, 18, 19, 20, 21]
		},
		{
			"name": "Layer 4",
			"origin": [8, 8, 8],
			"color": 0,
			"children": [22, 23, 24, 25, 26, 27, 28, 29, 30, 31, 32, 33, 34, 35]
		},
		{
			"name": "Layer 6",
			"origin": [8, 8, 8],
			"color": 0,
			"children": [36, 37, 38, 39, 40, 41, 42, 43, 44, 45]
		},
		{
			"name": "Layer 5",
			"origin": [8, 8, 8],
			"color": 0,
			"children": [46, 47, 48, 49, 50, 51, 52, 53, 54, 55, 56, 57, 58, 59, 60, 61, 62, 63, 64]
		}
	]
}