{
	"credit": "Made with Blockbench",
	"textures": {
		"9": "item/devil_sword_dante_awakened"
	},
	"elements": [
		{
			"name": "blade_0",
			"from": [7.75, 6.375, 7.9375],
			"to": [7.875, 15.375, 8.1875],
			"faces": {
				"north": {"uv": [7.875, 0.625, 7.75, 9.625], "texture": "#9"},
				"east": {"uv": [7.75, 0.625, 7.875, 9.625], "texture": "#9"},
				"south": {"uv": [7.75, 0.625, 7.875, 9.625], "texture": "#9"},
				"west": {"uv": [7.75, 0.625, 7.875, 9.625], "texture": "#9"},
				"up": {"uv": [7.75, 0.625, 7.875, 0.75], "texture": "#9"}
			}
		},
		{
			"name": "blade_1",
			"from": [8.125, 6.375, 7.9375],
			"to": [8.25, 15.375, 8.1875],
			"faces": {
				"north": {"uv": [8.25, 0.625, 8.125, 9.625], "texture": "#9"},
				"east": {"uv": [8.125, 0.625, 8.25, 9.625], "texture": "#9"},
				"south": {"uv": [8.125, 0.625, 8.25, 9.625], "texture": "#9"},
				"west": {"uv": [8.125, 0.625, 8.25, 9.625], "texture": "#9"},
				"up": {"uv": [8.125, 0.625, 8.25, 0.75], "texture": "#9"}
			}
		},
		{
			"name": "blade_2",
			"from": [7.625, 6.375, 7.9375],
			"to": [7.75, 15, 8.1875],
			"faces": {
				"north": {"uv": [7.75, 1, 7.625, 9.625], "texture": "#9"},
				"south": {"uv": [7.625, 1, 7.75, 9.625], "texture": "#9"},
				"west": {"uv": [7.625, 1, 7.75, 9.625], "texture": "#9"},
				"up": {"uv": [7.625, 1, 7.75, 1.125], "texture": "#9"}
			}
		},
		{
			"name": "blade_3",
			"from": [8.25, 6.375, 7.9375],
			"to": [8.375, 15, 8.1875],
			"faces": {
				"north": {"uv": [8.375, 1, 8.25, 9.625], "texture": "#9"},
				"east": {"uv": [8.25, 1, 8.375, 9.625], "texture": "#9"},
				"south": {"uv": [8.25, 1, 8.375, 9.625], "texture": "#9"},
				"up": {"uv": [8.25, 1, 8.375, 1.125], "texture": "#9"}
			}
		},
		{
			"name": "blade_4",
			"from": [7.5, 6.25, 7.9375],
			"to": [7.625, 14.625, 8.1875],
			"faces": {
				"north": {"uv": [7.625, 1.375, 7.5, 9.75], "texture": "#9"},
				"south": {"uv": [7.5, 1.375, 7.625, 9.75], "texture": "#9"},
				"west": {"uv": [7.5, 1.375, 7.625, 9.75], "texture": "#9"},
				"up": {"uv": [7.5, 1.375, 7.625, 1.5], "texture": "#9"}
			}
		},
		{
			"name": "blade_5",
			"from": [8.375, 6.25, 7.9375],
			"to": [8.5, 14.625, 8.1875],
			"faces": {
				"north": {"uv": [8.5, 1.375, 8.375, 9.75], "texture": "#9"},
				"east": {"uv": [8.375, 1.375, 8.5, 9.75], "texture": "#9"},
				"south": {"uv": [8.375, 1.375, 8.5, 9.75], "texture": "#9"},
				"up": {"uv": [8.375, 1.375, 8.5, 1.5], "texture": "#9"}
			}
		},
		{
			"name": "blade_6",
			"from": [7.875, 14, 7.9375],
			"to": [8, 14.25, 8.1875],
			"faces": {
				"north": {"uv": [8, 1.75, 7.875, 2], "texture": "#9"},
				"east": {"uv": [7.875, 1.75, 8, 2], "texture": "#9"},
				"south": {"uv": [7.875, 1.75, 8, 2], "texture": "#9"},
				"up": {"uv": [7.875, 1.75, 8, 1.875], "texture": "#9"},
				"down": {"uv": [7.875, 1.875, 8, 2], "texture": "#9"}
			}
		},
		{
			"name": "blade_7",
			"from": [7.375, 13.875, 7.9375],
			"to": [7.5, 14.125, 8.1875],
			"faces": {
				"north": {"uv": [7.5, 1.875, 7.375, 2.125], "texture": "#9"},
				"south": {"uv": [7.375, 1.875, 7.5, 2.125], "texture": "#9"},
				"west": {"uv": [7.375, 1.875, 7.5, 2.125], "texture": "#9"},
				"up": {"uv": [7.375, 1.875, 7.5, 2], "texture": "#9"},
				"down": {"uv": [7.375, 2, 7.5, 2.125], "texture": "#9"}
			}
		},
		{
			"name": "blade_8",
			"from": [8.5, 13.875, 7.9375],
			"to": [8.625, 14.125, 8.1875],
			"faces": {
				"north": {"uv": [8.625, 1.875, 8.5, 2.125], "texture": "#9"},
				"east": {"uv": [8.5, 1.875, 8.625, 2.125], "texture": "#9"},
				"south": {"uv": [8.5, 1.875, 8.625, 2.125], "texture": "#9"},
				"up": {"uv": [8.5, 1.875, 8.625, 2], "texture": "#9"},
				"down": {"uv": [8.5, 2, 8.625, 2.125], "texture": "#9"}
			}
		},
		{
			"name": "blade_9",
			"from": [7.375, 13.375, 7.9375],
			"to": [7.5, 13.625, 8.1875],
			"faces": {
				"north": {"uv": [7.5, 2.375, 7.375, 2.625], "texture": "#9"},
				"south": {"uv": [7.375, 2.375, 7.5, 2.625], "texture": "#9"},
				"west": {"uv": [7.375, 2.375, 7.5, 2.625], "texture": "#9"},
				"up": {"uv": [7.375, 2.375, 7.5, 2.5], "texture": "#9"},
				"down": {"uv": [7.375, 2.5, 7.5, 2.625], "texture": "#9"}
			}
		},
		{
			"name": "blade_10",
			"from": [8.5, 13.375, 7.9375],
			"to": [8.625, 13.625, 8.1875],
			"faces": {
				"north": {"uv": [8.625, 2.375, 8.5, 2.625], "texture": "#9"},
				"east": {"uv": [8.5, 2.375, 8.625, 2.625], "texture": "#9"},
				"south": {"uv": [8.5, 2.375, 8.625, 2.625], "texture": "#9"},
				"up": {"uv": [8.5, 2.375, 8.625, 2.5], "texture": "#9"},
				"down": {"uv": [8.5, 2.5, 8.625, 2.625], "texture": "#9"}
			}
		},
		{
			"name": "blade_11",
			"from": [7.375, 12.875, 7.9375],
			"to": [7.5, 13.125, 8.1875],
			"faces": {
				"north": {"uv": [7.5, 2.875, 7.375, 3.125], "texture": "#9"},
				"south": {"uv": [7.375, 2.875, 7.5, 3.125], "texture": "#9"},
				"west": {"uv": [7.375, 2.875, 7.5, 3.125], "texture": "#9"},
				"up": {"uv": [7.375, 2.875, 7.5, 3], "texture": "#9"},
				"down": {"uv": [7.375, 3, 7.5, 3.125], "texture": "#9"}
			}
		},
		{
			"name": "blade_12",
			"from": [8, 12.875, 7.9375],
			"to": [8.125, 13.125, 8.1875],
			"faces": {
				"north": {"uv": [8.125, 2.875, 8, 3.125], "texture": "#9"},
				"south": {"uv": [8, 2.875, 8.125, 3.125], "texture": "#9"},
				"west": {"uv": [8, 2.875, 8.125, 3.125], "texture": "#9"},
				"up": {"uv": [8, 2.875, 8.125, 3], "texture": "#9"},
				"down": {"uv": [8, 3, 8.125, 3.125], "texture": "#9"}
			}
		},
		{
			"name": "blade_13",
			"from": [8.5, 12.875, 7.9375],
			"to": [8.625, 13.125, 8.1875],
			"faces": {
				"north": {"uv": [8.625, 2.875, 8.5, 3.125], "texture": "#9"},
				"east": {"uv": [8.5, 2.875, 8.625, 3.125], "texture": "#9"},
				"south": {"uv": [8.5, 2.875, 8.625, 3.125], "texture": "#9"},
				"up": {"uv": [8.5, 2.875, 8.625, 3], "texture": "#9"},
				"down": {"uv": [8.5, 3, 8.625, 3.125], "texture": "#9"}
			}
		},
		{
			"name": "blade_14",
			"from": [7.375, 12.375, 7.9375],
			"to": [7.5, 12.625, 8.1875],
			"faces": {
				"north": {"uv": [7.5, 3.375, 7.375, 3.625], "texture": "#9"},
				"south": {"uv": [7.375, 3.375, 7.5, 3.625], "texture": "#9"},
				"west": {"uv": [7.375, 3.375, 7.5, 3.625], "texture": "#9"},
				"up": {"uv": [7.375, 3.375, 7.5, 3.5], "texture": "#9"},
				"down": {"uv": [7.375, 3.5, 7.5, 3.625], "texture": "#9"}
			}
		},
		{
			"name": "blade_15",
			"from": [8.5, 12.375, 7.9375],
			"to": [8.625, 12.625, 8.1875],
			"faces": {
				"north": {"uv": [8.625, 3.375, 8.5, 3.625], "texture": "#9"},
				"east": {"uv": [8.5, 3.375, 8.625, 3.625], "texture": "#9"},
				"south": {"uv": [8.5, 3.375, 8.625, 3.625], "texture": "#9"},
				"up": {"uv": [8.5, 3.375, 8.625, 3.5], "texture": "#9"},
				"down": {"uv": [8.5, 3.5, 8.625, 3.625], "texture": "#9"}
			}
		},
		{
			"name": "blade_16",
			"from": [7.375, 11.75, 7.9375],
			"to": [7.5, 12, 8.1875],
			"faces": {
				"north": {"uv": [7.5, 4, 7.375, 4.25], "texture": "#9"},
				"south": {"uv": [7.375, 4, 7.5, 4.25], "texture": "#9"},
				"west": {"uv": [7.375, 4, 7.5, 4.25], "texture": "#9"},
				"up": {"uv": [7.375, 4, 7.5, 4.125], "texture": "#9"},
				"down": {"uv": [7.375, 4.125, 7.5, 4.25], "texture": "#9"}
			}
		},
		{
			"name": "blade_17",
			"from": [7.875, 11.75, 7.9375],
			"to": [8, 12, 8.1875],
			"faces": {
				"north": {"uv": [8, 4, 7.875, 4.25], "texture": "#9"},
				"east": {"uv": [7.875, 4, 8, 4.25], "texture": "#9"},
				"south": {"uv": [7.875, 4, 8, 4.25], "texture": "#9"},
				"up": {"uv": [7.875, 4, 8, 4.125], "texture": "#9"},
				"down": {"uv": [7.875, 4.125, 8, 4.25], "texture": "#9"}
			}
		},
		{
			"name": "blade_18",
			"from": [8.5, 11.75, 7.9375],
			"to": [8.625, 12, 8.1875],
			"faces": {
				"north": {"uv": [8.625, 4, 8.5, 4.25], "texture": "#9"},
				"east": {"uv": [8.5, 4, 8.625, 4.25], "texture": "#9"},
				"south": {"uv": [8.5, 4, 8.625, 4.25], "texture": "#9"},
				"up": {"uv": [8.5, 4, 8.625, 4.125], "texture": "#9"},
				"down": {"uv": [8.5, 4.125, 8.625, 4.25], "texture": "#9"}
			}
		},
		{
			"name": "blade_19",
			"from": [7.375, 11.25, 7.9375],
			"to": [7.5, 11.5, 8.1875],
			"faces": {
				"north": {"uv": [7.5, 4.5, 7.375, 4.75], "texture": "#9"},
				"south": {"uv": [7.375, 4.5, 7.5, 4.75], "texture": "#9"},
				"west": {"uv": [7.375, 4.5, 7.5, 4.75], "texture": "#9"},
				"up": {"uv": [7.375, 4.5, 7.5, 4.625], "texture": "#9"},
				"down": {"uv": [7.375, 4.625, 7.5, 4.75], "texture": "#9"}
			}
		},
		{
			"name": "blade_20",
			"from": [8.5, 11.25, 7.9375],
			"to": [8.625, 11.5, 8.1875],
			"faces": {
				"north": {"uv": [8.625, 4.5, 8.5, 4.75], "texture": "#9"},
				"east": {"uv": [8.5, 4.5, 8.625, 4.75], "texture": "#9"},
				"south": {"uv": [8.5, 4.5, 8.625, 4.75], "texture": "#9"},
				"up": {"uv": [8.5, 4.5, 8.625, 4.625], "texture": "#9"},
				"down": {"uv": [8.5, 4.625, 8.625, 4.75], "texture": "#9"}
			}
		},
		{
			"name": "blade_21",
			"from": [7.375, 10.75, 7.9375],
			"to": [7.5, 11, 8.1875],
			"faces": {
				"north": {"uv": [7.5, 5, 7.375, 5.25], "texture": "#9"},
				"south": {"uv": [7.375, 5, 7.5, 5.25], "texture": "#9"},
				"west": {"uv": [7.375, 5, 7.5, 5.25], "texture": "#9"},
				"up": {"uv": [7.375, 5, 7.5, 5.125], "texture": "#9"},
				"down": {"uv": [7.375, 5.125, 7.5, 5.25], "texture": "#9"}
			}
		},
		{
			"name": "blade_22",
			"from": [8, 10.75, 7.9375],
			"to": [8.125, 11, 8.1875],
			"faces": {
				"north": {"uv": [8.125, 5, 8, 5.25], "texture": "#9"},
				"south": {"uv": [8, 5, 8.125, 5.25], "texture": "#9"},
				"west": {"uv": [8, 5, 8.125, 5.25], "texture": "#9"},
				"up": {"uv": [8, 5, 8.125, 5.125], "texture": "#9"},
				"down": {"uv": [8, 5.125, 8.125, 5.25], "texture": "#9"}
			}
		},
		{
			"name": "blade_23",
			"from": [8.5, 10.75, 7.9375],
			"to": [8.625, 11, 8.1875],
			"faces": {
				"north": {"uv": [8.625, 5, 8.5, 5.25], "texture": "#9"},
				"east": {"uv": [8.5, 5, 8.625, 5.25], "texture": "#9"},
				"south": {"uv": [8.5, 5, 8.625, 5.25], "texture": "#9"},
				"up": {"uv": [8.5, 5, 8.625, 5.125], "texture": "#9"},
				"down": {"uv": [8.5, 5.125, 8.625, 5.25], "texture": "#9"}
			}
		},
		{
			"name": "blade_24",
			"from": [7.375, 10.25, 7.9375],
			"to": [7.5, 10.5, 8.1875],
			"faces": {
				"north": {"uv": [7.5, 5.5, 7.375, 5.75], "texture": "#9"},
				"south": {"uv": [7.375, 5.5, 7.5, 5.75], "texture": "#9"},
				"west": {"uv": [7.375, 5.5, 7.5, 5.75], "texture": "#9"},
				"up": {"uv": [7.375, 5.5, 7.5, 5.625], "texture": "#9"},
				"down": {"uv": [7.375, 5.625, 7.5, 5.75], "texture": "#9"}
			}
		},
		{
			"name": "blade_25",
			"from": [8.5, 10.25, 7.9375],
			"to": [8.625, 10.5, 8.1875],
			"faces": {
				"north": {"uv": [8.625, 5.5, 8.5, 5.75], "texture": "#9"},
				"east": {"uv": [8.5, 5.5, 8.625, 5.75], "texture": "#9"},
				"south": {"uv": [8.5, 5.5, 8.625, 5.75], "texture": "#9"},
				"up": {"uv": [8.5, 5.5, 8.625, 5.625], "texture": "#9"},
				"down": {"uv": [8.5, 5.625, 8.625, 5.75], "texture": "#9"}
			}
		},
		{
			"name": "blade_26",
			"from": [7.375, 9.875, 7.9375],
			"to": [7.5, 10, 8.1875],
			"faces": {
				"north": {"uv": [7.5, 6, 7.375, 6.125], "texture": "#9"},
				"south": {"uv": [7.375, 6, 7.5, 6.125], "texture": "#9"},
				"west": {"uv": [7.375, 6, 7.5, 6.125], "texture": "#9"},
				"up": {"uv": [7.375, 6, 7.5, 6.125], "texture": "#9"},
				"down": {"uv": [7.375, 6, 7.5, 6.125], "texture": "#9"}
			}
		},
		{
			"name": "blade_27",
			"from": [7.875, 9.75, 7.9375],
			"to": [8, 10, 8.1875],
			"faces": {
				"north": {"uv": [8, 6, 7.875, 6.25], "texture": "#9"},
				"east": {"uv": [7.875, 6, 8, 6.25], "texture": "#9"},
				"south": {"uv": [7.875, 6, 8, 6.25], "texture": "#9"},
				"up": {"uv": [7.875, 6, 8, 6.125], "texture": "#9"},
				"down": {"uv": [7.875, 6.125, 8, 6.25], "texture": "#9"}
			}
		},
		{
			"name": "blade_28",
			"from": [8.5, 9.875, 7.9375],
			"to": [8.625, 10, 8.1875],
			"faces": {
				"north": {"uv": [8.625, 6, 8.5, 6.125], "texture": "#9"},
				"east": {"uv": [8.5, 6, 8.625, 6.125], "texture": "#9"},
				"south": {"uv": [8.5, 6, 8.625, 6.125], "texture": "#9"},
				"up": {"uv": [8.5, 6, 8.625, 6.125], "texture": "#9"},
				"down": {"uv": [8.5, 6, 8.625, 6.125], "texture": "#9"}
			}
		},
		{
			"name": "blade_29",
			"from": [7.375, 6.25, 7.9375],
			"to": [7.5, 9.5, 8.1875],
			"faces": {
				"north": {"uv": [7.5, 6.5, 7.375, 9.75], "texture": "#9"},
				"south": {"uv": [7.375, 6.5, 7.5, 9.75], "texture": "#9"},
				"west": {"uv": [7.375, 6.5, 7.5, 9.75], "texture": "#9"},
				"up": {"uv": [7.375, 6.5, 7.5, 6.625], "texture": "#9"}
			}
		},
		{
			"name": "blade_30",
			"from": [8.5, 6.25, 7.9375],
			"to": [8.625, 9.5, 8.1875],
			"faces": {
				"north": {"uv": [8.625, 6.5, 8.5, 9.75], "texture": "#9"},
				"east": {"uv": [8.5, 6.5, 8.625, 9.75], "texture": "#9"},
				"south": {"uv": [8.5, 6.5, 8.625, 9.75], "texture": "#9"},
				"up": {"uv": [8.5, 6.5, 8.625, 6.625], "texture": "#9"}
			}
		},
		{
			"name": "blade_31",
			"from": [8, 8.75, 7.9375],
			"to": [8.125, 9, 8.1875],
			"faces": {
				"north": {"uv": [8.125, 7, 8, 7.25], "texture": "#9"},
				"south": {"uv": [8, 7, 8.125, 7.25], "texture": "#9"},
				"west": {"uv": [8, 7, 8.125, 7.25], "texture": "#9"},
				"up": {"uv": [8, 7, 8.125, 7.125], "texture": "#9"},
				"down": {"uv": [8, 7.125, 8.125, 7.25], "texture": "#9"}
			}
		},
		{
			"name": "blade_32",
			"from": [7.25, 6.125, 7.9375],
			"to": [7.375, 8.75, 8.1875],
			"faces": {
				"north": {"uv": [7.375, 7.25, 7.25, 9.875], "texture": "#9"},
				"south": {"uv": [7.25, 7.25, 7.375, 9.875], "texture": "#9"},
				"west": {"uv": [7.25, 7.25, 7.375, 9.875], "texture": "#9"},
				"up": {"uv": [7.25, 7.25, 7.375, 7.375], "texture": "#9"}
			}
		},
		{
			"name": "blade_33",
			"from": [8.625, 6.125, 7.9375],
			"to": [8.75, 8.75, 8.1875],
			"faces": {
				"north": {"uv": [8.75, 7.25, 8.625, 9.875], "texture": "#9"},
				"east": {"uv": [8.625, 7.25, 8.75, 9.875], "texture": "#9"},
				"south": {"uv": [8.625, 7.25, 8.75, 9.875], "texture": "#9"},
				"up": {"uv": [8.625, 7.25, 8.75, 7.375], "texture": "#9"}
			}
		},
		{
			"name": "blade_34",
			"from": [7.125, 6.125, 7.9375],
			"to": [7.25, 8.375, 8.1875],
			"faces": {
				"north": {"uv": [7.25, 7.625, 7.125, 9.875], "texture": "#9"},
				"south": {"uv": [7.125, 7.625, 7.25, 9.875], "texture": "#9"},
				"west": {"uv": [7.125, 7.625, 7.25, 9.875], "texture": "#9"},
				"up": {"uv": [7.125, 7.625, 7.25, 7.75], "texture": "#9"},
				"down": {"uv": [7.125, 9.75, 7.25, 9.875], "texture": "#9"}
			}
		},
		{
			"name": "blade_35",
			"from": [8.75, 6.125, 7.9375],
			"to": [8.875, 8.375, 8.1875],
			"faces": {
				"north": {"uv": [8.875, 7.625, 8.75, 9.875], "texture": "#9"},
				"east": {"uv": [8.75, 7.625, 8.875, 9.875], "texture": "#9"},
				"south": {"uv": [8.75, 7.625, 8.875, 9.875], "texture": "#9"},
				"up": {"uv": [8.75, 7.625, 8.875, 7.75], "texture": "#9"},
				"down": {"uv": [8.75, 9.75, 8.875, 9.875], "texture": "#9"}
			}
		},
		{
			"name": "blade_36",
			"from": [7.875, 8, 7.9375],
			"to": [8, 8.25, 8.1875],
			"faces": {
				"north": {"uv": [8, 7.75, 7.875, 8], "texture": "#9"},
				"east": {"uv": [7.875, 7.75, 8, 8], "texture": "#9"},
				"south": {"uv": [7.875, 7.75, 8, 8], "texture": "#9"},
				"up": {"uv": [7.875, 7.75, 8, 7.875], "texture": "#9"},
				"down": {"uv": [7.875, 7.875, 8, 8], "texture": "#9"}
			}
		},
		{
			"name": "blade_37",
			"from": [7, 6.25, 7.9375],
			"to": [7.125, 8.125, 8.1875],
			"faces": {
				"north": {"uv": [7.125, 7.875, 7, 9.75], "texture": "#9"},
				"south": {"uv": [7, 7.875, 7.125, 9.75], "texture": "#9"},
				"west": {"uv": [7, 7.875, 7.125, 9.75], "texture": "#9"},
				"up": {"uv": [7, 7.875, 7.125, 8], "texture": "#9"},
				"down": {"uv": [7, 9.625, 7.125, 9.75], "texture": "#9"}
			}
		},
		{
			"name": "blade_38",
			"from": [8.875, 6.25, 7.9375],
			"to": [9, 8.125, 8.1875],
			"faces": {
				"north": {"uv": [9, 7.875, 8.875, 9.75], "texture": "#9"},
				"east": {"uv": [8.875, 7.875, 9, 9.75], "texture": "#9"},
				"south": {"uv": [8.875, 7.875, 9, 9.75], "texture": "#9"},
				"up": {"uv": [8.875, 7.875, 9, 8], "texture": "#9"},
				"down": {"uv": [8.875, 9.625, 9, 9.75], "texture": "#9"}
			}
		},
		{
			"name": "blade_39",
			"from": [6.875, 7.375, 7.9375],
			"to": [7, 7.75, 8.1875],
			"faces": {
				"north": {"uv": [7, 8.25, 6.875, 8.625], "texture": "#9"},
				"south": {"uv": [6.875, 8.25, 7, 8.625], "texture": "#9"},
				"west": {"uv": [6.875, 8.25, 7, 8.625], "texture": "#9"},
				"up": {"uv": [6.875, 8.25, 7, 8.375], "texture": "#9"},
				"down": {"uv": [6.875, 8.5, 7, 8.625], "texture": "#9"}
			}
		},
		{
			"name": "blade_40",
			"from": [9, 7.375, 7.9375],
			"to": [9.125, 7.75, 8.1875],
			"faces": {
				"north": {"uv": [9.125, 8.25, 9, 8.625], "texture": "#9"},
				"east": {"uv": [9, 8.25, 9.125, 8.625], "texture": "#9"},
				"south": {"uv": [9, 8.25, 9.125, 8.625], "texture": "#9"},
				"up": {"uv": [9, 8.25, 9.125, 8.375], "texture": "#9"},
				"down": {"uv": [9, 8.5, 9.125, 8.625], "texture": "#9"}
			}
		},
		{
			"name": "blade_41",
			"from": [6.75, 7.375, 7.9375],
			"to": [6.875, 7.5, 8.1875],
			"faces": {
				"north": {"uv": [6.875, 8.5, 6.75, 8.625], "texture": "#9"},
				"south": {"uv": [6.75, 8.5, 6.875, 8.625], "texture": "#9"},
				"west": {"uv": [6.75, 8.5, 6.875, 8.625], "texture": "#9"},
				"up": {"uv": [6.75, 8.5, 6.875, 8.625], "texture": "#9"},
				"down": {"uv": [6.75, 8.5, 6.875, 8.625], "texture": "#9"}
			}
		},
		{
			"name": "blade_42",
			"from": [8, 7.25, 7.9375],
			"to": [8.125, 7.5, 8.1875],
			"faces": {
				"north": {"uv": [8.125, 8.5, 8, 8.75], "texture": "#9"},
				"south": {"uv": [8, 8.5, 8.125, 8.75], "texture": "#9"},
				"west": {"uv": [8, 8.5, 8.125, 8.75], "texture": "#9"},
				"up": {"uv": [8, 8.5, 8.125, 8.625], "texture": "#9"},
				"down": {"uv": [8, 8.625, 8.125, 8.75], "texture": "#9"}
			}
		},
		{
			"name": "blade_43",
			"from": [9.125, 7.375, 7.9375],
			"to": [9.25, 7.5, 8.1875],
			"faces": {
				"north": {"uv": [9.25, 8.5, 9.125, 8.625], "texture": "#9"},
				"east": {"uv": [9.125, 8.5, 9.25, 8.625], "texture": "#9"},
				"south": {"uv": [9.125, 8.5, 9.25, 8.625], "texture": "#9"},
				"up": {"uv": [9.125, 8.5, 9.25, 8.625], "texture": "#9"},
				"down": {"uv": [9.125, 8.5, 9.25, 8.625], "texture": "#9"}
			}
		},
		{
			"name": "blade_44",
			"from": [6.875, 6.125, 7.9375],
			"to": [7, 7.125, 8.1875],
			"faces": {
				"north": {"uv": [7, 8.875, 6.875, 9.875], "texture": "#9"},
				"east": {"uv": [6.875, 8.875, 7, 9.875], "texture": "#9"},
				"south": {"uv": [6.875, 8.875, 7, 9.875], "texture": "#9"},
				"west": {"uv": [6.875, 8.875, 7, 9.875], "texture": "#9"},
				"up": {"uv": [6.875, 8.875, 7, 9], "texture": "#9"},
				"down": {"uv": [6.875, 9.75, 7, 9.875], "texture": "#9"}
			}
		},
		{
			"name": "blade_45",
			"from": [7.875, 6.875, 7.9375],
			"to": [8, 7.125, 8.1875],
			"faces": {
				"north": {"uv": [8, 8.875, 7.875, 9.125], "texture": "#9"},
				"east": {"uv": [7.875, 8.875, 8, 9.125], "texture": "#9"},
				"south": {"uv": [7.875, 8.875, 8, 9.125], "texture": "#9"},
				"up": {"uv": [7.875, 8.875, 8, 9], "texture": "#9"},
				"down": {"uv": [7.875, 9, 8, 9.125], "texture": "#9"}
			}
		},
		{
			"name": "blade_46",
			"from": [9, 6.125, 7.9375],
			"to": [9.125, 7.125, 8.1875],
			"faces": {
				"north": {"uv": [9.125, 8.875, 9, 9.875], "texture": "#9"},
				"east": {"uv": [9, 8.875, 9.125, 9.875], "texture": "#9"},
				"south": {"uv": [9, 8.875, 9.125, 9.875], "texture": "#9"},
				"west": {"uv": [9, 8.875, 9.125, 9.875], "texture": "#9"},
				"up": {"uv": [9, 8.875, 9.125, 9], "texture": "#9"},
				"down": {"uv": [9, 9.75, 9.125, 9.875], "texture": "#9"}
			}
		},
		{
			"name": "blade_47",
			"from": [6.75, 6.75, 7.9375],
			"to": [6.875, 7, 8.1875],
			"faces": {
				"north": {"uv": [6.875, 9, 6.75, 9.25], "texture": "#9"},
				"south": {"uv": [6.75, 9, 6.875, 9.25], "texture": "#9"},
				"west": {"uv": [6.75, 9, 6.875, 9.25], "texture": "#9"},
				"up": {"uv": [6.75, 9, 6.875, 9.125], "texture": "#9"},
				"down": {"uv": [6.75, 9.125, 6.875, 9.25], "texture": "#9"}
			}
		},
		{
			"name": "blade_48",
			"from": [9.125, 6.75, 7.9375],
			"to": [9.25, 7, 8.1875],
			"faces": {
				"north": {"uv": [9.25, 9, 9.125, 9.25], "texture": "#9"},
				"east": {"uv": [9.125, 9, 9.25, 9.25], "texture": "#9"},
				"south": {"uv": [9.125, 9, 9.25, 9.25], "texture": "#9"},
				"up": {"uv": [9.125, 9, 9.25, 9.125], "texture": "#9"},
				"down": {"uv": [9.125, 9.125, 9.25, 9.25], "texture": "#9"}
			}
		},
		{
			"name": "blade_49",
			"from": [6.625, 6.75, 7.9375],
			"to": [6.75, 6.875, 8.1875],
			"faces": {
				"north": {"uv": [6.75, 9.125, 6.625, 9.25], "texture": "#9"},
				"south": {"uv": [6.625, 9.125, 6.75, 9.25], "texture": "#9"},
				"west": {"uv": [6.625, 9.125, 6.75, 9.25], "texture": "#9"},
				"up": {"uv": [6.625, 9.125, 6.75, 9.25], "texture": "#9"},
				"down": {"uv": [6.625, 9.125, 6.75, 9.25], "texture": "#9"}
			}
		},
		{
			"name": "blade_50",
			"from": [9.25, 6.75, 7.9375],
			"to": [9.375, 6.875, 8.1875],
			"faces": {
				"north": {"uv": [9.375, 9.125, 9.25, 9.25], "texture": "#9"},
				"east": {"uv": [9.25, 9.125, 9.375, 9.25], "texture": "#9"},
				"south": {"uv": [9.25, 9.125, 9.375, 9.25], "texture": "#9"},
				"up": {"uv": [9.25, 9.125, 9.375, 9.25], "texture": "#9"},
				"down": {"uv": [9.25, 9.125, 9.375, 9.25], "texture": "#9"}
			}
		},
		{
			"name": "blade_51",
			"from": [8, 6.5, 7.9375],
			"to": [8.125, 6.625, 8.1875],
			"faces": {
				"north": {"uv": [8.125, 9.375, 8, 9.5], "texture": "#9"},
				"south": {"uv": [8, 9.375, 8.125, 9.5], "texture": "#9"},
				"west": {"uv": [8, 9.375, 8.125, 9.5], "texture": "#9"},
				"up": {"uv": [8, 9.375, 8.125, 9.5], "texture": "#9"}
			}
		},
		{
			"name": "blade_52",
			"from": [6.75, 6.125, 7.9375],
			"to": [6.875, 6.5, 8.1875],
			"faces": {
				"north": {"uv": [6.875, 9.5, 6.75, 9.875], "texture": "#9"},
				"south": {"uv": [6.75, 9.5, 6.875, 9.875], "texture": "#9"},
				"west": {"uv": [6.75, 9.5, 6.875, 9.875], "texture": "#9"},
				"up": {"uv": [6.75, 9.5, 6.875, 9.625], "texture": "#9"},
				"down": {"uv": [6.75, 9.75, 6.875, 9.875], "texture": "#9"}
			}
		},
		{
			"name": "blade_53",
			"from": [9.125, 6.125, 7.9375],
			"to": [9.25, 6.5, 8.1875],
			"faces": {
				"north": {"uv": [9.25, 9.5, 9.125, 9.875], "texture": "#9"},
				"east": {"uv": [9.125, 9.5, 9.25, 9.875], "texture": "#9"},
				"south": {"uv": [9.125, 9.5, 9.25, 9.875], "texture": "#9"},
				"up": {"uv": [9.125, 9.5, 9.25, 9.625], "texture": "#9"},
				"down": {"uv": [9.125, 9.75, 9.25, 9.875], "texture": "#9"}
			}
		},
		{
			"name": "blade_54",
			"from": [6.625, 6.125, 7.9375],
			"to": [6.75, 6.375, 8.1875],
			"faces": {
				"north": {"uv": [6.75, 9.625, 6.625, 9.875], "texture": "#9"},
				"south": {"uv": [6.625, 9.625, 6.75, 9.875], "texture": "#9"},
				"west": {"uv": [6.625, 9.625, 6.75, 9.875], "texture": "#9"},
				"up": {"uv": [6.625, 9.625, 6.75, 9.75], "texture": "#9"},
				"down": {"uv": [6.625, 9.75, 6.75, 9.875], "texture": "#9"}
			}
		},
		{
			"name": "blade_55",
			"from": [9.25, 6.125, 7.9375],
			"to": [9.375, 6.375, 8.1875],
			"faces": {
				"north": {"uv": [9.375, 9.625, 9.25, 9.875], "texture": "#9"},
				"east": {"uv": [9.25, 9.625, 9.375, 9.875], "texture": "#9"},
				"south": {"uv": [9.25, 9.625, 9.375, 9.875], "texture": "#9"},
				"up": {"uv": [9.25, 9.625, 9.375, 9.75], "texture": "#9"},
				"down": {"uv": [9.25, 9.75, 9.375, 9.875], "texture": "#9"}
			}
		},
		{
			"name": "blade_56",
			"from": [6.5, 6.125, 7.9375],
			"to": [6.625, 6.25, 8.1875],
			"faces": {
				"north": {"uv": [6.625, 9.75, 6.5, 9.875], "texture": "#9"},
				"south": {"uv": [6.5, 9.75, 6.625, 9.875], "texture": "#9"},
				"west": {"uv": [6.5, 9.75, 6.625, 9.875], "texture": "#9"},
				"up": {"uv": [6.5, 9.75, 6.625, 9.875], "texture": "#9"},
				"down": {"uv": [6.5, 9.75, 6.625, 9.875], "texture": "#9"}
			}
		},
		{
			"name": "blade_57",
			"from": [9.375, 6.125, 7.9375],
			"to": [9.5, 6.25, 8.1875],
			"faces": {
				"north": {"uv": [9.5, 9.75, 9.375, 9.875], "texture": "#9"},
				"east": {"uv": [9.375, 9.75, 9.5, 9.875], "texture": "#9"},
				"south": {"uv": [9.375, 9.75, 9.5, 9.875], "texture": "#9"},
				"up": {"uv": [9.375, 9.75, 9.5, 9.875], "texture": "#9"},
				"down": {"uv": [9.375, 9.75, 9.5, 9.875], "texture": "#9"}
			}
		},
		{
			"name": "claws_0",
			"from": [6.125, 3.875, 7.625],
			"to": [6.25, 5, 7.75],
			"faces": {
				"north": {"uv": [6.25, 11, 6.125, 12.125], "texture": "#9"},
				"east": {"uv": [6.125, 11, 6.25, 12.125], "texture": "#9"},
				"south": {"uv": [6.125, 11, 6.25, 12.125], "texture": "#9"},
				"west": {"uv": [6.125, 11, 6.25, 12.125], "texture": "#9"},
				"down": {"uv": [6.125, 12, 6.25, 12.125], "texture": "#9"}
			}
		},
		{
			"name": "claws_1",
			"from": [9.75, 3.875, 7.625],
			"to": [9.875, 5, 7.75],
			"faces": {
				"north": {"uv": [9.875, 11, 9.75, 12.125], "texture": "#9"},
				"east": {"uv": [9.75, 11, 9.875, 12.125], "texture": "#9"},
				"south": {"uv": [9.75, 11, 9.875, 12.125], "texture": "#9"},
				"west": {"uv": [9.75, 11, 9.875, 12.125], "texture": "#9"},
				"down": {"uv": [9.75, 12, 9.875, 12.125], "texture": "#9"}
			}
		},
		{
			"name": "claws_2",
			"from": [6, 4.125, 7.625],
			"to": [6.125, 4.875, 7.75],
			"faces": {
				"north": {"uv": [6.125, 11.125, 6, 11.875], "texture": "#9"},
				"south": {"uv": [6, 11.125, 6.125, 11.875], "texture": "#9"},
				"west": {"uv": [6, 11.125, 6.125, 11.875], "texture": "#9"},
				"up": {"uv": [6, 11.125, 6.125, 11.25], "texture": "#9"},
				"down": {"uv": [6, 11.75, 6.125, 11.875], "texture": "#9"}
			}
		},
		{
			"name": "claws_3",
			"from": [6.25, 4.375, 7.625],
			"to": [6.375, 4.875, 7.75],
			"faces": {
				"north": {"uv": [6.375, 11.125, 6.25, 11.625], "texture": "#9"},
				"east": {"uv": [6.25, 11.125, 6.375, 11.625], "texture": "#9"},
				"south": {"uv": [6.25, 11.125, 6.375, 11.625], "texture": "#9"},
				"down": {"uv": [6.25, 11.5, 6.375, 11.625], "texture": "#9"}
			}
		},
		{
			"name": "claws_4",
			"from": [9.625, 4.375, 7.625],
			"to": [9.75, 4.875, 7.75],
			"faces": {
				"north": {"uv": [9.75, 11.125, 9.625, 11.625], "texture": "#9"},
				"south": {"uv": [9.625, 11.125, 9.75, 11.625], "texture": "#9"},
				"west": {"uv": [9.625, 11.125, 9.75, 11.625], "texture": "#9"},
				"down": {"uv": [9.625, 11.5, 9.75, 11.625], "texture": "#9"}
			}
		},
		{
			"name": "claws_5",
			"from": [9.875, 4.125, 7.625],
			"to": [10, 4.875, 7.75],
			"faces": {
				"north": {"uv": [10, 11.125, 9.875, 11.875], "texture": "#9"},
				"east": {"uv": [9.875, 11.125, 10, 11.875], "texture": "#9"},
				"south": {"uv": [9.875, 11.125, 10, 11.875], "texture": "#9"},
				"up": {"uv": [9.875, 11.125, 10, 11.25], "texture": "#9"},
				"down": {"uv": [9.875, 11.75, 10, 11.875], "texture": "#9"}
			}
		},
		{
			"name": "claws_6",
			"from": [6.375, 4.5, 7.625],
			"to": [6.5, 4.625, 7.75],
			"faces": {
				"north": {"uv": [6.5, 11.375, 6.375, 11.5], "texture": "#9"},
				"east": {"uv": [6.375, 11.375, 6.5, 11.5], "texture": "#9"},
				"south": {"uv": [6.375, 11.375, 6.5, 11.5], "texture": "#9"},
				"down": {"uv": [6.375, 11.375, 6.5, 11.5], "texture": "#9"}
			}
		},
		{
			"name": "claws_7",
			"from": [9.5, 4.5, 7.625],
			"to": [9.625, 4.625, 7.75],
			"faces": {
				"north": {"uv": [9.625, 11.375, 9.5, 11.5], "texture": "#9"},
				"south": {"uv": [9.5, 11.375, 9.625, 11.5], "texture": "#9"},
				"west": {"uv": [9.5, 11.375, 9.625, 11.5], "texture": "#9"},
				"down": {"uv": [9.5, 11.375, 9.625, 11.5], "texture": "#9"}
			}
		},
		{
			"name": "claws_1",
			"from": [6.125, 3.875, 8.375],
			"to": [6.25, 5, 8.5],
			"faces": {
				"north": {"uv": [6.25, 11, 6.125, 12.125], "texture": "#9"},
				"east": {"uv": [6.125, 11, 6.25, 12.125], "texture": "#9"},
				"south": {"uv": [6.125, 11, 6.25, 12.125], "texture": "#9"},
				"west": {"uv": [6.125, 11, 6.25, 12.125], "texture": "#9"},
				"down": {"uv": [6.125, 12, 6.25, 12.125], "texture": "#9"}
			}
		},
		{
			"name": "claws_2",
			"from": [9.75, 3.875, 8.375],
			"to": [9.875, 5, 8.5],
			"faces": {
				"north": {"uv": [9.875, 11, 9.75, 12.125], "texture": "#9"},
				"east": {"uv": [9.75, 11, 9.875, 12.125], "texture": "#9"},
				"south": {"uv": [9.75, 11, 9.875, 12.125], "texture": "#9"},
				"west": {"uv": [9.75, 11, 9.875, 12.125], "texture": "#9"},
				"down": {"uv": [9.75, 12, 9.875, 12.125], "texture": "#9"}
			}
		},
		{
			"name": "claws_3",
			"from": [6, 4.125, 8.375],
			"to": [6.125, 4.875, 8.5],
			"faces": {
				"north": {"uv": [6.125, 11.125, 6, 11.875], "texture": "#9"},
				"south": {"uv": [6, 11.125, 6.125, 11.875], "texture": "#9"},
				"west": {"uv": [6, 11.125, 6.125, 11.875], "texture": "#9"},
				"up": {"uv": [6, 11.125, 6.125, 11.25], "texture": "#9"},
				"down": {"uv": [6, 11.75, 6.125, 11.875], "texture": "#9"}
			}
		},
		{
			"name": "claws_4",
			"from": [6.25, 4.375, 8.375],
			"to": [6.375, 4.875, 8.5],
			"faces": {
				"north": {"uv": [6.375, 11.125, 6.25, 11.625], "texture": "#9"},
				"east": {"uv": [6.25, 11.125, 6.375, 11.625], "texture": "#9"},
				"south": {"uv": [6.25, 11.125, 6.375, 11.625], "texture": "#9"},
				"down": {"uv": [6.25, 11.5, 6.375, 11.625], "texture": "#9"}
			}
		},
		{
			"name": "claws_5",
			"from": [9.625, 4.375, 8.375],
			"to": [9.75, 4.875, 8.5],
			"faces": {
				"north": {"uv": [9.75, 11.125, 9.625, 11.625], "texture": "#9"},
				"south": {"uv": [9.625, 11.125, 9.75, 11.625], "texture": "#9"},
				"west": {"uv": [9.625, 11.125, 9.75, 11.625], "texture": "#9"},
				"down": {"uv": [9.625, 11.5, 9.75, 11.625], "texture": "#9"}
			}
		},
		{
			"name": "claws_6",
			"from": [9.875, 4.125, 8.375],
			"to": [10, 4.875, 8.5],
			"faces": {
				"north": {"uv": [10, 11.125, 9.875, 11.875], "texture": "#9"},
				"east": {"uv": [9.875, 11.125, 10, 11.875], "texture": "#9"},
				"south": {"uv": [9.875, 11.125, 10, 11.875], "texture": "#9"},
				"up": {"uv": [9.875, 11.125, 10, 11.25], "texture": "#9"},
				"down": {"uv": [9.875, 11.75, 10, 11.875], "texture": "#9"}
			}
		},
		{
			"name": "claws_7",
			"from": [6.375, 4.5, 8.375],
			"to": [6.5, 4.625, 8.5],
			"faces": {
				"north": {"uv": [6.5, 11.375, 6.375, 11.5], "texture": "#9"},
				"east": {"uv": [6.375, 11.375, 6.5, 11.5], "texture": "#9"},
				"south": {"uv": [6.375, 11.375, 6.5, 11.5], "texture": "#9"},
				"down": {"uv": [6.375, 11.375, 6.5, 11.5], "texture": "#9"}
			}
		},
		{
			"name": "claws_8",
			"from": [9.5, 4.5, 8.375],
			"to": [9.625, 4.625, 8.5],
			"faces": {
				"north": {"uv": [9.625, 11.375, 9.5, 11.5], "texture": "#9"},
				"south": {"uv": [9.5, 11.375, 9.625, 11.5], "texture": "#9"},
				"west": {"uv": [9.5, 11.375, 9.625, 11.5], "texture": "#9"},
				"down": {"uv": [9.5, 11.375, 9.625, 11.5], "texture": "#9"}
			}
		},
		{
			"name": "claws2_0",
			"from": [7.125, 5, 7.75],
			"to": [7.25, 6, 8],
			"faces": {
				"north": {"uv": [7.25, 10, 7.125, 11], "texture": "#9"},
				"east": {"uv": [7.125, 10, 7.25, 11], "texture": "#9"},
				"south": {"uv": [7.125, 10, 7.25, 11], "texture": "#9"},
				"west": {"uv": [7.125, 10, 7.25, 11], "texture": "#9"},
				"up": {"uv": [7.125, 10, 7.25, 10.125], "texture": "#9"},
				"down": {"uv": [7.125, 10.875, 7.25, 11], "texture": "#9"}
			}
		},
		{
			"name": "claws2_1",
			"from": [8.75, 5, 7.75],
			"to": [8.875, 6, 8],
			"faces": {
				"north": {"uv": [8.875, 10, 8.75, 11], "texture": "#9"},
				"east": {"uv": [8.75, 10, 8.875, 11], "texture": "#9"},
				"south": {"uv": [8.75, 10, 8.875, 11], "texture": "#9"},
				"west": {"uv": [8.75, 10, 8.875, 11], "texture": "#9"},
				"up": {"uv": [8.75, 10, 8.875, 10.125], "texture": "#9"},
				"down": {"uv": [8.75, 10.875, 8.875, 11], "texture": "#9"}
			}
		},
		{
			"name": "claws2_2",
			"from": [7, 4.875, 7.75],
			"to": [7.125, 5.875, 8],
			"faces": {
				"north": {"uv": [7.125, 10.125, 7, 11.125], "texture": "#9"},
				"east": {"uv": [7, 10.125, 7.125, 11.125], "texture": "#9"},
				"south": {"uv": [7, 10.125, 7.125, 11.125], "texture": "#9"},
				"west": {"uv": [7, 10.125, 7.125, 11.125], "texture": "#9"},
				"up": {"uv": [7, 10.125, 7.125, 10.25], "texture": "#9"},
				"down": {"uv": [7, 11, 7.125, 11.125], "texture": "#9"}
			}
		},
		{
			"name": "claws2_3",
			"from": [7.25, 5, 7.75],
			"to": [7.375, 5.875, 8],
			"faces": {
				"north": {"uv": [7.375, 10.125, 7.25, 11], "texture": "#9"},
				"east": {"uv": [7.25, 10.125, 7.375, 11], "texture": "#9"},
				"south": {"uv": [7.25, 10.125, 7.375, 11], "texture": "#9"},
				"up": {"uv": [7.25, 10.125, 7.375, 10.25], "texture": "#9"},
				"down": {"uv": [7.25, 10.875, 7.375, 11], "texture": "#9"}
			}
		},
		{
			"name": "claws2_4",
			"from": [8.625, 5, 7.75],
			"to": [8.75, 5.875, 8],
			"faces": {
				"north": {"uv": [8.75, 10.125, 8.625, 11], "texture": "#9"},
				"south": {"uv": [8.625, 10.125, 8.75, 11], "texture": "#9"},
				"west": {"uv": [8.625, 10.125, 8.75, 11], "texture": "#9"},
				"up": {"uv": [8.625, 10.125, 8.75, 10.25], "texture": "#9"},
				"down": {"uv": [8.625, 10.875, 8.75, 11], "texture": "#9"}
			}
		},
		{
			"name": "claws2_5",
			"from": [8.875, 4.875, 7.75],
			"to": [9, 5.875, 8],
			"faces": {
				"north": {"uv": [9, 10.125, 8.875, 11.125], "texture": "#9"},
				"east": {"uv": [8.875, 10.125, 9, 11.125], "texture": "#9"},
				"south": {"uv": [8.875, 10.125, 9, 11.125], "texture": "#9"},
				"west": {"uv": [8.875, 10.125, 9, 11.125], "texture": "#9"},
				"up": {"uv": [8.875, 10.125, 9, 10.25], "texture": "#9"},
				"down": {"uv": [8.875, 11, 9, 11.125], "texture": "#9"}
			}
		},
		{
			"name": "claws2_6",
			"from": [6.75, 4.875, 7.6875],
			"to": [7, 5.75, 7.9375],
			"faces": {
				"north": {"uv": [7, 10.25, 6.75, 11.125], "texture": "#9"},
				"east": {"uv": [6.875, 10.25, 7, 11.125], "texture": "#9"},
				"south": {"uv": [6.75, 10.25, 7, 11.125], "texture": "#9"},
				"west": {"uv": [6.75, 10.25, 6.875, 11.125], "texture": "#9"},
				"up": {"uv": [6.75, 10.25, 7, 10.375], "texture": "#9"},
				"down": {"uv": [6.75, 11, 7, 11.125], "texture": "#9"}
			}
		},
		{
			"name": "claws2_7",
			"from": [7.375, 5.125, 7.8125],
			"to": [7.5, 5.75, 8.0625],
			"faces": {
				"north": {"uv": [7.5, 10.25, 7.375, 10.875], "texture": "#9"},
				"east": {"uv": [7.375, 10.25, 7.5, 10.875], "texture": "#9"},
				"west": {"uv": [7.375, 10.25, 7.5, 10.875], "texture": "#9"},
				"up": {"uv": [7.375, 10.25, 7.5, 10.375], "texture": "#9"},
				"down": {"uv": [7.375, 10.75, 7.5, 10.875], "texture": "#9"}
			}
		},
		{
			"name": "claws2_8",
			"from": [8.5, 5.125, 7.8125],
			"to": [8.625, 5.75, 8.0625],
			"faces": {
				"north": {"uv": [8.625, 10.25, 8.5, 10.875], "texture": "#9"},
				"east": {"uv": [8.5, 10.25, 8.625, 10.875], "texture": "#9"},
				"west": {"uv": [8.5, 10.25, 8.625, 10.875], "texture": "#9"},
				"up": {"uv": [8.5, 10.25, 8.625, 10.375], "texture": "#9"},
				"down": {"uv": [8.5, 10.75, 8.625, 10.875], "texture": "#9"}
			}
		},
		{
			"name": "claws2_9",
			"from": [9, 4.875, 7.6875],
			"to": [9.25, 5.75, 7.9375],
			"faces": {
				"north": {"uv": [9.25, 10.25, 9, 11.125], "texture": "#9"},
				"east": {"uv": [9.125, 10.25, 9.25, 11.125], "texture": "#9"},
				"south": {"uv": [9, 10.25, 9.25, 11.125], "texture": "#9"},
				"west": {"uv": [9, 10.25, 9.125, 11.125], "texture": "#9"},
				"up": {"uv": [9, 10.25, 9.25, 10.375], "texture": "#9"},
				"down": {"uv": [9, 11, 9.25, 11.125], "texture": "#9"}
			}
		},
		{
			"name": "claws2_10",
			"from": [6.625, 4.75, 7.6875],
			"to": [6.75, 5.625, 7.9375],
			"faces": {
				"north": {"uv": [6.75, 10.375, 6.625, 11.25], "texture": "#9"},
				"east": {"uv": [6.625, 10.375, 6.75, 11.25], "texture": "#9"},
				"south": {"uv": [6.625, 10.375, 6.75, 11.25], "texture": "#9"},
				"west": {"uv": [6.625, 10.375, 6.75, 11.25], "texture": "#9"},
				"up": {"uv": [6.625, 10.375, 6.75, 10.5], "texture": "#9"},
				"down": {"uv": [6.625, 11.125, 6.75, 11.25], "texture": "#9"}
			}
		},
		{
			"name": "claws2_11",
			"from": [7.5, 5.25, 7.8125],
			"to": [7.625, 5.625, 8.0625],
			"faces": {
				"north": {"uv": [7.625, 10.375, 7.5, 10.75], "texture": "#9"},
				"east": {"uv": [7.5, 10.375, 7.625, 10.75], "texture": "#9"},
				"up": {"uv": [7.5, 10.375, 7.625, 10.5], "texture": "#9"},
				"down": {"uv": [7.5, 10.625, 7.625, 10.75], "texture": "#9"}
			}
		},
		{
			"name": "claws2_12",
			"from": [8.375, 5.25, 7.8125],
			"to": [8.5, 5.625, 8.0625],
			"faces": {
				"north": {"uv": [8.5, 10.375, 8.375, 10.75], "texture": "#9"},
				"west": {"uv": [8.375, 10.375, 8.5, 10.75], "texture": "#9"},
				"up": {"uv": [8.375, 10.375, 8.5, 10.5], "texture": "#9"},
				"down": {"uv": [8.375, 10.625, 8.5, 10.75], "texture": "#9"}
			}
		},
		{
			"name": "claws2_13",
			"from": [9.25, 4.75, 7.6875],
			"to": [9.375, 5.625, 7.9375],
			"faces": {
				"north": {"uv": [9.375, 10.375, 9.25, 11.25], "texture": "#9"},
				"east": {"uv": [9.25, 10.375, 9.375, 11.25], "texture": "#9"},
				"south": {"uv": [9.25, 10.375, 9.375, 11.25], "texture": "#9"},
				"west": {"uv": [9.25, 10.375, 9.375, 11.25], "texture": "#9"},
				"up": {"uv": [9.25, 10.375, 9.375, 10.5], "texture": "#9"},
				"down": {"uv": [9.25, 11.125, 9.375, 11.25], "texture": "#9"}
			}
		},
		{
			"name": "claws2_14",
			"from": [6.5, 4.625, 7.625],
			"to": [6.625, 5.5, 7.875],
			"faces": {
				"north": {"uv": [6.625, 10.5, 6.5, 11.375], "texture": "#9"},
				"east": {"uv": [6.5, 10.5, 6.625, 11.375], "texture": "#9"},
				"south": {"uv": [6.5, 10.5, 6.625, 11.375], "texture": "#9"},
				"west": {"uv": [6.5, 10.5, 6.625, 11.375], "texture": "#9"},
				"up": {"uv": [6.5, 10.5, 6.625, 10.625], "texture": "#9"},
				"down": {"uv": [6.5, 11.25, 6.625, 11.375], "texture": "#9"}
			}
		},
		{
			"name": "claws2_15",
			"from": [7.625, 5.375, 7.8125],
			"to": [7.75, 5.5, 8.0625],
			"faces": {
				"north": {"uv": [7.75, 10.5, 7.625, 10.625], "texture": "#9"},
				"east": {"uv": [7.625, 10.5, 7.75, 10.625], "texture": "#9"},
				"up": {"uv": [7.625, 10.5, 7.75, 10.625], "texture": "#9"},
				"down": {"uv": [7.625, 10.5, 7.75, 10.625], "texture": "#9"}
			}
		},
		{
			"name": "claws2_16",
			"from": [8.25, 5.375, 7.8125],
			"to": [8.375, 5.5, 8.0625],
			"faces": {
				"north": {"uv": [8.375, 10.5, 8.25, 10.625], "texture": "#9"},
				"west": {"uv": [8.25, 10.5, 8.375, 10.625], "texture": "#9"},
				"up": {"uv": [8.25, 10.5, 8.375, 10.625], "texture": "#9"},
				"down": {"uv": [8.25, 10.5, 8.375, 10.625], "texture": "#9"}
			}
		},
		{
			"name": "claws2_17",
			"from": [9.375, 4.625, 7.625],
			"to": [9.5, 5.5, 7.875],
			"faces": {
				"north": {"uv": [9.5, 10.5, 9.375, 11.375], "texture": "#9"},
				"east": {"uv": [9.375, 10.5, 9.5, 11.375], "texture": "#9"},
				"south": {"uv": [9.375, 10.5, 9.5, 11.375], "texture": "#9"},
				"west": {"uv": [9.375, 10.5, 9.5, 11.375], "texture": "#9"},
				"up": {"uv": [9.375, 10.5, 9.5, 10.625], "texture": "#9"},
				"down": {"uv": [9.375, 11.25, 9.5, 11.375], "texture": "#9"}
			}
		},
		{
			"name": "claws2_18",
			"from": [6.25, 4.875, 7.625],
			"to": [6.5, 5.375, 7.875],
			"faces": {
				"north": {"uv": [6.5, 10.625, 6.25, 11.125], "texture": "#9"},
				"south": {"uv": [6.25, 10.625, 6.5, 11.125], "texture": "#9"},
				"west": {"uv": [6.25, 10.625, 6.375, 11.125], "texture": "#9"},
				"up": {"uv": [6.25, 10.625, 6.5, 10.75], "texture": "#9"},
				"down": {"uv": [6.25, 11, 6.5, 11.125], "texture": "#9"}
			}
		},
		{
			"name": "claws2_19",
			"from": [9.5, 4.875, 7.625],
			"to": [9.75, 5.375, 7.875],
			"faces": {
				"north": {"uv": [9.75, 10.625, 9.5, 11.125], "texture": "#9"},
				"east": {"uv": [9.625, 10.625, 9.75, 11.125], "texture": "#9"},
				"south": {"uv": [9.5, 10.625, 9.75, 11.125], "texture": "#9"},
				"up": {"uv": [9.5, 10.625, 9.75, 10.75], "texture": "#9"},
				"down": {"uv": [9.5, 11, 9.75, 11.125], "texture": "#9"}
			}
		},
		{
			"name": "claws2_20",
			"from": [6.125, 5, 7.625],
			"to": [6.25, 5.25, 7.875],
			"faces": {
				"north": {"uv": [6.25, 10.75, 6.125, 11], "texture": "#9"},
				"south": {"uv": [6.125, 10.75, 6.25, 11], "texture": "#9"},
				"west": {"uv": [6.125, 10.75, 6.25, 11], "texture": "#9"},
				"up": {"uv": [6.125, 10.75, 6.25, 10.875], "texture": "#9"},
				"down": {"uv": [6.125, 10.875, 6.25, 11], "texture": "#9"}
			}
		},
		{
			"name": "claws2_21",
			"from": [9.75, 5, 7.625],
			"to": [9.875, 5.25, 7.875],
			"faces": {
				"north": {"uv": [9.875, 10.75, 9.75, 11], "texture": "#9"},
				"east": {"uv": [9.75, 10.75, 9.875, 11], "texture": "#9"},
				"south": {"uv": [9.75, 10.75, 9.875, 11], "texture": "#9"},
				"up": {"uv": [9.75, 10.75, 9.875, 10.875], "texture": "#9"},
				"down": {"uv": [9.75, 10.875, 9.875, 11], "texture": "#9"}
			}
		},
		{
			"name": "claws2_22",
			"from": [6.375, 4.625, 7.625],
			"to": [6.5, 4.875, 7.875],
			"faces": {
				"north": {"uv": [6.5, 11.125, 6.375, 11.375], "texture": "#9"},
				"south": {"uv": [6.375, 11.125, 6.5, 11.375], "texture": "#9"},
				"west": {"uv": [6.375, 11.125, 6.5, 11.375], "texture": "#9"},
				"down": {"uv": [6.375, 11.25, 6.5, 11.375], "texture": "#9"}
			}
		},
		{
			"name": "claws2_23",
			"from": [9.5, 4.625, 7.625],
			"to": [9.625, 4.875, 7.875],
			"faces": {
				"north": {"uv": [9.625, 11.125, 9.5, 11.375], "texture": "#9"},
				"east": {"uv": [9.5, 11.125, 9.625, 11.375], "texture": "#9"},
				"south": {"uv": [9.5, 11.125, 9.625, 11.375], "texture": "#9"},
				"down": {"uv": [9.5, 11.25, 9.625, 11.375], "texture": "#9"}
			}
		},
		{
			"name": "claws2_1",
			"from": [7.125, 5, 8.125],
			"to": [7.25, 6, 8.375],
			"faces": {
				"north": {"uv": [7.25, 10, 7.125, 11], "texture": "#9"},
				"east": {"uv": [7.125, 10, 7.25, 11], "texture": "#9"},
				"south": {"uv": [7.125, 10, 7.25, 11], "texture": "#9"},
				"west": {"uv": [7.125, 10, 7.25, 11], "texture": "#9"},
				"up": {"uv": [7.125, 10, 7.25, 10.125], "texture": "#9"},
				"down": {"uv": [7.125, 10.875, 7.25, 11], "texture": "#9"}
			}
		},
		{
			"name": "claws2_2",
			"from": [8.75, 5, 8.125],
			"to": [8.875, 6, 8.375],
			"faces": {
				"north": {"uv": [8.875, 10, 8.75, 11], "texture": "#9"},
				"east": {"uv": [8.75, 10, 8.875, 11], "texture": "#9"},
				"south": {"uv": [8.75, 10, 8.875, 11], "texture": "#9"},
				"west": {"uv": [8.75, 10, 8.875, 11], "texture": "#9"},
				"up": {"uv": [8.75, 10, 8.875, 10.125], "texture": "#9"},
				"down": {"uv": [8.75, 10.875, 8.875, 11], "texture": "#9"}
			}
		},
		{
			"name": "claws3_3",
			"from": [7, 4.875, 8.125],
			"to": [7.125, 5.875, 8.375],
			"faces": {
				"north": {"uv": [7.125, 10.125, 7, 11.125], "texture": "#9"},
				"east": {"uv": [7, 10.125, 7.125, 11.125], "texture": "#9"},
				"south": {"uv": [7, 10.125, 7.125, 11.125], "texture": "#9"},
				"west": {"uv": [7, 10.125, 7.125, 11.125], "texture": "#9"},
				"up": {"uv": [7, 10.125, 7.125, 10.25], "texture": "#9"},
				"down": {"uv": [7, 11, 7.125, 11.125], "texture": "#9"}
			}
		},
		{
			"name": "claws2_4",
			"from": [7.25, 5, 8.125],
			"to": [7.375, 5.875, 8.375],
			"faces": {
				"north": {"uv": [7.375, 10.125, 7.25, 11], "texture": "#9"},
				"east": {"uv": [7.25, 10.125, 7.375, 11], "texture": "#9"},
				"south": {"uv": [7.25, 10.125, 7.375, 11], "texture": "#9"},
				"up": {"uv": [7.25, 10.125, 7.375, 10.25], "texture": "#9"},
				"down": {"uv": [7.25, 10.875, 7.375, 11], "texture": "#9"}
			}
		},
		{
			"name": "claws2_5",
			"from": [8.625, 5, 8.125],
			"to": [8.75, 5.875, 8.375],
			"faces": {
				"north": {"uv": [8.75, 10.125, 8.625, 11], "texture": "#9"},
				"south": {"uv": [8.625, 10.125, 8.75, 11], "texture": "#9"},
				"west": {"uv": [8.625, 10.125, 8.75, 11], "texture": "#9"},
				"up": {"uv": [8.625, 10.125, 8.75, 10.25], "texture": "#9"},
				"down": {"uv": [8.625, 10.875, 8.75, 11], "texture": "#9"}
			}
		},
		{
			"name": "claws2_6",
			"from": [8.875, 4.875, 8.125],
			"to": [9, 5.875, 8.375],
			"faces": {
				"north": {"uv": [9, 10.125, 8.875, 11.125], "texture": "#9"},
				"east": {"uv": [8.875, 10.125, 9, 11.125], "texture": "#9"},
				"south": {"uv": [8.875, 10.125, 9, 11.125], "texture": "#9"},
				"west": {"uv": [8.875, 10.125, 9, 11.125], "texture": "#9"},
				"up": {"uv": [8.875, 10.125, 9, 10.25], "texture": "#9"},
				"down": {"uv": [8.875, 11, 9, 11.125], "texture": "#9"}
			}
		},
		{
			"name": "claws2_7",
			"from": [6.75, 4.875, 8.1875],
			"to": [7, 5.75, 8.4375],
			"faces": {
				"north": {"uv": [7, 10.25, 6.75, 11.125], "texture": "#9"},
				"east": {"uv": [6.875, 10.25, 7, 11.125], "texture": "#9"},
				"south": {"uv": [6.75, 10.25, 7, 11.125], "texture": "#9"},
				"west": {"uv": [6.75, 10.25, 6.875, 11.125], "texture": "#9"},
				"up": {"uv": [6.75, 10.25, 7, 10.375], "texture": "#9"},
				"down": {"uv": [6.75, 11, 7, 11.125], "texture": "#9"}
			}
		},
		{
			"name": "claws2_8",
			"from": [7.375, 5.125, 8.0625],
			"to": [7.5, 5.75, 8.3125],
			"faces": {
				"east": {"uv": [7.375, 10.25, 7.5, 10.875], "texture": "#9"},
				"south": {"uv": [7.375, 10.25, 7.5, 10.875], "texture": "#9"},
				"west": {"uv": [7.375, 10.25, 7.5, 10.875], "texture": "#9"},
				"up": {"uv": [7.375, 10.25, 7.5, 10.375], "texture": "#9"},
				"down": {"uv": [7.375, 10.75, 7.5, 10.875], "texture": "#9"}
			}
		},
		{
			"name": "claws2_9",
			"from": [8.5, 5.125, 8.0625],
			"to": [8.625, 5.75, 8.3125],
			"faces": {
				"east": {"uv": [8.5, 10.25, 8.625, 10.875], "texture": "#9"},
				"south": {"uv": [8.5, 10.25, 8.625, 10.875], "texture": "#9"},
				"west": {"uv": [8.5, 10.25, 8.625, 10.875], "texture": "#9"},
				"up": {"uv": [8.5, 10.25, 8.625, 10.375], "texture": "#9"},
				"down": {"uv": [8.5, 10.75, 8.625, 10.875], "texture": "#9"}
			}
		},
		{
			"name": "claws2_10",
			"from": [9, 4.875, 8.1875],
			"to": [9.25, 5.75, 8.4375],
			"faces": {
				"north": {"uv": [9.25, 10.25, 9, 11.125], "texture": "#9"},
				"east": {"uv": [9.125, 10.25, 9.25, 11.125], "texture": "#9"},
				"south": {"uv": [9, 10.25, 9.25, 11.125], "texture": "#9"},
				"west": {"uv": [9, 10.25, 9.125, 11.125], "texture": "#9"},
				"up": {"uv": [9, 10.25, 9.25, 10.375], "texture": "#9"},
				"down": {"uv": [9, 11, 9.25, 11.125], "texture": "#9"}
			}
		},
		{
			"name": "claws2_11",
			"from": [6.625, 4.75, 8.1875],
			"to": [6.75, 5.625, 8.4375],
			"faces": {
				"north": {"uv": [6.75, 10.375, 6.625, 11.25], "texture": "#9"},
				"east": {"uv": [6.625, 10.375, 6.75, 11.25], "texture": "#9"},
				"south": {"uv": [6.625, 10.375, 6.75, 11.25], "texture": "#9"},
				"west": {"uv": [6.625, 10.375, 6.75, 11.25], "texture": "#9"},
				"up": {"uv": [6.625, 10.375, 6.75, 10.5], "texture": "#9"},
				"down": {"uv": [6.625, 11.125, 6.75, 11.25], "texture": "#9"}
			}
		},
		{
			"name": "claws2_12",
			"from": [7.5, 5.25, 8.0625],
			"to": [7.625, 5.625, 8.3125],
			"faces": {
				"east": {"uv": [7.5, 10.375, 7.625, 10.75], "texture": "#9"},
				"south": {"uv": [7.5, 10.375, 7.625, 10.75], "texture": "#9"},
				"up": {"uv": [7.5, 10.375, 7.625, 10.5], "texture": "#9"},
				"down": {"uv": [7.5, 10.625, 7.625, 10.75], "texture": "#9"}
			}
		},
		{
			"name": "claws2_13",
			"from": [8.375, 5.25, 8.0625],
			"to": [8.5, 5.625, 8.3125],
			"faces": {
				"south": {"uv": [8.375, 10.375, 8.5, 10.75], "texture": "#9"},
				"west": {"uv": [8.375, 10.375, 8.5, 10.75], "texture": "#9"},
				"up": {"uv": [8.375, 10.375, 8.5, 10.5], "texture": "#9"},
				"down": {"uv": [8.375, 10.625, 8.5, 10.75], "texture": "#9"}
			}
		},
		{
			"name": "claws2_14",
			"from": [9.25, 4.75, 8.1875],
			"to": [9.375, 5.625, 8.4375],
			"faces": {
				"north": {"uv": [9.375, 10.375, 9.25, 11.25], "texture": "#9"},
				"east": {"uv": [9.25, 10.375, 9.375, 11.25], "texture": "#9"},
				"south": {"uv": [9.25, 10.375, 9.375, 11.25], "texture": "#9"},
				"west": {"uv": [9.25, 10.375, 9.375, 11.25], "texture": "#9"},
				"up": {"uv": [9.25, 10.375, 9.375, 10.5], "texture": "#9"},
				"down": {"uv": [9.25, 11.125, 9.375, 11.25], "texture": "#9"}
			}
		},
		{
			"name": "claws2_15",
			"from": [6.5, 4.625, 8.25],
			"to": [6.625, 5.5, 8.5],
			"faces": {
				"north": {"uv": [6.625, 10.5, 6.5, 11.375], "texture": "#9"},
				"east": {"uv": [6.5, 10.5, 6.625, 11.375], "texture": "#9"},
				"south": {"uv": [6.5, 10.5, 6.625, 11.375], "texture": "#9"},
				"west": {"uv": [6.5, 10.5, 6.625, 11.375], "texture": "#9"},
				"up": {"uv": [6.5, 10.5, 6.625, 10.625], "texture": "#9"},
				"down": {"uv": [6.5, 11.25, 6.625, 11.375], "texture": "#9"}
			}
		},
		{
			"name": "claws2_16",
			"from": [7.625, 5.375, 8.0625],
			"to": [7.75, 5.5, 8.3125],
			"faces": {
				"east": {"uv": [7.625, 10.5, 7.75, 10.625], "texture": "#9"},
				"south": {"uv": [7.625, 10.5, 7.75, 10.625], "texture": "#9"},
				"up": {"uv": [7.625, 10.5, 7.75, 10.625], "texture": "#9"},
				"down": {"uv": [7.625, 10.5, 7.75, 10.625], "texture": "#9"}
			}
		},
		{
			"name": "claws2_17",
			"from": [8.25, 5.375, 8.0625],
			"to": [8.375, 5.5, 8.3125],
			"faces": {
				"south": {"uv": [8.25, 10.5, 8.375, 10.625], "texture": "#9"},
				"west": {"uv": [8.25, 10.5, 8.375, 10.625], "texture": "#9"},
				"up": {"uv": [8.25, 10.5, 8.375, 10.625], "texture": "#9"},
				"down": {"uv": [8.25, 10.5, 8.375, 10.625], "texture": "#9"}
			}
		},
		{
			"name": "claws2_18",
			"from": [9.375, 4.625, 8.25],
			"to": [9.5, 5.5, 8.5],
			"faces": {
				"north": {"uv": [9.5, 10.5, 9.375, 11.375], "texture": "#9"},
				"east": {"uv": [9.375, 10.5, 9.5, 11.375], "texture": "#9"},
				"south": {"uv": [9.375, 10.5, 9.5, 11.375], "texture": "#9"},
				"west": {"uv": [9.375, 10.5, 9.5, 11.375], "texture": "#9"},
				"up": {"uv": [9.375, 10.5, 9.5, 10.625], "texture": "#9"},
				"down": {"uv": [9.375, 11.25, 9.5, 11.375], "texture": "#9"}
			}
		},
		{
			"name": "claws2_19",
			"from": [6.25, 4.875, 8.25],
			"to": [6.5, 5.375, 8.5],
			"faces": {
				"north": {"uv": [6.5, 10.625, 6.25, 11.125], "texture": "#9"},
				"south": {"uv": [6.25, 10.625, 6.5, 11.125], "texture": "#9"},
				"west": {"uv": [6.25, 10.625, 6.375, 11.125], "texture": "#9"},
				"up": {"uv": [6.25, 10.625, 6.5, 10.75], "texture": "#9"},
				"down": {"uv": [6.25, 11, 6.5, 11.125], "texture": "#9"}
			}
		},
		{
			"name": "claws2_20",
			"from": [9.5, 4.875, 8.25],
			"to": [9.75, 5.375, 8.5],
			"faces": {
				"north": {"uv": [9.75, 10.625, 9.5, 11.125], "texture": "#9"},
				"east": {"uv": [9.625, 10.625, 9.75, 11.125], "texture": "#9"},
				"south": {"uv": [9.5, 10.625, 9.75, 11.125], "texture": "#9"},
				"up": {"uv": [9.5, 10.625, 9.75, 10.75], "texture": "#9"},
				"down": {"uv": [9.5, 11, 9.75, 11.125], "texture": "#9"}
			}
		},
		{
			"name": "claws2_21",
			"from": [6.125, 5, 8.25],
			"to": [6.25, 5.25, 8.5],
			"faces": {
				"north": {"uv": [6.25, 10.75, 6.125, 11], "texture": "#9"},
				"south": {"uv": [6.125, 10.75, 6.25, 11], "texture": "#9"},
				"west": {"uv": [6.125, 10.75, 6.25, 11], "texture": "#9"},
				"up": {"uv": [6.125, 10.75, 6.25, 10.875], "texture": "#9"},
				"down": {"uv": [6.125, 10.875, 6.25, 11], "texture": "#9"}
			}
		},
		{
			"name": "claws2_22",
			"from": [9.75, 5, 8.25],
			"to": [9.875, 5.25, 8.5],
			"faces": {
				"north": {"uv": [9.875, 10.75, 9.75, 11], "texture": "#9"},
				"east": {"uv": [9.75, 10.75, 9.875, 11], "texture": "#9"},
				"south": {"uv": [9.75, 10.75, 9.875, 11], "texture": "#9"},
				"up": {"uv": [9.75, 10.75, 9.875, 10.875], "texture": "#9"},
				"down": {"uv": [9.75, 10.875, 9.875, 11], "texture": "#9"}
			}
		},
		{
			"name": "claws2_23",
			"from": [6.375, 4.625, 8.25],
			"to": [6.5, 4.875, 8.5],
			"faces": {
				"north": {"uv": [6.5, 11.125, 6.375, 11.375], "texture": "#9"},
				"south": {"uv": [6.375, 11.125, 6.5, 11.375], "texture": "#9"},
				"west": {"uv": [6.375, 11.125, 6.5, 11.375], "texture": "#9"},
				"down": {"uv": [6.375, 11.25, 6.5, 11.375], "texture": "#9"}
			}
		},
		{
			"name": "claws2_24",
			"from": [9.5, 4.625, 8.25],
			"to": [9.625, 4.875, 8.5],
			"faces": {
				"north": {"uv": [9.625, 11.125, 9.5, 11.375], "texture": "#9"},
				"east": {"uv": [9.5, 11.125, 9.625, 11.375], "texture": "#9"},
				"south": {"uv": [9.5, 11.125, 9.625, 11.375], "texture": "#9"},
				"down": {"uv": [9.5, 11.25, 9.625, 11.375], "texture": "#9"}
			}
		},
		{
			"name": "edge_0",
			"from": [7.75, 15.375, 8],
			"to": [7.875, 16, 8.125],
			"faces": {
				"north": {"uv": [7.875, 0, 7.75, 0.625], "texture": "#9"},
				"east": {"uv": [7.75, 0, 7.875, 0.625], "texture": "#9"},
				"south": {"uv": [7.75, 0, 7.875, 0.625], "texture": "#9"},
				"west": {"uv": [7.75, 0, 7.875, 0.625], "texture": "#9"},
				"up": {"uv": [7.75, 0, 7.875, 0.125], "texture": "#9"}
			}
		},
		{
			"name": "edge_1",
			"from": [8.125, 15.375, 8],
			"to": [8.25, 16, 8.125],
			"faces": {
				"north": {"uv": [8.25, 0, 8.125, 0.625], "texture": "#9"},
				"east": {"uv": [8.125, 0, 8.25, 0.625], "texture": "#9"},
				"south": {"uv": [8.125, 0, 8.25, 0.625], "texture": "#9"},
				"west": {"uv": [8.125, 0, 8.25, 0.625], "texture": "#9"},
				"up": {"uv": [8.125, 0, 8.25, 0.125], "texture": "#9"}
			}
		},
		{
			"name": "edge_2",
			"from": [7.625, 15, 8],
			"to": [7.75, 15.75, 8.125],
			"faces": {
				"north": {"uv": [7.75, 0.25, 7.625, 1], "texture": "#9"},
				"south": {"uv": [7.625, 0.25, 7.75, 1], "texture": "#9"},
				"west": {"uv": [7.625, 0.25, 7.75, 1], "texture": "#9"},
				"up": {"uv": [7.625, 0.25, 7.75, 0.375], "texture": "#9"}
			}
		},
		{
			"name": "edge_3",
			"from": [8.25, 15, 8],
			"to": [8.375, 15.75, 8.125],
			"faces": {
				"north": {"uv": [8.375, 0.25, 8.25, 1], "texture": "#9"},
				"east": {"uv": [8.25, 0.25, 8.375, 1], "texture": "#9"},
				"south": {"uv": [8.25, 0.25, 8.375, 1], "texture": "#9"},
				"up": {"uv": [8.25, 0.25, 8.375, 0.375], "texture": "#9"}
			}
		},
		{
			"name": "edge_4",
			"from": [7.5, 14.625, 8],
			"to": [7.625, 15.5, 8.125],
			"faces": {
				"north": {"uv": [7.625, 0.5, 7.5, 1.375], "texture": "#9"},
				"south": {"uv": [7.5, 0.5, 7.625, 1.375], "texture": "#9"},
				"west": {"uv": [7.5, 0.5, 7.625, 1.375], "texture": "#9"},
				"up": {"uv": [7.5, 0.5, 7.625, 0.625], "texture": "#9"}
			}
		},
		{
			"name": "edge_5",
			"from": [8.375, 14.625, 8],
			"to": [8.5, 15.5, 8.125],
			"faces": {
				"north": {"uv": [8.5, 0.5, 8.375, 1.375], "texture": "#9"},
				"east": {"uv": [8.375, 0.5, 8.5, 1.375], "texture": "#9"},
				"south": {"uv": [8.375, 0.5, 8.5, 1.375], "texture": "#9"},
				"up": {"uv": [8.375, 0.5, 8.5, 0.625], "texture": "#9"}
			}
		},
		{
			"name": "edge_6",
			"from": [7.375, 14.125, 8],
			"to": [7.5, 15.125, 8.125],
			"faces": {
				"north": {"uv": [7.5, 0.875, 7.375, 1.875], "texture": "#9"},
				"south": {"uv": [7.375, 0.875, 7.5, 1.875], "texture": "#9"},
				"west": {"uv": [7.375, 0.875, 7.5, 1.875], "texture": "#9"},
				"up": {"uv": [7.375, 0.875, 7.5, 1], "texture": "#9"}
			}
		},
		{
			"name": "edge_7",
			"from": [8.5, 14.125, 8],
			"to": [8.625, 15.125, 8.125],
			"faces": {
				"north": {"uv": [8.625, 0.875, 8.5, 1.875], "texture": "#9"},
				"east": {"uv": [8.5, 0.875, 8.625, 1.875], "texture": "#9"},
				"south": {"uv": [8.5, 0.875, 8.625, 1.875], "texture": "#9"},
				"up": {"uv": [8.5, 0.875, 8.625, 1], "texture": "#9"}
			}
		},
		{
			"name": "edge_8",
			"from": [7.25, 8.75, 8],
			"to": [7.375, 14.625, 8.125],
			"faces": {
				"north": {"uv": [7.375, 1.375, 7.25, 7.25], "texture": "#9"},
				"south": {"uv": [7.25, 1.375, 7.375, 7.25], "texture": "#9"},
				"west": {"uv": [7.25, 1.375, 7.375, 7.25], "texture": "#9"},
				"up": {"uv": [7.25, 1.375, 7.375, 1.5], "texture": "#9"}
			}
		},
		{
			"name": "edge_9",
			"from": [8.625, 8.75, 8],
			"to": [8.75, 14.625, 8.125],
			"faces": {
				"north": {"uv": [8.75, 1.375, 8.625, 7.25], "texture": "#9"},
				"east": {"uv": [8.625, 1.375, 8.75, 7.25], "texture": "#9"},
				"south": {"uv": [8.625, 1.375, 8.75, 7.25], "texture": "#9"},
				"up": {"uv": [8.625, 1.375, 8.75, 1.5], "texture": "#9"}
			}
		},
		{
			"name": "edge_10",
			"from": [7.375, 13.625, 8],
			"to": [7.5, 13.875, 8.125],
			"faces": {
				"north": {"uv": [7.5, 2.125, 7.375, 2.375], "texture": "#9"},
				"south": {"uv": [7.375, 2.125, 7.5, 2.375], "texture": "#9"}
			}
		},
		{
			"name": "edge_11",
			"from": [8.5, 13.625, 8],
			"to": [8.625, 13.875, 8.125],
			"faces": {
				"north": {"uv": [8.625, 2.125, 8.5, 2.375], "texture": "#9"},
				"south": {"uv": [8.5, 2.125, 8.625, 2.375], "texture": "#9"}
			}
		},
		{
			"name": "edge_12",
			"from": [7.375, 13.125, 8],
			"to": [7.5, 13.375, 8.125],
			"faces": {
				"north": {"uv": [7.5, 2.625, 7.375, 2.875], "texture": "#9"},
				"south": {"uv": [7.375, 2.625, 7.5, 2.875], "texture": "#9"}
			}
		},
		{
			"name": "edge_13",
			"from": [8.5, 13.125, 8],
			"to": [8.625, 13.375, 8.125],
			"faces": {
				"north": {"uv": [8.625, 2.625, 8.5, 2.875], "texture": "#9"},
				"south": {"uv": [8.5, 2.625, 8.625, 2.875], "texture": "#9"}
			}
		},
		{
			"name": "edge_14",
			"from": [7.375, 12.625, 8],
			"to": [7.5, 12.875, 8.125],
			"faces": {
				"north": {"uv": [7.5, 3.125, 7.375, 3.375], "texture": "#9"},
				"south": {"uv": [7.375, 3.125, 7.5, 3.375], "texture": "#9"}
			}
		},
		{
			"name": "edge_15",
			"from": [8.5, 12.625, 8],
			"to": [8.625, 12.875, 8.125],
			"faces": {
				"north": {"uv": [8.625, 3.125, 8.5, 3.375], "texture": "#9"},
				"south": {"uv": [8.5, 3.125, 8.625, 3.375], "texture": "#9"}
			}
		},
		{
			"name": "edge_16",
			"from": [7.375, 12, 8],
			"to": [7.5, 12.375, 8.125],
			"faces": {
				"north": {"uv": [7.5, 3.625, 7.375, 4], "texture": "#9"},
				"south": {"uv": [7.375, 3.625, 7.5, 4], "texture": "#9"}
			}
		},
		{
			"name": "edge_17",
			"from": [8.5, 12, 8],
			"to": [8.625, 12.375, 8.125],
			"faces": {
				"north": {"uv": [8.625, 3.625, 8.5, 4], "texture": "#9"},
				"south": {"uv": [8.5, 3.625, 8.625, 4], "texture": "#9"}
			}
		},
		{
			"name": "edge_18",
			"from": [7.375, 11.5, 8],
			"to": [7.5, 11.75, 8.125],
			"faces": {
				"north": {"uv": [7.5, 4.25, 7.375, 4.5], "texture": "#9"},
				"south": {"uv": [7.375, 4.25, 7.5, 4.5], "texture": "#9"}
			}
		},
		{
			"name": "edge_19",
			"from": [8.5, 11.5, 8],
			"to": [8.625, 11.75, 8.125],
			"faces": {
				"north": {"uv": [8.625, 4.25, 8.5, 4.5], "texture": "#9"},
				"south": {"uv": [8.5, 4.25, 8.625, 4.5], "texture": "#9"}
			}
		},
		{
			"name": "edge_20",
			"from": [7.375, 11, 8],
			"to": [7.5, 11.25, 8.125],
			"faces": {
				"north": {"uv": [7.5, 4.75, 7.375, 5], "texture": "#9"},
				"south": {"uv": [7.375, 4.75, 7.5, 5], "texture": "#9"}
			}
		},
		{
			"name": "edge_21",
			"from": [8.5, 11, 8],
			"to": [8.625, 11.25, 8.125],
			"faces": {
				"north": {"uv": [8.625, 4.75, 8.5, 5], "texture": "#9"},
				"south": {"uv": [8.5, 4.75, 8.625, 5], "texture": "#9"}
			}
		},
		{
			"name": "edge_22",
			"from": [7.375, 10.5, 8],
			"to": [7.5, 10.75, 8.125],
			"faces": {
				"north": {"uv": [7.5, 5.25, 7.375, 5.5], "texture": "#9"},
				"south": {"uv": [7.375, 5.25, 7.5, 5.5], "texture": "#9"}
			}
		},
		{
			"name": "edge_23",
			"from": [8.5, 10.5, 8],
			"to": [8.625, 10.75, 8.125],
			"faces": {
				"north": {"uv": [8.625, 5.25, 8.5, 5.5], "texture": "#9"},
				"south": {"uv": [8.5, 5.25, 8.625, 5.5], "texture": "#9"}
			}
		},
		{
			"name": "edge_24",
			"from": [7.375, 10, 8],
			"to": [7.5, 10.25, 8.125],
			"faces": {
				"north": {"uv": [7.5, 5.75, 7.375, 6], "texture": "#9"},
				"south": {"uv": [7.375, 5.75, 7.5, 6], "texture": "#9"}
			}
		},
		{
			"name": "edge_25",
			"from": [8.5, 10, 8],
			"to": [8.625, 10.25, 8.125],
			"faces": {
				"north": {"uv": [8.625, 5.75, 8.5, 6], "texture": "#9"},
				"south": {"uv": [8.5, 5.75, 8.625, 6], "texture": "#9"}
			}
		},
		{
			"name": "edge_26",
			"from": [7.375, 9.5, 8],
			"to": [7.5, 9.875, 8.125],
			"faces": {
				"north": {"uv": [7.5, 6.125, 7.375, 6.5], "texture": "#9"},
				"south": {"uv": [7.375, 6.125, 7.5, 6.5], "texture": "#9"}
			}
		},
		{
			"name": "edge_27",
			"from": [8.5, 9.5, 8],
			"to": [8.625, 9.875, 8.125],
			"faces": {
				"north": {"uv": [8.625, 6.125, 8.5, 6.5], "texture": "#9"},
				"south": {"uv": [8.5, 6.125, 8.625, 6.5], "texture": "#9"}
			}
		},
		{
			"name": "edge_28",
			"from": [7.125, 8.375, 8],
			"to": [7.25, 9, 8.125],
			"faces": {
				"north": {"uv": [7.25, 7, 7.125, 7.625], "texture": "#9"},
				"south": {"uv": [7.125, 7, 7.25, 7.625], "texture": "#9"},
				"west": {"uv": [7.125, 7, 7.25, 7.625], "texture": "#9"},
				"up": {"uv": [7.125, 7, 7.25, 7.125], "texture": "#9"}
			}
		},
		{
			"name": "edge_29",
			"from": [8.75, 8.375, 8],
			"to": [8.875, 9, 8.125],
			"faces": {
				"north": {"uv": [8.875, 7, 8.75, 7.625], "texture": "#9"},
				"east": {"uv": [8.75, 7, 8.875, 7.625], "texture": "#9"},
				"south": {"uv": [8.75, 7, 8.875, 7.625], "texture": "#9"},
				"up": {"uv": [8.75, 7, 8.875, 7.125], "texture": "#9"}
			}
		},
		{
			"name": "handle_0",
			"from": [7.875, 1.125, 7.9375],
			"to": [8.125, 4.75, 8.1875],
			"faces": {
				"north": {"uv": [8.125, 11.25, 7.875, 14.875], "texture": "#9"},
				"south": {"uv": [7.875, 11.25, 8.125, 14.875], "texture": "#9"},
				"down": {"uv": [7.875, 14.75, 8.125, 14.875], "texture": "#9"}
			}
		},
		{
			"name": "handle_1",
			"from": [7.75, 1, 7.9375],
			"to": [7.875, 4.625, 8.1875],
			"faces": {
				"north": {"uv": [7.875, 11.375, 7.75, 15], "texture": "#9"},
				"east": {"uv": [7.75, 11.375, 7.875, 15], "texture": "#9"},
				"south": {"uv": [7.75, 11.375, 7.875, 15], "texture": "#9"},
				"west": {"uv": [7.75, 11.375, 7.875, 15], "texture": "#9"},
				"down": {"uv": [7.75, 14.875, 7.875, 15], "texture": "#9"}
			}
		},
		{
			"name": "handle_2",
			"from": [8.125, 1, 7.9375],
			"to": [8.25, 4.625, 8.1875],
			"faces": {
				"north": {"uv": [8.25, 11.375, 8.125, 15], "texture": "#9"},
				"east": {"uv": [8.125, 11.375, 8.25, 15], "texture": "#9"},
				"south": {"uv": [8.125, 11.375, 8.25, 15], "texture": "#9"},
				"west": {"uv": [8.125, 11.375, 8.25, 15], "texture": "#9"},
				"down": {"uv": [8.125, 14.875, 8.25, 15], "texture": "#9"}
			}
		},
		{
			"name": "handle_3",
			"from": [7.625, 3.625, 7.9375],
			"to": [7.75, 4, 8.1875],
			"faces": {
				"north": {"uv": [7.75, 12, 7.625, 12.375], "texture": "#9"},
				"south": {"uv": [7.625, 12, 7.75, 12.375], "texture": "#9"},
				"west": {"uv": [7.625, 12, 7.75, 12.375], "texture": "#9"},
				"up": {"uv": [7.625, 12, 7.75, 12.125], "texture": "#9"},
				"down": {"uv": [7.625, 12.25, 7.75, 12.375], "texture": "#9"}
			}
		},
		{
			"name": "handle_4",
			"from": [8.25, 3.625, 7.9375],
			"to": [8.375, 4, 8.1875],
			"faces": {
				"north": {"uv": [8.375, 12, 8.25, 12.375], "texture": "#9"},
				"east": {"uv": [8.25, 12, 8.375, 12.375], "texture": "#9"},
				"south": {"uv": [8.25, 12, 8.375, 12.375], "texture": "#9"},
				"up": {"uv": [8.25, 12, 8.375, 12.125], "texture": "#9"},
				"down": {"uv": [8.25, 12.25, 8.375, 12.375], "texture": "#9"}
			}
		},
		{
			"name": "handle_5",
			"from": [7.625, 2.375, 7.9375],
			"to": [7.75, 2.875, 8.1875],
			"faces": {
				"north": {"uv": [7.75, 13.125, 7.625, 13.625], "texture": "#9"},
				"south": {"uv": [7.625, 13.125, 7.75, 13.625], "texture": "#9"},
				"west": {"uv": [7.625, 13.125, 7.75, 13.625], "texture": "#9"},
				"up": {"uv": [7.625, 13.125, 7.75, 13.25], "texture": "#9"},
				"down": {"uv": [7.625, 13.5, 7.75, 13.625], "texture": "#9"}
			}
		},
		{
			"name": "handle_6",
			"from": [8.25, 2.375, 7.9375],
			"to": [8.375, 2.875, 8.1875],
			"faces": {
				"north": {"uv": [8.375, 13.125, 8.25, 13.625], "texture": "#9"},
				"east": {"uv": [8.25, 13.125, 8.375, 13.625], "texture": "#9"},
				"south": {"uv": [8.25, 13.125, 8.375, 13.625], "texture": "#9"},
				"up": {"uv": [8.25, 13.125, 8.375, 13.25], "texture": "#9"},
				"down": {"uv": [8.25, 13.5, 8.375, 13.625], "texture": "#9"}
			}
		},
		{
			"name": "handle_7",
			"from": [7.625, 0.125, 7.9375],
			"to": [7.75, 1.5, 8.1875],
			"faces": {
				"north": {"uv": [7.75, 14.5, 7.625, 15.875], "texture": "#9"},
				"east": {"uv": [7.625, 14.5, 7.75, 15.875], "texture": "#9"},
				"south": {"uv": [7.625, 14.5, 7.75, 15.875], "texture": "#9"},
				"west": {"uv": [7.625, 14.5, 7.75, 15.875], "texture": "#9"},
				"up": {"uv": [7.625, 14.5, 7.75, 14.625], "texture": "#9"},
				"down": {"uv": [7.625, 15.75, 7.75, 15.875], "texture": "#9"}
			}
		},
		{
			"name": "handle_8",
			"from": [8.25, 0.125, 7.9375],
			"to": [8.375, 1.5, 8.1875],
			"faces": {
				"north": {"uv": [8.375, 14.5, 8.25, 15.875], "texture": "#9"},
				"east": {"uv": [8.25, 14.5, 8.375, 15.875], "texture": "#9"},
				"south": {"uv": [8.25, 14.5, 8.375, 15.875], "texture": "#9"},
				"west": {"uv": [8.25, 14.5, 8.375, 15.875], "texture": "#9"},
				"up": {"uv": [8.25, 14.5, 8.375, 14.625], "texture": "#9"},
				"down": {"uv": [8.25, 15.75, 8.375, 15.875], "texture": "#9"}
			}
		},
		{
			"name": "handle_9",
			"from": [7.5, 0.375, 7.9375],
			"to": [7.625, 1.125, 8.1875],
			"faces": {
				"north": {"uv": [7.625, 14.875, 7.5, 15.625], "texture": "#9"},
				"south": {"uv": [7.5, 14.875, 7.625, 15.625], "texture": "#9"},
				"west": {"uv": [7.5, 14.875, 7.625, 15.625], "texture": "#9"},
				"up": {"uv": [7.5, 14.875, 7.625, 15], "texture": "#9"},
				"down": {"uv": [7.5, 15.5, 7.625, 15.625], "texture": "#9"}
			}
		},
		{
			"name": "handle_10",
			"from": [8.375, 0.375, 7.9375],
			"to": [8.5, 1.125, 8.1875],
			"faces": {
				"north": {"uv": [8.5, 14.875, 8.375, 15.625], "texture": "#9"},
				"east": {"uv": [8.375, 14.875, 8.5, 15.625], "texture": "#9"},
				"south": {"uv": [8.375, 14.875, 8.5, 15.625], "texture": "#9"},
				"up": {"uv": [8.375, 14.875, 8.5, 15], "texture": "#9"},
				"down": {"uv": [8.375, 15.5, 8.5, 15.625], "texture": "#9"}
			}
		},
		{
			"name": "handle_11",
			"from": [7.75, 0, 7.9375],
			"to": [7.875, 0.5, 8.1875],
			"faces": {
				"north": {"uv": [7.875, 15.5, 7.75, 16], "texture": "#9"},
				"east": {"uv": [7.75, 15.5, 7.875, 16], "texture": "#9"},
				"south": {"uv": [7.75, 15.5, 7.875, 16], "texture": "#9"},
				"west": {"uv": [7.75, 15.5, 7.875, 16], "texture": "#9"},
				"up": {"uv": [7.75, 15.5, 7.875, 15.625], "texture": "#9"},
				"down": {"uv": [7.75, 15.875, 7.875, 16], "texture": "#9"}
			}
		},
		{
			"name": "handle_12",
			"from": [8.125, 0, 7.9375],
			"to": [8.25, 0.5, 8.1875],
			"faces": {
				"north": {"uv": [8.25, 15.5, 8.125, 16], "texture": "#9"},
				"east": {"uv": [8.125, 15.5, 8.25, 16], "texture": "#9"},
				"south": {"uv": [8.125, 15.5, 8.25, 16], "texture": "#9"},
				"west": {"uv": [8.125, 15.5, 8.25, 16], "texture": "#9"},
				"up": {"uv": [8.125, 15.5, 8.25, 15.625], "texture": "#9"},
				"down": {"uv": [8.125, 15.875, 8.25, 16], "texture": "#9"}
			}
		},
		{
			"name": "handle2_0",
			"from": [7.75, 4.75, 7.875],
			"to": [8.25, 5.5, 8.25],
			"faces": {
				"north": {"uv": [8.25, 10.5, 7.75, 11.25], "texture": "#9"},
				"south": {"uv": [7.75, 10.5, 8.25, 11.25], "texture": "#9"},
				"down": {"uv": [7.75, 11.125, 8.25, 11.25], "texture": "#9"}
			}
		},
		{
			"name": "handle2_1",
			"from": [7.625, 4.625, 7.875],
			"to": [7.75, 5.375, 8.25],
			"faces": {
				"north": {"uv": [7.75, 10.625, 7.625, 11.375], "texture": "#9"},
				"south": {"uv": [7.625, 10.625, 7.75, 11.375], "texture": "#9"},
				"west": {"uv": [7.625, 10.625, 7.75, 11.375], "texture": "#9"},
				"down": {"uv": [7.625, 11.25, 7.75, 11.375], "texture": "#9"}
			}
		},
		{
			"name": "handle2_2",
			"from": [8.25, 4.625, 7.875],
			"to": [8.375, 5.375, 8.25],
			"faces": {
				"north": {"uv": [8.375, 10.625, 8.25, 11.375], "texture": "#9"},
				"east": {"uv": [8.25, 10.625, 8.375, 11.375], "texture": "#9"},
				"south": {"uv": [8.25, 10.625, 8.375, 11.375], "texture": "#9"},
				"down": {"uv": [8.25, 11.25, 8.375, 11.375], "texture": "#9"}
			}
		},
		{
			"name": "handle2_7",
			"from": [7.75, 4.625, 7.875],
			"to": [7.875, 4.75, 8.25],
			"faces": {
				"north": {"uv": [7.875, 11.25, 7.75, 11.375], "texture": "#9"},
				"east": {"uv": [7.75, 11.25, 7.875, 11.375], "texture": "#9"},
				"south": {"uv": [7.75, 11.25, 7.875, 11.375], "texture": "#9"},
				"down": {"uv": [7.75, 11.25, 7.875, 11.375], "texture": "#9"}
			}
		},
		{
			"name": "handle2_8",
			"from": [8.125, 4.625, 7.875],
			"to": [8.25, 4.75, 8.25],
			"faces": {
				"north": {"uv": [8.25, 11.25, 8.125, 11.375], "texture": "#9"},
				"south": {"uv": [8.125, 11.25, 8.25, 11.375], "texture": "#9"},
				"west": {"uv": [8.125, 11.25, 8.25, 11.375], "texture": "#9"},
				"down": {"uv": [8.125, 11.25, 8.25, 11.375], "texture": "#9"}
			}
		},
		{
			"name": "handle3_0",
			"from": [7.875, 5.5, 7.875],
			"to": [8.125, 6.5, 8.25],
			"faces": {
				"north": {"uv": [8.125, 9.5, 7.875, 10.5], "texture": "#9"},
				"east": {"uv": [8, 9.5, 8.125, 10.5], "texture": "#9"},
				"south": {"uv": [7.875, 9.5, 8.125, 10.5], "texture": "#9"},
				"west": {"uv": [7.875, 9.5, 8, 10.5], "texture": "#9"},
				"up": {"uv": [7.875, 9.5, 8.125, 9.625], "texture": "#9"}
			}
		},
		{
			"name": "handle3_1",
			"from": [7.625, 5.5, 7.875],
			"to": [7.875, 6.375, 8.25],
			"faces": {
				"north": {"uv": [7.875, 9.625, 7.625, 10.5], "texture": "#9"},
				"south": {"uv": [7.625, 9.625, 7.875, 10.5], "texture": "#9"},
				"west": {"uv": [7.625, 9.625, 7.75, 10.5], "texture": "#9"},
				"up": {"uv": [7.625, 9.625, 7.875, 9.75], "texture": "#9"}
			}
		},
		{
			"name": "handle3_2",
			"from": [8.125, 5.5, 7.875],
			"to": [8.375, 6.375, 8.25],
			"faces": {
				"north": {"uv": [8.375, 9.625, 8.125, 10.5], "texture": "#9"},
				"east": {"uv": [8.25, 9.625, 8.375, 10.5], "texture": "#9"},
				"south": {"uv": [8.125, 9.625, 8.375, 10.5], "texture": "#9"},
				"up": {"uv": [8.125, 9.625, 8.375, 9.75], "texture": "#9"}
			}
		},
		{
			"name": "handle3_3",
			"from": [7.375, 5.75, 7.875],
			"to": [7.625, 6.25, 8.25],
			"faces": {
				"north": {"uv": [7.625, 9.75, 7.375, 10.25], "texture": "#9"},
				"south": {"uv": [7.375, 9.75, 7.625, 10.25], "texture": "#9"},
				"west": {"uv": [7.375, 9.75, 7.5, 10.25], "texture": "#9"},
				"up": {"uv": [7.375, 9.75, 7.625, 9.875], "texture": "#9"}
			}
		},
		{
			"name": "handle3_4",
			"from": [8.375, 5.75, 7.875],
			"to": [8.625, 6.25, 8.25],
			"faces": {
				"north": {"uv": [8.625, 9.75, 8.375, 10.25], "texture": "#9"},
				"east": {"uv": [8.5, 9.75, 8.625, 10.25], "texture": "#9"},
				"south": {"uv": [8.375, 9.75, 8.625, 10.25], "texture": "#9"},
				"up": {"uv": [8.375, 9.75, 8.625, 9.875], "texture": "#9"}
			}
		},
		{
			"name": "handle3_5",
			"from": [7.25, 5.875, 7.875],
			"to": [7.375, 6.125, 8.25],
			"faces": {
				"north": {"uv": [7.375, 9.875, 7.25, 10.125], "texture": "#9"},
				"south": {"uv": [7.25, 9.875, 7.375, 10.125], "texture": "#9"},
				"west": {"uv": [7.25, 9.875, 7.375, 10.125], "texture": "#9"},
				"up": {"uv": [7.25, 9.875, 7.375, 10], "texture": "#9"},
				"down": {"uv": [7.25, 10, 7.375, 10.125], "texture": "#9"}
			}
		},
		{
			"name": "handle3_6",
			"from": [8.625, 5.875, 7.875],
			"to": [8.75, 6.125, 8.25],
			"faces": {
				"north": {"uv": [8.75, 9.875, 8.625, 10.125], "texture": "#9"},
				"east": {"uv": [8.625, 9.875, 8.75, 10.125], "texture": "#9"},
				"south": {"uv": [8.625, 9.875, 8.75, 10.125], "texture": "#9"},
				"up": {"uv": [8.625, 9.875, 8.75, 10], "texture": "#9"},
				"down": {"uv": [8.625, 10, 8.75, 10.125], "texture": "#9"}
			}
		},
		{
			"name": "handle3_7",
			"from": [7.5, 5.625, 7.875],
			"to": [7.625, 5.75, 8.25],
			"faces": {
				"north": {"uv": [7.625, 10.25, 7.5, 10.375], "texture": "#9"},
				"south": {"uv": [7.5, 10.25, 7.625, 10.375], "texture": "#9"}
			}
		},
		{
			"name": "handle3_8",
			"from": [8.375, 5.625, 7.875],
			"to": [8.5, 5.75, 8.25],
			"faces": {
				"north": {"uv": [8.5, 10.25, 8.375, 10.375], "texture": "#9"},
				"south": {"uv": [8.375, 10.25, 8.5, 10.375], "texture": "#9"}
			}
		},
		{
			"name": "magma_0",
			"from": [8, 13.125, 8],
			"to": [8.125, 14.125, 8.125],
			"faces": {
				"north": {"uv": [8.125, 1.875, 8, 2.875], "texture": "#9"},
				"south": {"uv": [8, 1.875, 8.125, 2.875], "texture": "#9"},
				"up": {"uv": [8, 1.875, 8.125, 2], "texture": "#9"}
			}
		},
		{
			"name": "magma_1",
			"from": [7.875, 12, 8],
			"to": [8, 14, 8.125],
			"faces": {
				"north": {"uv": [8, 2, 7.875, 4], "texture": "#9"},
				"south": {"uv": [7.875, 2, 8, 4], "texture": "#9"}
			}
		},
		{
			"name": "magma_2",
			"from": [8, 11, 8],
			"to": [8.125, 12.875, 8.125],
			"faces": {
				"north": {"uv": [8.125, 3.125, 8, 5], "texture": "#9"},
				"south": {"uv": [8, 3.125, 8.125, 5], "texture": "#9"}
			}
		},
		{
			"name": "magma_3",
			"from": [7.875, 10, 8],
			"to": [8, 11.75, 8.125],
			"faces": {
				"north": {"uv": [8, 4.25, 7.875, 6], "texture": "#9"},
				"south": {"uv": [7.875, 4.25, 8, 6], "texture": "#9"}
			}
		},
		{
			"name": "magma_4",
			"from": [8, 9, 8],
			"to": [8.125, 10.75, 8.125],
			"faces": {
				"north": {"uv": [8.125, 5.25, 8, 7], "texture": "#9"},
				"south": {"uv": [8, 5.25, 8.125, 7], "texture": "#9"}
			}
		},
		{
			"name": "magma_5",
			"from": [7.875, 8.25, 8],
			"to": [8, 9.75, 8.125],
			"faces": {
				"north": {"uv": [8, 6.25, 7.875, 7.75], "texture": "#9"},
				"south": {"uv": [7.875, 6.25, 8, 7.75], "texture": "#9"}
			}
		},
		{
			"name": "magma_6",
			"from": [8, 7.5, 8],
			"to": [8.125, 8.75, 8.125],
			"faces": {
				"north": {"uv": [8.125, 7.25, 8, 8.5], "texture": "#9"},
				"south": {"uv": [8, 7.25, 8.125, 8.5], "texture": "#9"}
			}
		},
		{
			"name": "magma_7",
			"from": [7.875, 7.125, 8],
			"to": [8, 8, 8.125],
			"faces": {
				"north": {"uv": [8, 8, 7.875, 8.875], "texture": "#9"},
				"south": {"uv": [7.875, 8, 8, 8.875], "texture": "#9"}
			}
		},
		{
			"name": "magma_8",
			"from": [8, 6.625, 8],
			"to": [8.125, 7.25, 8.125],
			"faces": {
				"north": {"uv": [8.125, 8.75, 8, 9.375], "texture": "#9"},
				"south": {"uv": [8, 8.75, 8.125, 9.375], "texture": "#9"}
			}
		},
		{
			"name": "magma_9",
			"from": [7.875, 6.5, 8],
			"to": [8, 6.875, 8.125],
			"faces": {
				"north": {"uv": [8, 9.125, 7.875, 9.5], "texture": "#9"},
				"south": {"uv": [7.875, 9.125, 8, 9.5], "texture": "#9"}
			}
		},
		{
			"name": "ruby_0",
			"from": [7.875, 0.375, 8],
			"to": [8.125, 1.125, 8.125],
			"faces": {
				"north": {"uv": [8.125, 14.875, 7.875, 15.625], "texture": "#9"},
				"south": {"uv": [7.875, 14.875, 8.125, 15.625], "texture": "#9"},
				"down": {"uv": [7.875, 15.5, 8.125, 15.625], "texture": "#9"}
			}
		},
		{
			"name": "ruby_1",
			"from": [7.75, 0.5, 8],
			"to": [7.875, 1, 8.125],
			"faces": {
				"north": {"uv": [7.875, 15, 7.75, 15.5], "texture": "#9"},
				"south": {"uv": [7.75, 15, 7.875, 15.5], "texture": "#9"}
			}
		},
		{
			"name": "ruby_2",
			"from": [8.125, 0.5, 8],
			"to": [8.25, 1, 8.125],
			"faces": {
				"north": {"uv": [8.25, 15, 8.125, 15.5], "texture": "#9"},
				"south": {"uv": [8.125, 15, 8.25, 15.5], "texture": "#9"}
			}
		}
	],
	"display": {
		"thirdperson_righthand": {
			"rotation": [0, -90, 0],
			"translation": [0.25, 10, 0.5],
			"scale": [2.5, 2.5, 2.5]
		},
		"thirdperson_lefthand": {
			"rotation": [0, 90, 0],
			"translation": [0.25, 10, 0.25],
			"scale": [2.5, 2.5, 2.5]
		},
		"firstperson_righthand": {
			"rotation": [1, -91, 0],
			"translation": [0, 6.25, 2.5],
			"scale": [1.25, 1.25, 1.25]
		},
		"firstperson_lefthand": {
			"rotation": [1, 91, 0],
			"translation": [0, 6, 2.5],
			"scale": [1.25, 1.25, 1.25]
		},
		"ground": {
			"translation": [0, 16.75, 0],
			"scale": [2.5, 2.5, 2.5]
		},
		"gui": {
			"rotation": [0, 0, -45],
			"translation": [0, 0.25, 0],
			"scale": [1.5, 1.5, 1.5]
		},
		"head": {
			"rotation": [180, 0, 45],
			"translation": [3.75, -13, 4.75],
			"scale": [3.5, 3.5, 3.5]
		},
		"fixed": {
			"rotation": [180, 0, 135],
			"translation": [0, 0.25, -0.75],
			"scale": [1.75, 1.75, 1.75]
		}
	},
	"groups": [
		{
			"name": "blade",
			"origin": [8, 8, 8],
			"color": 0,
			"children": [
				0,
				1,
				2,
				3,
				4,
				5,
				6,
				7,
				8,
				9,
				10,
				11,
				12,
				13,
				14,
				15,
				16,
				17,
				18,
				19,
				20,
				21,
				22,
				23,
				24,
				25,
				26,
				27,
				28,
				29,
				30,
				31,
				32,
				33,
				34,
				35,
				36,
				37,
				38,
				39,
				40,
				41,
				42,
				43,
				44,
				45,
				46,
				47,
				48,
				49,
				50,
				51,
				52,
				53,
				54,
				55,
				56,
				57
			]
		},
		{
			"name": "claws",
			"origin": [8, 8, 8],
			"color": 0,
			"children": [58, 59, 60, 61, 62, 63, 64, 65]
		},
		{
			"name": "claws",
			"origin": [8, 8, 8],
			"color": 0,
			"children": [66, 67, 68, 69, 70, 71, 72, 73]
		},
		{
			"name": "claws2",
			"origin": [8, 8, 8],
			"color": 0,
			"children": [74, 75, 76, 77, 78, 79, 80, 81, 82, 83, 84, 85, 86, 87, 88, 89, 90, 91, 92, 93, 94, 95, 96, 97]
		},
		{
			"name": "claws2",
			"origin": [8, 8, 8],
			"color": 0,
			"children": [98, 99, 100, 101, 102, 103, 104, 105, 106, 107, 108, 109, 110, 111, 112, 113, 114, 115, 116, 117, 118, 119, 120, 121]
		},
		{
			"name": "edge",
			"origin": [8, 8, 8],
			"color": 0,
			"children": [122, 123, 124, 125, 126, 127, 128, 129, 130, 131, 132, 133, 134, 135, 136, 137, 138, 139, 140, 141, 142, 143, 144, 145, 146, 147, 148, 149, 150, 151]
		},
		{
			"name": "handle",
			"origin": [8, 8, 8],
			"color": 0,
			"children": [152, 153, 154, 155, 156, 157, 158, 159, 160, 161, 162, 163, 164]
		},
		{
			"name": "handle2",
			"origin": [8, 8, 8],
			"color": 0,
			"children": [165, 166, 167, 168, 169]
		},
		{
			"name": "handle3",
			"origin": [8, 8, 8],
			"color": 0,
			"children": [170, 171, 172, 173, 174, 175, 176, 177, 178]
		},
		{
			"name": "magma",
			"origin": [8, 8, 8],
			"color": 0,
			"children": [179, 180, 181, 182, 183, 184, 185, 186, 187, 188]
		},
		{
			"name": "ruby",
			"origin": [8, 8, 8],
			"color": 0,
			"children": [189, 190, 191]
		}
	]
}