{
	"credit": "Made with Blockbench",
	"textures": {
		"0": "item/dragonbone_greatsword",
		"particle": "item/dragonbone_greatsword"
	},
	"elements": [
		{
			"name": "Flattened_0",
			"from": [6.25, 6, 7.9375],
			"to": [6.375, 6.25, 8.1875],
			"faces": {
				"north": {"uv": [6.375, 9.75, 6.25, 10], "texture": "#0"},
				"east": {"uv": [6.25, 9.75, 6.375, 10], "texture": "#0"},
				"south": {"uv": [6.25, 9.75, 6.375, 10], "texture": "#0"},
				"west": {"uv": [6.25, 9.75, 6.375, 10], "texture": "#0"},
				"up": {"uv": [6.25, 9.75, 6.375, 9.875], "texture": "#0"},
				"down": {"uv": [6.25, 9.875, 6.375, 10], "texture": "#0"}
			}
		},
		{
			"name": "Flattened_1",
			"from": [6.625, 6, 7.9375],
			"to": [6.875, 6.25, 8.1875],
			"faces": {
				"north": {"uv": [6.875, 9.75, 6.625, 10], "texture": "#0"},
				"south": {"uv": [6.625, 9.75, 6.875, 10], "texture": "#0"},
				"west": {"uv": [6.625, 9.75, 6.75, 10], "texture": "#0"},
				"up": {"uv": [6.625, 9.75, 6.875, 9.875], "texture": "#0"}
			}
		},
		{
			"name": "Flattened_2",
			"from": [9, 6, 7.9375],
			"to": [9.25, 6.25, 8.1875],
			"faces": {
				"north": {"uv": [9.25, 9.75, 9, 10], "texture": "#0"},
				"east": {"uv": [9.125, 9.75, 9.25, 10], "texture": "#0"},
				"south": {"uv": [9, 9.75, 9.25, 10], "texture": "#0"},
				"up": {"uv": [9, 9.75, 9.25, 9.875], "texture": "#0"}
			}
		},
		{
			"name": "Flattened_3",
			"from": [9.5, 6, 7.9375],
			"to": [9.625, 6.25, 8.1875],
			"faces": {
				"north": {"uv": [9.625, 9.75, 9.5, 10], "texture": "#0"},
				"east": {"uv": [9.5, 9.75, 9.625, 10], "texture": "#0"},
				"south": {"uv": [9.5, 9.75, 9.625, 10], "texture": "#0"},
				"west": {"uv": [9.5, 9.75, 9.625, 10], "texture": "#0"},
				"up": {"uv": [9.5, 9.75, 9.625, 9.875], "texture": "#0"},
				"down": {"uv": [9.5, 9.875, 9.625, 10], "texture": "#0"}
			}
		},
		{
			"name": "Flattened_4",
			"from": [6.375, 5.875, 7.9375],
			"to": [6.625, 6.125, 8.1875],
			"faces": {
				"north": {"uv": [6.625, 9.875, 6.375, 10.125], "texture": "#0"},
				"south": {"uv": [6.375, 9.875, 6.625, 10.125], "texture": "#0"},
				"west": {"uv": [6.375, 9.875, 6.5, 10.125], "texture": "#0"},
				"up": {"uv": [6.375, 9.875, 6.625, 10], "texture": "#0"},
				"down": {"uv": [6.375, 10, 6.625, 10.125], "texture": "#0"}
			}
		},
		{
			"name": "Flattened_5",
			"from": [9.25, 5.875, 7.9375],
			"to": [9.5, 6.125, 8.1875],
			"faces": {
				"north": {"uv": [9.5, 9.875, 9.25, 10.125], "texture": "#0"},
				"east": {"uv": [9.375, 9.875, 9.5, 10.125], "texture": "#0"},
				"south": {"uv": [9.25, 9.875, 9.5, 10.125], "texture": "#0"},
				"up": {"uv": [9.25, 9.875, 9.5, 10], "texture": "#0"},
				"down": {"uv": [9.25, 10, 9.5, 10.125], "texture": "#0"}
			}
		},
		{
			"name": "Flattened_6",
			"from": [6.625, 5.875, 7.9375],
			"to": [6.75, 6, 8.1875],
			"faces": {
				"north": {"uv": [6.75, 10, 6.625, 10.125], "texture": "#0"},
				"south": {"uv": [6.625, 10, 6.75, 10.125], "texture": "#0"}
			}
		},
		{
			"name": "Flattened_7",
			"from": [9.125, 5.875, 7.9375],
			"to": [9.25, 6, 8.1875],
			"faces": {
				"north": {"uv": [9.25, 10, 9.125, 10.125], "texture": "#0"},
				"south": {"uv": [9.125, 10, 9.25, 10.125], "texture": "#0"}
			}
		},
		{
			"name": "Flattened_8",
			"from": [5.875, 4.75, 8],
			"to": [6.25, 5.375, 8.125],
			"faces": {
				"north": {"uv": [6.25, 10.625, 5.875, 11.25], "texture": "#0"},
				"east": {"uv": [6.125, 10.625, 6.25, 11.25], "texture": "#0"},
				"south": {"uv": [5.875, 10.625, 6.25, 11.25], "texture": "#0"},
				"west": {"uv": [5.875, 10.625, 6, 11.25], "texture": "#0"},
				"up": {"uv": [5.875, 10.625, 6.25, 10.75], "texture": "#0"},
				"down": {"uv": [5.875, 11.125, 6.25, 11.25], "texture": "#0"}
			}
		},
		{
			"name": "Flattened_9",
			"from": [9.625, 4.75, 8],
			"to": [10, 5.375, 8.125],
			"faces": {
				"north": {"uv": [10, 10.625, 9.625, 11.25], "texture": "#0"},
				"east": {"uv": [9.875, 10.625, 10, 11.25], "texture": "#0"},
				"south": {"uv": [9.625, 10.625, 10, 11.25], "texture": "#0"},
				"west": {"uv": [9.625, 10.625, 9.75, 11.25], "texture": "#0"},
				"up": {"uv": [9.625, 10.625, 10, 10.75], "texture": "#0"},
				"down": {"uv": [9.625, 11.125, 10, 11.25], "texture": "#0"}
			}
		},
		{
			"name": "Flattened_10",
			"from": [6.25, 5, 8],
			"to": [6.375, 5.25, 8.125],
			"faces": {
				"north": {"uv": [6.375, 10.75, 6.25, 11], "texture": "#0"},
				"east": {"uv": [6.25, 10.75, 6.375, 11], "texture": "#0"},
				"south": {"uv": [6.25, 10.75, 6.375, 11], "texture": "#0"},
				"down": {"uv": [6.25, 10.875, 6.375, 11], "texture": "#0"}
			}
		},
		{
			"name": "Flattened_11",
			"from": [6.875, 4.875, 7.9375],
			"to": [7, 5.25, 8.1875],
			"faces": {
				"north": {"uv": [7, 10.75, 6.875, 11.125], "texture": "#0"},
				"east": {"uv": [6.875, 10.75, 7, 11.125], "texture": "#0"},
				"south": {"uv": [6.875, 10.75, 7, 11.125], "texture": "#0"},
				"west": {"uv": [6.875, 10.75, 7, 11.125], "texture": "#0"},
				"down": {"uv": [6.875, 11, 7, 11.125], "texture": "#0"}
			}
		},
		{
			"name": "Flattened_12",
			"from": [8.875, 4.875, 7.9375],
			"to": [9, 5.25, 8.1875],
			"faces": {
				"north": {"uv": [9, 10.75, 8.875, 11.125], "texture": "#0"},
				"east": {"uv": [8.875, 10.75, 9, 11.125], "texture": "#0"},
				"south": {"uv": [8.875, 10.75, 9, 11.125], "texture": "#0"},
				"west": {"uv": [8.875, 10.75, 9, 11.125], "texture": "#0"},
				"down": {"uv": [8.875, 11, 9, 11.125], "texture": "#0"}
			}
		},
		{
			"name": "Flattened_13",
			"from": [9.5, 5, 8],
			"to": [9.625, 5.25, 8.125],
			"faces": {
				"north": {"uv": [9.625, 10.75, 9.5, 11], "texture": "#0"},
				"south": {"uv": [9.5, 10.75, 9.625, 11], "texture": "#0"},
				"west": {"uv": [9.5, 10.75, 9.625, 11], "texture": "#0"},
				"down": {"uv": [9.5, 10.875, 9.625, 11], "texture": "#0"}
			}
		},
		{
			"name": "Flattened_14",
			"from": [6.75, 4.625, 7.9375],
			"to": [6.875, 5.125, 8.1875],
			"faces": {
				"north": {"uv": [6.875, 10.875, 6.75, 11.375], "texture": "#0"},
				"east": {"uv": [6.75, 10.875, 6.875, 11.375], "texture": "#0"},
				"south": {"uv": [6.75, 10.875, 6.875, 11.375], "texture": "#0"},
				"west": {"uv": [6.75, 10.875, 6.875, 11.375], "texture": "#0"},
				"up": {"uv": [6.75, 10.875, 6.875, 11], "texture": "#0"},
				"down": {"uv": [6.75, 11.25, 6.875, 11.375], "texture": "#0"}
			}
		},
		{
			"name": "Flattened_15",
			"from": [7, 5, 7.9375],
			"to": [7.125, 5.125, 8.1875],
			"faces": {
				"north": {"uv": [7.125, 10.875, 7, 11], "texture": "#0"},
				"south": {"uv": [7, 10.875, 7.125, 11], "texture": "#0"},
				"down": {"uv": [7, 10.875, 7.125, 11], "texture": "#0"}
			}
		},
		{
			"name": "Flattened_16",
			"from": [8.75, 5, 7.9375],
			"to": [8.875, 5.125, 8.1875],
			"faces": {
				"north": {"uv": [8.875, 10.875, 8.75, 11], "texture": "#0"},
				"south": {"uv": [8.75, 10.875, 8.875, 11], "texture": "#0"},
				"down": {"uv": [8.75, 10.875, 8.875, 11], "texture": "#0"}
			}
		},
		{
			"name": "Flattened_17",
			"from": [9, 4.625, 7.9375],
			"to": [9.125, 5.125, 8.1875],
			"faces": {
				"north": {"uv": [9.125, 10.875, 9, 11.375], "texture": "#0"},
				"east": {"uv": [9, 10.875, 9.125, 11.375], "texture": "#0"},
				"south": {"uv": [9, 10.875, 9.125, 11.375], "texture": "#0"},
				"west": {"uv": [9, 10.875, 9.125, 11.375], "texture": "#0"},
				"up": {"uv": [9, 10.875, 9.125, 11], "texture": "#0"},
				"down": {"uv": [9, 11.25, 9.125, 11.375], "texture": "#0"}
			}
		},
		{
			"name": "Flattened_18",
			"from": [7.75, 4.875, 7.9375],
			"to": [8.125, 5, 8.1875],
			"faces": {
				"north": {"uv": [8.125, 11, 7.75, 11.125], "texture": "#0"},
				"east": {"uv": [8, 11, 8.125, 11.125], "texture": "#0"},
				"south": {"uv": [7.75, 11, 8.125, 11.125], "texture": "#0"},
				"west": {"uv": [7.75, 11, 7.875, 11.125], "texture": "#0"}
			}
		},
		{
			"name": "Flattened_19",
			"from": [6, 4.5, 8],
			"to": [6.25, 4.75, 8.125],
			"faces": {
				"north": {"uv": [6.25, 11.25, 6, 11.5], "texture": "#0"},
				"east": {"uv": [6.125, 11.25, 6.25, 11.5], "texture": "#0"},
				"south": {"uv": [6, 11.25, 6.25, 11.5], "texture": "#0"},
				"west": {"uv": [6, 11.25, 6.125, 11.5], "texture": "#0"},
				"down": {"uv": [6, 11.375, 6.25, 11.5], "texture": "#0"}
			}
		},
		{
			"name": "Flattened_20",
			"from": [9.625, 4.5, 8],
			"to": [9.875, 4.75, 8.125],
			"faces": {
				"north": {"uv": [9.875, 11.25, 9.625, 11.5], "texture": "#0"},
				"east": {"uv": [9.75, 11.25, 9.875, 11.5], "texture": "#0"},
				"south": {"uv": [9.625, 11.25, 9.875, 11.5], "texture": "#0"},
				"west": {"uv": [9.625, 11.25, 9.75, 11.5], "texture": "#0"},
				"down": {"uv": [9.625, 11.375, 9.875, 11.5], "texture": "#0"}
			}
		},
		{
			"name": "Flattened_21",
			"from": [7.75, 3, 7.9375],
			"to": [8.125, 4.625, 8.1875],
			"faces": {
				"north": {"uv": [8.125, 11.375, 7.75, 13], "texture": "#0"},
				"east": {"uv": [8, 11.375, 8.125, 13], "texture": "#0"},
				"south": {"uv": [7.75, 11.375, 8.125, 13], "texture": "#0"},
				"west": {"uv": [7.75, 11.375, 7.875, 13], "texture": "#0"}
			}
		},
		{
			"name": "Flattened_22",
			"from": [6.125, 4.375, 8],
			"to": [6.375, 4.5, 8.125],
			"faces": {
				"north": {"uv": [6.375, 11.5, 6.125, 11.625], "texture": "#0"},
				"east": {"uv": [6.25, 11.5, 6.375, 11.625], "texture": "#0"},
				"south": {"uv": [6.125, 11.5, 6.375, 11.625], "texture": "#0"},
				"west": {"uv": [6.125, 11.5, 6.25, 11.625], "texture": "#0"},
				"up": {"uv": [6.125, 11.5, 6.375, 11.625], "texture": "#0"},
				"down": {"uv": [6.125, 11.5, 6.375, 11.625], "texture": "#0"}
			}
		},
		{
			"name": "Flattened_23",
			"from": [9.5, 4.375, 8],
			"to": [9.75, 4.5, 8.125],
			"faces": {
				"north": {"uv": [9.75, 11.5, 9.5, 11.625], "texture": "#0"},
				"east": {"uv": [9.625, 11.5, 9.75, 11.625], "texture": "#0"},
				"south": {"uv": [9.5, 11.5, 9.75, 11.625], "texture": "#0"},
				"west": {"uv": [9.5, 11.5, 9.625, 11.625], "texture": "#0"},
				"up": {"uv": [9.5, 11.5, 9.75, 11.625], "texture": "#0"},
				"down": {"uv": [9.5, 11.5, 9.75, 11.625], "texture": "#0"}
			}
		},
		{
			"name": "Flattened_24",
			"from": [6.25, 4.25, 8],
			"to": [6.5, 4.375, 8.125],
			"faces": {
				"north": {"uv": [6.5, 11.625, 6.25, 11.75], "texture": "#0"},
				"east": {"uv": [6.375, 11.625, 6.5, 11.75], "texture": "#0"},
				"south": {"uv": [6.25, 11.625, 6.5, 11.75], "texture": "#0"},
				"west": {"uv": [6.25, 11.625, 6.375, 11.75], "texture": "#0"},
				"up": {"uv": [6.25, 11.625, 6.5, 11.75], "texture": "#0"},
				"down": {"uv": [6.25, 11.625, 6.5, 11.75], "texture": "#0"}
			}
		},
		{
			"name": "Flattened_25",
			"from": [9.375, 4.25, 8],
			"to": [9.625, 4.375, 8.125],
			"faces": {
				"north": {"uv": [9.625, 11.625, 9.375, 11.75], "texture": "#0"},
				"east": {"uv": [9.5, 11.625, 9.625, 11.75], "texture": "#0"},
				"south": {"uv": [9.375, 11.625, 9.625, 11.75], "texture": "#0"},
				"west": {"uv": [9.375, 11.625, 9.5, 11.75], "texture": "#0"},
				"up": {"uv": [9.375, 11.625, 9.625, 11.75], "texture": "#0"},
				"down": {"uv": [9.375, 11.625, 9.625, 11.75], "texture": "#0"}
			}
		},
		{
			"name": "Flattened_26",
			"from": [7.75, 2.625, 7.9375],
			"to": [8.125, 2.75, 8.1875],
			"faces": {
				"north": {"uv": [8.125, 13.25, 7.75, 13.375], "texture": "#0"},
				"east": {"uv": [8, 13.25, 8.125, 13.375], "texture": "#0"},
				"south": {"uv": [7.75, 13.25, 8.125, 13.375], "texture": "#0"},
				"west": {"uv": [7.75, 13.25, 7.875, 13.375], "texture": "#0"}
			}
		},
		{
			"name": "Flattened_27",
			"from": [7.75, 2.125, 7.9375],
			"to": [8.125, 2.25, 8.1875],
			"faces": {
				"north": {"uv": [8.125, 13.75, 7.75, 13.875], "texture": "#0"},
				"east": {"uv": [8, 13.75, 8.125, 13.875], "texture": "#0"},
				"south": {"uv": [7.75, 13.75, 8.125, 13.875], "texture": "#0"},
				"west": {"uv": [7.75, 13.75, 7.875, 13.875], "texture": "#0"}
			}
		},
		{
			"name": "Flattened_28",
			"from": [7.375, 0.875, 7.9375],
			"to": [7.5, 1.5, 8.1875],
			"faces": {
				"north": {"uv": [7.5, 14.5, 7.375, 15.125], "texture": "#0"},
				"east": {"uv": [7.375, 14.5, 7.5, 15.125], "texture": "#0"},
				"south": {"uv": [7.375, 14.5, 7.5, 15.125], "texture": "#0"},
				"west": {"uv": [7.375, 14.5, 7.5, 15.125], "texture": "#0"},
				"down": {"uv": [7.375, 15, 7.5, 15.125], "texture": "#0"}
			}
		},
		{
			"name": "Flattened_29",
			"from": [8.375, 0.875, 7.9375],
			"to": [8.5, 1.5, 8.1875],
			"faces": {
				"north": {"uv": [8.5, 14.5, 8.375, 15.125], "texture": "#0"},
				"east": {"uv": [8.375, 14.5, 8.5, 15.125], "texture": "#0"},
				"south": {"uv": [8.375, 14.5, 8.5, 15.125], "texture": "#0"},
				"west": {"uv": [8.375, 14.5, 8.5, 15.125], "texture": "#0"},
				"down": {"uv": [8.375, 15, 8.5, 15.125], "texture": "#0"}
			}
		},
		{
			"name": "Flattened_30",
			"from": [7.25, 0.875, 7.9375],
			"to": [7.375, 1.375, 8.1875],
			"faces": {
				"north": {"uv": [7.375, 14.625, 7.25, 15.125], "texture": "#0"},
				"south": {"uv": [7.25, 14.625, 7.375, 15.125], "texture": "#0"},
				"west": {"uv": [7.25, 14.625, 7.375, 15.125], "texture": "#0"},
				"up": {"uv": [7.25, 14.625, 7.375, 14.75], "texture": "#0"},
				"down": {"uv": [7.25, 15, 7.375, 15.125], "texture": "#0"}
			}
		},
		{
			"name": "Flattened_31",
			"from": [7.5, 1, 7.9375],
			"to": [7.625, 1.375, 8.1875],
			"faces": {
				"north": {"uv": [7.625, 14.625, 7.5, 15], "texture": "#0"},
				"east": {"uv": [7.5, 14.625, 7.625, 15], "texture": "#0"},
				"south": {"uv": [7.5, 14.625, 7.625, 15], "texture": "#0"},
				"down": {"uv": [7.5, 14.875, 7.625, 15], "texture": "#0"}
			}
		},
		{
			"name": "Flattened_32",
			"from": [8.25, 1, 7.9375],
			"to": [8.375, 1.375, 8.1875],
			"faces": {
				"north": {"uv": [8.375, 14.625, 8.25, 15], "texture": "#0"},
				"south": {"uv": [8.25, 14.625, 8.375, 15], "texture": "#0"},
				"west": {"uv": [8.25, 14.625, 8.375, 15], "texture": "#0"},
				"down": {"uv": [8.25, 14.875, 8.375, 15], "texture": "#0"}
			}
		},
		{
			"name": "Flattened_33",
			"from": [8.5, 0.875, 7.9375],
			"to": [8.625, 1.375, 8.1875],
			"faces": {
				"north": {"uv": [8.625, 14.625, 8.5, 15.125], "texture": "#0"},
				"east": {"uv": [8.5, 14.625, 8.625, 15.125], "texture": "#0"},
				"south": {"uv": [8.5, 14.625, 8.625, 15.125], "texture": "#0"},
				"up": {"uv": [8.5, 14.625, 8.625, 14.75], "texture": "#0"},
				"down": {"uv": [8.5, 15, 8.625, 15.125], "texture": "#0"}
			}
		},
		{
			"name": "Flattened_34",
			"from": [7.125, 1, 7.9375],
			"to": [7.25, 1.25, 8.1875],
			"faces": {
				"north": {"uv": [7.25, 14.75, 7.125, 15], "texture": "#0"},
				"south": {"uv": [7.125, 14.75, 7.25, 15], "texture": "#0"},
				"west": {"uv": [7.125, 14.75, 7.25, 15], "texture": "#0"},
				"up": {"uv": [7.125, 14.75, 7.25, 14.875], "texture": "#0"},
				"down": {"uv": [7.125, 14.875, 7.25, 15], "texture": "#0"}
			}
		},
		{
			"name": "Flattened_35",
			"from": [7.625, 1.125, 7.9375],
			"to": [7.75, 1.25, 8.1875],
			"faces": {
				"north": {"uv": [7.75, 14.75, 7.625, 14.875], "texture": "#0"},
				"south": {"uv": [7.625, 14.75, 7.75, 14.875], "texture": "#0"},
				"down": {"uv": [7.625, 14.75, 7.75, 14.875], "texture": "#0"}
			}
		},
		{
			"name": "Flattened_36",
			"from": [8.125, 1.125, 7.9375],
			"to": [8.25, 1.25, 8.1875],
			"faces": {
				"north": {"uv": [8.25, 14.75, 8.125, 14.875], "texture": "#0"},
				"south": {"uv": [8.125, 14.75, 8.25, 14.875], "texture": "#0"},
				"down": {"uv": [8.125, 14.75, 8.25, 14.875], "texture": "#0"}
			}
		},
		{
			"name": "Flattened_37",
			"from": [8.625, 1, 7.9375],
			"to": [8.75, 1.25, 8.1875],
			"faces": {
				"north": {"uv": [8.75, 14.75, 8.625, 15], "texture": "#0"},
				"east": {"uv": [8.625, 14.75, 8.75, 15], "texture": "#0"},
				"south": {"uv": [8.625, 14.75, 8.75, 15], "texture": "#0"},
				"up": {"uv": [8.625, 14.75, 8.75, 14.875], "texture": "#0"},
				"down": {"uv": [8.625, 14.875, 8.75, 15], "texture": "#0"}
			}
		},
		{
			"name": "Layer 1_0",
			"from": [7.875, 15.375, 8],
			"to": [8, 15.625, 8.125],
			"faces": {
				"north": {"uv": [8, 0.375, 7.875, 0.625], "texture": "#0"},
				"east": {"uv": [7.875, 0.375, 8, 0.625], "texture": "#0"},
				"south": {"uv": [7.875, 0.375, 8, 0.625], "texture": "#0"},
				"west": {"uv": [7.875, 0.375, 8, 0.625], "texture": "#0"},
				"up": {"uv": [7.875, 0.375, 8, 0.5], "texture": "#0"}
			}
		},
		{
			"name": "Layer 1_1",
			"from": [7.75, 15.125, 8],
			"to": [7.875, 15.375, 8.125],
			"faces": {
				"north": {"uv": [7.875, 0.625, 7.75, 0.875], "texture": "#0"},
				"south": {"uv": [7.75, 0.625, 7.875, 0.875], "texture": "#0"},
				"west": {"uv": [7.75, 0.625, 7.875, 0.875], "texture": "#0"},
				"up": {"uv": [7.75, 0.625, 7.875, 0.75], "texture": "#0"}
			}
		},
		{
			"name": "Layer 1_2",
			"from": [8, 15.125, 8],
			"to": [8.125, 15.375, 8.125],
			"faces": {
				"north": {"uv": [8.125, 0.625, 8, 0.875], "texture": "#0"},
				"east": {"uv": [8, 0.625, 8.125, 0.875], "texture": "#0"},
				"south": {"uv": [8, 0.625, 8.125, 0.875], "texture": "#0"},
				"up": {"uv": [8, 0.625, 8.125, 0.75], "texture": "#0"}
			}
		},
		{
			"name": "Layer 1_3",
			"from": [7.625, 14.75, 8],
			"to": [7.75, 15.125, 8.125],
			"faces": {
				"north": {"uv": [7.75, 0.875, 7.625, 1.25], "texture": "#0"},
				"south": {"uv": [7.625, 0.875, 7.75, 1.25], "texture": "#0"},
				"west": {"uv": [7.625, 0.875, 7.75, 1.25], "texture": "#0"},
				"up": {"uv": [7.625, 0.875, 7.75, 1], "texture": "#0"}
			}
		},
		{
			"name": "Layer 1_4",
			"from": [8.125, 14.75, 8],
			"to": [8.25, 15.125, 8.125],
			"faces": {
				"north": {"uv": [8.25, 0.875, 8.125, 1.25], "texture": "#0"},
				"east": {"uv": [8.125, 0.875, 8.25, 1.25], "texture": "#0"},
				"south": {"uv": [8.125, 0.875, 8.25, 1.25], "texture": "#0"},
				"up": {"uv": [8.125, 0.875, 8.25, 1], "texture": "#0"}
			}
		},
		{
			"name": "Layer 1_5",
			"from": [7.5, 9.875, 8],
			"to": [7.625, 14.75, 8.125],
			"faces": {
				"north": {"uv": [7.625, 1.25, 7.5, 6.125], "texture": "#0"},
				"south": {"uv": [7.5, 1.25, 7.625, 6.125], "texture": "#0"},
				"west": {"uv": [7.5, 1.25, 7.625, 6.125], "texture": "#0"},
				"up": {"uv": [7.5, 1.25, 7.625, 1.375], "texture": "#0"}
			}
		},
		{
			"name": "Layer 1_6",
			"from": [8.25, 9.875, 8],
			"to": [8.375, 14.75, 8.125],
			"faces": {
				"north": {"uv": [8.375, 1.25, 8.25, 6.125], "texture": "#0"},
				"east": {"uv": [8.25, 1.25, 8.375, 6.125], "texture": "#0"},
				"south": {"uv": [8.25, 1.25, 8.375, 6.125], "texture": "#0"},
				"up": {"uv": [8.25, 1.25, 8.375, 1.375], "texture": "#0"}
			}
		},
		{
			"name": "Layer 1_7",
			"from": [7.375, 8.625, 8],
			"to": [7.5, 9.875, 8.125],
			"faces": {
				"north": {"uv": [7.5, 6.125, 7.375, 7.375], "texture": "#0"},
				"south": {"uv": [7.375, 6.125, 7.5, 7.375], "texture": "#0"},
				"west": {"uv": [7.375, 6.125, 7.5, 7.375], "texture": "#0"},
				"up": {"uv": [7.375, 6.125, 7.5, 6.25], "texture": "#0"}
			}
		},
		{
			"name": "Layer 1_8",
			"from": [8.375, 8.625, 8],
			"to": [8.5, 9.875, 8.125],
			"faces": {
				"north": {"uv": [8.5, 6.125, 8.375, 7.375], "texture": "#0"},
				"east": {"uv": [8.375, 6.125, 8.5, 7.375], "texture": "#0"},
				"south": {"uv": [8.375, 6.125, 8.5, 7.375], "texture": "#0"},
				"up": {"uv": [8.375, 6.125, 8.5, 6.25], "texture": "#0"}
			}
		},
		{
			"name": "Layer 1_9",
			"from": [7.25, 8.375, 8],
			"to": [7.375, 8.625, 8.125],
			"faces": {
				"north": {"uv": [7.375, 7.375, 7.25, 7.625], "texture": "#0"},
				"south": {"uv": [7.25, 7.375, 7.375, 7.625], "texture": "#0"},
				"west": {"uv": [7.25, 7.375, 7.375, 7.625], "texture": "#0"},
				"up": {"uv": [7.25, 7.375, 7.375, 7.5], "texture": "#0"}
			}
		},
		{
			"name": "Layer 1_10",
			"from": [8.5, 8.375, 8],
			"to": [8.625, 8.625, 8.125],
			"faces": {
				"north": {"uv": [8.625, 7.375, 8.5, 7.625], "texture": "#0"},
				"east": {"uv": [8.5, 7.375, 8.625, 7.625], "texture": "#0"},
				"south": {"uv": [8.5, 7.375, 8.625, 7.625], "texture": "#0"},
				"up": {"uv": [8.5, 7.375, 8.625, 7.5], "texture": "#0"}
			}
		},
		{
			"name": "Layer 1_11",
			"from": [7.125, 8.25, 8],
			"to": [7.25, 8.375, 8.125],
			"faces": {
				"north": {"uv": [7.25, 7.625, 7.125, 7.75], "texture": "#0"},
				"south": {"uv": [7.125, 7.625, 7.25, 7.75], "texture": "#0"},
				"west": {"uv": [7.125, 7.625, 7.25, 7.75], "texture": "#0"},
				"up": {"uv": [7.125, 7.625, 7.25, 7.75], "texture": "#0"}
			}
		},
		{
			"name": "Layer 1_12",
			"from": [8.625, 8.25, 8],
			"to": [8.75, 8.375, 8.125],
			"faces": {
				"north": {"uv": [8.75, 7.625, 8.625, 7.75], "texture": "#0"},
				"east": {"uv": [8.625, 7.625, 8.75, 7.75], "texture": "#0"},
				"south": {"uv": [8.625, 7.625, 8.75, 7.75], "texture": "#0"},
				"up": {"uv": [8.625, 7.625, 8.75, 7.75], "texture": "#0"}
			}
		},
		{
			"name": "Layer 1_13",
			"from": [7, 8.125, 8],
			"to": [7.125, 8.25, 8.125],
			"faces": {
				"north": {"uv": [7.125, 7.75, 7, 7.875], "texture": "#0"},
				"south": {"uv": [7, 7.75, 7.125, 7.875], "texture": "#0"},
				"west": {"uv": [7, 7.75, 7.125, 7.875], "texture": "#0"},
				"up": {"uv": [7, 7.75, 7.125, 7.875], "texture": "#0"},
				"down": {"uv": [7, 7.75, 7.125, 7.875], "texture": "#0"}
			}
		},
		{
			"name": "Layer 1_14",
			"from": [8.75, 8.125, 8],
			"to": [8.875, 8.25, 8.125],
			"faces": {
				"north": {"uv": [8.875, 7.75, 8.75, 7.875], "texture": "#0"},
				"east": {"uv": [8.75, 7.75, 8.875, 7.875], "texture": "#0"},
				"south": {"uv": [8.75, 7.75, 8.875, 7.875], "texture": "#0"},
				"up": {"uv": [8.75, 7.75, 8.875, 7.875], "texture": "#0"},
				"down": {"uv": [8.75, 7.75, 8.875, 7.875], "texture": "#0"}
			}
		},
		{
			"name": "Layer 1_15",
			"from": [7.125, 8, 8],
			"to": [7.25, 8.125, 8.125],
			"faces": {
				"north": {"uv": [7.25, 7.875, 7.125, 8], "texture": "#0"},
				"south": {"uv": [7.125, 7.875, 7.25, 8], "texture": "#0"},
				"west": {"uv": [7.125, 7.875, 7.25, 8], "texture": "#0"},
				"down": {"uv": [7.125, 7.875, 7.25, 8], "texture": "#0"}
			}
		},
		{
			"name": "Layer 1_16",
			"from": [8.625, 8, 8],
			"to": [8.75, 8.125, 8.125],
			"faces": {
				"north": {"uv": [8.75, 7.875, 8.625, 8], "texture": "#0"},
				"east": {"uv": [8.625, 7.875, 8.75, 8], "texture": "#0"},
				"south": {"uv": [8.625, 7.875, 8.75, 8], "texture": "#0"},
				"down": {"uv": [8.625, 7.875, 8.75, 8], "texture": "#0"}
			}
		},
		{
			"name": "Layer 1_17",
			"from": [7.25, 7.75, 8],
			"to": [7.375, 8, 8.125],
			"faces": {
				"north": {"uv": [7.375, 8, 7.25, 8.25], "texture": "#0"},
				"south": {"uv": [7.25, 8, 7.375, 8.25], "texture": "#0"},
				"west": {"uv": [7.25, 8, 7.375, 8.25], "texture": "#0"},
				"down": {"uv": [7.25, 8.125, 7.375, 8.25], "texture": "#0"}
			}
		},
		{
			"name": "Layer 1_18",
			"from": [8.5, 7.75, 8],
			"to": [8.625, 8, 8.125],
			"faces": {
				"north": {"uv": [8.625, 8, 8.5, 8.25], "texture": "#0"},
				"east": {"uv": [8.5, 8, 8.625, 8.25], "texture": "#0"},
				"south": {"uv": [8.5, 8, 8.625, 8.25], "texture": "#0"},
				"down": {"uv": [8.5, 8.125, 8.625, 8.25], "texture": "#0"}
			}
		},
		{
			"name": "Layer 1_19",
			"from": [7.375, 7.125, 8],
			"to": [7.5, 7.75, 8.125],
			"faces": {
				"north": {"uv": [7.5, 8.25, 7.375, 8.875], "texture": "#0"},
				"south": {"uv": [7.375, 8.25, 7.5, 8.875], "texture": "#0"},
				"west": {"uv": [7.375, 8.25, 7.5, 8.875], "texture": "#0"}
			}
		},
		{
			"name": "Layer 1_20",
			"from": [8.375, 7.125, 8],
			"to": [8.5, 7.75, 8.125],
			"faces": {
				"north": {"uv": [8.5, 8.25, 8.375, 8.875], "texture": "#0"},
				"east": {"uv": [8.375, 8.25, 8.5, 8.875], "texture": "#0"},
				"south": {"uv": [8.375, 8.25, 8.5, 8.875], "texture": "#0"}
			}
		},
		{
			"name": "Layer 1_21",
			"from": [7.25, 6.75, 8],
			"to": [7.375, 7.125, 8.125],
			"faces": {
				"north": {"uv": [7.375, 8.875, 7.25, 9.25], "texture": "#0"},
				"south": {"uv": [7.25, 8.875, 7.375, 9.25], "texture": "#0"},
				"west": {"uv": [7.25, 8.875, 7.375, 9.25], "texture": "#0"},
				"up": {"uv": [7.25, 8.875, 7.375, 9], "texture": "#0"}
			}
		},
		{
			"name": "Layer 1_22",
			"from": [8.5, 6.75, 8],
			"to": [8.625, 7.125, 8.125],
			"faces": {
				"north": {"uv": [8.625, 8.875, 8.5, 9.25], "texture": "#0"},
				"east": {"uv": [8.5, 8.875, 8.625, 9.25], "texture": "#0"},
				"south": {"uv": [8.5, 8.875, 8.625, 9.25], "texture": "#0"},
				"up": {"uv": [8.5, 8.875, 8.625, 9], "texture": "#0"}
			}
		},
		{
			"name": "Layer 2_0",
			"from": [7.875, 9.75, 7.9375],
			"to": [8, 15.375, 8.1875],
			"faces": {
				"north": {"uv": [8, 0.625, 7.875, 6.25], "texture": "#0"},
				"east": {"uv": [7.875, 0.625, 8, 6.25], "texture": "#0"},
				"south": {"uv": [7.875, 0.625, 8, 6.25], "texture": "#0"},
				"west": {"uv": [7.875, 0.625, 8, 6.25], "texture": "#0"},
				"up": {"uv": [7.875, 0.625, 8, 0.75], "texture": "#0"}
			}
		},
		{
			"name": "Layer 2_1",
			"from": [7.75, 9.625, 7.9375],
			"to": [7.875, 15.125, 8.1875],
			"faces": {
				"north": {"uv": [7.875, 0.875, 7.75, 6.375], "texture": "#0"},
				"south": {"uv": [7.75, 0.875, 7.875, 6.375], "texture": "#0"},
				"west": {"uv": [7.75, 0.875, 7.875, 6.375], "texture": "#0"},
				"up": {"uv": [7.75, 0.875, 7.875, 1], "texture": "#0"}
			}
		},
		{
			"name": "Layer 2_2",
			"from": [8, 9.625, 7.9375],
			"to": [8.125, 15.125, 8.1875],
			"faces": {
				"north": {"uv": [8.125, 0.875, 8, 6.375], "texture": "#0"},
				"east": {"uv": [8, 0.875, 8.125, 6.375], "texture": "#0"},
				"south": {"uv": [8, 0.875, 8.125, 6.375], "texture": "#0"},
				"up": {"uv": [8, 0.875, 8.125, 1], "texture": "#0"}
			}
		},
		{
			"name": "Layer 2_3",
			"from": [7.625, 8.375, 7.9375],
			"to": [7.75, 14.75, 8.1875],
			"faces": {
				"north": {"uv": [7.75, 1.25, 7.625, 7.625], "texture": "#0"},
				"south": {"uv": [7.625, 1.25, 7.75, 7.625], "texture": "#0"},
				"west": {"uv": [7.625, 1.25, 7.75, 7.625], "texture": "#0"},
				"up": {"uv": [7.625, 1.25, 7.75, 1.375], "texture": "#0"}
			}
		},
		{
			"name": "Layer 2_4",
			"from": [8.125, 8.375, 7.9375],
			"to": [8.25, 14.75, 8.1875],
			"faces": {
				"north": {"uv": [8.25, 1.25, 8.125, 7.625], "texture": "#0"},
				"east": {"uv": [8.125, 1.25, 8.25, 7.625], "texture": "#0"},
				"south": {"uv": [8.125, 1.25, 8.25, 7.625], "texture": "#0"},
				"up": {"uv": [8.125, 1.25, 8.25, 1.375], "texture": "#0"}
			}
		},
		{
			"name": "Layer 2_5",
			"from": [7.5, 8.25, 7.9375],
			"to": [7.625, 9.875, 8.1875],
			"faces": {
				"north": {"uv": [7.625, 6.125, 7.5, 7.75], "texture": "#0"},
				"south": {"uv": [7.5, 6.125, 7.625, 7.75], "texture": "#0"},
				"west": {"uv": [7.5, 6.125, 7.625, 7.75], "texture": "#0"},
				"up": {"uv": [7.5, 6.125, 7.625, 6.25], "texture": "#0"}
			}
		},
		{
			"name": "Layer 2_6",
			"from": [8.25, 8.25, 7.9375],
			"to": [8.375, 9.875, 8.1875],
			"faces": {
				"north": {"uv": [8.375, 6.125, 8.25, 7.75], "texture": "#0"},
				"east": {"uv": [8.25, 6.125, 8.375, 7.75], "texture": "#0"},
				"south": {"uv": [8.25, 6.125, 8.375, 7.75], "texture": "#0"},
				"up": {"uv": [8.25, 6.125, 8.375, 6.25], "texture": "#0"}
			}
		},
		{
			"name": "Layer 2_7",
			"from": [7.375, 7.75, 7.9375],
			"to": [7.5, 8.625, 8.1875],
			"faces": {
				"north": {"uv": [7.5, 7.375, 7.375, 8.25], "texture": "#0"},
				"south": {"uv": [7.375, 7.375, 7.5, 8.25], "texture": "#0"},
				"west": {"uv": [7.375, 7.375, 7.5, 8.25], "texture": "#0"},
				"up": {"uv": [7.375, 7.375, 7.5, 7.5], "texture": "#0"},
				"down": {"uv": [7.375, 8.125, 7.5, 8.25], "texture": "#0"}
			}
		},
		{
			"name": "Layer 2_8",
			"from": [8.375, 7.75, 7.9375],
			"to": [8.5, 8.625, 8.1875],
			"faces": {
				"north": {"uv": [8.5, 7.375, 8.375, 8.25], "texture": "#0"},
				"east": {"uv": [8.375, 7.375, 8.5, 8.25], "texture": "#0"},
				"south": {"uv": [8.375, 7.375, 8.5, 8.25], "texture": "#0"},
				"up": {"uv": [8.375, 7.375, 8.5, 7.5], "texture": "#0"},
				"down": {"uv": [8.375, 8.125, 8.5, 8.25], "texture": "#0"}
			}
		},
		{
			"name": "Layer 2_9",
			"from": [7.25, 8, 7.9375],
			"to": [7.375, 8.375, 8.1875],
			"faces": {
				"north": {"uv": [7.375, 7.625, 7.25, 8], "texture": "#0"},
				"south": {"uv": [7.25, 7.625, 7.375, 8], "texture": "#0"},
				"west": {"uv": [7.25, 7.625, 7.375, 8], "texture": "#0"},
				"up": {"uv": [7.25, 7.625, 7.375, 7.75], "texture": "#0"},
				"down": {"uv": [7.25, 7.875, 7.375, 8], "texture": "#0"}
			}
		},
		{
			"name": "Layer 2_10",
			"from": [8.5, 8, 7.9375],
			"to": [8.625, 8.375, 8.1875],
			"faces": {
				"north": {"uv": [8.625, 7.625, 8.5, 8], "texture": "#0"},
				"east": {"uv": [8.5, 7.625, 8.625, 8], "texture": "#0"},
				"south": {"uv": [8.5, 7.625, 8.625, 8], "texture": "#0"},
				"up": {"uv": [8.5, 7.625, 8.625, 7.75], "texture": "#0"},
				"down": {"uv": [8.5, 7.875, 8.625, 8], "texture": "#0"}
			}
		},
		{
			"name": "Layer 2_11",
			"from": [7.125, 8.125, 7.9375],
			"to": [7.25, 8.25, 8.1875],
			"faces": {
				"north": {"uv": [7.25, 7.75, 7.125, 7.875], "texture": "#0"},
				"south": {"uv": [7.125, 7.75, 7.25, 7.875], "texture": "#0"},
				"west": {"uv": [7.125, 7.75, 7.25, 7.875], "texture": "#0"},
				"up": {"uv": [7.125, 7.75, 7.25, 7.875], "texture": "#0"},
				"down": {"uv": [7.125, 7.75, 7.25, 7.875], "texture": "#0"}
			}
		},
		{
			"name": "Layer 2_12",
			"from": [8.625, 8.125, 7.9375],
			"to": [8.75, 8.25, 8.1875],
			"faces": {
				"north": {"uv": [8.75, 7.75, 8.625, 7.875], "texture": "#0"},
				"east": {"uv": [8.625, 7.75, 8.75, 7.875], "texture": "#0"},
				"south": {"uv": [8.625, 7.75, 8.75, 7.875], "texture": "#0"},
				"up": {"uv": [8.625, 7.75, 8.75, 7.875], "texture": "#0"},
				"down": {"uv": [8.625, 7.75, 8.75, 7.875], "texture": "#0"}
			}
		},
		{
			"name": "Layer 2_13",
			"from": [7.5, 6.75, 7.9375],
			"to": [7.625, 8.125, 8.1875],
			"faces": {
				"north": {"uv": [7.625, 7.875, 7.5, 9.25], "texture": "#0"},
				"south": {"uv": [7.5, 7.875, 7.625, 9.25], "texture": "#0"},
				"west": {"uv": [7.5, 7.875, 7.625, 9.25], "texture": "#0"}
			}
		},
		{
			"name": "Layer 2_14",
			"from": [8.25, 6.75, 7.9375],
			"to": [8.375, 8.125, 8.1875],
			"faces": {
				"north": {"uv": [8.375, 7.875, 8.25, 9.25], "texture": "#0"},
				"east": {"uv": [8.25, 7.875, 8.375, 9.25], "texture": "#0"},
				"south": {"uv": [8.25, 7.875, 8.375, 9.25], "texture": "#0"}
			}
		},
		{
			"name": "Layer 2_15",
			"from": [7.625, 7.125, 7.9375],
			"to": [7.75, 8, 8.1875],
			"faces": {
				"north": {"uv": [7.75, 8, 7.625, 8.875], "texture": "#0"},
				"south": {"uv": [7.625, 8, 7.75, 8.875], "texture": "#0"}
			}
		},
		{
			"name": "Layer 2_16",
			"from": [8.125, 7.125, 7.9375],
			"to": [8.25, 8, 8.1875],
			"faces": {
				"north": {"uv": [8.25, 8, 8.125, 8.875], "texture": "#0"},
				"south": {"uv": [8.125, 8, 8.25, 8.875], "texture": "#0"}
			}
		},
		{
			"name": "Layer 2_17",
			"from": [7.375, 6.625, 7.9375],
			"to": [7.5, 7.125, 8.1875],
			"faces": {
				"north": {"uv": [7.5, 8.875, 7.375, 9.375], "texture": "#0"},
				"south": {"uv": [7.375, 8.875, 7.5, 9.375], "texture": "#0"},
				"west": {"uv": [7.375, 8.875, 7.5, 9.375], "texture": "#0"},
				"up": {"uv": [7.375, 8.875, 7.5, 9], "texture": "#0"}
			}
		},
		{
			"name": "Layer 2_18",
			"from": [8.375, 6.625, 7.9375],
			"to": [8.5, 7.125, 8.1875],
			"faces": {
				"north": {"uv": [8.5, 8.875, 8.375, 9.375], "texture": "#0"},
				"east": {"uv": [8.375, 8.875, 8.5, 9.375], "texture": "#0"},
				"south": {"uv": [8.375, 8.875, 8.5, 9.375], "texture": "#0"},
				"up": {"uv": [8.375, 8.875, 8.5, 9], "texture": "#0"}
			}
		},
		{
			"name": "Layer 3_0",
			"from": [7.875, 7, 7.875],
			"to": [8, 9.75, 8.25],
			"faces": {
				"north": {"uv": [8, 6.25, 7.875, 9], "texture": "#0"},
				"east": {"uv": [7.875, 6.25, 8, 9], "texture": "#0"},
				"south": {"uv": [7.875, 6.25, 8, 9], "texture": "#0"},
				"west": {"uv": [7.875, 6.25, 8, 9], "texture": "#0"},
				"up": {"uv": [7.875, 6.25, 8, 6.375], "texture": "#0"}
			}
		},
		{
			"name": "Layer 3_1",
			"from": [7.75, 6.875, 7.875],
			"to": [7.875, 9.625, 8.25],
			"faces": {
				"north": {"uv": [7.875, 6.375, 7.75, 9.125], "texture": "#0"},
				"south": {"uv": [7.75, 6.375, 7.875, 9.125], "texture": "#0"},
				"west": {"uv": [7.75, 6.375, 7.875, 9.125], "texture": "#0"},
				"up": {"uv": [7.75, 6.375, 7.875, 6.5], "texture": "#0"}
			}
		},
		{
			"name": "Layer 3_2",
			"from": [8, 6.875, 7.875],
			"to": [8.125, 9.625, 8.25],
			"faces": {
				"north": {"uv": [8.125, 6.375, 8, 9.125], "texture": "#0"},
				"east": {"uv": [8, 6.375, 8.125, 9.125], "texture": "#0"},
				"south": {"uv": [8, 6.375, 8.125, 9.125], "texture": "#0"},
				"up": {"uv": [8, 6.375, 8.125, 6.5], "texture": "#0"}
			}
		},
		{
			"name": "Layer 3_3",
			"from": [7.625, 8, 7.875],
			"to": [7.75, 8.375, 8.25],
			"faces": {
				"north": {"uv": [7.75, 7.625, 7.625, 8], "texture": "#0"},
				"south": {"uv": [7.625, 7.625, 7.75, 8], "texture": "#0"},
				"west": {"uv": [7.625, 7.625, 7.75, 8], "texture": "#0"},
				"up": {"uv": [7.625, 7.625, 7.75, 7.75], "texture": "#0"},
				"down": {"uv": [7.625, 7.875, 7.75, 8], "texture": "#0"}
			}
		},
		{
			"name": "Layer 3_4",
			"from": [8.125, 8, 7.875],
			"to": [8.25, 8.375, 8.25],
			"faces": {
				"north": {"uv": [8.25, 7.625, 8.125, 8], "texture": "#0"},
				"east": {"uv": [8.125, 7.625, 8.25, 8], "texture": "#0"},
				"south": {"uv": [8.125, 7.625, 8.25, 8], "texture": "#0"},
				"up": {"uv": [8.125, 7.625, 8.25, 7.75], "texture": "#0"},
				"down": {"uv": [8.125, 7.875, 8.25, 8], "texture": "#0"}
			}
		},
		{
			"name": "Layer 3_5",
			"from": [7.5, 8.125, 7.875],
			"to": [7.625, 8.25, 8.25],
			"faces": {
				"north": {"uv": [7.625, 7.75, 7.5, 7.875], "texture": "#0"},
				"south": {"uv": [7.5, 7.75, 7.625, 7.875], "texture": "#0"},
				"west": {"uv": [7.5, 7.75, 7.625, 7.875], "texture": "#0"},
				"up": {"uv": [7.5, 7.75, 7.625, 7.875], "texture": "#0"},
				"down": {"uv": [7.5, 7.75, 7.625, 7.875], "texture": "#0"}
			}
		},
		{
			"name": "Layer 3_6",
			"from": [8.25, 8.125, 7.875],
			"to": [8.375, 8.25, 8.25],
			"faces": {
				"north": {"uv": [8.375, 7.75, 8.25, 7.875], "texture": "#0"},
				"east": {"uv": [8.25, 7.75, 8.375, 7.875], "texture": "#0"},
				"south": {"uv": [8.25, 7.75, 8.375, 7.875], "texture": "#0"},
				"up": {"uv": [8.25, 7.75, 8.375, 7.875], "texture": "#0"},
				"down": {"uv": [8.25, 7.75, 8.375, 7.875], "texture": "#0"}
			}
		},
		{
			"name": "Layer 3_7",
			"from": [7.625, 6.75, 7.875],
			"to": [7.75, 7.125, 8.25],
			"faces": {
				"north": {"uv": [7.75, 8.875, 7.625, 9.25], "texture": "#0"},
				"south": {"uv": [7.625, 8.875, 7.75, 9.25], "texture": "#0"},
				"west": {"uv": [7.625, 8.875, 7.75, 9.25], "texture": "#0"},
				"up": {"uv": [7.625, 8.875, 7.75, 9], "texture": "#0"}
			}
		},
		{
			"name": "Layer 3_8",
			"from": [8.125, 6.75, 7.875],
			"to": [8.25, 7.125, 8.25],
			"faces": {
				"north": {"uv": [8.25, 8.875, 8.125, 9.25], "texture": "#0"},
				"east": {"uv": [8.125, 8.875, 8.25, 9.25], "texture": "#0"},
				"south": {"uv": [8.125, 8.875, 8.25, 9.25], "texture": "#0"},
				"up": {"uv": [8.125, 8.875, 8.25, 9], "texture": "#0"}
			}
		},
		{
			"name": "Layer 5_0",
			"from": [6.375, 5.25, 7.9375],
			"to": [6.75, 5.75, 8.1875],
			"faces": {
				"north": {"uv": [6.75, 10.25, 6.375, 10.75], "texture": "#0"},
				"south": {"uv": [6.375, 10.25, 6.75, 10.75], "texture": "#0"},
				"west": {"uv": [6.375, 10.25, 6.5, 10.75], "texture": "#0"},
				"up": {"uv": [6.375, 10.25, 6.75, 10.375], "texture": "#0"},
				"down": {"uv": [6.375, 10.625, 6.75, 10.75], "texture": "#0"}
			}
		},
		{
			"name": "Layer 5_1",
			"from": [9.125, 5.25, 7.9375],
			"to": [9.5, 5.75, 8.1875],
			"faces": {
				"north": {"uv": [9.5, 10.25, 9.125, 10.75], "texture": "#0"},
				"east": {"uv": [9.375, 10.25, 9.5, 10.75], "texture": "#0"},
				"south": {"uv": [9.125, 10.25, 9.5, 10.75], "texture": "#0"},
				"up": {"uv": [9.125, 10.25, 9.5, 10.375], "texture": "#0"},
				"down": {"uv": [9.125, 10.625, 9.5, 10.75], "texture": "#0"}
			}
		},
		{
			"name": "Layer 5_2",
			"from": [6.125, 5.375, 7.9375],
			"to": [6.375, 5.625, 8.1875],
			"faces": {
				"north": {"uv": [6.375, 10.375, 6.125, 10.625], "texture": "#0"},
				"south": {"uv": [6.125, 10.375, 6.375, 10.625], "texture": "#0"},
				"west": {"uv": [6.125, 10.375, 6.25, 10.625], "texture": "#0"},
				"up": {"uv": [6.125, 10.375, 6.375, 10.5], "texture": "#0"},
				"down": {"uv": [6.125, 10.5, 6.375, 10.625], "texture": "#0"}
			}
		},
		{
			"name": "Layer 5_3",
			"from": [6.75, 5.25, 7.9375],
			"to": [6.875, 5.625, 8.1875],
			"faces": {
				"north": {"uv": [6.875, 10.375, 6.75, 10.75], "texture": "#0"},
				"south": {"uv": [6.75, 10.375, 6.875, 10.75], "texture": "#0"},
				"down": {"uv": [6.75, 10.625, 6.875, 10.75], "texture": "#0"}
			}
		},
		{
			"name": "Layer 5_4",
			"from": [9, 5.25, 7.9375],
			"to": [9.125, 5.625, 8.1875],
			"faces": {
				"north": {"uv": [9.125, 10.375, 9, 10.75], "texture": "#0"},
				"south": {"uv": [9, 10.375, 9.125, 10.75], "texture": "#0"},
				"down": {"uv": [9, 10.625, 9.125, 10.75], "texture": "#0"}
			}
		},
		{
			"name": "Layer 5_5",
			"from": [9.5, 5.375, 7.9375],
			"to": [9.75, 5.625, 8.1875],
			"faces": {
				"north": {"uv": [9.75, 10.375, 9.5, 10.625], "texture": "#0"},
				"east": {"uv": [9.625, 10.375, 9.75, 10.625], "texture": "#0"},
				"south": {"uv": [9.5, 10.375, 9.75, 10.625], "texture": "#0"},
				"up": {"uv": [9.5, 10.375, 9.75, 10.5], "texture": "#0"},
				"down": {"uv": [9.5, 10.5, 9.75, 10.625], "texture": "#0"}
			}
		},
		{
			"name": "Layer 5_6",
			"from": [6, 5.375, 7.9375],
			"to": [6.125, 5.5, 8.1875],
			"faces": {
				"north": {"uv": [6.125, 10.5, 6, 10.625], "texture": "#0"},
				"south": {"uv": [6, 10.5, 6.125, 10.625], "texture": "#0"},
				"west": {"uv": [6, 10.5, 6.125, 10.625], "texture": "#0"},
				"up": {"uv": [6, 10.5, 6.125, 10.625], "texture": "#0"},
				"down": {"uv": [6, 10.5, 6.125, 10.625], "texture": "#0"}
			}
		},
		{
			"name": "Layer 5_7",
			"from": [9.75, 5.375, 7.9375],
			"to": [9.875, 5.5, 8.1875],
			"faces": {
				"north": {"uv": [9.875, 10.5, 9.75, 10.625], "texture": "#0"},
				"east": {"uv": [9.75, 10.5, 9.875, 10.625], "texture": "#0"},
				"south": {"uv": [9.75, 10.5, 9.875, 10.625], "texture": "#0"},
				"up": {"uv": [9.75, 10.5, 9.875, 10.625], "texture": "#0"},
				"down": {"uv": [9.75, 10.5, 9.875, 10.625], "texture": "#0"}
			}
		},
		{
			"name": "Layer 5_8",
			"from": [6.25, 5.25, 7.9375],
			"to": [6.375, 5.375, 8.1875],
			"faces": {
				"north": {"uv": [6.375, 10.625, 6.25, 10.75], "texture": "#0"},
				"south": {"uv": [6.25, 10.625, 6.375, 10.75], "texture": "#0"},
				"west": {"uv": [6.25, 10.625, 6.375, 10.75], "texture": "#0"},
				"down": {"uv": [6.25, 10.625, 6.375, 10.75], "texture": "#0"}
			}
		},
		{
			"name": "Layer 5_9",
			"from": [9.5, 5.25, 7.9375],
			"to": [9.625, 5.375, 8.1875],
			"faces": {
				"north": {"uv": [9.625, 10.625, 9.5, 10.75], "texture": "#0"},
				"east": {"uv": [9.5, 10.625, 9.625, 10.75], "texture": "#0"},
				"south": {"uv": [9.5, 10.625, 9.625, 10.75], "texture": "#0"},
				"down": {"uv": [9.5, 10.625, 9.625, 10.75], "texture": "#0"}
			}
		},
		{
			"name": "Layer 5_10",
			"from": [6.375, 5.125, 7.9375],
			"to": [6.625, 5.25, 8.1875],
			"faces": {
				"north": {"uv": [6.625, 10.75, 6.375, 10.875], "texture": "#0"},
				"east": {"uv": [6.5, 10.75, 6.625, 10.875], "texture": "#0"},
				"south": {"uv": [6.375, 10.75, 6.625, 10.875], "texture": "#0"},
				"west": {"uv": [6.375, 10.75, 6.5, 10.875], "texture": "#0"},
				"down": {"uv": [6.375, 10.75, 6.625, 10.875], "texture": "#0"}
			}
		},
		{
			"name": "Layer 5_11",
			"from": [7.625, 5, 7.875],
			"to": [8.25, 5.25, 8.25],
			"faces": {
				"north": {"uv": [8.25, 10.75, 7.625, 11], "texture": "#0"},
				"east": {"uv": [8.125, 10.75, 8.25, 11], "texture": "#0"},
				"south": {"uv": [7.625, 10.75, 8.25, 11], "texture": "#0"},
				"west": {"uv": [7.625, 10.75, 7.75, 11], "texture": "#0"},
				"down": {"uv": [7.625, 10.875, 8.25, 11], "texture": "#0"}
			}
		},
		{
			"name": "Layer 5_12",
			"from": [9.25, 5.125, 7.9375],
			"to": [9.5, 5.25, 8.1875],
			"faces": {
				"north": {"uv": [9.5, 10.75, 9.25, 10.875], "texture": "#0"},
				"east": {"uv": [9.375, 10.75, 9.5, 10.875], "texture": "#0"},
				"south": {"uv": [9.25, 10.75, 9.5, 10.875], "texture": "#0"},
				"west": {"uv": [9.25, 10.75, 9.375, 10.875], "texture": "#0"},
				"down": {"uv": [9.25, 10.75, 9.5, 10.875], "texture": "#0"}
			}
		},
		{
			"name": "Layer 5_13",
			"from": [7.625, 4.625, 7.875],
			"to": [8.25, 4.875, 8.25],
			"faces": {
				"north": {"uv": [8.25, 11.125, 7.625, 11.375], "texture": "#0"},
				"east": {"uv": [8.125, 11.125, 8.25, 11.375], "texture": "#0"},
				"south": {"uv": [7.625, 11.125, 8.25, 11.375], "texture": "#0"},
				"west": {"uv": [7.625, 11.125, 7.75, 11.375], "texture": "#0"},
				"up": {"uv": [7.625, 11.125, 8.25, 11.25], "texture": "#0"},
				"down": {"uv": [7.625, 11.25, 8.25, 11.375], "texture": "#0"}
			}
		},
		{
			"name": "Layer 5_14",
			"from": [7.625, 2.75, 7.875],
			"to": [8.25, 3, 8.25],
			"faces": {
				"north": {"uv": [8.25, 13, 7.625, 13.25], "texture": "#0"},
				"east": {"uv": [8.125, 13, 8.25, 13.25], "texture": "#0"},
				"south": {"uv": [7.625, 13, 8.25, 13.25], "texture": "#0"},
				"west": {"uv": [7.625, 13, 7.75, 13.25], "texture": "#0"},
				"up": {"uv": [7.625, 13, 8.25, 13.125], "texture": "#0"},
				"down": {"uv": [7.625, 13.125, 8.25, 13.25], "texture": "#0"}
			}
		},
		{
			"name": "Layer 5_15",
			"from": [7.625, 2.25, 7.875],
			"to": [8.25, 2.625, 8.25],
			"faces": {
				"north": {"uv": [8.25, 13.375, 7.625, 13.75], "texture": "#0"},
				"east": {"uv": [8.125, 13.375, 8.25, 13.75], "texture": "#0"},
				"south": {"uv": [7.625, 13.375, 8.25, 13.75], "texture": "#0"},
				"west": {"uv": [7.625, 13.375, 7.75, 13.75], "texture": "#0"},
				"up": {"uv": [7.625, 13.375, 8.25, 13.5], "texture": "#0"},
				"down": {"uv": [7.625, 13.625, 8.25, 13.75], "texture": "#0"}
			}
		},
		{
			"name": "Layer 5_16",
			"from": [7.625, 1.25, 7.875],
			"to": [8.25, 2.125, 8.25],
			"faces": {
				"north": {"uv": [8.25, 13.875, 7.625, 14.75], "texture": "#0"},
				"east": {"uv": [8.125, 13.875, 8.25, 14.75], "texture": "#0"},
				"south": {"uv": [7.625, 13.875, 8.25, 14.75], "texture": "#0"},
				"west": {"uv": [7.625, 13.875, 7.75, 14.75], "texture": "#0"},
				"up": {"uv": [7.625, 13.875, 8.25, 14], "texture": "#0"},
				"down": {"uv": [7.625, 14.625, 8.25, 14.75], "texture": "#0"}
			}
		},
		{
			"name": "Layer 5_17",
			"from": [7.5, 1.375, 7.875],
			"to": [7.625, 1.875, 8.25],
			"faces": {
				"north": {"uv": [7.625, 14.125, 7.5, 14.625], "texture": "#0"},
				"south": {"uv": [7.5, 14.125, 7.625, 14.625], "texture": "#0"},
				"west": {"uv": [7.5, 14.125, 7.625, 14.625], "texture": "#0"},
				"up": {"uv": [7.5, 14.125, 7.625, 14.25], "texture": "#0"},
				"down": {"uv": [7.5, 14.5, 7.625, 14.625], "texture": "#0"}
			}
		},
		{
			"name": "Layer 5_18",
			"from": [8.25, 1.375, 7.875],
			"to": [8.375, 1.875, 8.25],
			"faces": {
				"north": {"uv": [8.375, 14.125, 8.25, 14.625], "texture": "#0"},
				"east": {"uv": [8.25, 14.125, 8.375, 14.625], "texture": "#0"},
				"south": {"uv": [8.25, 14.125, 8.375, 14.625], "texture": "#0"},
				"up": {"uv": [8.25, 14.125, 8.375, 14.25], "texture": "#0"},
				"down": {"uv": [8.25, 14.5, 8.375, 14.625], "texture": "#0"}
			}
		},
		{
			"name": "Layer 5_19",
			"from": [7.375, 1.5, 7.875],
			"to": [7.5, 1.625, 8.25],
			"faces": {
				"north": {"uv": [7.5, 14.375, 7.375, 14.5], "texture": "#0"},
				"south": {"uv": [7.375, 14.375, 7.5, 14.5], "texture": "#0"},
				"west": {"uv": [7.375, 14.375, 7.5, 14.5], "texture": "#0"},
				"up": {"uv": [7.375, 14.375, 7.5, 14.5], "texture": "#0"},
				"down": {"uv": [7.375, 14.375, 7.5, 14.5], "texture": "#0"}
			}
		},
		{
			"name": "Layer 5_20",
			"from": [8.375, 1.5, 7.875],
			"to": [8.5, 1.625, 8.25],
			"faces": {
				"north": {"uv": [8.5, 14.375, 8.375, 14.5], "texture": "#0"},
				"east": {"uv": [8.375, 14.375, 8.5, 14.5], "texture": "#0"},
				"south": {"uv": [8.375, 14.375, 8.5, 14.5], "texture": "#0"},
				"up": {"uv": [8.375, 14.375, 8.5, 14.5], "texture": "#0"},
				"down": {"uv": [8.375, 14.375, 8.5, 14.5], "texture": "#0"}
			}
		},
		{
			"name": "Layer 5_21",
			"from": [7.75, 1.125, 7.875],
			"to": [7.875, 1.25, 8.25],
			"faces": {
				"north": {"uv": [7.875, 14.75, 7.75, 14.875], "texture": "#0"},
				"east": {"uv": [7.75, 14.75, 7.875, 14.875], "texture": "#0"},
				"south": {"uv": [7.75, 14.75, 7.875, 14.875], "texture": "#0"},
				"west": {"uv": [7.75, 14.75, 7.875, 14.875], "texture": "#0"},
				"down": {"uv": [7.75, 14.75, 7.875, 14.875], "texture": "#0"}
			}
		},
		{
			"name": "Layer 5_22",
			"from": [8, 1.125, 7.875],
			"to": [8.125, 1.25, 8.25],
			"faces": {
				"north": {"uv": [8.125, 14.75, 8, 14.875], "texture": "#0"},
				"east": {"uv": [8, 14.75, 8.125, 14.875], "texture": "#0"},
				"south": {"uv": [8, 14.75, 8.125, 14.875], "texture": "#0"},
				"west": {"uv": [8, 14.75, 8.125, 14.875], "texture": "#0"},
				"down": {"uv": [8, 14.75, 8.125, 14.875], "texture": "#0"}
			}
		},
		{
			"name": "Layer 5_23",
			"from": [7, 0.625, 8],
			"to": [7.125, 1.125, 8.125],
			"faces": {
				"north": {"uv": [7.125, 14.875, 7, 15.375], "texture": "#0"},
				"south": {"uv": [7, 14.875, 7.125, 15.375], "texture": "#0"},
				"west": {"uv": [7, 14.875, 7.125, 15.375], "texture": "#0"},
				"up": {"uv": [7, 14.875, 7.125, 15], "texture": "#0"},
				"down": {"uv": [7, 15.25, 7.125, 15.375], "texture": "#0"}
			}
		},
		{
			"name": "Layer 5_24",
			"from": [8.75, 0.625, 8],
			"to": [8.875, 1.125, 8.125],
			"faces": {
				"north": {"uv": [8.875, 14.875, 8.75, 15.375], "texture": "#0"},
				"east": {"uv": [8.75, 14.875, 8.875, 15.375], "texture": "#0"},
				"south": {"uv": [8.75, 14.875, 8.875, 15.375], "texture": "#0"},
				"up": {"uv": [8.75, 14.875, 8.875, 15], "texture": "#0"},
				"down": {"uv": [8.75, 15.25, 8.875, 15.375], "texture": "#0"}
			}
		},
		{
			"name": "Layer 5_25",
			"from": [7.125, 0.5, 8],
			"to": [7.25, 1, 8.125],
			"faces": {
				"north": {"uv": [7.25, 15, 7.125, 15.5], "texture": "#0"},
				"south": {"uv": [7.125, 15, 7.25, 15.5], "texture": "#0"},
				"west": {"uv": [7.125, 15, 7.25, 15.5], "texture": "#0"},
				"down": {"uv": [7.125, 15.375, 7.25, 15.5], "texture": "#0"}
			}
		},
		{
			"name": "Layer 5_26",
			"from": [8.625, 0.5, 8],
			"to": [8.75, 1, 8.125],
			"faces": {
				"north": {"uv": [8.75, 15, 8.625, 15.5], "texture": "#0"},
				"east": {"uv": [8.625, 15, 8.75, 15.5], "texture": "#0"},
				"south": {"uv": [8.625, 15, 8.75, 15.5], "texture": "#0"},
				"down": {"uv": [8.625, 15.375, 8.75, 15.5], "texture": "#0"}
			}
		},
		{
			"name": "Layer 5_27",
			"from": [7.25, 0.25, 8],
			"to": [7.375, 0.875, 8.125],
			"faces": {
				"north": {"uv": [7.375, 15.125, 7.25, 15.75], "texture": "#0"},
				"east": {"uv": [7.25, 15.125, 7.375, 15.75], "texture": "#0"},
				"south": {"uv": [7.25, 15.125, 7.375, 15.75], "texture": "#0"},
				"west": {"uv": [7.25, 15.125, 7.375, 15.75], "texture": "#0"},
				"down": {"uv": [7.25, 15.625, 7.375, 15.75], "texture": "#0"}
			}
		},
		{
			"name": "Layer 5_28",
			"from": [8.5, 0.25, 8],
			"to": [8.625, 0.875, 8.125],
			"faces": {
				"north": {"uv": [8.625, 15.125, 8.5, 15.75], "texture": "#0"},
				"east": {"uv": [8.5, 15.125, 8.625, 15.75], "texture": "#0"},
				"south": {"uv": [8.5, 15.125, 8.625, 15.75], "texture": "#0"},
				"west": {"uv": [8.5, 15.125, 8.625, 15.75], "texture": "#0"},
				"down": {"uv": [8.5, 15.625, 8.625, 15.75], "texture": "#0"}
			}
		},
		{
			"name": "Layer 5_29",
			"from": [7.375, 0, 8],
			"to": [7.5, 0.5, 8.125],
			"faces": {
				"north": {"uv": [7.5, 15.5, 7.375, 16], "texture": "#0"},
				"east": {"uv": [7.375, 15.5, 7.5, 16], "texture": "#0"},
				"south": {"uv": [7.375, 15.5, 7.5, 16], "texture": "#0"},
				"west": {"uv": [7.375, 15.5, 7.5, 16], "texture": "#0"},
				"up": {"uv": [7.375, 15.5, 7.5, 15.625], "texture": "#0"},
				"down": {"uv": [7.375, 15.875, 7.5, 16], "texture": "#0"}
			}
		},
		{
			"name": "Layer 5_30",
			"from": [8.375, 0, 8],
			"to": [8.5, 0.5, 8.125],
			"faces": {
				"north": {"uv": [8.5, 15.5, 8.375, 16], "texture": "#0"},
				"east": {"uv": [8.375, 15.5, 8.5, 16], "texture": "#0"},
				"south": {"uv": [8.375, 15.5, 8.5, 16], "texture": "#0"},
				"west": {"uv": [8.375, 15.5, 8.5, 16], "texture": "#0"},
				"up": {"uv": [8.375, 15.5, 8.5, 15.625], "texture": "#0"},
				"down": {"uv": [8.375, 15.875, 8.5, 16], "texture": "#0"}
			}
		},
		{
			"name": "Flattened_0",
			"from": [7.875, 6.625, 7.875],
			"to": [8, 7, 8.25],
			"faces": {
				"north": {"uv": [8, 9, 7.875, 9.375], "texture": "#0"},
				"south": {"uv": [7.875, 9, 8, 9.375], "texture": "#0"},
				"down": {"uv": [7.875, 9.25, 8, 9.375], "texture": "#0"}
			}
		},
		{
			"name": "Flattened_1",
			"from": [7.75, 6.5, 7.875],
			"to": [7.875, 6.875, 8.25],
			"faces": {
				"north": {"uv": [7.875, 9.125, 7.75, 9.5], "texture": "#0"},
				"east": {"uv": [7.75, 9.125, 7.875, 9.5], "texture": "#0"},
				"south": {"uv": [7.75, 9.125, 7.875, 9.5], "texture": "#0"},
				"down": {"uv": [7.75, 9.375, 7.875, 9.5], "texture": "#0"}
			}
		},
		{
			"name": "Flattened_2",
			"from": [8, 6.5, 7.875],
			"to": [8.125, 6.875, 8.25],
			"faces": {
				"north": {"uv": [8.125, 9.125, 8, 9.5], "texture": "#0"},
				"south": {"uv": [8, 9.125, 8.125, 9.5], "texture": "#0"},
				"west": {"uv": [8, 9.125, 8.125, 9.5], "texture": "#0"},
				"down": {"uv": [8, 9.375, 8.125, 9.5], "texture": "#0"}
			}
		},
		{
			"name": "Flattened_3",
			"from": [7.125, 5.125, 7.875],
			"to": [7.375, 6.75, 8.25],
			"faces": {
				"north": {"uv": [7.375, 9.25, 7.125, 10.875], "texture": "#0"},
				"east": {"uv": [7.25, 9.25, 7.375, 10.875], "texture": "#0"},
				"south": {"uv": [7.125, 9.25, 7.375, 10.875], "texture": "#0"},
				"west": {"uv": [7.125, 9.25, 7.25, 10.875], "texture": "#0"},
				"up": {"uv": [7.125, 9.25, 7.375, 9.375], "texture": "#0"},
				"down": {"uv": [7.125, 10.75, 7.375, 10.875], "texture": "#0"}
			}
		},
		{
			"name": "Flattened_4",
			"from": [7.5, 6.375, 7.875],
			"to": [7.75, 6.75, 8.25],
			"faces": {
				"north": {"uv": [7.75, 9.25, 7.5, 9.625], "texture": "#0"},
				"east": {"uv": [7.625, 9.25, 7.75, 9.625], "texture": "#0"},
				"south": {"uv": [7.5, 9.25, 7.75, 9.625], "texture": "#0"},
				"west": {"uv": [7.5, 9.25, 7.625, 9.625], "texture": "#0"},
				"up": {"uv": [7.5, 9.25, 7.75, 9.375], "texture": "#0"},
				"down": {"uv": [7.5, 9.5, 7.75, 9.625], "texture": "#0"}
			}
		},
		{
			"name": "Flattened_5",
			"from": [8.125, 6.375, 7.875],
			"to": [8.375, 6.75, 8.25],
			"faces": {
				"north": {"uv": [8.375, 9.25, 8.125, 9.625], "texture": "#0"},
				"east": {"uv": [8.25, 9.25, 8.375, 9.625], "texture": "#0"},
				"south": {"uv": [8.125, 9.25, 8.375, 9.625], "texture": "#0"},
				"west": {"uv": [8.125, 9.25, 8.25, 9.625], "texture": "#0"},
				"up": {"uv": [8.125, 9.25, 8.375, 9.375], "texture": "#0"},
				"down": {"uv": [8.125, 9.5, 8.375, 9.625], "texture": "#0"}
			}
		},
		{
			"name": "Flattened_6",
			"from": [8.5, 5.125, 7.875],
			"to": [8.75, 6.75, 8.25],
			"faces": {
				"north": {"uv": [8.75, 9.25, 8.5, 10.875], "texture": "#0"},
				"east": {"uv": [8.625, 9.25, 8.75, 10.875], "texture": "#0"},
				"south": {"uv": [8.5, 9.25, 8.75, 10.875], "texture": "#0"},
				"west": {"uv": [8.5, 9.25, 8.625, 10.875], "texture": "#0"},
				"up": {"uv": [8.5, 9.25, 8.75, 9.375], "texture": "#0"},
				"down": {"uv": [8.5, 10.75, 8.75, 10.875], "texture": "#0"}
			}
		},
		{
			"name": "Flattened_7",
			"from": [7.375, 5.25, 7.875],
			"to": [7.5, 6.625, 8.25],
			"faces": {
				"north": {"uv": [7.5, 9.375, 7.375, 10.75], "texture": "#0"},
				"south": {"uv": [7.375, 9.375, 7.5, 10.75], "texture": "#0"},
				"up": {"uv": [7.375, 9.375, 7.5, 9.5], "texture": "#0"},
				"down": {"uv": [7.375, 10.625, 7.5, 10.75], "texture": "#0"}
			}
		},
		{
			"name": "Flattened_8",
			"from": [8.375, 5.25, 7.875],
			"to": [8.5, 6.625, 8.25],
			"faces": {
				"north": {"uv": [8.5, 9.375, 8.375, 10.75], "texture": "#0"},
				"south": {"uv": [8.375, 9.375, 8.5, 10.75], "texture": "#0"},
				"up": {"uv": [8.375, 9.375, 8.5, 9.5], "texture": "#0"},
				"down": {"uv": [8.375, 10.625, 8.5, 10.75], "texture": "#0"}
			}
		},
		{
			"name": "Flattened_9",
			"from": [7, 5.125, 7.875],
			"to": [7.125, 6.5, 8.25],
			"faces": {
				"north": {"uv": [7.125, 9.5, 7, 10.875], "texture": "#0"},
				"south": {"uv": [7, 9.5, 7.125, 10.875], "texture": "#0"},
				"west": {"uv": [7, 9.5, 7.125, 10.875], "texture": "#0"},
				"up": {"uv": [7, 9.5, 7.125, 9.625], "texture": "#0"},
				"down": {"uv": [7, 10.75, 7.125, 10.875], "texture": "#0"}
			}
		},
		{
			"name": "Flattened_10",
			"from": [8.75, 5.125, 7.875],
			"to": [8.875, 6.5, 8.25],
			"faces": {
				"north": {"uv": [8.875, 9.5, 8.75, 10.875], "texture": "#0"},
				"east": {"uv": [8.75, 9.5, 8.875, 10.875], "texture": "#0"},
				"south": {"uv": [8.75, 9.5, 8.875, 10.875], "texture": "#0"},
				"up": {"uv": [8.75, 9.5, 8.875, 9.625], "texture": "#0"},
				"down": {"uv": [8.75, 10.75, 8.875, 10.875], "texture": "#0"}
			}
		},
		{
			"name": "Flattened_11",
			"from": [6.875, 5.25, 7.875],
			"to": [7, 6.375, 8.25],
			"faces": {
				"north": {"uv": [7, 9.625, 6.875, 10.75], "texture": "#0"},
				"south": {"uv": [6.875, 9.625, 7, 10.75], "texture": "#0"},
				"west": {"uv": [6.875, 9.625, 7, 10.75], "texture": "#0"},
				"up": {"uv": [6.875, 9.625, 7, 9.75], "texture": "#0"},
				"down": {"uv": [6.875, 10.625, 7, 10.75], "texture": "#0"}
			}
		},
		{
			"name": "Flattened_12",
			"from": [7.5, 5.25, 7.875],
			"to": [7.625, 6.375, 8.25],
			"faces": {
				"north": {"uv": [7.625, 9.625, 7.5, 10.75], "texture": "#0"},
				"east": {"uv": [7.5, 9.625, 7.625, 10.75], "texture": "#0"},
				"south": {"uv": [7.5, 9.625, 7.625, 10.75], "texture": "#0"},
				"down": {"uv": [7.5, 10.625, 7.625, 10.75], "texture": "#0"}
			}
		},
		{
			"name": "Flattened_13",
			"from": [8.25, 5.25, 7.875],
			"to": [8.375, 6.375, 8.25],
			"faces": {
				"north": {"uv": [8.375, 9.625, 8.25, 10.75], "texture": "#0"},
				"south": {"uv": [8.25, 9.625, 8.375, 10.75], "texture": "#0"},
				"west": {"uv": [8.25, 9.625, 8.375, 10.75], "texture": "#0"},
				"down": {"uv": [8.25, 10.625, 8.375, 10.75], "texture": "#0"}
			}
		},
		{
			"name": "Flattened_14",
			"from": [8.875, 5.25, 7.875],
			"to": [9, 6.375, 8.25],
			"faces": {
				"north": {"uv": [9, 9.625, 8.875, 10.75], "texture": "#0"},
				"east": {"uv": [8.875, 9.625, 9, 10.75], "texture": "#0"},
				"south": {"uv": [8.875, 9.625, 9, 10.75], "texture": "#0"},
				"up": {"uv": [8.875, 9.625, 9, 9.75], "texture": "#0"},
				"down": {"uv": [8.875, 10.625, 9, 10.75], "texture": "#0"}
			}
		},
		{
			"name": "Flattened_15",
			"from": [7.625, 5.25, 7.875],
			"to": [7.75, 6.25, 8.25],
			"faces": {
				"north": {"uv": [7.75, 9.75, 7.625, 10.75], "texture": "#0"},
				"east": {"uv": [7.625, 9.75, 7.75, 10.75], "texture": "#0"},
				"south": {"uv": [7.625, 9.75, 7.75, 10.75], "texture": "#0"},
				"up": {"uv": [7.625, 9.75, 7.75, 9.875], "texture": "#0"}
			}
		},
		{
			"name": "Flattened_16",
			"from": [8.125, 5.25, 7.875],
			"to": [8.25, 6.25, 8.25],
			"faces": {
				"north": {"uv": [8.25, 9.75, 8.125, 10.75], "texture": "#0"},
				"south": {"uv": [8.125, 9.75, 8.25, 10.75], "texture": "#0"},
				"west": {"uv": [8.125, 9.75, 8.25, 10.75], "texture": "#0"},
				"up": {"uv": [8.125, 9.75, 8.25, 9.875], "texture": "#0"}
			}
		},
		{
			"name": "Flattened_17",
			"from": [6.75, 5.625, 7.875],
			"to": [6.875, 6, 8.25],
			"faces": {
				"north": {"uv": [6.875, 10, 6.75, 10.375], "texture": "#0"},
				"south": {"uv": [6.75, 10, 6.875, 10.375], "texture": "#0"},
				"west": {"uv": [6.75, 10, 6.875, 10.375], "texture": "#0"},
				"up": {"uv": [6.75, 10, 6.875, 10.125], "texture": "#0"},
				"down": {"uv": [6.75, 10.25, 6.875, 10.375], "texture": "#0"}
			}
		},
		{
			"name": "Flattened_18",
			"from": [7.75, 5.25, 7.875],
			"to": [7.875, 6, 8.25],
			"faces": {
				"north": {"uv": [7.875, 10, 7.75, 10.75], "texture": "#0"},
				"east": {"uv": [7.75, 10, 7.875, 10.75], "texture": "#0"},
				"south": {"uv": [7.75, 10, 7.875, 10.75], "texture": "#0"},
				"up": {"uv": [7.75, 10, 7.875, 10.125], "texture": "#0"}
			}
		},
		{
			"name": "Flattened_19",
			"from": [8, 5.25, 7.875],
			"to": [8.125, 6, 8.25],
			"faces": {
				"north": {"uv": [8.125, 10, 8, 10.75], "texture": "#0"},
				"south": {"uv": [8, 10, 8.125, 10.75], "texture": "#0"},
				"west": {"uv": [8, 10, 8.125, 10.75], "texture": "#0"},
				"up": {"uv": [8, 10, 8.125, 10.125], "texture": "#0"}
			}
		},
		{
			"name": "Flattened_20",
			"from": [9, 5.625, 7.875],
			"to": [9.125, 6, 8.25],
			"faces": {
				"north": {"uv": [9.125, 10, 9, 10.375], "texture": "#0"},
				"east": {"uv": [9, 10, 9.125, 10.375], "texture": "#0"},
				"south": {"uv": [9, 10, 9.125, 10.375], "texture": "#0"},
				"up": {"uv": [9, 10, 9.125, 10.125], "texture": "#0"},
				"down": {"uv": [9, 10.25, 9.125, 10.375], "texture": "#0"}
			}
		},
		{
			"name": "Flattened_21",
			"from": [6.625, 5.75, 7.875],
			"to": [6.75, 5.875, 8.25],
			"faces": {
				"north": {"uv": [6.75, 10.125, 6.625, 10.25], "texture": "#0"},
				"south": {"uv": [6.625, 10.125, 6.75, 10.25], "texture": "#0"},
				"west": {"uv": [6.625, 10.125, 6.75, 10.25], "texture": "#0"},
				"up": {"uv": [6.625, 10.125, 6.75, 10.25], "texture": "#0"},
				"down": {"uv": [6.625, 10.125, 6.75, 10.25], "texture": "#0"}
			}
		},
		{
			"name": "Flattened_22",
			"from": [9.125, 5.75, 7.875],
			"to": [9.25, 5.875, 8.25],
			"faces": {
				"north": {"uv": [9.25, 10.125, 9.125, 10.25], "texture": "#0"},
				"east": {"uv": [9.125, 10.125, 9.25, 10.25], "texture": "#0"},
				"south": {"uv": [9.125, 10.125, 9.25, 10.25], "texture": "#0"},
				"up": {"uv": [9.125, 10.125, 9.25, 10.25], "texture": "#0"},
				"down": {"uv": [9.125, 10.125, 9.25, 10.25], "texture": "#0"}
			}
		},
		{
			"name": "Flattened_23",
			"from": [7.875, 5.25, 7.875],
			"to": [8, 5.75, 8.25],
			"faces": {
				"north": {"uv": [8, 10.25, 7.875, 10.75], "texture": "#0"},
				"south": {"uv": [7.875, 10.25, 8, 10.75], "texture": "#0"},
				"up": {"uv": [7.875, 10.25, 8, 10.375], "texture": "#0"}
			}
		},
		{
			"name": "Flattened_24",
			"from": [7.125, 5, 7.875],
			"to": [7.25, 5.125, 8.25],
			"faces": {
				"north": {"uv": [7.25, 10.875, 7.125, 11], "texture": "#0"},
				"east": {"uv": [7.125, 10.875, 7.25, 11], "texture": "#0"},
				"south": {"uv": [7.125, 10.875, 7.25, 11], "texture": "#0"},
				"west": {"uv": [7.125, 10.875, 7.25, 11], "texture": "#0"},
				"down": {"uv": [7.125, 10.875, 7.25, 11], "texture": "#0"}
			}
		},
		{
			"name": "Flattened_25",
			"from": [8.625, 5, 7.875],
			"to": [8.75, 5.125, 8.25],
			"faces": {
				"north": {"uv": [8.75, 10.875, 8.625, 11], "texture": "#0"},
				"east": {"uv": [8.625, 10.875, 8.75, 11], "texture": "#0"},
				"south": {"uv": [8.625, 10.875, 8.75, 11], "texture": "#0"},
				"west": {"uv": [8.625, 10.875, 8.75, 11], "texture": "#0"},
				"down": {"uv": [8.625, 10.875, 8.75, 11], "texture": "#0"}
			}
		},
		{
			"name": "Layer 1_0",
			"from": [7.875, 5.75, 7.9375],
			"to": [8, 6.625, 8.1875],
			"faces": {
				"north": {"uv": [8, 9.375, 7.875, 10.25], "texture": "#0"},
				"south": {"uv": [7.875, 9.375, 8, 10.25], "texture": "#0"}
			}
		},
		{
			"name": "Layer 1_1",
			"from": [7.75, 6, 7.9375],
			"to": [7.875, 6.5, 8.1875],
			"faces": {
				"north": {"uv": [7.875, 9.5, 7.75, 10], "texture": "#0"},
				"south": {"uv": [7.75, 9.5, 7.875, 10], "texture": "#0"}
			}
		},
		{
			"name": "Layer 1_2",
			"from": [8, 6, 7.9375],
			"to": [8.125, 6.5, 8.1875],
			"faces": {
				"north": {"uv": [8.125, 9.5, 8, 10], "texture": "#0"},
				"south": {"uv": [8, 9.5, 8.125, 10], "texture": "#0"}
			}
		},
		{
			"name": "Layer 1_3",
			"from": [7.625, 6.25, 7.9375],
			"to": [7.75, 6.375, 8.1875],
			"faces": {
				"north": {"uv": [7.75, 9.625, 7.625, 9.75], "texture": "#0"},
				"south": {"uv": [7.625, 9.625, 7.75, 9.75], "texture": "#0"}
			}
		},
		{
			"name": "Layer 1_4",
			"from": [8.125, 6.25, 7.9375],
			"to": [8.25, 6.375, 8.1875],
			"faces": {
				"north": {"uv": [8.25, 9.625, 8.125, 9.75], "texture": "#0"},
				"south": {"uv": [8.125, 9.625, 8.25, 9.75], "texture": "#0"}
			}
		}
	],
	"display": {
		"thirdperson_righthand": {
			"rotation": [0, -90, 0],
			"translation": [0.25, 10.5, 1],
			"scale": [3, 3, 3]
		},
		"thirdperson_lefthand": {
			"rotation": [0, 90, 0],
			"translation": [0.25, 10.5, 1],
			"scale": [3, 3, 3]
		},
		"firstperson_righthand": {
			"rotation": [1, -91, 0],
			"translation": [0, 6, 2.75],
			"scale": [1.25, 1.25, 1.25]
		},
		"firstperson_lefthand": {
			"rotation": [1, 91, 0],
			"translation": [0, 6, 2.75],
			"scale": [1.25, 1.25, 1.25]
		},
		"ground": {
			"translation": [0, 18.5, 0],
			"scale": [3, 3, 3]
		},
		"gui": {
			"rotation": [0, 0, -45],
			"translation": [0, 0.25, 0],
			"scale": [1.5, 1.5, 1.5]
		},
		"head": {
			"rotation": [180, 0, 45],
			"translation": [0.5, -15.75, 4.75],
			"scale": [3.5, 3.5, 3.5]
		},
		"fixed": {
			"rotation": [180, 0, 135],
			"translation": [-0.75, 0.5, 0],
			"scale": [2, 2, 2]
		}
	},
	"groups": [
		{
			"name": "Flattened",
			"origin": [8, 8, 8],
			"color": 0,
			"children": [0, 1, 2, 3, 4, 5, 6, 7, 8, 9, 10, 11, 12, 13, 14, 15, 16, 17, 18, 19, 20, 21, 22, 23, 24, 25, 26, 27, 28, 29, 30, 31, 32, 33, 34, 35, 36, 37]
		},
		{
			"name": "Layer 1",
			"origin": [8, 8, 8],
			"color": 0,
			"children": [38, 39, 40, 41, 42, 43, 44, 45, 46, 47, 48, 49, 50, 51, 52, 53, 54, 55, 56, 57, 58, 59, 60]
		},
		{
			"name": "Layer 2",
			"origin": [8, 8, 8],
			"color": 0,
			"children": [61, 62, 63, 64, 65, 66, 67, 68, 69, 70, 71, 72, 73, 74, 75, 76, 77, 78, 79]
		},
		{
			"name": "Layer 3",
			"origin": [8, 8, 8],
			"color": 0,
			"children": [80, 81, 82, 83, 84, 85, 86, 87, 88]
		},
		{
			"name": "Layer 5",
			"origin": [8, 8, 8],
			"color": 0,
			"children": [89, 90, 91, 92, 93, 94, 95, 96, 97, 98, 99, 100, 101, 102, 103, 104, 105, 106, 107, 108, 109, 110, 111, 112, 113, 114, 115, 116, 117, 118, 119]
		},
		{
			"name": "Flattened",
			"origin": [8, 8, 8],
			"color": 0,
			"children": [120, 121, 122, 123, 124, 125, 126, 127, 128, 129, 130, 131, 132, 133, 134, 135, 136, 137, 138, 139, 140, 141, 142, 143, 144, 145]
		},
		{
			"name": "Layer 1",
			"origin": [8, 8, 8],
			"color": 0,
			"children": [146, 147, 148, 149, 150]
		}
	]
}