{
	"credit": "Made with Blockbench",
	"textures": {
		"3": "item/godskin_stitcher"
	},
	"elements": [
		{
			"name": "Layer 2_0",
			"from": [7.875, -0.1875, 7.875],
			"to": [8, 6.4375, 8.25],
			"faces": {
				"north": {"uv": [8, 7.75, 7.875, 14.375], "texture": "#3"},
				"east": {"uv": [7.875, 7.75, 8, 14.375], "texture": "#3"},
				"south": {"uv": [7.875, 7.75, 8, 14.375], "texture": "#3"},
				"west": {"uv": [7.875, 7.75, 8, 14.375], "texture": "#3"},
				"up": {"uv": [7.875, 7.75, 8, 7.875], "texture": "#3"},
				"down": {"uv": [7.875, 14.25, 8, 14.375], "texture": "#3"}
			}
		},
		{
			"name": "Layer 2_1",
			"from": [7.75, 4.4375, 7.875],
			"to": [7.875, 5.5625, 8.25],
			"faces": {
				"north": {"uv": [7.875, 8.625, 7.75, 9.75], "texture": "#3"},
				"south": {"uv": [7.75, 8.625, 7.875, 9.75], "texture": "#3"},
				"west": {"uv": [7.75, 8.625, 7.875, 9.75], "texture": "#3"},
				"up": {"uv": [7.75, 8.625, 7.875, 8.75], "texture": "#3"},
				"down": {"uv": [7.75, 9.625, 7.875, 9.75], "texture": "#3"}
			}
		},
		{
			"name": "Layer 2_2",
			"from": [8, 3.8125, 7.875],
			"to": [8.125, 5.5625, 8.25],
			"faces": {
				"north": {"uv": [8.125, 8.625, 8, 10.375], "texture": "#3"},
				"east": {"uv": [8, 8.625, 8.125, 10.375], "texture": "#3"},
				"south": {"uv": [8, 8.625, 8.125, 10.375], "texture": "#3"},
				"up": {"uv": [8, 8.625, 8.125, 8.75], "texture": "#3"},
				"down": {"uv": [8, 10.25, 8.125, 10.375], "texture": "#3"}
			}
		},
		{
			"name": "Layer 2_3",
			"from": [7.625, 4.6875, 7.875],
			"to": [7.75, 5.0625, 8.25],
			"faces": {
				"north": {"uv": [7.75, 9.125, 7.625, 9.5], "texture": "#3"},
				"south": {"uv": [7.625, 9.125, 7.75, 9.5], "texture": "#3"},
				"west": {"uv": [7.625, 9.125, 7.75, 9.5], "texture": "#3"},
				"up": {"uv": [7.625, 9.125, 7.75, 9.25], "texture": "#3"},
				"down": {"uv": [7.625, 9.375, 7.75, 9.5], "texture": "#3"}
			}
		},
		{
			"name": "Layer 2_4",
			"from": [8.125, 4.5625, 7.875],
			"to": [8.25, 5.0625, 8.25],
			"faces": {
				"north": {"uv": [8.25, 9.125, 8.125, 9.625], "texture": "#3"},
				"east": {"uv": [8.125, 9.125, 8.25, 9.625], "texture": "#3"},
				"south": {"uv": [8.125, 9.125, 8.25, 9.625], "texture": "#3"},
				"up": {"uv": [8.125, 9.125, 8.25, 9.25], "texture": "#3"},
				"down": {"uv": [8.125, 9.5, 8.25, 9.625], "texture": "#3"}
			}
		},
		{
			"name": "Layer 2_5",
			"from": [7.25, 4.6875, 7.875],
			"to": [7.625, 4.9375, 8.25],
			"faces": {
				"north": {"uv": [7.625, 9.25, 7.25, 9.5], "texture": "#3"},
				"south": {"uv": [7.25, 9.25, 7.625, 9.5], "texture": "#3"},
				"west": {"uv": [7.25, 9.25, 7.375, 9.5], "texture": "#3"},
				"up": {"uv": [7.25, 9.25, 7.625, 9.375], "texture": "#3"},
				"down": {"uv": [7.25, 9.375, 7.625, 9.5], "texture": "#3"}
			}
		},
		{
			"name": "Layer 2_6",
			"from": [8.25, 4.6875, 7.875],
			"to": [8.625, 4.9375, 8.25],
			"faces": {
				"north": {"uv": [8.625, 9.25, 8.25, 9.5], "texture": "#3"},
				"east": {"uv": [8.5, 9.25, 8.625, 9.5], "texture": "#3"},
				"south": {"uv": [8.25, 9.25, 8.625, 9.5], "texture": "#3"},
				"up": {"uv": [8.25, 9.25, 8.625, 9.375], "texture": "#3"},
				"down": {"uv": [8.25, 9.375, 8.625, 9.5], "texture": "#3"}
			}
		},
		{
			"name": "Layer 2_7",
			"from": [7.125, 4.1875, 7.875],
			"to": [7.25, 4.8125, 8.25],
			"faces": {
				"north": {"uv": [7.25, 9.375, 7.125, 10], "texture": "#3"},
				"east": {"uv": [7.125, 9.375, 7.25, 10], "texture": "#3"},
				"south": {"uv": [7.125, 9.375, 7.25, 10], "texture": "#3"},
				"west": {"uv": [7.125, 9.375, 7.25, 10], "texture": "#3"},
				"up": {"uv": [7.125, 9.375, 7.25, 9.5], "texture": "#3"},
				"down": {"uv": [7.125, 9.875, 7.25, 10], "texture": "#3"}
			}
		},
		{
			"name": "Layer 2_8",
			"from": [7.25, 4.5625, 7.875],
			"to": [7.5, 4.6875, 8.25],
			"faces": {
				"north": {"uv": [7.5, 9.5, 7.25, 9.625], "texture": "#3"},
				"east": {"uv": [7.375, 9.5, 7.5, 9.625], "texture": "#3"},
				"south": {"uv": [7.25, 9.5, 7.5, 9.625], "texture": "#3"},
				"down": {"uv": [7.25, 9.5, 7.5, 9.625], "texture": "#3"}
			}
		},
		{
			"name": "Layer 2_9",
			"from": [8.5, 4.5625, 7.875],
			"to": [8.75, 4.6875, 8.25],
			"faces": {
				"north": {"uv": [8.75, 9.5, 8.5, 9.625], "texture": "#3"},
				"east": {"uv": [8.625, 9.5, 8.75, 9.625], "texture": "#3"},
				"south": {"uv": [8.5, 9.5, 8.75, 9.625], "texture": "#3"},
				"west": {"uv": [8.5, 9.5, 8.625, 9.625], "texture": "#3"},
				"up": {"uv": [8.5, 9.5, 8.75, 9.625], "texture": "#3"},
				"down": {"uv": [8.5, 9.5, 8.75, 9.625], "texture": "#3"}
			}
		},
		{
			"name": "Layer 2_10",
			"from": [7, 3.1875, 7.875],
			"to": [7.125, 4.5625, 8.25],
			"faces": {
				"north": {"uv": [7.125, 9.625, 7, 11], "texture": "#3"},
				"east": {"uv": [7, 9.625, 7.125, 11], "texture": "#3"},
				"south": {"uv": [7, 9.625, 7.125, 11], "texture": "#3"},
				"west": {"uv": [7, 9.625, 7.125, 11], "texture": "#3"},
				"up": {"uv": [7, 9.625, 7.125, 9.75], "texture": "#3"},
				"down": {"uv": [7, 10.875, 7.125, 11], "texture": "#3"}
			}
		},
		{
			"name": "Layer 2_11",
			"from": [7.25, 4.4375, 7.875],
			"to": [7.375, 4.5625, 8.25],
			"faces": {
				"north": {"uv": [7.375, 9.625, 7.25, 9.75], "texture": "#3"},
				"east": {"uv": [7.25, 9.625, 7.375, 9.75], "texture": "#3"},
				"south": {"uv": [7.25, 9.625, 7.375, 9.75], "texture": "#3"},
				"down": {"uv": [7.25, 9.625, 7.375, 9.75], "texture": "#3"}
			}
		},
		{
			"name": "Layer 2_12",
			"from": [8.625, 4.4375, 7.875],
			"to": [8.75, 4.5625, 8.25],
			"faces": {
				"north": {"uv": [8.75, 9.625, 8.625, 9.75], "texture": "#3"},
				"east": {"uv": [8.625, 9.625, 8.75, 9.75], "texture": "#3"},
				"south": {"uv": [8.625, 9.625, 8.75, 9.75], "texture": "#3"},
				"west": {"uv": [8.625, 9.625, 8.75, 9.75], "texture": "#3"},
				"down": {"uv": [8.625, 9.625, 8.75, 9.75], "texture": "#3"}
			}
		},
		{
			"name": "Layer 2_13",
			"from": [6.875, 3.4375, 7.875],
			"to": [7, 4.3125, 8.25],
			"faces": {
				"north": {"uv": [7, 9.875, 6.875, 10.75], "texture": "#3"},
				"south": {"uv": [6.875, 9.875, 7, 10.75], "texture": "#3"},
				"west": {"uv": [6.875, 9.875, 7, 10.75], "texture": "#3"},
				"up": {"uv": [6.875, 9.875, 7, 10], "texture": "#3"},
				"down": {"uv": [6.875, 10.625, 7, 10.75], "texture": "#3"}
			}
		},
		{
			"name": "Layer 2_14",
			"from": [7.75, 3.0625, 7.9375],
			"to": [7.875, 4.0625, 8.1875],
			"faces": {
				"north": {"uv": [7.875, 10.125, 7.75, 11.125], "texture": "#3"},
				"south": {"uv": [7.75, 10.125, 7.875, 11.125], "texture": "#3"},
				"west": {"uv": [7.75, 10.125, 7.875, 11.125], "texture": "#3"},
				"up": {"uv": [7.75, 10.125, 7.875, 10.25], "texture": "#3"},
				"down": {"uv": [7.75, 11, 7.875, 11.125], "texture": "#3"}
			}
		},
		{
			"name": "Layer 2_15",
			"from": [7.125, 3.0625, 7.875],
			"to": [7.25, 3.5625, 8.25],
			"faces": {
				"north": {"uv": [7.25, 10.625, 7.125, 11.125], "texture": "#3"},
				"east": {"uv": [7.125, 10.625, 7.25, 11.125], "texture": "#3"},
				"south": {"uv": [7.125, 10.625, 7.25, 11.125], "texture": "#3"},
				"west": {"uv": [7.125, 10.625, 7.25, 11.125], "texture": "#3"},
				"up": {"uv": [7.125, 10.625, 7.25, 10.75], "texture": "#3"},
				"down": {"uv": [7.125, 11, 7.25, 11.125], "texture": "#3"}
			}
		},
		{
			"name": "Layer 2_16",
			"from": [7.25, 2.9375, 7.875],
			"to": [7.375, 3.3125, 8.25],
			"faces": {
				"north": {"uv": [7.375, 10.875, 7.25, 11.25], "texture": "#3"},
				"east": {"uv": [7.25, 10.875, 7.375, 11.25], "texture": "#3"},
				"south": {"uv": [7.25, 10.875, 7.375, 11.25], "texture": "#3"},
				"west": {"uv": [7.25, 10.875, 7.375, 11.25], "texture": "#3"},
				"up": {"uv": [7.25, 10.875, 7.375, 11], "texture": "#3"},
				"down": {"uv": [7.25, 11.125, 7.375, 11.25], "texture": "#3"}
			}
		},
		{
			"name": "Layer 2_17",
			"from": [7.375, 2.8125, 7.875],
			"to": [7.5, 3.1875, 8.25],
			"faces": {
				"north": {"uv": [7.5, 11, 7.375, 11.375], "texture": "#3"},
				"east": {"uv": [7.375, 11, 7.5, 11.375], "texture": "#3"},
				"south": {"uv": [7.375, 11, 7.5, 11.375], "texture": "#3"},
				"west": {"uv": [7.375, 11, 7.5, 11.375], "texture": "#3"},
				"up": {"uv": [7.375, 11, 7.5, 11.125], "texture": "#3"},
				"down": {"uv": [7.375, 11.25, 7.5, 11.375], "texture": "#3"}
			}
		},
		{
			"name": "Layer 2_18",
			"from": [8, 2.5625, 7.9375],
			"to": [8.125, 3.1875, 8.1875],
			"faces": {
				"north": {"uv": [8.125, 11, 8, 11.625], "texture": "#3"},
				"east": {"uv": [8, 11, 8.125, 11.625], "texture": "#3"},
				"south": {"uv": [8, 11, 8.125, 11.625], "texture": "#3"},
				"up": {"uv": [8, 11, 8.125, 11.125], "texture": "#3"},
				"down": {"uv": [8, 11.5, 8.125, 11.625], "texture": "#3"}
			}
		},
		{
			"name": "Layer 2_19",
			"from": [7.5, 2.6875, 7.875],
			"to": [7.625, 3.0625, 8.25],
			"faces": {
				"north": {"uv": [7.625, 11.125, 7.5, 11.5], "texture": "#3"},
				"east": {"uv": [7.5, 11.125, 7.625, 11.5], "texture": "#3"},
				"south": {"uv": [7.5, 11.125, 7.625, 11.5], "texture": "#3"},
				"west": {"uv": [7.5, 11.125, 7.625, 11.5], "texture": "#3"},
				"up": {"uv": [7.5, 11.125, 7.625, 11.25], "texture": "#3"},
				"down": {"uv": [7.5, 11.375, 7.625, 11.5], "texture": "#3"}
			}
		},
		{
			"name": "Layer 2_20",
			"from": [7.625, 2.4375, 7.875],
			"to": [7.75, 2.9375, 8.25],
			"faces": {
				"north": {"uv": [7.75, 11.25, 7.625, 11.75], "texture": "#3"},
				"east": {"uv": [7.625, 11.25, 7.75, 11.75], "texture": "#3"},
				"south": {"uv": [7.625, 11.25, 7.75, 11.75], "texture": "#3"},
				"west": {"uv": [7.625, 11.25, 7.75, 11.75], "texture": "#3"},
				"up": {"uv": [7.625, 11.25, 7.75, 11.375], "texture": "#3"},
				"down": {"uv": [7.625, 11.625, 7.75, 11.75], "texture": "#3"}
			}
		},
		{
			"name": "Layer 2_21",
			"from": [7.75, 2.1875, 7.875],
			"to": [7.875, 2.8125, 8.25],
			"faces": {
				"north": {"uv": [7.875, 11.375, 7.75, 12], "texture": "#3"},
				"south": {"uv": [7.75, 11.375, 7.875, 12], "texture": "#3"},
				"west": {"uv": [7.75, 11.375, 7.875, 12], "texture": "#3"},
				"up": {"uv": [7.75, 11.375, 7.875, 11.5], "texture": "#3"},
				"down": {"uv": [7.75, 11.875, 7.875, 12], "texture": "#3"}
			}
		},
		{
			"name": "Layer 2_22",
			"from": [8, 1.8125, 7.9375],
			"to": [8.125, 2.3125, 8.1875],
			"faces": {
				"north": {"uv": [8.125, 11.875, 8, 12.375], "texture": "#3"},
				"east": {"uv": [8, 11.875, 8.125, 12.375], "texture": "#3"},
				"south": {"uv": [8, 11.875, 8.125, 12.375], "texture": "#3"},
				"up": {"uv": [8, 11.875, 8.125, 12], "texture": "#3"},
				"down": {"uv": [8, 12.25, 8.125, 12.375], "texture": "#3"}
			}
		},
		{
			"name": "Layer 2_23",
			"from": [7.75, 1.4375, 7.9375],
			"to": [7.875, 1.9375, 8.1875],
			"faces": {
				"north": {"uv": [7.875, 12.25, 7.75, 12.75], "texture": "#3"},
				"south": {"uv": [7.75, 12.25, 7.875, 12.75], "texture": "#3"},
				"west": {"uv": [7.75, 12.25, 7.875, 12.75], "texture": "#3"},
				"up": {"uv": [7.75, 12.25, 7.875, 12.375], "texture": "#3"},
				"down": {"uv": [7.75, 12.625, 7.875, 12.75], "texture": "#3"}
			}
		},
		{
			"name": "Layer 2_24",
			"from": [8, 1.0625, 7.9375],
			"to": [8.125, 1.5625, 8.1875],
			"faces": {
				"north": {"uv": [8.125, 12.625, 8, 13.125], "texture": "#3"},
				"east": {"uv": [8, 12.625, 8.125, 13.125], "texture": "#3"},
				"south": {"uv": [8, 12.625, 8.125, 13.125], "texture": "#3"},
				"up": {"uv": [8, 12.625, 8.125, 12.75], "texture": "#3"},
				"down": {"uv": [8, 13, 8.125, 13.125], "texture": "#3"}
			}
		},
		{
			"name": "Layer 2_25",
			"from": [7.75, 0.6875, 7.9375],
			"to": [7.875, 1.1875, 8.1875],
			"faces": {
				"north": {"uv": [7.875, 13, 7.75, 13.5], "texture": "#3"},
				"south": {"uv": [7.75, 13, 7.875, 13.5], "texture": "#3"},
				"west": {"uv": [7.75, 13, 7.875, 13.5], "texture": "#3"},
				"up": {"uv": [7.75, 13, 7.875, 13.125], "texture": "#3"},
				"down": {"uv": [7.75, 13.375, 7.875, 13.5], "texture": "#3"}
			}
		},
		{
			"name": "Layer 2_26",
			"from": [8, 0.4375, 7.9375],
			"to": [8.125, 0.8125, 8.1875],
			"faces": {
				"north": {"uv": [8.125, 13.375, 8, 13.75], "texture": "#3"},
				"east": {"uv": [8, 13.375, 8.125, 13.75], "texture": "#3"},
				"south": {"uv": [8, 13.375, 8.125, 13.75], "texture": "#3"},
				"up": {"uv": [8, 13.375, 8.125, 13.5], "texture": "#3"},
				"down": {"uv": [8, 13.625, 8.125, 13.75], "texture": "#3"}
			}
		},
		{
			"name": "Layer 4_0",
			"from": [7.875, 12.1875, 8],
			"to": [8, 13.9375, 8.125],
			"faces": {
				"north": {"uv": [8, 0.25, 7.875, 2], "texture": "#3"},
				"east": {"uv": [7.875, 0.25, 8, 2], "texture": "#3"},
				"south": {"uv": [7.875, 0.25, 8, 2], "texture": "#3"},
				"west": {"uv": [7.875, 0.25, 8, 2], "texture": "#3"},
				"up": {"uv": [7.875, 0.25, 8, 0.375], "texture": "#3"}
			}
		},
		{
			"name": "Layer 4_1",
			"from": [7.75, 7.1875, 8],
			"to": [7.875, 12.1875, 8.125],
			"faces": {
				"north": {"uv": [7.875, 2, 7.75, 7], "texture": "#3"},
				"south": {"uv": [7.75, 2, 7.875, 7], "texture": "#3"},
				"west": {"uv": [7.75, 2, 7.875, 7], "texture": "#3"},
				"up": {"uv": [7.75, 2, 7.875, 2.125], "texture": "#3"}
			}
		},
		{
			"name": "Layer 4_2",
			"from": [8, 7.1875, 8],
			"to": [8.125, 12.1875, 8.125],
			"faces": {
				"north": {"uv": [8.125, 2, 8, 7], "texture": "#3"},
				"east": {"uv": [8, 2, 8.125, 7], "texture": "#3"},
				"south": {"uv": [8, 2, 8.125, 7], "texture": "#3"},
				"up": {"uv": [8, 2, 8.125, 2.125], "texture": "#3"}
			}
		},
		{
			"name": "Layer 4_3",
			"from": [7.625, 5.9375, 8],
			"to": [7.75, 7.1875, 8.125],
			"faces": {
				"north": {"uv": [7.75, 7, 7.625, 8.25], "texture": "#3"},
				"south": {"uv": [7.625, 7, 7.75, 8.25], "texture": "#3"},
				"west": {"uv": [7.625, 7, 7.75, 8.25], "texture": "#3"},
				"up": {"uv": [7.625, 7, 7.75, 7.125], "texture": "#3"}
			}
		},
		{
			"name": "Layer 4_4",
			"from": [8.125, 5.9375, 8],
			"to": [8.25, 7.1875, 8.125],
			"faces": {
				"north": {"uv": [8.25, 7, 8.125, 8.25], "texture": "#3"},
				"east": {"uv": [8.125, 7, 8.25, 8.25], "texture": "#3"},
				"south": {"uv": [8.125, 7, 8.25, 8.25], "texture": "#3"},
				"up": {"uv": [8.125, 7, 8.25, 7.125], "texture": "#3"}
			}
		},
		{
			"name": "Layer 4_5",
			"from": [7.5, 5.5625, 8],
			"to": [7.625, 5.9375, 8.125],
			"faces": {
				"north": {"uv": [7.625, 8.25, 7.5, 8.625], "texture": "#3"},
				"south": {"uv": [7.5, 8.25, 7.625, 8.625], "texture": "#3"},
				"west": {"uv": [7.5, 8.25, 7.625, 8.625], "texture": "#3"},
				"up": {"uv": [7.5, 8.25, 7.625, 8.375], "texture": "#3"}
			}
		},
		{
			"name": "Layer 4_6",
			"from": [8.25, 5.5625, 8],
			"to": [8.375, 5.9375, 8.125],
			"faces": {
				"north": {"uv": [8.375, 8.25, 8.25, 8.625], "texture": "#3"},
				"east": {"uv": [8.25, 8.25, 8.375, 8.625], "texture": "#3"},
				"south": {"uv": [8.25, 8.25, 8.375, 8.625], "texture": "#3"},
				"up": {"uv": [8.25, 8.25, 8.375, 8.375], "texture": "#3"}
			}
		},
		{
			"name": "Layer 4_7",
			"from": [7.375, 5.4375, 8],
			"to": [7.5, 5.5625, 8.125],
			"faces": {
				"north": {"uv": [7.5, 8.625, 7.375, 8.75], "texture": "#3"},
				"south": {"uv": [7.375, 8.625, 7.5, 8.75], "texture": "#3"},
				"west": {"uv": [7.375, 8.625, 7.5, 8.75], "texture": "#3"},
				"up": {"uv": [7.375, 8.625, 7.5, 8.75], "texture": "#3"}
			}
		},
		{
			"name": "Layer 4_8",
			"from": [8.375, 5.4375, 8],
			"to": [8.5, 5.5625, 8.125],
			"faces": {
				"north": {"uv": [8.5, 8.625, 8.375, 8.75], "texture": "#3"},
				"east": {"uv": [8.375, 8.625, 8.5, 8.75], "texture": "#3"},
				"south": {"uv": [8.375, 8.625, 8.5, 8.75], "texture": "#3"},
				"up": {"uv": [8.375, 8.625, 8.5, 8.75], "texture": "#3"}
			}
		},
		{
			"name": "Layer 4_9",
			"from": [7.25, 5.3125, 8],
			"to": [7.375, 5.4375, 8.125],
			"faces": {
				"north": {"uv": [7.375, 8.75, 7.25, 8.875], "texture": "#3"},
				"south": {"uv": [7.25, 8.75, 7.375, 8.875], "texture": "#3"},
				"west": {"uv": [7.25, 8.75, 7.375, 8.875], "texture": "#3"},
				"up": {"uv": [7.25, 8.75, 7.375, 8.875], "texture": "#3"}
			}
		},
		{
			"name": "Layer 4_10",
			"from": [8.5, 5.3125, 8],
			"to": [8.625, 5.4375, 8.125],
			"faces": {
				"north": {"uv": [8.625, 8.75, 8.5, 8.875], "texture": "#3"},
				"east": {"uv": [8.5, 8.75, 8.625, 8.875], "texture": "#3"},
				"south": {"uv": [8.5, 8.75, 8.625, 8.875], "texture": "#3"},
				"up": {"uv": [8.5, 8.75, 8.625, 8.875], "texture": "#3"}
			}
		},
		{
			"name": "Layer 5_0",
			"from": [7.875, 6.4375, 7.9375],
			"to": [8, 12.1875, 8.1875],
			"faces": {
				"north": {"uv": [8, 2, 7.875, 7.75], "texture": "#3"},
				"east": {"uv": [7.875, 2, 8, 7.75], "texture": "#3"},
				"south": {"uv": [7.875, 2, 8, 7.75], "texture": "#3"},
				"west": {"uv": [7.875, 2, 8, 7.75], "texture": "#3"},
				"up": {"uv": [7.875, 2, 8, 2.125], "texture": "#3"}
			}
		},
		{
			"name": "Layer 5_1",
			"from": [7.75, 5.5625, 7.9375],
			"to": [7.875, 7.1875, 8.1875],
			"faces": {
				"north": {"uv": [7.875, 7, 7.75, 8.625], "texture": "#3"},
				"south": {"uv": [7.75, 7, 7.875, 8.625], "texture": "#3"},
				"west": {"uv": [7.75, 7, 7.875, 8.625], "texture": "#3"},
				"up": {"uv": [7.75, 7, 7.875, 7.125], "texture": "#3"}
			}
		},
		{
			"name": "Layer 5_2",
			"from": [8, 5.5625, 7.9375],
			"to": [8.125, 7.1875, 8.1875],
			"faces": {
				"north": {"uv": [8.125, 7, 8, 8.625], "texture": "#3"},
				"east": {"uv": [8, 7, 8.125, 8.625], "texture": "#3"},
				"south": {"uv": [8, 7, 8.125, 8.625], "texture": "#3"},
				"up": {"uv": [8, 7, 8.125, 7.125], "texture": "#3"}
			}
		},
		{
			"name": "Layer 5_3",
			"from": [7.625, 5.0625, 7.9375],
			"to": [7.75, 5.9375, 8.1875],
			"faces": {
				"north": {"uv": [7.75, 8.25, 7.625, 9.125], "texture": "#3"},
				"south": {"uv": [7.625, 8.25, 7.75, 9.125], "texture": "#3"},
				"west": {"uv": [7.625, 8.25, 7.75, 9.125], "texture": "#3"},
				"up": {"uv": [7.625, 8.25, 7.75, 8.375], "texture": "#3"}
			}
		},
		{
			"name": "Layer 5_4",
			"from": [8.125, 5.0625, 7.9375],
			"to": [8.25, 5.9375, 8.1875],
			"faces": {
				"north": {"uv": [8.25, 8.25, 8.125, 9.125], "texture": "#3"},
				"east": {"uv": [8.125, 8.25, 8.25, 9.125], "texture": "#3"},
				"south": {"uv": [8.125, 8.25, 8.25, 9.125], "texture": "#3"},
				"up": {"uv": [8.125, 8.25, 8.25, 8.375], "texture": "#3"}
			}
		},
		{
			"name": "Layer 5_5",
			"from": [7.5, 5.4375, 7.9375],
			"to": [7.625, 5.5625, 8.1875],
			"faces": {
				"north": {"uv": [7.625, 8.625, 7.5, 8.75], "texture": "#3"},
				"south": {"uv": [7.5, 8.625, 7.625, 8.75], "texture": "#3"},
				"west": {"uv": [7.5, 8.625, 7.625, 8.75], "texture": "#3"},
				"up": {"uv": [7.5, 8.625, 7.625, 8.75], "texture": "#3"},
				"down": {"uv": [7.5, 8.625, 7.625, 8.75], "texture": "#3"}
			}
		},
		{
			"name": "Layer 5_6",
			"from": [8.25, 5.4375, 7.9375],
			"to": [8.375, 5.5625, 8.1875],
			"faces": {
				"north": {"uv": [8.375, 8.625, 8.25, 8.75], "texture": "#3"},
				"east": {"uv": [8.25, 8.625, 8.375, 8.75], "texture": "#3"},
				"south": {"uv": [8.25, 8.625, 8.375, 8.75], "texture": "#3"},
				"up": {"uv": [8.25, 8.625, 8.375, 8.75], "texture": "#3"},
				"down": {"uv": [8.25, 8.625, 8.375, 8.75], "texture": "#3"}
			}
		},
		{
			"name": "Layer 5_7",
			"from": [7.375, 5.3125, 7.9375],
			"to": [7.5, 5.4375, 8.1875],
			"faces": {
				"north": {"uv": [7.5, 8.75, 7.375, 8.875], "texture": "#3"},
				"east": {"uv": [7.375, 8.75, 7.5, 8.875], "texture": "#3"},
				"south": {"uv": [7.375, 8.75, 7.5, 8.875], "texture": "#3"},
				"west": {"uv": [7.375, 8.75, 7.5, 8.875], "texture": "#3"},
				"up": {"uv": [7.375, 8.75, 7.5, 8.875], "texture": "#3"},
				"down": {"uv": [7.375, 8.75, 7.5, 8.875], "texture": "#3"}
			}
		},
		{
			"name": "Layer 5_8",
			"from": [8.375, 5.3125, 7.9375],
			"to": [8.5, 5.4375, 8.1875],
			"faces": {
				"north": {"uv": [8.5, 8.75, 8.375, 8.875], "texture": "#3"},
				"east": {"uv": [8.375, 8.75, 8.5, 8.875], "texture": "#3"},
				"south": {"uv": [8.375, 8.75, 8.5, 8.875], "texture": "#3"},
				"west": {"uv": [8.375, 8.75, 8.5, 8.875], "texture": "#3"},
				"up": {"uv": [8.375, 8.75, 8.5, 8.875], "texture": "#3"},
				"down": {"uv": [8.375, 8.75, 8.5, 8.875], "texture": "#3"}
			}
		},
		{
			"name": "Layer 5_9",
			"from": [7.25, 5.0625, 7.9375],
			"to": [7.375, 5.3125, 8.1875],
			"faces": {
				"north": {"uv": [7.375, 8.875, 7.25, 9.125], "texture": "#3"},
				"east": {"uv": [7.25, 8.875, 7.375, 9.125], "texture": "#3"},
				"south": {"uv": [7.25, 8.875, 7.375, 9.125], "texture": "#3"},
				"west": {"uv": [7.25, 8.875, 7.375, 9.125], "texture": "#3"},
				"up": {"uv": [7.25, 8.875, 7.375, 9], "texture": "#3"},
				"down": {"uv": [7.25, 9, 7.375, 9.125], "texture": "#3"}
			}
		},
		{
			"name": "Layer 5_10",
			"from": [8.5, 5.0625, 7.9375],
			"to": [8.625, 5.3125, 8.1875],
			"faces": {
				"north": {"uv": [8.625, 8.875, 8.5, 9.125], "texture": "#3"},
				"east": {"uv": [8.5, 8.875, 8.625, 9.125], "texture": "#3"},
				"south": {"uv": [8.5, 8.875, 8.625, 9.125], "texture": "#3"},
				"west": {"uv": [8.5, 8.875, 8.625, 9.125], "texture": "#3"},
				"up": {"uv": [8.5, 8.875, 8.625, 9], "texture": "#3"},
				"down": {"uv": [8.5, 9, 8.625, 9.125], "texture": "#3"}
			}
		},
		{
			"name": "Layer 5_11",
			"from": [7.375, 4.9375, 7.9375],
			"to": [7.5, 5.1875, 8.1875],
			"faces": {
				"north": {"uv": [7.5, 9, 7.375, 9.25], "texture": "#3"},
				"east": {"uv": [7.375, 9, 7.5, 9.25], "texture": "#3"},
				"south": {"uv": [7.375, 9, 7.5, 9.25], "texture": "#3"},
				"west": {"uv": [7.375, 9, 7.5, 9.25], "texture": "#3"},
				"up": {"uv": [7.375, 9, 7.5, 9.125], "texture": "#3"}
			}
		},
		{
			"name": "Layer 5_12",
			"from": [8.375, 4.9375, 7.9375],
			"to": [8.5, 5.1875, 8.1875],
			"faces": {
				"north": {"uv": [8.5, 9, 8.375, 9.25], "texture": "#3"},
				"east": {"uv": [8.375, 9, 8.5, 9.25], "texture": "#3"},
				"south": {"uv": [8.375, 9, 8.5, 9.25], "texture": "#3"},
				"west": {"uv": [8.375, 9, 8.5, 9.25], "texture": "#3"},
				"up": {"uv": [8.375, 9, 8.5, 9.125], "texture": "#3"}
			}
		},
		{
			"name": "Layer 5_13",
			"from": [7.5, 4.9375, 7.9375],
			"to": [7.625, 5.0625, 8.1875],
			"faces": {
				"north": {"uv": [7.625, 9.125, 7.5, 9.25], "texture": "#3"},
				"south": {"uv": [7.5, 9.125, 7.625, 9.25], "texture": "#3"},
				"up": {"uv": [7.5, 9.125, 7.625, 9.25], "texture": "#3"}
			}
		},
		{
			"name": "Layer 5_14",
			"from": [8.25, 4.9375, 7.9375],
			"to": [8.375, 5.0625, 8.1875],
			"faces": {
				"north": {"uv": [8.375, 9.125, 8.25, 9.25], "texture": "#3"},
				"south": {"uv": [8.25, 9.125, 8.375, 9.25], "texture": "#3"},
				"up": {"uv": [8.25, 9.125, 8.375, 9.25], "texture": "#3"}
			}
		}
	],
	"display": {
		"thirdperson_righthand": {
			"rotation": [0, -90, 0],
			"translation": [0.25, 10.75, 0.5],
			"scale": [3, 3, 3]
		},
		"thirdperson_lefthand": {
			"rotation": [0, 90, 0],
			"translation": [0.25, 10.75, 0.25],
			"scale": [3, 3, 3]
		},
		"firstperson_righthand": {
			"rotation": [1, -91, 0],
			"translation": [0, 7.5, 2.75],
			"scale": [1.25, 1.25, 1.25]
		},
		"firstperson_lefthand": {
			"rotation": [1, 91, 0],
			"translation": [0, 7.5, 2.75],
			"scale": [1.25, 1.25, 1.25]
		},
		"ground": {
			"translation": [0, 20, 0],
			"scale": [3, 3, 3]
		},
		"gui": {
			"rotation": [0, 0, -45],
			"translation": [1.5, 1.25, 0],
			"scale": [1.5, 1.5, 1.5]
		},
		"head": {
			"rotation": [180, 0, 45],
			"translation": [0, -14.75, 4.75],
			"scale": [3.5, 3.5, 3.5]
		},
		"fixed": {
			"rotation": [180, 0, 135],
			"translation": [-1.75, 1.5, 0],
			"scale": [2, 2, 2]
		}
	},
	"groups": [
		{
			"name": "Layer 2",
			"origin": [8, 8, 8],
			"color": 0,
			"children": [0, 1, 2, 3, 4, 5, 6, 7, 8, 9, 10, 11, 12, 13, 14, 15, 16, 17, 18, 19, 20, 21, 22, 23, 24, 25, 26]
		},
		{
			"name": "Layer 4",
			"origin": [8, 8, 8],
			"color": 0,
			"children": [27, 28, 29, 30, 31, 32, 33, 34, 35, 36, 37]
		},
		{
			"name": "Layer 5",
			"origin": [8, 8, 8],
			"color": 0,
			"children": [38, 39, 40, 41, 42, 43, 44, 45, 46, 47, 48, 49, 50, 51, 52]
		}
	]
}