{
	"credit": "Made with Blockbench",
	"textures": {
		"0": "item/greataxe",
		"particle": "item/greataxe"
	},
	"elements": [
		{
			"name": "Layer 1_0",
			"from": [6.375, 14.75, 8],
			"to": [6.625, 14.875, 8.0625],
			"faces": {
				"north": {"uv": [6.625, 1.125, 6.375, 1.25], "texture": "#0"},
				"east": {"uv": [6.5, 1.125, 6.625, 1.25], "texture": "#0"},
				"south": {"uv": [6.375, 1.125, 6.625, 1.25], "texture": "#0"},
				"west": {"uv": [6.375, 1.125, 6.5, 1.25], "texture": "#0"},
				"up": {"uv": [6.375, 1.125, 6.625, 1.25], "texture": "#0"},
				"down": {"uv": [6.375, 1.125, 6.625, 1.25], "texture": "#0"}
			}
		},
		{
			"name": "Layer 1_1",
			"from": [9.25, 14.75, 8],
			"to": [9.5, 14.875, 8.0625],
			"faces": {
				"north": {"uv": [9.5, 1.125, 9.25, 1.25], "texture": "#0"},
				"east": {"uv": [9.375, 1.125, 9.5, 1.25], "texture": "#0"},
				"south": {"uv": [9.25, 1.125, 9.5, 1.25], "texture": "#0"},
				"west": {"uv": [9.25, 1.125, 9.375, 1.25], "texture": "#0"},
				"up": {"uv": [9.25, 1.125, 9.5, 1.25], "texture": "#0"},
				"down": {"uv": [9.25, 1.125, 9.5, 1.25], "texture": "#0"}
			}
		},
		{
			"name": "Layer 1_2",
			"from": [6.25, 14.625, 8],
			"to": [6.5, 14.75, 8.0625],
			"faces": {
				"north": {"uv": [6.5, 1.25, 6.25, 1.375], "texture": "#0"},
				"east": {"uv": [6.375, 1.25, 6.5, 1.375], "texture": "#0"},
				"south": {"uv": [6.25, 1.25, 6.5, 1.375], "texture": "#0"},
				"west": {"uv": [6.25, 1.25, 6.375, 1.375], "texture": "#0"},
				"up": {"uv": [6.25, 1.25, 6.5, 1.375], "texture": "#0"}
			}
		},
		{
			"name": "Layer 1_3",
			"from": [9.375, 14.625, 8],
			"to": [9.625, 14.75, 8.0625],
			"faces": {
				"north": {"uv": [9.625, 1.25, 9.375, 1.375], "texture": "#0"},
				"east": {"uv": [9.5, 1.25, 9.625, 1.375], "texture": "#0"},
				"south": {"uv": [9.375, 1.25, 9.625, 1.375], "texture": "#0"},
				"west": {"uv": [9.375, 1.25, 9.5, 1.375], "texture": "#0"},
				"up": {"uv": [9.375, 1.25, 9.625, 1.375], "texture": "#0"}
			}
		},
		{
			"name": "Layer 1_4",
			"from": [6.125, 14.5, 8],
			"to": [6.375, 14.625, 8.0625],
			"faces": {
				"north": {"uv": [6.375, 1.375, 6.125, 1.5], "texture": "#0"},
				"south": {"uv": [6.125, 1.375, 6.375, 1.5], "texture": "#0"},
				"west": {"uv": [6.125, 1.375, 6.25, 1.5], "texture": "#0"},
				"up": {"uv": [6.125, 1.375, 6.375, 1.5], "texture": "#0"}
			}
		},
		{
			"name": "Layer 1_5",
			"from": [9.5, 14.5, 8],
			"to": [9.75, 14.625, 8.0625],
			"faces": {
				"north": {"uv": [9.75, 1.375, 9.5, 1.5], "texture": "#0"},
				"east": {"uv": [9.625, 1.375, 9.75, 1.5], "texture": "#0"},
				"south": {"uv": [9.5, 1.375, 9.75, 1.5], "texture": "#0"},
				"up": {"uv": [9.5, 1.375, 9.75, 1.5], "texture": "#0"}
			}
		},
		{
			"name": "Layer 1_6",
			"from": [6, 14.375, 8],
			"to": [6.25, 14.5, 8.0625],
			"faces": {
				"north": {"uv": [6.25, 1.5, 6, 1.625], "texture": "#0"},
				"south": {"uv": [6, 1.5, 6.25, 1.625], "texture": "#0"},
				"west": {"uv": [6, 1.5, 6.125, 1.625], "texture": "#0"},
				"up": {"uv": [6, 1.5, 6.25, 1.625], "texture": "#0"}
			}
		},
		{
			"name": "Layer 1_7",
			"from": [9.625, 14.375, 8],
			"to": [9.875, 14.5, 8.0625],
			"faces": {
				"north": {"uv": [9.875, 1.5, 9.625, 1.625], "texture": "#0"},
				"east": {"uv": [9.75, 1.5, 9.875, 1.625], "texture": "#0"},
				"south": {"uv": [9.625, 1.5, 9.875, 1.625], "texture": "#0"},
				"up": {"uv": [9.625, 1.5, 9.875, 1.625], "texture": "#0"}
			}
		},
		{
			"name": "Layer 1_8",
			"from": [5.875, 14.25, 8],
			"to": [6.125, 14.375, 8.0625],
			"faces": {
				"north": {"uv": [6.125, 1.625, 5.875, 1.75], "texture": "#0"},
				"south": {"uv": [5.875, 1.625, 6.125, 1.75], "texture": "#0"},
				"west": {"uv": [5.875, 1.625, 6, 1.75], "texture": "#0"},
				"up": {"uv": [5.875, 1.625, 6.125, 1.75], "texture": "#0"}
			}
		},
		{
			"name": "Layer 1_9",
			"from": [9.75, 14.25, 8],
			"to": [10, 14.375, 8.0625],
			"faces": {
				"north": {"uv": [10, 1.625, 9.75, 1.75], "texture": "#0"},
				"east": {"uv": [9.875, 1.625, 10, 1.75], "texture": "#0"},
				"south": {"uv": [9.75, 1.625, 10, 1.75], "texture": "#0"},
				"up": {"uv": [9.75, 1.625, 10, 1.75], "texture": "#0"}
			}
		},
		{
			"name": "Layer 1_10",
			"from": [5.875, 14.125, 8],
			"to": [6, 14.25, 8.0625],
			"faces": {
				"north": {"uv": [6, 1.75, 5.875, 1.875], "texture": "#0"},
				"south": {"uv": [5.875, 1.75, 6, 1.875], "texture": "#0"},
				"west": {"uv": [5.875, 1.75, 6, 1.875], "texture": "#0"}
			}
		},
		{
			"name": "Layer 1_11",
			"from": [9.875, 14.125, 8],
			"to": [10, 14.25, 8.0625],
			"faces": {
				"north": {"uv": [10, 1.75, 9.875, 1.875], "texture": "#0"},
				"east": {"uv": [9.875, 1.75, 10, 1.875], "texture": "#0"},
				"south": {"uv": [9.875, 1.75, 10, 1.875], "texture": "#0"}
			}
		},
		{
			"name": "Layer 1_12",
			"from": [5.75, 13.875, 8],
			"to": [5.875, 14.125, 8.0625],
			"faces": {
				"north": {"uv": [5.875, 1.875, 5.75, 2.125], "texture": "#0"},
				"south": {"uv": [5.75, 1.875, 5.875, 2.125], "texture": "#0"},
				"west": {"uv": [5.75, 1.875, 5.875, 2.125], "texture": "#0"},
				"up": {"uv": [5.75, 1.875, 5.875, 2], "texture": "#0"}
			}
		},
		{
			"name": "Layer 1_13",
			"from": [10, 13.875, 8],
			"to": [10.125, 14.125, 8.0625],
			"faces": {
				"north": {"uv": [10.125, 1.875, 10, 2.125], "texture": "#0"},
				"east": {"uv": [10, 1.875, 10.125, 2.125], "texture": "#0"},
				"south": {"uv": [10, 1.875, 10.125, 2.125], "texture": "#0"},
				"up": {"uv": [10, 1.875, 10.125, 2], "texture": "#0"}
			}
		},
		{
			"name": "Layer 1_14",
			"from": [5.625, 13.5, 8],
			"to": [5.75, 13.875, 8.0625],
			"faces": {
				"north": {"uv": [5.75, 2.125, 5.625, 2.5], "texture": "#0"},
				"south": {"uv": [5.625, 2.125, 5.75, 2.5], "texture": "#0"},
				"west": {"uv": [5.625, 2.125, 5.75, 2.5], "texture": "#0"},
				"up": {"uv": [5.625, 2.125, 5.75, 2.25], "texture": "#0"}
			}
		},
		{
			"name": "Layer 1_15",
			"from": [10.125, 13.5, 8],
			"to": [10.25, 13.875, 8.0625],
			"faces": {
				"north": {"uv": [10.25, 2.125, 10.125, 2.5], "texture": "#0"},
				"east": {"uv": [10.125, 2.125, 10.25, 2.5], "texture": "#0"},
				"south": {"uv": [10.125, 2.125, 10.25, 2.5], "texture": "#0"},
				"up": {"uv": [10.125, 2.125, 10.25, 2.25], "texture": "#0"}
			}
		},
		{
			"name": "Layer 1_16",
			"from": [5.5, 13.125, 8],
			"to": [5.625, 13.5, 8.0625],
			"faces": {
				"north": {"uv": [5.625, 2.5, 5.5, 2.875], "texture": "#0"},
				"south": {"uv": [5.5, 2.5, 5.625, 2.875], "texture": "#0"},
				"west": {"uv": [5.5, 2.5, 5.625, 2.875], "texture": "#0"},
				"up": {"uv": [5.5, 2.5, 5.625, 2.625], "texture": "#0"}
			}
		},
		{
			"name": "Layer 1_17",
			"from": [10.25, 13.125, 8],
			"to": [10.375, 13.5, 8.0625],
			"faces": {
				"north": {"uv": [10.375, 2.5, 10.25, 2.875], "texture": "#0"},
				"east": {"uv": [10.25, 2.5, 10.375, 2.875], "texture": "#0"},
				"south": {"uv": [10.25, 2.5, 10.375, 2.875], "texture": "#0"},
				"up": {"uv": [10.25, 2.5, 10.375, 2.625], "texture": "#0"}
			}
		},
		{
			"name": "Layer 1_18",
			"from": [5.375, 11.875, 8],
			"to": [5.5, 13.125, 8.0625],
			"faces": {
				"north": {"uv": [5.5, 2.875, 5.375, 4.125], "texture": "#0"},
				"south": {"uv": [5.375, 2.875, 5.5, 4.125], "texture": "#0"},
				"west": {"uv": [5.375, 2.875, 5.5, 4.125], "texture": "#0"},
				"up": {"uv": [5.375, 2.875, 5.5, 3], "texture": "#0"},
				"down": {"uv": [5.375, 4, 5.5, 4.125], "texture": "#0"}
			}
		},
		{
			"name": "Layer 1_19",
			"from": [10.375, 11.875, 8],
			"to": [10.5, 13.125, 8.0625],
			"faces": {
				"north": {"uv": [10.5, 2.875, 10.375, 4.125], "texture": "#0"},
				"east": {"uv": [10.375, 2.875, 10.5, 4.125], "texture": "#0"},
				"south": {"uv": [10.375, 2.875, 10.5, 4.125], "texture": "#0"},
				"up": {"uv": [10.375, 2.875, 10.5, 3], "texture": "#0"},
				"down": {"uv": [10.375, 4, 10.5, 4.125], "texture": "#0"}
			}
		},
		{
			"name": "Layer 1_20",
			"from": [5.5, 11.625, 8],
			"to": [5.625, 11.875, 8.0625],
			"faces": {
				"north": {"uv": [5.625, 4.125, 5.5, 4.375], "texture": "#0"},
				"south": {"uv": [5.5, 4.125, 5.625, 4.375], "texture": "#0"},
				"west": {"uv": [5.5, 4.125, 5.625, 4.375], "texture": "#0"},
				"down": {"uv": [5.5, 4.25, 5.625, 4.375], "texture": "#0"}
			}
		},
		{
			"name": "Layer 1_21",
			"from": [10.25, 11.625, 8],
			"to": [10.375, 11.875, 8.0625],
			"faces": {
				"north": {"uv": [10.375, 4.125, 10.25, 4.375], "texture": "#0"},
				"east": {"uv": [10.25, 4.125, 10.375, 4.375], "texture": "#0"},
				"south": {"uv": [10.25, 4.125, 10.375, 4.375], "texture": "#0"},
				"down": {"uv": [10.25, 4.25, 10.375, 4.375], "texture": "#0"}
			}
		},
		{
			"name": "Layer 1_22",
			"from": [5.625, 11.25, 8],
			"to": [5.75, 11.625, 8.0625],
			"faces": {
				"north": {"uv": [5.75, 4.375, 5.625, 4.75], "texture": "#0"},
				"south": {"uv": [5.625, 4.375, 5.75, 4.75], "texture": "#0"},
				"west": {"uv": [5.625, 4.375, 5.75, 4.75], "texture": "#0"},
				"down": {"uv": [5.625, 4.625, 5.75, 4.75], "texture": "#0"}
			}
		},
		{
			"name": "Layer 1_23",
			"from": [10.125, 11.25, 8],
			"to": [10.25, 11.625, 8.0625],
			"faces": {
				"north": {"uv": [10.25, 4.375, 10.125, 4.75], "texture": "#0"},
				"east": {"uv": [10.125, 4.375, 10.25, 4.75], "texture": "#0"},
				"south": {"uv": [10.125, 4.375, 10.25, 4.75], "texture": "#0"},
				"down": {"uv": [10.125, 4.625, 10.25, 4.75], "texture": "#0"}
			}
		},
		{
			"name": "Layer 1_24",
			"from": [5.75, 11, 8],
			"to": [5.875, 11.25, 8.0625],
			"faces": {
				"north": {"uv": [5.875, 4.75, 5.75, 5], "texture": "#0"},
				"south": {"uv": [5.75, 4.75, 5.875, 5], "texture": "#0"},
				"west": {"uv": [5.75, 4.75, 5.875, 5], "texture": "#0"},
				"down": {"uv": [5.75, 4.875, 5.875, 5], "texture": "#0"}
			}
		},
		{
			"name": "Layer 1_25",
			"from": [10, 11, 8],
			"to": [10.125, 11.25, 8.0625],
			"faces": {
				"north": {"uv": [10.125, 4.75, 10, 5], "texture": "#0"},
				"east": {"uv": [10, 4.75, 10.125, 5], "texture": "#0"},
				"south": {"uv": [10, 4.75, 10.125, 5], "texture": "#0"},
				"down": {"uv": [10, 4.875, 10.125, 5], "texture": "#0"}
			}
		},
		{
			"name": "Layer 1_26",
			"from": [5.875, 10.875, 8],
			"to": [6, 11, 8.0625],
			"faces": {
				"north": {"uv": [6, 5, 5.875, 5.125], "texture": "#0"},
				"south": {"uv": [5.875, 5, 6, 5.125], "texture": "#0"},
				"west": {"uv": [5.875, 5, 6, 5.125], "texture": "#0"},
				"down": {"uv": [5.875, 5, 6, 5.125], "texture": "#0"}
			}
		},
		{
			"name": "Layer 1_27",
			"from": [9.875, 10.875, 8],
			"to": [10, 11, 8.0625],
			"faces": {
				"north": {"uv": [10, 5, 9.875, 5.125], "texture": "#0"},
				"east": {"uv": [9.875, 5, 10, 5.125], "texture": "#0"},
				"south": {"uv": [9.875, 5, 10, 5.125], "texture": "#0"},
				"down": {"uv": [9.875, 5, 10, 5.125], "texture": "#0"}
			}
		},
		{
			"name": "Layer 1_28",
			"from": [6, 10.625, 8],
			"to": [6.125, 10.875, 8.0625],
			"faces": {
				"north": {"uv": [6.125, 5.125, 6, 5.375], "texture": "#0"},
				"south": {"uv": [6, 5.125, 6.125, 5.375], "texture": "#0"},
				"west": {"uv": [6, 5.125, 6.125, 5.375], "texture": "#0"},
				"down": {"uv": [6, 5.25, 6.125, 5.375], "texture": "#0"}
			}
		},
		{
			"name": "Layer 1_29",
			"from": [9.75, 10.625, 8],
			"to": [9.875, 10.875, 8.0625],
			"faces": {
				"north": {"uv": [9.875, 5.125, 9.75, 5.375], "texture": "#0"},
				"east": {"uv": [9.75, 5.125, 9.875, 5.375], "texture": "#0"},
				"south": {"uv": [9.75, 5.125, 9.875, 5.375], "texture": "#0"},
				"down": {"uv": [9.75, 5.25, 9.875, 5.375], "texture": "#0"}
			}
		},
		{
			"name": "Layer 1_30",
			"from": [6.125, 10.5, 8],
			"to": [6.25, 10.75, 8.0625],
			"faces": {
				"north": {"uv": [6.25, 5.25, 6.125, 5.5], "texture": "#0"},
				"south": {"uv": [6.125, 5.25, 6.25, 5.5], "texture": "#0"},
				"west": {"uv": [6.125, 5.25, 6.25, 5.5], "texture": "#0"},
				"down": {"uv": [6.125, 5.375, 6.25, 5.5], "texture": "#0"}
			}
		},
		{
			"name": "Layer 1_31",
			"from": [9.625, 10.5, 8],
			"to": [9.75, 10.75, 8.0625],
			"faces": {
				"north": {"uv": [9.75, 5.25, 9.625, 5.5], "texture": "#0"},
				"east": {"uv": [9.625, 5.25, 9.75, 5.5], "texture": "#0"},
				"south": {"uv": [9.625, 5.25, 9.75, 5.5], "texture": "#0"},
				"down": {"uv": [9.625, 5.375, 9.75, 5.5], "texture": "#0"}
			}
		},
		{
			"name": "Layer 1_32",
			"from": [6.25, 10.375, 8],
			"to": [6.375, 10.625, 8.0625],
			"faces": {
				"north": {"uv": [6.375, 5.375, 6.25, 5.625], "texture": "#0"},
				"south": {"uv": [6.25, 5.375, 6.375, 5.625], "texture": "#0"},
				"west": {"uv": [6.25, 5.375, 6.375, 5.625], "texture": "#0"},
				"down": {"uv": [6.25, 5.5, 6.375, 5.625], "texture": "#0"}
			}
		},
		{
			"name": "Layer 1_33",
			"from": [9.5, 10.375, 8],
			"to": [9.625, 10.625, 8.0625],
			"faces": {
				"north": {"uv": [9.625, 5.375, 9.5, 5.625], "texture": "#0"},
				"east": {"uv": [9.5, 5.375, 9.625, 5.625], "texture": "#0"},
				"south": {"uv": [9.5, 5.375, 9.625, 5.625], "texture": "#0"},
				"down": {"uv": [9.5, 5.5, 9.625, 5.625], "texture": "#0"}
			}
		},
		{
			"name": "Layer 1_34",
			"from": [6.375, 10.25, 8],
			"to": [6.5, 10.5, 8.0625],
			"faces": {
				"north": {"uv": [6.5, 5.5, 6.375, 5.75], "texture": "#0"},
				"south": {"uv": [6.375, 5.5, 6.5, 5.75], "texture": "#0"},
				"west": {"uv": [6.375, 5.5, 6.5, 5.75], "texture": "#0"},
				"down": {"uv": [6.375, 5.625, 6.5, 5.75], "texture": "#0"}
			}
		},
		{
			"name": "Layer 1_35",
			"from": [9.375, 10.25, 8],
			"to": [9.5, 10.5, 8.0625],
			"faces": {
				"north": {"uv": [9.5, 5.5, 9.375, 5.75], "texture": "#0"},
				"east": {"uv": [9.375, 5.5, 9.5, 5.75], "texture": "#0"},
				"south": {"uv": [9.375, 5.5, 9.5, 5.75], "texture": "#0"},
				"down": {"uv": [9.375, 5.625, 9.5, 5.75], "texture": "#0"}
			}
		},
		{
			"name": "Layer 1_36",
			"from": [6.5, 10.125, 8],
			"to": [6.625, 10.375, 8.0625],
			"faces": {
				"north": {"uv": [6.625, 5.625, 6.5, 5.875], "texture": "#0"},
				"south": {"uv": [6.5, 5.625, 6.625, 5.875], "texture": "#0"},
				"west": {"uv": [6.5, 5.625, 6.625, 5.875], "texture": "#0"},
				"down": {"uv": [6.5, 5.75, 6.625, 5.875], "texture": "#0"}
			}
		},
		{
			"name": "Layer 1_37",
			"from": [9.25, 10.125, 8],
			"to": [9.375, 10.375, 8.0625],
			"faces": {
				"north": {"uv": [9.375, 5.625, 9.25, 5.875], "texture": "#0"},
				"east": {"uv": [9.25, 5.625, 9.375, 5.875], "texture": "#0"},
				"south": {"uv": [9.25, 5.625, 9.375, 5.875], "texture": "#0"},
				"down": {"uv": [9.25, 5.75, 9.375, 5.875], "texture": "#0"}
			}
		},
		{
			"name": "Layer 1_38",
			"from": [6.625, 10, 8],
			"to": [6.75, 10.25, 8.0625],
			"faces": {
				"north": {"uv": [6.75, 5.75, 6.625, 6], "texture": "#0"},
				"south": {"uv": [6.625, 5.75, 6.75, 6], "texture": "#0"},
				"west": {"uv": [6.625, 5.75, 6.75, 6], "texture": "#0"},
				"down": {"uv": [6.625, 5.875, 6.75, 6], "texture": "#0"}
			}
		},
		{
			"name": "Layer 1_39",
			"from": [9.125, 10, 8],
			"to": [9.25, 10.25, 8.0625],
			"faces": {
				"north": {"uv": [9.25, 5.75, 9.125, 6], "texture": "#0"},
				"east": {"uv": [9.125, 5.75, 9.25, 6], "texture": "#0"},
				"south": {"uv": [9.125, 5.75, 9.25, 6], "texture": "#0"},
				"down": {"uv": [9.125, 5.875, 9.25, 6], "texture": "#0"}
			}
		},
		{
			"name": "Layer 1_40",
			"from": [6.75, 9.875, 8],
			"to": [6.875, 10.125, 8.0625],
			"faces": {
				"north": {"uv": [6.875, 5.875, 6.75, 6.125], "texture": "#0"},
				"south": {"uv": [6.75, 5.875, 6.875, 6.125], "texture": "#0"},
				"west": {"uv": [6.75, 5.875, 6.875, 6.125], "texture": "#0"},
				"down": {"uv": [6.75, 6, 6.875, 6.125], "texture": "#0"}
			}
		},
		{
			"name": "Layer 1_41",
			"from": [9, 9.875, 8],
			"to": [9.125, 10.125, 8.0625],
			"faces": {
				"north": {"uv": [9.125, 5.875, 9, 6.125], "texture": "#0"},
				"east": {"uv": [9, 5.875, 9.125, 6.125], "texture": "#0"},
				"south": {"uv": [9, 5.875, 9.125, 6.125], "texture": "#0"},
				"down": {"uv": [9, 6, 9.125, 6.125], "texture": "#0"}
			}
		},
		{
			"name": "Layer 1_42",
			"from": [6.875, 9.75, 8],
			"to": [7, 10, 8.0625],
			"faces": {
				"north": {"uv": [7, 6, 6.875, 6.25], "texture": "#0"},
				"south": {"uv": [6.875, 6, 7, 6.25], "texture": "#0"},
				"west": {"uv": [6.875, 6, 7, 6.25], "texture": "#0"},
				"down": {"uv": [6.875, 6.125, 7, 6.25], "texture": "#0"}
			}
		},
		{
			"name": "Layer 1_43",
			"from": [8.875, 9.75, 8],
			"to": [9, 10, 8.0625],
			"faces": {
				"north": {"uv": [9, 6, 8.875, 6.25], "texture": "#0"},
				"east": {"uv": [8.875, 6, 9, 6.25], "texture": "#0"},
				"south": {"uv": [8.875, 6, 9, 6.25], "texture": "#0"},
				"down": {"uv": [8.875, 6.125, 9, 6.25], "texture": "#0"}
			}
		},
		{
			"name": "Layer 1_44",
			"from": [7, 9.625, 8],
			"to": [7.125, 9.875, 8.0625],
			"faces": {
				"north": {"uv": [7.125, 6.125, 7, 6.375], "texture": "#0"},
				"south": {"uv": [7, 6.125, 7.125, 6.375], "texture": "#0"},
				"west": {"uv": [7, 6.125, 7.125, 6.375], "texture": "#0"},
				"down": {"uv": [7, 6.25, 7.125, 6.375], "texture": "#0"}
			}
		},
		{
			"name": "Layer 1_45",
			"from": [8.75, 9.625, 8],
			"to": [8.875, 9.875, 8.0625],
			"faces": {
				"north": {"uv": [8.875, 6.125, 8.75, 6.375], "texture": "#0"},
				"east": {"uv": [8.75, 6.125, 8.875, 6.375], "texture": "#0"},
				"south": {"uv": [8.75, 6.125, 8.875, 6.375], "texture": "#0"},
				"down": {"uv": [8.75, 6.25, 8.875, 6.375], "texture": "#0"}
			}
		},
		{
			"name": "Layer 1_46",
			"from": [7.125, 9.375, 8],
			"to": [7.25, 9.75, 8.0625],
			"faces": {
				"north": {"uv": [7.25, 6.25, 7.125, 6.625], "texture": "#0"},
				"east": {"uv": [7.125, 6.25, 7.25, 6.625], "texture": "#0"},
				"south": {"uv": [7.125, 6.25, 7.25, 6.625], "texture": "#0"},
				"west": {"uv": [7.125, 6.25, 7.25, 6.625], "texture": "#0"},
				"down": {"uv": [7.125, 6.5, 7.25, 6.625], "texture": "#0"}
			}
		},
		{
			"name": "Layer 1_47",
			"from": [8.625, 9.375, 8],
			"to": [8.75, 9.75, 8.0625],
			"faces": {
				"north": {"uv": [8.75, 6.25, 8.625, 6.625], "texture": "#0"},
				"east": {"uv": [8.625, 6.25, 8.75, 6.625], "texture": "#0"},
				"south": {"uv": [8.625, 6.25, 8.75, 6.625], "texture": "#0"},
				"west": {"uv": [8.625, 6.25, 8.75, 6.625], "texture": "#0"},
				"down": {"uv": [8.625, 6.5, 8.75, 6.625], "texture": "#0"}
			}
		},
		{
			"name": "Layer 2_0",
			"from": [6.375, 14.5, 7.9375],
			"to": [6.5, 14.625, 8.125],
			"faces": {
				"north": {"uv": [6.5, 1.375, 6.375, 1.5], "texture": "#0"},
				"east": {"uv": [6.375, 1.375, 6.5, 1.5], "texture": "#0"},
				"south": {"uv": [6.375, 1.375, 6.5, 1.5], "texture": "#0"},
				"west": {"uv": [6.375, 1.375, 6.5, 1.5], "texture": "#0"},
				"up": {"uv": [6.375, 1.375, 6.5, 1.5], "texture": "#0"},
				"down": {"uv": [6.375, 1.375, 6.5, 1.5], "texture": "#0"}
			}
		},
		{
			"name": "Layer 2_1",
			"from": [9.375, 14.5, 7.9375],
			"to": [9.5, 14.625, 8.125],
			"faces": {
				"north": {"uv": [9.5, 1.375, 9.375, 1.5], "texture": "#0"},
				"east": {"uv": [9.375, 1.375, 9.5, 1.5], "texture": "#0"},
				"south": {"uv": [9.375, 1.375, 9.5, 1.5], "texture": "#0"},
				"west": {"uv": [9.375, 1.375, 9.5, 1.5], "texture": "#0"},
				"up": {"uv": [9.375, 1.375, 9.5, 1.5], "texture": "#0"},
				"down": {"uv": [9.375, 1.375, 9.5, 1.5], "texture": "#0"}
			}
		},
		{
			"name": "Layer 2_2",
			"from": [6.25, 14.25, 7.9375],
			"to": [6.375, 14.5, 8.125],
			"faces": {
				"north": {"uv": [6.375, 1.5, 6.25, 1.75], "texture": "#0"},
				"east": {"uv": [6.25, 1.5, 6.375, 1.75], "texture": "#0"},
				"south": {"uv": [6.25, 1.5, 6.375, 1.75], "texture": "#0"},
				"west": {"uv": [6.25, 1.5, 6.375, 1.75], "texture": "#0"},
				"up": {"uv": [6.25, 1.5, 6.375, 1.625], "texture": "#0"}
			}
		},
		{
			"name": "Layer 2_3",
			"from": [9.5, 14.25, 7.9375],
			"to": [9.625, 14.5, 8.125],
			"faces": {
				"north": {"uv": [9.625, 1.5, 9.5, 1.75], "texture": "#0"},
				"east": {"uv": [9.5, 1.5, 9.625, 1.75], "texture": "#0"},
				"south": {"uv": [9.5, 1.5, 9.625, 1.75], "texture": "#0"},
				"west": {"uv": [9.5, 1.5, 9.625, 1.75], "texture": "#0"},
				"up": {"uv": [9.5, 1.5, 9.625, 1.625], "texture": "#0"}
			}
		},
		{
			"name": "Layer 2_4",
			"from": [6.125, 14.125, 7.9375],
			"to": [6.25, 14.375, 8.125],
			"faces": {
				"north": {"uv": [6.25, 1.625, 6.125, 1.875], "texture": "#0"},
				"south": {"uv": [6.125, 1.625, 6.25, 1.875], "texture": "#0"},
				"west": {"uv": [6.125, 1.625, 6.25, 1.875], "texture": "#0"},
				"up": {"uv": [6.125, 1.625, 6.25, 1.75], "texture": "#0"}
			}
		},
		{
			"name": "Layer 2_5",
			"from": [6.875, 14.125, 7.9375],
			"to": [7, 14.375, 8.125],
			"faces": {
				"north": {"uv": [7, 1.625, 6.875, 1.875], "texture": "#0"},
				"east": {"uv": [6.875, 1.625, 7, 1.875], "texture": "#0"},
				"south": {"uv": [6.875, 1.625, 7, 1.875], "texture": "#0"},
				"west": {"uv": [6.875, 1.625, 7, 1.875], "texture": "#0"},
				"up": {"uv": [6.875, 1.625, 7, 1.75], "texture": "#0"},
				"down": {"uv": [6.875, 1.75, 7, 1.875], "texture": "#0"}
			}
		},
		{
			"name": "Layer 2_6",
			"from": [8.875, 14.125, 7.9375],
			"to": [9, 14.375, 8.125],
			"faces": {
				"north": {"uv": [9, 1.625, 8.875, 1.875], "texture": "#0"},
				"east": {"uv": [8.875, 1.625, 9, 1.875], "texture": "#0"},
				"south": {"uv": [8.875, 1.625, 9, 1.875], "texture": "#0"},
				"west": {"uv": [8.875, 1.625, 9, 1.875], "texture": "#0"},
				"up": {"uv": [8.875, 1.625, 9, 1.75], "texture": "#0"},
				"down": {"uv": [8.875, 1.75, 9, 1.875], "texture": "#0"}
			}
		},
		{
			"name": "Layer 2_7",
			"from": [9.625, 14.125, 7.9375],
			"to": [9.75, 14.375, 8.125],
			"faces": {
				"north": {"uv": [9.75, 1.625, 9.625, 1.875], "texture": "#0"},
				"east": {"uv": [9.625, 1.625, 9.75, 1.875], "texture": "#0"},
				"south": {"uv": [9.625, 1.625, 9.75, 1.875], "texture": "#0"},
				"up": {"uv": [9.625, 1.625, 9.75, 1.75], "texture": "#0"}
			}
		},
		{
			"name": "Layer 2_8",
			"from": [6, 14, 7.9375],
			"to": [6.125, 14.25, 8.125],
			"faces": {
				"north": {"uv": [6.125, 1.75, 6, 2], "texture": "#0"},
				"south": {"uv": [6, 1.75, 6.125, 2], "texture": "#0"},
				"west": {"uv": [6, 1.75, 6.125, 2], "texture": "#0"},
				"up": {"uv": [6, 1.75, 6.125, 1.875], "texture": "#0"}
			}
		},
		{
			"name": "Layer 2_9",
			"from": [6.75, 14, 7.9375],
			"to": [6.875, 14.25, 8.125],
			"faces": {
				"north": {"uv": [6.875, 1.75, 6.75, 2], "texture": "#0"},
				"east": {"uv": [6.75, 1.75, 6.875, 2], "texture": "#0"},
				"south": {"uv": [6.75, 1.75, 6.875, 2], "texture": "#0"},
				"west": {"uv": [6.75, 1.75, 6.875, 2], "texture": "#0"},
				"up": {"uv": [6.75, 1.75, 6.875, 1.875], "texture": "#0"}
			}
		},
		{
			"name": "Layer 2_10",
			"from": [9, 14, 7.9375],
			"to": [9.125, 14.25, 8.125],
			"faces": {
				"north": {"uv": [9.125, 1.75, 9, 2], "texture": "#0"},
				"east": {"uv": [9, 1.75, 9.125, 2], "texture": "#0"},
				"south": {"uv": [9, 1.75, 9.125, 2], "texture": "#0"},
				"west": {"uv": [9, 1.75, 9.125, 2], "texture": "#0"},
				"up": {"uv": [9, 1.75, 9.125, 1.875], "texture": "#0"}
			}
		},
		{
			"name": "Layer 2_11",
			"from": [9.75, 14, 7.9375],
			"to": [9.875, 14.25, 8.125],
			"faces": {
				"north": {"uv": [9.875, 1.75, 9.75, 2], "texture": "#0"},
				"east": {"uv": [9.75, 1.75, 9.875, 2], "texture": "#0"},
				"south": {"uv": [9.75, 1.75, 9.875, 2], "texture": "#0"},
				"up": {"uv": [9.75, 1.75, 9.875, 1.875], "texture": "#0"}
			}
		},
		{
			"name": "Layer 2_12",
			"from": [5.875, 13.75, 7.9375],
			"to": [6, 14.125, 8.125],
			"faces": {
				"north": {"uv": [6, 1.875, 5.875, 2.25], "texture": "#0"},
				"south": {"uv": [5.875, 1.875, 6, 2.25], "texture": "#0"},
				"west": {"uv": [5.875, 1.875, 6, 2.25], "texture": "#0"},
				"up": {"uv": [5.875, 1.875, 6, 2], "texture": "#0"}
			}
		},
		{
			"name": "Layer 2_13",
			"from": [6.625, 13.875, 7.9375],
			"to": [6.75, 14.125, 8.125],
			"faces": {
				"north": {"uv": [6.75, 1.875, 6.625, 2.125], "texture": "#0"},
				"south": {"uv": [6.625, 1.875, 6.75, 2.125], "texture": "#0"},
				"west": {"uv": [6.625, 1.875, 6.75, 2.125], "texture": "#0"},
				"up": {"uv": [6.625, 1.875, 6.75, 2], "texture": "#0"}
			}
		},
		{
			"name": "Layer 2_14",
			"from": [9.125, 13.875, 7.9375],
			"to": [9.25, 14.125, 8.125],
			"faces": {
				"north": {"uv": [9.25, 1.875, 9.125, 2.125], "texture": "#0"},
				"east": {"uv": [9.125, 1.875, 9.25, 2.125], "texture": "#0"},
				"south": {"uv": [9.125, 1.875, 9.25, 2.125], "texture": "#0"},
				"up": {"uv": [9.125, 1.875, 9.25, 2], "texture": "#0"}
			}
		},
		{
			"name": "Layer 2_15",
			"from": [9.875, 13.75, 7.9375],
			"to": [10, 14.125, 8.125],
			"faces": {
				"north": {"uv": [10, 1.875, 9.875, 2.25], "texture": "#0"},
				"east": {"uv": [9.875, 1.875, 10, 2.25], "texture": "#0"},
				"south": {"uv": [9.875, 1.875, 10, 2.25], "texture": "#0"},
				"up": {"uv": [9.875, 1.875, 10, 2], "texture": "#0"}
			}
		},
		{
			"name": "Layer 2_16",
			"from": [5.75, 13.5, 7.9375],
			"to": [5.875, 13.875, 8.125],
			"faces": {
				"north": {"uv": [5.875, 2.125, 5.75, 2.5], "texture": "#0"},
				"south": {"uv": [5.75, 2.125, 5.875, 2.5], "texture": "#0"},
				"west": {"uv": [5.75, 2.125, 5.875, 2.5], "texture": "#0"},
				"up": {"uv": [5.75, 2.125, 5.875, 2.25], "texture": "#0"}
			}
		},
		{
			"name": "Layer 2_17",
			"from": [10, 13.5, 7.9375],
			"to": [10.125, 13.875, 8.125],
			"faces": {
				"north": {"uv": [10.125, 2.125, 10, 2.5], "texture": "#0"},
				"east": {"uv": [10, 2.125, 10.125, 2.5], "texture": "#0"},
				"south": {"uv": [10, 2.125, 10.125, 2.5], "texture": "#0"},
				"up": {"uv": [10, 2.125, 10.125, 2.25], "texture": "#0"}
			}
		},
		{
			"name": "Layer 2_18",
			"from": [5.625, 13.125, 7.9375],
			"to": [5.75, 13.5, 8.125],
			"faces": {
				"north": {"uv": [5.75, 2.5, 5.625, 2.875], "texture": "#0"},
				"south": {"uv": [5.625, 2.5, 5.75, 2.875], "texture": "#0"},
				"west": {"uv": [5.625, 2.5, 5.75, 2.875], "texture": "#0"},
				"up": {"uv": [5.625, 2.5, 5.75, 2.625], "texture": "#0"}
			}
		},
		{
			"name": "Layer 2_19",
			"from": [10.125, 13.125, 7.9375],
			"to": [10.25, 13.5, 8.125],
			"faces": {
				"north": {"uv": [10.25, 2.5, 10.125, 2.875], "texture": "#0"},
				"east": {"uv": [10.125, 2.5, 10.25, 2.875], "texture": "#0"},
				"south": {"uv": [10.125, 2.5, 10.25, 2.875], "texture": "#0"},
				"up": {"uv": [10.125, 2.5, 10.25, 2.625], "texture": "#0"}
			}
		},
		{
			"name": "Layer 2_20",
			"from": [5.5, 11.875, 7.9375],
			"to": [5.625, 13.125, 8.125],
			"faces": {
				"north": {"uv": [5.625, 2.875, 5.5, 4.125], "texture": "#0"},
				"south": {"uv": [5.5, 2.875, 5.625, 4.125], "texture": "#0"},
				"west": {"uv": [5.5, 2.875, 5.625, 4.125], "texture": "#0"},
				"up": {"uv": [5.5, 2.875, 5.625, 3], "texture": "#0"},
				"down": {"uv": [5.5, 4, 5.625, 4.125], "texture": "#0"}
			}
		},
		{
			"name": "Layer 2_21",
			"from": [10.25, 11.875, 7.9375],
			"to": [10.375, 13.125, 8.125],
			"faces": {
				"north": {"uv": [10.375, 2.875, 10.25, 4.125], "texture": "#0"},
				"east": {"uv": [10.25, 2.875, 10.375, 4.125], "texture": "#0"},
				"south": {"uv": [10.25, 2.875, 10.375, 4.125], "texture": "#0"},
				"up": {"uv": [10.25, 2.875, 10.375, 3], "texture": "#0"},
				"down": {"uv": [10.25, 4, 10.375, 4.125], "texture": "#0"}
			}
		},
		{
			"name": "Layer 2_22",
			"from": [5.625, 11.625, 7.9375],
			"to": [5.75, 12, 8.125],
			"faces": {
				"north": {"uv": [5.75, 4, 5.625, 4.375], "texture": "#0"},
				"south": {"uv": [5.625, 4, 5.75, 4.375], "texture": "#0"},
				"west": {"uv": [5.625, 4, 5.75, 4.375], "texture": "#0"},
				"down": {"uv": [5.625, 4.25, 5.75, 4.375], "texture": "#0"}
			}
		},
		{
			"name": "Layer 2_23",
			"from": [10.125, 11.625, 7.9375],
			"to": [10.25, 12, 8.125],
			"faces": {
				"north": {"uv": [10.25, 4, 10.125, 4.375], "texture": "#0"},
				"east": {"uv": [10.125, 4, 10.25, 4.375], "texture": "#0"},
				"south": {"uv": [10.125, 4, 10.25, 4.375], "texture": "#0"},
				"down": {"uv": [10.125, 4.25, 10.25, 4.375], "texture": "#0"}
			}
		},
		{
			"name": "Layer 2_24",
			"from": [5.75, 11.25, 7.9375],
			"to": [5.875, 11.5, 8.125],
			"faces": {
				"north": {"uv": [5.875, 4.5, 5.75, 4.75], "texture": "#0"},
				"south": {"uv": [5.75, 4.5, 5.875, 4.75], "texture": "#0"},
				"west": {"uv": [5.75, 4.5, 5.875, 4.75], "texture": "#0"},
				"down": {"uv": [5.75, 4.625, 5.875, 4.75], "texture": "#0"}
			}
		},
		{
			"name": "Layer 2_25",
			"from": [10, 11.25, 7.9375],
			"to": [10.125, 11.5, 8.125],
			"faces": {
				"north": {"uv": [10.125, 4.5, 10, 4.75], "texture": "#0"},
				"east": {"uv": [10, 4.5, 10.125, 4.75], "texture": "#0"},
				"south": {"uv": [10, 4.5, 10.125, 4.75], "texture": "#0"},
				"down": {"uv": [10, 4.625, 10.125, 4.75], "texture": "#0"}
			}
		},
		{
			"name": "Layer 2_26",
			"from": [5.875, 11, 7.9375],
			"to": [6, 11.25, 8.125],
			"faces": {
				"north": {"uv": [6, 4.75, 5.875, 5], "texture": "#0"},
				"south": {"uv": [5.875, 4.75, 6, 5], "texture": "#0"},
				"west": {"uv": [5.875, 4.75, 6, 5], "texture": "#0"},
				"down": {"uv": [5.875, 4.875, 6, 5], "texture": "#0"}
			}
		},
		{
			"name": "Layer 2_27",
			"from": [9.875, 11, 7.9375],
			"to": [10, 11.25, 8.125],
			"faces": {
				"north": {"uv": [10, 4.75, 9.875, 5], "texture": "#0"},
				"east": {"uv": [9.875, 4.75, 10, 5], "texture": "#0"},
				"south": {"uv": [9.875, 4.75, 10, 5], "texture": "#0"},
				"down": {"uv": [9.875, 4.875, 10, 5], "texture": "#0"}
			}
		},
		{
			"name": "Layer 2_28",
			"from": [6, 10.875, 7.9375],
			"to": [6.125, 11.125, 8.125],
			"faces": {
				"north": {"uv": [6.125, 4.875, 6, 5.125], "texture": "#0"},
				"south": {"uv": [6, 4.875, 6.125, 5.125], "texture": "#0"},
				"west": {"uv": [6, 4.875, 6.125, 5.125], "texture": "#0"},
				"down": {"uv": [6, 5, 6.125, 5.125], "texture": "#0"}
			}
		},
		{
			"name": "Layer 2_29",
			"from": [9.75, 10.875, 7.9375],
			"to": [9.875, 11.125, 8.125],
			"faces": {
				"north": {"uv": [9.875, 4.875, 9.75, 5.125], "texture": "#0"},
				"east": {"uv": [9.75, 4.875, 9.875, 5.125], "texture": "#0"},
				"south": {"uv": [9.75, 4.875, 9.875, 5.125], "texture": "#0"},
				"down": {"uv": [9.75, 5, 9.875, 5.125], "texture": "#0"}
			}
		},
		{
			"name": "Layer 2_30",
			"from": [6.75, 10.875, 7.9375],
			"to": [6.875, 11, 8.125],
			"faces": {
				"north": {"uv": [6.875, 5, 6.75, 5.125], "texture": "#0"},
				"south": {"uv": [6.75, 5, 6.875, 5.125], "texture": "#0"},
				"down": {"uv": [6.75, 5, 6.875, 5.125], "texture": "#0"}
			}
		},
		{
			"name": "Layer 2_31",
			"from": [6.125, 10.75, 7.9375],
			"to": [6.25, 10.875, 8.125],
			"faces": {
				"north": {"uv": [6.25, 5.125, 6.125, 5.25], "texture": "#0"},
				"south": {"uv": [6.125, 5.125, 6.25, 5.25], "texture": "#0"},
				"west": {"uv": [6.125, 5.125, 6.25, 5.25], "texture": "#0"},
				"down": {"uv": [6.125, 5.125, 6.25, 5.25], "texture": "#0"}
			}
		},
		{
			"name": "Layer 2_32",
			"from": [6.875, 10.75, 7.9375],
			"to": [7, 10.875, 8.125],
			"faces": {
				"north": {"uv": [7, 5.125, 6.875, 5.25], "texture": "#0"},
				"south": {"uv": [6.875, 5.125, 7, 5.25], "texture": "#0"},
				"west": {"uv": [6.875, 5.125, 7, 5.25], "texture": "#0"},
				"down": {"uv": [6.875, 5.125, 7, 5.25], "texture": "#0"}
			}
		},
		{
			"name": "Layer 2_33",
			"from": [9.625, 10.75, 7.9375],
			"to": [9.75, 10.875, 8.125],
			"faces": {
				"north": {"uv": [9.75, 5.125, 9.625, 5.25], "texture": "#0"},
				"east": {"uv": [9.625, 5.125, 9.75, 5.25], "texture": "#0"},
				"south": {"uv": [9.625, 5.125, 9.75, 5.25], "texture": "#0"},
				"down": {"uv": [9.625, 5.125, 9.75, 5.25], "texture": "#0"}
			}
		},
		{
			"name": "Layer 2_34",
			"from": [6.25, 10.625, 7.9375],
			"to": [6.375, 10.75, 8.125],
			"faces": {
				"north": {"uv": [6.375, 5.25, 6.25, 5.375], "texture": "#0"},
				"south": {"uv": [6.25, 5.25, 6.375, 5.375], "texture": "#0"},
				"west": {"uv": [6.25, 5.25, 6.375, 5.375], "texture": "#0"},
				"down": {"uv": [6.25, 5.25, 6.375, 5.375], "texture": "#0"}
			}
		},
		{
			"name": "Layer 2_35",
			"from": [7, 10.625, 7.9375],
			"to": [7.125, 10.75, 8.125],
			"faces": {
				"north": {"uv": [7.125, 5.25, 7, 5.375], "texture": "#0"},
				"south": {"uv": [7, 5.25, 7.125, 5.375], "texture": "#0"},
				"west": {"uv": [7, 5.25, 7.125, 5.375], "texture": "#0"},
				"down": {"uv": [7, 5.25, 7.125, 5.375], "texture": "#0"}
			}
		},
		{
			"name": "Layer 2_36",
			"from": [9.5, 10.625, 7.9375],
			"to": [9.625, 10.75, 8.125],
			"faces": {
				"north": {"uv": [9.625, 5.25, 9.5, 5.375], "texture": "#0"},
				"east": {"uv": [9.5, 5.25, 9.625, 5.375], "texture": "#0"},
				"south": {"uv": [9.5, 5.25, 9.625, 5.375], "texture": "#0"},
				"down": {"uv": [9.5, 5.25, 9.625, 5.375], "texture": "#0"}
			}
		},
		{
			"name": "Layer 2_37",
			"from": [6.375, 10.5, 7.9375],
			"to": [6.5, 10.625, 8.125],
			"faces": {
				"north": {"uv": [6.5, 5.375, 6.375, 5.5], "texture": "#0"},
				"south": {"uv": [6.375, 5.375, 6.5, 5.5], "texture": "#0"},
				"west": {"uv": [6.375, 5.375, 6.5, 5.5], "texture": "#0"},
				"down": {"uv": [6.375, 5.375, 6.5, 5.5], "texture": "#0"}
			}
		},
		{
			"name": "Layer 2_38",
			"from": [7.125, 10.5, 7.9375],
			"to": [7.25, 10.625, 8.125],
			"faces": {
				"north": {"uv": [7.25, 5.375, 7.125, 5.5], "texture": "#0"},
				"east": {"uv": [7.125, 5.375, 7.25, 5.5], "texture": "#0"},
				"south": {"uv": [7.125, 5.375, 7.25, 5.5], "texture": "#0"},
				"west": {"uv": [7.125, 5.375, 7.25, 5.5], "texture": "#0"},
				"down": {"uv": [7.125, 5.375, 7.25, 5.5], "texture": "#0"}
			}
		},
		{
			"name": "Layer 2_39",
			"from": [9.375, 10.5, 7.9375],
			"to": [9.5, 10.625, 8.125],
			"faces": {
				"north": {"uv": [9.5, 5.375, 9.375, 5.5], "texture": "#0"},
				"east": {"uv": [9.375, 5.375, 9.5, 5.5], "texture": "#0"},
				"south": {"uv": [9.375, 5.375, 9.5, 5.5], "texture": "#0"},
				"down": {"uv": [9.375, 5.375, 9.5, 5.5], "texture": "#0"}
			}
		},
		{
			"name": "Layer 2_40",
			"from": [6.5, 10.375, 7.9375],
			"to": [6.625, 10.5, 8.125],
			"faces": {
				"north": {"uv": [6.625, 5.5, 6.5, 5.625], "texture": "#0"},
				"south": {"uv": [6.5, 5.5, 6.625, 5.625], "texture": "#0"},
				"west": {"uv": [6.5, 5.5, 6.625, 5.625], "texture": "#0"},
				"down": {"uv": [6.5, 5.5, 6.625, 5.625], "texture": "#0"}
			}
		},
		{
			"name": "Layer 2_41",
			"from": [9.25, 10.375, 7.9375],
			"to": [9.375, 10.5, 8.125],
			"faces": {
				"north": {"uv": [9.375, 5.5, 9.25, 5.625], "texture": "#0"},
				"east": {"uv": [9.25, 5.5, 9.375, 5.625], "texture": "#0"},
				"south": {"uv": [9.25, 5.5, 9.375, 5.625], "texture": "#0"},
				"down": {"uv": [9.25, 5.5, 9.375, 5.625], "texture": "#0"}
			}
		},
		{
			"name": "Layer 2_42",
			"from": [6.625, 10.25, 7.9375],
			"to": [6.75, 10.375, 8.125],
			"faces": {
				"north": {"uv": [6.75, 5.625, 6.625, 5.75], "texture": "#0"},
				"south": {"uv": [6.625, 5.625, 6.75, 5.75], "texture": "#0"},
				"west": {"uv": [6.625, 5.625, 6.75, 5.75], "texture": "#0"},
				"down": {"uv": [6.625, 5.625, 6.75, 5.75], "texture": "#0"}
			}
		},
		{
			"name": "Layer 2_43",
			"from": [9.125, 10.25, 7.9375],
			"to": [9.25, 10.375, 8.125],
			"faces": {
				"north": {"uv": [9.25, 5.625, 9.125, 5.75], "texture": "#0"},
				"east": {"uv": [9.125, 5.625, 9.25, 5.75], "texture": "#0"},
				"south": {"uv": [9.125, 5.625, 9.25, 5.75], "texture": "#0"},
				"down": {"uv": [9.125, 5.625, 9.25, 5.75], "texture": "#0"}
			}
		},
		{
			"name": "Layer 2_44",
			"from": [6.75, 10.125, 7.9375],
			"to": [6.875, 10.25, 8.125],
			"faces": {
				"north": {"uv": [6.875, 5.75, 6.75, 5.875], "texture": "#0"},
				"south": {"uv": [6.75, 5.75, 6.875, 5.875], "texture": "#0"},
				"west": {"uv": [6.75, 5.75, 6.875, 5.875], "texture": "#0"},
				"down": {"uv": [6.75, 5.75, 6.875, 5.875], "texture": "#0"}
			}
		},
		{
			"name": "Layer 2_45",
			"from": [9, 10.125, 7.9375],
			"to": [9.125, 10.25, 8.125],
			"faces": {
				"north": {"uv": [9.125, 5.75, 9, 5.875], "texture": "#0"},
				"east": {"uv": [9, 5.75, 9.125, 5.875], "texture": "#0"},
				"south": {"uv": [9, 5.75, 9.125, 5.875], "texture": "#0"},
				"down": {"uv": [9, 5.75, 9.125, 5.875], "texture": "#0"}
			}
		},
		{
			"name": "Layer 2_46",
			"from": [6.875, 10, 7.9375],
			"to": [7, 10.125, 8.125],
			"faces": {
				"north": {"uv": [7, 5.875, 6.875, 6], "texture": "#0"},
				"south": {"uv": [6.875, 5.875, 7, 6], "texture": "#0"},
				"west": {"uv": [6.875, 5.875, 7, 6], "texture": "#0"},
				"down": {"uv": [6.875, 5.875, 7, 6], "texture": "#0"}
			}
		},
		{
			"name": "Layer 2_47",
			"from": [8.875, 10, 7.9375],
			"to": [9, 10.125, 8.125],
			"faces": {
				"north": {"uv": [9, 5.875, 8.875, 6], "texture": "#0"},
				"east": {"uv": [8.875, 5.875, 9, 6], "texture": "#0"},
				"south": {"uv": [8.875, 5.875, 9, 6], "texture": "#0"},
				"down": {"uv": [8.875, 5.875, 9, 6], "texture": "#0"}
			}
		},
		{
			"name": "Layer 2_48",
			"from": [7, 9.875, 7.9375],
			"to": [7.125, 10, 8.125],
			"faces": {
				"north": {"uv": [7.125, 6, 7, 6.125], "texture": "#0"},
				"east": {"uv": [7, 6, 7.125, 6.125], "texture": "#0"},
				"south": {"uv": [7, 6, 7.125, 6.125], "texture": "#0"},
				"west": {"uv": [7, 6, 7.125, 6.125], "texture": "#0"},
				"down": {"uv": [7, 6, 7.125, 6.125], "texture": "#0"}
			}
		},
		{
			"name": "Layer 2_49",
			"from": [8.75, 9.875, 7.9375],
			"to": [8.875, 10, 8.125],
			"faces": {
				"north": {"uv": [8.875, 6, 8.75, 6.125], "texture": "#0"},
				"east": {"uv": [8.75, 6, 8.875, 6.125], "texture": "#0"},
				"south": {"uv": [8.75, 6, 8.875, 6.125], "texture": "#0"},
				"west": {"uv": [8.75, 6, 8.875, 6.125], "texture": "#0"},
				"down": {"uv": [8.75, 6, 8.875, 6.125], "texture": "#0"}
			}
		},
		{
			"name": "Layer 2_50",
			"from": [7.125, 9.75, 7.9375],
			"to": [7.25, 9.875, 8.125],
			"faces": {
				"north": {"uv": [7.25, 6.125, 7.125, 6.25], "texture": "#0"},
				"east": {"uv": [7.125, 6.125, 7.25, 6.25], "texture": "#0"},
				"south": {"uv": [7.125, 6.125, 7.25, 6.25], "texture": "#0"},
				"west": {"uv": [7.125, 6.125, 7.25, 6.25], "texture": "#0"},
				"up": {"uv": [7.125, 6.125, 7.25, 6.25], "texture": "#0"},
				"down": {"uv": [7.125, 6.125, 7.25, 6.25], "texture": "#0"}
			}
		},
		{
			"name": "Layer 2_51",
			"from": [8.625, 9.75, 7.9375],
			"to": [8.75, 9.875, 8.125],
			"faces": {
				"north": {"uv": [8.75, 6.125, 8.625, 6.25], "texture": "#0"},
				"east": {"uv": [8.625, 6.125, 8.75, 6.25], "texture": "#0"},
				"south": {"uv": [8.625, 6.125, 8.75, 6.25], "texture": "#0"},
				"west": {"uv": [8.625, 6.125, 8.75, 6.25], "texture": "#0"},
				"up": {"uv": [8.625, 6.125, 8.75, 6.25], "texture": "#0"},
				"down": {"uv": [8.625, 6.125, 8.75, 6.25], "texture": "#0"}
			}
		},
		{
			"name": "Layer 3_0",
			"from": [7.625, 13, 7.8125],
			"to": [8.25, 13.375, 8.25],
			"faces": {
				"north": {"uv": [8.25, 2.625, 7.625, 3], "texture": "#0"},
				"east": {"uv": [8.125, 2.625, 8.25, 3], "texture": "#0"},
				"south": {"uv": [7.625, 2.625, 8.25, 3], "texture": "#0"},
				"west": {"uv": [7.625, 2.625, 7.75, 3], "texture": "#0"},
				"up": {"uv": [7.625, 2.625, 8.25, 2.75], "texture": "#0"},
				"down": {"uv": [7.625, 2.875, 8.25, 3], "texture": "#0"}
			}
		},
		{
			"name": "Layer 3_1",
			"from": [7.5, 12.625, 7.8125],
			"to": [7.625, 13.25, 8.25],
			"faces": {
				"north": {"uv": [7.625, 2.75, 7.5, 3.375], "texture": "#0"},
				"south": {"uv": [7.5, 2.75, 7.625, 3.375], "texture": "#0"},
				"west": {"uv": [7.5, 2.75, 7.625, 3.375], "texture": "#0"},
				"up": {"uv": [7.5, 2.75, 7.625, 2.875], "texture": "#0"},
				"down": {"uv": [7.5, 3.25, 7.625, 3.375], "texture": "#0"}
			}
		},
		{
			"name": "Layer 3_2",
			"from": [8.25, 12.625, 7.8125],
			"to": [8.375, 13.25, 8.25],
			"faces": {
				"north": {"uv": [8.375, 2.75, 8.25, 3.375], "texture": "#0"},
				"east": {"uv": [8.25, 2.75, 8.375, 3.375], "texture": "#0"},
				"south": {"uv": [8.25, 2.75, 8.375, 3.375], "texture": "#0"},
				"up": {"uv": [8.25, 2.75, 8.375, 2.875], "texture": "#0"},
				"down": {"uv": [8.25, 3.25, 8.375, 3.375], "texture": "#0"}
			}
		},
		{
			"name": "Layer 3_3",
			"from": [7.625, 12.5, 7.8125],
			"to": [7.75, 13, 8.25],
			"faces": {
				"north": {"uv": [7.75, 3, 7.625, 3.5], "texture": "#0"},
				"east": {"uv": [7.625, 3, 7.75, 3.5], "texture": "#0"},
				"south": {"uv": [7.625, 3, 7.75, 3.5], "texture": "#0"},
				"west": {"uv": [7.625, 3, 7.75, 3.5], "texture": "#0"},
				"down": {"uv": [7.625, 3.375, 7.75, 3.5], "texture": "#0"}
			}
		},
		{
			"name": "Layer 3_4",
			"from": [7.875, 12.875, 7.8125],
			"to": [8, 13, 8.25],
			"faces": {
				"north": {"uv": [8, 3, 7.875, 3.125], "texture": "#0"},
				"east": {"uv": [7.875, 3, 8, 3.125], "texture": "#0"},
				"south": {"uv": [7.875, 3, 8, 3.125], "texture": "#0"},
				"west": {"uv": [7.875, 3, 8, 3.125], "texture": "#0"},
				"down": {"uv": [7.875, 3, 8, 3.125], "texture": "#0"}
			}
		},
		{
			"name": "Layer 3_5",
			"from": [8.125, 12.5, 7.8125],
			"to": [8.25, 13, 8.25],
			"faces": {
				"north": {"uv": [8.25, 3, 8.125, 3.5], "texture": "#0"},
				"east": {"uv": [8.125, 3, 8.25, 3.5], "texture": "#0"},
				"south": {"uv": [8.125, 3, 8.25, 3.5], "texture": "#0"},
				"west": {"uv": [8.125, 3, 8.25, 3.5], "texture": "#0"},
				"down": {"uv": [8.125, 3.375, 8.25, 3.5], "texture": "#0"}
			}
		},
		{
			"name": "Layer 3_6",
			"from": [6.625, 12, 7.8125],
			"to": [6.75, 12.875, 8.25],
			"faces": {
				"north": {"uv": [6.75, 3.125, 6.625, 4], "texture": "#0"},
				"east": {"uv": [6.625, 3.125, 6.75, 4], "texture": "#0"},
				"south": {"uv": [6.625, 3.125, 6.75, 4], "texture": "#0"},
				"west": {"uv": [6.625, 3.125, 6.75, 4], "texture": "#0"},
				"up": {"uv": [6.625, 3.125, 6.75, 3.25], "texture": "#0"},
				"down": {"uv": [6.625, 3.875, 6.75, 4], "texture": "#0"}
			}
		},
		{
			"name": "Layer 3_7",
			"from": [7.375, 12.625, 7.8125],
			"to": [7.5, 12.875, 8.25],
			"faces": {
				"north": {"uv": [7.5, 3.125, 7.375, 3.375], "texture": "#0"},
				"south": {"uv": [7.375, 3.125, 7.5, 3.375], "texture": "#0"},
				"west": {"uv": [7.375, 3.125, 7.5, 3.375], "texture": "#0"},
				"up": {"uv": [7.375, 3.125, 7.5, 3.25], "texture": "#0"},
				"down": {"uv": [7.375, 3.25, 7.5, 3.375], "texture": "#0"}
			}
		},
		{
			"name": "Layer 3_8",
			"from": [8.375, 12.625, 7.8125],
			"to": [8.5, 12.875, 8.25],
			"faces": {
				"north": {"uv": [8.5, 3.125, 8.375, 3.375], "texture": "#0"},
				"east": {"uv": [8.375, 3.125, 8.5, 3.375], "texture": "#0"},
				"south": {"uv": [8.375, 3.125, 8.5, 3.375], "texture": "#0"},
				"up": {"uv": [8.375, 3.125, 8.5, 3.25], "texture": "#0"},
				"down": {"uv": [8.375, 3.25, 8.5, 3.375], "texture": "#0"}
			}
		},
		{
			"name": "Layer 3_9",
			"from": [9.125, 12, 7.8125],
			"to": [9.25, 12.875, 8.25],
			"faces": {
				"north": {"uv": [9.25, 3.125, 9.125, 4], "texture": "#0"},
				"east": {"uv": [9.125, 3.125, 9.25, 4], "texture": "#0"},
				"south": {"uv": [9.125, 3.125, 9.25, 4], "texture": "#0"},
				"west": {"uv": [9.125, 3.125, 9.25, 4], "texture": "#0"},
				"up": {"uv": [9.125, 3.125, 9.25, 3.25], "texture": "#0"},
				"down": {"uv": [9.125, 3.875, 9.25, 4], "texture": "#0"}
			}
		},
		{
			"name": "Layer 3_10",
			"from": [6.5, 12.125, 7.8125],
			"to": [6.625, 12.75, 8.25],
			"faces": {
				"north": {"uv": [6.625, 3.25, 6.5, 3.875], "texture": "#0"},
				"south": {"uv": [6.5, 3.25, 6.625, 3.875], "texture": "#0"},
				"west": {"uv": [6.5, 3.25, 6.625, 3.875], "texture": "#0"},
				"up": {"uv": [6.5, 3.25, 6.625, 3.375], "texture": "#0"},
				"down": {"uv": [6.5, 3.75, 6.625, 3.875], "texture": "#0"}
			}
		},
		{
			"name": "Layer 3_11",
			"from": [6.75, 12.125, 7.8125],
			"to": [6.875, 12.75, 8.25],
			"faces": {
				"north": {"uv": [6.875, 3.25, 6.75, 3.875], "texture": "#0"},
				"east": {"uv": [6.75, 3.25, 6.875, 3.875], "texture": "#0"},
				"south": {"uv": [6.75, 3.25, 6.875, 3.875], "texture": "#0"},
				"up": {"uv": [6.75, 3.25, 6.875, 3.375], "texture": "#0"},
				"down": {"uv": [6.75, 3.75, 6.875, 3.875], "texture": "#0"}
			}
		},
		{
			"name": "Layer 3_12",
			"from": [7.25, 12.125, 7.8125],
			"to": [7.375, 12.75, 8.25],
			"faces": {
				"north": {"uv": [7.375, 3.25, 7.25, 3.875], "texture": "#0"},
				"east": {"uv": [7.25, 3.25, 7.375, 3.875], "texture": "#0"},
				"south": {"uv": [7.25, 3.25, 7.375, 3.875], "texture": "#0"},
				"west": {"uv": [7.25, 3.25, 7.375, 3.875], "texture": "#0"},
				"up": {"uv": [7.25, 3.25, 7.375, 3.375], "texture": "#0"},
				"down": {"uv": [7.25, 3.75, 7.375, 3.875], "texture": "#0"}
			}
		},
		{
			"name": "Layer 3_13",
			"from": [7.75, 12.5, 7.8125],
			"to": [7.875, 12.75, 8.25],
			"faces": {
				"north": {"uv": [7.875, 3.25, 7.75, 3.5], "texture": "#0"},
				"east": {"uv": [7.75, 3.25, 7.875, 3.5], "texture": "#0"},
				"south": {"uv": [7.75, 3.25, 7.875, 3.5], "texture": "#0"},
				"up": {"uv": [7.75, 3.25, 7.875, 3.375], "texture": "#0"},
				"down": {"uv": [7.75, 3.375, 7.875, 3.5], "texture": "#0"}
			}
		},
		{
			"name": "Layer 3_14",
			"from": [8, 12.5, 7.8125],
			"to": [8.125, 12.75, 8.25],
			"faces": {
				"north": {"uv": [8.125, 3.25, 8, 3.5], "texture": "#0"},
				"south": {"uv": [8, 3.25, 8.125, 3.5], "texture": "#0"},
				"west": {"uv": [8, 3.25, 8.125, 3.5], "texture": "#0"},
				"up": {"uv": [8, 3.25, 8.125, 3.375], "texture": "#0"},
				"down": {"uv": [8, 3.375, 8.125, 3.5], "texture": "#0"}
			}
		},
		{
			"name": "Layer 3_15",
			"from": [8.5, 12.125, 7.8125],
			"to": [8.625, 12.75, 8.25],
			"faces": {
				"north": {"uv": [8.625, 3.25, 8.5, 3.875], "texture": "#0"},
				"east": {"uv": [8.5, 3.25, 8.625, 3.875], "texture": "#0"},
				"south": {"uv": [8.5, 3.25, 8.625, 3.875], "texture": "#0"},
				"west": {"uv": [8.5, 3.25, 8.625, 3.875], "texture": "#0"},
				"up": {"uv": [8.5, 3.25, 8.625, 3.375], "texture": "#0"},
				"down": {"uv": [8.5, 3.75, 8.625, 3.875], "texture": "#0"}
			}
		},
		{
			"name": "Layer 3_16",
			"from": [9, 12.125, 7.8125],
			"to": [9.125, 12.75, 8.25],
			"faces": {
				"north": {"uv": [9.125, 3.25, 9, 3.875], "texture": "#0"},
				"south": {"uv": [9, 3.25, 9.125, 3.875], "texture": "#0"},
				"west": {"uv": [9, 3.25, 9.125, 3.875], "texture": "#0"},
				"up": {"uv": [9, 3.25, 9.125, 3.375], "texture": "#0"},
				"down": {"uv": [9, 3.75, 9.125, 3.875], "texture": "#0"}
			}
		},
		{
			"name": "Layer 3_17",
			"from": [9.25, 12.125, 7.8125],
			"to": [9.375, 12.75, 8.25],
			"faces": {
				"north": {"uv": [9.375, 3.25, 9.25, 3.875], "texture": "#0"},
				"east": {"uv": [9.25, 3.25, 9.375, 3.875], "texture": "#0"},
				"south": {"uv": [9.25, 3.25, 9.375, 3.875], "texture": "#0"},
				"up": {"uv": [9.25, 3.25, 9.375, 3.375], "texture": "#0"},
				"down": {"uv": [9.25, 3.75, 9.375, 3.875], "texture": "#0"}
			}
		},
		{
			"name": "Layer 3_18",
			"from": [6.375, 12.25, 7.8125],
			"to": [6.5, 12.625, 8.25],
			"faces": {
				"north": {"uv": [6.5, 3.375, 6.375, 3.75], "texture": "#0"},
				"south": {"uv": [6.375, 3.375, 6.5, 3.75], "texture": "#0"},
				"west": {"uv": [6.375, 3.375, 6.5, 3.75], "texture": "#0"},
				"up": {"uv": [6.375, 3.375, 6.5, 3.5], "texture": "#0"},
				"down": {"uv": [6.375, 3.625, 6.5, 3.75], "texture": "#0"}
			}
		},
		{
			"name": "Layer 3_19",
			"from": [6.875, 12.25, 7.8125],
			"to": [7.25, 12.625, 8.25],
			"faces": {
				"north": {"uv": [7.25, 3.375, 6.875, 3.75], "texture": "#0"},
				"south": {"uv": [6.875, 3.375, 7.25, 3.75], "texture": "#0"},
				"up": {"uv": [6.875, 3.375, 7.25, 3.5], "texture": "#0"},
				"down": {"uv": [6.875, 3.625, 7.25, 3.75], "texture": "#0"}
			}
		},
		{
			"name": "Layer 3_20",
			"from": [8.625, 12.25, 7.8125],
			"to": [9, 12.625, 8.25],
			"faces": {
				"north": {"uv": [9, 3.375, 8.625, 3.75], "texture": "#0"},
				"south": {"uv": [8.625, 3.375, 9, 3.75], "texture": "#0"},
				"up": {"uv": [8.625, 3.375, 9, 3.5], "texture": "#0"},
				"down": {"uv": [8.625, 3.625, 9, 3.75], "texture": "#0"}
			}
		},
		{
			"name": "Layer 3_21",
			"from": [9.375, 12.25, 7.8125],
			"to": [9.5, 12.625, 8.25],
			"faces": {
				"north": {"uv": [9.5, 3.375, 9.375, 3.75], "texture": "#0"},
				"east": {"uv": [9.375, 3.375, 9.5, 3.75], "texture": "#0"},
				"south": {"uv": [9.375, 3.375, 9.5, 3.75], "texture": "#0"},
				"up": {"uv": [9.375, 3.375, 9.5, 3.5], "texture": "#0"},
				"down": {"uv": [9.375, 3.625, 9.5, 3.75], "texture": "#0"}
			}
		},
		{
			"name": "Layer 3_22",
			"from": [6.25, 12.375, 7.8125],
			"to": [6.375, 12.5, 8.25],
			"faces": {
				"north": {"uv": [6.375, 3.5, 6.25, 3.625], "texture": "#0"},
				"south": {"uv": [6.25, 3.5, 6.375, 3.625], "texture": "#0"},
				"west": {"uv": [6.25, 3.5, 6.375, 3.625], "texture": "#0"},
				"up": {"uv": [6.25, 3.5, 6.375, 3.625], "texture": "#0"},
				"down": {"uv": [6.25, 3.5, 6.375, 3.625], "texture": "#0"}
			}
		},
		{
			"name": "Layer 3_23",
			"from": [7.375, 12.375, 7.8125],
			"to": [7.5, 12.5, 8.25],
			"faces": {
				"north": {"uv": [7.5, 3.5, 7.375, 3.625], "texture": "#0"},
				"east": {"uv": [7.375, 3.5, 7.5, 3.625], "texture": "#0"},
				"south": {"uv": [7.375, 3.5, 7.5, 3.625], "texture": "#0"},
				"up": {"uv": [7.375, 3.5, 7.5, 3.625], "texture": "#0"},
				"down": {"uv": [7.375, 3.5, 7.5, 3.625], "texture": "#0"}
			}
		},
		{
			"name": "Layer 3_24",
			"from": [8.375, 12.375, 7.8125],
			"to": [8.5, 12.5, 8.25],
			"faces": {
				"north": {"uv": [8.5, 3.5, 8.375, 3.625], "texture": "#0"},
				"south": {"uv": [8.375, 3.5, 8.5, 3.625], "texture": "#0"},
				"west": {"uv": [8.375, 3.5, 8.5, 3.625], "texture": "#0"},
				"up": {"uv": [8.375, 3.5, 8.5, 3.625], "texture": "#0"},
				"down": {"uv": [8.375, 3.5, 8.5, 3.625], "texture": "#0"}
			}
		},
		{
			"name": "Layer 3_25",
			"from": [9.5, 12.375, 7.8125],
			"to": [9.625, 12.5, 8.25],
			"faces": {
				"north": {"uv": [9.625, 3.5, 9.5, 3.625], "texture": "#0"},
				"east": {"uv": [9.5, 3.5, 9.625, 3.625], "texture": "#0"},
				"south": {"uv": [9.5, 3.5, 9.625, 3.625], "texture": "#0"},
				"up": {"uv": [9.5, 3.5, 9.625, 3.625], "texture": "#0"},
				"down": {"uv": [9.5, 3.5, 9.625, 3.625], "texture": "#0"}
			}
		},
		{
			"name": "Layer 3_26",
			"from": [7.625, 12.125, 7.8125],
			"to": [7.875, 12.375, 8.25],
			"faces": {
				"north": {"uv": [7.875, 3.625, 7.625, 3.875], "texture": "#0"},
				"east": {"uv": [7.75, 3.625, 7.875, 3.875], "texture": "#0"},
				"south": {"uv": [7.625, 3.625, 7.875, 3.875], "texture": "#0"},
				"west": {"uv": [7.625, 3.625, 7.75, 3.875], "texture": "#0"},
				"up": {"uv": [7.625, 3.625, 7.875, 3.75], "texture": "#0"},
				"down": {"uv": [7.625, 3.75, 7.875, 3.875], "texture": "#0"}
			}
		},
		{
			"name": "Layer 3_27",
			"from": [8, 12.125, 7.8125],
			"to": [8.25, 12.375, 8.25],
			"faces": {
				"north": {"uv": [8.25, 3.625, 8, 3.875], "texture": "#0"},
				"east": {"uv": [8.125, 3.625, 8.25, 3.875], "texture": "#0"},
				"south": {"uv": [8, 3.625, 8.25, 3.875], "texture": "#0"},
				"west": {"uv": [8, 3.625, 8.125, 3.875], "texture": "#0"},
				"up": {"uv": [8, 3.625, 8.25, 3.75], "texture": "#0"},
				"down": {"uv": [8, 3.75, 8.25, 3.875], "texture": "#0"}
			}
		},
		{
			"name": "Layer 3_28",
			"from": [7.375, 12, 7.8125],
			"to": [7.625, 12.25, 8.25],
			"faces": {
				"north": {"uv": [7.625, 3.75, 7.375, 4], "texture": "#0"},
				"south": {"uv": [7.375, 3.75, 7.625, 4], "texture": "#0"},
				"west": {"uv": [7.375, 3.75, 7.5, 4], "texture": "#0"},
				"up": {"uv": [7.375, 3.75, 7.625, 3.875], "texture": "#0"},
				"down": {"uv": [7.375, 3.875, 7.625, 4], "texture": "#0"}
			}
		},
		{
			"name": "Layer 3_29",
			"from": [8.25, 12, 7.8125],
			"to": [8.5, 12.25, 8.25],
			"faces": {
				"north": {"uv": [8.5, 3.75, 8.25, 4], "texture": "#0"},
				"east": {"uv": [8.375, 3.75, 8.5, 4], "texture": "#0"},
				"south": {"uv": [8.25, 3.75, 8.5, 4], "texture": "#0"},
				"up": {"uv": [8.25, 3.75, 8.5, 3.875], "texture": "#0"},
				"down": {"uv": [8.25, 3.875, 8.5, 4], "texture": "#0"}
			}
		},
		{
			"name": "Layer 3_30",
			"from": [7.625, 11.125, 7.8125],
			"to": [7.75, 12.125, 8.25],
			"faces": {
				"north": {"uv": [7.75, 3.875, 7.625, 4.875], "texture": "#0"},
				"east": {"uv": [7.625, 3.875, 7.75, 4.875], "texture": "#0"},
				"south": {"uv": [7.625, 3.875, 7.75, 4.875], "texture": "#0"},
				"west": {"uv": [7.625, 3.875, 7.75, 4.875], "texture": "#0"},
				"down": {"uv": [7.625, 4.75, 7.75, 4.875], "texture": "#0"}
			}
		},
		{
			"name": "Layer 3_31",
			"from": [8.125, 11.125, 7.8125],
			"to": [8.25, 12.125, 8.25],
			"faces": {
				"north": {"uv": [8.25, 3.875, 8.125, 4.875], "texture": "#0"},
				"east": {"uv": [8.125, 3.875, 8.25, 4.875], "texture": "#0"},
				"south": {"uv": [8.125, 3.875, 8.25, 4.875], "texture": "#0"},
				"west": {"uv": [8.125, 3.875, 8.25, 4.875], "texture": "#0"},
				"down": {"uv": [8.125, 4.75, 8.25, 4.875], "texture": "#0"}
			}
		},
		{
			"name": "Layer 3_32",
			"from": [7.5, 11.375, 7.8125],
			"to": [7.625, 12, 8.25],
			"faces": {
				"north": {"uv": [7.625, 4, 7.5, 4.625], "texture": "#0"},
				"south": {"uv": [7.5, 4, 7.625, 4.625], "texture": "#0"},
				"west": {"uv": [7.5, 4, 7.625, 4.625], "texture": "#0"},
				"down": {"uv": [7.5, 4.5, 7.625, 4.625], "texture": "#0"}
			}
		},
		{
			"name": "Layer 3_33",
			"from": [8.25, 11.375, 7.8125],
			"to": [8.375, 12, 8.25],
			"faces": {
				"north": {"uv": [8.375, 4, 8.25, 4.625], "texture": "#0"},
				"east": {"uv": [8.25, 4, 8.375, 4.625], "texture": "#0"},
				"south": {"uv": [8.25, 4, 8.375, 4.625], "texture": "#0"},
				"down": {"uv": [8.25, 4.5, 8.375, 4.625], "texture": "#0"}
			}
		},
		{
			"name": "Layer 3_34",
			"from": [7.875, 11, 7.8125],
			"to": [8, 11.5, 8.25],
			"faces": {
				"north": {"uv": [8, 4.5, 7.875, 5], "texture": "#0"},
				"east": {"uv": [7.875, 4.5, 8, 5], "texture": "#0"},
				"south": {"uv": [7.875, 4.5, 8, 5], "texture": "#0"},
				"west": {"uv": [7.875, 4.5, 8, 5], "texture": "#0"},
				"up": {"uv": [7.875, 4.5, 8, 4.625], "texture": "#0"},
				"down": {"uv": [7.875, 4.875, 8, 5], "texture": "#0"}
			}
		},
		{
			"name": "Layer 3_35",
			"from": [7.75, 11, 7.8125],
			"to": [7.875, 11.375, 8.25],
			"faces": {
				"north": {"uv": [7.875, 4.625, 7.75, 5], "texture": "#0"},
				"south": {"uv": [7.75, 4.625, 7.875, 5], "texture": "#0"},
				"west": {"uv": [7.75, 4.625, 7.875, 5], "texture": "#0"},
				"up": {"uv": [7.75, 4.625, 7.875, 4.75], "texture": "#0"},
				"down": {"uv": [7.75, 4.875, 7.875, 5], "texture": "#0"}
			}
		},
		{
			"name": "Layer 3_36",
			"from": [8, 11, 7.8125],
			"to": [8.125, 11.375, 8.25],
			"faces": {
				"north": {"uv": [8.125, 4.625, 8, 5], "texture": "#0"},
				"east": {"uv": [8, 4.625, 8.125, 5], "texture": "#0"},
				"south": {"uv": [8, 4.625, 8.125, 5], "texture": "#0"},
				"up": {"uv": [8, 4.625, 8.125, 4.75], "texture": "#0"},
				"down": {"uv": [8, 4.875, 8.125, 5], "texture": "#0"}
			}
		},
		{
			"name": "Layer 5_0",
			"from": [7.875, 4, 7.875],
			"to": [8, 4.25, 8.1875],
			"faces": {
				"north": {"uv": [8, 11.75, 7.875, 12], "texture": "#0"},
				"east": {"uv": [7.875, 11.75, 8, 12], "texture": "#0"},
				"south": {"uv": [7.875, 11.75, 8, 12], "texture": "#0"},
				"west": {"uv": [7.875, 11.75, 8, 12], "texture": "#0"},
				"up": {"uv": [7.875, 11.75, 8, 11.875], "texture": "#0"},
				"down": {"uv": [7.875, 11.875, 8, 12], "texture": "#0"}
			}
		},
		{
			"name": "Layer 5_1",
			"from": [7.75, 3.875, 7.875],
			"to": [7.875, 4.125, 8.1875],
			"faces": {
				"north": {"uv": [7.875, 11.875, 7.75, 12.125], "texture": "#0"},
				"east": {"uv": [7.75, 11.875, 7.875, 12.125], "texture": "#0"},
				"south": {"uv": [7.75, 11.875, 7.875, 12.125], "texture": "#0"},
				"west": {"uv": [7.75, 11.875, 7.875, 12.125], "texture": "#0"},
				"up": {"uv": [7.75, 11.875, 7.875, 12], "texture": "#0"},
				"down": {"uv": [7.75, 12, 7.875, 12.125], "texture": "#0"}
			}
		},
		{
			"name": "Layer 5_2",
			"from": [8, 3.875, 7.875],
			"to": [8.125, 4.125, 8.1875],
			"faces": {
				"north": {"uv": [8.125, 11.875, 8, 12.125], "texture": "#0"},
				"east": {"uv": [8, 11.875, 8.125, 12.125], "texture": "#0"},
				"south": {"uv": [8, 11.875, 8.125, 12.125], "texture": "#0"},
				"west": {"uv": [8, 11.875, 8.125, 12.125], "texture": "#0"},
				"up": {"uv": [8, 11.875, 8.125, 12], "texture": "#0"},
				"down": {"uv": [8, 12, 8.125, 12.125], "texture": "#0"}
			}
		},
		{
			"name": "Layer 5_3",
			"from": [7.625, 3.625, 7.875],
			"to": [7.75, 4, 8.1875],
			"faces": {
				"north": {"uv": [7.75, 12, 7.625, 12.375], "texture": "#0"},
				"east": {"uv": [7.625, 12, 7.75, 12.375], "texture": "#0"},
				"south": {"uv": [7.625, 12, 7.75, 12.375], "texture": "#0"},
				"west": {"uv": [7.625, 12, 7.75, 12.375], "texture": "#0"},
				"up": {"uv": [7.625, 12, 7.75, 12.125], "texture": "#0"},
				"down": {"uv": [7.625, 12.25, 7.75, 12.375], "texture": "#0"}
			}
		},
		{
			"name": "Layer 5_4",
			"from": [8.125, 3.625, 7.875],
			"to": [8.25, 4, 8.1875],
			"faces": {
				"north": {"uv": [8.25, 12, 8.125, 12.375], "texture": "#0"},
				"east": {"uv": [8.125, 12, 8.25, 12.375], "texture": "#0"},
				"south": {"uv": [8.125, 12, 8.25, 12.375], "texture": "#0"},
				"west": {"uv": [8.125, 12, 8.25, 12.375], "texture": "#0"},
				"up": {"uv": [8.125, 12, 8.25, 12.125], "texture": "#0"},
				"down": {"uv": [8.125, 12.25, 8.25, 12.375], "texture": "#0"}
			}
		},
		{
			"name": "Layer 5_5",
			"from": [7.5, 3.75, 7.875],
			"to": [7.625, 3.875, 8.1875],
			"faces": {
				"north": {"uv": [7.625, 12.125, 7.5, 12.25], "texture": "#0"},
				"south": {"uv": [7.5, 12.125, 7.625, 12.25], "texture": "#0"},
				"west": {"uv": [7.5, 12.125, 7.625, 12.25], "texture": "#0"},
				"up": {"uv": [7.5, 12.125, 7.625, 12.25], "texture": "#0"},
				"down": {"uv": [7.5, 12.125, 7.625, 12.25], "texture": "#0"}
			}
		},
		{
			"name": "Layer 5_6",
			"from": [8.25, 3.75, 7.875],
			"to": [8.375, 3.875, 8.1875],
			"faces": {
				"north": {"uv": [8.375, 12.125, 8.25, 12.25], "texture": "#0"},
				"east": {"uv": [8.25, 12.125, 8.375, 12.25], "texture": "#0"},
				"south": {"uv": [8.25, 12.125, 8.375, 12.25], "texture": "#0"},
				"up": {"uv": [8.25, 12.125, 8.375, 12.25], "texture": "#0"},
				"down": {"uv": [8.25, 12.125, 8.375, 12.25], "texture": "#0"}
			}
		},
		{
			"name": "Layer 5_7",
			"from": [7.75, 2.875, 7.875],
			"to": [7.875, 3.75, 8.1875],
			"faces": {
				"north": {"uv": [7.875, 12.25, 7.75, 13.125], "texture": "#0"},
				"east": {"uv": [7.75, 12.25, 7.875, 13.125], "texture": "#0"},
				"south": {"uv": [7.75, 12.25, 7.875, 13.125], "texture": "#0"},
				"west": {"uv": [7.75, 12.25, 7.875, 13.125], "texture": "#0"},
				"up": {"uv": [7.75, 12.25, 7.875, 12.375], "texture": "#0"},
				"down": {"uv": [7.75, 13, 7.875, 13.125], "texture": "#0"}
			}
		},
		{
			"name": "Layer 5_8",
			"from": [8, 2.875, 7.875],
			"to": [8.125, 3.75, 8.1875],
			"faces": {
				"north": {"uv": [8.125, 12.25, 8, 13.125], "texture": "#0"},
				"east": {"uv": [8, 12.25, 8.125, 13.125], "texture": "#0"},
				"south": {"uv": [8, 12.25, 8.125, 13.125], "texture": "#0"},
				"west": {"uv": [8, 12.25, 8.125, 13.125], "texture": "#0"},
				"up": {"uv": [8, 12.25, 8.125, 12.375], "texture": "#0"},
				"down": {"uv": [8, 13, 8.125, 13.125], "texture": "#0"}
			}
		},
		{
			"name": "Layer 5_9",
			"from": [7.875, 3, 7.875],
			"to": [8, 3.625, 8.1875],
			"faces": {
				"north": {"uv": [8, 12.375, 7.875, 13], "texture": "#0"},
				"south": {"uv": [7.875, 12.375, 8, 13], "texture": "#0"},
				"up": {"uv": [7.875, 12.375, 8, 12.5], "texture": "#0"},
				"down": {"uv": [7.875, 12.875, 8, 13], "texture": "#0"}
			}
		},
		{
			"name": "Layer 5_10",
			"from": [7.125, 2.875, 7.875],
			"to": [7.25, 3.25, 8.1875],
			"faces": {
				"north": {"uv": [7.25, 12.75, 7.125, 13.125], "texture": "#0"},
				"east": {"uv": [7.125, 12.75, 7.25, 13.125], "texture": "#0"},
				"south": {"uv": [7.125, 12.75, 7.25, 13.125], "texture": "#0"},
				"west": {"uv": [7.125, 12.75, 7.25, 13.125], "texture": "#0"},
				"up": {"uv": [7.125, 12.75, 7.25, 12.875], "texture": "#0"},
				"down": {"uv": [7.125, 13, 7.25, 13.125], "texture": "#0"}
			}
		},
		{
			"name": "Layer 5_11",
			"from": [7.625, 2.75, 7.875],
			"to": [7.75, 3.25, 8.1875],
			"faces": {
				"north": {"uv": [7.75, 12.75, 7.625, 13.25], "texture": "#0"},
				"east": {"uv": [7.625, 12.75, 7.75, 13.25], "texture": "#0"},
				"south": {"uv": [7.625, 12.75, 7.75, 13.25], "texture": "#0"},
				"west": {"uv": [7.625, 12.75, 7.75, 13.25], "texture": "#0"},
				"up": {"uv": [7.625, 12.75, 7.75, 12.875], "texture": "#0"},
				"down": {"uv": [7.625, 13.125, 7.75, 13.25], "texture": "#0"}
			}
		},
		{
			"name": "Layer 5_12",
			"from": [8.125, 2.75, 7.875],
			"to": [8.25, 3.25, 8.1875],
			"faces": {
				"north": {"uv": [8.25, 12.75, 8.125, 13.25], "texture": "#0"},
				"east": {"uv": [8.125, 12.75, 8.25, 13.25], "texture": "#0"},
				"south": {"uv": [8.125, 12.75, 8.25, 13.25], "texture": "#0"},
				"west": {"uv": [8.125, 12.75, 8.25, 13.25], "texture": "#0"},
				"up": {"uv": [8.125, 12.75, 8.25, 12.875], "texture": "#0"},
				"down": {"uv": [8.125, 13.125, 8.25, 13.25], "texture": "#0"}
			}
		},
		{
			"name": "Layer 5_13",
			"from": [8.625, 2.875, 7.875],
			"to": [8.75, 3.25, 8.1875],
			"faces": {
				"north": {"uv": [8.75, 12.75, 8.625, 13.125], "texture": "#0"},
				"east": {"uv": [8.625, 12.75, 8.75, 13.125], "texture": "#0"},
				"south": {"uv": [8.625, 12.75, 8.75, 13.125], "texture": "#0"},
				"west": {"uv": [8.625, 12.75, 8.75, 13.125], "texture": "#0"},
				"up": {"uv": [8.625, 12.75, 8.75, 12.875], "texture": "#0"},
				"down": {"uv": [8.625, 13, 8.75, 13.125], "texture": "#0"}
			}
		},
		{
			"name": "Layer 5_14",
			"from": [7.25, 2.75, 7.875],
			"to": [7.375, 3.125, 8.1875],
			"faces": {
				"north": {"uv": [7.375, 12.875, 7.25, 13.25], "texture": "#0"},
				"east": {"uv": [7.25, 12.875, 7.375, 13.25], "texture": "#0"},
				"south": {"uv": [7.25, 12.875, 7.375, 13.25], "texture": "#0"},
				"west": {"uv": [7.25, 12.875, 7.375, 13.25], "texture": "#0"},
				"up": {"uv": [7.25, 12.875, 7.375, 13], "texture": "#0"},
				"down": {"uv": [7.25, 13.125, 7.375, 13.25], "texture": "#0"}
			}
		},
		{
			"name": "Layer 5_15",
			"from": [7.5, 2.375, 7.875],
			"to": [7.625, 3.125, 8.1875],
			"faces": {
				"north": {"uv": [7.625, 12.875, 7.5, 13.625], "texture": "#0"},
				"east": {"uv": [7.5, 12.875, 7.625, 13.625], "texture": "#0"},
				"south": {"uv": [7.5, 12.875, 7.625, 13.625], "texture": "#0"},
				"west": {"uv": [7.5, 12.875, 7.625, 13.625], "texture": "#0"},
				"up": {"uv": [7.5, 12.875, 7.625, 13], "texture": "#0"},
				"down": {"uv": [7.5, 13.5, 7.625, 13.625], "texture": "#0"}
			}
		},
		{
			"name": "Layer 5_16",
			"from": [8.25, 2.375, 7.875],
			"to": [8.375, 3.125, 8.1875],
			"faces": {
				"north": {"uv": [8.375, 12.875, 8.25, 13.625], "texture": "#0"},
				"east": {"uv": [8.25, 12.875, 8.375, 13.625], "texture": "#0"},
				"south": {"uv": [8.25, 12.875, 8.375, 13.625], "texture": "#0"},
				"west": {"uv": [8.25, 12.875, 8.375, 13.625], "texture": "#0"},
				"up": {"uv": [8.25, 12.875, 8.375, 13], "texture": "#0"},
				"down": {"uv": [8.25, 13.5, 8.375, 13.625], "texture": "#0"}
			}
		},
		{
			"name": "Layer 5_17",
			"from": [8.5, 2.75, 7.875],
			"to": [8.625, 3.125, 8.1875],
			"faces": {
				"north": {"uv": [8.625, 12.875, 8.5, 13.25], "texture": "#0"},
				"east": {"uv": [8.5, 12.875, 8.625, 13.25], "texture": "#0"},
				"south": {"uv": [8.5, 12.875, 8.625, 13.25], "texture": "#0"},
				"west": {"uv": [8.5, 12.875, 8.625, 13.25], "texture": "#0"},
				"up": {"uv": [8.5, 12.875, 8.625, 13], "texture": "#0"},
				"down": {"uv": [8.5, 13.125, 8.625, 13.25], "texture": "#0"}
			}
		},
		{
			"name": "Layer 5_18",
			"from": [7.375, 2.625, 7.875],
			"to": [7.5, 3, 8.1875],
			"faces": {
				"north": {"uv": [7.5, 13, 7.375, 13.375], "texture": "#0"},
				"south": {"uv": [7.375, 13, 7.5, 13.375], "texture": "#0"},
				"west": {"uv": [7.375, 13, 7.5, 13.375], "texture": "#0"},
				"up": {"uv": [7.375, 13, 7.5, 13.125], "texture": "#0"},
				"down": {"uv": [7.375, 13.25, 7.5, 13.375], "texture": "#0"}
			}
		},
		{
			"name": "Layer 5_19",
			"from": [8.375, 2.625, 7.875],
			"to": [8.5, 3, 8.1875],
			"faces": {
				"north": {"uv": [8.5, 13, 8.375, 13.375], "texture": "#0"},
				"east": {"uv": [8.375, 13, 8.5, 13.375], "texture": "#0"},
				"south": {"uv": [8.375, 13, 8.5, 13.375], "texture": "#0"},
				"up": {"uv": [8.375, 13, 8.5, 13.125], "texture": "#0"},
				"down": {"uv": [8.375, 13.25, 8.5, 13.375], "texture": "#0"}
			}
		},
		{
			"name": "Layer 5_20",
			"from": [7.625, 2.125, 7.875],
			"to": [7.75, 2.625, 8.1875],
			"faces": {
				"north": {"uv": [7.75, 13.375, 7.625, 13.875], "texture": "#0"},
				"east": {"uv": [7.625, 13.375, 7.75, 13.875], "texture": "#0"},
				"south": {"uv": [7.625, 13.375, 7.75, 13.875], "texture": "#0"},
				"west": {"uv": [7.625, 13.375, 7.75, 13.875], "texture": "#0"},
				"up": {"uv": [7.625, 13.375, 7.75, 13.5], "texture": "#0"},
				"down": {"uv": [7.625, 13.75, 7.75, 13.875], "texture": "#0"}
			}
		},
		{
			"name": "Layer 5_21",
			"from": [8.125, 2.125, 7.875],
			"to": [8.25, 2.625, 8.1875],
			"faces": {
				"north": {"uv": [8.25, 13.375, 8.125, 13.875], "texture": "#0"},
				"east": {"uv": [8.125, 13.375, 8.25, 13.875], "texture": "#0"},
				"south": {"uv": [8.125, 13.375, 8.25, 13.875], "texture": "#0"},
				"west": {"uv": [8.125, 13.375, 8.25, 13.875], "texture": "#0"},
				"up": {"uv": [8.125, 13.375, 8.25, 13.5], "texture": "#0"},
				"down": {"uv": [8.125, 13.75, 8.25, 13.875], "texture": "#0"}
			}
		},
		{
			"name": "Layer 5_22",
			"from": [7.75, 1.625, 7.875],
			"to": [7.875, 2.5, 8.1875],
			"faces": {
				"north": {"uv": [7.875, 13.5, 7.75, 14.375], "texture": "#0"},
				"east": {"uv": [7.75, 13.5, 7.875, 14.375], "texture": "#0"},
				"south": {"uv": [7.75, 13.5, 7.875, 14.375], "texture": "#0"},
				"west": {"uv": [7.75, 13.5, 7.875, 14.375], "texture": "#0"},
				"up": {"uv": [7.75, 13.5, 7.875, 13.625], "texture": "#0"},
				"down": {"uv": [7.75, 14.25, 7.875, 14.375], "texture": "#0"}
			}
		},
		{
			"name": "Layer 5_23",
			"from": [8, 1.625, 7.875],
			"to": [8.125, 2.5, 8.1875],
			"faces": {
				"north": {"uv": [8.125, 13.5, 8, 14.375], "texture": "#0"},
				"east": {"uv": [8, 13.5, 8.125, 14.375], "texture": "#0"},
				"south": {"uv": [8, 13.5, 8.125, 14.375], "texture": "#0"},
				"west": {"uv": [8, 13.5, 8.125, 14.375], "texture": "#0"},
				"up": {"uv": [8, 13.5, 8.125, 13.625], "texture": "#0"},
				"down": {"uv": [8, 14.25, 8.125, 14.375], "texture": "#0"}
			}
		},
		{
			"name": "Layer 5_24",
			"from": [7.875, 1, 7.875],
			"to": [8, 2.375, 8.1875],
			"faces": {
				"north": {"uv": [8, 13.625, 7.875, 15], "texture": "#0"},
				"east": {"uv": [7.875, 13.625, 8, 15], "texture": "#0"},
				"south": {"uv": [7.875, 13.625, 8, 15], "texture": "#0"},
				"west": {"uv": [7.875, 13.625, 8, 15], "texture": "#0"},
				"up": {"uv": [7.875, 13.625, 8, 13.75], "texture": "#0"},
				"down": {"uv": [7.875, 14.875, 8, 15], "texture": "#0"}
			}
		},
		{
			"name": "Layer_0",
			"from": [6.25, 12.5, 7.875],
			"to": [6.375, 14.25, 8.1875],
			"faces": {
				"north": {"uv": [6.375, 1.75, 6.25, 3.5], "texture": "#0"},
				"east": {"uv": [6.25, 1.75, 6.375, 3.5], "texture": "#0"},
				"south": {"uv": [6.25, 1.75, 6.375, 3.5], "texture": "#0"},
				"west": {"uv": [6.25, 1.75, 6.375, 3.5], "texture": "#0"},
				"up": {"uv": [6.25, 1.75, 6.375, 1.875], "texture": "#0"}
			}
		},
		{
			"name": "Layer_1",
			"from": [9.5, 12.5, 7.875],
			"to": [9.625, 14.25, 8.1875],
			"faces": {
				"north": {"uv": [9.625, 1.75, 9.5, 3.5], "texture": "#0"},
				"east": {"uv": [9.5, 1.75, 9.625, 3.5], "texture": "#0"},
				"south": {"uv": [9.5, 1.75, 9.625, 3.5], "texture": "#0"},
				"west": {"uv": [9.5, 1.75, 9.625, 3.5], "texture": "#0"},
				"up": {"uv": [9.5, 1.75, 9.625, 1.875], "texture": "#0"}
			}
		},
		{
			"name": "Layer_2",
			"from": [6.125, 10.875, 7.875],
			"to": [6.25, 14.125, 8.1875],
			"faces": {
				"north": {"uv": [6.25, 1.875, 6.125, 5.125], "texture": "#0"},
				"south": {"uv": [6.125, 1.875, 6.25, 5.125], "texture": "#0"},
				"west": {"uv": [6.125, 1.875, 6.25, 5.125], "texture": "#0"},
				"up": {"uv": [6.125, 1.875, 6.25, 2], "texture": "#0"},
				"down": {"uv": [6.125, 5, 6.25, 5.125], "texture": "#0"}
			}
		},
		{
			"name": "Layer_3",
			"from": [9.625, 10.875, 7.875],
			"to": [9.75, 14.125, 8.1875],
			"faces": {
				"north": {"uv": [9.75, 1.875, 9.625, 5.125], "texture": "#0"},
				"east": {"uv": [9.625, 1.875, 9.75, 5.125], "texture": "#0"},
				"south": {"uv": [9.625, 1.875, 9.75, 5.125], "texture": "#0"},
				"up": {"uv": [9.625, 1.875, 9.75, 2], "texture": "#0"},
				"down": {"uv": [9.625, 5, 9.75, 5.125], "texture": "#0"}
			}
		},
		{
			"name": "Layer_4",
			"from": [6, 11.125, 7.875],
			"to": [6.125, 14, 8.1875],
			"faces": {
				"north": {"uv": [6.125, 2, 6, 4.875], "texture": "#0"},
				"south": {"uv": [6, 2, 6.125, 4.875], "texture": "#0"},
				"west": {"uv": [6, 2, 6.125, 4.875], "texture": "#0"},
				"up": {"uv": [6, 2, 6.125, 2.125], "texture": "#0"},
				"down": {"uv": [6, 4.75, 6.125, 4.875], "texture": "#0"}
			}
		},
		{
			"name": "Layer_5",
			"from": [6.375, 12.625, 7.875],
			"to": [6.5, 14, 8.1875],
			"faces": {
				"north": {"uv": [6.5, 2, 6.375, 3.375], "texture": "#0"},
				"east": {"uv": [6.375, 2, 6.5, 3.375], "texture": "#0"},
				"south": {"uv": [6.375, 2, 6.5, 3.375], "texture": "#0"},
				"up": {"uv": [6.375, 2, 6.5, 2.125], "texture": "#0"}
			}
		},
		{
			"name": "Layer_6",
			"from": [6.75, 12.75, 7.875],
			"to": [6.875, 14, 8.1875],
			"faces": {
				"north": {"uv": [6.875, 2, 6.75, 3.25], "texture": "#0"},
				"east": {"uv": [6.75, 2, 6.875, 3.25], "texture": "#0"},
				"south": {"uv": [6.75, 2, 6.875, 3.25], "texture": "#0"},
				"west": {"uv": [6.75, 2, 6.875, 3.25], "texture": "#0"},
				"up": {"uv": [6.75, 2, 6.875, 2.125], "texture": "#0"}
			}
		},
		{
			"name": "Layer_7",
			"from": [9, 12.75, 7.875],
			"to": [9.125, 14, 8.1875],
			"faces": {
				"north": {"uv": [9.125, 2, 9, 3.25], "texture": "#0"},
				"east": {"uv": [9, 2, 9.125, 3.25], "texture": "#0"},
				"south": {"uv": [9, 2, 9.125, 3.25], "texture": "#0"},
				"west": {"uv": [9, 2, 9.125, 3.25], "texture": "#0"},
				"up": {"uv": [9, 2, 9.125, 2.125], "texture": "#0"}
			}
		},
		{
			"name": "Layer_8",
			"from": [9.375, 12.625, 7.875],
			"to": [9.5, 14, 8.1875],
			"faces": {
				"north": {"uv": [9.5, 2, 9.375, 3.375], "texture": "#0"},
				"south": {"uv": [9.375, 2, 9.5, 3.375], "texture": "#0"},
				"west": {"uv": [9.375, 2, 9.5, 3.375], "texture": "#0"},
				"up": {"uv": [9.375, 2, 9.5, 2.125], "texture": "#0"}
			}
		},
		{
			"name": "Layer_9",
			"from": [9.75, 11.125, 7.875],
			"to": [9.875, 14, 8.1875],
			"faces": {
				"north": {"uv": [9.875, 2, 9.75, 4.875], "texture": "#0"},
				"east": {"uv": [9.75, 2, 9.875, 4.875], "texture": "#0"},
				"south": {"uv": [9.75, 2, 9.875, 4.875], "texture": "#0"},
				"up": {"uv": [9.75, 2, 9.875, 2.125], "texture": "#0"},
				"down": {"uv": [9.75, 4.75, 9.875, 4.875], "texture": "#0"}
			}
		},
		{
			"name": "Layer_10",
			"from": [6.5, 12.875, 7.875],
			"to": [6.75, 13.875, 8.1875],
			"faces": {
				"north": {"uv": [6.75, 2.125, 6.5, 3.125], "texture": "#0"},
				"south": {"uv": [6.5, 2.125, 6.75, 3.125], "texture": "#0"},
				"up": {"uv": [6.5, 2.125, 6.75, 2.25], "texture": "#0"}
			}
		},
		{
			"name": "Layer_11",
			"from": [9.125, 12.875, 7.875],
			"to": [9.375, 13.875, 8.1875],
			"faces": {
				"north": {"uv": [9.375, 2.125, 9.125, 3.125], "texture": "#0"},
				"south": {"uv": [9.125, 2.125, 9.375, 3.125], "texture": "#0"},
				"up": {"uv": [9.125, 2.125, 9.375, 2.25], "texture": "#0"}
			}
		},
		{
			"name": "Layer_12",
			"from": [5.875, 11.25, 7.875],
			"to": [6, 13.75, 8.1875],
			"faces": {
				"north": {"uv": [6, 2.25, 5.875, 4.75], "texture": "#0"},
				"south": {"uv": [5.875, 2.25, 6, 4.75], "texture": "#0"},
				"west": {"uv": [5.875, 2.25, 6, 4.75], "texture": "#0"},
				"up": {"uv": [5.875, 2.25, 6, 2.375], "texture": "#0"},
				"down": {"uv": [5.875, 4.625, 6, 4.75], "texture": "#0"}
			}
		},
		{
			"name": "Layer_13",
			"from": [9.875, 11.25, 7.875],
			"to": [10, 13.75, 8.1875],
			"faces": {
				"north": {"uv": [10, 2.25, 9.875, 4.75], "texture": "#0"},
				"east": {"uv": [9.875, 2.25, 10, 4.75], "texture": "#0"},
				"south": {"uv": [9.875, 2.25, 10, 4.75], "texture": "#0"},
				"up": {"uv": [9.875, 2.25, 10, 2.375], "texture": "#0"},
				"down": {"uv": [9.875, 4.625, 10, 4.75], "texture": "#0"}
			}
		},
		{
			"name": "Layer_14",
			"from": [6.875, 12.625, 7.875],
			"to": [7, 13.625, 8.1875],
			"faces": {
				"north": {"uv": [7, 2.375, 6.875, 3.375], "texture": "#0"},
				"east": {"uv": [6.875, 2.375, 7, 3.375], "texture": "#0"},
				"south": {"uv": [6.875, 2.375, 7, 3.375], "texture": "#0"},
				"up": {"uv": [6.875, 2.375, 7, 2.5], "texture": "#0"}
			}
		},
		{
			"name": "Layer_15",
			"from": [7.75, 13.375, 7.9375],
			"to": [8.125, 13.625, 8.125],
			"faces": {
				"north": {"uv": [8.125, 2.375, 7.75, 2.625], "texture": "#0"},
				"east": {"uv": [8, 2.375, 8.125, 2.625], "texture": "#0"},
				"south": {"uv": [7.75, 2.375, 8.125, 2.625], "texture": "#0"},
				"west": {"uv": [7.75, 2.375, 7.875, 2.625], "texture": "#0"},
				"up": {"uv": [7.75, 2.375, 8.125, 2.5], "texture": "#0"}
			}
		},
		{
			"name": "Layer_16",
			"from": [8.875, 12.625, 7.875],
			"to": [9, 13.625, 8.1875],
			"faces": {
				"north": {"uv": [9, 2.375, 8.875, 3.375], "texture": "#0"},
				"south": {"uv": [8.875, 2.375, 9, 3.375], "texture": "#0"},
				"west": {"uv": [8.875, 2.375, 9, 3.375], "texture": "#0"},
				"up": {"uv": [8.875, 2.375, 9, 2.5], "texture": "#0"}
			}
		},
		{
			"name": "Layer_17",
			"from": [5.75, 11.5, 7.875],
			"to": [5.875, 13.5, 8.1875],
			"faces": {
				"north": {"uv": [5.875, 2.5, 5.75, 4.5], "texture": "#0"},
				"south": {"uv": [5.75, 2.5, 5.875, 4.5], "texture": "#0"},
				"west": {"uv": [5.75, 2.5, 5.875, 4.5], "texture": "#0"},
				"up": {"uv": [5.75, 2.5, 5.875, 2.625], "texture": "#0"},
				"down": {"uv": [5.75, 4.375, 5.875, 4.5], "texture": "#0"}
			}
		},
		{
			"name": "Layer_18",
			"from": [10, 11.5, 7.875],
			"to": [10.125, 13.5, 8.1875],
			"faces": {
				"north": {"uv": [10.125, 2.5, 10, 4.5], "texture": "#0"},
				"east": {"uv": [10, 2.5, 10.125, 4.5], "texture": "#0"},
				"south": {"uv": [10, 2.5, 10.125, 4.5], "texture": "#0"},
				"up": {"uv": [10, 2.5, 10.125, 2.625], "texture": "#0"},
				"down": {"uv": [10, 4.375, 10.125, 4.5], "texture": "#0"}
			}
		},
		{
			"name": "Layer_19",
			"from": [7, 12.625, 7.875],
			"to": [7.125, 13.375, 8.1875],
			"faces": {
				"north": {"uv": [7.125, 2.625, 7, 3.375], "texture": "#0"},
				"east": {"uv": [7, 2.625, 7.125, 3.375], "texture": "#0"},
				"south": {"uv": [7, 2.625, 7.125, 3.375], "texture": "#0"},
				"up": {"uv": [7, 2.625, 7.125, 2.75], "texture": "#0"}
			}
		},
		{
			"name": "Layer_20",
			"from": [8.75, 12.625, 7.875],
			"to": [8.875, 13.375, 8.1875],
			"faces": {
				"north": {"uv": [8.875, 2.625, 8.75, 3.375], "texture": "#0"},
				"south": {"uv": [8.75, 2.625, 8.875, 3.375], "texture": "#0"},
				"west": {"uv": [8.75, 2.625, 8.875, 3.375], "texture": "#0"},
				"up": {"uv": [8.75, 2.625, 8.875, 2.75], "texture": "#0"}
			}
		},
		{
			"name": "Layer_21",
			"from": [7.125, 12.625, 7.875],
			"to": [7.25, 13.25, 8.1875],
			"faces": {
				"north": {"uv": [7.25, 2.75, 7.125, 3.375], "texture": "#0"},
				"east": {"uv": [7.125, 2.75, 7.25, 3.375], "texture": "#0"},
				"south": {"uv": [7.125, 2.75, 7.25, 3.375], "texture": "#0"},
				"up": {"uv": [7.125, 2.75, 7.25, 2.875], "texture": "#0"}
			}
		},
		{
			"name": "Layer_22",
			"from": [8.625, 12.625, 7.875],
			"to": [8.75, 13.25, 8.1875],
			"faces": {
				"north": {"uv": [8.75, 2.75, 8.625, 3.375], "texture": "#0"},
				"south": {"uv": [8.625, 2.75, 8.75, 3.375], "texture": "#0"},
				"west": {"uv": [8.625, 2.75, 8.75, 3.375], "texture": "#0"},
				"up": {"uv": [8.625, 2.75, 8.75, 2.875], "texture": "#0"}
			}
		},
		{
			"name": "Layer_23",
			"from": [5.625, 12, 7.875],
			"to": [5.75, 13.125, 8.1875],
			"faces": {
				"north": {"uv": [5.75, 2.875, 5.625, 4], "texture": "#0"},
				"south": {"uv": [5.625, 2.875, 5.75, 4], "texture": "#0"},
				"west": {"uv": [5.625, 2.875, 5.75, 4], "texture": "#0"},
				"up": {"uv": [5.625, 2.875, 5.75, 3], "texture": "#0"},
				"down": {"uv": [5.625, 3.875, 5.75, 4], "texture": "#0"}
			}
		},
		{
			"name": "Layer_24",
			"from": [7.25, 12.875, 7.875],
			"to": [7.5, 13.125, 8.1875],
			"faces": {
				"north": {"uv": [7.5, 2.875, 7.25, 3.125], "texture": "#0"},
				"south": {"uv": [7.25, 2.875, 7.5, 3.125], "texture": "#0"},
				"up": {"uv": [7.25, 2.875, 7.5, 3], "texture": "#0"}
			}
		},
		{
			"name": "Layer_25",
			"from": [8.375, 12.875, 7.875],
			"to": [8.625, 13.125, 8.1875],
			"faces": {
				"north": {"uv": [8.625, 2.875, 8.375, 3.125], "texture": "#0"},
				"south": {"uv": [8.375, 2.875, 8.625, 3.125], "texture": "#0"},
				"up": {"uv": [8.375, 2.875, 8.625, 3], "texture": "#0"}
			}
		},
		{
			"name": "Layer_26",
			"from": [10.125, 12, 7.875],
			"to": [10.25, 13.125, 8.1875],
			"faces": {
				"north": {"uv": [10.25, 2.875, 10.125, 4], "texture": "#0"},
				"east": {"uv": [10.125, 2.875, 10.25, 4], "texture": "#0"},
				"south": {"uv": [10.125, 2.875, 10.25, 4], "texture": "#0"},
				"up": {"uv": [10.125, 2.875, 10.25, 3], "texture": "#0"},
				"down": {"uv": [10.125, 3.875, 10.25, 4], "texture": "#0"}
			}
		},
		{
			"name": "Layer_27",
			"from": [7.75, 12.75, 7.875],
			"to": [7.875, 13, 8.1875],
			"faces": {
				"north": {"uv": [7.875, 3, 7.75, 3.25], "texture": "#0"},
				"south": {"uv": [7.75, 3, 7.875, 3.25], "texture": "#0"}
			}
		},
		{
			"name": "Layer_28",
			"from": [8, 12.75, 7.875],
			"to": [8.125, 13, 8.1875],
			"faces": {
				"north": {"uv": [8.125, 3, 8, 3.25], "texture": "#0"},
				"south": {"uv": [8, 3, 8.125, 3.25], "texture": "#0"}
			}
		},
		{
			"name": "Layer_29",
			"from": [6.5, 12.75, 7.875],
			"to": [6.625, 12.875, 8.1875],
			"faces": {
				"north": {"uv": [6.625, 3.125, 6.5, 3.25], "texture": "#0"},
				"south": {"uv": [6.5, 3.125, 6.625, 3.25], "texture": "#0"}
			}
		},
		{
			"name": "Layer_30",
			"from": [7.25, 12.75, 7.875],
			"to": [7.375, 12.875, 8.1875],
			"faces": {
				"north": {"uv": [7.375, 3.125, 7.25, 3.25], "texture": "#0"},
				"south": {"uv": [7.25, 3.125, 7.375, 3.25], "texture": "#0"}
			}
		},
		{
			"name": "Layer_31",
			"from": [7.875, 11.5, 7.875],
			"to": [8, 12.875, 8.1875],
			"faces": {
				"north": {"uv": [8, 3.125, 7.875, 4.5], "texture": "#0"},
				"south": {"uv": [7.875, 3.125, 8, 4.5], "texture": "#0"}
			}
		},
		{
			"name": "Layer_32",
			"from": [8.5, 12.75, 7.875],
			"to": [8.625, 12.875, 8.1875],
			"faces": {
				"north": {"uv": [8.625, 3.125, 8.5, 3.25], "texture": "#0"},
				"south": {"uv": [8.5, 3.125, 8.625, 3.25], "texture": "#0"}
			}
		},
		{
			"name": "Layer_33",
			"from": [9.25, 12.75, 7.875],
			"to": [9.375, 12.875, 8.1875],
			"faces": {
				"north": {"uv": [9.375, 3.125, 9.25, 3.25], "texture": "#0"},
				"south": {"uv": [9.25, 3.125, 9.375, 3.25], "texture": "#0"}
			}
		},
		{
			"name": "Layer_34",
			"from": [7.375, 12.5, 7.875],
			"to": [7.625, 12.625, 8.1875],
			"faces": {
				"north": {"uv": [7.625, 3.375, 7.375, 3.5], "texture": "#0"},
				"south": {"uv": [7.375, 3.375, 7.625, 3.5], "texture": "#0"}
			}
		},
		{
			"name": "Layer_35",
			"from": [8.25, 12.5, 7.875],
			"to": [8.5, 12.625, 8.1875],
			"faces": {
				"north": {"uv": [8.5, 3.375, 8.25, 3.5], "texture": "#0"},
				"south": {"uv": [8.25, 3.375, 8.5, 3.5], "texture": "#0"}
			}
		},
		{
			"name": "Layer_36",
			"from": [7.5, 12.375, 7.875],
			"to": [7.875, 12.5, 8.1875],
			"faces": {
				"north": {"uv": [7.875, 3.5, 7.5, 3.625], "texture": "#0"},
				"south": {"uv": [7.5, 3.5, 7.875, 3.625], "texture": "#0"}
			}
		},
		{
			"name": "Layer_37",
			"from": [8, 12.375, 7.875],
			"to": [8.375, 12.5, 8.1875],
			"faces": {
				"north": {"uv": [8.375, 3.5, 8, 3.625], "texture": "#0"},
				"south": {"uv": [8, 3.5, 8.375, 3.625], "texture": "#0"}
			}
		},
		{
			"name": "Layer_38",
			"from": [6.25, 10.75, 7.875],
			"to": [6.375, 12.375, 8.1875],
			"faces": {
				"north": {"uv": [6.375, 3.625, 6.25, 5.25], "texture": "#0"},
				"south": {"uv": [6.25, 3.625, 6.375, 5.25], "texture": "#0"},
				"west": {"uv": [6.25, 3.625, 6.375, 5.25], "texture": "#0"},
				"down": {"uv": [6.25, 5.125, 6.375, 5.25], "texture": "#0"}
			}
		},
		{
			"name": "Layer_39",
			"from": [7.375, 12.25, 7.875],
			"to": [7.625, 12.375, 8.1875],
			"faces": {
				"north": {"uv": [7.625, 3.625, 7.375, 3.75], "texture": "#0"},
				"south": {"uv": [7.375, 3.625, 7.625, 3.75], "texture": "#0"}
			}
		},
		{
			"name": "Layer_40",
			"from": [8.25, 12.25, 7.875],
			"to": [8.5, 12.375, 8.1875],
			"faces": {
				"north": {"uv": [8.5, 3.625, 8.25, 3.75], "texture": "#0"},
				"south": {"uv": [8.25, 3.625, 8.5, 3.75], "texture": "#0"}
			}
		},
		{
			"name": "Layer_41",
			"from": [9.5, 10.75, 7.875],
			"to": [9.625, 12.375, 8.1875],
			"faces": {
				"north": {"uv": [9.625, 3.625, 9.5, 5.25], "texture": "#0"},
				"east": {"uv": [9.5, 3.625, 9.625, 5.25], "texture": "#0"},
				"south": {"uv": [9.5, 3.625, 9.625, 5.25], "texture": "#0"},
				"down": {"uv": [9.5, 5.125, 9.625, 5.25], "texture": "#0"}
			}
		},
		{
			"name": "Layer_42",
			"from": [6.375, 10.625, 7.875],
			"to": [6.5, 12.25, 8.1875],
			"faces": {
				"north": {"uv": [6.5, 3.75, 6.375, 5.375], "texture": "#0"},
				"south": {"uv": [6.375, 3.75, 6.5, 5.375], "texture": "#0"},
				"west": {"uv": [6.375, 3.75, 6.5, 5.375], "texture": "#0"},
				"down": {"uv": [6.375, 5.25, 6.5, 5.375], "texture": "#0"}
			}
		},
		{
			"name": "Layer_43",
			"from": [6.875, 11.375, 7.875],
			"to": [7.25, 12.25, 8.1875],
			"faces": {
				"north": {"uv": [7.25, 3.75, 6.875, 4.625], "texture": "#0"},
				"east": {"uv": [7.125, 3.75, 7.25, 4.625], "texture": "#0"},
				"south": {"uv": [6.875, 3.75, 7.25, 4.625], "texture": "#0"},
				"down": {"uv": [6.875, 4.5, 7.25, 4.625], "texture": "#0"}
			}
		},
		{
			"name": "Layer_44",
			"from": [8.625, 11.375, 7.875],
			"to": [9, 12.25, 8.1875],
			"faces": {
				"north": {"uv": [9, 3.75, 8.625, 4.625], "texture": "#0"},
				"south": {"uv": [8.625, 3.75, 9, 4.625], "texture": "#0"},
				"west": {"uv": [8.625, 3.75, 8.75, 4.625], "texture": "#0"},
				"down": {"uv": [8.625, 4.5, 9, 4.625], "texture": "#0"}
			}
		},
		{
			"name": "Layer_45",
			"from": [9.375, 10.625, 7.875],
			"to": [9.5, 12.25, 8.1875],
			"faces": {
				"north": {"uv": [9.5, 3.75, 9.375, 5.375], "texture": "#0"},
				"east": {"uv": [9.375, 3.75, 9.5, 5.375], "texture": "#0"},
				"south": {"uv": [9.375, 3.75, 9.5, 5.375], "texture": "#0"},
				"down": {"uv": [9.375, 5.25, 9.5, 5.375], "texture": "#0"}
			}
		},
		{
			"name": "Layer_46",
			"from": [6.5, 10.5, 7.875],
			"to": [6.625, 12.125, 8.1875],
			"faces": {
				"north": {"uv": [6.625, 3.875, 6.5, 5.5], "texture": "#0"},
				"south": {"uv": [6.5, 3.875, 6.625, 5.5], "texture": "#0"},
				"west": {"uv": [6.5, 3.875, 6.625, 5.5], "texture": "#0"},
				"down": {"uv": [6.5, 5.375, 6.625, 5.5], "texture": "#0"}
			}
		},
		{
			"name": "Layer_47",
			"from": [6.75, 11, 7.875],
			"to": [6.875, 12.125, 8.1875],
			"faces": {
				"north": {"uv": [6.875, 3.875, 6.75, 5], "texture": "#0"},
				"south": {"uv": [6.75, 3.875, 6.875, 5], "texture": "#0"},
				"down": {"uv": [6.75, 4.875, 6.875, 5], "texture": "#0"}
			}
		},
		{
			"name": "Layer_48",
			"from": [7.25, 11.5, 7.875],
			"to": [7.375, 12.125, 8.1875],
			"faces": {
				"north": {"uv": [7.375, 3.875, 7.25, 4.5], "texture": "#0"},
				"south": {"uv": [7.25, 3.875, 7.375, 4.5], "texture": "#0"},
				"down": {"uv": [7.25, 4.375, 7.375, 4.5], "texture": "#0"}
			}
		},
		{
			"name": "Layer_49",
			"from": [7.75, 11.375, 7.875],
			"to": [7.875, 12.125, 8.1875],
			"faces": {
				"north": {"uv": [7.875, 3.875, 7.75, 4.625], "texture": "#0"},
				"south": {"uv": [7.75, 3.875, 7.875, 4.625], "texture": "#0"}
			}
		},
		{
			"name": "Layer_50",
			"from": [8, 11.375, 7.875],
			"to": [8.125, 12.125, 8.1875],
			"faces": {
				"north": {"uv": [8.125, 3.875, 8, 4.625], "texture": "#0"},
				"south": {"uv": [8, 3.875, 8.125, 4.625], "texture": "#0"}
			}
		},
		{
			"name": "Layer_51",
			"from": [8.5, 11.5, 7.875],
			"to": [8.625, 12.125, 8.1875],
			"faces": {
				"north": {"uv": [8.625, 3.875, 8.5, 4.5], "texture": "#0"},
				"south": {"uv": [8.5, 3.875, 8.625, 4.5], "texture": "#0"},
				"down": {"uv": [8.5, 4.375, 8.625, 4.5], "texture": "#0"}
			}
		},
		{
			"name": "Layer_52",
			"from": [9, 10.875, 7.875],
			"to": [9.125, 12.125, 8.1875],
			"faces": {
				"north": {"uv": [9.125, 3.875, 9, 5.125], "texture": "#0"},
				"south": {"uv": [9, 3.875, 9.125, 5.125], "texture": "#0"},
				"down": {"uv": [9, 5, 9.125, 5.125], "texture": "#0"}
			}
		},
		{
			"name": "Layer_53",
			"from": [9.25, 10.5, 7.875],
			"to": [9.375, 12.125, 8.1875],
			"faces": {
				"north": {"uv": [9.375, 3.875, 9.25, 5.5], "texture": "#0"},
				"east": {"uv": [9.25, 3.875, 9.375, 5.5], "texture": "#0"},
				"south": {"uv": [9.25, 3.875, 9.375, 5.5], "texture": "#0"},
				"down": {"uv": [9.25, 5.375, 9.375, 5.5], "texture": "#0"}
			}
		},
		{
			"name": "Layer_54",
			"from": [6.625, 10.375, 7.875],
			"to": [6.75, 12, 8.1875],
			"faces": {
				"north": {"uv": [6.75, 4, 6.625, 5.625], "texture": "#0"},
				"east": {"uv": [6.625, 4, 6.75, 5.625], "texture": "#0"},
				"south": {"uv": [6.625, 4, 6.75, 5.625], "texture": "#0"},
				"west": {"uv": [6.625, 4, 6.75, 5.625], "texture": "#0"},
				"down": {"uv": [6.625, 5.5, 6.75, 5.625], "texture": "#0"}
			}
		},
		{
			"name": "Layer_55",
			"from": [7.375, 11.5, 7.875],
			"to": [7.5, 12, 8.1875],
			"faces": {
				"north": {"uv": [7.5, 4, 7.375, 4.5], "texture": "#0"},
				"south": {"uv": [7.375, 4, 7.5, 4.5], "texture": "#0"},
				"down": {"uv": [7.375, 4.375, 7.5, 4.5], "texture": "#0"}
			}
		},
		{
			"name": "Layer_56",
			"from": [8.375, 11.5, 7.875],
			"to": [8.5, 12, 8.1875],
			"faces": {
				"north": {"uv": [8.5, 4, 8.375, 4.5], "texture": "#0"},
				"south": {"uv": [8.375, 4, 8.5, 4.5], "texture": "#0"},
				"down": {"uv": [8.375, 4.375, 8.5, 4.5], "texture": "#0"}
			}
		},
		{
			"name": "Layer_57",
			"from": [9.125, 10.375, 7.875],
			"to": [9.25, 12, 8.1875],
			"faces": {
				"north": {"uv": [9.25, 4, 9.125, 5.625], "texture": "#0"},
				"east": {"uv": [9.125, 4, 9.25, 5.625], "texture": "#0"},
				"south": {"uv": [9.125, 4, 9.25, 5.625], "texture": "#0"},
				"west": {"uv": [9.125, 4, 9.25, 5.625], "texture": "#0"},
				"down": {"uv": [9.125, 5.5, 9.25, 5.625], "texture": "#0"}
			}
		},
		{
			"name": "Layer_58",
			"from": [6.875, 10.875, 7.875],
			"to": [7.125, 11.375, 8.1875],
			"faces": {
				"north": {"uv": [7.125, 4.625, 6.875, 5.125], "texture": "#0"},
				"east": {"uv": [7, 4.625, 7.125, 5.125], "texture": "#0"},
				"south": {"uv": [6.875, 4.625, 7.125, 5.125], "texture": "#0"},
				"west": {"uv": [6.875, 4.625, 7, 5.125], "texture": "#0"},
				"down": {"uv": [6.875, 5, 7.125, 5.125], "texture": "#0"}
			}
		},
		{
			"name": "Layer_59",
			"from": [8.75, 10.75, 7.875],
			"to": [9, 11.375, 8.1875],
			"faces": {
				"north": {"uv": [9, 4.625, 8.75, 5.25], "texture": "#0"},
				"east": {"uv": [8.875, 4.625, 9, 5.25], "texture": "#0"},
				"south": {"uv": [8.75, 4.625, 9, 5.25], "texture": "#0"},
				"west": {"uv": [8.75, 4.625, 8.875, 5.25], "texture": "#0"},
				"down": {"uv": [8.75, 5.125, 9, 5.25], "texture": "#0"}
			}
		},
		{
			"name": "Layer_60",
			"from": [7.75, 4.25, 7.9375],
			"to": [8.125, 11, 8.125],
			"faces": {
				"north": {"uv": [8.125, 5, 7.75, 11.75], "texture": "#0"},
				"east": {"uv": [8, 5, 8.125, 11.75], "texture": "#0"},
				"south": {"uv": [7.75, 5, 8.125, 11.75], "texture": "#0"},
				"west": {"uv": [7.75, 5, 7.875, 11.75], "texture": "#0"}
			}
		},
		{
			"name": "Layer_61",
			"from": [7, 10.75, 7.875],
			"to": [7.25, 10.875, 8.1875],
			"faces": {
				"north": {"uv": [7.25, 5.125, 7, 5.25], "texture": "#0"},
				"east": {"uv": [7.125, 5.125, 7.25, 5.25], "texture": "#0"},
				"south": {"uv": [7, 5.125, 7.25, 5.25], "texture": "#0"},
				"west": {"uv": [7, 5.125, 7.125, 5.25], "texture": "#0"},
				"up": {"uv": [7, 5.125, 7.25, 5.25], "texture": "#0"},
				"down": {"uv": [7, 5.125, 7.25, 5.25], "texture": "#0"}
			}
		},
		{
			"name": "Layer_62",
			"from": [8.625, 10.5, 7.875],
			"to": [8.75, 10.875, 8.1875],
			"faces": {
				"north": {"uv": [8.75, 5.125, 8.625, 5.5], "texture": "#0"},
				"east": {"uv": [8.625, 5.125, 8.75, 5.5], "texture": "#0"},
				"south": {"uv": [8.625, 5.125, 8.75, 5.5], "texture": "#0"},
				"west": {"uv": [8.625, 5.125, 8.75, 5.5], "texture": "#0"},
				"up": {"uv": [8.625, 5.125, 8.75, 5.25], "texture": "#0"},
				"down": {"uv": [8.625, 5.375, 8.75, 5.5], "texture": "#0"}
			}
		},
		{
			"name": "Layer_63",
			"from": [7.125, 10.625, 7.875],
			"to": [7.25, 10.75, 8.1875],
			"faces": {
				"north": {"uv": [7.25, 5.25, 7.125, 5.375], "texture": "#0"},
				"east": {"uv": [7.125, 5.25, 7.25, 5.375], "texture": "#0"},
				"south": {"uv": [7.125, 5.25, 7.25, 5.375], "texture": "#0"},
				"west": {"uv": [7.125, 5.25, 7.25, 5.375], "texture": "#0"},
				"down": {"uv": [7.125, 5.25, 7.25, 5.375], "texture": "#0"}
			}
		},
		{
			"name": "Layer_64",
			"from": [8.75, 10.625, 7.875],
			"to": [8.875, 10.75, 8.1875],
			"faces": {
				"north": {"uv": [8.875, 5.25, 8.75, 5.375], "texture": "#0"},
				"east": {"uv": [8.75, 5.25, 8.875, 5.375], "texture": "#0"},
				"south": {"uv": [8.75, 5.25, 8.875, 5.375], "texture": "#0"},
				"down": {"uv": [8.75, 5.25, 8.875, 5.375], "texture": "#0"}
			}
		},
		{
			"name": "Layer_65",
			"from": [6.75, 10.25, 7.875],
			"to": [6.875, 10.5, 8.1875],
			"faces": {
				"north": {"uv": [6.875, 5.5, 6.75, 5.75], "texture": "#0"},
				"east": {"uv": [6.75, 5.5, 6.875, 5.75], "texture": "#0"},
				"south": {"uv": [6.75, 5.5, 6.875, 5.75], "texture": "#0"},
				"west": {"uv": [6.75, 5.5, 6.875, 5.75], "texture": "#0"},
				"up": {"uv": [6.75, 5.5, 6.875, 5.625], "texture": "#0"},
				"down": {"uv": [6.75, 5.625, 6.875, 5.75], "texture": "#0"}
			}
		},
		{
			"name": "Layer_66",
			"from": [9, 10.25, 7.875],
			"to": [9.125, 10.5, 8.1875],
			"faces": {
				"north": {"uv": [9.125, 5.5, 9, 5.75], "texture": "#0"},
				"east": {"uv": [9, 5.5, 9.125, 5.75], "texture": "#0"},
				"south": {"uv": [9, 5.5, 9.125, 5.75], "texture": "#0"},
				"west": {"uv": [9, 5.5, 9.125, 5.75], "texture": "#0"},
				"up": {"uv": [9, 5.5, 9.125, 5.625], "texture": "#0"},
				"down": {"uv": [9, 5.625, 9.125, 5.75], "texture": "#0"}
			}
		},
		{
			"name": "Layer_67",
			"from": [6.875, 10.125, 7.875],
			"to": [7, 10.25, 8.1875],
			"faces": {
				"north": {"uv": [7, 5.75, 6.875, 5.875], "texture": "#0"},
				"east": {"uv": [6.875, 5.75, 7, 5.875], "texture": "#0"},
				"south": {"uv": [6.875, 5.75, 7, 5.875], "texture": "#0"},
				"west": {"uv": [6.875, 5.75, 7, 5.875], "texture": "#0"},
				"up": {"uv": [6.875, 5.75, 7, 5.875], "texture": "#0"},
				"down": {"uv": [6.875, 5.75, 7, 5.875], "texture": "#0"}
			}
		},
		{
			"name": "Layer_68",
			"from": [8.875, 10.125, 7.875],
			"to": [9, 10.25, 8.1875],
			"faces": {
				"north": {"uv": [9, 5.75, 8.875, 5.875], "texture": "#0"},
				"east": {"uv": [8.875, 5.75, 9, 5.875], "texture": "#0"},
				"south": {"uv": [8.875, 5.75, 9, 5.875], "texture": "#0"},
				"west": {"uv": [8.875, 5.75, 9, 5.875], "texture": "#0"},
				"up": {"uv": [8.875, 5.75, 9, 5.875], "texture": "#0"},
				"down": {"uv": [8.875, 5.75, 9, 5.875], "texture": "#0"}
			}
		},
		{
			"name": "Layer_69",
			"from": [7, 10, 7.875],
			"to": [7.125, 10.125, 8.1875],
			"faces": {
				"north": {"uv": [7.125, 5.875, 7, 6], "texture": "#0"},
				"east": {"uv": [7, 5.875, 7.125, 6], "texture": "#0"},
				"south": {"uv": [7, 5.875, 7.125, 6], "texture": "#0"},
				"west": {"uv": [7, 5.875, 7.125, 6], "texture": "#0"},
				"up": {"uv": [7, 5.875, 7.125, 6], "texture": "#0"},
				"down": {"uv": [7, 5.875, 7.125, 6], "texture": "#0"}
			}
		},
		{
			"name": "Layer_70",
			"from": [8.75, 10, 7.875],
			"to": [8.875, 10.125, 8.1875],
			"faces": {
				"north": {"uv": [8.875, 5.875, 8.75, 6], "texture": "#0"},
				"east": {"uv": [8.75, 5.875, 8.875, 6], "texture": "#0"},
				"south": {"uv": [8.75, 5.875, 8.875, 6], "texture": "#0"},
				"west": {"uv": [8.75, 5.875, 8.875, 6], "texture": "#0"},
				"up": {"uv": [8.75, 5.875, 8.875, 6], "texture": "#0"},
				"down": {"uv": [8.75, 5.875, 8.875, 6], "texture": "#0"}
			}
		},
		{
			"name": "Layer_71",
			"from": [7.75, 4.125, 7.9375],
			"to": [7.875, 4.25, 8.125],
			"faces": {
				"north": {"uv": [7.875, 11.75, 7.75, 11.875], "texture": "#0"},
				"south": {"uv": [7.75, 11.75, 7.875, 11.875], "texture": "#0"},
				"west": {"uv": [7.75, 11.75, 7.875, 11.875], "texture": "#0"}
			}
		},
		{
			"name": "Layer_72",
			"from": [8, 4.125, 7.9375],
			"to": [8.125, 4.25, 8.125],
			"faces": {
				"north": {"uv": [8.125, 11.75, 8, 11.875], "texture": "#0"},
				"east": {"uv": [8, 11.75, 8.125, 11.875], "texture": "#0"},
				"south": {"uv": [8, 11.75, 8.125, 11.875], "texture": "#0"}
			}
		},
		{
			"name": "Layer_73",
			"from": [7.875, 3.625, 7.9375],
			"to": [8, 4, 8.125],
			"faces": {
				"north": {"uv": [8, 12, 7.875, 12.375], "texture": "#0"},
				"south": {"uv": [7.875, 12, 8, 12.375], "texture": "#0"}
			}
		},
		{
			"name": "Layer_74",
			"from": [7.75, 3.75, 7.9375],
			"to": [7.875, 3.875, 8.125],
			"faces": {
				"north": {"uv": [7.875, 12.125, 7.75, 12.25], "texture": "#0"},
				"south": {"uv": [7.75, 12.125, 7.875, 12.25], "texture": "#0"}
			}
		},
		{
			"name": "Layer_75",
			"from": [8, 3.75, 7.9375],
			"to": [8.125, 3.875, 8.125],
			"faces": {
				"north": {"uv": [8.125, 12.125, 8, 12.25], "texture": "#0"},
				"south": {"uv": [8, 12.125, 8.125, 12.25], "texture": "#0"}
			}
		},
		{
			"name": "Layer_76",
			"from": [7.875, 2.375, 7.9375],
			"to": [8, 3, 8.125],
			"faces": {
				"north": {"uv": [8, 13, 7.875, 13.625], "texture": "#0"},
				"south": {"uv": [7.875, 13, 8, 13.625], "texture": "#0"}
			}
		},
		{
			"name": "Layer_77",
			"from": [7.75, 2.5, 7.9375],
			"to": [7.875, 2.875, 8.125],
			"faces": {
				"north": {"uv": [7.875, 13.125, 7.75, 13.5], "texture": "#0"},
				"south": {"uv": [7.75, 13.125, 7.875, 13.5], "texture": "#0"}
			}
		},
		{
			"name": "Layer_78",
			"from": [8, 2.5, 7.9375],
			"to": [8.125, 2.875, 8.125],
			"faces": {
				"north": {"uv": [8.125, 13.125, 8, 13.5], "texture": "#0"},
				"south": {"uv": [8, 13.125, 8.125, 13.5], "texture": "#0"}
			}
		},
		{
			"name": "Layer_79",
			"from": [7.625, 2.625, 7.9375],
			"to": [7.75, 2.75, 8.125],
			"faces": {
				"north": {"uv": [7.75, 13.25, 7.625, 13.375], "texture": "#0"},
				"south": {"uv": [7.625, 13.25, 7.75, 13.375], "texture": "#0"}
			}
		},
		{
			"name": "Layer_80",
			"from": [8.125, 2.625, 7.9375],
			"to": [8.25, 2.75, 8.125],
			"faces": {
				"north": {"uv": [8.25, 13.25, 8.125, 13.375], "texture": "#0"},
				"south": {"uv": [8.125, 13.25, 8.25, 13.375], "texture": "#0"}
			}
		}
	],
	"display": {
		"thirdperson_righthand": {
			"rotation": [0, -90, 0],
			"translation": [0.25, -2.5, 1],
			"scale": [3, 3, 3]
		},
		"thirdperson_lefthand": {
			"rotation": [0, 90, 0],
			"translation": [0.25, -2.5, 1],
			"scale": [3, 3, 3]
		},
		"firstperson_righthand": {
			"rotation": [5, -91, 0],
			"translation": [0, 4.25, 1.75],
			"scale": [1.25, 1.25, 1.25]
		},
		"firstperson_lefthand": {
			"rotation": [5, 91, 0],
			"translation": [0, 4.25, 1.75],
			"scale": [1.25, 1.25, 1.25]
		},
		"ground": {
			"translation": [0, 22.5, 0],
			"scale": [3, 3, 3]
		},
		"gui": {
			"rotation": [0, 0, -45],
			"translation": [-0.75, -1, 0],
			"scale": [1.5, 1.5, 1.5]
		},
		"head": {
			"rotation": [180, 0, 45],
			"translation": [5, -10.75, 4.75],
			"scale": [3.5, 3.5, 3.5]
		},
		"fixed": {
			"rotation": [180, 0, 135],
			"translation": [0.75, -1, 0],
			"scale": [2, 2, 2]
		}
	},
	"groups": [
		{
			"name": "Layer 1",
			"origin": [8, 8, 8],
			"color": 0,
			"children": [
				0,
				1,
				2,
				3,
				4,
				5,
				6,
				7,
				8,
				9,
				10,
				11,
				12,
				13,
				14,
				15,
				16,
				17,
				18,
				19,
				20,
				21,
				22,
				23,
				24,
				25,
				26,
				27,
				28,
				29,
				30,
				31,
				32,
				33,
				34,
				35,
				36,
				37,
				38,
				39,
				40,
				41,
				42,
				43,
				44,
				45,
				46,
				47
			]
		},
		{
			"name": "Layer 2",
			"origin": [8, 8, 8],
			"color": 0,
			"children": [
				48,
				49,
				50,
				51,
				52,
				53,
				54,
				55,
				56,
				57,
				58,
				59,
				60,
				61,
				62,
				63,
				64,
				65,
				66,
				67,
				68,
				69,
				70,
				71,
				72,
				73,
				74,
				75,
				76,
				77,
				78,
				79,
				80,
				81,
				82,
				83,
				84,
				85,
				86,
				87,
				88,
				89,
				90,
				91,
				92,
				93,
				94,
				95,
				96,
				97,
				98,
				99
			]
		},
		{
			"name": "Layer 3",
			"origin": [8, 8, 8],
			"color": 0,
			"children": [100, 101, 102, 103, 104, 105, 106, 107, 108, 109, 110, 111, 112, 113, 114, 115, 116, 117, 118, 119, 120, 121, 122, 123, 124, 125, 126, 127, 128, 129, 130, 131, 132, 133, 134, 135, 136]
		},
		{
			"name": "Layer 5",
			"origin": [8, 8, 8],
			"color": 0,
			"children": [137, 138, 139, 140, 141, 142, 143, 144, 145, 146, 147, 148, 149, 150, 151, 152, 153, 154, 155, 156, 157, 158, 159, 160, 161]
		},
		{
			"name": "Layer",
			"origin": [8, 8, 8],
			"color": 0,
			"children": [
				162,
				163,
				164,
				165,
				166,
				167,
				168,
				169,
				170,
				171,
				172,
				173,
				174,
				175,
				176,
				177,
				178,
				179,
				180,
				181,
				182,
				183,
				184,
				185,
				186,
				187,
				188,
				189,
				190,
				191,
				192,
				193,
				194,
				195,
				196,
				197,
				198,
				199,
				200,
				201,
				202,
				203,
				204,
				205,
				206,
				207,
				208,
				209,
				210,
				211,
				212,
				213,
				214,
				215,
				216,
				217,
				218,
				219,
				220,
				221,
				222,
				223,
				224,
				225,
				226,
				227,
				228,
				229,
				230,
				231,
				232,
				233,
				234,
				235,
				236,
				237,
				238,
				239,
				240,
				241,
				242
			]
		}
	]
}