{
	"credit": "Made with Blockbench",
	"textures": {
		"0": "item/heataxe",
		"particle": "item/heataxe"
	},
	"elements": [
		{
			"name": "Layer 1_0",
			"from": [7.75, 10.375, 7.875],
			"to": [8.125, 11.875, 8.25],
			"faces": {
				"north": {"uv": [8.125, 4.125, 7.75, 5.625], "texture": "#0"},
				"east": {"uv": [8, 4.125, 8.125, 5.625], "texture": "#0"},
				"south": {"uv": [7.75, 4.125, 8.125, 5.625], "texture": "#0"},
				"west": {"uv": [7.75, 4.125, 7.875, 5.625], "texture": "#0"},
				"up": {"uv": [7.75, 4.125, 8.125, 4.25], "texture": "#0"},
				"down": {"uv": [7.75, 5.5, 8.125, 5.625], "texture": "#0"}
			}
		},
		{
			"name": "Layer 1_1",
			"from": [7.625, 10.375, 7.875],
			"to": [7.75, 11.75, 8.25],
			"faces": {
				"north": {"uv": [7.75, 4.25, 7.625, 5.625], "texture": "#0"},
				"south": {"uv": [7.625, 4.25, 7.75, 5.625], "texture": "#0"},
				"west": {"uv": [7.625, 4.25, 7.75, 5.625], "texture": "#0"},
				"up": {"uv": [7.625, 4.25, 7.75, 4.375], "texture": "#0"},
				"down": {"uv": [7.625, 5.5, 7.75, 5.625], "texture": "#0"}
			}
		},
		{
			"name": "Layer 1_2",
			"from": [8.125, 10.375, 7.875],
			"to": [8.25, 11.75, 8.25],
			"faces": {
				"north": {"uv": [8.25, 4.25, 8.125, 5.625], "texture": "#0"},
				"east": {"uv": [8.125, 4.25, 8.25, 5.625], "texture": "#0"},
				"south": {"uv": [8.125, 4.25, 8.25, 5.625], "texture": "#0"},
				"up": {"uv": [8.125, 4.25, 8.25, 4.375], "texture": "#0"},
				"down": {"uv": [8.125, 5.5, 8.25, 5.625], "texture": "#0"}
			}
		},
		{
			"name": "Layer 1_3",
			"from": [6.75, 10.875, 7.875],
			"to": [6.875, 11.375, 8.25],
			"faces": {
				"north": {"uv": [6.875, 4.625, 6.75, 5.125], "texture": "#0"},
				"east": {"uv": [6.75, 4.625, 6.875, 5.125], "texture": "#0"},
				"south": {"uv": [6.75, 4.625, 6.875, 5.125], "texture": "#0"},
				"west": {"uv": [6.75, 4.625, 6.875, 5.125], "texture": "#0"},
				"up": {"uv": [6.75, 4.625, 6.875, 4.75], "texture": "#0"},
				"down": {"uv": [6.75, 5, 6.875, 5.125], "texture": "#0"}
			}
		},
		{
			"name": "Layer 1_4",
			"from": [7.375, 10.875, 7.875],
			"to": [7.625, 11.375, 8.25],
			"faces": {
				"north": {"uv": [7.625, 4.625, 7.375, 5.125], "texture": "#0"},
				"south": {"uv": [7.375, 4.625, 7.625, 5.125], "texture": "#0"},
				"west": {"uv": [7.375, 4.625, 7.5, 5.125], "texture": "#0"},
				"up": {"uv": [7.375, 4.625, 7.625, 4.75], "texture": "#0"},
				"down": {"uv": [7.375, 5, 7.625, 5.125], "texture": "#0"}
			}
		},
		{
			"name": "Layer 1_5",
			"from": [8.25, 10.875, 7.875],
			"to": [8.5, 11.375, 8.25],
			"faces": {
				"north": {"uv": [8.5, 4.625, 8.25, 5.125], "texture": "#0"},
				"east": {"uv": [8.375, 4.625, 8.5, 5.125], "texture": "#0"},
				"south": {"uv": [8.25, 4.625, 8.5, 5.125], "texture": "#0"},
				"up": {"uv": [8.25, 4.625, 8.5, 4.75], "texture": "#0"},
				"down": {"uv": [8.25, 5, 8.5, 5.125], "texture": "#0"}
			}
		},
		{
			"name": "Layer 1_6",
			"from": [6.625, 11, 7.875],
			"to": [6.75, 11.25, 8.25],
			"faces": {
				"north": {"uv": [6.75, 4.75, 6.625, 5], "texture": "#0"},
				"south": {"uv": [6.625, 4.75, 6.75, 5], "texture": "#0"},
				"west": {"uv": [6.625, 4.75, 6.75, 5], "texture": "#0"},
				"up": {"uv": [6.625, 4.75, 6.75, 4.875], "texture": "#0"},
				"down": {"uv": [6.625, 4.875, 6.75, 5], "texture": "#0"}
			}
		},
		{
			"name": "Layer 1_7",
			"from": [6.875, 11, 7.875],
			"to": [7.375, 11.25, 8.25],
			"faces": {
				"north": {"uv": [7.375, 4.75, 6.875, 5], "texture": "#0"},
				"south": {"uv": [6.875, 4.75, 7.375, 5], "texture": "#0"},
				"up": {"uv": [6.875, 4.75, 7.375, 4.875], "texture": "#0"},
				"down": {"uv": [6.875, 4.875, 7.375, 5], "texture": "#0"}
			}
		},
		{
			"name": "Layer 1_8",
			"from": [8.5, 11, 7.875],
			"to": [8.875, 11.25, 8.25],
			"faces": {
				"north": {"uv": [8.875, 4.75, 8.5, 5], "texture": "#0"},
				"east": {"uv": [8.75, 4.75, 8.875, 5], "texture": "#0"},
				"south": {"uv": [8.5, 4.75, 8.875, 5], "texture": "#0"},
				"up": {"uv": [8.5, 4.75, 8.875, 4.875], "texture": "#0"},
				"down": {"uv": [8.5, 4.875, 8.875, 5], "texture": "#0"}
			}
		},
		{
			"name": "Layer 1_9",
			"from": [8.875, 11.125, 7.875],
			"to": [9, 11.25, 8.25],
			"faces": {
				"north": {"uv": [9, 4.75, 8.875, 4.875], "texture": "#0"},
				"east": {"uv": [8.875, 4.75, 9, 4.875], "texture": "#0"},
				"south": {"uv": [8.875, 4.75, 9, 4.875], "texture": "#0"},
				"up": {"uv": [8.875, 4.75, 9, 4.875], "texture": "#0"},
				"down": {"uv": [8.875, 4.75, 9, 4.875], "texture": "#0"}
			}
		},
		{
			"name": "Layer 1_10",
			"from": [7.625, 10, 7.875],
			"to": [8.25, 10.25, 8.25],
			"faces": {
				"north": {"uv": [8.25, 5.75, 7.625, 6], "texture": "#0"},
				"east": {"uv": [8.125, 5.75, 8.25, 6], "texture": "#0"},
				"south": {"uv": [7.625, 5.75, 8.25, 6], "texture": "#0"},
				"west": {"uv": [7.625, 5.75, 7.75, 6], "texture": "#0"},
				"up": {"uv": [7.625, 5.75, 8.25, 5.875], "texture": "#0"},
				"down": {"uv": [7.625, 5.875, 8.25, 6], "texture": "#0"}
			}
		},
		{
			"name": "Layer 1_11",
			"from": [7.625, 8.875, 7.875],
			"to": [8.25, 9.125, 8.25],
			"faces": {
				"north": {"uv": [8.25, 6.875, 7.625, 7.125], "texture": "#0"},
				"east": {"uv": [8.125, 6.875, 8.25, 7.125], "texture": "#0"},
				"south": {"uv": [7.625, 6.875, 8.25, 7.125], "texture": "#0"},
				"west": {"uv": [7.625, 6.875, 7.75, 7.125], "texture": "#0"},
				"up": {"uv": [7.625, 6.875, 8.25, 7], "texture": "#0"},
				"down": {"uv": [7.625, 7, 8.25, 7.125], "texture": "#0"}
			}
		},
		{
			"name": "Layer 1_12",
			"from": [7.625, 7, 7.875],
			"to": [8.25, 7.25, 8.25],
			"faces": {
				"north": {"uv": [8.25, 8.75, 7.625, 9], "texture": "#0"},
				"east": {"uv": [8.125, 8.75, 8.25, 9], "texture": "#0"},
				"south": {"uv": [7.625, 8.75, 8.25, 9], "texture": "#0"},
				"west": {"uv": [7.625, 8.75, 7.75, 9], "texture": "#0"},
				"up": {"uv": [7.625, 8.75, 8.25, 8.875], "texture": "#0"},
				"down": {"uv": [7.625, 8.875, 8.25, 9], "texture": "#0"}
			}
		},
		{
			"name": "Layer 1_13",
			"from": [7.625, 5, 7.875],
			"to": [8.25, 5.25, 8.25],
			"faces": {
				"north": {"uv": [8.25, 10.75, 7.625, 11], "texture": "#0"},
				"east": {"uv": [8.125, 10.75, 8.25, 11], "texture": "#0"},
				"south": {"uv": [7.625, 10.75, 8.25, 11], "texture": "#0"},
				"west": {"uv": [7.625, 10.75, 7.75, 11], "texture": "#0"},
				"up": {"uv": [7.625, 10.75, 8.25, 10.875], "texture": "#0"},
				"down": {"uv": [7.625, 10.875, 8.25, 11], "texture": "#0"}
			}
		},
		{
			"name": "Layer 1_14",
			"from": [7.625, 4.625, 7.875],
			"to": [8.25, 4.875, 8.25],
			"faces": {
				"north": {"uv": [8.25, 11.125, 7.625, 11.375], "texture": "#0"},
				"east": {"uv": [8.125, 11.125, 8.25, 11.375], "texture": "#0"},
				"south": {"uv": [7.625, 11.125, 8.25, 11.375], "texture": "#0"},
				"west": {"uv": [7.625, 11.125, 7.75, 11.375], "texture": "#0"},
				"up": {"uv": [7.625, 11.125, 8.25, 11.25], "texture": "#0"},
				"down": {"uv": [7.625, 11.25, 8.25, 11.375], "texture": "#0"}
			}
		},
		{
			"name": "Layer 1_15",
			"from": [7.625, 4.25, 7.875],
			"to": [8.25, 4.5, 8.25],
			"faces": {
				"north": {"uv": [8.25, 11.5, 7.625, 11.75], "texture": "#0"},
				"east": {"uv": [8.125, 11.5, 8.25, 11.75], "texture": "#0"},
				"south": {"uv": [7.625, 11.5, 8.25, 11.75], "texture": "#0"},
				"west": {"uv": [7.625, 11.5, 7.75, 11.75], "texture": "#0"},
				"up": {"uv": [7.625, 11.5, 8.25, 11.625], "texture": "#0"},
				"down": {"uv": [7.625, 11.625, 8.25, 11.75], "texture": "#0"}
			}
		},
		{
			"name": "Layer 2_0",
			"from": [7.125, 12.625, 8],
			"to": [7.375, 12.875, 8.125],
			"faces": {
				"north": {"uv": [7.375, 3.125, 7.125, 3.375], "texture": "#0"},
				"east": {"uv": [7.25, 3.125, 7.375, 3.375], "texture": "#0"},
				"south": {"uv": [7.125, 3.125, 7.375, 3.375], "texture": "#0"},
				"west": {"uv": [7.125, 3.125, 7.25, 3.375], "texture": "#0"},
				"up": {"uv": [7.125, 3.125, 7.375, 3.25], "texture": "#0"},
				"down": {"uv": [7.125, 3.25, 7.375, 3.375], "texture": "#0"}
			}
		},
		{
			"name": "Layer 2_1",
			"from": [7.375, 12.75, 8],
			"to": [7.5, 12.875, 8.125],
			"faces": {
				"north": {"uv": [7.5, 3.125, 7.375, 3.25], "texture": "#0"},
				"east": {"uv": [7.375, 3.125, 7.5, 3.25], "texture": "#0"},
				"south": {"uv": [7.375, 3.125, 7.5, 3.25], "texture": "#0"},
				"up": {"uv": [7.375, 3.125, 7.5, 3.25], "texture": "#0"},
				"down": {"uv": [7.375, 3.125, 7.5, 3.25], "texture": "#0"}
			}
		},
		{
			"name": "Layer 2_2",
			"from": [6.875, 12.625, 8],
			"to": [7.125, 12.75, 8.125],
			"faces": {
				"north": {"uv": [7.125, 3.25, 6.875, 3.375], "texture": "#0"},
				"south": {"uv": [6.875, 3.25, 7.125, 3.375], "texture": "#0"},
				"west": {"uv": [6.875, 3.25, 7, 3.375], "texture": "#0"},
				"up": {"uv": [6.875, 3.25, 7.125, 3.375], "texture": "#0"}
			}
		},
		{
			"name": "Layer 2_3",
			"from": [6.625, 12.5, 8],
			"to": [7, 12.625, 8.125],
			"faces": {
				"north": {"uv": [7, 3.375, 6.625, 3.5], "texture": "#0"},
				"south": {"uv": [6.625, 3.375, 7, 3.5], "texture": "#0"},
				"west": {"uv": [6.625, 3.375, 6.75, 3.5], "texture": "#0"},
				"up": {"uv": [6.625, 3.375, 7, 3.5], "texture": "#0"}
			}
		},
		{
			"name": "Layer 2_4",
			"from": [6.5, 12.375, 8],
			"to": [6.75, 12.5, 8.125],
			"faces": {
				"north": {"uv": [6.75, 3.5, 6.5, 3.625], "texture": "#0"},
				"south": {"uv": [6.5, 3.5, 6.75, 3.625], "texture": "#0"},
				"west": {"uv": [6.5, 3.5, 6.625, 3.625], "texture": "#0"},
				"up": {"uv": [6.5, 3.5, 6.75, 3.625], "texture": "#0"}
			}
		},
		{
			"name": "Layer 2_5",
			"from": [6.375, 12.25, 8],
			"to": [6.5, 12.375, 8.125],
			"faces": {
				"north": {"uv": [6.5, 3.625, 6.375, 3.75], "texture": "#0"},
				"south": {"uv": [6.375, 3.625, 6.5, 3.75], "texture": "#0"},
				"west": {"uv": [6.375, 3.625, 6.5, 3.75], "texture": "#0"},
				"up": {"uv": [6.375, 3.625, 6.5, 3.75], "texture": "#0"}
			}
		},
		{
			"name": "Layer 2_6",
			"from": [7.875, 12.125, 8],
			"to": [8, 12.375, 8.125],
			"faces": {
				"north": {"uv": [8, 3.625, 7.875, 3.875], "texture": "#0"},
				"east": {"uv": [7.875, 3.625, 8, 3.875], "texture": "#0"},
				"south": {"uv": [7.875, 3.625, 8, 3.875], "texture": "#0"},
				"west": {"uv": [7.875, 3.625, 8, 3.875], "texture": "#0"},
				"up": {"uv": [7.875, 3.625, 8, 3.75], "texture": "#0"}
			}
		},
		{
			"name": "Layer 2_7",
			"from": [6.25, 12.125, 8],
			"to": [6.375, 12.25, 8.125],
			"faces": {
				"north": {"uv": [6.375, 3.75, 6.25, 3.875], "texture": "#0"},
				"south": {"uv": [6.25, 3.75, 6.375, 3.875], "texture": "#0"},
				"west": {"uv": [6.25, 3.75, 6.375, 3.875], "texture": "#0"},
				"up": {"uv": [6.25, 3.75, 6.375, 3.875], "texture": "#0"}
			}
		},
		{
			"name": "Layer 2_8",
			"from": [6.125, 12, 8],
			"to": [6.25, 12.125, 8.125],
			"faces": {
				"north": {"uv": [6.25, 3.875, 6.125, 4], "texture": "#0"},
				"south": {"uv": [6.125, 3.875, 6.25, 4], "texture": "#0"},
				"west": {"uv": [6.125, 3.875, 6.25, 4], "texture": "#0"},
				"up": {"uv": [6.125, 3.875, 6.25, 4], "texture": "#0"}
			}
		},
		{
			"name": "Layer 2_9",
			"from": [7.75, 11.875, 8],
			"to": [7.875, 12.125, 8.125],
			"faces": {
				"north": {"uv": [7.875, 3.875, 7.75, 4.125], "texture": "#0"},
				"south": {"uv": [7.75, 3.875, 7.875, 4.125], "texture": "#0"},
				"west": {"uv": [7.75, 3.875, 7.875, 4.125], "texture": "#0"},
				"up": {"uv": [7.75, 3.875, 7.875, 4], "texture": "#0"}
			}
		},
		{
			"name": "Layer 2_10",
			"from": [8, 11.875, 8],
			"to": [8.125, 12.125, 8.125],
			"faces": {
				"north": {"uv": [8.125, 3.875, 8, 4.125], "texture": "#0"},
				"east": {"uv": [8, 3.875, 8.125, 4.125], "texture": "#0"},
				"south": {"uv": [8, 3.875, 8.125, 4.125], "texture": "#0"},
				"up": {"uv": [8, 3.875, 8.125, 4], "texture": "#0"}
			}
		},
		{
			"name": "Layer 2_11",
			"from": [6, 11.875, 8],
			"to": [6.125, 12, 8.125],
			"faces": {
				"north": {"uv": [6.125, 4, 6, 4.125], "texture": "#0"},
				"south": {"uv": [6, 4, 6.125, 4.125], "texture": "#0"},
				"west": {"uv": [6, 4, 6.125, 4.125], "texture": "#0"},
				"up": {"uv": [6, 4, 6.125, 4.125], "texture": "#0"}
			}
		},
		{
			"name": "Layer 2_12",
			"from": [5.875, 11.625, 8],
			"to": [6, 11.875, 8.125],
			"faces": {
				"north": {"uv": [6, 4.125, 5.875, 4.375], "texture": "#0"},
				"south": {"uv": [5.875, 4.125, 6, 4.375], "texture": "#0"},
				"west": {"uv": [5.875, 4.125, 6, 4.375], "texture": "#0"},
				"up": {"uv": [5.875, 4.125, 6, 4.25], "texture": "#0"}
			}
		},
		{
			"name": "Layer 2_13",
			"from": [9.25, 11.625, 8],
			"to": [9.375, 11.875, 8.125],
			"faces": {
				"north": {"uv": [9.375, 4.125, 9.25, 4.375], "texture": "#0"},
				"east": {"uv": [9.25, 4.125, 9.375, 4.375], "texture": "#0"},
				"south": {"uv": [9.25, 4.125, 9.375, 4.375], "texture": "#0"},
				"west": {"uv": [9.25, 4.125, 9.375, 4.375], "texture": "#0"},
				"up": {"uv": [9.25, 4.125, 9.375, 4.25], "texture": "#0"}
			}
		},
		{
			"name": "Layer 2_14",
			"from": [5.75, 10.5, 8],
			"to": [5.875, 11.75, 8.125],
			"faces": {
				"north": {"uv": [5.875, 4.25, 5.75, 5.5], "texture": "#0"},
				"south": {"uv": [5.75, 4.25, 5.875, 5.5], "texture": "#0"},
				"west": {"uv": [5.75, 4.25, 5.875, 5.5], "texture": "#0"},
				"up": {"uv": [5.75, 4.25, 5.875, 4.375], "texture": "#0"},
				"down": {"uv": [5.75, 5.375, 5.875, 5.5], "texture": "#0"}
			}
		},
		{
			"name": "Layer 2_15",
			"from": [9.375, 11.125, 8],
			"to": [9.5, 11.75, 8.125],
			"faces": {
				"north": {"uv": [9.5, 4.25, 9.375, 4.875], "texture": "#0"},
				"east": {"uv": [9.375, 4.25, 9.5, 4.875], "texture": "#0"},
				"south": {"uv": [9.375, 4.25, 9.5, 4.875], "texture": "#0"},
				"up": {"uv": [9.375, 4.25, 9.5, 4.375], "texture": "#0"},
				"down": {"uv": [9.375, 4.75, 9.5, 4.875], "texture": "#0"}
			}
		},
		{
			"name": "Layer 2_16",
			"from": [5.625, 11, 8],
			"to": [5.75, 11.5, 8.125],
			"faces": {
				"north": {"uv": [5.75, 4.5, 5.625, 5], "texture": "#0"},
				"south": {"uv": [5.625, 4.5, 5.75, 5], "texture": "#0"},
				"west": {"uv": [5.625, 4.5, 5.75, 5], "texture": "#0"},
				"up": {"uv": [5.625, 4.5, 5.75, 4.625], "texture": "#0"},
				"down": {"uv": [5.625, 4.875, 5.75, 5], "texture": "#0"}
			}
		},
		{
			"name": "Layer 2_17",
			"from": [9.25, 10.875, 8],
			"to": [9.375, 11.25, 8.125],
			"faces": {
				"north": {"uv": [9.375, 4.75, 9.25, 5.125], "texture": "#0"},
				"east": {"uv": [9.25, 4.75, 9.375, 5.125], "texture": "#0"},
				"south": {"uv": [9.25, 4.75, 9.375, 5.125], "texture": "#0"},
				"down": {"uv": [9.25, 5, 9.375, 5.125], "texture": "#0"}
			}
		},
		{
			"name": "Layer 2_18",
			"from": [9.125, 10.75, 8],
			"to": [9.25, 11, 8.125],
			"faces": {
				"north": {"uv": [9.25, 5, 9.125, 5.25], "texture": "#0"},
				"east": {"uv": [9.125, 5, 9.25, 5.25], "texture": "#0"},
				"south": {"uv": [9.125, 5, 9.25, 5.25], "texture": "#0"},
				"down": {"uv": [9.125, 5.125, 9.25, 5.25], "texture": "#0"}
			}
		},
		{
			"name": "Layer 2_19",
			"from": [9, 10.625, 8],
			"to": [9.125, 10.75, 8.125],
			"faces": {
				"north": {"uv": [9.125, 5.25, 9, 5.375], "texture": "#0"},
				"east": {"uv": [9, 5.25, 9.125, 5.375], "texture": "#0"},
				"south": {"uv": [9, 5.25, 9.125, 5.375], "texture": "#0"},
				"down": {"uv": [9, 5.25, 9.125, 5.375], "texture": "#0"}
			}
		},
		{
			"name": "Layer 2_20",
			"from": [5.875, 10, 8],
			"to": [6, 10.625, 8.125],
			"faces": {
				"north": {"uv": [6, 5.375, 5.875, 6], "texture": "#0"},
				"south": {"uv": [5.875, 5.375, 6, 6], "texture": "#0"},
				"west": {"uv": [5.875, 5.375, 6, 6], "texture": "#0"},
				"down": {"uv": [5.875, 5.875, 6, 6], "texture": "#0"}
			}
		},
		{
			"name": "Layer 2_21",
			"from": [8.875, 10.5, 8],
			"to": [9, 10.625, 8.125],
			"faces": {
				"north": {"uv": [9, 5.375, 8.875, 5.5], "texture": "#0"},
				"east": {"uv": [8.875, 5.375, 9, 5.5], "texture": "#0"},
				"south": {"uv": [8.875, 5.375, 9, 5.5], "texture": "#0"},
				"down": {"uv": [8.875, 5.375, 9, 5.5], "texture": "#0"}
			}
		},
		{
			"name": "Layer 2_22",
			"from": [8.75, 10.375, 8],
			"to": [8.875, 10.5, 8.125],
			"faces": {
				"north": {"uv": [8.875, 5.5, 8.75, 5.625], "texture": "#0"},
				"east": {"uv": [8.75, 5.5, 8.875, 5.625], "texture": "#0"},
				"south": {"uv": [8.75, 5.5, 8.875, 5.625], "texture": "#0"},
				"west": {"uv": [8.75, 5.5, 8.875, 5.625], "texture": "#0"},
				"down": {"uv": [8.75, 5.5, 8.875, 5.625], "texture": "#0"}
			}
		},
		{
			"name": "Layer 2_23",
			"from": [6, 9.75, 8],
			"to": [6.125, 10.125, 8.125],
			"faces": {
				"north": {"uv": [6.125, 5.875, 6, 6.25], "texture": "#0"},
				"south": {"uv": [6, 5.875, 6.125, 6.25], "texture": "#0"},
				"west": {"uv": [6, 5.875, 6.125, 6.25], "texture": "#0"},
				"down": {"uv": [6, 6.125, 6.125, 6.25], "texture": "#0"}
			}
		},
		{
			"name": "Layer 2_24",
			"from": [6.125, 9.5, 8],
			"to": [6.25, 9.875, 8.125],
			"faces": {
				"north": {"uv": [6.25, 6.125, 6.125, 6.5], "texture": "#0"},
				"south": {"uv": [6.125, 6.125, 6.25, 6.5], "texture": "#0"},
				"west": {"uv": [6.125, 6.125, 6.25, 6.5], "texture": "#0"},
				"down": {"uv": [6.125, 6.375, 6.25, 6.5], "texture": "#0"}
			}
		},
		{
			"name": "Layer 2_25",
			"from": [6.25, 9.25, 8],
			"to": [6.375, 9.625, 8.125],
			"faces": {
				"north": {"uv": [6.375, 6.375, 6.25, 6.75], "texture": "#0"},
				"south": {"uv": [6.25, 6.375, 6.375, 6.75], "texture": "#0"},
				"west": {"uv": [6.25, 6.375, 6.375, 6.75], "texture": "#0"},
				"down": {"uv": [6.25, 6.625, 6.375, 6.75], "texture": "#0"}
			}
		},
		{
			"name": "Layer 2_26",
			"from": [6.375, 9, 8],
			"to": [6.5, 9.375, 8.125],
			"faces": {
				"north": {"uv": [6.5, 6.625, 6.375, 7], "texture": "#0"},
				"south": {"uv": [6.375, 6.625, 6.5, 7], "texture": "#0"},
				"west": {"uv": [6.375, 6.625, 6.5, 7], "texture": "#0"},
				"down": {"uv": [6.375, 6.875, 6.5, 7], "texture": "#0"}
			}
		},
		{
			"name": "Layer 2_27",
			"from": [6.5, 8.75, 8],
			"to": [6.625, 9.125, 8.125],
			"faces": {
				"north": {"uv": [6.625, 6.875, 6.5, 7.25], "texture": "#0"},
				"south": {"uv": [6.5, 6.875, 6.625, 7.25], "texture": "#0"},
				"west": {"uv": [6.5, 6.875, 6.625, 7.25], "texture": "#0"},
				"down": {"uv": [6.5, 7.125, 6.625, 7.25], "texture": "#0"}
			}
		},
		{
			"name": "Layer 2_28",
			"from": [6.625, 8.625, 8],
			"to": [6.75, 8.875, 8.125],
			"faces": {
				"north": {"uv": [6.75, 7.125, 6.625, 7.375], "texture": "#0"},
				"south": {"uv": [6.625, 7.125, 6.75, 7.375], "texture": "#0"},
				"west": {"uv": [6.625, 7.125, 6.75, 7.375], "texture": "#0"},
				"down": {"uv": [6.625, 7.25, 6.75, 7.375], "texture": "#0"}
			}
		},
		{
			"name": "Layer 2_29",
			"from": [6.75, 8.5, 8],
			"to": [6.875, 8.75, 8.125],
			"faces": {
				"north": {"uv": [6.875, 7.25, 6.75, 7.5], "texture": "#0"},
				"south": {"uv": [6.75, 7.25, 6.875, 7.5], "texture": "#0"},
				"west": {"uv": [6.75, 7.25, 6.875, 7.5], "texture": "#0"},
				"down": {"uv": [6.75, 7.375, 6.875, 7.5], "texture": "#0"}
			}
		},
		{
			"name": "Layer 2_30",
			"from": [6.875, 8.375, 8],
			"to": [7, 8.625, 8.125],
			"faces": {
				"north": {"uv": [7, 7.375, 6.875, 7.625], "texture": "#0"},
				"east": {"uv": [6.875, 7.375, 7, 7.625], "texture": "#0"},
				"south": {"uv": [6.875, 7.375, 7, 7.625], "texture": "#0"},
				"west": {"uv": [6.875, 7.375, 7, 7.625], "texture": "#0"},
				"down": {"uv": [6.875, 7.5, 7, 7.625], "texture": "#0"}
			}
		},
		{
			"name": "Layer 3_0",
			"from": [7, 12.5, 7.9375],
			"to": [7.25, 12.625, 8.1875],
			"faces": {
				"north": {"uv": [7.25, 3.375, 7, 3.5], "texture": "#0"},
				"east": {"uv": [7.125, 3.375, 7.25, 3.5], "texture": "#0"},
				"south": {"uv": [7, 3.375, 7.25, 3.5], "texture": "#0"},
				"west": {"uv": [7, 3.375, 7.125, 3.5], "texture": "#0"},
				"up": {"uv": [7, 3.375, 7.25, 3.5], "texture": "#0"},
				"down": {"uv": [7, 3.375, 7.25, 3.5], "texture": "#0"}
			}
		},
		{
			"name": "Layer 3_1",
			"from": [6.75, 12.125, 7.9375],
			"to": [7, 12.5, 8.1875],
			"faces": {
				"north": {"uv": [7, 3.5, 6.75, 3.875], "texture": "#0"},
				"east": {"uv": [6.875, 3.5, 7, 3.875], "texture": "#0"},
				"south": {"uv": [6.75, 3.5, 7, 3.875], "texture": "#0"},
				"west": {"uv": [6.75, 3.5, 6.875, 3.875], "texture": "#0"},
				"up": {"uv": [6.75, 3.5, 7, 3.625], "texture": "#0"},
				"down": {"uv": [6.75, 3.75, 7, 3.875], "texture": "#0"}
			}
		},
		{
			"name": "Layer 3_2",
			"from": [7, 12.375, 7.9375],
			"to": [7.125, 12.5, 8.1875],
			"faces": {
				"north": {"uv": [7.125, 3.5, 7, 3.625], "texture": "#0"},
				"east": {"uv": [7, 3.5, 7.125, 3.625], "texture": "#0"},
				"south": {"uv": [7, 3.5, 7.125, 3.625], "texture": "#0"},
				"down": {"uv": [7, 3.5, 7.125, 3.625], "texture": "#0"}
			}
		},
		{
			"name": "Layer 3_3",
			"from": [6.5, 11.25, 7.9375],
			"to": [6.75, 12.375, 8.1875],
			"faces": {
				"north": {"uv": [6.75, 3.625, 6.5, 4.75], "texture": "#0"},
				"south": {"uv": [6.5, 3.625, 6.75, 4.75], "texture": "#0"},
				"west": {"uv": [6.5, 3.625, 6.625, 4.75], "texture": "#0"},
				"up": {"uv": [6.5, 3.625, 6.75, 3.75], "texture": "#0"}
			}
		},
		{
			"name": "Layer 3_4",
			"from": [6.375, 9.375, 7.9375],
			"to": [6.5, 12.25, 8.1875],
			"faces": {
				"north": {"uv": [6.5, 3.75, 6.375, 6.625], "texture": "#0"},
				"south": {"uv": [6.375, 3.75, 6.5, 6.625], "texture": "#0"},
				"west": {"uv": [6.375, 3.75, 6.5, 6.625], "texture": "#0"},
				"up": {"uv": [6.375, 3.75, 6.5, 3.875], "texture": "#0"},
				"down": {"uv": [6.375, 6.5, 6.5, 6.625], "texture": "#0"}
			}
		},
		{
			"name": "Layer 3_5",
			"from": [6.25, 9.625, 7.9375],
			"to": [6.375, 12.125, 8.1875],
			"faces": {
				"north": {"uv": [6.375, 3.875, 6.25, 6.375], "texture": "#0"},
				"south": {"uv": [6.25, 3.875, 6.375, 6.375], "texture": "#0"},
				"west": {"uv": [6.25, 3.875, 6.375, 6.375], "texture": "#0"},
				"up": {"uv": [6.25, 3.875, 6.375, 4], "texture": "#0"},
				"down": {"uv": [6.25, 6.25, 6.375, 6.375], "texture": "#0"}
			}
		},
		{
			"name": "Layer 3_6",
			"from": [6.75, 11.375, 7.9375],
			"to": [6.875, 12.125, 8.1875],
			"faces": {
				"north": {"uv": [6.875, 3.875, 6.75, 4.625], "texture": "#0"},
				"east": {"uv": [6.75, 3.875, 6.875, 4.625], "texture": "#0"},
				"south": {"uv": [6.75, 3.875, 6.875, 4.625], "texture": "#0"}
			}
		},
		{
			"name": "Layer 3_7",
			"from": [7.875, 11.875, 7.9375],
			"to": [8, 12.125, 8.1875],
			"faces": {
				"north": {"uv": [8, 3.875, 7.875, 4.125], "texture": "#0"},
				"east": {"uv": [7.875, 3.875, 8, 4.125], "texture": "#0"},
				"south": {"uv": [7.875, 3.875, 8, 4.125], "texture": "#0"},
				"west": {"uv": [7.875, 3.875, 8, 4.125], "texture": "#0"},
				"up": {"uv": [7.875, 3.875, 8, 4], "texture": "#0"}
			}
		},
		{
			"name": "Layer 3_8",
			"from": [6.125, 9.875, 7.9375],
			"to": [6.25, 12, 8.1875],
			"faces": {
				"north": {"uv": [6.25, 4, 6.125, 6.125], "texture": "#0"},
				"south": {"uv": [6.125, 4, 6.25, 6.125], "texture": "#0"},
				"west": {"uv": [6.125, 4, 6.25, 6.125], "texture": "#0"},
				"up": {"uv": [6.125, 4, 6.25, 4.125], "texture": "#0"},
				"down": {"uv": [6.125, 6, 6.25, 6.125], "texture": "#0"}
			}
		},
		{
			"name": "Layer 3_9",
			"from": [6, 10.125, 7.9375],
			"to": [6.125, 11.875, 8.1875],
			"faces": {
				"north": {"uv": [6.125, 4.125, 6, 5.875], "texture": "#0"},
				"south": {"uv": [6, 4.125, 6.125, 5.875], "texture": "#0"},
				"west": {"uv": [6, 4.125, 6.125, 5.875], "texture": "#0"},
				"up": {"uv": [6, 4.125, 6.125, 4.25], "texture": "#0"},
				"down": {"uv": [6, 5.75, 6.125, 5.875], "texture": "#0"}
			}
		},
		{
			"name": "Layer 3_10",
			"from": [6.875, 11.25, 7.9375],
			"to": [7, 11.875, 8.1875],
			"faces": {
				"north": {"uv": [7, 4.125, 6.875, 4.75], "texture": "#0"},
				"east": {"uv": [6.875, 4.125, 7, 4.75], "texture": "#0"},
				"south": {"uv": [6.875, 4.125, 7, 4.75], "texture": "#0"},
				"up": {"uv": [6.875, 4.125, 7, 4.25], "texture": "#0"}
			}
		},
		{
			"name": "Layer 3_11",
			"from": [7.5, 11.375, 7.9375],
			"to": [7.625, 11.75, 8.1875],
			"faces": {
				"north": {"uv": [7.625, 4.25, 7.5, 4.625], "texture": "#0"},
				"south": {"uv": [7.5, 4.25, 7.625, 4.625], "texture": "#0"},
				"west": {"uv": [7.5, 4.25, 7.625, 4.625], "texture": "#0"},
				"up": {"uv": [7.5, 4.25, 7.625, 4.375], "texture": "#0"}
			}
		},
		{
			"name": "Layer 3_12",
			"from": [8.25, 11.375, 7.9375],
			"to": [8.375, 11.75, 8.1875],
			"faces": {
				"north": {"uv": [8.375, 4.25, 8.25, 4.625], "texture": "#0"},
				"east": {"uv": [8.25, 4.25, 8.375, 4.625], "texture": "#0"},
				"south": {"uv": [8.25, 4.25, 8.375, 4.625], "texture": "#0"},
				"up": {"uv": [8.25, 4.25, 8.375, 4.375], "texture": "#0"}
			}
		},
		{
			"name": "Layer 3_13",
			"from": [5.875, 10.625, 7.9375],
			"to": [6, 11.625, 8.1875],
			"faces": {
				"north": {"uv": [6, 4.375, 5.875, 5.375], "texture": "#0"},
				"south": {"uv": [5.875, 4.375, 6, 5.375], "texture": "#0"},
				"west": {"uv": [5.875, 4.375, 6, 5.375], "texture": "#0"},
				"up": {"uv": [5.875, 4.375, 6, 4.5], "texture": "#0"},
				"down": {"uv": [5.875, 5.25, 6, 5.375], "texture": "#0"}
			}
		},
		{
			"name": "Layer 3_14",
			"from": [7, 11.25, 7.9375],
			"to": [7.125, 11.625, 8.1875],
			"faces": {
				"north": {"uv": [7.125, 4.375, 7, 4.75], "texture": "#0"},
				"east": {"uv": [7, 4.375, 7.125, 4.75], "texture": "#0"},
				"south": {"uv": [7, 4.375, 7.125, 4.75], "texture": "#0"},
				"up": {"uv": [7, 4.375, 7.125, 4.5], "texture": "#0"}
			}
		},
		{
			"name": "Layer 3_15",
			"from": [7.375, 11.375, 7.9375],
			"to": [7.5, 11.625, 8.1875],
			"faces": {
				"north": {"uv": [7.5, 4.375, 7.375, 4.625], "texture": "#0"},
				"south": {"uv": [7.375, 4.375, 7.5, 4.625], "texture": "#0"},
				"west": {"uv": [7.375, 4.375, 7.5, 4.625], "texture": "#0"},
				"up": {"uv": [7.375, 4.375, 7.5, 4.5], "texture": "#0"}
			}
		},
		{
			"name": "Layer 3_16",
			"from": [8.375, 11.375, 7.9375],
			"to": [8.5, 11.625, 8.1875],
			"faces": {
				"north": {"uv": [8.5, 4.375, 8.375, 4.625], "texture": "#0"},
				"east": {"uv": [8.375, 4.375, 8.5, 4.625], "texture": "#0"},
				"south": {"uv": [8.375, 4.375, 8.5, 4.625], "texture": "#0"},
				"up": {"uv": [8.375, 4.375, 8.5, 4.5], "texture": "#0"}
			}
		},
		{
			"name": "Layer 3_17",
			"from": [9.125, 11.25, 7.9375],
			"to": [9.375, 11.625, 8.1875],
			"faces": {
				"north": {"uv": [9.375, 4.375, 9.125, 4.75], "texture": "#0"},
				"east": {"uv": [9.25, 4.375, 9.375, 4.75], "texture": "#0"},
				"south": {"uv": [9.125, 4.375, 9.375, 4.75], "texture": "#0"},
				"west": {"uv": [9.125, 4.375, 9.25, 4.75], "texture": "#0"},
				"up": {"uv": [9.125, 4.375, 9.375, 4.5], "texture": "#0"},
				"down": {"uv": [9.125, 4.625, 9.375, 4.75], "texture": "#0"}
			}
		},
		{
			"name": "Layer 3_18",
			"from": [7.125, 11.25, 7.9375],
			"to": [7.375, 11.5, 8.1875],
			"faces": {
				"north": {"uv": [7.375, 4.5, 7.125, 4.75], "texture": "#0"},
				"south": {"uv": [7.125, 4.5, 7.375, 4.75], "texture": "#0"},
				"up": {"uv": [7.125, 4.5, 7.375, 4.625], "texture": "#0"}
			}
		},
		{
			"name": "Layer 3_19",
			"from": [8.5, 11.25, 7.9375],
			"to": [8.625, 11.5, 8.1875],
			"faces": {
				"north": {"uv": [8.625, 4.5, 8.5, 4.75], "texture": "#0"},
				"east": {"uv": [8.5, 4.5, 8.625, 4.75], "texture": "#0"},
				"south": {"uv": [8.5, 4.5, 8.625, 4.75], "texture": "#0"},
				"up": {"uv": [8.5, 4.5, 8.625, 4.625], "texture": "#0"}
			}
		},
		{
			"name": "Layer 3_20",
			"from": [9, 10.75, 7.9375],
			"to": [9.125, 11.5, 8.1875],
			"faces": {
				"north": {"uv": [9.125, 4.5, 9, 5.25], "texture": "#0"},
				"east": {"uv": [9, 4.5, 9.125, 5.25], "texture": "#0"},
				"south": {"uv": [9, 4.5, 9.125, 5.25], "texture": "#0"},
				"west": {"uv": [9, 4.5, 9.125, 5.25], "texture": "#0"},
				"up": {"uv": [9, 4.5, 9.125, 4.625], "texture": "#0"},
				"down": {"uv": [9, 5.125, 9.125, 5.25], "texture": "#0"}
			}
		},
		{
			"name": "Layer 3_21",
			"from": [8.625, 11.25, 7.9375],
			"to": [9, 11.375, 8.1875],
			"faces": {
				"north": {"uv": [9, 4.625, 8.625, 4.75], "texture": "#0"},
				"south": {"uv": [8.625, 4.625, 9, 4.75], "texture": "#0"},
				"up": {"uv": [8.625, 4.625, 9, 4.75], "texture": "#0"}
			}
		},
		{
			"name": "Layer 3_22",
			"from": [6.5, 9.125, 7.9375],
			"to": [6.625, 11.25, 8.1875],
			"faces": {
				"north": {"uv": [6.625, 4.75, 6.5, 6.875], "texture": "#0"},
				"south": {"uv": [6.5, 4.75, 6.625, 6.875], "texture": "#0"},
				"west": {"uv": [6.5, 4.75, 6.625, 6.875], "texture": "#0"},
				"down": {"uv": [6.5, 6.75, 6.625, 6.875], "texture": "#0"}
			}
		},
		{
			"name": "Layer 3_23",
			"from": [9.125, 11, 7.9375],
			"to": [9.25, 11.25, 8.1875],
			"faces": {
				"north": {"uv": [9.25, 4.75, 9.125, 5], "texture": "#0"},
				"east": {"uv": [9.125, 4.75, 9.25, 5], "texture": "#0"},
				"south": {"uv": [9.125, 4.75, 9.25, 5], "texture": "#0"},
				"down": {"uv": [9.125, 4.875, 9.25, 5], "texture": "#0"}
			}
		},
		{
			"name": "Layer 3_24",
			"from": [8.875, 10.625, 7.9375],
			"to": [9, 11.125, 8.1875],
			"faces": {
				"north": {"uv": [9, 4.875, 8.875, 5.375], "texture": "#0"},
				"east": {"uv": [8.875, 4.875, 9, 5.375], "texture": "#0"},
				"south": {"uv": [8.875, 4.875, 9, 5.375], "texture": "#0"},
				"down": {"uv": [8.875, 5.25, 9, 5.375], "texture": "#0"}
			}
		},
		{
			"name": "Layer 3_25",
			"from": [6.625, 8.875, 7.9375],
			"to": [6.75, 11, 8.1875],
			"faces": {
				"north": {"uv": [6.75, 5, 6.625, 7.125], "texture": "#0"},
				"east": {"uv": [6.625, 5, 6.75, 7.125], "texture": "#0"},
				"south": {"uv": [6.625, 5, 6.75, 7.125], "texture": "#0"},
				"west": {"uv": [6.625, 5, 6.75, 7.125], "texture": "#0"},
				"down": {"uv": [6.625, 7, 6.75, 7.125], "texture": "#0"}
			}
		},
		{
			"name": "Layer 3_26",
			"from": [6.875, 10.625, 7.9375],
			"to": [7.25, 11, 8.1875],
			"faces": {
				"north": {"uv": [7.25, 5, 6.875, 5.375], "texture": "#0"},
				"east": {"uv": [7.125, 5, 7.25, 5.375], "texture": "#0"},
				"south": {"uv": [6.875, 5, 7.25, 5.375], "texture": "#0"},
				"down": {"uv": [6.875, 5.25, 7.25, 5.375], "texture": "#0"}
			}
		},
		{
			"name": "Layer 3_27",
			"from": [7.25, 10.75, 7.9375],
			"to": [7.375, 11, 8.1875],
			"faces": {
				"north": {"uv": [7.375, 5, 7.25, 5.25], "texture": "#0"},
				"south": {"uv": [7.25, 5, 7.375, 5.25], "texture": "#0"},
				"down": {"uv": [7.25, 5.125, 7.375, 5.25], "texture": "#0"}
			}
		},
		{
			"name": "Layer 3_28",
			"from": [8.5, 10.875, 7.9375],
			"to": [8.875, 11, 8.1875],
			"faces": {
				"north": {"uv": [8.875, 5, 8.5, 5.125], "texture": "#0"},
				"south": {"uv": [8.5, 5, 8.875, 5.125], "texture": "#0"},
				"down": {"uv": [8.5, 5, 8.875, 5.125], "texture": "#0"}
			}
		},
		{
			"name": "Layer 3_29",
			"from": [6.75, 9.75, 7.9375],
			"to": [6.875, 10.875, 8.1875],
			"faces": {
				"north": {"uv": [6.875, 5.125, 6.75, 6.25], "texture": "#0"},
				"east": {"uv": [6.75, 5.125, 6.875, 6.25], "texture": "#0"},
				"south": {"uv": [6.75, 5.125, 6.875, 6.25], "texture": "#0"},
				"down": {"uv": [6.75, 6.125, 6.875, 6.25], "texture": "#0"}
			}
		},
		{
			"name": "Layer 3_30",
			"from": [7.375, 10.75, 7.9375],
			"to": [7.625, 10.875, 8.1875],
			"faces": {
				"north": {"uv": [7.625, 5.125, 7.375, 5.25], "texture": "#0"},
				"south": {"uv": [7.375, 5.125, 7.625, 5.25], "texture": "#0"},
				"down": {"uv": [7.375, 5.125, 7.625, 5.25], "texture": "#0"}
			}
		},
		{
			"name": "Layer 3_31",
			"from": [8.25, 10.75, 7.9375],
			"to": [8.5, 10.875, 8.1875],
			"faces": {
				"north": {"uv": [8.5, 5.125, 8.25, 5.25], "texture": "#0"},
				"east": {"uv": [8.375, 5.125, 8.5, 5.25], "texture": "#0"},
				"south": {"uv": [8.25, 5.125, 8.5, 5.25], "texture": "#0"},
				"down": {"uv": [8.25, 5.125, 8.5, 5.25], "texture": "#0"}
			}
		},
		{
			"name": "Layer 3_32",
			"from": [8.625, 10.75, 7.9375],
			"to": [8.875, 10.875, 8.1875],
			"faces": {
				"north": {"uv": [8.875, 5.125, 8.625, 5.25], "texture": "#0"},
				"south": {"uv": [8.625, 5.125, 8.875, 5.25], "texture": "#0"},
				"west": {"uv": [8.625, 5.125, 8.75, 5.25], "texture": "#0"},
				"down": {"uv": [8.625, 5.125, 8.875, 5.25], "texture": "#0"}
			}
		},
		{
			"name": "Layer 3_33",
			"from": [7.5, 10.625, 7.9375],
			"to": [7.625, 10.75, 8.1875],
			"faces": {
				"north": {"uv": [7.625, 5.25, 7.5, 5.375], "texture": "#0"},
				"south": {"uv": [7.5, 5.25, 7.625, 5.375], "texture": "#0"},
				"west": {"uv": [7.5, 5.25, 7.625, 5.375], "texture": "#0"},
				"down": {"uv": [7.5, 5.25, 7.625, 5.375], "texture": "#0"}
			}
		},
		{
			"name": "Layer 3_34",
			"from": [8.25, 10.625, 7.9375],
			"to": [8.375, 10.75, 8.1875],
			"faces": {
				"north": {"uv": [8.375, 5.25, 8.25, 5.375], "texture": "#0"},
				"east": {"uv": [8.25, 5.25, 8.375, 5.375], "texture": "#0"},
				"south": {"uv": [8.25, 5.25, 8.375, 5.375], "texture": "#0"},
				"down": {"uv": [8.25, 5.25, 8.375, 5.375], "texture": "#0"}
			}
		},
		{
			"name": "Layer 3_35",
			"from": [8.75, 10.5, 7.9375],
			"to": [8.875, 10.75, 8.1875],
			"faces": {
				"north": {"uv": [8.875, 5.25, 8.75, 5.5], "texture": "#0"},
				"east": {"uv": [8.75, 5.25, 8.875, 5.5], "texture": "#0"},
				"south": {"uv": [8.75, 5.25, 8.875, 5.5], "texture": "#0"},
				"west": {"uv": [8.75, 5.25, 8.875, 5.5], "texture": "#0"},
				"down": {"uv": [8.75, 5.375, 8.875, 5.5], "texture": "#0"}
			}
		},
		{
			"name": "Layer 3_36",
			"from": [6.875, 10.5, 7.9375],
			"to": [7.125, 10.625, 8.1875],
			"faces": {
				"north": {"uv": [7.125, 5.375, 6.875, 5.5], "texture": "#0"},
				"east": {"uv": [7, 5.375, 7.125, 5.5], "texture": "#0"},
				"south": {"uv": [6.875, 5.375, 7.125, 5.5], "texture": "#0"},
				"down": {"uv": [6.875, 5.375, 7.125, 5.5], "texture": "#0"}
			}
		},
		{
			"name": "Layer 3_37",
			"from": [6.875, 10.25, 7.9375],
			"to": [7, 10.5, 8.1875],
			"faces": {
				"north": {"uv": [7, 5.5, 6.875, 5.75], "texture": "#0"},
				"east": {"uv": [6.875, 5.5, 7, 5.75], "texture": "#0"},
				"south": {"uv": [6.875, 5.5, 7, 5.75], "texture": "#0"},
				"down": {"uv": [6.875, 5.625, 7, 5.75], "texture": "#0"}
			}
		},
		{
			"name": "Layer 3_38",
			"from": [6.75, 8.75, 7.9375],
			"to": [6.875, 9.125, 8.1875],
			"faces": {
				"north": {"uv": [6.875, 6.875, 6.75, 7.25], "texture": "#0"},
				"east": {"uv": [6.75, 6.875, 6.875, 7.25], "texture": "#0"},
				"south": {"uv": [6.75, 6.875, 6.875, 7.25], "texture": "#0"},
				"west": {"uv": [6.75, 6.875, 6.875, 7.25], "texture": "#0"},
				"up": {"uv": [6.75, 6.875, 6.875, 7], "texture": "#0"},
				"down": {"uv": [6.75, 7.125, 6.875, 7.25], "texture": "#0"}
			}
		},
		{
			"name": "Layer 3_39",
			"from": [6.875, 8.625, 7.9375],
			"to": [7, 8.75, 8.1875],
			"faces": {
				"north": {"uv": [7, 7.25, 6.875, 7.375], "texture": "#0"},
				"east": {"uv": [6.875, 7.25, 7, 7.375], "texture": "#0"},
				"south": {"uv": [6.875, 7.25, 7, 7.375], "texture": "#0"},
				"west": {"uv": [6.875, 7.25, 7, 7.375], "texture": "#0"},
				"up": {"uv": [6.875, 7.25, 7, 7.375], "texture": "#0"},
				"down": {"uv": [6.875, 7.25, 7, 7.375], "texture": "#0"}
			}
		},
		{
			"name": "Layer 4_0",
			"from": [7.75, 10.25, 7.9375],
			"to": [8.125, 10.375, 8.1875],
			"faces": {
				"north": {"uv": [8.125, 5.625, 7.75, 5.75], "texture": "#0"},
				"east": {"uv": [8, 5.625, 8.125, 5.75], "texture": "#0"},
				"south": {"uv": [7.75, 5.625, 8.125, 5.75], "texture": "#0"},
				"west": {"uv": [7.75, 5.625, 7.875, 5.75], "texture": "#0"}
			}
		},
		{
			"name": "Layer 4_1",
			"from": [7.75, 9.125, 7.9375],
			"to": [8.125, 10, 8.1875],
			"faces": {
				"north": {"uv": [8.125, 6, 7.75, 6.875], "texture": "#0"},
				"east": {"uv": [8, 6, 8.125, 6.875], "texture": "#0"},
				"south": {"uv": [7.75, 6, 8.125, 6.875], "texture": "#0"},
				"west": {"uv": [7.75, 6, 7.875, 6.875], "texture": "#0"}
			}
		},
		{
			"name": "Layer 4_2",
			"from": [7.75, 7.25, 7.9375],
			"to": [8.125, 8.875, 8.1875],
			"faces": {
				"north": {"uv": [8.125, 7.125, 7.75, 8.75], "texture": "#0"},
				"east": {"uv": [8, 7.125, 8.125, 8.75], "texture": "#0"},
				"south": {"uv": [7.75, 7.125, 8.125, 8.75], "texture": "#0"},
				"west": {"uv": [7.75, 7.125, 7.875, 8.75], "texture": "#0"}
			}
		},
		{
			"name": "Layer 4_3",
			"from": [7.75, 5.25, 7.9375],
			"to": [8.125, 7, 8.1875],
			"faces": {
				"north": {"uv": [8.125, 9, 7.75, 10.75], "texture": "#0"},
				"east": {"uv": [8, 9, 8.125, 10.75], "texture": "#0"},
				"south": {"uv": [7.75, 9, 8.125, 10.75], "texture": "#0"},
				"west": {"uv": [7.75, 9, 7.875, 10.75], "texture": "#0"}
			}
		},
		{
			"name": "Layer 4_4",
			"from": [7.75, 4.875, 7.9375],
			"to": [8.125, 5, 8.1875],
			"faces": {
				"north": {"uv": [8.125, 11, 7.75, 11.125], "texture": "#0"},
				"east": {"uv": [8, 11, 8.125, 11.125], "texture": "#0"},
				"south": {"uv": [7.75, 11, 8.125, 11.125], "texture": "#0"},
				"west": {"uv": [7.75, 11, 7.875, 11.125], "texture": "#0"}
			}
		},
		{
			"name": "Layer 4_5",
			"from": [7.75, 4.5, 7.9375],
			"to": [8.125, 4.625, 8.1875],
			"faces": {
				"north": {"uv": [8.125, 11.375, 7.75, 11.5], "texture": "#0"},
				"east": {"uv": [8, 11.375, 8.125, 11.5], "texture": "#0"},
				"south": {"uv": [7.75, 11.375, 8.125, 11.5], "texture": "#0"},
				"west": {"uv": [7.75, 11.375, 7.875, 11.5], "texture": "#0"}
			}
		},
		{
			"name": "Layer 4_6",
			"from": [7.75, 3.75, 7.9375],
			"to": [8.125, 4.25, 8.1875],
			"faces": {
				"north": {"uv": [8.125, 11.75, 7.75, 12.25], "texture": "#0"},
				"east": {"uv": [8, 11.75, 8.125, 12.25], "texture": "#0"},
				"south": {"uv": [7.75, 11.75, 8.125, 12.25], "texture": "#0"},
				"west": {"uv": [7.75, 11.75, 7.875, 12.25], "texture": "#0"},
				"down": {"uv": [7.75, 12.125, 8.125, 12.25], "texture": "#0"}
			}
		},
		{
			"name": "Layer 4_7",
			"from": [7.875, 3.5, 7.9375],
			"to": [8.125, 3.75, 8.1875],
			"faces": {
				"north": {"uv": [8.125, 12.25, 7.875, 12.5], "texture": "#0"},
				"east": {"uv": [8, 12.25, 8.125, 12.5], "texture": "#0"},
				"south": {"uv": [7.875, 12.25, 8.125, 12.5], "texture": "#0"},
				"west": {"uv": [7.875, 12.25, 8, 12.5], "texture": "#0"},
				"down": {"uv": [7.875, 12.375, 8.125, 12.5], "texture": "#0"}
			}
		},
		{
			"name": "Layer 4_8",
			"from": [8, 3.25, 7.9375],
			"to": [8.125, 3.5, 8.1875],
			"faces": {
				"north": {"uv": [8.125, 12.5, 8, 12.75], "texture": "#0"},
				"east": {"uv": [8, 12.5, 8.125, 12.75], "texture": "#0"},
				"south": {"uv": [8, 12.5, 8.125, 12.75], "texture": "#0"},
				"west": {"uv": [8, 12.5, 8.125, 12.75], "texture": "#0"},
				"down": {"uv": [8, 12.625, 8.125, 12.75], "texture": "#0"}
			}
		}
	],
	"display": {
		"thirdperson_righthand": {
			"rotation": [0, -90, 0],
			"translation": [0.25, -2.25, 1],
			"scale": [3, 3, 3]
		},
		"thirdperson_lefthand": {
			"rotation": [0, 90, 0],
			"translation": [0.25, -2.25, 1],
			"scale": [3, 3, 3]
		},
		"firstperson_righthand": {
			"rotation": [1, -91, 0],
			"translation": [0, 3, 2.75],
			"scale": [1.25, 1.25, 1.25]
		},
		"firstperson_lefthand": {
			"rotation": [1, 91, 0],
			"translation": [0, 3, 2.75],
			"scale": [1.25, 1.25, 1.25]
		},
		"ground": {
			"translation": [0, 11.25, 0],
			"scale": [3, 3, 3]
		},
		"gui": {
			"rotation": [0, 0, -45],
			"translation": [0.5, -1, 0],
			"scale": [1.5, 1.5, 1.5]
		},
		"head": {
			"rotation": [180, 0, 45],
			"translation": [1.5, -12.75, 4.75],
			"scale": [3.5, 3.5, 3.5]
		},
		"fixed": {
			"rotation": [180, 0, 135],
			"translation": [-0.75, -0.75, 0],
			"scale": [2, 2, 2]
		}
	},
	"groups": [
		{
			"name": "Layer 1",
			"origin": [8, 8, 8],
			"color": 0,
			"children": [0, 1, 2, 3, 4, 5, 6, 7, 8, 9, 10, 11, 12, 13, 14, 15]
		},
		{
			"name": "Layer 2",
			"origin": [8, 8, 8],
			"color": 0,
			"children": [16, 17, 18, 19, 20, 21, 22, 23, 24, 25, 26, 27, 28, 29, 30, 31, 32, 33, 34, 35, 36, 37, 38, 39, 40, 41, 42, 43, 44, 45, 46]
		},
		{
			"name": "Layer 3",
			"origin": [8, 8, 8],
			"color": 0,
			"children": [47, 48, 49, 50, 51, 52, 53, 54, 55, 56, 57, 58, 59, 60, 61, 62, 63, 64, 65, 66, 67, 68, 69, 70, 71, 72, 73, 74, 75, 76, 77, 78, 79, 80, 81, 82, 83, 84, 85, 86]
		},
		{
			"name": "Layer 4",
			"origin": [8, 8, 8],
			"color": 0,
			"children": [87, 88, 89, 90, 91, 92, 93, 94, 95]
		}
	]
}