{
	"credit": "Made with Blockbench",
	"textures": {
		"particle": "item/heatblade"
	},
	"elements": [
		{
			"name": "Layer 1_11",
			"from": [7.75, 2.25, 7.9375],
			"to": [8.125, 4.375, 8.1875],
			"faces": {
				"north": {"uv": [8.125, 11.625, 7.75, 13.75], "texture": "#particle"},
				"east": {"uv": [8, 11.625, 8.125, 13.75], "texture": "#particle"},
				"south": {"uv": [7.75, 11.625, 8.125, 13.75], "texture": "#particle"},
				"west": {"uv": [7.75, 11.625, 7.875, 13.75], "texture": "#particle"}
			}
		},
		{
			"name": "Layer 1_12",
			"from": [7.625, 1.25, 7.875],
			"to": [7.75, 1.875, 8.25],
			"faces": {
				"north": {"uv": [7.75, 14.125, 7.625, 14.75], "texture": "#particle"},
				"east": {"uv": [7.625, 14.125, 7.75, 14.75], "texture": "#particle"},
				"south": {"uv": [7.625, 14.125, 7.75, 14.75], "texture": "#particle"},
				"west": {"uv": [7.625, 14.125, 7.75, 14.75], "texture": "#particle"},
				"up": {"uv": [7.625, 14.125, 7.75, 14.25], "texture": "#particle"},
				"down": {"uv": [7.625, 14.625, 7.75, 14.75], "texture": "#particle"}
			}
		},
		{
			"name": "Layer 1_13",
			"from": [8.125, 1.25, 7.875],
			"to": [8.25, 1.875, 8.25],
			"faces": {
				"north": {"uv": [8.25, 14.125, 8.125, 14.75], "texture": "#particle"},
				"east": {"uv": [8.125, 14.125, 8.25, 14.75], "texture": "#particle"},
				"south": {"uv": [8.125, 14.125, 8.25, 14.75], "texture": "#particle"},
				"west": {"uv": [8.125, 14.125, 8.25, 14.75], "texture": "#particle"},
				"up": {"uv": [8.125, 14.125, 8.25, 14.25], "texture": "#particle"},
				"down": {"uv": [8.125, 14.625, 8.25, 14.75], "texture": "#particle"}
			}
		},
		{
			"name": "Layer 1_14",
			"from": [7.5, 1.375, 7.875],
			"to": [7.625, 1.75, 8.25],
			"faces": {
				"north": {"uv": [7.625, 14.25, 7.5, 14.625], "texture": "#particle"},
				"south": {"uv": [7.5, 14.25, 7.625, 14.625], "texture": "#particle"},
				"west": {"uv": [7.5, 14.25, 7.625, 14.625], "texture": "#particle"},
				"up": {"uv": [7.5, 14.25, 7.625, 14.375], "texture": "#particle"},
				"down": {"uv": [7.5, 14.5, 7.625, 14.625], "texture": "#particle"}
			}
		},
		{
			"name": "Layer 1_15",
			"from": [7.75, 1.125, 7.875],
			"to": [8.125, 1.75, 8.25],
			"faces": {
				"north": {"uv": [8.125, 14.25, 7.75, 14.875], "texture": "#particle"},
				"east": {"uv": [8, 14.25, 8.125, 14.875], "texture": "#particle"},
				"south": {"uv": [7.75, 14.25, 8.125, 14.875], "texture": "#particle"},
				"west": {"uv": [7.75, 14.25, 7.875, 14.875], "texture": "#particle"},
				"up": {"uv": [7.75, 14.25, 8.125, 14.375], "texture": "#particle"},
				"down": {"uv": [7.75, 14.75, 8.125, 14.875], "texture": "#particle"}
			}
		},
		{
			"name": "Layer 1_16",
			"from": [8.25, 1.375, 7.875],
			"to": [8.375, 1.75, 8.25],
			"faces": {
				"north": {"uv": [8.375, 14.25, 8.25, 14.625], "texture": "#particle"},
				"east": {"uv": [8.25, 14.25, 8.375, 14.625], "texture": "#particle"},
				"south": {"uv": [8.25, 14.25, 8.375, 14.625], "texture": "#particle"},
				"up": {"uv": [8.25, 14.25, 8.375, 14.375], "texture": "#particle"},
				"down": {"uv": [8.25, 14.5, 8.375, 14.625], "texture": "#particle"}
			}
		},
		{
			"name": "Layer 1_17",
			"from": [7.375, 1.5, 7.875],
			"to": [7.5, 1.625, 8.25],
			"faces": {
				"north": {"uv": [7.5, 14.375, 7.375, 14.5], "texture": "#particle"},
				"south": {"uv": [7.375, 14.375, 7.5, 14.5], "texture": "#particle"},
				"west": {"uv": [7.375, 14.375, 7.5, 14.5], "texture": "#particle"},
				"up": {"uv": [7.375, 14.375, 7.5, 14.5], "texture": "#particle"},
				"down": {"uv": [7.375, 14.375, 7.5, 14.5], "texture": "#particle"}
			}
		},
		{
			"name": "Layer 1_18",
			"from": [8.375, 1.5, 7.875],
			"to": [8.5, 1.625, 8.25],
			"faces": {
				"north": {"uv": [8.5, 14.375, 8.375, 14.5], "texture": "#particle"},
				"east": {"uv": [8.375, 14.375, 8.5, 14.5], "texture": "#particle"},
				"south": {"uv": [8.375, 14.375, 8.5, 14.5], "texture": "#particle"},
				"up": {"uv": [8.375, 14.375, 8.5, 14.5], "texture": "#particle"},
				"down": {"uv": [8.375, 14.375, 8.5, 14.5], "texture": "#particle"}
			}
		},
		{
			"name": "Layer 1_19",
			"from": [7.875, 1, 7.875],
			"to": [8, 1.125, 8.25],
			"faces": {
				"north": {"uv": [8, 14.875, 7.875, 15], "texture": "#particle"},
				"east": {"uv": [7.875, 14.875, 8, 15], "texture": "#particle"},
				"south": {"uv": [7.875, 14.875, 8, 15], "texture": "#particle"},
				"west": {"uv": [7.875, 14.875, 8, 15], "texture": "#particle"},
				"down": {"uv": [7.875, 14.875, 8, 15], "texture": "#particle"}
			}
		},
		{
			"name": "Layer 2_0",
			"from": [8.625, 14.5, 8],
			"to": [9, 14.625, 8.125],
			"faces": {
				"north": {"uv": [9, 1.375, 8.625, 1.5], "texture": "#particle"},
				"east": {"uv": [8.875, 1.375, 9, 1.5], "texture": "#particle"},
				"south": {"uv": [8.625, 1.375, 9, 1.5], "texture": "#particle"},
				"west": {"uv": [8.625, 1.375, 8.75, 1.5], "texture": "#particle"},
				"up": {"uv": [8.625, 1.375, 9, 1.5], "texture": "#particle"},
				"down": {"uv": [8.625, 1.375, 9, 1.5], "texture": "#particle"}
			}
		},
		{
			"name": "Layer 2_1",
			"from": [8.375, 14.375, 8],
			"to": [8.625, 14.5, 8.125],
			"faces": {
				"north": {"uv": [8.625, 1.5, 8.375, 1.625], "texture": "#particle"},
				"south": {"uv": [8.375, 1.5, 8.625, 1.625], "texture": "#particle"},
				"west": {"uv": [8.375, 1.5, 8.5, 1.625], "texture": "#particle"},
				"up": {"uv": [8.375, 1.5, 8.625, 1.625], "texture": "#particle"}
			}
		},
		{
			"name": "Layer 2_2",
			"from": [8.75, 14.25, 8],
			"to": [8.875, 14.5, 8.125],
			"faces": {
				"north": {"uv": [8.875, 1.5, 8.75, 1.75], "texture": "#particle"},
				"east": {"uv": [8.75, 1.5, 8.875, 1.75], "texture": "#particle"},
				"south": {"uv": [8.75, 1.5, 8.875, 1.75], "texture": "#particle"},
				"down": {"uv": [8.75, 1.625, 8.875, 1.75], "texture": "#particle"}
			}
		},
		{
			"name": "Layer 2_3",
			"from": [8.125, 14.25, 8],
			"to": [8.375, 14.375, 8.125],
			"faces": {
				"north": {"uv": [8.375, 1.625, 8.125, 1.75], "texture": "#particle"},
				"south": {"uv": [8.125, 1.625, 8.375, 1.75], "texture": "#particle"},
				"west": {"uv": [8.125, 1.625, 8.25, 1.75], "texture": "#particle"},
				"up": {"uv": [8.125, 1.625, 8.375, 1.75], "texture": "#particle"}
			}
		},
		{
			"name": "Layer 2_4",
			"from": [8, 14.125, 8],
			"to": [8.125, 14.25, 8.125],
			"faces": {
				"north": {"uv": [8.125, 1.75, 8, 1.875], "texture": "#particle"},
				"south": {"uv": [8, 1.75, 8.125, 1.875], "texture": "#particle"},
				"west": {"uv": [8, 1.75, 8.125, 1.875], "texture": "#particle"},
				"up": {"uv": [8, 1.75, 8.125, 1.875], "texture": "#particle"}
			}
		},
		{
			"name": "Layer 2_5",
			"from": [8.625, 14, 8],
			"to": [8.75, 14.25, 8.125],
			"faces": {
				"north": {"uv": [8.75, 1.75, 8.625, 2], "texture": "#particle"},
				"east": {"uv": [8.625, 1.75, 8.75, 2], "texture": "#particle"},
				"south": {"uv": [8.625, 1.75, 8.75, 2], "texture": "#particle"},
				"down": {"uv": [8.625, 1.875, 8.75, 2], "texture": "#particle"}
			}
		},
		{
			"name": "Layer 2_6",
			"from": [7.875, 14, 8],
			"to": [8, 14.125, 8.125],
			"faces": {
				"north": {"uv": [8, 1.875, 7.875, 2], "texture": "#particle"},
				"south": {"uv": [7.875, 1.875, 8, 2], "texture": "#particle"},
				"west": {"uv": [7.875, 1.875, 8, 2], "texture": "#particle"},
				"up": {"uv": [7.875, 1.875, 8, 2], "texture": "#particle"}
			}
		},
		{
			"name": "Layer 2_7",
			"from": [7.75, 13.75, 8],
			"to": [7.875, 14, 8.125],
			"faces": {
				"north": {"uv": [7.875, 2, 7.75, 2.25], "texture": "#particle"},
				"south": {"uv": [7.75, 2, 7.875, 2.25], "texture": "#particle"},
				"west": {"uv": [7.75, 2, 7.875, 2.25], "texture": "#particle"},
				"up": {"uv": [7.75, 2, 7.875, 2.125], "texture": "#particle"}
			}
		},
		{
			"name": "Layer 2_8",
			"from": [8.5, 13.625, 8],
			"to": [8.625, 14, 8.125],
			"faces": {
				"north": {"uv": [8.625, 2, 8.5, 2.375], "texture": "#particle"},
				"east": {"uv": [8.5, 2, 8.625, 2.375], "texture": "#particle"},
				"south": {"uv": [8.5, 2, 8.625, 2.375], "texture": "#particle"},
				"down": {"uv": [8.5, 2.25, 8.625, 2.375], "texture": "#particle"}
			}
		},
		{
			"name": "Layer 2_9",
			"from": [7.625, 13, 8],
			"to": [7.75, 13.75, 8.125],
			"faces": {
				"north": {"uv": [7.75, 2.25, 7.625, 3], "texture": "#particle"},
				"south": {"uv": [7.625, 2.25, 7.75, 3], "texture": "#particle"},
				"west": {"uv": [7.625, 2.25, 7.75, 3], "texture": "#particle"},
				"up": {"uv": [7.625, 2.25, 7.75, 2.375], "texture": "#particle"}
			}
		},
		{
			"name": "Layer 2_10",
			"from": [8.375, 12.875, 8],
			"to": [8.5, 13.625, 8.125],
			"faces": {
				"north": {"uv": [8.5, 2.375, 8.375, 3.125], "texture": "#particle"},
				"east": {"uv": [8.375, 2.375, 8.5, 3.125], "texture": "#particle"},
				"south": {"uv": [8.375, 2.375, 8.5, 3.125], "texture": "#particle"},
				"down": {"uv": [8.375, 3, 8.5, 3.125], "texture": "#particle"}
			}
		},
		{
			"name": "Layer 2_11",
			"from": [7.5, 12.75, 8],
			"to": [7.625, 13, 8.125],
			"faces": {
				"north": {"uv": [7.625, 3, 7.5, 3.25], "texture": "#particle"},
				"south": {"uv": [7.5, 3, 7.625, 3.25], "texture": "#particle"},
				"west": {"uv": [7.5, 3, 7.625, 3.25], "texture": "#particle"},
				"up": {"uv": [7.5, 3, 7.625, 3.125], "texture": "#particle"}
			}
		},
		{
			"name": "Layer 2_12",
			"from": [8.25, 9.75, 8],
			"to": [8.375, 12.875, 8.125],
			"faces": {
				"north": {"uv": [8.375, 3.125, 8.25, 6.25], "texture": "#particle"},
				"east": {"uv": [8.25, 3.125, 8.375, 6.25], "texture": "#particle"},
				"south": {"uv": [8.25, 3.125, 8.375, 6.25], "texture": "#particle"}
			}
		},
		{
			"name": "Layer 2_13",
			"from": [7.375, 12.5, 8],
			"to": [7.5, 12.75, 8.125],
			"faces": {
				"north": {"uv": [7.5, 3.25, 7.375, 3.5], "texture": "#particle"},
				"south": {"uv": [7.375, 3.25, 7.5, 3.5], "texture": "#particle"},
				"west": {"uv": [7.375, 3.25, 7.5, 3.5], "texture": "#particle"},
				"up": {"uv": [7.375, 3.25, 7.5, 3.375], "texture": "#particle"}
			}
		},
		{
			"name": "Layer 2_14",
			"from": [7.25, 12.375, 8],
			"to": [7.375, 12.5, 8.125],
			"faces": {
				"north": {"uv": [7.375, 3.5, 7.25, 3.625], "texture": "#particle"},
				"south": {"uv": [7.25, 3.5, 7.375, 3.625], "texture": "#particle"},
				"west": {"uv": [7.25, 3.5, 7.375, 3.625], "texture": "#particle"},
				"up": {"uv": [7.25, 3.5, 7.375, 3.625], "texture": "#particle"}
			}
		},
		{
			"name": "Layer 2_15",
			"from": [7.125, 12.25, 8],
			"to": [7.25, 12.375, 8.125],
			"faces": {
				"north": {"uv": [7.25, 3.625, 7.125, 3.75], "texture": "#particle"},
				"south": {"uv": [7.125, 3.625, 7.25, 3.75], "texture": "#particle"},
				"west": {"uv": [7.125, 3.625, 7.25, 3.75], "texture": "#particle"},
				"up": {"uv": [7.125, 3.625, 7.25, 3.75], "texture": "#particle"},
				"down": {"uv": [7.125, 3.625, 7.25, 3.75], "texture": "#particle"}
			}
		},
		{
			"name": "Layer 2_16",
			"from": [7.25, 12.125, 8],
			"to": [7.375, 12.25, 8.125],
			"faces": {
				"north": {"uv": [7.375, 3.75, 7.25, 3.875], "texture": "#particle"},
				"south": {"uv": [7.25, 3.75, 7.375, 3.875], "texture": "#particle"},
				"west": {"uv": [7.25, 3.75, 7.375, 3.875], "texture": "#particle"},
				"down": {"uv": [7.25, 3.75, 7.375, 3.875], "texture": "#particle"}
			}
		},
		{
			"name": "Layer 2_17",
			"from": [7.375, 11.875, 8],
			"to": [7.5, 12.125, 8.125],
			"faces": {
				"north": {"uv": [7.5, 3.875, 7.375, 4.125], "texture": "#particle"},
				"south": {"uv": [7.375, 3.875, 7.5, 4.125], "texture": "#particle"},
				"west": {"uv": [7.375, 3.875, 7.5, 4.125], "texture": "#particle"},
				"down": {"uv": [7.375, 4, 7.5, 4.125], "texture": "#particle"}
			}
		},
		{
			"name": "Layer 2_18",
			"from": [7.5, 11.125, 8],
			"to": [7.625, 11.875, 8.125],
			"faces": {
				"north": {"uv": [7.625, 4.125, 7.5, 4.875], "texture": "#particle"},
				"south": {"uv": [7.5, 4.125, 7.625, 4.875], "texture": "#particle"},
				"west": {"uv": [7.5, 4.125, 7.625, 4.875], "texture": "#particle"},
				"down": {"uv": [7.5, 4.75, 7.625, 4.875], "texture": "#particle"}
			}
		},
		{
			"name": "Layer 2_19",
			"from": [7.625, 9.625, 8],
			"to": [7.75, 11.125, 8.125],
			"faces": {
				"north": {"uv": [7.75, 4.875, 7.625, 6.375], "texture": "#particle"},
				"south": {"uv": [7.625, 4.875, 7.75, 6.375], "texture": "#particle"},
				"west": {"uv": [7.625, 4.875, 7.75, 6.375], "texture": "#particle"}
			}
		},
		{
			"name": "Layer 2_20",
			"from": [8.375, 9.125, 8],
			"to": [8.5, 9.75, 8.125],
			"faces": {
				"north": {"uv": [8.5, 6.25, 8.375, 6.875], "texture": "#particle"},
				"east": {"uv": [8.375, 6.25, 8.5, 6.875], "texture": "#particle"},
				"south": {"uv": [8.375, 6.25, 8.5, 6.875], "texture": "#particle"},
				"up": {"uv": [8.375, 6.25, 8.5, 6.375], "texture": "#particle"}
			}
		},
		{
			"name": "Layer 2_21",
			"from": [7.5, 8.75, 8],
			"to": [7.625, 9.625, 8.125],
			"faces": {
				"north": {"uv": [7.625, 6.375, 7.5, 7.25], "texture": "#particle"},
				"south": {"uv": [7.5, 6.375, 7.625, 7.25], "texture": "#particle"},
				"west": {"uv": [7.5, 6.375, 7.625, 7.25], "texture": "#particle"},
				"up": {"uv": [7.5, 6.375, 7.625, 6.5], "texture": "#particle"}
			}
		},
		{
			"name": "Layer 2_22",
			"from": [8.5, 8.875, 8],
			"to": [8.625, 9.125, 8.125],
			"faces": {
				"north": {"uv": [8.625, 6.875, 8.5, 7.125], "texture": "#particle"},
				"east": {"uv": [8.5, 6.875, 8.625, 7.125], "texture": "#particle"},
				"south": {"uv": [8.5, 6.875, 8.625, 7.125], "texture": "#particle"},
				"up": {"uv": [8.5, 6.875, 8.625, 7], "texture": "#particle"}
			}
		},
		{
			"name": "Layer 2_23",
			"from": [8.625, 8.75, 8],
			"to": [8.75, 8.875, 8.125],
			"faces": {
				"north": {"uv": [8.75, 7.125, 8.625, 7.25], "texture": "#particle"},
				"east": {"uv": [8.625, 7.125, 8.75, 7.25], "texture": "#particle"},
				"south": {"uv": [8.625, 7.125, 8.75, 7.25], "texture": "#particle"},
				"up": {"uv": [8.625, 7.125, 8.75, 7.25], "texture": "#particle"}
			}
		},
		{
			"name": "Layer 2_24",
			"from": [7.375, 7.875, 8],
			"to": [7.5, 8.75, 8.125],
			"faces": {
				"north": {"uv": [7.5, 7.25, 7.375, 8.125], "texture": "#particle"},
				"south": {"uv": [7.375, 7.25, 7.5, 8.125], "texture": "#particle"},
				"west": {"uv": [7.375, 7.25, 7.5, 8.125], "texture": "#particle"},
				"up": {"uv": [7.375, 7.25, 7.5, 7.375], "texture": "#particle"}
			}
		},
		{
			"name": "Layer 2_25",
			"from": [8.75, 8.625, 8],
			"to": [8.875, 8.75, 8.125],
			"faces": {
				"north": {"uv": [8.875, 7.25, 8.75, 7.375], "texture": "#particle"},
				"east": {"uv": [8.75, 7.25, 8.875, 7.375], "texture": "#particle"},
				"south": {"uv": [8.75, 7.25, 8.875, 7.375], "texture": "#particle"},
				"up": {"uv": [8.75, 7.25, 8.875, 7.375], "texture": "#particle"},
				"down": {"uv": [8.75, 7.25, 8.875, 7.375], "texture": "#particle"}
			}
		},
		{
			"name": "Layer 2_26",
			"from": [8.625, 8.5, 8],
			"to": [8.75, 8.625, 8.125],
			"faces": {
				"north": {"uv": [8.75, 7.375, 8.625, 7.5], "texture": "#particle"},
				"east": {"uv": [8.625, 7.375, 8.75, 7.5], "texture": "#particle"},
				"south": {"uv": [8.625, 7.375, 8.75, 7.5], "texture": "#particle"},
				"down": {"uv": [8.625, 7.375, 8.75, 7.5], "texture": "#particle"}
			}
		},
		{
			"name": "Layer 2_27",
			"from": [8.5, 8.25, 8],
			"to": [8.625, 8.5, 8.125],
			"faces": {
				"north": {"uv": [8.625, 7.5, 8.5, 7.75], "texture": "#particle"},
				"east": {"uv": [8.5, 7.5, 8.625, 7.75], "texture": "#particle"},
				"south": {"uv": [8.5, 7.5, 8.625, 7.75], "texture": "#particle"},
				"down": {"uv": [8.5, 7.625, 8.625, 7.75], "texture": "#particle"}
			}
		},
		{
			"name": "Layer 2_28",
			"from": [8.375, 7.75, 8],
			"to": [8.5, 8.25, 8.125],
			"faces": {
				"north": {"uv": [8.5, 7.75, 8.375, 8.25], "texture": "#particle"},
				"east": {"uv": [8.375, 7.75, 8.5, 8.25], "texture": "#particle"},
				"south": {"uv": [8.375, 7.75, 8.5, 8.25], "texture": "#particle"},
				"down": {"uv": [8.375, 8.125, 8.5, 8.25], "texture": "#particle"}
			}
		},
		{
			"name": "Layer 2_29",
			"from": [7.25, 7.5, 8],
			"to": [7.375, 7.875, 8.125],
			"faces": {
				"north": {"uv": [7.375, 8.125, 7.25, 8.5], "texture": "#particle"},
				"south": {"uv": [7.25, 8.125, 7.375, 8.5], "texture": "#particle"},
				"west": {"uv": [7.25, 8.125, 7.375, 8.5], "texture": "#particle"},
				"up": {"uv": [7.25, 8.125, 7.375, 8.25], "texture": "#particle"}
			}
		},
		{
			"name": "Layer 2_30",
			"from": [8.25, 7.125, 8],
			"to": [8.375, 7.75, 8.125],
			"faces": {
				"north": {"uv": [8.375, 8.25, 8.25, 8.875], "texture": "#particle"},
				"east": {"uv": [8.25, 8.25, 8.375, 8.875], "texture": "#particle"},
				"south": {"uv": [8.25, 8.25, 8.375, 8.875], "texture": "#particle"}
			}
		},
		{
			"name": "Layer 2_31",
			"from": [7.125, 7.25, 8],
			"to": [7.25, 7.5, 8.125],
			"faces": {
				"north": {"uv": [7.25, 8.5, 7.125, 8.75], "texture": "#particle"},
				"south": {"uv": [7.125, 8.5, 7.25, 8.75], "texture": "#particle"},
				"west": {"uv": [7.125, 8.5, 7.25, 8.75], "texture": "#particle"},
				"up": {"uv": [7.125, 8.5, 7.25, 8.625], "texture": "#particle"}
			}
		},
		{
			"name": "Layer 2_32",
			"from": [7, 7.125, 8],
			"to": [7.125, 7.25, 8.125],
			"faces": {
				"north": {"uv": [7.125, 8.75, 7, 8.875], "texture": "#particle"},
				"south": {"uv": [7, 8.75, 7.125, 8.875], "texture": "#particle"},
				"west": {"uv": [7, 8.75, 7.125, 8.875], "texture": "#particle"},
				"up": {"uv": [7, 8.75, 7.125, 8.875], "texture": "#particle"}
			}
		},
		{
			"name": "Layer 2_33",
			"from": [6.875, 7, 8],
			"to": [7, 7.125, 8.125],
			"faces": {
				"north": {"uv": [7, 8.875, 6.875, 9], "texture": "#particle"},
				"south": {"uv": [6.875, 8.875, 7, 9], "texture": "#particle"},
				"west": {"uv": [6.875, 8.875, 7, 9], "texture": "#particle"},
				"up": {"uv": [6.875, 8.875, 7, 9], "texture": "#particle"},
				"down": {"uv": [6.875, 8.875, 7, 9], "texture": "#particle"}
			}
		},
		{
			"name": "Layer 2_34",
			"from": [8.375, 6.625, 8],
			"to": [8.5, 7.125, 8.125],
			"faces": {
				"north": {"uv": [8.5, 8.875, 8.375, 9.375], "texture": "#particle"},
				"east": {"uv": [8.375, 8.875, 8.5, 9.375], "texture": "#particle"},
				"south": {"uv": [8.375, 8.875, 8.5, 9.375], "texture": "#particle"},
				"up": {"uv": [8.375, 8.875, 8.5, 9], "texture": "#particle"}
			}
		},
		{
			"name": "Layer 2_35",
			"from": [7, 6.875, 8],
			"to": [7.125, 7, 8.125],
			"faces": {
				"north": {"uv": [7.125, 9, 7, 9.125], "texture": "#particle"},
				"south": {"uv": [7, 9, 7.125, 9.125], "texture": "#particle"},
				"west": {"uv": [7, 9, 7.125, 9.125], "texture": "#particle"},
				"down": {"uv": [7, 9, 7.125, 9.125], "texture": "#particle"}
			}
		},
		{
			"name": "Layer 2_36",
			"from": [7.125, 6.75, 8],
			"to": [7.25, 6.875, 8.125],
			"faces": {
				"north": {"uv": [7.25, 9.125, 7.125, 9.25], "texture": "#particle"},
				"south": {"uv": [7.125, 9.125, 7.25, 9.25], "texture": "#particle"},
				"west": {"uv": [7.125, 9.125, 7.25, 9.25], "texture": "#particle"},
				"down": {"uv": [7.125, 9.125, 7.25, 9.25], "texture": "#particle"}
			}
		},
		{
			"name": "Layer 2_37",
			"from": [7.25, 6.25, 8],
			"to": [7.375, 6.75, 8.125],
			"faces": {
				"north": {"uv": [7.375, 9.25, 7.25, 9.75], "texture": "#particle"},
				"south": {"uv": [7.25, 9.25, 7.375, 9.75], "texture": "#particle"},
				"west": {"uv": [7.25, 9.25, 7.375, 9.75], "texture": "#particle"}
			}
		},
		{
			"name": "Layer 2_38",
			"from": [8.5, 6.25, 8],
			"to": [8.625, 6.625, 8.125],
			"faces": {
				"north": {"uv": [8.625, 9.375, 8.5, 9.75], "texture": "#particle"},
				"east": {"uv": [8.5, 9.375, 8.625, 9.75], "texture": "#particle"},
				"south": {"uv": [8.5, 9.375, 8.625, 9.75], "texture": "#particle"},
				"up": {"uv": [8.5, 9.375, 8.625, 9.5], "texture": "#particle"}
			}
		},
		{
			"name": "Layer 2_39",
			"from": [7.125, 6.125, 8],
			"to": [7.25, 6.25, 8.125],
			"faces": {
				"north": {"uv": [7.25, 9.75, 7.125, 9.875], "texture": "#particle"},
				"south": {"uv": [7.125, 9.75, 7.25, 9.875], "texture": "#particle"},
				"west": {"uv": [7.125, 9.75, 7.25, 9.875], "texture": "#particle"},
				"up": {"uv": [7.125, 9.75, 7.25, 9.875], "texture": "#particle"}
			}
		},
		{
			"name": "Layer 2_40",
			"from": [8.625, 6.125, 8],
			"to": [8.75, 6.25, 8.125],
			"faces": {
				"north": {"uv": [8.75, 9.75, 8.625, 9.875], "texture": "#particle"},
				"east": {"uv": [8.625, 9.75, 8.75, 9.875], "texture": "#particle"},
				"south": {"uv": [8.625, 9.75, 8.75, 9.875], "texture": "#particle"},
				"up": {"uv": [8.625, 9.75, 8.75, 9.875], "texture": "#particle"}
			}
		},
		{
			"name": "Layer 2_41",
			"from": [7.375, 5.375, 8],
			"to": [7.5, 5.5, 8.125],
			"faces": {
				"north": {"uv": [7.5, 10.5, 7.375, 10.625], "texture": "#particle"},
				"south": {"uv": [7.375, 10.5, 7.5, 10.625], "texture": "#particle"},
				"west": {"uv": [7.375, 10.5, 7.5, 10.625], "texture": "#particle"},
				"down": {"uv": [7.375, 10.5, 7.5, 10.625], "texture": "#particle"}
			}
		},
		{
			"name": "Layer 2_42",
			"from": [8.375, 5.375, 8],
			"to": [8.5, 5.5, 8.125],
			"faces": {
				"north": {"uv": [8.5, 10.5, 8.375, 10.625], "texture": "#particle"},
				"east": {"uv": [8.375, 10.5, 8.5, 10.625], "texture": "#particle"},
				"south": {"uv": [8.375, 10.5, 8.5, 10.625], "texture": "#particle"},
				"down": {"uv": [8.375, 10.5, 8.5, 10.625], "texture": "#particle"}
			}
		},
		{
			"name": "Layer 2_43",
			"from": [7.5, 5.125, 8],
			"to": [7.625, 5.375, 8.125],
			"faces": {
				"north": {"uv": [7.625, 10.625, 7.5, 10.875], "texture": "#particle"},
				"south": {"uv": [7.5, 10.625, 7.625, 10.875], "texture": "#particle"},
				"west": {"uv": [7.5, 10.625, 7.625, 10.875], "texture": "#particle"},
				"down": {"uv": [7.5, 10.75, 7.625, 10.875], "texture": "#particle"}
			}
		},
		{
			"name": "Layer 2_44",
			"from": [8.25, 5.125, 8],
			"to": [8.375, 5.375, 8.125],
			"faces": {
				"north": {"uv": [8.375, 10.625, 8.25, 10.875], "texture": "#particle"},
				"east": {"uv": [8.25, 10.625, 8.375, 10.875], "texture": "#particle"},
				"south": {"uv": [8.25, 10.625, 8.375, 10.875], "texture": "#particle"},
				"down": {"uv": [8.25, 10.75, 8.375, 10.875], "texture": "#particle"}
			}
		},
		{
			"name": "Layer 3_0",
			"from": [8.625, 14.25, 7.9375],
			"to": [8.75, 14.5, 8.1875],
			"faces": {
				"north": {"uv": [8.75, 1.5, 8.625, 1.75], "texture": "#particle"},
				"east": {"uv": [8.625, 1.5, 8.75, 1.75], "texture": "#particle"},
				"south": {"uv": [8.625, 1.5, 8.75, 1.75], "texture": "#particle"},
				"west": {"uv": [8.625, 1.5, 8.75, 1.75], "texture": "#particle"},
				"up": {"uv": [8.625, 1.5, 8.75, 1.625], "texture": "#particle"},
				"down": {"uv": [8.625, 1.625, 8.75, 1.75], "texture": "#particle"}
			}
		},
		{
			"name": "Layer 3_1",
			"from": [8.375, 14, 7.9375],
			"to": [8.625, 14.375, 8.1875],
			"faces": {
				"north": {"uv": [8.625, 1.625, 8.375, 2], "texture": "#particle"},
				"east": {"uv": [8.5, 1.625, 8.625, 2], "texture": "#particle"},
				"south": {"uv": [8.375, 1.625, 8.625, 2], "texture": "#particle"},
				"west": {"uv": [8.375, 1.625, 8.5, 2], "texture": "#particle"},
				"up": {"uv": [8.375, 1.625, 8.625, 1.75], "texture": "#particle"},
				"down": {"uv": [8.375, 1.875, 8.625, 2], "texture": "#particle"}
			}
		},
		{
			"name": "Layer 3_2",
			"from": [8.125, 12.875, 7.9375],
			"to": [8.375, 14.25, 8.1875],
			"faces": {
				"north": {"uv": [8.375, 1.75, 8.125, 3.125], "texture": "#particle"},
				"east": {"uv": [8.25, 1.75, 8.375, 3.125], "texture": "#particle"},
				"south": {"uv": [8.125, 1.75, 8.375, 3.125], "texture": "#particle"},
				"west": {"uv": [8.125, 1.75, 8.25, 3.125], "texture": "#particle"},
				"up": {"uv": [8.125, 1.75, 8.375, 1.875], "texture": "#particle"},
				"down": {"uv": [8.125, 3, 8.375, 3.125], "texture": "#particle"}
			}
		},
		{
			"name": "Layer 3_3",
			"from": [8, 7.875, 7.9375],
			"to": [8.125, 14.125, 8.1875],
			"faces": {
				"north": {"uv": [8.125, 1.875, 8, 8.125], "texture": "#particle"},
				"south": {"uv": [8, 1.875, 8.125, 8.125], "texture": "#particle"},
				"west": {"uv": [8, 1.875, 8.125, 8.125], "texture": "#particle"},
				"up": {"uv": [8, 1.875, 8.125, 2], "texture": "#particle"}
			}
		},
		{
			"name": "Layer 3_4",
			"from": [7.875, 8.125, 7.9375],
			"to": [8, 14, 8.1875],
			"faces": {
				"north": {"uv": [8, 2, 7.875, 7.875], "texture": "#particle"},
				"south": {"uv": [7.875, 2, 8, 7.875], "texture": "#particle"},
				"west": {"uv": [7.875, 2, 8, 7.875], "texture": "#particle"},
				"up": {"uv": [7.875, 2, 8, 2.125], "texture": "#particle"}
			}
		},
		{
			"name": "Layer 3_5",
			"from": [8.375, 13.625, 7.9375],
			"to": [8.5, 14, 8.1875],
			"faces": {
				"north": {"uv": [8.5, 2, 8.375, 2.375], "texture": "#particle"},
				"east": {"uv": [8.375, 2, 8.5, 2.375], "texture": "#particle"},
				"south": {"uv": [8.375, 2, 8.5, 2.375], "texture": "#particle"},
				"down": {"uv": [8.375, 2.25, 8.5, 2.375], "texture": "#particle"}
			}
		},
		{
			"name": "Layer 3_6",
			"from": [7.75, 7.875, 7.9375],
			"to": [7.875, 13.75, 8.1875],
			"faces": {
				"north": {"uv": [7.875, 2.25, 7.75, 8.125], "texture": "#particle"},
				"south": {"uv": [7.75, 2.25, 7.875, 8.125], "texture": "#particle"},
				"west": {"uv": [7.75, 2.25, 7.875, 8.125], "texture": "#particle"},
				"up": {"uv": [7.75, 2.25, 7.875, 2.375], "texture": "#particle"}
			}
		},
		{
			"name": "Layer 3_7",
			"from": [7.625, 11.125, 7.9375],
			"to": [7.75, 13, 8.1875],
			"faces": {
				"north": {"uv": [7.75, 3, 7.625, 4.875], "texture": "#particle"},
				"south": {"uv": [7.625, 3, 7.75, 4.875], "texture": "#particle"},
				"west": {"uv": [7.625, 3, 7.75, 4.875], "texture": "#particle"},
				"up": {"uv": [7.625, 3, 7.75, 3.125], "texture": "#particle"},
				"down": {"uv": [7.625, 4.75, 7.75, 4.875], "texture": "#particle"}
			}
		},
		{
			"name": "Layer 3_8",
			"from": [8.125, 6.5, 7.9375],
			"to": [8.25, 12.875, 8.1875],
			"faces": {
				"north": {"uv": [8.25, 3.125, 8.125, 9.5], "texture": "#particle"},
				"east": {"uv": [8.125, 3.125, 8.25, 9.5], "texture": "#particle"},
				"south": {"uv": [8.125, 3.125, 8.25, 9.5], "texture": "#particle"}
			}
		},
		{
			"name": "Layer 3_9",
			"from": [7.5, 11.875, 7.9375],
			"to": [7.625, 12.75, 8.1875],
			"faces": {
				"north": {"uv": [7.625, 3.25, 7.5, 4.125], "texture": "#particle"},
				"south": {"uv": [7.5, 3.25, 7.625, 4.125], "texture": "#particle"},
				"west": {"uv": [7.5, 3.25, 7.625, 4.125], "texture": "#particle"},
				"up": {"uv": [7.5, 3.25, 7.625, 3.375], "texture": "#particle"},
				"down": {"uv": [7.5, 4, 7.625, 4.125], "texture": "#particle"}
			}
		},
		{
			"name": "Layer 3_10",
			"from": [7.375, 12.125, 7.9375],
			"to": [7.5, 12.5, 8.1875],
			"faces": {
				"north": {"uv": [7.5, 3.5, 7.375, 3.875], "texture": "#particle"},
				"south": {"uv": [7.375, 3.5, 7.5, 3.875], "texture": "#particle"},
				"west": {"uv": [7.375, 3.5, 7.5, 3.875], "texture": "#particle"},
				"up": {"uv": [7.375, 3.5, 7.5, 3.625], "texture": "#particle"},
				"down": {"uv": [7.375, 3.75, 7.5, 3.875], "texture": "#particle"}
			}
		},
		{
			"name": "Layer 3_11",
			"from": [7.25, 12.25, 7.9375],
			"to": [7.375, 12.375, 8.1875],
			"faces": {
				"north": {"uv": [7.375, 3.625, 7.25, 3.75], "texture": "#particle"},
				"south": {"uv": [7.25, 3.625, 7.375, 3.75], "texture": "#particle"},
				"west": {"uv": [7.25, 3.625, 7.375, 3.75], "texture": "#particle"},
				"up": {"uv": [7.25, 3.625, 7.375, 3.75], "texture": "#particle"},
				"down": {"uv": [7.25, 3.625, 7.375, 3.75], "texture": "#particle"}
			}
		},
		{
			"name": "Layer 3_12",
			"from": [8.25, 7.75, 7.9375],
			"to": [8.375, 9.75, 8.1875],
			"faces": {
				"north": {"uv": [8.375, 6.25, 8.25, 8.25], "texture": "#particle"},
				"east": {"uv": [8.25, 6.25, 8.375, 8.25], "texture": "#particle"},
				"south": {"uv": [8.25, 6.25, 8.375, 8.25], "texture": "#particle"},
				"up": {"uv": [8.25, 6.25, 8.375, 6.375], "texture": "#particle"},
				"down": {"uv": [8.25, 8.125, 8.375, 8.25], "texture": "#particle"}
			}
		},
		{
			"name": "Layer 3_13",
			"from": [7.625, 6.5, 7.9375],
			"to": [7.75, 9.625, 8.1875],
			"faces": {
				"north": {"uv": [7.75, 6.375, 7.625, 9.5], "texture": "#particle"},
				"south": {"uv": [7.625, 6.375, 7.75, 9.5], "texture": "#particle"},
				"west": {"uv": [7.625, 6.375, 7.75, 9.5], "texture": "#particle"},
				"up": {"uv": [7.625, 6.375, 7.75, 6.5], "texture": "#particle"}
			}
		},
		{
			"name": "Layer 3_14",
			"from": [8.375, 8.25, 7.9375],
			"to": [8.5, 9.125, 8.1875],
			"faces": {
				"north": {"uv": [8.5, 6.875, 8.375, 7.75], "texture": "#particle"},
				"east": {"uv": [8.375, 6.875, 8.5, 7.75], "texture": "#particle"},
				"south": {"uv": [8.375, 6.875, 8.5, 7.75], "texture": "#particle"},
				"up": {"uv": [8.375, 6.875, 8.5, 7], "texture": "#particle"},
				"down": {"uv": [8.375, 7.625, 8.5, 7.75], "texture": "#particle"}
			}
		},
		{
			"name": "Layer 3_15",
			"from": [8.5, 8.5, 7.9375],
			"to": [8.625, 8.875, 8.1875],
			"faces": {
				"north": {"uv": [8.625, 7.125, 8.5, 7.5], "texture": "#particle"},
				"east": {"uv": [8.5, 7.125, 8.625, 7.5], "texture": "#particle"},
				"south": {"uv": [8.5, 7.125, 8.625, 7.5], "texture": "#particle"},
				"up": {"uv": [8.5, 7.125, 8.625, 7.25], "texture": "#particle"},
				"down": {"uv": [8.5, 7.375, 8.625, 7.5], "texture": "#particle"}
			}
		},
		{
			"name": "Layer 3_16",
			"from": [7.5, 6.375, 7.9375],
			"to": [7.625, 8.75, 8.1875],
			"faces": {
				"north": {"uv": [7.625, 7.25, 7.5, 9.625], "texture": "#particle"},
				"south": {"uv": [7.5, 7.25, 7.625, 9.625], "texture": "#particle"},
				"west": {"uv": [7.5, 7.25, 7.625, 9.625], "texture": "#particle"},
				"up": {"uv": [7.5, 7.25, 7.625, 7.375], "texture": "#particle"}
			}
		},
		{
			"name": "Layer 3_17",
			"from": [8.625, 8.625, 7.9375],
			"to": [8.75, 8.75, 8.1875],
			"faces": {
				"north": {"uv": [8.75, 7.25, 8.625, 7.375], "texture": "#particle"},
				"east": {"uv": [8.625, 7.25, 8.75, 7.375], "texture": "#particle"},
				"south": {"uv": [8.625, 7.25, 8.75, 7.375], "texture": "#particle"},
				"up": {"uv": [8.625, 7.25, 8.75, 7.375], "texture": "#particle"},
				"down": {"uv": [8.625, 7.25, 8.75, 7.375], "texture": "#particle"}
			}
		},
		{
			"name": "Layer 3_18",
			"from": [7.375, 6.25, 7.9375],
			"to": [7.5, 7.875, 8.1875],
			"faces": {
				"north": {"uv": [7.5, 8.125, 7.375, 9.75], "texture": "#particle"},
				"south": {"uv": [7.375, 8.125, 7.5, 9.75], "texture": "#particle"},
				"west": {"uv": [7.375, 8.125, 7.5, 9.75], "texture": "#particle"},
				"up": {"uv": [7.375, 8.125, 7.5, 8.25], "texture": "#particle"}
			}
		},
		{
			"name": "Layer 3_19",
			"from": [7.25, 6.75, 7.9375],
			"to": [7.375, 7.5, 8.1875],
			"faces": {
				"north": {"uv": [7.375, 8.5, 7.25, 9.25], "texture": "#particle"},
				"south": {"uv": [7.25, 8.5, 7.375, 9.25], "texture": "#particle"},
				"west": {"uv": [7.25, 8.5, 7.375, 9.25], "texture": "#particle"},
				"up": {"uv": [7.25, 8.5, 7.375, 8.625], "texture": "#particle"},
				"down": {"uv": [7.25, 9.125, 7.375, 9.25], "texture": "#particle"}
			}
		},
		{
			"name": "Layer 3_20",
			"from": [7.125, 6.875, 7.9375],
			"to": [7.25, 7.25, 8.1875],
			"faces": {
				"north": {"uv": [7.25, 8.75, 7.125, 9.125], "texture": "#particle"},
				"south": {"uv": [7.125, 8.75, 7.25, 9.125], "texture": "#particle"},
				"west": {"uv": [7.125, 8.75, 7.25, 9.125], "texture": "#particle"},
				"up": {"uv": [7.125, 8.75, 7.25, 8.875], "texture": "#particle"},
				"down": {"uv": [7.125, 9, 7.25, 9.125], "texture": "#particle"}
			}
		},
		{
			"name": "Layer 3_21",
			"from": [7, 7, 7.9375],
			"to": [7.125, 7.125, 8.1875],
			"faces": {
				"north": {"uv": [7.125, 8.875, 7, 9], "texture": "#particle"},
				"south": {"uv": [7, 8.875, 7.125, 9], "texture": "#particle"},
				"west": {"uv": [7, 8.875, 7.125, 9], "texture": "#particle"},
				"up": {"uv": [7, 8.875, 7.125, 9], "texture": "#particle"},
				"down": {"uv": [7, 8.875, 7.125, 9], "texture": "#particle"}
			}
		},
		{
			"name": "Layer 3_22",
			"from": [8.25, 6.375, 7.9375],
			"to": [8.375, 7.125, 8.1875],
			"faces": {
				"north": {"uv": [8.375, 8.875, 8.25, 9.625], "texture": "#particle"},
				"east": {"uv": [8.25, 8.875, 8.375, 9.625], "texture": "#particle"},
				"south": {"uv": [8.25, 8.875, 8.375, 9.625], "texture": "#particle"},
				"up": {"uv": [8.25, 8.875, 8.375, 9], "texture": "#particle"}
			}
		},
		{
			"name": "Layer 3_23",
			"from": [8.375, 6.25, 7.9375],
			"to": [8.5, 6.625, 8.1875],
			"faces": {
				"north": {"uv": [8.5, 9.375, 8.375, 9.75], "texture": "#particle"},
				"east": {"uv": [8.375, 9.375, 8.5, 9.75], "texture": "#particle"},
				"south": {"uv": [8.375, 9.375, 8.5, 9.75], "texture": "#particle"},
				"up": {"uv": [8.375, 9.375, 8.5, 9.5], "texture": "#particle"}
			}
		},
		{
			"name": "Layer 3_24",
			"from": [7.25, 6.125, 7.9375],
			"to": [7.375, 6.25, 8.1875],
			"faces": {
				"north": {"uv": [7.375, 9.75, 7.25, 9.875], "texture": "#particle"},
				"south": {"uv": [7.25, 9.75, 7.375, 9.875], "texture": "#particle"},
				"west": {"uv": [7.25, 9.75, 7.375, 9.875], "texture": "#particle"},
				"up": {"uv": [7.25, 9.75, 7.375, 9.875], "texture": "#particle"}
			}
		},
		{
			"name": "Layer 3_25",
			"from": [8.5, 6.125, 7.9375],
			"to": [8.625, 6.25, 8.1875],
			"faces": {
				"north": {"uv": [8.625, 9.75, 8.5, 9.875], "texture": "#particle"},
				"east": {"uv": [8.5, 9.75, 8.625, 9.875], "texture": "#particle"},
				"south": {"uv": [8.5, 9.75, 8.625, 9.875], "texture": "#particle"},
				"up": {"uv": [8.5, 9.75, 8.625, 9.875], "texture": "#particle"}
			}
		},
		{
			"name": "Layer 4_0",
			"from": [7.875, 6.25, 7.875],
			"to": [8, 8.125, 8.25],
			"faces": {
				"north": {"uv": [8, 7.875, 7.875, 9.75], "texture": "#particle"},
				"east": {"uv": [7.875, 7.875, 8, 9.75], "texture": "#particle"},
				"south": {"uv": [7.875, 7.875, 8, 9.75], "texture": "#particle"},
				"west": {"uv": [7.875, 7.875, 8, 9.75], "texture": "#particle"},
				"up": {"uv": [7.875, 7.875, 8, 8], "texture": "#particle"},
				"down": {"uv": [7.875, 9.625, 8, 9.75], "texture": "#particle"}
			}
		},
		{
			"name": "Layer 4_1",
			"from": [7.75, 6.375, 7.875],
			"to": [7.875, 7.875, 8.25],
			"faces": {
				"north": {"uv": [7.875, 8.125, 7.75, 9.625], "texture": "#particle"},
				"south": {"uv": [7.75, 8.125, 7.875, 9.625], "texture": "#particle"},
				"west": {"uv": [7.75, 8.125, 7.875, 9.625], "texture": "#particle"},
				"up": {"uv": [7.75, 8.125, 7.875, 8.25], "texture": "#particle"}
			}
		},
		{
			"name": "Layer 4_2",
			"from": [8, 6.375, 7.875],
			"to": [8.125, 7.875, 8.25],
			"faces": {
				"north": {"uv": [8.125, 8.125, 8, 9.625], "texture": "#particle"},
				"east": {"uv": [8, 8.125, 8.125, 9.625], "texture": "#particle"},
				"south": {"uv": [8, 8.125, 8.125, 9.625], "texture": "#particle"},
				"up": {"uv": [8, 8.125, 8.125, 8.25], "texture": "#particle"}
			}
		},
		{
			"name": "Layer 4_3",
			"from": [6.375, 6.25, 7.9375],
			"to": [6.75, 6.375, 8.1875],
			"faces": {
				"north": {"uv": [6.75, 9.625, 6.375, 9.75], "texture": "#particle"},
				"east": {"uv": [6.625, 9.625, 6.75, 9.75], "texture": "#particle"},
				"south": {"uv": [6.375, 9.625, 6.75, 9.75], "texture": "#particle"},
				"west": {"uv": [6.375, 9.625, 6.5, 9.75], "texture": "#particle"},
				"up": {"uv": [6.375, 9.625, 6.75, 9.75], "texture": "#particle"},
				"down": {"uv": [6.375, 9.625, 6.75, 9.75], "texture": "#particle"}
			}
		},
		{
			"name": "Layer 4_4",
			"from": [9.125, 6, 7.9375],
			"to": [9.375, 6.375, 8.1875],
			"faces": {
				"north": {"uv": [9.375, 9.625, 9.125, 10], "texture": "#particle"},
				"east": {"uv": [9.25, 9.625, 9.375, 10], "texture": "#particle"},
				"south": {"uv": [9.125, 9.625, 9.375, 10], "texture": "#particle"},
				"west": {"uv": [9.125, 9.625, 9.25, 10], "texture": "#particle"},
				"up": {"uv": [9.125, 9.625, 9.375, 9.75], "texture": "#particle"},
				"down": {"uv": [9.125, 9.875, 9.375, 10], "texture": "#particle"}
			}
		},
		{
			"name": "Layer 4_5",
			"from": [9.375, 6.25, 7.9375],
			"to": [9.5, 6.375, 8.1875],
			"faces": {
				"north": {"uv": [9.5, 9.625, 9.375, 9.75], "texture": "#particle"},
				"east": {"uv": [9.375, 9.625, 9.5, 9.75], "texture": "#particle"},
				"south": {"uv": [9.375, 9.625, 9.5, 9.75], "texture": "#particle"},
				"up": {"uv": [9.375, 9.625, 9.5, 9.75], "texture": "#particle"},
				"down": {"uv": [9.375, 9.625, 9.5, 9.75], "texture": "#particle"}
			}
		},
		{
			"name": "Layer 4_6",
			"from": [6.5, 6, 7.9375],
			"to": [6.875, 6.25, 8.1875],
			"faces": {
				"north": {"uv": [6.875, 9.75, 6.5, 10], "texture": "#particle"},
				"east": {"uv": [6.75, 9.75, 6.875, 10], "texture": "#particle"},
				"south": {"uv": [6.5, 9.75, 6.875, 10], "texture": "#particle"},
				"west": {"uv": [6.5, 9.75, 6.625, 10], "texture": "#particle"},
				"up": {"uv": [6.5, 9.75, 6.875, 9.875], "texture": "#particle"},
				"down": {"uv": [6.5, 9.875, 6.875, 10], "texture": "#particle"}
			}
		},
		{
			"name": "Layer 4_7",
			"from": [9, 5.375, 7.9375],
			"to": [9.125, 6.25, 8.1875],
			"faces": {
				"north": {"uv": [9.125, 9.75, 9, 10.625], "texture": "#particle"},
				"south": {"uv": [9, 9.75, 9.125, 10.625], "texture": "#particle"},
				"west": {"uv": [9, 9.75, 9.125, 10.625], "texture": "#particle"},
				"up": {"uv": [9, 9.75, 9.125, 9.875], "texture": "#particle"},
				"down": {"uv": [9, 10.5, 9.125, 10.625], "texture": "#particle"}
			}
		},
		{
			"name": "Layer 4_8",
			"from": [6.875, 5.5, 7.9375],
			"to": [7.25, 6.125, 8.1875],
			"faces": {
				"north": {"uv": [7.25, 9.875, 6.875, 10.5], "texture": "#particle"},
				"south": {"uv": [6.875, 9.875, 7.25, 10.5], "texture": "#particle"},
				"up": {"uv": [6.875, 9.875, 7.25, 10], "texture": "#particle"},
				"down": {"uv": [6.875, 10.375, 7.25, 10.5], "texture": "#particle"}
			}
		},
		{
			"name": "Layer 4_9",
			"from": [8.625, 5.5, 7.9375],
			"to": [9, 6.125, 8.1875],
			"faces": {
				"north": {"uv": [9, 9.875, 8.625, 10.5], "texture": "#particle"},
				"south": {"uv": [8.625, 9.875, 9, 10.5], "texture": "#particle"},
				"up": {"uv": [8.625, 9.875, 9, 10], "texture": "#particle"},
				"down": {"uv": [8.625, 10.375, 9, 10.5], "texture": "#particle"}
			}
		},
		{
			"name": "Layer 4_10",
			"from": [6.625, 5.375, 7.9375],
			"to": [6.875, 6, 8.1875],
			"faces": {
				"north": {"uv": [6.875, 10, 6.625, 10.625], "texture": "#particle"},
				"east": {"uv": [6.75, 10, 6.875, 10.625], "texture": "#particle"},
				"south": {"uv": [6.625, 10, 6.875, 10.625], "texture": "#particle"},
				"west": {"uv": [6.625, 10, 6.75, 10.625], "texture": "#particle"},
				"down": {"uv": [6.625, 10.5, 6.875, 10.625], "texture": "#particle"}
			}
		},
		{
			"name": "Layer 4_11",
			"from": [9.125, 5.25, 7.9375],
			"to": [9.25, 6, 8.1875],
			"faces": {
				"north": {"uv": [9.25, 10, 9.125, 10.75], "texture": "#particle"},
				"east": {"uv": [9.125, 10, 9.25, 10.75], "texture": "#particle"},
				"south": {"uv": [9.125, 10, 9.25, 10.75], "texture": "#particle"},
				"west": {"uv": [9.125, 10, 9.25, 10.75], "texture": "#particle"},
				"down": {"uv": [9.125, 10.625, 9.25, 10.75], "texture": "#particle"}
			}
		},
		{
			"name": "Layer 4_12",
			"from": [7.25, 5.5, 7.9375],
			"to": [7.375, 5.875, 8.1875],
			"faces": {
				"north": {"uv": [7.375, 10.125, 7.25, 10.5], "texture": "#particle"},
				"south": {"uv": [7.25, 10.125, 7.375, 10.5], "texture": "#particle"},
				"down": {"uv": [7.25, 10.375, 7.375, 10.5], "texture": "#particle"}
			}
		},
		{
			"name": "Layer 4_13",
			"from": [8.5, 5.5, 7.9375],
			"to": [8.625, 5.875, 8.1875],
			"faces": {
				"north": {"uv": [8.625, 10.125, 8.5, 10.5], "texture": "#particle"},
				"south": {"uv": [8.5, 10.125, 8.625, 10.5], "texture": "#particle"},
				"down": {"uv": [8.5, 10.375, 8.625, 10.5], "texture": "#particle"}
			}
		},
		{
			"name": "Layer 4_14",
			"from": [6.5, 5.25, 7.9375],
			"to": [6.625, 5.625, 8.1875],
			"faces": {
				"north": {"uv": [6.625, 10.375, 6.5, 10.75], "texture": "#particle"},
				"south": {"uv": [6.5, 10.375, 6.625, 10.75], "texture": "#particle"},
				"west": {"uv": [6.5, 10.375, 6.625, 10.75], "texture": "#particle"},
				"up": {"uv": [6.5, 10.375, 6.625, 10.5], "texture": "#particle"},
				"down": {"uv": [6.5, 10.625, 6.625, 10.75], "texture": "#particle"}
			}
		},
		{
			"name": "Layer 4_15",
			"from": [9.25, 5.25, 7.9375],
			"to": [9.375, 5.625, 8.1875],
			"faces": {
				"north": {"uv": [9.375, 10.375, 9.25, 10.75], "texture": "#particle"},
				"east": {"uv": [9.25, 10.375, 9.375, 10.75], "texture": "#particle"},
				"south": {"uv": [9.25, 10.375, 9.375, 10.75], "texture": "#particle"},
				"up": {"uv": [9.25, 10.375, 9.375, 10.5], "texture": "#particle"},
				"down": {"uv": [9.25, 10.625, 9.375, 10.75], "texture": "#particle"}
			}
		},
		{
			"name": "Layer 4_16",
			"from": [6.375, 5.25, 7.9375],
			"to": [6.5, 5.375, 8.1875],
			"faces": {
				"north": {"uv": [6.5, 10.625, 6.375, 10.75], "texture": "#particle"},
				"south": {"uv": [6.375, 10.625, 6.5, 10.75], "texture": "#particle"},
				"west": {"uv": [6.375, 10.625, 6.5, 10.75], "texture": "#particle"},
				"up": {"uv": [6.375, 10.625, 6.5, 10.75], "texture": "#particle"},
				"down": {"uv": [6.375, 10.625, 6.5, 10.75], "texture": "#particle"}
			}
		},
		{
			"name": "Layer 4_17",
			"from": [6.625, 5.25, 7.9375],
			"to": [6.75, 5.375, 8.1875],
			"faces": {
				"north": {"uv": [6.75, 10.625, 6.625, 10.75], "texture": "#particle"},
				"east": {"uv": [6.625, 10.625, 6.75, 10.75], "texture": "#particle"},
				"south": {"uv": [6.625, 10.625, 6.75, 10.75], "texture": "#particle"},
				"down": {"uv": [6.625, 10.625, 6.75, 10.75], "texture": "#particle"}
			}
		},
		{
			"name": "Layer 4_18",
			"from": [7.875, 4.75, 7.9375],
			"to": [8, 5.375, 8.1875],
			"faces": {
				"north": {"uv": [8, 10.625, 7.875, 11.25], "texture": "#particle"},
				"south": {"uv": [7.875, 10.625, 8, 11.25], "texture": "#particle"}
			}
		},
		{
			"name": "Layer 4_19",
			"from": [9.375, 5.25, 7.9375],
			"to": [9.5, 5.375, 8.1875],
			"faces": {
				"north": {"uv": [9.5, 10.625, 9.375, 10.75], "texture": "#particle"},
				"east": {"uv": [9.375, 10.625, 9.5, 10.75], "texture": "#particle"},
				"south": {"uv": [9.375, 10.625, 9.5, 10.75], "texture": "#particle"},
				"up": {"uv": [9.375, 10.625, 9.5, 10.75], "texture": "#particle"},
				"down": {"uv": [9.375, 10.625, 9.5, 10.75], "texture": "#particle"}
			}
		},
		{
			"name": "Layer 4_20",
			"from": [7.625, 4.875, 7.9375],
			"to": [7.875, 5.25, 8.1875],
			"faces": {
				"north": {"uv": [7.875, 10.75, 7.625, 11.125], "texture": "#particle"},
				"south": {"uv": [7.625, 10.75, 7.875, 11.125], "texture": "#particle"},
				"west": {"uv": [7.625, 10.75, 7.75, 11.125], "texture": "#particle"},
				"down": {"uv": [7.625, 11, 7.875, 11.125], "texture": "#particle"}
			}
		},
		{
			"name": "Layer 4_21",
			"from": [8, 4.875, 7.9375],
			"to": [8.25, 5.25, 8.1875],
			"faces": {
				"north": {"uv": [8.25, 10.75, 8, 11.125], "texture": "#particle"},
				"east": {"uv": [8.125, 10.75, 8.25, 11.125], "texture": "#particle"},
				"south": {"uv": [8, 10.75, 8.25, 11.125], "texture": "#particle"},
				"down": {"uv": [8, 11, 8.25, 11.125], "texture": "#particle"}
			}
		},
		{
			"name": "Layer 4_22",
			"from": [7.75, 4.75, 7.9375],
			"to": [7.875, 4.875, 8.1875],
			"faces": {
				"north": {"uv": [7.875, 11.125, 7.75, 11.25], "texture": "#particle"},
				"south": {"uv": [7.75, 11.125, 7.875, 11.25], "texture": "#particle"},
				"west": {"uv": [7.75, 11.125, 7.875, 11.25], "texture": "#particle"}
			}
		},
		{
			"name": "Layer 4_23",
			"from": [8, 4.75, 7.9375],
			"to": [8.125, 4.875, 8.1875],
			"faces": {
				"north": {"uv": [8.125, 11.125, 8, 11.25], "texture": "#particle"},
				"east": {"uv": [8, 11.125, 8.125, 11.25], "texture": "#particle"},
				"south": {"uv": [8, 11.125, 8.125, 11.25], "texture": "#particle"}
			}
		},
		{
			"name": "Layer 4_24",
			"from": [7.625, 4.375, 7.875],
			"to": [8.25, 4.625, 8.25],
			"faces": {
				"north": {"uv": [8.25, 11.375, 7.625, 11.625], "texture": "#particle"},
				"east": {"uv": [8.125, 11.375, 8.25, 11.625], "texture": "#particle"},
				"south": {"uv": [7.625, 11.375, 8.25, 11.625], "texture": "#particle"},
				"west": {"uv": [7.625, 11.375, 7.75, 11.625], "texture": "#particle"},
				"up": {"uv": [7.625, 11.375, 8.25, 11.5], "texture": "#particle"},
				"down": {"uv": [7.625, 11.5, 8.25, 11.625], "texture": "#particle"}
			}
		},
		{
			"name": "Layer 4_25",
			"from": [7.625, 2, 7.875],
			"to": [8.25, 2.25, 8.25],
			"faces": {
				"north": {"uv": [8.25, 13.75, 7.625, 14], "texture": "#particle"},
				"east": {"uv": [8.125, 13.75, 8.25, 14], "texture": "#particle"},
				"south": {"uv": [7.625, 13.75, 8.25, 14], "texture": "#particle"},
				"west": {"uv": [7.625, 13.75, 7.75, 14], "texture": "#particle"},
				"up": {"uv": [7.625, 13.75, 8.25, 13.875], "texture": "#particle"},
				"down": {"uv": [7.625, 13.875, 8.25, 14], "texture": "#particle"}
			}
		},
		{
			"name": "Layer 4_26",
			"from": [7.625, 1, 7.9375],
			"to": [7.75, 1.25, 8.1875],
			"faces": {
				"north": {"uv": [7.75, 14.75, 7.625, 15], "texture": "#particle"},
				"south": {"uv": [7.625, 14.75, 7.75, 15], "texture": "#particle"},
				"west": {"uv": [7.625, 14.75, 7.75, 15], "texture": "#particle"},
				"down": {"uv": [7.625, 14.875, 7.75, 15], "texture": "#particle"}
			}
		},
		{
			"name": "Layer 4_27",
			"from": [8.125, 1, 7.9375],
			"to": [8.25, 1.25, 8.1875],
			"faces": {
				"north": {"uv": [8.25, 14.75, 8.125, 15], "texture": "#particle"},
				"east": {"uv": [8.125, 14.75, 8.25, 15], "texture": "#particle"},
				"south": {"uv": [8.125, 14.75, 8.25, 15], "texture": "#particle"},
				"down": {"uv": [8.125, 14.875, 8.25, 15], "texture": "#particle"}
			}
		},
		{
			"name": "Layer 4_28",
			"from": [7.75, 0.625, 7.9375],
			"to": [7.875, 1.125, 8.1875],
			"faces": {
				"north": {"uv": [7.875, 14.875, 7.75, 15.375], "texture": "#particle"},
				"south": {"uv": [7.75, 14.875, 7.875, 15.375], "texture": "#particle"},
				"west": {"uv": [7.75, 14.875, 7.875, 15.375], "texture": "#particle"},
				"down": {"uv": [7.75, 15.25, 7.875, 15.375], "texture": "#particle"}
			}
		},
		{
			"name": "Layer 4_29",
			"from": [8, 0.625, 7.9375],
			"to": [8.125, 1.125, 8.1875],
			"faces": {
				"north": {"uv": [8.125, 14.875, 8, 15.375], "texture": "#particle"},
				"east": {"uv": [8, 14.875, 8.125, 15.375], "texture": "#particle"},
				"south": {"uv": [8, 14.875, 8.125, 15.375], "texture": "#particle"},
				"down": {"uv": [8, 15.25, 8.125, 15.375], "texture": "#particle"}
			}
		},
		{
			"name": "Layer 4_30",
			"from": [7.875, 0.25, 7.9375],
			"to": [8, 1, 8.1875],
			"faces": {
				"north": {"uv": [8, 15, 7.875, 15.75], "texture": "#particle"},
				"east": {"uv": [7.875, 15, 8, 15.75], "texture": "#particle"},
				"south": {"uv": [7.875, 15, 8, 15.75], "texture": "#particle"},
				"west": {"uv": [7.875, 15, 8, 15.75], "texture": "#particle"},
				"down": {"uv": [7.875, 15.625, 8, 15.75], "texture": "#particle"}
			}
		},
		{
			"name": "Layer 5_0",
			"from": [7.75, 4.625, 7.9375],
			"to": [8.125, 4.75, 8.1875],
			"faces": {
				"north": {"uv": [8.125, 11.25, 7.75, 11.375], "texture": "#particle"},
				"east": {"uv": [8, 11.25, 8.125, 11.375], "texture": "#particle"},
				"south": {"uv": [7.75, 11.25, 8.125, 11.375], "texture": "#particle"},
				"west": {"uv": [7.75, 11.25, 7.875, 11.375], "texture": "#particle"}
			}
		},
		{
			"name": "Layer 5_1",
			"from": [7.75, 1.75, 7.9375],
			"to": [8.125, 2, 8.1875],
			"faces": {
				"north": {"uv": [8.125, 14, 7.75, 14.25], "texture": "#particle"},
				"east": {"uv": [8, 14, 8.125, 14.25], "texture": "#particle"},
				"south": {"uv": [7.75, 14, 8.125, 14.25], "texture": "#particle"},
				"west": {"uv": [7.75, 14, 7.875, 14.25], "texture": "#particle"}
			}
		},
		{
			"name": "Layer 1_0",
			"from": [7.625, 5.875, 7.875],
			"to": [7.75, 6.5, 8.25],
			"faces": {
				"north": {"uv": [7.75, 9.5, 7.625, 10.125], "texture": "#particle"},
				"east": {"uv": [7.625, 9.5, 7.75, 10.125], "texture": "#particle"},
				"south": {"uv": [7.625, 9.5, 7.75, 10.125], "texture": "#particle"},
				"west": {"uv": [7.625, 9.5, 7.75, 10.125], "texture": "#particle"},
				"up": {"uv": [7.625, 9.5, 7.75, 9.625], "texture": "#particle"},
				"down": {"uv": [7.625, 10, 7.75, 10.125], "texture": "#particle"}
			}
		},
		{
			"name": "Layer 1_2",
			"from": [8.125, 5.875, 7.875],
			"to": [8.25, 6.5, 8.25],
			"faces": {
				"north": {"uv": [8.25, 9.5, 8.125, 10.125], "texture": "#particle"},
				"east": {"uv": [8.125, 9.5, 8.25, 10.125], "texture": "#particle"},
				"south": {"uv": [8.125, 9.5, 8.25, 10.125], "texture": "#particle"},
				"west": {"uv": [8.125, 9.5, 8.25, 10.125], "texture": "#particle"},
				"up": {"uv": [8.125, 9.5, 8.25, 9.625], "texture": "#particle"},
				"down": {"uv": [8.125, 10, 8.25, 10.125], "texture": "#particle"}
			}
		},
		{
			"name": "Layer 1_3",
			"from": [7.5, 5.875, 7.875],
			"to": [7.625, 6.375, 8.25],
			"faces": {
				"north": {"uv": [7.625, 9.625, 7.5, 10.125], "texture": "#particle"},
				"south": {"uv": [7.5, 9.625, 7.625, 10.125], "texture": "#particle"},
				"west": {"uv": [7.5, 9.625, 7.625, 10.125], "texture": "#particle"},
				"up": {"uv": [7.5, 9.625, 7.625, 9.75], "texture": "#particle"},
				"down": {"uv": [7.5, 10, 7.625, 10.125], "texture": "#particle"}
			}
		},
		{
			"name": "Layer 1_4",
			"from": [7.75, 6, 7.875],
			"to": [7.875, 6.375, 8.25],
			"faces": {
				"north": {"uv": [7.875, 9.625, 7.75, 10], "texture": "#particle"},
				"east": {"uv": [7.75, 9.625, 7.875, 10], "texture": "#particle"},
				"south": {"uv": [7.75, 9.625, 7.875, 10], "texture": "#particle"},
				"down": {"uv": [7.75, 9.875, 7.875, 10], "texture": "#particle"}
			}
		},
		{
			"name": "Layer 1_5",
			"from": [8, 6, 7.875],
			"to": [8.125, 6.375, 8.25],
			"faces": {
				"north": {"uv": [8.125, 9.625, 8, 10], "texture": "#particle"},
				"south": {"uv": [8, 9.625, 8.125, 10], "texture": "#particle"},
				"west": {"uv": [8, 9.625, 8.125, 10], "texture": "#particle"},
				"down": {"uv": [8, 9.875, 8.125, 10], "texture": "#particle"}
			}
		},
		{
			"name": "Layer 1_6",
			"from": [8.25, 5.875, 7.875],
			"to": [8.375, 6.375, 8.25],
			"faces": {
				"north": {"uv": [8.375, 9.625, 8.25, 10.125], "texture": "#particle"},
				"east": {"uv": [8.25, 9.625, 8.375, 10.125], "texture": "#particle"},
				"south": {"uv": [8.25, 9.625, 8.375, 10.125], "texture": "#particle"},
				"up": {"uv": [8.25, 9.625, 8.375, 9.75], "texture": "#particle"},
				"down": {"uv": [8.25, 10, 8.375, 10.125], "texture": "#particle"}
			}
		},
		{
			"name": "Layer 1_7",
			"from": [7.375, 5.5, 7.875],
			"to": [7.5, 6.25, 8.25],
			"faces": {
				"north": {"uv": [7.5, 9.75, 7.375, 10.5], "texture": "#particle"},
				"east": {"uv": [7.375, 9.75, 7.5, 10.5], "texture": "#particle"},
				"south": {"uv": [7.375, 9.75, 7.5, 10.5], "texture": "#particle"},
				"west": {"uv": [7.375, 9.75, 7.5, 10.5], "texture": "#particle"},
				"up": {"uv": [7.375, 9.75, 7.5, 9.875], "texture": "#particle"},
				"down": {"uv": [7.375, 10.375, 7.5, 10.5], "texture": "#particle"}
			}
		},
		{
			"name": "Layer 1_8",
			"from": [8.375, 5.5, 7.875],
			"to": [8.5, 6.25, 8.25],
			"faces": {
				"north": {"uv": [8.5, 9.75, 8.375, 10.5], "texture": "#particle"},
				"east": {"uv": [8.375, 9.75, 8.5, 10.5], "texture": "#particle"},
				"south": {"uv": [8.375, 9.75, 8.5, 10.5], "texture": "#particle"},
				"west": {"uv": [8.375, 9.75, 8.5, 10.5], "texture": "#particle"},
				"up": {"uv": [8.375, 9.75, 8.5, 9.875], "texture": "#particle"},
				"down": {"uv": [8.375, 10.375, 8.5, 10.5], "texture": "#particle"}
			}
		},
		{
			"name": "Layer 1_9",
			"from": [7.25, 5.75, 7.875],
			"to": [7.375, 6.125, 8.25],
			"faces": {
				"north": {"uv": [7.375, 9.875, 7.25, 10.25], "texture": "#particle"},
				"south": {"uv": [7.25, 9.875, 7.375, 10.25], "texture": "#particle"},
				"west": {"uv": [7.25, 9.875, 7.375, 10.25], "texture": "#particle"},
				"up": {"uv": [7.25, 9.875, 7.375, 10], "texture": "#particle"},
				"down": {"uv": [7.25, 10.125, 7.375, 10.25], "texture": "#particle"}
			}
		},
		{
			"name": "Layer 1_10",
			"from": [8.5, 5.75, 7.875],
			"to": [8.625, 6.125, 8.25],
			"faces": {
				"north": {"uv": [8.625, 9.875, 8.5, 10.25], "texture": "#particle"},
				"east": {"uv": [8.5, 9.875, 8.625, 10.25], "texture": "#particle"},
				"south": {"uv": [8.5, 9.875, 8.625, 10.25], "texture": "#particle"},
				"up": {"uv": [8.5, 9.875, 8.625, 10], "texture": "#particle"},
				"down": {"uv": [8.5, 10.125, 8.625, 10.25], "texture": "#particle"}
			}
		},
		{
			"name": "Layer 1_11",
			"from": [7.5, 5.375, 7.875],
			"to": [7.75, 5.75, 8.25],
			"faces": {
				"north": {"uv": [7.75, 10.25, 7.5, 10.625], "texture": "#particle"},
				"east": {"uv": [7.625, 10.25, 7.75, 10.625], "texture": "#particle"},
				"south": {"uv": [7.5, 10.25, 7.75, 10.625], "texture": "#particle"},
				"west": {"uv": [7.5, 10.25, 7.625, 10.625], "texture": "#particle"},
				"up": {"uv": [7.5, 10.25, 7.75, 10.375], "texture": "#particle"},
				"down": {"uv": [7.5, 10.5, 7.75, 10.625], "texture": "#particle"}
			}
		},
		{
			"name": "Layer 1_12",
			"from": [8.125, 5.375, 7.875],
			"to": [8.375, 5.75, 8.25],
			"faces": {
				"north": {"uv": [8.375, 10.25, 8.125, 10.625], "texture": "#particle"},
				"east": {"uv": [8.25, 10.25, 8.375, 10.625], "texture": "#particle"},
				"south": {"uv": [8.125, 10.25, 8.375, 10.625], "texture": "#particle"},
				"west": {"uv": [8.125, 10.25, 8.25, 10.625], "texture": "#particle"},
				"up": {"uv": [8.125, 10.25, 8.375, 10.375], "texture": "#particle"},
				"down": {"uv": [8.125, 10.5, 8.375, 10.625], "texture": "#particle"}
			}
		},
		{
			"name": "Layer 1_13",
			"from": [7.75, 5.25, 7.875],
			"to": [7.875, 5.625, 8.25],
			"faces": {
				"north": {"uv": [7.875, 10.375, 7.75, 10.75], "texture": "#particle"},
				"east": {"uv": [7.75, 10.375, 7.875, 10.75], "texture": "#particle"},
				"south": {"uv": [7.75, 10.375, 7.875, 10.75], "texture": "#particle"},
				"up": {"uv": [7.75, 10.375, 7.875, 10.5], "texture": "#particle"},
				"down": {"uv": [7.75, 10.625, 7.875, 10.75], "texture": "#particle"}
			}
		},
		{
			"name": "Layer 1_14",
			"from": [8, 5.25, 7.875],
			"to": [8.125, 5.625, 8.25],
			"faces": {
				"north": {"uv": [8.125, 10.375, 8, 10.75], "texture": "#particle"},
				"south": {"uv": [8, 10.375, 8.125, 10.75], "texture": "#particle"},
				"west": {"uv": [8, 10.375, 8.125, 10.75], "texture": "#particle"},
				"up": {"uv": [8, 10.375, 8.125, 10.5], "texture": "#particle"},
				"down": {"uv": [8, 10.625, 8.125, 10.75], "texture": "#particle"}
			}
		},
		{
			"name": "Layer 1_15",
			"from": [7.625, 5.25, 7.875],
			"to": [7.75, 5.375, 8.25],
			"faces": {
				"north": {"uv": [7.75, 10.625, 7.625, 10.75], "texture": "#particle"},
				"south": {"uv": [7.625, 10.625, 7.75, 10.75], "texture": "#particle"},
				"west": {"uv": [7.625, 10.625, 7.75, 10.75], "texture": "#particle"},
				"down": {"uv": [7.625, 10.625, 7.75, 10.75], "texture": "#particle"}
			}
		},
		{
			"name": "Layer 1_16",
			"from": [7.875, 5.125, 7.875],
			"to": [8, 5.375, 8.25],
			"faces": {
				"north": {"uv": [8, 10.625, 7.875, 10.875], "texture": "#particle"},
				"east": {"uv": [7.875, 10.625, 8, 10.875], "texture": "#particle"},
				"south": {"uv": [7.875, 10.625, 8, 10.875], "texture": "#particle"},
				"west": {"uv": [7.875, 10.625, 8, 10.875], "texture": "#particle"},
				"up": {"uv": [7.875, 10.625, 8, 10.75], "texture": "#particle"},
				"down": {"uv": [7.875, 10.75, 8, 10.875], "texture": "#particle"}
			}
		},
		{
			"name": "Layer 1_17",
			"from": [8.125, 5.25, 7.875],
			"to": [8.25, 5.375, 8.25],
			"faces": {
				"north": {"uv": [8.25, 10.625, 8.125, 10.75], "texture": "#particle"},
				"east": {"uv": [8.125, 10.625, 8.25, 10.75], "texture": "#particle"},
				"south": {"uv": [8.125, 10.625, 8.25, 10.75], "texture": "#particle"},
				"down": {"uv": [8.125, 10.625, 8.25, 10.75], "texture": "#particle"}
			}
		},
		{
			"name": "Layer 2_0",
			"from": [7.875, 5.375, 7.9375],
			"to": [8, 6.25, 8.1875],
			"faces": {
				"north": {"uv": [8, 9.75, 7.875, 10.625], "texture": "#particle"},
				"south": {"uv": [7.875, 9.75, 8, 10.625], "texture": "#particle"}
			}
		},
		{
			"name": "Layer 2_1",
			"from": [7.75, 5.625, 7.9375],
			"to": [7.875, 6, 8.1875],
			"faces": {
				"north": {"uv": [7.875, 10, 7.75, 10.375], "texture": "#particle"},
				"south": {"uv": [7.75, 10, 7.875, 10.375], "texture": "#particle"}
			}
		},
		{
			"name": "Layer 2_2",
			"from": [8, 5.625, 7.9375],
			"to": [8.125, 6, 8.1875],
			"faces": {
				"north": {"uv": [8.125, 10, 8, 10.375], "texture": "#particle"},
				"south": {"uv": [8, 10, 8.125, 10.375], "texture": "#particle"}
			}
		},
		{
			"name": "Layer 2_3",
			"from": [7.5, 5.75, 7.9375],
			"to": [7.75, 5.875, 8.1875],
			"faces": {
				"north": {"uv": [7.75, 10.125, 7.5, 10.25], "texture": "#particle"},
				"south": {"uv": [7.5, 10.125, 7.75, 10.25], "texture": "#particle"}
			}
		},
		{
			"name": "Layer 2_4",
			"from": [8.125, 5.75, 7.9375],
			"to": [8.375, 5.875, 8.1875],
			"faces": {
				"north": {"uv": [8.375, 10.125, 8.125, 10.25], "texture": "#particle"},
				"south": {"uv": [8.125, 10.125, 8.375, 10.25], "texture": "#particle"}
			}
		}
	],
	"display": {
		"thirdperson_righthand": {
			"rotation": [0, -90, 0],
			"translation": [0.25, 9.25, 1],
			"scale": [3, 3, 3]
		},
		"thirdperson_lefthand": {
			"rotation": [0, 90, 0],
			"translation": [0.25, 9.25, 1],
			"scale": [3, 3, 3]
		},
		"firstperson_righthand": {
			"rotation": [1, -91, 0],
			"translation": [0, 5.25, 2.75],
			"scale": [1.25, 1.25, 1.25]
		},
		"firstperson_lefthand": {
			"rotation": [1, 91, 0],
			"translation": [0, 5.25, 2.75],
			"scale": [1.25, 1.25, 1.25]
		},
		"ground": {
			"translation": [0, 20.5, 0],
			"scale": [3, 3, 3]
		},
		"gui": {
			"rotation": [0, 0, -45],
			"translation": [0.25, 0.75, 0],
			"scale": [1.5, 1.5, 1.5]
		},
		"head": {
			"rotation": [180, 0, 45],
			"translation": [1.5, -14.75, 4.75],
			"scale": [3.5, 3.5, 3.5]
		},
		"fixed": {
			"rotation": [180, 0, 135],
			"translation": [-0.75, 1, 0],
			"scale": [2, 2, 2]
		}
	},
	"groups": [
		{
			"name": "Layer 1",
			"origin": [8, 8, 8],
			"color": 0,
			"children": [0, 1, 2, 3, 4, 5, 6, 7, 8]
		},
		{
			"name": "Layer 2",
			"origin": [8, 8, 8],
			"color": 0,
			"children": [9, 10, 11, 12, 13, 14, 15, 16, 17, 18, 19, 20, 21, 22, 23, 24, 25, 26, 27, 28, 29, 30, 31, 32, 33, 34, 35, 36, 37, 38, 39, 40, 41, 42, 43, 44, 45, 46, 47, 48, 49, 50, 51, 52, 53]
		},
		{
			"name": "Layer 3",
			"origin": [8, 8, 8],
			"color": 0,
			"children": [54, 55, 56, 57, 58, 59, 60, 61, 62, 63, 64, 65, 66, 67, 68, 69, 70, 71, 72, 73, 74, 75, 76, 77, 78, 79]
		},
		{
			"name": "Layer 4",
			"origin": [8, 8, 8],
			"color": 0,
			"children": [80, 81, 82, 83, 84, 85, 86, 87, 88, 89, 90, 91, 92, 93, 94, 95, 96, 97, 98, 99, 100, 101, 102, 103, 104, 105, 106, 107, 108, 109, 110]
		},
		{
			"name": "Layer 5",
			"origin": [8, 8, 8],
			"color": 0,
			"children": [111, 112]
		},
		{
			"name": "Layer 1",
			"origin": [8, 8, 8],
			"color": 0,
			"children": [113, 114, 115, 116, 117, 118, 119, 120, 121, 122, 123, 124, 125, 126, 127, 128, 129]
		},
		{
			"name": "Layer 2",
			"origin": [8, 8, 8],
			"color": 0,
			"children": [130, 131, 132, 133, 134]
		}
	]
}