{
	"credit": "Made with Blockbench",
	"textures": {
		"particle": "item/holy_spear"
	},
	"elements": [
		{
			"name": "Layer 1_0",
			"from": [8, 13.5, 7.9375],
			"to": [8.125, 15.375, 8.1875],
			"faces": {
				"north": {"uv": [8.125, 0.625, 8, 2.5], "texture": "#particle"},
				"east": {"uv": [8, 0.625, 8.125, 2.5], "texture": "#particle"},
				"south": {"uv": [8, 0.625, 8.125, 2.5], "texture": "#particle"},
				"west": {"uv": [8, 0.625, 8.125, 2.5], "texture": "#particle"},
				"up": {"uv": [8, 0.625, 8.125, 0.75], "texture": "#particle"}
			}
		},
		{
			"name": "Layer 1_1",
			"from": [7.875, 13.375, 7.9375],
			"to": [8, 14.625, 8.1875],
			"faces": {
				"north": {"uv": [8, 1.375, 7.875, 2.625], "texture": "#particle"},
				"south": {"uv": [7.875, 1.375, 8, 2.625], "texture": "#particle"},
				"west": {"uv": [7.875, 1.375, 8, 2.625], "texture": "#particle"},
				"up": {"uv": [7.875, 1.375, 8, 1.5], "texture": "#particle"}
			}
		},
		{
			"name": "Layer 1_2",
			"from": [8.125, 13.375, 7.9375],
			"to": [8.25, 14.625, 8.1875],
			"faces": {
				"north": {"uv": [8.25, 1.375, 8.125, 2.625], "texture": "#particle"},
				"east": {"uv": [8.125, 1.375, 8.25, 2.625], "texture": "#particle"},
				"south": {"uv": [8.125, 1.375, 8.25, 2.625], "texture": "#particle"},
				"up": {"uv": [8.125, 1.375, 8.25, 1.5], "texture": "#particle"}
			}
		},
		{
			"name": "Layer 1_3",
			"from": [7.75, 13.125, 7.9375],
			"to": [7.875, 14, 8.1875],
			"faces": {
				"north": {"uv": [7.875, 2, 7.75, 2.875], "texture": "#particle"},
				"south": {"uv": [7.75, 2, 7.875, 2.875], "texture": "#particle"},
				"west": {"uv": [7.75, 2, 7.875, 2.875], "texture": "#particle"},
				"up": {"uv": [7.75, 2, 7.875, 2.125], "texture": "#particle"}
			}
		},
		{
			"name": "Layer 1_4",
			"from": [8.25, 13.125, 7.9375],
			"to": [8.375, 14, 8.1875],
			"faces": {
				"north": {"uv": [8.375, 2, 8.25, 2.875], "texture": "#particle"},
				"east": {"uv": [8.25, 2, 8.375, 2.875], "texture": "#particle"},
				"south": {"uv": [8.25, 2, 8.375, 2.875], "texture": "#particle"},
				"up": {"uv": [8.25, 2, 8.375, 2.125], "texture": "#particle"}
			}
		},
		{
			"name": "Layer 1_5",
			"from": [7.625, 12.125, 7.9375],
			"to": [7.75, 13.5, 8.1875],
			"faces": {
				"north": {"uv": [7.75, 2.5, 7.625, 3.875], "texture": "#particle"},
				"south": {"uv": [7.625, 2.5, 7.75, 3.875], "texture": "#particle"},
				"west": {"uv": [7.625, 2.5, 7.75, 3.875], "texture": "#particle"},
				"up": {"uv": [7.625, 2.5, 7.75, 2.625], "texture": "#particle"},
				"down": {"uv": [7.625, 3.75, 7.75, 3.875], "texture": "#particle"}
			}
		},
		{
			"name": "Layer 1_6",
			"from": [8.375, 12.125, 7.9375],
			"to": [8.5, 13.5, 8.1875],
			"faces": {
				"north": {"uv": [8.5, 2.5, 8.375, 3.875], "texture": "#particle"},
				"east": {"uv": [8.375, 2.5, 8.5, 3.875], "texture": "#particle"},
				"south": {"uv": [8.375, 2.5, 8.5, 3.875], "texture": "#particle"},
				"up": {"uv": [8.375, 2.5, 8.5, 2.625], "texture": "#particle"},
				"down": {"uv": [8.375, 3.75, 8.5, 3.875], "texture": "#particle"}
			}
		},
		{
			"name": "Layer 1_7",
			"from": [7.5, 12.25, 7.9375],
			"to": [7.625, 13.125, 8.1875],
			"faces": {
				"north": {"uv": [7.625, 2.875, 7.5, 3.75], "texture": "#particle"},
				"south": {"uv": [7.5, 2.875, 7.625, 3.75], "texture": "#particle"},
				"west": {"uv": [7.5, 2.875, 7.625, 3.75], "texture": "#particle"},
				"up": {"uv": [7.5, 2.875, 7.625, 3], "texture": "#particle"},
				"down": {"uv": [7.5, 3.625, 7.625, 3.75], "texture": "#particle"}
			}
		},
		{
			"name": "Layer 1_8",
			"from": [8.5, 12.25, 7.9375],
			"to": [8.625, 13.125, 8.1875],
			"faces": {
				"north": {"uv": [8.625, 2.875, 8.5, 3.75], "texture": "#particle"},
				"east": {"uv": [8.5, 2.875, 8.625, 3.75], "texture": "#particle"},
				"south": {"uv": [8.5, 2.875, 8.625, 3.75], "texture": "#particle"},
				"up": {"uv": [8.5, 2.875, 8.625, 3], "texture": "#particle"},
				"down": {"uv": [8.5, 3.625, 8.625, 3.75], "texture": "#particle"}
			}
		},
		{
			"name": "Layer 1_9",
			"from": [7.75, 12.625, 7.9375],
			"to": [7.875, 13, 8.1875],
			"faces": {
				"north": {"uv": [7.875, 3, 7.75, 3.375], "texture": "#particle"},
				"south": {"uv": [7.75, 3, 7.875, 3.375], "texture": "#particle"}
			}
		},
		{
			"name": "Layer 1_10",
			"from": [8.25, 12.625, 7.9375],
			"to": [8.375, 13, 8.1875],
			"faces": {
				"north": {"uv": [8.375, 3, 8.25, 3.375], "texture": "#particle"},
				"south": {"uv": [8.25, 3, 8.375, 3.375], "texture": "#particle"}
			}
		},
		{
			"name": "Layer 1_11",
			"from": [7.375, 12.375, 7.9375],
			"to": [7.5, 12.875, 8.1875],
			"faces": {
				"north": {"uv": [7.5, 3.125, 7.375, 3.625], "texture": "#particle"},
				"south": {"uv": [7.375, 3.125, 7.5, 3.625], "texture": "#particle"},
				"west": {"uv": [7.375, 3.125, 7.5, 3.625], "texture": "#particle"},
				"up": {"uv": [7.375, 3.125, 7.5, 3.25], "texture": "#particle"},
				"down": {"uv": [7.375, 3.5, 7.5, 3.625], "texture": "#particle"}
			}
		},
		{
			"name": "Layer 1_12",
			"from": [8.625, 12.375, 7.9375],
			"to": [8.75, 12.875, 8.1875],
			"faces": {
				"north": {"uv": [8.75, 3.125, 8.625, 3.625], "texture": "#particle"},
				"east": {"uv": [8.625, 3.125, 8.75, 3.625], "texture": "#particle"},
				"south": {"uv": [8.625, 3.125, 8.75, 3.625], "texture": "#particle"},
				"up": {"uv": [8.625, 3.125, 8.75, 3.25], "texture": "#particle"},
				"down": {"uv": [8.625, 3.5, 8.75, 3.625], "texture": "#particle"}
			}
		},
		{
			"name": "Layer 1_13",
			"from": [7.25, 12.5, 7.9375],
			"to": [7.375, 12.75, 8.1875],
			"faces": {
				"north": {"uv": [7.375, 3.25, 7.25, 3.5], "texture": "#particle"},
				"south": {"uv": [7.25, 3.25, 7.375, 3.5], "texture": "#particle"},
				"west": {"uv": [7.25, 3.25, 7.375, 3.5], "texture": "#particle"},
				"up": {"uv": [7.25, 3.25, 7.375, 3.375], "texture": "#particle"},
				"down": {"uv": [7.25, 3.375, 7.375, 3.5], "texture": "#particle"}
			}
		},
		{
			"name": "Layer 1_14",
			"from": [8.75, 12.5, 7.9375],
			"to": [8.875, 12.75, 8.1875],
			"faces": {
				"north": {"uv": [8.875, 3.25, 8.75, 3.5], "texture": "#particle"},
				"east": {"uv": [8.75, 3.25, 8.875, 3.5], "texture": "#particle"},
				"south": {"uv": [8.75, 3.25, 8.875, 3.5], "texture": "#particle"},
				"up": {"uv": [8.75, 3.25, 8.875, 3.375], "texture": "#particle"},
				"down": {"uv": [8.75, 3.375, 8.875, 3.5], "texture": "#particle"}
			}
		},
		{
			"name": "Layer 1_15",
			"from": [7.75, 12.125, 7.9375],
			"to": [7.875, 12.5, 8.1875],
			"faces": {
				"north": {"uv": [7.875, 3.5, 7.75, 3.875], "texture": "#particle"},
				"south": {"uv": [7.75, 3.5, 7.875, 3.875], "texture": "#particle"}
			}
		},
		{
			"name": "Layer 1_16",
			"from": [8.25, 12.125, 7.9375],
			"to": [8.375, 12.5, 8.1875],
			"faces": {
				"north": {"uv": [8.375, 3.5, 8.25, 3.875], "texture": "#particle"},
				"south": {"uv": [8.25, 3.5, 8.375, 3.875], "texture": "#particle"}
			}
		},
		{
			"name": "Layer 1_17",
			"from": [7.875, 9.625, 7.9375],
			"to": [8.25, 9.75, 8.1875],
			"faces": {
				"north": {"uv": [8.25, 6.25, 7.875, 6.375], "texture": "#particle"},
				"east": {"uv": [8.125, 6.25, 8.25, 6.375], "texture": "#particle"},
				"south": {"uv": [7.875, 6.25, 8.25, 6.375], "texture": "#particle"},
				"west": {"uv": [7.875, 6.25, 8, 6.375], "texture": "#particle"}
			}
		},
		{
			"name": "Layer 1_18",
			"from": [7.875, 9.25, 7.9375],
			"to": [8.25, 9.375, 8.1875],
			"faces": {
				"north": {"uv": [8.25, 6.625, 7.875, 6.75], "texture": "#particle"},
				"east": {"uv": [8.125, 6.625, 8.25, 6.75], "texture": "#particle"},
				"south": {"uv": [7.875, 6.625, 8.25, 6.75], "texture": "#particle"},
				"west": {"uv": [7.875, 6.625, 8, 6.75], "texture": "#particle"}
			}
		},
		{
			"name": "Layer 1_19",
			"from": [7.875, 7.75, 7.9375],
			"to": [8.25, 9, 8.1875],
			"faces": {
				"north": {"uv": [8.25, 7, 7.875, 8.25], "texture": "#particle"},
				"east": {"uv": [8.125, 7, 8.25, 8.25], "texture": "#particle"},
				"south": {"uv": [7.875, 7, 8.25, 8.25], "texture": "#particle"},
				"west": {"uv": [7.875, 7, 8, 8.25], "texture": "#particle"}
			}
		},
		{
			"name": "Layer 1_20",
			"from": [7.875, 2.375, 7.9375],
			"to": [8.25, 5.375, 8.1875],
			"faces": {
				"north": {"uv": [8.25, 10.625, 7.875, 13.625], "texture": "#particle"},
				"east": {"uv": [8.125, 10.625, 8.25, 13.625], "texture": "#particle"},
				"south": {"uv": [7.875, 10.625, 8.25, 13.625], "texture": "#particle"},
				"west": {"uv": [7.875, 10.625, 8, 13.625], "texture": "#particle"}
			}
		},
		{
			"name": "Layer 3_0",
			"from": [8, 11.75, 7.875],
			"to": [8.125, 13.5, 8.25],
			"faces": {
				"north": {"uv": [8.125, 2.5, 8, 4.25], "texture": "#particle"},
				"east": {"uv": [8, 2.5, 8.125, 4.25], "texture": "#particle"},
				"south": {"uv": [8, 2.5, 8.125, 4.25], "texture": "#particle"},
				"west": {"uv": [8, 2.5, 8.125, 4.25], "texture": "#particle"},
				"up": {"uv": [8, 2.5, 8.125, 2.625], "texture": "#particle"},
				"down": {"uv": [8, 4.125, 8.125, 4.25], "texture": "#particle"}
			}
		},
		{
			"name": "Layer 3_1",
			"from": [7.875, 11.75, 7.875],
			"to": [8, 13.375, 8.25],
			"faces": {
				"north": {"uv": [8, 2.625, 7.875, 4.25], "texture": "#particle"},
				"south": {"uv": [7.875, 2.625, 8, 4.25], "texture": "#particle"},
				"west": {"uv": [7.875, 2.625, 8, 4.25], "texture": "#particle"},
				"up": {"uv": [7.875, 2.625, 8, 2.75], "texture": "#particle"},
				"down": {"uv": [7.875, 4.125, 8, 4.25], "texture": "#particle"}
			}
		},
		{
			"name": "Layer 3_2",
			"from": [8.125, 11.75, 7.875],
			"to": [8.25, 13.375, 8.25],
			"faces": {
				"north": {"uv": [8.25, 2.625, 8.125, 4.25], "texture": "#particle"},
				"east": {"uv": [8.125, 2.625, 8.25, 4.25], "texture": "#particle"},
				"south": {"uv": [8.125, 2.625, 8.25, 4.25], "texture": "#particle"},
				"up": {"uv": [8.125, 2.625, 8.25, 2.75], "texture": "#particle"},
				"down": {"uv": [8.125, 4.125, 8.25, 4.25], "texture": "#particle"}
			}
		},
		{
			"name": "Layer 3_3",
			"from": [7.75, 13, 7.875],
			"to": [7.875, 13.125, 8.25],
			"faces": {
				"north": {"uv": [7.875, 2.875, 7.75, 3], "texture": "#particle"},
				"south": {"uv": [7.75, 2.875, 7.875, 3], "texture": "#particle"},
				"west": {"uv": [7.75, 2.875, 7.875, 3], "texture": "#particle"},
				"up": {"uv": [7.75, 2.875, 7.875, 3], "texture": "#particle"},
				"down": {"uv": [7.75, 2.875, 7.875, 3], "texture": "#particle"}
			}
		},
		{
			"name": "Layer 3_4",
			"from": [8.25, 13, 7.875],
			"to": [8.375, 13.125, 8.25],
			"faces": {
				"north": {"uv": [8.375, 2.875, 8.25, 3], "texture": "#particle"},
				"east": {"uv": [8.25, 2.875, 8.375, 3], "texture": "#particle"},
				"south": {"uv": [8.25, 2.875, 8.375, 3], "texture": "#particle"},
				"up": {"uv": [8.25, 2.875, 8.375, 3], "texture": "#particle"},
				"down": {"uv": [8.25, 2.875, 8.375, 3], "texture": "#particle"}
			}
		},
		{
			"name": "Layer 3_5",
			"from": [6.625, 12.375, 7.9375],
			"to": [6.875, 12.625, 8.1875],
			"faces": {
				"north": {"uv": [6.875, 3.375, 6.625, 3.625], "texture": "#particle"},
				"east": {"uv": [6.75, 3.375, 6.875, 3.625], "texture": "#particle"},
				"south": {"uv": [6.625, 3.375, 6.875, 3.625], "texture": "#particle"},
				"west": {"uv": [6.625, 3.375, 6.75, 3.625], "texture": "#particle"},
				"up": {"uv": [6.625, 3.375, 6.875, 3.5], "texture": "#particle"},
				"down": {"uv": [6.625, 3.5, 6.875, 3.625], "texture": "#particle"}
			}
		},
		{
			"name": "Layer 3_6",
			"from": [7, 12.375, 7.9375],
			"to": [7.25, 12.625, 8.1875],
			"faces": {
				"north": {"uv": [7.25, 3.375, 7, 3.625], "texture": "#particle"},
				"east": {"uv": [7.125, 3.375, 7.25, 3.625], "texture": "#particle"},
				"south": {"uv": [7, 3.375, 7.25, 3.625], "texture": "#particle"},
				"west": {"uv": [7, 3.375, 7.125, 3.625], "texture": "#particle"},
				"up": {"uv": [7, 3.375, 7.25, 3.5], "texture": "#particle"},
				"down": {"uv": [7, 3.5, 7.25, 3.625], "texture": "#particle"}
			}
		},
		{
			"name": "Layer 3_7",
			"from": [7.75, 12.5, 7.875],
			"to": [7.875, 12.625, 8.25],
			"faces": {
				"north": {"uv": [7.875, 3.375, 7.75, 3.5], "texture": "#particle"},
				"south": {"uv": [7.75, 3.375, 7.875, 3.5], "texture": "#particle"},
				"west": {"uv": [7.75, 3.375, 7.875, 3.5], "texture": "#particle"},
				"up": {"uv": [7.75, 3.375, 7.875, 3.5], "texture": "#particle"},
				"down": {"uv": [7.75, 3.375, 7.875, 3.5], "texture": "#particle"}
			}
		},
		{
			"name": "Layer 3_8",
			"from": [8.25, 12.5, 7.875],
			"to": [8.375, 12.625, 8.25],
			"faces": {
				"north": {"uv": [8.375, 3.375, 8.25, 3.5], "texture": "#particle"},
				"east": {"uv": [8.25, 3.375, 8.375, 3.5], "texture": "#particle"},
				"south": {"uv": [8.25, 3.375, 8.375, 3.5], "texture": "#particle"},
				"up": {"uv": [8.25, 3.375, 8.375, 3.5], "texture": "#particle"},
				"down": {"uv": [8.25, 3.375, 8.375, 3.5], "texture": "#particle"}
			}
		},
		{
			"name": "Layer 3_9",
			"from": [8.875, 12.375, 7.9375],
			"to": [9.125, 12.625, 8.1875],
			"faces": {
				"north": {"uv": [9.125, 3.375, 8.875, 3.625], "texture": "#particle"},
				"east": {"uv": [9, 3.375, 9.125, 3.625], "texture": "#particle"},
				"south": {"uv": [8.875, 3.375, 9.125, 3.625], "texture": "#particle"},
				"west": {"uv": [8.875, 3.375, 9, 3.625], "texture": "#particle"},
				"up": {"uv": [8.875, 3.375, 9.125, 3.5], "texture": "#particle"},
				"down": {"uv": [8.875, 3.5, 9.125, 3.625], "texture": "#particle"}
			}
		},
		{
			"name": "Layer 3_10",
			"from": [9.25, 12.375, 7.9375],
			"to": [9.5, 12.625, 8.1875],
			"faces": {
				"north": {"uv": [9.5, 3.375, 9.25, 3.625], "texture": "#particle"},
				"east": {"uv": [9.375, 3.375, 9.5, 3.625], "texture": "#particle"},
				"south": {"uv": [9.25, 3.375, 9.5, 3.625], "texture": "#particle"},
				"west": {"uv": [9.25, 3.375, 9.375, 3.625], "texture": "#particle"},
				"up": {"uv": [9.25, 3.375, 9.5, 3.5], "texture": "#particle"},
				"down": {"uv": [9.25, 3.5, 9.5, 3.625], "texture": "#particle"}
			}
		},
		{
			"name": "Layer 3_11",
			"from": [6.875, 12.125, 7.9375],
			"to": [7, 12.5, 8.1875],
			"faces": {
				"north": {"uv": [7, 3.5, 6.875, 3.875], "texture": "#particle"},
				"south": {"uv": [6.875, 3.5, 7, 3.875], "texture": "#particle"},
				"up": {"uv": [6.875, 3.5, 7, 3.625], "texture": "#particle"},
				"down": {"uv": [6.875, 3.75, 7, 3.875], "texture": "#particle"}
			}
		},
		{
			"name": "Layer 3_12",
			"from": [9.125, 12.125, 7.9375],
			"to": [9.25, 12.5, 8.1875],
			"faces": {
				"north": {"uv": [9.25, 3.5, 9.125, 3.875], "texture": "#particle"},
				"south": {"uv": [9.125, 3.5, 9.25, 3.875], "texture": "#particle"},
				"up": {"uv": [9.125, 3.5, 9.25, 3.625], "texture": "#particle"},
				"down": {"uv": [9.125, 3.75, 9.25, 3.875], "texture": "#particle"}
			}
		},
		{
			"name": "Layer 3_13",
			"from": [6.75, 12, 7.9375],
			"to": [6.875, 12.375, 8.1875],
			"faces": {
				"north": {"uv": [6.875, 3.625, 6.75, 4], "texture": "#particle"},
				"east": {"uv": [6.75, 3.625, 6.875, 4], "texture": "#particle"},
				"south": {"uv": [6.75, 3.625, 6.875, 4], "texture": "#particle"},
				"west": {"uv": [6.75, 3.625, 6.875, 4], "texture": "#particle"},
				"down": {"uv": [6.75, 3.875, 6.875, 4], "texture": "#particle"}
			}
		},
		{
			"name": "Layer 3_14",
			"from": [7, 12, 7.9375],
			"to": [7.125, 12.375, 8.1875],
			"faces": {
				"north": {"uv": [7.125, 3.625, 7, 4], "texture": "#particle"},
				"east": {"uv": [7, 3.625, 7.125, 4], "texture": "#particle"},
				"south": {"uv": [7, 3.625, 7.125, 4], "texture": "#particle"},
				"west": {"uv": [7, 3.625, 7.125, 4], "texture": "#particle"},
				"down": {"uv": [7, 3.875, 7.125, 4], "texture": "#particle"}
			}
		},
		{
			"name": "Layer 3_15",
			"from": [9, 12, 7.9375],
			"to": [9.125, 12.375, 8.1875],
			"faces": {
				"north": {"uv": [9.125, 3.625, 9, 4], "texture": "#particle"},
				"east": {"uv": [9, 3.625, 9.125, 4], "texture": "#particle"},
				"south": {"uv": [9, 3.625, 9.125, 4], "texture": "#particle"},
				"west": {"uv": [9, 3.625, 9.125, 4], "texture": "#particle"},
				"down": {"uv": [9, 3.875, 9.125, 4], "texture": "#particle"}
			}
		},
		{
			"name": "Layer 3_16",
			"from": [9.25, 12, 7.9375],
			"to": [9.375, 12.375, 8.1875],
			"faces": {
				"north": {"uv": [9.375, 3.625, 9.25, 4], "texture": "#particle"},
				"east": {"uv": [9.25, 3.625, 9.375, 4], "texture": "#particle"},
				"south": {"uv": [9.25, 3.625, 9.375, 4], "texture": "#particle"},
				"west": {"uv": [9.25, 3.625, 9.375, 4], "texture": "#particle"},
				"down": {"uv": [9.25, 3.875, 9.375, 4], "texture": "#particle"}
			}
		},
		{
			"name": "Layer 3_17",
			"from": [6.625, 12, 7.9375],
			"to": [6.75, 12.25, 8.1875],
			"faces": {
				"north": {"uv": [6.75, 3.75, 6.625, 4], "texture": "#particle"},
				"south": {"uv": [6.625, 3.75, 6.75, 4], "texture": "#particle"},
				"west": {"uv": [6.625, 3.75, 6.75, 4], "texture": "#particle"},
				"up": {"uv": [6.625, 3.75, 6.75, 3.875], "texture": "#particle"},
				"down": {"uv": [6.625, 3.875, 6.75, 4], "texture": "#particle"}
			}
		},
		{
			"name": "Layer 3_18",
			"from": [7.125, 11.875, 7.9375],
			"to": [7.25, 12.25, 8.1875],
			"faces": {
				"north": {"uv": [7.25, 3.75, 7.125, 4.125], "texture": "#particle"},
				"east": {"uv": [7.125, 3.75, 7.25, 4.125], "texture": "#particle"},
				"south": {"uv": [7.125, 3.75, 7.25, 4.125], "texture": "#particle"},
				"west": {"uv": [7.125, 3.75, 7.25, 4.125], "texture": "#particle"},
				"up": {"uv": [7.125, 3.75, 7.25, 3.875], "texture": "#particle"},
				"down": {"uv": [7.125, 4, 7.25, 4.125], "texture": "#particle"}
			}
		},
		{
			"name": "Layer 3_19",
			"from": [8.875, 11.875, 7.9375],
			"to": [9, 12.25, 8.1875],
			"faces": {
				"north": {"uv": [9, 3.75, 8.875, 4.125], "texture": "#particle"},
				"east": {"uv": [8.875, 3.75, 9, 4.125], "texture": "#particle"},
				"south": {"uv": [8.875, 3.75, 9, 4.125], "texture": "#particle"},
				"west": {"uv": [8.875, 3.75, 9, 4.125], "texture": "#particle"},
				"up": {"uv": [8.875, 3.75, 9, 3.875], "texture": "#particle"},
				"down": {"uv": [8.875, 4, 9, 4.125], "texture": "#particle"}
			}
		},
		{
			"name": "Layer 3_20",
			"from": [9.375, 12, 7.9375],
			"to": [9.5, 12.25, 8.1875],
			"faces": {
				"north": {"uv": [9.5, 3.75, 9.375, 4], "texture": "#particle"},
				"east": {"uv": [9.375, 3.75, 9.5, 4], "texture": "#particle"},
				"south": {"uv": [9.375, 3.75, 9.5, 4], "texture": "#particle"},
				"up": {"uv": [9.375, 3.75, 9.5, 3.875], "texture": "#particle"},
				"down": {"uv": [9.375, 3.875, 9.5, 4], "texture": "#particle"}
			}
		},
		{
			"name": "Layer 3_21",
			"from": [7.25, 11.75, 7.9375],
			"to": [7.375, 12.125, 8.1875],
			"faces": {
				"north": {"uv": [7.375, 3.875, 7.25, 4.25], "texture": "#particle"},
				"east": {"uv": [7.25, 3.875, 7.375, 4.25], "texture": "#particle"},
				"south": {"uv": [7.25, 3.875, 7.375, 4.25], "texture": "#particle"},
				"west": {"uv": [7.25, 3.875, 7.375, 4.25], "texture": "#particle"},
				"up": {"uv": [7.25, 3.875, 7.375, 4], "texture": "#particle"},
				"down": {"uv": [7.25, 4.125, 7.375, 4.25], "texture": "#particle"}
			}
		},
		{
			"name": "Layer 3_22",
			"from": [7.75, 11.625, 7.875],
			"to": [7.875, 12.125, 8.25],
			"faces": {
				"north": {"uv": [7.875, 3.875, 7.75, 4.375], "texture": "#particle"},
				"east": {"uv": [7.75, 3.875, 7.875, 4.375], "texture": "#particle"},
				"south": {"uv": [7.75, 3.875, 7.875, 4.375], "texture": "#particle"},
				"west": {"uv": [7.75, 3.875, 7.875, 4.375], "texture": "#particle"},
				"up": {"uv": [7.75, 3.875, 7.875, 4], "texture": "#particle"},
				"down": {"uv": [7.75, 4.25, 7.875, 4.375], "texture": "#particle"}
			}
		},
		{
			"name": "Layer 3_23",
			"from": [8.25, 11.625, 7.875],
			"to": [8.375, 12.125, 8.25],
			"faces": {
				"north": {"uv": [8.375, 3.875, 8.25, 4.375], "texture": "#particle"},
				"east": {"uv": [8.25, 3.875, 8.375, 4.375], "texture": "#particle"},
				"south": {"uv": [8.25, 3.875, 8.375, 4.375], "texture": "#particle"},
				"west": {"uv": [8.25, 3.875, 8.375, 4.375], "texture": "#particle"},
				"up": {"uv": [8.25, 3.875, 8.375, 4], "texture": "#particle"},
				"down": {"uv": [8.25, 4.25, 8.375, 4.375], "texture": "#particle"}
			}
		},
		{
			"name": "Layer 3_24",
			"from": [8.75, 11.75, 7.9375],
			"to": [8.875, 12.125, 8.1875],
			"faces": {
				"north": {"uv": [8.875, 3.875, 8.75, 4.25], "texture": "#particle"},
				"east": {"uv": [8.75, 3.875, 8.875, 4.25], "texture": "#particle"},
				"south": {"uv": [8.75, 3.875, 8.875, 4.25], "texture": "#particle"},
				"west": {"uv": [8.75, 3.875, 8.875, 4.25], "texture": "#particle"},
				"up": {"uv": [8.75, 3.875, 8.875, 4], "texture": "#particle"},
				"down": {"uv": [8.75, 4.125, 8.875, 4.25], "texture": "#particle"}
			}
		},
		{
			"name": "Layer 3_25",
			"from": [7.375, 10.75, 7.9375],
			"to": [7.5, 12, 8.1875],
			"faces": {
				"north": {"uv": [7.5, 4, 7.375, 5.25], "texture": "#particle"},
				"east": {"uv": [7.375, 4, 7.5, 5.25], "texture": "#particle"},
				"south": {"uv": [7.375, 4, 7.5, 5.25], "texture": "#particle"},
				"west": {"uv": [7.375, 4, 7.5, 5.25], "texture": "#particle"},
				"up": {"uv": [7.375, 4, 7.5, 4.125], "texture": "#particle"},
				"down": {"uv": [7.375, 5.125, 7.5, 5.25], "texture": "#particle"}
			}
		},
		{
			"name": "Layer 3_26",
			"from": [7.625, 11.5, 7.875],
			"to": [7.75, 12, 8.25],
			"faces": {
				"north": {"uv": [7.75, 4, 7.625, 4.5], "texture": "#particle"},
				"east": {"uv": [7.625, 4, 7.75, 4.5], "texture": "#particle"},
				"south": {"uv": [7.625, 4, 7.75, 4.5], "texture": "#particle"},
				"west": {"uv": [7.625, 4, 7.75, 4.5], "texture": "#particle"},
				"up": {"uv": [7.625, 4, 7.75, 4.125], "texture": "#particle"},
				"down": {"uv": [7.625, 4.375, 7.75, 4.5], "texture": "#particle"}
			}
		},
		{
			"name": "Layer 3_27",
			"from": [8.375, 11.5, 7.875],
			"to": [8.5, 12, 8.25],
			"faces": {
				"north": {"uv": [8.5, 4, 8.375, 4.5], "texture": "#particle"},
				"east": {"uv": [8.375, 4, 8.5, 4.5], "texture": "#particle"},
				"south": {"uv": [8.375, 4, 8.5, 4.5], "texture": "#particle"},
				"west": {"uv": [8.375, 4, 8.5, 4.5], "texture": "#particle"},
				"up": {"uv": [8.375, 4, 8.5, 4.125], "texture": "#particle"},
				"down": {"uv": [8.375, 4.375, 8.5, 4.5], "texture": "#particle"}
			}
		},
		{
			"name": "Layer 3_28",
			"from": [8.625, 10.75, 7.9375],
			"to": [8.75, 12, 8.1875],
			"faces": {
				"north": {"uv": [8.75, 4, 8.625, 5.25], "texture": "#particle"},
				"east": {"uv": [8.625, 4, 8.75, 5.25], "texture": "#particle"},
				"south": {"uv": [8.625, 4, 8.75, 5.25], "texture": "#particle"},
				"west": {"uv": [8.625, 4, 8.75, 5.25], "texture": "#particle"},
				"up": {"uv": [8.625, 4, 8.75, 4.125], "texture": "#particle"},
				"down": {"uv": [8.625, 5.125, 8.75, 5.25], "texture": "#particle"}
			}
		},
		{
			"name": "Layer 3_29",
			"from": [7.5, 10.75, 7.9375],
			"to": [7.625, 11.875, 8.1875],
			"faces": {
				"north": {"uv": [7.625, 4.125, 7.5, 5.25], "texture": "#particle"},
				"east": {"uv": [7.5, 4.125, 7.625, 5.25], "texture": "#particle"},
				"south": {"uv": [7.5, 4.125, 7.625, 5.25], "texture": "#particle"},
				"up": {"uv": [7.5, 4.125, 7.625, 4.25], "texture": "#particle"},
				"down": {"uv": [7.5, 5.125, 7.625, 5.25], "texture": "#particle"}
			}
		},
		{
			"name": "Layer 3_30",
			"from": [8.5, 10.75, 7.9375],
			"to": [8.625, 11.875, 8.1875],
			"faces": {
				"north": {"uv": [8.625, 4.125, 8.5, 5.25], "texture": "#particle"},
				"south": {"uv": [8.5, 4.125, 8.625, 5.25], "texture": "#particle"},
				"west": {"uv": [8.5, 4.125, 8.625, 5.25], "texture": "#particle"},
				"up": {"uv": [8.5, 4.125, 8.625, 4.25], "texture": "#particle"},
				"down": {"uv": [8.5, 5.125, 8.625, 5.25], "texture": "#particle"}
			}
		},
		{
			"name": "Layer 3_31",
			"from": [6.25, 11.125, 7.9375],
			"to": [6.5, 11.625, 8.1875],
			"faces": {
				"north": {"uv": [6.5, 4.375, 6.25, 4.875], "texture": "#particle"},
				"east": {"uv": [6.375, 4.375, 6.5, 4.875], "texture": "#particle"},
				"south": {"uv": [6.25, 4.375, 6.5, 4.875], "texture": "#particle"},
				"west": {"uv": [6.25, 4.375, 6.375, 4.875], "texture": "#particle"},
				"up": {"uv": [6.25, 4.375, 6.5, 4.5], "texture": "#particle"},
				"down": {"uv": [6.25, 4.75, 6.5, 4.875], "texture": "#particle"}
			}
		},
		{
			"name": "Layer 3_32",
			"from": [7.25, 11.125, 7.9375],
			"to": [7.375, 11.625, 8.1875],
			"faces": {
				"north": {"uv": [7.375, 4.375, 7.25, 4.875], "texture": "#particle"},
				"south": {"uv": [7.25, 4.375, 7.375, 4.875], "texture": "#particle"},
				"west": {"uv": [7.25, 4.375, 7.375, 4.875], "texture": "#particle"},
				"up": {"uv": [7.25, 4.375, 7.375, 4.5], "texture": "#particle"},
				"down": {"uv": [7.25, 4.75, 7.375, 4.875], "texture": "#particle"}
			}
		},
		{
			"name": "Layer 3_33",
			"from": [8.75, 11.125, 7.9375],
			"to": [8.875, 11.625, 8.1875],
			"faces": {
				"north": {"uv": [8.875, 4.375, 8.75, 4.875], "texture": "#particle"},
				"east": {"uv": [8.75, 4.375, 8.875, 4.875], "texture": "#particle"},
				"south": {"uv": [8.75, 4.375, 8.875, 4.875], "texture": "#particle"},
				"up": {"uv": [8.75, 4.375, 8.875, 4.5], "texture": "#particle"},
				"down": {"uv": [8.75, 4.75, 8.875, 4.875], "texture": "#particle"}
			}
		},
		{
			"name": "Layer 3_34",
			"from": [9.625, 11.125, 7.9375],
			"to": [9.875, 11.625, 8.1875],
			"faces": {
				"north": {"uv": [9.875, 4.375, 9.625, 4.875], "texture": "#particle"},
				"east": {"uv": [9.75, 4.375, 9.875, 4.875], "texture": "#particle"},
				"south": {"uv": [9.625, 4.375, 9.875, 4.875], "texture": "#particle"},
				"west": {"uv": [9.625, 4.375, 9.75, 4.875], "texture": "#particle"},
				"up": {"uv": [9.625, 4.375, 9.875, 4.5], "texture": "#particle"},
				"down": {"uv": [9.625, 4.75, 9.875, 4.875], "texture": "#particle"}
			}
		},
		{
			"name": "Layer 3_35",
			"from": [6.125, 11.25, 7.9375],
			"to": [6.25, 11.5, 8.1875],
			"faces": {
				"north": {"uv": [6.25, 4.5, 6.125, 4.75], "texture": "#particle"},
				"south": {"uv": [6.125, 4.5, 6.25, 4.75], "texture": "#particle"},
				"west": {"uv": [6.125, 4.5, 6.25, 4.75], "texture": "#particle"},
				"up": {"uv": [6.125, 4.5, 6.25, 4.625], "texture": "#particle"},
				"down": {"uv": [6.125, 4.625, 6.25, 4.75], "texture": "#particle"}
			}
		},
		{
			"name": "Layer 3_36",
			"from": [6.5, 11.25, 7.9375],
			"to": [7.25, 11.5, 8.1875],
			"faces": {
				"north": {"uv": [7.25, 4.5, 6.5, 4.75], "texture": "#particle"},
				"south": {"uv": [6.5, 4.5, 7.25, 4.75], "texture": "#particle"},
				"up": {"uv": [6.5, 4.5, 7.25, 4.625], "texture": "#particle"},
				"down": {"uv": [6.5, 4.625, 7.25, 4.75], "texture": "#particle"}
			}
		},
		{
			"name": "Layer 3_37",
			"from": [8.875, 11.25, 7.9375],
			"to": [9.625, 11.5, 8.1875],
			"faces": {
				"north": {"uv": [9.625, 4.5, 8.875, 4.75], "texture": "#particle"},
				"south": {"uv": [8.875, 4.5, 9.625, 4.75], "texture": "#particle"},
				"up": {"uv": [8.875, 4.5, 9.625, 4.625], "texture": "#particle"},
				"down": {"uv": [8.875, 4.625, 9.625, 4.75], "texture": "#particle"}
			}
		},
		{
			"name": "Layer 3_38",
			"from": [9.875, 11.25, 7.9375],
			"to": [10, 11.5, 8.1875],
			"faces": {
				"north": {"uv": [10, 4.5, 9.875, 4.75], "texture": "#particle"},
				"east": {"uv": [9.875, 4.5, 10, 4.75], "texture": "#particle"},
				"south": {"uv": [9.875, 4.5, 10, 4.75], "texture": "#particle"},
				"up": {"uv": [9.875, 4.5, 10, 4.625], "texture": "#particle"},
				"down": {"uv": [9.875, 4.625, 10, 4.75], "texture": "#particle"}
			}
		},
		{
			"name": "Layer 3_39",
			"from": [7.625, 10.625, 7.875],
			"to": [7.75, 11.125, 8.25],
			"faces": {
				"north": {"uv": [7.75, 4.875, 7.625, 5.375], "texture": "#particle"},
				"east": {"uv": [7.625, 4.875, 7.75, 5.375], "texture": "#particle"},
				"south": {"uv": [7.625, 4.875, 7.75, 5.375], "texture": "#particle"},
				"west": {"uv": [7.625, 4.875, 7.75, 5.375], "texture": "#particle"},
				"up": {"uv": [7.625, 4.875, 7.75, 5], "texture": "#particle"},
				"down": {"uv": [7.625, 5.25, 7.75, 5.375], "texture": "#particle"}
			}
		},
		{
			"name": "Layer 3_40",
			"from": [8.375, 10.625, 7.875],
			"to": [8.5, 11.125, 8.25],
			"faces": {
				"north": {"uv": [8.5, 4.875, 8.375, 5.375], "texture": "#particle"},
				"east": {"uv": [8.375, 4.875, 8.5, 5.375], "texture": "#particle"},
				"south": {"uv": [8.375, 4.875, 8.5, 5.375], "texture": "#particle"},
				"west": {"uv": [8.375, 4.875, 8.5, 5.375], "texture": "#particle"},
				"up": {"uv": [8.375, 4.875, 8.5, 5], "texture": "#particle"},
				"down": {"uv": [8.375, 5.25, 8.5, 5.375], "texture": "#particle"}
			}
		},
		{
			"name": "Layer 3_41",
			"from": [7.25, 10.625, 7.9375],
			"to": [7.375, 11, 8.1875],
			"faces": {
				"north": {"uv": [7.375, 5, 7.25, 5.375], "texture": "#particle"},
				"east": {"uv": [7.25, 5, 7.375, 5.375], "texture": "#particle"},
				"south": {"uv": [7.25, 5, 7.375, 5.375], "texture": "#particle"},
				"west": {"uv": [7.25, 5, 7.375, 5.375], "texture": "#particle"},
				"up": {"uv": [7.25, 5, 7.375, 5.125], "texture": "#particle"},
				"down": {"uv": [7.25, 5.25, 7.375, 5.375], "texture": "#particle"}
			}
		},
		{
			"name": "Layer 3_42",
			"from": [7.75, 10.25, 7.875],
			"to": [7.875, 11, 8.25],
			"faces": {
				"north": {"uv": [7.875, 5, 7.75, 5.75], "texture": "#particle"},
				"east": {"uv": [7.75, 5, 7.875, 5.75], "texture": "#particle"},
				"south": {"uv": [7.75, 5, 7.875, 5.75], "texture": "#particle"},
				"west": {"uv": [7.75, 5, 7.875, 5.75], "texture": "#particle"},
				"up": {"uv": [7.75, 5, 7.875, 5.125], "texture": "#particle"},
				"down": {"uv": [7.75, 5.625, 7.875, 5.75], "texture": "#particle"}
			}
		},
		{
			"name": "Layer 3_43",
			"from": [8.25, 10.25, 7.875],
			"to": [8.375, 11, 8.25],
			"faces": {
				"north": {"uv": [8.375, 5, 8.25, 5.75], "texture": "#particle"},
				"east": {"uv": [8.25, 5, 8.375, 5.75], "texture": "#particle"},
				"south": {"uv": [8.25, 5, 8.375, 5.75], "texture": "#particle"},
				"west": {"uv": [8.25, 5, 8.375, 5.75], "texture": "#particle"},
				"up": {"uv": [8.25, 5, 8.375, 5.125], "texture": "#particle"},
				"down": {"uv": [8.25, 5.625, 8.375, 5.75], "texture": "#particle"}
			}
		},
		{
			"name": "Layer 3_44",
			"from": [8.75, 10.625, 7.9375],
			"to": [8.875, 11, 8.1875],
			"faces": {
				"north": {"uv": [8.875, 5, 8.75, 5.375], "texture": "#particle"},
				"east": {"uv": [8.75, 5, 8.875, 5.375], "texture": "#particle"},
				"south": {"uv": [8.75, 5, 8.875, 5.375], "texture": "#particle"},
				"west": {"uv": [8.75, 5, 8.875, 5.375], "texture": "#particle"},
				"up": {"uv": [8.75, 5, 8.875, 5.125], "texture": "#particle"},
				"down": {"uv": [8.75, 5.25, 8.875, 5.375], "texture": "#particle"}
			}
		},
		{
			"name": "Layer 3_45",
			"from": [7.125, 10.5, 7.9375],
			"to": [7.25, 10.875, 8.1875],
			"faces": {
				"north": {"uv": [7.25, 5.125, 7.125, 5.5], "texture": "#particle"},
				"east": {"uv": [7.125, 5.125, 7.25, 5.5], "texture": "#particle"},
				"south": {"uv": [7.125, 5.125, 7.25, 5.5], "texture": "#particle"},
				"west": {"uv": [7.125, 5.125, 7.25, 5.5], "texture": "#particle"},
				"up": {"uv": [7.125, 5.125, 7.25, 5.25], "texture": "#particle"},
				"down": {"uv": [7.125, 5.375, 7.25, 5.5], "texture": "#particle"}
			}
		},
		{
			"name": "Layer 3_46",
			"from": [7.875, 10, 7.875],
			"to": [8.25, 10.875, 8.25],
			"faces": {
				"north": {"uv": [8.25, 5.125, 7.875, 6], "texture": "#particle"},
				"east": {"uv": [8.125, 5.125, 8.25, 6], "texture": "#particle"},
				"south": {"uv": [7.875, 5.125, 8.25, 6], "texture": "#particle"},
				"west": {"uv": [7.875, 5.125, 8, 6], "texture": "#particle"},
				"up": {"uv": [7.875, 5.125, 8.25, 5.25], "texture": "#particle"}
			}
		},
		{
			"name": "Layer 3_47",
			"from": [8.875, 10.5, 7.9375],
			"to": [9, 10.875, 8.1875],
			"faces": {
				"north": {"uv": [9, 5.125, 8.875, 5.5], "texture": "#particle"},
				"east": {"uv": [8.875, 5.125, 9, 5.5], "texture": "#particle"},
				"south": {"uv": [8.875, 5.125, 9, 5.5], "texture": "#particle"},
				"west": {"uv": [8.875, 5.125, 9, 5.5], "texture": "#particle"},
				"up": {"uv": [8.875, 5.125, 9, 5.25], "texture": "#particle"},
				"down": {"uv": [8.875, 5.375, 9, 5.5], "texture": "#particle"}
			}
		},
		{
			"name": "Layer 3_48",
			"from": [6.625, 10.5, 7.9375],
			"to": [6.875, 10.75, 8.1875],
			"faces": {
				"north": {"uv": [6.875, 5.25, 6.625, 5.5], "texture": "#particle"},
				"east": {"uv": [6.75, 5.25, 6.875, 5.5], "texture": "#particle"},
				"south": {"uv": [6.625, 5.25, 6.875, 5.5], "texture": "#particle"},
				"west": {"uv": [6.625, 5.25, 6.75, 5.5], "texture": "#particle"},
				"up": {"uv": [6.625, 5.25, 6.875, 5.375], "texture": "#particle"},
				"down": {"uv": [6.625, 5.375, 6.875, 5.5], "texture": "#particle"}
			}
		},
		{
			"name": "Layer 3_49",
			"from": [7, 10.125, 7.9375],
			"to": [7.125, 10.75, 8.1875],
			"faces": {
				"north": {"uv": [7.125, 5.25, 7, 5.875], "texture": "#particle"},
				"east": {"uv": [7, 5.25, 7.125, 5.875], "texture": "#particle"},
				"south": {"uv": [7, 5.25, 7.125, 5.875], "texture": "#particle"},
				"west": {"uv": [7, 5.25, 7.125, 5.875], "texture": "#particle"},
				"up": {"uv": [7, 5.25, 7.125, 5.375], "texture": "#particle"},
				"down": {"uv": [7, 5.75, 7.125, 5.875], "texture": "#particle"}
			}
		},
		{
			"name": "Layer 3_50",
			"from": [9, 10.125, 7.9375],
			"to": [9.125, 10.75, 8.1875],
			"faces": {
				"north": {"uv": [9.125, 5.25, 9, 5.875], "texture": "#particle"},
				"east": {"uv": [9, 5.25, 9.125, 5.875], "texture": "#particle"},
				"south": {"uv": [9, 5.25, 9.125, 5.875], "texture": "#particle"},
				"west": {"uv": [9, 5.25, 9.125, 5.875], "texture": "#particle"},
				"up": {"uv": [9, 5.25, 9.125, 5.375], "texture": "#particle"},
				"down": {"uv": [9, 5.75, 9.125, 5.875], "texture": "#particle"}
			}
		},
		{
			"name": "Layer 3_51",
			"from": [9.25, 10.5, 7.9375],
			"to": [9.5, 10.75, 8.1875],
			"faces": {
				"north": {"uv": [9.5, 5.25, 9.25, 5.5], "texture": "#particle"},
				"east": {"uv": [9.375, 5.25, 9.5, 5.5], "texture": "#particle"},
				"south": {"uv": [9.25, 5.25, 9.5, 5.5], "texture": "#particle"},
				"west": {"uv": [9.25, 5.25, 9.375, 5.5], "texture": "#particle"},
				"up": {"uv": [9.25, 5.25, 9.5, 5.375], "texture": "#particle"},
				"down": {"uv": [9.25, 5.375, 9.5, 5.5], "texture": "#particle"}
			}
		},
		{
			"name": "Layer 3_52",
			"from": [6.875, 10.25, 7.9375],
			"to": [7, 10.625, 8.1875],
			"faces": {
				"north": {"uv": [7, 5.375, 6.875, 5.75], "texture": "#particle"},
				"south": {"uv": [6.875, 5.375, 7, 5.75], "texture": "#particle"},
				"up": {"uv": [6.875, 5.375, 7, 5.5], "texture": "#particle"},
				"down": {"uv": [6.875, 5.625, 7, 5.75], "texture": "#particle"}
			}
		},
		{
			"name": "Layer 3_53",
			"from": [9.125, 10.25, 7.9375],
			"to": [9.25, 10.625, 8.1875],
			"faces": {
				"north": {"uv": [9.25, 5.375, 9.125, 5.75], "texture": "#particle"},
				"south": {"uv": [9.125, 5.375, 9.25, 5.75], "texture": "#particle"},
				"up": {"uv": [9.125, 5.375, 9.25, 5.5], "texture": "#particle"},
				"down": {"uv": [9.125, 5.625, 9.25, 5.75], "texture": "#particle"}
			}
		},
		{
			"name": "Layer 3_54",
			"from": [6.75, 10.125, 7.9375],
			"to": [6.875, 10.5, 8.1875],
			"faces": {
				"north": {"uv": [6.875, 5.5, 6.75, 5.875], "texture": "#particle"},
				"east": {"uv": [6.75, 5.5, 6.875, 5.875], "texture": "#particle"},
				"south": {"uv": [6.75, 5.5, 6.875, 5.875], "texture": "#particle"},
				"west": {"uv": [6.75, 5.5, 6.875, 5.875], "texture": "#particle"},
				"down": {"uv": [6.75, 5.75, 6.875, 5.875], "texture": "#particle"}
			}
		},
		{
			"name": "Layer 3_55",
			"from": [9.25, 10.125, 7.9375],
			"to": [9.375, 10.5, 8.1875],
			"faces": {
				"north": {"uv": [9.375, 5.5, 9.25, 5.875], "texture": "#particle"},
				"east": {"uv": [9.25, 5.5, 9.375, 5.875], "texture": "#particle"},
				"south": {"uv": [9.25, 5.5, 9.375, 5.875], "texture": "#particle"},
				"west": {"uv": [9.25, 5.5, 9.375, 5.875], "texture": "#particle"},
				"down": {"uv": [9.25, 5.75, 9.375, 5.875], "texture": "#particle"}
			}
		},
		{
			"name": "Layer 3_56",
			"from": [6.625, 10.125, 7.9375],
			"to": [6.75, 10.375, 8.1875],
			"faces": {
				"north": {"uv": [6.75, 5.625, 6.625, 5.875], "texture": "#particle"},
				"south": {"uv": [6.625, 5.625, 6.75, 5.875], "texture": "#particle"},
				"west": {"uv": [6.625, 5.625, 6.75, 5.875], "texture": "#particle"},
				"up": {"uv": [6.625, 5.625, 6.75, 5.75], "texture": "#particle"},
				"down": {"uv": [6.625, 5.75, 6.75, 5.875], "texture": "#particle"}
			}
		},
		{
			"name": "Layer 3_57",
			"from": [7.125, 10.125, 7.9375],
			"to": [7.25, 10.375, 8.1875],
			"faces": {
				"north": {"uv": [7.25, 5.625, 7.125, 5.875], "texture": "#particle"},
				"east": {"uv": [7.125, 5.625, 7.25, 5.875], "texture": "#particle"},
				"south": {"uv": [7.125, 5.625, 7.25, 5.875], "texture": "#particle"},
				"up": {"uv": [7.125, 5.625, 7.25, 5.75], "texture": "#particle"},
				"down": {"uv": [7.125, 5.75, 7.25, 5.875], "texture": "#particle"}
			}
		},
		{
			"name": "Layer 3_58",
			"from": [8.875, 10.125, 7.9375],
			"to": [9, 10.375, 8.1875],
			"faces": {
				"north": {"uv": [9, 5.625, 8.875, 5.875], "texture": "#particle"},
				"south": {"uv": [8.875, 5.625, 9, 5.875], "texture": "#particle"},
				"west": {"uv": [8.875, 5.625, 9, 5.875], "texture": "#particle"},
				"up": {"uv": [8.875, 5.625, 9, 5.75], "texture": "#particle"},
				"down": {"uv": [8.875, 5.75, 9, 5.875], "texture": "#particle"}
			}
		},
		{
			"name": "Layer 3_59",
			"from": [9.375, 10.125, 7.9375],
			"to": [9.5, 10.375, 8.1875],
			"faces": {
				"north": {"uv": [9.5, 5.625, 9.375, 5.875], "texture": "#particle"},
				"east": {"uv": [9.375, 5.625, 9.5, 5.875], "texture": "#particle"},
				"south": {"uv": [9.375, 5.625, 9.5, 5.875], "texture": "#particle"},
				"up": {"uv": [9.375, 5.625, 9.5, 5.75], "texture": "#particle"},
				"down": {"uv": [9.375, 5.75, 9.5, 5.875], "texture": "#particle"}
			}
		},
		{
			"name": "Layer 3_60",
			"from": [7.875, 5.5, 7.9375],
			"to": [8.25, 7.625, 8.1875],
			"faces": {
				"north": {"uv": [8.25, 8.375, 7.875, 10.5], "texture": "#particle"},
				"east": {"uv": [8.125, 8.375, 8.25, 10.5], "texture": "#particle"},
				"south": {"uv": [7.875, 8.375, 8.25, 10.5], "texture": "#particle"},
				"west": {"uv": [7.875, 8.375, 8, 10.5], "texture": "#particle"}
			}
		},
		{
			"name": "Layer 3_61",
			"from": [7.875, 0, 7.875],
			"to": [8.25, 2.375, 8.25],
			"faces": {
				"north": {"uv": [8.25, 13.625, 7.875, 16], "texture": "#particle"},
				"east": {"uv": [8.125, 13.625, 8.25, 16], "texture": "#particle"},
				"south": {"uv": [7.875, 13.625, 8.25, 16], "texture": "#particle"},
				"west": {"uv": [7.875, 13.625, 8, 16], "texture": "#particle"},
				"up": {"uv": [7.875, 13.625, 8.25, 13.75], "texture": "#particle"},
				"down": {"uv": [7.875, 15.875, 8.25, 16], "texture": "#particle"}
			}
		},
		{
			"name": "Layer 3_62",
			"from": [7.75, 2, 7.875],
			"to": [7.875, 2.25, 8.25],
			"faces": {
				"north": {"uv": [7.875, 13.75, 7.75, 14], "texture": "#particle"},
				"south": {"uv": [7.75, 13.75, 7.875, 14], "texture": "#particle"},
				"west": {"uv": [7.75, 13.75, 7.875, 14], "texture": "#particle"},
				"up": {"uv": [7.75, 13.75, 7.875, 13.875], "texture": "#particle"},
				"down": {"uv": [7.75, 13.875, 7.875, 14], "texture": "#particle"}
			}
		},
		{
			"name": "Layer 3_63",
			"from": [8.25, 2, 7.875],
			"to": [8.375, 2.25, 8.25],
			"faces": {
				"north": {"uv": [8.375, 13.75, 8.25, 14], "texture": "#particle"},
				"east": {"uv": [8.25, 13.75, 8.375, 14], "texture": "#particle"},
				"south": {"uv": [8.25, 13.75, 8.375, 14], "texture": "#particle"},
				"up": {"uv": [8.25, 13.75, 8.375, 13.875], "texture": "#particle"},
				"down": {"uv": [8.25, 13.875, 8.375, 14], "texture": "#particle"}
			}
		},
		{
			"name": "Layer 3_64",
			"from": [7.375, 1.25, 7.875],
			"to": [7.5, 1.75, 8.25],
			"faces": {
				"north": {"uv": [7.5, 14.25, 7.375, 14.75], "texture": "#particle"},
				"east": {"uv": [7.375, 14.25, 7.5, 14.75], "texture": "#particle"},
				"south": {"uv": [7.375, 14.25, 7.5, 14.75], "texture": "#particle"},
				"west": {"uv": [7.375, 14.25, 7.5, 14.75], "texture": "#particle"},
				"up": {"uv": [7.375, 14.25, 7.5, 14.375], "texture": "#particle"},
				"down": {"uv": [7.375, 14.625, 7.5, 14.75], "texture": "#particle"}
			}
		},
		{
			"name": "Layer 3_65",
			"from": [8.625, 1.25, 7.875],
			"to": [8.75, 1.75, 8.25],
			"faces": {
				"north": {"uv": [8.75, 14.25, 8.625, 14.75], "texture": "#particle"},
				"east": {"uv": [8.625, 14.25, 8.75, 14.75], "texture": "#particle"},
				"south": {"uv": [8.625, 14.25, 8.75, 14.75], "texture": "#particle"},
				"west": {"uv": [8.625, 14.25, 8.75, 14.75], "texture": "#particle"},
				"up": {"uv": [8.625, 14.25, 8.75, 14.375], "texture": "#particle"},
				"down": {"uv": [8.625, 14.625, 8.75, 14.75], "texture": "#particle"}
			}
		},
		{
			"name": "Layer 3_66",
			"from": [7.25, 1.375, 7.875],
			"to": [7.375, 1.625, 8.25],
			"faces": {
				"north": {"uv": [7.375, 14.375, 7.25, 14.625], "texture": "#particle"},
				"south": {"uv": [7.25, 14.375, 7.375, 14.625], "texture": "#particle"},
				"west": {"uv": [7.25, 14.375, 7.375, 14.625], "texture": "#particle"},
				"up": {"uv": [7.25, 14.375, 7.375, 14.5], "texture": "#particle"},
				"down": {"uv": [7.25, 14.5, 7.375, 14.625], "texture": "#particle"}
			}
		},
		{
			"name": "Layer 3_67",
			"from": [7.5, 1.375, 7.875],
			"to": [7.875, 1.625, 8.25],
			"faces": {
				"north": {"uv": [7.875, 14.375, 7.5, 14.625], "texture": "#particle"},
				"south": {"uv": [7.5, 14.375, 7.875, 14.625], "texture": "#particle"},
				"up": {"uv": [7.5, 14.375, 7.875, 14.5], "texture": "#particle"},
				"down": {"uv": [7.5, 14.5, 7.875, 14.625], "texture": "#particle"}
			}
		},
		{
			"name": "Layer 3_68",
			"from": [8.25, 1.375, 7.875],
			"to": [8.625, 1.625, 8.25],
			"faces": {
				"north": {"uv": [8.625, 14.375, 8.25, 14.625], "texture": "#particle"},
				"south": {"uv": [8.25, 14.375, 8.625, 14.625], "texture": "#particle"},
				"up": {"uv": [8.25, 14.375, 8.625, 14.5], "texture": "#particle"},
				"down": {"uv": [8.25, 14.5, 8.625, 14.625], "texture": "#particle"}
			}
		},
		{
			"name": "Layer 3_69",
			"from": [8.75, 1.375, 7.875],
			"to": [8.875, 1.625, 8.25],
			"faces": {
				"north": {"uv": [8.875, 14.375, 8.75, 14.625], "texture": "#particle"},
				"east": {"uv": [8.75, 14.375, 8.875, 14.625], "texture": "#particle"},
				"south": {"uv": [8.75, 14.375, 8.875, 14.625], "texture": "#particle"},
				"up": {"uv": [8.75, 14.375, 8.875, 14.5], "texture": "#particle"},
				"down": {"uv": [8.75, 14.5, 8.875, 14.625], "texture": "#particle"}
			}
		},
		{
			"name": "Layer 3_70",
			"from": [7.75, 0.125, 7.875],
			"to": [7.875, 0.375, 8.25],
			"faces": {
				"north": {"uv": [7.875, 15.625, 7.75, 15.875], "texture": "#particle"},
				"south": {"uv": [7.75, 15.625, 7.875, 15.875], "texture": "#particle"},
				"west": {"uv": [7.75, 15.625, 7.875, 15.875], "texture": "#particle"},
				"up": {"uv": [7.75, 15.625, 7.875, 15.75], "texture": "#particle"},
				"down": {"uv": [7.75, 15.75, 7.875, 15.875], "texture": "#particle"}
			}
		},
		{
			"name": "Layer 3_71",
			"from": [8.25, 0.125, 7.875],
			"to": [8.375, 0.375, 8.25],
			"faces": {
				"north": {"uv": [8.375, 15.625, 8.25, 15.875], "texture": "#particle"},
				"east": {"uv": [8.25, 15.625, 8.375, 15.875], "texture": "#particle"},
				"south": {"uv": [8.25, 15.625, 8.375, 15.875], "texture": "#particle"},
				"up": {"uv": [8.25, 15.625, 8.375, 15.75], "texture": "#particle"},
				"down": {"uv": [8.25, 15.75, 8.375, 15.875], "texture": "#particle"}
			}
		},
		{
			"name": "Layer 4_0",
			"from": [7.75, 9.75, 7.875],
			"to": [8.375, 10, 8.25],
			"faces": {
				"north": {"uv": [8.375, 6, 7.75, 6.25], "texture": "#particle"},
				"east": {"uv": [8.25, 6, 8.375, 6.25], "texture": "#particle"},
				"south": {"uv": [7.75, 6, 8.375, 6.25], "texture": "#particle"},
				"west": {"uv": [7.75, 6, 7.875, 6.25], "texture": "#particle"},
				"up": {"uv": [7.75, 6, 8.375, 6.125], "texture": "#particle"},
				"down": {"uv": [7.75, 6.125, 8.375, 6.25], "texture": "#particle"}
			}
		},
		{
			"name": "Layer 4_1",
			"from": [7.75, 9.375, 7.875],
			"to": [8.375, 9.625, 8.25],
			"faces": {
				"north": {"uv": [8.375, 6.375, 7.75, 6.625], "texture": "#particle"},
				"east": {"uv": [8.25, 6.375, 8.375, 6.625], "texture": "#particle"},
				"south": {"uv": [7.75, 6.375, 8.375, 6.625], "texture": "#particle"},
				"west": {"uv": [7.75, 6.375, 7.875, 6.625], "texture": "#particle"},
				"up": {"uv": [7.75, 6.375, 8.375, 6.5], "texture": "#particle"},
				"down": {"uv": [7.75, 6.5, 8.375, 6.625], "texture": "#particle"}
			}
		},
		{
			"name": "Layer 4_2",
			"from": [7.75, 9, 7.875],
			"to": [8.375, 9.25, 8.25],
			"faces": {
				"north": {"uv": [8.375, 6.75, 7.75, 7], "texture": "#particle"},
				"east": {"uv": [8.25, 6.75, 8.375, 7], "texture": "#particle"},
				"south": {"uv": [7.75, 6.75, 8.375, 7], "texture": "#particle"},
				"west": {"uv": [7.75, 6.75, 7.875, 7], "texture": "#particle"},
				"up": {"uv": [7.75, 6.75, 8.375, 6.875], "texture": "#particle"},
				"down": {"uv": [7.75, 6.875, 8.375, 7], "texture": "#particle"}
			}
		},
		{
			"name": "Layer 4_3",
			"from": [7.75, 7.625, 7.875],
			"to": [8.375, 7.75, 8.25],
			"faces": {
				"north": {"uv": [8.375, 8.25, 7.75, 8.375], "texture": "#particle"},
				"east": {"uv": [8.25, 8.25, 8.375, 8.375], "texture": "#particle"},
				"south": {"uv": [7.75, 8.25, 8.375, 8.375], "texture": "#particle"},
				"west": {"uv": [7.75, 8.25, 7.875, 8.375], "texture": "#particle"},
				"up": {"uv": [7.75, 8.25, 8.375, 8.375], "texture": "#particle"},
				"down": {"uv": [7.75, 8.25, 8.375, 8.375], "texture": "#particle"}
			}
		},
		{
			"name": "Layer 4_4",
			"from": [7.75, 5.375, 7.875],
			"to": [8.375, 5.5, 8.25],
			"faces": {
				"north": {"uv": [8.375, 10.5, 7.75, 10.625], "texture": "#particle"},
				"east": {"uv": [8.25, 10.5, 8.375, 10.625], "texture": "#particle"},
				"south": {"uv": [7.75, 10.5, 8.375, 10.625], "texture": "#particle"},
				"west": {"uv": [7.75, 10.5, 7.875, 10.625], "texture": "#particle"},
				"up": {"uv": [7.75, 10.5, 8.375, 10.625], "texture": "#particle"},
				"down": {"uv": [7.75, 10.5, 8.375, 10.625], "texture": "#particle"}
			}
		},
		{
			"name": "Layer 5_0",
			"from": [8, 15.375, 8],
			"to": [8.125, 16, 8.125],
			"faces": {
				"north": {"uv": [8.125, 0, 8, 0.625], "texture": "#particle"},
				"east": {"uv": [8, 0, 8.125, 0.625], "texture": "#particle"},
				"south": {"uv": [8, 0, 8.125, 0.625], "texture": "#particle"},
				"west": {"uv": [8, 0, 8.125, 0.625], "texture": "#particle"},
				"up": {"uv": [8, 0, 8.125, 0.125], "texture": "#particle"}
			}
		},
		{
			"name": "Layer 5_1",
			"from": [7.875, 14.625, 8],
			"to": [8, 15.375, 8.125],
			"faces": {
				"north": {"uv": [8, 0.625, 7.875, 1.375], "texture": "#particle"},
				"south": {"uv": [7.875, 0.625, 8, 1.375], "texture": "#particle"},
				"west": {"uv": [7.875, 0.625, 8, 1.375], "texture": "#particle"},
				"up": {"uv": [7.875, 0.625, 8, 0.75], "texture": "#particle"}
			}
		},
		{
			"name": "Layer 5_2",
			"from": [8.125, 14.625, 8],
			"to": [8.25, 15.375, 8.125],
			"faces": {
				"north": {"uv": [8.25, 0.625, 8.125, 1.375], "texture": "#particle"},
				"east": {"uv": [8.125, 0.625, 8.25, 1.375], "texture": "#particle"},
				"south": {"uv": [8.125, 0.625, 8.25, 1.375], "texture": "#particle"},
				"up": {"uv": [8.125, 0.625, 8.25, 0.75], "texture": "#particle"}
			}
		},
		{
			"name": "Layer 5_3",
			"from": [7.75, 14, 8],
			"to": [7.875, 14.625, 8.125],
			"faces": {
				"north": {"uv": [7.875, 1.375, 7.75, 2], "texture": "#particle"},
				"south": {"uv": [7.75, 1.375, 7.875, 2], "texture": "#particle"},
				"west": {"uv": [7.75, 1.375, 7.875, 2], "texture": "#particle"},
				"up": {"uv": [7.75, 1.375, 7.875, 1.5], "texture": "#particle"}
			}
		},
		{
			"name": "Layer 5_4",
			"from": [8.25, 14, 8],
			"to": [8.375, 14.625, 8.125],
			"faces": {
				"north": {"uv": [8.375, 1.375, 8.25, 2], "texture": "#particle"},
				"east": {"uv": [8.25, 1.375, 8.375, 2], "texture": "#particle"},
				"south": {"uv": [8.25, 1.375, 8.375, 2], "texture": "#particle"},
				"up": {"uv": [8.25, 1.375, 8.375, 1.5], "texture": "#particle"}
			}
		},
		{
			"name": "Layer 5_5",
			"from": [7.625, 13.5, 8],
			"to": [7.75, 14, 8.125],
			"faces": {
				"north": {"uv": [7.75, 2, 7.625, 2.5], "texture": "#particle"},
				"south": {"uv": [7.625, 2, 7.75, 2.5], "texture": "#particle"},
				"west": {"uv": [7.625, 2, 7.75, 2.5], "texture": "#particle"},
				"up": {"uv": [7.625, 2, 7.75, 2.125], "texture": "#particle"}
			}
		},
		{
			"name": "Layer 5_6",
			"from": [8.375, 13.5, 8],
			"to": [8.5, 14, 8.125],
			"faces": {
				"north": {"uv": [8.5, 2, 8.375, 2.5], "texture": "#particle"},
				"east": {"uv": [8.375, 2, 8.5, 2.5], "texture": "#particle"},
				"south": {"uv": [8.375, 2, 8.5, 2.5], "texture": "#particle"},
				"up": {"uv": [8.375, 2, 8.5, 2.125], "texture": "#particle"}
			}
		},
		{
			"name": "Layer 5_7",
			"from": [7.5, 13.125, 8],
			"to": [7.625, 13.5, 8.125],
			"faces": {
				"north": {"uv": [7.625, 2.5, 7.5, 2.875], "texture": "#particle"},
				"south": {"uv": [7.5, 2.5, 7.625, 2.875], "texture": "#particle"},
				"west": {"uv": [7.5, 2.5, 7.625, 2.875], "texture": "#particle"},
				"up": {"uv": [7.5, 2.5, 7.625, 2.625], "texture": "#particle"}
			}
		},
		{
			"name": "Layer 5_8",
			"from": [8.5, 13.125, 8],
			"to": [8.625, 13.5, 8.125],
			"faces": {
				"north": {"uv": [8.625, 2.5, 8.5, 2.875], "texture": "#particle"},
				"east": {"uv": [8.5, 2.5, 8.625, 2.875], "texture": "#particle"},
				"south": {"uv": [8.5, 2.5, 8.625, 2.875], "texture": "#particle"},
				"up": {"uv": [8.5, 2.5, 8.625, 2.625], "texture": "#particle"}
			}
		},
		{
			"name": "Layer 5_9",
			"from": [7.375, 12.875, 8],
			"to": [7.5, 13.125, 8.125],
			"faces": {
				"north": {"uv": [7.5, 2.875, 7.375, 3.125], "texture": "#particle"},
				"south": {"uv": [7.375, 2.875, 7.5, 3.125], "texture": "#particle"},
				"west": {"uv": [7.375, 2.875, 7.5, 3.125], "texture": "#particle"},
				"up": {"uv": [7.375, 2.875, 7.5, 3], "texture": "#particle"}
			}
		},
		{
			"name": "Layer 5_10",
			"from": [8.625, 12.875, 8],
			"to": [8.75, 13.125, 8.125],
			"faces": {
				"north": {"uv": [8.75, 2.875, 8.625, 3.125], "texture": "#particle"},
				"east": {"uv": [8.625, 2.875, 8.75, 3.125], "texture": "#particle"},
				"south": {"uv": [8.625, 2.875, 8.75, 3.125], "texture": "#particle"},
				"up": {"uv": [8.625, 2.875, 8.75, 3], "texture": "#particle"}
			}
		},
		{
			"name": "Layer 5_11",
			"from": [7.25, 12.75, 8],
			"to": [7.375, 12.875, 8.125],
			"faces": {
				"north": {"uv": [7.375, 3.125, 7.25, 3.25], "texture": "#particle"},
				"south": {"uv": [7.25, 3.125, 7.375, 3.25], "texture": "#particle"},
				"west": {"uv": [7.25, 3.125, 7.375, 3.25], "texture": "#particle"},
				"up": {"uv": [7.25, 3.125, 7.375, 3.25], "texture": "#particle"}
			}
		},
		{
			"name": "Layer 5_12",
			"from": [8.75, 12.75, 8],
			"to": [8.875, 12.875, 8.125],
			"faces": {
				"north": {"uv": [8.875, 3.125, 8.75, 3.25], "texture": "#particle"},
				"east": {"uv": [8.75, 3.125, 8.875, 3.25], "texture": "#particle"},
				"south": {"uv": [8.75, 3.125, 8.875, 3.25], "texture": "#particle"},
				"up": {"uv": [8.75, 3.125, 8.875, 3.25], "texture": "#particle"}
			}
		},
		{
			"name": "Layer 5_13",
			"from": [7.125, 12.625, 8],
			"to": [7.25, 12.75, 8.125],
			"faces": {
				"north": {"uv": [7.25, 3.25, 7.125, 3.375], "texture": "#particle"},
				"south": {"uv": [7.125, 3.25, 7.25, 3.375], "texture": "#particle"},
				"west": {"uv": [7.125, 3.25, 7.25, 3.375], "texture": "#particle"},
				"up": {"uv": [7.125, 3.25, 7.25, 3.375], "texture": "#particle"}
			}
		},
		{
			"name": "Layer 5_14",
			"from": [8.875, 12.625, 8],
			"to": [9, 12.75, 8.125],
			"faces": {
				"north": {"uv": [9, 3.25, 8.875, 3.375], "texture": "#particle"},
				"east": {"uv": [8.875, 3.25, 9, 3.375], "texture": "#particle"},
				"south": {"uv": [8.875, 3.25, 9, 3.375], "texture": "#particle"},
				"up": {"uv": [8.875, 3.25, 9, 3.375], "texture": "#particle"}
			}
		}
	],
	"display": {
		"thirdperson_righthand": {
			"rotation": [0, -90, 0],
			"translation": [0.25, 2.25, 0.5],
			"scale": [3, 3, 3]
		},
		"thirdperson_lefthand": {
			"rotation": [0, 90, 0],
			"translation": [0.25, 2.25, 0.5],
			"scale": [3, 3, 3]
		},
		"firstperson_righthand": {
			"rotation": [1, -91, 0],
			"translation": [0, 4.5, 2.75],
			"scale": [1.25, 1.25, 1.25]
		},
		"firstperson_lefthand": {
			"rotation": [1, 91, 0],
			"translation": [0, 4.5, 2.75],
			"scale": [1.25, 1.25, 1.25]
		},
		"ground": {
			"translation": [0, 20, 0],
			"scale": [3, 3, 3]
		},
		"gui": {
			"rotation": [0, 0, -45],
			"translation": [0.25, 0.5, 0],
			"scale": [1.5, 1.5, 1.5]
		},
		"head": {
			"rotation": [180, 0, 45],
			"translation": [0.25, -13.75, 4.75],
			"scale": [3.5, 3.5, 3.5]
		},
		"fixed": {
			"rotation": [180, 0, 135],
			"translation": [-0.25, 0, 0],
			"scale": [2, 2, 2]
		}
	},
	"groups": [
		{
			"name": "Layer 1",
			"origin": [8, 8, 8],
			"color": 0,
			"children": [0, 1, 2, 3, 4, 5, 6, 7, 8, 9, 10, 11, 12, 13, 14, 15, 16, 17, 18, 19, 20]
		},
		{
			"name": "Layer 3",
			"origin": [8, 8, 8],
			"color": 0,
			"children": [
				21,
				22,
				23,
				24,
				25,
				26,
				27,
				28,
				29,
				30,
				31,
				32,
				33,
				34,
				35,
				36,
				37,
				38,
				39,
				40,
				41,
				42,
				43,
				44,
				45,
				46,
				47,
				48,
				49,
				50,
				51,
				52,
				53,
				54,
				55,
				56,
				57,
				58,
				59,
				60,
				61,
				62,
				63,
				64,
				65,
				66,
				67,
				68,
				69,
				70,
				71,
				72,
				73,
				74,
				75,
				76,
				77,
				78,
				79,
				80,
				81,
				82,
				83,
				84,
				85,
				86,
				87,
				88,
				89,
				90,
				91,
				92
			]
		},
		{
			"name": "Layer 4",
			"origin": [8, 8, 8],
			"color": 0,
			"children": [93, 94, 95, 96, 97]
		},
		{
			"name": "Layer 5",
			"origin": [8, 8, 8],
			"color": 0,
			"children": [98, 99, 100, 101, 102, 103, 104, 105, 106, 107, 108, 109, 110, 111, 112]
		}
	]
}