{
	"credit": "Made with Blockbench",
	"textures": {
		"0": "item/icekatana",
		"particle": "item/icekatana"
	},
	"elements": [
		{
			"name": "Layer 2_0",
			"from": [8.625, 14.375, 8],
			"to": [8.875, 14.5, 8.0625],
			"faces": {
				"north": {"uv": [8.875, 1.5, 8.625, 1.625], "texture": "#0"},
				"east": {"uv": [8.75, 1.5, 8.875, 1.625], "texture": "#0"},
				"south": {"uv": [8.625, 1.5, 8.875, 1.625], "texture": "#0"},
				"west": {"uv": [8.625, 1.5, 8.75, 1.625], "texture": "#0"},
				"up": {"uv": [8.625, 1.5, 8.875, 1.625], "texture": "#0"},
				"down": {"uv": [8.625, 1.5, 8.875, 1.625], "texture": "#0"}
			}
		},
		{
			"name": "Layer 2_1",
			"from": [8.375, 14.25, 8],
			"to": [8.75, 14.375, 8.0625],
			"faces": {
				"north": {"uv": [8.75, 1.625, 8.375, 1.75], "texture": "#0"},
				"east": {"uv": [8.625, 1.625, 8.75, 1.75], "texture": "#0"},
				"south": {"uv": [8.375, 1.625, 8.75, 1.75], "texture": "#0"},
				"west": {"uv": [8.375, 1.625, 8.5, 1.75], "texture": "#0"},
				"up": {"uv": [8.375, 1.625, 8.75, 1.75], "texture": "#0"}
			}
		},
		{
			"name": "Layer 2_2",
			"from": [8.25, 14.125, 8],
			"to": [8.5, 14.25, 8.0625],
			"faces": {
				"north": {"uv": [8.5, 1.75, 8.25, 1.875], "texture": "#0"},
				"south": {"uv": [8.25, 1.75, 8.5, 1.875], "texture": "#0"},
				"west": {"uv": [8.25, 1.75, 8.375, 1.875], "texture": "#0"},
				"up": {"uv": [8.25, 1.75, 8.5, 1.875], "texture": "#0"}
			}
		},
		{
			"name": "Layer 2_3",
			"from": [8.125, 14, 8],
			"to": [8.375, 14.125, 8.0625],
			"faces": {
				"north": {"uv": [8.375, 1.875, 8.125, 2], "texture": "#0"},
				"south": {"uv": [8.125, 1.875, 8.375, 2], "texture": "#0"},
				"west": {"uv": [8.125, 1.875, 8.25, 2], "texture": "#0"},
				"up": {"uv": [8.125, 1.875, 8.375, 2], "texture": "#0"}
			}
		},
		{
			"name": "Layer 2_4",
			"from": [8.125, 13.75, 8],
			"to": [8.25, 14, 8.0625],
			"faces": {
				"north": {"uv": [8.25, 2, 8.125, 2.25], "texture": "#0"},
				"south": {"uv": [8.125, 2, 8.25, 2.25], "texture": "#0"},
				"west": {"uv": [8.125, 2, 8.25, 2.25], "texture": "#0"}
			}
		},
		{
			"name": "Layer 2_5",
			"from": [8, 13.5, 8],
			"to": [8.125, 13.875, 8.0625],
			"faces": {
				"north": {"uv": [8.125, 2.125, 8, 2.5], "texture": "#0"},
				"south": {"uv": [8, 2.125, 8.125, 2.5], "texture": "#0"},
				"west": {"uv": [8, 2.125, 8.125, 2.5], "texture": "#0"},
				"up": {"uv": [8, 2.125, 8.125, 2.25], "texture": "#0"}
			}
		},
		{
			"name": "Layer 2_6",
			"from": [7.875, 12.875, 8],
			"to": [8, 13.625, 8.0625],
			"faces": {
				"north": {"uv": [8, 2.375, 7.875, 3.125], "texture": "#0"},
				"south": {"uv": [7.875, 2.375, 8, 3.125], "texture": "#0"},
				"west": {"uv": [7.875, 2.375, 8, 3.125], "texture": "#0"},
				"up": {"uv": [7.875, 2.375, 8, 2.5], "texture": "#0"}
			}
		},
		{
			"name": "Layer 2_7",
			"from": [7.75, 12.125, 8],
			"to": [7.875, 13, 8.0625],
			"faces": {
				"north": {"uv": [7.875, 3, 7.75, 3.875], "texture": "#0"},
				"south": {"uv": [7.75, 3, 7.875, 3.875], "texture": "#0"},
				"west": {"uv": [7.75, 3, 7.875, 3.875], "texture": "#0"},
				"up": {"uv": [7.75, 3, 7.875, 3.125], "texture": "#0"}
			}
		},
		{
			"name": "Layer 2_8",
			"from": [7.625, 11.75, 8],
			"to": [7.75, 12.25, 8.0625],
			"faces": {
				"north": {"uv": [7.75, 3.75, 7.625, 4.25], "texture": "#0"},
				"south": {"uv": [7.625, 3.75, 7.75, 4.25], "texture": "#0"},
				"west": {"uv": [7.625, 3.75, 7.75, 4.25], "texture": "#0"},
				"up": {"uv": [7.625, 3.75, 7.75, 3.875], "texture": "#0"},
				"down": {"uv": [7.625, 4.125, 7.75, 4.25], "texture": "#0"}
			}
		},
		{
			"name": "Layer 2_9",
			"from": [7.75, 9.625, 8],
			"to": [7.875, 11.875, 8.0625],
			"faces": {
				"north": {"uv": [7.875, 4.125, 7.75, 6.375], "texture": "#0"},
				"south": {"uv": [7.75, 4.125, 7.875, 6.375], "texture": "#0"},
				"west": {"uv": [7.75, 4.125, 7.875, 6.375], "texture": "#0"}
			}
		},
		{
			"name": "Layer 2_10",
			"from": [7.625, 8.375, 8],
			"to": [7.75, 9.875, 8.0625],
			"faces": {
				"north": {"uv": [7.75, 6.125, 7.625, 7.625], "texture": "#0"},
				"south": {"uv": [7.625, 6.125, 7.75, 7.625], "texture": "#0"},
				"west": {"uv": [7.625, 6.125, 7.75, 7.625], "texture": "#0"},
				"up": {"uv": [7.625, 6.125, 7.75, 6.25], "texture": "#0"}
			}
		},
		{
			"name": "Layer 2_11",
			"from": [7.5, 7.875, 8],
			"to": [7.625, 8.5, 8.0625],
			"faces": {
				"north": {"uv": [7.625, 7.5, 7.5, 8.125], "texture": "#0"},
				"south": {"uv": [7.5, 7.5, 7.625, 8.125], "texture": "#0"},
				"west": {"uv": [7.5, 7.5, 7.625, 8.125], "texture": "#0"},
				"up": {"uv": [7.5, 7.5, 7.625, 7.625], "texture": "#0"},
				"down": {"uv": [7.5, 8, 7.625, 8.125], "texture": "#0"}
			}
		},
		{
			"name": "Layer 2_12",
			"from": [7.625, 6.375, 8],
			"to": [7.75, 8, 8.0625],
			"faces": {
				"north": {"uv": [7.75, 8, 7.625, 9.625], "texture": "#0"},
				"south": {"uv": [7.625, 8, 7.75, 9.625], "texture": "#0"},
				"west": {"uv": [7.625, 8, 7.75, 9.625], "texture": "#0"}
			}
		},
		{
			"name": "Layer 2_13",
			"from": [7.5, 6.25, 8],
			"to": [7.625, 6.5, 8.0625],
			"faces": {
				"north": {"uv": [7.625, 9.5, 7.5, 9.75], "texture": "#0"},
				"south": {"uv": [7.5, 9.5, 7.625, 9.75], "texture": "#0"},
				"west": {"uv": [7.5, 9.5, 7.625, 9.75], "texture": "#0"},
				"up": {"uv": [7.5, 9.5, 7.625, 9.625], "texture": "#0"}
			}
		},
		{
			"name": "Flattened_0",
			"from": [8.5, 6.5, 7.9375],
			"to": [8.625, 6.625, 8.125],
			"faces": {
				"north": {"uv": [8.625, 9.375, 8.5, 9.5], "texture": "#0"},
				"east": {"uv": [8.5, 9.375, 8.625, 9.5], "texture": "#0"},
				"south": {"uv": [8.5, 9.375, 8.625, 9.5], "texture": "#0"},
				"down": {"uv": [8.5, 9.375, 8.625, 9.5], "texture": "#0"}
			}
		},
		{
			"name": "Flattened_1",
			"from": [8.375, 6.25, 7.9375],
			"to": [8.5, 6.5, 8.125],
			"faces": {
				"north": {"uv": [8.5, 9.5, 8.375, 9.75], "texture": "#0"},
				"east": {"uv": [8.375, 9.5, 8.5, 9.75], "texture": "#0"},
				"south": {"uv": [8.375, 9.5, 8.5, 9.75], "texture": "#0"}
			}
		},
		{
			"name": "Flattened_2",
			"from": [8.25, 6.125, 7.9375],
			"to": [8.375, 6.375, 8.125],
			"faces": {
				"north": {"uv": [8.375, 9.625, 8.25, 9.875], "texture": "#0"},
				"south": {"uv": [8.25, 9.625, 8.375, 9.875], "texture": "#0"}
			}
		},
		{
			"name": "Flattened_3",
			"from": [8.5, 5.625, 7.9375],
			"to": [8.75, 5.75, 8.125],
			"faces": {
				"north": {"uv": [8.75, 10.25, 8.5, 10.375], "texture": "#0"},
				"east": {"uv": [8.625, 10.25, 8.75, 10.375], "texture": "#0"},
				"south": {"uv": [8.5, 10.25, 8.75, 10.375], "texture": "#0"},
				"down": {"uv": [8.5, 10.25, 8.75, 10.375], "texture": "#0"}
			}
		},
		{
			"name": "Flattened_4",
			"from": [8.375, 5.375, 7.9375],
			"to": [8.625, 5.625, 8.125],
			"faces": {
				"north": {"uv": [8.625, 10.375, 8.375, 10.625], "texture": "#0"},
				"east": {"uv": [8.5, 10.375, 8.625, 10.625], "texture": "#0"},
				"south": {"uv": [8.375, 10.375, 8.625, 10.625], "texture": "#0"},
				"down": {"uv": [8.375, 10.5, 8.625, 10.625], "texture": "#0"}
			}
		},
		{
			"name": "Flattened_5",
			"from": [8.25, 5.125, 7.9375],
			"to": [8.375, 5.5, 8.125],
			"faces": {
				"north": {"uv": [8.375, 10.5, 8.25, 10.875], "texture": "#0"},
				"south": {"uv": [8.25, 10.5, 8.375, 10.875], "texture": "#0"}
			}
		},
		{
			"name": "Flattened_6",
			"from": [8.125, 5, 7.9375],
			"to": [8.25, 5.375, 8.125],
			"faces": {
				"north": {"uv": [8.25, 10.625, 8.125, 11], "texture": "#0"},
				"south": {"uv": [8.125, 10.625, 8.25, 11], "texture": "#0"}
			}
		},
		{
			"name": "Flattened_7",
			"from": [8.375, 5.125, 7.9375],
			"to": [8.5, 5.375, 8.125],
			"faces": {
				"north": {"uv": [8.5, 10.625, 8.375, 10.875], "texture": "#0"},
				"east": {"uv": [8.375, 10.625, 8.5, 10.875], "texture": "#0"},
				"south": {"uv": [8.375, 10.625, 8.5, 10.875], "texture": "#0"}
			}
		},
		{
			"name": "Flattened_8",
			"from": [8.375, 4.375, 7.9375],
			"to": [8.5, 4.625, 8.125],
			"faces": {
				"north": {"uv": [8.5, 11.375, 8.375, 11.625], "texture": "#0"},
				"east": {"uv": [8.375, 11.375, 8.5, 11.625], "texture": "#0"},
				"south": {"uv": [8.375, 11.375, 8.5, 11.625], "texture": "#0"},
				"down": {"uv": [8.375, 11.5, 8.5, 11.625], "texture": "#0"}
			}
		},
		{
			"name": "Flattened_9",
			"from": [8.125, 4.25, 7.9375],
			"to": [8.375, 4.5, 8.125],
			"faces": {
				"north": {"uv": [8.375, 11.5, 8.125, 11.75], "texture": "#0"},
				"east": {"uv": [8.25, 11.5, 8.375, 11.75], "texture": "#0"},
				"south": {"uv": [8.125, 11.5, 8.375, 11.75], "texture": "#0"},
				"down": {"uv": [8.125, 11.625, 8.375, 11.75], "texture": "#0"}
			}
		},
		{
			"name": "Flattened_10",
			"from": [8, 3.875, 7.9375],
			"to": [8.125, 4.375, 8.125],
			"faces": {
				"north": {"uv": [8.125, 11.625, 8, 12.125], "texture": "#0"},
				"south": {"uv": [8, 11.625, 8.125, 12.125], "texture": "#0"}
			}
		},
		{
			"name": "Flattened_11",
			"from": [7.875, 3.75, 7.9375],
			"to": [8, 4.25, 8.125],
			"faces": {
				"north": {"uv": [8, 11.75, 7.875, 12.25], "texture": "#0"},
				"south": {"uv": [7.875, 11.75, 8, 12.25], "texture": "#0"}
			}
		},
		{
			"name": "Flattened_12",
			"from": [8.125, 4, 7.9375],
			"to": [8.25, 4.25, 8.125],
			"faces": {
				"north": {"uv": [8.25, 11.75, 8.125, 12], "texture": "#0"},
				"east": {"uv": [8.125, 11.75, 8.25, 12], "texture": "#0"},
				"south": {"uv": [8.125, 11.75, 8.25, 12], "texture": "#0"}
			}
		},
		{
			"name": "Flattened_13",
			"from": [7.75, 3.625, 7.9375],
			"to": [7.875, 4.125, 8.125],
			"faces": {
				"north": {"uv": [7.875, 11.875, 7.75, 12.375], "texture": "#0"},
				"south": {"uv": [7.75, 11.875, 7.875, 12.375], "texture": "#0"}
			}
		},
		{
			"name": "Flattened_14",
			"from": [7.625, 3.5, 7.9375],
			"to": [7.75, 4, 8.125],
			"faces": {
				"north": {"uv": [7.75, 12, 7.625, 12.5], "texture": "#0"},
				"south": {"uv": [7.625, 12, 7.75, 12.5], "texture": "#0"},
				"west": {"uv": [7.625, 12, 7.75, 12.5], "texture": "#0"},
				"down": {"uv": [7.625, 12.375, 7.75, 12.5], "texture": "#0"}
			}
		},
		{
			"name": "Flattened_15",
			"from": [7.5, 3.5, 7.9375],
			"to": [7.625, 3.875, 8.125],
			"faces": {
				"north": {"uv": [7.625, 12.125, 7.5, 12.5], "texture": "#0"},
				"south": {"uv": [7.5, 12.125, 7.625, 12.5], "texture": "#0"},
				"west": {"uv": [7.5, 12.125, 7.625, 12.5], "texture": "#0"},
				"up": {"uv": [7.5, 12.125, 7.625, 12.25], "texture": "#0"},
				"down": {"uv": [7.5, 12.375, 7.625, 12.5], "texture": "#0"}
			}
		},
		{
			"name": "Flattened_16",
			"from": [7.625, 1.5, 7.875],
			"to": [7.875, 2, 8.1875],
			"faces": {
				"north": {"uv": [7.875, 14, 7.625, 14.5], "texture": "#0"},
				"east": {"uv": [7.75, 14, 7.875, 14.5], "texture": "#0"},
				"south": {"uv": [7.625, 14, 7.875, 14.5], "texture": "#0"},
				"west": {"uv": [7.625, 14, 7.75, 14.5], "texture": "#0"},
				"up": {"uv": [7.625, 14, 7.875, 14.125], "texture": "#0"},
				"down": {"uv": [7.625, 14.375, 7.875, 14.5], "texture": "#0"}
			}
		},
		{
			"name": "Flattened_17",
			"from": [7.875, 1.25, 7.875],
			"to": [8.125, 1.875, 8.1875],
			"faces": {
				"north": {"uv": [8.125, 14.125, 7.875, 14.75], "texture": "#0"},
				"east": {"uv": [8, 14.125, 8.125, 14.75], "texture": "#0"},
				"south": {"uv": [7.875, 14.125, 8.125, 14.75], "texture": "#0"},
				"west": {"uv": [7.875, 14.125, 8, 14.75], "texture": "#0"},
				"up": {"uv": [7.875, 14.125, 8.125, 14.25], "texture": "#0"},
				"down": {"uv": [7.875, 14.625, 8.125, 14.75], "texture": "#0"}
			}
		},
		{
			"name": "Flattened_18",
			"from": [8.125, 1.25, 7.875],
			"to": [8.25, 1.625, 8.1875],
			"faces": {
				"north": {"uv": [8.25, 14.375, 8.125, 14.75], "texture": "#0"},
				"east": {"uv": [8.125, 14.375, 8.25, 14.75], "texture": "#0"},
				"south": {"uv": [8.125, 14.375, 8.25, 14.75], "texture": "#0"},
				"up": {"uv": [8.125, 14.375, 8.25, 14.5], "texture": "#0"},
				"down": {"uv": [8.125, 14.625, 8.25, 14.75], "texture": "#0"}
			}
		},
		{
			"name": "Flattened_19",
			"from": [7.75, 1.375, 7.875],
			"to": [7.875, 1.5, 8.1875],
			"faces": {
				"north": {"uv": [7.875, 14.5, 7.75, 14.625], "texture": "#0"},
				"south": {"uv": [7.75, 14.5, 7.875, 14.625], "texture": "#0"},
				"west": {"uv": [7.75, 14.5, 7.875, 14.625], "texture": "#0"},
				"down": {"uv": [7.75, 14.5, 7.875, 14.625], "texture": "#0"}
			}
		},
		{
			"name": "Flattened_20",
			"from": [7.5, 1, 7.875],
			"to": [7.875, 1.25, 8.1875],
			"faces": {
				"north": {"uv": [7.875, 14.75, 7.5, 15], "texture": "#0"},
				"east": {"uv": [7.75, 14.75, 7.875, 15], "texture": "#0"},
				"south": {"uv": [7.5, 14.75, 7.875, 15], "texture": "#0"},
				"west": {"uv": [7.5, 14.75, 7.625, 15], "texture": "#0"},
				"up": {"uv": [7.5, 14.75, 7.875, 14.875], "texture": "#0"},
				"down": {"uv": [7.5, 14.875, 7.875, 15], "texture": "#0"}
			}
		},
		{
			"name": "Flattened_21",
			"from": [7.875, 0.75, 7.875],
			"to": [8.125, 1.125, 8.1875],
			"faces": {
				"north": {"uv": [8.125, 14.875, 7.875, 15.25], "texture": "#0"},
				"east": {"uv": [8, 14.875, 8.125, 15.25], "texture": "#0"},
				"south": {"uv": [7.875, 14.875, 8.125, 15.25], "texture": "#0"},
				"west": {"uv": [7.875, 14.875, 8, 15.25], "texture": "#0"},
				"up": {"uv": [7.875, 14.875, 8.125, 15], "texture": "#0"},
				"down": {"uv": [7.875, 15.125, 8.125, 15.25], "texture": "#0"}
			}
		},
		{
			"name": "Flattened_22",
			"from": [7.625, 0.875, 7.875],
			"to": [7.875, 1, 8.1875],
			"faces": {
				"north": {"uv": [7.875, 15, 7.625, 15.125], "texture": "#0"},
				"south": {"uv": [7.625, 15, 7.875, 15.125], "texture": "#0"},
				"west": {"uv": [7.625, 15, 7.75, 15.125], "texture": "#0"},
				"down": {"uv": [7.625, 15, 7.875, 15.125], "texture": "#0"}
			}
		},
		{
			"name": "Flattened_23",
			"from": [8.125, 0.625, 7.875],
			"to": [8.25, 1, 8.1875],
			"faces": {
				"north": {"uv": [8.25, 15, 8.125, 15.375], "texture": "#0"},
				"east": {"uv": [8.125, 15, 8.25, 15.375], "texture": "#0"},
				"south": {"uv": [8.125, 15, 8.25, 15.375], "texture": "#0"},
				"west": {"uv": [8.125, 15, 8.25, 15.375], "texture": "#0"},
				"up": {"uv": [8.125, 15, 8.25, 15.125], "texture": "#0"},
				"down": {"uv": [8.125, 15.25, 8.25, 15.375], "texture": "#0"}
			}
		},
		{
			"name": "Flattened_24",
			"from": [8.25, 0.625, 7.875],
			"to": [8.375, 0.875, 8.1875],
			"faces": {
				"north": {"uv": [8.375, 15.125, 8.25, 15.375], "texture": "#0"},
				"east": {"uv": [8.25, 15.125, 8.375, 15.375], "texture": "#0"},
				"south": {"uv": [8.25, 15.125, 8.375, 15.375], "texture": "#0"},
				"up": {"uv": [8.25, 15.125, 8.375, 15.25], "texture": "#0"},
				"down": {"uv": [8.25, 15.25, 8.375, 15.375], "texture": "#0"}
			}
		},
		{
			"name": "Layer 3_0",
			"from": [8.5, 14.125, 7.9375],
			"to": [8.75, 14.25, 8.125],
			"faces": {
				"north": {"uv": [8.75, 1.75, 8.5, 1.875], "texture": "#0"},
				"east": {"uv": [8.625, 1.75, 8.75, 1.875], "texture": "#0"},
				"south": {"uv": [8.5, 1.75, 8.75, 1.875], "texture": "#0"},
				"west": {"uv": [8.5, 1.75, 8.625, 1.875], "texture": "#0"},
				"up": {"uv": [8.5, 1.75, 8.75, 1.875], "texture": "#0"},
				"down": {"uv": [8.5, 1.75, 8.75, 1.875], "texture": "#0"}
			}
		},
		{
			"name": "Layer 3_1",
			"from": [8.375, 13.75, 7.9375],
			"to": [8.625, 14.125, 8.125],
			"faces": {
				"north": {"uv": [8.625, 1.875, 8.375, 2.25], "texture": "#0"},
				"east": {"uv": [8.5, 1.875, 8.625, 2.25], "texture": "#0"},
				"south": {"uv": [8.375, 1.875, 8.625, 2.25], "texture": "#0"},
				"west": {"uv": [8.375, 1.875, 8.5, 2.25], "texture": "#0"},
				"up": {"uv": [8.375, 1.875, 8.625, 2], "texture": "#0"},
				"down": {"uv": [8.375, 2.125, 8.625, 2.25], "texture": "#0"}
			}
		},
		{
			"name": "Layer 3_2",
			"from": [8.25, 12.375, 7.9375],
			"to": [8.375, 14, 8.125],
			"faces": {
				"north": {"uv": [8.375, 2, 8.25, 3.625], "texture": "#0"},
				"east": {"uv": [8.25, 2, 8.375, 3.625], "texture": "#0"},
				"south": {"uv": [8.25, 2, 8.375, 3.625], "texture": "#0"},
				"west": {"uv": [8.25, 2, 8.375, 3.625], "texture": "#0"},
				"up": {"uv": [8.25, 2, 8.375, 2.125], "texture": "#0"},
				"down": {"uv": [8.25, 3.5, 8.375, 3.625], "texture": "#0"}
			}
		},
		{
			"name": "Layer 3_3",
			"from": [8.125, 6.875, 7.9375],
			"to": [8.25, 13.75, 8.125],
			"faces": {
				"north": {"uv": [8.25, 2.25, 8.125, 9.125], "texture": "#0"},
				"east": {"uv": [8.125, 2.25, 8.25, 9.125], "texture": "#0"},
				"south": {"uv": [8.125, 2.25, 8.25, 9.125], "texture": "#0"},
				"west": {"uv": [8.125, 2.25, 8.25, 9.125], "texture": "#0"},
				"up": {"uv": [8.125, 2.25, 8.25, 2.375], "texture": "#0"}
			}
		},
		{
			"name": "Layer 3_4",
			"from": [8.375, 13.25, 7.9375],
			"to": [8.5, 13.75, 8.125],
			"faces": {
				"north": {"uv": [8.5, 2.25, 8.375, 2.75], "texture": "#0"},
				"east": {"uv": [8.375, 2.25, 8.5, 2.75], "texture": "#0"},
				"south": {"uv": [8.375, 2.25, 8.5, 2.75], "texture": "#0"},
				"down": {"uv": [8.375, 2.625, 8.5, 2.75], "texture": "#0"}
			}
		},
		{
			"name": "Layer 3_5",
			"from": [8, 6.75, 7.9375],
			"to": [8.125, 13.5, 8.125],
			"faces": {
				"north": {"uv": [8.125, 2.5, 8, 9.25], "texture": "#0"},
				"south": {"uv": [8, 2.5, 8.125, 9.25], "texture": "#0"},
				"west": {"uv": [8, 2.5, 8.125, 9.25], "texture": "#0"},
				"up": {"uv": [8, 2.5, 8.125, 2.625], "texture": "#0"}
			}
		},
		{
			"name": "Layer 3_6",
			"from": [7.875, 6.625, 7.9375],
			"to": [8, 12.875, 8.125],
			"faces": {
				"north": {"uv": [8, 3.125, 7.875, 9.375], "texture": "#0"},
				"south": {"uv": [7.875, 3.125, 8, 9.375], "texture": "#0"},
				"west": {"uv": [7.875, 3.125, 8, 9.375], "texture": "#0"},
				"up": {"uv": [7.875, 3.125, 8, 3.25], "texture": "#0"}
			}
		},
		{
			"name": "Layer 3_7",
			"from": [7.75, 11.875, 7.9375],
			"to": [7.875, 12.125, 8.125],
			"faces": {
				"north": {"uv": [7.875, 3.875, 7.75, 4.125], "texture": "#0"},
				"south": {"uv": [7.75, 3.875, 7.875, 4.125], "texture": "#0"},
				"west": {"uv": [7.75, 3.875, 7.875, 4.125], "texture": "#0"},
				"up": {"uv": [7.75, 3.875, 7.875, 4], "texture": "#0"},
				"down": {"uv": [7.75, 4, 7.875, 4.125], "texture": "#0"}
			}
		},
		{
			"name": "Layer 3_8",
			"from": [8.25, 10, 7.9375],
			"to": [8.375, 10.625, 8.125],
			"faces": {
				"north": {"uv": [8.375, 5.375, 8.25, 6], "texture": "#0"},
				"east": {"uv": [8.25, 5.375, 8.375, 6], "texture": "#0"},
				"south": {"uv": [8.25, 5.375, 8.375, 6], "texture": "#0"},
				"up": {"uv": [8.25, 5.375, 8.375, 5.5], "texture": "#0"},
				"down": {"uv": [8.25, 5.875, 8.375, 6], "texture": "#0"}
			}
		},
		{
			"name": "Layer 3_9",
			"from": [7.75, 6.5, 7.9375],
			"to": [7.875, 9.625, 8.125],
			"faces": {
				"north": {"uv": [7.875, 6.375, 7.75, 9.5], "texture": "#0"},
				"south": {"uv": [7.75, 6.375, 7.875, 9.5], "texture": "#0"},
				"west": {"uv": [7.75, 6.375, 7.875, 9.5], "texture": "#0"},
				"up": {"uv": [7.75, 6.375, 7.875, 6.5], "texture": "#0"}
			}
		},
		{
			"name": "Layer 3_10",
			"from": [7.625, 8, 7.9375],
			"to": [7.75, 8.375, 8.125],
			"faces": {
				"north": {"uv": [7.75, 7.625, 7.625, 8], "texture": "#0"},
				"south": {"uv": [7.625, 7.625, 7.75, 8], "texture": "#0"},
				"west": {"uv": [7.625, 7.625, 7.75, 8], "texture": "#0"},
				"up": {"uv": [7.625, 7.625, 7.75, 7.75], "texture": "#0"},
				"down": {"uv": [7.625, 7.875, 7.75, 8], "texture": "#0"}
			}
		},
		{
			"name": "Layer 3_11",
			"from": [8.25, 7, 7.9375],
			"to": [8.375, 7.875, 8.125],
			"faces": {
				"north": {"uv": [8.375, 8.125, 8.25, 9], "texture": "#0"},
				"east": {"uv": [8.25, 8.125, 8.375, 9], "texture": "#0"},
				"south": {"uv": [8.25, 8.125, 8.375, 9], "texture": "#0"},
				"up": {"uv": [8.25, 8.125, 8.375, 8.25], "texture": "#0"}
			}
		},
		{
			"name": "Layer 3_12",
			"from": [8.375, 7.125, 7.9375],
			"to": [8.5, 7.5, 8.125],
			"faces": {
				"north": {"uv": [8.5, 8.5, 8.375, 8.875], "texture": "#0"},
				"east": {"uv": [8.375, 8.5, 8.5, 8.875], "texture": "#0"},
				"south": {"uv": [8.375, 8.5, 8.5, 8.875], "texture": "#0"},
				"up": {"uv": [8.375, 8.5, 8.5, 8.625], "texture": "#0"}
			}
		},
		{
			"name": "Layer 3_13",
			"from": [8.125, 6, 7.9375],
			"to": [8.25, 6.375, 8.125],
			"faces": {
				"north": {"uv": [8.25, 9.625, 8.125, 10], "texture": "#0"},
				"south": {"uv": [8.125, 9.625, 8.25, 10], "texture": "#0"}
			}
		},
		{
			"name": "Layer 3_14",
			"from": [8, 5.875, 7.9375],
			"to": [8.125, 6.25, 8.125],
			"faces": {
				"north": {"uv": [8.125, 9.75, 8, 10.125], "texture": "#0"},
				"south": {"uv": [8, 9.75, 8.125, 10.125], "texture": "#0"}
			}
		},
		{
			"name": "Layer 3_15",
			"from": [7.875, 5.75, 7.9375],
			"to": [8, 6.125, 8.125],
			"faces": {
				"north": {"uv": [8, 9.875, 7.875, 10.25], "texture": "#0"},
				"south": {"uv": [7.875, 9.875, 8, 10.25], "texture": "#0"}
			}
		},
		{
			"name": "Layer 3_16",
			"from": [7.75, 5.625, 7.9375],
			"to": [7.875, 6, 8.125],
			"faces": {
				"north": {"uv": [7.875, 10, 7.75, 10.375], "texture": "#0"},
				"south": {"uv": [7.75, 10, 7.875, 10.375], "texture": "#0"}
			}
		},
		{
			"name": "Layer 3_17",
			"from": [7.625, 5.5, 7.9375],
			"to": [7.75, 5.875, 8.125],
			"faces": {
				"north": {"uv": [7.75, 10.125, 7.625, 10.5], "texture": "#0"},
				"south": {"uv": [7.625, 10.125, 7.75, 10.5], "texture": "#0"}
			}
		},
		{
			"name": "Layer 3_18",
			"from": [7.5, 5.375, 7.9375],
			"to": [7.625, 5.75, 8.125],
			"faces": {
				"north": {"uv": [7.625, 10.25, 7.5, 10.625], "texture": "#0"},
				"south": {"uv": [7.5, 10.25, 7.625, 10.625], "texture": "#0"},
				"west": {"uv": [7.5, 10.25, 7.625, 10.625], "texture": "#0"}
			}
		},
		{
			"name": "Layer 3_19",
			"from": [8, 5, 7.9375],
			"to": [8.125, 5.375, 8.125],
			"faces": {
				"north": {"uv": [8.125, 10.625, 8, 11], "texture": "#0"},
				"south": {"uv": [8, 10.625, 8.125, 11], "texture": "#0"}
			}
		},
		{
			"name": "Layer 3_20",
			"from": [7.875, 4.875, 7.9375],
			"to": [8, 5.25, 8.125],
			"faces": {
				"north": {"uv": [8, 10.75, 7.875, 11.125], "texture": "#0"},
				"south": {"uv": [7.875, 10.75, 8, 11.125], "texture": "#0"}
			}
		},
		{
			"name": "Layer 3_21",
			"from": [7.75, 4.75, 7.9375],
			"to": [7.875, 5.125, 8.125],
			"faces": {
				"north": {"uv": [7.875, 10.875, 7.75, 11.25], "texture": "#0"},
				"south": {"uv": [7.75, 10.875, 7.875, 11.25], "texture": "#0"}
			}
		},
		{
			"name": "Layer 3_22",
			"from": [7.625, 4.625, 7.9375],
			"to": [7.75, 5, 8.125],
			"faces": {
				"north": {"uv": [7.75, 11, 7.625, 11.375], "texture": "#0"},
				"south": {"uv": [7.625, 11, 7.75, 11.375], "texture": "#0"}
			}
		},
		{
			"name": "Layer 3_23",
			"from": [7.5, 4.5, 7.9375],
			"to": [7.625, 4.875, 8.125],
			"faces": {
				"north": {"uv": [7.625, 11.125, 7.5, 11.5], "texture": "#0"},
				"south": {"uv": [7.5, 11.125, 7.625, 11.5], "texture": "#0"}
			}
		},
		{
			"name": "Layer 3_24",
			"from": [7.375, 4.5, 7.9375],
			"to": [7.5, 4.75, 8.125],
			"faces": {
				"north": {"uv": [7.5, 11.25, 7.375, 11.5], "texture": "#0"},
				"south": {"uv": [7.375, 11.25, 7.5, 11.5], "texture": "#0"},
				"west": {"uv": [7.375, 11.25, 7.5, 11.5], "texture": "#0"}
			}
		},
		{
			"name": "Layer 4_0",
			"from": [8.5, 6.625, 7.875],
			"to": [8.625, 7.25, 8.1875],
			"faces": {
				"north": {"uv": [8.625, 8.75, 8.5, 9.375], "texture": "#0"},
				"east": {"uv": [8.5, 8.75, 8.625, 9.375], "texture": "#0"},
				"south": {"uv": [8.5, 8.75, 8.625, 9.375], "texture": "#0"},
				"west": {"uv": [8.5, 8.75, 8.625, 9.375], "texture": "#0"},
				"up": {"uv": [8.5, 8.75, 8.625, 8.875], "texture": "#0"},
				"down": {"uv": [8.5, 9.25, 8.625, 9.375], "texture": "#0"}
			}
		},
		{
			"name": "Layer 4_1",
			"from": [8.375, 6.5, 7.875],
			"to": [8.5, 7.125, 8.1875],
			"faces": {
				"north": {"uv": [8.5, 8.875, 8.375, 9.5], "texture": "#0"},
				"east": {"uv": [8.375, 8.875, 8.5, 9.5], "texture": "#0"},
				"south": {"uv": [8.375, 8.875, 8.5, 9.5], "texture": "#0"},
				"west": {"uv": [8.375, 8.875, 8.5, 9.5], "texture": "#0"},
				"up": {"uv": [8.375, 8.875, 8.5, 9], "texture": "#0"},
				"down": {"uv": [8.375, 9.375, 8.5, 9.5], "texture": "#0"}
			}
		},
		{
			"name": "Layer 4_2",
			"from": [8.625, 6.75, 7.875],
			"to": [8.75, 7.125, 8.1875],
			"faces": {
				"north": {"uv": [8.75, 8.875, 8.625, 9.25], "texture": "#0"},
				"east": {"uv": [8.625, 8.875, 8.75, 9.25], "texture": "#0"},
				"south": {"uv": [8.625, 8.875, 8.75, 9.25], "texture": "#0"},
				"up": {"uv": [8.625, 8.875, 8.75, 9], "texture": "#0"},
				"down": {"uv": [8.625, 9.125, 8.75, 9.25], "texture": "#0"}
			}
		},
		{
			"name": "Layer 4_3",
			"from": [8.25, 6.375, 7.875],
			"to": [8.375, 7, 8.1875],
			"faces": {
				"north": {"uv": [8.375, 9, 8.25, 9.625], "texture": "#0"},
				"east": {"uv": [8.25, 9, 8.375, 9.625], "texture": "#0"},
				"south": {"uv": [8.25, 9, 8.375, 9.625], "texture": "#0"},
				"west": {"uv": [8.25, 9, 8.375, 9.625], "texture": "#0"},
				"up": {"uv": [8.25, 9, 8.375, 9.125], "texture": "#0"},
				"down": {"uv": [8.25, 9.5, 8.375, 9.625], "texture": "#0"}
			}
		},
		{
			"name": "Layer 4_4",
			"from": [8.75, 6.875, 7.875],
			"to": [8.875, 7, 8.1875],
			"faces": {
				"north": {"uv": [8.875, 9, 8.75, 9.125], "texture": "#0"},
				"east": {"uv": [8.75, 9, 8.875, 9.125], "texture": "#0"},
				"south": {"uv": [8.75, 9, 8.875, 9.125], "texture": "#0"},
				"up": {"uv": [8.75, 9, 8.875, 9.125], "texture": "#0"},
				"down": {"uv": [8.75, 9, 8.875, 9.125], "texture": "#0"}
			}
		},
		{
			"name": "Layer 4_5",
			"from": [8.125, 6.375, 7.875],
			"to": [8.25, 6.875, 8.1875],
			"faces": {
				"north": {"uv": [8.25, 9.125, 8.125, 9.625], "texture": "#0"},
				"south": {"uv": [8.125, 9.125, 8.25, 9.625], "texture": "#0"},
				"west": {"uv": [8.125, 9.125, 8.25, 9.625], "texture": "#0"},
				"up": {"uv": [8.125, 9.125, 8.25, 9.25], "texture": "#0"},
				"down": {"uv": [8.125, 9.5, 8.25, 9.625], "texture": "#0"}
			}
		},
		{
			"name": "Layer 4_6",
			"from": [8, 6.25, 7.875],
			"to": [8.125, 6.75, 8.1875],
			"faces": {
				"north": {"uv": [8.125, 9.25, 8, 9.75], "texture": "#0"},
				"east": {"uv": [8, 9.25, 8.125, 9.75], "texture": "#0"},
				"south": {"uv": [8, 9.25, 8.125, 9.75], "texture": "#0"},
				"west": {"uv": [8, 9.25, 8.125, 9.75], "texture": "#0"},
				"up": {"uv": [8, 9.25, 8.125, 9.375], "texture": "#0"},
				"down": {"uv": [8, 9.625, 8.125, 9.75], "texture": "#0"}
			}
		},
		{
			"name": "Layer 4_7",
			"from": [7.875, 6.125, 7.875],
			"to": [8, 6.625, 8.1875],
			"faces": {
				"north": {"uv": [8, 9.375, 7.875, 9.875], "texture": "#0"},
				"east": {"uv": [7.875, 9.375, 8, 9.875], "texture": "#0"},
				"south": {"uv": [7.875, 9.375, 8, 9.875], "texture": "#0"},
				"west": {"uv": [7.875, 9.375, 8, 9.875], "texture": "#0"},
				"up": {"uv": [7.875, 9.375, 8, 9.5], "texture": "#0"},
				"down": {"uv": [7.875, 9.75, 8, 9.875], "texture": "#0"}
			}
		},
		{
			"name": "Layer 4_8",
			"from": [7.75, 6, 7.875],
			"to": [7.875, 6.5, 8.1875],
			"faces": {
				"north": {"uv": [7.875, 9.5, 7.75, 10], "texture": "#0"},
				"east": {"uv": [7.75, 9.5, 7.875, 10], "texture": "#0"},
				"south": {"uv": [7.75, 9.5, 7.875, 10], "texture": "#0"},
				"west": {"uv": [7.75, 9.5, 7.875, 10], "texture": "#0"},
				"up": {"uv": [7.75, 9.5, 7.875, 9.625], "texture": "#0"},
				"down": {"uv": [7.75, 9.875, 7.875, 10], "texture": "#0"}
			}
		},
		{
			"name": "Layer 4_9",
			"from": [7.625, 5.875, 7.875],
			"to": [7.75, 6.375, 8.1875],
			"faces": {
				"north": {"uv": [7.75, 9.625, 7.625, 10.125], "texture": "#0"},
				"east": {"uv": [7.625, 9.625, 7.75, 10.125], "texture": "#0"},
				"south": {"uv": [7.625, 9.625, 7.75, 10.125], "texture": "#0"},
				"west": {"uv": [7.625, 9.625, 7.75, 10.125], "texture": "#0"},
				"up": {"uv": [7.625, 9.625, 7.75, 9.75], "texture": "#0"},
				"down": {"uv": [7.625, 10, 7.75, 10.125], "texture": "#0"}
			}
		},
		{
			"name": "Layer 4_10",
			"from": [7.5, 5.75, 7.875],
			"to": [7.625, 6.25, 8.1875],
			"faces": {
				"north": {"uv": [7.625, 9.75, 7.5, 10.25], "texture": "#0"},
				"east": {"uv": [7.5, 9.75, 7.625, 10.25], "texture": "#0"},
				"south": {"uv": [7.5, 9.75, 7.625, 10.25], "texture": "#0"},
				"west": {"uv": [7.5, 9.75, 7.625, 10.25], "texture": "#0"},
				"up": {"uv": [7.5, 9.75, 7.625, 9.875], "texture": "#0"},
				"down": {"uv": [7.5, 10.125, 7.625, 10.25], "texture": "#0"}
			}
		},
		{
			"name": "Layer 4_11",
			"from": [8.375, 5.75, 7.875],
			"to": [8.625, 6.25, 8.1875],
			"faces": {
				"north": {"uv": [8.625, 9.75, 8.375, 10.25], "texture": "#0"},
				"east": {"uv": [8.5, 9.75, 8.625, 10.25], "texture": "#0"},
				"south": {"uv": [8.375, 9.75, 8.625, 10.25], "texture": "#0"},
				"west": {"uv": [8.375, 9.75, 8.5, 10.25], "texture": "#0"},
				"up": {"uv": [8.375, 9.75, 8.625, 9.875], "texture": "#0"},
				"down": {"uv": [8.375, 10.125, 8.625, 10.25], "texture": "#0"}
			}
		},
		{
			"name": "Layer 4_12",
			"from": [7.375, 5.625, 7.875],
			"to": [7.5, 6.125, 8.1875],
			"faces": {
				"north": {"uv": [7.5, 9.875, 7.375, 10.375], "texture": "#0"},
				"east": {"uv": [7.375, 9.875, 7.5, 10.375], "texture": "#0"},
				"south": {"uv": [7.375, 9.875, 7.5, 10.375], "texture": "#0"},
				"west": {"uv": [7.375, 9.875, 7.5, 10.375], "texture": "#0"},
				"up": {"uv": [7.375, 9.875, 7.5, 10], "texture": "#0"},
				"down": {"uv": [7.375, 10.25, 7.5, 10.375], "texture": "#0"}
			}
		},
		{
			"name": "Layer 4_13",
			"from": [8.25, 5.5, 7.875],
			"to": [8.375, 6.125, 8.1875],
			"faces": {
				"north": {"uv": [8.375, 9.875, 8.25, 10.5], "texture": "#0"},
				"east": {"uv": [8.25, 9.875, 8.375, 10.5], "texture": "#0"},
				"south": {"uv": [8.25, 9.875, 8.375, 10.5], "texture": "#0"},
				"west": {"uv": [8.25, 9.875, 8.375, 10.5], "texture": "#0"},
				"up": {"uv": [8.25, 9.875, 8.375, 10], "texture": "#0"},
				"down": {"uv": [8.25, 10.375, 8.375, 10.5], "texture": "#0"}
			}
		},
		{
			"name": "Layer 4_14",
			"from": [8.625, 5.75, 7.875],
			"to": [8.75, 6.125, 8.1875],
			"faces": {
				"north": {"uv": [8.75, 9.875, 8.625, 10.25], "texture": "#0"},
				"east": {"uv": [8.625, 9.875, 8.75, 10.25], "texture": "#0"},
				"south": {"uv": [8.625, 9.875, 8.75, 10.25], "texture": "#0"},
				"up": {"uv": [8.625, 9.875, 8.75, 10], "texture": "#0"},
				"down": {"uv": [8.625, 10.125, 8.75, 10.25], "texture": "#0"}
			}
		},
		{
			"name": "Layer 4_15",
			"from": [7.25, 5.75, 7.875],
			"to": [7.375, 6, 8.1875],
			"faces": {
				"north": {"uv": [7.375, 10, 7.25, 10.25], "texture": "#0"},
				"south": {"uv": [7.25, 10, 7.375, 10.25], "texture": "#0"},
				"west": {"uv": [7.25, 10, 7.375, 10.25], "texture": "#0"},
				"up": {"uv": [7.25, 10, 7.375, 10.125], "texture": "#0"},
				"down": {"uv": [7.25, 10.125, 7.375, 10.25], "texture": "#0"}
			}
		},
		{
			"name": "Layer 4_16",
			"from": [8.125, 5.375, 7.875],
			"to": [8.25, 6, 8.1875],
			"faces": {
				"north": {"uv": [8.25, 10, 8.125, 10.625], "texture": "#0"},
				"east": {"uv": [8.125, 10, 8.25, 10.625], "texture": "#0"},
				"south": {"uv": [8.125, 10, 8.25, 10.625], "texture": "#0"},
				"west": {"uv": [8.125, 10, 8.25, 10.625], "texture": "#0"},
				"up": {"uv": [8.125, 10, 8.25, 10.125], "texture": "#0"},
				"down": {"uv": [8.125, 10.5, 8.25, 10.625], "texture": "#0"}
			}
		},
		{
			"name": "Layer 4_17",
			"from": [8.75, 5.75, 7.875],
			"to": [8.875, 6, 8.1875],
			"faces": {
				"north": {"uv": [8.875, 10, 8.75, 10.25], "texture": "#0"},
				"east": {"uv": [8.75, 10, 8.875, 10.25], "texture": "#0"},
				"south": {"uv": [8.75, 10, 8.875, 10.25], "texture": "#0"},
				"up": {"uv": [8.75, 10, 8.875, 10.125], "texture": "#0"},
				"down": {"uv": [8.75, 10.125, 8.875, 10.25], "texture": "#0"}
			}
		},
		{
			"name": "Layer 4_18",
			"from": [8, 5.375, 7.875],
			"to": [8.125, 5.875, 8.1875],
			"faces": {
				"north": {"uv": [8.125, 10.125, 8, 10.625], "texture": "#0"},
				"south": {"uv": [8, 10.125, 8.125, 10.625], "texture": "#0"},
				"west": {"uv": [8, 10.125, 8.125, 10.625], "texture": "#0"},
				"up": {"uv": [8, 10.125, 8.125, 10.25], "texture": "#0"},
				"down": {"uv": [8, 10.5, 8.125, 10.625], "texture": "#0"}
			}
		},
		{
			"name": "Layer 4_19",
			"from": [7.875, 5.25, 7.875],
			"to": [8, 5.75, 8.1875],
			"faces": {
				"north": {"uv": [8, 10.25, 7.875, 10.75], "texture": "#0"},
				"east": {"uv": [7.875, 10.25, 8, 10.75], "texture": "#0"},
				"south": {"uv": [7.875, 10.25, 8, 10.75], "texture": "#0"},
				"west": {"uv": [7.875, 10.25, 8, 10.75], "texture": "#0"},
				"up": {"uv": [7.875, 10.25, 8, 10.375], "texture": "#0"},
				"down": {"uv": [7.875, 10.625, 8, 10.75], "texture": "#0"}
			}
		},
		{
			"name": "Layer 4_20",
			"from": [8.375, 5.625, 7.875],
			"to": [8.5, 5.75, 8.1875],
			"faces": {
				"north": {"uv": [8.5, 10.25, 8.375, 10.375], "texture": "#0"},
				"east": {"uv": [8.375, 10.25, 8.5, 10.375], "texture": "#0"},
				"south": {"uv": [8.375, 10.25, 8.5, 10.375], "texture": "#0"},
				"down": {"uv": [8.375, 10.25, 8.5, 10.375], "texture": "#0"}
			}
		},
		{
			"name": "Layer 4_21",
			"from": [7.75, 5.125, 7.875],
			"to": [7.875, 5.625, 8.1875],
			"faces": {
				"north": {"uv": [7.875, 10.375, 7.75, 10.875], "texture": "#0"},
				"east": {"uv": [7.75, 10.375, 7.875, 10.875], "texture": "#0"},
				"south": {"uv": [7.75, 10.375, 7.875, 10.875], "texture": "#0"},
				"west": {"uv": [7.75, 10.375, 7.875, 10.875], "texture": "#0"},
				"up": {"uv": [7.75, 10.375, 7.875, 10.5], "texture": "#0"},
				"down": {"uv": [7.75, 10.75, 7.875, 10.875], "texture": "#0"}
			}
		},
		{
			"name": "Layer 4_22",
			"from": [7.625, 5, 7.875],
			"to": [7.75, 5.5, 8.1875],
			"faces": {
				"north": {"uv": [7.75, 10.5, 7.625, 11], "texture": "#0"},
				"east": {"uv": [7.625, 10.5, 7.75, 11], "texture": "#0"},
				"south": {"uv": [7.625, 10.5, 7.75, 11], "texture": "#0"},
				"west": {"uv": [7.625, 10.5, 7.75, 11], "texture": "#0"},
				"up": {"uv": [7.625, 10.5, 7.75, 10.625], "texture": "#0"},
				"down": {"uv": [7.625, 10.875, 7.75, 11], "texture": "#0"}
			}
		},
		{
			"name": "Layer 4_23",
			"from": [7.5, 4.875, 7.875],
			"to": [7.625, 5.375, 8.1875],
			"faces": {
				"north": {"uv": [7.625, 10.625, 7.5, 11.125], "texture": "#0"},
				"east": {"uv": [7.5, 10.625, 7.625, 11.125], "texture": "#0"},
				"south": {"uv": [7.5, 10.625, 7.625, 11.125], "texture": "#0"},
				"west": {"uv": [7.5, 10.625, 7.625, 11.125], "texture": "#0"},
				"up": {"uv": [7.5, 10.625, 7.625, 10.75], "texture": "#0"},
				"down": {"uv": [7.5, 11, 7.625, 11.125], "texture": "#0"}
			}
		},
		{
			"name": "Layer 4_24",
			"from": [7.375, 4.75, 7.875],
			"to": [7.5, 5.25, 8.1875],
			"faces": {
				"north": {"uv": [7.5, 10.75, 7.375, 11.25], "texture": "#0"},
				"east": {"uv": [7.375, 10.75, 7.5, 11.25], "texture": "#0"},
				"south": {"uv": [7.375, 10.75, 7.5, 11.25], "texture": "#0"},
				"west": {"uv": [7.375, 10.75, 7.5, 11.25], "texture": "#0"},
				"up": {"uv": [7.375, 10.75, 7.5, 10.875], "texture": "#0"},
				"down": {"uv": [7.375, 11.125, 7.5, 11.25], "texture": "#0"}
			}
		},
		{
			"name": "Layer 4_25",
			"from": [7.25, 4.625, 7.875],
			"to": [7.375, 5.125, 8.1875],
			"faces": {
				"north": {"uv": [7.375, 10.875, 7.25, 11.375], "texture": "#0"},
				"east": {"uv": [7.25, 10.875, 7.375, 11.375], "texture": "#0"},
				"south": {"uv": [7.25, 10.875, 7.375, 11.375], "texture": "#0"},
				"west": {"uv": [7.25, 10.875, 7.375, 11.375], "texture": "#0"},
				"up": {"uv": [7.25, 10.875, 7.375, 11], "texture": "#0"},
				"down": {"uv": [7.25, 11.25, 7.375, 11.375], "texture": "#0"}
			}
		},
		{
			"name": "Layer 4_26",
			"from": [8.25, 4.75, 7.875],
			"to": [8.75, 5.125, 8.1875],
			"faces": {
				"north": {"uv": [8.75, 10.875, 8.25, 11.25], "texture": "#0"},
				"east": {"uv": [8.625, 10.875, 8.75, 11.25], "texture": "#0"},
				"south": {"uv": [8.25, 10.875, 8.75, 11.25], "texture": "#0"},
				"west": {"uv": [8.25, 10.875, 8.375, 11.25], "texture": "#0"},
				"up": {"uv": [8.25, 10.875, 8.75, 11], "texture": "#0"},
				"down": {"uv": [8.25, 11.125, 8.75, 11.25], "texture": "#0"}
			}
		},
		{
			"name": "Layer 4_27",
			"from": [8.75, 4.875, 7.875],
			"to": [8.875, 5.125, 8.1875],
			"faces": {
				"north": {"uv": [8.875, 10.875, 8.75, 11.125], "texture": "#0"},
				"east": {"uv": [8.75, 10.875, 8.875, 11.125], "texture": "#0"},
				"south": {"uv": [8.75, 10.875, 8.875, 11.125], "texture": "#0"},
				"up": {"uv": [8.75, 10.875, 8.875, 11], "texture": "#0"},
				"down": {"uv": [8.75, 11, 8.875, 11.125], "texture": "#0"}
			}
		},
		{
			"name": "Layer 4_28",
			"from": [7.125, 4.75, 7.875],
			"to": [7.25, 5, 8.1875],
			"faces": {
				"north": {"uv": [7.25, 11, 7.125, 11.25], "texture": "#0"},
				"south": {"uv": [7.125, 11, 7.25, 11.25], "texture": "#0"},
				"west": {"uv": [7.125, 11, 7.25, 11.25], "texture": "#0"},
				"up": {"uv": [7.125, 11, 7.25, 11.125], "texture": "#0"},
				"down": {"uv": [7.125, 11.125, 7.25, 11.25], "texture": "#0"}
			}
		},
		{
			"name": "Layer 4_29",
			"from": [8, 4.5, 7.875],
			"to": [8.25, 5, 8.1875],
			"faces": {
				"north": {"uv": [8.25, 11, 8, 11.5], "texture": "#0"},
				"south": {"uv": [8, 11, 8.25, 11.5], "texture": "#0"},
				"west": {"uv": [8, 11, 8.125, 11.5], "texture": "#0"},
				"up": {"uv": [8, 11, 8.25, 11.125], "texture": "#0"},
				"down": {"uv": [8, 11.375, 8.25, 11.5], "texture": "#0"}
			}
		},
		{
			"name": "Layer 4_30",
			"from": [7.875, 4.25, 7.875],
			"to": [8, 4.875, 8.1875],
			"faces": {
				"north": {"uv": [8, 11.125, 7.875, 11.75], "texture": "#0"},
				"east": {"uv": [7.875, 11.125, 8, 11.75], "texture": "#0"},
				"south": {"uv": [7.875, 11.125, 8, 11.75], "texture": "#0"},
				"west": {"uv": [7.875, 11.125, 8, 11.75], "texture": "#0"},
				"up": {"uv": [7.875, 11.125, 8, 11.25], "texture": "#0"},
				"down": {"uv": [7.875, 11.625, 8, 11.75], "texture": "#0"}
			}
		},
		{
			"name": "Layer 4_31",
			"from": [7.75, 4.125, 7.875],
			"to": [7.875, 4.75, 8.1875],
			"faces": {
				"north": {"uv": [7.875, 11.25, 7.75, 11.875], "texture": "#0"},
				"east": {"uv": [7.75, 11.25, 7.875, 11.875], "texture": "#0"},
				"south": {"uv": [7.75, 11.25, 7.875, 11.875], "texture": "#0"},
				"west": {"uv": [7.75, 11.25, 7.875, 11.875], "texture": "#0"},
				"up": {"uv": [7.75, 11.25, 7.875, 11.375], "texture": "#0"},
				"down": {"uv": [7.75, 11.75, 7.875, 11.875], "texture": "#0"}
			}
		},
		{
			"name": "Layer 4_32",
			"from": [8.25, 4.625, 7.875],
			"to": [8.625, 4.75, 8.1875],
			"faces": {
				"north": {"uv": [8.625, 11.25, 8.25, 11.375], "texture": "#0"},
				"east": {"uv": [8.5, 11.25, 8.625, 11.375], "texture": "#0"},
				"south": {"uv": [8.25, 11.25, 8.625, 11.375], "texture": "#0"},
				"down": {"uv": [8.25, 11.25, 8.625, 11.375], "texture": "#0"}
			}
		},
		{
			"name": "Layer 4_33",
			"from": [7.625, 4, 7.875],
			"to": [7.75, 4.625, 8.1875],
			"faces": {
				"north": {"uv": [7.75, 11.375, 7.625, 12], "texture": "#0"},
				"east": {"uv": [7.625, 11.375, 7.75, 12], "texture": "#0"},
				"south": {"uv": [7.625, 11.375, 7.75, 12], "texture": "#0"},
				"west": {"uv": [7.625, 11.375, 7.75, 12], "texture": "#0"},
				"up": {"uv": [7.625, 11.375, 7.75, 11.5], "texture": "#0"},
				"down": {"uv": [7.625, 11.875, 7.75, 12], "texture": "#0"}
			}
		},
		{
			"name": "Layer 4_34",
			"from": [8.25, 4.5, 7.875],
			"to": [8.375, 4.625, 8.1875],
			"faces": {
				"north": {"uv": [8.375, 11.375, 8.25, 11.5], "texture": "#0"},
				"east": {"uv": [8.25, 11.375, 8.375, 11.5], "texture": "#0"},
				"south": {"uv": [8.25, 11.375, 8.375, 11.5], "texture": "#0"},
				"down": {"uv": [8.25, 11.375, 8.375, 11.5], "texture": "#0"}
			}
		},
		{
			"name": "Layer 4_35",
			"from": [7.375, 4, 7.875],
			"to": [7.625, 4.5, 8.1875],
			"faces": {
				"north": {"uv": [7.625, 11.5, 7.375, 12], "texture": "#0"},
				"south": {"uv": [7.375, 11.5, 7.625, 12], "texture": "#0"},
				"west": {"uv": [7.375, 11.5, 7.5, 12], "texture": "#0"},
				"up": {"uv": [7.375, 11.5, 7.625, 11.625], "texture": "#0"},
				"down": {"uv": [7.375, 11.875, 7.625, 12], "texture": "#0"}
			}
		},
		{
			"name": "Layer 4_36",
			"from": [8, 4.375, 7.875],
			"to": [8.125, 4.5, 8.1875],
			"faces": {
				"north": {"uv": [8.125, 11.5, 8, 11.625], "texture": "#0"},
				"east": {"uv": [8, 11.5, 8.125, 11.625], "texture": "#0"},
				"south": {"uv": [8, 11.5, 8.125, 11.625], "texture": "#0"},
				"down": {"uv": [8, 11.5, 8.125, 11.625], "texture": "#0"}
			}
		},
		{
			"name": "Layer 4_37",
			"from": [7.25, 3.875, 7.875],
			"to": [7.375, 4.375, 8.1875],
			"faces": {
				"north": {"uv": [7.375, 11.625, 7.25, 12.125], "texture": "#0"},
				"south": {"uv": [7.25, 11.625, 7.375, 12.125], "texture": "#0"},
				"west": {"uv": [7.25, 11.625, 7.375, 12.125], "texture": "#0"},
				"up": {"uv": [7.25, 11.625, 7.375, 11.75], "texture": "#0"},
				"down": {"uv": [7.25, 12, 7.375, 12.125], "texture": "#0"}
			}
		},
		{
			"name": "Layer 4_38",
			"from": [7.125, 3.75, 7.875],
			"to": [7.25, 4.25, 8.1875],
			"faces": {
				"north": {"uv": [7.25, 11.75, 7.125, 12.25], "texture": "#0"},
				"east": {"uv": [7.125, 11.75, 7.25, 12.25], "texture": "#0"},
				"south": {"uv": [7.125, 11.75, 7.25, 12.25], "texture": "#0"},
				"west": {"uv": [7.125, 11.75, 7.25, 12.25], "texture": "#0"},
				"up": {"uv": [7.125, 11.75, 7.25, 11.875], "texture": "#0"},
				"down": {"uv": [7.125, 12.125, 7.25, 12.25], "texture": "#0"}
			}
		},
		{
			"name": "Layer 4_39",
			"from": [7, 3.75, 7.875],
			"to": [7.125, 4.125, 8.1875],
			"faces": {
				"north": {"uv": [7.125, 11.875, 7, 12.25], "texture": "#0"},
				"south": {"uv": [7, 11.875, 7.125, 12.25], "texture": "#0"},
				"west": {"uv": [7, 11.875, 7.125, 12.25], "texture": "#0"},
				"up": {"uv": [7, 11.875, 7.125, 12], "texture": "#0"},
				"down": {"uv": [7, 12.125, 7.125, 12.25], "texture": "#0"}
			}
		},
		{
			"name": "Layer 4_40",
			"from": [7.375, 3.875, 7.875],
			"to": [7.5, 4, 8.1875],
			"faces": {
				"north": {"uv": [7.5, 12, 7.375, 12.125], "texture": "#0"},
				"east": {"uv": [7.375, 12, 7.5, 12.125], "texture": "#0"},
				"south": {"uv": [7.375, 12, 7.5, 12.125], "texture": "#0"},
				"down": {"uv": [7.375, 12, 7.5, 12.125], "texture": "#0"}
			}
		},
		{
			"name": "Layer 4_41",
			"from": [8.125, 3.75, 7.9375],
			"to": [8.25, 4, 8.125],
			"faces": {
				"north": {"uv": [8.25, 12, 8.125, 12.25], "texture": "#0"},
				"east": {"uv": [8.125, 12, 8.25, 12.25], "texture": "#0"},
				"south": {"uv": [8.125, 12, 8.25, 12.25], "texture": "#0"},
				"down": {"uv": [8.125, 12.125, 8.25, 12.25], "texture": "#0"}
			}
		},
		{
			"name": "Layer 4_42",
			"from": [8, 2.75, 7.9375],
			"to": [8.125, 3.875, 8.125],
			"faces": {
				"north": {"uv": [8.125, 12.125, 8, 13.25], "texture": "#0"},
				"east": {"uv": [8, 12.125, 8.125, 13.25], "texture": "#0"},
				"south": {"uv": [8, 12.125, 8.125, 13.25], "texture": "#0"},
				"down": {"uv": [8, 13.125, 8.125, 13.25], "texture": "#0"}
			}
		},
		{
			"name": "Layer 4_43",
			"from": [7.875, 1.875, 7.9375],
			"to": [8, 3.75, 8.125],
			"faces": {
				"north": {"uv": [8, 12.25, 7.875, 14.125], "texture": "#0"},
				"east": {"uv": [7.875, 12.25, 8, 14.125], "texture": "#0"},
				"south": {"uv": [7.875, 12.25, 8, 14.125], "texture": "#0"}
			}
		},
		{
			"name": "Layer 4_44",
			"from": [7.75, 2, 7.9375],
			"to": [7.875, 3.625, 8.125],
			"faces": {
				"north": {"uv": [7.875, 12.375, 7.75, 14], "texture": "#0"},
				"south": {"uv": [7.75, 12.375, 7.875, 14], "texture": "#0"},
				"west": {"uv": [7.75, 12.375, 7.875, 14], "texture": "#0"}
			}
		},
		{
			"name": "Layer 4_45",
			"from": [7.625, 2, 7.9375],
			"to": [7.75, 2.875, 8.125],
			"faces": {
				"north": {"uv": [7.75, 13.125, 7.625, 14], "texture": "#0"},
				"south": {"uv": [7.625, 13.125, 7.75, 14], "texture": "#0"},
				"west": {"uv": [7.625, 13.125, 7.75, 14], "texture": "#0"},
				"up": {"uv": [7.625, 13.125, 7.75, 13.25], "texture": "#0"}
			}
		},
		{
			"name": "Layer 4_46",
			"from": [7.75, 1.25, 7.9375],
			"to": [7.875, 1.375, 8.125],
			"faces": {
				"north": {"uv": [7.875, 14.625, 7.75, 14.75], "texture": "#0"},
				"south": {"uv": [7.75, 14.625, 7.875, 14.75], "texture": "#0"},
				"west": {"uv": [7.75, 14.625, 7.875, 14.75], "texture": "#0"}
			}
		},
		{
			"name": "Layer 4_47",
			"from": [7.875, 1.125, 7.9375],
			"to": [8.125, 1.25, 8.125],
			"faces": {
				"north": {"uv": [8.125, 14.75, 7.875, 14.875], "texture": "#0"},
				"east": {"uv": [8, 14.75, 8.125, 14.875], "texture": "#0"},
				"south": {"uv": [7.875, 14.75, 8.125, 14.875], "texture": "#0"}
			}
		},
		{
			"name": "Layer 4_48",
			"from": [7.75, 0.125, 7.9375],
			"to": [7.875, 0.875, 8.125],
			"faces": {
				"north": {"uv": [7.875, 15.125, 7.75, 15.875], "texture": "#0"},
				"east": {"uv": [7.75, 15.125, 7.875, 15.875], "texture": "#0"},
				"south": {"uv": [7.75, 15.125, 7.875, 15.875], "texture": "#0"},
				"west": {"uv": [7.75, 15.125, 7.875, 15.875], "texture": "#0"},
				"down": {"uv": [7.75, 15.75, 7.875, 15.875], "texture": "#0"}
			}
		},
		{
			"name": "Layer 4_49",
			"from": [7.625, 0, 7.9375],
			"to": [7.75, 0.75, 8.125],
			"faces": {
				"north": {"uv": [7.75, 15.25, 7.625, 16], "texture": "#0"},
				"east": {"uv": [7.625, 15.25, 7.75, 16], "texture": "#0"},
				"south": {"uv": [7.625, 15.25, 7.75, 16], "texture": "#0"},
				"west": {"uv": [7.625, 15.25, 7.75, 16], "texture": "#0"},
				"up": {"uv": [7.625, 15.25, 7.75, 15.375], "texture": "#0"},
				"down": {"uv": [7.625, 15.875, 7.75, 16], "texture": "#0"}
			}
		},
		{
			"name": "Layer 4_50",
			"from": [7.875, 0.375, 7.9375],
			"to": [8.125, 0.75, 8.125],
			"faces": {
				"north": {"uv": [8.125, 15.25, 7.875, 15.625], "texture": "#0"},
				"east": {"uv": [8, 15.25, 8.125, 15.625], "texture": "#0"},
				"south": {"uv": [7.875, 15.25, 8.125, 15.625], "texture": "#0"},
				"down": {"uv": [7.875, 15.5, 8.125, 15.625], "texture": "#0"}
			}
		},
		{
			"name": "Layer 4_51",
			"from": [7.5, 0, 7.9375],
			"to": [7.625, 0.625, 8.125],
			"faces": {
				"north": {"uv": [7.625, 15.375, 7.5, 16], "texture": "#0"},
				"south": {"uv": [7.5, 15.375, 7.625, 16], "texture": "#0"},
				"west": {"uv": [7.5, 15.375, 7.625, 16], "texture": "#0"},
				"up": {"uv": [7.5, 15.375, 7.625, 15.5], "texture": "#0"},
				"down": {"uv": [7.5, 15.875, 7.625, 16], "texture": "#0"}
			}
		},
		{
			"name": "Layer 4_52",
			"from": [8.125, 0.5, 7.9375],
			"to": [8.25, 0.625, 8.125],
			"faces": {
				"north": {"uv": [8.25, 15.375, 8.125, 15.5], "texture": "#0"},
				"east": {"uv": [8.125, 15.375, 8.25, 15.5], "texture": "#0"},
				"south": {"uv": [8.125, 15.375, 8.25, 15.5], "texture": "#0"},
				"down": {"uv": [8.125, 15.375, 8.25, 15.5], "texture": "#0"}
			}
		},
		{
			"name": "Layer 4_53",
			"from": [7.125, 0.375, 7.9375],
			"to": [7.5, 0.5, 8.125],
			"faces": {
				"north": {"uv": [7.5, 15.5, 7.125, 15.625], "texture": "#0"},
				"south": {"uv": [7.125, 15.5, 7.5, 15.625], "texture": "#0"},
				"west": {"uv": [7.125, 15.5, 7.25, 15.625], "texture": "#0"},
				"up": {"uv": [7.125, 15.5, 7.5, 15.625], "texture": "#0"},
				"down": {"uv": [7.125, 15.5, 7.5, 15.625], "texture": "#0"}
			}
		},
		{
			"name": "Layer 4_54",
			"from": [7.25, 0.25, 7.9375],
			"to": [7.5, 0.375, 8.125],
			"faces": {
				"north": {"uv": [7.5, 15.625, 7.25, 15.75], "texture": "#0"},
				"south": {"uv": [7.25, 15.625, 7.5, 15.75], "texture": "#0"},
				"west": {"uv": [7.25, 15.625, 7.375, 15.75], "texture": "#0"},
				"down": {"uv": [7.25, 15.625, 7.5, 15.75], "texture": "#0"}
			}
		},
		{
			"name": "Layer 4_55",
			"from": [7.875, 0.25, 7.9375],
			"to": [8, 0.375, 8.125],
			"faces": {
				"north": {"uv": [8, 15.625, 7.875, 15.75], "texture": "#0"},
				"east": {"uv": [7.875, 15.625, 8, 15.75], "texture": "#0"},
				"south": {"uv": [7.875, 15.625, 8, 15.75], "texture": "#0"},
				"down": {"uv": [7.875, 15.625, 8, 15.75], "texture": "#0"}
			}
		},
		{
			"name": "Layer 4_56",
			"from": [7.375, 0.125, 7.9375],
			"to": [7.5, 0.25, 8.125],
			"faces": {
				"north": {"uv": [7.5, 15.75, 7.375, 15.875], "texture": "#0"},
				"south": {"uv": [7.375, 15.75, 7.5, 15.875], "texture": "#0"},
				"west": {"uv": [7.375, 15.75, 7.5, 15.875], "texture": "#0"},
				"down": {"uv": [7.375, 15.75, 7.5, 15.875], "texture": "#0"}
			}
		}
	],
	"display": {
		"thirdperson_righthand": {
			"rotation": [0, -90, 0],
			"translation": [0.25, 11.25, 1],
			"scale": [2.5, 2.5, 2.5]
		},
		"thirdperson_lefthand": {
			"rotation": [0, 90, 0],
			"translation": [0, 11.25, 1],
			"scale": [2.5, 2.5, 2.5]
		},
		"firstperson_righthand": {
			"rotation": [1, -91, 0],
			"translation": [0, 6.25, 1.5],
			"scale": [1.25, 1.25, 1.25]
		},
		"firstperson_lefthand": {
			"rotation": [1, 91, 0],
			"translation": [0, 6.25, 1.5],
			"scale": [1.25, 1.25, 1.25]
		},
		"ground": {
			"translation": [0, 19.5, 0],
			"scale": [3, 3, 3]
		},
		"gui": {
			"rotation": [0, 0, -45],
			"translation": [0.5, 1.25, 0],
			"scale": [1.5, 1.5, 1.5]
		},
		"head": {
			"rotation": [180, 0, 45],
			"translation": [0, -14.75, 4.75],
			"scale": [3.5, 3.5, 3.5]
		},
		"fixed": {
			"rotation": [180, 0, 135],
			"translation": [-0.75, 1.25, -0.75],
			"scale": [2, 2, 2]
		}
	},
	"groups": [
		{
			"name": "Layer 2",
			"origin": [8, 8, 8],
			"color": 0,
			"children": [0, 1, 2, 3, 4, 5, 6, 7, 8, 9, 10, 11, 12, 13]
		},
		{
			"name": "Flattened",
			"origin": [8, 8, 8],
			"color": 0,
			"children": [14, 15, 16, 17, 18, 19, 20, 21, 22, 23, 24, 25, 26, 27, 28, 29, 30, 31, 32, 33, 34, 35, 36, 37, 38]
		},
		{
			"name": "Layer 3",
			"origin": [8, 8, 8],
			"color": 0,
			"children": [39, 40, 41, 42, 43, 44, 45, 46, 47, 48, 49, 50, 51, 52, 53, 54, 55, 56, 57, 58, 59, 60, 61, 62, 63]
		},
		{
			"name": "Layer 4",
			"origin": [8, 8, 8],
			"color": 0,
			"children": [
				64,
				65,
				66,
				67,
				68,
				69,
				70,
				71,
				72,
				73,
				74,
				75,
				76,
				77,
				78,
				79,
				80,
				81,
				82,
				83,
				84,
				85,
				86,
				87,
				88,
				89,
				90,
				91,
				92,
				93,
				94,
				95,
				96,
				97,
				98,
				99,
				100,
				101,
				102,
				103,
				104,
				105,
				106,
				107,
				108,
				109,
				110,
				111,
				112,
				113,
				114,
				115,
				116,
				117,
				118,
				119,
				120
			]
		}
	]
}