{
	"credit": "Made with Blockbench",
	"textures": {
		"0": "item/jade_tempest",
		"particle": "item/jade_tempest"
	},
	"elements": [
		{
			"name": "Layer 2_23",
			"from": [8.125, 7.375, 7.875],
			"to": [8.375, 7.5, 8.25],
			"faces": {
				"north": {"uv": [8.375, 8.5, 8.125, 8.625], "texture": "#0"},
				"south": {"uv": [8.125, 8.5, 8.375, 8.625], "texture": "#0"},
				"west": {"uv": [8.125, 8.5, 8.25, 8.625], "texture": "#0"},
				"up": {"uv": [8.125, 8.5, 8.375, 8.625], "texture": "#0"},
				"down": {"uv": [8.125, 8.5, 8.375, 8.625], "texture": "#0"}
			}
		},
		{
			"name": "Layer 2_24",
			"from": [7.5, 7.125, 7.875],
			"to": [7.75, 7.25, 8.25],
			"faces": {
				"north": {"uv": [7.75, 8.75, 7.5, 8.875], "texture": "#0"},
				"east": {"uv": [7.625, 8.75, 7.75, 8.875], "texture": "#0"},
				"south": {"uv": [7.5, 8.75, 7.75, 8.875], "texture": "#0"},
				"up": {"uv": [7.5, 8.75, 7.75, 8.875], "texture": "#0"},
				"down": {"uv": [7.5, 8.75, 7.75, 8.875], "texture": "#0"}
			}
		},
		{
			"name": "Layer 2_25",
			"from": [8, 7, 7.875],
			"to": [8.25, 7.125, 8.25],
			"faces": {
				"north": {"uv": [8.25, 8.875, 8, 9], "texture": "#0"},
				"south": {"uv": [8, 8.875, 8.25, 9], "texture": "#0"},
				"west": {"uv": [8, 8.875, 8.125, 9], "texture": "#0"},
				"up": {"uv": [8, 8.875, 8.25, 9], "texture": "#0"},
				"down": {"uv": [8, 8.875, 8.25, 9], "texture": "#0"}
			}
		},
		{
			"name": "Layer 2_26",
			"from": [7.5, 6.875, 7.875],
			"to": [7.75, 7, 8.25],
			"faces": {
				"north": {"uv": [7.75, 9, 7.5, 9.125], "texture": "#0"},
				"east": {"uv": [7.625, 9, 7.75, 9.125], "texture": "#0"},
				"south": {"uv": [7.5, 9, 7.75, 9.125], "texture": "#0"},
				"up": {"uv": [7.5, 9, 7.75, 9.125], "texture": "#0"},
				"down": {"uv": [7.5, 9, 7.75, 9.125], "texture": "#0"}
			}
		},
		{
			"name": "Layer 2_27",
			"from": [8, 6.75, 7.875],
			"to": [8.25, 6.875, 8.25],
			"faces": {
				"north": {"uv": [8.25, 9.125, 8, 9.25], "texture": "#0"},
				"south": {"uv": [8, 9.125, 8.25, 9.25], "texture": "#0"},
				"west": {"uv": [8, 9.125, 8.125, 9.25], "texture": "#0"},
				"up": {"uv": [8, 9.125, 8.25, 9.25], "texture": "#0"},
				"down": {"uv": [8, 9.125, 8.25, 9.25], "texture": "#0"}
			}
		},
		{
			"name": "Layer 2_28",
			"from": [7.625, 6.5, 7.875],
			"to": [7.875, 6.625, 8.25],
			"faces": {
				"north": {"uv": [7.875, 9.375, 7.625, 9.5], "texture": "#0"},
				"east": {"uv": [7.75, 9.375, 7.875, 9.5], "texture": "#0"},
				"south": {"uv": [7.625, 9.375, 7.875, 9.5], "texture": "#0"},
				"up": {"uv": [7.625, 9.375, 7.875, 9.5], "texture": "#0"},
				"down": {"uv": [7.625, 9.375, 7.875, 9.5], "texture": "#0"}
			}
		},
		{
			"name": "Layer 8_0",
			"from": [7.625, 4.5, 7.9375],
			"to": [7.75, 5.125, 8.1875],
			"faces": {
				"north": {"uv": [7.75, 10.875, 7.625, 11.5], "texture": "#0"},
				"south": {"uv": [7.625, 10.875, 7.75, 11.5], "texture": "#0"},
				"down": {"uv": [7.625, 11.375, 7.75, 11.5], "texture": "#0"}
			}
		},
		{
			"name": "Layer 8_1",
			"from": [7.375, 4.25, 7.9375],
			"to": [7.625, 5, 8.1875],
			"faces": {
				"north": {"uv": [7.625, 11, 7.375, 11.75], "texture": "#0"},
				"east": {"uv": [7.5, 11, 7.625, 11.75], "texture": "#0"},
				"south": {"uv": [7.375, 11, 7.625, 11.75], "texture": "#0"},
				"west": {"uv": [7.375, 11, 7.5, 11.75], "texture": "#0"},
				"down": {"uv": [7.375, 11.625, 7.625, 11.75], "texture": "#0"}
			}
		},
		{
			"name": "Layer 8_2",
			"from": [7.25, 3.75, 7.9375],
			"to": [7.375, 4.625, 8.1875],
			"faces": {
				"north": {"uv": [7.375, 11.375, 7.25, 12.25], "texture": "#0"},
				"east": {"uv": [7.25, 11.375, 7.375, 12.25], "texture": "#0"},
				"south": {"uv": [7.25, 11.375, 7.375, 12.25], "texture": "#0"},
				"west": {"uv": [7.25, 11.375, 7.375, 12.25], "texture": "#0"},
				"up": {"uv": [7.25, 11.375, 7.375, 11.5], "texture": "#0"},
				"down": {"uv": [7.25, 12.125, 7.375, 12.25], "texture": "#0"}
			}
		},
		{
			"name": "Layer 8_3",
			"from": [7.125, 3.5, 7.9375],
			"to": [7.25, 4.375, 8.1875],
			"faces": {
				"north": {"uv": [7.25, 11.625, 7.125, 12.5], "texture": "#0"},
				"east": {"uv": [7.125, 11.625, 7.25, 12.5], "texture": "#0"},
				"south": {"uv": [7.125, 11.625, 7.25, 12.5], "texture": "#0"},
				"west": {"uv": [7.125, 11.625, 7.25, 12.5], "texture": "#0"},
				"up": {"uv": [7.125, 11.625, 7.25, 11.75], "texture": "#0"},
				"down": {"uv": [7.125, 12.375, 7.25, 12.5], "texture": "#0"}
			}
		},
		{
			"name": "Layer 8_4",
			"from": [7.375, 4, 7.9375],
			"to": [7.5, 4.25, 8.1875],
			"faces": {
				"north": {"uv": [7.5, 11.75, 7.375, 12], "texture": "#0"},
				"east": {"uv": [7.375, 11.75, 7.5, 12], "texture": "#0"},
				"south": {"uv": [7.375, 11.75, 7.5, 12], "texture": "#0"},
				"down": {"uv": [7.375, 11.875, 7.5, 12], "texture": "#0"}
			}
		},
		{
			"name": "Layer 8_5",
			"from": [7, 3.125, 7.9375],
			"to": [7.125, 4, 8.1875],
			"faces": {
				"north": {"uv": [7.125, 12, 7, 12.875], "texture": "#0"},
				"east": {"uv": [7, 12, 7.125, 12.875], "texture": "#0"},
				"south": {"uv": [7, 12, 7.125, 12.875], "texture": "#0"},
				"west": {"uv": [7, 12, 7.125, 12.875], "texture": "#0"},
				"up": {"uv": [7, 12, 7.125, 12.125], "texture": "#0"},
				"down": {"uv": [7, 12.75, 7.125, 12.875], "texture": "#0"}
			}
		},
		{
			"name": "Layer 3_0",
			"from": [8.25, 5.625, 7.875],
			"to": [8.375, 6.125, 8.25],
			"faces": {
				"north": {"uv": [8.375, 9.875, 8.25, 10.375], "texture": "#0"},
				"south": {"uv": [8.25, 9.875, 8.375, 10.375], "texture": "#0"}
			}
		},
		{
			"name": "Layer 3_1",
			"from": [8.375, 5.5, 7.875],
			"to": [8.5, 6, 8.25],
			"faces": {
				"north": {"uv": [8.5, 10, 8.375, 10.5], "texture": "#0"},
				"south": {"uv": [8.375, 10, 8.5, 10.5], "texture": "#0"}
			}
		},
		{
			"name": "Layer 4_0",
			"from": [8.25, 7.5, 7.8125],
			"to": [8.625, 7.625, 8.3125],
			"faces": {
				"north": {"uv": [8.625, 8.375, 8.25, 8.5], "texture": "#0"},
				"east": {"uv": [8.5, 8.375, 8.625, 8.5], "texture": "#0"},
				"south": {"uv": [8.25, 8.375, 8.625, 8.5], "texture": "#0"},
				"west": {"uv": [8.25, 8.375, 8.375, 8.5], "texture": "#0"},
				"up": {"uv": [8.25, 8.375, 8.625, 8.5], "texture": "#0"},
				"down": {"uv": [8.25, 8.375, 8.625, 8.5], "texture": "#0"}
			}
		},
		{
			"name": "Layer 4_1",
			"from": [8.375, 7.25, 7.8125],
			"to": [8.75, 7.5, 8.3125],
			"faces": {
				"north": {"uv": [8.75, 8.5, 8.375, 8.75], "texture": "#0"},
				"east": {"uv": [8.625, 8.5, 8.75, 8.75], "texture": "#0"},
				"south": {"uv": [8.375, 8.5, 8.75, 8.75], "texture": "#0"},
				"west": {"uv": [8.375, 8.5, 8.5, 8.75], "texture": "#0"},
				"up": {"uv": [8.375, 8.5, 8.75, 8.625], "texture": "#0"},
				"down": {"uv": [8.375, 8.625, 8.75, 8.75], "texture": "#0"}
			}
		},
		{
			"name": "Layer 4_2",
			"from": [7.375, 5.625, 7.8125],
			"to": [7.5, 7.375, 8.3125],
			"faces": {
				"north": {"uv": [7.5, 8.625, 7.375, 10.375], "texture": "#0"},
				"east": {"uv": [7.375, 8.625, 7.5, 10.375], "texture": "#0"},
				"south": {"uv": [7.375, 8.625, 7.5, 10.375], "texture": "#0"},
				"west": {"uv": [7.375, 8.625, 7.5, 10.375], "texture": "#0"},
				"up": {"uv": [7.375, 8.625, 7.5, 8.75], "texture": "#0"},
				"down": {"uv": [7.375, 10.25, 7.5, 10.375], "texture": "#0"}
			}
		},
		{
			"name": "Layer 4_3",
			"from": [8.25, 6.125, 7.8125],
			"to": [8.375, 7.375, 8.3125],
			"faces": {
				"north": {"uv": [8.375, 8.625, 8.25, 9.875], "texture": "#0"},
				"south": {"uv": [8.25, 8.625, 8.375, 9.875], "texture": "#0"},
				"west": {"uv": [8.25, 8.625, 8.375, 9.875], "texture": "#0"},
				"up": {"uv": [8.25, 8.625, 8.375, 8.75], "texture": "#0"},
				"down": {"uv": [8.25, 9.75, 8.375, 9.875], "texture": "#0"}
			}
		},
		{
			"name": "Layer 4_4",
			"from": [8.75, 7.25, 7.8125],
			"to": [8.875, 7.375, 8.3125],
			"faces": {
				"north": {"uv": [8.875, 8.625, 8.75, 8.75], "texture": "#0"},
				"east": {"uv": [8.75, 8.625, 8.875, 8.75], "texture": "#0"},
				"south": {"uv": [8.75, 8.625, 8.875, 8.75], "texture": "#0"},
				"up": {"uv": [8.75, 8.625, 8.875, 8.75], "texture": "#0"},
				"down": {"uv": [8.75, 8.625, 8.875, 8.75], "texture": "#0"}
			}
		},
		{
			"name": "Layer 4_5",
			"from": [7.25, 6.75, 7.8125],
			"to": [7.375, 7.25, 8.3125],
			"faces": {
				"north": {"uv": [7.375, 8.75, 7.25, 9.25], "texture": "#0"},
				"south": {"uv": [7.25, 8.75, 7.375, 9.25], "texture": "#0"},
				"west": {"uv": [7.25, 8.75, 7.375, 9.25], "texture": "#0"},
				"up": {"uv": [7.25, 8.75, 7.375, 8.875], "texture": "#0"},
				"down": {"uv": [7.25, 9.125, 7.375, 9.25], "texture": "#0"}
			}
		},
		{
			"name": "Layer 4_6",
			"from": [8.125, 7.125, 7.8125],
			"to": [8.25, 7.25, 8.3125],
			"faces": {
				"north": {"uv": [8.25, 8.75, 8.125, 8.875], "texture": "#0"},
				"south": {"uv": [8.125, 8.75, 8.25, 8.875], "texture": "#0"},
				"west": {"uv": [8.125, 8.75, 8.25, 8.875], "texture": "#0"},
				"up": {"uv": [8.125, 8.75, 8.25, 8.875], "texture": "#0"},
				"down": {"uv": [8.125, 8.75, 8.25, 8.875], "texture": "#0"}
			}
		},
		{
			"name": "Layer 4_7",
			"from": [8.375, 7.125, 7.8125],
			"to": [8.625, 7.25, 8.3125],
			"faces": {
				"north": {"uv": [8.625, 8.75, 8.375, 8.875], "texture": "#0"},
				"east": {"uv": [8.5, 8.75, 8.625, 8.875], "texture": "#0"},
				"south": {"uv": [8.375, 8.75, 8.625, 8.875], "texture": "#0"},
				"down": {"uv": [8.375, 8.75, 8.625, 8.875], "texture": "#0"}
			}
		},
		{
			"name": "Layer 4_8",
			"from": [7.5, 7, 7.8125],
			"to": [7.625, 7.125, 8.3125],
			"faces": {
				"north": {"uv": [7.625, 8.875, 7.5, 9], "texture": "#0"},
				"east": {"uv": [7.5, 8.875, 7.625, 9], "texture": "#0"},
				"south": {"uv": [7.5, 8.875, 7.625, 9], "texture": "#0"},
				"up": {"uv": [7.5, 8.875, 7.625, 9], "texture": "#0"},
				"down": {"uv": [7.5, 8.875, 7.625, 9], "texture": "#0"}
			}
		},
		{
			"name": "Layer 4_9",
			"from": [8.375, 6, 7.8125],
			"to": [8.5, 7.125, 8.3125],
			"faces": {
				"north": {"uv": [8.5, 8.875, 8.375, 10], "texture": "#0"},
				"east": {"uv": [8.375, 8.875, 8.5, 10], "texture": "#0"},
				"south": {"uv": [8.375, 8.875, 8.5, 10], "texture": "#0"},
				"west": {"uv": [8.375, 8.875, 8.5, 10], "texture": "#0"},
				"down": {"uv": [8.375, 9.875, 8.5, 10], "texture": "#0"}
			}
		},
		{
			"name": "Layer 4_10",
			"from": [8.125, 6.875, 7.8125],
			"to": [8.25, 7, 8.3125],
			"faces": {
				"north": {"uv": [8.25, 9, 8.125, 9.125], "texture": "#0"},
				"south": {"uv": [8.125, 9, 8.25, 9.125], "texture": "#0"},
				"west": {"uv": [8.125, 9, 8.25, 9.125], "texture": "#0"},
				"up": {"uv": [8.125, 9, 8.25, 9.125], "texture": "#0"},
				"down": {"uv": [8.125, 9, 8.25, 9.125], "texture": "#0"}
			}
		},
		{
			"name": "Layer 4_11",
			"from": [7.125, 6.625, 7.8125],
			"to": [7.25, 6.875, 8.3125],
			"faces": {
				"north": {"uv": [7.25, 9.125, 7.125, 9.375], "texture": "#0"},
				"east": {"uv": [7.125, 9.125, 7.25, 9.375], "texture": "#0"},
				"south": {"uv": [7.125, 9.125, 7.25, 9.375], "texture": "#0"},
				"west": {"uv": [7.125, 9.125, 7.25, 9.375], "texture": "#0"},
				"up": {"uv": [7.125, 9.125, 7.25, 9.25], "texture": "#0"},
				"down": {"uv": [7.125, 9.25, 7.25, 9.375], "texture": "#0"}
			}
		},
		{
			"name": "Layer 4_12",
			"from": [7.5, 5.5, 7.8125],
			"to": [7.625, 6.875, 8.3125],
			"faces": {
				"north": {"uv": [7.625, 9.125, 7.5, 10.5], "texture": "#0"},
				"east": {"uv": [7.5, 9.125, 7.625, 10.5], "texture": "#0"},
				"south": {"uv": [7.5, 9.125, 7.625, 10.5], "texture": "#0"},
				"west": {"uv": [7.5, 9.125, 7.625, 10.5], "texture": "#0"},
				"up": {"uv": [7.5, 9.125, 7.625, 9.25], "texture": "#0"},
				"down": {"uv": [7.5, 10.375, 7.625, 10.5], "texture": "#0"}
			}
		},
		{
			"name": "Layer 4_13",
			"from": [7.625, 6.625, 7.8125],
			"to": [7.75, 6.75, 8.3125],
			"faces": {
				"north": {"uv": [7.75, 9.25, 7.625, 9.375], "texture": "#0"},
				"east": {"uv": [7.625, 9.25, 7.75, 9.375], "texture": "#0"},
				"south": {"uv": [7.625, 9.25, 7.75, 9.375], "texture": "#0"},
				"up": {"uv": [7.625, 9.25, 7.75, 9.375], "texture": "#0"},
				"down": {"uv": [7.625, 9.25, 7.75, 9.375], "texture": "#0"}
			}
		},
		{
			"name": "Layer 4_14",
			"from": [8.125, 4.625, 7.8125],
			"to": [8.25, 6.75, 8.3125],
			"faces": {
				"north": {"uv": [8.25, 9.25, 8.125, 11.375], "texture": "#0"},
				"east": {"uv": [8.125, 9.25, 8.25, 11.375], "texture": "#0"},
				"south": {"uv": [8.125, 9.25, 8.25, 11.375], "texture": "#0"},
				"west": {"uv": [8.125, 9.25, 8.25, 11.375], "texture": "#0"},
				"up": {"uv": [8.125, 9.25, 8.25, 9.375], "texture": "#0"},
				"down": {"uv": [8.125, 11.25, 8.25, 11.375], "texture": "#0"}
			}
		},
		{
			"name": "Layer 4_15",
			"from": [8, 4.625, 7.8125],
			"to": [8.125, 6.625, 8.3125],
			"faces": {
				"north": {"uv": [8.125, 9.375, 8, 11.375], "texture": "#0"},
				"south": {"uv": [8, 9.375, 8.125, 11.375], "texture": "#0"},
				"west": {"uv": [8, 9.375, 8.125, 11.375], "texture": "#0"},
				"up": {"uv": [8, 9.375, 8.125, 9.5], "texture": "#0"},
				"down": {"uv": [8, 11.25, 8.125, 11.375], "texture": "#0"}
			}
		},
		{
			"name": "Layer 4_16",
			"from": [7.625, 5.5, 7.8125],
			"to": [7.75, 6.5, 8.3125],
			"faces": {
				"north": {"uv": [7.75, 9.5, 7.625, 10.5], "texture": "#0"},
				"east": {"uv": [7.625, 9.5, 7.75, 10.5], "texture": "#0"},
				"south": {"uv": [7.625, 9.5, 7.75, 10.5], "texture": "#0"},
				"up": {"uv": [7.625, 9.5, 7.75, 9.625], "texture": "#0"},
				"down": {"uv": [7.625, 10.375, 7.75, 10.5], "texture": "#0"}
			}
		},
		{
			"name": "Layer 4_17",
			"from": [8.5, 3.875, 7.8125],
			"to": [8.625, 6.375, 8.3125],
			"faces": {
				"north": {"uv": [8.625, 9.625, 8.5, 12.125], "texture": "#0"},
				"east": {"uv": [8.5, 9.625, 8.625, 12.125], "texture": "#0"},
				"south": {"uv": [8.5, 9.625, 8.625, 12.125], "texture": "#0"},
				"west": {"uv": [8.5, 9.625, 8.625, 12.125], "texture": "#0"},
				"up": {"uv": [8.5, 9.625, 8.625, 9.75], "texture": "#0"},
				"down": {"uv": [8.5, 12, 8.625, 12.125], "texture": "#0"}
			}
		},
		{
			"name": "Layer 4_18",
			"from": [7.25, 5.75, 7.8125],
			"to": [7.375, 6.25, 8.3125],
			"faces": {
				"north": {"uv": [7.375, 9.75, 7.25, 10.25], "texture": "#0"},
				"south": {"uv": [7.25, 9.75, 7.375, 10.25], "texture": "#0"},
				"west": {"uv": [7.25, 9.75, 7.375, 10.25], "texture": "#0"},
				"up": {"uv": [7.25, 9.75, 7.375, 9.875], "texture": "#0"},
				"down": {"uv": [7.25, 10.125, 7.375, 10.25], "texture": "#0"}
			}
		},
		{
			"name": "Layer 4_19",
			"from": [7.75, 4.75, 7.8125],
			"to": [7.875, 6.25, 8.3125],
			"faces": {
				"north": {"uv": [7.875, 9.75, 7.75, 11.25], "texture": "#0"},
				"east": {"uv": [7.75, 9.75, 7.875, 11.25], "texture": "#0"},
				"south": {"uv": [7.75, 9.75, 7.875, 11.25], "texture": "#0"},
				"west": {"uv": [7.75, 9.75, 7.875, 11.25], "texture": "#0"},
				"up": {"uv": [7.75, 9.75, 7.875, 9.875], "texture": "#0"},
				"down": {"uv": [7.75, 11.125, 7.875, 11.25], "texture": "#0"}
			}
		},
		{
			"name": "Layer 4_20",
			"from": [7.875, 4.75, 7.8125],
			"to": [8, 6, 8.3125],
			"faces": {
				"north": {"uv": [8, 10, 7.875, 11.25], "texture": "#0"},
				"south": {"uv": [7.875, 10, 8, 11.25], "texture": "#0"},
				"up": {"uv": [7.875, 10, 8, 10.125], "texture": "#0"},
				"down": {"uv": [7.875, 11.125, 8, 11.25], "texture": "#0"}
			}
		},
		{
			"name": "Layer 4_21",
			"from": [8.625, 5.375, 7.8125],
			"to": [8.75, 6, 8.3125],
			"faces": {
				"north": {"uv": [8.75, 10, 8.625, 10.625], "texture": "#0"},
				"east": {"uv": [8.625, 10, 8.75, 10.625], "texture": "#0"},
				"south": {"uv": [8.625, 10, 8.75, 10.625], "texture": "#0"},
				"up": {"uv": [8.625, 10, 8.75, 10.125], "texture": "#0"},
				"down": {"uv": [8.625, 10.5, 8.75, 10.625], "texture": "#0"}
			}
		},
		{
			"name": "Layer 4_22",
			"from": [8.25, 4.5, 7.8125],
			"to": [8.375, 5.625, 8.3125],
			"faces": {
				"north": {"uv": [8.375, 10.375, 8.25, 11.5], "texture": "#0"},
				"east": {"uv": [8.25, 10.375, 8.375, 11.5], "texture": "#0"},
				"south": {"uv": [8.25, 10.375, 8.375, 11.5], "texture": "#0"},
				"west": {"uv": [8.25, 10.375, 8.375, 11.5], "texture": "#0"},
				"up": {"uv": [8.25, 10.375, 8.375, 10.5], "texture": "#0"},
				"down": {"uv": [8.25, 11.375, 8.375, 11.5], "texture": "#0"}
			}
		},
		{
			"name": "Layer 4_23",
			"from": [8.375, 4.125, 7.8125],
			"to": [8.5, 5.5, 8.3125],
			"faces": {
				"north": {"uv": [8.5, 10.5, 8.375, 11.875], "texture": "#0"},
				"south": {"uv": [8.375, 10.5, 8.5, 11.875], "texture": "#0"},
				"west": {"uv": [8.375, 10.5, 8.5, 11.875], "texture": "#0"},
				"up": {"uv": [8.375, 10.5, 8.5, 10.625], "texture": "#0"},
				"down": {"uv": [8.375, 11.75, 8.5, 11.875], "texture": "#0"}
			}
		},
		{
			"name": "Layer 4_24",
			"from": [8.625, 3.625, 7.8125],
			"to": [8.75, 5, 8.3125],
			"faces": {
				"north": {"uv": [8.75, 11, 8.625, 12.375], "texture": "#0"},
				"east": {"uv": [8.625, 11, 8.75, 12.375], "texture": "#0"},
				"south": {"uv": [8.625, 11, 8.75, 12.375], "texture": "#0"},
				"west": {"uv": [8.625, 11, 8.75, 12.375], "texture": "#0"},
				"up": {"uv": [8.625, 11, 8.75, 11.125], "texture": "#0"},
				"down": {"uv": [8.625, 12.25, 8.75, 12.375], "texture": "#0"}
			}
		},
		{
			"name": "Layer 4_25",
			"from": [8.75, 3.5, 7.8125],
			"to": [8.875, 4.5, 8.3125],
			"faces": {
				"north": {"uv": [8.875, 11.5, 8.75, 12.5], "texture": "#0"},
				"east": {"uv": [8.75, 11.5, 8.875, 12.5], "texture": "#0"},
				"south": {"uv": [8.75, 11.5, 8.875, 12.5], "texture": "#0"},
				"west": {"uv": [8.75, 11.5, 8.875, 12.5], "texture": "#0"},
				"up": {"uv": [8.75, 11.5, 8.875, 11.625], "texture": "#0"},
				"down": {"uv": [8.75, 12.375, 8.875, 12.5], "texture": "#0"}
			}
		},
		{
			"name": "Layer 4_26",
			"from": [8.875, 3.375, 7.8125],
			"to": [9, 4, 8.3125],
			"faces": {
				"north": {"uv": [9, 12, 8.875, 12.625], "texture": "#0"},
				"east": {"uv": [8.875, 12, 9, 12.625], "texture": "#0"},
				"south": {"uv": [8.875, 12, 9, 12.625], "texture": "#0"},
				"west": {"uv": [8.875, 12, 9, 12.625], "texture": "#0"},
				"up": {"uv": [8.875, 12, 9, 12.125], "texture": "#0"},
				"down": {"uv": [8.875, 12.5, 9, 12.625], "texture": "#0"}
			}
		},
		{
			"name": "Layer 4_27",
			"from": [9, 3.25, 7.8125],
			"to": [9.125, 3.75, 8.3125],
			"faces": {
				"north": {"uv": [9.125, 12.25, 9, 12.75], "texture": "#0"},
				"east": {"uv": [9, 12.25, 9.125, 12.75], "texture": "#0"},
				"south": {"uv": [9, 12.25, 9.125, 12.75], "texture": "#0"},
				"west": {"uv": [9, 12.25, 9.125, 12.75], "texture": "#0"},
				"up": {"uv": [9, 12.25, 9.125, 12.375], "texture": "#0"},
				"down": {"uv": [9, 12.625, 9.125, 12.75], "texture": "#0"}
			}
		},
		{
			"name": "Layer 4_28",
			"from": [9.125, 3.125, 7.8125],
			"to": [9.25, 3.5, 8.3125],
			"faces": {
				"north": {"uv": [9.25, 12.5, 9.125, 12.875], "texture": "#0"},
				"east": {"uv": [9.125, 12.5, 9.25, 12.875], "texture": "#0"},
				"south": {"uv": [9.125, 12.5, 9.25, 12.875], "texture": "#0"},
				"west": {"uv": [9.125, 12.5, 9.25, 12.875], "texture": "#0"},
				"up": {"uv": [9.125, 12.5, 9.25, 12.625], "texture": "#0"},
				"down": {"uv": [9.125, 12.75, 9.25, 12.875], "texture": "#0"}
			}
		},
		{
			"name": "Layer 4_29",
			"from": [9.25, 3, 7.8125],
			"to": [9.375, 3.375, 8.3125],
			"faces": {
				"north": {"uv": [9.375, 12.625, 9.25, 13], "texture": "#0"},
				"east": {"uv": [9.25, 12.625, 9.375, 13], "texture": "#0"},
				"south": {"uv": [9.25, 12.625, 9.375, 13], "texture": "#0"},
				"west": {"uv": [9.25, 12.625, 9.375, 13], "texture": "#0"},
				"up": {"uv": [9.25, 12.625, 9.375, 12.75], "texture": "#0"},
				"down": {"uv": [9.25, 12.875, 9.375, 13], "texture": "#0"}
			}
		},
		{
			"name": "Layer 4_30",
			"from": [9.375, 3, 7.8125],
			"to": [9.5, 3.25, 8.3125],
			"faces": {
				"north": {"uv": [9.5, 12.75, 9.375, 13], "texture": "#0"},
				"east": {"uv": [9.375, 12.75, 9.5, 13], "texture": "#0"},
				"south": {"uv": [9.375, 12.75, 9.5, 13], "texture": "#0"},
				"up": {"uv": [9.375, 12.75, 9.5, 12.875], "texture": "#0"},
				"down": {"uv": [9.375, 12.875, 9.5, 13], "texture": "#0"}
			}
		},
		{
			"name": "Layer 4_31",
			"from": [9.5, 3, 7.8125],
			"to": [9.625, 3.125, 8.3125],
			"faces": {
				"north": {"uv": [9.625, 12.875, 9.5, 13], "texture": "#0"},
				"east": {"uv": [9.5, 12.875, 9.625, 13], "texture": "#0"},
				"south": {"uv": [9.5, 12.875, 9.625, 13], "texture": "#0"},
				"up": {"uv": [9.5, 12.875, 9.625, 13], "texture": "#0"},
				"down": {"uv": [9.5, 12.875, 9.625, 13], "texture": "#0"}
			}
		},
		{
			"name": "Layer 7_0",
			"from": [7.25, 5, 7.875],
			"to": [7.5, 5.625, 8.25],
			"faces": {
				"north": {"uv": [7.5, 10.375, 7.25, 11], "texture": "#0"},
				"south": {"uv": [7.25, 10.375, 7.5, 11], "texture": "#0"},
				"west": {"uv": [7.25, 10.375, 7.375, 11], "texture": "#0"},
				"up": {"uv": [7.25, 10.375, 7.5, 10.5], "texture": "#0"},
				"down": {"uv": [7.25, 10.875, 7.5, 11], "texture": "#0"}
			}
		},
		{
			"name": "Layer 7_1",
			"from": [7.5, 5.125, 7.875],
			"to": [7.75, 5.5, 8.25],
			"faces": {
				"north": {"uv": [7.75, 10.5, 7.5, 10.875], "texture": "#0"},
				"south": {"uv": [7.5, 10.5, 7.75, 10.875], "texture": "#0"},
				"down": {"uv": [7.5, 10.75, 7.75, 10.875], "texture": "#0"}
			}
		},
		{
			"name": "Layer 7_2",
			"from": [7.125, 4.75, 7.875],
			"to": [7.25, 5.375, 8.25],
			"faces": {
				"north": {"uv": [7.25, 10.625, 7.125, 11.25], "texture": "#0"},
				"east": {"uv": [7.125, 10.625, 7.25, 11.25], "texture": "#0"},
				"south": {"uv": [7.125, 10.625, 7.25, 11.25], "texture": "#0"},
				"west": {"uv": [7.125, 10.625, 7.25, 11.25], "texture": "#0"},
				"up": {"uv": [7.125, 10.625, 7.25, 10.75], "texture": "#0"},
				"down": {"uv": [7.125, 11.125, 7.25, 11.25], "texture": "#0"}
			}
		},
		{
			"name": "Layer 7_3",
			"from": [7, 4.625, 7.875],
			"to": [7.125, 5.125, 8.25],
			"faces": {
				"north": {"uv": [7.125, 10.875, 7, 11.375], "texture": "#0"},
				"east": {"uv": [7, 10.875, 7.125, 11.375], "texture": "#0"},
				"south": {"uv": [7, 10.875, 7.125, 11.375], "texture": "#0"},
				"west": {"uv": [7, 10.875, 7.125, 11.375], "texture": "#0"},
				"up": {"uv": [7, 10.875, 7.125, 11], "texture": "#0"},
				"down": {"uv": [7, 11.25, 7.125, 11.375], "texture": "#0"}
			}
		},
		{
			"name": "Layer 7_4",
			"from": [7.5, 5, 7.875],
			"to": [7.625, 5.125, 8.25],
			"faces": {
				"north": {"uv": [7.625, 10.875, 7.5, 11], "texture": "#0"},
				"east": {"uv": [7.5, 10.875, 7.625, 11], "texture": "#0"},
				"south": {"uv": [7.5, 10.875, 7.625, 11], "texture": "#0"},
				"down": {"uv": [7.5, 10.875, 7.625, 11], "texture": "#0"}
			}
		},
		{
			"name": "Layer 7_5",
			"from": [6.875, 4.375, 7.875],
			"to": [7, 5, 8.25],
			"faces": {
				"north": {"uv": [7, 11, 6.875, 11.625], "texture": "#0"},
				"east": {"uv": [6.875, 11, 7, 11.625], "texture": "#0"},
				"south": {"uv": [6.875, 11, 7, 11.625], "texture": "#0"},
				"west": {"uv": [6.875, 11, 7, 11.625], "texture": "#0"},
				"up": {"uv": [6.875, 11, 7, 11.125], "texture": "#0"},
				"down": {"uv": [6.875, 11.5, 7, 11.625], "texture": "#0"}
			}
		},
		{
			"name": "Layer 7_6",
			"from": [7.25, 4.875, 7.875],
			"to": [7.375, 5, 8.25],
			"faces": {
				"north": {"uv": [7.375, 11, 7.25, 11.125], "texture": "#0"},
				"east": {"uv": [7.25, 11, 7.375, 11.125], "texture": "#0"},
				"south": {"uv": [7.25, 11, 7.375, 11.125], "texture": "#0"},
				"down": {"uv": [7.25, 11, 7.375, 11.125], "texture": "#0"}
			}
		},
		{
			"name": "Layer 7_7",
			"from": [6.75, 4.125, 7.875],
			"to": [6.875, 4.75, 8.25],
			"faces": {
				"north": {"uv": [6.875, 11.25, 6.75, 11.875], "texture": "#0"},
				"east": {"uv": [6.75, 11.25, 6.875, 11.875], "texture": "#0"},
				"south": {"uv": [6.75, 11.25, 6.875, 11.875], "texture": "#0"},
				"west": {"uv": [6.75, 11.25, 6.875, 11.875], "texture": "#0"},
				"up": {"uv": [6.75, 11.25, 6.875, 11.375], "texture": "#0"},
				"down": {"uv": [6.75, 11.75, 6.875, 11.875], "texture": "#0"}
			}
		},
		{
			"name": "dragonblade111_0",
			"from": [7.75, 4.375, 7.9375],
			"to": [8, 4.75, 8.1875],
			"rotation": {"angle": 0, "axis": "y", "origin": [0, 0, 8]},
			"faces": {
				"north": {"uv": [8, 11.25, 7.75, 11.625], "texture": "#0"},
				"east": {"uv": [7.875, 11.25, 8, 11.625], "texture": "#0"},
				"south": {"uv": [7.75, 11.25, 8, 11.625], "texture": "#0"},
				"west": {"uv": [7.75, 11.25, 7.875, 11.625], "texture": "#0"},
				"up": {"uv": [7.75, 11.25, 8, 11.375], "texture": "#0"},
				"down": {"uv": [7.75, 11.5, 8, 11.625], "texture": "#0"}
			}
		},
		{
			"name": "dragonblade111_1",
			"from": [8, 4.375, 7.9375],
			"to": [8.125, 4.625, 8.1875],
			"rotation": {"angle": 0, "axis": "y", "origin": [0, 0, 8]},
			"faces": {
				"north": {"uv": [8.125, 11.375, 8, 11.625], "texture": "#0"},
				"east": {"uv": [8, 11.375, 8.125, 11.625], "texture": "#0"},
				"south": {"uv": [8, 11.375, 8.125, 11.625], "texture": "#0"},
				"west": {"uv": [8, 11.375, 8.125, 11.625], "texture": "#0"},
				"up": {"uv": [8, 11.375, 8.125, 11.5], "texture": "#0"},
				"down": {"uv": [8, 11.5, 8.125, 11.625], "texture": "#0"}
			}
		},
		{
			"name": "dragonblade111_2",
			"from": [7.75, 4, 7.9375],
			"to": [8.125, 4.125, 8.1875],
			"rotation": {"angle": 0, "axis": "y", "origin": [0, 0, 8]},
			"faces": {
				"north": {"uv": [8.125, 11.875, 7.75, 12], "texture": "#0"},
				"east": {"uv": [8, 11.875, 8.125, 12], "texture": "#0"},
				"south": {"uv": [7.75, 11.875, 8.125, 12], "texture": "#0"},
				"west": {"uv": [7.75, 11.875, 7.875, 12], "texture": "#0"},
				"up": {"uv": [7.75, 11.875, 8.125, 12], "texture": "#0"},
				"down": {"uv": [7.75, 11.875, 8.125, 12], "texture": "#0"}
			}
		},
		{
			"name": "dragonblade111_3",
			"from": [7.75, 1.5, 7.9375],
			"to": [8.125, 3.875, 8.1875],
			"rotation": {"angle": 0, "axis": "y", "origin": [0, 0, 8]},
			"faces": {
				"north": {"uv": [8.125, 12.125, 7.75, 14.5], "texture": "#0"},
				"east": {"uv": [8, 12.125, 8.125, 14.5], "texture": "#0"},
				"south": {"uv": [7.75, 12.125, 8.125, 14.5], "texture": "#0"},
				"west": {"uv": [7.75, 12.125, 7.875, 14.5], "texture": "#0"},
				"up": {"uv": [7.75, 12.125, 8.125, 12.25], "texture": "#0"},
				"down": {"uv": [7.75, 14.375, 8.125, 14.5], "texture": "#0"}
			}
		},
		{
			"name": "dragonblade111_4",
			"from": [7.75, 1.125, 7.9375],
			"to": [8.125, 1.25, 8.1875],
			"rotation": {"angle": 0, "axis": "y", "origin": [0, 0, 8]},
			"faces": {
				"north": {"uv": [8.125, 14.75, 7.75, 14.875], "texture": "#0"},
				"east": {"uv": [8, 14.75, 8.125, 14.875], "texture": "#0"},
				"south": {"uv": [7.75, 14.75, 8.125, 14.875], "texture": "#0"},
				"west": {"uv": [7.75, 14.75, 7.875, 14.875], "texture": "#0"},
				"up": {"uv": [7.75, 14.75, 8.125, 14.875], "texture": "#0"},
				"down": {"uv": [7.75, 14.75, 8.125, 14.875], "texture": "#0"}
			}
		},
		{
			"name": "dragonblade111_5",
			"from": [7.75, 0.625, 7.9375],
			"to": [8.125, 1, 8.1875],
			"rotation": {"angle": 0, "axis": "y", "origin": [0, 0, 8]},
			"faces": {
				"north": {"uv": [8.125, 15, 7.75, 15.375], "texture": "#0"},
				"east": {"uv": [8, 15, 8.125, 15.375], "texture": "#0"},
				"south": {"uv": [7.75, 15, 8.125, 15.375], "texture": "#0"},
				"west": {"uv": [7.75, 15, 7.875, 15.375], "texture": "#0"},
				"up": {"uv": [7.75, 15, 8.125, 15.125], "texture": "#0"},
				"down": {"uv": [7.75, 15.25, 8.125, 15.375], "texture": "#0"}
			}
		},
		{
			"name": "dragonblade111_6",
			"from": [7.875, 0.5, 7.9375],
			"to": [8, 0.625, 8.1875],
			"rotation": {"angle": 0, "axis": "y", "origin": [0, 0, 8]},
			"faces": {
				"north": {"uv": [8, 15.375, 7.875, 15.5], "texture": "#0"},
				"east": {"uv": [7.875, 15.375, 8, 15.5], "texture": "#0"},
				"south": {"uv": [7.875, 15.375, 8, 15.5], "texture": "#0"},
				"west": {"uv": [7.875, 15.375, 8, 15.5], "texture": "#0"},
				"up": {"uv": [7.875, 15.375, 8, 15.5], "texture": "#0"},
				"down": {"uv": [7.875, 15.375, 8, 15.5], "texture": "#0"}
			}
		},
		{
			"name": "dragonblade1111_0",
			"from": [7.625, 4.125, 7.875],
			"to": [8.25, 4.375, 8.25],
			"rotation": {"angle": 0, "axis": "y", "origin": [0, 0, 8]},
			"faces": {
				"north": {"uv": [8.25, 11.625, 7.625, 11.875], "texture": "#0"},
				"east": {"uv": [8.125, 11.625, 8.25, 11.875], "texture": "#0"},
				"south": {"uv": [7.625, 11.625, 8.25, 11.875], "texture": "#0"},
				"west": {"uv": [7.625, 11.625, 7.75, 11.875], "texture": "#0"},
				"up": {"uv": [7.625, 11.625, 8.25, 11.75], "texture": "#0"},
				"down": {"uv": [7.625, 11.75, 8.25, 11.875], "texture": "#0"}
			}
		},
		{
			"name": "dragonblade1111_1",
			"from": [7.625, 3.875, 7.875],
			"to": [8.25, 4, 8.25],
			"rotation": {"angle": 0, "axis": "y", "origin": [0, 0, 8]},
			"faces": {
				"north": {"uv": [8.25, 12, 7.625, 12.125], "texture": "#0"},
				"east": {"uv": [8.125, 12, 8.25, 12.125], "texture": "#0"},
				"south": {"uv": [7.625, 12, 8.25, 12.125], "texture": "#0"},
				"west": {"uv": [7.625, 12, 7.75, 12.125], "texture": "#0"},
				"up": {"uv": [7.625, 12, 8.25, 12.125], "texture": "#0"},
				"down": {"uv": [7.625, 12, 8.25, 12.125], "texture": "#0"}
			}
		},
		{
			"name": "dragonblade1111_2",
			"from": [7.625, 1.25, 7.875],
			"to": [8.25, 1.5, 8.25],
			"rotation": {"angle": 0, "axis": "y", "origin": [0, 0, 8]},
			"faces": {
				"north": {"uv": [8.25, 14.5, 7.625, 14.75], "texture": "#0"},
				"east": {"uv": [8.125, 14.5, 8.25, 14.75], "texture": "#0"},
				"south": {"uv": [7.625, 14.5, 8.25, 14.75], "texture": "#0"},
				"west": {"uv": [7.625, 14.5, 7.75, 14.75], "texture": "#0"},
				"up": {"uv": [7.625, 14.5, 8.25, 14.625], "texture": "#0"},
				"down": {"uv": [7.625, 14.625, 8.25, 14.75], "texture": "#0"}
			}
		},
		{
			"name": "dragonblade1111_3",
			"from": [7.625, 1, 7.875],
			"to": [8.25, 1.125, 8.25],
			"rotation": {"angle": 0, "axis": "y", "origin": [0, 0, 8]},
			"faces": {
				"north": {"uv": [8.25, 14.875, 7.625, 15], "texture": "#0"},
				"east": {"uv": [8.125, 14.875, 8.25, 15], "texture": "#0"},
				"south": {"uv": [7.625, 14.875, 8.25, 15], "texture": "#0"},
				"west": {"uv": [7.625, 14.875, 7.75, 15], "texture": "#0"},
				"up": {"uv": [7.625, 14.875, 8.25, 15], "texture": "#0"},
				"down": {"uv": [7.625, 14.875, 8.25, 15], "texture": "#0"}
			}
		},
		{
			"name": "dragonblade1111_4",
			"from": [7.625, 0.25, 7.875],
			"to": [7.75, 0.75, 8.25],
			"rotation": {"angle": 0, "axis": "y", "origin": [0, 0, 8]},
			"faces": {
				"north": {"uv": [7.75, 15.25, 7.625, 15.75], "texture": "#0"},
				"east": {"uv": [7.625, 15.25, 7.75, 15.75], "texture": "#0"},
				"south": {"uv": [7.625, 15.25, 7.75, 15.75], "texture": "#0"},
				"west": {"uv": [7.625, 15.25, 7.75, 15.75], "texture": "#0"},
				"up": {"uv": [7.625, 15.25, 7.75, 15.375], "texture": "#0"},
				"down": {"uv": [7.625, 15.625, 7.75, 15.75], "texture": "#0"}
			}
		},
		{
			"name": "dragonblade1111_5",
			"from": [8.125, 0.25, 7.875],
			"to": [8.25, 0.75, 8.25],
			"rotation": {"angle": 0, "axis": "y", "origin": [0, 0, 8]},
			"faces": {
				"north": {"uv": [8.25, 15.25, 8.125, 15.75], "texture": "#0"},
				"east": {"uv": [8.125, 15.25, 8.25, 15.75], "texture": "#0"},
				"south": {"uv": [8.125, 15.25, 8.25, 15.75], "texture": "#0"},
				"west": {"uv": [8.125, 15.25, 8.25, 15.75], "texture": "#0"},
				"up": {"uv": [8.125, 15.25, 8.25, 15.375], "texture": "#0"},
				"down": {"uv": [8.125, 15.625, 8.25, 15.75], "texture": "#0"}
			}
		},
		{
			"name": "dragonblade1111_6",
			"from": [7.75, 0.125, 7.875],
			"to": [7.875, 0.625, 8.25],
			"rotation": {"angle": 0, "axis": "y", "origin": [0, 0, 8]},
			"faces": {
				"north": {"uv": [7.875, 15.375, 7.75, 15.875], "texture": "#0"},
				"east": {"uv": [7.75, 15.375, 7.875, 15.875], "texture": "#0"},
				"south": {"uv": [7.75, 15.375, 7.875, 15.875], "texture": "#0"},
				"west": {"uv": [7.75, 15.375, 7.875, 15.875], "texture": "#0"},
				"up": {"uv": [7.75, 15.375, 7.875, 15.5], "texture": "#0"},
				"down": {"uv": [7.75, 15.75, 7.875, 15.875], "texture": "#0"}
			}
		},
		{
			"name": "dragonblade1111_7",
			"from": [8, 0.125, 7.875],
			"to": [8.125, 0.625, 8.25],
			"rotation": {"angle": 0, "axis": "y", "origin": [0, 0, 8]},
			"faces": {
				"north": {"uv": [8.125, 15.375, 8, 15.875], "texture": "#0"},
				"east": {"uv": [8, 15.375, 8.125, 15.875], "texture": "#0"},
				"south": {"uv": [8, 15.375, 8.125, 15.875], "texture": "#0"},
				"west": {"uv": [8, 15.375, 8.125, 15.875], "texture": "#0"},
				"up": {"uv": [8, 15.375, 8.125, 15.5], "texture": "#0"},
				"down": {"uv": [8, 15.75, 8.125, 15.875], "texture": "#0"}
			}
		},
		{
			"name": "dragonblade1111_8",
			"from": [7.5, 0.375, 7.875],
			"to": [7.625, 0.5, 8.25],
			"rotation": {"angle": 0, "axis": "y", "origin": [0, 0, 8]},
			"faces": {
				"north": {"uv": [7.625, 15.5, 7.5, 15.625], "texture": "#0"},
				"east": {"uv": [7.5, 15.5, 7.625, 15.625], "texture": "#0"},
				"south": {"uv": [7.5, 15.5, 7.625, 15.625], "texture": "#0"},
				"west": {"uv": [7.5, 15.5, 7.625, 15.625], "texture": "#0"},
				"up": {"uv": [7.5, 15.5, 7.625, 15.625], "texture": "#0"},
				"down": {"uv": [7.5, 15.5, 7.625, 15.625], "texture": "#0"}
			}
		},
		{
			"name": "dragonblade1111_9",
			"from": [7.875, 0, 7.875],
			"to": [8, 0.5, 8.25],
			"rotation": {"angle": 0, "axis": "y", "origin": [0, 0, 8]},
			"faces": {
				"north": {"uv": [8, 15.5, 7.875, 16], "texture": "#0"},
				"east": {"uv": [7.875, 15.5, 8, 16], "texture": "#0"},
				"south": {"uv": [7.875, 15.5, 8, 16], "texture": "#0"},
				"west": {"uv": [7.875, 15.5, 8, 16], "texture": "#0"},
				"up": {"uv": [7.875, 15.5, 8, 15.625], "texture": "#0"},
				"down": {"uv": [7.875, 15.875, 8, 16], "texture": "#0"}
			}
		},
		{
			"name": "dragonblade1111_10",
			"from": [8.25, 0.375, 7.875],
			"to": [8.375, 0.5, 8.25],
			"rotation": {"angle": 0, "axis": "y", "origin": [0, 0, 8]},
			"faces": {
				"north": {"uv": [8.375, 15.5, 8.25, 15.625], "texture": "#0"},
				"east": {"uv": [8.25, 15.5, 8.375, 15.625], "texture": "#0"},
				"south": {"uv": [8.25, 15.5, 8.375, 15.625], "texture": "#0"},
				"west": {"uv": [8.25, 15.5, 8.375, 15.625], "texture": "#0"},
				"up": {"uv": [8.25, 15.5, 8.375, 15.625], "texture": "#0"},
				"down": {"uv": [8.25, 15.5, 8.375, 15.625], "texture": "#0"}
			}
		},
		{
			"name": "dragonblade21111_0",
			"from": [9, 15.5, 8],
			"to": [9.125, 15.625, 8.125],
			"rotation": {"angle": 0, "axis": "y", "origin": [0, 0, 8]},
			"faces": {
				"north": {"uv": [9.125, 0.375, 9, 0.5], "texture": "#0"},
				"east": {"uv": [9, 0.375, 9.125, 0.5], "texture": "#0"},
				"south": {"uv": [9, 0.375, 9.125, 0.5], "texture": "#0"},
				"west": {"uv": [9, 0.375, 9.125, 0.5], "texture": "#0"},
				"up": {"uv": [9, 0.375, 9.125, 0.5], "texture": "#0"},
				"down": {"uv": [9, 0.375, 9.125, 0.5], "texture": "#0"}
			}
		},
		{
			"name": "dragonblade21111_1",
			"from": [8.875, 15.375, 8],
			"to": [9, 15.5, 8.125],
			"rotation": {"angle": 0, "axis": "y", "origin": [0, 0, 8]},
			"faces": {
				"north": {"uv": [9, 0.5, 8.875, 0.625], "texture": "#0"},
				"east": {"uv": [8.875, 0.5, 9, 0.625], "texture": "#0"},
				"south": {"uv": [8.875, 0.5, 9, 0.625], "texture": "#0"},
				"west": {"uv": [8.875, 0.5, 9, 0.625], "texture": "#0"},
				"up": {"uv": [8.875, 0.5, 9, 0.625], "texture": "#0"},
				"down": {"uv": [8.875, 0.5, 9, 0.625], "texture": "#0"}
			}
		},
		{
			"name": "dragonblade21111_2",
			"from": [8.75, 15.25, 8],
			"to": [8.875, 15.375, 8.125],
			"rotation": {"angle": 0, "axis": "y", "origin": [0, 0, 8]},
			"faces": {
				"north": {"uv": [8.875, 0.625, 8.75, 0.75], "texture": "#0"},
				"east": {"uv": [8.75, 0.625, 8.875, 0.75], "texture": "#0"},
				"south": {"uv": [8.75, 0.625, 8.875, 0.75], "texture": "#0"},
				"west": {"uv": [8.75, 0.625, 8.875, 0.75], "texture": "#0"},
				"up": {"uv": [8.75, 0.625, 8.875, 0.75], "texture": "#0"},
				"down": {"uv": [8.75, 0.625, 8.875, 0.75], "texture": "#0"}
			}
		},
		{
			"name": "dragonblade21111_3",
			"from": [8.625, 15.125, 8],
			"to": [8.75, 15.25, 8.125],
			"rotation": {"angle": 0, "axis": "y", "origin": [0, 0, 8]},
			"faces": {
				"north": {"uv": [8.75, 0.75, 8.625, 0.875], "texture": "#0"},
				"east": {"uv": [8.625, 0.75, 8.75, 0.875], "texture": "#0"},
				"south": {"uv": [8.625, 0.75, 8.75, 0.875], "texture": "#0"},
				"west": {"uv": [8.625, 0.75, 8.75, 0.875], "texture": "#0"},
				"up": {"uv": [8.625, 0.75, 8.75, 0.875], "texture": "#0"},
				"down": {"uv": [8.625, 0.75, 8.75, 0.875], "texture": "#0"}
			}
		},
		{
			"name": "dragonblade21111_4",
			"from": [8.5, 15, 8],
			"to": [8.625, 15.125, 8.125],
			"rotation": {"angle": 0, "axis": "y", "origin": [0, 0, 8]},
			"faces": {
				"north": {"uv": [8.625, 0.875, 8.5, 1], "texture": "#0"},
				"east": {"uv": [8.5, 0.875, 8.625, 1], "texture": "#0"},
				"south": {"uv": [8.5, 0.875, 8.625, 1], "texture": "#0"},
				"west": {"uv": [8.5, 0.875, 8.625, 1], "texture": "#0"},
				"up": {"uv": [8.5, 0.875, 8.625, 1], "texture": "#0"},
				"down": {"uv": [8.5, 0.875, 8.625, 1], "texture": "#0"}
			}
		},
		{
			"name": "dragonblade21111_5",
			"from": [8.375, 14.75, 8],
			"to": [8.5, 15, 8.125],
			"rotation": {"angle": 0, "axis": "y", "origin": [0, 0, 8]},
			"faces": {
				"north": {"uv": [8.5, 1, 8.375, 1.25], "texture": "#0"},
				"east": {"uv": [8.375, 1, 8.5, 1.25], "texture": "#0"},
				"south": {"uv": [8.375, 1, 8.5, 1.25], "texture": "#0"},
				"west": {"uv": [8.375, 1, 8.5, 1.25], "texture": "#0"},
				"up": {"uv": [8.375, 1, 8.5, 1.125], "texture": "#0"},
				"down": {"uv": [8.375, 1.125, 8.5, 1.25], "texture": "#0"}
			}
		},
		{
			"name": "dragonblade21111_6",
			"from": [8.25, 14.5, 8],
			"to": [8.375, 14.75, 8.125],
			"rotation": {"angle": 0, "axis": "y", "origin": [0, 0, 8]},
			"faces": {
				"north": {"uv": [8.375, 1.25, 8.25, 1.5], "texture": "#0"},
				"east": {"uv": [8.25, 1.25, 8.375, 1.5], "texture": "#0"},
				"south": {"uv": [8.25, 1.25, 8.375, 1.5], "texture": "#0"},
				"west": {"uv": [8.25, 1.25, 8.375, 1.5], "texture": "#0"},
				"up": {"uv": [8.25, 1.25, 8.375, 1.375], "texture": "#0"},
				"down": {"uv": [8.25, 1.375, 8.375, 1.5], "texture": "#0"}
			}
		},
		{
			"name": "dragonblade21111_7",
			"from": [8.125, 14, 8],
			"to": [8.25, 14.5, 8.125],
			"rotation": {"angle": 0, "axis": "y", "origin": [0, 0, 8]},
			"faces": {
				"north": {"uv": [8.25, 1.5, 8.125, 2], "texture": "#0"},
				"east": {"uv": [8.125, 1.5, 8.25, 2], "texture": "#0"},
				"south": {"uv": [8.125, 1.5, 8.25, 2], "texture": "#0"},
				"west": {"uv": [8.125, 1.5, 8.25, 2], "texture": "#0"},
				"up": {"uv": [8.125, 1.5, 8.25, 1.625], "texture": "#0"},
				"down": {"uv": [8.125, 1.875, 8.25, 2], "texture": "#0"}
			}
		},
		{
			"name": "dragonblade21111_8",
			"from": [8, 13.5, 8],
			"to": [8.125, 14, 8.125],
			"rotation": {"angle": 0, "axis": "y", "origin": [0, 0, 8]},
			"faces": {
				"north": {"uv": [8.125, 2, 8, 2.5], "texture": "#0"},
				"east": {"uv": [8, 2, 8.125, 2.5], "texture": "#0"},
				"south": {"uv": [8, 2, 8.125, 2.5], "texture": "#0"},
				"west": {"uv": [8, 2, 8.125, 2.5], "texture": "#0"},
				"up": {"uv": [8, 2, 8.125, 2.125], "texture": "#0"},
				"down": {"uv": [8, 2.375, 8.125, 2.5], "texture": "#0"}
			}
		},
		{
			"name": "dragonblade21111_9",
			"from": [7.875, 12.875, 8],
			"to": [8, 13.5, 8.125],
			"rotation": {"angle": 0, "axis": "y", "origin": [0, 0, 8]},
			"faces": {
				"north": {"uv": [8, 2.5, 7.875, 3.125], "texture": "#0"},
				"east": {"uv": [7.875, 2.5, 8, 3.125], "texture": "#0"},
				"south": {"uv": [7.875, 2.5, 8, 3.125], "texture": "#0"},
				"west": {"uv": [7.875, 2.5, 8, 3.125], "texture": "#0"},
				"up": {"uv": [7.875, 2.5, 8, 2.625], "texture": "#0"},
				"down": {"uv": [7.875, 3, 8, 3.125], "texture": "#0"}
			}
		},
		{
			"name": "dragonblade21111_10",
			"from": [7.75, 11.625, 8],
			"to": [7.875, 12.875, 8.125],
			"rotation": {"angle": 0, "axis": "y", "origin": [0, 0, 8]},
			"faces": {
				"north": {"uv": [7.875, 3.125, 7.75, 4.375], "texture": "#0"},
				"east": {"uv": [7.75, 3.125, 7.875, 4.375], "texture": "#0"},
				"south": {"uv": [7.75, 3.125, 7.875, 4.375], "texture": "#0"},
				"west": {"uv": [7.75, 3.125, 7.875, 4.375], "texture": "#0"},
				"up": {"uv": [7.75, 3.125, 7.875, 3.25], "texture": "#0"},
				"down": {"uv": [7.75, 4.25, 7.875, 4.375], "texture": "#0"}
			}
		},
		{
			"name": "dragonblade21111_11",
			"from": [7.625, 8.5, 8],
			"to": [7.75, 11.625, 8.125],
			"rotation": {"angle": 0, "axis": "y", "origin": [0, 0, 8]},
			"faces": {
				"north": {"uv": [7.75, 4.375, 7.625, 7.5], "texture": "#0"},
				"east": {"uv": [7.625, 4.375, 7.75, 7.5], "texture": "#0"},
				"south": {"uv": [7.625, 4.375, 7.75, 7.5], "texture": "#0"},
				"west": {"uv": [7.625, 4.375, 7.75, 7.5], "texture": "#0"},
				"up": {"uv": [7.625, 4.375, 7.75, 4.5], "texture": "#0"},
				"down": {"uv": [7.625, 7.375, 7.75, 7.5], "texture": "#0"}
			}
		},
		{
			"name": "dragonblade21111_12",
			"from": [7.5, 7.25, 8],
			"to": [7.625, 8.5, 8.125],
			"rotation": {"angle": 0, "axis": "y", "origin": [0, 0, 8]},
			"faces": {
				"north": {"uv": [7.625, 7.5, 7.5, 8.75], "texture": "#0"},
				"east": {"uv": [7.5, 7.5, 7.625, 8.75], "texture": "#0"},
				"south": {"uv": [7.5, 7.5, 7.625, 8.75], "texture": "#0"},
				"west": {"uv": [7.5, 7.5, 7.625, 8.75], "texture": "#0"},
				"up": {"uv": [7.5, 7.5, 7.625, 7.625], "texture": "#0"},
				"down": {"uv": [7.5, 8.625, 7.625, 8.75], "texture": "#0"}
			}
		},
		{
			"name": "dragonblade211211_0",
			"from": [9, 15.25, 7.9375],
			"to": [9.125, 15.5, 8.1875],
			"rotation": {"angle": 0, "axis": "y", "origin": [0, 3.125, 8]},
			"faces": {
				"north": {"uv": [9.125, 0.5, 9, 0.75], "texture": "#0"},
				"east": {"uv": [9, 0.5, 9.125, 0.75], "texture": "#0"},
				"south": {"uv": [9, 0.5, 9.125, 0.75], "texture": "#0"},
				"west": {"uv": [9, 0.5, 9.125, 0.75], "texture": "#0"},
				"up": {"uv": [9, 0.5, 9.125, 0.625], "texture": "#0"},
				"down": {"uv": [9, 0.625, 9.125, 0.75], "texture": "#0"}
			}
		},
		{
			"name": "dragonblade211211_1",
			"from": [8.875, 15, 7.9375],
			"to": [9, 15.375, 8.1875],
			"rotation": {"angle": 0, "axis": "y", "origin": [0, 3.125, 8]},
			"faces": {
				"north": {"uv": [9, 0.625, 8.875, 1], "texture": "#0"},
				"east": {"uv": [8.875, 0.625, 9, 1], "texture": "#0"},
				"south": {"uv": [8.875, 0.625, 9, 1], "texture": "#0"},
				"west": {"uv": [8.875, 0.625, 9, 1], "texture": "#0"},
				"up": {"uv": [8.875, 0.625, 9, 0.75], "texture": "#0"},
				"down": {"uv": [8.875, 0.875, 9, 1], "texture": "#0"}
			}
		},
		{
			"name": "dragonblade211211_2",
			"from": [8.75, 14.625, 7.9375],
			"to": [8.875, 15.25, 8.1875],
			"rotation": {"angle": 0, "axis": "y", "origin": [0, 3.125, 8]},
			"faces": {
				"north": {"uv": [8.875, 0.75, 8.75, 1.375], "texture": "#0"},
				"east": {"uv": [8.75, 0.75, 8.875, 1.375], "texture": "#0"},
				"south": {"uv": [8.75, 0.75, 8.875, 1.375], "texture": "#0"},
				"west": {"uv": [8.75, 0.75, 8.875, 1.375], "texture": "#0"},
				"up": {"uv": [8.75, 0.75, 8.875, 0.875], "texture": "#0"},
				"down": {"uv": [8.75, 1.25, 8.875, 1.375], "texture": "#0"}
			}
		},
		{
			"name": "dragonblade211211_3",
			"from": [8.625, 14.125, 7.9375],
			"to": [8.75, 15.125, 8.1875],
			"rotation": {"angle": 0, "axis": "y", "origin": [0, 3.125, 8]},
			"faces": {
				"north": {"uv": [8.75, 0.875, 8.625, 1.875], "texture": "#0"},
				"east": {"uv": [8.625, 0.875, 8.75, 1.875], "texture": "#0"},
				"south": {"uv": [8.625, 0.875, 8.75, 1.875], "texture": "#0"},
				"west": {"uv": [8.625, 0.875, 8.75, 1.875], "texture": "#0"},
				"up": {"uv": [8.625, 0.875, 8.75, 1], "texture": "#0"},
				"down": {"uv": [8.625, 1.75, 8.75, 1.875], "texture": "#0"}
			}
		},
		{
			"name": "dragonblade211211_4",
			"from": [8.5, 13.5, 7.9375],
			"to": [8.625, 15, 8.1875],
			"rotation": {"angle": 0, "axis": "y", "origin": [0, 3.125, 8]},
			"faces": {
				"north": {"uv": [8.625, 1, 8.5, 2.5], "texture": "#0"},
				"east": {"uv": [8.5, 1, 8.625, 2.5], "texture": "#0"},
				"south": {"uv": [8.5, 1, 8.625, 2.5], "texture": "#0"},
				"west": {"uv": [8.5, 1, 8.625, 2.5], "texture": "#0"},
				"up": {"uv": [8.5, 1, 8.625, 1.125], "texture": "#0"},
				"down": {"uv": [8.5, 2.375, 8.625, 2.5], "texture": "#0"}
			}
		},
		{
			"name": "dragonblade211211_5",
			"from": [8.375, 12.5, 7.9375],
			"to": [8.5, 14.75, 8.1875],
			"rotation": {"angle": 0, "axis": "y", "origin": [0, 3.125, 8]},
			"faces": {
				"north": {"uv": [8.5, 1.25, 8.375, 3.5], "texture": "#0"},
				"east": {"uv": [8.375, 1.25, 8.5, 3.5], "texture": "#0"},
				"south": {"uv": [8.375, 1.25, 8.5, 3.5], "texture": "#0"},
				"west": {"uv": [8.375, 1.25, 8.5, 3.5], "texture": "#0"},
				"up": {"uv": [8.375, 1.25, 8.5, 1.375], "texture": "#0"},
				"down": {"uv": [8.375, 3.375, 8.5, 3.5], "texture": "#0"}
			}
		},
		{
			"name": "dragonblade211211_6",
			"from": [8.25, 11.375, 7.9375],
			"to": [8.375, 14.5, 8.1875],
			"rotation": {"angle": 0, "axis": "y", "origin": [0, 3.125, 8]},
			"faces": {
				"north": {"uv": [8.375, 1.5, 8.25, 4.625], "texture": "#0"},
				"east": {"uv": [8.25, 1.5, 8.375, 4.625], "texture": "#0"},
				"south": {"uv": [8.25, 1.5, 8.375, 4.625], "texture": "#0"},
				"west": {"uv": [8.25, 1.5, 8.375, 4.625], "texture": "#0"},
				"up": {"uv": [8.25, 1.5, 8.375, 1.625], "texture": "#0"},
				"down": {"uv": [8.25, 4.5, 8.375, 4.625], "texture": "#0"}
			}
		},
		{
			"name": "dragonblade211211_7",
			"from": [8.125, 7.5, 7.9375],
			"to": [8.25, 14, 8.1875],
			"rotation": {"angle": 0, "axis": "y", "origin": [0, 3.125, 8]},
			"faces": {
				"north": {"uv": [8.25, 2, 8.125, 8.5], "texture": "#0"},
				"east": {"uv": [8.125, 2, 8.25, 8.5], "texture": "#0"},
				"south": {"uv": [8.125, 2, 8.25, 8.5], "texture": "#0"},
				"west": {"uv": [8.125, 2, 8.25, 8.5], "texture": "#0"},
				"up": {"uv": [8.125, 2, 8.25, 2.125], "texture": "#0"},
				"down": {"uv": [8.125, 8.375, 8.25, 8.5], "texture": "#0"}
			}
		},
		{
			"name": "dragonblade211211_8",
			"from": [8, 7.125, 7.9375],
			"to": [8.125, 13.5, 8.1875],
			"rotation": {"angle": 0, "axis": "y", "origin": [0, 3.125, 8]},
			"faces": {
				"north": {"uv": [8.125, 2.5, 8, 8.875], "texture": "#0"},
				"east": {"uv": [8, 2.5, 8.125, 8.875], "texture": "#0"},
				"south": {"uv": [8, 2.5, 8.125, 8.875], "texture": "#0"},
				"west": {"uv": [8, 2.5, 8.125, 8.875], "texture": "#0"},
				"up": {"uv": [8, 2.5, 8.125, 2.625], "texture": "#0"},
				"down": {"uv": [8, 8.75, 8.125, 8.875], "texture": "#0"}
			}
		},
		{
			"name": "dragonblade211211_9",
			"from": [7.875, 6, 7.9375],
			"to": [8, 12.875, 8.1875],
			"rotation": {"angle": 0, "axis": "y", "origin": [0, 3.125, 8]},
			"faces": {
				"north": {"uv": [8, 3.125, 7.875, 10], "texture": "#0"},
				"east": {"uv": [7.875, 3.125, 8, 10], "texture": "#0"},
				"south": {"uv": [7.875, 3.125, 8, 10], "texture": "#0"},
				"west": {"uv": [7.875, 3.125, 8, 10], "texture": "#0"},
				"up": {"uv": [7.875, 3.125, 8, 3.25], "texture": "#0"},
				"down": {"uv": [7.875, 9.875, 8, 10], "texture": "#0"}
			}
		},
		{
			"name": "dragonblade211211_10",
			"from": [7.75, 6.625, 7.9375],
			"to": [7.875, 11.625, 8.1875],
			"rotation": {"angle": 0, "axis": "y", "origin": [0, 3.125, 8]},
			"faces": {
				"north": {"uv": [7.875, 4.375, 7.75, 9.375], "texture": "#0"},
				"east": {"uv": [7.75, 4.375, 7.875, 9.375], "texture": "#0"},
				"south": {"uv": [7.75, 4.375, 7.875, 9.375], "texture": "#0"},
				"west": {"uv": [7.75, 4.375, 7.875, 9.375], "texture": "#0"},
				"up": {"uv": [7.75, 4.375, 7.875, 4.5], "texture": "#0"},
				"down": {"uv": [7.75, 9.25, 7.875, 9.375], "texture": "#0"}
			}
		},
		{
			"name": "dragonblade211211_11",
			"from": [7.625, 7.25, 7.9375],
			"to": [7.75, 8.5, 8.1875],
			"rotation": {"angle": 0, "axis": "y", "origin": [0, 3.125, 8]},
			"faces": {
				"north": {"uv": [7.75, 7.5, 7.625, 8.75], "texture": "#0"},
				"east": {"uv": [7.625, 7.5, 7.75, 8.75], "texture": "#0"},
				"south": {"uv": [7.625, 7.5, 7.75, 8.75], "texture": "#0"},
				"west": {"uv": [7.625, 7.5, 7.75, 8.75], "texture": "#0"},
				"up": {"uv": [7.625, 7.5, 7.75, 7.625], "texture": "#0"},
				"down": {"uv": [7.625, 8.625, 7.75, 8.75], "texture": "#0"}
			}
		},
		{
			"name": "dragonblade211211_12",
			"from": [8.25, 7.625, 7.9375],
			"to": [8.375, 8.25, 8.1875],
			"rotation": {"angle": 0, "axis": "y", "origin": [0, 3.125, 8]},
			"faces": {
				"north": {"uv": [8.375, 7.75, 8.25, 8.375], "texture": "#0"},
				"east": {"uv": [8.25, 7.75, 8.375, 8.375], "texture": "#0"},
				"south": {"uv": [8.25, 7.75, 8.375, 8.375], "texture": "#0"},
				"west": {"uv": [8.25, 7.75, 8.375, 8.375], "texture": "#0"},
				"up": {"uv": [8.25, 7.75, 8.375, 7.875], "texture": "#0"},
				"down": {"uv": [8.25, 8.25, 8.375, 8.375], "texture": "#0"}
			}
		},
		{
			"name": "dragonblade211211_13",
			"from": [8.125, 7.25, 7.9375],
			"to": [8.25, 7.375, 8.1875],
			"rotation": {"angle": 0, "axis": "y", "origin": [0, 3.125, 8]},
			"faces": {
				"north": {"uv": [8.25, 8.625, 8.125, 8.75], "texture": "#0"},
				"east": {"uv": [8.125, 8.625, 8.25, 8.75], "texture": "#0"},
				"south": {"uv": [8.125, 8.625, 8.25, 8.75], "texture": "#0"},
				"west": {"uv": [8.125, 8.625, 8.25, 8.75], "texture": "#0"},
				"up": {"uv": [8.125, 8.625, 8.25, 8.75], "texture": "#0"},
				"down": {"uv": [8.125, 8.625, 8.25, 8.75], "texture": "#0"}
			}
		},
		{
			"name": "dragonblade211211_14",
			"from": [7.625, 7, 7.9375],
			"to": [7.75, 7.125, 8.1875],
			"rotation": {"angle": 0, "axis": "y", "origin": [0, 3.125, 8]},
			"faces": {
				"north": {"uv": [7.75, 8.875, 7.625, 9], "texture": "#0"},
				"east": {"uv": [7.625, 8.875, 7.75, 9], "texture": "#0"},
				"south": {"uv": [7.625, 8.875, 7.75, 9], "texture": "#0"},
				"west": {"uv": [7.625, 8.875, 7.75, 9], "texture": "#0"},
				"up": {"uv": [7.625, 8.875, 7.75, 9], "texture": "#0"},
				"down": {"uv": [7.625, 8.875, 7.75, 9], "texture": "#0"}
			}
		},
		{
			"name": "dragonblade211211_15",
			"from": [8, 6.875, 7.9375],
			"to": [8.125, 7, 8.1875],
			"rotation": {"angle": 0, "axis": "y", "origin": [0, 3.125, 8]},
			"faces": {
				"north": {"uv": [8.125, 9, 8, 9.125], "texture": "#0"},
				"east": {"uv": [8, 9, 8.125, 9.125], "texture": "#0"},
				"south": {"uv": [8, 9, 8.125, 9.125], "texture": "#0"},
				"west": {"uv": [8, 9, 8.125, 9.125], "texture": "#0"},
				"up": {"uv": [8, 9, 8.125, 9.125], "texture": "#0"},
				"down": {"uv": [8, 9, 8.125, 9.125], "texture": "#0"}
			}
		},
		{
			"name": "dragonblade211211_16",
			"from": [7.625, 6.75, 7.9375],
			"to": [7.75, 6.875, 8.1875],
			"rotation": {"angle": 0, "axis": "y", "origin": [0, 3.125, 8]},
			"faces": {
				"north": {"uv": [7.75, 9.125, 7.625, 9.25], "texture": "#0"},
				"east": {"uv": [7.625, 9.125, 7.75, 9.25], "texture": "#0"},
				"south": {"uv": [7.625, 9.125, 7.75, 9.25], "texture": "#0"},
				"west": {"uv": [7.625, 9.125, 7.75, 9.25], "texture": "#0"},
				"up": {"uv": [7.625, 9.125, 7.75, 9.25], "texture": "#0"},
				"down": {"uv": [7.625, 9.125, 7.75, 9.25], "texture": "#0"}
			}
		},
		{
			"name": "dragonblade211211_17",
			"from": [8, 6.625, 7.9375],
			"to": [8.125, 6.75, 8.1875],
			"rotation": {"angle": 0, "axis": "y", "origin": [0, 3.125, 8]},
			"faces": {
				"north": {"uv": [8.125, 9.25, 8, 9.375], "texture": "#0"},
				"east": {"uv": [8, 9.25, 8.125, 9.375], "texture": "#0"},
				"south": {"uv": [8, 9.25, 8.125, 9.375], "texture": "#0"},
				"west": {"uv": [8, 9.25, 8.125, 9.375], "texture": "#0"},
				"up": {"uv": [8, 9.25, 8.125, 9.375], "texture": "#0"},
				"down": {"uv": [8, 9.25, 8.125, 9.375], "texture": "#0"}
			}
		},
		{
			"name": "dragonblade211211_18",
			"from": [7.75, 6.25, 7.9375],
			"to": [7.875, 6.5, 8.1875],
			"rotation": {"angle": 0, "axis": "y", "origin": [0, 3.125, 8]},
			"faces": {
				"north": {"uv": [7.875, 9.5, 7.75, 9.75], "texture": "#0"},
				"east": {"uv": [7.75, 9.5, 7.875, 9.75], "texture": "#0"},
				"south": {"uv": [7.75, 9.5, 7.875, 9.75], "texture": "#0"},
				"west": {"uv": [7.75, 9.5, 7.875, 9.75], "texture": "#0"},
				"up": {"uv": [7.75, 9.5, 7.875, 9.625], "texture": "#0"},
				"down": {"uv": [7.75, 9.625, 7.875, 9.75], "texture": "#0"}
			}
		}
	],
	"display": {
		"thirdperson_righthand": {
			"rotation": [0, -90, 0],
			"translation": [0.25, 11, 1],
			"scale": [2.5, 2.5, 2.5]
		},
		"thirdperson_lefthand": {
			"rotation": [0, 90, 0],
			"translation": [0.25, 11, 1],
			"scale": [2.5, 2.5, 2.5]
		},
		"firstperson_righthand": {
			"rotation": [1, -85, 0],
			"translation": [0, 6, 2.75],
			"scale": [1.25, 1.25, 1.25]
		},
		"firstperson_lefthand": {
			"rotation": [1, 83, 0],
			"translation": [0, 6, 2.75],
			"scale": [1.25, 1.25, 1.25]
		},
		"ground": {
			"translation": [0, 22.25, 0],
			"scale": [2.5, 2.5, 2.5]
		},
		"gui": {
			"rotation": [0, 0, -45],
			"translation": [0.5, 1.25, 0],
			"scale": [1.5, 1.5, 1.5]
		},
		"head": {
			"rotation": [180, 0, 45],
			"translation": [2.5, -14.25, 4.75],
			"scale": [3, 3, 3]
		},
		"fixed": {
			"rotation": [180, 0, 135],
			"translation": [-0.25, 0.75, 0],
			"scale": [2, 2, 2]
		}
	},
	"groups": [
		{
			"name": "Layer 2",
			"origin": [8, 8, 8],
			"color": 0,
			"children": [0, 1, 2, 3, 4, 5]
		},
		{
			"name": "Layer 8",
			"origin": [8, 8, 8],
			"color": 0,
			"children": [6, 7, 8, 9, 10, 11]
		},
		{
			"name": "Layer 3",
			"origin": [8, 8, 8],
			"color": 0,
			"children": [12, 13]
		},
		{
			"name": "Layer 4",
			"origin": [8, 8, 8],
			"color": 0,
			"children": [14, 15, 16, 17, 18, 19, 20, 21, 22, 23, 24, 25, 26, 27, 28, 29, 30, 31, 32, 33, 34, 35, 36, 37, 38, 39, 40, 41, 42, 43, 44, 45]
		},
		{
			"name": "Layer 7",
			"origin": [8, 8, 8],
			"color": 0,
			"children": [46, 47, 48, 49, 50, 51, 52, 53]
		},
		{
			"name": "dragonblade111",
			"origin": [8, 8, 8],
			"color": 0,
			"children": [54, 55, 56, 57, 58, 59, 60]
		},
		{
			"name": "dragonblade1111",
			"origin": [8, 8, 8],
			"color": 0,
			"children": [61, 62, 63, 64, 65, 66, 67, 68, 69, 70, 71]
		},
		{
			"name": "dragonblade21111",
			"origin": [8, 8, 8],
			"color": 0,
			"children": [72, 73, 74, 75, 76, 77, 78, 79, 80, 81, 82, 83, 84]
		},
		{
			"name": "dragonblade211211",
			"origin": [8, 8, 8],
			"color": 0,
			"children": [85, 86, 87, 88, 89, 90, 91, 92, 93, 94, 95, 96, 97, 98, 99, 100, 101, 102, 103]
		}
	]
}