{
	"credit": "Made with Blockbench",
	"textures": {
		"0": "item/loving_spirit",
		"particle": "item/loving_spirit"
	},
	"elements": [
		{
			"name": "Layer 1_0",
			"from": [7.875, 15.125, 8],
			"to": [8, 15.375, 8.125],
			"faces": {
				"north": {"uv": [8, 0.625, 7.875, 0.875], "texture": "#0"},
				"east": {"uv": [7.875, 0.625, 8, 0.875], "texture": "#0"},
				"south": {"uv": [7.875, 0.625, 8, 0.875], "texture": "#0"},
				"west": {"uv": [7.875, 0.625, 8, 0.875], "texture": "#0"},
				"up": {"uv": [7.875, 0.625, 8, 0.75], "texture": "#0"}
			}
		},
		{
			"name": "Layer 1_1",
			"from": [7.75, 14.625, 8],
			"to": [7.875, 15.125, 8.125],
			"faces": {
				"north": {"uv": [7.875, 0.875, 7.75, 1.375], "texture": "#0"},
				"south": {"uv": [7.75, 0.875, 7.875, 1.375], "texture": "#0"},
				"west": {"uv": [7.75, 0.875, 7.875, 1.375], "texture": "#0"},
				"up": {"uv": [7.75, 0.875, 7.875, 1], "texture": "#0"}
			}
		},
		{
			"name": "Layer 1_2",
			"from": [8, 14.625, 8],
			"to": [8.125, 15.125, 8.125],
			"faces": {
				"north": {"uv": [8.125, 0.875, 8, 1.375], "texture": "#0"},
				"east": {"uv": [8, 0.875, 8.125, 1.375], "texture": "#0"},
				"south": {"uv": [8, 0.875, 8.125, 1.375], "texture": "#0"},
				"up": {"uv": [8, 0.875, 8.125, 1], "texture": "#0"}
			}
		},
		{
			"name": "Layer 1_3",
			"from": [7.625, 8.625, 8],
			"to": [7.75, 14.625, 8.125],
			"faces": {
				"north": {"uv": [7.75, 1.375, 7.625, 7.375], "texture": "#0"},
				"south": {"uv": [7.625, 1.375, 7.75, 7.375], "texture": "#0"},
				"west": {"uv": [7.625, 1.375, 7.75, 7.375], "texture": "#0"},
				"up": {"uv": [7.625, 1.375, 7.75, 1.5], "texture": "#0"}
			}
		},
		{
			"name": "Layer 1_4",
			"from": [8.125, 8.625, 8],
			"to": [8.25, 14.625, 8.125],
			"faces": {
				"north": {"uv": [8.25, 1.375, 8.125, 7.375], "texture": "#0"},
				"east": {"uv": [8.125, 1.375, 8.25, 7.375], "texture": "#0"},
				"south": {"uv": [8.125, 1.375, 8.25, 7.375], "texture": "#0"},
				"up": {"uv": [8.125, 1.375, 8.25, 1.5], "texture": "#0"}
			}
		},
		{
			"name": "Layer 1_5",
			"from": [7.5, 7.5, 8],
			"to": [7.625, 8.625, 8.125],
			"faces": {
				"north": {"uv": [7.625, 7.375, 7.5, 8.5], "texture": "#0"},
				"south": {"uv": [7.5, 7.375, 7.625, 8.5], "texture": "#0"},
				"west": {"uv": [7.5, 7.375, 7.625, 8.5], "texture": "#0"},
				"up": {"uv": [7.5, 7.375, 7.625, 7.5], "texture": "#0"}
			}
		},
		{
			"name": "Layer 1_6",
			"from": [8.25, 7.5, 8],
			"to": [8.375, 8.625, 8.125],
			"faces": {
				"north": {"uv": [8.375, 7.375, 8.25, 8.5], "texture": "#0"},
				"east": {"uv": [8.25, 7.375, 8.375, 8.5], "texture": "#0"},
				"south": {"uv": [8.25, 7.375, 8.375, 8.5], "texture": "#0"},
				"up": {"uv": [8.25, 7.375, 8.375, 7.5], "texture": "#0"}
			}
		},
		{
			"name": "Layer 1_7",
			"from": [7.375, 7.125, 8],
			"to": [7.5, 7.5, 8.125],
			"faces": {
				"north": {"uv": [7.5, 8.5, 7.375, 8.875], "texture": "#0"},
				"south": {"uv": [7.375, 8.5, 7.5, 8.875], "texture": "#0"},
				"west": {"uv": [7.375, 8.5, 7.5, 8.875], "texture": "#0"},
				"up": {"uv": [7.375, 8.5, 7.5, 8.625], "texture": "#0"}
			}
		},
		{
			"name": "Layer 1_8",
			"from": [8.375, 7.125, 8],
			"to": [8.5, 7.5, 8.125],
			"faces": {
				"north": {"uv": [8.5, 8.5, 8.375, 8.875], "texture": "#0"},
				"east": {"uv": [8.375, 8.5, 8.5, 8.875], "texture": "#0"},
				"south": {"uv": [8.375, 8.5, 8.5, 8.875], "texture": "#0"},
				"up": {"uv": [8.375, 8.5, 8.5, 8.625], "texture": "#0"}
			}
		},
		{
			"name": "Layer 2_0",
			"from": [7.875, 8.5, 7.9375],
			"to": [8, 15.125, 8.1875],
			"faces": {
				"north": {"uv": [8, 0.875, 7.875, 7.5], "texture": "#0"},
				"east": {"uv": [7.875, 0.875, 8, 7.5], "texture": "#0"},
				"south": {"uv": [7.875, 0.875, 8, 7.5], "texture": "#0"},
				"west": {"uv": [7.875, 0.875, 8, 7.5], "texture": "#0"},
				"up": {"uv": [7.875, 0.875, 8, 1], "texture": "#0"}
			}
		},
		{
			"name": "Layer 2_1",
			"from": [7.75, 8.375, 7.9375],
			"to": [7.875, 14.625, 8.1875],
			"faces": {
				"north": {"uv": [7.875, 1.375, 7.75, 7.625], "texture": "#0"},
				"south": {"uv": [7.75, 1.375, 7.875, 7.625], "texture": "#0"},
				"west": {"uv": [7.75, 1.375, 7.875, 7.625], "texture": "#0"},
				"up": {"uv": [7.75, 1.375, 7.875, 1.5], "texture": "#0"}
			}
		},
		{
			"name": "Layer 2_2",
			"from": [8, 8.375, 7.9375],
			"to": [8.125, 14.625, 8.1875],
			"faces": {
				"north": {"uv": [8.125, 1.375, 8, 7.625], "texture": "#0"},
				"east": {"uv": [8, 1.375, 8.125, 7.625], "texture": "#0"},
				"south": {"uv": [8, 1.375, 8.125, 7.625], "texture": "#0"},
				"up": {"uv": [8, 1.375, 8.125, 1.5], "texture": "#0"}
			}
		},
		{
			"name": "Layer 2_3",
			"from": [7.625, 7.375, 7.9375],
			"to": [7.75, 8.625, 8.1875],
			"faces": {
				"north": {"uv": [7.75, 7.375, 7.625, 8.625], "texture": "#0"},
				"south": {"uv": [7.625, 7.375, 7.75, 8.625], "texture": "#0"},
				"west": {"uv": [7.625, 7.375, 7.75, 8.625], "texture": "#0"},
				"up": {"uv": [7.625, 7.375, 7.75, 7.5], "texture": "#0"}
			}
		},
		{
			"name": "Layer 2_4",
			"from": [8.125, 7.375, 7.9375],
			"to": [8.25, 8.625, 8.1875],
			"faces": {
				"north": {"uv": [8.25, 7.375, 8.125, 8.625], "texture": "#0"},
				"east": {"uv": [8.125, 7.375, 8.25, 8.625], "texture": "#0"},
				"south": {"uv": [8.125, 7.375, 8.25, 8.625], "texture": "#0"},
				"up": {"uv": [8.125, 7.375, 8.25, 7.5], "texture": "#0"}
			}
		},
		{
			"name": "Layer 2_5",
			"from": [7.5, 7.25, 7.9375],
			"to": [7.625, 7.5, 8.1875],
			"faces": {
				"north": {"uv": [7.625, 8.5, 7.5, 8.75], "texture": "#0"},
				"south": {"uv": [7.5, 8.5, 7.625, 8.75], "texture": "#0"},
				"west": {"uv": [7.5, 8.5, 7.625, 8.75], "texture": "#0"},
				"up": {"uv": [7.5, 8.5, 7.625, 8.625], "texture": "#0"}
			}
		},
		{
			"name": "Layer 2_6",
			"from": [8.25, 7.25, 7.9375],
			"to": [8.375, 7.5, 8.1875],
			"faces": {
				"north": {"uv": [8.375, 8.5, 8.25, 8.75], "texture": "#0"},
				"east": {"uv": [8.25, 8.5, 8.375, 8.75], "texture": "#0"},
				"south": {"uv": [8.25, 8.5, 8.375, 8.75], "texture": "#0"},
				"up": {"uv": [8.25, 8.5, 8.375, 8.625], "texture": "#0"}
			}
		},
		{
			"name": "Layer 2_7",
			"from": [7.625, 6.875, 7.9375],
			"to": [7.75, 7.125, 8.1875],
			"faces": {
				"north": {"uv": [7.75, 8.875, 7.625, 9.125], "texture": "#0"},
				"south": {"uv": [7.625, 8.875, 7.75, 9.125], "texture": "#0"}
			}
		},
		{
			"name": "Layer 2_8",
			"from": [8.125, 6.875, 7.9375],
			"to": [8.25, 7.125, 8.1875],
			"faces": {
				"north": {"uv": [8.25, 8.875, 8.125, 9.125], "texture": "#0"},
				"south": {"uv": [8.125, 8.875, 8.25, 9.125], "texture": "#0"}
			}
		},
		{
			"name": "Layer 4_0",
			"from": [7.875, 4.625, 7.9375],
			"to": [8, 5, 8.1875],
			"faces": {
				"north": {"uv": [8, 11, 7.875, 11.375], "texture": "#0"},
				"south": {"uv": [7.875, 11, 8, 11.375], "texture": "#0"}
			}
		},
		{
			"name": "Layer 4_1",
			"from": [7.75, 4.625, 7.9375],
			"to": [7.875, 4.875, 8.1875],
			"faces": {
				"north": {"uv": [7.875, 11.125, 7.75, 11.375], "texture": "#0"},
				"south": {"uv": [7.75, 11.125, 7.875, 11.375], "texture": "#0"}
			}
		},
		{
			"name": "Layer 4_2",
			"from": [8, 4.625, 7.9375],
			"to": [8.125, 4.875, 8.1875],
			"faces": {
				"north": {"uv": [8.125, 11.125, 8, 11.375], "texture": "#0"},
				"south": {"uv": [8, 11.125, 8.125, 11.375], "texture": "#0"}
			}
		},
		{
			"name": "Layer 4_3",
			"from": [7.75, 2, 7.9375],
			"to": [8.125, 4.375, 8.1875],
			"faces": {
				"north": {"uv": [8.125, 11.625, 7.75, 14], "texture": "#0"},
				"east": {"uv": [8, 11.625, 8.125, 14], "texture": "#0"},
				"south": {"uv": [7.75, 11.625, 8.125, 14], "texture": "#0"},
				"west": {"uv": [7.75, 11.625, 7.875, 14], "texture": "#0"}
			}
		},
		{
			"name": "Layer 4_4",
			"from": [7.75, 1.625, 7.9375],
			"to": [8.125, 1.75, 8.1875],
			"faces": {
				"north": {"uv": [8.125, 14.25, 7.75, 14.375], "texture": "#0"},
				"east": {"uv": [8, 14.25, 8.125, 14.375], "texture": "#0"},
				"south": {"uv": [7.75, 14.25, 8.125, 14.375], "texture": "#0"},
				"west": {"uv": [7.75, 14.25, 7.875, 14.375], "texture": "#0"}
			}
		},
		{
			"name": "Flattened_0",
			"from": [7.875, 6.75, 7.875],
			"to": [8, 8.5, 8.25],
			"faces": {
				"north": {"uv": [8, 7.5, 7.875, 9.25], "texture": "#0"},
				"east": {"uv": [7.875, 7.5, 8, 9.25], "texture": "#0"},
				"south": {"uv": [7.875, 7.5, 8, 9.25], "texture": "#0"},
				"west": {"uv": [7.875, 7.5, 8, 9.25], "texture": "#0"},
				"up": {"uv": [7.875, 7.5, 8, 7.625], "texture": "#0"},
				"down": {"uv": [7.875, 9.125, 8, 9.25], "texture": "#0"}
			}
		},
		{
			"name": "Flattened_1",
			"from": [7.75, 6.625, 7.875],
			"to": [7.875, 8.375, 8.25],
			"faces": {
				"north": {"uv": [7.875, 7.625, 7.75, 9.375], "texture": "#0"},
				"east": {"uv": [7.75, 7.625, 7.875, 9.375], "texture": "#0"},
				"south": {"uv": [7.75, 7.625, 7.875, 9.375], "texture": "#0"},
				"west": {"uv": [7.75, 7.625, 7.875, 9.375], "texture": "#0"},
				"up": {"uv": [7.75, 7.625, 7.875, 7.75], "texture": "#0"},
				"down": {"uv": [7.75, 9.25, 7.875, 9.375], "texture": "#0"}
			}
		},
		{
			"name": "Flattened_2",
			"from": [8, 6.625, 7.875],
			"to": [8.125, 8.375, 8.25],
			"faces": {
				"north": {"uv": [8.125, 7.625, 8, 9.375], "texture": "#0"},
				"east": {"uv": [8, 7.625, 8.125, 9.375], "texture": "#0"},
				"south": {"uv": [8, 7.625, 8.125, 9.375], "texture": "#0"},
				"west": {"uv": [8, 7.625, 8.125, 9.375], "texture": "#0"},
				"up": {"uv": [8, 7.625, 8.125, 7.75], "texture": "#0"},
				"down": {"uv": [8, 9.25, 8.125, 9.375], "texture": "#0"}
			}
		},
		{
			"name": "Flattened_3",
			"from": [7.625, 7.125, 7.875],
			"to": [7.75, 7.375, 8.25],
			"faces": {
				"north": {"uv": [7.75, 8.625, 7.625, 8.875], "texture": "#0"},
				"south": {"uv": [7.625, 8.625, 7.75, 8.875], "texture": "#0"},
				"west": {"uv": [7.625, 8.625, 7.75, 8.875], "texture": "#0"},
				"up": {"uv": [7.625, 8.625, 7.75, 8.75], "texture": "#0"},
				"down": {"uv": [7.625, 8.75, 7.75, 8.875], "texture": "#0"}
			}
		},
		{
			"name": "Flattened_4",
			"from": [8.125, 7.125, 7.875],
			"to": [8.25, 7.375, 8.25],
			"faces": {
				"north": {"uv": [8.25, 8.625, 8.125, 8.875], "texture": "#0"},
				"east": {"uv": [8.125, 8.625, 8.25, 8.875], "texture": "#0"},
				"south": {"uv": [8.125, 8.625, 8.25, 8.875], "texture": "#0"},
				"up": {"uv": [8.125, 8.625, 8.25, 8.75], "texture": "#0"},
				"down": {"uv": [8.125, 8.75, 8.25, 8.875], "texture": "#0"}
			}
		},
		{
			"name": "Flattened_5",
			"from": [7.5, 6.625, 7.875],
			"to": [7.625, 7.25, 8.25],
			"faces": {
				"north": {"uv": [7.625, 8.75, 7.5, 9.375], "texture": "#0"},
				"east": {"uv": [7.5, 8.75, 7.625, 9.375], "texture": "#0"},
				"south": {"uv": [7.5, 8.75, 7.625, 9.375], "texture": "#0"},
				"west": {"uv": [7.5, 8.75, 7.625, 9.375], "texture": "#0"},
				"up": {"uv": [7.5, 8.75, 7.625, 8.875], "texture": "#0"},
				"down": {"uv": [7.5, 9.25, 7.625, 9.375], "texture": "#0"}
			}
		},
		{
			"name": "Flattened_6",
			"from": [8.25, 6.625, 7.875],
			"to": [8.375, 7.25, 8.25],
			"faces": {
				"north": {"uv": [8.375, 8.75, 8.25, 9.375], "texture": "#0"},
				"east": {"uv": [8.25, 8.75, 8.375, 9.375], "texture": "#0"},
				"south": {"uv": [8.25, 8.75, 8.375, 9.375], "texture": "#0"},
				"west": {"uv": [8.25, 8.75, 8.375, 9.375], "texture": "#0"},
				"up": {"uv": [8.25, 8.75, 8.375, 8.875], "texture": "#0"},
				"down": {"uv": [8.25, 9.25, 8.375, 9.375], "texture": "#0"}
			}
		},
		{
			"name": "Flattened_7",
			"from": [7.25, 6.875, 7.875],
			"to": [7.5, 7.125, 8.25],
			"faces": {
				"north": {"uv": [7.5, 8.875, 7.25, 9.125], "texture": "#0"},
				"south": {"uv": [7.25, 8.875, 7.5, 9.125], "texture": "#0"},
				"west": {"uv": [7.25, 8.875, 7.375, 9.125], "texture": "#0"},
				"up": {"uv": [7.25, 8.875, 7.5, 9], "texture": "#0"},
				"down": {"uv": [7.25, 9, 7.5, 9.125], "texture": "#0"}
			}
		},
		{
			"name": "Flattened_8",
			"from": [8.375, 6.875, 7.875],
			"to": [8.625, 7.125, 8.25],
			"faces": {
				"north": {"uv": [8.625, 8.875, 8.375, 9.125], "texture": "#0"},
				"east": {"uv": [8.5, 8.875, 8.625, 9.125], "texture": "#0"},
				"south": {"uv": [8.375, 8.875, 8.625, 9.125], "texture": "#0"},
				"up": {"uv": [8.375, 8.875, 8.625, 9], "texture": "#0"},
				"down": {"uv": [8.375, 9, 8.625, 9.125], "texture": "#0"}
			}
		},
		{
			"name": "Flattened_9",
			"from": [7.375, 6.75, 7.875],
			"to": [7.5, 6.875, 8.25],
			"faces": {
				"north": {"uv": [7.5, 9.125, 7.375, 9.25], "texture": "#0"},
				"south": {"uv": [7.375, 9.125, 7.5, 9.25], "texture": "#0"},
				"west": {"uv": [7.375, 9.125, 7.5, 9.25], "texture": "#0"},
				"down": {"uv": [7.375, 9.125, 7.5, 9.25], "texture": "#0"}
			}
		},
		{
			"name": "Flattened_10",
			"from": [7.625, 6.5, 7.875],
			"to": [7.75, 6.875, 8.25],
			"faces": {
				"north": {"uv": [7.75, 9.125, 7.625, 9.5], "texture": "#0"},
				"east": {"uv": [7.625, 9.125, 7.75, 9.5], "texture": "#0"},
				"south": {"uv": [7.625, 9.125, 7.75, 9.5], "texture": "#0"},
				"west": {"uv": [7.625, 9.125, 7.75, 9.5], "texture": "#0"},
				"up": {"uv": [7.625, 9.125, 7.75, 9.25], "texture": "#0"},
				"down": {"uv": [7.625, 9.375, 7.75, 9.5], "texture": "#0"}
			}
		},
		{
			"name": "Flattened_11",
			"from": [8.125, 6.5, 7.875],
			"to": [8.25, 6.875, 8.25],
			"faces": {
				"north": {"uv": [8.25, 9.125, 8.125, 9.5], "texture": "#0"},
				"east": {"uv": [8.125, 9.125, 8.25, 9.5], "texture": "#0"},
				"south": {"uv": [8.125, 9.125, 8.25, 9.5], "texture": "#0"},
				"west": {"uv": [8.125, 9.125, 8.25, 9.5], "texture": "#0"},
				"up": {"uv": [8.125, 9.125, 8.25, 9.25], "texture": "#0"},
				"down": {"uv": [8.125, 9.375, 8.25, 9.5], "texture": "#0"}
			}
		},
		{
			"name": "Flattened_12",
			"from": [8.375, 6.75, 7.875],
			"to": [8.5, 6.875, 8.25],
			"faces": {
				"north": {"uv": [8.5, 9.125, 8.375, 9.25], "texture": "#0"},
				"east": {"uv": [8.375, 9.125, 8.5, 9.25], "texture": "#0"},
				"south": {"uv": [8.375, 9.125, 8.5, 9.25], "texture": "#0"},
				"down": {"uv": [8.375, 9.125, 8.5, 9.25], "texture": "#0"}
			}
		},
		{
			"name": "Flattened_13",
			"from": [7.5, 6.375, 7.875],
			"to": [7.625, 6.5, 8.25],
			"faces": {
				"north": {"uv": [7.625, 9.5, 7.5, 9.625], "texture": "#0"},
				"east": {"uv": [7.5, 9.5, 7.625, 9.625], "texture": "#0"},
				"south": {"uv": [7.5, 9.5, 7.625, 9.625], "texture": "#0"},
				"west": {"uv": [7.5, 9.5, 7.625, 9.625], "texture": "#0"},
				"up": {"uv": [7.5, 9.5, 7.625, 9.625], "texture": "#0"},
				"down": {"uv": [7.5, 9.5, 7.625, 9.625], "texture": "#0"}
			}
		},
		{
			"name": "Flattened_14",
			"from": [7.875, 6, 7.875],
			"to": [8, 6.5, 8.25],
			"faces": {
				"north": {"uv": [8, 9.5, 7.875, 10], "texture": "#0"},
				"east": {"uv": [7.875, 9.5, 8, 10], "texture": "#0"},
				"south": {"uv": [7.875, 9.5, 8, 10], "texture": "#0"},
				"west": {"uv": [7.875, 9.5, 8, 10], "texture": "#0"},
				"up": {"uv": [7.875, 9.5, 8, 9.625], "texture": "#0"},
				"down": {"uv": [7.875, 9.875, 8, 10], "texture": "#0"}
			}
		},
		{
			"name": "Flattened_15",
			"from": [8.25, 6.375, 7.875],
			"to": [8.375, 6.5, 8.25],
			"faces": {
				"north": {"uv": [8.375, 9.5, 8.25, 9.625], "texture": "#0"},
				"east": {"uv": [8.25, 9.5, 8.375, 9.625], "texture": "#0"},
				"south": {"uv": [8.25, 9.5, 8.375, 9.625], "texture": "#0"},
				"west": {"uv": [8.25, 9.5, 8.375, 9.625], "texture": "#0"},
				"up": {"uv": [8.25, 9.5, 8.375, 9.625], "texture": "#0"},
				"down": {"uv": [8.25, 9.5, 8.375, 9.625], "texture": "#0"}
			}
		},
		{
			"name": "Flattened_16",
			"from": [7.75, 5.875, 7.875],
			"to": [7.875, 6.375, 8.25],
			"faces": {
				"north": {"uv": [7.875, 9.625, 7.75, 10.125], "texture": "#0"},
				"east": {"uv": [7.75, 9.625, 7.875, 10.125], "texture": "#0"},
				"south": {"uv": [7.75, 9.625, 7.875, 10.125], "texture": "#0"},
				"west": {"uv": [7.75, 9.625, 7.875, 10.125], "texture": "#0"},
				"up": {"uv": [7.75, 9.625, 7.875, 9.75], "texture": "#0"},
				"down": {"uv": [7.75, 10, 7.875, 10.125], "texture": "#0"}
			}
		},
		{
			"name": "Flattened_17",
			"from": [8, 5.875, 7.875],
			"to": [8.125, 6.375, 8.25],
			"faces": {
				"north": {"uv": [8.125, 9.625, 8, 10.125], "texture": "#0"},
				"east": {"uv": [8, 9.625, 8.125, 10.125], "texture": "#0"},
				"south": {"uv": [8, 9.625, 8.125, 10.125], "texture": "#0"},
				"west": {"uv": [8, 9.625, 8.125, 10.125], "texture": "#0"},
				"up": {"uv": [8, 9.625, 8.125, 9.75], "texture": "#0"},
				"down": {"uv": [8, 10, 8.125, 10.125], "texture": "#0"}
			}
		},
		{
			"name": "Flattened_18",
			"from": [7.625, 5.75, 7.875],
			"to": [7.75, 6.25, 8.25],
			"faces": {
				"north": {"uv": [7.75, 9.75, 7.625, 10.25], "texture": "#0"},
				"east": {"uv": [7.625, 9.75, 7.75, 10.25], "texture": "#0"},
				"south": {"uv": [7.625, 9.75, 7.75, 10.25], "texture": "#0"},
				"west": {"uv": [7.625, 9.75, 7.75, 10.25], "texture": "#0"},
				"up": {"uv": [7.625, 9.75, 7.75, 9.875], "texture": "#0"},
				"down": {"uv": [7.625, 10.125, 7.75, 10.25], "texture": "#0"}
			}
		},
		{
			"name": "Flattened_19",
			"from": [8.125, 5.75, 7.875],
			"to": [8.25, 6.25, 8.25],
			"faces": {
				"north": {"uv": [8.25, 9.75, 8.125, 10.25], "texture": "#0"},
				"east": {"uv": [8.125, 9.75, 8.25, 10.25], "texture": "#0"},
				"south": {"uv": [8.125, 9.75, 8.25, 10.25], "texture": "#0"},
				"west": {"uv": [8.125, 9.75, 8.25, 10.25], "texture": "#0"},
				"up": {"uv": [8.125, 9.75, 8.25, 9.875], "texture": "#0"},
				"down": {"uv": [8.125, 10.125, 8.25, 10.25], "texture": "#0"}
			}
		},
		{
			"name": "Flattened_20",
			"from": [7.5, 5.625, 7.875],
			"to": [7.625, 6.125, 8.25],
			"faces": {
				"north": {"uv": [7.625, 9.875, 7.5, 10.375], "texture": "#0"},
				"east": {"uv": [7.5, 9.875, 7.625, 10.375], "texture": "#0"},
				"south": {"uv": [7.5, 9.875, 7.625, 10.375], "texture": "#0"},
				"west": {"uv": [7.5, 9.875, 7.625, 10.375], "texture": "#0"},
				"up": {"uv": [7.5, 9.875, 7.625, 10], "texture": "#0"},
				"down": {"uv": [7.5, 10.25, 7.625, 10.375], "texture": "#0"}
			}
		},
		{
			"name": "Flattened_21",
			"from": [8.25, 5.625, 7.875],
			"to": [8.375, 6.125, 8.25],
			"faces": {
				"north": {"uv": [8.375, 9.875, 8.25, 10.375], "texture": "#0"},
				"east": {"uv": [8.25, 9.875, 8.375, 10.375], "texture": "#0"},
				"south": {"uv": [8.25, 9.875, 8.375, 10.375], "texture": "#0"},
				"west": {"uv": [8.25, 9.875, 8.375, 10.375], "texture": "#0"},
				"up": {"uv": [8.25, 9.875, 8.375, 10], "texture": "#0"},
				"down": {"uv": [8.25, 10.25, 8.375, 10.375], "texture": "#0"}
			}
		},
		{
			"name": "Flattened_22",
			"from": [7.375, 5.5, 7.875],
			"to": [7.5, 6, 8.25],
			"faces": {
				"north": {"uv": [7.5, 10, 7.375, 10.5], "texture": "#0"},
				"east": {"uv": [7.375, 10, 7.5, 10.5], "texture": "#0"},
				"south": {"uv": [7.375, 10, 7.5, 10.5], "texture": "#0"},
				"west": {"uv": [7.375, 10, 7.5, 10.5], "texture": "#0"},
				"up": {"uv": [7.375, 10, 7.5, 10.125], "texture": "#0"},
				"down": {"uv": [7.375, 10.375, 7.5, 10.5], "texture": "#0"}
			}
		},
		{
			"name": "Flattened_23",
			"from": [8.375, 5.5, 7.875],
			"to": [8.5, 6, 8.25],
			"faces": {
				"north": {"uv": [8.5, 10, 8.375, 10.5], "texture": "#0"},
				"east": {"uv": [8.375, 10, 8.5, 10.5], "texture": "#0"},
				"south": {"uv": [8.375, 10, 8.5, 10.5], "texture": "#0"},
				"west": {"uv": [8.375, 10, 8.5, 10.5], "texture": "#0"},
				"up": {"uv": [8.375, 10, 8.5, 10.125], "texture": "#0"},
				"down": {"uv": [8.375, 10.375, 8.5, 10.5], "texture": "#0"}
			}
		},
		{
			"name": "Flattened_24",
			"from": [7.25, 4.75, 7.875],
			"to": [7.375, 5.875, 8.25],
			"faces": {
				"north": {"uv": [7.375, 10.125, 7.25, 11.25], "texture": "#0"},
				"east": {"uv": [7.25, 10.125, 7.375, 11.25], "texture": "#0"},
				"south": {"uv": [7.25, 10.125, 7.375, 11.25], "texture": "#0"},
				"west": {"uv": [7.25, 10.125, 7.375, 11.25], "texture": "#0"},
				"up": {"uv": [7.25, 10.125, 7.375, 10.25], "texture": "#0"},
				"down": {"uv": [7.25, 11.125, 7.375, 11.25], "texture": "#0"}
			}
		},
		{
			"name": "Flattened_25",
			"from": [8.5, 4.75, 7.875],
			"to": [8.625, 5.875, 8.25],
			"faces": {
				"north": {"uv": [8.625, 10.125, 8.5, 11.25], "texture": "#0"},
				"east": {"uv": [8.5, 10.125, 8.625, 11.25], "texture": "#0"},
				"south": {"uv": [8.5, 10.125, 8.625, 11.25], "texture": "#0"},
				"west": {"uv": [8.5, 10.125, 8.625, 11.25], "texture": "#0"},
				"up": {"uv": [8.5, 10.125, 8.625, 10.25], "texture": "#0"},
				"down": {"uv": [8.5, 11.125, 8.625, 11.25], "texture": "#0"}
			}
		},
		{
			"name": "Flattened_26",
			"from": [7.125, 4.875, 7.875],
			"to": [7.25, 5.75, 8.25],
			"faces": {
				"north": {"uv": [7.25, 10.25, 7.125, 11.125], "texture": "#0"},
				"south": {"uv": [7.125, 10.25, 7.25, 11.125], "texture": "#0"},
				"west": {"uv": [7.125, 10.25, 7.25, 11.125], "texture": "#0"},
				"up": {"uv": [7.125, 10.25, 7.25, 10.375], "texture": "#0"},
				"down": {"uv": [7.125, 11, 7.25, 11.125], "texture": "#0"}
			}
		},
		{
			"name": "Flattened_27",
			"from": [8.625, 4.875, 7.875],
			"to": [8.75, 5.75, 8.25],
			"faces": {
				"north": {"uv": [8.75, 10.25, 8.625, 11.125], "texture": "#0"},
				"east": {"uv": [8.625, 10.25, 8.75, 11.125], "texture": "#0"},
				"south": {"uv": [8.625, 10.25, 8.75, 11.125], "texture": "#0"},
				"up": {"uv": [8.625, 10.25, 8.75, 10.375], "texture": "#0"},
				"down": {"uv": [8.625, 11, 8.75, 11.125], "texture": "#0"}
			}
		},
		{
			"name": "Flattened_28",
			"from": [7, 5, 7.875],
			"to": [7.125, 5.625, 8.25],
			"faces": {
				"north": {"uv": [7.125, 10.375, 7, 11], "texture": "#0"},
				"south": {"uv": [7, 10.375, 7.125, 11], "texture": "#0"},
				"west": {"uv": [7, 10.375, 7.125, 11], "texture": "#0"},
				"up": {"uv": [7, 10.375, 7.125, 10.5], "texture": "#0"},
				"down": {"uv": [7, 10.875, 7.125, 11], "texture": "#0"}
			}
		},
		{
			"name": "Flattened_29",
			"from": [8.75, 5, 7.875],
			"to": [8.875, 5.625, 8.25],
			"faces": {
				"north": {"uv": [8.875, 10.375, 8.75, 11], "texture": "#0"},
				"east": {"uv": [8.75, 10.375, 8.875, 11], "texture": "#0"},
				"south": {"uv": [8.75, 10.375, 8.875, 11], "texture": "#0"},
				"up": {"uv": [8.75, 10.375, 8.875, 10.5], "texture": "#0"},
				"down": {"uv": [8.75, 10.875, 8.875, 11], "texture": "#0"}
			}
		},
		{
			"name": "Flattened_30",
			"from": [7.875, 5, 7.875],
			"to": [8, 5.375, 8.25],
			"faces": {
				"north": {"uv": [8, 10.625, 7.875, 11], "texture": "#0"},
				"east": {"uv": [7.875, 10.625, 8, 11], "texture": "#0"},
				"south": {"uv": [7.875, 10.625, 8, 11], "texture": "#0"},
				"west": {"uv": [7.875, 10.625, 8, 11], "texture": "#0"},
				"up": {"uv": [7.875, 10.625, 8, 10.75], "texture": "#0"},
				"down": {"uv": [7.875, 10.875, 8, 11], "texture": "#0"}
			}
		},
		{
			"name": "Flattened_31",
			"from": [7.75, 4.875, 7.875],
			"to": [7.875, 5.25, 8.25],
			"faces": {
				"north": {"uv": [7.875, 10.75, 7.75, 11.125], "texture": "#0"},
				"east": {"uv": [7.75, 10.75, 7.875, 11.125], "texture": "#0"},
				"south": {"uv": [7.75, 10.75, 7.875, 11.125], "texture": "#0"},
				"west": {"uv": [7.75, 10.75, 7.875, 11.125], "texture": "#0"},
				"up": {"uv": [7.75, 10.75, 7.875, 10.875], "texture": "#0"},
				"down": {"uv": [7.75, 11, 7.875, 11.125], "texture": "#0"}
			}
		},
		{
			"name": "Flattened_32",
			"from": [8, 4.875, 7.875],
			"to": [8.125, 5.25, 8.25],
			"faces": {
				"north": {"uv": [8.125, 10.75, 8, 11.125], "texture": "#0"},
				"east": {"uv": [8, 10.75, 8.125, 11.125], "texture": "#0"},
				"south": {"uv": [8, 10.75, 8.125, 11.125], "texture": "#0"},
				"west": {"uv": [8, 10.75, 8.125, 11.125], "texture": "#0"},
				"up": {"uv": [8, 10.75, 8.125, 10.875], "texture": "#0"},
				"down": {"uv": [8, 11, 8.125, 11.125], "texture": "#0"}
			}
		},
		{
			"name": "Flattened_33",
			"from": [7.375, 4.75, 7.875],
			"to": [7.75, 5.125, 8.25],
			"faces": {
				"north": {"uv": [7.75, 10.875, 7.375, 11.25], "texture": "#0"},
				"east": {"uv": [7.625, 10.875, 7.75, 11.25], "texture": "#0"},
				"south": {"uv": [7.375, 10.875, 7.75, 11.25], "texture": "#0"},
				"up": {"uv": [7.375, 10.875, 7.75, 11], "texture": "#0"},
				"down": {"uv": [7.375, 11.125, 7.75, 11.25], "texture": "#0"}
			}
		},
		{
			"name": "Flattened_34",
			"from": [8.125, 4.75, 7.875],
			"to": [8.5, 5.125, 8.25],
			"faces": {
				"north": {"uv": [8.5, 10.875, 8.125, 11.25], "texture": "#0"},
				"south": {"uv": [8.125, 10.875, 8.5, 11.25], "texture": "#0"},
				"west": {"uv": [8.125, 10.875, 8.25, 11.25], "texture": "#0"},
				"up": {"uv": [8.125, 10.875, 8.5, 11], "texture": "#0"},
				"down": {"uv": [8.125, 11.125, 8.5, 11.25], "texture": "#0"}
			}
		},
		{
			"name": "Flattened_35",
			"from": [7.625, 4.375, 7.875],
			"to": [8.25, 4.625, 8.25],
			"faces": {
				"north": {"uv": [8.25, 11.375, 7.625, 11.625], "texture": "#0"},
				"east": {"uv": [8.125, 11.375, 8.25, 11.625], "texture": "#0"},
				"south": {"uv": [7.625, 11.375, 8.25, 11.625], "texture": "#0"},
				"west": {"uv": [7.625, 11.375, 7.75, 11.625], "texture": "#0"},
				"up": {"uv": [7.625, 11.375, 8.25, 11.5], "texture": "#0"},
				"down": {"uv": [7.625, 11.5, 8.25, 11.625], "texture": "#0"}
			}
		},
		{
			"name": "Flattened_36",
			"from": [7.625, 1.75, 7.875],
			"to": [8.25, 2, 8.25],
			"faces": {
				"north": {"uv": [8.25, 14, 7.625, 14.25], "texture": "#0"},
				"east": {"uv": [8.125, 14, 8.25, 14.25], "texture": "#0"},
				"south": {"uv": [7.625, 14, 8.25, 14.25], "texture": "#0"},
				"west": {"uv": [7.625, 14, 7.75, 14.25], "texture": "#0"},
				"up": {"uv": [7.625, 14, 8.25, 14.125], "texture": "#0"},
				"down": {"uv": [7.625, 14.125, 8.25, 14.25], "texture": "#0"}
			}
		},
		{
			"name": "Flattened_37",
			"from": [7.75, 1.25, 7.875],
			"to": [8.125, 1.625, 8.25],
			"faces": {
				"north": {"uv": [8.125, 14.375, 7.75, 14.75], "texture": "#0"},
				"east": {"uv": [8, 14.375, 8.125, 14.75], "texture": "#0"},
				"south": {"uv": [7.75, 14.375, 8.125, 14.75], "texture": "#0"},
				"west": {"uv": [7.75, 14.375, 7.875, 14.75], "texture": "#0"},
				"up": {"uv": [7.75, 14.375, 8.125, 14.5], "texture": "#0"},
				"down": {"uv": [7.75, 14.625, 8.125, 14.75], "texture": "#0"}
			}
		},
		{
			"name": "Flattened_38",
			"from": [7.625, 1.125, 7.875],
			"to": [7.75, 1.5, 8.25],
			"faces": {
				"north": {"uv": [7.75, 14.5, 7.625, 14.875], "texture": "#0"},
				"east": {"uv": [7.625, 14.5, 7.75, 14.875], "texture": "#0"},
				"south": {"uv": [7.625, 14.5, 7.75, 14.875], "texture": "#0"},
				"west": {"uv": [7.625, 14.5, 7.75, 14.875], "texture": "#0"},
				"up": {"uv": [7.625, 14.5, 7.75, 14.625], "texture": "#0"},
				"down": {"uv": [7.625, 14.75, 7.75, 14.875], "texture": "#0"}
			}
		},
		{
			"name": "Flattened_39",
			"from": [8.125, 1.125, 7.875],
			"to": [8.25, 1.5, 8.25],
			"faces": {
				"north": {"uv": [8.25, 14.5, 8.125, 14.875], "texture": "#0"},
				"east": {"uv": [8.125, 14.5, 8.25, 14.875], "texture": "#0"},
				"south": {"uv": [8.125, 14.5, 8.25, 14.875], "texture": "#0"},
				"west": {"uv": [8.125, 14.5, 8.25, 14.875], "texture": "#0"},
				"up": {"uv": [8.125, 14.5, 8.25, 14.625], "texture": "#0"},
				"down": {"uv": [8.125, 14.75, 8.25, 14.875], "texture": "#0"}
			}
		},
		{
			"name": "Flattened_40",
			"from": [7.5, 1.125, 7.875],
			"to": [7.625, 1.25, 8.25],
			"faces": {
				"north": {"uv": [7.625, 14.75, 7.5, 14.875], "texture": "#0"},
				"south": {"uv": [7.5, 14.75, 7.625, 14.875], "texture": "#0"},
				"west": {"uv": [7.5, 14.75, 7.625, 14.875], "texture": "#0"},
				"up": {"uv": [7.5, 14.75, 7.625, 14.875], "texture": "#0"},
				"down": {"uv": [7.5, 14.75, 7.625, 14.875], "texture": "#0"}
			}
		},
		{
			"name": "Flattened_41",
			"from": [8.25, 1.125, 7.875],
			"to": [8.375, 1.25, 8.25],
			"faces": {
				"north": {"uv": [8.375, 14.75, 8.25, 14.875], "texture": "#0"},
				"east": {"uv": [8.25, 14.75, 8.375, 14.875], "texture": "#0"},
				"south": {"uv": [8.25, 14.75, 8.375, 14.875], "texture": "#0"},
				"up": {"uv": [8.25, 14.75, 8.375, 14.875], "texture": "#0"},
				"down": {"uv": [8.25, 14.75, 8.375, 14.875], "texture": "#0"}
			}
		},
		{
			"name": "Layer 1_0",
			"from": [7.125, 6, 8],
			"to": [7.25, 6.125, 8.125],
			"faces": {
				"north": {"uv": [7.25, 9.875, 7.125, 10], "texture": "#0"},
				"south": {"uv": [7.125, 9.875, 7.25, 10], "texture": "#0"},
				"west": {"uv": [7.125, 9.875, 7.25, 10], "texture": "#0"},
				"up": {"uv": [7.125, 9.875, 7.25, 10], "texture": "#0"}
			}
		},
		{
			"name": "Layer 1_1",
			"from": [8.625, 6, 8],
			"to": [8.75, 6.125, 8.125],
			"faces": {
				"north": {"uv": [8.75, 9.875, 8.625, 10], "texture": "#0"},
				"east": {"uv": [8.625, 9.875, 8.75, 10], "texture": "#0"},
				"south": {"uv": [8.625, 9.875, 8.75, 10], "texture": "#0"},
				"up": {"uv": [8.625, 9.875, 8.75, 10], "texture": "#0"}
			}
		},
		{
			"name": "Layer 1_2",
			"from": [6.875, 5.875, 8],
			"to": [7.125, 6, 8.125],
			"faces": {
				"north": {"uv": [7.125, 10, 6.875, 10.125], "texture": "#0"},
				"south": {"uv": [6.875, 10, 7.125, 10.125], "texture": "#0"},
				"west": {"uv": [6.875, 10, 7, 10.125], "texture": "#0"},
				"up": {"uv": [6.875, 10, 7.125, 10.125], "texture": "#0"}
			}
		},
		{
			"name": "Layer 1_3",
			"from": [8.75, 5.875, 8],
			"to": [9, 6, 8.125],
			"faces": {
				"north": {"uv": [9, 10, 8.75, 10.125], "texture": "#0"},
				"east": {"uv": [8.875, 10, 9, 10.125], "texture": "#0"},
				"south": {"uv": [8.75, 10, 9, 10.125], "texture": "#0"},
				"up": {"uv": [8.75, 10, 9, 10.125], "texture": "#0"}
			}
		},
		{
			"name": "Layer 1_4",
			"from": [6.5, 5.625, 8],
			"to": [6.875, 5.875, 8.125],
			"faces": {
				"north": {"uv": [6.875, 10.125, 6.5, 10.375], "texture": "#0"},
				"south": {"uv": [6.5, 10.125, 6.875, 10.375], "texture": "#0"},
				"west": {"uv": [6.5, 10.125, 6.625, 10.375], "texture": "#0"},
				"up": {"uv": [6.5, 10.125, 6.875, 10.25], "texture": "#0"}
			}
		},
		{
			"name": "Layer 1_5",
			"from": [6.875, 5.75, 8],
			"to": [7, 5.875, 8.125],
			"faces": {
				"north": {"uv": [7, 10.125, 6.875, 10.25], "texture": "#0"},
				"south": {"uv": [6.875, 10.125, 7, 10.25], "texture": "#0"}
			}
		},
		{
			"name": "Layer 1_6",
			"from": [8.875, 5.75, 8],
			"to": [9.375, 5.875, 8.125],
			"faces": {
				"north": {"uv": [9.375, 10.125, 8.875, 10.25], "texture": "#0"},
				"east": {"uv": [9.25, 10.125, 9.375, 10.25], "texture": "#0"},
				"south": {"uv": [8.875, 10.125, 9.375, 10.25], "texture": "#0"},
				"up": {"uv": [8.875, 10.125, 9.375, 10.25], "texture": "#0"}
			}
		},
		{
			"name": "Layer 1_7",
			"from": [5.875, 5.625, 8],
			"to": [6.5, 5.75, 8.125],
			"faces": {
				"north": {"uv": [6.5, 10.25, 5.875, 10.375], "texture": "#0"},
				"south": {"uv": [5.875, 10.25, 6.5, 10.375], "texture": "#0"},
				"west": {"uv": [5.875, 10.25, 6, 10.375], "texture": "#0"},
				"up": {"uv": [5.875, 10.25, 6.5, 10.375], "texture": "#0"},
				"down": {"uv": [5.875, 10.25, 6.5, 10.375], "texture": "#0"}
			}
		},
		{
			"name": "Layer 1_8",
			"from": [9, 5.625, 8],
			"to": [10, 5.75, 8.125],
			"faces": {
				"north": {"uv": [10, 10.25, 9, 10.375], "texture": "#0"},
				"east": {"uv": [9.875, 10.25, 10, 10.375], "texture": "#0"},
				"south": {"uv": [9, 10.25, 10, 10.375], "texture": "#0"},
				"up": {"uv": [9, 10.25, 10, 10.375], "texture": "#0"},
				"down": {"uv": [9, 10.25, 10, 10.375], "texture": "#0"}
			}
		},
		{
			"name": "Layer 1_9",
			"from": [6.125, 5.5, 8],
			"to": [6.75, 5.625, 8.125],
			"faces": {
				"north": {"uv": [6.75, 10.375, 6.125, 10.5], "texture": "#0"},
				"south": {"uv": [6.125, 10.375, 6.75, 10.5], "texture": "#0"},
				"west": {"uv": [6.125, 10.375, 6.25, 10.5], "texture": "#0"},
				"down": {"uv": [6.125, 10.375, 6.75, 10.5], "texture": "#0"}
			}
		},
		{
			"name": "Layer 1_10",
			"from": [9.125, 5.5, 8],
			"to": [9.75, 5.625, 8.125],
			"faces": {
				"north": {"uv": [9.75, 10.375, 9.125, 10.5], "texture": "#0"},
				"east": {"uv": [9.625, 10.375, 9.75, 10.5], "texture": "#0"},
				"south": {"uv": [9.125, 10.375, 9.75, 10.5], "texture": "#0"},
				"down": {"uv": [9.125, 10.375, 9.75, 10.5], "texture": "#0"}
			}
		},
		{
			"name": "Layer 1_11",
			"from": [6, 4.75, 8],
			"to": [6.25, 5.125, 8.125],
			"faces": {
				"north": {"uv": [6.25, 10.875, 6, 11.25], "texture": "#0"},
				"south": {"uv": [6, 10.875, 6.25, 11.25], "texture": "#0"},
				"west": {"uv": [6, 10.875, 6.125, 11.25], "texture": "#0"},
				"up": {"uv": [6, 10.875, 6.25, 11], "texture": "#0"},
				"down": {"uv": [6, 11.125, 6.25, 11.25], "texture": "#0"}
			}
		},
		{
			"name": "Layer 1_12",
			"from": [9.625, 4.75, 8],
			"to": [9.875, 5.125, 8.125],
			"faces": {
				"north": {"uv": [9.875, 10.875, 9.625, 11.25], "texture": "#0"},
				"east": {"uv": [9.75, 10.875, 9.875, 11.25], "texture": "#0"},
				"south": {"uv": [9.625, 10.875, 9.875, 11.25], "texture": "#0"},
				"up": {"uv": [9.625, 10.875, 9.875, 11], "texture": "#0"},
				"down": {"uv": [9.625, 11.125, 9.875, 11.25], "texture": "#0"}
			}
		},
		{
			"name": "Layer 1_13",
			"from": [5.625, 4.875, 8],
			"to": [6, 5, 8.125],
			"faces": {
				"north": {"uv": [6, 11, 5.625, 11.125], "texture": "#0"},
				"south": {"uv": [5.625, 11, 6, 11.125], "texture": "#0"},
				"west": {"uv": [5.625, 11, 5.75, 11.125], "texture": "#0"},
				"up": {"uv": [5.625, 11, 6, 11.125], "texture": "#0"},
				"down": {"uv": [5.625, 11, 6, 11.125], "texture": "#0"}
			}
		},
		{
			"name": "Layer 1_14",
			"from": [6.25, 4.75, 8],
			"to": [6.375, 5, 8.125],
			"faces": {
				"north": {"uv": [6.375, 11, 6.25, 11.25], "texture": "#0"},
				"south": {"uv": [6.25, 11, 6.375, 11.25], "texture": "#0"},
				"down": {"uv": [6.25, 11.125, 6.375, 11.25], "texture": "#0"}
			}
		},
		{
			"name": "Layer 1_15",
			"from": [9.5, 4.75, 8],
			"to": [9.625, 5, 8.125],
			"faces": {
				"north": {"uv": [9.625, 11, 9.5, 11.25], "texture": "#0"},
				"south": {"uv": [9.5, 11, 9.625, 11.25], "texture": "#0"},
				"down": {"uv": [9.5, 11.125, 9.625, 11.25], "texture": "#0"}
			}
		},
		{
			"name": "Layer 1_16",
			"from": [9.875, 4.875, 8],
			"to": [10.25, 5, 8.125],
			"faces": {
				"north": {"uv": [10.25, 11, 9.875, 11.125], "texture": "#0"},
				"east": {"uv": [10.125, 11, 10.25, 11.125], "texture": "#0"},
				"south": {"uv": [9.875, 11, 10.25, 11.125], "texture": "#0"},
				"up": {"uv": [9.875, 11, 10.25, 11.125], "texture": "#0"},
				"down": {"uv": [9.875, 11, 10.25, 11.125], "texture": "#0"}
			}
		},
		{
			"name": "Layer 1_17",
			"from": [5.875, 4.75, 8],
			"to": [6, 4.875, 8.125],
			"faces": {
				"north": {"uv": [6, 11.125, 5.875, 11.25], "texture": "#0"},
				"south": {"uv": [5.875, 11.125, 6, 11.25], "texture": "#0"},
				"west": {"uv": [5.875, 11.125, 6, 11.25], "texture": "#0"},
				"down": {"uv": [5.875, 11.125, 6, 11.25], "texture": "#0"}
			}
		},
		{
			"name": "Layer 1_18",
			"from": [6.375, 4.75, 8],
			"to": [6.5, 4.875, 8.125],
			"faces": {
				"north": {"uv": [6.5, 11.125, 6.375, 11.25], "texture": "#0"},
				"east": {"uv": [6.375, 11.125, 6.5, 11.25], "texture": "#0"},
				"south": {"uv": [6.375, 11.125, 6.5, 11.25], "texture": "#0"},
				"down": {"uv": [6.375, 11.125, 6.5, 11.25], "texture": "#0"}
			}
		},
		{
			"name": "Layer 1_19",
			"from": [9.375, 4.75, 8],
			"to": [9.5, 4.875, 8.125],
			"faces": {
				"north": {"uv": [9.5, 11.125, 9.375, 11.25], "texture": "#0"},
				"south": {"uv": [9.375, 11.125, 9.5, 11.25], "texture": "#0"},
				"west": {"uv": [9.375, 11.125, 9.5, 11.25], "texture": "#0"},
				"down": {"uv": [9.375, 11.125, 9.5, 11.25], "texture": "#0"}
			}
		},
		{
			"name": "Layer 1_20",
			"from": [9.875, 4.75, 8],
			"to": [10, 4.875, 8.125],
			"faces": {
				"north": {"uv": [10, 11.125, 9.875, 11.25], "texture": "#0"},
				"east": {"uv": [9.875, 11.125, 10, 11.25], "texture": "#0"},
				"south": {"uv": [9.875, 11.125, 10, 11.25], "texture": "#0"},
				"down": {"uv": [9.875, 11.125, 10, 11.25], "texture": "#0"}
			}
		},
		{
			"name": "Layer 1_21",
			"from": [6.75, 4.125, 8],
			"to": [7.125, 4.5, 8.125],
			"faces": {
				"north": {"uv": [7.125, 11.5, 6.75, 11.875], "texture": "#0"},
				"east": {"uv": [7, 11.5, 7.125, 11.875], "texture": "#0"},
				"south": {"uv": [6.75, 11.5, 7.125, 11.875], "texture": "#0"},
				"west": {"uv": [6.75, 11.5, 6.875, 11.875], "texture": "#0"},
				"up": {"uv": [6.75, 11.5, 7.125, 11.625], "texture": "#0"},
				"down": {"uv": [6.75, 11.75, 7.125, 11.875], "texture": "#0"}
			}
		},
		{
			"name": "Layer 1_22",
			"from": [8.75, 4.125, 8],
			"to": [9.125, 4.5, 8.125],
			"faces": {
				"north": {"uv": [9.125, 11.5, 8.75, 11.875], "texture": "#0"},
				"east": {"uv": [9, 11.5, 9.125, 11.875], "texture": "#0"},
				"south": {"uv": [8.75, 11.5, 9.125, 11.875], "texture": "#0"},
				"west": {"uv": [8.75, 11.5, 8.875, 11.875], "texture": "#0"},
				"up": {"uv": [8.75, 11.5, 9.125, 11.625], "texture": "#0"},
				"down": {"uv": [8.75, 11.75, 9.125, 11.875], "texture": "#0"}
			}
		},
		{
			"name": "Layer 1_23",
			"from": [6.625, 4.125, 8],
			"to": [6.75, 4.375, 8.125],
			"faces": {
				"north": {"uv": [6.75, 11.625, 6.625, 11.875], "texture": "#0"},
				"south": {"uv": [6.625, 11.625, 6.75, 11.875], "texture": "#0"},
				"west": {"uv": [6.625, 11.625, 6.75, 11.875], "texture": "#0"},
				"up": {"uv": [6.625, 11.625, 6.75, 11.75], "texture": "#0"},
				"down": {"uv": [6.625, 11.75, 6.75, 11.875], "texture": "#0"}
			}
		},
		{
			"name": "Layer 1_24",
			"from": [7.125, 4.25, 8],
			"to": [7.25, 4.375, 8.125],
			"faces": {
				"north": {"uv": [7.25, 11.625, 7.125, 11.75], "texture": "#0"},
				"east": {"uv": [7.125, 11.625, 7.25, 11.75], "texture": "#0"},
				"south": {"uv": [7.125, 11.625, 7.25, 11.75], "texture": "#0"},
				"down": {"uv": [7.125, 11.625, 7.25, 11.75], "texture": "#0"}
			}
		},
		{
			"name": "Layer 1_25",
			"from": [8.625, 4.25, 8],
			"to": [8.75, 4.375, 8.125],
			"faces": {
				"north": {"uv": [8.75, 11.625, 8.625, 11.75], "texture": "#0"},
				"south": {"uv": [8.625, 11.625, 8.75, 11.75], "texture": "#0"},
				"west": {"uv": [8.625, 11.625, 8.75, 11.75], "texture": "#0"},
				"down": {"uv": [8.625, 11.625, 8.75, 11.75], "texture": "#0"}
			}
		},
		{
			"name": "Layer 1_26",
			"from": [9.125, 4.125, 8],
			"to": [9.25, 4.375, 8.125],
			"faces": {
				"north": {"uv": [9.25, 11.625, 9.125, 11.875], "texture": "#0"},
				"east": {"uv": [9.125, 11.625, 9.25, 11.875], "texture": "#0"},
				"south": {"uv": [9.125, 11.625, 9.25, 11.875], "texture": "#0"},
				"up": {"uv": [9.125, 11.625, 9.25, 11.75], "texture": "#0"},
				"down": {"uv": [9.125, 11.75, 9.25, 11.875], "texture": "#0"}
			}
		},
		{
			"name": "Layer 1_27",
			"from": [6.5, 4.125, 8],
			"to": [6.625, 4.25, 8.125],
			"faces": {
				"north": {"uv": [6.625, 11.75, 6.5, 11.875], "texture": "#0"},
				"south": {"uv": [6.5, 11.75, 6.625, 11.875], "texture": "#0"},
				"west": {"uv": [6.5, 11.75, 6.625, 11.875], "texture": "#0"},
				"up": {"uv": [6.5, 11.75, 6.625, 11.875], "texture": "#0"},
				"down": {"uv": [6.5, 11.75, 6.625, 11.875], "texture": "#0"}
			}
		},
		{
			"name": "Layer 1_28",
			"from": [9.25, 4.125, 8],
			"to": [9.375, 4.25, 8.125],
			"faces": {
				"north": {"uv": [9.375, 11.75, 9.25, 11.875], "texture": "#0"},
				"east": {"uv": [9.25, 11.75, 9.375, 11.875], "texture": "#0"},
				"south": {"uv": [9.25, 11.75, 9.375, 11.875], "texture": "#0"},
				"up": {"uv": [9.25, 11.75, 9.375, 11.875], "texture": "#0"},
				"down": {"uv": [9.25, 11.75, 9.375, 11.875], "texture": "#0"}
			}
		},
		{
			"name": "Layer 1_29",
			"from": [7.125, 0.625, 8],
			"to": [7.5, 0.875, 8.125],
			"faces": {
				"north": {"uv": [7.5, 15.125, 7.125, 15.375], "texture": "#0"},
				"east": {"uv": [7.375, 15.125, 7.5, 15.375], "texture": "#0"},
				"south": {"uv": [7.125, 15.125, 7.5, 15.375], "texture": "#0"},
				"west": {"uv": [7.125, 15.125, 7.25, 15.375], "texture": "#0"},
				"up": {"uv": [7.125, 15.125, 7.5, 15.25], "texture": "#0"},
				"down": {"uv": [7.125, 15.25, 7.5, 15.375], "texture": "#0"}
			}
		},
		{
			"name": "Layer 1_30",
			"from": [7.875, 0, 8],
			"to": [8, 0.875, 8.125],
			"faces": {
				"north": {"uv": [8, 15.125, 7.875, 16], "texture": "#0"},
				"east": {"uv": [7.875, 15.125, 8, 16], "texture": "#0"},
				"south": {"uv": [7.875, 15.125, 8, 16], "texture": "#0"},
				"west": {"uv": [7.875, 15.125, 8, 16], "texture": "#0"},
				"down": {"uv": [7.875, 15.875, 8, 16], "texture": "#0"}
			}
		},
		{
			"name": "Layer 1_31",
			"from": [8.375, 0.625, 8],
			"to": [8.75, 0.875, 8.125],
			"faces": {
				"north": {"uv": [8.75, 15.125, 8.375, 15.375], "texture": "#0"},
				"east": {"uv": [8.625, 15.125, 8.75, 15.375], "texture": "#0"},
				"south": {"uv": [8.375, 15.125, 8.75, 15.375], "texture": "#0"},
				"west": {"uv": [8.375, 15.125, 8.5, 15.375], "texture": "#0"},
				"up": {"uv": [8.375, 15.125, 8.75, 15.25], "texture": "#0"},
				"down": {"uv": [8.375, 15.25, 8.75, 15.375], "texture": "#0"}
			}
		},
		{
			"name": "Layer 1_32",
			"from": [7, 0.625, 8],
			"to": [7.125, 0.75, 8.125],
			"faces": {
				"north": {"uv": [7.125, 15.25, 7, 15.375], "texture": "#0"},
				"south": {"uv": [7, 15.25, 7.125, 15.375], "texture": "#0"},
				"west": {"uv": [7, 15.25, 7.125, 15.375], "texture": "#0"},
				"up": {"uv": [7, 15.25, 7.125, 15.375], "texture": "#0"},
				"down": {"uv": [7, 15.25, 7.125, 15.375], "texture": "#0"}
			}
		},
		{
			"name": "Layer 1_33",
			"from": [7.75, 0.125, 8],
			"to": [7.875, 0.75, 8.125],
			"faces": {
				"north": {"uv": [7.875, 15.25, 7.75, 15.875], "texture": "#0"},
				"south": {"uv": [7.75, 15.25, 7.875, 15.875], "texture": "#0"},
				"west": {"uv": [7.75, 15.25, 7.875, 15.875], "texture": "#0"},
				"down": {"uv": [7.75, 15.75, 7.875, 15.875], "texture": "#0"}
			}
		},
		{
			"name": "Layer 1_34",
			"from": [8, 0.125, 8],
			"to": [8.125, 0.75, 8.125],
			"faces": {
				"north": {"uv": [8.125, 15.25, 8, 15.875], "texture": "#0"},
				"east": {"uv": [8, 15.25, 8.125, 15.875], "texture": "#0"},
				"south": {"uv": [8, 15.25, 8.125, 15.875], "texture": "#0"},
				"down": {"uv": [8, 15.75, 8.125, 15.875], "texture": "#0"}
			}
		},
		{
			"name": "Layer 1_35",
			"from": [8.75, 0.625, 8],
			"to": [8.875, 0.75, 8.125],
			"faces": {
				"north": {"uv": [8.875, 15.25, 8.75, 15.375], "texture": "#0"},
				"east": {"uv": [8.75, 15.25, 8.875, 15.375], "texture": "#0"},
				"south": {"uv": [8.75, 15.25, 8.875, 15.375], "texture": "#0"},
				"up": {"uv": [8.75, 15.25, 8.875, 15.375], "texture": "#0"},
				"down": {"uv": [8.75, 15.25, 8.875, 15.375], "texture": "#0"}
			}
		},
		{
			"name": "Layer 1_36",
			"from": [7.625, 0.375, 8],
			"to": [7.75, 0.625, 8.125],
			"faces": {
				"north": {"uv": [7.75, 15.375, 7.625, 15.625], "texture": "#0"},
				"south": {"uv": [7.625, 15.375, 7.75, 15.625], "texture": "#0"},
				"west": {"uv": [7.625, 15.375, 7.75, 15.625], "texture": "#0"},
				"down": {"uv": [7.625, 15.5, 7.75, 15.625], "texture": "#0"}
			}
		},
		{
			"name": "Layer 1_37",
			"from": [8.125, 0.375, 8],
			"to": [8.25, 0.625, 8.125],
			"faces": {
				"north": {"uv": [8.25, 15.375, 8.125, 15.625], "texture": "#0"},
				"east": {"uv": [8.125, 15.375, 8.25, 15.625], "texture": "#0"},
				"south": {"uv": [8.125, 15.375, 8.25, 15.625], "texture": "#0"},
				"down": {"uv": [8.125, 15.5, 8.25, 15.625], "texture": "#0"}
			}
		},
		{
			"name": "Layer_0",
			"from": [7.875, 6.5, 7.9375],
			"to": [8, 6.75, 8.1875],
			"faces": {
				"north": {"uv": [8, 9.25, 7.875, 9.5], "texture": "#0"},
				"south": {"uv": [7.875, 9.25, 8, 9.5], "texture": "#0"}
			}
		},
		{
			"name": "Layer_1",
			"from": [7.75, 6.375, 7.9375],
			"to": [7.875, 6.625, 8.1875],
			"faces": {
				"north": {"uv": [7.875, 9.375, 7.75, 9.625], "texture": "#0"},
				"south": {"uv": [7.75, 9.375, 7.875, 9.625], "texture": "#0"}
			}
		},
		{
			"name": "Layer_2",
			"from": [8, 6.375, 7.9375],
			"to": [8.125, 6.625, 8.1875],
			"faces": {
				"north": {"uv": [8.125, 9.375, 8, 9.625], "texture": "#0"},
				"south": {"uv": [8, 9.375, 8.125, 9.625], "texture": "#0"}
			}
		},
		{
			"name": "Layer_3",
			"from": [7.625, 6.25, 7.9375],
			"to": [7.75, 6.5, 8.1875],
			"faces": {
				"north": {"uv": [7.75, 9.5, 7.625, 9.75], "texture": "#0"},
				"south": {"uv": [7.625, 9.5, 7.75, 9.75], "texture": "#0"}
			}
		},
		{
			"name": "Layer_4",
			"from": [8.125, 6.25, 7.9375],
			"to": [8.25, 6.5, 8.1875],
			"faces": {
				"north": {"uv": [8.25, 9.5, 8.125, 9.75], "texture": "#0"},
				"south": {"uv": [8.125, 9.5, 8.25, 9.75], "texture": "#0"}
			}
		},
		{
			"name": "Layer_5",
			"from": [7.5, 6.125, 7.9375],
			"to": [7.625, 6.375, 8.1875],
			"faces": {
				"north": {"uv": [7.625, 9.625, 7.5, 9.875], "texture": "#0"},
				"south": {"uv": [7.5, 9.625, 7.625, 9.875], "texture": "#0"},
				"west": {"uv": [7.5, 9.625, 7.625, 9.875], "texture": "#0"}
			}
		},
		{
			"name": "Layer_6",
			"from": [8.25, 6.125, 7.9375],
			"to": [8.375, 6.375, 8.1875],
			"faces": {
				"north": {"uv": [8.375, 9.625, 8.25, 9.875], "texture": "#0"},
				"east": {"uv": [8.25, 9.625, 8.375, 9.875], "texture": "#0"},
				"south": {"uv": [8.25, 9.625, 8.375, 9.875], "texture": "#0"}
			}
		},
		{
			"name": "Layer_7",
			"from": [7.375, 6, 7.9375],
			"to": [7.5, 6.25, 8.1875],
			"faces": {
				"north": {"uv": [7.5, 9.75, 7.375, 10], "texture": "#0"},
				"south": {"uv": [7.375, 9.75, 7.5, 10], "texture": "#0"},
				"west": {"uv": [7.375, 9.75, 7.5, 10], "texture": "#0"},
				"up": {"uv": [7.375, 9.75, 7.5, 9.875], "texture": "#0"}
			}
		},
		{
			"name": "Layer_8",
			"from": [8.375, 6, 7.9375],
			"to": [8.5, 6.25, 8.1875],
			"faces": {
				"north": {"uv": [8.5, 9.75, 8.375, 10], "texture": "#0"},
				"east": {"uv": [8.375, 9.75, 8.5, 10], "texture": "#0"},
				"south": {"uv": [8.375, 9.75, 8.5, 10], "texture": "#0"},
				"up": {"uv": [8.375, 9.75, 8.5, 9.875], "texture": "#0"}
			}
		},
		{
			"name": "Layer_9",
			"from": [7.25, 5.875, 7.9375],
			"to": [7.375, 6.125, 8.1875],
			"faces": {
				"north": {"uv": [7.375, 9.875, 7.25, 10.125], "texture": "#0"},
				"south": {"uv": [7.25, 9.875, 7.375, 10.125], "texture": "#0"},
				"west": {"uv": [7.25, 9.875, 7.375, 10.125], "texture": "#0"},
				"up": {"uv": [7.25, 9.875, 7.375, 10], "texture": "#0"}
			}
		},
		{
			"name": "Layer_10",
			"from": [8.5, 5.875, 7.9375],
			"to": [8.625, 6.125, 8.1875],
			"faces": {
				"north": {"uv": [8.625, 9.875, 8.5, 10.125], "texture": "#0"},
				"east": {"uv": [8.5, 9.875, 8.625, 10.125], "texture": "#0"},
				"south": {"uv": [8.5, 9.875, 8.625, 10.125], "texture": "#0"},
				"up": {"uv": [8.5, 9.875, 8.625, 10], "texture": "#0"}
			}
		},
		{
			"name": "Layer_11",
			"from": [7.125, 5.75, 7.9375],
			"to": [7.25, 6, 8.1875],
			"faces": {
				"north": {"uv": [7.25, 10, 7.125, 10.25], "texture": "#0"},
				"south": {"uv": [7.125, 10, 7.25, 10.25], "texture": "#0"},
				"west": {"uv": [7.125, 10, 7.25, 10.25], "texture": "#0"},
				"up": {"uv": [7.125, 10, 7.25, 10.125], "texture": "#0"}
			}
		},
		{
			"name": "Layer_12",
			"from": [8.625, 5.75, 7.9375],
			"to": [8.75, 6, 8.1875],
			"faces": {
				"north": {"uv": [8.75, 10, 8.625, 10.25], "texture": "#0"},
				"east": {"uv": [8.625, 10, 8.75, 10.25], "texture": "#0"},
				"south": {"uv": [8.625, 10, 8.75, 10.25], "texture": "#0"},
				"up": {"uv": [8.625, 10, 8.75, 10.125], "texture": "#0"}
			}
		},
		{
			"name": "Layer_13",
			"from": [7, 5.625, 7.9375],
			"to": [7.125, 5.875, 8.1875],
			"faces": {
				"north": {"uv": [7.125, 10.125, 7, 10.375], "texture": "#0"},
				"south": {"uv": [7, 10.125, 7.125, 10.375], "texture": "#0"},
				"west": {"uv": [7, 10.125, 7.125, 10.375], "texture": "#0"},
				"up": {"uv": [7, 10.125, 7.125, 10.25], "texture": "#0"}
			}
		},
		{
			"name": "Layer_14",
			"from": [8.75, 5.625, 7.9375],
			"to": [8.875, 5.875, 8.1875],
			"faces": {
				"north": {"uv": [8.875, 10.125, 8.75, 10.375], "texture": "#0"},
				"east": {"uv": [8.75, 10.125, 8.875, 10.375], "texture": "#0"},
				"south": {"uv": [8.75, 10.125, 8.875, 10.375], "texture": "#0"},
				"up": {"uv": [8.75, 10.125, 8.875, 10.25], "texture": "#0"}
			}
		},
		{
			"name": "Layer_15",
			"from": [6.875, 5, 7.9375],
			"to": [7, 5.75, 8.1875],
			"faces": {
				"north": {"uv": [7, 10.25, 6.875, 11], "texture": "#0"},
				"south": {"uv": [6.875, 10.25, 7, 11], "texture": "#0"},
				"west": {"uv": [6.875, 10.25, 7, 11], "texture": "#0"},
				"up": {"uv": [6.875, 10.25, 7, 10.375], "texture": "#0"},
				"down": {"uv": [6.875, 10.875, 7, 11], "texture": "#0"}
			}
		},
		{
			"name": "Layer_16",
			"from": [8.875, 5, 7.9375],
			"to": [9, 5.75, 8.1875],
			"faces": {
				"north": {"uv": [9, 10.25, 8.875, 11], "texture": "#0"},
				"east": {"uv": [8.875, 10.25, 9, 11], "texture": "#0"},
				"south": {"uv": [8.875, 10.25, 9, 11], "texture": "#0"},
				"up": {"uv": [8.875, 10.25, 9, 10.375], "texture": "#0"},
				"down": {"uv": [8.875, 10.875, 9, 11], "texture": "#0"}
			}
		},
		{
			"name": "Layer_17",
			"from": [6.75, 5, 7.9375],
			"to": [6.875, 5.625, 8.1875],
			"faces": {
				"north": {"uv": [6.875, 10.375, 6.75, 11], "texture": "#0"},
				"south": {"uv": [6.75, 10.375, 6.875, 11], "texture": "#0"},
				"west": {"uv": [6.75, 10.375, 6.875, 11], "texture": "#0"},
				"up": {"uv": [6.75, 10.375, 6.875, 10.5], "texture": "#0"},
				"down": {"uv": [6.75, 10.875, 6.875, 11], "texture": "#0"}
			}
		},
		{
			"name": "Layer_18",
			"from": [9, 5, 7.9375],
			"to": [9.125, 5.625, 8.1875],
			"faces": {
				"north": {"uv": [9.125, 10.375, 9, 11], "texture": "#0"},
				"east": {"uv": [9, 10.375, 9.125, 11], "texture": "#0"},
				"south": {"uv": [9, 10.375, 9.125, 11], "texture": "#0"},
				"up": {"uv": [9, 10.375, 9.125, 10.5], "texture": "#0"},
				"down": {"uv": [9, 10.875, 9.125, 11], "texture": "#0"}
			}
		},
		{
			"name": "Layer_19",
			"from": [6.5, 4.875, 7.9375],
			"to": [6.75, 5.5, 8.1875],
			"faces": {
				"north": {"uv": [6.75, 10.5, 6.5, 11.125], "texture": "#0"},
				"east": {"uv": [6.625, 10.5, 6.75, 11.125], "texture": "#0"},
				"south": {"uv": [6.5, 10.5, 6.75, 11.125], "texture": "#0"},
				"west": {"uv": [6.5, 10.5, 6.625, 11.125], "texture": "#0"},
				"up": {"uv": [6.5, 10.5, 6.75, 10.625], "texture": "#0"},
				"down": {"uv": [6.5, 11, 6.75, 11.125], "texture": "#0"}
			}
		},
		{
			"name": "Layer_20",
			"from": [9.125, 4.875, 7.9375],
			"to": [9.375, 5.5, 8.1875],
			"faces": {
				"north": {"uv": [9.375, 10.5, 9.125, 11.125], "texture": "#0"},
				"east": {"uv": [9.25, 10.5, 9.375, 11.125], "texture": "#0"},
				"south": {"uv": [9.125, 10.5, 9.375, 11.125], "texture": "#0"},
				"west": {"uv": [9.125, 10.5, 9.25, 11.125], "texture": "#0"},
				"up": {"uv": [9.125, 10.5, 9.375, 10.625], "texture": "#0"},
				"down": {"uv": [9.125, 11, 9.375, 11.125], "texture": "#0"}
			}
		},
		{
			"name": "Layer_21",
			"from": [6.375, 4.875, 7.9375],
			"to": [6.5, 5.375, 8.1875],
			"faces": {
				"north": {"uv": [6.5, 10.625, 6.375, 11.125], "texture": "#0"},
				"south": {"uv": [6.375, 10.625, 6.5, 11.125], "texture": "#0"},
				"west": {"uv": [6.375, 10.625, 6.5, 11.125], "texture": "#0"},
				"up": {"uv": [6.375, 10.625, 6.5, 10.75], "texture": "#0"},
				"down": {"uv": [6.375, 11, 6.5, 11.125], "texture": "#0"}
			}
		},
		{
			"name": "Layer_22",
			"from": [9.375, 4.875, 7.9375],
			"to": [9.5, 5.375, 8.1875],
			"faces": {
				"north": {"uv": [9.5, 10.625, 9.375, 11.125], "texture": "#0"},
				"east": {"uv": [9.375, 10.625, 9.5, 11.125], "texture": "#0"},
				"south": {"uv": [9.375, 10.625, 9.5, 11.125], "texture": "#0"},
				"up": {"uv": [9.375, 10.625, 9.5, 10.75], "texture": "#0"},
				"down": {"uv": [9.375, 11, 9.5, 11.125], "texture": "#0"}
			}
		},
		{
			"name": "Layer_23",
			"from": [6.25, 5, 7.9375],
			"to": [6.375, 5.25, 8.1875],
			"faces": {
				"north": {"uv": [6.375, 10.75, 6.25, 11], "texture": "#0"},
				"south": {"uv": [6.25, 10.75, 6.375, 11], "texture": "#0"},
				"west": {"uv": [6.25, 10.75, 6.375, 11], "texture": "#0"},
				"up": {"uv": [6.25, 10.75, 6.375, 10.875], "texture": "#0"},
				"down": {"uv": [6.25, 10.875, 6.375, 11], "texture": "#0"}
			}
		},
		{
			"name": "Layer_24",
			"from": [9.5, 5, 7.9375],
			"to": [9.625, 5.25, 8.1875],
			"faces": {
				"north": {"uv": [9.625, 10.75, 9.5, 11], "texture": "#0"},
				"east": {"uv": [9.5, 10.75, 9.625, 11], "texture": "#0"},
				"south": {"uv": [9.5, 10.75, 9.625, 11], "texture": "#0"},
				"up": {"uv": [9.5, 10.75, 9.625, 10.875], "texture": "#0"},
				"down": {"uv": [9.5, 10.875, 9.625, 11], "texture": "#0"}
			}
		},
		{
			"name": "Layer_25",
			"from": [7, 4.5, 7.9375],
			"to": [7.125, 5, 8.1875],
			"faces": {
				"north": {"uv": [7.125, 11, 7, 11.5], "texture": "#0"},
				"south": {"uv": [7, 11, 7.125, 11.5], "texture": "#0"},
				"west": {"uv": [7, 11, 7.125, 11.5], "texture": "#0"},
				"down": {"uv": [7, 11.375, 7.125, 11.5], "texture": "#0"}
			}
		},
		{
			"name": "Layer_26",
			"from": [8.75, 4.5, 7.9375],
			"to": [8.875, 5, 8.1875],
			"faces": {
				"north": {"uv": [8.875, 11, 8.75, 11.5], "texture": "#0"},
				"east": {"uv": [8.75, 11, 8.875, 11.5], "texture": "#0"},
				"south": {"uv": [8.75, 11, 8.875, 11.5], "texture": "#0"},
				"down": {"uv": [8.75, 11.375, 8.875, 11.5], "texture": "#0"}
			}
		},
		{
			"name": "Layer_27",
			"from": [7.125, 4.375, 7.9375],
			"to": [7.25, 4.875, 8.1875],
			"faces": {
				"north": {"uv": [7.25, 11.125, 7.125, 11.625], "texture": "#0"},
				"south": {"uv": [7.125, 11.125, 7.25, 11.625], "texture": "#0"},
				"west": {"uv": [7.125, 11.125, 7.25, 11.625], "texture": "#0"},
				"down": {"uv": [7.125, 11.5, 7.25, 11.625], "texture": "#0"}
			}
		},
		{
			"name": "Layer_28",
			"from": [8.625, 4.375, 7.9375],
			"to": [8.75, 4.875, 8.1875],
			"faces": {
				"north": {"uv": [8.75, 11.125, 8.625, 11.625], "texture": "#0"},
				"east": {"uv": [8.625, 11.125, 8.75, 11.625], "texture": "#0"},
				"south": {"uv": [8.625, 11.125, 8.75, 11.625], "texture": "#0"},
				"down": {"uv": [8.625, 11.5, 8.75, 11.625], "texture": "#0"}
			}
		},
		{
			"name": "Layer_29",
			"from": [6.875, 4.5, 7.9375],
			"to": [7, 4.75, 8.1875],
			"faces": {
				"north": {"uv": [7, 11.25, 6.875, 11.5], "texture": "#0"},
				"south": {"uv": [6.875, 11.25, 7, 11.5], "texture": "#0"},
				"west": {"uv": [6.875, 11.25, 7, 11.5], "texture": "#0"},
				"up": {"uv": [6.875, 11.25, 7, 11.375], "texture": "#0"},
				"down": {"uv": [6.875, 11.375, 7, 11.5], "texture": "#0"}
			}
		},
		{
			"name": "Layer_30",
			"from": [7.25, 4.5, 7.9375],
			"to": [7.625, 4.75, 8.1875],
			"faces": {
				"north": {"uv": [7.625, 11.25, 7.25, 11.5], "texture": "#0"},
				"south": {"uv": [7.25, 11.25, 7.625, 11.5], "texture": "#0"},
				"down": {"uv": [7.25, 11.375, 7.625, 11.5], "texture": "#0"}
			}
		},
		{
			"name": "Layer_31",
			"from": [7.625, 4.625, 7.9375],
			"to": [7.75, 4.75, 8.1875],
			"faces": {
				"north": {"uv": [7.75, 11.25, 7.625, 11.375], "texture": "#0"},
				"south": {"uv": [7.625, 11.25, 7.75, 11.375], "texture": "#0"}
			}
		},
		{
			"name": "Layer_32",
			"from": [8.125, 4.625, 7.9375],
			"to": [8.625, 4.75, 8.1875],
			"faces": {
				"north": {"uv": [8.625, 11.25, 8.125, 11.375], "texture": "#0"},
				"south": {"uv": [8.125, 11.25, 8.625, 11.375], "texture": "#0"}
			}
		},
		{
			"name": "Layer_33",
			"from": [8.875, 4.5, 7.9375],
			"to": [9, 4.75, 8.1875],
			"faces": {
				"north": {"uv": [9, 11.25, 8.875, 11.5], "texture": "#0"},
				"east": {"uv": [8.875, 11.25, 9, 11.5], "texture": "#0"},
				"south": {"uv": [8.875, 11.25, 9, 11.5], "texture": "#0"},
				"up": {"uv": [8.875, 11.25, 9, 11.375], "texture": "#0"},
				"down": {"uv": [8.875, 11.375, 9, 11.5], "texture": "#0"}
			}
		},
		{
			"name": "Layer_34",
			"from": [8.25, 4.5, 7.9375],
			"to": [8.625, 4.625, 8.1875],
			"faces": {
				"north": {"uv": [8.625, 11.375, 8.25, 11.5], "texture": "#0"},
				"south": {"uv": [8.25, 11.375, 8.625, 11.5], "texture": "#0"},
				"down": {"uv": [8.25, 11.375, 8.625, 11.5], "texture": "#0"}
			}
		},
		{
			"name": "Layer_35",
			"from": [7.25, 4.375, 7.9375],
			"to": [7.5, 4.5, 8.1875],
			"faces": {
				"north": {"uv": [7.5, 11.5, 7.25, 11.625], "texture": "#0"},
				"east": {"uv": [7.375, 11.5, 7.5, 11.625], "texture": "#0"},
				"south": {"uv": [7.25, 11.5, 7.5, 11.625], "texture": "#0"},
				"down": {"uv": [7.25, 11.5, 7.5, 11.625], "texture": "#0"}
			}
		},
		{
			"name": "Layer_36",
			"from": [8.375, 4.375, 7.9375],
			"to": [8.625, 4.5, 8.1875],
			"faces": {
				"north": {"uv": [8.625, 11.5, 8.375, 11.625], "texture": "#0"},
				"south": {"uv": [8.375, 11.5, 8.625, 11.625], "texture": "#0"},
				"west": {"uv": [8.375, 11.5, 8.5, 11.625], "texture": "#0"},
				"down": {"uv": [8.375, 11.5, 8.625, 11.625], "texture": "#0"}
			}
		},
		{
			"name": "Layer_37",
			"from": [7.75, 0.875, 7.9375],
			"to": [8.125, 1.25, 8.1875],
			"faces": {
				"north": {"uv": [8.125, 14.75, 7.75, 15.125], "texture": "#0"},
				"south": {"uv": [7.75, 14.75, 8.125, 15.125], "texture": "#0"},
				"down": {"uv": [7.75, 15, 8.125, 15.125], "texture": "#0"}
			}
		},
		{
			"name": "Layer_38",
			"from": [7.5, 0.75, 7.9375],
			"to": [7.75, 1.125, 8.1875],
			"faces": {
				"north": {"uv": [7.75, 14.875, 7.5, 15.25], "texture": "#0"},
				"south": {"uv": [7.5, 14.875, 7.75, 15.25], "texture": "#0"},
				"west": {"uv": [7.5, 14.875, 7.625, 15.25], "texture": "#0"},
				"down": {"uv": [7.5, 15.125, 7.75, 15.25], "texture": "#0"}
			}
		},
		{
			"name": "Layer_39",
			"from": [8.125, 0.75, 7.9375],
			"to": [8.375, 1.125, 8.1875],
			"faces": {
				"north": {"uv": [8.375, 14.875, 8.125, 15.25], "texture": "#0"},
				"east": {"uv": [8.25, 14.875, 8.375, 15.25], "texture": "#0"},
				"south": {"uv": [8.125, 14.875, 8.375, 15.25], "texture": "#0"},
				"down": {"uv": [8.125, 15.125, 8.375, 15.25], "texture": "#0"}
			}
		},
		{
			"name": "Layer_40",
			"from": [7.25, 0.875, 7.9375],
			"to": [7.5, 1, 8.1875],
			"faces": {
				"north": {"uv": [7.5, 15, 7.25, 15.125], "texture": "#0"},
				"south": {"uv": [7.25, 15, 7.5, 15.125], "texture": "#0"},
				"west": {"uv": [7.25, 15, 7.375, 15.125], "texture": "#0"},
				"up": {"uv": [7.25, 15, 7.5, 15.125], "texture": "#0"},
				"down": {"uv": [7.25, 15, 7.5, 15.125], "texture": "#0"}
			}
		},
		{
			"name": "Layer_41",
			"from": [8.375, 0.875, 7.9375],
			"to": [8.625, 1, 8.1875],
			"faces": {
				"north": {"uv": [8.625, 15, 8.375, 15.125], "texture": "#0"},
				"east": {"uv": [8.5, 15, 8.625, 15.125], "texture": "#0"},
				"south": {"uv": [8.375, 15, 8.625, 15.125], "texture": "#0"},
				"up": {"uv": [8.375, 15, 8.625, 15.125], "texture": "#0"},
				"down": {"uv": [8.375, 15, 8.625, 15.125], "texture": "#0"}
			}
		},
		{
			"name": "Layer_42",
			"from": [7.75, 0.75, 7.9375],
			"to": [7.875, 0.875, 8.1875],
			"faces": {
				"north": {"uv": [7.875, 15.125, 7.75, 15.25], "texture": "#0"},
				"east": {"uv": [7.75, 15.125, 7.875, 15.25], "texture": "#0"},
				"south": {"uv": [7.75, 15.125, 7.875, 15.25], "texture": "#0"},
				"down": {"uv": [7.75, 15.125, 7.875, 15.25], "texture": "#0"}
			}
		},
		{
			"name": "Layer_43",
			"from": [8, 0.75, 7.9375],
			"to": [8.125, 0.875, 8.1875],
			"faces": {
				"north": {"uv": [8.125, 15.125, 8, 15.25], "texture": "#0"},
				"south": {"uv": [8, 15.125, 8.125, 15.25], "texture": "#0"},
				"west": {"uv": [8, 15.125, 8.125, 15.25], "texture": "#0"},
				"down": {"uv": [8, 15.125, 8.125, 15.25], "texture": "#0"}
			}
		},
		{
			"name": "Layer_44",
			"from": [7.625, 0.625, 7.9375],
			"to": [7.75, 0.75, 8.1875],
			"faces": {
				"north": {"uv": [7.75, 15.25, 7.625, 15.375], "texture": "#0"},
				"east": {"uv": [7.625, 15.25, 7.75, 15.375], "texture": "#0"},
				"south": {"uv": [7.625, 15.25, 7.75, 15.375], "texture": "#0"},
				"west": {"uv": [7.625, 15.25, 7.75, 15.375], "texture": "#0"},
				"down": {"uv": [7.625, 15.25, 7.75, 15.375], "texture": "#0"}
			}
		},
		{
			"name": "Layer_45",
			"from": [8.125, 0.625, 7.9375],
			"to": [8.25, 0.75, 8.1875],
			"faces": {
				"north": {"uv": [8.25, 15.25, 8.125, 15.375], "texture": "#0"},
				"east": {"uv": [8.125, 15.25, 8.25, 15.375], "texture": "#0"},
				"south": {"uv": [8.125, 15.25, 8.25, 15.375], "texture": "#0"},
				"west": {"uv": [8.125, 15.25, 8.25, 15.375], "texture": "#0"},
				"down": {"uv": [8.125, 15.25, 8.25, 15.375], "texture": "#0"}
			}
		}
	],
	"display": {
		"thirdperson_righthand": {
			"rotation": [0, -90, 0],
			"translation": [0.25, 9.75, 0.75],
			"scale": [2.5, 2.5, 2.5]
		},
		"thirdperson_lefthand": {
			"rotation": [0, -90, 0],
			"translation": [0.25, 9.75, 0.25],
			"scale": [2.5, 2.5, 2.5]
		},
		"firstperson_righthand": {
			"rotation": [1, -91, 0],
			"translation": [0, 5.75, 2.75],
			"scale": [1.25, 1.25, 1.25]
		},
		"firstperson_lefthand": {
			"rotation": [1, -91, 0],
			"translation": [0, 5.5, 2.75],
			"scale": [1.25, 1.25, 1.25]
		},
		"ground": {
			"translation": [0, 18.75, 0],
			"scale": [2.5, 2.5, 2.5]
		},
		"gui": {
			"rotation": [0, 0, -45],
			"translation": [0.5, 0.25, 0],
			"scale": [1.5, 1.5, 1.5]
		},
		"head": {
			"rotation": [180, 0, 45],
			"translation": [0.75, -16, 4.75],
			"scale": [3, 3, 3]
		},
		"fixed": {
			"rotation": [0, 0, 45],
			"translation": [-0.5, 0.5, -0.25],
			"scale": [2, 2, 2]
		}
	},
	"groups": [
		{
			"name": "Layer 1",
			"origin": [8, 8, 8],
			"color": 0,
			"children": [0, 1, 2, 3, 4, 5, 6, 7, 8]
		},
		{
			"name": "Layer 2",
			"origin": [8, 8, 8],
			"color": 0,
			"children": [9, 10, 11, 12, 13, 14, 15, 16, 17]
		},
		{
			"name": "Layer 4",
			"origin": [8, 8, 8],
			"color": 0,
			"children": [18, 19, 20, 21, 22]
		},
		{
			"name": "Flattened",
			"origin": [8, 8, 8],
			"color": 0,
			"children": [23, 24, 25, 26, 27, 28, 29, 30, 31, 32, 33, 34, 35, 36, 37, 38, 39, 40, 41, 42, 43, 44, 45, 46, 47, 48, 49, 50, 51, 52, 53, 54, 55, 56, 57, 58, 59, 60, 61, 62, 63, 64]
		},
		{
			"name": "Layer 1",
			"origin": [8, 8, 8],
			"color": 0,
			"children": [65, 66, 67, 68, 69, 70, 71, 72, 73, 74, 75, 76, 77, 78, 79, 80, 81, 82, 83, 84, 85, 86, 87, 88, 89, 90, 91, 92, 93, 94, 95, 96, 97, 98, 99, 100, 101, 102]
		},
		{
			"name": "Layer",
			"origin": [8, 8, 8],
			"color": 0,
			"children": [103, 104, 105, 106, 107, 108, 109, 110, 111, 112, 113, 114, 115, 116, 117, 118, 119, 120, 121, 122, 123, 124, 125, 126, 127, 128, 129, 130, 131, 132, 133, 134, 135, 136, 137, 138, 139, 140, 141, 142, 143, 144, 145, 146, 147, 148]
		}
	]
}