{
	"credit": "Made with Blockbench",
	"textures": {
		"0": "item/malenia",
		"1": "item/malenia_slash",
		"particle": "item/malenia"
	},
	"elements": [
		{
			"name": "Layer 2_0",
			"from": [8.125, 2.375, 7.875],
			"to": [8.25, 5.5, 8.1875],
			"faces": {
				"north": {"uv": [8.25, 10.5, 8.125, 13.625], "texture": "#0"},
				"east": {"uv": [8.125, 10.5, 8.25, 13.625], "texture": "#0"},
				"south": {"uv": [8.125, 10.5, 8.25, 13.625], "texture": "#0"},
				"west": {"uv": [8.125, 10.5, 8.25, 13.625], "texture": "#0"},
				"up": {"uv": [8.125, 10.5, 8.25, 10.625], "texture": "#0"},
				"down": {"uv": [8.125, 13.5, 8.25, 13.625], "texture": "#0"}
			}
		},
		{
			"name": "Layer 2_1",
			"from": [8, 3.25, 7.875],
			"to": [8.125, 5.375, 8.1875],
			"faces": {
				"north": {"uv": [8.125, 10.625, 8, 12.75], "texture": "#0"},
				"south": {"uv": [8, 10.625, 8.125, 12.75], "texture": "#0"},
				"west": {"uv": [8, 10.625, 8.125, 12.75], "texture": "#0"},
				"up": {"uv": [8, 10.625, 8.125, 10.75], "texture": "#0"},
				"down": {"uv": [8, 12.625, 8.125, 12.75], "texture": "#0"}
			}
		},
		{
			"name": "Layer 2_2",
			"from": [7.875, 4.25, 7.875],
			"to": [8, 5.25, 8.1875],
			"faces": {
				"north": {"uv": [8, 10.75, 7.875, 11.75], "texture": "#0"},
				"south": {"uv": [7.875, 10.75, 8, 11.75], "texture": "#0"},
				"west": {"uv": [7.875, 10.75, 8, 11.75], "texture": "#0"},
				"up": {"uv": [7.875, 10.75, 8, 10.875], "texture": "#0"},
				"down": {"uv": [7.875, 11.625, 8, 11.75], "texture": "#0"}
			}
		},
		{
			"name": "Layer 2_3",
			"from": [8.25, 1.625, 7.875],
			"to": [8.375, 4.25, 8.1875],
			"faces": {
				"north": {"uv": [8.375, 11.75, 8.25, 14.375], "texture": "#0"},
				"east": {"uv": [8.25, 11.75, 8.375, 14.375], "texture": "#0"},
				"south": {"uv": [8.25, 11.75, 8.375, 14.375], "texture": "#0"},
				"west": {"uv": [8.25, 11.75, 8.375, 14.375], "texture": "#0"},
				"up": {"uv": [8.25, 11.75, 8.375, 11.875], "texture": "#0"},
				"down": {"uv": [8.25, 14.25, 8.375, 14.375], "texture": "#0"}
			}
		},
		{
			"name": "Layer 2_4",
			"from": [8.375, 1.625, 7.875],
			"to": [8.5, 3.125, 8.1875],
			"faces": {
				"north": {"uv": [8.5, 12.875, 8.375, 14.375], "texture": "#0"},
				"east": {"uv": [8.375, 12.875, 8.5, 14.375], "texture": "#0"},
				"south": {"uv": [8.375, 12.875, 8.5, 14.375], "texture": "#0"},
				"up": {"uv": [8.375, 12.875, 8.5, 13], "texture": "#0"},
				"down": {"uv": [8.375, 14.25, 8.5, 14.375], "texture": "#0"}
			}
		},
		{
			"name": "Layer 1_0",
			"from": [8.75, 15.5, 8],
			"to": [8.875, 15.625, 8.0625],
			"faces": {
				"north": {"uv": [8.875, 0.375, 8.75, 0.5], "texture": "#0"},
				"east": {"uv": [8.75, 0.375, 8.875, 0.5], "texture": "#0"},
				"south": {"uv": [8.75, 0.375, 8.875, 0.5], "texture": "#0"},
				"west": {"uv": [8.75, 0.375, 8.875, 0.5], "texture": "#0"},
				"up": {"uv": [8.75, 0.375, 8.875, 0.5], "texture": "#0"}
			}
		},
		{
			"name": "Layer 1_1",
			"from": [8.625, 15.25, 8],
			"to": [8.75, 15.5, 8.0625],
			"faces": {
				"north": {"uv": [8.75, 0.5, 8.625, 0.75], "texture": "#0"},
				"south": {"uv": [8.625, 0.5, 8.75, 0.75], "texture": "#0"},
				"west": {"uv": [8.625, 0.5, 8.75, 0.75], "texture": "#0"},
				"up": {"uv": [8.625, 0.5, 8.75, 0.625], "texture": "#0"}
			}
		},
		{
			"name": "Layer 1_2",
			"from": [8.5, 15, 8],
			"to": [8.625, 15.25, 8.0625],
			"faces": {
				"north": {"uv": [8.625, 0.75, 8.5, 1], "texture": "#0"},
				"south": {"uv": [8.5, 0.75, 8.625, 1], "texture": "#0"},
				"west": {"uv": [8.5, 0.75, 8.625, 1], "texture": "#0"},
				"up": {"uv": [8.5, 0.75, 8.625, 0.875], "texture": "#0"}
			}
		},
		{
			"name": "Layer 1_3",
			"from": [8.375, 14.625, 8],
			"to": [8.5, 15, 8.0625],
			"faces": {
				"north": {"uv": [8.5, 1, 8.375, 1.375], "texture": "#0"},
				"south": {"uv": [8.375, 1, 8.5, 1.375], "texture": "#0"},
				"west": {"uv": [8.375, 1, 8.5, 1.375], "texture": "#0"},
				"up": {"uv": [8.375, 1, 8.5, 1.125], "texture": "#0"}
			}
		},
		{
			"name": "Layer 1_4",
			"from": [8.25, 14.125, 8],
			"to": [8.375, 14.625, 8.0625],
			"faces": {
				"north": {"uv": [8.375, 1.375, 8.25, 1.875], "texture": "#0"},
				"south": {"uv": [8.25, 1.375, 8.375, 1.875], "texture": "#0"},
				"west": {"uv": [8.25, 1.375, 8.375, 1.875], "texture": "#0"},
				"up": {"uv": [8.25, 1.375, 8.375, 1.5], "texture": "#0"}
			}
		},
		{
			"name": "Layer 1_5",
			"from": [8.125, 13.5, 8],
			"to": [8.25, 14.125, 8.0625],
			"faces": {
				"north": {"uv": [8.25, 1.875, 8.125, 2.5], "texture": "#0"},
				"south": {"uv": [8.125, 1.875, 8.25, 2.5], "texture": "#0"},
				"west": {"uv": [8.125, 1.875, 8.25, 2.5], "texture": "#0"},
				"up": {"uv": [8.125, 1.875, 8.25, 2], "texture": "#0"}
			}
		},
		{
			"name": "Layer 1_6",
			"from": [8, 12.875, 8],
			"to": [8.125, 13.5, 8.0625],
			"faces": {
				"north": {"uv": [8.125, 2.5, 8, 3.125], "texture": "#0"},
				"south": {"uv": [8, 2.5, 8.125, 3.125], "texture": "#0"},
				"west": {"uv": [8, 2.5, 8.125, 3.125], "texture": "#0"},
				"up": {"uv": [8, 2.5, 8.125, 2.625], "texture": "#0"}
			}
		},
		{
			"name": "Layer 1_7",
			"from": [7.875, 11.5, 8],
			"to": [8, 12.875, 8.0625],
			"faces": {
				"north": {"uv": [8, 3.125, 7.875, 4.5], "texture": "#0"},
				"south": {"uv": [7.875, 3.125, 8, 4.5], "texture": "#0"},
				"west": {"uv": [7.875, 3.125, 8, 4.5], "texture": "#0"},
				"up": {"uv": [7.875, 3.125, 8, 3.25], "texture": "#0"}
			}
		},
		{
			"name": "Layer 1_8",
			"from": [7.75, 10.25, 8],
			"to": [7.875, 11.5, 8.0625],
			"faces": {
				"north": {"uv": [7.875, 4.5, 7.75, 5.75], "texture": "#0"},
				"south": {"uv": [7.75, 4.5, 7.875, 5.75], "texture": "#0"},
				"west": {"uv": [7.75, 4.5, 7.875, 5.75], "texture": "#0"},
				"up": {"uv": [7.75, 4.5, 7.875, 4.625], "texture": "#0"}
			}
		},
		{
			"name": "Layer 1_9",
			"from": [7.625, 8.125, 8],
			"to": [7.75, 10.25, 8.0625],
			"faces": {
				"north": {"uv": [7.75, 5.75, 7.625, 7.875], "texture": "#0"},
				"south": {"uv": [7.625, 5.75, 7.75, 7.875], "texture": "#0"},
				"west": {"uv": [7.625, 5.75, 7.75, 7.875], "texture": "#0"},
				"up": {"uv": [7.625, 5.75, 7.75, 5.875], "texture": "#0"}
			}
		},
		{
			"name": "Layer 1_10",
			"from": [7.5, 5.125, 8],
			"to": [7.625, 8.125, 8.0625],
			"faces": {
				"north": {"uv": [7.625, 7.875, 7.5, 10.875], "texture": "#0"},
				"south": {"uv": [7.5, 7.875, 7.625, 10.875], "texture": "#0"},
				"west": {"uv": [7.5, 7.875, 7.625, 10.875], "texture": "#0"},
				"up": {"uv": [7.5, 7.875, 7.625, 8], "texture": "#0"}
			}
		},
		{
			"name": "Flattened_0",
			"from": [8.75, 15.25, 7.9375],
			"to": [8.875, 15.5, 8.125],
			"faces": {
				"north": {"uv": [8.875, 0.5, 8.75, 0.75], "texture": "#0"},
				"east": {"uv": [8.75, 0.5, 8.875, 0.75], "texture": "#0"},
				"south": {"uv": [8.75, 0.5, 8.875, 0.75], "texture": "#0"},
				"west": {"uv": [8.75, 0.5, 8.875, 0.75], "texture": "#0"},
				"up": {"uv": [8.75, 0.5, 8.875, 0.625], "texture": "#0"},
				"down": {"uv": [8.75, 0.625, 8.875, 0.75], "texture": "#0"}
			}
		},
		{
			"name": "Flattened_1",
			"from": [8.625, 14.875, 7.9375],
			"to": [8.75, 15.25, 8.125],
			"faces": {
				"north": {"uv": [8.75, 0.75, 8.625, 1.125], "texture": "#0"},
				"east": {"uv": [8.625, 0.75, 8.75, 1.125], "texture": "#0"},
				"south": {"uv": [8.625, 0.75, 8.75, 1.125], "texture": "#0"},
				"west": {"uv": [8.625, 0.75, 8.75, 1.125], "texture": "#0"},
				"up": {"uv": [8.625, 0.75, 8.75, 0.875], "texture": "#0"},
				"down": {"uv": [8.625, 1, 8.75, 1.125], "texture": "#0"}
			}
		},
		{
			"name": "Flattened_2",
			"from": [8.5, 14.125, 7.9375],
			"to": [8.625, 15, 8.125],
			"faces": {
				"north": {"uv": [8.625, 1, 8.5, 1.875], "texture": "#0"},
				"east": {"uv": [8.5, 1, 8.625, 1.875], "texture": "#0"},
				"south": {"uv": [8.5, 1, 8.625, 1.875], "texture": "#0"},
				"west": {"uv": [8.5, 1, 8.625, 1.875], "texture": "#0"},
				"up": {"uv": [8.5, 1, 8.625, 1.125], "texture": "#0"},
				"down": {"uv": [8.5, 1.75, 8.625, 1.875], "texture": "#0"}
			}
		},
		{
			"name": "Flattened_3",
			"from": [8.375, 13, 7.9375],
			"to": [8.5, 14.625, 8.125],
			"faces": {
				"north": {"uv": [8.5, 1.375, 8.375, 3], "texture": "#0"},
				"east": {"uv": [8.375, 1.375, 8.5, 3], "texture": "#0"},
				"south": {"uv": [8.375, 1.375, 8.5, 3], "texture": "#0"},
				"west": {"uv": [8.375, 1.375, 8.5, 3], "texture": "#0"},
				"up": {"uv": [8.375, 1.375, 8.5, 1.5], "texture": "#0"},
				"down": {"uv": [8.375, 2.875, 8.5, 3], "texture": "#0"}
			}
		},
		{
			"name": "Flattened_4",
			"from": [8.25, 11.5, 7.9375],
			"to": [8.375, 14.125, 8.125],
			"faces": {
				"north": {"uv": [8.375, 1.875, 8.25, 4.5], "texture": "#0"},
				"east": {"uv": [8.25, 1.875, 8.375, 4.5], "texture": "#0"},
				"south": {"uv": [8.25, 1.875, 8.375, 4.5], "texture": "#0"},
				"west": {"uv": [8.25, 1.875, 8.375, 4.5], "texture": "#0"},
				"up": {"uv": [8.25, 1.875, 8.375, 2], "texture": "#0"},
				"down": {"uv": [8.25, 4.375, 8.375, 4.5], "texture": "#0"}
			}
		},
		{
			"name": "Flattened_5",
			"from": [8.125, 9.375, 7.9375],
			"to": [8.25, 13.5, 8.125],
			"faces": {
				"north": {"uv": [8.25, 2.5, 8.125, 6.625], "texture": "#0"},
				"east": {"uv": [8.125, 2.5, 8.25, 6.625], "texture": "#0"},
				"south": {"uv": [8.125, 2.5, 8.25, 6.625], "texture": "#0"},
				"west": {"uv": [8.125, 2.5, 8.25, 6.625], "texture": "#0"},
				"up": {"uv": [8.125, 2.5, 8.25, 2.625], "texture": "#0"},
				"down": {"uv": [8.125, 6.5, 8.25, 6.625], "texture": "#0"}
			}
		},
		{
			"name": "Flattened_6",
			"from": [8, 5.375, 7.9375],
			"to": [8.125, 12.875, 8.125],
			"faces": {
				"north": {"uv": [8.125, 3.125, 8, 10.625], "texture": "#0"},
				"east": {"uv": [8, 3.125, 8.125, 10.625], "texture": "#0"},
				"south": {"uv": [8, 3.125, 8.125, 10.625], "texture": "#0"},
				"west": {"uv": [8, 3.125, 8.125, 10.625], "texture": "#0"},
				"up": {"uv": [8, 3.125, 8.125, 3.25], "texture": "#0"}
			}
		},
		{
			"name": "Flattened_7",
			"from": [7.875, 5.25, 7.9375],
			"to": [8, 11.5, 8.125],
			"faces": {
				"north": {"uv": [8, 4.5, 7.875, 10.75], "texture": "#0"},
				"south": {"uv": [7.875, 4.5, 8, 10.75], "texture": "#0"},
				"west": {"uv": [7.875, 4.5, 8, 10.75], "texture": "#0"},
				"up": {"uv": [7.875, 4.5, 8, 4.625], "texture": "#0"}
			}
		},
		{
			"name": "Flattened_8",
			"from": [7.75, 5.125, 7.9375],
			"to": [7.875, 10.25, 8.125],
			"faces": {
				"north": {"uv": [7.875, 5.75, 7.75, 10.875], "texture": "#0"},
				"south": {"uv": [7.75, 5.75, 7.875, 10.875], "texture": "#0"},
				"west": {"uv": [7.75, 5.75, 7.875, 10.875], "texture": "#0"},
				"up": {"uv": [7.75, 5.75, 7.875, 5.875], "texture": "#0"},
				"down": {"uv": [7.75, 10.75, 7.875, 10.875], "texture": "#0"}
			}
		},
		{
			"name": "Flattened_9",
			"from": [7.625, 5, 7.9375],
			"to": [7.75, 8.125, 8.125],
			"faces": {
				"north": {"uv": [7.75, 7.875, 7.625, 11], "texture": "#0"},
				"east": {"uv": [7.625, 7.875, 7.75, 11], "texture": "#0"},
				"south": {"uv": [7.625, 7.875, 7.75, 11], "texture": "#0"},
				"west": {"uv": [7.625, 7.875, 7.75, 11], "texture": "#0"},
				"up": {"uv": [7.625, 7.875, 7.75, 8], "texture": "#0"},
				"down": {"uv": [7.625, 10.875, 7.75, 11], "texture": "#0"}
			}
		},
		{
			"name": "Flattened_10",
			"from": [8.125, 5.5, 7.9375],
			"to": [8.25, 7.125, 8.125],
			"faces": {
				"north": {"uv": [8.25, 8.875, 8.125, 10.5], "texture": "#0"},
				"east": {"uv": [8.125, 8.875, 8.25, 10.5], "texture": "#0"},
				"south": {"uv": [8.125, 8.875, 8.25, 10.5], "texture": "#0"},
				"up": {"uv": [8.125, 8.875, 8.25, 9], "texture": "#0"}
			}
		},
		{
			"name": "Flattened_11",
			"from": [8.25, 5.5, 7.9375],
			"to": [8.375, 6, 8.125],
			"faces": {
				"north": {"uv": [8.375, 10, 8.25, 10.5], "texture": "#0"},
				"east": {"uv": [8.25, 10, 8.375, 10.5], "texture": "#0"},
				"south": {"uv": [8.25, 10, 8.375, 10.5], "texture": "#0"},
				"up": {"uv": [8.25, 10, 8.375, 10.125], "texture": "#0"},
				"down": {"uv": [8.25, 10.375, 8.375, 10.5], "texture": "#0"}
			}
		},
		{
			"name": "Flattened_12",
			"from": [7.5, 4.875, 7.9375],
			"to": [7.625, 5.125, 8.125],
			"faces": {
				"north": {"uv": [7.625, 10.875, 7.5, 11.125], "texture": "#0"},
				"east": {"uv": [7.5, 10.875, 7.625, 11.125], "texture": "#0"},
				"south": {"uv": [7.5, 10.875, 7.625, 11.125], "texture": "#0"},
				"west": {"uv": [7.5, 10.875, 7.625, 11.125], "texture": "#0"},
				"up": {"uv": [7.5, 10.875, 7.625, 11], "texture": "#0"},
				"down": {"uv": [7.5, 11, 7.625, 11.125], "texture": "#0"}
			}
		},
		{
			"from": [0, 1, 7.75],
			"to": [16, 17, 8.3125],
			"faces": {
				"north": {"uv": [16, 0, 0, 16], "texture": "#1"},
				"south": {"uv": [0, 0, 16, 16], "texture": "#1"}
			}
		}
	],
	"display": {
		"thirdperson_righthand": {
			"rotation": [0, -90, 0],
			"translation": [0.25, 9.75, 0.5],
			"scale": [3, 3, 3]
		},
		"thirdperson_lefthand": {
			"rotation": [0, 90, 0],
			"translation": [0.25, 9.75, 0.25],
			"scale": [3, 3, 3]
		},
		"firstperson_righthand": {
			"rotation": [1, -76, 0],
			"translation": [0, 6, 2.75],
			"scale": [1.25, 1.25, 1.25]
		},
		"firstperson_lefthand": {
			"rotation": [1, 100, 0],
			"translation": [0, 6.25, 2.75],
			"scale": [1.25, 1.25, 1.25]
		},
		"ground": {
			"translation": [0, 17.5, 0],
			"scale": [3, 3, 3]
		},
		"gui": {
			"rotation": [0, 0, -45],
			"translation": [-1.25, 0.25, 0],
			"scale": [1.5, 1.5, 1.5]
		},
		"head": {
			"rotation": [180, 0, 45],
			"translation": [2, -12.5, 4.75],
			"scale": [3.5, 3.5, 3.5]
		},
		"fixed": {
			"rotation": [180, 0, 135],
			"translation": [2, 0.25, 0],
			"scale": [2, 2, 2]
		}
	},
	"groups": [
		{
			"name": "Layer 2",
			"origin": [8, 8, 8],
			"color": 0,
			"children": [0, 1, 2, 3, 4]
		},
		{
			"name": "Layer 1",
			"origin": [8, 8, 8],
			"color": 0,
			"children": [5, 6, 7, 8, 9, 10, 11, 12, 13, 14, 15]
		},
		{
			"name": "Flattened",
			"origin": [8, 8, 8],
			"color": 0,
			"children": [16, 17, 18, 19, 20, 21, 22, 23, 24, 25, 26, 27, 28]
		},
		29
	]
}