{
	"credit": "Made with Blockbench",
	"textures": {
		"0": "item/mjolnier",
		"particle": "item/mjolnier"
	},
	"elements": [
		{
			"name": "Layer 2_0",
			"from": [6.125, 8.125, 7],
			"to": [9.75, 10.375, 7.125],
			"faces": {
				"north": {"uv": [9.75, 5.625, 6.125, 7.875], "texture": "#0"},
				"east": {"uv": [9.625, 5.625, 9.75, 7.875], "texture": "#0"},
				"south": {"uv": [6.125, 5.625, 9.75, 7.875], "texture": "#0"},
				"west": {"uv": [6.125, 5.625, 6.25, 7.875], "texture": "#0"},
				"up": {"uv": [6.125, 5.625, 9.75, 5.75], "texture": "#0"},
				"down": {"uv": [6.125, 7.75, 9.75, 7.875], "texture": "#0"}
			}
		},
		{
			"name": "Layer 2_1",
			"from": [6.125, 8.125, 9.125],
			"to": [9.75, 10.375, 9.25],
			"faces": {
				"north": {"uv": [9.75, 5.625, 6.125, 7.875], "texture": "#0"},
				"east": {"uv": [9.625, 5.625, 9.75, 7.875], "texture": "#0"},
				"south": {"uv": [6.125, 5.625, 9.75, 7.875], "texture": "#0"},
				"west": {"uv": [6.125, 5.625, 6.25, 7.875], "texture": "#0"},
				"up": {"uv": [6.125, 5.625, 9.75, 5.75], "texture": "#0"},
				"down": {"uv": [6.125, 7.75, 9.75, 7.875], "texture": "#0"}
			}
		},
		{
			"name": "Layer 2_1",
			"from": [6, 8.25, 7],
			"to": [6.125, 10.25, 9.25],
			"faces": {
				"north": {"uv": [6.125, 5.75, 6, 7.75], "texture": "#0"},
				"east": {"uv": [6, 5.75, 6.125, 7.75], "texture": "#0"},
				"south": {"uv": [6, 5.75, 6.125, 7.75], "texture": "#0"},
				"west": {"uv": [6, 5.75, 6.125, 7.75], "texture": "#0"},
				"up": {"uv": [6, 5.75, 6.125, 5.875], "texture": "#0"},
				"down": {"uv": [6, 7.625, 6.125, 7.75], "texture": "#0"}
			}
		},
		{
			"name": "Layer 2_2",
			"from": [9.75, 8.25, 7],
			"to": [9.875, 10.25, 9.25],
			"faces": {
				"north": {"uv": [9.875, 5.75, 9.75, 7.75], "texture": "#0"},
				"east": {"uv": [9.75, 5.75, 9.875, 7.75], "texture": "#0"},
				"south": {"uv": [9.75, 5.75, 9.875, 7.75], "texture": "#0"},
				"west": {"uv": [9.75, 5.75, 9.875, 7.75], "texture": "#0"},
				"up": {"uv": [9.75, 5.75, 9.875, 5.875], "texture": "#0"},
				"down": {"uv": [9.75, 7.625, 9.875, 7.75], "texture": "#0"}
			}
		},
		{
			"name": "Layer 2_3",
			"from": [7.75, 5.375, 7.9375],
			"to": [8.125, 8, 8.3125],
			"faces": {
				"north": {"uv": [8.125, 8, 7.75, 10.625], "texture": "#0"},
				"east": {"uv": [8, 8, 8.125, 10.625], "texture": "#0"},
				"south": {"uv": [7.75, 8, 8.125, 10.625], "texture": "#0"},
				"west": {"uv": [7.75, 8, 7.875, 10.625], "texture": "#0"}
			}
		},
		{
			"name": "Layer 3_0",
			"from": [6.125, 10.25, 7.125],
			"to": [9.75, 10.375, 9.125],
			"rotation": {"angle": 0, "axis": "z", "origin": [4.875, 11.9375, 0.0625]},
			"faces": {
				"east": {"uv": [3.875, 2.25, 5.875, 2.375], "texture": "#0"},
				"west": {"uv": [3.875, 5.75, 5.875, 5.875], "rotation": 180, "texture": "#0"},
				"up": {"uv": [5.875, 2.25, 3.875, 5.875], "rotation": 90, "texture": "#0"},
				"down": {"uv": [3.875, 2.25, 5.875, 5.875], "rotation": 90, "texture": "#0"}
			}
		},
		{
			"name": "Layer 3_1",
			"from": [7.625, 10.375, 7.75],
			"to": [8.25, 10.5, 8.5],
			"rotation": {"angle": 0, "axis": "x", "origin": [7.9375, 10.75, 0.0625]},
			"faces": {
				"north": {"uv": [7.625, 5.5, 8.25, 5.625], "rotation": 180, "texture": "#0"},
				"east": {"uv": [8.125, 4.875, 8.25, 5.625], "rotation": 270, "texture": "#0"},
				"south": {"uv": [7.625, 4.875, 8.25, 5], "texture": "#0"},
				"west": {"uv": [7.625, 4.875, 7.75, 5.625], "rotation": 90, "texture": "#0"},
				"up": {"uv": [8.25, 4.875, 7.625, 5.625], "rotation": 180, "texture": "#0"}
			}
		},
		{
			"name": "Layer 3_2",
			"from": [7.5, 10.375, 7.875],
			"to": [7.625, 10.5, 8.375],
			"rotation": {"angle": 0, "axis": "x", "origin": [7.9375, 10.75, 0.0625]},
			"faces": {
				"north": {"uv": [7.5, 5.375, 7.625, 5.5], "rotation": 180, "texture": "#0"},
				"south": {"uv": [7.5, 5, 7.625, 5.125], "texture": "#0"},
				"west": {"uv": [7.5, 5, 7.625, 5.5], "rotation": 90, "texture": "#0"},
				"up": {"uv": [7.625, 5, 7.5, 5.5], "rotation": 180, "texture": "#0"}
			}
		},
		{
			"name": "Layer 3_3",
			"from": [8.25, 10.375, 7.875],
			"to": [8.375, 10.5, 8.375],
			"rotation": {"angle": 0, "axis": "x", "origin": [7.9375, 10.75, 0.0625]},
			"faces": {
				"north": {"uv": [8.25, 5.375, 8.375, 5.5], "rotation": 180, "texture": "#0"},
				"east": {"uv": [8.25, 5, 8.375, 5.5], "rotation": 270, "texture": "#0"},
				"south": {"uv": [8.25, 5, 8.375, 5.125], "texture": "#0"},
				"up": {"uv": [8.375, 5, 8.25, 5.5], "rotation": 180, "texture": "#0"}
			}
		},
		{
			"name": "Layer 3_4",
			"from": [6.125, 8.125, 7.125],
			"to": [9.75, 8.25, 9.125],
			"rotation": {"angle": 0, "axis": "z", "origin": [4.875, 6.5625, 0.0625]},
			"faces": {
				"east": {"uv": [3.875, 11.125, 5.875, 11.25], "texture": "#0"},
				"west": {"uv": [3.875, 7.625, 5.875, 7.75], "rotation": 180, "texture": "#0"},
				"up": {"uv": [3.875, 7.625, 5.875, 11.25], "rotation": 270, "texture": "#0"},
				"down": {"uv": [5.875, 7.625, 3.875, 11.25], "rotation": 270, "texture": "#0"}
			}
		},
		{
			"name": "Layer 3_5",
			"from": [7.5, 8, 7.75],
			"to": [8.375, 8.125, 8.5],
			"faces": {
				"north": {"uv": [8.375, 7.875, 7.5, 8], "texture": "#0"},
				"east": {"uv": [8.25, 7.875, 8.375, 8], "texture": "#0"},
				"south": {"uv": [7.5, 7.875, 8.375, 8], "texture": "#0"},
				"west": {"uv": [7.5, 7.875, 7.625, 8], "texture": "#0"},
				"down": {"uv": [7.5, 7.875, 8.375, 8], "texture": "#0"}
			}
		},
		{
			"name": "Layer 3_6",
			"from": [7.75, 4.375, 7.875],
			"to": [8.125, 5.375, 8.375],
			"faces": {
				"north": {"uv": [8.125, 10.625, 7.75, 11.625], "texture": "#0"},
				"east": {"uv": [8, 10.625, 8.125, 11.625], "texture": "#0"},
				"south": {"uv": [7.75, 10.625, 8.125, 11.625], "texture": "#0"},
				"west": {"uv": [7.75, 10.625, 7.875, 11.625], "texture": "#0"},
				"up": {"uv": [7.75, 10.625, 8.125, 10.75], "texture": "#0"},
				"down": {"uv": [7.75, 11.5, 8.125, 11.625], "texture": "#0"}
			}
		},
		{
			"name": "Layer 3_7",
			"from": [7.625, 4.5, 7.875],
			"to": [7.75, 5.25, 8.375],
			"faces": {
				"north": {"uv": [7.75, 10.75, 7.625, 11.5], "texture": "#0"},
				"south": {"uv": [7.625, 10.75, 7.75, 11.5], "texture": "#0"},
				"west": {"uv": [7.625, 10.75, 7.75, 11.5], "texture": "#0"},
				"up": {"uv": [7.625, 10.75, 7.75, 10.875], "texture": "#0"},
				"down": {"uv": [7.625, 11.375, 7.75, 11.5], "texture": "#0"}
			}
		},
		{
			"name": "Layer 3_8",
			"from": [8.125, 4.5, 7.875],
			"to": [8.25, 5.25, 8.375],
			"faces": {
				"north": {"uv": [8.25, 10.75, 8.125, 11.5], "texture": "#0"},
				"east": {"uv": [8.125, 10.75, 8.25, 11.5], "texture": "#0"},
				"south": {"uv": [8.125, 10.75, 8.25, 11.5], "texture": "#0"},
				"up": {"uv": [8.125, 10.75, 8.25, 10.875], "texture": "#0"},
				"down": {"uv": [8.125, 11.375, 8.25, 11.5], "texture": "#0"}
			}
		},
		{
			"name": "Layer 4_0",
			"from": [5.875, 8.375, 7],
			"to": [6, 10.125, 9.25],
			"rotation": {"angle": 0, "axis": "y", "origin": [4.875, 9.25, 0.0625]},
			"faces": {
				"north": {"uv": [5.875, 5.875, 6, 7.625], "texture": "#0"},
				"south": {"uv": [3.75, 5.875, 3.875, 7.625], "texture": "#0"},
				"west": {"uv": [6, 5.875, 3.75, 7.625], "texture": "#0"},
				"up": {"uv": [3.75, 5.875, 6, 6], "rotation": 270, "texture": "#0"},
				"down": {"uv": [3.75, 7.5, 6, 7.625], "rotation": 90, "texture": "#0"}
			}
		},
		{
			"name": "Layer 4_1",
			"from": [9.875, 8.375, 7],
			"to": [10, 10.125, 9.25],
			"rotation": {"angle": 0, "axis": "y", "origin": [4.875, 9.25, 0.0625]},
			"faces": {
				"north": {"uv": [5.875, 5.875, 6, 7.625], "texture": "#0"},
				"east": {"uv": [3.75, 5.875, 6, 7.625], "texture": "#0"},
				"south": {"uv": [3.75, 5.875, 3.875, 7.625], "texture": "#0"},
				"up": {"uv": [3.75, 5.875, 6, 6], "rotation": 270, "texture": "#0"},
				"down": {"uv": [3.75, 7.5, 6, 7.625], "rotation": 90, "texture": "#0"}
			}
		}
	],
	"display": {
		"thirdperson_righthand": {
			"rotation": [0, -90, 0],
			"translation": [0.5, 1.25, 1],
			"scale": [2.5, 2.5, 2.5]
		},
		"thirdperson_lefthand": {
			"rotation": [0, -90, 0],
			"translation": [0.5, 1.25, 1],
			"scale": [2.5, 2.5, 2.5]
		},
		"firstperson_righthand": {
			"rotation": [5, -91, 0],
			"translation": [0, 4.25, 2.25],
			"scale": [1.25, 1.25, 1.25]
		},
		"firstperson_lefthand": {
			"rotation": [5, 91, 0],
			"translation": [0, 4.25, 2.25],
			"scale": [1.25, 1.25, 1.25]
		},
		"ground": {
			"translation": [0, 6.75, 0],
			"scale": [2.5, 2.5, 2.5]
		},
		"gui": {
			"rotation": [0, 0, -45],
			"translation": [-0.5, -0.25, 0],
			"scale": [1.5, 1.5, 1.5]
		},
		"head": {
			"rotation": [180, 0, 45],
			"translation": [0.75, -13, 4.75],
			"scale": [3.5, 3.5, 3.5]
		},
		"fixed": {
			"rotation": [180, 0, 135],
			"translation": [0.25, 0, 0],
			"scale": [2, 2, 2]
		}
	},
	"groups": [
		{
			"name": "Layer 2",
			"origin": [8, 8, 8],
			"color": 0,
			"children": [0, 1, 2, 3, 4]
		},
		{
			"name": "Layer 3",
			"origin": [8, 8, 8],
			"color": 0,
			"children": [5, 6, 7, 8, 9, 10, 11, 12, 13]
		},
		{
			"name": "Layer 4",
			"origin": [8, 8, 8],
			"color": 0,
			"children": [14, 15]
		}
	]
}