{
	"credit": "Made with Blockbench",
	"textures": {
		"8": "item/muramasa_sheath"
	},
	"elements": [
		{
			"name": "Layer 1_0",
			"from": [8.25, 12.25, 7.8125],
			"to": [8.75, 14, 8.25],
			"faces": {
				"north": {"uv": [8.75, 2, 8.25, 3.75], "texture": "#8"},
				"east": {"uv": [8.625, 2, 8.75, 3.75], "texture": "#8"},
				"south": {"uv": [8.25, 2, 8.75, 3.75], "texture": "#8"},
				"west": {"uv": [8.25, 2, 8.375, 3.75], "texture": "#8"},
				"up": {"uv": [8.25, 2, 8.75, 2.125], "texture": "#8"},
				"down": {"uv": [8.25, 3.625, 8.75, 3.75], "texture": "#8"}
			}
		},
		{
			"name": "Layer 1_1",
			"from": [8.125, 4.75, 7.8125],
			"to": [8.25, 13.875, 8.25],
			"faces": {
				"north": {"uv": [8.25, 2.125, 8.125, 11.25], "texture": "#8"},
				"east": {"uv": [8.125, 2.125, 8.25, 11.25], "texture": "#8"},
				"south": {"uv": [8.125, 2.125, 8.25, 11.25], "texture": "#8"},
				"west": {"uv": [8.125, 2.125, 8.25, 11.25], "texture": "#8"},
				"up": {"uv": [8.125, 2.125, 8.25, 2.25], "texture": "#8"},
				"down": {"uv": [8.125, 11.25, 8.25, 11.875], "texture": "#8"}
			}
		},
		{
			"name": "Layer 1_2",
			"from": [8.75, 13.25, 7.8125],
			"to": [8.875, 13.875, 8.25],
			"faces": {
				"north": {"uv": [8.875, 2.125, 8.75, 2.75], "texture": "#8"},
				"east": {"uv": [8.75, 2.125, 8.875, 2.75], "texture": "#8"},
				"south": {"uv": [8.75, 2.125, 8.875, 2.75], "texture": "#8"},
				"west": {"uv": [8.75, 2.125, 8.875, 2.75], "texture": "#8"},
				"up": {"uv": [8.75, 2.125, 8.875, 2.25], "texture": "#8"},
				"down": {"uv": [8.75, 2.625, 8.875, 2.75], "texture": "#8"}
			}
		},
		{
			"name": "Layer 1_3",
			"from": [8, 8.75, 7.8125],
			"to": [8.125, 13.25, 8.25],
			"faces": {
				"north": {"uv": [8.125, 2.75, 8, 7.25], "texture": "#8"},
				"east": {"uv": [8, 2.75, 8.125, 7.25], "texture": "#8"},
				"south": {"uv": [8, 2.75, 8.125, 7.25], "texture": "#8"},
				"west": {"uv": [8, 2.75, 8.125, 7.25], "texture": "#8"},
				"up": {"uv": [8, 2.75, 8.125, 2.875], "texture": "#8"},
				"down": {"uv": [8, 7.125, 8.125, 7.25], "texture": "#8"}
			}
		},
		{
			"name": "Layer 1_4",
			"from": [7.875, 8.875, 7.8125],
			"to": [8, 12.375, 8.25],
			"faces": {
				"north": {"uv": [8, 3.625, 7.875, 7.125], "texture": "#8"},
				"east": {"uv": [7.875, 3.625, 8, 7.125], "texture": "#8"},
				"south": {"uv": [7.875, 3.625, 8, 7.125], "texture": "#8"},
				"west": {"uv": [7.875, 3.625, 8, 7.125], "texture": "#8"},
				"up": {"uv": [7.875, 3.625, 8, 3.75], "texture": "#8"},
				"down": {"uv": [7.875, 7, 8, 7.125], "texture": "#8"}
			}
		},
		{
			"name": "Layer 1_5",
			"from": [8.25, 11, 7.8125],
			"to": [8.625, 12.25, 8.25],
			"faces": {
				"north": {"uv": [8.625, 3.75, 8.25, 5], "texture": "#8"},
				"east": {"uv": [8.5, 3.75, 8.625, 5], "texture": "#8"},
				"south": {"uv": [8.25, 3.75, 8.625, 5], "texture": "#8"},
				"west": {"uv": [8.25, 3.75, 8.375, 5], "texture": "#8"},
				"up": {"uv": [8.25, 3.75, 8.625, 3.875], "texture": "#8"},
				"down": {"uv": [8.25, 4.875, 8.625, 5], "texture": "#8"}
			}
		},
		{
			"name": "Layer 1_6",
			"from": [7.75, 8.875, 7.8125],
			"to": [7.875, 11.25, 8.25],
			"faces": {
				"north": {"uv": [7.875, 4.75, 7.75, 7.125], "texture": "#8"},
				"east": {"uv": [7.75, 4.75, 7.875, 7.125], "texture": "#8"},
				"south": {"uv": [7.75, 4.75, 7.875, 7.125], "texture": "#8"},
				"west": {"uv": [7.75, 4.75, 7.875, 7.125], "texture": "#8"},
				"up": {"uv": [7.75, 4.75, 7.875, 4.875], "texture": "#8"},
				"down": {"uv": [7.75, 7, 7.875, 7.125], "texture": "#8"}
			}
		},
		{
			"name": "Layer 1_7",
			"from": [8.25, 8.625, 7.8125],
			"to": [8.5, 11, 8.25],
			"faces": {
				"north": {"uv": [8.5, 5, 8.25, 7.375], "texture": "#8"},
				"east": {"uv": [8.375, 5, 8.5, 7.375], "texture": "#8"},
				"south": {"uv": [8.25, 5, 8.5, 7.375], "texture": "#8"},
				"west": {"uv": [8.25, 5, 8.375, 7.375], "texture": "#8"},
				"up": {"uv": [8.25, 5, 8.5, 5.125], "texture": "#8"},
				"down": {"uv": [8.25, 7.25, 8.5, 7.375], "texture": "#8"}
			}
		},
		{
			"name": "Layer 1_8",
			"from": [7.625, 9, 7.8125],
			"to": [7.75, 9.625, 8.25],
			"faces": {
				"north": {"uv": [7.75, 6.375, 7.625, 7], "texture": "#8"},
				"east": {"uv": [7.625, 6.375, 7.75, 7], "texture": "#8"},
				"south": {"uv": [7.625, 6.375, 7.75, 7], "texture": "#8"},
				"west": {"uv": [7.625, 6.375, 7.75, 7], "texture": "#8"},
				"up": {"uv": [7.625, 6.375, 7.75, 6.5], "texture": "#8"},
				"down": {"uv": [7.625, 6.875, 7.75, 7], "texture": "#8"}
			}
		},
		{
			"name": "Layer 1_9",
			"from": [7.5, 9, 7.8125],
			"to": [7.625, 9.125, 8.25],
			"faces": {
				"north": {"uv": [7.625, 6.875, 7.5, 7], "texture": "#8"},
				"east": {"uv": [7.5, 6.875, 7.625, 7], "texture": "#8"},
				"south": {"uv": [7.5, 6.875, 7.625, 7], "texture": "#8"},
				"west": {"uv": [7.5, 6.875, 7.625, 7], "texture": "#8"},
				"up": {"uv": [7.5, 6.875, 7.625, 7], "texture": "#8"},
				"down": {"uv": [7.5, 6.875, 7.625, 7], "texture": "#8"}
			}
		},
		{
			"name": "Layer 1_10",
			"from": [8.25, 4.75, 7.8125],
			"to": [8.375, 8.625, 8.25],
			"faces": {
				"north": {"uv": [8.375, 7.375, 8.25, 11.25], "texture": "#8"},
				"east": {"uv": [8.25, 7.375, 8.375, 11.25], "texture": "#8"},
				"south": {"uv": [8.25, 7.375, 8.375, 11.25], "texture": "#8"},
				"west": {"uv": [8.25, 7.375, 8.375, 11.25], "texture": "#8"},
				"up": {"uv": [8.25, 7.375, 8.375, 7.5], "texture": "#8"},
				"down": {"uv": [8.25, 11.25, 8.375, 11.875], "texture": "#8"}
			}
		},
		{
			"name": "Layer 1_11",
			"from": [8, 4.75, 7.8125],
			"to": [8.125, 8.5, 8.25],
			"faces": {
				"north": {"uv": [8.125, 7.5, 8, 11.25], "texture": "#8"},
				"east": {"uv": [8, 7.5, 8.125, 11.25], "texture": "#8"},
				"south": {"uv": [8, 7.5, 8.125, 11.25], "texture": "#8"},
				"west": {"uv": [8, 7.5, 8.125, 11.25], "texture": "#8"},
				"up": {"uv": [8, 7.5, 8.125, 7.625], "texture": "#8"},
				"down": {"uv": [8, 11.25, 8.125, 11.875], "texture": "#8"}
			}
		},
		{
			"name": "Layer 1_12",
			"from": [7.75, 4.75, 7.8125],
			"to": [8, 8.375, 8.25],
			"faces": {
				"north": {"uv": [8, 7.625, 7.75, 11.25], "texture": "#8"},
				"east": {"uv": [7.875, 7.625, 8, 11.25], "texture": "#8"},
				"south": {"uv": [7.75, 7.625, 8, 11.25], "texture": "#8"},
				"west": {"uv": [7.75, 7.625, 7.875, 11.25], "texture": "#8"},
				"up": {"uv": [7.75, 7.625, 8, 7.75], "texture": "#8"},
				"down": {"uv": [7.75, 11.25, 8, 11.875], "texture": "#8"}
			}
		},
		{
			"name": "Layer 1_13",
			"from": [7.5, 7, 7.8125],
			"to": [7.75, 8.25, 8.25],
			"faces": {
				"north": {"uv": [7.75, 7.75, 7.5, 9], "texture": "#8"},
				"east": {"uv": [7.625, 7.75, 7.75, 9], "texture": "#8"},
				"south": {"uv": [7.5, 7.75, 7.75, 9], "texture": "#8"},
				"west": {"uv": [7.5, 7.75, 7.625, 9], "texture": "#8"},
				"up": {"uv": [7.5, 7.75, 7.75, 7.875], "texture": "#8"},
				"down": {"uv": [7.5, 8.875, 7.75, 9], "texture": "#8"}
			}
		},
		{
			"name": "Layer 1_14",
			"from": [7.25, 7, 7.8125],
			"to": [7.5, 8.125, 8.25],
			"faces": {
				"north": {"uv": [7.5, 7.875, 7.25, 9], "texture": "#8"},
				"east": {"uv": [7.375, 7.875, 7.5, 9], "texture": "#8"},
				"south": {"uv": [7.25, 7.875, 7.5, 9], "texture": "#8"},
				"west": {"uv": [7.25, 7.875, 7.375, 9], "texture": "#8"},
				"up": {"uv": [7.25, 7.875, 7.5, 8], "texture": "#8"},
				"down": {"uv": [7.25, 8.875, 7.5, 9], "texture": "#8"}
			}
		},
		{
			"name": "Layer 1_15",
			"from": [7.625, 4.75, 7.8125],
			"to": [7.75, 7, 8.25],
			"faces": {
				"north": {"uv": [7.75, 9, 7.625, 11.25], "texture": "#8"},
				"east": {"uv": [7.625, 9, 7.75, 11.25], "texture": "#8"},
				"south": {"uv": [7.625, 9, 7.75, 11.25], "texture": "#8"},
				"west": {"uv": [7.625, 9, 7.75, 11.25], "texture": "#8"},
				"up": {"uv": [7.625, 9, 7.75, 9.125], "texture": "#8"},
				"down": {"uv": [7.625, 11.25, 7.75, 11.875], "texture": "#8"}
			}
		},
		{
			"name": "Layer 1_16",
			"from": [8.375, 4.75, 7.8125],
			"to": [8.5, 5.625, 8.25],
			"faces": {
				"north": {"uv": [8.5, 10.375, 8.375, 11.25], "texture": "#8"},
				"east": {"uv": [8.375, 10.375, 8.5, 11.25], "texture": "#8"},
				"south": {"uv": [8.375, 10.375, 8.5, 11.25], "texture": "#8"},
				"west": {"uv": [8.375, 10.375, 8.5, 11.25], "texture": "#8"},
				"up": {"uv": [8.375, 10.375, 8.5, 10.5], "texture": "#8"},
				"down": {"uv": [8.375, 11.25, 8.5, 11.875], "texture": "#8"}
			}
		},
		{
			"name": "Layer 2_0",
			"from": [6.875, 7.125, 7.875],
			"to": [7.25, 8, 8.1875],
			"faces": {
				"north": {"uv": [7.25, 8, 6.875, 8.875], "texture": "#8"},
				"east": {"uv": [7.125, 8, 7.25, 8.875], "texture": "#8"},
				"south": {"uv": [6.875, 8, 7.25, 8.875], "texture": "#8"},
				"west": {"uv": [6.875, 8, 7, 8.875], "texture": "#8"},
				"up": {"uv": [6.875, 8, 7.25, 8.125], "texture": "#8"},
				"down": {"uv": [6.875, 8.75, 7.25, 8.875], "texture": "#8"}
			}
		},
		{
			"name": "Layer 2_1",
			"from": [6.625, 6.875, 7.875],
			"to": [6.875, 7.875, 8.1875],
			"faces": {
				"north": {"uv": [6.875, 8.125, 6.625, 9.125], "texture": "#8"},
				"east": {"uv": [6.75, 8.125, 6.875, 9.125], "texture": "#8"},
				"south": {"uv": [6.625, 8.125, 6.875, 9.125], "texture": "#8"},
				"west": {"uv": [6.625, 8.125, 6.75, 9.125], "texture": "#8"},
				"up": {"uv": [6.625, 8.125, 6.875, 8.25], "texture": "#8"},
				"down": {"uv": [6.625, 9, 6.875, 9.125], "texture": "#8"}
			}
		},
		{
			"name": "Layer 2_2",
			"from": [6.5, 6.875, 7.875],
			"to": [6.625, 7.75, 8.1875],
			"faces": {
				"north": {"uv": [6.625, 8.25, 6.5, 9.125], "texture": "#8"},
				"east": {"uv": [6.5, 8.25, 6.625, 9.125], "texture": "#8"},
				"south": {"uv": [6.5, 8.25, 6.625, 9.125], "texture": "#8"},
				"west": {"uv": [6.5, 8.25, 6.625, 9.125], "texture": "#8"},
				"up": {"uv": [6.5, 8.25, 6.625, 8.375], "texture": "#8"},
				"down": {"uv": [6.5, 9, 6.625, 9.125], "texture": "#8"}
			}
		},
		{
			"name": "Layer 2_3",
			"from": [6.875, 7, 7.875],
			"to": [7.125, 7.125, 8.1875],
			"faces": {
				"north": {"uv": [7.125, 8.875, 6.875, 9], "texture": "#8"},
				"east": {"uv": [7, 8.875, 7.125, 9], "texture": "#8"},
				"south": {"uv": [6.875, 8.875, 7.125, 9], "texture": "#8"},
				"west": {"uv": [6.875, 8.875, 7, 9], "texture": "#8"},
				"up": {"uv": [6.875, 8.875, 7.125, 9], "texture": "#8"},
				"down": {"uv": [6.875, 8.875, 7.125, 9], "texture": "#8"}
			}
		},
		{
			"name": "Layer 2_4",
			"from": [7.375, 5.875, 7.9375],
			"to": [7.625, 7, 8.125],
			"faces": {
				"north": {"uv": [7.625, 9, 7.375, 10.125], "texture": "#8"},
				"east": {"uv": [7.5, 9, 7.625, 10.125], "texture": "#8"},
				"south": {"uv": [7.375, 9, 7.625, 10.125], "texture": "#8"},
				"west": {"uv": [7.375, 9, 7.5, 10.125], "texture": "#8"},
				"up": {"uv": [7.375, 9, 7.625, 9.125], "texture": "#8"},
				"down": {"uv": [7.375, 10, 7.625, 10.125], "texture": "#8"}
			}
		},
		{
			"name": "Layer 2_5",
			"from": [7.25, 6.75, 7.9375],
			"to": [7.375, 6.875, 8.125],
			"faces": {
				"north": {"uv": [7.375, 9.125, 7.25, 9.25], "texture": "#8"},
				"east": {"uv": [7.25, 9.125, 7.375, 9.25], "texture": "#8"},
				"south": {"uv": [7.25, 9.125, 7.375, 9.25], "texture": "#8"},
				"west": {"uv": [7.25, 9.125, 7.375, 9.25], "texture": "#8"},
				"up": {"uv": [7.25, 9.125, 7.375, 9.25], "texture": "#8"},
				"down": {"uv": [7.25, 9.125, 7.375, 9.25], "texture": "#8"}
			}
		},
		{
			"name": "Layer 2_6",
			"from": [7.25, 6.5, 7.9375],
			"to": [7.375, 6.625, 8.125],
			"faces": {
				"north": {"uv": [7.375, 9.375, 7.25, 9.5], "texture": "#8"},
				"east": {"uv": [7.25, 9.375, 7.375, 9.5], "texture": "#8"},
				"south": {"uv": [7.25, 9.375, 7.375, 9.5], "texture": "#8"},
				"west": {"uv": [7.25, 9.375, 7.375, 9.5], "texture": "#8"},
				"up": {"uv": [7.25, 9.375, 7.375, 9.5], "texture": "#8"},
				"down": {"uv": [7.25, 9.375, 7.375, 9.5], "texture": "#8"}
			}
		},
		{
			"name": "Layer 2_7",
			"from": [7.25, 6.25, 7.9375],
			"to": [7.375, 6.375, 8.125],
			"faces": {
				"north": {"uv": [7.375, 9.625, 7.25, 9.75], "texture": "#8"},
				"east": {"uv": [7.25, 9.625, 7.375, 9.75], "texture": "#8"},
				"south": {"uv": [7.25, 9.625, 7.375, 9.75], "texture": "#8"},
				"west": {"uv": [7.25, 9.625, 7.375, 9.75], "texture": "#8"},
				"up": {"uv": [7.25, 9.625, 7.375, 9.75], "texture": "#8"},
				"down": {"uv": [7.25, 9.625, 7.375, 9.75], "texture": "#8"}
			}
		},
		{
			"name": "Layer 2_8",
			"from": [7.25, 5.75, 7.9375],
			"to": [7.375, 6.125, 8.125],
			"faces": {
				"north": {"uv": [7.375, 9.875, 7.25, 10.25], "texture": "#8"},
				"east": {"uv": [7.25, 9.875, 7.375, 10.25], "texture": "#8"},
				"south": {"uv": [7.25, 9.875, 7.375, 10.25], "texture": "#8"},
				"west": {"uv": [7.25, 9.875, 7.375, 10.25], "texture": "#8"},
				"up": {"uv": [7.25, 9.875, 7.375, 10], "texture": "#8"},
				"down": {"uv": [7.25, 10.125, 7.375, 10.25], "texture": "#8"}
			}
		},
		{
			"name": "Layer 2_9",
			"from": [7.125, 5.625, 7.9375],
			"to": [7.25, 6, 8.125],
			"faces": {
				"north": {"uv": [7.25, 10, 7.125, 10.375], "texture": "#8"},
				"east": {"uv": [7.125, 10, 7.25, 10.375], "texture": "#8"},
				"south": {"uv": [7.125, 10, 7.25, 10.375], "texture": "#8"},
				"west": {"uv": [7.125, 10, 7.25, 10.375], "texture": "#8"},
				"up": {"uv": [7.125, 10, 7.25, 10.125], "texture": "#8"},
				"down": {"uv": [7.125, 10.25, 7.25, 10.375], "texture": "#8"}
			}
		},
		{
			"name": "Layer 2_10",
			"from": [7, 5.25, 7.9375],
			"to": [7.125, 5.875, 8.125],
			"faces": {
				"north": {"uv": [7.125, 10.125, 7, 10.75], "texture": "#8"},
				"east": {"uv": [7, 10.125, 7.125, 10.75], "texture": "#8"},
				"south": {"uv": [7, 10.125, 7.125, 10.75], "texture": "#8"},
				"west": {"uv": [7, 10.125, 7.125, 10.75], "texture": "#8"},
				"up": {"uv": [7, 10.125, 7.125, 10.25], "texture": "#8"},
				"down": {"uv": [7, 10.625, 7.125, 10.75], "texture": "#8"}
			}
		},
		{
			"name": "Layer 2_11",
			"from": [7.5, 4.75, 7.9375],
			"to": [7.625, 5.875, 8.125],
			"faces": {
				"north": {"uv": [7.625, 10.125, 7.5, 11.25], "texture": "#8"},
				"east": {"uv": [7.5, 10.125, 7.625, 11.25], "texture": "#8"},
				"south": {"uv": [7.5, 10.125, 7.625, 11.25], "texture": "#8"},
				"west": {"uv": [7.5, 10.125, 7.625, 11.25], "texture": "#8"},
				"up": {"uv": [7.5, 10.125, 7.625, 10.25], "texture": "#8"},
				"down": {"uv": [7.5, 11.125, 7.625, 11.25], "texture": "#8"}
			}
		},
		{
			"name": "Layer 2_12",
			"from": [6.875, 5.375, 7.9375],
			"to": [7, 5.75, 8.125],
			"faces": {
				"north": {"uv": [7, 10.25, 6.875, 10.625], "texture": "#8"},
				"east": {"uv": [6.875, 10.25, 7, 10.625], "texture": "#8"},
				"south": {"uv": [6.875, 10.25, 7, 10.625], "texture": "#8"},
				"west": {"uv": [6.875, 10.25, 7, 10.625], "texture": "#8"},
				"up": {"uv": [6.875, 10.25, 7, 10.375], "texture": "#8"},
				"down": {"uv": [6.875, 10.5, 7, 10.625], "texture": "#8"}
			}
		},
		{
			"name": "Layer 2_13",
			"from": [7.375, 5.5, 8],
			"to": [7.5, 5.75, 8.0625],
			"faces": {
				"north": {"uv": [7.5, 10.25, 7.375, 10.5], "texture": "#8"},
				"east": {"uv": [7.375, 10.25, 7.5, 10.5], "texture": "#8"},
				"south": {"uv": [7.375, 10.25, 7.5, 10.5], "texture": "#8"},
				"west": {"uv": [7.375, 10.25, 7.5, 10.5], "texture": "#8"},
				"up": {"uv": [7.375, 10.25, 7.5, 10.375], "texture": "#8"},
				"down": {"uv": [7.375, 10.375, 7.5, 10.5], "texture": "#8"}
			}
		},
		{
			"name": "Layer 2_14",
			"from": [7.25, 5.5, 8],
			"to": [7.375, 5.625, 8.0625],
			"faces": {
				"north": {"uv": [7.375, 10.375, 7.25, 10.5], "texture": "#8"},
				"east": {"uv": [7.25, 10.375, 7.375, 10.5], "texture": "#8"},
				"south": {"uv": [7.25, 10.375, 7.375, 10.5], "texture": "#8"},
				"west": {"uv": [7.25, 10.375, 7.375, 10.5], "texture": "#8"},
				"up": {"uv": [7.25, 10.375, 7.375, 10.5], "texture": "#8"},
				"down": {"uv": [7.25, 10.375, 7.375, 10.5], "texture": "#8"}
			}
		},
		{
			"name": "Layer 2_15",
			"from": [7.125, 5.125, 7.9375],
			"to": [7.25, 5.5, 8.125],
			"faces": {
				"north": {"uv": [7.25, 10.5, 7.125, 10.875], "texture": "#8"},
				"east": {"uv": [7.125, 10.5, 7.25, 10.875], "texture": "#8"},
				"south": {"uv": [7.125, 10.5, 7.25, 10.875], "texture": "#8"},
				"west": {"uv": [7.125, 10.5, 7.25, 10.875], "texture": "#8"},
				"up": {"uv": [7.125, 10.5, 7.25, 10.625], "texture": "#8"},
				"down": {"uv": [7.125, 10.75, 7.25, 10.875], "texture": "#8"}
			}
		},
		{
			"name": "Layer 2_16",
			"from": [7.25, 5, 7.9375],
			"to": [7.375, 5.375, 8.125],
			"faces": {
				"north": {"uv": [7.375, 10.625, 7.25, 11], "texture": "#8"},
				"east": {"uv": [7.25, 10.625, 7.375, 11], "texture": "#8"},
				"south": {"uv": [7.25, 10.625, 7.375, 11], "texture": "#8"},
				"west": {"uv": [7.25, 10.625, 7.375, 11], "texture": "#8"},
				"up": {"uv": [7.25, 10.625, 7.375, 10.75], "texture": "#8"},
				"down": {"uv": [7.25, 10.875, 7.375, 11], "texture": "#8"}
			}
		},
		{
			"name": "Layer 2_17",
			"from": [7.375, 4.875, 7.9375],
			"to": [7.5, 5.25, 8.125],
			"faces": {
				"north": {"uv": [7.5, 10.75, 7.375, 11.125], "texture": "#8"},
				"east": {"uv": [7.375, 10.75, 7.5, 11.125], "texture": "#8"},
				"south": {"uv": [7.375, 10.75, 7.5, 11.125], "texture": "#8"},
				"west": {"uv": [7.375, 10.75, 7.5, 11.125], "texture": "#8"},
				"up": {"uv": [7.375, 10.75, 7.5, 10.875], "texture": "#8"},
				"down": {"uv": [7.375, 11, 7.5, 11.125], "texture": "#8"}
			}
		},
		{
			"name": "Layer 3_0",
			"from": [7.25, 8.25, 7.75],
			"to": [7.75, 9, 8.3125],
			"faces": {
				"north": {"uv": [7.75, 7, 7.25, 7.75], "texture": "#8"},
				"east": {"uv": [7.625, 7, 7.75, 7.75], "texture": "#8"},
				"south": {"uv": [7.25, 7, 7.75, 7.75], "texture": "#8"},
				"west": {"uv": [7.25, 7, 7.375, 7.75], "texture": "#8"},
				"up": {"uv": [7.25, 7, 7.75, 7.125], "texture": "#8"},
				"down": {"uv": [7.25, 7.625, 7.75, 7.75], "texture": "#8"}
			}
		},
		{
			"name": "Layer 3_1",
			"from": [7.75, 8.375, 7.75],
			"to": [8, 8.875, 8.3125],
			"faces": {
				"north": {"uv": [8, 7.125, 7.75, 7.625], "texture": "#8"},
				"east": {"uv": [7.875, 7.125, 8, 7.625], "texture": "#8"},
				"south": {"uv": [7.75, 7.125, 8, 7.625], "texture": "#8"},
				"west": {"uv": [7.75, 7.125, 7.875, 7.625], "texture": "#8"},
				"up": {"uv": [7.75, 7.125, 8, 7.25], "texture": "#8"},
				"down": {"uv": [7.75, 7.5, 8, 7.625], "texture": "#8"}
			}
		},
		{
			"name": "Layer 3_2",
			"from": [8, 8.5, 7.75],
			"to": [8.125, 8.75, 8.3125],
			"faces": {
				"north": {"uv": [8.125, 7.25, 8, 7.5], "texture": "#8"},
				"east": {"uv": [8, 7.25, 8.125, 7.5], "texture": "#8"},
				"south": {"uv": [8, 7.25, 8.125, 7.5], "texture": "#8"},
				"west": {"uv": [8, 7.25, 8.125, 7.5], "texture": "#8"},
				"up": {"uv": [8, 7.25, 8.125, 7.375], "texture": "#8"},
				"down": {"uv": [8, 7.375, 8.125, 7.5], "texture": "#8"}
			}
		},
		{
			"name": "Layer 3_3",
			"from": [8.375, 6.75, 7.875],
			"to": [8.5, 7.25, 8.1875],
			"faces": {
				"north": {"uv": [8.5, 8.75, 8.375, 9.25], "texture": "#8"},
				"east": {"uv": [8.375, 8.75, 8.5, 9.25], "texture": "#8"},
				"south": {"uv": [8.375, 8.75, 8.5, 9.25], "texture": "#8"},
				"west": {"uv": [8.375, 8.75, 8.5, 9.25], "texture": "#8"},
				"up": {"uv": [8.375, 8.75, 8.5, 8.875], "texture": "#8"},
				"down": {"uv": [8.375, 9.125, 8.5, 9.25], "texture": "#8"}
			}
		},
		{
			"name": "Layer 3_4",
			"from": [8.5, 6.875, 7.875],
			"to": [8.625, 7.125, 8.1875],
			"faces": {
				"north": {"uv": [8.625, 8.875, 8.5, 9.125], "texture": "#8"},
				"east": {"uv": [8.5, 8.875, 8.625, 9.125], "texture": "#8"},
				"south": {"uv": [8.5, 8.875, 8.625, 9.125], "texture": "#8"},
				"west": {"uv": [8.5, 8.875, 8.625, 9.125], "texture": "#8"},
				"up": {"uv": [8.5, 8.875, 8.625, 9], "texture": "#8"},
				"down": {"uv": [8.5, 9, 8.625, 9.125], "texture": "#8"}
			}
		}
	],
	"display": {
		"thirdperson_righthand": {
			"rotation": [0, 90, 180],
			"translation": [0.25, -7.25, 0.5],
			"scale": [3, 3, 3]
		},
		"thirdperson_lefthand": {
			"rotation": [0, -90, 180],
			"translation": [0.25, -7.25, 0.5],
			"scale": [3, 3, 3]
		},
		"firstperson_righthand": {
			"rotation": [15, 133, 95],
			"translation": [-3, 4, 0.75],
			"scale": [1.25, 1.25, 1.25]
		},
		"firstperson_lefthand": {
			"rotation": [-180, -124, 75],
			"translation": [-3, 4, 1.25],
			"scale": [1.25, 1.25, 1.25]
		},
		"ground": {
			"rotation": [180, 0, 0],
			"translation": [0, 15.75, 0],
			"scale": [3, 3, 3]
		},
		"gui": {
			"rotation": [180, 0, 45],
			"translation": [-0.5, -0.25, 0],
			"scale": [1.5, 1.5, 1.5]
		},
		"head": {
			"rotation": [180, 0, 45],
			"translation": [0, -15.75, 4.75],
			"scale": [3.5, 3.5, 3.5]
		},
		"fixed": {
			"rotation": [180, 0, 135],
			"translation": [-0.75, 2.5, 0],
			"scale": [2, 2, 2]
		}
	},
	"groups": [
		{
			"name": "Layer 1",
			"origin": [8, 8, 8],
			"color": 0,
			"children": []
		},
		{
			"name": "Layer 2",
			"origin": [8, 8, 8],
			"color": 0,
			"children": []
		},
		{
			"name": "Layer 3",
			"origin": [8, 8, 8],
			"color": 0,
			"children": []
		},
		{
			"name": "Layer 4",
			"origin": [8, 8, 8],
			"color": 0,
			"children": []
		},
		{
			"name": "Layer 1",
			"origin": [8, 8, 8],
			"color": 0,
			"children": [0, 1, 2, 3, 4, 5, 6, 7, 8, 9, 10, 11, 12, 13, 14, 15, 16]
		},
		{
			"name": "Layer 2",
			"origin": [8, 8, 8],
			"color": 0,
			"children": [17, 18, 19, 20, 21, 22, 23, 24, 25, 26, 27, 28, 29, 30, 31, 32, 33, 34]
		},
		{
			"name": "Layer 3",
			"origin": [8, 8, 8],
			"color": 0,
			"children": [35, 36, 37, 38, 39]
		}
	]
}