{
	"credit": "Made with Blockbench",
	"textures": {
		"0": "item/red_queen",
		"particle": "item/red_queen"
	},
	"elements": [
		{
			"name": "Layer 2_0",
			"from": [7.625, 5.25, 8],
			"to": [7.75, 6, 8.125],
			"faces": {
				"north": {"uv": [7.75, 10, 7.625, 10.75], "texture": "#0"},
				"east": {"uv": [7.625, 10, 7.75, 10.75], "texture": "#0"},
				"south": {"uv": [7.625, 10, 7.75, 10.75], "texture": "#0"},
				"west": {"uv": [7.625, 10, 7.75, 10.75], "texture": "#0"},
				"down": {"uv": [7.625, 10.625, 7.75, 10.75], "texture": "#0"}
			}
		},
		{
			"name": "Layer 2_1",
			"from": [7.5, 5, 8],
			"to": [7.625, 5.375, 8.125],
			"faces": {
				"north": {"uv": [7.625, 10.625, 7.5, 11], "texture": "#0"},
				"east": {"uv": [7.5, 10.625, 7.625, 11], "texture": "#0"},
				"south": {"uv": [7.5, 10.625, 7.625, 11], "texture": "#0"},
				"west": {"uv": [7.5, 10.625, 7.625, 11], "texture": "#0"},
				"up": {"uv": [7.5, 10.625, 7.625, 10.75], "texture": "#0"},
				"down": {"uv": [7.5, 10.875, 7.625, 11], "texture": "#0"}
			}
		},
		{
			"name": "Layer 2_2",
			"from": [7.375, 5, 8],
			"to": [7.5, 5.125, 8.125],
			"faces": {
				"north": {"uv": [7.5, 10.875, 7.375, 11], "texture": "#0"},
				"south": {"uv": [7.375, 10.875, 7.5, 11], "texture": "#0"},
				"west": {"uv": [7.375, 10.875, 7.5, 11], "texture": "#0"},
				"up": {"uv": [7.375, 10.875, 7.5, 11], "texture": "#0"},
				"down": {"uv": [7.375, 10.875, 7.5, 11], "texture": "#0"}
			}
		},
		{
			"name": "Layer 2_3",
			"from": [7.875, 3, 7.9375],
			"to": [8.25, 5.125, 8.1875],
			"faces": {
				"north": {"uv": [8.25, 10.875, 7.875, 13], "texture": "#0"},
				"east": {"uv": [8.125, 10.875, 8.25, 13], "texture": "#0"},
				"south": {"uv": [7.875, 10.875, 8.25, 13], "texture": "#0"},
				"west": {"uv": [7.875, 10.875, 8, 13], "texture": "#0"},
				"down": {"uv": [7.875, 12.875, 8.25, 13], "texture": "#0"}
			}
		},
		{
			"name": "Layer 2_4",
			"from": [7.75, 3.125, 7.9375],
			"to": [7.875, 3.375, 8.1875],
			"faces": {
				"north": {"uv": [7.875, 12.625, 7.75, 12.875], "texture": "#0"},
				"south": {"uv": [7.75, 12.625, 7.875, 12.875], "texture": "#0"},
				"west": {"uv": [7.75, 12.625, 7.875, 12.875], "texture": "#0"},
				"up": {"uv": [7.75, 12.625, 7.875, 12.75], "texture": "#0"},
				"down": {"uv": [7.75, 12.75, 7.875, 12.875], "texture": "#0"}
			}
		},
		{
			"name": "Layer 2_5",
			"from": [8.25, 3.125, 7.9375],
			"to": [8.375, 3.375, 8.1875],
			"faces": {
				"north": {"uv": [8.375, 12.625, 8.25, 12.875], "texture": "#0"},
				"east": {"uv": [8.25, 12.625, 8.375, 12.875], "texture": "#0"},
				"south": {"uv": [8.25, 12.625, 8.375, 12.875], "texture": "#0"},
				"up": {"uv": [8.25, 12.625, 8.375, 12.75], "texture": "#0"},
				"down": {"uv": [8.25, 12.75, 8.375, 12.875], "texture": "#0"}
			}
		},
		{
			"name": "Layer 3_0",
			"from": [7.875, 5.125, 7.9375],
			"to": [8.375, 5.875, 8.1875],
			"faces": {
				"north": {"uv": [8.375, 10.125, 7.875, 10.875], "texture": "#0"},
				"east": {"uv": [8.25, 10.125, 8.375, 10.875], "texture": "#0"},
				"south": {"uv": [7.875, 10.125, 8.375, 10.875], "texture": "#0"},
				"west": {"uv": [7.875, 10.125, 8, 10.875], "texture": "#0"},
				"down": {"uv": [7.875, 10.75, 8.375, 10.875], "texture": "#0"}
			}
		},
		{
			"name": "Layer 4_0",
			"from": [8.5, 6.75, 7.875],
			"to": [8.75, 7, 8.25],
			"faces": {
				"north": {"uv": [8.75, 9, 8.5, 9.25], "texture": "#0"},
				"east": {"uv": [8.625, 9, 8.75, 9.25], "texture": "#0"},
				"south": {"uv": [8.5, 9, 8.75, 9.25], "texture": "#0"},
				"west": {"uv": [8.5, 9, 8.625, 9.25], "texture": "#0"},
				"up": {"uv": [8.5, 9, 8.75, 9.125], "texture": "#0"},
				"down": {"uv": [8.5, 9.125, 8.75, 9.25], "texture": "#0"}
			}
		},
		{
			"name": "Layer 4_1",
			"from": [8.75, 6.875, 7.875],
			"to": [8.875, 7, 8.25],
			"faces": {
				"north": {"uv": [8.875, 9, 8.75, 9.125], "texture": "#0"},
				"east": {"uv": [8.75, 9, 8.875, 9.125], "texture": "#0"},
				"south": {"uv": [8.75, 9, 8.875, 9.125], "texture": "#0"},
				"up": {"uv": [8.75, 9, 8.875, 9.125], "texture": "#0"},
				"down": {"uv": [8.75, 9, 8.875, 9.125], "texture": "#0"}
			}
		},
		{
			"name": "Layer 4_2",
			"from": [8.25, 6, 7.875],
			"to": [8.5, 6.875, 8.25],
			"faces": {
				"north": {"uv": [8.5, 9.125, 8.25, 10], "texture": "#0"},
				"east": {"uv": [8.375, 9.125, 8.5, 10], "texture": "#0"},
				"south": {"uv": [8.25, 9.125, 8.5, 10], "texture": "#0"},
				"west": {"uv": [8.25, 9.125, 8.375, 10], "texture": "#0"},
				"up": {"uv": [8.25, 9.125, 8.5, 9.25], "texture": "#0"},
				"down": {"uv": [8.25, 9.875, 8.5, 10], "texture": "#0"}
			}
		},
		{
			"name": "Layer 4_3",
			"from": [8.125, 5.875, 7.875],
			"to": [8.25, 6.75, 8.25],
			"faces": {
				"north": {"uv": [8.25, 9.25, 8.125, 10.125], "texture": "#0"},
				"south": {"uv": [8.125, 9.25, 8.25, 10.125], "texture": "#0"},
				"west": {"uv": [8.125, 9.25, 8.25, 10.125], "texture": "#0"},
				"up": {"uv": [8.125, 9.25, 8.25, 9.375], "texture": "#0"},
				"down": {"uv": [8.125, 10, 8.25, 10.125], "texture": "#0"}
			}
		},
		{
			"name": "Layer 4_4",
			"from": [8.5, 6.375, 7.875],
			"to": [8.625, 6.75, 8.25],
			"faces": {
				"north": {"uv": [8.625, 9.25, 8.5, 9.625], "texture": "#0"},
				"east": {"uv": [8.5, 9.25, 8.625, 9.625], "texture": "#0"},
				"south": {"uv": [8.5, 9.25, 8.625, 9.625], "texture": "#0"},
				"down": {"uv": [8.5, 9.5, 8.625, 9.625], "texture": "#0"}
			}
		},
		{
			"name": "Layer 4_5",
			"from": [7.875, 5.875, 7.875],
			"to": [8.125, 6.625, 8.25],
			"faces": {
				"north": {"uv": [8.125, 9.375, 7.875, 10.125], "texture": "#0"},
				"south": {"uv": [7.875, 9.375, 8.125, 10.125], "texture": "#0"},
				"west": {"uv": [7.875, 9.375, 8, 10.125], "texture": "#0"},
				"up": {"uv": [7.875, 9.375, 8.125, 9.5], "texture": "#0"},
				"down": {"uv": [7.875, 10, 8.125, 10.125], "texture": "#0"}
			}
		},
		{
			"name": "Layer 4_6",
			"from": [7.75, 5.875, 7.875],
			"to": [7.875, 6.5, 8.25],
			"faces": {
				"north": {"uv": [7.875, 9.5, 7.75, 10.125], "texture": "#0"},
				"south": {"uv": [7.75, 9.5, 7.875, 10.125], "texture": "#0"},
				"west": {"uv": [7.75, 9.5, 7.875, 10.125], "texture": "#0"},
				"up": {"uv": [7.75, 9.5, 7.875, 9.625], "texture": "#0"},
				"down": {"uv": [7.75, 10, 7.875, 10.125], "texture": "#0"}
			}
		},
		{
			"name": "Layer 4_7",
			"from": [7.625, 6, 7.875],
			"to": [7.75, 6.375, 8.25],
			"faces": {
				"north": {"uv": [7.75, 9.625, 7.625, 10], "texture": "#0"},
				"south": {"uv": [7.625, 9.625, 7.75, 10], "texture": "#0"},
				"west": {"uv": [7.625, 9.625, 7.75, 10], "texture": "#0"},
				"up": {"uv": [7.625, 9.625, 7.75, 9.75], "texture": "#0"},
				"down": {"uv": [7.625, 9.875, 7.75, 10], "texture": "#0"}
			}
		},
		{
			"name": "Layer 4_8",
			"from": [7.5, 6, 7.875],
			"to": [7.625, 6.25, 8.25],
			"faces": {
				"north": {"uv": [7.625, 9.75, 7.5, 10], "texture": "#0"},
				"south": {"uv": [7.5, 9.75, 7.625, 10], "texture": "#0"},
				"west": {"uv": [7.5, 9.75, 7.625, 10], "texture": "#0"},
				"up": {"uv": [7.5, 9.75, 7.625, 9.875], "texture": "#0"},
				"down": {"uv": [7.5, 9.875, 7.625, 10], "texture": "#0"}
			}
		},
		{
			"name": "Layer 4_9",
			"from": [8.25, 5.875, 7.875],
			"to": [8.375, 6, 8.25],
			"faces": {
				"north": {"uv": [8.375, 10, 8.25, 10.125], "texture": "#0"},
				"east": {"uv": [8.25, 10, 8.375, 10.125], "texture": "#0"},
				"south": {"uv": [8.25, 10, 8.375, 10.125], "texture": "#0"},
				"down": {"uv": [8.25, 10, 8.375, 10.125], "texture": "#0"}
			}
		},
		{
			"name": "Layer 5_0",
			"from": [8.75, 15.5, 8],
			"to": [8.875, 15.625, 8.125],
			"faces": {
				"north": {"uv": [8.875, 0.375, 8.75, 0.5], "texture": "#0"},
				"east": {"uv": [8.75, 0.375, 8.875, 0.5], "texture": "#0"},
				"south": {"uv": [8.75, 0.375, 8.875, 0.5], "texture": "#0"},
				"west": {"uv": [8.75, 0.375, 8.875, 0.5], "texture": "#0"},
				"up": {"uv": [8.75, 0.375, 8.875, 0.5], "texture": "#0"}
			}
		},
		{
			"name": "Layer 5_1",
			"from": [8.625, 15.375, 8],
			"to": [8.75, 15.5, 8.125],
			"faces": {
				"north": {"uv": [8.75, 0.5, 8.625, 0.625], "texture": "#0"},
				"south": {"uv": [8.625, 0.5, 8.75, 0.625], "texture": "#0"},
				"west": {"uv": [8.625, 0.5, 8.75, 0.625], "texture": "#0"},
				"up": {"uv": [8.625, 0.5, 8.75, 0.625], "texture": "#0"}
			}
		},
		{
			"name": "Layer 5_2",
			"from": [8.5, 15.25, 8],
			"to": [8.625, 15.375, 8.125],
			"faces": {
				"north": {"uv": [8.625, 0.625, 8.5, 0.75], "texture": "#0"},
				"south": {"uv": [8.5, 0.625, 8.625, 0.75], "texture": "#0"},
				"west": {"uv": [8.5, 0.625, 8.625, 0.75], "texture": "#0"},
				"up": {"uv": [8.5, 0.625, 8.625, 0.75], "texture": "#0"}
			}
		},
		{
			"name": "Layer 5_3",
			"from": [8.375, 15, 8],
			"to": [8.5, 15.25, 8.125],
			"faces": {
				"north": {"uv": [8.5, 0.75, 8.375, 1], "texture": "#0"},
				"south": {"uv": [8.375, 0.75, 8.5, 1], "texture": "#0"},
				"west": {"uv": [8.375, 0.75, 8.5, 1], "texture": "#0"},
				"up": {"uv": [8.375, 0.75, 8.5, 0.875], "texture": "#0"}
			}
		},
		{
			"name": "Layer 5_4",
			"from": [8.25, 14.625, 8],
			"to": [8.375, 15, 8.125],
			"faces": {
				"north": {"uv": [8.375, 1, 8.25, 1.375], "texture": "#0"},
				"south": {"uv": [8.25, 1, 8.375, 1.375], "texture": "#0"},
				"west": {"uv": [8.25, 1, 8.375, 1.375], "texture": "#0"},
				"up": {"uv": [8.25, 1, 8.375, 1.125], "texture": "#0"}
			}
		},
		{
			"name": "Layer 5_5",
			"from": [8.125, 14.125, 8],
			"to": [8.25, 14.625, 8.125],
			"faces": {
				"north": {"uv": [8.25, 1.375, 8.125, 1.875], "texture": "#0"},
				"south": {"uv": [8.125, 1.375, 8.25, 1.875], "texture": "#0"},
				"west": {"uv": [8.125, 1.375, 8.25, 1.875], "texture": "#0"},
				"up": {"uv": [8.125, 1.375, 8.25, 1.5], "texture": "#0"}
			}
		},
		{
			"name": "Layer 5_6",
			"from": [8, 13, 8],
			"to": [8.125, 14.125, 8.125],
			"faces": {
				"north": {"uv": [8.125, 1.875, 8, 3], "texture": "#0"},
				"south": {"uv": [8, 1.875, 8.125, 3], "texture": "#0"},
				"west": {"uv": [8, 1.875, 8.125, 3], "texture": "#0"},
				"up": {"uv": [8, 1.875, 8.125, 2], "texture": "#0"}
			}
		},
		{
			"name": "Layer 5_7",
			"from": [7.875, 11.5, 8],
			"to": [8, 13, 8.125],
			"faces": {
				"north": {"uv": [8, 3, 7.875, 4.5], "texture": "#0"},
				"south": {"uv": [7.875, 3, 8, 4.5], "texture": "#0"},
				"west": {"uv": [7.875, 3, 8, 4.5], "texture": "#0"},
				"up": {"uv": [7.875, 3, 8, 3.125], "texture": "#0"}
			}
		},
		{
			"name": "Layer 5_8",
			"from": [7.75, 7.75, 8],
			"to": [7.875, 11.5, 8.125],
			"faces": {
				"north": {"uv": [7.875, 4.5, 7.75, 8.25], "texture": "#0"},
				"south": {"uv": [7.75, 4.5, 7.875, 8.25], "texture": "#0"},
				"west": {"uv": [7.75, 4.5, 7.875, 8.25], "texture": "#0"},
				"up": {"uv": [7.75, 4.5, 7.875, 4.625], "texture": "#0"}
			}
		},
		{
			"name": "Layer 5_9",
			"from": [7.625, 7.375, 8],
			"to": [7.75, 7.75, 8.125],
			"faces": {
				"north": {"uv": [7.75, 8.25, 7.625, 8.625], "texture": "#0"},
				"south": {"uv": [7.625, 8.25, 7.75, 8.625], "texture": "#0"},
				"west": {"uv": [7.625, 8.25, 7.75, 8.625], "texture": "#0"},
				"up": {"uv": [7.625, 8.25, 7.75, 8.375], "texture": "#0"}
			}
		},
		{
			"name": "Layer 5_10",
			"from": [7.5, 7.125, 8],
			"to": [7.625, 7.375, 8.125],
			"faces": {
				"north": {"uv": [7.625, 8.625, 7.5, 8.875], "texture": "#0"},
				"south": {"uv": [7.5, 8.625, 7.625, 8.875], "texture": "#0"},
				"west": {"uv": [7.5, 8.625, 7.625, 8.875], "texture": "#0"},
				"up": {"uv": [7.5, 8.625, 7.625, 8.75], "texture": "#0"}
			}
		},
		{
			"name": "Layer 5_11",
			"from": [7.375, 7, 8],
			"to": [7.5, 7.125, 8.125],
			"faces": {
				"north": {"uv": [7.5, 8.875, 7.375, 9], "texture": "#0"},
				"south": {"uv": [7.375, 8.875, 7.5, 9], "texture": "#0"},
				"west": {"uv": [7.375, 8.875, 7.5, 9], "texture": "#0"},
				"up": {"uv": [7.375, 8.875, 7.5, 9], "texture": "#0"}
			}
		},
		{
			"name": "Layer 5_12",
			"from": [7.25, 6.875, 8],
			"to": [7.375, 7, 8.125],
			"faces": {
				"north": {"uv": [7.375, 9, 7.25, 9.125], "texture": "#0"},
				"south": {"uv": [7.25, 9, 7.375, 9.125], "texture": "#0"},
				"west": {"uv": [7.25, 9, 7.375, 9.125], "texture": "#0"},
				"up": {"uv": [7.25, 9, 7.375, 9.125], "texture": "#0"}
			}
		},
		{
			"name": "Layer 5_13",
			"from": [7.125, 6.625, 8],
			"to": [7.25, 6.875, 8.125],
			"faces": {
				"north": {"uv": [7.25, 9.125, 7.125, 9.375], "texture": "#0"},
				"south": {"uv": [7.125, 9.125, 7.25, 9.375], "texture": "#0"},
				"west": {"uv": [7.125, 9.125, 7.25, 9.375], "texture": "#0"},
				"up": {"uv": [7.125, 9.125, 7.25, 9.25], "texture": "#0"},
				"down": {"uv": [7.125, 9.25, 7.25, 9.375], "texture": "#0"}
			}
		},
		{
			"name": "Layer 1_0",
			"from": [8.75, 15.25, 7.9375],
			"to": [8.875, 15.5, 8.1875],
			"faces": {
				"north": {"uv": [8.875, 0.5, 8.75, 0.75], "texture": "#0"},
				"east": {"uv": [8.75, 0.5, 8.875, 0.75], "texture": "#0"},
				"south": {"uv": [8.75, 0.5, 8.875, 0.75], "texture": "#0"},
				"west": {"uv": [8.75, 0.5, 8.875, 0.75], "texture": "#0"},
				"up": {"uv": [8.75, 0.5, 8.875, 0.625], "texture": "#0"},
				"down": {"uv": [8.75, 0.625, 8.875, 0.75], "texture": "#0"}
			}
		},
		{
			"name": "Layer 1_1",
			"from": [8.625, 14.875, 7.9375],
			"to": [8.75, 15.375, 8.1875],
			"faces": {
				"north": {"uv": [8.75, 0.625, 8.625, 1.125], "texture": "#0"},
				"east": {"uv": [8.625, 0.625, 8.75, 1.125], "texture": "#0"},
				"south": {"uv": [8.625, 0.625, 8.75, 1.125], "texture": "#0"},
				"west": {"uv": [8.625, 0.625, 8.75, 1.125], "texture": "#0"},
				"up": {"uv": [8.625, 0.625, 8.75, 0.75], "texture": "#0"},
				"down": {"uv": [8.625, 1, 8.75, 1.125], "texture": "#0"}
			}
		},
		{
			"name": "Layer 1_2",
			"from": [8.5, 13, 7.9375],
			"to": [8.625, 15.25, 8.1875],
			"faces": {
				"north": {"uv": [8.625, 0.75, 8.5, 3], "texture": "#0"},
				"east": {"uv": [8.5, 0.75, 8.625, 3], "texture": "#0"},
				"south": {"uv": [8.5, 0.75, 8.625, 3], "texture": "#0"},
				"west": {"uv": [8.5, 0.75, 8.625, 3], "texture": "#0"},
				"up": {"uv": [8.5, 0.75, 8.625, 0.875], "texture": "#0"},
				"down": {"uv": [8.5, 2.875, 8.625, 3], "texture": "#0"}
			}
		},
		{
			"name": "Layer 1_3",
			"from": [8.375, 11.875, 7.9375],
			"to": [8.5, 15, 8.1875],
			"faces": {
				"north": {"uv": [8.5, 1, 8.375, 4.125], "texture": "#0"},
				"east": {"uv": [8.375, 1, 8.5, 4.125], "texture": "#0"},
				"south": {"uv": [8.375, 1, 8.5, 4.125], "texture": "#0"},
				"west": {"uv": [8.375, 1, 8.5, 4.125], "texture": "#0"},
				"up": {"uv": [8.375, 1, 8.5, 1.125], "texture": "#0"},
				"down": {"uv": [8.375, 4, 8.5, 4.125], "texture": "#0"}
			}
		},
		{
			"name": "Layer 1_4",
			"from": [8.25, 6.875, 7.9375],
			"to": [8.375, 14.625, 8.1875],
			"faces": {
				"north": {"uv": [8.375, 1.375, 8.25, 9.125], "texture": "#0"},
				"east": {"uv": [8.25, 1.375, 8.375, 9.125], "texture": "#0"},
				"south": {"uv": [8.25, 1.375, 8.375, 9.125], "texture": "#0"},
				"west": {"uv": [8.25, 1.375, 8.375, 9.125], "texture": "#0"},
				"up": {"uv": [8.25, 1.375, 8.375, 1.5], "texture": "#0"}
			}
		},
		{
			"name": "Layer 1_5",
			"from": [8.125, 6.75, 7.9375],
			"to": [8.25, 14.125, 8.1875],
			"faces": {
				"north": {"uv": [8.25, 1.875, 8.125, 9.25], "texture": "#0"},
				"south": {"uv": [8.125, 1.875, 8.25, 9.25], "texture": "#0"},
				"west": {"uv": [8.125, 1.875, 8.25, 9.25], "texture": "#0"},
				"up": {"uv": [8.125, 1.875, 8.25, 2], "texture": "#0"}
			}
		},
		{
			"name": "Layer 1_6",
			"from": [8.625, 13.25, 7.9375],
			"to": [8.75, 14.125, 8.1875],
			"faces": {
				"north": {"uv": [8.75, 1.875, 8.625, 2.75], "texture": "#0"},
				"east": {"uv": [8.625, 1.875, 8.75, 2.75], "texture": "#0"},
				"south": {"uv": [8.625, 1.875, 8.75, 2.75], "texture": "#0"},
				"up": {"uv": [8.625, 1.875, 8.75, 2], "texture": "#0"},
				"down": {"uv": [8.625, 2.625, 8.75, 2.75], "texture": "#0"}
			}
		},
		{
			"name": "Layer 1_7",
			"from": [8.75, 13.375, 7.9375],
			"to": [8.875, 13.875, 8.1875],
			"faces": {
				"north": {"uv": [8.875, 2.125, 8.75, 2.625], "texture": "#0"},
				"east": {"uv": [8.75, 2.125, 8.875, 2.625], "texture": "#0"},
				"south": {"uv": [8.75, 2.125, 8.875, 2.625], "texture": "#0"},
				"up": {"uv": [8.75, 2.125, 8.875, 2.25], "texture": "#0"},
				"down": {"uv": [8.75, 2.5, 8.875, 2.625], "texture": "#0"}
			}
		},
		{
			"name": "Layer 1_8",
			"from": [8.875, 13.5, 7.9375],
			"to": [9, 13.75, 8.1875],
			"faces": {
				"north": {"uv": [9, 2.25, 8.875, 2.5], "texture": "#0"},
				"east": {"uv": [8.875, 2.25, 9, 2.5], "texture": "#0"},
				"south": {"uv": [8.875, 2.25, 9, 2.5], "texture": "#0"},
				"up": {"uv": [8.875, 2.25, 9, 2.375], "texture": "#0"},
				"down": {"uv": [8.875, 2.375, 9, 2.5], "texture": "#0"}
			}
		},
		{
			"name": "Layer 1_9",
			"from": [8, 6.625, 7.9375],
			"to": [8.125, 13, 8.1875],
			"faces": {
				"north": {"uv": [8.125, 3, 8, 9.375], "texture": "#0"},
				"south": {"uv": [8, 3, 8.125, 9.375], "texture": "#0"},
				"west": {"uv": [8, 3, 8.125, 9.375], "texture": "#0"},
				"up": {"uv": [8, 3, 8.125, 3.125], "texture": "#0"}
			}
		},
		{
			"name": "Layer 1_10",
			"from": [7.875, 6.625, 7.9375],
			"to": [8, 11.5, 8.1875],
			"faces": {
				"north": {"uv": [8, 4.5, 7.875, 9.375], "texture": "#0"},
				"south": {"uv": [7.875, 4.5, 8, 9.375], "texture": "#0"},
				"west": {"uv": [7.875, 4.5, 8, 9.375], "texture": "#0"},
				"up": {"uv": [7.875, 4.5, 8, 4.625], "texture": "#0"}
			}
		},
		{
			"name": "Layer 1_11",
			"from": [8.375, 6.875, 7.9375],
			"to": [8.5, 8.25, 8.1875],
			"faces": {
				"north": {"uv": [8.5, 7.75, 8.375, 9.125], "texture": "#0"},
				"east": {"uv": [8.375, 7.75, 8.5, 9.125], "texture": "#0"},
				"south": {"uv": [8.375, 7.75, 8.5, 9.125], "texture": "#0"},
				"up": {"uv": [8.375, 7.75, 8.5, 7.875], "texture": "#0"}
			}
		},
		{
			"name": "Layer 1_12",
			"from": [7.75, 6.5, 7.9375],
			"to": [7.875, 7.75, 8.1875],
			"faces": {
				"north": {"uv": [7.875, 8.25, 7.75, 9.5], "texture": "#0"},
				"south": {"uv": [7.75, 8.25, 7.875, 9.5], "texture": "#0"},
				"west": {"uv": [7.75, 8.25, 7.875, 9.5], "texture": "#0"},
				"up": {"uv": [7.75, 8.25, 7.875, 8.375], "texture": "#0"}
			}
		},
		{
			"name": "Layer 1_13",
			"from": [8.5, 7, 7.9375],
			"to": [8.625, 7.75, 8.1875],
			"faces": {
				"north": {"uv": [8.625, 8.25, 8.5, 9], "texture": "#0"},
				"east": {"uv": [8.5, 8.25, 8.625, 9], "texture": "#0"},
				"south": {"uv": [8.5, 8.25, 8.625, 9], "texture": "#0"},
				"up": {"uv": [8.5, 8.25, 8.625, 8.375], "texture": "#0"}
			}
		},
		{
			"name": "Layer 1_14",
			"from": [8.625, 7.125, 7.9375],
			"to": [8.75, 7.5, 8.1875],
			"faces": {
				"north": {"uv": [8.75, 8.5, 8.625, 8.875], "texture": "#0"},
				"east": {"uv": [8.625, 8.5, 8.75, 8.875], "texture": "#0"},
				"south": {"uv": [8.625, 8.5, 8.75, 8.875], "texture": "#0"},
				"up": {"uv": [8.625, 8.5, 8.75, 8.625], "texture": "#0"},
				"down": {"uv": [8.625, 8.75, 8.75, 8.875], "texture": "#0"}
			}
		},
		{
			"name": "Layer 1_15",
			"from": [7.625, 6.5, 7.9375],
			"to": [7.75, 7.375, 8.1875],
			"faces": {
				"north": {"uv": [7.75, 8.625, 7.625, 9.5], "texture": "#0"},
				"south": {"uv": [7.625, 8.625, 7.75, 9.5], "texture": "#0"},
				"west": {"uv": [7.625, 8.625, 7.75, 9.5], "texture": "#0"},
				"up": {"uv": [7.625, 8.625, 7.75, 8.75], "texture": "#0"},
				"down": {"uv": [7.625, 9.375, 7.75, 9.5], "texture": "#0"}
			}
		},
		{
			"name": "Layer 1_16",
			"from": [8.75, 7.25, 7.9375],
			"to": [8.875, 7.375, 8.1875],
			"faces": {
				"north": {"uv": [8.875, 8.625, 8.75, 8.75], "texture": "#0"},
				"east": {"uv": [8.75, 8.625, 8.875, 8.75], "texture": "#0"},
				"south": {"uv": [8.75, 8.625, 8.875, 8.75], "texture": "#0"},
				"up": {"uv": [8.75, 8.625, 8.875, 8.75], "texture": "#0"},
				"down": {"uv": [8.75, 8.625, 8.875, 8.75], "texture": "#0"}
			}
		},
		{
			"name": "Layer 1_17",
			"from": [7.5, 6.5, 7.9375],
			"to": [7.625, 7.125, 8.1875],
			"faces": {
				"north": {"uv": [7.625, 8.875, 7.5, 9.5], "texture": "#0"},
				"south": {"uv": [7.5, 8.875, 7.625, 9.5], "texture": "#0"},
				"west": {"uv": [7.5, 8.875, 7.625, 9.5], "texture": "#0"},
				"up": {"uv": [7.5, 8.875, 7.625, 9], "texture": "#0"},
				"down": {"uv": [7.5, 9.375, 7.625, 9.5], "texture": "#0"}
			}
		},
		{
			"name": "Layer 1_18",
			"from": [7.375, 6.375, 7.9375],
			"to": [7.5, 7, 8.1875],
			"faces": {
				"north": {"uv": [7.5, 9, 7.375, 9.625], "texture": "#0"},
				"east": {"uv": [7.375, 9, 7.5, 9.625], "texture": "#0"},
				"south": {"uv": [7.375, 9, 7.5, 9.625], "texture": "#0"},
				"west": {"uv": [7.375, 9, 7.5, 9.625], "texture": "#0"},
				"up": {"uv": [7.375, 9, 7.5, 9.125], "texture": "#0"},
				"down": {"uv": [7.375, 9.5, 7.5, 9.625], "texture": "#0"}
			}
		},
		{
			"name": "Layer 1_19",
			"from": [7.25, 6.375, 7.9375],
			"to": [7.375, 6.875, 8.1875],
			"faces": {
				"north": {"uv": [7.375, 9.125, 7.25, 9.625], "texture": "#0"},
				"south": {"uv": [7.25, 9.125, 7.375, 9.625], "texture": "#0"},
				"west": {"uv": [7.25, 9.125, 7.375, 9.625], "texture": "#0"},
				"up": {"uv": [7.25, 9.125, 7.375, 9.25], "texture": "#0"},
				"down": {"uv": [7.25, 9.5, 7.375, 9.625], "texture": "#0"}
			}
		}
	],
	"display": {
		"thirdperson_righthand": {
			"rotation": [0, -90, 0],
			"translation": [0.25, 6.5, 0],
			"scale": [3, 3, 3]
		},
		"thirdperson_lefthand": {
			"rotation": [0, 90, 0],
			"translation": [0.25, 6.5, 0],
			"scale": [3, 3, 3]
		},
		"firstperson_righthand": {
			"rotation": [1, -91, 0],
			"translation": [0, 4.75, 2.5],
			"scale": [1.25, 1.25, 1.25]
		},
		"firstperson_lefthand": {
			"rotation": [1, 91, 0],
			"translation": [0, 4.75, 2.5],
			"scale": [1.25, 1.25, 1.25]
		},
		"ground": {
			"translation": [0, 10.25, 0],
			"scale": [3, 3, 3]
		},
		"gui": {
			"rotation": [0, 0, -45],
			"translation": [-1.5, -0.5, 0],
			"scale": [1.5, 1.5, 1.5]
		},
		"head": {
			"rotation": [180, 0, 45],
			"translation": [3.25, -12, 4.75],
			"scale": [3.5, 3.5, 3.5]
		},
		"fixed": {
			"rotation": [180, 0, 135],
			"translation": [2.5, -1, -0.75],
			"scale": [2, 2, 2]
		}
	},
	"groups": [
		{
			"name": "Layer 2",
			"origin": [8, 8, 8],
			"color": 0,
			"children": [0, 1, 2, 3, 4, 5]
		},
		{
			"name": "Layer 3",
			"origin": [8, 8, 8],
			"color": 0,
			"children": [6]
		},
		{
			"name": "Layer 4",
			"origin": [8, 8, 8],
			"color": 0,
			"children": [7, 8, 9, 10, 11, 12, 13, 14, 15, 16]
		},
		{
			"name": "Layer 5",
			"origin": [8, 8, 8],
			"color": 0,
			"children": [17, 18, 19, 20, 21, 22, 23, 24, 25, 26, 27, 28, 29, 30]
		},
		{
			"name": "Layer 1",
			"origin": [8, 8, 8],
			"color": 0,
			"children": [31, 32, 33, 34, 35, 36, 37, 38, 39, 40, 41, 42, 43, 44, 45, 46, 47, 48, 49, 50]
		}
	]
}