{
	"credit": "Made with Blockbench",
	"textures": {
		"0": "item/treeblade",
		"particle": "item/treeblade"
	},
	"elements": [
		{
			"name": "Layer 1_0",
			"from": [8.125, 12, 7.9375],
			"to": [8.375, 12.125, 8.125],
			"faces": {
				"north": {"uv": [8.375, 3.875, 8.125, 4], "texture": "#0"},
				"east": {"uv": [8.25, 3.875, 8.375, 4], "texture": "#0"},
				"south": {"uv": [8.125, 3.875, 8.375, 4], "texture": "#0"},
				"west": {"uv": [8.125, 3.875, 8.25, 4], "texture": "#0"},
				"up": {"uv": [8.125, 3.875, 8.375, 4], "texture": "#0"},
				"down": {"uv": [8.125, 3.875, 8.375, 4], "texture": "#0"}
			}
		},
		{
			"name": "Layer 1_1",
			"from": [8, 11.75, 7.875],
			"to": [8.25, 12, 8.1875],
			"faces": {
				"north": {"uv": [8.25, 4, 8, 4.25], "texture": "#0"},
				"east": {"uv": [8.125, 4, 8.25, 4.25], "texture": "#0"},
				"south": {"uv": [8, 4, 8.25, 4.25], "texture": "#0"},
				"west": {"uv": [8, 4, 8.125, 4.25], "texture": "#0"},
				"up": {"uv": [8, 4, 8.25, 4.125], "texture": "#0"},
				"down": {"uv": [8, 4.125, 8.25, 4.25], "texture": "#0"}
			}
		},
		{
			"name": "Layer 1_2",
			"from": [7.875, 11.75, 7.875],
			"to": [8, 11.875, 8.1875],
			"faces": {
				"north": {"uv": [8, 4.125, 7.875, 4.25], "texture": "#0"},
				"east": {"uv": [7.875, 4.125, 8, 4.25], "texture": "#0"},
				"south": {"uv": [7.875, 4.125, 8, 4.25], "texture": "#0"},
				"west": {"uv": [7.875, 4.125, 8, 4.25], "texture": "#0"},
				"up": {"uv": [7.875, 4.125, 8, 4.25], "texture": "#0"},
				"down": {"uv": [7.875, 4.125, 8, 4.25], "texture": "#0"}
			}
		},
		{
			"name": "Layer 1_3",
			"from": [7.75, 11.625, 7.875],
			"to": [7.875, 11.75, 8.1875],
			"faces": {
				"north": {"uv": [7.875, 4.25, 7.75, 4.375], "texture": "#0"},
				"east": {"uv": [7.75, 4.25, 7.875, 4.375], "texture": "#0"},
				"south": {"uv": [7.75, 4.25, 7.875, 4.375], "texture": "#0"},
				"west": {"uv": [7.75, 4.25, 7.875, 4.375], "texture": "#0"},
				"up": {"uv": [7.75, 4.25, 7.875, 4.375], "texture": "#0"},
				"down": {"uv": [7.75, 4.25, 7.875, 4.375], "texture": "#0"}
			}
		},
		{
			"name": "Layer 1_4",
			"from": [8, 11.5, 7.875],
			"to": [8.125, 11.75, 8.1875],
			"faces": {
				"north": {"uv": [8.125, 4.25, 8, 4.5], "texture": "#0"},
				"east": {"uv": [8, 4.25, 8.125, 4.5], "texture": "#0"},
				"south": {"uv": [8, 4.25, 8.125, 4.5], "texture": "#0"},
				"west": {"uv": [8, 4.25, 8.125, 4.5], "texture": "#0"},
				"up": {"uv": [8, 4.25, 8.125, 4.375], "texture": "#0"},
				"down": {"uv": [8, 4.375, 8.125, 4.5], "texture": "#0"}
			}
		},
		{
			"name": "Layer 1_5",
			"from": [7.625, 11.5, 7.875],
			"to": [7.75, 11.625, 8.1875],
			"faces": {
				"north": {"uv": [7.75, 4.375, 7.625, 4.5], "texture": "#0"},
				"east": {"uv": [7.625, 4.375, 7.75, 4.5], "texture": "#0"},
				"south": {"uv": [7.625, 4.375, 7.75, 4.5], "texture": "#0"},
				"west": {"uv": [7.625, 4.375, 7.75, 4.5], "texture": "#0"},
				"up": {"uv": [7.625, 4.375, 7.75, 4.5], "texture": "#0"},
				"down": {"uv": [7.625, 4.375, 7.75, 4.5], "texture": "#0"}
			}
		},
		{
			"name": "Layer 1_6",
			"from": [7.875, 8.75, 7.875],
			"to": [8, 9.25, 8.1875],
			"faces": {
				"north": {"uv": [8, 6.75, 7.875, 7.25], "texture": "#0"},
				"east": {"uv": [7.875, 6.75, 8, 7.25], "texture": "#0"},
				"south": {"uv": [7.875, 6.75, 8, 7.25], "texture": "#0"},
				"west": {"uv": [7.875, 6.75, 8, 7.25], "texture": "#0"},
				"up": {"uv": [7.875, 6.75, 8, 6.875], "texture": "#0"},
				"down": {"uv": [7.875, 7.125, 8, 7.25], "texture": "#0"}
			}
		},
		{
			"name": "Layer 1_7",
			"from": [8, 8.25, 7.875],
			"to": [8.125, 8.875, 8.1875],
			"faces": {
				"north": {"uv": [8.125, 7.125, 8, 7.75], "texture": "#0"},
				"east": {"uv": [8, 7.125, 8.125, 7.75], "texture": "#0"},
				"south": {"uv": [8, 7.125, 8.125, 7.75], "texture": "#0"},
				"west": {"uv": [8, 7.125, 8.125, 7.75], "texture": "#0"},
				"up": {"uv": [8, 7.125, 8.125, 7.25], "texture": "#0"},
				"down": {"uv": [8, 7.625, 8.125, 7.75], "texture": "#0"}
			}
		},
		{
			"name": "Layer 1_8",
			"from": [7.875, 8, 7.875],
			"to": [8, 8.5, 8.1875],
			"faces": {
				"north": {"uv": [8, 7.5, 7.875, 8], "texture": "#0"},
				"east": {"uv": [7.875, 7.5, 8, 8], "texture": "#0"},
				"south": {"uv": [7.875, 7.5, 8, 8], "texture": "#0"},
				"west": {"uv": [7.875, 7.5, 8, 8], "texture": "#0"},
				"up": {"uv": [7.875, 7.5, 8, 7.625], "texture": "#0"},
				"down": {"uv": [7.875, 7.875, 8, 8], "texture": "#0"}
			}
		},
		{
			"name": "Layer 1_9",
			"from": [7.75, 7, 7.875],
			"to": [7.875, 8.375, 8.1875],
			"faces": {
				"north": {"uv": [7.875, 7.625, 7.75, 9], "texture": "#0"},
				"east": {"uv": [7.75, 7.625, 7.875, 9], "texture": "#0"},
				"south": {"uv": [7.75, 7.625, 7.875, 9], "texture": "#0"},
				"west": {"uv": [7.75, 7.625, 7.875, 9], "texture": "#0"},
				"up": {"uv": [7.75, 7.625, 7.875, 7.75], "texture": "#0"},
				"down": {"uv": [7.75, 8.875, 7.875, 9], "texture": "#0"}
			}
		},
		{
			"name": "Layer 1_10",
			"from": [7.625, 7.5, 7.875],
			"to": [7.75, 8.25, 8.1875],
			"faces": {
				"north": {"uv": [7.75, 7.75, 7.625, 8.5], "texture": "#0"},
				"east": {"uv": [7.625, 7.75, 7.75, 8.5], "texture": "#0"},
				"south": {"uv": [7.625, 7.75, 7.75, 8.5], "texture": "#0"},
				"west": {"uv": [7.625, 7.75, 7.75, 8.5], "texture": "#0"},
				"up": {"uv": [7.625, 7.75, 7.75, 7.875], "texture": "#0"},
				"down": {"uv": [7.625, 8.375, 7.75, 8.5], "texture": "#0"}
			}
		},
		{
			"name": "Layer 1_11",
			"from": [7.875, 7, 7.875],
			"to": [8, 7.75, 8.1875],
			"faces": {
				"north": {"uv": [8, 8.25, 7.875, 9], "texture": "#0"},
				"east": {"uv": [7.875, 8.25, 8, 9], "texture": "#0"},
				"south": {"uv": [7.875, 8.25, 8, 9], "texture": "#0"},
				"west": {"uv": [7.875, 8.25, 8, 9], "texture": "#0"},
				"up": {"uv": [7.875, 8.25, 8, 8.375], "texture": "#0"},
				"down": {"uv": [7.875, 8.875, 8, 9], "texture": "#0"}
			}
		},
		{
			"name": "Layer 1_12",
			"from": [8, 6.875, 7.875],
			"to": [8.125, 7.375, 8.1875],
			"faces": {
				"north": {"uv": [8.125, 8.625, 8, 9.125], "texture": "#0"},
				"east": {"uv": [8, 8.625, 8.125, 9.125], "texture": "#0"},
				"south": {"uv": [8, 8.625, 8.125, 9.125], "texture": "#0"},
				"west": {"uv": [8, 8.625, 8.125, 9.125], "texture": "#0"},
				"up": {"uv": [8, 8.625, 8.125, 8.75], "texture": "#0"},
				"down": {"uv": [8, 9, 8.125, 9.125], "texture": "#0"}
			}
		},
		{
			"name": "Layer 1_13",
			"from": [7.625, 6.875, 7.875],
			"to": [7.75, 7.25, 8.1875],
			"faces": {
				"north": {"uv": [7.75, 8.75, 7.625, 9.125], "texture": "#0"},
				"east": {"uv": [7.625, 8.75, 7.75, 9.125], "texture": "#0"},
				"south": {"uv": [7.625, 8.75, 7.75, 9.125], "texture": "#0"},
				"west": {"uv": [7.625, 8.75, 7.75, 9.125], "texture": "#0"},
				"up": {"uv": [7.625, 8.75, 7.75, 8.875], "texture": "#0"},
				"down": {"uv": [7.625, 9, 7.75, 9.125], "texture": "#0"}
			}
		},
		{
			"name": "Layer 1_14",
			"from": [8.125, 6.5, 7.875],
			"to": [8.25, 7.25, 8.1875],
			"faces": {
				"north": {"uv": [8.25, 8.75, 8.125, 9.5], "texture": "#0"},
				"east": {"uv": [8.125, 8.75, 8.25, 9.5], "texture": "#0"},
				"south": {"uv": [8.125, 8.75, 8.25, 9.5], "texture": "#0"},
				"west": {"uv": [8.125, 8.75, 8.25, 9.5], "texture": "#0"},
				"up": {"uv": [8.125, 8.75, 8.25, 8.875], "texture": "#0"},
				"down": {"uv": [8.125, 9.375, 8.25, 9.5], "texture": "#0"}
			}
		},
		{
			"name": "Layer 1_15",
			"from": [8.5, 7, 7.9375],
			"to": [8.625, 7.25, 8.125],
			"faces": {
				"north": {"uv": [8.625, 8.75, 8.5, 9], "texture": "#0"},
				"east": {"uv": [8.5, 8.75, 8.625, 9], "texture": "#0"},
				"south": {"uv": [8.5, 8.75, 8.625, 9], "texture": "#0"},
				"west": {"uv": [8.5, 8.75, 8.625, 9], "texture": "#0"},
				"up": {"uv": [8.5, 8.75, 8.625, 8.875], "texture": "#0"},
				"down": {"uv": [8.5, 8.875, 8.625, 9], "texture": "#0"}
			}
		},
		{
			"name": "Layer 1_16",
			"from": [7.5, 6.375, 7.875],
			"to": [7.625, 7.125, 8.1875],
			"faces": {
				"north": {"uv": [7.625, 8.875, 7.5, 9.625], "texture": "#0"},
				"east": {"uv": [7.5, 8.875, 7.625, 9.625], "texture": "#0"},
				"south": {"uv": [7.5, 8.875, 7.625, 9.625], "texture": "#0"},
				"west": {"uv": [7.5, 8.875, 7.625, 9.625], "texture": "#0"},
				"up": {"uv": [7.5, 8.875, 7.625, 9], "texture": "#0"},
				"down": {"uv": [7.5, 9.5, 7.625, 9.625], "texture": "#0"}
			}
		},
		{
			"name": "Layer 1_17",
			"from": [8.25, 7, 7.9375],
			"to": [8.5, 7.125, 8.125],
			"faces": {
				"north": {"uv": [8.5, 8.875, 8.25, 9], "texture": "#0"},
				"east": {"uv": [8.375, 8.875, 8.5, 9], "texture": "#0"},
				"south": {"uv": [8.25, 8.875, 8.5, 9], "texture": "#0"},
				"west": {"uv": [8.25, 8.875, 8.375, 9], "texture": "#0"},
				"up": {"uv": [8.25, 8.875, 8.5, 9], "texture": "#0"},
				"down": {"uv": [8.25, 8.875, 8.5, 9], "texture": "#0"}
			}
		},
		{
			"name": "Layer 1_18",
			"from": [7.375, 6.5, 7.875],
			"to": [7.5, 7, 8.1875],
			"faces": {
				"north": {"uv": [7.5, 9, 7.375, 9.5], "texture": "#0"},
				"east": {"uv": [7.375, 9, 7.5, 9.5], "texture": "#0"},
				"south": {"uv": [7.375, 9, 7.5, 9.5], "texture": "#0"},
				"west": {"uv": [7.375, 9, 7.5, 9.5], "texture": "#0"},
				"up": {"uv": [7.375, 9, 7.5, 9.125], "texture": "#0"},
				"down": {"uv": [7.375, 9.375, 7.5, 9.5], "texture": "#0"}
			}
		},
		{
			"name": "Layer 1_19",
			"from": [8.25, 5.875, 7.875],
			"to": [8.375, 7, 8.1875],
			"faces": {
				"north": {"uv": [8.375, 9, 8.25, 10.125], "texture": "#0"},
				"east": {"uv": [8.25, 9, 8.375, 10.125], "texture": "#0"},
				"south": {"uv": [8.25, 9, 8.375, 10.125], "texture": "#0"},
				"west": {"uv": [8.25, 9, 8.375, 10.125], "texture": "#0"},
				"up": {"uv": [8.25, 9, 8.375, 9.125], "texture": "#0"},
				"down": {"uv": [8.25, 10, 8.375, 10.125], "texture": "#0"}
			}
		},
		{
			"name": "Layer 1_20",
			"from": [7.625, 5.5, 7.875],
			"to": [7.75, 6.75, 8.1875],
			"faces": {
				"north": {"uv": [7.75, 9.25, 7.625, 10.5], "texture": "#0"},
				"east": {"uv": [7.625, 9.25, 7.75, 10.5], "texture": "#0"},
				"south": {"uv": [7.625, 9.25, 7.75, 10.5], "texture": "#0"},
				"west": {"uv": [7.625, 9.25, 7.75, 10.5], "texture": "#0"},
				"up": {"uv": [7.625, 9.25, 7.75, 9.375], "texture": "#0"},
				"down": {"uv": [7.625, 10.375, 7.75, 10.5], "texture": "#0"}
			}
		},
		{
			"name": "Layer 1_21",
			"from": [7.75, 5.375, 7.875],
			"to": [7.875, 6.625, 8.1875],
			"faces": {
				"north": {"uv": [7.875, 9.375, 7.75, 10.625], "texture": "#0"},
				"east": {"uv": [7.75, 9.375, 7.875, 10.625], "texture": "#0"},
				"south": {"uv": [7.75, 9.375, 7.875, 10.625], "texture": "#0"},
				"west": {"uv": [7.75, 9.375, 7.875, 10.625], "texture": "#0"},
				"up": {"uv": [7.75, 9.375, 7.875, 9.5], "texture": "#0"},
				"down": {"uv": [7.75, 10.5, 7.875, 10.625], "texture": "#0"}
			}
		},
		{
			"name": "Layer 1_22",
			"from": [8.375, 6, 7.875],
			"to": [8.5, 6.625, 8.1875],
			"faces": {
				"north": {"uv": [8.5, 9.375, 8.375, 10], "texture": "#0"},
				"east": {"uv": [8.375, 9.375, 8.5, 10], "texture": "#0"},
				"south": {"uv": [8.375, 9.375, 8.5, 10], "texture": "#0"},
				"west": {"uv": [8.375, 9.375, 8.5, 10], "texture": "#0"},
				"up": {"uv": [8.375, 9.375, 8.5, 9.5], "texture": "#0"},
				"down": {"uv": [8.375, 9.875, 8.5, 10], "texture": "#0"}
			}
		},
		{
			"name": "Layer 1_23",
			"from": [7.875, 5.75, 7.875],
			"to": [8, 6.5, 8.1875],
			"faces": {
				"north": {"uv": [8, 9.5, 7.875, 10.25], "texture": "#0"},
				"east": {"uv": [7.875, 9.5, 8, 10.25], "texture": "#0"},
				"south": {"uv": [7.875, 9.5, 8, 10.25], "texture": "#0"},
				"west": {"uv": [7.875, 9.5, 8, 10.25], "texture": "#0"},
				"up": {"uv": [7.875, 9.5, 8, 9.625], "texture": "#0"},
				"down": {"uv": [7.875, 10.125, 8, 10.25], "texture": "#0"}
			}
		},
		{
			"name": "Layer 1_24",
			"from": [8, 5.75, 7.875],
			"to": [8.25, 6.375, 8.1875],
			"faces": {
				"north": {"uv": [8.25, 9.625, 8, 10.25], "texture": "#0"},
				"east": {"uv": [8.125, 9.625, 8.25, 10.25], "texture": "#0"},
				"south": {"uv": [8, 9.625, 8.25, 10.25], "texture": "#0"},
				"west": {"uv": [8, 9.625, 8.125, 10.25], "texture": "#0"},
				"up": {"uv": [8, 9.625, 8.25, 9.75], "texture": "#0"},
				"down": {"uv": [8, 10.125, 8.25, 10.25], "texture": "#0"}
			}
		},
		{
			"name": "Layer 1_25",
			"from": [7.375, 5.75, 7.875],
			"to": [7.625, 6.125, 8.1875],
			"faces": {
				"north": {"uv": [7.625, 9.875, 7.375, 10.25], "texture": "#0"},
				"east": {"uv": [7.5, 9.875, 7.625, 10.25], "texture": "#0"},
				"south": {"uv": [7.375, 9.875, 7.625, 10.25], "texture": "#0"},
				"west": {"uv": [7.375, 9.875, 7.5, 10.25], "texture": "#0"},
				"up": {"uv": [7.375, 9.875, 7.625, 10], "texture": "#0"},
				"down": {"uv": [7.375, 10.125, 7.625, 10.25], "texture": "#0"}
			}
		},
		{
			"name": "Layer 1_26",
			"from": [7.5, 5.5, 7.875],
			"to": [7.625, 5.75, 8.1875],
			"faces": {
				"north": {"uv": [7.625, 10.25, 7.5, 10.5], "texture": "#0"},
				"east": {"uv": [7.5, 10.25, 7.625, 10.5], "texture": "#0"},
				"south": {"uv": [7.5, 10.25, 7.625, 10.5], "texture": "#0"},
				"west": {"uv": [7.5, 10.25, 7.625, 10.5], "texture": "#0"},
				"up": {"uv": [7.5, 10.25, 7.625, 10.375], "texture": "#0"},
				"down": {"uv": [7.5, 10.375, 7.625, 10.5], "texture": "#0"}
			}
		},
		{
			"name": "Layer 1_27",
			"from": [7.875, 5.25, 7.875],
			"to": [8.125, 5.625, 8.1875],
			"faces": {
				"north": {"uv": [8.125, 10.375, 7.875, 10.75], "texture": "#0"},
				"east": {"uv": [8, 10.375, 8.125, 10.75], "texture": "#0"},
				"south": {"uv": [7.875, 10.375, 8.125, 10.75], "texture": "#0"},
				"west": {"uv": [7.875, 10.375, 8, 10.75], "texture": "#0"},
				"up": {"uv": [7.875, 10.375, 8.125, 10.5], "texture": "#0"},
				"down": {"uv": [7.875, 10.625, 8.125, 10.75], "texture": "#0"}
			}
		},
		{
			"name": "Layer 1_28",
			"from": [8.125, 5, 7.875],
			"to": [8.25, 5.5, 8.1875],
			"faces": {
				"north": {"uv": [8.25, 10.5, 8.125, 11], "texture": "#0"},
				"east": {"uv": [8.125, 10.5, 8.25, 11], "texture": "#0"},
				"south": {"uv": [8.125, 10.5, 8.25, 11], "texture": "#0"},
				"west": {"uv": [8.125, 10.5, 8.25, 11], "texture": "#0"},
				"up": {"uv": [8.125, 10.5, 8.25, 10.625], "texture": "#0"},
				"down": {"uv": [8.125, 10.875, 8.25, 11], "texture": "#0"}
			}
		},
		{
			"name": "Layer 1_29",
			"from": [8, 4.625, 7.875],
			"to": [8.125, 5.25, 8.1875],
			"faces": {
				"north": {"uv": [8.125, 10.75, 8, 11.375], "texture": "#0"},
				"east": {"uv": [8, 10.75, 8.125, 11.375], "texture": "#0"},
				"south": {"uv": [8, 10.75, 8.125, 11.375], "texture": "#0"},
				"west": {"uv": [8, 10.75, 8.125, 11.375], "texture": "#0"},
				"up": {"uv": [8, 10.75, 8.125, 10.875], "texture": "#0"},
				"down": {"uv": [8, 11.25, 8.125, 11.375], "texture": "#0"}
			}
		},
		{
			"name": "Layer 1_30",
			"from": [7.875, 4.5, 7.875],
			"to": [8, 4.875, 8.1875],
			"faces": {
				"north": {"uv": [8, 11.125, 7.875, 11.5], "texture": "#0"},
				"east": {"uv": [7.875, 11.125, 8, 11.5], "texture": "#0"},
				"south": {"uv": [7.875, 11.125, 8, 11.5], "texture": "#0"},
				"west": {"uv": [7.875, 11.125, 8, 11.5], "texture": "#0"},
				"up": {"uv": [7.875, 11.125, 8, 11.25], "texture": "#0"},
				"down": {"uv": [7.875, 11.375, 8, 11.5], "texture": "#0"}
			}
		},
		{
			"name": "Layer 1_31",
			"from": [7.875, 2.75, 7.875],
			"to": [8, 3.375, 8.1875],
			"faces": {
				"north": {"uv": [8, 12.625, 7.875, 13.25], "texture": "#0"},
				"east": {"uv": [7.875, 12.625, 8, 13.25], "texture": "#0"},
				"south": {"uv": [7.875, 12.625, 8, 13.25], "texture": "#0"},
				"west": {"uv": [7.875, 12.625, 8, 13.25], "texture": "#0"},
				"up": {"uv": [7.875, 12.625, 8, 12.75], "texture": "#0"},
				"down": {"uv": [7.875, 13.125, 8, 13.25], "texture": "#0"}
			}
		},
		{
			"name": "Layer 1_32",
			"from": [7.75, 2.875, 7.875],
			"to": [7.875, 3.25, 8.1875],
			"faces": {
				"north": {"uv": [7.875, 12.75, 7.75, 13.125], "texture": "#0"},
				"east": {"uv": [7.75, 12.75, 7.875, 13.125], "texture": "#0"},
				"south": {"uv": [7.75, 12.75, 7.875, 13.125], "texture": "#0"},
				"west": {"uv": [7.75, 12.75, 7.875, 13.125], "texture": "#0"},
				"up": {"uv": [7.75, 12.75, 7.875, 12.875], "texture": "#0"},
				"down": {"uv": [7.75, 13, 7.875, 13.125], "texture": "#0"}
			}
		},
		{
			"name": "Layer 1_33",
			"from": [8, 2.375, 7.875],
			"to": [8.125, 3.125, 8.1875],
			"faces": {
				"north": {"uv": [8.125, 12.875, 8, 13.625], "texture": "#0"},
				"east": {"uv": [8, 12.875, 8.125, 13.625], "texture": "#0"},
				"south": {"uv": [8, 12.875, 8.125, 13.625], "texture": "#0"},
				"west": {"uv": [8, 12.875, 8.125, 13.625], "texture": "#0"},
				"up": {"uv": [8, 12.875, 8.125, 13], "texture": "#0"},
				"down": {"uv": [8, 13.5, 8.125, 13.625], "texture": "#0"}
			}
		},
		{
			"name": "Layer 1_34",
			"from": [8.125, 2.5, 7.875],
			"to": [8.25, 3, 8.1875],
			"faces": {
				"north": {"uv": [8.25, 13, 8.125, 13.5], "texture": "#0"},
				"east": {"uv": [8.125, 13, 8.25, 13.5], "texture": "#0"},
				"south": {"uv": [8.125, 13, 8.25, 13.5], "texture": "#0"},
				"west": {"uv": [8.125, 13, 8.25, 13.5], "texture": "#0"},
				"up": {"uv": [8.125, 13, 8.25, 13.125], "texture": "#0"},
				"down": {"uv": [8.125, 13.375, 8.25, 13.5], "texture": "#0"}
			}
		},
		{
			"name": "Layer 2_0",
			"from": [8.375, 14, 8],
			"to": [8.5, 14.125, 8.0625],
			"faces": {
				"north": {"uv": [8.5, 1.875, 8.375, 2], "texture": "#0"},
				"east": {"uv": [8.375, 1.875, 8.5, 2], "texture": "#0"},
				"south": {"uv": [8.375, 1.875, 8.5, 2], "texture": "#0"},
				"west": {"uv": [8.375, 1.875, 8.5, 2], "texture": "#0"},
				"up": {"uv": [8.375, 1.875, 8.5, 2], "texture": "#0"},
				"down": {"uv": [8.375, 1.875, 8.5, 2], "texture": "#0"}
			}
		},
		{
			"name": "Layer 2_1",
			"from": [8.25, 13.875, 8],
			"to": [8.375, 14, 8.0625],
			"faces": {
				"north": {"uv": [8.375, 2, 8.25, 2.125], "texture": "#0"},
				"east": {"uv": [8.25, 2, 8.375, 2.125], "texture": "#0"},
				"south": {"uv": [8.25, 2, 8.375, 2.125], "texture": "#0"},
				"west": {"uv": [8.25, 2, 8.375, 2.125], "texture": "#0"},
				"up": {"uv": [8.25, 2, 8.375, 2.125], "texture": "#0"},
				"down": {"uv": [8.25, 2, 8.375, 2.125], "texture": "#0"}
			}
		},
		{
			"name": "Layer 2_2",
			"from": [8.125, 13.75, 8],
			"to": [8.25, 13.875, 8.0625],
			"faces": {
				"north": {"uv": [8.25, 2.125, 8.125, 2.25], "texture": "#0"},
				"east": {"uv": [8.125, 2.125, 8.25, 2.25], "texture": "#0"},
				"south": {"uv": [8.125, 2.125, 8.25, 2.25], "texture": "#0"},
				"west": {"uv": [8.125, 2.125, 8.25, 2.25], "texture": "#0"},
				"up": {"uv": [8.125, 2.125, 8.25, 2.25], "texture": "#0"},
				"down": {"uv": [8.125, 2.125, 8.25, 2.25], "texture": "#0"}
			}
		},
		{
			"name": "Layer 2_3",
			"from": [8, 13.625, 8],
			"to": [8.125, 13.75, 8.0625],
			"faces": {
				"north": {"uv": [8.125, 2.25, 8, 2.375], "texture": "#0"},
				"east": {"uv": [8, 2.25, 8.125, 2.375], "texture": "#0"},
				"south": {"uv": [8, 2.25, 8.125, 2.375], "texture": "#0"},
				"west": {"uv": [8, 2.25, 8.125, 2.375], "texture": "#0"},
				"up": {"uv": [8, 2.25, 8.125, 2.375], "texture": "#0"},
				"down": {"uv": [8, 2.25, 8.125, 2.375], "texture": "#0"}
			}
		},
		{
			"name": "Layer 2_4",
			"from": [7.875, 13.375, 8],
			"to": [8, 13.625, 8.0625],
			"faces": {
				"north": {"uv": [8, 2.375, 7.875, 2.625], "texture": "#0"},
				"east": {"uv": [7.875, 2.375, 8, 2.625], "texture": "#0"},
				"south": {"uv": [7.875, 2.375, 8, 2.625], "texture": "#0"},
				"west": {"uv": [7.875, 2.375, 8, 2.625], "texture": "#0"},
				"up": {"uv": [7.875, 2.375, 8, 2.5], "texture": "#0"},
				"down": {"uv": [7.875, 2.5, 8, 2.625], "texture": "#0"}
			}
		},
		{
			"name": "Layer 2_5",
			"from": [7.75, 13.25, 8],
			"to": [7.875, 13.5, 8.0625],
			"faces": {
				"north": {"uv": [7.875, 2.5, 7.75, 2.75], "texture": "#0"},
				"east": {"uv": [7.75, 2.5, 7.875, 2.75], "texture": "#0"},
				"south": {"uv": [7.75, 2.5, 7.875, 2.75], "texture": "#0"},
				"west": {"uv": [7.75, 2.5, 7.875, 2.75], "texture": "#0"},
				"up": {"uv": [7.75, 2.5, 7.875, 2.625], "texture": "#0"},
				"down": {"uv": [7.75, 2.625, 7.875, 2.75], "texture": "#0"}
			}
		},
		{
			"name": "Layer 2_6",
			"from": [7.625, 13, 8],
			"to": [7.75, 13.25, 8.0625],
			"faces": {
				"north": {"uv": [7.75, 2.75, 7.625, 3], "texture": "#0"},
				"east": {"uv": [7.625, 2.75, 7.75, 3], "texture": "#0"},
				"south": {"uv": [7.625, 2.75, 7.75, 3], "texture": "#0"},
				"west": {"uv": [7.625, 2.75, 7.75, 3], "texture": "#0"},
				"up": {"uv": [7.625, 2.75, 7.75, 2.875], "texture": "#0"},
				"down": {"uv": [7.625, 2.875, 7.75, 3], "texture": "#0"}
			}
		},
		{
			"name": "Layer 2_7",
			"from": [7.5, 12.625, 8],
			"to": [7.625, 13, 8.0625],
			"faces": {
				"north": {"uv": [7.625, 3, 7.5, 3.375], "texture": "#0"},
				"east": {"uv": [7.5, 3, 7.625, 3.375], "texture": "#0"},
				"south": {"uv": [7.5, 3, 7.625, 3.375], "texture": "#0"},
				"west": {"uv": [7.5, 3, 7.625, 3.375], "texture": "#0"},
				"up": {"uv": [7.5, 3, 7.625, 3.125], "texture": "#0"},
				"down": {"uv": [7.5, 3.25, 7.625, 3.375], "texture": "#0"}
			}
		},
		{
			"name": "Layer 2_8",
			"from": [7.375, 11.75, 8],
			"to": [7.5, 12.625, 8.0625],
			"faces": {
				"north": {"uv": [7.5, 3.375, 7.375, 4.25], "texture": "#0"},
				"east": {"uv": [7.375, 3.375, 7.5, 4.25], "texture": "#0"},
				"south": {"uv": [7.375, 3.375, 7.5, 4.25], "texture": "#0"},
				"west": {"uv": [7.375, 3.375, 7.5, 4.25], "texture": "#0"},
				"up": {"uv": [7.375, 3.375, 7.5, 3.5], "texture": "#0"},
				"down": {"uv": [7.375, 4.125, 7.5, 4.25], "texture": "#0"}
			}
		},
		{
			"name": "Layer 2_9",
			"from": [7.25, 10.875, 8],
			"to": [7.375, 11.75, 8.0625],
			"faces": {
				"north": {"uv": [7.375, 4.25, 7.25, 5.125], "texture": "#0"},
				"east": {"uv": [7.25, 4.25, 7.375, 5.125], "texture": "#0"},
				"south": {"uv": [7.25, 4.25, 7.375, 5.125], "texture": "#0"},
				"west": {"uv": [7.25, 4.25, 7.375, 5.125], "texture": "#0"},
				"up": {"uv": [7.25, 4.25, 7.375, 4.375], "texture": "#0"},
				"down": {"uv": [7.25, 5, 7.375, 5.125], "texture": "#0"}
			}
		},
		{
			"name": "Layer 2_10",
			"from": [7.375, 11, 8],
			"to": [7.5, 11.125, 8.0625],
			"faces": {
				"north": {"uv": [7.5, 4.875, 7.375, 5], "texture": "#0"},
				"east": {"uv": [7.375, 4.875, 7.5, 5], "texture": "#0"},
				"south": {"uv": [7.375, 4.875, 7.5, 5], "texture": "#0"},
				"west": {"uv": [7.375, 4.875, 7.5, 5], "texture": "#0"},
				"up": {"uv": [7.375, 4.875, 7.5, 5], "texture": "#0"},
				"down": {"uv": [7.375, 4.875, 7.5, 5], "texture": "#0"}
			}
		},
		{
			"name": "Layer 2_11",
			"from": [7.5, 9.125, 8],
			"to": [7.625, 11, 8.0625],
			"faces": {
				"north": {"uv": [7.625, 5, 7.5, 6.875], "texture": "#0"},
				"east": {"uv": [7.5, 5, 7.625, 6.875], "texture": "#0"},
				"south": {"uv": [7.5, 5, 7.625, 6.875], "texture": "#0"},
				"west": {"uv": [7.5, 5, 7.625, 6.875], "texture": "#0"},
				"up": {"uv": [7.5, 5, 7.625, 5.125], "texture": "#0"},
				"down": {"uv": [7.5, 6.75, 7.625, 6.875], "texture": "#0"}
			}
		},
		{
			"name": "Layer 2_12",
			"from": [7.375, 9, 8],
			"to": [7.5, 9.125, 8.0625],
			"faces": {
				"north": {"uv": [7.5, 6.875, 7.375, 7], "texture": "#0"},
				"east": {"uv": [7.375, 6.875, 7.5, 7], "texture": "#0"},
				"south": {"uv": [7.375, 6.875, 7.5, 7], "texture": "#0"},
				"west": {"uv": [7.375, 6.875, 7.5, 7], "texture": "#0"},
				"up": {"uv": [7.375, 6.875, 7.5, 7], "texture": "#0"},
				"down": {"uv": [7.375, 6.875, 7.5, 7], "texture": "#0"}
			}
		},
		{
			"name": "Layer 2_13",
			"from": [7.25, 8.875, 8],
			"to": [7.375, 9, 8.0625],
			"faces": {
				"north": {"uv": [7.375, 7, 7.25, 7.125], "texture": "#0"},
				"east": {"uv": [7.25, 7, 7.375, 7.125], "texture": "#0"},
				"south": {"uv": [7.25, 7, 7.375, 7.125], "texture": "#0"},
				"west": {"uv": [7.25, 7, 7.375, 7.125], "texture": "#0"},
				"up": {"uv": [7.25, 7, 7.375, 7.125], "texture": "#0"},
				"down": {"uv": [7.25, 7, 7.375, 7.125], "texture": "#0"}
			}
		},
		{
			"name": "Layer 2_14",
			"from": [7.375, 8.75, 8],
			"to": [7.5, 8.875, 8.0625],
			"faces": {
				"north": {"uv": [7.5, 7.125, 7.375, 7.25], "texture": "#0"},
				"east": {"uv": [7.375, 7.125, 7.5, 7.25], "texture": "#0"},
				"south": {"uv": [7.375, 7.125, 7.5, 7.25], "texture": "#0"},
				"west": {"uv": [7.375, 7.125, 7.5, 7.25], "texture": "#0"},
				"up": {"uv": [7.375, 7.125, 7.5, 7.25], "texture": "#0"},
				"down": {"uv": [7.375, 7.125, 7.5, 7.25], "texture": "#0"}
			}
		},
		{
			"name": "Layer 2_15",
			"from": [7.5, 8.375, 8],
			"to": [7.625, 8.75, 8.0625],
			"faces": {
				"north": {"uv": [7.625, 7.25, 7.5, 7.625], "texture": "#0"},
				"east": {"uv": [7.5, 7.25, 7.625, 7.625], "texture": "#0"},
				"south": {"uv": [7.5, 7.25, 7.625, 7.625], "texture": "#0"},
				"west": {"uv": [7.5, 7.25, 7.625, 7.625], "texture": "#0"},
				"up": {"uv": [7.5, 7.25, 7.625, 7.375], "texture": "#0"},
				"down": {"uv": [7.5, 7.5, 7.625, 7.625], "texture": "#0"}
			}
		},
		{
			"name": "Layer 2_16",
			"from": [7.375, 8.25, 8],
			"to": [7.5, 8.375, 8.0625],
			"faces": {
				"north": {"uv": [7.5, 7.625, 7.375, 7.75], "texture": "#0"},
				"east": {"uv": [7.375, 7.625, 7.5, 7.75], "texture": "#0"},
				"south": {"uv": [7.375, 7.625, 7.5, 7.75], "texture": "#0"},
				"west": {"uv": [7.375, 7.625, 7.5, 7.75], "texture": "#0"},
				"up": {"uv": [7.375, 7.625, 7.5, 7.75], "texture": "#0"},
				"down": {"uv": [7.375, 7.625, 7.5, 7.75], "texture": "#0"}
			}
		},
		{
			"name": "Layer 2_17",
			"from": [7.25, 8.125, 8],
			"to": [7.375, 8.25, 8.0625],
			"faces": {
				"north": {"uv": [7.375, 7.75, 7.25, 7.875], "texture": "#0"},
				"east": {"uv": [7.25, 7.75, 7.375, 7.875], "texture": "#0"},
				"south": {"uv": [7.25, 7.75, 7.375, 7.875], "texture": "#0"},
				"west": {"uv": [7.25, 7.75, 7.375, 7.875], "texture": "#0"},
				"up": {"uv": [7.25, 7.75, 7.375, 7.875], "texture": "#0"},
				"down": {"uv": [7.25, 7.75, 7.375, 7.875], "texture": "#0"}
			}
		},
		{
			"name": "Layer 2_18",
			"from": [7.375, 8, 8],
			"to": [7.5, 8.125, 8.0625],
			"faces": {
				"north": {"uv": [7.5, 7.875, 7.375, 8], "texture": "#0"},
				"east": {"uv": [7.375, 7.875, 7.5, 8], "texture": "#0"},
				"south": {"uv": [7.375, 7.875, 7.5, 8], "texture": "#0"},
				"west": {"uv": [7.375, 7.875, 7.5, 8], "texture": "#0"},
				"up": {"uv": [7.375, 7.875, 7.5, 8], "texture": "#0"},
				"down": {"uv": [7.375, 7.875, 7.5, 8], "texture": "#0"}
			}
		},
		{
			"name": "Layer 2_19",
			"from": [7.5, 7.625, 8],
			"to": [7.625, 8, 8.0625],
			"faces": {
				"north": {"uv": [7.625, 8, 7.5, 8.375], "texture": "#0"},
				"east": {"uv": [7.5, 8, 7.625, 8.375], "texture": "#0"},
				"south": {"uv": [7.5, 8, 7.625, 8.375], "texture": "#0"},
				"west": {"uv": [7.5, 8, 7.625, 8.375], "texture": "#0"},
				"up": {"uv": [7.5, 8, 7.625, 8.125], "texture": "#0"},
				"down": {"uv": [7.5, 8.25, 7.625, 8.375], "texture": "#0"}
			}
		},
		{
			"name": "Layer 2_20",
			"from": [7.375, 7.5, 8],
			"to": [7.5, 7.625, 8.0625],
			"faces": {
				"north": {"uv": [7.5, 8.375, 7.375, 8.5], "texture": "#0"},
				"east": {"uv": [7.375, 8.375, 7.5, 8.5], "texture": "#0"},
				"south": {"uv": [7.375, 8.375, 7.5, 8.5], "texture": "#0"},
				"west": {"uv": [7.375, 8.375, 7.5, 8.5], "texture": "#0"},
				"up": {"uv": [7.375, 8.375, 7.5, 8.5], "texture": "#0"},
				"down": {"uv": [7.375, 8.375, 7.5, 8.5], "texture": "#0"}
			}
		},
		{
			"name": "Layer 2_21",
			"from": [7.25, 7.375, 8],
			"to": [7.375, 7.5, 8.0625],
			"faces": {
				"north": {"uv": [7.375, 8.5, 7.25, 8.625], "texture": "#0"},
				"east": {"uv": [7.25, 8.5, 7.375, 8.625], "texture": "#0"},
				"south": {"uv": [7.25, 8.5, 7.375, 8.625], "texture": "#0"},
				"west": {"uv": [7.25, 8.5, 7.375, 8.625], "texture": "#0"},
				"up": {"uv": [7.25, 8.5, 7.375, 8.625], "texture": "#0"},
				"down": {"uv": [7.25, 8.5, 7.375, 8.625], "texture": "#0"}
			}
		},
		{
			"name": "Layer 2_22",
			"from": [7.375, 7.25, 8],
			"to": [7.5, 7.375, 8.0625],
			"faces": {
				"north": {"uv": [7.5, 8.625, 7.375, 8.75], "texture": "#0"},
				"east": {"uv": [7.375, 8.625, 7.5, 8.75], "texture": "#0"},
				"south": {"uv": [7.375, 8.625, 7.5, 8.75], "texture": "#0"},
				"west": {"uv": [7.375, 8.625, 7.5, 8.75], "texture": "#0"},
				"up": {"uv": [7.375, 8.625, 7.5, 8.75], "texture": "#0"},
				"down": {"uv": [7.375, 8.625, 7.5, 8.75], "texture": "#0"}
			}
		},
		{
			"name": "Layer 2_23",
			"from": [7.5, 7.125, 8],
			"to": [7.625, 7.25, 8.0625],
			"faces": {
				"north": {"uv": [7.625, 8.75, 7.5, 8.875], "texture": "#0"},
				"east": {"uv": [7.5, 8.75, 7.625, 8.875], "texture": "#0"},
				"south": {"uv": [7.5, 8.75, 7.625, 8.875], "texture": "#0"},
				"west": {"uv": [7.5, 8.75, 7.625, 8.875], "texture": "#0"},
				"up": {"uv": [7.5, 8.75, 7.625, 8.875], "texture": "#0"},
				"down": {"uv": [7.5, 8.75, 7.625, 8.875], "texture": "#0"}
			}
		},
		{
			"name": "Layer 3_0",
			"from": [8.375, 13.625, 7.9375],
			"to": [8.5, 14, 8.125],
			"faces": {
				"north": {"uv": [8.5, 2, 8.375, 2.375], "texture": "#0"},
				"east": {"uv": [8.375, 2, 8.5, 2.375], "texture": "#0"},
				"south": {"uv": [8.375, 2, 8.5, 2.375], "texture": "#0"},
				"west": {"uv": [8.375, 2, 8.5, 2.375], "texture": "#0"},
				"up": {"uv": [8.375, 2, 8.5, 2.125], "texture": "#0"},
				"down": {"uv": [8.375, 2.25, 8.5, 2.375], "texture": "#0"}
			}
		},
		{
			"name": "Layer 3_1",
			"from": [8.25, 13.125, 7.9375],
			"to": [8.375, 13.875, 8.125],
			"faces": {
				"north": {"uv": [8.375, 2.125, 8.25, 2.875], "texture": "#0"},
				"east": {"uv": [8.25, 2.125, 8.375, 2.875], "texture": "#0"},
				"south": {"uv": [8.25, 2.125, 8.375, 2.875], "texture": "#0"},
				"west": {"uv": [8.25, 2.125, 8.375, 2.875], "texture": "#0"},
				"up": {"uv": [8.25, 2.125, 8.375, 2.25], "texture": "#0"},
				"down": {"uv": [8.25, 2.75, 8.375, 2.875], "texture": "#0"}
			}
		},
		{
			"name": "Layer 3_2",
			"from": [8.125, 12.75, 7.9375],
			"to": [8.25, 13.75, 8.125],
			"faces": {
				"north": {"uv": [8.25, 2.25, 8.125, 3.25], "texture": "#0"},
				"east": {"uv": [8.125, 2.25, 8.25, 3.25], "texture": "#0"},
				"south": {"uv": [8.125, 2.25, 8.25, 3.25], "texture": "#0"},
				"west": {"uv": [8.125, 2.25, 8.25, 3.25], "texture": "#0"},
				"up": {"uv": [8.125, 2.25, 8.25, 2.375], "texture": "#0"},
				"down": {"uv": [8.125, 3.125, 8.25, 3.25], "texture": "#0"}
			}
		},
		{
			"name": "Layer 3_3",
			"from": [8, 12, 7.9375],
			"to": [8.125, 13.625, 8.125],
			"faces": {
				"north": {"uv": [8.125, 2.375, 8, 4], "texture": "#0"},
				"east": {"uv": [8, 2.375, 8.125, 4], "texture": "#0"},
				"south": {"uv": [8, 2.375, 8.125, 4], "texture": "#0"},
				"west": {"uv": [8, 2.375, 8.125, 4], "texture": "#0"},
				"up": {"uv": [8, 2.375, 8.125, 2.5], "texture": "#0"},
				"down": {"uv": [8, 3.875, 8.125, 4], "texture": "#0"}
			}
		},
		{
			"name": "Layer 3_4",
			"from": [7.875, 11.875, 7.9375],
			"to": [8, 13.375, 8.125],
			"faces": {
				"north": {"uv": [8, 2.625, 7.875, 4.125], "texture": "#0"},
				"east": {"uv": [7.875, 2.625, 8, 4.125], "texture": "#0"},
				"south": {"uv": [7.875, 2.625, 8, 4.125], "texture": "#0"},
				"west": {"uv": [7.875, 2.625, 8, 4.125], "texture": "#0"},
				"up": {"uv": [7.875, 2.625, 8, 2.75], "texture": "#0"},
				"down": {"uv": [7.875, 4, 8, 4.125], "texture": "#0"}
			}
		},
		{
			"name": "Layer 3_5",
			"from": [7.75, 11.75, 7.9375],
			"to": [7.875, 13.25, 8.125],
			"faces": {
				"north": {"uv": [7.875, 2.75, 7.75, 4.25], "texture": "#0"},
				"east": {"uv": [7.75, 2.75, 7.875, 4.25], "texture": "#0"},
				"south": {"uv": [7.75, 2.75, 7.875, 4.25], "texture": "#0"},
				"west": {"uv": [7.75, 2.75, 7.875, 4.25], "texture": "#0"},
				"up": {"uv": [7.75, 2.75, 7.875, 2.875], "texture": "#0"},
				"down": {"uv": [7.75, 4.125, 7.875, 4.25], "texture": "#0"}
			}
		},
		{
			"name": "Layer 3_6",
			"from": [7.625, 11.625, 7.9375],
			"to": [7.75, 13, 8.125],
			"faces": {
				"north": {"uv": [7.75, 3, 7.625, 4.375], "texture": "#0"},
				"east": {"uv": [7.625, 3, 7.75, 4.375], "texture": "#0"},
				"south": {"uv": [7.625, 3, 7.75, 4.375], "texture": "#0"},
				"west": {"uv": [7.625, 3, 7.75, 4.375], "texture": "#0"},
				"up": {"uv": [7.625, 3, 7.75, 3.125], "texture": "#0"},
				"down": {"uv": [7.625, 4.25, 7.75, 4.375], "texture": "#0"}
			}
		},
		{
			"name": "Layer 3_7",
			"from": [7.5, 11, 7.9375],
			"to": [7.625, 12.625, 8.125],
			"faces": {
				"north": {"uv": [7.625, 3.375, 7.5, 5], "texture": "#0"},
				"east": {"uv": [7.5, 3.375, 7.625, 5], "texture": "#0"},
				"south": {"uv": [7.5, 3.375, 7.625, 5], "texture": "#0"},
				"west": {"uv": [7.5, 3.375, 7.625, 5], "texture": "#0"},
				"up": {"uv": [7.5, 3.375, 7.625, 3.5], "texture": "#0"},
				"down": {"uv": [7.5, 4.875, 7.625, 5], "texture": "#0"}
			}
		},
		{
			"name": "Layer 3_8",
			"from": [8.375, 12, 8],
			"to": [8.625, 12.375, 8.0625],
			"faces": {
				"north": {"uv": [8.625, 3.625, 8.375, 4], "texture": "#0"},
				"east": {"uv": [8.5, 3.625, 8.625, 4], "texture": "#0"},
				"south": {"uv": [8.375, 3.625, 8.625, 4], "texture": "#0"},
				"west": {"uv": [8.375, 3.625, 8.5, 4], "texture": "#0"},
				"up": {"uv": [8.375, 3.625, 8.625, 3.75], "texture": "#0"},
				"down": {"uv": [8.375, 3.875, 8.625, 4], "texture": "#0"}
			}
		},
		{
			"name": "Layer 3_9",
			"from": [8.25, 12.125, 8],
			"to": [8.375, 12.25, 8.0625],
			"faces": {
				"north": {"uv": [8.375, 3.75, 8.25, 3.875], "texture": "#0"},
				"east": {"uv": [8.25, 3.75, 8.375, 3.875], "texture": "#0"},
				"south": {"uv": [8.25, 3.75, 8.375, 3.875], "texture": "#0"},
				"west": {"uv": [8.25, 3.75, 8.375, 3.875], "texture": "#0"},
				"up": {"uv": [8.25, 3.75, 8.375, 3.875], "texture": "#0"},
				"down": {"uv": [8.25, 3.75, 8.375, 3.875], "texture": "#0"}
			}
		},
		{
			"name": "Layer 3_10",
			"from": [8.625, 12.125, 8],
			"to": [8.875, 12.25, 8.0625],
			"faces": {
				"north": {"uv": [8.875, 3.75, 8.625, 3.875], "texture": "#0"},
				"east": {"uv": [8.75, 3.75, 8.875, 3.875], "texture": "#0"},
				"south": {"uv": [8.625, 3.75, 8.875, 3.875], "texture": "#0"},
				"west": {"uv": [8.625, 3.75, 8.75, 3.875], "texture": "#0"},
				"up": {"uv": [8.625, 3.75, 8.875, 3.875], "texture": "#0"},
				"down": {"uv": [8.625, 3.75, 8.875, 3.875], "texture": "#0"}
			}
		},
		{
			"name": "Layer 3_11",
			"from": [8.625, 12, 8],
			"to": [8.75, 12.125, 8.0625],
			"faces": {
				"north": {"uv": [8.75, 3.875, 8.625, 4], "texture": "#0"},
				"east": {"uv": [8.625, 3.875, 8.75, 4], "texture": "#0"},
				"south": {"uv": [8.625, 3.875, 8.75, 4], "texture": "#0"},
				"west": {"uv": [8.625, 3.875, 8.75, 4], "texture": "#0"},
				"up": {"uv": [8.625, 3.875, 8.75, 4], "texture": "#0"},
				"down": {"uv": [8.625, 3.875, 8.75, 4], "texture": "#0"}
			}
		},
		{
			"name": "Layer 3_12",
			"from": [7.375, 11.125, 7.9375],
			"to": [7.5, 11.75, 8.125],
			"faces": {
				"north": {"uv": [7.5, 4.25, 7.375, 4.875], "texture": "#0"},
				"east": {"uv": [7.375, 4.25, 7.5, 4.875], "texture": "#0"},
				"south": {"uv": [7.375, 4.25, 7.5, 4.875], "texture": "#0"},
				"west": {"uv": [7.375, 4.25, 7.5, 4.875], "texture": "#0"},
				"up": {"uv": [7.375, 4.25, 7.5, 4.375], "texture": "#0"},
				"down": {"uv": [7.375, 4.75, 7.5, 4.875], "texture": "#0"}
			}
		},
		{
			"name": "Layer 3_13",
			"from": [7.875, 9.25, 7.9375],
			"to": [8, 11.75, 8.125],
			"faces": {
				"north": {"uv": [8, 4.25, 7.875, 6.75], "texture": "#0"},
				"east": {"uv": [7.875, 4.25, 8, 6.75], "texture": "#0"},
				"south": {"uv": [7.875, 4.25, 8, 6.75], "texture": "#0"},
				"west": {"uv": [7.875, 4.25, 8, 6.75], "texture": "#0"},
				"up": {"uv": [7.875, 4.25, 8, 4.375], "texture": "#0"},
				"down": {"uv": [7.875, 6.625, 8, 6.75], "texture": "#0"}
			}
		},
		{
			"name": "Layer 3_14",
			"from": [8.125, 7.25, 7.9375],
			"to": [8.25, 11.75, 8.125],
			"faces": {
				"north": {"uv": [8.25, 4.25, 8.125, 8.75], "texture": "#0"},
				"east": {"uv": [8.125, 4.25, 8.25, 8.75], "texture": "#0"},
				"south": {"uv": [8.125, 4.25, 8.25, 8.75], "texture": "#0"},
				"west": {"uv": [8.125, 4.25, 8.25, 8.75], "texture": "#0"},
				"up": {"uv": [8.125, 4.25, 8.25, 4.375], "texture": "#0"},
				"down": {"uv": [8.125, 8.625, 8.25, 8.75], "texture": "#0"}
			}
		},
		{
			"name": "Layer 3_15",
			"from": [7.75, 8.375, 7.9375],
			"to": [7.875, 11.625, 8.125],
			"faces": {
				"north": {"uv": [7.875, 4.375, 7.75, 7.625], "texture": "#0"},
				"east": {"uv": [7.75, 4.375, 7.875, 7.625], "texture": "#0"},
				"south": {"uv": [7.75, 4.375, 7.875, 7.625], "texture": "#0"},
				"west": {"uv": [7.75, 4.375, 7.875, 7.625], "texture": "#0"},
				"up": {"uv": [7.75, 4.375, 7.875, 4.5], "texture": "#0"},
				"down": {"uv": [7.75, 7.5, 7.875, 7.625], "texture": "#0"}
			}
		},
		{
			"name": "Layer 3_16",
			"from": [7.625, 8.25, 7.9375],
			"to": [7.75, 11.5, 8.125],
			"faces": {
				"north": {"uv": [7.75, 4.5, 7.625, 7.75], "texture": "#0"},
				"east": {"uv": [7.625, 4.5, 7.75, 7.75], "texture": "#0"},
				"south": {"uv": [7.625, 4.5, 7.75, 7.75], "texture": "#0"},
				"west": {"uv": [7.625, 4.5, 7.75, 7.75], "texture": "#0"},
				"up": {"uv": [7.625, 4.5, 7.75, 4.625], "texture": "#0"},
				"down": {"uv": [7.625, 7.625, 7.75, 7.75], "texture": "#0"}
			}
		},
		{
			"name": "Layer 3_17",
			"from": [8, 8.875, 7.9375],
			"to": [8.125, 11.5, 8.125],
			"faces": {
				"north": {"uv": [8.125, 4.5, 8, 7.125], "texture": "#0"},
				"east": {"uv": [8, 4.5, 8.125, 7.125], "texture": "#0"},
				"south": {"uv": [8, 4.5, 8.125, 7.125], "texture": "#0"},
				"west": {"uv": [8, 4.5, 8.125, 7.125], "texture": "#0"},
				"up": {"uv": [8, 4.5, 8.125, 4.625], "texture": "#0"},
				"down": {"uv": [8, 7, 8.125, 7.125], "texture": "#0"}
			}
		},
		{
			"name": "Layer 3_18",
			"from": [8.25, 8.875, 7.9375],
			"to": [8.375, 9.25, 8.125],
			"faces": {
				"north": {"uv": [8.375, 6.75, 8.25, 7.125], "texture": "#0"},
				"east": {"uv": [8.25, 6.75, 8.375, 7.125], "texture": "#0"},
				"south": {"uv": [8.25, 6.75, 8.375, 7.125], "texture": "#0"},
				"west": {"uv": [8.25, 6.75, 8.375, 7.125], "texture": "#0"},
				"up": {"uv": [8.25, 6.75, 8.375, 6.875], "texture": "#0"},
				"down": {"uv": [8.25, 7, 8.375, 7.125], "texture": "#0"}
			}
		},
		{
			"name": "Layer 3_19",
			"from": [7.5, 8.75, 7.9375],
			"to": [7.625, 9.125, 8.125],
			"faces": {
				"north": {"uv": [7.625, 6.875, 7.5, 7.25], "texture": "#0"},
				"east": {"uv": [7.5, 6.875, 7.625, 7.25], "texture": "#0"},
				"south": {"uv": [7.5, 6.875, 7.625, 7.25], "texture": "#0"},
				"west": {"uv": [7.5, 6.875, 7.625, 7.25], "texture": "#0"},
				"up": {"uv": [7.5, 6.875, 7.625, 7], "texture": "#0"},
				"down": {"uv": [7.5, 7.125, 7.625, 7.25], "texture": "#0"}
			}
		},
		{
			"name": "Layer 3_20",
			"from": [8.375, 9, 7.9375],
			"to": [8.5, 9.125, 8.125],
			"faces": {
				"north": {"uv": [8.5, 6.875, 8.375, 7], "texture": "#0"},
				"east": {"uv": [8.375, 6.875, 8.5, 7], "texture": "#0"},
				"south": {"uv": [8.375, 6.875, 8.5, 7], "texture": "#0"},
				"west": {"uv": [8.375, 6.875, 8.5, 7], "texture": "#0"},
				"up": {"uv": [8.375, 6.875, 8.5, 7], "texture": "#0"},
				"down": {"uv": [8.375, 6.875, 8.5, 7], "texture": "#0"}
			}
		},
		{
			"name": "Layer 3_21",
			"from": [7.375, 8.875, 7.9375],
			"to": [7.5, 9, 8.125],
			"faces": {
				"north": {"uv": [7.5, 7, 7.375, 7.125], "texture": "#0"},
				"east": {"uv": [7.375, 7, 7.5, 7.125], "texture": "#0"},
				"south": {"uv": [7.375, 7, 7.5, 7.125], "texture": "#0"},
				"west": {"uv": [7.375, 7, 7.5, 7.125], "texture": "#0"},
				"up": {"uv": [7.375, 7, 7.5, 7.125], "texture": "#0"},
				"down": {"uv": [7.375, 7, 7.5, 7.125], "texture": "#0"}
			}
		},
		{
			"name": "Layer 3_22",
			"from": [7.875, 8.5, 7.9375],
			"to": [8, 8.75, 8.125],
			"faces": {
				"north": {"uv": [8, 7.25, 7.875, 7.5], "texture": "#0"},
				"east": {"uv": [7.875, 7.25, 8, 7.5], "texture": "#0"},
				"south": {"uv": [7.875, 7.25, 8, 7.5], "texture": "#0"},
				"west": {"uv": [7.875, 7.25, 8, 7.5], "texture": "#0"},
				"up": {"uv": [7.875, 7.25, 8, 7.375], "texture": "#0"},
				"down": {"uv": [7.875, 7.375, 8, 7.5], "texture": "#0"}
			}
		},
		{
			"name": "Layer 3_23",
			"from": [8.25, 8.125, 7.9375],
			"to": [8.375, 8.5, 8.125],
			"faces": {
				"north": {"uv": [8.375, 7.5, 8.25, 7.875], "texture": "#0"},
				"east": {"uv": [8.25, 7.5, 8.375, 7.875], "texture": "#0"},
				"south": {"uv": [8.25, 7.5, 8.375, 7.875], "texture": "#0"},
				"west": {"uv": [8.25, 7.5, 8.375, 7.875], "texture": "#0"},
				"up": {"uv": [8.25, 7.5, 8.375, 7.625], "texture": "#0"},
				"down": {"uv": [8.25, 7.75, 8.375, 7.875], "texture": "#0"}
			}
		},
		{
			"name": "Layer 3_24",
			"from": [7.5, 8, 7.9375],
			"to": [7.625, 8.375, 8.125],
			"faces": {
				"north": {"uv": [7.625, 7.625, 7.5, 8], "texture": "#0"},
				"east": {"uv": [7.5, 7.625, 7.625, 8], "texture": "#0"},
				"south": {"uv": [7.5, 7.625, 7.625, 8], "texture": "#0"},
				"west": {"uv": [7.5, 7.625, 7.625, 8], "texture": "#0"},
				"up": {"uv": [7.5, 7.625, 7.625, 7.75], "texture": "#0"},
				"down": {"uv": [7.5, 7.875, 7.625, 8], "texture": "#0"}
			}
		},
		{
			"name": "Layer 3_25",
			"from": [8.375, 8.25, 7.9375],
			"to": [8.5, 8.375, 8.125],
			"faces": {
				"north": {"uv": [8.5, 7.625, 8.375, 7.75], "texture": "#0"},
				"east": {"uv": [8.375, 7.625, 8.5, 7.75], "texture": "#0"},
				"south": {"uv": [8.375, 7.625, 8.5, 7.75], "texture": "#0"},
				"west": {"uv": [8.375, 7.625, 8.5, 7.75], "texture": "#0"},
				"up": {"uv": [8.375, 7.625, 8.5, 7.75], "texture": "#0"},
				"down": {"uv": [8.375, 7.625, 8.5, 7.75], "texture": "#0"}
			}
		},
		{
			"name": "Layer 3_26",
			"from": [7.375, 8.125, 7.9375],
			"to": [7.5, 8.25, 8.125],
			"faces": {
				"north": {"uv": [7.5, 7.75, 7.375, 7.875], "texture": "#0"},
				"east": {"uv": [7.375, 7.75, 7.5, 7.875], "texture": "#0"},
				"south": {"uv": [7.375, 7.75, 7.5, 7.875], "texture": "#0"},
				"west": {"uv": [7.375, 7.75, 7.5, 7.875], "texture": "#0"},
				"up": {"uv": [7.375, 7.75, 7.5, 7.875], "texture": "#0"},
				"down": {"uv": [7.375, 7.75, 7.5, 7.875], "texture": "#0"}
			}
		},
		{
			"name": "Layer 3_27",
			"from": [8, 7.375, 7.9375],
			"to": [8.125, 8.25, 8.125],
			"faces": {
				"north": {"uv": [8.125, 7.75, 8, 8.625], "texture": "#0"},
				"east": {"uv": [8, 7.75, 8.125, 8.625], "texture": "#0"},
				"south": {"uv": [8, 7.75, 8.125, 8.625], "texture": "#0"},
				"west": {"uv": [8, 7.75, 8.125, 8.625], "texture": "#0"},
				"up": {"uv": [8, 7.75, 8.125, 7.875], "texture": "#0"},
				"down": {"uv": [8, 8.5, 8.125, 8.625], "texture": "#0"}
			}
		},
		{
			"name": "Layer 3_28",
			"from": [7.875, 7.75, 7.9375],
			"to": [8, 8, 8.125],
			"faces": {
				"north": {"uv": [8, 8, 7.875, 8.25], "texture": "#0"},
				"east": {"uv": [7.875, 8, 8, 8.25], "texture": "#0"},
				"south": {"uv": [7.875, 8, 8, 8.25], "texture": "#0"},
				"west": {"uv": [7.875, 8, 8, 8.25], "texture": "#0"},
				"up": {"uv": [7.875, 8, 8, 8.125], "texture": "#0"},
				"down": {"uv": [7.875, 8.125, 8, 8.25], "texture": "#0"}
			}
		},
		{
			"name": "Layer 3_29",
			"from": [8.25, 7.375, 7.9375],
			"to": [8.375, 7.75, 8.125],
			"faces": {
				"north": {"uv": [8.375, 8.25, 8.25, 8.625], "texture": "#0"},
				"east": {"uv": [8.25, 8.25, 8.375, 8.625], "texture": "#0"},
				"south": {"uv": [8.25, 8.25, 8.375, 8.625], "texture": "#0"},
				"west": {"uv": [8.25, 8.25, 8.375, 8.625], "texture": "#0"},
				"up": {"uv": [8.25, 8.25, 8.375, 8.375], "texture": "#0"},
				"down": {"uv": [8.25, 8.5, 8.375, 8.625], "texture": "#0"}
			}
		},
		{
			"name": "Layer 3_30",
			"from": [7.5, 7.25, 7.9375],
			"to": [7.625, 7.625, 8.125],
			"faces": {
				"north": {"uv": [7.625, 8.375, 7.5, 8.75], "texture": "#0"},
				"east": {"uv": [7.5, 8.375, 7.625, 8.75], "texture": "#0"},
				"south": {"uv": [7.5, 8.375, 7.625, 8.75], "texture": "#0"},
				"west": {"uv": [7.5, 8.375, 7.625, 8.75], "texture": "#0"},
				"up": {"uv": [7.5, 8.375, 7.625, 8.5], "texture": "#0"},
				"down": {"uv": [7.5, 8.625, 7.625, 8.75], "texture": "#0"}
			}
		},
		{
			"name": "Layer 3_31",
			"from": [8.375, 7.5, 7.9375],
			"to": [8.5, 7.625, 8.125],
			"faces": {
				"north": {"uv": [8.5, 8.375, 8.375, 8.5], "texture": "#0"},
				"east": {"uv": [8.375, 8.375, 8.5, 8.5], "texture": "#0"},
				"south": {"uv": [8.375, 8.375, 8.5, 8.5], "texture": "#0"},
				"west": {"uv": [8.375, 8.375, 8.5, 8.5], "texture": "#0"},
				"up": {"uv": [8.375, 8.375, 8.5, 8.5], "texture": "#0"},
				"down": {"uv": [8.375, 8.375, 8.5, 8.5], "texture": "#0"}
			}
		},
		{
			"name": "Layer 3_32",
			"from": [7.375, 7.375, 7.9375],
			"to": [7.5, 7.5, 8.125],
			"faces": {
				"north": {"uv": [7.5, 8.5, 7.375, 8.625], "texture": "#0"},
				"east": {"uv": [7.375, 8.5, 7.5, 8.625], "texture": "#0"},
				"south": {"uv": [7.375, 8.5, 7.5, 8.625], "texture": "#0"},
				"west": {"uv": [7.375, 8.5, 7.5, 8.625], "texture": "#0"},
				"up": {"uv": [7.375, 8.5, 7.5, 8.625], "texture": "#0"},
				"down": {"uv": [7.375, 8.5, 7.5, 8.625], "texture": "#0"}
			}
		},
		{
			"name": "Layer 3_33",
			"from": [7.625, 7.25, 7.9375],
			"to": [7.75, 7.5, 8.125],
			"faces": {
				"north": {"uv": [7.75, 8.5, 7.625, 8.75], "texture": "#0"},
				"east": {"uv": [7.625, 8.5, 7.75, 8.75], "texture": "#0"},
				"south": {"uv": [7.625, 8.5, 7.75, 8.75], "texture": "#0"},
				"west": {"uv": [7.625, 8.5, 7.75, 8.75], "texture": "#0"},
				"up": {"uv": [7.625, 8.5, 7.75, 8.625], "texture": "#0"},
				"down": {"uv": [7.625, 8.625, 7.75, 8.75], "texture": "#0"}
			}
		},
		{
			"name": "Layer 3_34",
			"from": [8.625, 7.25, 8],
			"to": [9, 7.5, 8.0625],
			"faces": {
				"north": {"uv": [9, 8.5, 8.625, 8.75], "texture": "#0"},
				"east": {"uv": [8.875, 8.5, 9, 8.75], "texture": "#0"},
				"south": {"uv": [8.625, 8.5, 9, 8.75], "texture": "#0"},
				"west": {"uv": [8.625, 8.5, 8.75, 8.75], "texture": "#0"},
				"up": {"uv": [8.625, 8.5, 9, 8.625], "texture": "#0"},
				"down": {"uv": [8.625, 8.625, 9, 8.75], "texture": "#0"}
			}
		},
		{
			"name": "Layer 3_35",
			"from": [8.5, 7.25, 8],
			"to": [8.625, 7.375, 8.0625],
			"faces": {
				"north": {"uv": [8.625, 8.625, 8.5, 8.75], "texture": "#0"},
				"east": {"uv": [8.5, 8.625, 8.625, 8.75], "texture": "#0"},
				"south": {"uv": [8.5, 8.625, 8.625, 8.75], "texture": "#0"},
				"west": {"uv": [8.5, 8.625, 8.625, 8.75], "texture": "#0"},
				"up": {"uv": [8.5, 8.625, 8.625, 8.75], "texture": "#0"},
				"down": {"uv": [8.5, 8.625, 8.625, 8.75], "texture": "#0"}
			}
		},
		{
			"name": "Layer 3_36",
			"from": [8.375, 7.125, 8],
			"to": [8.5, 7.25, 8.0625],
			"faces": {
				"north": {"uv": [8.5, 8.75, 8.375, 8.875], "texture": "#0"},
				"east": {"uv": [8.375, 8.75, 8.5, 8.875], "texture": "#0"},
				"south": {"uv": [8.375, 8.75, 8.5, 8.875], "texture": "#0"},
				"west": {"uv": [8.375, 8.75, 8.5, 8.875], "texture": "#0"},
				"up": {"uv": [8.375, 8.75, 8.5, 8.875], "texture": "#0"},
				"down": {"uv": [8.375, 8.75, 8.5, 8.875], "texture": "#0"}
			}
		},
		{
			"name": "Layer 3_37",
			"from": [8.625, 7, 8],
			"to": [8.875, 7.25, 8.0625],
			"faces": {
				"north": {"uv": [8.875, 8.75, 8.625, 9], "texture": "#0"},
				"east": {"uv": [8.75, 8.75, 8.875, 9], "texture": "#0"},
				"south": {"uv": [8.625, 8.75, 8.875, 9], "texture": "#0"},
				"west": {"uv": [8.625, 8.75, 8.75, 9], "texture": "#0"},
				"up": {"uv": [8.625, 8.75, 8.875, 8.875], "texture": "#0"},
				"down": {"uv": [8.625, 8.875, 8.875, 9], "texture": "#0"}
			}
		},
		{
			"name": "Layer 3_38",
			"from": [8.375, 6.875, 8],
			"to": [8.625, 7, 8.0625],
			"faces": {
				"north": {"uv": [8.625, 9, 8.375, 9.125], "texture": "#0"},
				"east": {"uv": [8.5, 9, 8.625, 9.125], "texture": "#0"},
				"south": {"uv": [8.375, 9, 8.625, 9.125], "texture": "#0"},
				"west": {"uv": [8.375, 9, 8.5, 9.125], "texture": "#0"},
				"up": {"uv": [8.375, 9, 8.625, 9.125], "texture": "#0"},
				"down": {"uv": [8.375, 9, 8.625, 9.125], "texture": "#0"}
			}
		},
		{
			"name": "Layer 3_39",
			"from": [7.625, 6.75, 7.9375],
			"to": [7.75, 6.875, 8.125],
			"faces": {
				"north": {"uv": [7.75, 9.125, 7.625, 9.25], "texture": "#0"},
				"east": {"uv": [7.625, 9.125, 7.75, 9.25], "texture": "#0"},
				"south": {"uv": [7.625, 9.125, 7.75, 9.25], "texture": "#0"},
				"west": {"uv": [7.625, 9.125, 7.75, 9.25], "texture": "#0"},
				"up": {"uv": [7.625, 9.125, 7.75, 9.25], "texture": "#0"},
				"down": {"uv": [7.625, 9.125, 7.75, 9.25], "texture": "#0"}
			}
		},
		{
			"name": "Layer 3_40",
			"from": [8.125, 6.375, 7.9375],
			"to": [8.25, 6.5, 8.125],
			"faces": {
				"north": {"uv": [8.25, 9.5, 8.125, 9.625], "texture": "#0"},
				"east": {"uv": [8.125, 9.5, 8.25, 9.625], "texture": "#0"},
				"south": {"uv": [8.125, 9.5, 8.25, 9.625], "texture": "#0"},
				"west": {"uv": [8.125, 9.5, 8.25, 9.625], "texture": "#0"},
				"up": {"uv": [8.125, 9.5, 8.25, 9.625], "texture": "#0"},
				"down": {"uv": [8.125, 9.5, 8.25, 9.625], "texture": "#0"}
			}
		},
		{
			"name": "Layer 4_0",
			"from": [7.75, 6.625, 7.9375],
			"to": [8, 7, 8.125],
			"faces": {
				"north": {"uv": [8, 9, 7.75, 9.375], "texture": "#0"},
				"east": {"uv": [7.875, 9, 8, 9.375], "texture": "#0"},
				"south": {"uv": [7.75, 9, 8, 9.375], "texture": "#0"},
				"west": {"uv": [7.75, 9, 7.875, 9.375], "texture": "#0"},
				"up": {"uv": [7.75, 9, 8, 9.125], "texture": "#0"},
				"down": {"uv": [7.75, 9.25, 8, 9.375], "texture": "#0"}
			}
		},
		{
			"name": "Layer 4_1",
			"from": [8, 6.375, 7.9375],
			"to": [8.125, 6.875, 8.125],
			"faces": {
				"north": {"uv": [8.125, 9.125, 8, 9.625], "texture": "#0"},
				"east": {"uv": [8, 9.125, 8.125, 9.625], "texture": "#0"},
				"south": {"uv": [8, 9.125, 8.125, 9.625], "texture": "#0"},
				"west": {"uv": [8, 9.125, 8.125, 9.625], "texture": "#0"},
				"up": {"uv": [8, 9.125, 8.125, 9.25], "texture": "#0"},
				"down": {"uv": [8, 9.5, 8.125, 9.625], "texture": "#0"}
			}
		},
		{
			"name": "Layer 4_2",
			"from": [7.875, 6.5, 7.9375],
			"to": [8, 6.625, 8.125],
			"faces": {
				"north": {"uv": [8, 9.375, 7.875, 9.5], "texture": "#0"},
				"east": {"uv": [7.875, 9.375, 8, 9.5], "texture": "#0"},
				"south": {"uv": [7.875, 9.375, 8, 9.5], "texture": "#0"},
				"west": {"uv": [7.875, 9.375, 8, 9.5], "texture": "#0"},
				"up": {"uv": [7.875, 9.375, 8, 9.5], "texture": "#0"},
				"down": {"uv": [7.875, 9.375, 8, 9.5], "texture": "#0"}
			}
		},
		{
			"name": "Layer 4_3",
			"from": [7.125, 6, 7.9375],
			"to": [7.25, 6.5, 8.125],
			"faces": {
				"north": {"uv": [7.25, 9.5, 7.125, 10], "texture": "#0"},
				"east": {"uv": [7.125, 9.5, 7.25, 10], "texture": "#0"},
				"south": {"uv": [7.125, 9.5, 7.25, 10], "texture": "#0"},
				"west": {"uv": [7.125, 9.5, 7.25, 10], "texture": "#0"},
				"up": {"uv": [7.125, 9.5, 7.25, 9.625], "texture": "#0"},
				"down": {"uv": [7.125, 9.875, 7.25, 10], "texture": "#0"}
			}
		},
		{
			"name": "Layer 4_4",
			"from": [8.75, 6, 7.9375],
			"to": [8.875, 6.5, 8.125],
			"faces": {
				"north": {"uv": [8.875, 9.5, 8.75, 10], "texture": "#0"},
				"east": {"uv": [8.75, 9.5, 8.875, 10], "texture": "#0"},
				"south": {"uv": [8.75, 9.5, 8.875, 10], "texture": "#0"},
				"west": {"uv": [8.75, 9.5, 8.875, 10], "texture": "#0"},
				"up": {"uv": [8.75, 9.5, 8.875, 9.625], "texture": "#0"},
				"down": {"uv": [8.75, 9.875, 8.875, 10], "texture": "#0"}
			}
		},
		{
			"name": "Layer 4_5",
			"from": [7, 6.125, 7.9375],
			"to": [7.125, 6.375, 8.125],
			"faces": {
				"north": {"uv": [7.125, 9.625, 7, 9.875], "texture": "#0"},
				"east": {"uv": [7, 9.625, 7.125, 9.875], "texture": "#0"},
				"south": {"uv": [7, 9.625, 7.125, 9.875], "texture": "#0"},
				"west": {"uv": [7, 9.625, 7.125, 9.875], "texture": "#0"},
				"up": {"uv": [7, 9.625, 7.125, 9.75], "texture": "#0"},
				"down": {"uv": [7, 9.75, 7.125, 9.875], "texture": "#0"}
			}
		},
		{
			"name": "Layer 4_6",
			"from": [7.25, 6.125, 7.9375],
			"to": [7.625, 6.375, 8.125],
			"faces": {
				"north": {"uv": [7.625, 9.625, 7.25, 9.875], "texture": "#0"},
				"east": {"uv": [7.5, 9.625, 7.625, 9.875], "texture": "#0"},
				"south": {"uv": [7.25, 9.625, 7.625, 9.875], "texture": "#0"},
				"west": {"uv": [7.25, 9.625, 7.375, 9.875], "texture": "#0"},
				"up": {"uv": [7.25, 9.625, 7.625, 9.75], "texture": "#0"},
				"down": {"uv": [7.25, 9.75, 7.625, 9.875], "texture": "#0"}
			}
		},
		{
			"name": "Layer 4_7",
			"from": [8.5, 6.125, 7.9375],
			"to": [8.75, 6.375, 8.125],
			"faces": {
				"north": {"uv": [8.75, 9.625, 8.5, 9.875], "texture": "#0"},
				"east": {"uv": [8.625, 9.625, 8.75, 9.875], "texture": "#0"},
				"south": {"uv": [8.5, 9.625, 8.75, 9.875], "texture": "#0"},
				"west": {"uv": [8.5, 9.625, 8.625, 9.875], "texture": "#0"},
				"up": {"uv": [8.5, 9.625, 8.75, 9.75], "texture": "#0"},
				"down": {"uv": [8.5, 9.75, 8.75, 9.875], "texture": "#0"}
			}
		},
		{
			"name": "Layer 4_8",
			"from": [8.875, 6.125, 7.9375],
			"to": [9, 6.375, 8.125],
			"faces": {
				"north": {"uv": [9, 9.625, 8.875, 9.875], "texture": "#0"},
				"east": {"uv": [8.875, 9.625, 9, 9.875], "texture": "#0"},
				"south": {"uv": [8.875, 9.625, 9, 9.875], "texture": "#0"},
				"west": {"uv": [8.875, 9.625, 9, 9.875], "texture": "#0"},
				"up": {"uv": [8.875, 9.625, 9, 9.75], "texture": "#0"},
				"down": {"uv": [8.875, 9.75, 9, 9.875], "texture": "#0"}
			}
		},
		{
			"name": "Layer 4_9",
			"from": [7.875, 5.625, 7.9375],
			"to": [8.125, 5.75, 8.125],
			"faces": {
				"north": {"uv": [8.125, 10.25, 7.875, 10.375], "texture": "#0"},
				"east": {"uv": [8, 10.25, 8.125, 10.375], "texture": "#0"},
				"south": {"uv": [7.875, 10.25, 8.125, 10.375], "texture": "#0"},
				"west": {"uv": [7.875, 10.25, 8, 10.375], "texture": "#0"},
				"up": {"uv": [7.875, 10.25, 8.125, 10.375], "texture": "#0"},
				"down": {"uv": [7.875, 10.25, 8.125, 10.375], "texture": "#0"}
			}
		},
		{
			"name": "Layer 4_10",
			"from": [7.75, 3.25, 7.9375],
			"to": [7.875, 5.375, 8.125],
			"faces": {
				"north": {"uv": [7.875, 10.625, 7.75, 12.75], "texture": "#0"},
				"east": {"uv": [7.75, 10.625, 7.875, 12.75], "texture": "#0"},
				"south": {"uv": [7.75, 10.625, 7.875, 12.75], "texture": "#0"},
				"west": {"uv": [7.75, 10.625, 7.875, 12.75], "texture": "#0"},
				"up": {"uv": [7.75, 10.625, 7.875, 10.75], "texture": "#0"},
				"down": {"uv": [7.75, 12.625, 7.875, 12.75], "texture": "#0"}
			}
		},
		{
			"name": "Layer 4_11",
			"from": [7.875, 4.875, 7.9375],
			"to": [8, 5.25, 8.125],
			"faces": {
				"north": {"uv": [8, 10.75, 7.875, 11.125], "texture": "#0"},
				"east": {"uv": [7.875, 10.75, 8, 11.125], "texture": "#0"},
				"south": {"uv": [7.875, 10.75, 8, 11.125], "texture": "#0"},
				"west": {"uv": [7.875, 10.75, 8, 11.125], "texture": "#0"},
				"up": {"uv": [7.875, 10.75, 8, 10.875], "texture": "#0"},
				"down": {"uv": [7.875, 11, 8, 11.125], "texture": "#0"}
			}
		},
		{
			"name": "Layer 4_12",
			"from": [8, 3.125, 7.9375],
			"to": [8.125, 4.625, 8.125],
			"faces": {
				"north": {"uv": [8.125, 11.375, 8, 12.875], "texture": "#0"},
				"east": {"uv": [8, 11.375, 8.125, 12.875], "texture": "#0"},
				"south": {"uv": [8, 11.375, 8.125, 12.875], "texture": "#0"},
				"west": {"uv": [8, 11.375, 8.125, 12.875], "texture": "#0"},
				"up": {"uv": [8, 11.375, 8.125, 11.5], "texture": "#0"},
				"down": {"uv": [8, 12.75, 8.125, 12.875], "texture": "#0"}
			}
		},
		{
			"name": "Layer 4_13",
			"from": [7.875, 3.375, 7.9375],
			"to": [8, 4.5, 8.125],
			"faces": {
				"north": {"uv": [8, 11.5, 7.875, 12.625], "texture": "#0"},
				"east": {"uv": [7.875, 11.5, 8, 12.625], "texture": "#0"},
				"south": {"uv": [7.875, 11.5, 8, 12.625], "texture": "#0"},
				"west": {"uv": [7.875, 11.5, 8, 12.625], "texture": "#0"},
				"up": {"uv": [7.875, 11.5, 8, 11.625], "texture": "#0"},
				"down": {"uv": [7.875, 12.5, 8, 12.625], "texture": "#0"}
			}
		},
		{
			"name": "Layer 4_14",
			"from": [7.75, 2, 7.9375],
			"to": [7.875, 2.875, 8.125],
			"faces": {
				"north": {"uv": [7.875, 13.125, 7.75, 14], "texture": "#0"},
				"east": {"uv": [7.75, 13.125, 7.875, 14], "texture": "#0"},
				"south": {"uv": [7.75, 13.125, 7.875, 14], "texture": "#0"},
				"west": {"uv": [7.75, 13.125, 7.875, 14], "texture": "#0"},
				"up": {"uv": [7.75, 13.125, 7.875, 13.25], "texture": "#0"},
				"down": {"uv": [7.75, 13.875, 7.875, 14], "texture": "#0"}
			}
		},
		{
			"name": "Layer 4_15",
			"from": [7.625, 2.25, 7.9375],
			"to": [7.75, 2.75, 8.125],
			"faces": {
				"north": {"uv": [7.75, 13.25, 7.625, 13.75], "texture": "#0"},
				"east": {"uv": [7.625, 13.25, 7.75, 13.75], "texture": "#0"},
				"south": {"uv": [7.625, 13.25, 7.75, 13.75], "texture": "#0"},
				"west": {"uv": [7.625, 13.25, 7.75, 13.75], "texture": "#0"},
				"up": {"uv": [7.625, 13.25, 7.75, 13.375], "texture": "#0"},
				"down": {"uv": [7.625, 13.625, 7.75, 13.75], "texture": "#0"}
			}
		},
		{
			"name": "Layer 4_16",
			"from": [7.875, 2.5, 7.9375],
			"to": [8, 2.75, 8.125],
			"faces": {
				"north": {"uv": [8, 13.25, 7.875, 13.5], "texture": "#0"},
				"east": {"uv": [7.875, 13.25, 8, 13.5], "texture": "#0"},
				"south": {"uv": [7.875, 13.25, 8, 13.5], "texture": "#0"},
				"west": {"uv": [7.875, 13.25, 8, 13.5], "texture": "#0"},
				"up": {"uv": [7.875, 13.25, 8, 13.375], "texture": "#0"},
				"down": {"uv": [7.875, 13.375, 8, 13.5], "texture": "#0"}
			}
		},
		{
			"name": "Layer 4_17",
			"from": [7.875, 1.875, 7.9375],
			"to": [8, 2.25, 8.125],
			"faces": {
				"north": {"uv": [8, 13.75, 7.875, 14.125], "texture": "#0"},
				"east": {"uv": [7.875, 13.75, 8, 14.125], "texture": "#0"},
				"south": {"uv": [7.875, 13.75, 8, 14.125], "texture": "#0"},
				"west": {"uv": [7.875, 13.75, 8, 14.125], "texture": "#0"},
				"up": {"uv": [7.875, 13.75, 8, 13.875], "texture": "#0"},
				"down": {"uv": [7.875, 14, 8, 14.125], "texture": "#0"}
			}
		},
		{
			"name": "Layer 4_18",
			"from": [8, 1.75, 7.9375],
			"to": [8.125, 2, 8.125],
			"faces": {
				"north": {"uv": [8.125, 14, 8, 14.25], "texture": "#0"},
				"east": {"uv": [8, 14, 8.125, 14.25], "texture": "#0"},
				"south": {"uv": [8, 14, 8.125, 14.25], "texture": "#0"},
				"west": {"uv": [8, 14, 8.125, 14.25], "texture": "#0"},
				"up": {"uv": [8, 14, 8.125, 14.125], "texture": "#0"},
				"down": {"uv": [8, 14.125, 8.125, 14.25], "texture": "#0"}
			}
		}
	],
	"display": {
		"thirdperson_righthand": {
			"rotation": [0, -90, 0],
			"translation": [0.25, 7, 1],
			"scale": [3, 3, 3]
		},
		"thirdperson_lefthand": {
			"rotation": [0, 90, 0],
			"translation": [0.25, 7, 1],
			"scale": [3, 3, 3]
		},
		"firstperson_righthand": {
			"rotation": [1, -91, 0],
			"translation": [0, 6, 2.75],
			"scale": [1.25, 1.25, 1.25]
		},
		"firstperson_lefthand": {
			"rotation": [1, 91, 0],
			"translation": [0, 6, 2.75],
			"scale": [1.25, 1.25, 1.25]
		},
		"ground": {
			"translation": [0, 15.75, 0],
			"scale": [3, 3, 3]
		},
		"gui": {
			"rotation": [0, 0, -45],
			"translation": [0.25, 0.5, 0],
			"scale": [1.5, 1.5, 1.5]
		},
		"head": {
			"rotation": [180, 0, 45],
			"translation": [0.75, -13.75, 4.75],
			"scale": [3.5, 3.5, 3.5]
		},
		"fixed": {
			"rotation": [180, 0, 135],
			"translation": [0, 0.75, 0],
			"scale": [2, 2, 2]
		}
	},
	"groups": [
		{
			"name": "Layer 1",
			"origin": [8, 8, 8],
			"color": 0,
			"children": [0, 1, 2, 3, 4, 5, 6, 7, 8, 9, 10, 11, 12, 13, 14, 15, 16, 17, 18, 19, 20, 21, 22, 23, 24, 25, 26, 27, 28, 29, 30, 31, 32, 33, 34]
		},
		{
			"name": "Layer 2",
			"origin": [8, 8, 8],
			"color": 0,
			"children": [35, 36, 37, 38, 39, 40, 41, 42, 43, 44, 45, 46, 47, 48, 49, 50, 51, 52, 53, 54, 55, 56, 57, 58]
		},
		{
			"name": "Layer 3",
			"origin": [8, 8, 8],
			"color": 0,
			"children": [59, 60, 61, 62, 63, 64, 65, 66, 67, 68, 69, 70, 71, 72, 73, 74, 75, 76, 77, 78, 79, 80, 81, 82, 83, 84, 85, 86, 87, 88, 89, 90, 91, 92, 93, 94, 95, 96, 97, 98, 99]
		},
		{
			"name": "Layer 4",
			"origin": [8, 8, 8],
			"color": 0,
			"children": [100, 101, 102, 103, 104, 105, 106, 107, 108, 109, 110, 111, 112, 113, 114, 115, 116, 117, 118]
		}
	]
}