{
	"credit": "Made with Blockbench",
	"textures": {
		"0": "item/yamato_sheathe",
		"1": "item/yamato",
		"particle": "item/yamato_sheathe"
	},
	"elements": [
		{
			"name": "Layer 2_0",
			"from": [8, 11.375, 7.875],
			"to": [8.625, 12.625, 8.25],
			"faces": {
				"north": {"uv": [8.625, 3.375, 8, 4.625], "texture": "#0"},
				"east": {"uv": [8.5, 3.375, 8.625, 4.625], "texture": "#0"},
				"south": {"uv": [8, 3.375, 8.625, 4.625], "texture": "#0"},
				"west": {"uv": [8, 3.375, 8.125, 4.625], "texture": "#0"},
				"down": {"uv": [8, 4.5, 8.625, 4.625], "texture": "#0"}
			}
		},
		{
			"name": "Layer 2_1",
			"from": [8.625, 12.375, 7.875],
			"to": [8.75, 12.625, 8.25],
			"faces": {
				"north": {"uv": [8.75, 3.375, 8.625, 3.625], "texture": "#0"},
				"east": {"uv": [8.625, 3.375, 8.75, 3.625], "texture": "#0"},
				"south": {"uv": [8.625, 3.375, 8.75, 3.625], "texture": "#0"},
				"down": {"uv": [8.625, 3.5, 8.75, 3.625], "texture": "#0"}
			}
		},
		{
			"name": "Layer 2_2",
			"from": [7.875, 5.375, 7.875],
			"to": [8, 12.5, 8.25],
			"faces": {
				"north": {"uv": [8, 3.5, 7.875, 10.625], "texture": "#0"},
				"south": {"uv": [7.875, 3.5, 8, 10.625], "texture": "#0"},
				"west": {"uv": [7.875, 3.5, 8, 10.625], "texture": "#0"},
				"up": {"uv": [7.875, 3.5, 8, 3.625], "texture": "#0"}
			}
		},
		{
			"name": "Layer 2_3",
			"from": [7.75, 5.375, 7.875],
			"to": [7.875, 11.625, 8.25],
			"faces": {
				"north": {"uv": [7.875, 4.375, 7.75, 10.625], "texture": "#0"},
				"south": {"uv": [7.75, 4.375, 7.875, 10.625], "texture": "#0"},
				"west": {"uv": [7.75, 4.375, 7.875, 10.625], "texture": "#0"},
				"up": {"uv": [7.75, 4.375, 7.875, 4.5], "texture": "#0"}
			}
		},
		{
			"name": "Layer 2_4",
			"from": [8, 10, 7.875],
			"to": [8.5, 11.375, 8.25],
			"faces": {
				"north": {"uv": [8.5, 4.625, 8, 6], "texture": "#0"},
				"east": {"uv": [8.375, 4.625, 8.5, 6], "texture": "#0"},
				"south": {"uv": [8, 4.625, 8.5, 6], "texture": "#0"},
				"down": {"uv": [8, 5.875, 8.5, 6], "texture": "#0"}
			}
		},
		{
			"name": "Layer 2_5",
			"from": [7.625, 5.375, 7.875],
			"to": [7.75, 10.375, 8.25],
			"faces": {
				"north": {"uv": [7.75, 5.625, 7.625, 10.625], "texture": "#0"},
				"south": {"uv": [7.625, 5.625, 7.75, 10.625], "texture": "#0"},
				"west": {"uv": [7.625, 5.625, 7.75, 10.625], "texture": "#0"},
				"up": {"uv": [7.625, 5.625, 7.75, 5.75], "texture": "#0"}
			}
		},
		{
			"name": "Layer 2_6",
			"from": [8, 5.375, 7.875],
			"to": [8.375, 10, 8.25],
			"faces": {
				"north": {"uv": [8.375, 6, 8, 10.625], "texture": "#0"},
				"east": {"uv": [8.25, 6, 8.375, 10.625], "texture": "#0"},
				"south": {"uv": [8, 6, 8.375, 10.625], "texture": "#0"}
			}
		},
		{
			"name": "Layer 4_0",
			"from": [7.9375, 12.625, 7.8125],
			"to": [8.8125, 13.125, 8.3125],
			"faces": {
				"north": {"uv": [8.75, 2.875, 8, 3.375], "texture": "#0"},
				"east": {"uv": [8.625, 2.875, 8.75, 3.375], "texture": "#0"},
				"south": {"uv": [8, 2.875, 8.75, 3.375], "texture": "#0"},
				"west": {"uv": [8, 2.875, 8.125, 3.375], "texture": "#0"},
				"up": {"uv": [8, 2.875, 8.75, 3], "texture": "#0"},
				"down": {"uv": [8, 3.25, 8.75, 3.375], "texture": "#0"}
			}
		},
		{
			"name": "Layer 4_1",
			"from": [7.5625, 4.75, 7.8125],
			"to": [8.4375, 5.375, 8.3125],
			"faces": {
				"north": {"uv": [8.5, 10.625, 7.5, 11.25], "texture": "#0"},
				"east": {"uv": [8.375, 10.625, 8.5, 11.25], "texture": "#0"},
				"south": {"uv": [7.5, 10.625, 8.5, 11.25], "texture": "#0"},
				"west": {"uv": [7.5, 10.625, 7.625, 11.25], "texture": "#0"},
				"up": {"uv": [7.5, 10.625, 8.5, 10.75], "texture": "#0"},
				"down": {"uv": [7.5, 11.125, 8.5, 11.25], "texture": "#0"}
			}
		},
		{
			"name": "Layer 3_0",
			"from": [6.25, 11.75, 7.5],
			"to": [6.375, 11.875, 7.625],
			"faces": {
				"north": {"uv": [6.375, 4.125, 6.25, 4.25], "texture": "#0"},
				"south": {"uv": [6.25, 4.125, 6.375, 4.25], "texture": "#0"},
				"west": {"uv": [6.25, 4.125, 6.375, 4.25], "texture": "#0"},
				"up": {"uv": [6.25, 4.125, 6.375, 4.25], "texture": "#0"},
				"down": {"uv": [6.25, 4.125, 6.375, 4.25], "texture": "#0"}
			}
		},
		{
			"name": "Layer 3_1",
			"from": [6.375, 11.75, 7.5],
			"to": [6.5, 11.875, 7.625],
			"faces": {
				"north": {"uv": [6.5, 4.125, 6.375, 4.25], "texture": "#0"},
				"south": {"uv": [6.375, 4.125, 6.5, 4.25], "texture": "#0"},
				"up": {"uv": [6.375, 4.125, 6.5, 4.25], "texture": "#0"},
				"down": {"uv": [6.375, 4.125, 6.5, 4.25], "texture": "#0"}
			}
		},
		{
			"name": "Layer 3_2",
			"from": [6.5, 11.75, 7.5],
			"to": [6.625, 11.875, 7.625],
			"faces": {
				"north": {"uv": [6.625, 4.125, 6.5, 4.25], "texture": "#0"},
				"south": {"uv": [6.5, 4.125, 6.625, 4.25], "texture": "#0"},
				"up": {"uv": [6.5, 4.125, 6.625, 4.25], "texture": "#0"}
			}
		},
		{
			"name": "Layer 3_3",
			"from": [6.625, 11.75, 7.5],
			"to": [6.75, 11.875, 7.625],
			"faces": {
				"north": {"uv": [6.75, 4.125, 6.625, 4.25], "texture": "#0"},
				"east": {"uv": [6.625, 4.125, 6.75, 4.25], "texture": "#0"},
				"south": {"uv": [6.625, 4.125, 6.75, 4.25], "texture": "#0"},
				"up": {"uv": [6.625, 4.125, 6.75, 4.25], "texture": "#0"},
				"down": {"uv": [6.625, 4.125, 6.75, 4.25], "texture": "#0"}
			}
		},
		{
			"name": "Layer 3_4",
			"from": [6.5, 11.625, 7.5],
			"to": [6.625, 11.75, 7.625],
			"faces": {
				"north": {"uv": [6.625, 4.25, 6.5, 4.375], "texture": "#0"},
				"east": {"uv": [6.5, 4.25, 6.625, 4.375], "texture": "#0"},
				"south": {"uv": [6.5, 4.25, 6.625, 4.375], "texture": "#0"},
				"west": {"uv": [6.5, 4.25, 6.625, 4.375], "texture": "#0"},
				"down": {"uv": [6.5, 4.25, 6.625, 4.375], "texture": "#0"}
			}
		},
		{
			"name": "Layer 3_5",
			"from": [6.625, 11.625, 7.5625],
			"to": [6.75, 11.75, 7.6875],
			"faces": {
				"north": {"uv": [6.75, 4.25, 6.625, 4.375], "texture": "#0"},
				"south": {"uv": [6.625, 4.25, 6.75, 4.375], "texture": "#0"},
				"west": {"uv": [6.625, 4.25, 6.75, 4.375], "texture": "#0"},
				"up": {"uv": [6.625, 4.25, 6.75, 4.375], "texture": "#0"}
			}
		},
		{
			"name": "Layer 3_6",
			"from": [6.75, 11.625, 7.5625],
			"to": [6.875, 11.75, 7.6875],
			"faces": {
				"north": {"uv": [6.875, 4.25, 6.75, 4.375], "texture": "#0"},
				"east": {"uv": [6.75, 4.25, 6.875, 4.375], "texture": "#0"},
				"south": {"uv": [6.75, 4.25, 6.875, 4.375], "texture": "#0"},
				"up": {"uv": [6.75, 4.25, 6.875, 4.375], "texture": "#0"}
			}
		},
		{
			"name": "Layer 3_7",
			"from": [6.625, 11.5, 7.5625],
			"to": [6.75, 11.625, 7.6875],
			"faces": {
				"north": {"uv": [6.75, 4.375, 6.625, 4.5], "texture": "#0"},
				"south": {"uv": [6.625, 4.375, 6.75, 4.5], "texture": "#0"},
				"west": {"uv": [6.625, 4.375, 6.75, 4.5], "texture": "#0"},
				"down": {"uv": [6.625, 4.375, 6.75, 4.5], "texture": "#0"}
			}
		},
		{
			"name": "Layer 3_8",
			"from": [6.75, 11.5, 7.5625],
			"to": [6.875, 11.625, 7.6875],
			"faces": {
				"north": {"uv": [6.875, 4.375, 6.75, 4.5], "texture": "#0"},
				"south": {"uv": [6.75, 4.375, 6.875, 4.5], "texture": "#0"}
			}
		},
		{
			"name": "Layer 3_9",
			"from": [6.875, 11.5, 7.5625],
			"to": [7, 11.625, 7.6875],
			"faces": {
				"north": {"uv": [7, 4.375, 6.875, 4.5], "texture": "#0"},
				"east": {"uv": [6.875, 4.375, 7, 4.5], "texture": "#0"},
				"south": {"uv": [6.875, 4.375, 7, 4.5], "texture": "#0"},
				"up": {"uv": [6.875, 4.375, 7, 4.5], "texture": "#0"},
				"down": {"uv": [6.875, 4.375, 7, 4.5], "texture": "#0"}
			}
		},
		{
			"name": "Layer 3_10",
			"from": [6.75, 11.375, 7.5625],
			"to": [6.875, 11.5, 7.6875],
			"faces": {
				"north": {"uv": [6.875, 4.5, 6.75, 4.625], "texture": "#0"},
				"east": {"uv": [6.75, 4.5, 6.875, 4.625], "texture": "#0"},
				"south": {"uv": [6.75, 4.5, 6.875, 4.625], "texture": "#0"},
				"west": {"uv": [6.75, 4.5, 6.875, 4.625], "texture": "#0"},
				"down": {"uv": [6.75, 4.5, 6.875, 4.625], "texture": "#0"}
			}
		},
		{
			"name": "Layer 3_11",
			"from": [6.875, 11.375, 7.625],
			"to": [7, 11.5, 7.75],
			"faces": {
				"north": {"uv": [7, 4.5, 6.875, 4.625], "texture": "#0"},
				"south": {"uv": [6.875, 4.5, 7, 4.625], "texture": "#0"},
				"west": {"uv": [6.875, 4.5, 7, 4.625], "texture": "#0"},
				"up": {"uv": [6.875, 4.5, 7, 4.625], "texture": "#0"}
			}
		},
		{
			"name": "Layer 3_12",
			"from": [7, 11.375, 7.625],
			"to": [7.125, 11.5, 7.75],
			"faces": {
				"north": {"uv": [7.125, 4.5, 7, 4.625], "texture": "#0"},
				"east": {"uv": [7, 4.5, 7.125, 4.625], "texture": "#0"},
				"south": {"uv": [7, 4.5, 7.125, 4.625], "texture": "#0"},
				"up": {"uv": [7, 4.5, 7.125, 4.625], "texture": "#0"}
			}
		},
		{
			"name": "Layer 3_13",
			"from": [6.875, 11.25, 7.625],
			"to": [7, 11.375, 7.75],
			"faces": {
				"north": {"uv": [7, 4.625, 6.875, 4.75], "texture": "#0"},
				"south": {"uv": [6.875, 4.625, 7, 4.75], "texture": "#0"},
				"west": {"uv": [6.875, 4.625, 7, 4.75], "texture": "#0"},
				"down": {"uv": [6.875, 4.625, 7, 4.75], "texture": "#0"}
			}
		},
		{
			"name": "Layer 3_14",
			"from": [7, 11.25, 7.625],
			"to": [7.125, 11.375, 7.75],
			"faces": {
				"north": {"uv": [7.125, 4.625, 7, 4.75], "texture": "#0"},
				"south": {"uv": [7, 4.625, 7.125, 4.75], "texture": "#0"}
			}
		},
		{
			"name": "Layer 3_15",
			"from": [7.125, 11.25, 7.625],
			"to": [7.25, 11.375, 7.75],
			"faces": {
				"north": {"uv": [7.25, 4.625, 7.125, 4.75], "texture": "#0"},
				"east": {"uv": [7.125, 4.625, 7.25, 4.75], "texture": "#0"},
				"south": {"uv": [7.125, 4.625, 7.25, 4.75], "texture": "#0"},
				"up": {"uv": [7.125, 4.625, 7.25, 4.75], "texture": "#0"}
			}
		},
		{
			"name": "Layer 3_16",
			"from": [7, 11.125, 7.625],
			"to": [7.125, 11.25, 7.75],
			"faces": {
				"north": {"uv": [7.125, 4.75, 7, 4.875], "texture": "#0"},
				"south": {"uv": [7, 4.75, 7.125, 4.875], "texture": "#0"},
				"west": {"uv": [7, 4.75, 7.125, 4.875], "texture": "#0"}
			}
		},
		{
			"name": "Layer 3_17",
			"from": [7.125, 11.125, 7.625],
			"to": [7.25, 11.25, 7.75],
			"faces": {
				"north": {"uv": [7.25, 4.75, 7.125, 4.875], "texture": "#0"},
				"east": {"uv": [7.125, 4.75, 7.25, 4.875], "texture": "#0"},
				"south": {"uv": [7.125, 4.75, 7.25, 4.875], "texture": "#0"},
				"down": {"uv": [7.125, 4.75, 7.25, 4.875], "texture": "#0"}
			}
		},
		{
			"name": "Layer 3_18",
			"from": [7, 11, 7.625],
			"to": [7.125, 11.125, 7.75],
			"faces": {
				"north": {"uv": [7.125, 4.875, 7, 5], "texture": "#0"},
				"east": {"uv": [7, 4.875, 7.125, 5], "texture": "#0"},
				"south": {"uv": [7, 4.875, 7.125, 5], "texture": "#0"},
				"west": {"uv": [7, 4.875, 7.125, 5], "texture": "#0"},
				"down": {"uv": [7, 4.875, 7.125, 5], "texture": "#0"}
			}
		},
		{
			"name": "Layer 3_19",
			"from": [7.125, 11, 7.6875],
			"to": [7.25, 11.125, 7.8125],
			"faces": {
				"north": {"uv": [7.25, 4.875, 7.125, 5], "texture": "#0"},
				"south": {"uv": [7.125, 4.875, 7.25, 5], "texture": "#0"},
				"west": {"uv": [7.125, 4.875, 7.25, 5], "texture": "#0"},
				"up": {"uv": [7.125, 4.875, 7.25, 5], "texture": "#0"}
			}
		},
		{
			"name": "Layer 3_20",
			"from": [7.25, 11, 7.6875],
			"to": [7.375, 11.125, 7.8125],
			"faces": {
				"north": {"uv": [7.375, 4.875, 7.25, 5], "texture": "#0"},
				"east": {"uv": [7.25, 4.875, 7.375, 5], "texture": "#0"},
				"south": {"uv": [7.25, 4.875, 7.375, 5], "texture": "#0"},
				"up": {"uv": [7.25, 4.875, 7.375, 5], "texture": "#0"}
			}
		},
		{
			"name": "Layer 3_21",
			"from": [5.75, 10.875, 7.625],
			"to": [5.875, 11, 7.75],
			"faces": {
				"north": {"uv": [5.875, 5, 5.75, 5.125], "texture": "#0"},
				"south": {"uv": [5.75, 5, 5.875, 5.125], "texture": "#0"},
				"west": {"uv": [5.75, 5, 5.875, 5.125], "texture": "#0"},
				"up": {"uv": [5.75, 5, 5.875, 5.125], "texture": "#0"}
			}
		},
		{
			"name": "Layer 3_22",
			"from": [5.875, 10.875, 7.625],
			"to": [6, 11, 7.75],
			"faces": {
				"north": {"uv": [6, 5, 5.875, 5.125], "texture": "#0"},
				"south": {"uv": [5.875, 5, 6, 5.125], "texture": "#0"},
				"up": {"uv": [5.875, 5, 6, 5.125], "texture": "#0"}
			}
		},
		{
			"name": "Layer 3_23",
			"from": [6, 10.875, 7.625],
			"to": [6.125, 11, 7.75],
			"faces": {
				"north": {"uv": [6.125, 5, 6, 5.125], "texture": "#0"},
				"east": {"uv": [6, 5, 6.125, 5.125], "texture": "#0"},
				"south": {"uv": [6, 5, 6.125, 5.125], "texture": "#0"},
				"up": {"uv": [6, 5, 6.125, 5.125], "texture": "#0"},
				"down": {"uv": [6, 5, 6.125, 5.125], "texture": "#0"}
			}
		},
		{
			"name": "Layer 3_24",
			"from": [6.125, 10.875, 7.6875],
			"to": [6.25, 11, 7.8125],
			"faces": {
				"north": {"uv": [6.25, 5, 6.125, 5.125], "texture": "#0"},
				"east": {"uv": [6.125, 5, 6.25, 5.125], "texture": "#0"},
				"south": {"uv": [6.125, 5, 6.25, 5.125], "texture": "#0"},
				"west": {"uv": [6.125, 5, 6.25, 5.125], "texture": "#0"},
				"up": {"uv": [6.125, 5, 6.25, 5.125], "texture": "#0"}
			}
		},
		{
			"name": "Layer 3_25",
			"from": [7.125, 10.875, 7.6875],
			"to": [7.25, 11, 7.8125],
			"faces": {
				"north": {"uv": [7.25, 5, 7.125, 5.125], "texture": "#0"},
				"south": {"uv": [7.125, 5, 7.25, 5.125], "texture": "#0"},
				"west": {"uv": [7.125, 5, 7.25, 5.125], "texture": "#0"}
			}
		},
		{
			"name": "Layer 3_26",
			"from": [7.25, 10.875, 7.6875],
			"to": [7.375, 11, 7.8125],
			"faces": {
				"north": {"uv": [7.375, 5, 7.25, 5.125], "texture": "#0"},
				"east": {"uv": [7.25, 5, 7.375, 5.125], "texture": "#0"},
				"south": {"uv": [7.25, 5, 7.375, 5.125], "texture": "#0"}
			}
		},
		{
			"name": "Layer 3_27",
			"from": [5.625, 10.75, 7.5625],
			"to": [5.75, 10.875, 7.6875],
			"faces": {
				"north": {"uv": [5.75, 5.125, 5.625, 5.25], "texture": "#0"},
				"east": {"uv": [5.625, 5.125, 5.75, 5.25], "texture": "#0"},
				"south": {"uv": [5.625, 5.125, 5.75, 5.25], "texture": "#0"},
				"west": {"uv": [5.625, 5.125, 5.75, 5.25], "texture": "#0"},
				"up": {"uv": [5.625, 5.125, 5.75, 5.25], "texture": "#0"}
			}
		},
		{
			"name": "Layer 3_28",
			"from": [5.75, 10.75, 7.625],
			"to": [5.875, 10.875, 7.75],
			"faces": {
				"north": {"uv": [5.875, 5.125, 5.75, 5.25], "texture": "#0"},
				"south": {"uv": [5.75, 5.125, 5.875, 5.25], "texture": "#0"},
				"west": {"uv": [5.75, 5.125, 5.875, 5.25], "texture": "#0"},
				"down": {"uv": [5.75, 5.125, 5.875, 5.25], "texture": "#0"}
			}
		},
		{
			"name": "Layer 3_29",
			"from": [5.875, 10.75, 7.625],
			"to": [6, 10.875, 7.75],
			"faces": {
				"north": {"uv": [6, 5.125, 5.875, 5.25], "texture": "#0"},
				"east": {"uv": [5.875, 5.125, 6, 5.25], "texture": "#0"},
				"south": {"uv": [5.875, 5.125, 6, 5.25], "texture": "#0"},
				"down": {"uv": [5.875, 5.125, 6, 5.25], "texture": "#0"}
			}
		},
		{
			"name": "Layer 3_30",
			"from": [6, 10.75, 7.6875],
			"to": [6.125, 10.875, 7.8125],
			"faces": {
				"north": {"uv": [6.125, 5.125, 6, 5.25], "texture": "#0"},
				"south": {"uv": [6, 5.125, 6.125, 5.25], "texture": "#0"},
				"west": {"uv": [6, 5.125, 6.125, 5.25], "texture": "#0"},
				"up": {"uv": [6, 5.125, 6.125, 5.25], "texture": "#0"},
				"down": {"uv": [6, 5.125, 6.125, 5.25], "texture": "#0"}
			}
		},
		{
			"name": "Layer 3_31",
			"from": [6.125, 10.75, 7.6875],
			"to": [6.25, 10.875, 7.8125],
			"faces": {
				"north": {"uv": [6.25, 5.125, 6.125, 5.25], "texture": "#0"},
				"south": {"uv": [6.125, 5.125, 6.25, 5.25], "texture": "#0"}
			}
		},
		{
			"name": "Layer 3_32",
			"from": [6.25, 10.75, 7.6875],
			"to": [6.375, 10.875, 7.8125],
			"faces": {
				"north": {"uv": [6.375, 5.125, 6.25, 5.25], "texture": "#0"},
				"east": {"uv": [6.25, 5.125, 6.375, 5.25], "texture": "#0"},
				"south": {"uv": [6.25, 5.125, 6.375, 5.25], "texture": "#0"},
				"up": {"uv": [6.25, 5.125, 6.375, 5.25], "texture": "#0"}
			}
		},
		{
			"name": "Layer 3_33",
			"from": [7.125, 10.75, 7.6875],
			"to": [7.25, 10.875, 7.8125],
			"faces": {
				"north": {"uv": [7.25, 5.125, 7.125, 5.25], "texture": "#0"},
				"south": {"uv": [7.125, 5.125, 7.25, 5.25], "texture": "#0"},
				"west": {"uv": [7.125, 5.125, 7.25, 5.25], "texture": "#0"}
			}
		},
		{
			"name": "Layer 3_34",
			"from": [7.25, 10.75, 7.6875],
			"to": [7.375, 10.875, 7.8125],
			"faces": {
				"north": {"uv": [7.375, 5.125, 7.25, 5.25], "texture": "#0"},
				"east": {"uv": [7.25, 5.125, 7.375, 5.25], "texture": "#0"},
				"south": {"uv": [7.25, 5.125, 7.375, 5.25], "texture": "#0"}
			}
		},
		{
			"name": "Layer 3_35",
			"from": [5.5, 10.625, 7.5625],
			"to": [5.625, 10.75, 7.6875],
			"faces": {
				"north": {"uv": [5.625, 5.25, 5.5, 5.375], "texture": "#0"},
				"south": {"uv": [5.5, 5.25, 5.625, 5.375], "texture": "#0"},
				"west": {"uv": [5.5, 5.25, 5.625, 5.375], "texture": "#0"},
				"up": {"uv": [5.5, 5.25, 5.625, 5.375], "texture": "#0"},
				"down": {"uv": [5.5, 5.25, 5.625, 5.375], "texture": "#0"}
			}
		},
		{
			"name": "Layer 3_36",
			"from": [5.625, 10.625, 7.5625],
			"to": [5.75, 10.75, 7.6875],
			"faces": {
				"north": {"uv": [5.75, 5.25, 5.625, 5.375], "texture": "#0"},
				"south": {"uv": [5.625, 5.25, 5.75, 5.375], "texture": "#0"},
				"down": {"uv": [5.625, 5.25, 5.75, 5.375], "texture": "#0"}
			}
		},
		{
			"name": "Layer 3_37",
			"from": [5.75, 10.625, 7.5625],
			"to": [5.875, 10.75, 7.6875],
			"faces": {
				"north": {"uv": [5.875, 5.25, 5.75, 5.375], "texture": "#0"},
				"east": {"uv": [5.75, 5.25, 5.875, 5.375], "texture": "#0"},
				"south": {"uv": [5.75, 5.25, 5.875, 5.375], "texture": "#0"},
				"up": {"uv": [5.75, 5.25, 5.875, 5.375], "texture": "#0"},
				"down": {"uv": [5.75, 5.25, 5.875, 5.375], "texture": "#0"}
			}
		},
		{
			"name": "Layer 3_38",
			"from": [6.125, 10.625, 7.6875],
			"to": [6.25, 10.75, 7.8125],
			"faces": {
				"north": {"uv": [6.25, 5.25, 6.125, 5.375], "texture": "#0"},
				"south": {"uv": [6.125, 5.25, 6.25, 5.375], "texture": "#0"},
				"west": {"uv": [6.125, 5.25, 6.25, 5.375], "texture": "#0"},
				"down": {"uv": [6.125, 5.25, 6.25, 5.375], "texture": "#0"}
			}
		},
		{
			"name": "Layer 3_39",
			"from": [6.25, 10.625, 7.6875],
			"to": [6.375, 10.75, 7.8125],
			"faces": {
				"north": {"uv": [6.375, 5.25, 6.25, 5.375], "texture": "#0"},
				"south": {"uv": [6.25, 5.25, 6.375, 5.375], "texture": "#0"}
			}
		},
		{
			"name": "Layer 3_40",
			"from": [6.375, 10.625, 7.6875],
			"to": [6.5, 10.75, 7.8125],
			"faces": {
				"north": {"uv": [6.5, 5.25, 6.375, 5.375], "texture": "#0"},
				"east": {"uv": [6.375, 5.25, 6.5, 5.375], "texture": "#0"},
				"south": {"uv": [6.375, 5.25, 6.5, 5.375], "texture": "#0"},
				"up": {"uv": [6.375, 5.25, 6.5, 5.375], "texture": "#0"},
				"down": {"uv": [6.375, 5.25, 6.5, 5.375], "texture": "#0"}
			}
		},
		{
			"name": "Layer 3_41",
			"from": [7.125, 10.625, 7.6875],
			"to": [7.25, 10.75, 7.8125],
			"faces": {
				"north": {"uv": [7.25, 5.25, 7.125, 5.375], "texture": "#0"},
				"south": {"uv": [7.125, 5.25, 7.25, 5.375], "texture": "#0"},
				"west": {"uv": [7.125, 5.25, 7.25, 5.375], "texture": "#0"}
			}
		},
		{
			"name": "Layer 3_42",
			"from": [7.25, 10.625, 7.6875],
			"to": [7.375, 10.75, 7.8125],
			"faces": {
				"north": {"uv": [7.375, 5.25, 7.25, 5.375], "texture": "#0"},
				"east": {"uv": [7.25, 5.25, 7.375, 5.375], "texture": "#0"},
				"south": {"uv": [7.25, 5.25, 7.375, 5.375], "texture": "#0"},
				"down": {"uv": [7.25, 5.25, 7.375, 5.375], "texture": "#0"}
			}
		},
		{
			"name": "Layer 3_43",
			"from": [6.25, 10.5, 7.6875],
			"to": [6.375, 10.625, 7.8125],
			"faces": {
				"north": {"uv": [6.375, 5.375, 6.25, 5.5], "texture": "#0"},
				"east": {"uv": [6.25, 5.375, 6.375, 5.5], "texture": "#0"},
				"south": {"uv": [6.25, 5.375, 6.375, 5.5], "texture": "#0"},
				"west": {"uv": [6.25, 5.375, 6.375, 5.5], "texture": "#0"},
				"down": {"uv": [6.25, 5.375, 6.375, 5.5], "texture": "#0"}
			}
		},
		{
			"name": "Layer 3_44",
			"from": [6.375, 10.5, 7.75],
			"to": [6.5, 10.625, 7.875],
			"faces": {
				"north": {"uv": [6.5, 5.375, 6.375, 5.5], "texture": "#0"},
				"south": {"uv": [6.375, 5.375, 6.5, 5.5], "texture": "#0"},
				"west": {"uv": [6.375, 5.375, 6.5, 5.5], "texture": "#0"},
				"up": {"uv": [6.375, 5.375, 6.5, 5.5], "texture": "#0"}
			}
		},
		{
			"name": "Layer 3_45",
			"from": [6.5, 10.5, 7.75],
			"to": [6.625, 10.625, 7.875],
			"faces": {
				"north": {"uv": [6.625, 5.375, 6.5, 5.5], "texture": "#0"},
				"east": {"uv": [6.5, 5.375, 6.625, 5.5], "texture": "#0"},
				"south": {"uv": [6.5, 5.375, 6.625, 5.5], "texture": "#0"},
				"up": {"uv": [6.5, 5.375, 6.625, 5.5], "texture": "#0"}
			}
		},
		{
			"name": "Layer 3_46",
			"from": [7.125, 10.5, 7.6875],
			"to": [7.25, 10.625, 7.8125],
			"faces": {
				"north": {"uv": [7.25, 5.375, 7.125, 5.5], "texture": "#0"},
				"east": {"uv": [7.125, 5.375, 7.25, 5.5], "texture": "#0"},
				"south": {"uv": [7.125, 5.375, 7.25, 5.5], "texture": "#0"},
				"west": {"uv": [7.125, 5.375, 7.25, 5.5], "texture": "#0"},
				"down": {"uv": [7.125, 5.375, 7.25, 5.5], "texture": "#0"}
			}
		},
		{
			"name": "Layer 3_47",
			"from": [7.25, 10.5, 7.75],
			"to": [7.375, 10.625, 7.875],
			"faces": {
				"north": {"uv": [7.375, 5.375, 7.25, 5.5], "texture": "#0"},
				"south": {"uv": [7.25, 5.375, 7.375, 5.5], "texture": "#0"},
				"west": {"uv": [7.25, 5.375, 7.375, 5.5], "texture": "#0"},
				"up": {"uv": [7.25, 5.375, 7.375, 5.5], "texture": "#0"}
			}
		},
		{
			"name": "Layer 3_48",
			"from": [7.375, 10.5, 7.75],
			"to": [7.5, 10.625, 7.875],
			"faces": {
				"north": {"uv": [7.5, 5.375, 7.375, 5.5], "texture": "#0"},
				"east": {"uv": [7.375, 5.375, 7.5, 5.5], "texture": "#0"},
				"south": {"uv": [7.375, 5.375, 7.5, 5.5], "texture": "#0"},
				"up": {"uv": [7.375, 5.375, 7.5, 5.5], "texture": "#0"}
			}
		},
		{
			"name": "Layer 3_49",
			"from": [6.375, 10.375, 7.75],
			"to": [6.5, 10.5, 7.875],
			"faces": {
				"north": {"uv": [6.5, 5.5, 6.375, 5.625], "texture": "#0"},
				"south": {"uv": [6.375, 5.5, 6.5, 5.625], "texture": "#0"},
				"west": {"uv": [6.375, 5.5, 6.5, 5.625], "texture": "#0"},
				"down": {"uv": [6.375, 5.5, 6.5, 5.625], "texture": "#0"}
			}
		},
		{
			"name": "Layer 3_50",
			"from": [6.5, 10.375, 7.75],
			"to": [6.625, 10.5, 7.875],
			"faces": {
				"north": {"uv": [6.625, 5.5, 6.5, 5.625], "texture": "#0"},
				"south": {"uv": [6.5, 5.5, 6.625, 5.625], "texture": "#0"}
			}
		},
		{
			"name": "Layer 3_51",
			"from": [6.625, 10.375, 7.75],
			"to": [6.75, 10.5, 7.875],
			"faces": {
				"north": {"uv": [6.75, 5.5, 6.625, 5.625], "texture": "#0"},
				"east": {"uv": [6.625, 5.5, 6.75, 5.625], "texture": "#0"},
				"south": {"uv": [6.625, 5.5, 6.75, 5.625], "texture": "#0"},
				"up": {"uv": [6.625, 5.5, 6.75, 5.625], "texture": "#0"}
			}
		},
		{
			"name": "Layer 3_52",
			"from": [7.25, 10.375, 7.75],
			"to": [7.375, 10.5, 7.875],
			"faces": {
				"north": {"uv": [7.375, 5.5, 7.25, 5.625], "texture": "#0"},
				"south": {"uv": [7.25, 5.5, 7.375, 5.625], "texture": "#0"},
				"west": {"uv": [7.25, 5.5, 7.375, 5.625], "texture": "#0"}
			}
		},
		{
			"name": "Layer 3_53",
			"from": [7.375, 10.375, 7.75],
			"to": [7.5, 10.5, 7.875],
			"faces": {
				"north": {"uv": [7.5, 5.5, 7.375, 5.625], "texture": "#0"},
				"east": {"uv": [7.375, 5.5, 7.5, 5.625], "texture": "#0"},
				"south": {"uv": [7.375, 5.5, 7.5, 5.625], "texture": "#0"}
			}
		},
		{
			"name": "Layer 3_54",
			"from": [6.5, 10.25, 7.75],
			"to": [6.625, 10.375, 7.875],
			"faces": {
				"north": {"uv": [6.625, 5.625, 6.5, 5.75], "texture": "#0"},
				"south": {"uv": [6.5, 5.625, 6.625, 5.75], "texture": "#0"},
				"west": {"uv": [6.5, 5.625, 6.625, 5.75], "texture": "#0"},
				"down": {"uv": [6.5, 5.625, 6.625, 5.75], "texture": "#0"}
			}
		},
		{
			"name": "Layer 3_55",
			"from": [6.625, 10.25, 7.75],
			"to": [6.75, 10.375, 7.875],
			"faces": {
				"north": {"uv": [6.75, 5.625, 6.625, 5.75], "texture": "#0"},
				"south": {"uv": [6.625, 5.625, 6.75, 5.75], "texture": "#0"}
			}
		},
		{
			"name": "Layer 3_56",
			"from": [6.75, 10.25, 7.75],
			"to": [6.875, 10.375, 7.875],
			"faces": {
				"north": {"uv": [6.875, 5.625, 6.75, 5.75], "texture": "#0"},
				"east": {"uv": [6.75, 5.625, 6.875, 5.75], "texture": "#0"},
				"south": {"uv": [6.75, 5.625, 6.875, 5.75], "texture": "#0"},
				"up": {"uv": [6.75, 5.625, 6.875, 5.75], "texture": "#0"},
				"down": {"uv": [6.75, 5.625, 6.875, 5.75], "texture": "#0"}
			}
		},
		{
			"name": "Layer 3_57",
			"from": [7.25, 10.25, 7.75],
			"to": [7.375, 10.375, 7.875],
			"faces": {
				"north": {"uv": [7.375, 5.625, 7.25, 5.75], "texture": "#0"},
				"south": {"uv": [7.25, 5.625, 7.375, 5.75], "texture": "#0"},
				"west": {"uv": [7.25, 5.625, 7.375, 5.75], "texture": "#0"}
			}
		},
		{
			"name": "Layer 3_58",
			"from": [7.375, 10.25, 7.75],
			"to": [7.5, 10.375, 7.875],
			"faces": {
				"north": {"uv": [7.5, 5.625, 7.375, 5.75], "texture": "#0"},
				"east": {"uv": [7.375, 5.625, 7.5, 5.75], "texture": "#0"},
				"south": {"uv": [7.375, 5.625, 7.5, 5.75], "texture": "#0"}
			}
		},
		{
			"name": "Layer 3_59",
			"from": [6.625, 10.125, 7.75],
			"to": [6.75, 10.25, 7.875],
			"faces": {
				"north": {"uv": [6.75, 5.75, 6.625, 5.875], "texture": "#0"},
				"east": {"uv": [6.625, 5.75, 6.75, 5.875], "texture": "#0"},
				"south": {"uv": [6.625, 5.75, 6.75, 5.875], "texture": "#0"},
				"west": {"uv": [6.625, 5.75, 6.75, 5.875], "texture": "#0"},
				"down": {"uv": [6.625, 5.75, 6.75, 5.875], "texture": "#0"}
			}
		},
		{
			"name": "Layer 3_60",
			"from": [6.75, 10.125, 7.8125],
			"to": [6.875, 10.25, 7.9375],
			"faces": {
				"north": {"uv": [6.875, 5.75, 6.75, 5.875], "texture": "#0"},
				"east": {"uv": [6.75, 5.75, 6.875, 5.875], "texture": "#0"},
				"south": {"uv": [6.75, 5.75, 6.875, 5.875], "texture": "#0"},
				"west": {"uv": [6.75, 5.75, 6.875, 5.875], "texture": "#0"},
				"up": {"uv": [6.75, 5.75, 6.875, 5.875], "texture": "#0"}
			}
		},
		{
			"name": "Layer 3_61",
			"from": [7.25, 10.125, 7.75],
			"to": [7.375, 10.25, 7.875],
			"faces": {
				"north": {"uv": [7.375, 5.75, 7.25, 5.875], "texture": "#0"},
				"south": {"uv": [7.25, 5.75, 7.375, 5.875], "texture": "#0"},
				"west": {"uv": [7.25, 5.75, 7.375, 5.875], "texture": "#0"}
			}
		},
		{
			"name": "Layer 3_62",
			"from": [7.375, 10.125, 7.75],
			"to": [7.5, 10.25, 7.875],
			"faces": {
				"north": {"uv": [7.5, 5.75, 7.375, 5.875], "texture": "#0"},
				"east": {"uv": [7.375, 5.75, 7.5, 5.875], "texture": "#0"},
				"south": {"uv": [7.375, 5.75, 7.5, 5.875], "texture": "#0"},
				"down": {"uv": [7.375, 5.75, 7.5, 5.875], "texture": "#0"}
			}
		},
		{
			"name": "Layer 3_63",
			"from": [6.75, 10, 7.8125],
			"to": [6.875, 10.125, 7.9375],
			"faces": {
				"north": {"uv": [6.875, 5.875, 6.75, 6], "texture": "#0"},
				"south": {"uv": [6.75, 5.875, 6.875, 6], "texture": "#0"},
				"west": {"uv": [6.75, 5.875, 6.875, 6], "texture": "#0"}
			}
		},
		{
			"name": "Layer 3_64",
			"from": [6.875, 10, 7.8125],
			"to": [7, 10.125, 7.9375],
			"faces": {
				"north": {"uv": [7, 5.875, 6.875, 6], "texture": "#0"},
				"east": {"uv": [6.875, 5.875, 7, 6], "texture": "#0"},
				"south": {"uv": [6.875, 5.875, 7, 6], "texture": "#0"},
				"up": {"uv": [6.875, 5.875, 7, 6], "texture": "#0"}
			}
		},
		{
			"name": "Layer 3_65",
			"from": [7.25, 10, 7.75],
			"to": [7.375, 10.125, 7.875],
			"faces": {
				"north": {"uv": [7.375, 5.875, 7.25, 6], "texture": "#0"},
				"east": {"uv": [7.25, 5.875, 7.375, 6], "texture": "#0"},
				"south": {"uv": [7.25, 5.875, 7.375, 6], "texture": "#0"},
				"west": {"uv": [7.25, 5.875, 7.375, 6], "texture": "#0"},
				"down": {"uv": [7.25, 5.875, 7.375, 6], "texture": "#0"}
			}
		},
		{
			"name": "Layer 3_66",
			"from": [7.375, 10, 7.8125],
			"to": [7.5, 10.125, 7.9375],
			"faces": {
				"north": {"uv": [7.5, 5.875, 7.375, 6], "texture": "#0"},
				"east": {"uv": [7.375, 5.875, 7.5, 6], "texture": "#0"},
				"south": {"uv": [7.375, 5.875, 7.5, 6], "texture": "#0"},
				"west": {"uv": [7.375, 5.875, 7.5, 6], "texture": "#0"},
				"up": {"uv": [7.375, 5.875, 7.5, 6], "texture": "#0"}
			}
		},
		{
			"name": "Layer 3_67",
			"from": [6.75, 9.875, 7.8125],
			"to": [6.875, 10, 7.9375],
			"faces": {
				"north": {"uv": [6.875, 6, 6.75, 6.125], "texture": "#0"},
				"south": {"uv": [6.75, 6, 6.875, 6.125], "texture": "#0"},
				"west": {"uv": [6.75, 6, 6.875, 6.125], "texture": "#0"}
			}
		},
		{
			"name": "Layer 3_68",
			"from": [6.875, 9.875, 7.8125],
			"to": [7, 10, 7.9375],
			"faces": {
				"north": {"uv": [7, 6, 6.875, 6.125], "texture": "#0"},
				"east": {"uv": [6.875, 6, 7, 6.125], "texture": "#0"},
				"south": {"uv": [6.875, 6, 7, 6.125], "texture": "#0"}
			}
		},
		{
			"name": "Layer 3_69",
			"from": [7.25, 9.875, 7.8125],
			"to": [7.375, 10, 7.9375],
			"faces": {
				"north": {"uv": [7.375, 6, 7.25, 6.125], "texture": "#0"},
				"south": {"uv": [7.25, 6, 7.375, 6.125], "texture": "#0"},
				"west": {"uv": [7.25, 6, 7.375, 6.125], "texture": "#0"},
				"up": {"uv": [7.25, 6, 7.375, 6.125], "texture": "#0"}
			}
		},
		{
			"name": "Layer 3_70",
			"from": [7.375, 9.875, 7.8125],
			"to": [7.5, 10, 7.9375],
			"faces": {
				"north": {"uv": [7.5, 6, 7.375, 6.125], "texture": "#0"},
				"east": {"uv": [7.375, 6, 7.5, 6.125], "texture": "#0"},
				"south": {"uv": [7.375, 6, 7.5, 6.125], "texture": "#0"}
			}
		},
		{
			"name": "Layer 3_71",
			"from": [6.75, 9.75, 7.8125],
			"to": [6.875, 9.875, 7.9375],
			"faces": {
				"north": {"uv": [6.875, 6.125, 6.75, 6.25], "texture": "#0"},
				"south": {"uv": [6.75, 6.125, 6.875, 6.25], "texture": "#0"},
				"west": {"uv": [6.75, 6.125, 6.875, 6.25], "texture": "#0"},
				"down": {"uv": [6.75, 6.125, 6.875, 6.25], "texture": "#0"}
			}
		},
		{
			"name": "Layer 3_72",
			"from": [6.875, 9.75, 7.8125],
			"to": [7, 9.875, 7.9375],
			"faces": {
				"north": {"uv": [7, 6.125, 6.875, 6.25], "texture": "#0"},
				"south": {"uv": [6.875, 6.125, 7, 6.25], "texture": "#0"}
			}
		},
		{
			"name": "Layer 3_73",
			"from": [7, 9.75, 7.8125],
			"to": [7.125, 9.875, 7.9375],
			"faces": {
				"north": {"uv": [7.125, 6.125, 7, 6.25], "texture": "#0"},
				"east": {"uv": [7, 6.125, 7.125, 6.25], "texture": "#0"},
				"south": {"uv": [7, 6.125, 7.125, 6.25], "texture": "#0"},
				"up": {"uv": [7, 6.125, 7.125, 6.25], "texture": "#0"}
			}
		},
		{
			"name": "Layer 3_74",
			"from": [7.25, 9.75, 7.8125],
			"to": [7.375, 9.875, 7.9375],
			"faces": {
				"north": {"uv": [7.375, 6.125, 7.25, 6.25], "texture": "#0"},
				"south": {"uv": [7.25, 6.125, 7.375, 6.25], "texture": "#0"},
				"west": {"uv": [7.25, 6.125, 7.375, 6.25], "texture": "#0"}
			}
		},
		{
			"name": "Layer 3_75",
			"from": [7.375, 9.75, 7.8125],
			"to": [7.5, 9.875, 7.9375],
			"faces": {
				"north": {"uv": [7.5, 6.125, 7.375, 6.25], "texture": "#0"},
				"east": {"uv": [7.375, 6.125, 7.5, 6.25], "texture": "#0"},
				"south": {"uv": [7.375, 6.125, 7.5, 6.25], "texture": "#0"}
			}
		},
		{
			"name": "Layer 3_76",
			"from": [6.875, 9.625, 7.8125],
			"to": [7, 9.75, 7.9375],
			"faces": {
				"north": {"uv": [7, 6.25, 6.875, 6.375], "texture": "#0"},
				"south": {"uv": [6.875, 6.25, 7, 6.375], "texture": "#0"},
				"west": {"uv": [6.875, 6.25, 7, 6.375], "texture": "#0"}
			}
		},
		{
			"name": "Layer 3_77",
			"from": [7, 9.625, 7.8125],
			"to": [7.125, 9.75, 7.9375],
			"faces": {
				"north": {"uv": [7.125, 6.25, 7, 6.375], "texture": "#0"},
				"south": {"uv": [7, 6.25, 7.125, 6.375], "texture": "#0"}
			}
		},
		{
			"name": "Layer 3_78",
			"from": [7.125, 9.625, 7.8125],
			"to": [7.25, 9.75, 7.9375],
			"faces": {
				"north": {"uv": [7.25, 6.25, 7.125, 6.375], "texture": "#0"},
				"south": {"uv": [7.125, 6.25, 7.25, 6.375], "texture": "#0"},
				"up": {"uv": [7.125, 6.25, 7.25, 6.375], "texture": "#0"}
			}
		},
		{
			"name": "Layer 3_79",
			"from": [7.25, 9.625, 7.8125],
			"to": [7.375, 9.75, 7.9375],
			"faces": {
				"north": {"uv": [7.375, 6.25, 7.25, 6.375], "texture": "#0"},
				"south": {"uv": [7.25, 6.25, 7.375, 6.375], "texture": "#0"}
			}
		},
		{
			"name": "Layer 3_80",
			"from": [7.375, 9.625, 7.8125],
			"to": [7.5, 9.75, 7.9375],
			"faces": {
				"north": {"uv": [7.5, 6.25, 7.375, 6.375], "texture": "#0"},
				"east": {"uv": [7.375, 6.25, 7.5, 6.375], "texture": "#0"},
				"south": {"uv": [7.375, 6.25, 7.5, 6.375], "texture": "#0"}
			}
		},
		{
			"name": "Layer 3_81",
			"from": [6.875, 9.5, 7.8125],
			"to": [7, 9.625, 7.9375],
			"faces": {
				"north": {"uv": [7, 6.375, 6.875, 6.5], "texture": "#0"},
				"south": {"uv": [6.875, 6.375, 7, 6.5], "texture": "#0"},
				"west": {"uv": [6.875, 6.375, 7, 6.5], "texture": "#0"}
			}
		},
		{
			"name": "Layer 3_82",
			"from": [7, 9.5, 7.8125],
			"to": [7.125, 9.625, 7.9375],
			"faces": {
				"north": {"uv": [7.125, 6.375, 7, 6.5], "texture": "#0"},
				"south": {"uv": [7, 6.375, 7.125, 6.5], "texture": "#0"}
			}
		},
		{
			"name": "Layer 3_83",
			"from": [7.125, 9.5, 7.8125],
			"to": [7.25, 9.625, 7.9375],
			"faces": {
				"north": {"uv": [7.25, 6.375, 7.125, 6.5], "texture": "#0"},
				"south": {"uv": [7.125, 6.375, 7.25, 6.5], "texture": "#0"}
			}
		},
		{
			"name": "Layer 3_84",
			"from": [7.25, 9.5, 7.8125],
			"to": [7.375, 9.625, 7.9375],
			"faces": {
				"north": {"uv": [7.375, 6.375, 7.25, 6.5], "texture": "#0"},
				"south": {"uv": [7.25, 6.375, 7.375, 6.5], "texture": "#0"}
			}
		},
		{
			"name": "Layer 3_85",
			"from": [7.375, 9.5, 7.8125],
			"to": [7.5, 9.625, 7.9375],
			"faces": {
				"north": {"uv": [7.5, 6.375, 7.375, 6.5], "texture": "#0"},
				"east": {"uv": [7.375, 6.375, 7.5, 6.5], "texture": "#0"},
				"south": {"uv": [7.375, 6.375, 7.5, 6.5], "texture": "#0"},
				"down": {"uv": [7.375, 6.375, 7.5, 6.5], "texture": "#0"}
			}
		},
		{
			"name": "Layer 3_86",
			"from": [6.875, 9.375, 7.8125],
			"to": [7, 9.5, 7.9375],
			"faces": {
				"north": {"uv": [7, 6.5, 6.875, 6.625], "texture": "#0"},
				"south": {"uv": [6.875, 6.5, 7, 6.625], "texture": "#0"},
				"west": {"uv": [6.875, 6.5, 7, 6.625], "texture": "#0"},
				"down": {"uv": [6.875, 6.5, 7, 6.625], "texture": "#0"}
			}
		},
		{
			"name": "Layer 3_87",
			"from": [7, 9.375, 7.8125],
			"to": [7.125, 9.5, 7.9375],
			"faces": {
				"north": {"uv": [7.125, 6.5, 7, 6.625], "texture": "#0"},
				"south": {"uv": [7, 6.5, 7.125, 6.625], "texture": "#0"}
			}
		},
		{
			"name": "Layer 3_88",
			"from": [7.125, 9.375, 7.8125],
			"to": [7.25, 9.5, 7.9375],
			"faces": {
				"north": {"uv": [7.25, 6.5, 7.125, 6.625], "texture": "#0"},
				"south": {"uv": [7.125, 6.5, 7.25, 6.625], "texture": "#0"}
			}
		},
		{
			"name": "Layer 3_89",
			"from": [7.25, 9.375, 7.8125],
			"to": [7.375, 9.5, 7.9375],
			"faces": {
				"north": {"uv": [7.375, 6.5, 7.25, 6.625], "texture": "#0"},
				"east": {"uv": [7.25, 6.5, 7.375, 6.625], "texture": "#0"},
				"south": {"uv": [7.25, 6.5, 7.375, 6.625], "texture": "#0"}
			}
		},
		{
			"name": "Layer 3_90",
			"from": [7, 9.25, 7.8125],
			"to": [7.125, 9.375, 7.9375],
			"faces": {
				"north": {"uv": [7.125, 6.625, 7, 6.75], "texture": "#0"},
				"south": {"uv": [7, 6.625, 7.125, 6.75], "texture": "#0"},
				"west": {"uv": [7, 6.625, 7.125, 6.75], "texture": "#0"}
			}
		},
		{
			"name": "Layer 3_91",
			"from": [7.125, 9.25, 7.8125],
			"to": [7.25, 9.375, 7.9375],
			"faces": {
				"north": {"uv": [7.25, 6.625, 7.125, 6.75], "texture": "#0"},
				"south": {"uv": [7.125, 6.625, 7.25, 6.75], "texture": "#0"}
			}
		},
		{
			"name": "Layer 3_92",
			"from": [7.25, 9.25, 7.8125],
			"to": [7.375, 9.375, 7.9375],
			"faces": {
				"north": {"uv": [7.375, 6.625, 7.25, 6.75], "texture": "#0"},
				"east": {"uv": [7.25, 6.625, 7.375, 6.75], "texture": "#0"},
				"south": {"uv": [7.25, 6.625, 7.375, 6.75], "texture": "#0"},
				"down": {"uv": [7.25, 6.625, 7.375, 6.75], "texture": "#0"}
			}
		},
		{
			"name": "Layer 3_93",
			"from": [7, 9.125, 7.8125],
			"to": [7.125, 9.25, 7.9375],
			"faces": {
				"north": {"uv": [7.125, 6.75, 7, 6.875], "texture": "#0"},
				"south": {"uv": [7, 6.75, 7.125, 6.875], "texture": "#0"},
				"west": {"uv": [7, 6.75, 7.125, 6.875], "texture": "#0"}
			}
		},
		{
			"name": "Layer 3_94",
			"from": [7.125, 9.125, 7.8125],
			"to": [7.25, 9.25, 7.9375],
			"faces": {
				"north": {"uv": [7.25, 6.75, 7.125, 6.875], "texture": "#0"},
				"east": {"uv": [7.125, 6.75, 7.25, 6.875], "texture": "#0"},
				"south": {"uv": [7.125, 6.75, 7.25, 6.875], "texture": "#0"}
			}
		},
		{
			"name": "Layer 3_95",
			"from": [6.875, 9, 7.8125],
			"to": [7, 9.125, 7.9375],
			"faces": {
				"north": {"uv": [7, 6.875, 6.875, 7], "texture": "#0"},
				"south": {"uv": [6.875, 6.875, 7, 7], "texture": "#0"},
				"west": {"uv": [6.875, 6.875, 7, 7], "texture": "#0"},
				"up": {"uv": [6.875, 6.875, 7, 7], "texture": "#0"},
				"down": {"uv": [6.875, 6.875, 7, 7], "texture": "#0"}
			}
		},
		{
			"name": "Layer 3_96",
			"from": [7, 9, 7.8125],
			"to": [7.125, 9.125, 7.9375],
			"faces": {
				"north": {"uv": [7.125, 6.875, 7, 7], "texture": "#0"},
				"south": {"uv": [7, 6.875, 7.125, 7], "texture": "#0"},
				"down": {"uv": [7, 6.875, 7.125, 7], "texture": "#0"}
			}
		},
		{
			"name": "Layer 3_97",
			"from": [7.125, 9, 7.8125],
			"to": [7.25, 9.125, 7.9375],
			"faces": {
				"north": {"uv": [7.25, 6.875, 7.125, 7], "texture": "#0"},
				"east": {"uv": [7.125, 6.875, 7.25, 7], "texture": "#0"},
				"south": {"uv": [7.125, 6.875, 7.25, 7], "texture": "#0"}
			}
		},
		{
			"name": "Layer 3_98",
			"from": [6.875, 8.875, 7.875],
			"to": [7, 9, 8],
			"faces": {
				"north": {"uv": [7, 7, 6.875, 7.125], "texture": "#0"},
				"south": {"uv": [6.875, 7, 7, 7.125], "texture": "#0"},
				"west": {"uv": [6.875, 7, 7, 7.125], "texture": "#0"},
				"up": {"uv": [6.875, 7, 7, 7.125], "texture": "#0"}
			}
		},
		{
			"name": "Layer 3_99",
			"from": [7, 8.875, 7.875],
			"to": [7.125, 9, 8],
			"faces": {
				"north": {"uv": [7.125, 7, 7, 7.125], "texture": "#0"},
				"east": {"uv": [7, 7, 7.125, 7.125], "texture": "#0"},
				"south": {"uv": [7, 7, 7.125, 7.125], "texture": "#0"},
				"up": {"uv": [7, 7, 7.125, 7.125], "texture": "#0"}
			}
		},
		{
			"name": "Layer 3_100",
			"from": [7.125, 8.875, 7.8125],
			"to": [7.25, 9, 7.9375],
			"faces": {
				"north": {"uv": [7.25, 7, 7.125, 7.125], "texture": "#0"},
				"east": {"uv": [7.125, 7, 7.25, 7.125], "texture": "#0"},
				"south": {"uv": [7.125, 7, 7.25, 7.125], "texture": "#0"},
				"west": {"uv": [7.125, 7, 7.25, 7.125], "texture": "#0"},
				"down": {"uv": [7.125, 7, 7.25, 7.125], "texture": "#0"}
			}
		},
		{
			"name": "Layer 3_101",
			"from": [6.875, 8.75, 7.875],
			"to": [7, 8.875, 8],
			"faces": {
				"north": {"uv": [7, 7.125, 6.875, 7.25], "texture": "#0"},
				"south": {"uv": [6.875, 7.125, 7, 7.25], "texture": "#0"},
				"west": {"uv": [6.875, 7.125, 7, 7.25], "texture": "#0"}
			}
		},
		{
			"name": "Layer 3_102",
			"from": [7, 8.75, 7.875],
			"to": [7.125, 8.875, 8],
			"faces": {
				"north": {"uv": [7.125, 7.125, 7, 7.25], "texture": "#0"},
				"south": {"uv": [7, 7.125, 7.125, 7.25], "texture": "#0"}
			}
		},
		{
			"name": "Layer 3_103",
			"from": [7.125, 8.75, 7.875],
			"to": [7.25, 8.875, 8],
			"faces": {
				"north": {"uv": [7.25, 7.125, 7.125, 7.25], "texture": "#0"},
				"east": {"uv": [7.125, 7.125, 7.25, 7.25], "texture": "#0"},
				"south": {"uv": [7.125, 7.125, 7.25, 7.25], "texture": "#0"},
				"up": {"uv": [7.125, 7.125, 7.25, 7.25], "texture": "#0"},
				"down": {"uv": [7.125, 7.125, 7.25, 7.25], "texture": "#0"}
			}
		},
		{
			"name": "Layer 3_104",
			"from": [6.75, 8.625, 7.875],
			"to": [6.875, 8.75, 8],
			"faces": {
				"north": {"uv": [6.875, 7.25, 6.75, 7.375], "texture": "#0"},
				"south": {"uv": [6.75, 7.25, 6.875, 7.375], "texture": "#0"},
				"west": {"uv": [6.75, 7.25, 6.875, 7.375], "texture": "#0"},
				"up": {"uv": [6.75, 7.25, 6.875, 7.375], "texture": "#0"}
			}
		},
		{
			"name": "Layer 3_105",
			"from": [6.875, 8.625, 7.875],
			"to": [7, 8.75, 8],
			"faces": {
				"north": {"uv": [7, 7.25, 6.875, 7.375], "texture": "#0"},
				"south": {"uv": [6.875, 7.25, 7, 7.375], "texture": "#0"}
			}
		},
		{
			"name": "Layer 3_106",
			"from": [7, 8.625, 7.875],
			"to": [7.125, 8.75, 8],
			"faces": {
				"north": {"uv": [7.125, 7.25, 7, 7.375], "texture": "#0"},
				"east": {"uv": [7, 7.25, 7.125, 7.375], "texture": "#0"},
				"south": {"uv": [7, 7.25, 7.125, 7.375], "texture": "#0"}
			}
		},
		{
			"name": "Layer 3_107",
			"from": [6.75, 8.5, 7.875],
			"to": [6.875, 8.625, 8],
			"faces": {
				"north": {"uv": [6.875, 7.375, 6.75, 7.5], "texture": "#0"},
				"south": {"uv": [6.75, 7.375, 6.875, 7.5], "texture": "#0"},
				"west": {"uv": [6.75, 7.375, 6.875, 7.5], "texture": "#0"}
			}
		},
		{
			"name": "Layer 3_108",
			"from": [6.875, 8.5, 7.875],
			"to": [7, 8.625, 8],
			"faces": {
				"north": {"uv": [7, 7.375, 6.875, 7.5], "texture": "#0"},
				"south": {"uv": [6.875, 7.375, 7, 7.5], "texture": "#0"}
			}
		},
		{
			"name": "Layer 3_109",
			"from": [7, 8.5, 7.875],
			"to": [7.125, 8.625, 8],
			"faces": {
				"north": {"uv": [7.125, 7.375, 7, 7.5], "texture": "#0"},
				"east": {"uv": [7, 7.375, 7.125, 7.5], "texture": "#0"},
				"south": {"uv": [7, 7.375, 7.125, 7.5], "texture": "#0"}
			}
		},
		{
			"name": "Layer 3_110",
			"from": [6.75, 8.375, 7.875],
			"to": [6.875, 8.5, 8],
			"faces": {
				"north": {"uv": [6.875, 7.5, 6.75, 7.625], "texture": "#0"},
				"south": {"uv": [6.75, 7.5, 6.875, 7.625], "texture": "#0"},
				"west": {"uv": [6.75, 7.5, 6.875, 7.625], "texture": "#0"}
			}
		},
		{
			"name": "Layer 3_111",
			"from": [6.875, 8.375, 7.875],
			"to": [7, 8.5, 8],
			"faces": {
				"north": {"uv": [7, 7.5, 6.875, 7.625], "texture": "#0"},
				"south": {"uv": [6.875, 7.5, 7, 7.625], "texture": "#0"}
			}
		},
		{
			"name": "Layer 3_112",
			"from": [7, 8.375, 7.875],
			"to": [7.125, 8.5, 8],
			"faces": {
				"north": {"uv": [7.125, 7.5, 7, 7.625], "texture": "#0"},
				"east": {"uv": [7, 7.5, 7.125, 7.625], "texture": "#0"},
				"south": {"uv": [7, 7.5, 7.125, 7.625], "texture": "#0"}
			}
		},
		{
			"name": "Layer 3_113",
			"from": [6.75, 8.25, 7.875],
			"to": [6.875, 8.375, 8],
			"faces": {
				"north": {"uv": [6.875, 7.625, 6.75, 7.75], "texture": "#0"},
				"south": {"uv": [6.75, 7.625, 6.875, 7.75], "texture": "#0"},
				"west": {"uv": [6.75, 7.625, 6.875, 7.75], "texture": "#0"}
			}
		},
		{
			"name": "Layer 3_114",
			"from": [6.875, 8.25, 7.875],
			"to": [7, 8.375, 8],
			"faces": {
				"north": {"uv": [7, 7.625, 6.875, 7.75], "texture": "#0"},
				"south": {"uv": [6.875, 7.625, 7, 7.75], "texture": "#0"}
			}
		},
		{
			"name": "Layer 3_115",
			"from": [7, 8.25, 7.875],
			"to": [7.125, 8.375, 8],
			"faces": {
				"north": {"uv": [7.125, 7.625, 7, 7.75], "texture": "#0"},
				"east": {"uv": [7, 7.625, 7.125, 7.75], "texture": "#0"},
				"south": {"uv": [7, 7.625, 7.125, 7.75], "texture": "#0"}
			}
		},
		{
			"name": "Layer 3_116",
			"from": [6.75, 8.125, 7.875],
			"to": [6.875, 8.25, 8],
			"faces": {
				"north": {"uv": [6.875, 7.75, 6.75, 7.875], "texture": "#0"},
				"south": {"uv": [6.75, 7.75, 6.875, 7.875], "texture": "#0"},
				"west": {"uv": [6.75, 7.75, 6.875, 7.875], "texture": "#0"},
				"down": {"uv": [6.75, 7.75, 6.875, 7.875], "texture": "#0"}
			}
		},
		{
			"name": "Layer 3_117",
			"from": [6.875, 8.125, 7.875],
			"to": [7, 8.25, 8],
			"faces": {
				"north": {"uv": [7, 7.75, 6.875, 7.875], "texture": "#0"},
				"south": {"uv": [6.875, 7.75, 7, 7.875], "texture": "#0"}
			}
		},
		{
			"name": "Layer 3_118",
			"from": [7, 8.125, 7.875],
			"to": [7.125, 8.25, 8],
			"faces": {
				"north": {"uv": [7.125, 7.75, 7, 7.875], "texture": "#0"},
				"east": {"uv": [7, 7.75, 7.125, 7.875], "texture": "#0"},
				"south": {"uv": [7, 7.75, 7.125, 7.875], "texture": "#0"}
			}
		},
		{
			"name": "Layer 3_119",
			"from": [6.875, 8, 7.875],
			"to": [7, 8.125, 8],
			"faces": {
				"north": {"uv": [7, 7.875, 6.875, 8], "texture": "#0"},
				"south": {"uv": [6.875, 7.875, 7, 8], "texture": "#0"},
				"west": {"uv": [6.875, 7.875, 7, 8], "texture": "#0"}
			}
		},
		{
			"name": "Layer 3_120",
			"from": [7, 8, 7.875],
			"to": [7.125, 8.125, 8],
			"faces": {
				"north": {"uv": [7.125, 7.875, 7, 8], "texture": "#0"},
				"east": {"uv": [7, 7.875, 7.125, 8], "texture": "#0"},
				"south": {"uv": [7, 7.875, 7.125, 8], "texture": "#0"},
				"down": {"uv": [7, 7.875, 7.125, 8], "texture": "#0"}
			}
		},
		{
			"name": "Layer 3_121",
			"from": [7.125, 8, 7.9375],
			"to": [7.25, 8.125, 8.0625],
			"faces": {
				"north": {"uv": [7.25, 7.875, 7.125, 8], "texture": "#0"},
				"east": {"uv": [7.125, 7.875, 7.25, 8], "texture": "#0"},
				"south": {"uv": [7.125, 7.875, 7.25, 8], "texture": "#0"},
				"west": {"uv": [7.125, 7.875, 7.25, 8], "texture": "#0"},
				"up": {"uv": [7.125, 7.875, 7.25, 8], "texture": "#0"}
			}
		},
		{
			"name": "Layer 3_122",
			"from": [6.875, 7.875, 7.875],
			"to": [7, 8, 8],
			"faces": {
				"north": {"uv": [7, 8, 6.875, 8.125], "texture": "#0"},
				"east": {"uv": [6.875, 8, 7, 8.125], "texture": "#0"},
				"south": {"uv": [6.875, 8, 7, 8.125], "texture": "#0"},
				"west": {"uv": [6.875, 8, 7, 8.125], "texture": "#0"},
				"down": {"uv": [6.875, 8, 7, 8.125], "texture": "#0"}
			}
		},
		{
			"name": "Layer 3_123",
			"from": [7, 7.875, 7.9375],
			"to": [7.125, 8, 8.0625],
			"faces": {
				"north": {"uv": [7.125, 8, 7, 8.125], "texture": "#0"},
				"south": {"uv": [7, 8, 7.125, 8.125], "texture": "#0"},
				"west": {"uv": [7, 8, 7.125, 8.125], "texture": "#0"},
				"up": {"uv": [7, 8, 7.125, 8.125], "texture": "#0"}
			}
		},
		{
			"name": "Layer 3_124",
			"from": [7.125, 7.875, 7.9375],
			"to": [7.25, 8, 8.0625],
			"faces": {
				"north": {"uv": [7.25, 8, 7.125, 8.125], "texture": "#0"},
				"east": {"uv": [7.125, 8, 7.25, 8.125], "texture": "#0"},
				"south": {"uv": [7.125, 8, 7.25, 8.125], "texture": "#0"}
			}
		},
		{
			"name": "Layer 3_125",
			"from": [7, 7.75, 7.9375],
			"to": [7.125, 7.875, 8.0625],
			"faces": {
				"north": {"uv": [7.125, 8.125, 7, 8.25], "texture": "#0"},
				"south": {"uv": [7, 8.125, 7.125, 8.25], "texture": "#0"},
				"west": {"uv": [7, 8.125, 7.125, 8.25], "texture": "#0"},
				"down": {"uv": [7, 8.125, 7.125, 8.25], "texture": "#0"}
			}
		},
		{
			"name": "Layer 3_126",
			"from": [7.125, 7.75, 7.9375],
			"to": [7.25, 7.875, 8.0625],
			"faces": {
				"north": {"uv": [7.25, 8.125, 7.125, 8.25], "texture": "#0"},
				"south": {"uv": [7.125, 8.125, 7.25, 8.25], "texture": "#0"}
			}
		},
		{
			"name": "Layer 3_127",
			"from": [7.25, 7.75, 7.9375],
			"to": [7.375, 7.875, 8.0625],
			"faces": {
				"north": {"uv": [7.375, 8.125, 7.25, 8.25], "texture": "#0"},
				"east": {"uv": [7.25, 8.125, 7.375, 8.25], "texture": "#0"},
				"south": {"uv": [7.25, 8.125, 7.375, 8.25], "texture": "#0"},
				"up": {"uv": [7.25, 8.125, 7.375, 8.25], "texture": "#0"}
			}
		},
		{
			"name": "Layer 3_128",
			"from": [7.125, 7.625, 7.9375],
			"to": [7.25, 7.75, 8.0625],
			"faces": {
				"north": {"uv": [7.25, 8.25, 7.125, 8.375], "texture": "#0"},
				"south": {"uv": [7.125, 8.25, 7.25, 8.375], "texture": "#0"},
				"west": {"uv": [7.125, 8.25, 7.25, 8.375], "texture": "#0"}
			}
		},
		{
			"name": "Layer 3_129",
			"from": [7.25, 7.625, 7.9375],
			"to": [7.375, 7.75, 8.0625],
			"faces": {
				"north": {"uv": [7.375, 8.25, 7.25, 8.375], "texture": "#0"},
				"south": {"uv": [7.25, 8.25, 7.375, 8.375], "texture": "#0"}
			}
		},
		{
			"name": "Layer 3_130",
			"from": [7.375, 7.625, 7.9375],
			"to": [7.5, 7.75, 8.0625],
			"faces": {
				"north": {"uv": [7.5, 8.25, 7.375, 8.375], "texture": "#0"},
				"east": {"uv": [7.375, 8.25, 7.5, 8.375], "texture": "#0"},
				"south": {"uv": [7.375, 8.25, 7.5, 8.375], "texture": "#0"},
				"up": {"uv": [7.375, 8.25, 7.5, 8.375], "texture": "#0"},
				"down": {"uv": [7.375, 8.25, 7.5, 8.375], "texture": "#0"}
			}
		},
		{
			"name": "Layer 3_131",
			"from": [7.125, 7.5, 7.9375],
			"to": [7.25, 7.625, 8.0625],
			"faces": {
				"north": {"uv": [7.25, 8.375, 7.125, 8.5], "texture": "#0"},
				"south": {"uv": [7.125, 8.375, 7.25, 8.5], "texture": "#0"},
				"west": {"uv": [7.125, 8.375, 7.25, 8.5], "texture": "#0"},
				"down": {"uv": [7.125, 8.375, 7.25, 8.5], "texture": "#0"}
			}
		},
		{
			"name": "Layer 3_132",
			"from": [7.25, 7.5, 7.9375],
			"to": [7.375, 7.625, 8.0625],
			"faces": {
				"north": {"uv": [7.375, 8.375, 7.25, 8.5], "texture": "#0"},
				"east": {"uv": [7.25, 8.375, 7.375, 8.5], "texture": "#0"},
				"south": {"uv": [7.25, 8.375, 7.375, 8.5], "texture": "#0"},
				"down": {"uv": [7.25, 8.375, 7.375, 8.5], "texture": "#0"}
			}
		},
		{
			"name": "Layer 3_133",
			"from": [7.375, 7.5, 8],
			"to": [7.5, 7.625, 8.125],
			"faces": {
				"north": {"uv": [7.5, 8.375, 7.375, 8.5], "texture": "#0"},
				"south": {"uv": [7.375, 8.375, 7.5, 8.5], "texture": "#0"},
				"west": {"uv": [7.375, 8.375, 7.5, 8.5], "texture": "#0"},
				"up": {"uv": [7.375, 8.375, 7.5, 8.5], "texture": "#0"}
			}
		},
		{
			"name": "Layer 3_134",
			"from": [7.5, 7.5, 8],
			"to": [7.625, 7.625, 8.125],
			"faces": {
				"north": {"uv": [7.625, 8.375, 7.5, 8.5], "texture": "#0"},
				"south": {"uv": [7.5, 8.375, 7.625, 8.5], "texture": "#0"},
				"up": {"uv": [7.5, 8.375, 7.625, 8.5], "texture": "#0"}
			}
		},
		{
			"name": "Layer 3_135",
			"from": [7.25, 7.375, 8],
			"to": [7.375, 7.5, 8.125],
			"faces": {
				"north": {"uv": [7.375, 8.5, 7.25, 8.625], "texture": "#0"},
				"south": {"uv": [7.25, 8.5, 7.375, 8.625], "texture": "#0"},
				"west": {"uv": [7.25, 8.5, 7.375, 8.625], "texture": "#0"},
				"up": {"uv": [7.25, 8.5, 7.375, 8.625], "texture": "#0"},
				"down": {"uv": [7.25, 8.5, 7.375, 8.625], "texture": "#0"}
			}
		},
		{
			"name": "Layer 3_136",
			"from": [7.375, 7.375, 8],
			"to": [7.5, 7.5, 8.125],
			"faces": {
				"north": {"uv": [7.5, 8.5, 7.375, 8.625], "texture": "#0"},
				"south": {"uv": [7.375, 8.5, 7.5, 8.625], "texture": "#0"}
			}
		},
		{
			"name": "Layer 3_137",
			"from": [7.5, 7.375, 7.8125],
			"to": [7.625, 7.5, 8.3125],
			"faces": {
				"north": {"uv": [7.625, 8.5, 7.5, 8.625], "texture": "#0"},
				"south": {"uv": [7.5, 8.5, 7.625, 8.625], "texture": "#0"},
				"west": {"uv": [7.5, 8.5, 7.625, 8.625], "texture": "#0"},
				"up": {"uv": [7.5, 8.5, 7.625, 8.625], "texture": "#0"}
			}
		},
		{
			"name": "Layer 3_138",
			"from": [7.625, 7.375, 7.8125],
			"to": [7.75, 7.5, 8.3125],
			"faces": {
				"north": {"uv": [7.75, 8.5, 7.625, 8.625], "texture": "#0"},
				"south": {"uv": [7.625, 8.5, 7.75, 8.625], "texture": "#0"},
				"up": {"uv": [7.625, 8.5, 7.75, 8.625], "texture": "#0"}
			}
		},
		{
			"name": "Layer 3_139",
			"from": [7.75, 7.375, 7.8125],
			"to": [7.875, 7.5, 8.3125],
			"faces": {
				"north": {"uv": [7.875, 8.5, 7.75, 8.625], "texture": "#0"},
				"south": {"uv": [7.75, 8.5, 7.875, 8.625], "texture": "#0"},
				"up": {"uv": [7.75, 8.5, 7.875, 8.625], "texture": "#0"}
			}
		},
		{
			"name": "Layer 3_140",
			"from": [7.875, 7.375, 7.8125],
			"to": [8, 7.5, 8.3125],
			"faces": {
				"north": {"uv": [8, 8.5, 7.875, 8.625], "texture": "#0"},
				"south": {"uv": [7.875, 8.5, 8, 8.625], "texture": "#0"},
				"up": {"uv": [7.875, 8.5, 8, 8.625], "texture": "#0"}
			}
		},
		{
			"name": "Layer 3_141",
			"from": [8, 7.375, 7.8125],
			"to": [8.125, 7.5, 8.3125],
			"faces": {
				"north": {"uv": [8.125, 8.5, 8, 8.625], "texture": "#0"},
				"south": {"uv": [8, 8.5, 8.125, 8.625], "texture": "#0"},
				"up": {"uv": [8, 8.5, 8.125, 8.625], "texture": "#0"}
			}
		},
		{
			"name": "Layer 3_142",
			"from": [8.125, 7.375, 7.8125],
			"to": [8.25, 7.5, 8.3125],
			"faces": {
				"north": {"uv": [8.25, 8.5, 8.125, 8.625], "texture": "#0"},
				"south": {"uv": [8.125, 8.5, 8.25, 8.625], "texture": "#0"},
				"up": {"uv": [8.125, 8.5, 8.25, 8.625], "texture": "#0"}
			}
		},
		{
			"name": "Layer 3_143",
			"from": [8.25, 7.375, 7.8125],
			"to": [8.375, 7.5, 8.3125],
			"faces": {
				"north": {"uv": [8.375, 8.5, 8.25, 8.625], "texture": "#0"},
				"south": {"uv": [8.25, 8.5, 8.375, 8.625], "texture": "#0"},
				"up": {"uv": [8.25, 8.5, 8.375, 8.625], "texture": "#0"}
			}
		},
		{
			"name": "Layer 3_144",
			"from": [8.375, 7.375, 7.8125],
			"to": [8.5, 7.5, 8.3125],
			"faces": {
				"north": {"uv": [8.5, 8.5, 8.375, 8.625], "texture": "#0"},
				"east": {"uv": [8.375, 8.5, 8.5, 8.625], "texture": "#0"},
				"south": {"uv": [8.375, 8.5, 8.5, 8.625], "texture": "#0"},
				"up": {"uv": [8.375, 8.5, 8.5, 8.625], "texture": "#0"}
			}
		},
		{
			"name": "Layer 3_145",
			"from": [7.375, 7.25, 8],
			"to": [7.5, 7.375, 8.125],
			"faces": {
				"north": {"uv": [7.5, 8.625, 7.375, 8.75], "texture": "#0"},
				"south": {"uv": [7.375, 8.625, 7.5, 8.75], "texture": "#0"},
				"west": {"uv": [7.375, 8.625, 7.5, 8.75], "texture": "#0"},
				"down": {"uv": [7.375, 8.625, 7.5, 8.75], "texture": "#0"}
			}
		},
		{
			"name": "Layer 3_146",
			"from": [7.5, 7.25, 7.8125],
			"to": [7.625, 7.375, 8.3125],
			"faces": {
				"north": {"uv": [7.625, 8.625, 7.5, 8.75], "texture": "#0"},
				"south": {"uv": [7.5, 8.625, 7.625, 8.75], "texture": "#0"},
				"west": {"uv": [7.5, 8.625, 7.625, 8.75], "texture": "#0"}
			}
		},
		{
			"name": "Layer 3_147",
			"from": [7.625, 7.25, 7.8125],
			"to": [7.75, 7.375, 8.3125],
			"faces": {
				"north": {"uv": [7.75, 8.625, 7.625, 8.75], "texture": "#0"},
				"south": {"uv": [7.625, 8.625, 7.75, 8.75], "texture": "#0"}
			}
		},
		{
			"name": "Layer 3_148",
			"from": [7.75, 7.25, 7.8125],
			"to": [7.875, 7.375, 8.3125],
			"faces": {
				"north": {"uv": [7.875, 8.625, 7.75, 8.75], "texture": "#0"},
				"south": {"uv": [7.75, 8.625, 7.875, 8.75], "texture": "#0"}
			}
		},
		{
			"name": "Layer 3_149",
			"from": [7.875, 7.25, 7.8125],
			"to": [8, 7.375, 8.3125],
			"faces": {
				"north": {"uv": [8, 8.625, 7.875, 8.75], "texture": "#0"},
				"south": {"uv": [7.875, 8.625, 8, 8.75], "texture": "#0"}
			}
		},
		{
			"name": "Layer 3_150",
			"from": [8, 7.25, 7.8125],
			"to": [8.125, 7.375, 8.3125],
			"faces": {
				"north": {"uv": [8.125, 8.625, 8, 8.75], "texture": "#0"},
				"south": {"uv": [8, 8.625, 8.125, 8.75], "texture": "#0"}
			}
		},
		{
			"name": "Layer 3_151",
			"from": [8.125, 7.25, 7.8125],
			"to": [8.25, 7.375, 8.3125],
			"faces": {
				"north": {"uv": [8.25, 8.625, 8.125, 8.75], "texture": "#0"},
				"south": {"uv": [8.125, 8.625, 8.25, 8.75], "texture": "#0"}
			}
		},
		{
			"name": "Layer 3_152",
			"from": [8.25, 7.25, 7.8125],
			"to": [8.375, 7.375, 8.3125],
			"faces": {
				"north": {"uv": [8.375, 8.625, 8.25, 8.75], "texture": "#0"},
				"south": {"uv": [8.25, 8.625, 8.375, 8.75], "texture": "#0"}
			}
		},
		{
			"name": "Layer 3_153",
			"from": [8.375, 7.25, 7.8125],
			"to": [8.5, 7.375, 8.3125],
			"faces": {
				"north": {"uv": [8.5, 8.625, 8.375, 8.75], "texture": "#0"},
				"east": {"uv": [8.375, 8.625, 8.5, 8.75], "texture": "#0"},
				"south": {"uv": [8.375, 8.625, 8.5, 8.75], "texture": "#0"}
			}
		},
		{
			"name": "Layer 3_154",
			"from": [7.5, 7.125, 7.8125],
			"to": [7.625, 7.25, 8.3125],
			"faces": {
				"north": {"uv": [7.625, 8.75, 7.5, 8.875], "texture": "#0"},
				"south": {"uv": [7.5, 8.75, 7.625, 8.875], "texture": "#0"},
				"west": {"uv": [7.5, 8.75, 7.625, 8.875], "texture": "#0"}
			}
		},
		{
			"name": "Layer 3_155",
			"from": [7.625, 7.125, 7.8125],
			"to": [7.75, 7.25, 8.3125],
			"faces": {
				"north": {"uv": [7.75, 8.75, 7.625, 8.875], "texture": "#0"},
				"south": {"uv": [7.625, 8.75, 7.75, 8.875], "texture": "#0"}
			}
		},
		{
			"name": "Layer 3_156",
			"from": [7.75, 7.125, 7.8125],
			"to": [7.875, 7.25, 8.3125],
			"faces": {
				"north": {"uv": [7.875, 8.75, 7.75, 8.875], "texture": "#0"},
				"south": {"uv": [7.75, 8.75, 7.875, 8.875], "texture": "#0"}
			}
		},
		{
			"name": "Layer 3_157",
			"from": [7.875, 7.125, 7.8125],
			"to": [8, 7.25, 8.3125],
			"faces": {
				"north": {"uv": [8, 8.75, 7.875, 8.875], "texture": "#0"},
				"south": {"uv": [7.875, 8.75, 8, 8.875], "texture": "#0"}
			}
		},
		{
			"name": "Layer 3_158",
			"from": [8, 7.125, 7.8125],
			"to": [8.125, 7.25, 8.3125],
			"faces": {
				"north": {"uv": [8.125, 8.75, 8, 8.875], "texture": "#0"},
				"south": {"uv": [8, 8.75, 8.125, 8.875], "texture": "#0"}
			}
		},
		{
			"name": "Layer 3_159",
			"from": [8.125, 7.125, 7.8125],
			"to": [8.25, 7.25, 8.3125],
			"faces": {
				"north": {"uv": [8.25, 8.75, 8.125, 8.875], "texture": "#0"},
				"south": {"uv": [8.125, 8.75, 8.25, 8.875], "texture": "#0"}
			}
		},
		{
			"name": "Layer 3_160",
			"from": [8.25, 7.125, 7.8125],
			"to": [8.375, 7.25, 8.3125],
			"faces": {
				"north": {"uv": [8.375, 8.75, 8.25, 8.875], "texture": "#0"},
				"south": {"uv": [8.25, 8.75, 8.375, 8.875], "texture": "#0"}
			}
		},
		{
			"name": "Layer 3_161",
			"from": [8.375, 7.125, 7.8125],
			"to": [8.5, 7.25, 8.3125],
			"faces": {
				"north": {"uv": [8.5, 8.75, 8.375, 8.875], "texture": "#0"},
				"east": {"uv": [8.375, 8.75, 8.5, 8.875], "texture": "#0"},
				"south": {"uv": [8.375, 8.75, 8.5, 8.875], "texture": "#0"}
			}
		},
		{
			"name": "Layer 3_162",
			"from": [7.5, 7, 7.8125],
			"to": [7.625, 7.125, 8.3125],
			"faces": {
				"north": {"uv": [7.625, 8.875, 7.5, 9], "texture": "#0"},
				"south": {"uv": [7.5, 8.875, 7.625, 9], "texture": "#0"},
				"west": {"uv": [7.5, 8.875, 7.625, 9], "texture": "#0"},
				"down": {"uv": [7.5, 8.875, 7.625, 9], "texture": "#0"}
			}
		},
		{
			"name": "Layer 3_163",
			"from": [7.625, 7, 7.8125],
			"to": [7.75, 7.125, 8.3125],
			"faces": {
				"north": {"uv": [7.75, 8.875, 7.625, 9], "texture": "#0"},
				"south": {"uv": [7.625, 8.875, 7.75, 9], "texture": "#0"},
				"down": {"uv": [7.625, 8.875, 7.75, 9], "texture": "#0"}
			}
		},
		{
			"name": "Layer 3_164",
			"from": [7.75, 7, 7.8125],
			"to": [7.875, 7.125, 8.3125],
			"faces": {
				"north": {"uv": [7.875, 8.875, 7.75, 9], "texture": "#0"},
				"south": {"uv": [7.75, 8.875, 7.875, 9], "texture": "#0"},
				"down": {"uv": [7.75, 8.875, 7.875, 9], "texture": "#0"}
			}
		},
		{
			"name": "Layer 3_165",
			"from": [7.875, 7, 7.8125],
			"to": [8, 7.125, 8.3125],
			"faces": {
				"north": {"uv": [8, 8.875, 7.875, 9], "texture": "#0"},
				"south": {"uv": [7.875, 8.875, 8, 9], "texture": "#0"},
				"down": {"uv": [7.875, 8.875, 8, 9], "texture": "#0"}
			}
		},
		{
			"name": "Layer 3_166",
			"from": [8, 7, 7.8125],
			"to": [8.125, 7.125, 8.3125],
			"faces": {
				"north": {"uv": [8.125, 8.875, 8, 9], "texture": "#0"},
				"south": {"uv": [8, 8.875, 8.125, 9], "texture": "#0"},
				"down": {"uv": [8, 8.875, 8.125, 9], "texture": "#0"}
			}
		},
		{
			"name": "Layer 3_167",
			"from": [8.125, 7, 7.8125],
			"to": [8.25, 7.125, 8.3125],
			"faces": {
				"north": {"uv": [8.25, 8.875, 8.125, 9], "texture": "#0"},
				"south": {"uv": [8.125, 8.875, 8.25, 9], "texture": "#0"},
				"down": {"uv": [8.125, 8.875, 8.25, 9], "texture": "#0"}
			}
		},
		{
			"name": "Layer 3_168",
			"from": [8.25, 7, 7.8125],
			"to": [8.375, 7.125, 8.3125],
			"faces": {
				"north": {"uv": [8.375, 8.875, 8.25, 9], "texture": "#0"},
				"south": {"uv": [8.25, 8.875, 8.375, 9], "texture": "#0"},
				"down": {"uv": [8.25, 8.875, 8.375, 9], "texture": "#0"}
			}
		},
		{
			"name": "Layer 3_169",
			"from": [8.375, 7, 7.8125],
			"to": [8.5, 7.125, 8.3125],
			"faces": {
				"north": {"uv": [8.5, 8.875, 8.375, 9], "texture": "#0"},
				"east": {"uv": [8.375, 8.875, 8.5, 9], "texture": "#0"},
				"south": {"uv": [8.375, 8.875, 8.5, 9], "texture": "#0"},
				"down": {"uv": [8.375, 8.875, 8.5, 9], "texture": "#0"}
			}
		},
		{
			"name": "Layer 6_0",
			"from": [7.75, 1.25, 7.875],
			"to": [8.25, 4.5, 8.1875],
			"faces": {
				"north": {"uv": [8.25, 11.5, 7.75, 14.75], "texture": "#1"},
				"east": {"uv": [8.125, 11.5, 8.25, 14.75], "texture": "#1"},
				"south": {"uv": [7.75, 11.5, 8.25, 14.75], "texture": "#1"},
				"west": {"uv": [7.75, 11.5, 7.875, 14.75], "texture": "#1"},
				"down": {"uv": [7.75, 14.625, 8.25, 14.75], "texture": "#1"}
			}
		},
		{
			"name": "Layer 5_1",
			"from": [7.75, 4.5, 7.875],
			"to": [8.25, 4.625, 8.1875],
			"faces": {
				"north": {"uv": [8.25, 11.375, 7.75, 11.5], "texture": "#1"},
				"east": {"uv": [8.125, 11.375, 8.25, 11.5], "texture": "#1"},
				"south": {"uv": [7.75, 11.375, 8.25, 11.5], "texture": "#1"},
				"west": {"uv": [7.75, 11.375, 7.875, 11.5], "texture": "#1"},
				"up": {"uv": [7.5, 11.375, 8.5, 11.5], "texture": "#1"},
				"down": {"uv": [7.5, 11.375, 8.5, 11.5], "texture": "#1"}
			}
		},
		{
			"name": "yamatoo_8",
			"from": [7.25, 4.625, 8.125],
			"to": [8.75, 4.75, 8.25],
			"rotation": {"angle": 0, "axis": "y", "origin": [5.4375, 4.75, 4.0625]},
			"faces": {
				"north": {"uv": [5.25, 10.5, 5.375, 12], "rotation": 270, "texture": "#1"},
				"east": {"uv": [5.25, 10.5, 5.375, 10.625], "texture": "#1"},
				"south": {"uv": [5.25, 10.5, 5.375, 12], "rotation": 90, "texture": "#1"},
				"west": {"uv": [5.25, 11.875, 5.375, 12], "rotation": 180, "texture": "#1"},
				"up": {"uv": [5.375, 10.5, 5.25, 12], "rotation": 90, "texture": "#1"},
				"down": {"uv": [5.25, 10.5, 5.375, 12], "rotation": 90, "texture": "#1"}
			}
		},
		{
			"name": "yamatoo_9",
			"from": [7.25, 4.625, 7.8125],
			"to": [8.75, 4.75, 7.9375],
			"rotation": {"angle": 0, "axis": "y", "origin": [5.4375, 4.75, 4.0625]},
			"faces": {
				"north": {"uv": [5.5, 10.5, 5.625, 12], "rotation": 270, "texture": "#1"},
				"east": {"uv": [5.5, 10.5, 5.625, 10.625], "texture": "#1"},
				"south": {"uv": [5.5, 10.5, 5.625, 12], "rotation": 90, "texture": "#1"},
				"west": {"uv": [5.5, 11.875, 5.625, 12], "rotation": 180, "texture": "#1"},
				"up": {"uv": [5.625, 10.5, 5.5, 12], "rotation": 90, "texture": "#1"},
				"down": {"uv": [5.5, 10.5, 5.625, 12], "rotation": 90, "texture": "#1"}
			}
		},
		{
			"name": "yamatoo_10",
			"from": [7.375, 4.625, 8.25],
			"to": [8.625, 4.75, 8.375],
			"rotation": {"angle": 0, "axis": "y", "origin": [5.4375, 4.75, 4.0625]},
			"faces": {
				"east": {"uv": [5.125, 10.625, 5.25, 10.75], "texture": "#1"},
				"south": {"uv": [5.125, 10.625, 5.25, 11.875], "rotation": 90, "texture": "#1"},
				"west": {"uv": [5.125, 11.75, 5.25, 11.875], "rotation": 180, "texture": "#1"},
				"up": {"uv": [5.25, 10.625, 5.125, 11.875], "rotation": 90, "texture": "#1"},
				"down": {"uv": [5.125, 10.625, 5.25, 11.875], "rotation": 90, "texture": "#1"}
			}
		},
		{
			"name": "yamatoo_11",
			"from": [7.375, 4.625, 7.6875],
			"to": [8.625, 4.75, 7.8125],
			"rotation": {"angle": 0, "axis": "y", "origin": [5.4375, 4.75, 4.0625]},
			"faces": {
				"north": {"uv": [5.625, 10.625, 5.75, 11.875], "rotation": 270, "texture": "#1"},
				"east": {"uv": [5.625, 10.625, 5.75, 10.75], "texture": "#1"},
				"west": {"uv": [5.625, 11.75, 5.75, 11.875], "rotation": 180, "texture": "#1"},
				"up": {"uv": [5.75, 10.625, 5.625, 11.875], "rotation": 90, "texture": "#1"},
				"down": {"uv": [5.625, 10.625, 5.75, 11.875], "rotation": 90, "texture": "#1"}
			}
		},
		{
			"name": "yamatoo_12",
			"from": [7.5, 4.625, 8.375],
			"to": [8.5, 4.75, 8.5],
			"rotation": {"angle": 0, "axis": "y", "origin": [5.4375, 4.75, 4.0625]},
			"faces": {
				"east": {"uv": [5, 10.75, 5.125, 10.875], "texture": "#1"},
				"south": {"uv": [5, 10.75, 5.125, 11.75], "rotation": 90, "texture": "#1"},
				"west": {"uv": [5, 11.625, 5.125, 11.75], "rotation": 180, "texture": "#1"},
				"up": {"uv": [5.125, 10.75, 5, 11.75], "rotation": 90, "texture": "#1"},
				"down": {"uv": [5, 10.75, 5.125, 11.75], "rotation": 90, "texture": "#1"}
			}
		},
		{
			"name": "yamatoo_13",
			"from": [7.5, 4.625, 7.5625],
			"to": [8.5, 4.75, 7.6875],
			"rotation": {"angle": 0, "axis": "y", "origin": [5.4375, 4.75, 4.0625]},
			"faces": {
				"north": {"uv": [5.75, 10.75, 5.875, 11.75], "rotation": 270, "texture": "#1"},
				"east": {"uv": [5.75, 10.75, 5.875, 10.875], "texture": "#1"},
				"west": {"uv": [5.75, 11.625, 5.875, 11.75], "rotation": 180, "texture": "#1"},
				"up": {"uv": [5.875, 10.75, 5.75, 11.75], "rotation": 90, "texture": "#1"},
				"down": {"uv": [5.75, 10.75, 5.875, 11.75], "rotation": 90, "texture": "#1"}
			}
		},
		{
			"name": "yamatoo_16",
			"from": [7.625, 4.625, 8.5],
			"to": [8.375, 4.75, 8.625],
			"rotation": {"angle": 0, "axis": "y", "origin": [5.4375, 4.75, 4.0625]},
			"faces": {
				"east": {"uv": [4.875, 10.875, 5, 11], "texture": "#1"},
				"south": {"uv": [4.875, 10.875, 5, 11.625], "rotation": 90, "texture": "#1"},
				"west": {"uv": [4.875, 11.5, 5, 11.625], "rotation": 180, "texture": "#1"},
				"up": {"uv": [5, 10.875, 4.875, 11.625], "rotation": 90, "texture": "#1"},
				"down": {"uv": [4.875, 10.875, 5, 11.625], "rotation": 90, "texture": "#1"}
			}
		},
		{
			"name": "yamatoo_17",
			"from": [7.625, 4.625, 7.9375],
			"to": [8.375, 4.75, 8.125],
			"rotation": {"angle": 0, "axis": "y", "origin": [5.4375, 4.75, 4.0625]},
			"faces": {
				"east": {"uv": [5.375, 10.875, 5.5, 11], "texture": "#1"},
				"west": {"uv": [5.375, 11.5, 5.5, 11.625], "rotation": 180, "texture": "#1"},
				"up": {"uv": [5.5, 10.875, 5.375, 11.625], "rotation": 90, "texture": "#1"},
				"down": {"uv": [5.5, 10.875, 5.375, 11.625], "rotation": 90, "texture": "#1"}
			}
		},
		{
			"name": "yamatoo_18",
			"from": [7.625, 4.625, 7.4375],
			"to": [8.375, 4.75, 7.5625],
			"rotation": {"angle": 0, "axis": "y", "origin": [5.4375, 4.75, 4.0625]},
			"faces": {
				"north": {"uv": [5.875, 10.875, 6, 11.625], "rotation": 270, "texture": "#1"},
				"east": {"uv": [5.875, 10.875, 6, 11], "texture": "#1"},
				"west": {"uv": [5.875, 11.5, 6, 11.625], "rotation": 180, "texture": "#1"},
				"up": {"uv": [6, 10.875, 5.875, 11.625], "rotation": 90, "texture": "#1"},
				"down": {"uv": [5.875, 10.875, 6, 11.625], "rotation": 90, "texture": "#1"}
			}
		}
	],
	"display": {
		"thirdperson_righthand": {
			"rotation": [0, 90, 180],
			"translation": [0.25, -7.25, 0.5],
			"scale": [3, 3, 3]
		},
		"thirdperson_lefthand": {
			"rotation": [0, -90, 180],
			"translation": [0.25, -7.25, 0.5],
			"scale": [3, 3, 3]
		},
		"firstperson_righthand": {
			"rotation": [15, 133, 95],
			"translation": [-3, 4, 0.75],
			"scale": [1.25, 1.25, 1.25]
		},
		"firstperson_lefthand": {
			"rotation": [-180, -124, 75],
			"translation": [-3, 4, 1.25],
			"scale": [1.25, 1.25, 1.25]
		},
		"ground": {
			"rotation": [180, 0, 0],
			"translation": [0, 15.75, 0],
			"scale": [3, 3, 3]
		},
		"gui": {
			"rotation": [180, 0, 45],
			"translation": [-0.5, -0.25, 0],
			"scale": [1.5, 1.5, 1.5]
		},
		"head": {
			"rotation": [180, 0, 45],
			"translation": [1.5, -13.5, 4.75],
			"scale": [3.5, 3.5, 3.5]
		},
		"fixed": {
			"translation": [-0.75, 2.5, 0],
			"scale": [2, 2, 2]
		}
	},
	"groups": [
		{
			"name": "Layer 2",
			"origin": [8, 8, 8],
			"color": 0,
			"children": [0, 1, 2, 3, 4, 5, 6]
		},
		{
			"name": "Layer 4",
			"origin": [8, 8, 8],
			"color": 0,
			"children": [7, 8]
		},
		{
			"name": "Layer 3",
			"origin": [8, 8, 8],
			"color": 0,
			"children": [
				9,
				10,
				11,
				12,
				13,
				14,
				15,
				16,
				17,
				18,
				19,
				20,
				21,
				22,
				23,
				24,
				25,
				26,
				27,
				28,
				29,
				30,
				31,
				32,
				33,
				34,
				35,
				36,
				37,
				38,
				39,
				40,
				41,
				42,
				43,
				44,
				45,
				46,
				47,
				48,
				49,
				50,
				51,
				52,
				53,
				54,
				55,
				56,
				57,
				58,
				59,
				60,
				61,
				62,
				63,
				64,
				65,
				66,
				67,
				68,
				69,
				70,
				71,
				72,
				73,
				74,
				75,
				76,
				77,
				78,
				79,
				80,
				81,
				82,
				83,
				84,
				85,
				86,
				87,
				88,
				89,
				90,
				91,
				92,
				93,
				94,
				95,
				96,
				97,
				98,
				99,
				100,
				101,
				102,
				103,
				104,
				105,
				106,
				107,
				108,
				109,
				110,
				111,
				112,
				113,
				114,
				115,
				116,
				117,
				118,
				119,
				120,
				121,
				122,
				123,
				124,
				125,
				126,
				127,
				128,
				129,
				130,
				131,
				132,
				133,
				134,
				135,
				136,
				137,
				138,
				139,
				140,
				141,
				142,
				143,
				144,
				145,
				146,
				147,
				148,
				149,
				150,
				151,
				152,
				153,
				154,
				155,
				156,
				157,
				158,
				159,
				160,
				161,
				162,
				163,
				164,
				165,
				166,
				167,
				168,
				169,
				170,
				171,
				172,
				173,
				174,
				175,
				176,
				177,
				178
			]
		},
		179,
		180,
		181,
		182,
		183,
		184,
		185,
		186,
		187,
		188,
		189
	]
}