{
	"credit": "Made with Blockbench, a free, modern block model editor by JannisX11",
	"textures": {
		"0": "block/birch_planks",
		"1": "books/red_book_trim",
		"2": "books/pages",
		"particle": "books/red_book_trim"
	},
	"elements": [
		{
			"name": "Surface1",
			"from": [0, 11.75, 0],
			"to": [16, 14.75, 16],
			"faces": {
				"north": {"uv": [0, 3, 16, 6], "texture": "#0"},
				"east": {"uv": [0, 11, 16, 14], "texture": "#0"},
				"south": {"uv": [0, 3, 16, 6], "texture": "#0"},
				"west": {"uv": [0, 7, 16, 10], "texture": "#0"},
				"up": {"uv": [0, 0, 16, 16], "texture": "#0", "rotation": 180},
				"down": {"uv": [0, 0, 16, 16], "texture": "#0"}
			}
		},
		{
			"from": [9.25, 14.76, 2],
			"to": [13.25, 15.76, 7],
			"faces": {
				"east": {"uv": [6.5, 0, 8.5, 10], "texture": "#1", "rotation": 270},
				"up": {"uv": [8, 0, 16, 10], "texture": "#1", "rotation": 180},
				"down": {"uv": [11, 0, 16, 10], "texture": "#1", "rotation": 180}
			}
		},
		{
			"from": [9.5, 14.76, 2.25],
			"to": [13.25, 15.76, 6.75],
			"faces": {
				"north": {"uv": [1, 0, 8.5, 2], "texture": "#2"},
				"south": {"uv": [8, 0, 15.5, 2], "texture": "#2"},
				"west": {"uv": [2.5, 2.5, 11.5, 4.5], "texture": "#2"}
			}
		}
	],
	"display": {
		"thirdperson_righthand": {
			"rotation": [90, 0, 0],
			"translation": [-6, -2, -10.8],
			"scale": [2.003, 2.1925, 2.003]
		},
		"thirdperson_lefthand": {
			"rotation": [0, -90, 0],
			"translation": [0, 8, 0],
			"scale": [1.5, 1.2, 1.5]
		},
		"firstperson_lefthand": {
			"rotation": [0, -90, 0],
			"translation": [-10, 0, 0],
			"scale": [0.5, 0.5, 0.5]
		},
		"gui": {
			"rotation": [0, 90, 0],
			"translation": [0, 0, 0]
		},
		"head": {
			"rotation": [0, 0, 0],
			"translation": [0, -31.5, 0],
			"scale": [2.29, 2.5, 2.29]
		},
		"fixed": {
			"rotation": [0, 90, 0],
			"translation": [0, 0, 0]
		}
	}
}