{
	"credit": "Made with Blockbench",
	"texture_size": [32, 32],
	"textures": {
		"1": "epicfight:item/golden_greatsword"
	},
	"elements": [
		{
			"from": [6.5, 12.25, 7.25],
			"to": [9.5, 18, 8.75],
			"rotation": {"angle": 0, "axis": "y", "origin": [8, 14.87006, 8]},
			"faces": {
				"north": {"uv": [4, 0, 6, 2], "texture": "#1"},
				"east": {"uv": [12, 3, 10, 3.5], "rotation": 270, "texture": "#1"},
				"south": {"uv": [4, 2, 6, 4], "texture": "#1"},
				"west": {"uv": [12, 3.5, 11.5, 3], "rotation": 270, "texture": "#1"},
				"up": {"uv": [3, 0, 4, 0.5], "rotation": 270, "texture": "#1"},
				"down": {"uv": [3, 11, 3.5, 12], "rotation": 270, "texture": "#1"}
			}
		},
		{
			"from": [-12.001, 2.999, 7.249],
			"to": [-7.999, 7.001, 8.751],
			"rotation": {"angle": -45, "axis": "z", "origin": [8, -13, 8]},
			"faces": {
				"north": {"uv": [0, 8, 2, 10], "rotation": 90, "texture": "#1"},
				"east": {"uv": [4, 5, 3, 5.5], "rotation": 270, "texture": "#1"},
				"south": {"uv": [0, 10, 2, 12], "rotation": 270, "texture": "#1"},
				"west": {"uv": [12, 3.5, 11.5, 3], "rotation": 270, "texture": "#1"},
				"up": {"uv": [3, 5, 4, 5.5], "rotation": 270, "texture": "#1"},
				"down": {"uv": [5.5, 10, 6, 12], "rotation": 270, "texture": "#1"}
			}
		},
		{
			"from": [-10, 1, 7.25],
			"to": [-4, 3, 8.75],
			"rotation": {"angle": -45, "axis": "z", "origin": [8, -13, 8]},
			"faces": {
				"north": {"uv": [2, 0, 3, 3], "rotation": 90, "texture": "#1"},
				"east": {"uv": [2.5, 4.5, 2, 3.5], "rotation": 180, "texture": "#1"},
				"south": {"uv": [1, 0, 2, 3], "rotation": 270, "texture": "#1"},
				"west": {"uv": [5, 12, 4.5, 11], "texture": "#1"},
				"up": {"uv": [1.5, 3, 2, 6], "rotation": 270, "texture": "#1"},
				"down": {"uv": [5.5, 9, 6, 12], "rotation": 270, "texture": "#1"}
			}
		},
		{
			"from": [-6, -3, 7.25],
			"to": [0, -1, 8.75],
			"rotation": {"angle": -45, "axis": "z", "origin": [8, -13, 8]},
			"faces": {
				"north": {"uv": [2, 0, 3, 3], "rotation": 90, "texture": "#1"},
				"east": {"uv": [2.5, 4.5, 2, 3.5], "rotation": 180, "texture": "#1"},
				"south": {"uv": [1, 0, 2, 3], "rotation": 270, "texture": "#1"},
				"west": {"uv": [5, 12, 4.5, 11], "texture": "#1"},
				"up": {"uv": [1.5, 3, 2, 6], "rotation": 270, "texture": "#1"},
				"down": {"uv": [5.5, 9, 6, 12], "rotation": 270, "texture": "#1"}
			}
		},
		{
			"from": [-2, -7, 7.25],
			"to": [4, -5, 8.75],
			"rotation": {"angle": -45, "axis": "z", "origin": [8, -13, 8]},
			"faces": {
				"north": {"uv": [2, 0, 3, 3], "rotation": 90, "texture": "#1"},
				"east": {"uv": [2.5, 4.5, 2, 3.5], "rotation": 180, "texture": "#1"},
				"south": {"uv": [1, 0, 2, 3], "rotation": 270, "texture": "#1"},
				"west": {"uv": [5, 12, 4.5, 11], "texture": "#1"},
				"up": {"uv": [1.5, 3, 2, 6], "rotation": 270, "texture": "#1"},
				"down": {"uv": [5.5, 9, 6, 12], "rotation": 270, "texture": "#1"}
			}
		},
		{
			"from": [2, -11, 7.25],
			"to": [8, -9, 8.75],
			"rotation": {"angle": -45, "axis": "z", "origin": [8, -13, 8]},
			"faces": {
				"north": {"uv": [2, 0, 3, 3], "rotation": 90, "texture": "#1"},
				"east": {"uv": [2.5, 4.5, 2, 3.5], "rotation": 180, "texture": "#1"},
				"south": {"uv": [1, 0, 2, 3], "rotation": 270, "texture": "#1"},
				"west": {"uv": [5, 12, 4.5, 11], "texture": "#1"},
				"up": {"uv": [1.5, 3, 2, 6], "rotation": 270, "texture": "#1"},
				"down": {"uv": [5.5, 9, 6, 12], "rotation": 270, "texture": "#1"}
			}
		},
		{
			"from": [-6, -1, 7.25],
			"to": [-4, 1, 8.75],
			"rotation": {"angle": -45, "axis": "z", "origin": [8, -13, 8]},
			"faces": {
				"north": {"uv": [0, 0, 1, 1], "rotation": 90, "texture": "#1"},
				"east": {"uv": [1, 0.5, 0, 1], "rotation": 270, "texture": "#1"},
				"south": {"uv": [0, 1, 1, 2], "rotation": 270, "texture": "#1"},
				"west": {"uv": [1.5, 1, 1, 0], "texture": "#1"},
				"up": {"uv": [3.5, 11, 4, 12], "rotation": 270, "texture": "#1"},
				"down": {"uv": [5.5, 10, 6, 12], "rotation": 270, "texture": "#1"}
			}
		},
		{
			"from": [-2, -5, 7.25],
			"to": [0, -3, 8.75],
			"rotation": {"angle": -45, "axis": "z", "origin": [8, -13, 8]},
			"faces": {
				"north": {"uv": [0, 0, 1, 1], "rotation": 90, "texture": "#1"},
				"east": {"uv": [1, 0.5, 0, 1], "rotation": 270, "texture": "#1"},
				"south": {"uv": [0, 1, 1, 2], "rotation": 270, "texture": "#1"},
				"west": {"uv": [1.5, 1, 1, 0], "rotation": 180, "texture": "#1"},
				"up": {"uv": [3.5, 10, 4, 12], "rotation": 270, "texture": "#1"},
				"down": {"uv": [5.5, 10, 6, 12], "rotation": 270, "texture": "#1"}
			}
		},
		{
			"from": [2, -9, 7.25],
			"to": [4, -7, 8.75],
			"rotation": {"angle": -45, "axis": "z", "origin": [8, -13, 8]},
			"faces": {
				"north": {"uv": [0, 0, 1, 1], "rotation": 90, "texture": "#1"},
				"east": {"uv": [1, 0.5, 0, 1], "rotation": 270, "texture": "#1"},
				"south": {"uv": [0, 1, 1, 2], "rotation": 270, "texture": "#1"},
				"west": {"uv": [1.5, 1, 1, 0], "rotation": 180, "texture": "#1"},
				"up": {"uv": [3.5, 10, 4, 12], "rotation": 270, "texture": "#1"},
				"down": {"uv": [5.5, 10, 6, 12], "rotation": 270, "texture": "#1"}
			}
		},
		{
			"from": [9.75, 11.5, 7.25],
			"to": [12.25, 13, 8.75],
			"rotation": {"angle": 0, "axis": "y", "origin": [9.9467, 11.17767, 8]},
			"faces": {
				"north": {"uv": [3, 5, 4, 5.5], "texture": "#1"},
				"east": {"uv": [3, 6, 3.5, 6.5], "texture": "#1"},
				"south": {"uv": [3, 6, 4, 6.5], "texture": "#1"},
				"west": {"uv": [3.5, 6, 4, 6.5], "texture": "#1"},
				"up": {"uv": [4, 5.5, 3, 5], "texture": "#1"},
				"down": {"uv": [4, 6, 3, 6.5], "texture": "#1"}
			}
		},
		{
			"from": [3.75, 11.5, 7.25],
			"to": [6.25, 13, 8.75],
			"rotation": {"angle": 0, "axis": "y", "origin": [9.9467, 11.17767, 8]},
			"faces": {
				"north": {"uv": [3, 4.5, 4, 5], "texture": "#1"},
				"east": {"uv": [3.5, 11, 4, 11.5], "texture": "#1"},
				"south": {"uv": [3, 5.5, 4, 6], "texture": "#1"},
				"west": {"uv": [3, 11, 3.5, 11.5], "texture": "#1"},
				"up": {"uv": [4, 6, 3, 5.5], "texture": "#1"},
				"down": {"uv": [4, 5.5, 3, 6], "texture": "#1"}
			}
		},
		{
			"from": [2.949, 12.269, 7.249],
			"to": [4.011, 13.331, 8.751],
			"rotation": {"angle": -45, "axis": "z", "origin": [2.95, 12.2, 8]},
			"faces": {
				"north": {"uv": [3, 4.5, 4, 5], "texture": "#1"},
				"east": {"uv": [3.5, 11, 4, 11.5], "texture": "#1"},
				"south": {"uv": [3, 5.5, 4, 6], "texture": "#1"},
				"west": {"uv": [3, 11, 3.5, 11.5], "texture": "#1"},
				"up": {"uv": [4, 6, 3, 5.5], "texture": "#1"},
				"down": {"uv": [4, 5.5, 3, 6], "texture": "#1"}
			}
		},
		{
			"from": [11.53562, 12.16121, 7.249],
			"to": [12.59762, 13.22321, 8.751],
			"rotation": {"angle": -45, "axis": "z", "origin": [11.62452, 12.24975, 8]},
			"faces": {
				"north": {"uv": [3, 5, 4, 5.5], "rotation": 180, "texture": "#1"},
				"east": {"uv": [3, 6, 4, 6.5], "texture": "#1"},
				"south": {"uv": [3, 6, 4, 6.5], "rotation": 180, "texture": "#1"},
				"west": {"uv": [3, 6, 4, 6.5], "rotation": 180, "texture": "#1"},
				"up": {"uv": [4, 6, 3, 6.5], "rotation": 180, "texture": "#1"},
				"down": {"uv": [4, 6.5, 3, 6], "rotation": 180, "texture": "#1"}
			}
		},
		{
			"from": [6, -13, 7.25],
			"to": [8, -11, 8.75],
			"rotation": {"angle": -45, "axis": "z", "origin": [8, -13, 8]},
			"faces": {
				"north": {"uv": [0, 0, 1, 1], "rotation": 90, "texture": "#1"},
				"east": {"uv": [1, 0.5, 0, 1], "rotation": 270, "texture": "#1"},
				"south": {"uv": [0, 1, 1, 2], "rotation": 270, "texture": "#1"},
				"west": {"uv": [1.5, 1, 1, 0], "rotation": 180, "texture": "#1"},
				"up": {"uv": [3.5, 11, 4, 12], "rotation": 270, "texture": "#1"},
				"down": {"uv": [5.5, 11, 6, 12], "rotation": 270, "texture": "#1"}
			}
		},
		{
			"from": [6, -15, 7.25],
			"to": [10, -13, 8.75],
			"rotation": {"angle": -45, "axis": "z", "origin": [8, -13, 8]},
			"faces": {
				"north": {"uv": [2, 0, 3, 2], "rotation": 90, "texture": "#1"},
				"east": {"uv": [0, 1, 0.5, 0], "texture": "#1"},
				"south": {"uv": [1, 0, 2, 2], "rotation": 270, "texture": "#1"},
				"west": {"uv": [12, 4, 11.5, 3], "rotation": 180, "texture": "#1"},
				"up": {"uv": [1.5, 3, 2, 5], "rotation": 270, "texture": "#1"},
				"down": {"uv": [5.5, 10, 6, 12], "rotation": 270, "texture": "#1"}
			}
		},
		{
			"from": [6.5, 29, 6.5],
			"to": [9.5, 32, 9.5],
			"rotation": {"angle": 45, "axis": "z", "origin": [8, 30.5, 8]},
			"faces": {
				"north": {"uv": [8, 8, 9.5, 9.5], "texture": "#1"},
				"east": {"uv": [7.5, 9.5, 8.5, 11], "texture": "#1"},
				"south": {"uv": [6, 9, 7.5, 10.5], "texture": "#1"},
				"west": {"uv": [10.5, 8, 11.5, 9.5], "texture": "#1"},
				"up": {"uv": [10, 10.5, 8.5, 9.5], "texture": "#1"},
				"down": {"uv": [9.5, 8, 10.5, 9.5], "rotation": 270, "texture": "#1"}
			}
		},
		{
			"from": [7, 18, 7],
			"to": [9, 31, 9],
			"faces": {
				"north": {"uv": [6, 0, 7, 4.5], "texture": "#1"},
				"east": {"uv": [6, 4.5, 7, 9], "texture": "#1"},
				"south": {"uv": [7, 0, 8, 4.5], "texture": "#1"},
				"west": {"uv": [7, 4.5, 8, 9], "texture": "#1"},
				"up": {"uv": [11, 2, 10, 1], "texture": "#1"},
				"down": {"uv": [2.5, 12, 1.5, 13], "texture": "#1"}
			}
		},
		{
			"from": [-4.5, 18, 6.5],
			"to": [0.5, 23, 9.5],
			"rotation": {"angle": 45, "axis": "z", "origin": [8, 30.5, 8]},
			"faces": {
				"north": {"uv": [8, 8, 9.5, 9.5], "texture": "#1"},
				"east": {"uv": [7.5, 9.5, 8.5, 11], "texture": "#1"},
				"south": {"uv": [6, 9, 7.5, 10.5], "texture": "#1"},
				"west": {"uv": [10.5, 8, 11.5, 9.5], "texture": "#1"},
				"up": {"uv": [10, 10.5, 8.5, 9.5], "texture": "#1"},
				"down": {"uv": [9.5, 8, 10.5, 9.5], "rotation": 270, "texture": "#1"}
			}
		},
		{
			"from": [8.96858, 15.60117, 7],
			"to": [14.96858, 17.10117, 9],
			"rotation": {"angle": 0, "axis": "y", "origin": [13.3584, 16.34661, 8]},
			"faces": {
				"north": {"uv": [12, 12, 14, 13], "texture": "#1"},
				"east": {"uv": [13, 11, 14, 12], "texture": "#1"},
				"south": {"uv": [12, 15, 14, 16], "texture": "#1"},
				"west": {"uv": [12, 11, 13, 12], "texture": "#1"},
				"up": {"uv": [12, 13, 14, 14], "texture": "#1"},
				"down": {"uv": [12, 14, 14, 15], "texture": "#1"}
			}
		},
		{
			"from": [1.02954, 15.578, 7],
			"to": [7.02954, 17.078, 9],
			"rotation": {"angle": 0, "axis": "y", "origin": [2.58241, 16.33976, 8]},
			"faces": {
				"north": {"uv": [15.5, 15, 14.5, 16], "texture": "#1"},
				"east": {"uv": [15, 11, 16, 12], "texture": "#1"},
				"south": {"uv": [14.5, 15, 15.5, 16], "texture": "#1"},
				"west": {"uv": [14, 11, 15, 12], "texture": "#1"},
				"up": {"uv": [14.5, 13, 15.5, 14], "texture": "#1"},
				"down": {"uv": [14.5, 14, 15.5, 15], "texture": "#1"}
			}
		},
		{
			"from": [12.83692, 13.85964, 6.999],
			"to": [15.83892, 16.86164, 9.001],
			"rotation": {"angle": 45, "axis": "z", "origin": [13.3584, 16.34661, 8]},
			"faces": {
				"north": {"uv": [9.5, 9.5, 8, 8], "rotation": 180, "texture": "#1"},
				"east": {"uv": [7.5, 9.5, 8.5, 11], "texture": "#1"},
				"south": {"uv": [6, 9, 7.5, 10.5], "texture": "#1"},
				"west": {"uv": [10.5, 8, 11.5, 9.5], "rotation": 180, "texture": "#1"},
				"up": {"uv": [8.5, 9.5, 9, 10.5], "texture": "#1"},
				"down": {"uv": [9.5, 8, 10.5, 9.5], "rotation": 270, "texture": "#1"}
			}
		},
		{
			"from": [-0.36571, 14.85051, 6.999],
			"to": [2.63629, 17.85251, 9.001],
			"rotation": {"angle": -45, "axis": "z", "origin": [1.13529, 16.35151, 8]},
			"faces": {
				"north": {"uv": [7.5, 9, 6, 10.5], "rotation": 90, "texture": "#1"},
				"east": {"uv": [9.5, 8, 10.5, 9.5], "rotation": 180, "texture": "#1"},
				"south": {"uv": [8, 9.5, 9.5, 8], "rotation": 90, "texture": "#1"},
				"west": {"uv": [8.5, 9.5, 10, 10.5], "rotation": 90, "texture": "#1"},
				"up": {"uv": [7.5, 11, 8.5, 9.5], "rotation": 90, "texture": "#1"},
				"down": {"uv": [10.5, 8, 11.5, 9.5], "rotation": 90, "texture": "#1"}
			}
		}
	],
	"gui_light": "front",
	"display": {
		"thirdperson_righthand": {
			"rotation": [180, 90, 0],
			"translation": [0, 8.5, 0.75],
			"scale": [0.8, 0.8, 0.8]
		},
		"thirdperson_lefthand": {
			"rotation": [180, 90, 0],
			"translation": [0, 8.5, 0.75],
			"scale": [0.8, 0.8, 0.8]
		},
		"firstperson_righthand": {
			"rotation": [-160, 90, 0],
			"translation": [2, 2.75, -0.5],
			"scale": [0.6, 0.6, 0.6]
		},
		"firstperson_lefthand": {
			"rotation": [-160, -90, 0],
			"translation": [2, 2.75, -0.5],
			"scale": [0.6, 0.6, 0.6]
		},
		"ground": {
			"rotation": [0, 0, 135],
			"translation": [2.5, 7, 0],
			"scale": [0.5, 0.5, 0.5]
		},
		"gui": {
			"rotation": [-180, 0, 45],
			"scale": [0.45, 0.45, 0.45]
		},
		"head": {
			"translation": [0.25, 8.5, 0.75],
			"scale": [0.6, 0.6, 0.6]
		},
		"fixed": {
			"rotation": [0, 0, -135],
			"translation": [-0.5, 0.25, -0.75],
			"scale": [0.65, 0.65, 0.65]
		}
	},
	"groups": [
		{
			"name": "sword",
			"origin": [8, 8, 8],
			"color": 0,
			"children": [
				{
					"name": "group",
					"origin": [8, -13, 8],
					"color": 0,
					"children": [0, 1, 2, 3, 4, 5, 6, 7, 8, 9, 10, 11, 12, 13, 14]
				},
				{
					"name": "pommel",
					"origin": [8, 8, 8],
					"color": 0,
					"children": [15]
				},
				{
					"name": "grip",
					"origin": [8, 8, 8],
					"color": 0,
					"children": [16]
				},
				{
					"name": "guard",
					"origin": [8, 8, 8],
					"color": 0,
					"children": [
						{
							"name": "cross-guard",
							"origin": [8, 8, 8],
							"color": 0,
							"children": [17, 18, 19, 20, 21]
						}
					]
				}
			]
		}
	]
}