{
	"credit": "Made with Blockbench",
	"texture_size": [32, 32],
	"textures": {
		"0": "item/g2r",
		"particle": "g2r"
	},
	"elements": [
		{
			"from": [2.3, 12.7, 8.2],
			"to": [2.6, 13.6, 8.8],
			"rotation": {"angle": -22.5, "axis": "z", "origin": [0, -2.4, 0]},
			"faces": {
				"north": {"uv": [10, 3, 10.5, 3.5], "texture": "#0"},
				"east": {"uv": [10, 8.5, 10.5, 9], "texture": "#0"},
				"south": {"uv": [10, 9, 10.5, 9.5], "texture": "#0"},
				"west": {"uv": [10, 9.5, 10.5, 10], "texture": "#0"},
				"up": {"uv": [10.5, 10.5, 10, 10], "texture": "#0"},
				"down": {"uv": [11, 0, 10.5, 0.5], "texture": "#0"}
			}
		},
		{
			"from": [7.8, -15.8, 7.8],
			"to": [9.2, -14.6, 9.2],
			"rotation": {"angle": 0, "axis": "y", "origin": [9, -9.5, 9]},
			"faces": {
				"north": {"uv": [10.5, 0.5, 11, 1], "texture": "#0"},
				"east": {"uv": [10.5, 1, 11, 1.5], "texture": "#0"},
				"south": {"uv": [10.5, 1.5, 11, 2], "texture": "#0"},
				"west": {"uv": [10.5, 2, 11, 2.5], "texture": "#0"},
				"up": {"uv": [11, 3, 10.5, 2.5], "texture": "#0"},
				"down": {"uv": [3.5, 10.5, 3, 11], "texture": "#0"}
			}
		},
		{
			"from": [8, -14.6, 8],
			"to": [9, -8, 9],
			"faces": {
				"north": {"uv": [8, 0, 8.5, 3.5], "texture": "#0"},
				"east": {"uv": [8, 3.5, 8.5, 7], "texture": "#0"},
				"south": {"uv": [8, 7, 8.5, 10.5], "texture": "#0"},
				"west": {"uv": [8.5, 0, 9, 3.5], "texture": "#0"},
				"up": {"uv": [11, 3.5, 10.5, 3], "texture": "#0"},
				"down": {"uv": [4, 10.5, 3.5, 11], "texture": "#0"}
			}
		},
		{
			"from": [4.7, -12, 7.9],
			"to": [8.6, -11, 9.1],
			"rotation": {"angle": 22.5, "axis": "z", "origin": [0, 0, 0]},
			"faces": {
				"north": {"uv": [8.5, 3.5, 10.5, 4], "texture": "#0"},
				"east": {"uv": [10.5, 3.5, 11, 4], "texture": "#0"},
				"south": {"uv": [8.5, 4, 10.5, 4.5], "texture": "#0"},
				"west": {"uv": [4, 10.5, 4.5, 11], "texture": "#0"},
				"up": {"uv": [10.5, 5, 8.5, 4.5], "texture": "#0"},
				"down": {"uv": [10.5, 5, 8.5, 5.5], "texture": "#0"}
			}
		},
		{
			"from": [7.3, -5.5, 7.9],
			"to": [11, -4.5, 9.1],
			"rotation": {"angle": -22.5, "axis": "z", "origin": [0, 0, 0]},
			"faces": {
				"north": {"uv": [8.5, 5.5, 10.5, 6], "texture": "#0"},
				"east": {"uv": [10.5, 4, 11, 4.5], "texture": "#0"},
				"south": {"uv": [8.5, 6, 10.5, 6.5], "texture": "#0"},
				"west": {"uv": [4.5, 10.5, 5, 11], "texture": "#0"},
				"up": {"uv": [10.5, 7, 8.5, 6.5], "texture": "#0"},
				"down": {"uv": [10.5, 7, 8.5, 7.5], "texture": "#0"}
			}
		},
		{
			"from": [7.2, -8.6, 7.9],
			"to": [9.7, -7.8, 9.1],
			"faces": {
				"north": {"uv": [8.5, 8.5, 9.5, 9], "texture": "#0"},
				"east": {"uv": [10.5, 4.5, 11, 5], "texture": "#0"},
				"south": {"uv": [9, 0, 10, 0.5], "texture": "#0"},
				"west": {"uv": [5, 10.5, 5.5, 11], "texture": "#0"},
				"up": {"uv": [10, 1, 9, 0.5], "texture": "#0"},
				"down": {"uv": [10, 1, 9, 1.5], "texture": "#0"}
			}
		},
		{
			"from": [10.5, -4, 7.9],
			"to": [12.3, -3.3, 9.1],
			"rotation": {"angle": -22.5, "axis": "z", "origin": [0, 0, 0]},
			"faces": {
				"north": {"uv": [9, 1.5, 10, 2], "texture": "#0"},
				"east": {"uv": [10.5, 5, 11, 5.5], "texture": "#0"},
				"south": {"uv": [9, 2, 10, 2.5], "texture": "#0"},
				"west": {"uv": [5.5, 10.5, 6, 11], "texture": "#0"},
				"up": {"uv": [10, 3, 9, 2.5], "texture": "#0"},
				"down": {"uv": [10, 3, 9, 3.5], "texture": "#0"}
			}
		},
		{
			"from": [3.3, -10.5, 7.9],
			"to": [5.1, -9.76, 9.1],
			"rotation": {"angle": 22.5, "axis": "z", "origin": [0, 0, 0]},
			"faces": {
				"north": {"uv": [8.5, 9, 9.5, 9.5], "texture": "#0"},
				"east": {"uv": [10.5, 5.5, 11, 6], "texture": "#0"},
				"south": {"uv": [0, 9.5, 1, 10], "texture": "#0"},
				"west": {"uv": [6, 10.5, 6.5, 11], "texture": "#0"},
				"up": {"uv": [2, 10, 1, 9.5], "texture": "#0"},
				"down": {"uv": [3, 9.5, 2, 10], "texture": "#0"}
			}
		},
		{
			"from": [8, -9.3, 7.9],
			"to": [9, -8.6, 9.1],
			"faces": {
				"north": {"uv": [10.5, 6, 11, 6.5], "texture": "#0"},
				"east": {"uv": [6.5, 10.5, 7, 11], "texture": "#0"},
				"south": {"uv": [10.5, 6.5, 11, 7], "texture": "#0"},
				"west": {"uv": [7, 10.5, 7.5, 11], "texture": "#0"},
				"up": {"uv": [11, 7.5, 10.5, 7], "texture": "#0"},
				"down": {"uv": [8, 10.5, 7.5, 11], "texture": "#0"}
			}
		},
		{
			"from": [8.8, -7.8, 8.2],
			"to": [9.5, 11.3, 8.8],
			"faces": {
				"north": {"uv": [3, 0, 3.5, 9.5], "texture": "#0"},
				"east": {"uv": [3.5, 0, 4, 9.5], "texture": "#0"},
				"south": {"uv": [4, 0, 4.5, 9.5], "texture": "#0"},
				"west": {"uv": [4.5, 0, 5, 9.5], "texture": "#0"},
				"up": {"uv": [11, 8, 10.5, 7.5], "texture": "#0"},
				"down": {"uv": [8.5, 10.5, 8, 11], "texture": "#0"}
			}
		},
		{
			"from": [7.2, -7.8, 8.3],
			"to": [9.8, 11.3, 8.7],
			"faces": {
				"north": {"uv": [0, 0, 1.5, 9.5], "texture": "#0"},
				"east": {"uv": [5, 0, 5.5, 9.5], "texture": "#0"},
				"south": {"uv": [1.5, 0, 3, 9.5], "texture": "#0"},
				"west": {"uv": [5.5, 0, 6, 9.5], "texture": "#0"},
				"up": {"uv": [10, 8, 8.5, 7.5], "texture": "#0"},
				"down": {"uv": [10, 8, 8.5, 8.5], "texture": "#0"}
			}
		},
		{
			"from": [1.4, 13, 8.3],
			"to": [2.4, 15.1, 8.7],
			"rotation": {"angle": -22.5, "axis": "z", "origin": [0, -2.4, 0]},
			"faces": {
				"north": {"uv": [3, 9.5, 3.5, 10.5], "texture": "#0"},
				"east": {"uv": [3.5, 9.5, 4, 10.5], "texture": "#0"},
				"south": {"uv": [4, 9.5, 4.5, 10.5], "texture": "#0"},
				"west": {"uv": [4.5, 9.5, 5, 10.5], "texture": "#0"},
				"up": {"uv": [11, 8.5, 10.5, 8], "texture": "#0"},
				"down": {"uv": [9, 10.5, 8.5, 11], "texture": "#0"}
			}
		},
		{
			"from": [13.3, 6.5, 8.3],
			"to": [14.3, 8.55, 8.7],
			"rotation": {"angle": 22.5, "axis": "z", "origin": [0, -2.4, 0]},
			"faces": {
				"north": {"uv": [5, 9.5, 5.5, 10.5], "texture": "#0"},
				"east": {"uv": [5.5, 9.5, 6, 10.5], "texture": "#0"},
				"south": {"uv": [6, 9.5, 6.5, 10.5], "texture": "#0"},
				"west": {"uv": [6.5, 9.5, 7, 10.5], "texture": "#0"},
				"up": {"uv": [11, 9, 10.5, 8.5], "texture": "#0"},
				"down": {"uv": [9.5, 10.5, 9, 11], "texture": "#0"}
			}
		},
		{
			"from": [7.99, 11.3, 8.3],
			"to": [9.02, 13.235, 8.7],
			"rotation": {"angle": 0, "axis": "y", "origin": [0, -2.4, 0]},
			"faces": {
				"north": {"uv": [7, 9.5, 7.5, 10.5], "texture": "#0"},
				"east": {"uv": [7.5, 9.5, 8, 10.5], "texture": "#0"},
				"south": {"uv": [8.5, 9.5, 9, 10.5], "texture": "#0"},
				"west": {"uv": [9.5, 8.5, 10, 9.5], "texture": "#0"},
				"up": {"uv": [11, 9.5, 10.5, 9], "texture": "#0"},
				"down": {"uv": [10, 10.5, 9.5, 11], "texture": "#0"}
			}
		},
		{
			"from": [13.61, 6.6, 8.2],
			"to": [14.01, 8.4, 8.8],
			"rotation": {"angle": 22.5, "axis": "z", "origin": [0, -2.4, 0]},
			"faces": {
				"north": {"uv": [9, 9.5, 9.5, 10.5], "texture": "#0"},
				"east": {"uv": [9.5, 9.5, 10, 10.5], "texture": "#0"},
				"south": {"uv": [0, 10, 0.5, 11], "texture": "#0"},
				"west": {"uv": [10, 0, 10.5, 1], "texture": "#0"},
				"up": {"uv": [11, 10, 10.5, 9.5], "texture": "#0"},
				"down": {"uv": [10.5, 10.5, 10, 11], "texture": "#0"}
			}
		},
		{
			"from": [8.19, 11.3, 8.2],
			"to": [8.815, 12.945, 8.8],
			"rotation": {"angle": 0, "axis": "y", "origin": [0, -2.4, 0]},
			"faces": {
				"north": {"uv": [0.5, 10, 1, 11], "texture": "#0"},
				"east": {"uv": [1, 10, 1.5, 11], "texture": "#0"},
				"south": {"uv": [10, 1, 10.5, 2], "texture": "#0"},
				"west": {"uv": [1.5, 10, 2, 11], "texture": "#0"},
				"up": {"uv": [11, 10.5, 10.5, 10], "texture": "#0"},
				"down": {"uv": [11, 10.5, 10.5, 11], "texture": "#0"}
			}
		},
		{
			"from": [1.7, 13.1, 8.2],
			"to": [2.1, 14.9, 8.8],
			"rotation": {"angle": -22.5, "axis": "z", "origin": [0, -2.4, 0]},
			"faces": {
				"north": {"uv": [2, 10, 2.5, 11], "texture": "#0"},
				"east": {"uv": [10, 2, 10.5, 3], "texture": "#0"},
				"south": {"uv": [2.5, 10, 3, 11], "texture": "#0"},
				"west": {"uv": [10, 7.5, 10.5, 8.5], "texture": "#0"},
				"up": {"uv": [0.5, 11.5, 0, 11], "texture": "#0"},
				"down": {"uv": [11.5, 0, 11, 0.5], "texture": "#0"}
			}
		},
		{
			"from": [7.89, 11.3, 8.2],
			"to": [9.09, 12, 8.8],
			"rotation": {"angle": 0, "axis": "y", "origin": [0, -2.4, 0]},
			"faces": {
				"north": {"uv": [0.5, 11, 1, 11.5], "texture": "#0"},
				"east": {"uv": [11, 0.5, 11.5, 1], "texture": "#0"},
				"south": {"uv": [1, 11, 1.5, 11.5], "texture": "#0"},
				"west": {"uv": [11, 1, 11.5, 1.5], "texture": "#0"},
				"up": {"uv": [2, 11.5, 1.5, 11], "texture": "#0"},
				"down": {"uv": [11.5, 1.5, 11, 2], "texture": "#0"}
			}
		},
		{
			"from": [7.5, -7.8, 8.2],
			"to": [8.2, 11.3, 8.8],
			"faces": {
				"north": {"uv": [6, 0, 6.5, 9.5], "texture": "#0"},
				"east": {"uv": [6.5, 0, 7, 9.5], "texture": "#0"},
				"south": {"uv": [7, 0, 7.5, 9.5], "texture": "#0"},
				"west": {"uv": [7.5, 0, 8, 9.5], "texture": "#0"},
				"up": {"uv": [2.5, 11.5, 2, 11], "texture": "#0"},
				"down": {"uv": [11.5, 2, 11, 2.5], "texture": "#0"}
			}
		},
		{
			"from": [13.11, 6.2, 8.2],
			"to": [13.41, 7.1, 8.8],
			"rotation": {"angle": 22.5, "axis": "z", "origin": [0, -2.4, 0]},
			"faces": {
				"north": {"uv": [2.5, 11, 3, 11.5], "texture": "#0"},
				"east": {"uv": [11, 2.5, 11.5, 3], "texture": "#0"},
				"south": {"uv": [3, 11, 3.5, 11.5], "texture": "#0"},
				"west": {"uv": [11, 3, 11.5, 3.5], "texture": "#0"},
				"up": {"uv": [4, 11.5, 3.5, 11], "texture": "#0"},
				"down": {"uv": [11.5, 3.5, 11, 4], "texture": "#0"}
			}
		}
	],
	"display": {
		"thirdperson_righthand": {
			"rotation": [0, 90, 0],
			"translation": [-0.5, 17.75, 1.25]
		},
		"thirdperson_lefthand": {
			"rotation": [-113, 0, -25],
			"translation": [-3.5, -10.5, -1.25]
		},
		"firstperson_righthand": {
			"rotation": [0, 90, 0],
			"translation": [0, 17, 0]
		},
		"firstperson_lefthand": {
			"rotation": [-5, 90, 180],
			"translation": [1, -14.5, 2]
		},
		"ground": {
			"rotation": [90, 0, 90],
			"translation": [-8, 0, 0]
		},
		"gui": {
			"rotation": [0, 0, 42],
			"translation": [-3.75, 4.5, 0],
			"scale": [0.65, 0.65, 0.65]
		},
		"fixed": {
			"rotation": [0, 0, 180],
			"translation": [0, -17.25, -1.75],
			"scale": [2, 2, 2]
		}
	},
	"groups": [
		{
			"name": "group",
			"origin": [8, 8, 8],
			"color": 0,
			"nbt": "{}",
			"armAnimationEnabled": false,
			"children": [0, 1, 2, 3, 4, 5, 6, 7, 8, 9, 10, 11, 12, 13, 14, 15, 16, 17, 18, 19]
		}
	]
}