{
	"credit": "Made with Blockbench",
	"textures": {
		"0": "item/swordgrunbeldshield",
		"1": "item/swordgrunbeldshieldpush",
		"2": "item/swordgrunbeldshieldeys",
		"particle": "item/swordgrunbeldshield"
	},
	"elements": [
		{
			"from": [10.4, 0.4, 5.7],
			"to": [11.4, 0.7, 7.8],
			"rotation": {"angle": 22.5, "axis": "x", "origin": [0, 0, 0]},
			"faces": {
				"north": {"uv": [2.875, 3.875, 3, 4], "texture": "#0"},
				"east": {"uv": [0, 6.375, 0.25, 6.5], "texture": "#0"},
				"south": {"uv": [2.125, 4.5, 2.25, 4.625], "texture": "#0"},
				"west": {"uv": [1, 6.5, 1.25, 6.625], "texture": "#0"},
				"up": {"uv": [3, 3.875, 2.875, 3.625], "texture": "#0"},
				"down": {"uv": [1.625, 5.25, 1.5, 5.5], "texture": "#0"}
			}
		},
		{
			"from": [2, 0, 5],
			"to": [14, 2, 18.1],
			"faces": {
				"north": {"uv": [4.75, 1.625, 6.25, 1.875], "texture": "#0"},
				"east": {"uv": [4.75, 1.125, 6.375, 1.375], "texture": "#0"},
				"south": {"uv": [4.75, 1.875, 6.25, 2.125], "texture": "#0"},
				"west": {"uv": [4.75, 1.375, 6.375, 1.625], "texture": "#0"},
				"up": {"uv": [1.5, 1.625, 0, 0], "texture": "#0"},
				"down": {"uv": [3, 0, 1.5, 1.625], "texture": "#0"}
			}
		},
		{
			"from": [3.4, 0.4, 6.5],
			"to": [10.4, 3, 14],
			"rotation": {"angle": 22.5, "axis": "y", "origin": [0, 0, 0]},
			"faces": {
				"north": {"uv": [0.25, 5.25, 1.125, 5.625], "texture": "#0"},
				"east": {"uv": [5.25, 3.125, 6.125, 3.5], "texture": "#0"},
				"south": {"uv": [5.25, 3.5, 6.125, 3.875], "texture": "#0"},
				"west": {"uv": [3.875, 5.25, 4.75, 5.625], "texture": "#0"},
				"up": {"uv": [2.625, 4.5, 1.75, 3.625], "texture": "#0"},
				"down": {"uv": [4.75, 0, 3.875, 0.875], "texture": "#0"}
			}
		},
		{
			"from": [4.3, 0.4, 0.5],
			"to": [11.3, 3, 8],
			"rotation": {"angle": -22.5, "axis": "y", "origin": [0, 0, 0]},
			"faces": {
				"north": {"uv": [5.25, 3.875, 6.125, 4.25], "texture": "#0"},
				"east": {"uv": [5.25, 4.25, 6.125, 4.625], "texture": "#0"},
				"south": {"uv": [5.25, 4.625, 6.125, 5], "texture": "#0"},
				"west": {"uv": [4.75, 5.25, 5.625, 5.625], "texture": "#0"},
				"up": {"uv": [4.75, 1.75, 3.875, 0.875], "texture": "#0"},
				"down": {"uv": [4.75, 1.75, 3.875, 2.625], "texture": "#0"}
			}
		},
		{
			"from": [3.4, 1.1, 9.5],
			"to": [10.4, 3.4, 17.5],
			"rotation": {"angle": 22.5, "axis": "y", "origin": [0, 0.3, 3.5]},
			"faces": {
				"north": {"uv": [4.625, 6.25, 5.5, 6.5], "texture": "#0"},
				"east": {"uv": [0.25, 6, 1.25, 6.25], "texture": "#0"},
				"south": {"uv": [5.5, 6.25, 6.375, 6.5], "texture": "#0"},
				"west": {"uv": [3.875, 6, 4.875, 6.25], "texture": "#0"},
				"up": {"uv": [3.875, 1, 3, 0], "texture": "#0"},
				"down": {"uv": [3.875, 1, 3, 2], "texture": "#0"}
			}
		},
		{
			"from": [4.3, 1.1, 3.5],
			"to": [11.3, 3.4, 11.5],
			"rotation": {"angle": -22.5, "axis": "y", "origin": [0, 0.3, 3.5]},
			"faces": {
				"north": {"uv": [6.375, 1.125, 7.25, 1.375], "texture": "#0"},
				"east": {"uv": [4.875, 6, 5.875, 6.25], "texture": "#0"},
				"south": {"uv": [1.25, 6.375, 2.125, 6.625], "texture": "#0"},
				"west": {"uv": [5.875, 6, 6.875, 6.25], "texture": "#0"},
				"up": {"uv": [3.875, 3, 3, 2], "texture": "#0"},
				"down": {"uv": [3.875, 3, 3, 4], "texture": "#0"}
			}
		},
		{
			"from": [2.7, 1.6, 14.8],
			"to": [10.4, 3.9, 22.8],
			"rotation": {"angle": 22.5, "axis": "y", "origin": [0, 0.6, 8.8]},
			"faces": {
				"north": {"uv": [6.125, 2.125, 7.125, 2.375], "texture": "#0"},
				"east": {"uv": [6.125, 2.375, 7.125, 2.625], "texture": "#0"},
				"south": {"uv": [6.125, 3.125, 7.125, 3.375], "texture": "#0"},
				"west": {"uv": [6.125, 3.375, 7.125, 3.625], "texture": "#0"},
				"up": {"uv": [1, 2.625, 0, 1.625], "texture": "#0"},
				"down": {"uv": [2, 1.625, 1, 2.625], "texture": "#0"}
			}
		},
		{
			"from": [4.3, 1.6, 8.8],
			"to": [11.8, 3.9, 16.8],
			"rotation": {"angle": -22.5, "axis": "y", "origin": [0, 0.6, 8.8]},
			"faces": {
				"north": {"uv": [6.375, 1.375, 7.25, 1.625], "texture": "#0"},
				"east": {"uv": [6.125, 3.625, 7.125, 3.875], "texture": "#0"},
				"south": {"uv": [6.375, 2.625, 7.25, 2.875], "texture": "#0"},
				"west": {"uv": [6.125, 3.875, 7.125, 4.125], "texture": "#0"},
				"up": {"uv": [0.875, 4.625, 0, 3.625], "texture": "#0"},
				"down": {"uv": [1.75, 3.625, 0.875, 4.625], "texture": "#0"}
			}
		},
		{
			"from": [2.9, 0.3, 1.8],
			"to": [4.5, 1.9, 13],
			"rotation": {"angle": 22.5, "axis": "y", "origin": [0, 0, 0]},
			"faces": {
				"north": {"uv": [2.25, 5.875, 2.5, 6.125], "texture": "#0"},
				"east": {"uv": [4.75, 2.125, 6.125, 2.375], "texture": "#0"},
				"south": {"uv": [2.625, 6, 2.875, 6.25], "texture": "#0"},
				"west": {"uv": [4.75, 2.375, 6.125, 2.625], "texture": "#0"},
				"up": {"uv": [2.5, 5.875, 2.25, 4.5], "texture": "#0"},
				"down": {"uv": [0.25, 5, 0, 6.375], "texture": "#0"}
			}
		},
		{
			"from": [10.2, 0.3, -4.3],
			"to": [11.8, 1.9, 6.9],
			"rotation": {"angle": -22.5, "axis": "y", "origin": [0, 0, 0]},
			"faces": {
				"north": {"uv": [2.25, 6.125, 2.5, 6.375], "texture": "#0"},
				"east": {"uv": [0.25, 5, 1.625, 5.25], "texture": "#0"},
				"south": {"uv": [2.25, 6.375, 2.5, 6.625], "texture": "#0"},
				"west": {"uv": [3.875, 5, 5.25, 5.25], "texture": "#0"},
				"up": {"uv": [1.875, 6.375, 1.625, 5], "texture": "#0"},
				"down": {"uv": [2.125, 5, 1.875, 6.375], "texture": "#0"}
			}
		},
		{
			"from": [1.865, 0.3, 1.8],
			"to": [3.465, 1.9, 3.4],
			"rotation": {"angle": 45, "axis": "y", "origin": [0, 0, 0]},
			"faces": {
				"north": {"uv": [5.25, 6.75, 5.5, 7], "texture": "#0"},
				"east": {"uv": [6.75, 5.25, 7, 5.5], "texture": "#0"},
				"south": {"uv": [5.5, 6.75, 5.75, 7], "texture": "#0"},
				"west": {"uv": [5.75, 6.75, 6, 7], "texture": "#0"},
				"up": {"uv": [6.25, 7, 6, 6.75], "texture": "#0"},
				"down": {"uv": [6.5, 6.75, 6.25, 7], "texture": "#0"}
			}
		},
		{
			"from": [7.78, 0.3, -9.47],
			"to": [9.38, 1.9, -7.87],
			"rotation": {"angle": -45, "axis": "y", "origin": [0, 0, 0]},
			"faces": {
				"north": {"uv": [6.5, 6.75, 6.75, 7], "texture": "#0"},
				"east": {"uv": [6.75, 6.75, 7, 7], "texture": "#0"},
				"south": {"uv": [0, 6.875, 0.25, 7.125], "texture": "#0"},
				"west": {"uv": [0.25, 6.875, 0.5, 7.125], "texture": "#0"},
				"up": {"uv": [0.75, 7.125, 0.5, 6.875], "texture": "#0"},
				"down": {"uv": [1, 6.875, 0.75, 7.125], "texture": "#0"}
			}
		},
		{
			"from": [3.5, 0, 1.7],
			"to": [12.5, 2, 5],
			"faces": {
				"north": {"uv": [4.75, 5.625, 5.875, 5.875], "texture": "#0"},
				"east": {"uv": [1.125, 5.25, 1.5, 5.5], "texture": "#0"},
				"south": {"uv": [5.625, 5.25, 6.75, 5.5], "texture": "#0"},
				"west": {"uv": [1.125, 5.5, 1.5, 5.75], "texture": "#0"},
				"up": {"uv": [5.25, 3.5, 4.125, 3.125], "texture": "#0"},
				"down": {"uv": [5.25, 3.5, 4.125, 3.875], "texture": "#0"}
			}
		},
		{
			"from": [3.6, 0.5, 1.7],
			"to": [12.4, 2, 5],
			"rotation": {"angle": -22.5, "axis": "x", "origin": [0, 0, 0]},
			"faces": {
				"north": {"uv": [5.875, 0, 7, 0.25], "texture": "#0"},
				"east": {"uv": [1.125, 5.75, 1.5, 6], "texture": "#0"},
				"south": {"uv": [5.875, 0.25, 7, 0.5], "texture": "#0"},
				"west": {"uv": [1.25, 6, 1.625, 6.25], "texture": "#0"},
				"up": {"uv": [5.25, 4.25, 4.125, 3.875], "texture": "#0"},
				"down": {"uv": [5.25, 4.25, 4.125, 4.625], "texture": "#0"}
			}
		},
		{
			"from": [3.6, 2.26, 3.85],
			"to": [12.4, 3.76, 7.15],
			"faces": {
				"north": {"uv": [5.875, 0.5, 7, 0.75], "texture": "#0"},
				"east": {"uv": [1.75, 6.75, 2.125, 7], "texture": "#0"},
				"south": {"uv": [5.875, 0.75, 7, 1], "texture": "#0"},
				"west": {"uv": [4.875, 6.75, 5.25, 7], "texture": "#0"},
				"up": {"uv": [1.125, 5, 0, 4.625], "texture": "#0"},
				"down": {"uv": [2.25, 4.625, 1.125, 5], "texture": "#0"}
			}
		},
		{
			"from": [3.6, 4.71, 5.15],
			"to": [12.4, 6.21, 8.45],
			"rotation": {"angle": 22.5, "axis": "x", "origin": [0, 0, 0]},
			"faces": {
				"north": {"uv": [5.875, 5.75, 7, 5.875], "texture": "#0"},
				"east": {"uv": [1.75, 4.5, 2.125, 4.625], "texture": "#0"},
				"south": {"uv": [6.125, 4.875, 7.25, 5], "texture": "#0"},
				"west": {"uv": [1.25, 6.25, 1.625, 6.375], "texture": "#0"},
				"up": {"uv": [5.25, 5, 4.125, 4.625], "texture": "#0"},
				"down": {"uv": [5.875, 0, 4.75, 0.375], "texture": "#0"}
			}
		},
		{
			"from": [7.5, 0.3, 0.8001],
			"to": [8.3, 1.9, 18.8001],
			"faces": {
				"north": {"uv": [1.5, 5.5, 1.625, 5.75], "texture": "#0"},
				"east": {"uv": [4.125, 2.625, 6.375, 2.875], "texture": "#0"},
				"south": {"uv": [1.5, 5.75, 1.625, 6], "texture": "#0"},
				"west": {"uv": [4.125, 2.875, 6.375, 3.125], "texture": "#0"},
				"up": {"uv": [2.625, 6.75, 2.5, 4.5], "texture": "#0"},
				"down": {"uv": [2.25, 5, 2.125, 7.25], "texture": "#0"}
			}
		},
		{
			"from": [7.1, 0.7, 0.8],
			"to": [8.7, 1.5, 19.2],
			"faces": {
				"north": {"uv": [2.25, 6.625, 2.5, 6.75], "texture": "#0"},
				"east": {"uv": [5.625, 5.5, 7.875, 5.625], "texture": "#0"},
				"south": {"uv": [1.5, 6.875, 1.75, 7], "texture": "#0"},
				"west": {"uv": [5.875, 1, 8.125, 1.125], "texture": "#0"},
				"up": {"uv": [3.125, 6.25, 2.875, 4], "texture": "#0"},
				"down": {"uv": [3.375, 4, 3.125, 6.25], "texture": "#0"}
			}
		},
		{
			"from": [3.96, 6.07, 0.8001],
			"to": [5.66, 6.65, 19.4001],
			"rotation": {"angle": -45, "axis": "z", "origin": [0, 0, 0]},
			"faces": {
				"north": {"uv": [3, 6.875, 3.25, 7], "texture": "#0"},
				"east": {"uv": [5.25, 5, 7.625, 5.125], "texture": "#0"},
				"south": {"uv": [3.25, 6.875, 3.5, 7], "texture": "#0"},
				"west": {"uv": [5.25, 5.125, 7.625, 5.25], "texture": "#0"},
				"up": {"uv": [2.875, 6, 2.625, 3.625], "texture": "#0"},
				"down": {"uv": [4.125, 2.625, 3.875, 5], "texture": "#0"}
			}
		},
		{
			"from": [5.52, -5.1, 0.8001],
			"to": [7.22, -4.52, 18.5001],
			"rotation": {"angle": 45, "axis": "z", "origin": [0, 0, 0]},
			"faces": {
				"north": {"uv": [3.5, 6.875, 3.75, 7], "texture": "#0"},
				"east": {"uv": [4.75, 5.875, 7, 6], "texture": "#0"},
				"south": {"uv": [3.75, 6.875, 4, 7], "texture": "#0"},
				"west": {"uv": [5.875, 5.625, 8.125, 5.75], "texture": "#0"},
				"up": {"uv": [3.625, 6.25, 3.375, 4], "texture": "#0"},
				"down": {"uv": [3.875, 4, 3.625, 6.25], "texture": "#0"}
			}
		},
		{
			"from": [7.1, 0.3, 0.799],
			"to": [8.7, 1.9, 0.799],
			"faces": {
				"north": {"uv": [0, 0, 6.5, 6.5], "texture": "#1"},
				"east": {"uv": [0, 0, 0, 6.5], "texture": "#1"},
				"south": {"uv": [0, 8, 6.5, 14.5], "texture": "#1"},
				"west": {"uv": [0, 0, 0, 6.5], "texture": "#1"},
				"up": {"uv": [6.5, 0, 0, 0], "texture": "#1"},
				"down": {"uv": [6.5, 0, 0, 0], "texture": "#1"}
			}
		},
		{
			"from": [4.3, 0.1, 8.8],
			"to": [11.9, 1.6, 17],
			"rotation": {"angle": -22.5, "axis": "y", "origin": [0, 0.6, 8.8]},
			"faces": {
				"north": {"uv": [6.125, 4.125, 7.125, 4.375], "texture": "#0"},
				"east": {"uv": [6.125, 4.375, 7.125, 4.625], "texture": "#0"},
				"south": {"uv": [6.125, 4.625, 7.125, 4.875], "texture": "#0"},
				"west": {"uv": [0.25, 6.25, 1.25, 6.5], "texture": "#0"},
				"up": {"uv": [3, 2.625, 2, 1.625], "texture": "#0"},
				"down": {"uv": [1, 2.625, 0, 3.625], "texture": "#0"}
			}
		},
		{
			"from": [2.6, 0.1, 14.8],
			"to": [10.4, 1.6, 23],
			"rotation": {"angle": 22.5, "axis": "y", "origin": [0, 0.6, 8.8]},
			"faces": {
				"north": {"uv": [6.25, 1.625, 7.25, 1.875], "texture": "#0"},
				"east": {"uv": [6.25, 1.875, 7.25, 2.125], "texture": "#0"},
				"south": {"uv": [2.625, 6.25, 3.625, 6.5], "texture": "#0"},
				"west": {"uv": [3.625, 6.25, 4.625, 6.5], "texture": "#0"},
				"up": {"uv": [2, 3.625, 1, 2.625], "texture": "#0"},
				"down": {"uv": [3, 2.625, 2, 3.625], "texture": "#0"}
			}
		},
		{
			"from": [3.6, 2.001, 1.7],
			"to": [12.4, 2.001, 5],
			"rotation": {"angle": -22.5, "axis": "x", "origin": [0, 0, 0]},
			"faces": {
				"north": {"uv": [0, 0, 9, 0], "texture": "#2"},
				"east": {"uv": [0, 0, 3.5, 0], "texture": "#2"},
				"south": {"uv": [0, 0, 9, 0], "texture": "#2"},
				"west": {"uv": [0, 0, 3.5, 0], "texture": "#2"},
				"up": {"uv": [9, 3.5, 0, 0], "texture": "#2"},
				"down": {"uv": [9, 4, 0, 7.5], "texture": "#2"}
			}
		},
		{
			"from": [4, -2.1, 7.5],
			"to": [5, 0, 7.8],
			"faces": {
				"north": {"uv": [4, 6.875, 4.125, 7.125], "texture": "#0"},
				"east": {"uv": [4.125, 6.875, 4.25, 7.125], "texture": "#0"},
				"south": {"uv": [4.25, 6.875, 4.375, 7.125], "texture": "#0"},
				"west": {"uv": [4.375, 6.875, 4.5, 7.125], "texture": "#0"},
				"up": {"uv": [2.125, 6.75, 2, 6.625], "texture": "#0"},
				"down": {"uv": [7.125, 0.75, 7, 0.875], "texture": "#0"}
			}
		},
		{
			"from": [11, -2.1, 7.5],
			"to": [12, 0, 7.8],
			"faces": {
				"north": {"uv": [4.5, 6.875, 4.625, 7.125], "texture": "#0"},
				"east": {"uv": [4.625, 6.875, 4.75, 7.125], "texture": "#0"},
				"south": {"uv": [4.75, 6.875, 4.875, 7.125], "texture": "#0"},
				"west": {"uv": [6.875, 6, 7, 6.25], "texture": "#0"},
				"up": {"uv": [7.125, 1, 7, 0.875], "texture": "#0"},
				"down": {"uv": [1.625, 7, 1.5, 7.125], "texture": "#0"}
			}
		},
		{
			"from": [4, -2.6, 7.3],
			"to": [12, -2.3, 8],
			"faces": {
				"north": {"uv": [6.375, 2.875, 7.375, 3], "texture": "#0"},
				"east": {"uv": [1.625, 7, 1.75, 7.125], "texture": "#0"},
				"south": {"uv": [6.375, 3, 7.375, 3.125], "texture": "#0"},
				"west": {"uv": [1.75, 7, 1.875, 7.125], "texture": "#0"},
				"up": {"uv": [7.375, 6.375, 6.375, 6.25], "texture": "#0"},
				"down": {"uv": [7.375, 6.375, 6.375, 6.5], "texture": "#0"}
			}
		},
		{
			"from": [4, -2.8, 7.5],
			"to": [12, -2.1, 7.8],
			"faces": {
				"north": {"uv": [0, 6.5, 1, 6.625], "texture": "#0"},
				"east": {"uv": [1.875, 7, 2, 7.125], "texture": "#0"},
				"south": {"uv": [2.625, 6.5, 3.625, 6.625], "texture": "#0"},
				"west": {"uv": [2, 7, 2.125, 7.125], "texture": "#0"},
				"up": {"uv": [4.625, 6.625, 3.625, 6.5], "texture": "#0"},
				"down": {"uv": [5.625, 6.5, 4.625, 6.625], "texture": "#0"}
			}
		},
		{
			"from": [4, -7.49, 3.53],
			"to": [12, -6.79, 3.82],
			"rotation": {"angle": -45, "axis": "x", "origin": [0, 0, 0]},
			"faces": {
				"north": {"uv": [5.625, 6.5, 6.625, 6.625], "texture": "#0"},
				"east": {"uv": [2.25, 7, 2.375, 7.125], "texture": "#0"},
				"south": {"uv": [0, 6.625, 1, 6.75], "texture": "#0"},
				"west": {"uv": [2.375, 7, 2.5, 7.125], "texture": "#0"},
				"up": {"uv": [2, 6.75, 1, 6.625], "texture": "#0"},
				"down": {"uv": [3.625, 6.625, 2.625, 6.75], "texture": "#0"}
			}
		},
		{
			"from": [4, -7.28, 3.32],
			"to": [12, -7, 4.03],
			"rotation": {"angle": -45, "axis": "x", "origin": [0, 0, 0]},
			"faces": {
				"north": {"uv": [3.625, 6.625, 4.625, 6.75], "texture": "#0"},
				"east": {"uv": [2.5, 7, 2.625, 7.125], "texture": "#0"},
				"south": {"uv": [4.625, 6.625, 5.625, 6.75], "texture": "#0"},
				"west": {"uv": [2.625, 7, 2.75, 7.125], "texture": "#0"},
				"up": {"uv": [6.625, 6.75, 5.625, 6.625], "texture": "#0"},
				"down": {"uv": [7.625, 6.5, 6.625, 6.625], "texture": "#0"}
			}
		},
		{
			"from": [4.5, 1.9, 1.7],
			"to": [11.5, 3, 5],
			"rotation": {"angle": 45, "axis": "x", "origin": [0, 0, 0]},
			"faces": {
				"north": {"uv": [6.625, 6.625, 7.5, 6.75], "texture": "#0"},
				"east": {"uv": [2.25, 6.875, 2.625, 7], "texture": "#0"},
				"south": {"uv": [0, 6.75, 0.875, 6.875], "texture": "#0"},
				"west": {"uv": [2.625, 6.875, 3, 7], "texture": "#0"},
				"up": {"uv": [1.125, 6, 0.25, 5.625], "texture": "#0"},
				"down": {"uv": [4.75, 5.625, 3.875, 6], "texture": "#0"}
			}
		},
		{
			"from": [4.5, -0.1, 5.3],
			"to": [11.5, 0.9, 6.6],
			"rotation": {"angle": 22.5, "axis": "x", "origin": [0, 0, 0]},
			"faces": {
				"north": {"uv": [0.875, 6.75, 1.75, 6.875], "texture": "#0"},
				"east": {"uv": [2.75, 7, 2.875, 7.125], "texture": "#0"},
				"south": {"uv": [2.25, 6.75, 3.125, 6.875], "texture": "#0"},
				"west": {"uv": [2.875, 7, 3, 7.125], "texture": "#0"},
				"up": {"uv": [4, 6.875, 3.125, 6.75], "texture": "#0"},
				"down": {"uv": [4.875, 6.75, 4, 6.875], "texture": "#0"}
			}
		},
		{
			"from": [4.6, 0.4, 5.7],
			"to": [5.6, 0.7, 7.8],
			"rotation": {"angle": 22.5, "axis": "x", "origin": [0, 0, 0]},
			"faces": {
				"north": {"uv": [3, 7, 3.125, 7.125], "texture": "#0"},
				"east": {"uv": [7, 0, 7.25, 0.125], "texture": "#0"},
				"south": {"uv": [3.125, 7, 3.25, 7.125], "texture": "#0"},
				"west": {"uv": [7, 0.125, 7.25, 0.25], "texture": "#0"},
				"up": {"uv": [7.125, 0.5, 7, 0.25], "texture": "#0"},
				"down": {"uv": [7.125, 0.5, 7, 0.75], "texture": "#0"}
			}
		},
		{
			"from": [9.8, 1.25, -6],
			"to": [10.9, 1.45, 5],
			"faces": {
				"north": {"uv": [0.125, 5, 1.25, 5.25], "texture": "#0"},
				"east": {"uv": [1.625, 5, 2, 5.25], "texture": "#0"},
				"south": {"uv": [0, 5, 1.125, 5.25], "texture": "#0"},
				"west": {"uv": [1.75, 5.25, 2.125, 5.5], "texture": "#0"},
				"up": {"uv": [1.125, 5.25, 0, 5], "texture": "#0"},
				"down": {"uv": [1.125, 5, 0, 5.25], "texture": "#0"}
			}
		},
		{
			"from": [4.8, 1.2, -0.6],
			"to": [6.3, 1.5, 2],
			"faces": {
				"north": {"uv": [0.125, 5, 1.25, 5.25], "texture": "#0"},
				"east": {"uv": [1.625, 5.125, 2, 5.375], "texture": "#0"},
				"south": {"uv": [0, 5, 1.125, 5.25], "texture": "#0"},
				"west": {"uv": [1.75, 5.5, 2.125, 5.75], "texture": "#0"},
				"up": {"uv": [1.125, 5.25, 0, 5.125], "texture": "#0"},
				"down": {"uv": [1.125, 5, 0, 5.25], "texture": "#0"}
			}
		},
		{
			"from": [5, 1.25, -6],
			"to": [6.1, 1.45, 2],
			"faces": {
				"north": {"uv": [0.125, 5, 1.25, 5.25], "texture": "#0"},
				"east": {"uv": [1.625, 5.125, 2, 5.375], "texture": "#0"},
				"south": {"uv": [0, 5, 1.125, 5.25], "texture": "#0"},
				"west": {"uv": [1.75, 5.5, 2.125, 5.75], "texture": "#0"},
				"up": {"uv": [1.125, 5.25, 0, 5.125], "texture": "#0"},
				"down": {"uv": [1.125, 5, 0, 5.25], "texture": "#0"}
			}
		},
		{
			"from": [4.8, 1.2, -3.8],
			"to": [6.3, 1.5, -1],
			"faces": {
				"north": {"uv": [0.125, 5, 1.25, 5.25], "texture": "#0"},
				"east": {"uv": [1.625, 5.125, 2, 5.375], "texture": "#0"},
				"south": {"uv": [0, 5, 1.125, 5.25], "texture": "#0"},
				"west": {"uv": [1.75, 5.5, 2.125, 5.75], "texture": "#0"},
				"up": {"uv": [1.125, 5.25, 0, 5.125], "texture": "#0"},
				"down": {"uv": [1.125, 5, 0, 5.25], "texture": "#0"}
			}
		},
		{
			"from": [4.8, 1.2, -5.3],
			"to": [6.3, 1.5, -4.1],
			"faces": {
				"north": {"uv": [0.125, 5, 1.25, 5.25], "texture": "#0"},
				"east": {"uv": [1.625, 5.125, 2, 5.375], "texture": "#0"},
				"south": {"uv": [0, 5, 1.125, 5.25], "texture": "#0"},
				"west": {"uv": [1.75, 5.5, 2.125, 5.75], "texture": "#0"},
				"up": {"uv": [1.125, 5.25, 0, 5.125], "texture": "#0"},
				"down": {"uv": [1.125, 5, 0, 5.25], "texture": "#0"}
			}
		},
		{
			"from": [5.2, 1.3, -7.1],
			"to": [5.9, 1.4, -6],
			"faces": {
				"north": {"uv": [0.125, 5, 1.25, 5.25], "texture": "#0"},
				"east": {"uv": [1.625, 5.125, 2, 5.375], "texture": "#0"},
				"south": {"uv": [0, 5, 1.125, 5.25], "texture": "#0"},
				"west": {"uv": [1.75, 5.5, 2.125, 5.75], "texture": "#0"},
				"up": {"uv": [1.125, 5.25, 0, 5.125], "texture": "#0"},
				"down": {"uv": [1.125, 5, 0, 5.25], "texture": "#0"}
			}
		},
		{
			"from": [10, 1.3, -7.1],
			"to": [10.7, 1.4, -6],
			"faces": {
				"north": {"uv": [0.125, 5, 1.25, 5.25], "texture": "#0"},
				"east": {"uv": [1.625, 5.125, 2, 5.375], "texture": "#0"},
				"south": {"uv": [0, 5, 1.125, 5.25], "texture": "#0"},
				"west": {"uv": [1.75, 5.5, 2.125, 5.75], "texture": "#0"},
				"up": {"uv": [1.125, 5.25, 0, 5.125], "texture": "#0"},
				"down": {"uv": [1.125, 5, 0, 5.25], "texture": "#0"}
			}
		},
		{
			"from": [9.6, 1.2, -0.6],
			"to": [11.1, 1.5, 2],
			"faces": {
				"north": {"uv": [0.125, 5, 1.25, 5.25], "texture": "#0"},
				"east": {"uv": [1.625, 5.125, 2, 5.375], "texture": "#0"},
				"south": {"uv": [0, 5, 1.125, 5.25], "texture": "#0"},
				"west": {"uv": [1.75, 5.5, 2.125, 5.75], "texture": "#0"},
				"up": {"uv": [1.125, 5.25, 0, 5.125], "texture": "#0"},
				"down": {"uv": [1.125, 5, 0, 5.25], "texture": "#0"}
			}
		},
		{
			"from": [9.6, 1.2, -3.8],
			"to": [11.1, 1.5, -1],
			"faces": {
				"north": {"uv": [0.125, 5, 1.25, 5.25], "texture": "#0"},
				"east": {"uv": [1.625, 5.125, 2, 5.375], "texture": "#0"},
				"south": {"uv": [0, 5, 1.125, 5.25], "texture": "#0"},
				"west": {"uv": [1.75, 5.5, 2.125, 5.75], "texture": "#0"},
				"up": {"uv": [1.125, 5.25, 0, 5.125], "texture": "#0"},
				"down": {"uv": [1.125, 5, 0, 5.25], "texture": "#0"}
			}
		},
		{
			"from": [9.6, 1.2, -5.3],
			"to": [11.1, 1.5, -4.1],
			"faces": {
				"north": {"uv": [0.125, 5, 1.25, 5.25], "texture": "#0"},
				"east": {"uv": [1.625, 5.125, 2, 5.375], "texture": "#0"},
				"south": {"uv": [0, 5, 1.125, 5.25], "texture": "#0"},
				"west": {"uv": [1.75, 5.5, 2.125, 5.75], "texture": "#0"},
				"up": {"uv": [1.125, 5.25, 0, 5.125], "texture": "#0"},
				"down": {"uv": [1.125, 5, 0, 5.25], "texture": "#0"}
			}
		}
	],
	"display": {
		"thirdperson_righthand": {
			"rotation": [0, 0, -90],
			"translation": [9, -1.5, 1]
		},
		"thirdperson_lefthand": {
			"rotation": [0, 0, -90],
			"translation": [9, -1.5, 1]
		},
		"firstperson_righthand": {
			"rotation": [22, 9, -3],
			"translation": [0.5, 9, 9]
		},
		"firstperson_lefthand": {
			"rotation": [22, 9, -3],
			"translation": [0.5, 9, 9]
		},
		"ground": {
			"translation": [0, 9.25, 0]
		},
		"gui": {
			"rotation": [45, 156, 0],
			"translation": [-0.5, 3.25, 0],
			"scale": [0.73, 0.73, 0.73]
		},
		"head": {
			"rotation": [90, 180, 0],
			"translation": [0, -21.75, 14.5],
			"scale": [1.5, 1.5, 1.5]
		},
		"fixed": {
			"rotation": [-90, 0, 0],
			"translation": [0, 0, -12.5],
			"scale": [1.5, 1.5, 1.5]
		}
	},
	"groups": [
		{
			"name": "group",
			"origin": [0, 0, 0],
			"color": 0,
			"children": [0, 1, 2, 3, 4, 5, 6, 7, 8, 9, 10, 11, 12, 13, 14, 15, 16, 17, 18, 19, 20, 21, 22, 23, 24, 25, 26, 27, 28, 29, 30, 31, 32]
		},
		33,
		34,
		35,
		36,
		37,
		38,
		39,
		40,
		41,
		42
	]
}