{
	"name": "big_ears",
	"render_type": "bedrock",
	"hidden_parts": [],
	"texture": "moreplayermodels:textures/ears/big_ears/big_ears.png",
	"body_part": "head",
	"menu": "_Ears",
	"preview_rotation": 45,
	"translate": [0, 0, 0],
	"scale": [1, 1, 1],
	"rotate_offset": [0, 0, 0.0],
	"rotate": [0.0, 0, 0.0],
	"can_use_player_skin" : false,
	"author": "Anfauglir/Valaron/Jakob",
	"render_data" : {
        "format_version": "1.12.0",
	    "minecraft:geometry": [
	    	{
				"description": {
					"identifier": "geometry.steve",
					"texture_width": 16,
					"texture_height": 16,
					"visible_bounds_width": 2,
					"visible_bounds_height": 2.5,
					"visible_bounds_offset": [0, 0.75, 0]
				},
				"bones": [
					{
						"name": "head",
						"pivot": [0, 0, 0]
					},
					{
						"name": "ear_left",
						"parent": "head",
						"pivot": [2.5, 8.25, -2],
						"rotation": [-12.5, 0, 30],
						"cubes": [
							{"origin": [1.5, 7.25, -2], "size": [3, 4, 1], "uv": [0, 0]},
							{"origin": [1.5, 7.25, -2], "size": [3, 4, 1], "inflate": 0.2, "uv": [0, 5]}
						]
					},
					{
						"name": "ear_right",
						"parent": "head",
						"pivot": [-2.5, 8.25, -2],
						"rotation": [-12.5, 0, -30],
						"cubes": [
							{"origin": [-4.5, 7.25, -2], "size": [3, 4, 1], "uv": [8, 0]},
							{"origin": [-4.5, 7.25, -2], "size": [3, 4, 1], "inflate": 0.2, "uv": [8, 5]}
						]
					}
				]
			}
	    ]
	}
}