{
	"credit": "Made with Blockbench",
	"textures": {
		"0": "item/serpico_sword",
		"particle": "item/serpico_sword"
	},
	"elements": [
		{
			"from": [7.9, -15, 7.9],
			"to": [8.7, -10, 8.7],
			"faces": {
				"north": {"uv": [4, 0, 5, 5], "texture": "#0"},
				"east": {"uv": [5, 0, 6, 5], "texture": "#0"},
				"south": {"uv": [4, 5, 5, 10], "texture": "#0"},
				"west": {"uv": [5, 5, 6, 10], "texture": "#0"},
				"up": {"uv": [10, 1, 9, 0], "texture": "#0"},
				"down": {"uv": [10, 1, 9, 2], "texture": "#0"}
			}
		},
		{
			"from": [7.7, -15.19513, 8.08738],
			"to": [8.9, -15.09513, 9.28738],
			"rotation": {"angle": -22.5, "axis": "x", "origin": [8.3, -13.59513, 8.38738]},
			"faces": {
				"north": {"uv": [9, 2, 10, 3], "texture": "#0"},
				"east": {"uv": [9, 3, 10, 4], "texture": "#0"},
				"south": {"uv": [6, 9, 7, 10], "texture": "#0"},
				"west": {"uv": [7, 9, 8, 10], "texture": "#0"},
				"up": {"uv": [9, 10, 8, 9], "texture": "#0"},
				"down": {"uv": [10, 9, 9, 10], "texture": "#0"}
			}
		},
		{
			"from": [7.6, -15.42, 8.58738],
			"to": [9, -15.32, 9.28738],
			"rotation": {"angle": -45, "axis": "x", "origin": [8.3, -13.59513, 8.38738]},
			"faces": {
				"north": {"uv": [10, 0, 11, 1], "texture": "#0"},
				"east": {"uv": [10, 1, 11, 2], "texture": "#0"},
				"south": {"uv": [10, 2, 11, 3], "texture": "#0"},
				"west": {"uv": [10, 3, 11, 4], "texture": "#0"},
				"up": {"uv": [5, 11, 4, 10], "texture": "#0"},
				"down": {"uv": [11, 4, 10, 5], "texture": "#0"}
			}
		},
		{
			"from": [7.5, -13.5, 10.3],
			"to": [9.1, -12.7, 10.4],
			"rotation": {"angle": 22.5, "axis": "x", "origin": [8.3, -13.59513, 8.38738]},
			"faces": {
				"north": {"uv": [6, 4, 8, 5], "texture": "#0"},
				"east": {"uv": [5, 10, 6, 11], "texture": "#0"},
				"south": {"uv": [6, 5, 8, 6], "texture": "#0"},
				"west": {"uv": [10, 5, 11, 6], "texture": "#0"},
				"up": {"uv": [8, 7, 6, 6], "texture": "#0"},
				"down": {"uv": [8, 7, 6, 8], "texture": "#0"}
			}
		},
		{
			"from": [7.4, -13.55, 10.5],
			"to": [9.2, -11.65, 10.6],
			"rotation": {"angle": 0, "axis": "x", "origin": [8.3, -13.59513, 8.38738]},
			"faces": {
				"north": {"uv": [6, 0, 8, 2], "texture": "#0"},
				"east": {"uv": [8, 0, 9, 2], "texture": "#0"},
				"south": {"uv": [6, 2, 8, 4], "texture": "#0"},
				"west": {"uv": [8, 2, 9, 4], "texture": "#0"},
				"up": {"uv": [10, 5, 8, 4], "texture": "#0"},
				"down": {"uv": [10, 5, 8, 6], "texture": "#0"}
			}
		},
		{
			"from": [7.7, -10.4, 7.8],
			"to": [8.9, -10.3, 9.02],
			"rotation": {"angle": 22.5, "axis": "x", "origin": [8.3, -12.29513, 8.98738]},
			"faces": {
				"north": {"uv": [6, 10, 7, 11], "texture": "#0"},
				"east": {"uv": [10, 6, 11, 7], "texture": "#0"},
				"south": {"uv": [7, 10, 8, 11], "texture": "#0"},
				"west": {"uv": [10, 7, 11, 8], "texture": "#0"},
				"up": {"uv": [9, 11, 8, 10], "texture": "#0"},
				"down": {"uv": [11, 8, 10, 9], "texture": "#0"}
			}
		},
		{
			"from": [7.5, -12.32, 10.62],
			"to": [9.1, -11.63, 10.72],
			"rotation": {"angle": -22.5, "axis": "x", "origin": [8.3, -12.29513, 8.98738]},
			"faces": {
				"north": {"uv": [6, 8, 8, 9], "texture": "#0"},
				"east": {"uv": [9, 10, 10, 11], "texture": "#0"},
				"south": {"uv": [8, 6, 10, 7], "texture": "#0"},
				"west": {"uv": [10, 9, 11, 10], "texture": "#0"},
				"up": {"uv": [10, 8, 8, 7], "texture": "#0"},
				"down": {"uv": [10, 8, 8, 9], "texture": "#0"}
			}
		},
		{
			"from": [7.6, -10.55, 8.25],
			"to": [9, -10.45, 9.05],
			"rotation": {"angle": 45, "axis": "x", "origin": [8.3, -12.29513, 8.98738]},
			"faces": {
				"north": {"uv": [10, 10, 11, 11], "texture": "#0"},
				"east": {"uv": [11, 0, 12, 1], "texture": "#0"},
				"south": {"uv": [11, 1, 12, 2], "texture": "#0"},
				"west": {"uv": [11, 2, 12, 3], "texture": "#0"},
				"up": {"uv": [12, 4, 11, 3], "texture": "#0"},
				"down": {"uv": [5, 11, 4, 12], "texture": "#0"}
			}
		},
		{
			"from": [7.6, -10.2, 7.6],
			"to": [9, -9.6, 9],
			"faces": {
				"north": {"uv": [11, 4, 12, 5], "texture": "#0"},
				"east": {"uv": [5, 11, 6, 12], "texture": "#0"},
				"south": {"uv": [11, 5, 12, 6], "texture": "#0"},
				"west": {"uv": [6, 11, 7, 12], "texture": "#0"},
				"up": {"uv": [12, 7, 11, 6], "texture": "#0"},
				"down": {"uv": [8, 11, 7, 12], "texture": "#0"}
			}
		},
		{
			"from": [7.7, -15.6, 7.7],
			"to": [8.9, -15, 8.9],
			"faces": {
				"north": {"uv": [11, 7, 12, 8], "texture": "#0"},
				"east": {"uv": [8, 11, 9, 12], "texture": "#0"},
				"south": {"uv": [11, 8, 12, 9], "texture": "#0"},
				"west": {"uv": [9, 11, 10, 12], "texture": "#0"},
				"up": {"uv": [12, 10, 11, 9], "texture": "#0"},
				"down": {"uv": [11, 11, 10, 12], "texture": "#0"}
			}
		},
		{
			"from": [8.2, -9.6, 7.9],
			"to": [8.4, 6.4, 8.7],
			"faces": {
				"north": {"uv": [0, 0, 1, 16], "texture": "#0"},
				"east": {"uv": [1, 0, 2, 16], "texture": "#0"},
				"south": {"uv": [2, 0, 3, 16], "texture": "#0"},
				"west": {"uv": [3, 0, 4, 16], "texture": "#0"},
				"up": {"uv": [12, 11, 11, 10], "texture": "#0"},
				"down": {"uv": [12, 11, 11, 12], "texture": "#0"}
			}
		},
		{
			"from": [8.2, 8.93, 4.85],
			"to": [8.4, 9.63, 5.15],
			"rotation": {"angle": 22.5, "axis": "x", "origin": [0, 0, 0]},
			"faces": {
				"north": {"uv": [12, 0, 13, 1], "texture": "#0"},
				"east": {"uv": [12, 1, 13, 2], "texture": "#0"},
				"south": {"uv": [12, 2, 13, 3], "texture": "#0"},
				"west": {"uv": [12, 3, 13, 4], "texture": "#0"},
				"up": {"uv": [5, 13, 4, 12], "texture": "#0"},
				"down": {"uv": [13, 4, 12, 5], "texture": "#0"}
			}
		},
		{
			"from": [8.2, 2.57, 10.185],
			"to": [8.4, 3.27, 10.485],
			"rotation": {"angle": -22.5, "axis": "x", "origin": [0, 0, 0]},
			"faces": {
				"north": {"uv": [5, 12, 6, 13], "texture": "#0"},
				"east": {"uv": [12, 5, 13, 6], "texture": "#0"},
				"south": {"uv": [6, 12, 7, 13], "texture": "#0"},
				"west": {"uv": [12, 6, 13, 7], "texture": "#0"},
				"up": {"uv": [8, 13, 7, 12], "texture": "#0"},
				"down": {"uv": [13, 7, 12, 8], "texture": "#0"}
			}
		},
		{
			"from": [8.2, 6.4, 8.15],
			"to": [8.4, 6.6, 8.45],
			"faces": {
				"north": {"uv": [8, 12, 9, 13], "texture": "#0"},
				"east": {"uv": [12, 8, 13, 9], "texture": "#0"},
				"south": {"uv": [9, 12, 10, 13], "texture": "#0"},
				"west": {"uv": [12, 9, 13, 10], "texture": "#0"},
				"up": {"uv": [11, 13, 10, 12], "texture": "#0"},
				"down": {"uv": [13, 10, 12, 11], "texture": "#0"}
			}
		},
		{
			"from": [8.2, 6.98, 8.18],
			"to": [8.4, 7.159, 8.28],
			"rotation": {"angle": 45, "axis": "x", "origin": [8.3, 7.02829, 8.24042]},
			"faces": {
				"north": {"uv": [11, 12, 12, 13], "texture": "#0"},
				"east": {"uv": [12, 11, 13, 12], "texture": "#0"},
				"south": {"uv": [12, 12, 13, 13], "texture": "#0"},
				"west": {"uv": [13, 0, 14, 1], "texture": "#0"},
				"up": {"uv": [14, 2, 13, 1], "texture": "#0"},
				"down": {"uv": [14, 2, 13, 3], "texture": "#0"}
			}
		},
		{
			"from": [8.2, 6.96264, 8.282],
			"to": [8.4, 7.15864, 8.382],
			"rotation": {"angle": -45, "axis": "x", "origin": [8.3, 7.06264, 8.32546]},
			"faces": {
				"north": {"uv": [13, 3, 14, 4], "texture": "#0"},
				"east": {"uv": [4, 13, 5, 14], "texture": "#0"},
				"south": {"uv": [13, 4, 14, 5], "texture": "#0"},
				"west": {"uv": [5, 13, 6, 14], "texture": "#0"},
				"up": {"uv": [14, 6, 13, 5], "texture": "#0"},
				"down": {"uv": [7, 13, 6, 14], "texture": "#0"}
			}
		},
		{
			"from": [8.2, 6.9, 8.25],
			"to": [8.4, 7.1, 8.35],
			"faces": {
				"north": {"uv": [13, 6, 14, 7], "texture": "#0"},
				"east": {"uv": [7, 13, 8, 14], "texture": "#0"},
				"south": {"uv": [13, 7, 14, 8], "texture": "#0"},
				"west": {"uv": [8, 13, 9, 14], "texture": "#0"},
				"up": {"uv": [14, 9, 13, 8], "texture": "#0"},
				"down": {"uv": [10, 13, 9, 14], "texture": "#0"}
			}
		}
	],
	"display": {
		"thirdperson_righthand": {
			"rotation": [0, 180, 0],
			"translation": [0, 18.5, 0.25]
		},
		"thirdperson_lefthand": {
			"rotation": [180, 0, 0],
			"translation": [-0.75, -19.75, 0]
		},
		"firstperson_righthand": {
			"rotation": [0, 176, 0],
			"translation": [2, 19, 1]
		},
		"firstperson_lefthand": {
			"rotation": [-12, 180, 180],
			"translation": [1, -15.5, 5.5]
		},
		"ground": {
			"rotation": [0, 0, 90],
			"translation": [-12.5, 0, 0],
			"scale": [1.2, 1.2, 1.2]
		},
		"gui": {
			"rotation": [90, -45, 90],
			"translation": [-7.5, 7.75, 0],
			"scale": [0.85, 0.85, 0.85]
		},
		"head": {
			"translation": [0, 35.5, 0]
		},
		"fixed": {
			"rotation": [180, 86, 0],
			"translation": [0, -25, -2],
			"scale": [2, 2, 2]
		}
	},
	"groups": [
		{
			"name": "group",
			"origin": [0, 0, 0],
			"color": 0,
			"nbt": "{}",
			"armAnimationEnabled": false,
			"children": [0, 1, 2, 3, 4, 5, 6, 7, 8, 9, 10, 11, 12, 13, 14, 15, 16]
		}
	]
}