{
	"credit": "Made with Blockbench",
	"texture_size": [32, 32],
	"textures": {
		"0": "item/behelit",
		"particle": "behelit"
	},
	"elements": [
		{
			"from": [5, 0, 6],
			"to": [9, 5, 10],
			"faces": {
				"north": {"uv": [0, 0, 4, 6], "texture": "#0"},
				"east": {"uv": [4, 0, 8, 6], "texture": "#0"},
				"south": {"uv": [0, 6, 4, 12], "texture": "#0"},
				"west": {"uv": [4, 6, 8, 12], "texture": "#0"},
				"up": {"uv": [12, 4, 8, 0], "texture": "#0"},
				"down": {"uv": [12, 4, 8, 8], "texture": "#0"}
			}
		},
		{
			"from": [6.2, 5, 7.2],
			"to": [7.8, 5.5, 8.8],
			"faces": {
				"north": {"uv": [12.5, 10.5, 13.3, 10.75], "texture": "#0"},
				"east": {"uv": [12.5, 13.5, 13.3, 13.75], "texture": "#0"},
				"south": {"uv": [12.5, 9.5, 13.3, 9.75], "texture": "#0"},
				"west": {"uv": [12.5, 12, 13.3, 12.25], "texture": "#0"},
				"up": {"uv": [11.5, 14, 12.3, 14.8], "texture": "#0"},
				"down": {"uv": [11.5, 13, 12.3, 13.8], "texture": "#0"}
			}
		},
		{
			"from": [-0.8, 16.5, 8],
			"to": [14.2, 27.5, 8],
			"faces": {
				"north": {"uv": [0, 12, 5.5, 16], "texture": "#0"},
				"east": {"uv": [0, 0, 0, 6], "texture": "#0"},
				"south": {"uv": [0, 12, 5.5, 16], "texture": "#0"},
				"west": {"uv": [0, 0, 0, 6], "texture": "#0"},
				"up": {"uv": [0, 0, 6, 0], "texture": "#0"},
				"down": {"uv": [0, 0, 6, 0], "texture": "#0"}
			}
		},
		{
			"from": [2.2, 5.5, 8],
			"to": [13.2, 16.5, 8],
			"faces": {
				"north": {"uv": [5, 12, 9, 16], "texture": "#0"},
				"east": {"uv": [0, 0, 0, 6], "texture": "#0"},
				"south": {"uv": [5, 12, 9, 16], "texture": "#0"},
				"west": {"uv": [0, 0, 0, 6], "texture": "#0"},
				"up": {"uv": [0, 0, 6, 0], "texture": "#0"},
				"down": {"uv": [0, 0, 6, 0], "texture": "#0"}
			}
		}
	],
	"display": {
		"thirdperson_righthand": {
			"rotation": [0, -140, 0],
			"translation": [-1, 3.25, 0.5],
			"scale": [0.5, 0.5, 0.5]
		},
		"thirdperson_lefthand": {
			"rotation": [70, 0, 0],
			"translation": [-6, -0.25, 8],
			"scale": [0.25, 0.25, 0.25]
		},
		"firstperson_righthand": {
			"rotation": [179, 61, -34],
			"translation": [-1, 2.5, 4.25],
			"scale": [0.49, 0.49, 0.49]
		},
		"firstperson_lefthand": {
			"rotation": [-36, 173, 180],
			"translation": [3.25, 0.5, 0.75],
			"scale": [0.62, 0.62, 0.62]
		},
		"ground": {
			"rotation": [90, 0, 0],
			"translation": [0, 0, 5.25]
		},
		"gui": {
			"rotation": [-21, -162, -31],
			"translation": [1, -3, 0],
			"scale": [0.6, 0.6, 0.6]
		},
		"head": {
			"translation": [0.5, -11.5, -3.75],
			"scale": [0.5, 0.5, 0.5]
		},
		"fixed": {
			"translation": [1.75, 12, -2.25],
			"scale": [2, 2, 2]
		}
	},
	"groups": [
		{
			"name": "group",
			"origin": [8, 8, 8],
			"color": 0,
			"nbt": "{}",
			"armAnimationEnabled": false,
			"children": [0, 1, 2, 3]
		}
	]
}