{
	"credit": "Made with Blockbench",
	"texture_size": [128, 128],
	"textures": {
		"0": "item/goldenagehelm",
		"particle": "item/goldenagehelm"
	},
	"elements": [
		{
			"from": [0.5, 0, 0.5],
			"to": [15, 14.5, 15],
			"faces": {
				"north": {"uv": [0, 0, 1.875, 1.875], "texture": "#0"},
				"east": {"uv": [0, 1.875, 1.875, 3.75], "texture": "#0"},
				"south": {"uv": [1.875, 0, 3.75, 1.875], "texture": "#0"},
				"west": {"uv": [1.875, 1.875, 3.75, 3.75], "texture": "#0"},
				"up": {"uv": [1.875, 5.625, 0, 3.75], "texture": "#0"},
				"down": {"uv": [5.625, 0, 3.75, 1.875], "texture": "#0"}
			}
		},
		{
			"from": [15, 1, 2.4],
			"to": [15.1, 11.5, 5.9],
			"rotation": {"angle": 22.5, "axis": "x", "origin": [0, 0, -0.3]},
			"faces": {
				"north": {"uv": [7.375, 7.375, 7.5, 8.75], "texture": "#0"},
				"east": {"uv": [7.125, 4.75, 7.625, 6.125], "texture": "#0"},
				"south": {"uv": [7.5, 0, 7.625, 1.375], "texture": "#0"},
				"west": {"uv": [5.125, 7.125, 5.625, 8.5], "texture": "#0"},
				"up": {"uv": [2.75, 8, 2.625, 7.5], "texture": "#0"},
				"down": {"uv": [2.875, 7.5, 2.75, 8], "texture": "#0"}
			}
		},
		{
			"from": [0.4, 1, 2.4],
			"to": [0.5, 11.5, 5.9],
			"rotation": {"angle": 22.5, "axis": "x", "origin": [0, 0, -0.3]},
			"faces": {
				"north": {"uv": [1.875, 7.5, 2, 8.875], "texture": "#0"},
				"east": {"uv": [5.625, 7.125, 6.125, 8.5], "texture": "#0"},
				"south": {"uv": [2, 7.5, 2.125, 8.875], "texture": "#0"},
				"west": {"uv": [6.125, 7.125, 6.625, 8.5], "texture": "#0"},
				"up": {"uv": [3, 8, 2.875, 7.5], "texture": "#0"},
				"down": {"uv": [3.125, 7.5, 3, 8], "texture": "#0"}
			}
		},
		{
			"from": [0.6, 0.9, 0],
			"to": [14.9, 2.8, 0.3],
			"rotation": {"angle": 0, "axis": "y", "origin": [0, 0, -0.3]},
			"faces": {
				"north": {"uv": [5.625, 1.5, 7.5, 1.75], "texture": "#0"},
				"east": {"uv": [7.375, 2.5, 8.125, 2.75], "texture": "#0"},
				"south": {"uv": [7.125, 6.125, 9, 6.375], "texture": "#0"},
				"west": {"uv": [7.375, 2.75, 8.125, 3], "texture": "#0"},
				"up": {"uv": [7.5, 0.75, 5.625, 0], "texture": "#0"},
				"down": {"uv": [7.5, 0.75, 5.625, 1.5], "texture": "#0"}
			}
		},
		{
			"from": [0.3, 6.9, 0],
			"to": [15.2, 8.8, 11.3],
			"rotation": {"angle": 0, "axis": "y", "origin": [0, 0, -0.3]},
			"faces": {
				"north": {"uv": [7.125, 6.375, 9, 6.625], "texture": "#0"},
				"east": {"uv": [7.375, 1.75, 8.75, 2], "texture": "#0"},
				"south": {"uv": [6.625, 7.125, 8.5, 7.375], "texture": "#0"},
				"west": {"uv": [7.375, 2, 8.75, 2.25], "texture": "#0"},
				"up": {"uv": [7.375, 3.25, 5.5, 1.875], "texture": "#0"},
				"down": {"uv": [1.875, 5.625, 0, 7], "texture": "#0"}
			}
		},
		{
			"from": [0.3, 0.9, 0],
			"to": [0.6, 2.8, 6.3],
			"rotation": {"angle": 0, "axis": "y", "origin": [0, 0, -0.3]},
			"faces": {
				"north": {"uv": [0, 9.625, 1.875, 9.875], "texture": "#0"},
				"east": {"uv": [3.75, 10.375, 4.5, 10.625], "texture": "#0"},
				"south": {"uv": [1.875, 9.625, 3.75, 9.875], "texture": "#0"},
				"west": {"uv": [3.75, 10.125, 4.5, 10.375], "texture": "#0"},
				"up": {"uv": [1.875, 10.625, 0, 9.875], "texture": "#0"},
				"down": {"uv": [3.75, 9.875, 1.875, 10.625], "texture": "#0"}
			}
		},
		{
			"from": [14.9, 0.9, 0],
			"to": [15.2, 2.8, 6.3],
			"rotation": {"angle": 0, "axis": "y", "origin": [0, 0, -0.3]},
			"faces": {
				"north": {"uv": [0, 14, 1.875, 14.25], "texture": "#0"},
				"east": {"uv": [2.375, 15.75, 3.125, 16], "texture": "#0"},
				"south": {"uv": [0, 13.375, 1.875, 13.625], "texture": "#0"},
				"west": {"uv": [2.375, 15.25, 3.125, 15.5], "texture": "#0"},
				"up": {"uv": [1.875, 16, 0, 15.25], "texture": "#0"},
				"down": {"uv": [1.875, 14.375, 0, 15.125], "texture": "#0"}
			}
		},
		{
			"from": [7.6, 0.9, -1.3],
			"to": [7.9, 8.8, 0],
			"rotation": {"angle": 0, "axis": "y", "origin": [0, 0, -0.3]},
			"faces": {
				"north": {"uv": [2.125, 7.5, 2.25, 8.5], "texture": "#0"},
				"east": {"uv": [2.25, 7.5, 2.375, 8.5], "texture": "#0"},
				"south": {"uv": [2.375, 7.5, 2.5, 8.5], "texture": "#0"},
				"west": {"uv": [2.5, 7.5, 2.625, 8.5], "texture": "#0"},
				"up": {"uv": [5.375, 3.75, 5.25, 3.625], "texture": "#0"},
				"down": {"uv": [5.625, 3.5, 5.5, 3.625], "texture": "#0"}
			}
		},
		{
			"from": [0.3, 4.5, 0],
			"to": [15.2, 4.7, 6.3],
			"rotation": {"angle": 0, "axis": "y", "origin": [0, 0, -0.3]},
			"faces": {
				"north": {"uv": [7.375, 2.25, 9.25, 2.375], "texture": "#0"},
				"east": {"uv": [3.75, 3.625, 4.5, 3.75], "texture": "#0"},
				"south": {"uv": [7.375, 2.375, 9.25, 2.5], "texture": "#0"},
				"west": {"uv": [4.5, 3.625, 5.25, 3.75], "texture": "#0"},
				"up": {"uv": [1.875, 7.75, 0, 7], "texture": "#0"},
				"down": {"uv": [9, 3.25, 7.125, 4], "texture": "#0"}
			}
		},
		{
			"from": [1.6, -4, 14.1],
			"to": [13.9, 2.4, 16.3],
			"rotation": {"angle": -22.5, "axis": "x", "origin": [0, 0, 0]},
			"faces": {
				"north": {"uv": [3.625, 7, 5.125, 7.75], "texture": "#0"},
				"east": {"uv": [3.375, 7.25, 3.625, 8], "texture": "#0"},
				"south": {"uv": [7.125, 4, 8.625, 4.75], "texture": "#0"},
				"west": {"uv": [6.625, 7.375, 6.875, 8.125], "texture": "#0"},
				"up": {"uv": [7, 3.5, 5.5, 3.25], "texture": "#0"},
				"down": {"uv": [3.375, 7.25, 1.875, 7.5], "texture": "#0"}
			}
		},
		{
			"from": [0.6, -3.7, 13.8],
			"to": [14.9, 0.5, 16],
			"rotation": {"angle": -22.5, "axis": "x", "origin": [0, 0, 0]},
			"faces": {
				"north": {"uv": [3.625, 5.5, 5.375, 6.25], "texture": "#0"},
				"east": {"uv": [6.875, 7.375, 7.125, 8.125], "texture": "#0"},
				"south": {"uv": [3.625, 6.25, 5.375, 7], "texture": "#0"},
				"west": {"uv": [7.125, 7.375, 7.375, 8.125], "texture": "#0"},
				"up": {"uv": [8.875, 6.875, 7.125, 6.625], "texture": "#0"},
				"down": {"uv": [8.875, 6.875, 7.125, 7.125], "texture": "#0"}
			}
		},
		{
			"from": [0.5, 0, 0.5],
			"to": [15, 14.5, 15],
			"faces": {
				"north": {"uv": [14.125, 0, 16, 1.875], "texture": "#0"},
				"east": {"uv": [14.125, 9.375, 16, 11.25], "texture": "#0"},
				"south": {"uv": [14.125, 3.75, 16, 5.625], "texture": "#0"},
				"west": {"uv": [14.125, 5.625, 16, 7.5], "texture": "#0"},
				"up": {"uv": [16, 9.375, 14.125, 7.5], "texture": "#0"},
				"down": {"uv": [16, 1.875, 14.125, 3.75], "texture": "#0"}
			}
		},
		{
			"from": [0.6, -6.5, 9.6],
			"to": [14.9, -3.7, 16],
			"rotation": {"angle": -22.5, "axis": "x", "origin": [0, 0, 0]},
			"faces": {
				"north": {"uv": [13.625, 13, 11.875, 13.25], "rotation": 180, "texture": "#0"},
				"east": {"uv": [11.625, 13.5, 11.875, 14.25], "rotation": 270, "texture": "#0"},
				"south": {"uv": [13.625, 13, 11.875, 12.75], "texture": "#0"},
				"west": {"uv": [12, 13.5, 12.25, 14.25], "rotation": 90, "texture": "#0"},
				"up": {"uv": [8.375, 11.625, 10.125, 12.375], "rotation": 180, "texture": "#0"},
				"down": {"uv": [8.375, 12.375, 10.125, 13.125], "texture": "#0"}
			}
		},
		{
			"from": [0.8, 0, 0.6],
			"to": [14.9, 14.4, 14.9],
			"faces": {
				"north": {"uv": [1.875, 3.75, 3.625, 5.5], "texture": "#0"},
				"east": {"uv": [3.75, 1.875, 5.5, 3.625], "texture": "#0"},
				"south": {"uv": [3.625, 3.75, 5.375, 5.5], "texture": "#0"},
				"west": {"uv": [5.375, 3.625, 7.125, 5.375], "texture": "#0"},
				"up": {"uv": [7.125, 7.125, 5.375, 5.375], "texture": "#0"},
				"down": {"uv": [3.625, 5.5, 1.875, 7.25], "texture": "#0"}
			}
		}
	],
	"display": {
		"thirdperson_righthand": {
			"rotation": [0, 22, 0],
			"translation": [0, -2.75, 0],
			"scale": [0.5, 0.5, 0.5]
		},
		"thirdperson_lefthand": {
			"rotation": [0, 22, 0],
			"translation": [0, -2.75, 0],
			"scale": [0.5, 0.5, 0.5]
		},
		"firstperson_righthand": {
			"rotation": [0, 22, 0],
			"scale": [0.5, 0.5, 0.5]
		},
		"firstperson_lefthand": {
			"rotation": [0, 22, 0],
			"scale": [0.5, 0.5, 0.5]
		},
		"ground": {
			"translation": [0, 4.25, 0],
			"scale": [0.5, 0.5, 0.5]
		},
		"gui": {
			"rotation": [45, 145, 0],
			"translation": [0, 0.5, 0],
			"scale": [0.65, 0.65, 0.65]
		},
		"head": {
			"translation": [0.25, 0.75, 0.25]
		},
		"fixed": {
			"rotation": [-104.5, 0, 0],
			"translation": [0, 0, -9]
		}
	},
	"groups": [
		{
			"name": "group",
			"origin": [0, 0, 0],
			"color": 0,
			"nbt": "{}",
			"armAnimationEnabled": false,
			"children": [0, 1, 2, 3, 4, 5, 6, 7, 8, 9, 10, 11, 12]
		},
		13
	]
}