{
    "parent": "item/phantomblade_standby",
    "overrides": [
        {
            "predicate": {
                "pulling": 1
            },
            "model": "item/phantomblade_pulling_0"
        },
        {
            "predicate": {
                "pulling": 1,
                "pull": 0.15
            },
            "model": "item/phantomblade_pulling_1"
        },
        {
            "predicate": {
                "pulling": 1,
                "pull": 0.3
            },
            "model": "item/phantomblade_pulling_2"
        },
        {
            "predicate": {
                "pulling": 1,
                "pull": 0.45
            },
            "model": "item/phantomblade_pulling_3"
        },
        {
            "predicate": {
                "pulling": 1,
                "pull": 0.6
            },
            "model": "item/phantomblade_pulling_4"
        },
        {
            "predicate": {
                "pulling": 1,
                "pull": 0.75
            },
            "model": "item/phantomblade_pulling_5"
        },
        {
            "predicate": {
                "pulling": 1,
                "pull": 0.9
            },
            "model": "item/phantomblade_pulling_6"
        },
        {
            "predicate": {
                "charged": 1
            },
            "model": "item/phantomblade_ready"
        },
		{
            "predicate": {
                "charged": 1,
                "firework": 1
            },
            "model": "item/phantomblade_bomb"
        }
    ]
}