{
	"credit": "Made with Blockbench, a free, modern block model editor by JannisX11",
	"textures": {
		"0": "block/oak_planks"
	},
	"elements": [
		{
			"name": "Surface2",
			"from": [0.84, 10.75, 0.01],
			"to": [15.99, 12.75, 15.16],
			"faces": {
				"north": {"uv": [0.5, 2, 15, 4], "texture": "#0", "rotation": 180},
				"east": {"uv": [0.5, 8, 15, 10], "texture": "#0"},
				"south": {"uv": [1.5, 12, 16, 14], "texture": "#0"},
				"west": {"uv": [0.5, 4, 15, 6], "texture": "#0"},
				"down": {"uv": [0.5, 0.5, 15, 15], "texture": "#0"}
			}
		},
		{
			"name": "Top Leg 1",
			"from": [0.75, 8.25, 12.75],
			"to": [3.25, 11.75, 15.25],
			"faces": {
				"north": {"uv": [5.25, 4, 7.75, 7.5], "texture": "#0"},
				"east": {"uv": [10.25, 4, 12.75, 7.5], "texture": "#0"},
				"south": {"uv": [8.25, 4, 10.75, 7.5], "texture": "#0"},
				"west": {"uv": [6.25, 4, 8.75, 7.5], "texture": "#0"},
				"down": {"uv": [0, 0, 2.5, 2.5], "texture": "#0"}
			}
		},
		{
			"from": [1, 0, 13],
			"to": [3, 8.25, 15],
			"faces": {
				"north": {"uv": [11, 3.5, 13, 11.75], "texture": "#0"},
				"east": {"uv": [9, 3.5, 11, 11.75], "texture": "#0"},
				"south": {"uv": [8, 3.5, 10, 11.75], "texture": "#0"},
				"west": {"uv": [12, 3.5, 14, 11.75], "texture": "#0"},
				"down": {"uv": [4, 7, 6, 9], "texture": "#0"}
			}
		},
		{
			"name": "Beam1",
			"from": [1.25, 10.25, 6.25],
			"to": [2.75, 10.75, 13],
			"faces": {
				"north": {"uv": [0, 0, 1.5, 0.5], "texture": "#0"},
				"east": {"uv": [5.5, 2, 12.25, 2.5], "texture": "#0", "rotation": 180},
				"west": {"uv": [5, 1, 11.75, 1.5], "texture": "#0"},
				"down": {"uv": [5.5, 1.5, 12.25, 3], "texture": "#0", "rotation": 270}
			}
		},
		{
			"name": "Beam4",
			"from": [2.25, 10.25, 13.25],
			"to": [9, 10.75, 14.75],
			"faces": {
				"north": {"uv": [3, 8, 9.75, 8.5], "texture": "#0", "rotation": 180},
				"east": {"uv": [3, 5, 4.5, 5.5], "texture": "#0"},
				"south": {"uv": [0, 0, 6.75, 0.5], "texture": "#0"},
				"west": {"uv": [3, 3, 4.5, 3.5], "texture": "#0"},
				"down": {"uv": [4, 5, 10.75, 6], "texture": "#0"}
			}
		},
		{
			"from": [1.5, 9.25, 11.75],
			"to": [2.5, 10.25, 12.75],
			"faces": {
				"north": {"uv": [5.5, 3.5, 6.5, 4.5], "texture": "#0"},
				"east": {"uv": [6.5, 3, 7.5, 4], "texture": "#0"},
				"south": {"uv": [0, 0, 1, 1], "texture": "#0"},
				"west": {"uv": [6, 3, 7, 4], "texture": "#0"},
				"up": {"uv": [0, 0, 1, 1], "texture": "#0"},
				"down": {"uv": [0, 0, 1, 1], "texture": "#0"}
			}
		},
		{
			"from": [3.25, 9.25, 13.5],
			"to": [4.25, 10.25, 14.5],
			"faces": {
				"north": {"uv": [4, 3, 5, 4], "texture": "#0"},
				"east": {"uv": [1, 3, 2, 4], "texture": "#0"},
				"south": {"uv": [4, 4, 5, 5], "texture": "#0"},
				"west": {"uv": [2, 3, 3, 4], "texture": "#0"},
				"up": {"uv": [0, 0, 1, 1], "texture": "#0"},
				"down": {"uv": [0, 3, 1, 4], "texture": "#0"}
			}
		},
		{
			"from": [1.5, 9.75, 11.25],
			"to": [2.5, 10.75, 11.75],
			"faces": {
				"north": {"uv": [5, 10, 6, 11], "texture": "#0"},
				"east": {"uv": [3, 2, 3.5, 3], "texture": "#0"},
				"west": {"uv": [6, 4, 6.5, 5], "texture": "#0"},
				"down": {"uv": [0, 3, 1, 3.5], "texture": "#0"}
			}
		},
		{
			"from": [1.5, 8.75, 12.25],
			"to": [2.5, 9.25, 12.75],
			"faces": {
				"north": {"uv": [3, 2, 4, 2.5], "texture": "#0"},
				"east": {"uv": [3, 0, 3.5, 0.5], "texture": "#0"},
				"west": {"uv": [3, 0, 3.5, 0.5], "texture": "#0"},
				"down": {"uv": [2, 0, 3, 0.5], "texture": "#0"}
			}
		},
		{
			"from": [3.25, 8.75, 13.5],
			"to": [3.75, 9.25, 14.5],
			"faces": {
				"north": {"uv": [6, 3, 6.5, 3.5], "texture": "#0"},
				"east": {"uv": [7, 6, 8, 6.5], "texture": "#0"},
				"south": {"uv": [6, 3, 6.5, 3.5], "texture": "#0"},
				"west": {"uv": [6, 3, 6.5, 3.5], "texture": "#0"},
				"up": {"uv": [6, 3, 6.5, 3.5], "texture": "#0"},
				"down": {"uv": [7, 5, 8, 5.5], "texture": "#0"}
			}
		},
		{
			"from": [4.25, 9.75, 13.5],
			"to": [4.75, 10.25, 14.5],
			"faces": {
				"north": {"uv": [6, 3, 6.5, 3.5], "texture": "#0"},
				"east": {"uv": [7, 6, 8, 6.5], "texture": "#0"},
				"south": {"uv": [13, 9, 13.5, 9.5], "texture": "#0"},
				"west": {"uv": [6, 3, 6.5, 3.5], "texture": "#0"},
				"up": {"uv": [6, 3, 6.5, 3.5], "texture": "#0"},
				"down": {"uv": [7, 5, 8, 5.5], "texture": "#0"}
			}
		}
	],
	"display": {
		"thirdperson_righthand": {
			"rotation": [0, -90, 0],
			"translation": [0, 8, 0]
		},
		"thirdperson_lefthand": {
			"rotation": [0, -90, 0],
			"translation": [0, 8, 0],
			"scale": [1.5, 1.2, 1.5]
		},
		"firstperson_lefthand": {
			"rotation": [0, -90, 0],
			"translation": [-10, 0, 0],
			"scale": [0.5, 0.5, 0.5]
		},
		"gui": {
			"rotation": [0, 90, 0],
			"translation": [0, 0, 0]
		},
		"head": {
			"rotation": [0, 0, 0],
			"translation": [0, -31.5, 0],
			"scale": [2.29, 2.5, 2.29]
		},
		"fixed": {
			"rotation": [0, 90, 0],
			"translation": [0, 0, 0]
		}
	}
}