{
	"credit": "Made with Blockbench",
	"textures": {
		"0": "block/oak_planks"
	},
	"elements": [
		{
			"name": "Surface1",
			"from": [0, 11.75, 0],
			"to": [16, 14.75, 16],
			"faces": {
				"north": {"uv": [0, 3, 16, 6], "texture": "#0"},
				"east": {"uv": [0, 11, 16, 14], "texture": "#0"},
				"south": {"uv": [0, 3, 16, 6], "texture": "#0"},
				"west": {"uv": [0, 7, 16, 10], "texture": "#0"},
				"up": {"uv": [0, 0, 16, 16], "rotation": 180, "texture": "#0"},
				"down": {"uv": [0, 0, 16, 16], "texture": "#0"}
			}
		},
		{
			"name": "Surface2",
			"from": [0.85, 10.75, 0.85],
			"to": [15.15, 12.75, 15.15],
			"faces": {
				"north": {"uv": [0.5, 1, 15, 3], "rotation": 180, "texture": "#0"},
				"east": {"uv": [0.5, 9, 15, 11], "texture": "#0"},
				"south": {"uv": [1, 0, 15.5, 2], "texture": "#0"},
				"west": {"uv": [0.5, 4, 15, 6], "texture": "#0"},
				"down": {"uv": [1, 1, 15.5, 15.5], "texture": "#0"}
			}
		},
		{
			"from": [6, 0, 6],
			"to": [10, 11, 10],
			"faces": {
				"north": {"uv": [12, 3, 16, 14], "texture": "#0"},
				"east": {"uv": [8, 3, 12, 14], "texture": "#0"},
				"south": {"uv": [4, 3, 8, 14], "texture": "#0"},
				"west": {"uv": [0, 3, 4, 14], "texture": "#0"},
				"down": {"uv": [0, 0, 4, 4], "texture": "#0"}
			}
		},
		{
			"name": "Top Leg 2",
			"from": [6.75, 8.25, 6.75],
			"to": [9.25, 11.75, 9.25],
			"faces": {
				"north": {"uv": [1, 4, 3.5, 7.5], "texture": "#0"},
				"east": {"uv": [8.5, 4, 11, 7.5], "texture": "#0"},
				"south": {"uv": [6, 4, 8.5, 7.5], "texture": "#0"},
				"west": {"uv": [3.5, 4, 6, 7.5], "texture": "#0"},
				"down": {"uv": [0, 0, 2.5, 2.5], "texture": "#0"}
			}
		}
	],
	"display": {
		"thirdperson_righthand": {
			"rotation": [45, 0, 0],
			"translation": [0, 1, 0],
			"scale": [0.35, 0.35, 0.35]
		},
		"thirdperson_lefthand": {
			"rotation": [45, 0, 0],
			"translation": [0, 1, 0],
			"scale": [0.35, 0.35, 0.35]
		},
		"firstperson_righthand": {
			"rotation": [-10, 15, 0],
			"translation": [1, 0, 0],
			"scale": [0.4, 0.4, 0.4]
		},
		"firstperson_lefthand": {
			"rotation": [-10, 15, 0],
			"translation": [1, 0, 0],
			"scale": [0.4, 0.4, 0.4]
		},
		"ground": {
			"translation": [0, 1, 0],
			"scale": [0.3, 0.3, 0.3]
		},
		"gui": {
			"rotation": [35, -135, 0],
			"translation": [0, -2, 0],
			"scale": [0.5, 0.5, 0.5]
		},
		"head": {
			"translation": [0, -31.5, 0],
			"scale": [2.29, 2.5, 2.29]
		},
		"fixed": {
			"scale": [0.8, 0.8, 0.8]
		}
	}
}