{
	"credit": "Made with Blockbench, a free, modern block model editor by JannisX11",
	"textures": {
		"0": "block/oak_planks"
	},
	"elements": [
		{
			"name": "Surface1",
			"from": [0, 11.75, 0],
			"to": [16, 14.75, 16],
			"faces": {
				"north": {"uv": [0, 3, 16, 6], "texture": "#0"},
				"east": {"uv": [0, 11, 16, 14], "texture": "#0"},
				"south": {"uv": [0, 3, 16, 6], "texture": "#0"},
				"west": {"uv": [0, 7, 16, 10], "texture": "#0"},
				"up": {"uv": [0, 0, 16, 16], "texture": "#0", "rotation": 180},
				"down": {"uv": [0, 0, 16, 16], "texture": "#0"}
			}
		},
		{
			"name": "Surface2",
			"from": [0.85, 10.75, 0.85],
			"to": [15.15, 12.75, 15.15],
			"faces": {
				"north": {"uv": [0.5, 1, 15, 3], "texture": "#0", "rotation": 180},
				"east": {"uv": [0.5, 9, 15, 11], "texture": "#0"},
				"south": {"uv": [1, 0, 15.5, 2], "texture": "#0"},
				"west": {"uv": [0.5, 4, 15, 6], "texture": "#0"},
				"down": {"uv": [1, 1, 15.5, 15.5], "texture": "#0"}
			}
		},
		{
			"name": "Top Leg 1",
			"from": [0.75, 8.25, 12.75],
			"to": [3.25, 11.75, 15.25],
			"faces": {
				"north": {"uv": [4.5, 4, 7, 7.5], "texture": "#0"},
				"east": {"uv": [11.5, 4, 14, 7.5], "texture": "#0"},
				"south": {"uv": [9, 4, 11.5, 7.5], "texture": "#0"},
				"west": {"uv": [6.5, 4, 9, 7.5], "texture": "#0"},
				"down": {"uv": [0, 0, 2.5, 2.5], "texture": "#0"}
			}
		},
		{
			"from": [1, 0, 1],
			"to": [3, 8.25, 3],
			"faces": {
				"north": {"uv": [8.5, 4, 10.5, 12.25], "texture": "#0"},
				"east": {"uv": [7, 4, 9, 12.25], "texture": "#0"},
				"south": {"uv": [5.5, 4, 7.5, 12.25], "texture": "#0"},
				"west": {"uv": [4, 4, 6, 12.25], "texture": "#0"},
				"down": {"uv": [2, 0, 4, 2], "texture": "#0"}
			}
		},
		{
			"from": [13, 0, 1],
			"to": [15, 8.25, 3],
			"faces": {
				"north": {"uv": [10.5, 7.5, 12.5, 15.75], "texture": "#0"},
				"east": {"uv": [9, 7.5, 11, 15.75], "texture": "#0"},
				"south": {"uv": [7.5, 7.5, 9.5, 15.75], "texture": "#0"},
				"west": {"uv": [12, 7.5, 14, 15.75], "texture": "#0"},
				"down": {"uv": [11, 1, 13, 3], "texture": "#0"}
			}
		},
		{
			"from": [13, 0, 13],
			"to": [15, 8.25, 15],
			"faces": {
				"north": {"uv": [4, 6, 6, 14.25], "texture": "#0"},
				"east": {"uv": [8.5, 6, 10.5, 14.25], "texture": "#0"},
				"south": {"uv": [7, 6, 9, 14.25], "texture": "#0"},
				"west": {"uv": [5.5, 6, 7.5, 14.25], "texture": "#0"},
				"down": {"uv": [8, 5, 10, 7], "texture": "#0"}
			}
		},
		{
			"from": [1, 0, 13],
			"to": [3, 8.25, 15],
			"faces": {
				"north": {"uv": [10.5, 3.5, 12.5, 11.75], "texture": "#0"},
				"east": {"uv": [9, 3.5, 11, 11.75], "texture": "#0"},
				"south": {"uv": [7.5, 3.5, 9.5, 11.75], "texture": "#0"},
				"west": {"uv": [12, 3.5, 14, 11.75], "texture": "#0"},
				"down": {"uv": [3, 5.5, 5, 7.5], "texture": "#0"}
			}
		},
		{
			"name": "Beam1",
			"from": [1.25, 10.25, 2.75],
			"to": [2.75, 10.75, 13],
			"faces": {
				"east": {"uv": [2.5, 6, 12.75, 6.5], "texture": "#0", "rotation": 180},
				"west": {"uv": [2.5, 6, 12.75, 6.5], "texture": "#0"},
				"down": {"uv": [2.5, 5.5, 12.75, 7], "texture": "#0", "rotation": 270}
			}
		},
		{
			"name": "Beam2",
			"from": [13.25, 10.25, 2.75],
			"to": [14.75, 10.75, 13],
			"faces": {
				"east": {"uv": [4, 1, 14.25, 1.5], "texture": "#0", "rotation": 180},
				"west": {"uv": [4, 2, 14.25, 2.5], "texture": "#0"},
				"down": {"uv": [4, 2, 14.25, 3.5], "texture": "#0", "rotation": 270}
			}
		},
		{
			"name": "Beam3",
			"from": [2.75, 10.25, 1.25],
			"to": [13.25, 10.75, 2.75],
			"faces": {
				"north": {"uv": [4, 9, 14.5, 9.5], "texture": "#0"},
				"south": {"uv": [5, 9, 15.5, 9.5], "texture": "#0"},
				"down": {"uv": [5, 9, 15.5, 10.5], "texture": "#0"}
			}
		},
		{
			"name": "Beam4",
			"from": [2.75, 10.25, 13.25],
			"to": [13.25, 10.75, 14.75],
			"faces": {
				"north": {"uv": [3, 4.5, 13.5, 5], "texture": "#0"},
				"south": {"uv": [3, 2.5, 13.5, 3], "texture": "#0"},
				"down": {"uv": [3, 3, 13.5, 4.5], "texture": "#0"}
			}
		},
		{
			"name": "Top Leg 2",
			"from": [12.75, 8.25, 0.75],
			"to": [15.25, 11.75, 3.25],
			"faces": {
				"north": {"uv": [1, 4, 3.5, 7.5], "texture": "#0"},
				"east": {"uv": [8.5, 4, 11, 7.5], "texture": "#0"},
				"south": {"uv": [6, 4, 8.5, 7.5], "texture": "#0"},
				"west": {"uv": [3.5, 4, 6, 7.5], "texture": "#0"},
				"down": {"uv": [0, 0, 2.5, 2.5], "texture": "#0"}
			}
		},
		{
			"name": "Top Leg 3",
			"from": [12.75, 8.25, 12.75],
			"to": [15.25, 11.75, 15.25],
			"faces": {
				"north": {"uv": [5.5, 0, 8, 3.5], "texture": "#0"},
				"east": {"uv": [3, 0, 5.5, 3.5], "texture": "#0"},
				"south": {"uv": [0.5, 0, 3, 3.5], "texture": "#0"},
				"west": {"uv": [8, 0, 10.5, 3.5], "texture": "#0"},
				"down": {"uv": [0, 0, 2.5, 2.5], "texture": "#0"}
			}
		},
		{
			"name": "Top Leg 4",
			"from": [0.75, 8.25, 0.75],
			"to": [3.25, 11.75, 3.25],
			"faces": {
				"north": {"uv": [7.5, 0, 10, 3.5], "texture": "#0"},
				"east": {"uv": [5.5, 0, 8, 3.5], "texture": "#0"},
				"south": {"uv": [12.5, 0, 15, 3.5], "texture": "#0"},
				"west": {"uv": [10, 0, 12.5, 3.5], "texture": "#0"},
				"down": {"uv": [0, 0, 2.5, 2.5], "texture": "#0"}
			}
		}
	],
	"display": {
		"thirdperson_righthand": {
			"rotation": [45, 0, 0],
			"translation": [0, 1, 0],
			"scale": [0.35, 0.35, 0.35]
		},
		"thirdperson_lefthand": {
			"rotation": [45, 0, 0],
			"translation": [0, 1, 0],
			"scale": [0.35, 0.35, 0.35] 
		},
        "firstperson_righthand": {
			"rotation": [-10, 15, 0],
			"translation": [1, 0, 0],
			"scale": [0.4, 0.4, 0.4]
		},
		"firstperson_lefthand": {
			"rotation": [-10, 15, 0],
			"translation": [1, 0, 0],
			"scale": [0.4, 0.4, 0.4]
		},
		"gui": {
			"rotation": [35, -135, 0],
			"translation": [0, -2, 0],
			"scale": [0.5, 0.5, 0.5]
		},
		"head": {
			"rotation": [0, 0, 0],
			"translation": [0, -31.5, 0],
			"scale": [2.29, 2.5, 2.29]
		},
        "ground": {
			"rotation": [0, 0, 0],
			"translation": [0, 1, 0],
			"scale": [0.3, 0.3, 0.3]
		},
		"fixed": {
			"rotation": [0, 0, 0],
			"translation": [0, 0, 0],
			"scale": [0.8, 0.8, 0.8]
		}
	}
}