{
	"credit": "Made with Blockbench",
	"texture_size": [32, 32],
	"textures": {
		"1": "item/duel",
		"particle": "duel"
	},
	"elements": [
		{
			"from": [9, 0, 8.1],
			"to": [9.9, 18.9, 8.9],
			"faces": {
				"north": {"uv": [3, 0, 3.5, 9.5], "texture": "#1"},
				"east": {"uv": [3.5, 0, 4, 9.5], "texture": "#1"},
				"south": {"uv": [4, 0, 4.5, 9.5], "texture": "#1"},
				"west": {"uv": [4.5, 0, 5, 9.5], "texture": "#1"},
				"up": {"uv": [11, 6.5, 10.5, 6], "texture": "#1"},
				"down": {"uv": [11, 6.5, 10.5, 7], "texture": "#1"}
			}
		},
		{
			"from": [8.05, 21, 8.1],
			"to": [8.95, 21.25, 8.9],
			"faces": {
				"north": {"uv": [7, 10.5, 7.5, 11], "texture": "#1"},
				"east": {"uv": [7.5, 10.5, 8, 11], "texture": "#1"},
				"south": {"uv": [10.5, 8, 11, 8.5], "texture": "#1"},
				"west": {"uv": [8.5, 10.5, 9, 11], "texture": "#1"},
				"up": {"uv": [11, 9, 10.5, 8.5], "texture": "#1"},
				"down": {"uv": [9.5, 10.5, 9, 11], "texture": "#1"}
			}
		},
		{
			"from": [-0.7, 20.2, 8.1],
			"to": [0.3, 22.7, 8.9],
			"rotation": {"angle": -22.5, "axis": "z", "origin": [0, 0, 0]},
			"faces": {
				"north": {"uv": [8.5, 9, 9, 10.5], "texture": "#1"},
				"east": {"uv": [9, 9, 9.5, 10.5], "texture": "#1"},
				"south": {"uv": [0, 9.5, 0.5, 11], "texture": "#1"},
				"west": {"uv": [0.5, 9.5, 1, 11], "texture": "#1"},
				"up": {"uv": [11, 9.5, 10.5, 9], "texture": "#1"},
				"down": {"uv": [11, 9.5, 10.5, 10], "texture": "#1"}
			}
		},
		{
			"from": [15.4, 13.7, 8.1],
			"to": [16.4, 16.2, 8.9],
			"rotation": {"angle": 22.5, "axis": "z", "origin": [0, 0, 0]},
			"faces": {
				"north": {"uv": [1, 9.5, 1.5, 11], "texture": "#1"},
				"east": {"uv": [1.5, 9.5, 2, 11], "texture": "#1"},
				"south": {"uv": [2, 9.5, 2.5, 11], "texture": "#1"},
				"west": {"uv": [2.5, 9.5, 3, 11], "texture": "#1"},
				"up": {"uv": [11, 10.5, 10.5, 10], "texture": "#1"},
				"down": {"uv": [11, 10.5, 10.5, 11], "texture": "#1"}
			}
		},
		{
			"from": [15.5, 13.7, 8.2],
			"to": [16.5, 16.3, 8.8],
			"rotation": {"angle": 22.5, "axis": "z", "origin": [0, 0, 0]},
			"faces": {
				"north": {"uv": [3, 9.5, 3.5, 11], "texture": "#1"},
				"east": {"uv": [3.5, 9.5, 4, 11], "texture": "#1"},
				"south": {"uv": [4, 9.5, 4.5, 11], "texture": "#1"},
				"west": {"uv": [4.5, 9.5, 5, 11], "texture": "#1"},
				"up": {"uv": [0.5, 11.5, 0, 11], "texture": "#1"},
				"down": {"uv": [11.5, 0, 11, 0.5], "texture": "#1"}
			}
		},
		{
			"from": [8, 18.9, 8.2],
			"to": [9, 21.4, 8.8],
			"faces": {
				"north": {"uv": [5, 9.5, 5.5, 11], "texture": "#1"},
				"east": {"uv": [5.5, 9.5, 6, 11], "texture": "#1"},
				"south": {"uv": [6, 9.5, 6.5, 11], "texture": "#1"},
				"west": {"uv": [9.5, 6, 10, 7.5], "texture": "#1"},
				"up": {"uv": [1, 11.5, 0.5, 11], "texture": "#1"},
				"down": {"uv": [11.5, 0.5, 11, 1], "texture": "#1"}
			}
		},
		{
			"from": [7.7, -9.8, 7.8],
			"to": [9.3, -8, 9.2],
			"rotation": {"angle": 0, "axis": "y", "origin": [9, -9.5, 9]},
			"faces": {
				"north": {"uv": [8.5, 6, 9.5, 7], "texture": "#1"},
				"east": {"uv": [10, 6, 10.5, 7], "texture": "#1"},
				"south": {"uv": [8.5, 7, 9.5, 8], "texture": "#1"},
				"west": {"uv": [6.5, 10, 7, 11], "texture": "#1"},
				"up": {"uv": [8, 10.5, 7, 10], "texture": "#1"},
				"down": {"uv": [11, 7, 10, 7.5], "texture": "#1"}
			}
		},
		{
			"from": [8, -8, 8],
			"to": [9, -2, 9],
			"faces": {
				"north": {"uv": [8, 2, 8.5, 5], "texture": "#1"},
				"east": {"uv": [8, 5, 8.5, 8], "texture": "#1"},
				"south": {"uv": [8, 8, 8.5, 11], "texture": "#1"},
				"west": {"uv": [8.5, 2, 9, 5], "texture": "#1"},
				"up": {"uv": [1.5, 11.5, 1, 11], "texture": "#1"},
				"down": {"uv": [2, 11, 1.5, 11.5], "texture": "#1"}
			}
		},
		{
			"from": [6, -2, 8],
			"to": [11, 0, 9],
			"faces": {
				"north": {"uv": [8, 0, 10.5, 1], "texture": "#1"},
				"east": {"uv": [10, 8, 10.5, 9], "texture": "#1"},
				"south": {"uv": [8, 1, 10.5, 2], "texture": "#1"},
				"west": {"uv": [10, 9, 10.5, 10], "texture": "#1"},
				"up": {"uv": [11, 5.5, 8.5, 5], "texture": "#1"},
				"down": {"uv": [11, 5.5, 8.5, 6], "texture": "#1"}
			}
		},
		{
			"from": [7.5, -2, 7.2],
			"to": [9.5, 0, 8],
			"faces": {
				"north": {"uv": [8.5, 8, 9.5, 9], "texture": "#1"},
				"east": {"uv": [10, 10, 10.5, 11], "texture": "#1"},
				"south": {"uv": [9, 2, 10, 3], "texture": "#1"},
				"west": {"uv": [10.5, 0, 11, 1], "texture": "#1"},
				"up": {"uv": [11.5, 1.5, 10.5, 1], "texture": "#1"},
				"down": {"uv": [11.5, 1.5, 10.5, 2], "texture": "#1"}
			}
		},
		{
			"from": [7.5, -2, 9],
			"to": [9.5, 0, 9.8],
			"faces": {
				"north": {"uv": [9, 3, 10, 4], "texture": "#1"},
				"east": {"uv": [10.5, 2, 11, 3], "texture": "#1"},
				"south": {"uv": [9, 4, 10, 5], "texture": "#1"},
				"west": {"uv": [10.5, 3, 11, 4], "texture": "#1"},
				"up": {"uv": [11.5, 4.5, 10.5, 4], "texture": "#1"},
				"down": {"uv": [11.5, 4.5, 10.5, 5], "texture": "#1"}
			}
		},
		{
			"from": [7, 0, 8.2],
			"to": [10, 19, 8.8],
			"faces": {
				"north": {"uv": [0, 0, 1.5, 9.5], "texture": "#1"},
				"east": {"uv": [5, 0, 5.5, 9.5], "texture": "#1"},
				"south": {"uv": [1.5, 0, 3, 9.5], "texture": "#1"},
				"west": {"uv": [5.5, 0, 6, 9.5], "texture": "#1"},
				"up": {"uv": [8, 10, 6.5, 9.5], "texture": "#1"},
				"down": {"uv": [11, 7.5, 9.5, 8], "texture": "#1"}
			}
		},
		{
			"from": [7.1, 0, 8.1],
			"to": [8, 18.9, 8.9],
			"faces": {
				"north": {"uv": [6, 0, 6.5, 9.5], "texture": "#1"},
				"east": {"uv": [6.5, 0, 7, 9.5], "texture": "#1"},
				"south": {"uv": [7, 0, 7.5, 9.5], "texture": "#1"},
				"west": {"uv": [7.5, 0, 8, 9.5], "texture": "#1"},
				"up": {"uv": [2.5, 11.5, 2, 11], "texture": "#1"},
				"down": {"uv": [11.5, 2, 11, 2.5], "texture": "#1"}
			}
		},
		{
			"from": [-0.8, 20.2, 8.2],
			"to": [0.2, 22.8, 8.8],
			"rotation": {"angle": -22.5, "axis": "z", "origin": [0, 0, 0]},
			"faces": {
				"north": {"uv": [9.5, 8, 10, 9.5], "texture": "#1"},
				"east": {"uv": [9.5, 9.5, 10, 11], "texture": "#1"},
				"south": {"uv": [10, 2, 10.5, 3.5], "texture": "#1"},
				"west": {"uv": [10, 3.5, 10.5, 5], "texture": "#1"},
				"up": {"uv": [3, 11.5, 2.5, 11], "texture": "#1"},
				"down": {"uv": [11.5, 2.5, 11, 3], "texture": "#1"}
			}
		}
	],
	"display": {
		"thirdperson_righthand": {
			"rotation": [0, 90, 0],
			"translation": [-1.25, 11, 1.75]
		},
		"thirdperson_lefthand": {
			"rotation": [-111, 0, -20.5],
			"translation": [-7.5, -7.5, 5.25]
		},
		"firstperson_righthand": {
			"rotation": [0, -90, 0],
			"translation": [2.5, 10.25, -0.5]
		},
		"firstperson_lefthand": {
			"rotation": [168, 78, -6],
			"translation": [2.25, -7, 2.75]
		},
		"ground": {
			"rotation": [90, 0, 90]
		},
		"gui": {
			"rotation": [0, 0, 36],
			"translation": [-0.75, 1.25, 0],
			"scale": [0.63, 0.63, 0.63]
		},
		"head": {
			"rotation": [86, 0, -153],
			"translation": [0, 9, 0]
		},
		"fixed": {
			"translation": [0, 0, -2.25],
			"scale": [1.93, 1.93, 1.93]
		}
	},
	"groups": [
		{
			"name": "group",
			"origin": [8, 8, 8],
			"color": 0,
			"children": [0, 1, 2, 3, 4, 5, 6, 7, 8, 9, 10, 11, 12, 13]
		}
	]
}