{
	"credit": "Made with Blockbench",
	"texture_size": [32, 32],
	"textures": {
		"0": "item/hammer_axe",
		"particle": "item/hammer_axe"
	},
	"elements": [
		{
			"from": [6.6, -16, 7.1],
			"to": [7.9, 10.5, 8.4],
			"rotation": {"angle": 0, "axis": "y", "origin": [0, -11, 0]},
			"faces": {
				"north": {"uv": [0, 0, 0.5, 13.5], "texture": "#0"},
				"east": {"uv": [0.5, 0, 1, 13.5], "texture": "#0"},
				"south": {"uv": [1, 0, 1.5, 13.5], "texture": "#0"},
				"west": {"uv": [1.5, 0, 2, 13.5], "texture": "#0"},
				"up": {"uv": [5, 3, 4.5, 2.5], "texture": "#0"},
				"down": {"uv": [11, 0.5, 10.5, 1], "texture": "#0"}
			}
		},
		{
			"from": [6.65, 17, 7.15],
			"to": [7.85, 17.6, 8.35],
			"rotation": {"angle": 0, "axis": "y", "origin": [0, -11, 0]},
			"faces": {
				"north": {"uv": [10.5, 2.5, 11, 3], "texture": "#0"},
				"east": {"uv": [10.5, 10.5, 11, 11], "texture": "#0"},
				"south": {"uv": [11, 0.5, 11.5, 1], "texture": "#0"},
				"west": {"uv": [11, 1, 11.5, 1.5], "texture": "#0"},
				"up": {"uv": [11.5, 2, 11, 1.5], "texture": "#0"},
				"down": {"uv": [11.5, 2, 11, 2.5], "texture": "#0"}
			}
		},
		{
			"from": [6.3, 10.5, 6.8],
			"to": [8.2, 17, 8.7],
			"rotation": {"angle": 0, "axis": "y", "origin": [0, -11, 0]},
			"faces": {
				"north": {"uv": [2, 3, 3, 6.5], "texture": "#0"},
				"east": {"uv": [3, 3, 4, 6.5], "texture": "#0"},
				"south": {"uv": [4, 3, 5, 6.5], "texture": "#0"},
				"west": {"uv": [5, 0, 6, 3.5], "texture": "#0"},
				"up": {"uv": [8, 3.5, 7, 2.5], "texture": "#0"},
				"down": {"uv": [6, 8.5, 5, 9.5], "texture": "#0"}
			}
		},
		{
			"from": [4.3, 12.8, 7.3],
			"to": [9.2, 15.5, 8.2],
			"rotation": {"angle": 0, "axis": "y", "origin": [0, -11, 0]},
			"faces": {
				"north": {"uv": [2, 0, 4.5, 1.5], "texture": "#0"},
				"east": {"uv": [8.5, 8.5, 9, 10], "texture": "#0"},
				"south": {"uv": [2, 1.5, 4.5, 3], "texture": "#0"},
				"west": {"uv": [9, 0, 9.5, 1.5], "texture": "#0"},
				"up": {"uv": [10.5, 6, 8, 5.5], "texture": "#0"},
				"down": {"uv": [10.5, 6, 8, 6.5], "texture": "#0"}
			}
		},
		{
			"from": [2.1, 13.4, 8.8],
			"to": [3.3, 14.9, 9.2],
			"rotation": {"angle": 22.5, "axis": "y", "origin": [0, -11, 0]},
			"faces": {
				"north": {"uv": [11, 2.5, 11.5, 3], "texture": "#0"},
				"east": {"uv": [11, 3, 11.5, 3.5], "texture": "#0"},
				"south": {"uv": [11, 3.5, 11.5, 4], "texture": "#0"},
				"west": {"uv": [11, 4, 11.5, 4.5], "texture": "#0"},
				"up": {"uv": [11.5, 5, 11, 4.5], "texture": "#0"},
				"down": {"uv": [5.5, 11, 5, 11.5], "texture": "#0"}
			}
		},
		{
			"from": [6.75, 17.6, 7.25],
			"to": [7.75, 18.2, 8.25],
			"rotation": {"angle": 0, "axis": "y", "origin": [0, -11, 0]},
			"faces": {
				"north": {"uv": [11, 5, 11.5, 5.5], "texture": "#0"},
				"east": {"uv": [5.5, 11, 6, 11.5], "texture": "#0"},
				"south": {"uv": [11, 5.5, 11.5, 6], "texture": "#0"},
				"west": {"uv": [6, 11, 6.5, 11.5], "texture": "#0"},
				"up": {"uv": [11.5, 6.5, 11, 6], "texture": "#0"},
				"down": {"uv": [7, 11, 6.5, 11.5], "texture": "#0"}
			}
		},
		{
			"from": [1.8, 13.4, 7.4],
			"to": [3.7, 14.9, 8.1],
			"rotation": {"angle": 0, "axis": "z", "origin": [-1.5, -11, 0.1]},
			"faces": {
				"north": {"uv": [9, 3, 10, 3.5], "texture": "#0"},
				"east": {"uv": [11, 6.5, 11.5, 7], "texture": "#0"},
				"south": {"uv": [9, 3.5, 10, 4], "texture": "#0"},
				"west": {"uv": [7, 11, 7.5, 11.5], "texture": "#0"},
				"up": {"uv": [10.5, 2, 9.5, 1.5], "texture": "#0"},
				"down": {"uv": [10.5, 2, 9.5, 2.5], "texture": "#0"}
			}
		},
		{
			"from": [-7.8, 12.8, 7.4],
			"to": [-5.5, 13.5, 8.1],
			"rotation": {"angle": -22.5, "axis": "z", "origin": [-1.5, -11, 0.1]},
			"faces": {
				"north": {"uv": [9.5, 2.5, 10.5, 3], "texture": "#0"},
				"east": {"uv": [11, 7, 11.5, 7.5], "texture": "#0"},
				"south": {"uv": [5, 9.5, 6, 10], "texture": "#0"},
				"west": {"uv": [7.5, 11, 8, 11.5], "texture": "#0"},
				"up": {"uv": [7, 10, 6, 9.5], "texture": "#0"},
				"down": {"uv": [10.5, 6.5, 9.5, 7], "texture": "#0"}
			}
		},
		{
			"from": [11.5, 10.9, 7.4],
			"to": [13.8, 11.6, 8.1],
			"rotation": {"angle": 22.5, "axis": "z", "origin": [-1.5, -11, 0.1]},
			"faces": {
				"north": {"uv": [7, 9.5, 8, 10], "texture": "#0"},
				"east": {"uv": [11, 7.5, 11.5, 8], "texture": "#0"},
				"south": {"uv": [9.5, 7, 10.5, 7.5], "texture": "#0"},
				"west": {"uv": [11, 8, 11.5, 8.5], "texture": "#0"},
				"up": {"uv": [10.5, 8, 9.5, 7.5], "texture": "#0"},
				"down": {"uv": [10.5, 8, 9.5, 8.5], "texture": "#0"}
			}
		},
		{
			"from": [13.4, 11.5, 6.9],
			"to": [14.1, 11.9, 8.6],
			"rotation": {"angle": 22.5, "axis": "z", "origin": [-1.5, -11, 0.1]},
			"faces": {
				"north": {"uv": [8.5, 11, 9, 11.5], "texture": "#0"},
				"east": {"uv": [9.5, 8.5, 10.5, 9], "texture": "#0"},
				"south": {"uv": [11, 8.5, 11.5, 9], "texture": "#0"},
				"west": {"uv": [9.5, 9, 10.5, 9.5], "texture": "#0"},
				"up": {"uv": [10, 10.5, 9.5, 9.5], "texture": "#0"},
				"down": {"uv": [10.5, 0, 10, 1], "texture": "#0"}
			}
		},
		{
			"from": [-5.85, 12.55, 6.9],
			"to": [-5.15, 12.95, 8.6],
			"rotation": {"angle": -22.5, "axis": "z", "origin": [-1.5, -11, 0.1]},
			"faces": {
				"north": {"uv": [9, 11, 9.5, 11.5], "texture": "#0"},
				"east": {"uv": [10, 1, 11, 1.5], "texture": "#0"},
				"south": {"uv": [11, 9, 11.5, 9.5], "texture": "#0"},
				"west": {"uv": [10, 3, 11, 3.5], "texture": "#0"},
				"up": {"uv": [5.5, 11, 5, 10], "texture": "#0"},
				"down": {"uv": [6, 10, 5.5, 11], "texture": "#0"}
			}
		},
		{
			"from": [3.6, 12.5, 6.9],
			"to": [4.3, 15.8, 8.6],
			"rotation": {"angle": 0, "axis": "y", "origin": [-1.5, -11, 0.1]},
			"faces": {
				"north": {"uv": [9, 1.5, 9.5, 3], "texture": "#0"},
				"east": {"uv": [5, 6.5, 6, 8], "texture": "#0"},
				"south": {"uv": [2, 9, 2.5, 10.5], "texture": "#0"},
				"west": {"uv": [6, 6.5, 7, 8], "texture": "#0"},
				"up": {"uv": [6.5, 11, 6, 10], "texture": "#0"},
				"down": {"uv": [7, 10, 6.5, 11], "texture": "#0"}
			}
		},
		{
			"from": [4.9, 12.6, 7],
			"to": [5.9, 15.7, 8.5],
			"rotation": {"angle": 0, "axis": "y", "origin": [0, -11, 0]},
			"faces": {
				"north": {"uv": [2.5, 9, 3, 10.5], "texture": "#0"},
				"east": {"uv": [7, 1, 8, 2.5], "texture": "#0"},
				"south": {"uv": [8, 9, 8.5, 10.5], "texture": "#0"},
				"west": {"uv": [7, 6.5, 8, 8], "texture": "#0"},
				"up": {"uv": [7.5, 11, 7, 10], "texture": "#0"},
				"down": {"uv": [8, 10, 7.5, 11], "texture": "#0"}
			}
		},
		{
			"from": [8.6, 12.6, 7],
			"to": [9, 15.7, 8.5],
			"rotation": {"angle": 0, "axis": "y", "origin": [0, -11, 0]},
			"faces": {
				"north": {"uv": [9, 8.5, 9.5, 10], "texture": "#0"},
				"east": {"uv": [8, 1, 9, 2.5], "texture": "#0"},
				"south": {"uv": [9.5, 0, 10, 1.5], "texture": "#0"},
				"west": {"uv": [8, 2.5, 9, 4], "texture": "#0"},
				"up": {"uv": [9, 11, 8.5, 10], "texture": "#0"},
				"down": {"uv": [9.5, 10, 9, 11], "texture": "#0"}
			}
		},
		{
			"from": [18.4, 7.3, 7.4],
			"to": [20.2, 8, 8.1],
			"rotation": {"angle": 22.5, "axis": "z", "origin": [-1.5, -11, 0.1]},
			"faces": {
				"north": {"uv": [10, 3.5, 11, 4], "texture": "#0"},
				"east": {"uv": [11, 9.5, 11.5, 10], "texture": "#0"},
				"south": {"uv": [10, 9.5, 11, 10], "texture": "#0"},
				"west": {"uv": [11, 10, 11.5, 10.5], "texture": "#0"},
				"up": {"uv": [11, 10.5, 10, 10], "texture": "#0"},
				"down": {"uv": [11.5, 0, 10.5, 0.5], "texture": "#0"}
			}
		},
		{
			"from": [27.6, -5.8, 7.4],
			"to": [28.9, -4.4, 8.1],
			"rotation": {"angle": 45, "axis": "z", "origin": [-1.5, -11, 0.1]},
			"faces": {
				"north": {"uv": [10.5, 11, 11, 11.5], "texture": "#0"},
				"east": {"uv": [11, 10.5, 11.5, 11], "texture": "#0"},
				"south": {"uv": [11, 11, 11.5, 11.5], "texture": "#0"},
				"west": {"uv": [11.5, 0, 12, 0.5], "texture": "#0"},
				"up": {"uv": [12, 1, 11.5, 0.5], "texture": "#0"},
				"down": {"uv": [12, 1, 11.5, 1.5], "texture": "#0"}
			}
		},
		{
			"from": [17.8, 4.9, 7.4],
			"to": [23.4, 7.3, 8.1],
			"rotation": {"angle": 22.5, "axis": "z", "origin": [-1.5, -11, 0.1]},
			"faces": {
				"north": {"uv": [5, 3.5, 8, 4.5], "texture": "#0"},
				"east": {"uv": [10.5, 1.5, 11, 2.5], "texture": "#0"},
				"south": {"uv": [5, 4.5, 8, 5.5], "texture": "#0"},
				"west": {"uv": [2, 10.5, 2.5, 11.5], "texture": "#0"},
				"up": {"uv": [11, 4.5, 8, 4], "texture": "#0"},
				"down": {"uv": [11, 4.5, 8, 5], "texture": "#0"}
			}
		},
		{
			"from": [-1.5, 17.1, 7.4],
			"to": [4.1, 19.6, 8.1],
			"rotation": {"angle": -22.5, "axis": "z", "origin": [-1.5, -11, 0.1]},
			"faces": {
				"north": {"uv": [5, 5.5, 8, 6.5], "texture": "#0"},
				"east": {"uv": [2.5, 10.5, 3, 11.5], "texture": "#0"},
				"south": {"uv": [6, 0, 9, 1], "texture": "#0"},
				"west": {"uv": [3, 10.5, 3.5, 11.5], "texture": "#0"},
				"up": {"uv": [8, 8.5, 5, 8], "texture": "#0"},
				"down": {"uv": [11, 5, 8, 5.5], "texture": "#0"}
			}
		},
		{
			"from": [9.9, 10.2, 7.2],
			"to": [10.6, 18, 8.3],
			"rotation": {"angle": 0, "axis": "y", "origin": [-1.5, -11, 0.1]},
			"faces": {
				"north": {"uv": [3, 6.5, 3.5, 10.5], "texture": "#0"},
				"east": {"uv": [3.5, 6.5, 4, 10.5], "texture": "#0"},
				"south": {"uv": [4, 6.5, 4.5, 10.5], "texture": "#0"},
				"west": {"uv": [4.5, 6.5, 5, 10.5], "texture": "#0"},
				"up": {"uv": [12, 2, 11.5, 1.5], "texture": "#0"},
				"down": {"uv": [2.5, 11.5, 2, 12], "texture": "#0"}
			}
		},
		{
			"from": [9.96923, 16.67613, 6.9],
			"to": [10.66923, 18.67613, 8.6],
			"rotation": {"angle": -22.5, "axis": "z", "origin": [9.11923, 18.42613, 7.75]},
			"faces": {
				"north": {"uv": [3.5, 10.5, 4, 11.5], "texture": "#0"},
				"east": {"uv": [6, 8.5, 7, 9.5], "texture": "#0"},
				"south": {"uv": [4, 10.5, 4.5, 11.5], "texture": "#0"},
				"west": {"uv": [8.5, 6.5, 9.5, 7.5], "texture": "#0"},
				"up": {"uv": [5, 11.5, 4.5, 10.5], "texture": "#0"},
				"down": {"uv": [11, 5.5, 10.5, 6.5], "texture": "#0"}
			}
		},
		{
			"from": [17.1, 3.9, 6.9],
			"to": [17.8, 6, 8.6],
			"rotation": {"angle": 22.5, "axis": "z", "origin": [-1.5, -11, 0.1]},
			"faces": {
				"north": {"uv": [10.5, 6.5, 11, 7.5], "texture": "#0"},
				"east": {"uv": [7, 8.5, 8, 9.5], "texture": "#0"},
				"south": {"uv": [10.5, 7.5, 11, 8.5], "texture": "#0"},
				"west": {"uv": [8.5, 7.5, 9.5, 8.5], "texture": "#0"},
				"up": {"uv": [8.5, 11.5, 8, 10.5], "texture": "#0"},
				"down": {"uv": [11, 8.5, 10.5, 9.5], "texture": "#0"}
			}
		},
		{
			"from": [9.2, 11.8, 6.9],
			"to": [9.9, 16.5, 8.6],
			"rotation": {"angle": 0, "axis": "y", "origin": [-1.5, -11, 0.1]},
			"faces": {
				"north": {"uv": [4.5, 0, 5, 2.5], "texture": "#0"},
				"east": {"uv": [6, 1, 7, 3.5], "texture": "#0"},
				"south": {"uv": [8, 6.5, 8.5, 9], "texture": "#0"},
				"west": {"uv": [2, 6.5, 3, 9], "texture": "#0"},
				"up": {"uv": [10, 11.5, 9.5, 10.5], "texture": "#0"},
				"down": {"uv": [10.5, 10.5, 10, 11.5], "texture": "#0"}
			}
		},
		{
			"from": [6.4, 13.4, 3.2],
			"to": [7.6, 14.9, 3.7],
			"rotation": {"angle": -22.5, "axis": "y", "origin": [-3.8, -11, 0]},
			"faces": {
				"north": {"uv": [11.5, 2, 12, 2.5], "texture": "#0"},
				"east": {"uv": [2.5, 11.5, 3, 12], "texture": "#0"},
				"south": {"uv": [11.5, 2.5, 12, 3], "texture": "#0"},
				"west": {"uv": [3, 11.5, 3.5, 12], "texture": "#0"},
				"up": {"uv": [12, 3.5, 11.5, 3], "texture": "#0"},
				"down": {"uv": [4, 11.5, 3.5, 12], "texture": "#0"}
			}
		},
		{
			"from": [0.4, 13.4, 10.7],
			"to": [1.6, 14.9, 11.1],
			"rotation": {"angle": 22.5, "axis": "y", "origin": [-3.8, -11, 0]},
			"faces": {
				"north": {"uv": [11.5, 3.5, 12, 4], "texture": "#0"},
				"east": {"uv": [4, 11.5, 4.5, 12], "texture": "#0"},
				"south": {"uv": [11.5, 4, 12, 4.5], "texture": "#0"},
				"west": {"uv": [4.5, 11.5, 5, 12], "texture": "#0"},
				"up": {"uv": [12, 5, 11.5, 4.5], "texture": "#0"},
				"down": {"uv": [5.5, 11.5, 5, 12], "texture": "#0"}
			}
		},
		{
			"from": [10.2, 13.4, 3.2],
			"to": [11.4, 14.9, 3.7],
			"rotation": {"angle": -22.5, "axis": "y", "origin": [0, -11, 0]},
			"faces": {
				"north": {"uv": [11.5, 5, 12, 5.5], "texture": "#0"},
				"east": {"uv": [5.5, 11.5, 6, 12], "texture": "#0"},
				"south": {"uv": [11.5, 5.5, 12, 6], "texture": "#0"},
				"west": {"uv": [6, 11.5, 6.5, 12], "texture": "#0"},
				"up": {"uv": [12, 6.5, 11.5, 6], "texture": "#0"},
				"down": {"uv": [7, 11.5, 6.5, 12], "texture": "#0"}
			}
		},
		{
			"from": [4.2, 13.4, 10.7],
			"to": [5.4, 14.9, 11.1],
			"rotation": {"angle": 22.5, "axis": "y", "origin": [0, -11, 0]},
			"faces": {
				"north": {"uv": [11.5, 6.5, 12, 7], "texture": "#0"},
				"east": {"uv": [7, 11.5, 7.5, 12], "texture": "#0"},
				"south": {"uv": [11.5, 7, 12, 7.5], "texture": "#0"},
				"west": {"uv": [7.5, 11.5, 8, 12], "texture": "#0"},
				"up": {"uv": [12, 8, 11.5, 7.5], "texture": "#0"},
				"down": {"uv": [8.5, 11.5, 8, 12], "texture": "#0"}
			}
		},
		{
			"from": [6.9, 18.2, 7.4],
			"to": [7.6, 18.9, 8.1],
			"rotation": {"angle": 0, "axis": "y", "origin": [0, -11, 0]},
			"faces": {
				"north": {"uv": [11.5, 8, 12, 8.5], "texture": "#0"},
				"east": {"uv": [8.5, 11.5, 9, 12], "texture": "#0"},
				"south": {"uv": [11.5, 8.5, 12, 9], "texture": "#0"},
				"west": {"uv": [9, 11.5, 9.5, 12], "texture": "#0"},
				"up": {"uv": [12, 9.5, 11.5, 9], "texture": "#0"},
				"down": {"uv": [10, 11.5, 9.5, 12], "texture": "#0"}
			}
		},
		{
			"from": [7.9, 13.4, 5.1],
			"to": [9.1, 14.9, 5.5],
			"rotation": {"angle": -22.5, "axis": "y", "origin": [0, -11, 0]},
			"faces": {
				"north": {"uv": [11.5, 9.5, 12, 10], "texture": "#0"},
				"east": {"uv": [10, 11.5, 10.5, 12], "texture": "#0"},
				"south": {"uv": [11.5, 10, 12, 10.5], "texture": "#0"},
				"west": {"uv": [10.5, 11.5, 11, 12], "texture": "#0"},
				"up": {"uv": [12, 11, 11.5, 10.5], "texture": "#0"},
				"down": {"uv": [11.5, 11.5, 11, 12], "texture": "#0"}
			}
		}
	],
	"display": {
		"thirdperson_righthand": {
			"rotation": [0, 90, 0],
			"translation": [0, 7.25, 0.5],
			"scale": [0.8, 0.8, 0.8]
		},
		"thirdperson_lefthand": {
			"rotation": [86, 0, 98],
			"translation": [-14, -1.75, -2],
			"scale": [0.8, 0.8, 0.8]
		},
		"firstperson_righthand": {
			"rotation": [0, 90, 0],
			"translation": [0, 9, 0]
		},
		"firstperson_lefthand": {
			"rotation": [0, 0, 100],
			"translation": [-13.25, -1.25, 0]
		},
		"ground": {
			"rotation": [90, 0, 0],
			"translation": [-0.25, 0, 5.5],
			"scale": [0.95, 0.95, 0.95]
		},
		"gui": {
			"rotation": [0, 180, -38.5],
			"translation": [-1.5, 2.25, 0],
			"scale": [0.52, 0.52, 0.52]
		},
		"head": {
			"rotation": [0, 90, 0],
			"translation": [9, -14.75, -8.75],
			"scale": [1.25, 1.24, 1.25]
		},
		"fixed": {
			"translation": [1.75, 12.75, 0],
			"scale": [2, 2, 2]
		}
	},
	"groups": [
		{
			"name": "group",
			"origin": [0, 0, 0],
			"color": 0,
			"children": [0, 1, 2, 3, 4, 5, 6, 7, 8, 9, 10, 11, 12, 13, 14, 15, 16, 17, 18, 19, 20, 21, 22, 23, 24, 25, 26, 27]
		}
	]
}