{
	"credit": "Made with Blockbench",
	"texture_size": [32, 32],
	"textures": {
		"0": "item/firstsword",
		"particle": "firstsword"
	},
	"elements": [
		{
			"from": [9.7, 0.6, 8.2],
			"to": [10.4, 2.2, 8.8],
			"rotation": {"angle": 22.5, "axis": "z", "origin": [0, 0, 0]},
			"faces": {
				"north": {"uv": [3.5, 8.5, 4, 9.5], "texture": "#0"},
				"east": {"uv": [4, 8.5, 4.5, 9.5], "texture": "#0"},
				"south": {"uv": [4.5, 8.5, 5, 9.5], "texture": "#0"},
				"west": {"uv": [8.5, 4.5, 9, 5.5], "texture": "#0"},
				"up": {"uv": [8, 9.5, 7.5, 9], "texture": "#0"},
				"down": {"uv": [9, 9, 8.5, 9.5], "texture": "#0"}
			}
		},
		{
			"from": [7.5, -10, 7.9],
			"to": [8.5, -8, 9.1],
			"faces": {
				"north": {"uv": [8.5, 5.5, 9, 6.5], "texture": "#0"},
				"east": {"uv": [8.5, 6.5, 9, 7.5], "texture": "#0"},
				"south": {"uv": [8.5, 7.5, 9, 8.5], "texture": "#0"},
				"west": {"uv": [8, 8.5, 8.5, 9.5], "texture": "#0"},
				"up": {"uv": [9.5, 9.5, 9, 9], "texture": "#0"},
				"down": {"uv": [10, 1.5, 9.5, 2], "texture": "#0"}
			}
		},
		{
			"from": [5.7, -10, 7.7],
			"to": [7.5, -8, 9.3],
			"faces": {
				"north": {"uv": [0.5, 7, 1.5, 8], "texture": "#0"},
				"east": {"uv": [1.5, 7, 2.5, 8], "texture": "#0"},
				"south": {"uv": [2.5, 7, 3.5, 8], "texture": "#0"},
				"west": {"uv": [3.5, 7, 4.5, 8], "texture": "#0"},
				"up": {"uv": [5.5, 8, 4.5, 7], "texture": "#0"},
				"down": {"uv": [6.5, 7, 5.5, 8], "texture": "#0"}
			}
		},
		{
			"from": [6.5, -8, 8.3],
			"to": [9.5, 6, 8.7],
			"faces": {
				"north": {"uv": [0, 0, 1.5, 7], "texture": "#0"},
				"east": {"uv": [3, 0, 3.5, 7], "texture": "#0"},
				"south": {"uv": [1.5, 0, 3, 7], "texture": "#0"},
				"west": {"uv": [3.5, 0, 4, 7], "texture": "#0"},
				"up": {"uv": [3.5, 8.5, 2, 8], "texture": "#0"},
				"down": {"uv": [5, 8, 3.5, 8.5], "texture": "#0"}
			}
		},
		{
			"from": [3.7, 8, 8.2],
			"to": [4.7, 10.7, 8.8],
			"rotation": {"angle": -22.5, "axis": "z", "origin": [0, 0, 0]},
			"faces": {
				"north": {"uv": [5, 8, 5.5, 9.5], "texture": "#0"},
				"east": {"uv": [5.5, 8, 6, 9.5], "texture": "#0"},
				"south": {"uv": [6, 8, 6.5, 9.5], "texture": "#0"},
				"west": {"uv": [6.5, 8, 7, 9.5], "texture": "#0"},
				"up": {"uv": [10, 2.5, 9.5, 2], "texture": "#0"},
				"down": {"uv": [10, 2.5, 9.5, 3], "texture": "#0"}
			}
		},
		{
			"from": [10.1, 1.9, 8.2],
			"to": [11.1, 4.6, 8.8],
			"rotation": {"angle": 22.5, "axis": "z", "origin": [0, 0, 0]},
			"faces": {
				"north": {"uv": [7, 8, 7.5, 9.5], "texture": "#0"},
				"east": {"uv": [8, 7, 8.5, 8.5], "texture": "#0"},
				"south": {"uv": [8.5, 0, 9, 1.5], "texture": "#0"},
				"west": {"uv": [8.5, 1.5, 9, 3], "texture": "#0"},
				"up": {"uv": [10, 3.5, 9.5, 3], "texture": "#0"},
				"down": {"uv": [4, 9.5, 3.5, 10], "texture": "#0"}
			}
		},
		{
			"from": [7.5, 6, 8.2],
			"to": [8.5, 8.5, 8.8],
			"faces": {
				"north": {"uv": [2, 8.5, 2.5, 10], "texture": "#0"},
				"east": {"uv": [2.5, 8.5, 3, 10], "texture": "#0"},
				"south": {"uv": [3, 8.5, 3.5, 10], "texture": "#0"},
				"west": {"uv": [8.5, 3, 9, 4.5], "texture": "#0"},
				"up": {"uv": [10, 4, 9.5, 3.5], "texture": "#0"},
				"down": {"uv": [4.5, 9.5, 4, 10], "texture": "#0"}
			}
		},
		{
			"from": [6.5, -8, 8.2],
			"to": [7.3, 6, 8.8],
			"faces": {
				"north": {"uv": [4, 0, 4.5, 7], "texture": "#0"},
				"east": {"uv": [4.5, 0, 5, 7], "texture": "#0"},
				"south": {"uv": [5, 0, 5.5, 7], "texture": "#0"},
				"west": {"uv": [5.5, 0, 6, 7], "texture": "#0"},
				"up": {"uv": [10, 4.5, 9.5, 4], "texture": "#0"},
				"down": {"uv": [5, 9.5, 4.5, 10], "texture": "#0"}
			}
		},
		{
			"from": [8.7, -8, 8.2],
			"to": [9.5, 6, 8.8],
			"faces": {
				"north": {"uv": [6, 0, 6.5, 7], "texture": "#0"},
				"east": {"uv": [6.5, 0, 7, 7], "texture": "#0"},
				"south": {"uv": [0, 7, 0.5, 14], "texture": "#0"},
				"west": {"uv": [7, 0, 7.5, 7], "texture": "#0"},
				"up": {"uv": [10, 5, 9.5, 4.5], "texture": "#0"},
				"down": {"uv": [5.5, 9.5, 5, 10], "texture": "#0"}
			}
		},
		{
			"from": [7.2, 5.7, 8.2],
			"to": [8.8, 6, 8.8],
			"faces": {
				"north": {"uv": [8.5, 8.5, 9.5, 9], "texture": "#0"},
				"east": {"uv": [9.5, 5, 10, 5.5], "texture": "#0"},
				"south": {"uv": [9, 0, 10, 0.5], "texture": "#0"},
				"west": {"uv": [5.5, 9.5, 6, 10], "texture": "#0"},
				"up": {"uv": [10, 1, 9, 0.5], "texture": "#0"},
				"down": {"uv": [10, 1, 9, 1.5], "texture": "#0"}
			}
		},
		{
			"from": [4.4, 6.7, 8.2],
			"to": [5.1, 8.3, 8.8],
			"rotation": {"angle": -22.5, "axis": "z", "origin": [0, 0, 0]},
			"faces": {
				"north": {"uv": [9, 1.5, 9.5, 2.5], "texture": "#0"},
				"east": {"uv": [9, 2.5, 9.5, 3.5], "texture": "#0"},
				"south": {"uv": [9, 3.5, 9.5, 4.5], "texture": "#0"},
				"west": {"uv": [9, 4.5, 9.5, 5.5], "texture": "#0"},
				"up": {"uv": [10, 6, 9.5, 5.5], "texture": "#0"},
				"down": {"uv": [6.5, 9.5, 6, 10], "texture": "#0"}
			}
		},
		{
			"from": [8.5, -10, 7.7],
			"to": [10.3, -8, 9.3],
			"faces": {
				"north": {"uv": [6.5, 7, 7.5, 8], "texture": "#0"},
				"east": {"uv": [7.5, 0, 8.5, 1], "texture": "#0"},
				"south": {"uv": [7.5, 1, 8.5, 2], "texture": "#0"},
				"west": {"uv": [7.5, 2, 8.5, 3], "texture": "#0"},
				"up": {"uv": [8.5, 4, 7.5, 3], "texture": "#0"},
				"down": {"uv": [8.5, 4, 7.5, 5], "texture": "#0"}
			}
		},
		{
			"from": [7, -16, 7.8],
			"to": [9, -14, 9.2],
			"faces": {
				"north": {"uv": [7.5, 5, 8.5, 6], "texture": "#0"},
				"east": {"uv": [9, 5.5, 9.5, 6.5], "texture": "#0"},
				"south": {"uv": [7.5, 6, 8.5, 7], "texture": "#0"},
				"west": {"uv": [9, 6.5, 9.5, 7.5], "texture": "#0"},
				"up": {"uv": [10, 8, 9, 7.5], "texture": "#0"},
				"down": {"uv": [10, 8, 9, 8.5], "texture": "#0"}
			}
		},
		{
			"from": [7.5, -14, 8],
			"to": [8.5, -10, 9],
			"faces": {
				"north": {"uv": [7.5, 7, 8, 9], "texture": "#0"},
				"east": {"uv": [0.5, 8, 1, 10], "texture": "#0"},
				"south": {"uv": [1, 8, 1.5, 10], "texture": "#0"},
				"west": {"uv": [1.5, 8, 2, 10], "texture": "#0"},
				"up": {"uv": [10, 6.5, 9.5, 6], "texture": "#0"},
				"down": {"uv": [7, 9.5, 6.5, 10], "texture": "#0"}
			}
		}
	],
	"display": {
		"thirdperson_righthand": {
			"rotation": [0, 90, 0],
			"translation": [0, 18.25, 0.75]
		},
		"thirdperson_lefthand": {
			"rotation": [-113, 0, -17],
			"translation": [-6.75, -10.75, -2.5]
		},
		"firstperson_righthand": {
			"rotation": [0, 90, -8],
			"translation": [-1.5, 20, -0.5]
		},
		"firstperson_lefthand": {
			"rotation": [-180, 92, -16.5],
			"translation": [-0.25, -13.3, 6]
		},
		"ground": {
			"rotation": [90, 0, 0],
			"translation": [0, 0, 13],
			"scale": [1.2, 1.2, 1.2]
		},
		"gui": {
			"rotation": [0, 0, 37],
			"translation": [-5.75, 8.25, 0],
			"scale": [0.84, 0.84, 0.84]
		},
		"head": {
			"rotation": [0, 0, 50],
			"translation": [-3, 9.5, 0.25]
		},
		"fixed": {
			"rotation": [0, 0, -180],
			"translation": [0, -22.25, -2],
			"scale": [2, 2, 2]
		}
	},
	"groups": [
		{
			"name": "group",
			"origin": [8, 8, 8],
			"color": 0,
			"nbt": "{}",
			"armAnimationEnabled": false,
			"children": [0, 1, 2, 3, 4, 5, 6, 7, 8, 9, 10, 11, 12, 13]
		}
	]
}