{
	"credit": "Made with Blockbench",
	"textures": {
		"0": "item/barukas_dagger",
		"particle": "item/barukas_dagger"
	},
	"elements": [
		{
			"name": "Layer 1_0",
			"from": [8.875, 11.375, 7.875],
			"to": [9, 12.375, 8.25],
			"rotation": {"angle": 0, "axis": "y", "origin": [0, 0, 8]},
			"faces": {
				"north": {"uv": [9, 3.625, 8.875, 4.625], "texture": "#0"},
				"east": {"uv": [8.875, 3.625, 9, 4.625], "texture": "#0"},
				"south": {"uv": [8.875, 3.625, 9, 4.625], "texture": "#0"},
				"west": {"uv": [8.875, 3.625, 9, 4.625], "texture": "#0"},
				"up": {"uv": [8.875, 3.625, 9, 3.75], "texture": "#0"},
				"down": {"uv": [8.875, 4.5, 9, 4.625], "texture": "#0"}
			}
		},
		{
			"name": "Layer 1_1",
			"from": [8.75, 10.875, 7.875],
			"to": [8.875, 11.5, 8.25],
			"rotation": {"angle": 0, "axis": "y", "origin": [0, 0, 8]},
			"faces": {
				"north": {"uv": [8.875, 4.5, 8.75, 5.125], "texture": "#0"},
				"east": {"uv": [8.75, 4.5, 8.875, 5.125], "texture": "#0"},
				"south": {"uv": [8.75, 4.5, 8.875, 5.125], "texture": "#0"},
				"west": {"uv": [8.75, 4.5, 8.875, 5.125], "texture": "#0"},
				"up": {"uv": [8.75, 4.5, 8.875, 4.625], "texture": "#0"},
				"down": {"uv": [8.75, 5, 8.875, 5.125], "texture": "#0"}
			}
		},
		{
			"name": "Layer 1_2",
			"from": [8.625, 10.5, 7.875],
			"to": [8.75, 11, 8.25],
			"rotation": {"angle": 0, "axis": "y", "origin": [0, 0, 8]},
			"faces": {
				"north": {"uv": [8.75, 5, 8.625, 5.5], "texture": "#0"},
				"east": {"uv": [8.625, 5, 8.75, 5.5], "texture": "#0"},
				"south": {"uv": [8.625, 5, 8.75, 5.5], "texture": "#0"},
				"west": {"uv": [8.625, 5, 8.75, 5.5], "texture": "#0"},
				"up": {"uv": [8.625, 5, 8.75, 5.125], "texture": "#0"},
				"down": {"uv": [8.625, 5.375, 8.75, 5.5], "texture": "#0"}
			}
		},
		{
			"name": "Layer 1_3",
			"from": [8.5, 10.25, 7.875],
			"to": [8.625, 10.625, 8.25],
			"rotation": {"angle": 0, "axis": "y", "origin": [0, 0, 8]},
			"faces": {
				"north": {"uv": [8.625, 5.375, 8.5, 5.75], "texture": "#0"},
				"east": {"uv": [8.5, 5.375, 8.625, 5.75], "texture": "#0"},
				"south": {"uv": [8.5, 5.375, 8.625, 5.75], "texture": "#0"},
				"west": {"uv": [8.5, 5.375, 8.625, 5.75], "texture": "#0"},
				"up": {"uv": [8.5, 5.375, 8.625, 5.5], "texture": "#0"},
				"down": {"uv": [8.5, 5.625, 8.625, 5.75], "texture": "#0"}
			}
		},
		{
			"name": "Layer 1_4",
			"from": [8.375, 10.125, 7.875],
			"to": [8.5, 10.375, 8.25],
			"rotation": {"angle": 0, "axis": "y", "origin": [0, 0, 8]},
			"faces": {
				"north": {"uv": [8.5, 5.625, 8.375, 5.875], "texture": "#0"},
				"east": {"uv": [8.375, 5.625, 8.5, 5.875], "texture": "#0"},
				"south": {"uv": [8.375, 5.625, 8.5, 5.875], "texture": "#0"},
				"west": {"uv": [8.375, 5.625, 8.5, 5.875], "texture": "#0"},
				"up": {"uv": [8.375, 5.625, 8.5, 5.75], "texture": "#0"},
				"down": {"uv": [8.375, 5.75, 8.5, 5.875], "texture": "#0"}
			}
		},
		{
			"name": "Layer 1_5",
			"from": [8.25, 9.875, 7.875],
			"to": [8.375, 10.25, 8.25],
			"rotation": {"angle": 0, "axis": "y", "origin": [0, 0, 8]},
			"faces": {
				"north": {"uv": [8.375, 5.75, 8.25, 6.125], "texture": "#0"},
				"east": {"uv": [8.25, 5.75, 8.375, 6.125], "texture": "#0"},
				"south": {"uv": [8.25, 5.75, 8.375, 6.125], "texture": "#0"},
				"west": {"uv": [8.25, 5.75, 8.375, 6.125], "texture": "#0"},
				"up": {"uv": [8.25, 5.75, 8.375, 5.875], "texture": "#0"},
				"down": {"uv": [8.25, 6, 8.375, 6.125], "texture": "#0"}
			}
		},
		{
			"name": "Layer 1_6",
			"from": [8.125, 9.75, 7.875],
			"to": [8.25, 10.125, 8.25],
			"rotation": {"angle": 0, "axis": "y", "origin": [0, 0, 8]},
			"faces": {
				"north": {"uv": [8.25, 5.875, 8.125, 6.25], "texture": "#0"},
				"east": {"uv": [8.125, 5.875, 8.25, 6.25], "texture": "#0"},
				"south": {"uv": [8.125, 5.875, 8.25, 6.25], "texture": "#0"},
				"west": {"uv": [8.125, 5.875, 8.25, 6.25], "texture": "#0"},
				"up": {"uv": [8.125, 5.875, 8.25, 6], "texture": "#0"},
				"down": {"uv": [8.125, 6.125, 8.25, 6.25], "texture": "#0"}
			}
		},
		{
			"name": "Layer 1_7",
			"from": [8, 8.375, 7.875],
			"to": [8.125, 10, 8.25],
			"rotation": {"angle": 0, "axis": "y", "origin": [0, 0, 8]},
			"faces": {
				"north": {"uv": [8.125, 6, 8, 7.625], "texture": "#0"},
				"east": {"uv": [8, 6, 8.125, 7.625], "texture": "#0"},
				"south": {"uv": [8, 6, 8.125, 7.625], "texture": "#0"},
				"west": {"uv": [8, 6, 8.125, 7.625], "texture": "#0"},
				"up": {"uv": [8, 6, 8.125, 6.125], "texture": "#0"},
				"down": {"uv": [8, 7.5, 8.125, 7.625], "texture": "#0"}
			}
		},
		{
			"name": "Layer 1_8",
			"from": [7.875, 9.625, 7.875],
			"to": [8, 9.875, 8.25],
			"rotation": {"angle": 0, "axis": "y", "origin": [0, 0, 8]},
			"faces": {
				"north": {"uv": [8, 6.125, 7.875, 6.375], "texture": "#0"},
				"south": {"uv": [7.875, 6.125, 8, 6.375], "texture": "#0"},
				"west": {"uv": [7.875, 6.125, 8, 6.375], "texture": "#0"},
				"up": {"uv": [7.875, 6.125, 8, 6.25], "texture": "#0"},
				"down": {"uv": [7.875, 6.25, 8, 6.375], "texture": "#0"}
			}
		},
		{
			"name": "Layer 1_9",
			"from": [7.75, 9.5, 7.875],
			"to": [7.875, 9.75, 8.25],
			"rotation": {"angle": 0, "axis": "y", "origin": [0, 0, 8]},
			"faces": {
				"north": {"uv": [7.875, 6.25, 7.75, 6.5], "texture": "#0"},
				"east": {"uv": [7.75, 6.25, 7.875, 6.5], "texture": "#0"},
				"south": {"uv": [7.75, 6.25, 7.875, 6.5], "texture": "#0"},
				"west": {"uv": [7.75, 6.25, 7.875, 6.5], "texture": "#0"},
				"up": {"uv": [7.75, 6.25, 7.875, 6.375], "texture": "#0"},
				"down": {"uv": [7.75, 6.375, 7.875, 6.5], "texture": "#0"}
			}
		},
		{
			"name": "Layer 1_10",
			"from": [7.625, 9.25, 7.875],
			"to": [7.75, 9.625, 8.25],
			"rotation": {"angle": 0, "axis": "y", "origin": [0, 0, 8]},
			"faces": {
				"north": {"uv": [7.75, 6.375, 7.625, 6.75], "texture": "#0"},
				"east": {"uv": [7.625, 6.375, 7.75, 6.75], "texture": "#0"},
				"south": {"uv": [7.625, 6.375, 7.75, 6.75], "texture": "#0"},
				"west": {"uv": [7.625, 6.375, 7.75, 6.75], "texture": "#0"},
				"up": {"uv": [7.625, 6.375, 7.75, 6.5], "texture": "#0"},
				"down": {"uv": [7.625, 6.625, 7.75, 6.75], "texture": "#0"}
			}
		},
		{
			"name": "Layer 1_11",
			"from": [7.5, 9, 7.875],
			"to": [7.625, 9.5, 8.25],
			"rotation": {"angle": 0, "axis": "y", "origin": [0, 0, 8]},
			"faces": {
				"north": {"uv": [7.625, 6.5, 7.5, 7], "texture": "#0"},
				"east": {"uv": [7.5, 6.5, 7.625, 7], "texture": "#0"},
				"south": {"uv": [7.5, 6.5, 7.625, 7], "texture": "#0"},
				"west": {"uv": [7.5, 6.5, 7.625, 7], "texture": "#0"},
				"up": {"uv": [7.5, 6.5, 7.625, 6.625], "texture": "#0"},
				"down": {"uv": [7.5, 6.875, 7.625, 7], "texture": "#0"}
			}
		},
		{
			"name": "Layer 1_12",
			"from": [7.375, 8.75, 7.875],
			"to": [7.5, 9.25, 8.25],
			"rotation": {"angle": 0, "axis": "y", "origin": [0, 0, 8]},
			"faces": {
				"north": {"uv": [7.5, 6.75, 7.375, 7.25], "texture": "#0"},
				"east": {"uv": [7.375, 6.75, 7.5, 7.25], "texture": "#0"},
				"south": {"uv": [7.375, 6.75, 7.5, 7.25], "texture": "#0"},
				"west": {"uv": [7.375, 6.75, 7.5, 7.25], "texture": "#0"},
				"up": {"uv": [7.375, 6.75, 7.5, 6.875], "texture": "#0"},
				"down": {"uv": [7.375, 7.125, 7.5, 7.25], "texture": "#0"}
			}
		},
		{
			"name": "Layer 1_13",
			"from": [7.875, 8.75, 7.875],
			"to": [8, 9.25, 8.25],
			"rotation": {"angle": 0, "axis": "y", "origin": [0, 0, 8]},
			"faces": {
				"north": {"uv": [8, 6.75, 7.875, 7.25], "texture": "#0"},
				"south": {"uv": [7.875, 6.75, 8, 7.25], "texture": "#0"},
				"west": {"uv": [7.875, 6.75, 8, 7.25], "texture": "#0"},
				"up": {"uv": [7.875, 6.75, 8, 6.875], "texture": "#0"},
				"down": {"uv": [7.875, 7.125, 8, 7.25], "texture": "#0"}
			}
		},
		{
			"name": "Layer 1_14",
			"from": [7.25, 8.5, 7.875],
			"to": [7.375, 9.125, 8.25],
			"rotation": {"angle": 0, "axis": "y", "origin": [0, 0, 8]},
			"faces": {
				"north": {"uv": [7.375, 6.875, 7.25, 7.5], "texture": "#0"},
				"east": {"uv": [7.25, 6.875, 7.375, 7.5], "texture": "#0"},
				"south": {"uv": [7.25, 6.875, 7.375, 7.5], "texture": "#0"},
				"west": {"uv": [7.25, 6.875, 7.375, 7.5], "texture": "#0"},
				"up": {"uv": [7.25, 6.875, 7.375, 7], "texture": "#0"},
				"down": {"uv": [7.25, 7.375, 7.375, 7.5], "texture": "#0"}
			}
		},
		{
			"name": "Layer 1_15",
			"from": [7.125, 8.5, 7.875],
			"to": [7.25, 8.875, 8.25],
			"rotation": {"angle": 0, "axis": "y", "origin": [0, 0, 8]},
			"faces": {
				"north": {"uv": [7.25, 7.125, 7.125, 7.5], "texture": "#0"},
				"south": {"uv": [7.125, 7.125, 7.25, 7.5], "texture": "#0"},
				"west": {"uv": [7.125, 7.125, 7.25, 7.5], "texture": "#0"},
				"up": {"uv": [7.125, 7.125, 7.25, 7.25], "texture": "#0"},
				"down": {"uv": [7.125, 7.375, 7.25, 7.5], "texture": "#0"}
			}
		},
		{
			"name": "Layer 1_16",
			"from": [7, 8.375, 7.875],
			"to": [7.125, 8.75, 8.25],
			"rotation": {"angle": 0, "axis": "y", "origin": [0, 0, 8]},
			"faces": {
				"north": {"uv": [7.125, 7.25, 7, 7.625], "texture": "#0"},
				"east": {"uv": [7, 7.25, 7.125, 7.625], "texture": "#0"},
				"south": {"uv": [7, 7.25, 7.125, 7.625], "texture": "#0"},
				"west": {"uv": [7, 7.25, 7.125, 7.625], "texture": "#0"},
				"up": {"uv": [7, 7.25, 7.125, 7.375], "texture": "#0"},
				"down": {"uv": [7, 7.5, 7.125, 7.625], "texture": "#0"}
			}
		},
		{
			"name": "Layer 1_17",
			"from": [7.375, 8.375, 7.875],
			"to": [7.625, 8.625, 8.25],
			"rotation": {"angle": 0, "axis": "y", "origin": [0, 0, 8]},
			"faces": {
				"north": {"uv": [7.625, 7.375, 7.375, 7.625], "texture": "#0"},
				"east": {"uv": [7.5, 7.375, 7.625, 7.625], "texture": "#0"},
				"south": {"uv": [7.375, 7.375, 7.625, 7.625], "texture": "#0"},
				"west": {"uv": [7.375, 7.375, 7.5, 7.625], "texture": "#0"},
				"up": {"uv": [7.375, 7.375, 7.625, 7.5], "texture": "#0"},
				"down": {"uv": [7.375, 7.5, 7.625, 7.625], "texture": "#0"}
			}
		},
		{
			"name": "Layer 1_18",
			"from": [8.125, 8, 7.875],
			"to": [8.25, 8.625, 8.25],
			"rotation": {"angle": 0, "axis": "y", "origin": [0, 0, 8]},
			"faces": {
				"north": {"uv": [8.25, 7.375, 8.125, 8], "texture": "#0"},
				"east": {"uv": [8.125, 7.375, 8.25, 8], "texture": "#0"},
				"south": {"uv": [8.125, 7.375, 8.25, 8], "texture": "#0"},
				"west": {"uv": [8.125, 7.375, 8.25, 8], "texture": "#0"},
				"up": {"uv": [8.125, 7.375, 8.25, 7.5], "texture": "#0"},
				"down": {"uv": [8.125, 7.875, 8.25, 8], "texture": "#0"}
			}
		},
		{
			"name": "Layer 1_19",
			"from": [6.875, 8.25, 7.875],
			"to": [7, 8.5, 8.25],
			"rotation": {"angle": 0, "axis": "y", "origin": [0, 0, 8]},
			"faces": {
				"north": {"uv": [7, 7.5, 6.875, 7.75], "texture": "#0"},
				"east": {"uv": [6.875, 7.5, 7, 7.75], "texture": "#0"},
				"south": {"uv": [6.875, 7.5, 7, 7.75], "texture": "#0"},
				"west": {"uv": [6.875, 7.5, 7, 7.75], "texture": "#0"},
				"up": {"uv": [6.875, 7.5, 7, 7.625], "texture": "#0"},
				"down": {"uv": [6.875, 7.625, 7, 7.75], "texture": "#0"}
			}
		},
		{
			"name": "Layer 1_20",
			"from": [7.625, 8, 7.875],
			"to": [7.75, 8.5, 8.25],
			"rotation": {"angle": 0, "axis": "y", "origin": [0, 0, 8]},
			"faces": {
				"north": {"uv": [7.75, 7.5, 7.625, 8], "texture": "#0"},
				"east": {"uv": [7.625, 7.5, 7.75, 8], "texture": "#0"},
				"south": {"uv": [7.625, 7.5, 7.75, 8], "texture": "#0"},
				"up": {"uv": [7.625, 7.5, 7.75, 7.625], "texture": "#0"},
				"down": {"uv": [7.625, 7.875, 7.75, 8], "texture": "#0"}
			}
		},
		{
			"name": "Layer 1_21",
			"from": [7.5, 7.625, 7.875],
			"to": [7.625, 8.375, 8.25],
			"rotation": {"angle": 0, "axis": "y", "origin": [0, 0, 8]},
			"faces": {
				"north": {"uv": [7.625, 7.625, 7.5, 8.375], "texture": "#0"},
				"east": {"uv": [7.5, 7.625, 7.625, 8.375], "texture": "#0"},
				"south": {"uv": [7.5, 7.625, 7.625, 8.375], "texture": "#0"},
				"west": {"uv": [7.5, 7.625, 7.625, 8.375], "texture": "#0"},
				"down": {"uv": [7.5, 8.25, 7.625, 8.375], "texture": "#0"}
			}
		},
		{
			"name": "Layer 1_22",
			"from": [8.25, 7.625, 7.875],
			"to": [8.375, 8.25, 8.25],
			"rotation": {"angle": 0, "axis": "y", "origin": [0, 0, 8]},
			"faces": {
				"north": {"uv": [8.375, 7.75, 8.25, 8.375], "texture": "#0"},
				"east": {"uv": [8.25, 7.75, 8.375, 8.375], "texture": "#0"},
				"south": {"uv": [8.25, 7.75, 8.375, 8.375], "texture": "#0"},
				"west": {"uv": [8.25, 7.75, 8.375, 8.375], "texture": "#0"},
				"up": {"uv": [8.25, 7.75, 8.375, 7.875], "texture": "#0"},
				"down": {"uv": [8.25, 8.25, 8.375, 8.375], "texture": "#0"}
			}
		},
		{
			"name": "Layer 1_23",
			"from": [9.375, 7.875, 7.875],
			"to": [9.5, 8.125, 8.25],
			"rotation": {"angle": 0, "axis": "y", "origin": [0, 0, 8]},
			"faces": {
				"north": {"uv": [9.5, 7.875, 9.375, 8.125], "texture": "#0"},
				"east": {"uv": [9.375, 7.875, 9.5, 8.125], "texture": "#0"},
				"south": {"uv": [9.375, 7.875, 9.5, 8.125], "texture": "#0"},
				"west": {"uv": [9.375, 7.875, 9.5, 8.125], "texture": "#0"},
				"up": {"uv": [9.375, 7.875, 9.5, 8], "texture": "#0"},
				"down": {"uv": [9.375, 8, 9.5, 8.125], "texture": "#0"}
			}
		},
		{
			"name": "Layer 1_24",
			"from": [7.375, 7.5, 7.875],
			"to": [7.5, 8, 8.25],
			"rotation": {"angle": 0, "axis": "y", "origin": [0, 0, 8]},
			"faces": {
				"north": {"uv": [7.5, 8, 7.375, 8.5], "texture": "#0"},
				"east": {"uv": [7.375, 8, 7.5, 8.5], "texture": "#0"},
				"south": {"uv": [7.375, 8, 7.5, 8.5], "texture": "#0"},
				"west": {"uv": [7.375, 8, 7.5, 8.5], "texture": "#0"},
				"up": {"uv": [7.375, 8, 7.5, 8.125], "texture": "#0"},
				"down": {"uv": [7.375, 8.375, 7.5, 8.5], "texture": "#0"}
			}
		},
		{
			"name": "Layer 1_25",
			"from": [8.375, 7.5, 7.875],
			"to": [8.5, 8, 8.25],
			"rotation": {"angle": 0, "axis": "y", "origin": [0, 0, 8]},
			"faces": {
				"north": {"uv": [8.5, 8, 8.375, 8.5], "texture": "#0"},
				"east": {"uv": [8.375, 8, 8.5, 8.5], "texture": "#0"},
				"south": {"uv": [8.375, 8, 8.5, 8.5], "texture": "#0"},
				"west": {"uv": [8.375, 8, 8.5, 8.5], "texture": "#0"},
				"up": {"uv": [8.375, 8, 8.5, 8.125], "texture": "#0"},
				"down": {"uv": [8.375, 8.375, 8.5, 8.5], "texture": "#0"}
			}
		},
		{
			"name": "Layer 1_26",
			"from": [9.25, 7.75, 7.875],
			"to": [9.375, 8, 8.25],
			"rotation": {"angle": 0, "axis": "y", "origin": [0, 0, 8]},
			"faces": {
				"north": {"uv": [9.375, 8, 9.25, 8.25], "texture": "#0"},
				"east": {"uv": [9.25, 8, 9.375, 8.25], "texture": "#0"},
				"south": {"uv": [9.25, 8, 9.375, 8.25], "texture": "#0"},
				"west": {"uv": [9.25, 8, 9.375, 8.25], "texture": "#0"},
				"up": {"uv": [9.25, 8, 9.375, 8.125], "texture": "#0"},
				"down": {"uv": [9.25, 8.125, 9.375, 8.25], "texture": "#0"}
			}
		},
		{
			"name": "Layer 1_27",
			"from": [8.5, 7.5, 7.875],
			"to": [8.625, 7.875, 8.25],
			"rotation": {"angle": 0, "axis": "y", "origin": [0, 0, 8]},
			"faces": {
				"north": {"uv": [8.625, 8.125, 8.5, 8.5], "texture": "#0"},
				"east": {"uv": [8.5, 8.125, 8.625, 8.5], "texture": "#0"},
				"south": {"uv": [8.5, 8.125, 8.625, 8.5], "texture": "#0"},
				"up": {"uv": [8.5, 8.125, 8.625, 8.25], "texture": "#0"},
				"down": {"uv": [8.5, 8.375, 8.625, 8.5], "texture": "#0"}
			}
		},
		{
			"name": "Layer 1_28",
			"from": [9, 7.625, 7.875],
			"to": [9.25, 7.875, 8.25],
			"rotation": {"angle": 0, "axis": "y", "origin": [0, 0, 8]},
			"faces": {
				"north": {"uv": [9.25, 8.125, 9, 8.375], "texture": "#0"},
				"east": {"uv": [9.125, 8.125, 9.25, 8.375], "texture": "#0"},
				"south": {"uv": [9, 8.125, 9.25, 8.375], "texture": "#0"},
				"west": {"uv": [9, 8.125, 9.125, 8.375], "texture": "#0"},
				"up": {"uv": [9, 8.125, 9.25, 8.25], "texture": "#0"},
				"down": {"uv": [9, 8.25, 9.25, 8.375], "texture": "#0"}
			}
		},
		{
			"name": "Layer 1_29",
			"from": [7.25, 7.5, 7.875],
			"to": [7.375, 7.75, 8.25],
			"rotation": {"angle": 0, "axis": "y", "origin": [0, 0, 8]},
			"faces": {
				"north": {"uv": [7.375, 8.25, 7.25, 8.5], "texture": "#0"},
				"south": {"uv": [7.25, 8.25, 7.375, 8.5], "texture": "#0"},
				"west": {"uv": [7.25, 8.25, 7.375, 8.5], "texture": "#0"},
				"up": {"uv": [7.25, 8.25, 7.375, 8.375], "texture": "#0"},
				"down": {"uv": [7.25, 8.375, 7.375, 8.5], "texture": "#0"}
			}
		},
		{
			"name": "Layer 1_30",
			"from": [8.625, 7.5, 7.875],
			"to": [9, 7.75, 8.25],
			"rotation": {"angle": 0, "axis": "y", "origin": [0, 0, 8]},
			"faces": {
				"north": {"uv": [9, 8.25, 8.625, 8.5], "texture": "#0"},
				"east": {"uv": [8.875, 8.25, 9, 8.5], "texture": "#0"},
				"south": {"uv": [8.625, 8.25, 9, 8.5], "texture": "#0"},
				"up": {"uv": [8.625, 8.25, 9, 8.375], "texture": "#0"},
				"down": {"uv": [8.625, 8.375, 9, 8.5], "texture": "#0"}
			}
		},
		{
			"name": "Layer 1_31",
			"from": [7.125, 7.5, 7.875],
			"to": [7.25, 7.625, 8.25],
			"rotation": {"angle": 0, "axis": "y", "origin": [0, 0, 8]},
			"faces": {
				"north": {"uv": [7.25, 8.375, 7.125, 8.5], "texture": "#0"},
				"south": {"uv": [7.125, 8.375, 7.25, 8.5], "texture": "#0"},
				"west": {"uv": [7.125, 8.375, 7.25, 8.5], "texture": "#0"},
				"up": {"uv": [7.125, 8.375, 7.25, 8.5], "texture": "#0"},
				"down": {"uv": [7.125, 8.375, 7.25, 8.5], "texture": "#0"}
			}
		},
		{
			"name": "Layer 1_32",
			"from": [7.875, 6.875, 7.875],
			"to": [8, 7.375, 8.25],
			"rotation": {"angle": 0, "axis": "y", "origin": [0, 0, 8]},
			"faces": {
				"north": {"uv": [8, 8.625, 7.875, 9.125], "texture": "#0"},
				"east": {"uv": [7.875, 8.625, 8, 9.125], "texture": "#0"},
				"south": {"uv": [7.875, 8.625, 8, 9.125], "texture": "#0"},
				"west": {"uv": [7.875, 8.625, 8, 9.125], "texture": "#0"},
				"up": {"uv": [7.875, 8.625, 8, 8.75], "texture": "#0"},
				"down": {"uv": [7.875, 9, 8, 9.125], "texture": "#0"}
			}
		},
		{
			"name": "Layer 1_33",
			"from": [7.75, 6.75, 7.875],
			"to": [7.875, 7.25, 8.25],
			"rotation": {"angle": 0, "axis": "y", "origin": [0, 0, 8]},
			"faces": {
				"north": {"uv": [7.875, 8.75, 7.75, 9.25], "texture": "#0"},
				"east": {"uv": [7.75, 8.75, 7.875, 9.25], "texture": "#0"},
				"south": {"uv": [7.75, 8.75, 7.875, 9.25], "texture": "#0"},
				"west": {"uv": [7.75, 8.75, 7.875, 9.25], "texture": "#0"},
				"up": {"uv": [7.75, 8.75, 7.875, 8.875], "texture": "#0"},
				"down": {"uv": [7.75, 9.125, 7.875, 9.25], "texture": "#0"}
			}
		},
		{
			"name": "Layer 1_34",
			"from": [8, 6.75, 7.875],
			"to": [8.125, 7.25, 8.25],
			"rotation": {"angle": 0, "axis": "y", "origin": [0, 0, 8]},
			"faces": {
				"north": {"uv": [8.125, 8.75, 8, 9.25], "texture": "#0"},
				"east": {"uv": [8, 8.75, 8.125, 9.25], "texture": "#0"},
				"south": {"uv": [8, 8.75, 8.125, 9.25], "texture": "#0"},
				"west": {"uv": [8, 8.75, 8.125, 9.25], "texture": "#0"},
				"up": {"uv": [8, 8.75, 8.125, 8.875], "texture": "#0"},
				"down": {"uv": [8, 9.125, 8.125, 9.25], "texture": "#0"}
			}
		},
		{
			"name": "Layer 1_35",
			"from": [7.5, 6.5, 7.875],
			"to": [7.75, 7, 8.25],
			"rotation": {"angle": 0, "axis": "y", "origin": [0, 0, 8]},
			"faces": {
				"north": {"uv": [7.75, 9, 7.5, 9.5], "texture": "#0"},
				"east": {"uv": [7.625, 9, 7.75, 9.5], "texture": "#0"},
				"south": {"uv": [7.5, 9, 7.75, 9.5], "texture": "#0"},
				"west": {"uv": [7.5, 9, 7.625, 9.5], "texture": "#0"},
				"up": {"uv": [7.5, 9, 7.75, 9.125], "texture": "#0"},
				"down": {"uv": [7.5, 9.375, 7.75, 9.5], "texture": "#0"}
			}
		},
		{
			"name": "Layer 1_36",
			"from": [8.125, 6.5, 7.875],
			"to": [8.375, 7, 8.25],
			"rotation": {"angle": 0, "axis": "y", "origin": [0, 0, 8]},
			"faces": {
				"north": {"uv": [8.375, 9, 8.125, 9.5], "texture": "#0"},
				"east": {"uv": [8.25, 9, 8.375, 9.5], "texture": "#0"},
				"south": {"uv": [8.125, 9, 8.375, 9.5], "texture": "#0"},
				"west": {"uv": [8.125, 9, 8.25, 9.5], "texture": "#0"},
				"up": {"uv": [8.125, 9, 8.375, 9.125], "texture": "#0"},
				"down": {"uv": [8.125, 9.375, 8.375, 9.5], "texture": "#0"}
			}
		},
		{
			"name": "Layer 1_37",
			"from": [7.375, 6.75, 7.875],
			"to": [7.5, 6.875, 8.25],
			"rotation": {"angle": 0, "axis": "y", "origin": [0, 0, 8]},
			"faces": {
				"north": {"uv": [7.5, 9.125, 7.375, 9.25], "texture": "#0"},
				"south": {"uv": [7.375, 9.125, 7.5, 9.25], "texture": "#0"},
				"west": {"uv": [7.375, 9.125, 7.5, 9.25], "texture": "#0"},
				"up": {"uv": [7.375, 9.125, 7.5, 9.25], "texture": "#0"},
				"down": {"uv": [7.375, 9.125, 7.5, 9.25], "texture": "#0"}
			}
		},
		{
			"name": "Layer 1_38",
			"from": [8.375, 6.75, 7.875],
			"to": [8.5, 6.875, 8.25],
			"rotation": {"angle": 0, "axis": "y", "origin": [0, 0, 8]},
			"faces": {
				"north": {"uv": [8.5, 9.125, 8.375, 9.25], "texture": "#0"},
				"east": {"uv": [8.375, 9.125, 8.5, 9.25], "texture": "#0"},
				"south": {"uv": [8.375, 9.125, 8.5, 9.25], "texture": "#0"},
				"up": {"uv": [8.375, 9.125, 8.5, 9.25], "texture": "#0"},
				"down": {"uv": [8.375, 9.125, 8.5, 9.25], "texture": "#0"}
			}
		},
		{
			"name": "Layer 1_39",
			"from": [7.75, 6.375, 7.875],
			"to": [7.875, 6.625, 8.25],
			"rotation": {"angle": 0, "axis": "y", "origin": [0, 0, 8]},
			"faces": {
				"north": {"uv": [7.875, 9.375, 7.75, 9.625], "texture": "#0"},
				"east": {"uv": [7.75, 9.375, 7.875, 9.625], "texture": "#0"},
				"south": {"uv": [7.75, 9.375, 7.875, 9.625], "texture": "#0"},
				"up": {"uv": [7.75, 9.375, 7.875, 9.5], "texture": "#0"},
				"down": {"uv": [7.75, 9.5, 7.875, 9.625], "texture": "#0"}
			}
		},
		{
			"name": "Layer 1_40",
			"from": [8, 6.375, 7.875],
			"to": [8.125, 6.625, 8.25],
			"rotation": {"angle": 0, "axis": "y", "origin": [0, 0, 8]},
			"faces": {
				"north": {"uv": [8.125, 9.375, 8, 9.625], "texture": "#0"},
				"south": {"uv": [8, 9.375, 8.125, 9.625], "texture": "#0"},
				"west": {"uv": [8, 9.375, 8.125, 9.625], "texture": "#0"},
				"up": {"uv": [8, 9.375, 8.125, 9.5], "texture": "#0"},
				"down": {"uv": [8, 9.5, 8.125, 9.625], "texture": "#0"}
			}
		},
		{
			"name": "Layer 1_41",
			"from": [7.625, 6.125, 7.875],
			"to": [7.75, 6.5, 8.25],
			"rotation": {"angle": 0, "axis": "y", "origin": [0, 0, 8]},
			"faces": {
				"north": {"uv": [7.75, 9.5, 7.625, 9.875], "texture": "#0"},
				"east": {"uv": [7.625, 9.5, 7.75, 9.875], "texture": "#0"},
				"south": {"uv": [7.625, 9.5, 7.75, 9.875], "texture": "#0"},
				"west": {"uv": [7.625, 9.5, 7.75, 9.875], "texture": "#0"},
				"down": {"uv": [7.625, 9.75, 7.75, 9.875], "texture": "#0"}
			}
		},
		{
			"name": "Layer 1_42",
			"from": [7.875, 6.125, 7.875],
			"to": [8, 6.5, 8.25],
			"rotation": {"angle": 0, "axis": "y", "origin": [0, 0, 8]},
			"faces": {
				"north": {"uv": [8, 9.5, 7.875, 9.875], "texture": "#0"},
				"east": {"uv": [7.875, 9.5, 8, 9.875], "texture": "#0"},
				"south": {"uv": [7.875, 9.5, 8, 9.875], "texture": "#0"},
				"west": {"uv": [7.875, 9.5, 8, 9.875], "texture": "#0"},
				"up": {"uv": [7.875, 9.5, 8, 9.625], "texture": "#0"},
				"down": {"uv": [7.875, 9.75, 8, 9.875], "texture": "#0"}
			}
		},
		{
			"name": "Layer 1_43",
			"from": [8.125, 6.125, 7.875],
			"to": [8.25, 6.5, 8.25],
			"rotation": {"angle": 0, "axis": "y", "origin": [0, 0, 8]},
			"faces": {
				"north": {"uv": [8.25, 9.5, 8.125, 9.875], "texture": "#0"},
				"east": {"uv": [8.125, 9.5, 8.25, 9.875], "texture": "#0"},
				"south": {"uv": [8.125, 9.5, 8.25, 9.875], "texture": "#0"},
				"west": {"uv": [8.125, 9.5, 8.25, 9.875], "texture": "#0"},
				"down": {"uv": [8.125, 9.75, 8.25, 9.875], "texture": "#0"}
			}
		},
		{
			"name": "Layer 1_44",
			"from": [7.875, 3.75, 7.875],
			"to": [8, 4.25, 8.25],
			"rotation": {"angle": 0, "axis": "y", "origin": [0, 0, 8]},
			"faces": {
				"north": {"uv": [8, 11.75, 7.875, 12.25], "texture": "#0"},
				"east": {"uv": [7.875, 11.75, 8, 12.25], "texture": "#0"},
				"south": {"uv": [7.875, 11.75, 8, 12.25], "texture": "#0"},
				"west": {"uv": [7.875, 11.75, 8, 12.25], "texture": "#0"},
				"up": {"uv": [7.875, 11.75, 8, 11.875], "texture": "#0"},
				"down": {"uv": [7.875, 12.125, 8, 12.25], "texture": "#0"}
			}
		},
		{
			"name": "Layer 1_45",
			"from": [7.625, 3.375, 7.875],
			"to": [7.75, 4, 8.25],
			"rotation": {"angle": 0, "axis": "y", "origin": [0, 0, 8]},
			"faces": {
				"north": {"uv": [7.75, 12, 7.625, 12.625], "texture": "#0"},
				"east": {"uv": [7.625, 12, 7.75, 12.625], "texture": "#0"},
				"south": {"uv": [7.625, 12, 7.75, 12.625], "texture": "#0"},
				"west": {"uv": [7.625, 12, 7.75, 12.625], "texture": "#0"},
				"up": {"uv": [7.625, 12, 7.75, 12.125], "texture": "#0"},
				"down": {"uv": [7.625, 12.5, 7.75, 12.625], "texture": "#0"}
			}
		},
		{
			"name": "Layer 1_46",
			"from": [8.125, 3.375, 7.875],
			"to": [8.25, 4, 8.25],
			"rotation": {"angle": 0, "axis": "y", "origin": [0, 0, 8]},
			"faces": {
				"north": {"uv": [8.25, 12, 8.125, 12.625], "texture": "#0"},
				"east": {"uv": [8.125, 12, 8.25, 12.625], "texture": "#0"},
				"south": {"uv": [8.125, 12, 8.25, 12.625], "texture": "#0"},
				"west": {"uv": [8.125, 12, 8.25, 12.625], "texture": "#0"},
				"up": {"uv": [8.125, 12, 8.25, 12.125], "texture": "#0"},
				"down": {"uv": [8.125, 12.5, 8.25, 12.625], "texture": "#0"}
			}
		},
		{
			"name": "Layer 1_47",
			"from": [7.75, 3.625, 7.875],
			"to": [7.875, 3.875, 8.25],
			"rotation": {"angle": 0, "axis": "y", "origin": [0, 0, 8]},
			"faces": {
				"north": {"uv": [7.875, 12.125, 7.75, 12.375], "texture": "#0"},
				"east": {"uv": [7.75, 12.125, 7.875, 12.375], "texture": "#0"},
				"south": {"uv": [7.75, 12.125, 7.875, 12.375], "texture": "#0"},
				"up": {"uv": [7.75, 12.125, 7.875, 12.25], "texture": "#0"},
				"down": {"uv": [7.75, 12.25, 7.875, 12.375], "texture": "#0"}
			}
		},
		{
			"name": "Layer 1_48",
			"from": [8, 3.625, 7.875],
			"to": [8.125, 3.875, 8.25],
			"rotation": {"angle": 0, "axis": "y", "origin": [0, 0, 8]},
			"faces": {
				"north": {"uv": [8.125, 12.125, 8, 12.375], "texture": "#0"},
				"south": {"uv": [8, 12.125, 8.125, 12.375], "texture": "#0"},
				"west": {"uv": [8, 12.125, 8.125, 12.375], "texture": "#0"},
				"up": {"uv": [8, 12.125, 8.125, 12.25], "texture": "#0"},
				"down": {"uv": [8, 12.25, 8.125, 12.375], "texture": "#0"}
			}
		},
		{
			"name": "Layer 1_49",
			"from": [7.5, 3.5, 7.875],
			"to": [7.625, 3.625, 8.25],
			"rotation": {"angle": 0, "axis": "y", "origin": [0, 0, 8]},
			"faces": {
				"north": {"uv": [7.625, 12.375, 7.5, 12.5], "texture": "#0"},
				"south": {"uv": [7.5, 12.375, 7.625, 12.5], "texture": "#0"},
				"west": {"uv": [7.5, 12.375, 7.625, 12.5], "texture": "#0"},
				"up": {"uv": [7.5, 12.375, 7.625, 12.5], "texture": "#0"},
				"down": {"uv": [7.5, 12.375, 7.625, 12.5], "texture": "#0"}
			}
		},
		{
			"name": "Layer 1_50",
			"from": [8.25, 3.5, 7.875],
			"to": [8.375, 3.625, 8.25],
			"rotation": {"angle": 0, "axis": "y", "origin": [0, 0, 8]},
			"faces": {
				"north": {"uv": [8.375, 12.375, 8.25, 12.5], "texture": "#0"},
				"east": {"uv": [8.25, 12.375, 8.375, 12.5], "texture": "#0"},
				"south": {"uv": [8.25, 12.375, 8.375, 12.5], "texture": "#0"},
				"up": {"uv": [8.25, 12.375, 8.375, 12.5], "texture": "#0"},
				"down": {"uv": [8.25, 12.375, 8.375, 12.5], "texture": "#0"}
			}
		},
		{
			"name": "Layer 1_51",
			"from": [7.875, 3.125, 7.875],
			"to": [8, 3.5, 8.25],
			"rotation": {"angle": 0, "axis": "y", "origin": [0, 0, 8]},
			"faces": {
				"north": {"uv": [8, 12.5, 7.875, 12.875], "texture": "#0"},
				"east": {"uv": [7.875, 12.5, 8, 12.875], "texture": "#0"},
				"south": {"uv": [7.875, 12.5, 8, 12.875], "texture": "#0"},
				"west": {"uv": [7.875, 12.5, 8, 12.875], "texture": "#0"},
				"up": {"uv": [7.875, 12.5, 8, 12.625], "texture": "#0"},
				"down": {"uv": [7.875, 12.75, 8, 12.875], "texture": "#0"}
			}
		},
		{
			"name": "Layer 1_52",
			"from": [7.75, 3.25, 7.875],
			"to": [7.875, 3.375, 8.25],
			"rotation": {"angle": 0, "axis": "y", "origin": [0, 0, 8]},
			"faces": {
				"north": {"uv": [7.875, 12.625, 7.75, 12.75], "texture": "#0"},
				"south": {"uv": [7.75, 12.625, 7.875, 12.75], "texture": "#0"},
				"west": {"uv": [7.75, 12.625, 7.875, 12.75], "texture": "#0"},
				"up": {"uv": [7.75, 12.625, 7.875, 12.75], "texture": "#0"},
				"down": {"uv": [7.75, 12.625, 7.875, 12.75], "texture": "#0"}
			}
		},
		{
			"name": "Layer 1_53",
			"from": [8, 3.25, 7.875],
			"to": [8.125, 3.375, 8.25],
			"rotation": {"angle": 0, "axis": "y", "origin": [0, 0, 8]},
			"faces": {
				"north": {"uv": [8.125, 12.625, 8, 12.75], "texture": "#0"},
				"east": {"uv": [8, 12.625, 8.125, 12.75], "texture": "#0"},
				"south": {"uv": [8, 12.625, 8.125, 12.75], "texture": "#0"},
				"up": {"uv": [8, 12.625, 8.125, 12.75], "texture": "#0"},
				"down": {"uv": [8, 12.625, 8.125, 12.75], "texture": "#0"}
			}
		},
		{
			"name": "Layer 2_0",
			"from": [7.875, 14.625, 8],
			"to": [8, 14.875, 8.125],
			"rotation": {"angle": 0, "axis": "y", "origin": [0, 0, 8]},
			"faces": {
				"north": {"uv": [8, 1.125, 7.875, 1.375], "texture": "#0"},
				"east": {"uv": [7.875, 1.125, 8, 1.375], "texture": "#0"},
				"south": {"uv": [7.875, 1.125, 8, 1.375], "texture": "#0"},
				"west": {"uv": [7.875, 1.125, 8, 1.375], "texture": "#0"},
				"up": {"uv": [7.875, 1.125, 8, 1.25], "texture": "#0"},
				"down": {"uv": [7.875, 1.25, 8, 1.375], "texture": "#0"}
			}
		},
		{
			"name": "Layer 2_1",
			"from": [8, 14.375, 8],
			"to": [8.125, 14.75, 8.125],
			"rotation": {"angle": 0, "axis": "y", "origin": [0, 0, 8]},
			"faces": {
				"north": {"uv": [8.125, 1.25, 8, 1.625], "texture": "#0"},
				"east": {"uv": [8, 1.25, 8.125, 1.625], "texture": "#0"},
				"south": {"uv": [8, 1.25, 8.125, 1.625], "texture": "#0"},
				"west": {"uv": [8, 1.25, 8.125, 1.625], "texture": "#0"},
				"up": {"uv": [8, 1.25, 8.125, 1.375], "texture": "#0"},
				"down": {"uv": [8, 1.5, 8.125, 1.625], "texture": "#0"}
			}
		},
		{
			"name": "Layer 2_2",
			"from": [8.125, 14.125, 8],
			"to": [8.25, 14.625, 8.125],
			"rotation": {"angle": 0, "axis": "y", "origin": [0, 0, 8]},
			"faces": {
				"north": {"uv": [8.25, 1.375, 8.125, 1.875], "texture": "#0"},
				"east": {"uv": [8.125, 1.375, 8.25, 1.875], "texture": "#0"},
				"south": {"uv": [8.125, 1.375, 8.25, 1.875], "texture": "#0"},
				"west": {"uv": [8.125, 1.375, 8.25, 1.875], "texture": "#0"},
				"up": {"uv": [8.125, 1.375, 8.25, 1.5], "texture": "#0"},
				"down": {"uv": [8.125, 1.75, 8.25, 1.875], "texture": "#0"}
			}
		},
		{
			"name": "Layer 2_3",
			"from": [8.25, 13.875, 8],
			"to": [8.375, 14.5, 8.125],
			"rotation": {"angle": 0, "axis": "y", "origin": [0, 0, 8]},
			"faces": {
				"north": {"uv": [8.375, 1.5, 8.25, 2.125], "texture": "#0"},
				"east": {"uv": [8.25, 1.5, 8.375, 2.125], "texture": "#0"},
				"south": {"uv": [8.25, 1.5, 8.375, 2.125], "texture": "#0"},
				"west": {"uv": [8.25, 1.5, 8.375, 2.125], "texture": "#0"},
				"up": {"uv": [8.25, 1.5, 8.375, 1.625], "texture": "#0"},
				"down": {"uv": [8.25, 2, 8.375, 2.125], "texture": "#0"}
			}
		},
		{
			"name": "Layer 2_4",
			"from": [8.375, 13.375, 8],
			"to": [8.5, 14.375, 8.125],
			"rotation": {"angle": 0, "axis": "y", "origin": [0, 0, 8]},
			"faces": {
				"north": {"uv": [8.5, 1.625, 8.375, 2.625], "texture": "#0"},
				"east": {"uv": [8.375, 1.625, 8.5, 2.625], "texture": "#0"},
				"south": {"uv": [8.375, 1.625, 8.5, 2.625], "texture": "#0"},
				"west": {"uv": [8.375, 1.625, 8.5, 2.625], "texture": "#0"},
				"up": {"uv": [8.375, 1.625, 8.5, 1.75], "texture": "#0"},
				"down": {"uv": [8.375, 2.5, 8.5, 2.625], "texture": "#0"}
			}
		},
		{
			"name": "Layer 2_5",
			"from": [8.5, 14, 8],
			"to": [8.625, 14.25, 8.125],
			"rotation": {"angle": 0, "axis": "y", "origin": [0, 0, 8]},
			"faces": {
				"north": {"uv": [8.625, 1.75, 8.5, 2], "texture": "#0"},
				"east": {"uv": [8.5, 1.75, 8.625, 2], "texture": "#0"},
				"south": {"uv": [8.5, 1.75, 8.625, 2], "texture": "#0"},
				"up": {"uv": [8.5, 1.75, 8.625, 1.875], "texture": "#0"}
			}
		},
		{
			"name": "Layer 2_6",
			"from": [8.625, 13.75, 8],
			"to": [8.75, 14.125, 8.125],
			"rotation": {"angle": 0, "axis": "y", "origin": [0, 0, 8]},
			"faces": {
				"north": {"uv": [8.75, 1.875, 8.625, 2.25], "texture": "#0"},
				"east": {"uv": [8.625, 1.875, 8.75, 2.25], "texture": "#0"},
				"south": {"uv": [8.625, 1.875, 8.75, 2.25], "texture": "#0"},
				"up": {"uv": [8.625, 1.875, 8.75, 2], "texture": "#0"}
			}
		},
		{
			"name": "Layer 2_7",
			"from": [8.75, 13.5, 8],
			"to": [8.875, 13.875, 8.125],
			"rotation": {"angle": 0, "axis": "y", "origin": [0, 0, 8]},
			"faces": {
				"north": {"uv": [8.875, 2.125, 8.75, 2.5], "texture": "#0"},
				"east": {"uv": [8.75, 2.125, 8.875, 2.5], "texture": "#0"},
				"south": {"uv": [8.75, 2.125, 8.875, 2.5], "texture": "#0"},
				"up": {"uv": [8.75, 2.125, 8.875, 2.25], "texture": "#0"}
			}
		},
		{
			"name": "Layer 2_8",
			"from": [8.875, 13.25, 8],
			"to": [9, 13.625, 8.125],
			"rotation": {"angle": 0, "axis": "y", "origin": [0, 0, 8]},
			"faces": {
				"north": {"uv": [9, 2.375, 8.875, 2.75], "texture": "#0"},
				"east": {"uv": [8.875, 2.375, 9, 2.75], "texture": "#0"},
				"south": {"uv": [8.875, 2.375, 9, 2.75], "texture": "#0"},
				"up": {"uv": [8.875, 2.375, 9, 2.5], "texture": "#0"}
			}
		},
		{
			"name": "Layer 2_9",
			"from": [8.5, 11.875, 8],
			"to": [8.625, 13.5, 8.125],
			"rotation": {"angle": 0, "axis": "y", "origin": [0, 0, 8]},
			"faces": {
				"north": {"uv": [8.625, 2.5, 8.5, 4.125], "texture": "#0"},
				"south": {"uv": [8.5, 2.5, 8.625, 4.125], "texture": "#0"},
				"west": {"uv": [8.5, 2.5, 8.625, 4.125], "texture": "#0"}
			}
		},
		{
			"name": "Layer 2_10",
			"from": [9, 13, 8],
			"to": [9.125, 13.375, 8.125],
			"rotation": {"angle": 0, "axis": "y", "origin": [0, 0, 8]},
			"faces": {
				"north": {"uv": [9.125, 2.625, 9, 3], "texture": "#0"},
				"east": {"uv": [9, 2.625, 9.125, 3], "texture": "#0"},
				"south": {"uv": [9, 2.625, 9.125, 3], "texture": "#0"},
				"up": {"uv": [9, 2.625, 9.125, 2.75], "texture": "#0"}
			}
		},
		{
			"name": "Layer 2_11",
			"from": [9.125, 12.375, 8],
			"to": [9.25, 13.125, 8.125],
			"rotation": {"angle": 0, "axis": "y", "origin": [0, 0, 8]},
			"faces": {
				"north": {"uv": [9.25, 2.875, 9.125, 3.625], "texture": "#0"},
				"east": {"uv": [9.125, 2.875, 9.25, 3.625], "texture": "#0"},
				"south": {"uv": [9.125, 2.875, 9.25, 3.625], "texture": "#0"},
				"up": {"uv": [9.125, 2.875, 9.25, 3], "texture": "#0"}
			}
		},
		{
			"name": "Layer 2_12",
			"from": [9.25, 11.875, 8],
			"to": [9.375, 12.5, 8.125],
			"rotation": {"angle": 0, "axis": "y", "origin": [0, 0, 8]},
			"faces": {
				"north": {"uv": [9.375, 3.5, 9.25, 4.125], "texture": "#0"},
				"east": {"uv": [9.25, 3.5, 9.375, 4.125], "texture": "#0"},
				"south": {"uv": [9.25, 3.5, 9.375, 4.125], "texture": "#0"},
				"up": {"uv": [9.25, 3.5, 9.375, 3.625], "texture": "#0"}
			}
		},
		{
			"name": "Layer 2_13",
			"from": [8.375, 11.375, 8],
			"to": [8.5, 12, 8.125],
			"rotation": {"angle": 0, "axis": "y", "origin": [0, 0, 8]},
			"faces": {
				"north": {"uv": [8.5, 4, 8.375, 4.625], "texture": "#0"},
				"south": {"uv": [8.375, 4, 8.5, 4.625], "texture": "#0"},
				"west": {"uv": [8.375, 4, 8.5, 4.625], "texture": "#0"},
				"up": {"uv": [8.375, 4, 8.5, 4.125], "texture": "#0"}
			}
		},
		{
			"name": "Layer 2_14",
			"from": [9.375, 10.75, 8],
			"to": [9.5, 12, 8.125],
			"rotation": {"angle": 0, "axis": "y", "origin": [0, 0, 8]},
			"faces": {
				"north": {"uv": [9.5, 4, 9.375, 5.25], "texture": "#0"},
				"east": {"uv": [9.375, 4, 9.5, 5.25], "texture": "#0"},
				"south": {"uv": [9.375, 4, 9.5, 5.25], "texture": "#0"},
				"up": {"uv": [9.375, 4, 9.5, 4.125], "texture": "#0"},
				"down": {"uv": [9.375, 5.125, 9.5, 5.25], "texture": "#0"}
			}
		},
		{
			"name": "Layer 2_15",
			"from": [8.25, 11, 8],
			"to": [8.375, 11.5, 8.125],
			"rotation": {"angle": 0, "axis": "y", "origin": [0, 0, 8]},
			"faces": {
				"north": {"uv": [8.375, 4.5, 8.25, 5], "texture": "#0"},
				"south": {"uv": [8.25, 4.5, 8.375, 5], "texture": "#0"},
				"west": {"uv": [8.25, 4.5, 8.375, 5], "texture": "#0"},
				"up": {"uv": [8.25, 4.5, 8.375, 4.625], "texture": "#0"}
			}
		},
		{
			"name": "Layer 2_16",
			"from": [8.125, 10.75, 8],
			"to": [8.25, 11.125, 8.125],
			"rotation": {"angle": 0, "axis": "y", "origin": [0, 0, 8]},
			"faces": {
				"north": {"uv": [8.25, 4.875, 8.125, 5.25], "texture": "#0"},
				"south": {"uv": [8.125, 4.875, 8.25, 5.25], "texture": "#0"},
				"west": {"uv": [8.125, 4.875, 8.25, 5.25], "texture": "#0"},
				"up": {"uv": [8.125, 4.875, 8.25, 5], "texture": "#0"}
			}
		},
		{
			"name": "Layer 2_17",
			"from": [8, 10.625, 8],
			"to": [8.125, 10.875, 8.125],
			"rotation": {"angle": 0, "axis": "y", "origin": [0, 0, 8]},
			"faces": {
				"north": {"uv": [8.125, 5.125, 8, 5.375], "texture": "#0"},
				"south": {"uv": [8, 5.125, 8.125, 5.375], "texture": "#0"},
				"west": {"uv": [8, 5.125, 8.125, 5.375], "texture": "#0"},
				"up": {"uv": [8, 5.125, 8.125, 5.25], "texture": "#0"}
			}
		},
		{
			"name": "Layer 2_18",
			"from": [9.25, 10.25, 8],
			"to": [9.375, 10.875, 8.125],
			"rotation": {"angle": 0, "axis": "y", "origin": [0, 0, 8]},
			"faces": {
				"north": {"uv": [9.375, 5.125, 9.25, 5.75], "texture": "#0"},
				"east": {"uv": [9.25, 5.125, 9.375, 5.75], "texture": "#0"},
				"south": {"uv": [9.25, 5.125, 9.375, 5.75], "texture": "#0"},
				"down": {"uv": [9.25, 5.625, 9.375, 5.75], "texture": "#0"}
			}
		},
		{
			"name": "Layer 2_19",
			"from": [7.875, 10.5, 8],
			"to": [8, 10.75, 8.125],
			"rotation": {"angle": 0, "axis": "y", "origin": [0, 0, 8]},
			"faces": {
				"north": {"uv": [8, 5.25, 7.875, 5.5], "texture": "#0"},
				"south": {"uv": [7.875, 5.25, 8, 5.5], "texture": "#0"},
				"west": {"uv": [7.875, 5.25, 8, 5.5], "texture": "#0"},
				"up": {"uv": [7.875, 5.25, 8, 5.375], "texture": "#0"}
			}
		},
		{
			"name": "Layer 2_20",
			"from": [7.75, 10.375, 8],
			"to": [7.875, 10.625, 8.125],
			"rotation": {"angle": 0, "axis": "y", "origin": [0, 0, 8]},
			"faces": {
				"north": {"uv": [7.875, 5.375, 7.75, 5.625], "texture": "#0"},
				"south": {"uv": [7.75, 5.375, 7.875, 5.625], "texture": "#0"},
				"west": {"uv": [7.75, 5.375, 7.875, 5.625], "texture": "#0"},
				"up": {"uv": [7.75, 5.375, 7.875, 5.5], "texture": "#0"}
			}
		},
		{
			"name": "Layer 2_21",
			"from": [7.625, 10.125, 8],
			"to": [7.75, 10.5, 8.125],
			"rotation": {"angle": 0, "axis": "y", "origin": [0, 0, 8]},
			"faces": {
				"north": {"uv": [7.75, 5.5, 7.625, 5.875], "texture": "#0"},
				"south": {"uv": [7.625, 5.5, 7.75, 5.875], "texture": "#0"},
				"west": {"uv": [7.625, 5.5, 7.75, 5.875], "texture": "#0"},
				"up": {"uv": [7.625, 5.5, 7.75, 5.625], "texture": "#0"}
			}
		},
		{
			"name": "Layer 2_22",
			"from": [9.125, 9.875, 8],
			"to": [9.25, 10.375, 8.125],
			"rotation": {"angle": 0, "axis": "y", "origin": [0, 0, 8]},
			"faces": {
				"north": {"uv": [9.25, 5.625, 9.125, 6.125], "texture": "#0"},
				"east": {"uv": [9.125, 5.625, 9.25, 6.125], "texture": "#0"},
				"south": {"uv": [9.125, 5.625, 9.25, 6.125], "texture": "#0"},
				"west": {"uv": [9.125, 5.625, 9.25, 6.125], "texture": "#0"},
				"down": {"uv": [9.125, 6, 9.25, 6.125], "texture": "#0"}
			}
		},
		{
			"name": "Layer 2_23",
			"from": [7.5, 10, 8],
			"to": [7.625, 10.25, 8.125],
			"rotation": {"angle": 0, "axis": "y", "origin": [0, 0, 8]},
			"faces": {
				"north": {"uv": [7.625, 5.75, 7.5, 6], "texture": "#0"},
				"south": {"uv": [7.5, 5.75, 7.625, 6], "texture": "#0"},
				"west": {"uv": [7.5, 5.75, 7.625, 6], "texture": "#0"},
				"up": {"uv": [7.5, 5.75, 7.625, 5.875], "texture": "#0"}
			}
		},
		{
			"name": "Layer 2_24",
			"from": [7.375, 9.875, 8],
			"to": [7.5, 10.125, 8.125],
			"rotation": {"angle": 0, "axis": "y", "origin": [0, 0, 8]},
			"faces": {
				"north": {"uv": [7.5, 5.875, 7.375, 6.125], "texture": "#0"},
				"south": {"uv": [7.375, 5.875, 7.5, 6.125], "texture": "#0"},
				"west": {"uv": [7.375, 5.875, 7.5, 6.125], "texture": "#0"},
				"up": {"uv": [7.375, 5.875, 7.5, 6], "texture": "#0"}
			}
		},
		{
			"name": "Layer 2_25",
			"from": [7.25, 9.75, 8],
			"to": [7.375, 10, 8.125],
			"rotation": {"angle": 0, "axis": "y", "origin": [0, 0, 8]},
			"faces": {
				"north": {"uv": [7.375, 6, 7.25, 6.25], "texture": "#0"},
				"south": {"uv": [7.25, 6, 7.375, 6.25], "texture": "#0"},
				"west": {"uv": [7.25, 6, 7.375, 6.25], "texture": "#0"},
				"up": {"uv": [7.25, 6, 7.375, 6.125], "texture": "#0"}
			}
		},
		{
			"name": "Layer 2_26",
			"from": [7.125, 9.625, 8],
			"to": [7.25, 9.875, 8.125],
			"rotation": {"angle": 0, "axis": "y", "origin": [0, 0, 8]},
			"faces": {
				"north": {"uv": [7.25, 6.125, 7.125, 6.375], "texture": "#0"},
				"south": {"uv": [7.125, 6.125, 7.25, 6.375], "texture": "#0"},
				"west": {"uv": [7.125, 6.125, 7.25, 6.375], "texture": "#0"},
				"up": {"uv": [7.125, 6.125, 7.25, 6.25], "texture": "#0"}
			}
		},
		{
			"name": "Layer 2_27",
			"from": [7, 9.375, 8],
			"to": [7.125, 9.75, 8.125],
			"rotation": {"angle": 0, "axis": "y", "origin": [0, 0, 8]},
			"faces": {
				"north": {"uv": [7.125, 6.25, 7, 6.625], "texture": "#0"},
				"south": {"uv": [7, 6.25, 7.125, 6.625], "texture": "#0"},
				"west": {"uv": [7, 6.25, 7.125, 6.625], "texture": "#0"},
				"up": {"uv": [7, 6.25, 7.125, 6.375], "texture": "#0"}
			}
		},
		{
			"name": "Layer 2_28",
			"from": [6.875, 9.25, 8],
			"to": [7, 9.5, 8.125],
			"rotation": {"angle": 0, "axis": "y", "origin": [0, 0, 8]},
			"faces": {
				"north": {"uv": [7, 6.5, 6.875, 6.75], "texture": "#0"},
				"south": {"uv": [6.875, 6.5, 7, 6.75], "texture": "#0"},
				"west": {"uv": [6.875, 6.5, 7, 6.75], "texture": "#0"},
				"up": {"uv": [6.875, 6.5, 7, 6.625], "texture": "#0"}
			}
		},
		{
			"name": "Layer 2_29",
			"from": [6.75, 9.125, 8],
			"to": [6.875, 9.375, 8.125],
			"rotation": {"angle": 0, "axis": "y", "origin": [0, 0, 8]},
			"faces": {
				"north": {"uv": [6.875, 6.625, 6.75, 6.875], "texture": "#0"},
				"south": {"uv": [6.75, 6.625, 6.875, 6.875], "texture": "#0"},
				"west": {"uv": [6.75, 6.625, 6.875, 6.875], "texture": "#0"},
				"up": {"uv": [6.75, 6.625, 6.875, 6.75], "texture": "#0"}
			}
		},
		{
			"name": "Layer 2_30",
			"from": [6.625, 9, 8],
			"to": [6.75, 9.25, 8.125],
			"rotation": {"angle": 0, "axis": "y", "origin": [0, 0, 8]},
			"faces": {
				"north": {"uv": [6.75, 6.75, 6.625, 7], "texture": "#0"},
				"south": {"uv": [6.625, 6.75, 6.75, 7], "texture": "#0"},
				"west": {"uv": [6.625, 6.75, 6.75, 7], "texture": "#0"},
				"up": {"uv": [6.625, 6.75, 6.75, 6.875], "texture": "#0"}
			}
		},
		{
			"name": "Layer 2_31",
			"from": [6.5, 8.75, 8],
			"to": [6.625, 9.125, 8.125],
			"rotation": {"angle": 0, "axis": "y", "origin": [0, 0, 8]},
			"faces": {
				"north": {"uv": [6.625, 6.875, 6.5, 7.25], "texture": "#0"},
				"south": {"uv": [6.5, 6.875, 6.625, 7.25], "texture": "#0"},
				"west": {"uv": [6.5, 6.875, 6.625, 7.25], "texture": "#0"},
				"up": {"uv": [6.5, 6.875, 6.625, 7], "texture": "#0"}
			}
		},
		{
			"name": "Layer 2_32",
			"from": [6.375, 8.375, 8],
			"to": [6.5, 8.875, 8.125],
			"rotation": {"angle": 0, "axis": "y", "origin": [0, 0, 8]},
			"faces": {
				"north": {"uv": [6.5, 7.125, 6.375, 7.625], "texture": "#0"},
				"south": {"uv": [6.375, 7.125, 6.5, 7.625], "texture": "#0"},
				"west": {"uv": [6.375, 7.125, 6.5, 7.625], "texture": "#0"},
				"up": {"uv": [6.375, 7.125, 6.5, 7.25], "texture": "#0"}
			}
		},
		{
			"name": "Layer 2_33",
			"from": [9.25, 8.25, 8],
			"to": [9.375, 8.75, 8.125],
			"rotation": {"angle": 0, "axis": "y", "origin": [0, 0, 8]},
			"faces": {
				"north": {"uv": [9.375, 7.25, 9.25, 7.75], "texture": "#0"},
				"east": {"uv": [9.25, 7.25, 9.375, 7.75], "texture": "#0"},
				"south": {"uv": [9.25, 7.25, 9.375, 7.75], "texture": "#0"},
				"west": {"uv": [9.25, 7.25, 9.375, 7.75], "texture": "#0"},
				"up": {"uv": [9.25, 7.25, 9.375, 7.375], "texture": "#0"}
			}
		},
		{
			"name": "Layer 2_34",
			"from": [6.25, 8.125, 8],
			"to": [6.375, 8.5, 8.125],
			"rotation": {"angle": 0, "axis": "y", "origin": [0, 0, 8]},
			"faces": {
				"north": {"uv": [6.375, 7.5, 6.25, 7.875], "texture": "#0"},
				"south": {"uv": [6.25, 7.5, 6.375, 7.875], "texture": "#0"},
				"west": {"uv": [6.25, 7.5, 6.375, 7.875], "texture": "#0"},
				"up": {"uv": [6.25, 7.5, 6.375, 7.625], "texture": "#0"}
			}
		},
		{
			"name": "Layer 2_35",
			"from": [9.125, 8.125, 8],
			"to": [9.25, 8.375, 8.125],
			"rotation": {"angle": 0, "axis": "y", "origin": [0, 0, 8]},
			"faces": {
				"north": {"uv": [9.25, 7.625, 9.125, 7.875], "texture": "#0"},
				"south": {"uv": [9.125, 7.625, 9.25, 7.875], "texture": "#0"},
				"west": {"uv": [9.125, 7.625, 9.25, 7.875], "texture": "#0"},
				"up": {"uv": [9.125, 7.625, 9.25, 7.75], "texture": "#0"}
			}
		},
		{
			"name": "Layer 2_36",
			"from": [6.125, 7.5, 8],
			"to": [6.25, 8.25, 8.125],
			"rotation": {"angle": 0, "axis": "y", "origin": [0, 0, 8]},
			"faces": {
				"north": {"uv": [6.25, 7.75, 6.125, 8.5], "texture": "#0"},
				"south": {"uv": [6.125, 7.75, 6.25, 8.5], "texture": "#0"},
				"west": {"uv": [6.125, 7.75, 6.25, 8.5], "texture": "#0"},
				"up": {"uv": [6.125, 7.75, 6.25, 7.875], "texture": "#0"}
			}
		},
		{
			"name": "Layer 2_37",
			"from": [9, 8, 8],
			"to": [9.125, 8.25, 8.125],
			"rotation": {"angle": 0, "axis": "y", "origin": [0, 0, 8]},
			"faces": {
				"north": {"uv": [9.125, 7.75, 9, 8], "texture": "#0"},
				"south": {"uv": [9, 7.75, 9.125, 8], "texture": "#0"},
				"west": {"uv": [9, 7.75, 9.125, 8], "texture": "#0"},
				"up": {"uv": [9, 7.75, 9.125, 7.875], "texture": "#0"}
			}
		},
		{
			"name": "Layer 2_38",
			"from": [8.625, 8, 8],
			"to": [9, 8.125, 8.125],
			"rotation": {"angle": 0, "axis": "y", "origin": [0, 0, 8]},
			"faces": {
				"north": {"uv": [9, 7.875, 8.625, 8], "texture": "#0"},
				"south": {"uv": [8.625, 7.875, 9, 8], "texture": "#0"},
				"up": {"uv": [8.625, 7.875, 9, 8], "texture": "#0"}
			}
		},
		{
			"name": "Layer 2_39",
			"from": [6, 6.25, 8],
			"to": [6.125, 7.625, 8.125],
			"rotation": {"angle": 0, "axis": "y", "origin": [0, 0, 8]},
			"faces": {
				"north": {"uv": [6.125, 8.375, 6, 9.75], "texture": "#0"},
				"south": {"uv": [6, 8.375, 6.125, 9.75], "texture": "#0"},
				"west": {"uv": [6, 8.375, 6.125, 9.75], "texture": "#0"},
				"up": {"uv": [6, 8.375, 6.125, 8.5], "texture": "#0"},
				"down": {"uv": [6, 9.625, 6.125, 9.75], "texture": "#0"}
			}
		},
		{
			"name": "Layer 2_40",
			"from": [6.125, 5.625, 8],
			"to": [6.25, 6.375, 8.125],
			"rotation": {"angle": 0, "axis": "y", "origin": [0, 0, 8]},
			"faces": {
				"north": {"uv": [6.25, 9.625, 6.125, 10.375], "texture": "#0"},
				"south": {"uv": [6.125, 9.625, 6.25, 10.375], "texture": "#0"},
				"west": {"uv": [6.125, 9.625, 6.25, 10.375], "texture": "#0"},
				"down": {"uv": [6.125, 10.25, 6.25, 10.375], "texture": "#0"}
			}
		},
		{
			"name": "Layer 2_41",
			"from": [6.25, 5.25, 8],
			"to": [6.375, 5.75, 8.125],
			"rotation": {"angle": 0, "axis": "y", "origin": [0, 0, 8]},
			"faces": {
				"north": {"uv": [6.375, 10.25, 6.25, 10.75], "texture": "#0"},
				"south": {"uv": [6.25, 10.25, 6.375, 10.75], "texture": "#0"},
				"west": {"uv": [6.25, 10.25, 6.375, 10.75], "texture": "#0"},
				"down": {"uv": [6.25, 10.625, 6.375, 10.75], "texture": "#0"}
			}
		},
		{
			"name": "Layer 2_42",
			"from": [6.375, 4.875, 8],
			"to": [6.5, 5.375, 8.125],
			"rotation": {"angle": 0, "axis": "y", "origin": [0, 0, 8]},
			"faces": {
				"north": {"uv": [6.5, 10.625, 6.375, 11.125], "texture": "#0"},
				"south": {"uv": [6.375, 10.625, 6.5, 11.125], "texture": "#0"},
				"west": {"uv": [6.375, 10.625, 6.5, 11.125], "texture": "#0"},
				"down": {"uv": [6.375, 11, 6.5, 11.125], "texture": "#0"}
			}
		},
		{
			"name": "Layer 2_43",
			"from": [6.5, 4.5, 8],
			"to": [6.625, 5, 8.125],
			"rotation": {"angle": 0, "axis": "y", "origin": [0, 0, 8]},
			"faces": {
				"north": {"uv": [6.625, 11, 6.5, 11.5], "texture": "#0"},
				"east": {"uv": [6.5, 11, 6.625, 11.5], "texture": "#0"},
				"south": {"uv": [6.5, 11, 6.625, 11.5], "texture": "#0"},
				"west": {"uv": [6.5, 11, 6.625, 11.5], "texture": "#0"},
				"down": {"uv": [6.5, 11.375, 6.625, 11.5], "texture": "#0"}
			}
		},
		{
			"name": "Layer 2_44",
			"from": [7.5, 3, 7.9375],
			"to": [7.625, 3.125, 8.1875],
			"rotation": {"angle": 0, "axis": "y", "origin": [0, 0, 8]},
			"faces": {
				"north": {"uv": [7.625, 12.875, 7.5, 13], "texture": "#0"},
				"south": {"uv": [7.5, 12.875, 7.625, 13], "texture": "#0"},
				"west": {"uv": [7.5, 12.875, 7.625, 13], "texture": "#0"},
				"up": {"uv": [7.5, 12.875, 7.625, 13], "texture": "#0"}
			}
		},
		{
			"name": "Layer 2_45",
			"from": [8.25, 3, 7.9375],
			"to": [8.375, 3.125, 8.1875],
			"rotation": {"angle": 0, "axis": "y", "origin": [0, 0, 8]},
			"faces": {
				"north": {"uv": [8.375, 12.875, 8.25, 13], "texture": "#0"},
				"east": {"uv": [8.25, 12.875, 8.375, 13], "texture": "#0"},
				"south": {"uv": [8.25, 12.875, 8.375, 13], "texture": "#0"},
				"up": {"uv": [8.25, 12.875, 8.375, 13], "texture": "#0"}
			}
		},
		{
			"name": "Layer 2_46",
			"from": [7.375, 2.875, 7.9375],
			"to": [7.5, 3, 8.1875],
			"rotation": {"angle": 0, "axis": "y", "origin": [0, 0, 8]},
			"faces": {
				"north": {"uv": [7.5, 13, 7.375, 13.125], "texture": "#0"},
				"south": {"uv": [7.375, 13, 7.5, 13.125], "texture": "#0"},
				"west": {"uv": [7.375, 13, 7.5, 13.125], "texture": "#0"},
				"up": {"uv": [7.375, 13, 7.5, 13.125], "texture": "#0"},
				"down": {"uv": [7.375, 13, 7.5, 13.125], "texture": "#0"}
			}
		},
		{
			"name": "Layer 2_47",
			"from": [8.375, 2.875, 7.9375],
			"to": [8.5, 3, 8.1875],
			"rotation": {"angle": 0, "axis": "y", "origin": [0, 0, 8]},
			"faces": {
				"north": {"uv": [8.5, 13, 8.375, 13.125], "texture": "#0"},
				"east": {"uv": [8.375, 13, 8.5, 13.125], "texture": "#0"},
				"south": {"uv": [8.375, 13, 8.5, 13.125], "texture": "#0"},
				"up": {"uv": [8.375, 13, 8.5, 13.125], "texture": "#0"},
				"down": {"uv": [8.375, 13, 8.5, 13.125], "texture": "#0"}
			}
		},
		{
			"name": "Layer 2_48",
			"from": [7.5, 2.75, 7.9375],
			"to": [7.625, 2.875, 8.1875],
			"rotation": {"angle": 0, "axis": "y", "origin": [0, 0, 8]},
			"faces": {
				"north": {"uv": [7.625, 13.125, 7.5, 13.25], "texture": "#0"},
				"south": {"uv": [7.5, 13.125, 7.625, 13.25], "texture": "#0"},
				"west": {"uv": [7.5, 13.125, 7.625, 13.25], "texture": "#0"},
				"down": {"uv": [7.5, 13.125, 7.625, 13.25], "texture": "#0"}
			}
		},
		{
			"name": "Layer 2_49",
			"from": [8.25, 2.75, 7.9375],
			"to": [8.375, 2.875, 8.1875],
			"rotation": {"angle": 0, "axis": "y", "origin": [0, 0, 8]},
			"faces": {
				"north": {"uv": [8.375, 13.125, 8.25, 13.25], "texture": "#0"},
				"east": {"uv": [8.25, 13.125, 8.375, 13.25], "texture": "#0"},
				"south": {"uv": [8.25, 13.125, 8.375, 13.25], "texture": "#0"},
				"down": {"uv": [8.25, 13.125, 8.375, 13.25], "texture": "#0"}
			}
		},
		{
			"name": "Layer 2_50",
			"from": [7.625, 2.25, 7.9375],
			"to": [7.75, 2.75, 8.1875],
			"rotation": {"angle": 0, "axis": "y", "origin": [0, 0, 8]},
			"faces": {
				"north": {"uv": [7.75, 13.25, 7.625, 13.75], "texture": "#0"},
				"south": {"uv": [7.625, 13.25, 7.75, 13.75], "texture": "#0"},
				"west": {"uv": [7.625, 13.25, 7.75, 13.75], "texture": "#0"}
			}
		},
		{
			"name": "Layer 2_51",
			"from": [8.125, 2.5, 7.9375],
			"to": [8.25, 2.75, 8.1875],
			"rotation": {"angle": 0, "axis": "y", "origin": [0, 0, 8]},
			"faces": {
				"north": {"uv": [8.25, 13.25, 8.125, 13.5], "texture": "#0"},
				"east": {"uv": [8.125, 13.25, 8.25, 13.5], "texture": "#0"},
				"south": {"uv": [8.125, 13.25, 8.25, 13.5], "texture": "#0"},
				"down": {"uv": [8.125, 13.375, 8.25, 13.5], "texture": "#0"}
			}
		},
		{
			"name": "Layer 2_52",
			"from": [8, 2.25, 7.9375],
			"to": [8.125, 2.5, 8.1875],
			"rotation": {"angle": 0, "axis": "y", "origin": [0, 0, 8]},
			"faces": {
				"north": {"uv": [8.125, 13.5, 8, 13.75], "texture": "#0"},
				"east": {"uv": [8, 13.5, 8.125, 13.75], "texture": "#0"},
				"south": {"uv": [8, 13.5, 8.125, 13.75], "texture": "#0"},
				"down": {"uv": [8, 13.625, 8.125, 13.75], "texture": "#0"}
			}
		},
		{
			"name": "Layer 2_53",
			"from": [7.5, 1.625, 7.9375],
			"to": [7.625, 2.25, 8.1875],
			"rotation": {"angle": 0, "axis": "y", "origin": [0, 0, 8]},
			"faces": {
				"north": {"uv": [7.625, 13.75, 7.5, 14.375], "texture": "#0"},
				"east": {"uv": [7.5, 13.75, 7.625, 14.375], "texture": "#0"},
				"south": {"uv": [7.5, 13.75, 7.625, 14.375], "texture": "#0"},
				"west": {"uv": [7.5, 13.75, 7.625, 14.375], "texture": "#0"},
				"up": {"uv": [7.5, 13.75, 7.625, 13.875], "texture": "#0"},
				"down": {"uv": [7.5, 14.25, 7.625, 14.375], "texture": "#0"}
			}
		},
		{
			"name": "Layer 2_54",
			"from": [7.875, 2, 7.9375],
			"to": [8, 2.25, 8.1875],
			"rotation": {"angle": 0, "axis": "y", "origin": [0, 0, 8]},
			"faces": {
				"north": {"uv": [8, 13.75, 7.875, 14], "texture": "#0"},
				"east": {"uv": [7.875, 13.75, 8, 14], "texture": "#0"},
				"south": {"uv": [7.875, 13.75, 8, 14], "texture": "#0"},
				"down": {"uv": [7.875, 13.875, 8, 14], "texture": "#0"}
			}
		},
		{
			"name": "Layer 2_55",
			"from": [7.75, 1.875, 7.9375],
			"to": [7.875, 2, 8.1875],
			"rotation": {"angle": 0, "axis": "y", "origin": [0, 0, 8]},
			"faces": {
				"north": {"uv": [7.875, 14, 7.75, 14.125], "texture": "#0"},
				"east": {"uv": [7.75, 14, 7.875, 14.125], "texture": "#0"},
				"south": {"uv": [7.75, 14, 7.875, 14.125], "texture": "#0"},
				"down": {"uv": [7.75, 14, 7.875, 14.125], "texture": "#0"}
			}
		},
		{
			"name": "Layer 2_56",
			"from": [7.375, 1.5, 8],
			"to": [7.5, 1.875, 8.125],
			"rotation": {"angle": 0, "axis": "y", "origin": [0, 0, 8]},
			"faces": {
				"north": {"uv": [7.5, 14.125, 7.375, 14.5], "texture": "#0"},
				"east": {"uv": [7.375, 14.125, 7.5, 14.5], "texture": "#0"},
				"south": {"uv": [7.375, 14.125, 7.5, 14.5], "texture": "#0"},
				"west": {"uv": [7.375, 14.125, 7.5, 14.5], "texture": "#0"},
				"up": {"uv": [7.375, 14.125, 7.5, 14.25], "texture": "#0"},
				"down": {"uv": [7.375, 14.375, 7.5, 14.5], "texture": "#0"}
			}
		},
		{
			"name": "Layer 2_57",
			"from": [7.625, 1.75, 7.9375],
			"to": [7.75, 1.875, 8.1875],
			"rotation": {"angle": 0, "axis": "y", "origin": [0, 0, 8]},
			"faces": {
				"north": {"uv": [7.75, 14.125, 7.625, 14.25], "texture": "#0"},
				"east": {"uv": [7.625, 14.125, 7.75, 14.25], "texture": "#0"},
				"south": {"uv": [7.625, 14.125, 7.75, 14.25], "texture": "#0"},
				"down": {"uv": [7.625, 14.125, 7.75, 14.25], "texture": "#0"}
			}
		},
		{
			"name": "Layer 2_58",
			"from": [7.25, 1.375, 8],
			"to": [7.375, 1.625, 8.125],
			"rotation": {"angle": 0, "axis": "y", "origin": [0, 0, 8]},
			"faces": {
				"north": {"uv": [7.375, 14.375, 7.25, 14.625], "texture": "#0"},
				"east": {"uv": [7.25, 14.375, 7.375, 14.625], "texture": "#0"},
				"south": {"uv": [7.25, 14.375, 7.375, 14.625], "texture": "#0"},
				"west": {"uv": [7.25, 14.375, 7.375, 14.625], "texture": "#0"},
				"up": {"uv": [7.25, 14.375, 7.375, 14.5], "texture": "#0"},
				"down": {"uv": [7.25, 14.5, 7.375, 14.625], "texture": "#0"}
			}
		},
		{
			"name": "Layer 3_0",
			"from": [8.5, 13.5, 7.9375],
			"to": [8.625, 14, 8.1875],
			"rotation": {"angle": 0, "axis": "y", "origin": [0, 0, 8]},
			"faces": {
				"north": {"uv": [8.625, 2, 8.5, 2.5], "texture": "#0"},
				"east": {"uv": [8.5, 2, 8.625, 2.5], "texture": "#0"},
				"south": {"uv": [8.5, 2, 8.625, 2.5], "texture": "#0"},
				"west": {"uv": [8.5, 2, 8.625, 2.5], "texture": "#0"},
				"up": {"uv": [8.5, 2, 8.625, 2.125], "texture": "#0"},
				"down": {"uv": [8.5, 2.375, 8.625, 2.5], "texture": "#0"}
			}
		},
		{
			"name": "Layer 3_1",
			"from": [8.625, 11, 7.9375],
			"to": [8.75, 13.75, 8.1875],
			"rotation": {"angle": 0, "axis": "y", "origin": [0, 0, 8]},
			"faces": {
				"north": {"uv": [8.75, 2.25, 8.625, 5], "texture": "#0"},
				"east": {"uv": [8.625, 2.25, 8.75, 5], "texture": "#0"},
				"south": {"uv": [8.625, 2.25, 8.75, 5], "texture": "#0"},
				"west": {"uv": [8.625, 2.25, 8.75, 5], "texture": "#0"},
				"up": {"uv": [8.625, 2.25, 8.75, 2.375], "texture": "#0"}
			}
		},
		{
			"name": "Layer 3_2",
			"from": [8.75, 11.5, 7.9375],
			"to": [8.875, 13.5, 8.1875],
			"rotation": {"angle": 0, "axis": "y", "origin": [0, 0, 8]},
			"faces": {
				"north": {"uv": [8.875, 2.5, 8.75, 4.5], "texture": "#0"},
				"east": {"uv": [8.75, 2.5, 8.875, 4.5], "texture": "#0"},
				"south": {"uv": [8.75, 2.5, 8.875, 4.5], "texture": "#0"},
				"up": {"uv": [8.75, 2.5, 8.875, 2.625], "texture": "#0"}
			}
		},
		{
			"name": "Layer 3_3",
			"from": [8.875, 12.375, 7.9375],
			"to": [9, 13.25, 8.1875],
			"rotation": {"angle": 0, "axis": "y", "origin": [0, 0, 8]},
			"faces": {
				"north": {"uv": [9, 2.75, 8.875, 3.625], "texture": "#0"},
				"east": {"uv": [8.875, 2.75, 9, 3.625], "texture": "#0"},
				"south": {"uv": [8.875, 2.75, 9, 3.625], "texture": "#0"},
				"up": {"uv": [8.875, 2.75, 9, 2.875], "texture": "#0"}
			}
		},
		{
			"name": "Layer 3_4",
			"from": [9, 10.25, 7.9375],
			"to": [9.125, 13, 8.1875],
			"rotation": {"angle": 0, "axis": "y", "origin": [0, 0, 8]},
			"faces": {
				"north": {"uv": [9.125, 3, 9, 5.75], "texture": "#0"},
				"east": {"uv": [9, 3, 9.125, 5.75], "texture": "#0"},
				"south": {"uv": [9, 3, 9.125, 5.75], "texture": "#0"},
				"west": {"uv": [9, 3, 9.125, 5.75], "texture": "#0"},
				"up": {"uv": [9, 3, 9.125, 3.125], "texture": "#0"},
				"down": {"uv": [9, 5.625, 9.125, 5.75], "texture": "#0"}
			}
		},
		{
			"name": "Layer 3_5",
			"from": [9.125, 10.375, 7.9375],
			"to": [9.25, 12.375, 8.1875],
			"rotation": {"angle": 0, "axis": "y", "origin": [0, 0, 8]},
			"faces": {
				"north": {"uv": [9.25, 3.625, 9.125, 5.625], "texture": "#0"},
				"east": {"uv": [9.125, 3.625, 9.25, 5.625], "texture": "#0"},
				"south": {"uv": [9.125, 3.625, 9.25, 5.625], "texture": "#0"},
				"up": {"uv": [9.125, 3.625, 9.25, 3.75], "texture": "#0"},
				"down": {"uv": [9.125, 5.5, 9.25, 5.625], "texture": "#0"}
			}
		},
		{
			"name": "Layer 3_6",
			"from": [8.5, 10.625, 7.9375],
			"to": [8.625, 11.875, 8.1875],
			"rotation": {"angle": 0, "axis": "y", "origin": [0, 0, 8]},
			"faces": {
				"north": {"uv": [8.625, 4.125, 8.5, 5.375], "texture": "#0"},
				"south": {"uv": [8.5, 4.125, 8.625, 5.375], "texture": "#0"},
				"west": {"uv": [8.5, 4.125, 8.625, 5.375], "texture": "#0"},
				"up": {"uv": [8.5, 4.125, 8.625, 4.25], "texture": "#0"}
			}
		},
		{
			"name": "Layer 3_7",
			"from": [9.25, 10.875, 7.9375],
			"to": [9.375, 11.875, 8.1875],
			"rotation": {"angle": 0, "axis": "y", "origin": [0, 0, 8]},
			"faces": {
				"north": {"uv": [9.375, 4.125, 9.25, 5.125], "texture": "#0"},
				"east": {"uv": [9.25, 4.125, 9.375, 5.125], "texture": "#0"},
				"south": {"uv": [9.25, 4.125, 9.375, 5.125], "texture": "#0"},
				"up": {"uv": [9.25, 4.125, 9.375, 4.25], "texture": "#0"},
				"down": {"uv": [9.25, 5, 9.375, 5.125], "texture": "#0"}
			}
		},
		{
			"name": "Layer 3_8",
			"from": [8.375, 10.375, 7.9375],
			"to": [8.5, 11.375, 8.1875],
			"rotation": {"angle": 0, "axis": "y", "origin": [0, 0, 8]},
			"faces": {
				"north": {"uv": [8.5, 4.625, 8.375, 5.625], "texture": "#0"},
				"south": {"uv": [8.375, 4.625, 8.5, 5.625], "texture": "#0"},
				"west": {"uv": [8.375, 4.625, 8.5, 5.625], "texture": "#0"},
				"up": {"uv": [8.375, 4.625, 8.5, 4.75], "texture": "#0"}
			}
		},
		{
			"name": "Layer 3_9",
			"from": [8.875, 10.375, 7.9375],
			"to": [9, 11.375, 8.1875],
			"rotation": {"angle": 0, "axis": "y", "origin": [0, 0, 8]},
			"faces": {
				"north": {"uv": [9, 4.625, 8.875, 5.625], "texture": "#0"},
				"south": {"uv": [8.875, 4.625, 9, 5.625], "texture": "#0"},
				"down": {"uv": [8.875, 5.5, 9, 5.625], "texture": "#0"}
			}
		},
		{
			"name": "Layer 3_10",
			"from": [8.25, 10.25, 7.9375],
			"to": [8.375, 11, 8.1875],
			"rotation": {"angle": 0, "axis": "y", "origin": [0, 0, 8]},
			"faces": {
				"north": {"uv": [8.375, 5, 8.25, 5.75], "texture": "#0"},
				"south": {"uv": [8.25, 5, 8.375, 5.75], "texture": "#0"},
				"west": {"uv": [8.25, 5, 8.375, 5.75], "texture": "#0"},
				"up": {"uv": [8.25, 5, 8.375, 5.125], "texture": "#0"}
			}
		},
		{
			"name": "Layer 3_11",
			"from": [8.75, 10.375, 7.9375],
			"to": [8.875, 10.875, 8.1875],
			"rotation": {"angle": 0, "axis": "y", "origin": [0, 0, 8]},
			"faces": {
				"north": {"uv": [8.875, 5.125, 8.75, 5.625], "texture": "#0"},
				"south": {"uv": [8.75, 5.125, 8.875, 5.625], "texture": "#0"},
				"down": {"uv": [8.75, 5.5, 8.875, 5.625], "texture": "#0"}
			}
		},
		{
			"name": "Layer 3_12",
			"from": [8.125, 10.125, 7.9375],
			"to": [8.25, 10.75, 8.1875],
			"rotation": {"angle": 0, "axis": "y", "origin": [0, 0, 8]},
			"faces": {
				"north": {"uv": [8.25, 5.25, 8.125, 5.875], "texture": "#0"},
				"south": {"uv": [8.125, 5.25, 8.25, 5.875], "texture": "#0"},
				"west": {"uv": [8.125, 5.25, 8.25, 5.875], "texture": "#0"},
				"up": {"uv": [8.125, 5.25, 8.25, 5.375], "texture": "#0"}
			}
		},
		{
			"name": "Layer 3_13",
			"from": [8, 10, 7.9375],
			"to": [8.125, 10.625, 8.1875],
			"rotation": {"angle": 0, "axis": "y", "origin": [0, 0, 8]},
			"faces": {
				"north": {"uv": [8.125, 5.375, 8, 6], "texture": "#0"},
				"south": {"uv": [8, 5.375, 8.125, 6], "texture": "#0"},
				"west": {"uv": [8, 5.375, 8.125, 6], "texture": "#0"},
				"up": {"uv": [8, 5.375, 8.125, 5.5], "texture": "#0"}
			}
		},
		{
			"name": "Layer 3_14",
			"from": [7.875, 9.875, 7.9375],
			"to": [8, 10.5, 8.1875],
			"rotation": {"angle": 0, "axis": "y", "origin": [0, 0, 8]},
			"faces": {
				"north": {"uv": [8, 5.5, 7.875, 6.125], "texture": "#0"},
				"south": {"uv": [7.875, 5.5, 8, 6.125], "texture": "#0"},
				"west": {"uv": [7.875, 5.5, 8, 6.125], "texture": "#0"},
				"up": {"uv": [7.875, 5.5, 8, 5.625], "texture": "#0"}
			}
		},
		{
			"name": "Layer 3_15",
			"from": [8.625, 10.25, 7.9375],
			"to": [8.75, 10.5, 8.1875],
			"rotation": {"angle": 0, "axis": "y", "origin": [0, 0, 8]},
			"faces": {
				"north": {"uv": [8.75, 5.5, 8.625, 5.75], "texture": "#0"},
				"east": {"uv": [8.625, 5.5, 8.75, 5.75], "texture": "#0"},
				"south": {"uv": [8.625, 5.5, 8.75, 5.75], "texture": "#0"},
				"down": {"uv": [8.625, 5.625, 8.75, 5.75], "texture": "#0"}
			}
		},
		{
			"name": "Layer 3_16",
			"from": [7.75, 9.75, 7.9375],
			"to": [7.875, 10.375, 8.1875],
			"rotation": {"angle": 0, "axis": "y", "origin": [0, 0, 8]},
			"faces": {
				"north": {"uv": [7.875, 5.625, 7.75, 6.25], "texture": "#0"},
				"south": {"uv": [7.75, 5.625, 7.875, 6.25], "texture": "#0"},
				"west": {"uv": [7.75, 5.625, 7.875, 6.25], "texture": "#0"},
				"up": {"uv": [7.75, 5.625, 7.875, 5.75], "texture": "#0"}
			}
		},
		{
			"name": "Layer 3_17",
			"from": [8.5, 10, 7.9375],
			"to": [8.625, 10.25, 8.1875],
			"rotation": {"angle": 0, "axis": "y", "origin": [0, 0, 8]},
			"faces": {
				"north": {"uv": [8.625, 5.75, 8.5, 6], "texture": "#0"},
				"east": {"uv": [8.5, 5.75, 8.625, 6], "texture": "#0"},
				"south": {"uv": [8.5, 5.75, 8.625, 6], "texture": "#0"},
				"down": {"uv": [8.5, 5.875, 8.625, 6], "texture": "#0"}
			}
		},
		{
			"name": "Layer 3_18",
			"from": [7.625, 9.625, 7.9375],
			"to": [7.75, 10.125, 8.1875],
			"rotation": {"angle": 0, "axis": "y", "origin": [0, 0, 8]},
			"faces": {
				"north": {"uv": [7.75, 5.875, 7.625, 6.375], "texture": "#0"},
				"south": {"uv": [7.625, 5.875, 7.75, 6.375], "texture": "#0"},
				"west": {"uv": [7.625, 5.875, 7.75, 6.375], "texture": "#0"},
				"up": {"uv": [7.625, 5.875, 7.75, 6], "texture": "#0"}
			}
		},
		{
			"name": "Layer 3_19",
			"from": [8.375, 9.75, 7.9375],
			"to": [8.5, 10.125, 8.1875],
			"rotation": {"angle": 0, "axis": "y", "origin": [0, 0, 8]},
			"faces": {
				"north": {"uv": [8.5, 5.875, 8.375, 6.25], "texture": "#0"},
				"east": {"uv": [8.375, 5.875, 8.5, 6.25], "texture": "#0"},
				"south": {"uv": [8.375, 5.875, 8.5, 6.25], "texture": "#0"},
				"down": {"uv": [8.375, 6.125, 8.5, 6.25], "texture": "#0"}
			}
		},
		{
			"name": "Layer 3_20",
			"from": [7.5, 9.5, 7.9375],
			"to": [7.625, 10, 8.1875],
			"rotation": {"angle": 0, "axis": "y", "origin": [0, 0, 8]},
			"faces": {
				"north": {"uv": [7.625, 6, 7.5, 6.5], "texture": "#0"},
				"south": {"uv": [7.5, 6, 7.625, 6.5], "texture": "#0"},
				"west": {"uv": [7.5, 6, 7.625, 6.5], "texture": "#0"},
				"up": {"uv": [7.5, 6, 7.625, 6.125], "texture": "#0"}
			}
		},
		{
			"name": "Layer 3_21",
			"from": [7.375, 9.25, 7.9375],
			"to": [7.5, 9.875, 8.1875],
			"rotation": {"angle": 0, "axis": "y", "origin": [0, 0, 8]},
			"faces": {
				"north": {"uv": [7.5, 6.125, 7.375, 6.75], "texture": "#0"},
				"south": {"uv": [7.375, 6.125, 7.5, 6.75], "texture": "#0"},
				"west": {"uv": [7.375, 6.125, 7.5, 6.75], "texture": "#0"},
				"up": {"uv": [7.375, 6.125, 7.5, 6.25], "texture": "#0"}
			}
		},
		{
			"name": "Layer 3_22",
			"from": [8.25, 9.5, 7.9375],
			"to": [8.375, 9.875, 8.1875],
			"rotation": {"angle": 0, "axis": "y", "origin": [0, 0, 8]},
			"faces": {
				"north": {"uv": [8.375, 6.125, 8.25, 6.5], "texture": "#0"},
				"east": {"uv": [8.25, 6.125, 8.375, 6.5], "texture": "#0"},
				"south": {"uv": [8.25, 6.125, 8.375, 6.5], "texture": "#0"},
				"down": {"uv": [8.25, 6.375, 8.375, 6.5], "texture": "#0"}
			}
		},
		{
			"name": "Layer 3_23",
			"from": [7.25, 9.125, 7.9375],
			"to": [7.375, 9.75, 8.1875],
			"rotation": {"angle": 0, "axis": "y", "origin": [0, 0, 8]},
			"faces": {
				"north": {"uv": [7.375, 6.25, 7.25, 6.875], "texture": "#0"},
				"south": {"uv": [7.25, 6.25, 7.375, 6.875], "texture": "#0"},
				"west": {"uv": [7.25, 6.25, 7.375, 6.875], "texture": "#0"},
				"up": {"uv": [7.25, 6.25, 7.375, 6.375], "texture": "#0"}
			}
		},
		{
			"name": "Layer 3_24",
			"from": [8.125, 8.625, 7.9375],
			"to": [8.25, 9.75, 8.1875],
			"rotation": {"angle": 0, "axis": "y", "origin": [0, 0, 8]},
			"faces": {
				"north": {"uv": [8.25, 6.25, 8.125, 7.375], "texture": "#0"},
				"east": {"uv": [8.125, 6.25, 8.25, 7.375], "texture": "#0"},
				"south": {"uv": [8.125, 6.25, 8.25, 7.375], "texture": "#0"}
			}
		},
		{
			"name": "Layer 3_25",
			"from": [7.125, 8.875, 7.9375],
			"to": [7.25, 9.625, 8.1875],
			"rotation": {"angle": 0, "axis": "y", "origin": [0, 0, 8]},
			"faces": {
				"north": {"uv": [7.25, 6.375, 7.125, 7.125], "texture": "#0"},
				"south": {"uv": [7.125, 6.375, 7.25, 7.125], "texture": "#0"},
				"west": {"uv": [7.125, 6.375, 7.25, 7.125], "texture": "#0"},
				"up": {"uv": [7.125, 6.375, 7.25, 6.5], "texture": "#0"}
			}
		},
		{
			"name": "Layer 3_26",
			"from": [7, 8.75, 7.9375],
			"to": [7.125, 9.375, 8.1875],
			"rotation": {"angle": 0, "axis": "y", "origin": [0, 0, 8]},
			"faces": {
				"north": {"uv": [7.125, 6.625, 7, 7.25], "texture": "#0"},
				"south": {"uv": [7, 6.625, 7.125, 7.25], "texture": "#0"},
				"west": {"uv": [7, 6.625, 7.125, 7.25], "texture": "#0"},
				"up": {"uv": [7, 6.625, 7.125, 6.75], "texture": "#0"}
			}
		},
		{
			"name": "Layer 3_27",
			"from": [6.875, 8.5, 7.9375],
			"to": [7, 9.25, 8.1875],
			"rotation": {"angle": 0, "axis": "y", "origin": [0, 0, 8]},
			"faces": {
				"north": {"uv": [7, 6.75, 6.875, 7.5], "texture": "#0"},
				"south": {"uv": [6.875, 6.75, 7, 7.5], "texture": "#0"},
				"west": {"uv": [6.875, 6.75, 7, 7.5], "texture": "#0"},
				"up": {"uv": [6.875, 6.75, 7, 6.875], "texture": "#0"}
			}
		},
		{
			"name": "Layer 3_28",
			"from": [6.75, 7.5, 7.9375],
			"to": [6.875, 9.125, 8.1875],
			"rotation": {"angle": 0, "axis": "y", "origin": [0, 0, 8]},
			"faces": {
				"north": {"uv": [6.875, 6.875, 6.75, 8.5], "texture": "#0"},
				"east": {"uv": [6.75, 6.875, 6.875, 8.5], "texture": "#0"},
				"south": {"uv": [6.75, 6.875, 6.875, 8.5], "texture": "#0"},
				"west": {"uv": [6.75, 6.875, 6.875, 8.5], "texture": "#0"},
				"up": {"uv": [6.75, 6.875, 6.875, 7], "texture": "#0"},
				"down": {"uv": [6.75, 8.375, 6.875, 8.5], "texture": "#0"}
			}
		},
		{
			"name": "Layer 3_29",
			"from": [6.625, 7.125, 7.9375],
			"to": [6.75, 9, 8.1875],
			"rotation": {"angle": 0, "axis": "y", "origin": [0, 0, 8]},
			"faces": {
				"north": {"uv": [6.75, 7, 6.625, 8.875], "texture": "#0"},
				"east": {"uv": [6.625, 7, 6.75, 8.875], "texture": "#0"},
				"south": {"uv": [6.625, 7, 6.75, 8.875], "texture": "#0"},
				"west": {"uv": [6.625, 7, 6.75, 8.875], "texture": "#0"},
				"up": {"uv": [6.625, 7, 6.75, 7.125], "texture": "#0"},
				"down": {"uv": [6.625, 8.75, 6.75, 8.875], "texture": "#0"}
			}
		},
		{
			"name": "Layer 3_30",
			"from": [8.25, 8.25, 7.9375],
			"to": [8.375, 8.875, 8.1875],
			"rotation": {"angle": 0, "axis": "y", "origin": [0, 0, 8]},
			"faces": {
				"north": {"uv": [8.375, 7.125, 8.25, 7.75], "texture": "#0"},
				"east": {"uv": [8.25, 7.125, 8.375, 7.75], "texture": "#0"},
				"south": {"uv": [8.25, 7.125, 8.375, 7.75], "texture": "#0"},
				"up": {"uv": [8.25, 7.125, 8.375, 7.25], "texture": "#0"}
			}
		},
		{
			"name": "Layer 3_31",
			"from": [6.5, 6.75, 7.9375],
			"to": [6.625, 8.75, 8.1875],
			"rotation": {"angle": 0, "axis": "y", "origin": [0, 0, 8]},
			"faces": {
				"north": {"uv": [6.625, 7.25, 6.5, 9.25], "texture": "#0"},
				"east": {"uv": [6.5, 7.25, 6.625, 9.25], "texture": "#0"},
				"south": {"uv": [6.5, 7.25, 6.625, 9.25], "texture": "#0"},
				"west": {"uv": [6.5, 7.25, 6.625, 9.25], "texture": "#0"},
				"up": {"uv": [6.5, 7.25, 6.625, 7.375], "texture": "#0"},
				"down": {"uv": [6.5, 9.125, 6.625, 9.25], "texture": "#0"}
			}
		},
		{
			"name": "Layer 3_32",
			"from": [7.125, 7.75, 7.9375],
			"to": [7.375, 8.5, 8.1875],
			"rotation": {"angle": 0, "axis": "y", "origin": [0, 0, 8]},
			"faces": {
				"north": {"uv": [7.375, 7.5, 7.125, 8.25], "texture": "#0"},
				"south": {"uv": [7.125, 7.5, 7.375, 8.25], "texture": "#0"}
			}
		},
		{
			"name": "Layer 3_33",
			"from": [8.375, 8, 7.9375],
			"to": [8.5, 8.5, 8.1875],
			"rotation": {"angle": 0, "axis": "y", "origin": [0, 0, 8]},
			"faces": {
				"north": {"uv": [8.5, 7.5, 8.375, 8], "texture": "#0"},
				"east": {"uv": [8.375, 7.5, 8.5, 8], "texture": "#0"},
				"south": {"uv": [8.375, 7.5, 8.5, 8], "texture": "#0"},
				"up": {"uv": [8.375, 7.5, 8.5, 7.625], "texture": "#0"}
			}
		},
		{
			"name": "Layer 3_34",
			"from": [9.375, 8.125, 7.9375],
			"to": [9.5, 8.5, 8.1875],
			"rotation": {"angle": 0, "axis": "y", "origin": [0, 0, 8]},
			"faces": {
				"north": {"uv": [9.5, 7.5, 9.375, 7.875], "texture": "#0"},
				"east": {"uv": [9.375, 7.5, 9.5, 7.875], "texture": "#0"},
				"south": {"uv": [9.375, 7.5, 9.5, 7.875], "texture": "#0"},
				"west": {"uv": [9.375, 7.5, 9.5, 7.875], "texture": "#0"},
				"up": {"uv": [9.375, 7.5, 9.5, 7.625], "texture": "#0"}
			}
		},
		{
			"name": "Layer 3_35",
			"from": [6.375, 5.375, 7.9375],
			"to": [6.5, 8.375, 8.1875],
			"rotation": {"angle": 0, "axis": "y", "origin": [0, 0, 8]},
			"faces": {
				"north": {"uv": [6.5, 7.625, 6.375, 10.625], "texture": "#0"},
				"east": {"uv": [6.375, 7.625, 6.5, 10.625], "texture": "#0"},
				"south": {"uv": [6.375, 7.625, 6.5, 10.625], "texture": "#0"},
				"west": {"uv": [6.375, 7.625, 6.5, 10.625], "texture": "#0"},
				"up": {"uv": [6.375, 7.625, 6.5, 7.75], "texture": "#0"},
				"down": {"uv": [6.375, 10.5, 6.5, 10.625], "texture": "#0"}
			}
		},
		{
			"name": "Layer 3_36",
			"from": [7, 7.625, 7.9375],
			"to": [7.125, 8.375, 8.1875],
			"rotation": {"angle": 0, "axis": "y", "origin": [0, 0, 8]},
			"faces": {
				"north": {"uv": [7.125, 7.625, 7, 8.375], "texture": "#0"},
				"south": {"uv": [7, 7.625, 7.125, 8.375], "texture": "#0"},
				"down": {"uv": [7, 8.25, 7.125, 8.375], "texture": "#0"}
			}
		},
		{
			"name": "Layer 3_37",
			"from": [7.375, 8, 7.9375],
			"to": [7.5, 8.375, 8.1875],
			"rotation": {"angle": 0, "axis": "y", "origin": [0, 0, 8]},
			"faces": {
				"north": {"uv": [7.5, 7.625, 7.375, 8], "texture": "#0"},
				"south": {"uv": [7.375, 7.625, 7.5, 8], "texture": "#0"}
			}
		},
		{
			"name": "Layer 3_38",
			"from": [6.875, 7.625, 7.9375],
			"to": [7, 8.25, 8.1875],
			"rotation": {"angle": 0, "axis": "y", "origin": [0, 0, 8]},
			"faces": {
				"north": {"uv": [7, 7.75, 6.875, 8.375], "texture": "#0"},
				"south": {"uv": [6.875, 7.75, 7, 8.375], "texture": "#0"},
				"down": {"uv": [6.875, 8.25, 7, 8.375], "texture": "#0"}
			}
		},
		{
			"name": "Layer 3_39",
			"from": [8.5, 7.875, 7.9375],
			"to": [8.625, 8.25, 8.1875],
			"rotation": {"angle": 0, "axis": "y", "origin": [0, 0, 8]},
			"faces": {
				"north": {"uv": [8.625, 7.75, 8.5, 8.125], "texture": "#0"},
				"east": {"uv": [8.5, 7.75, 8.625, 8.125], "texture": "#0"},
				"south": {"uv": [8.5, 7.75, 8.625, 8.125], "texture": "#0"},
				"up": {"uv": [8.5, 7.75, 8.625, 7.875], "texture": "#0"}
			}
		},
		{
			"name": "Layer 3_40",
			"from": [9.25, 8, 7.9375],
			"to": [9.375, 8.25, 8.1875],
			"rotation": {"angle": 0, "axis": "y", "origin": [0, 0, 8]},
			"faces": {
				"north": {"uv": [9.375, 7.75, 9.25, 8], "texture": "#0"},
				"south": {"uv": [9.25, 7.75, 9.375, 8], "texture": "#0"},
				"west": {"uv": [9.25, 7.75, 9.375, 8], "texture": "#0"},
				"up": {"uv": [9.25, 7.75, 9.375, 7.875], "texture": "#0"}
			}
		},
		{
			"name": "Layer 3_41",
			"from": [6.25, 5.75, 7.9375],
			"to": [6.375, 8.125, 8.1875],
			"rotation": {"angle": 0, "axis": "y", "origin": [0, 0, 8]},
			"faces": {
				"north": {"uv": [6.375, 7.875, 6.25, 10.25], "texture": "#0"},
				"south": {"uv": [6.25, 7.875, 6.375, 10.25], "texture": "#0"},
				"west": {"uv": [6.25, 7.875, 6.375, 10.25], "texture": "#0"},
				"up": {"uv": [6.25, 7.875, 6.375, 8], "texture": "#0"},
				"down": {"uv": [6.25, 10.125, 6.375, 10.25], "texture": "#0"}
			}
		},
		{
			"name": "Layer 3_42",
			"from": [9.125, 7.875, 7.9375],
			"to": [9.25, 8.125, 8.1875],
			"rotation": {"angle": 0, "axis": "y", "origin": [0, 0, 8]},
			"faces": {
				"north": {"uv": [9.25, 7.875, 9.125, 8.125], "texture": "#0"},
				"south": {"uv": [9.125, 7.875, 9.25, 8.125], "texture": "#0"},
				"west": {"uv": [9.125, 7.875, 9.25, 8.125], "texture": "#0"},
				"up": {"uv": [9.125, 7.875, 9.25, 8], "texture": "#0"}
			}
		},
		{
			"name": "Layer 3_43",
			"from": [8.625, 7.75, 7.9375],
			"to": [9, 8, 8.1875],
			"rotation": {"angle": 0, "axis": "y", "origin": [0, 0, 8]},
			"faces": {
				"north": {"uv": [9, 8, 8.625, 8.25], "texture": "#0"},
				"south": {"uv": [8.625, 8, 9, 8.25], "texture": "#0"},
				"up": {"uv": [8.625, 8, 9, 8.125], "texture": "#0"}
			}
		},
		{
			"name": "Layer 3_44",
			"from": [9, 7.875, 7.9375],
			"to": [9.125, 8, 8.1875],
			"rotation": {"angle": 0, "axis": "y", "origin": [0, 0, 8]},
			"faces": {
				"north": {"uv": [9.125, 8, 9, 8.125], "texture": "#0"},
				"south": {"uv": [9, 8, 9.125, 8.125], "texture": "#0"},
				"up": {"uv": [9, 8, 9.125, 8.125], "texture": "#0"}
			}
		},
		{
			"name": "Layer 3_45",
			"from": [7.125, 7.625, 7.9375],
			"to": [7.25, 7.75, 8.1875],
			"rotation": {"angle": 0, "axis": "y", "origin": [0, 0, 8]},
			"faces": {
				"north": {"uv": [7.25, 8.25, 7.125, 8.375], "texture": "#0"},
				"south": {"uv": [7.125, 8.25, 7.25, 8.375], "texture": "#0"}
			}
		},
		{
			"name": "Layer 3_46",
			"from": [6.125, 6.375, 7.9375],
			"to": [6.25, 7.5, 8.1875],
			"rotation": {"angle": 0, "axis": "y", "origin": [0, 0, 8]},
			"faces": {
				"north": {"uv": [6.25, 8.5, 6.125, 9.625], "texture": "#0"},
				"south": {"uv": [6.125, 8.5, 6.25, 9.625], "texture": "#0"},
				"west": {"uv": [6.125, 8.5, 6.25, 9.625], "texture": "#0"},
				"up": {"uv": [6.125, 8.5, 6.25, 8.625], "texture": "#0"},
				"down": {"uv": [6.125, 9.5, 6.25, 9.625], "texture": "#0"}
			}
		},
		{
			"name": "Layer 3_47",
			"from": [6.5, 5, 7.9375],
			"to": [6.625, 6.125, 8.1875],
			"rotation": {"angle": 0, "axis": "y", "origin": [0, 0, 8]},
			"faces": {
				"north": {"uv": [6.625, 9.875, 6.5, 11], "texture": "#0"},
				"east": {"uv": [6.5, 9.875, 6.625, 11], "texture": "#0"},
				"south": {"uv": [6.5, 9.875, 6.625, 11], "texture": "#0"},
				"west": {"uv": [6.5, 9.875, 6.625, 11], "texture": "#0"},
				"up": {"uv": [6.5, 9.875, 6.625, 10], "texture": "#0"},
				"down": {"uv": [6.5, 10.875, 6.625, 11], "texture": "#0"}
			}
		},
		{
			"name": "Layer 3_48",
			"from": [6.625, 5.25, 7.9375],
			"to": [6.75, 5.75, 8.1875],
			"rotation": {"angle": 0, "axis": "y", "origin": [0, 0, 8]},
			"faces": {
				"north": {"uv": [6.75, 10.25, 6.625, 10.75], "texture": "#0"},
				"east": {"uv": [6.625, 10.25, 6.75, 10.75], "texture": "#0"},
				"south": {"uv": [6.625, 10.25, 6.75, 10.75], "texture": "#0"},
				"up": {"uv": [6.625, 10.25, 6.75, 10.375], "texture": "#0"},
				"down": {"uv": [6.625, 10.625, 6.75, 10.75], "texture": "#0"}
			}
		},
		{
			"name": "Layer 3_49",
			"from": [7.625, 2.75, 7.875],
			"to": [7.75, 3.25, 8.25],
			"rotation": {"angle": 0, "axis": "y", "origin": [0, 0, 8]},
			"faces": {
				"north": {"uv": [7.75, 12.75, 7.625, 13.25], "texture": "#0"},
				"east": {"uv": [7.625, 12.75, 7.75, 13.25], "texture": "#0"},
				"south": {"uv": [7.625, 12.75, 7.75, 13.25], "texture": "#0"},
				"west": {"uv": [7.625, 12.75, 7.75, 13.25], "texture": "#0"},
				"up": {"uv": [7.625, 12.75, 7.75, 12.875], "texture": "#0"},
				"down": {"uv": [7.625, 13.125, 7.75, 13.25], "texture": "#0"}
			}
		},
		{
			"name": "Layer 3_50",
			"from": [8.125, 2.75, 7.875],
			"to": [8.25, 3.25, 8.25],
			"rotation": {"angle": 0, "axis": "y", "origin": [0, 0, 8]},
			"faces": {
				"north": {"uv": [8.25, 12.75, 8.125, 13.25], "texture": "#0"},
				"east": {"uv": [8.125, 12.75, 8.25, 13.25], "texture": "#0"},
				"south": {"uv": [8.125, 12.75, 8.25, 13.25], "texture": "#0"},
				"west": {"uv": [8.125, 12.75, 8.25, 13.25], "texture": "#0"},
				"up": {"uv": [8.125, 12.75, 8.25, 12.875], "texture": "#0"},
				"down": {"uv": [8.125, 13.125, 8.25, 13.25], "texture": "#0"}
			}
		},
		{
			"name": "Layer 3_51",
			"from": [7.5, 2.875, 7.875],
			"to": [7.625, 3, 8.25],
			"rotation": {"angle": 0, "axis": "y", "origin": [0, 0, 8]},
			"faces": {
				"north": {"uv": [7.625, 13, 7.5, 13.125], "texture": "#0"},
				"south": {"uv": [7.5, 13, 7.625, 13.125], "texture": "#0"},
				"west": {"uv": [7.5, 13, 7.625, 13.125], "texture": "#0"},
				"up": {"uv": [7.5, 13, 7.625, 13.125], "texture": "#0"},
				"down": {"uv": [7.5, 13, 7.625, 13.125], "texture": "#0"}
			}
		},
		{
			"name": "Layer 3_52",
			"from": [8.25, 2.875, 7.875],
			"to": [8.375, 3, 8.25],
			"rotation": {"angle": 0, "axis": "y", "origin": [0, 0, 8]},
			"faces": {
				"north": {"uv": [8.375, 13, 8.25, 13.125], "texture": "#0"},
				"east": {"uv": [8.25, 13, 8.375, 13.125], "texture": "#0"},
				"south": {"uv": [8.25, 13, 8.375, 13.125], "texture": "#0"},
				"up": {"uv": [8.25, 13, 8.375, 13.125], "texture": "#0"},
				"down": {"uv": [8.25, 13, 8.375, 13.125], "texture": "#0"}
			}
		},
		{
			"name": "Layer 3_53",
			"from": [7.75, 2, 7.875],
			"to": [7.875, 2.875, 8.25],
			"rotation": {"angle": 0, "axis": "y", "origin": [0, 0, 8]},
			"faces": {
				"north": {"uv": [7.875, 13.125, 7.75, 14], "texture": "#0"},
				"east": {"uv": [7.75, 13.125, 7.875, 14], "texture": "#0"},
				"south": {"uv": [7.75, 13.125, 7.875, 14], "texture": "#0"},
				"west": {"uv": [7.75, 13.125, 7.875, 14], "texture": "#0"},
				"up": {"uv": [7.75, 13.125, 7.875, 13.25], "texture": "#0"},
				"down": {"uv": [7.75, 13.875, 7.875, 14], "texture": "#0"}
			}
		},
		{
			"name": "Layer 3_54",
			"from": [8, 2.5, 7.875],
			"to": [8.125, 2.75, 8.25],
			"rotation": {"angle": 0, "axis": "y", "origin": [0, 0, 8]},
			"faces": {
				"north": {"uv": [8.125, 13.25, 8, 13.5], "texture": "#0"},
				"east": {"uv": [8, 13.25, 8.125, 13.5], "texture": "#0"},
				"south": {"uv": [8, 13.25, 8.125, 13.5], "texture": "#0"},
				"west": {"uv": [8, 13.25, 8.125, 13.5], "texture": "#0"},
				"up": {"uv": [8, 13.25, 8.125, 13.375], "texture": "#0"},
				"down": {"uv": [8, 13.375, 8.125, 13.5], "texture": "#0"}
			}
		},
		{
			"name": "Layer 3_55",
			"from": [7.875, 2.25, 7.875],
			"to": [8, 2.5, 8.25],
			"rotation": {"angle": 0, "axis": "y", "origin": [0, 0, 8]},
			"faces": {
				"north": {"uv": [8, 13.5, 7.875, 13.75], "texture": "#0"},
				"east": {"uv": [7.875, 13.5, 8, 13.75], "texture": "#0"},
				"south": {"uv": [7.875, 13.5, 8, 13.75], "texture": "#0"},
				"up": {"uv": [7.875, 13.5, 8, 13.625], "texture": "#0"},
				"down": {"uv": [7.875, 13.625, 8, 13.75], "texture": "#0"}
			}
		},
		{
			"name": "Layer 3_56",
			"from": [7.625, 1.875, 7.875],
			"to": [7.75, 2.25, 8.25],
			"rotation": {"angle": 0, "axis": "y", "origin": [0, 0, 8]},
			"faces": {
				"north": {"uv": [7.75, 13.75, 7.625, 14.125], "texture": "#0"},
				"east": {"uv": [7.625, 13.75, 7.75, 14.125], "texture": "#0"},
				"south": {"uv": [7.625, 13.75, 7.75, 14.125], "texture": "#0"},
				"west": {"uv": [7.625, 13.75, 7.75, 14.125], "texture": "#0"},
				"up": {"uv": [7.625, 13.75, 7.75, 13.875], "texture": "#0"},
				"down": {"uv": [7.625, 14, 7.75, 14.125], "texture": "#0"}
			}
		},
		{
			"name": "Layer 4_0",
			"from": [7.875, 9.25, 7.9375],
			"to": [8, 9.625, 8.1875],
			"rotation": {"angle": 0, "axis": "y", "origin": [0, 0, 8]},
			"faces": {
				"north": {"uv": [8, 6.375, 7.875, 6.75], "texture": "#0"},
				"south": {"uv": [7.875, 6.375, 8, 6.75], "texture": "#0"}
			}
		},
		{
			"name": "Layer 4_1",
			"from": [7.75, 7.75, 7.9375],
			"to": [7.875, 9.5, 8.1875],
			"rotation": {"angle": 0, "axis": "y", "origin": [0, 0, 8]},
			"faces": {
				"north": {"uv": [7.875, 6.5, 7.75, 8.25], "texture": "#0"},
				"south": {"uv": [7.75, 6.5, 7.875, 8.25], "texture": "#0"}
			}
		},
		{
			"name": "Layer 4_2",
			"from": [7.625, 8.5, 7.9375],
			"to": [7.75, 9.25, 8.1875],
			"rotation": {"angle": 0, "axis": "y", "origin": [0, 0, 8]},
			"faces": {
				"north": {"uv": [7.75, 6.75, 7.625, 7.5], "texture": "#0"},
				"south": {"uv": [7.625, 6.75, 7.75, 7.5], "texture": "#0"}
			}
		},
		{
			"name": "Layer 4_3",
			"from": [7.5, 8.625, 7.9375],
			"to": [7.625, 9, 8.1875],
			"rotation": {"angle": 0, "axis": "y", "origin": [0, 0, 8]},
			"faces": {
				"north": {"uv": [7.625, 7, 7.5, 7.375], "texture": "#0"},
				"south": {"uv": [7.5, 7, 7.625, 7.375], "texture": "#0"}
			}
		},
		{
			"name": "Layer 4_4",
			"from": [7.375, 8.625, 7.9375],
			"to": [7.5, 8.75, 8.1875],
			"rotation": {"angle": 0, "axis": "y", "origin": [0, 0, 8]},
			"faces": {
				"north": {"uv": [7.5, 7.25, 7.375, 7.375], "texture": "#0"},
				"south": {"uv": [7.375, 7.25, 7.5, 7.375], "texture": "#0"}
			}
		},
		{
			"name": "Layer 4_5",
			"from": [7.875, 8.25, 7.9375],
			"to": [8, 8.75, 8.1875],
			"rotation": {"angle": 0, "axis": "y", "origin": [0, 0, 8]},
			"faces": {
				"north": {"uv": [8, 7.25, 7.875, 7.75], "texture": "#0"},
				"south": {"uv": [7.875, 7.25, 8, 7.75], "texture": "#0"}
			}
		},
		{
			"name": "Layer 4_6",
			"from": [8, 7.75, 7.9375],
			"to": [8.125, 8.375, 8.1875],
			"rotation": {"angle": 0, "axis": "y", "origin": [0, 0, 8]},
			"faces": {
				"north": {"uv": [8.125, 7.625, 8, 8.25], "texture": "#0"},
				"south": {"uv": [8, 7.625, 8.125, 8.25], "texture": "#0"}
			}
		},
		{
			"name": "Layer 4_7",
			"from": [7.625, 7.5, 7.9375],
			"to": [7.75, 8, 8.1875],
			"rotation": {"angle": 0, "axis": "y", "origin": [0, 0, 8]},
			"faces": {
				"north": {"uv": [7.75, 8, 7.625, 8.5], "texture": "#0"},
				"south": {"uv": [7.625, 8, 7.75, 8.5], "texture": "#0"}
			}
		},
		{
			"name": "Layer 4_8",
			"from": [8.125, 7.5, 7.9375],
			"to": [8.25, 8, 8.1875],
			"rotation": {"angle": 0, "axis": "y", "origin": [0, 0, 8]},
			"faces": {
				"north": {"uv": [8.25, 8, 8.125, 8.5], "texture": "#0"},
				"south": {"uv": [8.125, 8, 8.25, 8.5], "texture": "#0"}
			}
		},
		{
			"name": "Layer 4_9",
			"from": [7.5, 7.375, 7.9375],
			"to": [7.625, 7.625, 8.1875],
			"rotation": {"angle": 0, "axis": "y", "origin": [0, 0, 8]},
			"faces": {
				"north": {"uv": [7.625, 8.375, 7.5, 8.625], "texture": "#0"},
				"south": {"uv": [7.5, 8.375, 7.625, 8.625], "texture": "#0"}
			}
		},
		{
			"name": "Layer 4_10",
			"from": [8.25, 7.375, 7.9375],
			"to": [8.375, 7.625, 8.1875],
			"rotation": {"angle": 0, "axis": "y", "origin": [0, 0, 8]},
			"faces": {
				"north": {"uv": [8.375, 8.375, 8.25, 8.625], "texture": "#0"},
				"south": {"uv": [8.25, 8.375, 8.375, 8.625], "texture": "#0"}
			}
		},
		{
			"name": "Layer 4_11",
			"from": [7.375, 7.375, 7.9375],
			"to": [7.5, 7.5, 8.1875],
			"rotation": {"angle": 0, "axis": "y", "origin": [0, 0, 8]},
			"faces": {
				"north": {"uv": [7.5, 8.5, 7.375, 8.625], "texture": "#0"},
				"south": {"uv": [7.375, 8.5, 7.5, 8.625], "texture": "#0"},
				"west": {"uv": [7.375, 8.5, 7.5, 8.625], "texture": "#0"},
				"down": {"uv": [7.375, 8.5, 7.5, 8.625], "texture": "#0"}
			}
		},
		{
			"name": "Layer 4_12",
			"from": [8.375, 7.375, 7.9375],
			"to": [8.5, 7.5, 8.1875],
			"rotation": {"angle": 0, "axis": "y", "origin": [0, 0, 8]},
			"faces": {
				"north": {"uv": [8.5, 8.5, 8.375, 8.625], "texture": "#0"},
				"east": {"uv": [8.375, 8.5, 8.5, 8.625], "texture": "#0"},
				"south": {"uv": [8.375, 8.5, 8.5, 8.625], "texture": "#0"},
				"down": {"uv": [8.375, 8.5, 8.5, 8.625], "texture": "#0"}
			}
		},
		{
			"name": "Layer 4_13",
			"from": [7.875, 6.5, 7.9375],
			"to": [8, 6.875, 8.1875],
			"rotation": {"angle": 0, "axis": "y", "origin": [0, 0, 8]},
			"faces": {
				"north": {"uv": [8, 9.125, 7.875, 9.5], "texture": "#0"},
				"south": {"uv": [7.875, 9.125, 8, 9.5], "texture": "#0"}
			}
		},
		{
			"name": "Layer 4_14",
			"from": [7.75, 6.625, 7.9375],
			"to": [7.875, 6.75, 8.1875],
			"rotation": {"angle": 0, "axis": "y", "origin": [0, 0, 8]},
			"faces": {
				"north": {"uv": [7.875, 9.25, 7.75, 9.375], "texture": "#0"},
				"south": {"uv": [7.75, 9.25, 7.875, 9.375], "texture": "#0"}
			}
		},
		{
			"name": "Layer 4_15",
			"from": [8, 6.625, 7.9375],
			"to": [8.125, 6.75, 8.1875],
			"rotation": {"angle": 0, "axis": "y", "origin": [0, 0, 8]},
			"faces": {
				"north": {"uv": [8.125, 9.25, 8, 9.375], "texture": "#0"},
				"south": {"uv": [8, 9.25, 8.125, 9.375], "texture": "#0"}
			}
		},
		{
			"name": "Layer 4_16",
			"from": [7.75, 3.875, 7.9375],
			"to": [7.875, 6.375, 8.1875],
			"rotation": {"angle": 0, "axis": "y", "origin": [0, 0, 8]},
			"faces": {
				"north": {"uv": [7.875, 9.625, 7.75, 12.125], "texture": "#0"},
				"south": {"uv": [7.75, 9.625, 7.875, 12.125], "texture": "#0"},
				"west": {"uv": [7.75, 9.625, 7.875, 12.125], "texture": "#0"}
			}
		},
		{
			"name": "Layer 4_17",
			"from": [8, 3.875, 7.9375],
			"to": [8.125, 6.375, 8.1875],
			"rotation": {"angle": 0, "axis": "y", "origin": [0, 0, 8]},
			"faces": {
				"north": {"uv": [8.125, 9.625, 8, 12.125], "texture": "#0"},
				"east": {"uv": [8, 9.625, 8.125, 12.125], "texture": "#0"},
				"south": {"uv": [8, 9.625, 8.125, 12.125], "texture": "#0"}
			}
		},
		{
			"name": "Layer 4_18",
			"from": [7.875, 4.25, 7.9375],
			"to": [8, 6.125, 8.1875],
			"rotation": {"angle": 0, "axis": "y", "origin": [0, 0, 8]},
			"faces": {
				"north": {"uv": [8, 9.875, 7.875, 11.75], "texture": "#0"},
				"south": {"uv": [7.875, 9.875, 8, 11.75], "texture": "#0"}
			}
		},
		{
			"name": "Layer 4_19",
			"from": [7.875, 3.5, 7.9375],
			"to": [8, 3.75, 8.1875],
			"rotation": {"angle": 0, "axis": "y", "origin": [0, 0, 8]},
			"faces": {
				"north": {"uv": [8, 12.25, 7.875, 12.5], "texture": "#0"},
				"south": {"uv": [7.875, 12.25, 8, 12.5], "texture": "#0"}
			}
		},
		{
			"name": "Layer 4_20",
			"from": [7.75, 3.375, 7.9375],
			"to": [7.875, 3.625, 8.1875],
			"rotation": {"angle": 0, "axis": "y", "origin": [0, 0, 8]},
			"faces": {
				"north": {"uv": [7.875, 12.375, 7.75, 12.625], "texture": "#0"},
				"south": {"uv": [7.75, 12.375, 7.875, 12.625], "texture": "#0"}
			}
		},
		{
			"name": "Layer 4_21",
			"from": [8, 3.375, 7.9375],
			"to": [8.125, 3.625, 8.1875],
			"rotation": {"angle": 0, "axis": "y", "origin": [0, 0, 8]},
			"faces": {
				"north": {"uv": [8.125, 12.375, 8, 12.625], "texture": "#0"},
				"south": {"uv": [8, 12.375, 8.125, 12.625], "texture": "#0"}
			}
		},
		{
			"name": "Layer 4_22",
			"from": [7.625, 3.25, 7.9375],
			"to": [7.75, 3.375, 8.1875],
			"rotation": {"angle": 0, "axis": "y", "origin": [0, 0, 8]},
			"faces": {
				"north": {"uv": [7.75, 12.625, 7.625, 12.75], "texture": "#0"},
				"south": {"uv": [7.625, 12.625, 7.75, 12.75], "texture": "#0"},
				"west": {"uv": [7.625, 12.625, 7.75, 12.75], "texture": "#0"}
			}
		},
		{
			"name": "Layer 4_23",
			"from": [8.125, 3.25, 7.9375],
			"to": [8.25, 3.375, 8.1875],
			"rotation": {"angle": 0, "axis": "y", "origin": [0, 0, 8]},
			"faces": {
				"north": {"uv": [8.25, 12.625, 8.125, 12.75], "texture": "#0"},
				"east": {"uv": [8.125, 12.625, 8.25, 12.75], "texture": "#0"},
				"south": {"uv": [8.125, 12.625, 8.25, 12.75], "texture": "#0"}
			}
		},
		{
			"name": "Layer 4_24",
			"from": [7.75, 2.875, 7.9375],
			"to": [7.875, 3.25, 8.1875],
			"rotation": {"angle": 0, "axis": "y", "origin": [0, 0, 8]},
			"faces": {
				"north": {"uv": [7.875, 12.75, 7.75, 13.125], "texture": "#0"},
				"south": {"uv": [7.75, 12.75, 7.875, 13.125], "texture": "#0"}
			}
		},
		{
			"name": "Layer 4_25",
			"from": [8, 2.75, 7.9375],
			"to": [8.125, 3.25, 8.1875],
			"rotation": {"angle": 0, "axis": "y", "origin": [0, 0, 8]},
			"faces": {
				"north": {"uv": [8.125, 12.75, 8, 13.25], "texture": "#0"},
				"south": {"uv": [8, 12.75, 8.125, 13.25], "texture": "#0"}
			}
		},
		{
			"name": "Layer 4_26",
			"from": [7.875, 2.5, 7.9375],
			"to": [8, 3.125, 8.1875],
			"rotation": {"angle": 0, "axis": "y", "origin": [0, 0, 8]},
			"faces": {
				"north": {"uv": [8, 12.875, 7.875, 13.5], "texture": "#0"},
				"south": {"uv": [7.875, 12.875, 8, 13.5], "texture": "#0"}
			}
		},
		{
			"name": "Layer 5_0",
			"from": [7.875, 7.375, 7.9375],
			"to": [8, 8.25, 8.1875],
			"rotation": {"angle": 0, "axis": "y", "origin": [0, 0, 8]},
			"faces": {
				"north": {"uv": [8, 7.75, 7.875, 8.625], "texture": "#0"},
				"south": {"uv": [7.875, 7.75, 8, 8.625], "texture": "#0"}
			}
		},
		{
			"name": "Layer 5_1",
			"from": [7.75, 7.25, 7.9375],
			"to": [7.875, 7.75, 8.1875],
			"rotation": {"angle": 0, "axis": "y", "origin": [0, 0, 8]},
			"faces": {
				"north": {"uv": [7.875, 8.25, 7.75, 8.75], "texture": "#0"},
				"south": {"uv": [7.75, 8.25, 7.875, 8.75], "texture": "#0"}
			}
		},
		{
			"name": "Layer 5_2",
			"from": [8, 7.25, 7.9375],
			"to": [8.125, 7.75, 8.1875],
			"rotation": {"angle": 0, "axis": "y", "origin": [0, 0, 8]},
			"faces": {
				"north": {"uv": [8.125, 8.25, 8, 8.75], "texture": "#0"},
				"south": {"uv": [8, 8.25, 8.125, 8.75], "texture": "#0"}
			}
		},
		{
			"name": "Layer 5_3",
			"from": [7.625, 7, 7.9375],
			"to": [7.75, 7.5, 8.1875],
			"rotation": {"angle": 0, "axis": "y", "origin": [0, 0, 8]},
			"faces": {
				"north": {"uv": [7.75, 8.5, 7.625, 9], "texture": "#0"},
				"south": {"uv": [7.625, 8.5, 7.75, 9], "texture": "#0"},
				"west": {"uv": [7.625, 8.5, 7.75, 9], "texture": "#0"}
			}
		},
		{
			"name": "Layer 5_4",
			"from": [8.125, 7, 7.9375],
			"to": [8.25, 7.5, 8.1875],
			"rotation": {"angle": 0, "axis": "y", "origin": [0, 0, 8]},
			"faces": {
				"north": {"uv": [8.25, 8.5, 8.125, 9], "texture": "#0"},
				"east": {"uv": [8.125, 8.5, 8.25, 9], "texture": "#0"},
				"south": {"uv": [8.125, 8.5, 8.25, 9], "texture": "#0"}
			}
		},
		{
			"name": "Layer 5_5",
			"from": [7.5, 7.25, 7.9375],
			"to": [7.625, 7.375, 8.1875],
			"rotation": {"angle": 0, "axis": "y", "origin": [0, 0, 8]},
			"faces": {
				"north": {"uv": [7.625, 8.625, 7.5, 8.75], "texture": "#0"},
				"south": {"uv": [7.5, 8.625, 7.625, 8.75], "texture": "#0"},
				"west": {"uv": [7.5, 8.625, 7.625, 8.75], "texture": "#0"},
				"down": {"uv": [7.5, 8.625, 7.625, 8.75], "texture": "#0"}
			}
		},
		{
			"name": "Layer 5_6",
			"from": [8.25, 7.25, 7.9375],
			"to": [8.375, 7.375, 8.1875],
			"rotation": {"angle": 0, "axis": "y", "origin": [0, 0, 8]},
			"faces": {
				"north": {"uv": [8.375, 8.625, 8.25, 8.75], "texture": "#0"},
				"east": {"uv": [8.25, 8.625, 8.375, 8.75], "texture": "#0"},
				"south": {"uv": [8.25, 8.625, 8.375, 8.75], "texture": "#0"},
				"down": {"uv": [8.25, 8.625, 8.375, 8.75], "texture": "#0"}
			}
		}
	],
	"display": {
		"thirdperson_righthand": {
			"rotation": [0, -90, 0],
			"translation": [0.25, 3.75, 1],
			"scale": [2, 2, 2]
		},
		"thirdperson_lefthand": {
			"rotation": [0, 90, 0],
			"translation": [0.25, 3.75, 1],
			"scale": [2, 2, 2]
		},
		"firstperson_righthand": {
			"rotation": [118, 11, 137],
			"translation": [-4, 7, 0],
			"scale": [1.4, 1.4, 1.4]
		},
		"firstperson_lefthand": {
			"rotation": [-62, -3, 46],
			"translation": [-3.25, 6.25, -1],
			"scale": [1.4, 1.4, 1.4]
		},
		"ground": {
			"translation": [0, 7.5, 0],
			"scale": [2, 2, 2]
		},
		"gui": {
			"rotation": [0, 0, -45],
			"translation": [0, -0.25, 0],
			"scale": [1.5, 1.5, 1.5]
		},
		"head": {
			"rotation": [180, 0, 45],
			"translation": [1.5, -13.5, 4.75],
			"scale": [2.5, 2.5, 2.5]
		},
		"fixed": {
			"rotation": [180, 0, 135],
			"translation": [0, -0.25, 0],
			"scale": [2, 2, 2]
		}
	},
	"groups": [
		{
			"name": "Layer 1",
			"origin": [8, 8, 8],
			"color": 0,
			"children": [
				0,
				1,
				2,
				3,
				4,
				5,
				6,
				7,
				8,
				9,
				10,
				11,
				12,
				13,
				14,
				15,
				16,
				17,
				18,
				19,
				20,
				21,
				22,
				23,
				24,
				25,
				26,
				27,
				28,
				29,
				30,
				31,
				32,
				33,
				34,
				35,
				36,
				37,
				38,
				39,
				40,
				41,
				42,
				43,
				44,
				45,
				46,
				47,
				48,
				49,
				50,
				51,
				52,
				53
			]
		},
		{
			"name": "Layer 2",
			"origin": [8, 8, 8],
			"color": 0,
			"children": [
				54,
				55,
				56,
				57,
				58,
				59,
				60,
				61,
				62,
				63,
				64,
				65,
				66,
				67,
				68,
				69,
				70,
				71,
				72,
				73,
				74,
				75,
				76,
				77,
				78,
				79,
				80,
				81,
				82,
				83,
				84,
				85,
				86,
				87,
				88,
				89,
				90,
				91,
				92,
				93,
				94,
				95,
				96,
				97,
				98,
				99,
				100,
				101,
				102,
				103,
				104,
				105,
				106,
				107,
				108,
				109,
				110,
				111,
				112
			]
		},
		{
			"name": "Layer 3",
			"origin": [8, 8, 8],
			"color": 0,
			"children": [
				113,
				114,
				115,
				116,
				117,
				118,
				119,
				120,
				121,
				122,
				123,
				124,
				125,
				126,
				127,
				128,
				129,
				130,
				131,
				132,
				133,
				134,
				135,
				136,
				137,
				138,
				139,
				140,
				141,
				142,
				143,
				144,
				145,
				146,
				147,
				148,
				149,
				150,
				151,
				152,
				153,
				154,
				155,
				156,
				157,
				158,
				159,
				160,
				161,
				162,
				163,
				164,
				165,
				166,
				167,
				168,
				169
			]
		},
		{
			"name": "Layer 4",
			"origin": [8, 8, 8],
			"color": 0,
			"children": [170, 171, 172, 173, 174, 175, 176, 177, 178, 179, 180, 181, 182, 183, 184, 185, 186, 187, 188, 189, 190, 191, 192, 193, 194, 195, 196]
		},
		{
			"name": "Layer 5",
			"origin": [8, 8, 8],
			"color": 0,
			"children": [197, 198, 199, 200, 201, 202, 203]
		}
	]
}