{
	"credit": "Made with Blockbench",
	"textures": {
		"0": "item/cyber_shield",
		"6": "item/cyber_shield_text",
		"particle": "item/cyber_shield"
	},
	"elements": [
		{
			"name": "plank_shield4_1",
			"from": [7.75, 7, 8],
			"to": [8.25, 8.5, 8.125],
			"rotation": {"angle": 0, "axis": "y", "origin": [8.5, 8.5625, 8.375]},
			"faces": {
				"north": {"uv": [2, 2, 3.5, 2.5], "rotation": 270, "texture": "#0"},
				"east": {"uv": [2, 2, 3.5, 2.125], "rotation": 270, "texture": "#0"},
				"south": {"uv": [3.5, 2, 2, 2.5], "rotation": 90, "texture": "#0"},
				"west": {"uv": [2, 2.375, 3.5, 2.5], "rotation": 270, "texture": "#0"}
			}
		},
		{
			"name": "plank_shield4_1",
			"from": [7.75, 6.875, 6.625],
			"to": [8.25, 7, 8.125],
			"rotation": {"angle": 0, "axis": "y", "origin": [8.75, 8.75, 7.0625]},
			"faces": {
				"east": {"uv": [2, 2, 3.5, 2.125], "texture": "#0"},
				"south": {"uv": [2, 2, 2.125, 2.5], "rotation": 90, "texture": "#0"},
				"west": {"uv": [2, 2.375, 3.5, 2.5], "rotation": 180, "texture": "#0"},
				"up": {"uv": [3.5, 2, 2, 2.5], "rotation": 90, "texture": "#0"},
				"down": {"uv": [2, 2, 3.5, 2.5], "rotation": 90, "texture": "#0"}
			}
		},
		{
			"name": "plank_shield4_0",
			"from": [7.75, 8.5, 6.625],
			"to": [8.25, 8.625, 8.125],
			"rotation": {"angle": 0, "axis": "y", "origin": [8.75, 8.75, 7.0625]},
			"faces": {
				"east": {"uv": [2, 2, 3.5, 2.125], "texture": "#0"},
				"south": {"uv": [2, 2, 2.125, 2.5], "rotation": 90, "texture": "#0"},
				"west": {"uv": [2, 2.375, 3.5, 2.5], "rotation": 180, "texture": "#0"},
				"up": {"uv": [3.5, 2, 2, 2.5], "rotation": 90, "texture": "#0"},
				"down": {"uv": [2, 2, 3.5, 2.5], "rotation": 90, "texture": "#0"}
			}
		},
		{
			"name": "Layer 1_0",
			"from": [6.875, 10, 6.375],
			"to": [7.25, 10.25, 6.625],
			"faces": {
				"north": {"uv": [7.25, 5.75, 6.875, 6], "texture": "#0"},
				"east": {"uv": [7.125, 5.75, 7.25, 6], "texture": "#0"},
				"south": {"uv": [6.875, 5.75, 7.25, 6], "texture": "#0"},
				"west": {"uv": [6.875, 5.75, 7, 6], "texture": "#0"},
				"up": {"uv": [6.875, 5.75, 7.25, 5.875], "texture": "#0"},
				"down": {"uv": [6.875, 5.875, 7.25, 6], "texture": "#0"}
			}
		},
		{
			"name": "Layer 1_1",
			"from": [8.875, 10, 6.375],
			"to": [9.25, 10.25, 6.625],
			"faces": {
				"north": {"uv": [9.25, 5.75, 8.875, 6], "texture": "#0"},
				"east": {"uv": [9.125, 5.75, 9.25, 6], "texture": "#0"},
				"south": {"uv": [8.875, 5.75, 9.25, 6], "texture": "#0"},
				"west": {"uv": [8.875, 5.75, 9, 6], "texture": "#0"},
				"up": {"uv": [8.875, 5.75, 9.25, 5.875], "texture": "#0"},
				"down": {"uv": [8.875, 5.875, 9.25, 6], "texture": "#0"}
			}
		},
		{
			"name": "Layer 1_2",
			"from": [7.25, 10, 6.375],
			"to": [7.5, 10.125, 6.625],
			"faces": {
				"north": {"uv": [7.5, 5.875, 7.25, 6], "texture": "#0"},
				"east": {"uv": [7.375, 5.875, 7.5, 6], "texture": "#0"},
				"south": {"uv": [7.25, 5.875, 7.5, 6], "texture": "#0"},
				"up": {"uv": [7.25, 5.875, 7.5, 6], "texture": "#0"},
				"down": {"uv": [7.25, 5.875, 7.5, 6], "texture": "#0"}
			}
		},
		{
			"name": "Layer 1_3",
			"from": [8.625, 10, 6.375],
			"to": [8.875, 10.125, 6.625],
			"faces": {
				"north": {"uv": [8.875, 5.875, 8.625, 6], "texture": "#0"},
				"south": {"uv": [8.625, 5.875, 8.875, 6], "texture": "#0"},
				"west": {"uv": [8.625, 5.875, 8.75, 6], "texture": "#0"},
				"up": {"uv": [8.625, 5.875, 8.875, 6], "texture": "#0"},
				"down": {"uv": [8.625, 5.875, 8.875, 6], "texture": "#0"}
			}
		},
		{
			"name": "Layer 1_4",
			"from": [7, 9.375, 6.375],
			"to": [7.25, 10, 6.625],
			"faces": {
				"north": {"uv": [7.25, 6, 7, 6.625], "texture": "#0"},
				"east": {"uv": [7.125, 6, 7.25, 6.625], "texture": "#0"},
				"south": {"uv": [7, 6, 7.25, 6.625], "texture": "#0"},
				"west": {"uv": [7, 6, 7.125, 6.625], "texture": "#0"},
				"down": {"uv": [7, 6.5, 7.25, 6.625], "texture": "#0"}
			}
		},
		{
			"name": "Layer 1_5",
			"from": [8.875, 9.375, 6.375],
			"to": [9.125, 10, 6.625],
			"faces": {
				"north": {"uv": [9.125, 6, 8.875, 6.625], "texture": "#0"},
				"east": {"uv": [9, 6, 9.125, 6.625], "texture": "#0"},
				"south": {"uv": [8.875, 6, 9.125, 6.625], "texture": "#0"},
				"west": {"uv": [8.875, 6, 9, 6.625], "texture": "#0"},
				"down": {"uv": [8.875, 6.5, 9.125, 6.625], "texture": "#0"}
			}
		},
		{
			"name": "Layer 1_6",
			"from": [6.75, 9.125, 6.375],
			"to": [6.875, 9.5, 6.625],
			"faces": {
				"north": {"uv": [6.875, 6.5, 6.75, 6.875], "texture": "#0"},
				"east": {"uv": [6.75, 6.5, 6.875, 6.875], "texture": "#0"},
				"south": {"uv": [6.75, 6.5, 6.875, 6.875], "texture": "#0"},
				"west": {"uv": [6.75, 6.5, 6.875, 6.875], "texture": "#0"},
				"up": {"uv": [6.75, 6.5, 6.875, 6.625], "texture": "#0"},
				"down": {"uv": [6.75, 6.75, 6.875, 6.875], "texture": "#0"}
			}
		},
		{
			"name": "Layer 1_7",
			"from": [7.25, 6.5, 6.375],
			"to": [7.375, 9.5, 6.625],
			"faces": {
				"north": {"uv": [7.375, 6.5, 7.25, 9.5], "texture": "#0"},
				"east": {"uv": [7.25, 6.5, 7.375, 9.5], "texture": "#0"},
				"south": {"uv": [7.25, 6.5, 7.375, 9.5], "texture": "#0"},
				"up": {"uv": [7.25, 6.5, 7.375, 6.625], "texture": "#0"},
				"down": {"uv": [7.25, 9.375, 7.375, 9.5], "texture": "#0"}
			}
		},
		{
			"name": "Layer 1_8",
			"from": [8.75, 6.5, 6.375],
			"to": [8.875, 9.5, 6.625],
			"faces": {
				"north": {"uv": [8.875, 6.5, 8.75, 9.5], "texture": "#0"},
				"south": {"uv": [8.75, 6.5, 8.875, 9.5], "texture": "#0"},
				"west": {"uv": [8.75, 6.5, 8.875, 9.5], "texture": "#0"},
				"up": {"uv": [8.75, 6.5, 8.875, 6.625], "texture": "#0"},
				"down": {"uv": [8.75, 9.375, 8.875, 9.5], "texture": "#0"}
			}
		},
		{
			"name": "Layer 1_9",
			"from": [6.625, 6.5, 6.375],
			"to": [6.75, 9.375, 6.625],
			"faces": {
				"north": {"uv": [6.75, 6.625, 6.625, 9.5], "texture": "#0"},
				"east": {"uv": [6.625, 6.625, 6.75, 9.5], "texture": "#0"},
				"south": {"uv": [6.625, 6.625, 6.75, 9.5], "texture": "#0"},
				"west": {"uv": [6.625, 6.625, 6.75, 9.5], "texture": "#0"},
				"up": {"uv": [6.625, 6.625, 6.75, 6.75], "texture": "#0"},
				"down": {"uv": [6.625, 9.375, 6.75, 9.5], "texture": "#0"}
			}
		},
		{
			"name": "Layer 1_10",
			"from": [7.125, 6, 6.375],
			"to": [7.25, 9.375, 6.625],
			"faces": {
				"north": {"uv": [7.25, 6.625, 7.125, 10], "texture": "#0"},
				"east": {"uv": [7.125, 6.625, 7.25, 10], "texture": "#0"},
				"south": {"uv": [7.125, 6.625, 7.25, 10], "texture": "#0"},
				"west": {"uv": [7.125, 6.625, 7.25, 10], "texture": "#0"},
				"down": {"uv": [7.125, 9.875, 7.25, 10], "texture": "#0"}
			}
		},
		{
			"name": "Layer 1_11",
			"from": [8.875, 6, 6.375],
			"to": [9, 9.375, 6.625],
			"faces": {
				"north": {"uv": [9, 6.625, 8.875, 10], "texture": "#0"},
				"east": {"uv": [8.875, 6.625, 9, 10], "texture": "#0"},
				"south": {"uv": [8.875, 6.625, 9, 10], "texture": "#0"},
				"west": {"uv": [8.875, 6.625, 9, 10], "texture": "#0"},
				"down": {"uv": [8.875, 9.875, 9, 10], "texture": "#0"}
			}
		},
		{
			"name": "Layer 1_12",
			"from": [9.25, 9.125, 6.375],
			"to": [9.5, 9.375, 6.625],
			"faces": {
				"north": {"uv": [9.5, 6.625, 9.25, 6.875], "texture": "#0"},
				"east": {"uv": [9.375, 6.625, 9.5, 6.875], "texture": "#0"},
				"south": {"uv": [9.25, 6.625, 9.5, 6.875], "texture": "#0"},
				"west": {"uv": [9.25, 6.625, 9.375, 6.875], "texture": "#0"},
				"up": {"uv": [9.25, 6.625, 9.5, 6.75], "texture": "#0"},
				"down": {"uv": [9.25, 6.75, 9.5, 6.875], "texture": "#0"}
			}
		},
		{
			"name": "Layer 1_13",
			"from": [6.5, 6.625, 6.375],
			"to": [6.625, 9.25, 6.625],
			"faces": {
				"north": {"uv": [6.625, 6.75, 6.5, 9.375], "texture": "#0"},
				"south": {"uv": [6.5, 6.75, 6.625, 9.375], "texture": "#0"},
				"west": {"uv": [6.5, 6.75, 6.625, 9.375], "texture": "#0"},
				"up": {"uv": [6.5, 6.75, 6.625, 6.875], "texture": "#0"},
				"down": {"uv": [6.5, 9.25, 6.625, 9.375], "texture": "#0"}
			}
		},
		{
			"name": "Layer 1_14",
			"from": [9.5, 6.625, 6.375],
			"to": [9.625, 9.25, 6.625],
			"faces": {
				"north": {"uv": [9.625, 6.75, 9.5, 9.375], "texture": "#0"},
				"east": {"uv": [9.5, 6.75, 9.625, 9.375], "texture": "#0"},
				"south": {"uv": [9.5, 6.75, 9.625, 9.375], "texture": "#0"},
				"up": {"uv": [9.5, 6.75, 9.625, 6.875], "texture": "#0"},
				"down": {"uv": [9.5, 9.25, 9.625, 9.375], "texture": "#0"}
			}
		},
		{
			"name": "Layer 1_15",
			"from": [6.375, 8.25, 6.375],
			"to": [6.5, 9.125, 6.625],
			"faces": {
				"north": {"uv": [6.5, 6.875, 6.375, 7.75], "texture": "#0"},
				"south": {"uv": [6.375, 6.875, 6.5, 7.75], "texture": "#0"},
				"west": {"uv": [6.375, 6.875, 6.5, 7.75], "texture": "#0"},
				"up": {"uv": [6.375, 6.875, 6.5, 7], "texture": "#0"},
				"down": {"uv": [6.375, 7.625, 6.5, 7.75], "texture": "#0"}
			}
		},
		{
			"name": "Layer 1_16",
			"from": [9.375, 6.5, 6.375],
			"to": [9.5, 9.125, 6.625],
			"faces": {
				"north": {"uv": [9.5, 6.875, 9.375, 9.5], "texture": "#0"},
				"east": {"uv": [9.375, 6.875, 9.5, 9.5], "texture": "#0"},
				"south": {"uv": [9.375, 6.875, 9.5, 9.5], "texture": "#0"},
				"west": {"uv": [9.375, 6.875, 9.5, 9.5], "texture": "#0"},
				"down": {"uv": [9.375, 9.375, 9.5, 9.5], "texture": "#0"}
			}
		},
		{
			"name": "Layer 1_17",
			"from": [9.625, 8.25, 6.375],
			"to": [9.75, 9.125, 6.625],
			"faces": {
				"north": {"uv": [9.75, 6.875, 9.625, 7.75], "texture": "#0"},
				"east": {"uv": [9.625, 6.875, 9.75, 7.75], "texture": "#0"},
				"south": {"uv": [9.625, 6.875, 9.75, 7.75], "texture": "#0"},
				"up": {"uv": [9.625, 6.875, 9.75, 7], "texture": "#0"},
				"down": {"uv": [9.625, 7.625, 9.75, 7.75], "texture": "#0"}
			}
		},
		{
			"name": "Layer 1_18",
			"from": [6.75, 6.375, 6.375],
			"to": [6.875, 6.875, 6.625],
			"faces": {
				"north": {"uv": [6.875, 9.125, 6.75, 9.625], "texture": "#0"},
				"east": {"uv": [6.75, 9.125, 6.875, 9.625], "texture": "#0"},
				"south": {"uv": [6.75, 9.125, 6.875, 9.625], "texture": "#0"},
				"west": {"uv": [6.75, 9.125, 6.875, 9.625], "texture": "#0"},
				"up": {"uv": [6.75, 9.125, 6.875, 9.25], "texture": "#0"},
				"down": {"uv": [6.75, 9.5, 6.875, 9.625], "texture": "#0"}
			}
		},
		{
			"name": "Layer 1_19",
			"from": [9.25, 6.375, 6.375],
			"to": [9.375, 6.875, 6.625],
			"faces": {
				"north": {"uv": [9.375, 9.125, 9.25, 9.625], "texture": "#0"},
				"east": {"uv": [9.25, 9.125, 9.375, 9.625], "texture": "#0"},
				"south": {"uv": [9.25, 9.125, 9.375, 9.625], "texture": "#0"},
				"west": {"uv": [9.25, 9.125, 9.375, 9.625], "texture": "#0"},
				"up": {"uv": [9.25, 9.125, 9.375, 9.25], "texture": "#0"},
				"down": {"uv": [9.25, 9.5, 9.375, 9.625], "texture": "#0"}
			}
		},
		{
			"name": "Layer 1_20",
			"from": [7, 6, 6.375],
			"to": [7.125, 6.625, 6.625],
			"faces": {
				"north": {"uv": [7.125, 9.375, 7, 10], "texture": "#0"},
				"south": {"uv": [7, 9.375, 7.125, 10], "texture": "#0"},
				"west": {"uv": [7, 9.375, 7.125, 10], "texture": "#0"},
				"up": {"uv": [7, 9.375, 7.125, 9.5], "texture": "#0"},
				"down": {"uv": [7, 9.875, 7.125, 10], "texture": "#0"}
			}
		},
		{
			"name": "Layer 1_21",
			"from": [9, 6, 6.375],
			"to": [9.125, 6.625, 6.625],
			"faces": {
				"north": {"uv": [9.125, 9.375, 9, 10], "texture": "#0"},
				"east": {"uv": [9, 9.375, 9.125, 10], "texture": "#0"},
				"south": {"uv": [9, 9.375, 9.125, 10], "texture": "#0"},
				"up": {"uv": [9, 9.375, 9.125, 9.5], "texture": "#0"},
				"down": {"uv": [9, 9.875, 9.125, 10], "texture": "#0"}
			}
		},
		{
			"name": "Layer 1_22",
			"from": [7.25, 6, 6.375],
			"to": [7.5, 6.125, 6.625],
			"faces": {
				"north": {"uv": [7.5, 9.875, 7.25, 10], "texture": "#0"},
				"east": {"uv": [7.375, 9.875, 7.5, 10], "texture": "#0"},
				"south": {"uv": [7.25, 9.875, 7.5, 10], "texture": "#0"},
				"up": {"uv": [7.25, 9.875, 7.5, 10], "texture": "#0"},
				"down": {"uv": [7.25, 9.875, 7.5, 10], "texture": "#0"}
			}
		},
		{
			"name": "Layer 1_23",
			"from": [8.625, 6, 6.375],
			"to": [8.875, 6.125, 6.625],
			"faces": {
				"north": {"uv": [8.875, 9.875, 8.625, 10], "texture": "#0"},
				"south": {"uv": [8.625, 9.875, 8.875, 10], "texture": "#0"},
				"west": {"uv": [8.625, 9.875, 8.75, 10], "texture": "#0"},
				"up": {"uv": [8.625, 9.875, 8.875, 10], "texture": "#0"},
				"down": {"uv": [8.625, 9.875, 8.875, 10], "texture": "#0"}
			}
		},
		{
			"name": "Layer 1_24",
			"from": [7.25, 5.75, 6.375],
			"to": [7.75, 5.875, 6.625],
			"faces": {
				"north": {"uv": [7.75, 10.125, 7.25, 10.25], "texture": "#0"},
				"east": {"uv": [7.625, 10.125, 7.75, 10.25], "texture": "#0"},
				"south": {"uv": [7.25, 10.125, 7.75, 10.25], "texture": "#0"},
				"west": {"uv": [7.25, 10.125, 7.375, 10.25], "texture": "#0"},
				"up": {"uv": [7.25, 10.125, 7.75, 10.25], "texture": "#0"},
				"down": {"uv": [7.25, 10.125, 7.75, 10.25], "texture": "#0"}
			}
		},
		{
			"name": "Layer 1_25",
			"from": [8.375, 5.625, 6.375],
			"to": [8.75, 5.875, 6.625],
			"faces": {
				"north": {"uv": [8.75, 10.125, 8.375, 10.375], "texture": "#0"},
				"east": {"uv": [8.625, 10.125, 8.75, 10.375], "texture": "#0"},
				"south": {"uv": [8.375, 10.125, 8.75, 10.375], "texture": "#0"},
				"west": {"uv": [8.375, 10.125, 8.5, 10.375], "texture": "#0"},
				"up": {"uv": [8.375, 10.125, 8.75, 10.25], "texture": "#0"},
				"down": {"uv": [8.375, 10.25, 8.75, 10.375], "texture": "#0"}
			}
		},
		{
			"name": "Layer 1_26",
			"from": [8.75, 5.75, 6.375],
			"to": [8.875, 5.875, 6.625],
			"faces": {
				"north": {"uv": [8.875, 10.125, 8.75, 10.25], "texture": "#0"},
				"east": {"uv": [8.75, 10.125, 8.875, 10.25], "texture": "#0"},
				"south": {"uv": [8.75, 10.125, 8.875, 10.25], "texture": "#0"},
				"up": {"uv": [8.75, 10.125, 8.875, 10.25], "texture": "#0"},
				"down": {"uv": [8.75, 10.125, 8.875, 10.25], "texture": "#0"}
			}
		},
		{
			"name": "Layer 1_27",
			"from": [7.375, 5.625, 6.375],
			"to": [8.375, 5.75, 6.625],
			"faces": {
				"north": {"uv": [8.375, 10.25, 7.375, 10.375], "texture": "#0"},
				"south": {"uv": [7.375, 10.25, 8.375, 10.375], "texture": "#0"},
				"west": {"uv": [7.375, 10.25, 7.5, 10.375], "texture": "#0"},
				"up": {"uv": [7.375, 10.25, 8.375, 10.375], "texture": "#0"},
				"down": {"uv": [7.375, 10.25, 8.375, 10.375], "texture": "#0"}
			}
		},
		{
			"name": "Layer 1_28",
			"from": [7.5, 5.5, 6.375],
			"to": [8.625, 5.625, 6.625],
			"faces": {
				"north": {"uv": [8.625, 10.375, 7.5, 10.5], "texture": "#0"},
				"east": {"uv": [8.5, 10.375, 8.625, 10.5], "texture": "#0"},
				"south": {"uv": [7.5, 10.375, 8.625, 10.5], "texture": "#0"},
				"west": {"uv": [7.5, 10.375, 7.625, 10.5], "texture": "#0"},
				"down": {"uv": [7.5, 10.375, 8.625, 10.5], "texture": "#0"}
			}
		},
		{
			"name": "Layer 1_29",
			"from": [7.625, 5.375, 6.375],
			"to": [8.5, 5.5, 6.625],
			"faces": {
				"north": {"uv": [8.5, 10.5, 7.625, 10.625], "texture": "#0"},
				"east": {"uv": [8.375, 10.5, 8.5, 10.625], "texture": "#0"},
				"south": {"uv": [7.625, 10.5, 8.5, 10.625], "texture": "#0"},
				"west": {"uv": [7.625, 10.5, 7.75, 10.625], "texture": "#0"},
				"down": {"uv": [7.625, 10.5, 8.5, 10.625], "texture": "#0"}
			}
		},
		{
			"name": "Lay2er 2_0",
			"from": [6.75, 9.5, 6.4375],
			"to": [6.875, 9.875, 6.5625],
			"faces": {
				"north": {"uv": [6.875, 6.125, 6.75, 6.5], "texture": "#0"},
				"east": {"uv": [6.75, 6.125, 6.875, 6.5], "texture": "#0"},
				"south": {"uv": [6.75, 6.125, 6.875, 6.5], "texture": "#0"},
				"west": {"uv": [6.75, 6.125, 6.875, 6.5], "texture": "#0"},
				"up": {"uv": [6.75, 6.125, 6.875, 6.25], "texture": "#0"}
			}
		},
		{
			"name": "Lay2er 2_1",
			"from": [9.25, 9.375, 6.4375],
			"to": [9.375, 9.875, 6.5625],
			"faces": {
				"north": {"uv": [9.375, 6.125, 9.25, 6.625], "texture": "#0"},
				"east": {"uv": [9.25, 6.125, 9.375, 6.625], "texture": "#0"},
				"south": {"uv": [9.25, 6.125, 9.375, 6.625], "texture": "#0"},
				"west": {"uv": [9.25, 6.125, 9.375, 6.625], "texture": "#0"},
				"up": {"uv": [9.25, 6.125, 9.375, 6.25], "texture": "#0"}
			}
		},
		{
			"name": "Lay2er 2_2",
			"from": [6.625, 9.375, 6.4375],
			"to": [6.75, 9.75, 6.5625],
			"faces": {
				"north": {"uv": [6.75, 6.25, 6.625, 6.625], "texture": "#0"},
				"south": {"uv": [6.625, 6.25, 6.75, 6.625], "texture": "#0"},
				"west": {"uv": [6.625, 6.25, 6.75, 6.625], "texture": "#0"},
				"up": {"uv": [6.625, 6.25, 6.75, 6.375], "texture": "#0"}
			}
		},
		{
			"name": "Lay2er 2_3",
			"from": [9.375, 9.375, 6.4375],
			"to": [9.5, 9.75, 6.5625],
			"faces": {
				"north": {"uv": [9.5, 6.25, 9.375, 6.625], "texture": "#0"},
				"east": {"uv": [9.375, 6.25, 9.5, 6.625], "texture": "#0"},
				"south": {"uv": [9.375, 6.25, 9.5, 6.625], "texture": "#0"},
				"up": {"uv": [9.375, 6.25, 9.5, 6.375], "texture": "#0"}
			}
		},
		{
			"name": "Lay2er 2_4",
			"from": [6.5, 9.25, 6.4375],
			"to": [6.625, 9.625, 6.5625],
			"faces": {
				"north": {"uv": [6.625, 6.375, 6.5, 6.75], "texture": "#0"},
				"south": {"uv": [6.5, 6.375, 6.625, 6.75], "texture": "#0"},
				"west": {"uv": [6.5, 6.375, 6.625, 6.75], "texture": "#0"},
				"up": {"uv": [6.5, 6.375, 6.625, 6.5], "texture": "#0"}
			}
		},
		{
			"name": "Lay2er 2_5",
			"from": [9.5, 9.25, 6.4375],
			"to": [9.625, 9.625, 6.5625],
			"faces": {
				"north": {"uv": [9.625, 6.375, 9.5, 6.75], "texture": "#0"},
				"east": {"uv": [9.5, 6.375, 9.625, 6.75], "texture": "#0"},
				"south": {"uv": [9.5, 6.375, 9.625, 6.75], "texture": "#0"},
				"up": {"uv": [9.5, 6.375, 9.625, 6.5], "texture": "#0"}
			}
		},
		{
			"name": "Lay2er 2_6",
			"from": [6.375, 9.125, 6.4375],
			"to": [6.5, 9.5, 6.5625],
			"faces": {
				"north": {"uv": [6.5, 6.5, 6.375, 6.875], "texture": "#0"},
				"south": {"uv": [6.375, 6.5, 6.5, 6.875], "texture": "#0"},
				"west": {"uv": [6.375, 6.5, 6.5, 6.875], "texture": "#0"},
				"up": {"uv": [6.375, 6.5, 6.5, 6.625], "texture": "#0"}
			}
		},
		{
			"name": "Lay2er 2_7",
			"from": [9.625, 9.125, 6.4375],
			"to": [9.75, 9.5, 6.5625],
			"faces": {
				"north": {"uv": [9.75, 6.5, 9.625, 6.875], "texture": "#0"},
				"east": {"uv": [9.625, 6.5, 9.75, 6.875], "texture": "#0"},
				"south": {"uv": [9.625, 6.5, 9.75, 6.875], "texture": "#0"},
				"up": {"uv": [9.625, 6.5, 9.75, 6.625], "texture": "#0"}
			}
		},
		{
			"name": "Lay2er 2_8",
			"from": [6.25, 6.625, 6.4375],
			"to": [6.375, 9.375, 6.5625],
			"faces": {
				"north": {"uv": [6.375, 6.625, 6.25, 9.375], "texture": "#0"},
				"south": {"uv": [6.25, 6.625, 6.375, 9.375], "texture": "#0"},
				"west": {"uv": [6.25, 6.625, 6.375, 9.375], "texture": "#0"},
				"up": {"uv": [6.25, 6.625, 6.375, 6.75], "texture": "#0"},
				"down": {"uv": [6.25, 9.25, 6.375, 9.375], "texture": "#0"}
			}
		},
		{
			"name": "Lay2er 2_9",
			"from": [9.75, 6.625, 6.4375],
			"to": [9.875, 9.375, 6.5625],
			"faces": {
				"north": {"uv": [9.875, 6.625, 9.75, 9.375], "texture": "#0"},
				"east": {"uv": [9.75, 6.625, 9.875, 9.375], "texture": "#0"},
				"south": {"uv": [9.75, 6.625, 9.875, 9.375], "texture": "#0"},
				"up": {"uv": [9.75, 6.625, 9.875, 6.75], "texture": "#0"},
				"down": {"uv": [9.75, 9.25, 9.875, 9.375], "texture": "#0"}
			}
		},
		{
			"name": "Lay2er 2_10",
			"from": [6.125, 8, 6.4375],
			"to": [6.25, 9.25, 6.5625],
			"faces": {
				"north": {"uv": [6.25, 6.75, 6.125, 8], "texture": "#0"},
				"south": {"uv": [6.125, 6.75, 6.25, 8], "texture": "#0"},
				"west": {"uv": [6.125, 6.75, 6.25, 8], "texture": "#0"},
				"up": {"uv": [6.125, 6.75, 6.25, 6.875], "texture": "#0"},
				"down": {"uv": [6.125, 7.875, 6.25, 8], "texture": "#0"}
			}
		},
		{
			"name": "Lay2er 2_11",
			"from": [9.875, 8, 6.4375],
			"to": [10, 9.25, 6.5625],
			"faces": {
				"north": {"uv": [10, 6.75, 9.875, 8], "texture": "#0"},
				"east": {"uv": [9.875, 6.75, 10, 8], "texture": "#0"},
				"south": {"uv": [9.875, 6.75, 10, 8], "texture": "#0"},
				"up": {"uv": [9.875, 6.75, 10, 6.875], "texture": "#0"},
				"down": {"uv": [9.875, 7.875, 10, 8], "texture": "#0"}
			}
		},
		{
			"name": "Lay2er 2_12",
			"from": [6.375, 6.5, 6.4375],
			"to": [6.5, 8.25, 6.5625],
			"faces": {
				"north": {"uv": [6.5, 7.75, 6.375, 9.5], "texture": "#0"},
				"south": {"uv": [6.375, 7.75, 6.5, 9.5], "texture": "#0"},
				"west": {"uv": [6.375, 7.75, 6.5, 9.5], "texture": "#0"},
				"down": {"uv": [6.375, 9.375, 6.5, 9.5], "texture": "#0"}
			}
		},
		{
			"name": "Lay2er 2_13",
			"from": [9.625, 6.5, 6.4375],
			"to": [9.75, 8.25, 6.5625],
			"faces": {
				"north": {"uv": [9.75, 7.75, 9.625, 9.5], "texture": "#0"},
				"east": {"uv": [9.625, 7.75, 9.75, 9.5], "texture": "#0"},
				"south": {"uv": [9.625, 7.75, 9.75, 9.5], "texture": "#0"},
				"down": {"uv": [9.625, 9.375, 9.75, 9.5], "texture": "#0"}
			}
		},
		{
			"name": "Lay2er 2_14",
			"from": [6.5, 6.375, 6.4375],
			"to": [6.625, 6.625, 6.5625],
			"faces": {
				"north": {"uv": [6.625, 9.375, 6.5, 9.625], "texture": "#0"},
				"south": {"uv": [6.5, 9.375, 6.625, 9.625], "texture": "#0"},
				"west": {"uv": [6.5, 9.375, 6.625, 9.625], "texture": "#0"},
				"down": {"uv": [6.5, 9.5, 6.625, 9.625], "texture": "#0"}
			}
		},
		{
			"name": "Lay2er 2_15",
			"from": [9.5, 6.375, 6.4375],
			"to": [9.625, 6.625, 6.5625],
			"faces": {
				"north": {"uv": [9.625, 9.375, 9.5, 9.625], "texture": "#0"},
				"east": {"uv": [9.5, 9.375, 9.625, 9.625], "texture": "#0"},
				"south": {"uv": [9.5, 9.375, 9.625, 9.625], "texture": "#0"},
				"down": {"uv": [9.5, 9.5, 9.625, 9.625], "texture": "#0"}
			}
		},
		{
			"name": "Lay2er 2_16",
			"from": [6.625, 6.25, 6.4375],
			"to": [6.75, 6.5, 6.5625],
			"faces": {
				"north": {"uv": [6.75, 9.5, 6.625, 9.75], "texture": "#0"},
				"south": {"uv": [6.625, 9.5, 6.75, 9.75], "texture": "#0"},
				"west": {"uv": [6.625, 9.5, 6.75, 9.75], "texture": "#0"},
				"down": {"uv": [6.625, 9.625, 6.75, 9.75], "texture": "#0"}
			}
		},
		{
			"name": "Lay2er 2_17",
			"from": [9.375, 6.25, 6.4375],
			"to": [9.5, 6.5, 6.5625],
			"faces": {
				"north": {"uv": [9.5, 9.5, 9.375, 9.75], "texture": "#0"},
				"east": {"uv": [9.375, 9.5, 9.5, 9.75], "texture": "#0"},
				"south": {"uv": [9.375, 9.5, 9.5, 9.75], "texture": "#0"},
				"down": {"uv": [9.375, 9.625, 9.5, 9.75], "texture": "#0"}
			}
		},
		{
			"name": "Lay2er 2_18",
			"from": [6.75, 6.125, 6.4375],
			"to": [6.875, 6.375, 6.5625],
			"faces": {
				"north": {"uv": [6.875, 9.625, 6.75, 9.875], "texture": "#0"},
				"east": {"uv": [6.75, 9.625, 6.875, 9.875], "texture": "#0"},
				"south": {"uv": [6.75, 9.625, 6.875, 9.875], "texture": "#0"},
				"west": {"uv": [6.75, 9.625, 6.875, 9.875], "texture": "#0"},
				"down": {"uv": [6.75, 9.75, 6.875, 9.875], "texture": "#0"}
			}
		},
		{
			"name": "Lay2er 2_19",
			"from": [9.25, 6.125, 6.4375],
			"to": [9.375, 6.375, 6.5625],
			"faces": {
				"north": {"uv": [9.375, 9.625, 9.25, 9.875], "texture": "#0"},
				"east": {"uv": [9.25, 9.625, 9.375, 9.875], "texture": "#0"},
				"south": {"uv": [9.25, 9.625, 9.375, 9.875], "texture": "#0"},
				"west": {"uv": [9.25, 9.625, 9.375, 9.875], "texture": "#0"},
				"down": {"uv": [9.25, 9.75, 9.375, 9.875], "texture": "#0"}
			}
		},
		{
			"name": "Lay2er 2_20",
			"from": [7.25, 5.625, 6.4375],
			"to": [7.375, 5.75, 6.5625],
			"faces": {
				"north": {"uv": [7.375, 10.25, 7.25, 10.375], "texture": "#0"},
				"south": {"uv": [7.25, 10.25, 7.375, 10.375], "texture": "#0"},
				"west": {"uv": [7.25, 10.25, 7.375, 10.375], "texture": "#0"},
				"down": {"uv": [7.25, 10.25, 7.375, 10.375], "texture": "#0"}
			}
		},
		{
			"name": "Lay2er 2_21",
			"from": [8.75, 5.625, 6.4375],
			"to": [8.875, 5.75, 6.5625],
			"faces": {
				"north": {"uv": [8.875, 10.25, 8.75, 10.375], "texture": "#0"},
				"east": {"uv": [8.75, 10.25, 8.875, 10.375], "texture": "#0"},
				"south": {"uv": [8.75, 10.25, 8.875, 10.375], "texture": "#0"},
				"down": {"uv": [8.75, 10.25, 8.875, 10.375], "texture": "#0"}
			}
		},
		{
			"name": "Lay2er 2_22",
			"from": [7.375, 5.5, 6.4375],
			"to": [7.5, 5.625, 6.5625],
			"faces": {
				"north": {"uv": [7.5, 10.375, 7.375, 10.5], "texture": "#0"},
				"south": {"uv": [7.375, 10.375, 7.5, 10.5], "texture": "#0"},
				"west": {"uv": [7.375, 10.375, 7.5, 10.5], "texture": "#0"},
				"down": {"uv": [7.375, 10.375, 7.5, 10.5], "texture": "#0"}
			}
		},
		{
			"name": "Lay2er 2_23",
			"from": [8.625, 5.5, 6.4375],
			"to": [8.75, 5.625, 6.5625],
			"faces": {
				"north": {"uv": [8.75, 10.375, 8.625, 10.5], "texture": "#0"},
				"east": {"uv": [8.625, 10.375, 8.75, 10.5], "texture": "#0"},
				"south": {"uv": [8.625, 10.375, 8.75, 10.5], "texture": "#0"},
				"down": {"uv": [8.625, 10.375, 8.75, 10.5], "texture": "#0"}
			}
		},
		{
			"name": "Lay2er 2_24",
			"from": [7.5, 5.375, 6.4375],
			"to": [7.625, 5.5, 6.5625],
			"faces": {
				"north": {"uv": [7.625, 10.5, 7.5, 10.625], "texture": "#0"},
				"south": {"uv": [7.5, 10.5, 7.625, 10.625], "texture": "#0"},
				"west": {"uv": [7.5, 10.5, 7.625, 10.625], "texture": "#0"},
				"down": {"uv": [7.5, 10.5, 7.625, 10.625], "texture": "#0"}
			}
		},
		{
			"name": "Lay2er 2_25",
			"from": [8.5, 5.375, 6.4375],
			"to": [8.625, 5.5, 6.5625],
			"faces": {
				"north": {"uv": [8.625, 10.5, 8.5, 10.625], "texture": "#0"},
				"east": {"uv": [8.5, 10.5, 8.625, 10.625], "texture": "#0"},
				"south": {"uv": [8.5, 10.5, 8.625, 10.625], "texture": "#0"},
				"down": {"uv": [8.5, 10.5, 8.625, 10.625], "texture": "#0"}
			}
		},
		{
			"name": "Lay2er 2_26",
			"from": [7.625, 5.25, 6.4375],
			"to": [8.5, 5.375, 6.5625],
			"faces": {
				"north": {"uv": [8.5, 10.625, 7.625, 10.75], "texture": "#0"},
				"east": {"uv": [8.375, 10.625, 8.5, 10.75], "texture": "#0"},
				"south": {"uv": [7.625, 10.625, 8.5, 10.75], "texture": "#0"},
				"west": {"uv": [7.625, 10.625, 7.75, 10.75], "texture": "#0"},
				"down": {"uv": [7.625, 10.625, 8.5, 10.75], "texture": "#0"}
			}
		},
		{
			"name": "Lay1er 3_0",
			"from": [6.75, 8.5, 6.4375],
			"to": [7.125, 8.875, 6.5625],
			"faces": {
				"north": {"uv": [7.125, 7.125, 6.75, 7.5], "texture": "#0"},
				"south": {"uv": [6.75, 7.125, 7.125, 7.5], "texture": "#0"},
				"up": {"uv": [6.75, 7.125, 7.125, 7.25], "texture": "#0"},
				"down": {"uv": [6.75, 7.375, 7.125, 7.5], "texture": "#0"}
			}
		},
		{
			"name": "Lay1er 3_1",
			"from": [9, 8.5, 6.4375],
			"to": [9.375, 8.875, 6.5625],
			"faces": {
				"north": {"uv": [9.375, 7.125, 9, 7.5], "texture": "#0"},
				"south": {"uv": [9, 7.125, 9.375, 7.5], "texture": "#0"},
				"up": {"uv": [9, 7.125, 9.375, 7.25], "texture": "#0"},
				"down": {"uv": [9, 7.375, 9.375, 7.5], "texture": "#0"}
			}
		},
		{
			"name": "Lay1er 3_2",
			"from": [6.75, 7.25, 6.4375],
			"to": [7.125, 7.625, 6.5625],
			"faces": {
				"north": {"uv": [7.125, 8.375, 6.75, 8.75], "texture": "#0"},
				"south": {"uv": [6.75, 8.375, 7.125, 8.75], "texture": "#0"},
				"up": {"uv": [6.75, 8.375, 7.125, 8.5], "texture": "#0"},
				"down": {"uv": [6.75, 8.625, 7.125, 8.75], "texture": "#0"}
			}
		},
		{
			"name": "Lay1er 3_3",
			"from": [9, 7.25, 6.4375],
			"to": [9.375, 7.625, 6.5625],
			"faces": {
				"north": {"uv": [9.375, 8.375, 9, 8.75], "texture": "#0"},
				"south": {"uv": [9, 8.375, 9.375, 8.75], "texture": "#0"},
				"up": {"uv": [9, 8.375, 9.375, 8.5], "texture": "#0"},
				"down": {"uv": [9, 8.625, 9.375, 8.75], "texture": "#0"}
			}
		},
		{
			"name": "Lay1er 3_4",
			"from": [7.875, 5.75, 6.4375],
			"to": [8.25, 6.125, 6.5625],
			"faces": {
				"north": {"uv": [8.25, 9.875, 7.875, 10.25], "texture": "#0"},
				"east": {"uv": [8.125, 9.875, 8.25, 10.25], "texture": "#0"},
				"south": {"uv": [7.875, 9.875, 8.25, 10.25], "texture": "#0"},
				"west": {"uv": [7.875, 9.875, 8, 10.25], "texture": "#0"}
			}
		},
		{
			"name": "L1ayer 4_0",
			"from": [7.625, 6.375, 6.5625],
			"to": [8.5, 9.625, 6.625],
			"faces": {
				"north": {"uv": [8.5, 6.375, 7.625, 9.625], "texture": "#0"},
				"south": {"uv": [7.625, 6.375, 8.5, 9.625], "texture": "#0"}
			}
		},
		{
			"name": "La1yer 5_1",
			"from": [7.25, 9.625, 6.4375],
			"to": [7.75, 10, 6.625],
			"faces": {
				"north": {"uv": [7.75, 6, 7.25, 6.375], "texture": "#0"},
				"east": {"uv": [7.625, 6, 7.75, 6.375], "texture": "#0"},
				"south": {"uv": [7.25, 6, 7.75, 6.375], "texture": "#0"},
				"up": {"uv": [7.25, 6, 7.75, 6.125], "texture": "#0"},
				"down": {"uv": [7.25, 6.25, 7.75, 6.375], "texture": "#0"}
			}
		},
		{
			"name": "La1yer 5_2",
			"from": [8.375, 9.625, 6.4375],
			"to": [8.875, 10, 6.625],
			"faces": {
				"north": {"uv": [8.875, 6, 8.375, 6.375], "texture": "#0"},
				"south": {"uv": [8.375, 6, 8.875, 6.375], "texture": "#0"},
				"west": {"uv": [8.375, 6, 8.5, 6.375], "texture": "#0"},
				"up": {"uv": [8.375, 6, 8.875, 6.125], "texture": "#0"},
				"down": {"uv": [8.375, 6.25, 8.875, 6.375], "texture": "#0"}
			}
		},
		{
			"name": "La1yer 5_3",
			"from": [7.75, 9.625, 6.4375],
			"to": [8.375, 9.875, 6.625],
			"faces": {
				"north": {"uv": [8.375, 6.125, 7.75, 6.375], "texture": "#0"},
				"south": {"uv": [7.75, 6.125, 8.375, 6.375], "texture": "#0"},
				"up": {"uv": [7.75, 6.125, 8.375, 6.25], "texture": "#0"},
				"down": {"uv": [7.75, 6.25, 8.375, 6.375], "texture": "#0"}
			}
		},
		{
			"name": "La1yer 5_4",
			"from": [7.25, 9.5, 6.4375],
			"to": [7.625, 9.625, 6.625],
			"faces": {
				"north": {"uv": [7.625, 6.375, 7.25, 6.5], "texture": "#0"},
				"east": {"uv": [7.5, 6.375, 7.625, 6.5], "texture": "#0"},
				"south": {"uv": [7.25, 6.375, 7.625, 6.5], "texture": "#0"}
			}
		},
		{
			"name": "La1yer 5_5",
			"from": [8.5, 6.125, 6.4375],
			"to": [8.75, 9.625, 6.625],
			"faces": {
				"north": {"uv": [8.75, 6.375, 8.5, 9.875], "texture": "#0"},
				"south": {"uv": [8.5, 6.375, 8.75, 9.875], "texture": "#0"},
				"west": {"uv": [8.5, 6.375, 8.625, 9.875], "texture": "#0"}
			}
		},
		{
			"name": "La1yer 5_6",
			"from": [8.75, 9.5, 6.4375],
			"to": [8.875, 9.625, 6.625],
			"faces": {
				"north": {"uv": [8.875, 6.375, 8.75, 6.5], "texture": "#0"},
				"south": {"uv": [8.75, 6.375, 8.875, 6.5], "texture": "#0"}
			}
		},
		{
			"name": "La1yer 5_7",
			"from": [7.375, 6.125, 6.4375],
			"to": [7.625, 9.5, 6.625],
			"faces": {
				"north": {"uv": [7.625, 6.5, 7.375, 9.875], "texture": "#0"},
				"east": {"uv": [7.5, 6.5, 7.625, 9.875], "texture": "#0"},
				"south": {"uv": [7.375, 6.5, 7.625, 9.875], "texture": "#0"}
			}
		},
		{
			"name": "La1yer 5_8",
			"from": [7.25, 6.125, 6.4375],
			"to": [7.375, 6.5, 6.625],
			"faces": {
				"north": {"uv": [7.375, 9.5, 7.25, 9.875], "texture": "#0"},
				"south": {"uv": [7.25, 9.5, 7.375, 9.875], "texture": "#0"}
			}
		},
		{
			"name": "La1yer 5_9",
			"from": [8.75, 6.125, 6.4375],
			"to": [8.875, 6.5, 6.625],
			"faces": {
				"north": {"uv": [8.875, 9.5, 8.75, 9.875], "texture": "#0"},
				"south": {"uv": [8.75, 9.5, 8.875, 9.875], "texture": "#0"}
			}
		},
		{
			"name": "La1yer 5_10",
			"from": [7.625, 6.125, 6.4375],
			"to": [8.5, 6.375, 6.625],
			"faces": {
				"north": {"uv": [8.5, 9.625, 7.625, 9.875], "texture": "#0"},
				"south": {"uv": [7.625, 9.625, 8.5, 9.875], "texture": "#0"},
				"up": {"uv": [7.625, 9.625, 8.5, 9.75], "texture": "#0"},
				"down": {"uv": [7.625, 9.75, 8.5, 9.875], "texture": "#0"}
			}
		},
		{
			"name": "La1yer 5_11",
			"from": [7.5, 6, 6.4375],
			"to": [7.75, 6.125, 6.625],
			"faces": {
				"north": {"uv": [7.75, 9.875, 7.5, 10], "texture": "#0"},
				"east": {"uv": [7.625, 9.875, 7.75, 10], "texture": "#0"},
				"south": {"uv": [7.5, 9.875, 7.75, 10], "texture": "#0"},
				"down": {"uv": [7.5, 9.875, 7.75, 10], "texture": "#0"}
			}
		},
		{
			"name": "La1yer 5_12",
			"from": [8.375, 6, 6.4375],
			"to": [8.625, 6.125, 6.625],
			"faces": {
				"north": {"uv": [8.625, 9.875, 8.375, 10], "texture": "#0"},
				"south": {"uv": [8.375, 9.875, 8.625, 10], "texture": "#0"},
				"west": {"uv": [8.375, 9.875, 8.5, 10], "texture": "#0"},
				"down": {"uv": [8.375, 9.875, 8.625, 10], "texture": "#0"}
			}
		},
		{
			"from": [0, 0, 6.5],
			"to": [16, 16, 6.5],
			"faces": {
				"north": {"uv": [16, 16, 0, 0], "texture": "#6"}
			}
		}
	],
	"display": {
		"thirdperson_righthand": {
			"rotation": [0, -90, 0],
			"translation": [-2, -1.25, 2.75],
			"scale": [3, 3, 3]
		},
		"thirdperson_lefthand": {
			"rotation": [0, -90, 0],
			"translation": [-1.75, -1.25, 2.75],
			"scale": [3, 3, 3]
		},
		"firstperson_righthand": {
			"rotation": [0, -5, 4],
			"translation": [3.5, 1.5, -0.75],
			"scale": [3, 3, 3]
		},
		"firstperson_lefthand": {
			"rotation": [0, -5, 4],
			"translation": [3.5, 1.5, -0.75],
			"scale": [3, 3, 3]
		},
		"ground": {
			"translation": [0, 10, 0],
			"scale": [3, 3, 3]
		},
		"gui": {
			"rotation": [0, 180, 0],
			"translation": [0.5, 0.25, 0],
			"scale": [2, 2, 2]
		},
		"head": {
			"rotation": [180, 0, 180],
			"translation": [0.25, -12.25, 1.5],
			"scale": [3.5, 3.5, 3.5]
		},
		"fixed": {
			"translation": [0, 0, 3.75],
			"scale": [2, 2, 2]
		}
	},
	"groups": [
		{
			"name": "Layer 5",
			"origin": [8, 8, 8],
			"color": 0,
			"children": [0, 1, 2]
		},
		{
			"name": "Layer 1",
			"origin": [8, 8, 8],
			"color": 0,
			"children": [3, 4, 5, 6, 7, 8, 9, 10, 11, 12, 13, 14, 15, 16, 17, 18, 19, 20, 21, 22, 23, 24, 25, 26, 27, 28, 29, 30, 31, 32]
		},
		{
			"name": "Lay2er 2",
			"origin": [8, 8, 8],
			"color": 0,
			"children": [33, 34, 35, 36, 37, 38, 39, 40, 41, 42, 43, 44, 45, 46, 47, 48, 49, 50, 51, 52, 53, 54, 55, 56, 57, 58, 59]
		},
		{
			"name": "Lay1er 3",
			"origin": [8, 8, 8],
			"color": 0,
			"children": [60, 61, 62, 63, 64]
		},
		{
			"name": "L1ayer 4",
			"origin": [8, 8, 8],
			"color": 0,
			"children": [65]
		},
		{
			"name": "La1yer 5",
			"origin": [8, 8, 8],
			"color": 0,
			"children": [66, 67, 68, 69, 70, 71, 72, 73, 74, 75, 76, 77]
		},
		78
	]
}