{
	"credit": "Made with Blockbench",
	"textures": {
		"0": "item/heatshield",
		"particle": "item/heatshield"
	},
	"elements": [
		{
			"name": "plank_shield4_0",
			"from": [7.75, 8.5, 6.5],
			"to": [8.25, 8.625, 8.125],
			"rotation": {"angle": 0, "axis": "y", "origin": [8.75, 8.75, 7.0625]},
			"faces": {
				"east": {"uv": [2, 2, 3.5, 2.125], "texture": "#0"},
				"south": {"uv": [2, 2, 2.125, 2.5], "rotation": 90, "texture": "#0"},
				"west": {"uv": [2, 2.375, 3.5, 2.5], "rotation": 180, "texture": "#0"},
				"up": {"uv": [3.5, 2, 2, 2.5], "rotation": 90, "texture": "#0"},
				"down": {"uv": [2, 2, 3.5, 2.5], "rotation": 90, "texture": "#0"}
			}
		},
		{
			"name": "plank_shield4_1",
			"from": [7.75, 6.875, 6.5],
			"to": [8.25, 7, 8.125],
			"rotation": {"angle": 0, "axis": "y", "origin": [8.75, 8.75, 7.0625]},
			"faces": {
				"east": {"uv": [2, 2, 3.5, 2.125], "texture": "#0"},
				"south": {"uv": [2, 2, 2.125, 2.5], "rotation": 90, "texture": "#0"},
				"west": {"uv": [2, 2.375, 3.5, 2.5], "rotation": 180, "texture": "#0"},
				"up": {"uv": [3.5, 2, 2, 2.5], "rotation": 90, "texture": "#0"},
				"down": {"uv": [2, 2, 3.5, 2.5], "rotation": 90, "texture": "#0"}
			}
		},
		{
			"name": "plank_shield4_1",
			"from": [7.75, 7, 8],
			"to": [8.25, 8.5, 8.125],
			"rotation": {"angle": 0, "axis": "x", "origin": [8.5, 8.5625, 8.375]},
			"faces": {
				"north": {"uv": [2, 2, 3.5, 2.5], "rotation": 270, "texture": "#0"},
				"east": {"uv": [2, 2, 3.5, 2.125], "rotation": 270, "texture": "#0"},
				"south": {"uv": [3.5, 2, 2, 2.5], "rotation": 90, "texture": "#0"},
				"west": {"uv": [2, 2.375, 3.5, 2.5], "rotation": 270, "texture": "#0"}
			}
		},
		{
			"name": "Flattened_1",
			"from": [6.4375, 9.4375, 6.25],
			"to": [6.5625, 10.5625, 6.5],
			"faces": {
				"north": {"uv": [6.5, 5.25, 6.375, 6.375], "texture": "#0"},
				"east": {"uv": [6.375, 5.25, 6.5, 6.375], "texture": "#0"},
				"south": {"uv": [6.375, 5.25, 6.5, 6.375], "texture": "#0"},
				"west": {"uv": [6.375, 5.25, 6.5, 6.375], "texture": "#0"},
				"up": {"uv": [6.375, 5.25, 6.5, 5.375], "texture": "#0"},
				"down": {"uv": [6.375, 6.25, 6.5, 6.375], "texture": "#0"}
			}
		},
		{
			"name": "Flattened_2",
			"from": [9.4375, 9.4375, 6.25],
			"to": [9.5625, 10.5625, 6.5],
			"faces": {
				"north": {"uv": [9.5, 5.25, 9.375, 6.375], "texture": "#0"},
				"east": {"uv": [9.375, 5.25, 9.5, 6.375], "texture": "#0"},
				"south": {"uv": [9.375, 5.25, 9.5, 6.375], "texture": "#0"},
				"west": {"uv": [9.375, 5.25, 9.5, 6.375], "texture": "#0"},
				"up": {"uv": [9.375, 5.25, 9.5, 5.375], "texture": "#0"},
				"down": {"uv": [9.375, 6.25, 9.5, 6.375], "texture": "#0"}
			}
		},
		{
			"name": "Flattened_3",
			"from": [6.3125, 9.6875, 6.25],
			"to": [6.4375, 10.3125, 6.5],
			"faces": {
				"north": {"uv": [6.375, 5.5, 6.25, 6.125], "texture": "#0"},
				"south": {"uv": [6.25, 5.5, 6.375, 6.125], "texture": "#0"},
				"west": {"uv": [6.25, 5.5, 6.375, 6.125], "texture": "#0"},
				"up": {"uv": [6.25, 5.5, 6.375, 5.625], "texture": "#0"},
				"down": {"uv": [6.25, 6, 6.375, 6.125], "texture": "#0"}
			}
		},
		{
			"name": "Flattened_4",
			"from": [9.5625, 9.6875, 6.25],
			"to": [9.6875, 10.3125, 6.5],
			"faces": {
				"north": {"uv": [9.625, 5.5, 9.5, 6.125], "texture": "#0"},
				"east": {"uv": [9.5, 5.5, 9.625, 6.125], "texture": "#0"},
				"south": {"uv": [9.5, 5.5, 9.625, 6.125], "texture": "#0"},
				"up": {"uv": [9.5, 5.5, 9.625, 5.625], "texture": "#0"},
				"down": {"uv": [9.5, 6, 9.625, 6.125], "texture": "#0"}
			}
		},
		{
			"name": "Flattened_5",
			"from": [6.5625, 7.9375, 6.25],
			"to": [6.6875, 10.1875, 6.5],
			"faces": {
				"north": {"uv": [6.625, 5.625, 6.5, 7.875], "texture": "#0"},
				"east": {"uv": [6.5, 5.625, 6.625, 7.875], "texture": "#0"},
				"south": {"uv": [6.5, 5.625, 6.625, 7.875], "texture": "#0"},
				"west": {"uv": [6.5, 5.625, 6.625, 7.875], "texture": "#0"},
				"up": {"uv": [6.5, 5.625, 6.625, 5.75], "texture": "#0"}
			}
		},
		{
			"name": "Flattened_6",
			"from": [9.3125, 7.9375, 6.25],
			"to": [9.4375, 10.1875, 6.5],
			"faces": {
				"north": {"uv": [9.375, 5.625, 9.25, 7.875], "texture": "#0"},
				"east": {"uv": [9.25, 5.625, 9.375, 7.875], "texture": "#0"},
				"south": {"uv": [9.25, 5.625, 9.375, 7.875], "texture": "#0"},
				"west": {"uv": [9.25, 5.625, 9.375, 7.875], "texture": "#0"},
				"up": {"uv": [9.25, 5.625, 9.375, 5.75], "texture": "#0"}
			}
		},
		{
			"name": "Flattened_7",
			"from": [6.6875, 7.9375, 6.25],
			"to": [6.8125, 9.9375, 6.5],
			"faces": {
				"north": {"uv": [6.75, 5.875, 6.625, 7.875], "texture": "#0"},
				"east": {"uv": [6.625, 5.875, 6.75, 7.875], "texture": "#0"},
				"south": {"uv": [6.625, 5.875, 6.75, 7.875], "texture": "#0"},
				"up": {"uv": [6.625, 5.875, 6.75, 6], "texture": "#0"}
			}
		},
		{
			"name": "Flattened_8",
			"from": [9.1875, 7.9375, 6.25],
			"to": [9.3125, 9.9375, 6.5],
			"faces": {
				"north": {"uv": [9.25, 5.875, 9.125, 7.875], "texture": "#0"},
				"south": {"uv": [9.125, 5.875, 9.25, 7.875], "texture": "#0"},
				"west": {"uv": [9.125, 5.875, 9.25, 7.875], "texture": "#0"},
				"up": {"uv": [9.125, 5.875, 9.25, 6], "texture": "#0"}
			}
		},
		{
			"name": "Flattened_9",
			"from": [6.8125, 8.0625, 6.25],
			"to": [6.9375, 9.8125, 6.5],
			"faces": {
				"north": {"uv": [6.875, 6, 6.75, 7.75], "texture": "#0"},
				"east": {"uv": [6.75, 6, 6.875, 7.75], "texture": "#0"},
				"south": {"uv": [6.75, 6, 6.875, 7.75], "texture": "#0"},
				"up": {"uv": [6.75, 6, 6.875, 6.125], "texture": "#0"}
			}
		},
		{
			"name": "Flattened_10",
			"from": [9.0625, 8.0625, 6.25],
			"to": [9.1875, 9.8125, 6.5],
			"faces": {
				"north": {"uv": [9.125, 6, 9, 7.75], "texture": "#0"},
				"south": {"uv": [9, 6, 9.125, 7.75], "texture": "#0"},
				"west": {"uv": [9, 6, 9.125, 7.75], "texture": "#0"},
				"up": {"uv": [9, 6, 9.125, 6.125], "texture": "#0"}
			}
		},
		{
			"name": "Flattened_11",
			"from": [5.4375, 9.5625, 6.25],
			"to": [5.5625, 9.6875, 6.5],
			"faces": {
				"north": {"uv": [5.5, 6.125, 5.375, 6.25], "texture": "#0"},
				"east": {"uv": [5.375, 6.125, 5.5, 6.25], "texture": "#0"},
				"south": {"uv": [5.375, 6.125, 5.5, 6.25], "texture": "#0"},
				"west": {"uv": [5.375, 6.125, 5.5, 6.25], "texture": "#0"},
				"up": {"uv": [5.375, 6.125, 5.5, 6.25], "texture": "#0"},
				"down": {"uv": [5.375, 6.125, 5.5, 6.25], "texture": "#0"}
			}
		},
		{
			"name": "Flattened_12",
			"from": [6.9375, 8.8125, 6.25],
			"to": [7.1875, 9.6875, 6.5],
			"faces": {
				"north": {"uv": [7.125, 6.125, 6.875, 7], "texture": "#0"},
				"east": {"uv": [7, 6.125, 7.125, 7], "texture": "#0"},
				"south": {"uv": [6.875, 6.125, 7.125, 7], "texture": "#0"},
				"up": {"uv": [6.875, 6.125, 7.125, 6.25], "texture": "#0"}
			}
		},
		{
			"name": "Flattened_13",
			"from": [8.8125, 8.8125, 6.25],
			"to": [9.0625, 9.6875, 6.5],
			"faces": {
				"north": {"uv": [9, 6.125, 8.75, 7], "texture": "#0"},
				"south": {"uv": [8.75, 6.125, 9, 7], "texture": "#0"},
				"west": {"uv": [8.75, 6.125, 8.875, 7], "texture": "#0"},
				"up": {"uv": [8.75, 6.125, 9, 6.25], "texture": "#0"}
			}
		},
		{
			"name": "Flattened_14",
			"from": [10.4375, 9.5625, 6.25],
			"to": [10.5625, 9.6875, 6.5],
			"faces": {
				"north": {"uv": [10.5, 6.125, 10.375, 6.25], "texture": "#0"},
				"east": {"uv": [10.375, 6.125, 10.5, 6.25], "texture": "#0"},
				"south": {"uv": [10.375, 6.125, 10.5, 6.25], "texture": "#0"},
				"west": {"uv": [10.375, 6.125, 10.5, 6.25], "texture": "#0"},
				"up": {"uv": [10.375, 6.125, 10.5, 6.25], "texture": "#0"},
				"down": {"uv": [10.375, 6.125, 10.5, 6.25], "texture": "#0"}
			}
		},
		{
			"name": "Flattened_15",
			"from": [5.5625, 9.3125, 6.25],
			"to": [5.6875, 9.5625, 6.5],
			"faces": {
				"north": {"uv": [5.625, 6.25, 5.5, 6.5], "texture": "#0"},
				"east": {"uv": [5.5, 6.25, 5.625, 6.5], "texture": "#0"},
				"south": {"uv": [5.5, 6.25, 5.625, 6.5], "texture": "#0"},
				"west": {"uv": [5.5, 6.25, 5.625, 6.5], "texture": "#0"},
				"up": {"uv": [5.5, 6.25, 5.625, 6.375], "texture": "#0"},
				"down": {"uv": [5.5, 6.375, 5.625, 6.5], "texture": "#0"}
			}
		},
		{
			"name": "Flattened_16",
			"from": [7.1875, 8.6875, 6.25],
			"to": [7.4375, 9.5625, 6.5],
			"faces": {
				"north": {"uv": [7.375, 6.25, 7.125, 7.125], "texture": "#0"},
				"east": {"uv": [7.25, 6.25, 7.375, 7.125], "texture": "#0"},
				"south": {"uv": [7.125, 6.25, 7.375, 7.125], "texture": "#0"},
				"up": {"uv": [7.125, 6.25, 7.375, 6.375], "texture": "#0"}
			}
		},
		{
			"name": "Flattened_17",
			"from": [8.5625, 8.6875, 6.25],
			"to": [8.8125, 9.5625, 6.5],
			"faces": {
				"north": {"uv": [8.75, 6.25, 8.5, 7.125], "texture": "#0"},
				"south": {"uv": [8.5, 6.25, 8.75, 7.125], "texture": "#0"},
				"west": {"uv": [8.5, 6.25, 8.625, 7.125], "texture": "#0"},
				"up": {"uv": [8.5, 6.25, 8.75, 6.375], "texture": "#0"}
			}
		},
		{
			"name": "Flattened_18",
			"from": [10.3125, 9.3125, 6.25],
			"to": [10.4375, 9.5625, 6.5],
			"faces": {
				"north": {"uv": [10.375, 6.25, 10.25, 6.5], "texture": "#0"},
				"east": {"uv": [10.25, 6.25, 10.375, 6.5], "texture": "#0"},
				"south": {"uv": [10.25, 6.25, 10.375, 6.5], "texture": "#0"},
				"west": {"uv": [10.25, 6.25, 10.375, 6.5], "texture": "#0"},
				"up": {"uv": [10.25, 6.25, 10.375, 6.375], "texture": "#0"},
				"down": {"uv": [10.25, 6.375, 10.375, 6.5], "texture": "#0"}
			}
		},
		{
			"name": "Flattened_19",
			"from": [5.6875, 9.1875, 6.25],
			"to": [5.9375, 9.4375, 6.5],
			"faces": {
				"north": {"uv": [5.875, 6.375, 5.625, 6.625], "texture": "#0"},
				"east": {"uv": [5.75, 6.375, 5.875, 6.625], "texture": "#0"},
				"south": {"uv": [5.625, 6.375, 5.875, 6.625], "texture": "#0"},
				"west": {"uv": [5.625, 6.375, 5.75, 6.625], "texture": "#0"},
				"up": {"uv": [5.625, 6.375, 5.875, 6.5], "texture": "#0"},
				"down": {"uv": [5.625, 6.5, 5.875, 6.625], "texture": "#0"}
			}
		},
		{
			"name": "Flattened_20",
			"from": [7.4375, 8.5625, 6.25],
			"to": [7.6875, 9.4375, 6.5],
			"faces": {
				"north": {"uv": [7.625, 6.375, 7.375, 7.25], "texture": "#0"},
				"east": {"uv": [7.5, 6.375, 7.625, 7.25], "texture": "#0"},
				"south": {"uv": [7.375, 6.375, 7.625, 7.25], "texture": "#0"},
				"up": {"uv": [7.375, 6.375, 7.625, 6.5], "texture": "#0"}
			}
		},
		{
			"name": "Flattened_21",
			"from": [8.3125, 8.5625, 6.25],
			"to": [8.5625, 9.4375, 6.5],
			"faces": {
				"north": {"uv": [8.5, 6.375, 8.25, 7.25], "texture": "#0"},
				"south": {"uv": [8.25, 6.375, 8.5, 7.25], "texture": "#0"},
				"west": {"uv": [8.25, 6.375, 8.375, 7.25], "texture": "#0"},
				"up": {"uv": [8.25, 6.375, 8.5, 6.5], "texture": "#0"}
			}
		},
		{
			"name": "Flattened_22",
			"from": [10.0625, 9.1875, 6.25],
			"to": [10.3125, 9.4375, 6.5],
			"faces": {
				"north": {"uv": [10.25, 6.375, 10, 6.625], "texture": "#0"},
				"east": {"uv": [10.125, 6.375, 10.25, 6.625], "texture": "#0"},
				"south": {"uv": [10, 6.375, 10.25, 6.625], "texture": "#0"},
				"west": {"uv": [10, 6.375, 10.125, 6.625], "texture": "#0"},
				"up": {"uv": [10, 6.375, 10.25, 6.5], "texture": "#0"},
				"down": {"uv": [10, 6.5, 10.25, 6.625], "texture": "#0"}
			}
		},
		{
			"name": "Flattened_23",
			"from": [5.9375, 8.9375, 6.25],
			"to": [6.1875, 9.3125, 6.5],
			"faces": {
				"north": {"uv": [6.125, 6.5, 5.875, 6.875], "texture": "#0"},
				"east": {"uv": [6, 6.5, 6.125, 6.875], "texture": "#0"},
				"south": {"uv": [5.875, 6.5, 6.125, 6.875], "texture": "#0"},
				"west": {"uv": [5.875, 6.5, 6, 6.875], "texture": "#0"},
				"up": {"uv": [5.875, 6.5, 6.125, 6.625], "texture": "#0"},
				"down": {"uv": [5.875, 6.75, 6.125, 6.875], "texture": "#0"}
			}
		},
		{
			"name": "Flattened_24",
			"from": [6.4375, 8.0625, 6.25],
			"to": [6.5625, 9.3125, 6.5],
			"faces": {
				"north": {"uv": [6.5, 6.5, 6.375, 7.75], "texture": "#0"},
				"south": {"uv": [6.375, 6.5, 6.5, 7.75], "texture": "#0"},
				"west": {"uv": [6.375, 6.5, 6.5, 7.75], "texture": "#0"},
				"up": {"uv": [6.375, 6.5, 6.5, 6.625], "texture": "#0"},
				"down": {"uv": [6.375, 7.625, 6.5, 7.75], "texture": "#0"}
			}
		},
		{
			"name": "Flattened_25",
			"from": [7.6875, 9.0625, 6.25],
			"to": [7.8125, 9.3125, 6.5],
			"faces": {
				"north": {"uv": [7.75, 6.5, 7.625, 6.75], "texture": "#0"},
				"south": {"uv": [7.625, 6.5, 7.75, 6.75], "texture": "#0"},
				"up": {"uv": [7.625, 6.5, 7.75, 6.625], "texture": "#0"}
			}
		},
		{
			"name": "Flattened_26",
			"from": [8.1875, 9.0625, 6.25],
			"to": [8.3125, 9.3125, 6.5],
			"faces": {
				"north": {"uv": [8.25, 6.5, 8.125, 6.75], "texture": "#0"},
				"south": {"uv": [8.125, 6.5, 8.25, 6.75], "texture": "#0"},
				"up": {"uv": [8.125, 6.5, 8.25, 6.625], "texture": "#0"}
			}
		},
		{
			"name": "Flattened_27",
			"from": [9.4375, 8.0625, 6.25],
			"to": [9.5625, 9.3125, 6.5],
			"faces": {
				"north": {"uv": [9.5, 6.5, 9.375, 7.75], "texture": "#0"},
				"east": {"uv": [9.375, 6.5, 9.5, 7.75], "texture": "#0"},
				"south": {"uv": [9.375, 6.5, 9.5, 7.75], "texture": "#0"},
				"up": {"uv": [9.375, 6.5, 9.5, 6.625], "texture": "#0"},
				"down": {"uv": [9.375, 7.625, 9.5, 7.75], "texture": "#0"}
			}
		},
		{
			"name": "Flattened_28",
			"from": [9.8125, 8.9375, 6.25],
			"to": [10.0625, 9.3125, 6.5],
			"faces": {
				"north": {"uv": [10, 6.5, 9.75, 6.875], "texture": "#0"},
				"east": {"uv": [9.875, 6.5, 10, 6.875], "texture": "#0"},
				"south": {"uv": [9.75, 6.5, 10, 6.875], "texture": "#0"},
				"west": {"uv": [9.75, 6.5, 9.875, 6.875], "texture": "#0"},
				"up": {"uv": [9.75, 6.5, 10, 6.625], "texture": "#0"},
				"down": {"uv": [9.75, 6.75, 10, 6.875], "texture": "#0"}
			}
		},
		{
			"name": "Flattened_29",
			"from": [5.8125, 9.0625, 6.25],
			"to": [5.9375, 9.1875, 6.5],
			"faces": {
				"north": {"uv": [5.875, 6.625, 5.75, 6.75], "texture": "#0"},
				"south": {"uv": [5.75, 6.625, 5.875, 6.75], "texture": "#0"},
				"west": {"uv": [5.75, 6.625, 5.875, 6.75], "texture": "#0"},
				"down": {"uv": [5.75, 6.625, 5.875, 6.75], "texture": "#0"}
			}
		},
		{
			"name": "Flattened_30",
			"from": [6.1875, 8.6875, 6.25],
			"to": [6.4375, 9.1875, 6.5],
			"faces": {
				"north": {"uv": [6.375, 6.625, 6.125, 7.125], "texture": "#0"},
				"south": {"uv": [6.125, 6.625, 6.375, 7.125], "texture": "#0"},
				"west": {"uv": [6.125, 6.625, 6.25, 7.125], "texture": "#0"},
				"up": {"uv": [6.125, 6.625, 6.375, 6.75], "texture": "#0"},
				"down": {"uv": [6.125, 7, 6.375, 7.125], "texture": "#0"}
			}
		},
		{
			"name": "Flattened_31",
			"from": [9.5625, 8.6875, 6.25],
			"to": [9.8125, 9.1875, 6.5],
			"faces": {
				"north": {"uv": [9.75, 6.625, 9.5, 7.125], "texture": "#0"},
				"east": {"uv": [9.625, 6.625, 9.75, 7.125], "texture": "#0"},
				"south": {"uv": [9.5, 6.625, 9.75, 7.125], "texture": "#0"},
				"up": {"uv": [9.5, 6.625, 9.75, 6.75], "texture": "#0"},
				"down": {"uv": [9.5, 7, 9.75, 7.125], "texture": "#0"}
			}
		},
		{
			"name": "Flattened_32",
			"from": [10.0625, 9.0625, 6.25],
			"to": [10.1875, 9.1875, 6.5],
			"faces": {
				"north": {"uv": [10.125, 6.625, 10, 6.75], "texture": "#0"},
				"east": {"uv": [10, 6.625, 10.125, 6.75], "texture": "#0"},
				"south": {"uv": [10, 6.625, 10.125, 6.75], "texture": "#0"},
				"down": {"uv": [10, 6.625, 10.125, 6.75], "texture": "#0"}
			}
		},
		{
			"name": "Flattened_33",
			"from": [6.0625, 8.8125, 6.25],
			"to": [6.1875, 8.9375, 6.5],
			"faces": {
				"north": {"uv": [6.125, 6.875, 6, 7], "texture": "#0"},
				"south": {"uv": [6, 6.875, 6.125, 7], "texture": "#0"},
				"west": {"uv": [6, 6.875, 6.125, 7], "texture": "#0"},
				"down": {"uv": [6, 6.875, 6.125, 7], "texture": "#0"}
			}
		},
		{
			"name": "Flattened_34",
			"from": [9.8125, 8.8125, 6.25],
			"to": [9.9375, 8.9375, 6.5],
			"faces": {
				"north": {"uv": [9.875, 6.875, 9.75, 7], "texture": "#0"},
				"east": {"uv": [9.75, 6.875, 9.875, 7], "texture": "#0"},
				"south": {"uv": [9.75, 6.875, 9.875, 7], "texture": "#0"},
				"down": {"uv": [9.75, 6.875, 9.875, 7], "texture": "#0"}
			}
		},
		{
			"name": "Flattened_35",
			"from": [6.3125, 8.1875, 6.25],
			"to": [6.4375, 8.6875, 6.5],
			"faces": {
				"north": {"uv": [6.375, 7.125, 6.25, 7.625], "texture": "#0"},
				"south": {"uv": [6.25, 7.125, 6.375, 7.625], "texture": "#0"},
				"west": {"uv": [6.25, 7.125, 6.375, 7.625], "texture": "#0"},
				"down": {"uv": [6.25, 7.5, 6.375, 7.625], "texture": "#0"}
			}
		},
		{
			"name": "Flattened_36",
			"from": [7.3125, 8.5625, 6.25],
			"to": [7.4375, 8.6875, 6.5],
			"faces": {
				"north": {"uv": [7.375, 7.125, 7.25, 7.25], "texture": "#0"},
				"south": {"uv": [7.25, 7.125, 7.375, 7.25], "texture": "#0"}
			}
		},
		{
			"name": "Flattened_37",
			"from": [7.6875, 8.4375, 6.25],
			"to": [7.8125, 8.6875, 6.5],
			"faces": {
				"north": {"uv": [7.75, 7.125, 7.625, 7.375], "texture": "#0"},
				"south": {"uv": [7.625, 7.125, 7.75, 7.375], "texture": "#0"}
			}
		},
		{
			"name": "Flattened_38",
			"from": [8.1875, 8.4375, 6.25],
			"to": [8.3125, 8.6875, 6.5],
			"faces": {
				"north": {"uv": [8.25, 7.125, 8.125, 7.375], "texture": "#0"},
				"south": {"uv": [8.125, 7.125, 8.25, 7.375], "texture": "#0"}
			}
		},
		{
			"name": "Flattened_39",
			"from": [8.5625, 8.5625, 6.25],
			"to": [8.6875, 8.6875, 6.5],
			"faces": {
				"north": {"uv": [8.625, 7.125, 8.5, 7.25], "texture": "#0"},
				"south": {"uv": [8.5, 7.125, 8.625, 7.25], "texture": "#0"}
			}
		},
		{
			"name": "Flattened_40",
			"from": [9.5625, 8.1875, 6.25],
			"to": [9.6875, 8.6875, 6.5],
			"faces": {
				"north": {"uv": [9.625, 7.125, 9.5, 7.625], "texture": "#0"},
				"east": {"uv": [9.5, 7.125, 9.625, 7.625], "texture": "#0"},
				"south": {"uv": [9.5, 7.125, 9.625, 7.625], "texture": "#0"},
				"down": {"uv": [9.5, 7.5, 9.625, 7.625], "texture": "#0"}
			}
		},
		{
			"name": "Flattened_41",
			"from": [6.1875, 8.3125, 6.25],
			"to": [6.3125, 8.5625, 6.5],
			"faces": {
				"north": {"uv": [6.25, 7.25, 6.125, 7.5], "texture": "#0"},
				"south": {"uv": [6.125, 7.25, 6.25, 7.5], "texture": "#0"},
				"west": {"uv": [6.125, 7.25, 6.25, 7.5], "texture": "#0"},
				"up": {"uv": [6.125, 7.25, 6.25, 7.375], "texture": "#0"},
				"down": {"uv": [6.125, 7.375, 6.25, 7.5], "texture": "#0"}
			}
		},
		{
			"name": "Flattened_42",
			"from": [6.9375, 8.0625, 6.25],
			"to": [7.0625, 8.5625, 6.5],
			"faces": {
				"north": {"uv": [7, 7.25, 6.875, 7.75], "texture": "#0"},
				"south": {"uv": [6.875, 7.25, 7, 7.75], "texture": "#0"}
			}
		},
		{
			"name": "Flattened_43",
			"from": [7.5625, 8.4375, 6.25],
			"to": [7.6875, 8.5625, 6.5],
			"faces": {
				"north": {"uv": [7.625, 7.25, 7.5, 7.375], "texture": "#0"},
				"south": {"uv": [7.5, 7.25, 7.625, 7.375], "texture": "#0"}
			}
		},
		{
			"name": "Flattened_44",
			"from": [8.3125, 8.4375, 6.25],
			"to": [8.4375, 8.5625, 6.5],
			"faces": {
				"north": {"uv": [8.375, 7.25, 8.25, 7.375], "texture": "#0"},
				"south": {"uv": [8.25, 7.25, 8.375, 7.375], "texture": "#0"}
			}
		},
		{
			"name": "Flattened_45",
			"from": [8.9375, 8.0625, 6.25],
			"to": [9.0625, 8.5625, 6.5],
			"faces": {
				"north": {"uv": [9, 7.25, 8.875, 7.75], "texture": "#0"},
				"south": {"uv": [8.875, 7.25, 9, 7.75], "texture": "#0"}
			}
		},
		{
			"name": "Flattened_46",
			"from": [9.6875, 8.3125, 6.25],
			"to": [9.8125, 8.5625, 6.5],
			"faces": {
				"north": {"uv": [9.75, 7.25, 9.625, 7.5], "texture": "#0"},
				"east": {"uv": [9.625, 7.25, 9.75, 7.5], "texture": "#0"},
				"south": {"uv": [9.625, 7.25, 9.75, 7.5], "texture": "#0"},
				"up": {"uv": [9.625, 7.25, 9.75, 7.375], "texture": "#0"},
				"down": {"uv": [9.625, 7.375, 9.75, 7.5], "texture": "#0"}
			}
		},
		{
			"name": "Flattened_47",
			"from": [7.0625, 7.9375, 6.25],
			"to": [7.1875, 8.4375, 6.5],
			"faces": {
				"north": {"uv": [7.125, 7.375, 7, 7.875], "texture": "#0"},
				"south": {"uv": [7, 7.375, 7.125, 7.875], "texture": "#0"}
			}
		},
		{
			"name": "Flattened_48",
			"from": [8.8125, 7.9375, 6.25],
			"to": [8.9375, 8.4375, 6.5],
			"faces": {
				"north": {"uv": [8.875, 7.375, 8.75, 7.875], "texture": "#0"},
				"south": {"uv": [8.75, 7.375, 8.875, 7.875], "texture": "#0"}
			}
		},
		{
			"name": "Flattened_49",
			"from": [7.1875, 7.9375, 6.25],
			"to": [7.3125, 8.1875, 6.5],
			"faces": {
				"north": {"uv": [7.25, 7.625, 7.125, 7.875], "texture": "#0"},
				"south": {"uv": [7.125, 7.625, 7.25, 7.875], "texture": "#0"}
			}
		},
		{
			"name": "Flattened_50",
			"from": [8.6875, 7.9375, 6.25],
			"to": [8.8125, 8.1875, 6.5],
			"faces": {
				"north": {"uv": [8.75, 7.625, 8.625, 7.875], "texture": "#0"},
				"south": {"uv": [8.625, 7.625, 8.75, 7.875], "texture": "#0"}
			}
		},
		{
			"name": "Flattened_51",
			"from": [6.5625, 6.4375, 6.25],
			"to": [6.8125, 7.5625, 6.5],
			"faces": {
				"north": {"uv": [6.75, 8.25, 6.5, 9.375], "texture": "#0"},
				"south": {"uv": [6.5, 8.25, 6.75, 9.375], "texture": "#0"},
				"west": {"uv": [6.5, 8.25, 6.625, 9.375], "texture": "#0"},
				"down": {"uv": [6.5, 9.25, 6.75, 9.375], "texture": "#0"}
			}
		},
		{
			"name": "Flattened_52",
			"from": [7.0625, 7.3125, 6.25],
			"to": [7.3125, 7.5625, 6.5],
			"faces": {
				"north": {"uv": [7.25, 8.25, 7, 8.5], "texture": "#0"},
				"south": {"uv": [7, 8.25, 7.25, 8.5], "texture": "#0"}
			}
		},
		{
			"name": "Flattened_53",
			"from": [8.6875, 7.3125, 6.25],
			"to": [8.9375, 7.5625, 6.5],
			"faces": {
				"north": {"uv": [8.875, 8.25, 8.625, 8.5], "texture": "#0"},
				"south": {"uv": [8.625, 8.25, 8.875, 8.5], "texture": "#0"}
			}
		},
		{
			"name": "Flattened_54",
			"from": [9.1875, 6.4375, 6.25],
			"to": [9.4375, 7.5625, 6.5],
			"faces": {
				"north": {"uv": [9.375, 8.25, 9.125, 9.375], "texture": "#0"},
				"east": {"uv": [9.25, 8.25, 9.375, 9.375], "texture": "#0"},
				"south": {"uv": [9.125, 8.25, 9.375, 9.375], "texture": "#0"},
				"down": {"uv": [9.125, 9.25, 9.375, 9.375], "texture": "#0"}
			}
		},
		{
			"name": "Flattened_55",
			"from": [6.8125, 6.9375, 6.25],
			"to": [7.0625, 7.4375, 6.5],
			"faces": {
				"north": {"uv": [7, 8.375, 6.75, 8.875], "texture": "#0"},
				"south": {"uv": [6.75, 8.375, 7, 8.875], "texture": "#0"}
			}
		},
		{
			"name": "Flattened_56",
			"from": [8.9375, 6.9375, 6.25],
			"to": [9.1875, 7.4375, 6.5],
			"faces": {
				"north": {"uv": [9.125, 8.375, 8.875, 8.875], "texture": "#0"},
				"south": {"uv": [8.875, 8.375, 9.125, 8.875], "texture": "#0"}
			}
		},
		{
			"name": "Flattened_57",
			"from": [7.0625, 7.0625, 6.25],
			"to": [7.1875, 7.3125, 6.5],
			"faces": {
				"north": {"uv": [7.125, 8.5, 7, 8.75], "texture": "#0"},
				"south": {"uv": [7, 8.5, 7.125, 8.75], "texture": "#0"}
			}
		},
		{
			"name": "Flattened_58",
			"from": [8.8125, 7.0625, 6.25],
			"to": [8.9375, 7.3125, 6.5],
			"faces": {
				"north": {"uv": [8.875, 8.5, 8.75, 8.75], "texture": "#0"},
				"south": {"uv": [8.75, 8.5, 8.875, 8.75], "texture": "#0"}
			}
		},
		{
			"name": "Flattened_59",
			"from": [6.4375, 6.5625, 6.25],
			"to": [6.5625, 7.0625, 6.5],
			"faces": {
				"north": {"uv": [6.5, 8.75, 6.375, 9.25], "texture": "#0"},
				"south": {"uv": [6.375, 8.75, 6.5, 9.25], "texture": "#0"},
				"west": {"uv": [6.375, 8.75, 6.5, 9.25], "texture": "#0"},
				"up": {"uv": [6.375, 8.75, 6.5, 8.875], "texture": "#0"},
				"down": {"uv": [6.375, 9.125, 6.5, 9.25], "texture": "#0"}
			}
		},
		{
			"name": "Flattened_60",
			"from": [7.5625, 6.8125, 6.25],
			"to": [7.8125, 7.0625, 6.5],
			"faces": {
				"north": {"uv": [7.75, 8.75, 7.5, 9], "texture": "#0"},
				"south": {"uv": [7.5, 8.75, 7.75, 9], "texture": "#0"}
			}
		},
		{
			"name": "Flattened_61",
			"from": [8.1875, 6.8125, 6.25],
			"to": [8.4375, 7.0625, 6.5],
			"faces": {
				"north": {"uv": [8.375, 8.75, 8.125, 9], "texture": "#0"},
				"south": {"uv": [8.125, 8.75, 8.375, 9], "texture": "#0"}
			}
		},
		{
			"name": "Flattened_62",
			"from": [9.4375, 6.5625, 6.25],
			"to": [9.5625, 7.0625, 6.5],
			"faces": {
				"north": {"uv": [9.5, 8.75, 9.375, 9.25], "texture": "#0"},
				"east": {"uv": [9.375, 8.75, 9.5, 9.25], "texture": "#0"},
				"south": {"uv": [9.375, 8.75, 9.5, 9.25], "texture": "#0"},
				"up": {"uv": [9.375, 8.75, 9.5, 8.875], "texture": "#0"},
				"down": {"uv": [9.375, 9.125, 9.5, 9.25], "texture": "#0"}
			}
		},
		{
			"name": "Flattened_63",
			"from": [6.8125, 5.5625, 6.25],
			"to": [6.9375, 6.9375, 6.5],
			"faces": {
				"north": {"uv": [6.875, 8.875, 6.75, 10.25], "texture": "#0"},
				"south": {"uv": [6.75, 8.875, 6.875, 10.25], "texture": "#0"},
				"west": {"uv": [6.75, 8.875, 6.875, 10.25], "texture": "#0"},
				"down": {"uv": [6.75, 10.125, 6.875, 10.25], "texture": "#0"}
			}
		},
		{
			"name": "Flattened_64",
			"from": [7.3125, 4.6875, 6.25],
			"to": [7.5625, 6.9375, 6.5],
			"faces": {
				"north": {"uv": [7.5, 8.875, 7.25, 11.125], "texture": "#0"},
				"south": {"uv": [7.25, 8.875, 7.5, 11.125], "texture": "#0"},
				"west": {"uv": [7.25, 8.875, 7.375, 11.125], "texture": "#0"},
				"down": {"uv": [7.25, 11, 7.5, 11.125], "texture": "#0"}
			}
		},
		{
			"name": "Flattened_65",
			"from": [8.4375, 4.6875, 6.25],
			"to": [8.6875, 6.9375, 6.5],
			"faces": {
				"north": {"uv": [8.625, 8.875, 8.375, 11.125], "texture": "#0"},
				"east": {"uv": [8.5, 8.875, 8.625, 11.125], "texture": "#0"},
				"south": {"uv": [8.375, 8.875, 8.625, 11.125], "texture": "#0"},
				"down": {"uv": [8.375, 11, 8.625, 11.125], "texture": "#0"}
			}
		},
		{
			"name": "Flattened_66",
			"from": [9.0625, 5.5625, 6.25],
			"to": [9.1875, 6.9375, 6.5],
			"faces": {
				"north": {"uv": [9.125, 8.875, 9, 10.25], "texture": "#0"},
				"east": {"uv": [9, 8.875, 9.125, 10.25], "texture": "#0"},
				"south": {"uv": [9, 8.875, 9.125, 10.25], "texture": "#0"},
				"down": {"uv": [9, 10.125, 9.125, 10.25], "texture": "#0"}
			}
		},
		{
			"name": "Flattened_67",
			"from": [7.1875, 4.8125, 6.25],
			"to": [7.3125, 6.8125, 6.5],
			"faces": {
				"north": {"uv": [7.25, 9, 7.125, 11], "texture": "#0"},
				"south": {"uv": [7.125, 9, 7.25, 11], "texture": "#0"},
				"west": {"uv": [7.125, 9, 7.25, 11], "texture": "#0"},
				"down": {"uv": [7.125, 10.875, 7.25, 11], "texture": "#0"}
			}
		},
		{
			"name": "Flattened_68",
			"from": [7.5625, 4.4375, 6.25],
			"to": [7.6875, 6.8125, 6.5],
			"faces": {
				"north": {"uv": [7.625, 9, 7.5, 11.375], "texture": "#0"},
				"south": {"uv": [7.5, 9, 7.625, 11.375], "texture": "#0"},
				"west": {"uv": [7.5, 9, 7.625, 11.375], "texture": "#0"},
				"down": {"uv": [7.5, 11.25, 7.625, 11.375], "texture": "#0"}
			}
		},
		{
			"name": "Flattened_69",
			"from": [8.3125, 4.4375, 6.25],
			"to": [8.4375, 6.8125, 6.5],
			"faces": {
				"north": {"uv": [8.375, 9, 8.25, 11.375], "texture": "#0"},
				"east": {"uv": [8.25, 9, 8.375, 11.375], "texture": "#0"},
				"south": {"uv": [8.25, 9, 8.375, 11.375], "texture": "#0"},
				"down": {"uv": [8.25, 11.25, 8.375, 11.375], "texture": "#0"}
			}
		},
		{
			"name": "Flattened_70",
			"from": [8.6875, 4.8125, 6.25],
			"to": [8.8125, 6.8125, 6.5],
			"faces": {
				"north": {"uv": [8.75, 9, 8.625, 11], "texture": "#0"},
				"east": {"uv": [8.625, 9, 8.75, 11], "texture": "#0"},
				"south": {"uv": [8.625, 9, 8.75, 11], "texture": "#0"},
				"down": {"uv": [8.625, 10.875, 8.75, 11], "texture": "#0"}
			}
		},
		{
			"name": "Flattened_71",
			"from": [6.3125, 6.4375, 6.25],
			"to": [6.4375, 6.6875, 6.5],
			"faces": {
				"north": {"uv": [6.375, 9.125, 6.25, 9.375], "texture": "#0"},
				"east": {"uv": [6.25, 9.125, 6.375, 9.375], "texture": "#0"},
				"south": {"uv": [6.25, 9.125, 6.375, 9.375], "texture": "#0"},
				"west": {"uv": [6.25, 9.125, 6.375, 9.375], "texture": "#0"},
				"up": {"uv": [6.25, 9.125, 6.375, 9.25], "texture": "#0"},
				"down": {"uv": [6.25, 9.25, 6.375, 9.375], "texture": "#0"}
			}
		},
		{
			"name": "Flattened_72",
			"from": [6.9375, 5.3125, 6.25],
			"to": [7.1875, 6.6875, 6.5],
			"faces": {
				"north": {"uv": [7.125, 9.125, 6.875, 10.5], "texture": "#0"},
				"south": {"uv": [6.875, 9.125, 7.125, 10.5], "texture": "#0"},
				"west": {"uv": [6.875, 9.125, 7, 10.5], "texture": "#0"},
				"down": {"uv": [6.875, 10.375, 7.125, 10.5], "texture": "#0"}
			}
		},
		{
			"name": "Flattened_73",
			"from": [8.8125, 5.3125, 6.25],
			"to": [9.0625, 6.6875, 6.5],
			"faces": {
				"north": {"uv": [9, 9.125, 8.75, 10.5], "texture": "#0"},
				"east": {"uv": [8.875, 9.125, 9, 10.5], "texture": "#0"},
				"south": {"uv": [8.75, 9.125, 9, 10.5], "texture": "#0"},
				"down": {"uv": [8.75, 10.375, 9, 10.5], "texture": "#0"}
			}
		},
		{
			"name": "Flattened_74",
			"from": [9.5625, 6.4375, 6.25],
			"to": [9.6875, 6.6875, 6.5],
			"faces": {
				"north": {"uv": [9.625, 9.125, 9.5, 9.375], "texture": "#0"},
				"east": {"uv": [9.5, 9.125, 9.625, 9.375], "texture": "#0"},
				"south": {"uv": [9.5, 9.125, 9.625, 9.375], "texture": "#0"},
				"west": {"uv": [9.5, 9.125, 9.625, 9.375], "texture": "#0"},
				"up": {"uv": [9.5, 9.125, 9.625, 9.25], "texture": "#0"},
				"down": {"uv": [9.5, 9.25, 9.625, 9.375], "texture": "#0"}
			}
		},
		{
			"name": "Flattened_75",
			"from": [6.6875, 5.8125, 6.25],
			"to": [6.8125, 6.4375, 6.5],
			"faces": {
				"north": {"uv": [6.75, 9.375, 6.625, 10], "texture": "#0"},
				"south": {"uv": [6.625, 9.375, 6.75, 10], "texture": "#0"},
				"west": {"uv": [6.625, 9.375, 6.75, 10], "texture": "#0"},
				"down": {"uv": [6.625, 9.875, 6.75, 10], "texture": "#0"}
			}
		},
		{
			"name": "Flattened_76",
			"from": [7.6875, 4.3125, 6.25],
			"to": [7.8125, 6.4375, 6.5],
			"faces": {
				"north": {"uv": [7.75, 9.375, 7.625, 11.5], "texture": "#0"},
				"south": {"uv": [7.625, 9.375, 7.75, 11.5], "texture": "#0"},
				"west": {"uv": [7.625, 9.375, 7.75, 11.5], "texture": "#0"},
				"down": {"uv": [7.625, 11.375, 7.75, 11.5], "texture": "#0"}
			}
		},
		{
			"name": "Flattened_77",
			"from": [8.1875, 4.3125, 6.25],
			"to": [8.3125, 6.4375, 6.5],
			"faces": {
				"north": {"uv": [8.25, 9.375, 8.125, 11.5], "texture": "#0"},
				"east": {"uv": [8.125, 9.375, 8.25, 11.5], "texture": "#0"},
				"south": {"uv": [8.125, 9.375, 8.25, 11.5], "texture": "#0"},
				"down": {"uv": [8.125, 11.375, 8.25, 11.5], "texture": "#0"}
			}
		},
		{
			"name": "Flattened_78",
			"from": [9.1875, 5.8125, 6.25],
			"to": [9.3125, 6.4375, 6.5],
			"faces": {
				"north": {"uv": [9.25, 9.375, 9.125, 10], "texture": "#0"},
				"east": {"uv": [9.125, 9.375, 9.25, 10], "texture": "#0"},
				"south": {"uv": [9.125, 9.375, 9.25, 10], "texture": "#0"},
				"down": {"uv": [9.125, 9.875, 9.25, 10], "texture": "#0"}
			}
		},
		{
			"name": "Flattened_79",
			"from": [7.8125, 4.1875, 6.25],
			"to": [7.9375, 5.9375, 6.5],
			"faces": {
				"north": {"uv": [7.875, 9.875, 7.75, 11.625], "texture": "#0"},
				"south": {"uv": [7.75, 9.875, 7.875, 11.625], "texture": "#0"},
				"west": {"uv": [7.75, 9.875, 7.875, 11.625], "texture": "#0"},
				"down": {"uv": [7.75, 11.5, 7.875, 11.625], "texture": "#0"}
			}
		},
		{
			"name": "Flattened_80",
			"from": [8.0625, 4.1875, 6.25],
			"to": [8.1875, 5.9375, 6.5],
			"faces": {
				"north": {"uv": [8.125, 9.875, 8, 11.625], "texture": "#0"},
				"east": {"uv": [8, 9.875, 8.125, 11.625], "texture": "#0"},
				"south": {"uv": [8, 9.875, 8.125, 11.625], "texture": "#0"},
				"down": {"uv": [8, 11.5, 8.125, 11.625], "texture": "#0"}
			}
		},
		{
			"name": "Flattened_81",
			"from": [7.9375, 4.0625, 6.25],
			"to": [8.0625, 5.4375, 6.5],
			"faces": {
				"north": {"uv": [8, 10.375, 7.875, 11.75], "texture": "#0"},
				"east": {"uv": [7.875, 10.375, 8, 11.75], "texture": "#0"},
				"south": {"uv": [7.875, 10.375, 8, 11.75], "texture": "#0"},
				"west": {"uv": [7.875, 10.375, 8, 11.75], "texture": "#0"},
				"down": {"uv": [7.875, 11.625, 8, 11.75], "texture": "#0"}
			}
		},
		{
			"name": "Flattened_82",
			"from": [7.0625, 5.0625, 6.25],
			"to": [7.1875, 5.3125, 6.5],
			"faces": {
				"north": {"uv": [7.125, 10.5, 7, 10.75], "texture": "#0"},
				"south": {"uv": [7, 10.5, 7.125, 10.75], "texture": "#0"},
				"west": {"uv": [7, 10.5, 7.125, 10.75], "texture": "#0"},
				"down": {"uv": [7, 10.625, 7.125, 10.75], "texture": "#0"}
			}
		},
		{
			"name": "Flattened_83",
			"from": [8.8125, 5.0625, 6.25],
			"to": [8.9375, 5.3125, 6.5],
			"faces": {
				"north": {"uv": [8.875, 10.5, 8.75, 10.75], "texture": "#0"},
				"east": {"uv": [8.75, 10.5, 8.875, 10.75], "texture": "#0"},
				"south": {"uv": [8.75, 10.5, 8.875, 10.75], "texture": "#0"},
				"down": {"uv": [8.75, 10.625, 8.875, 10.75], "texture": "#0"}
			}
		},
		{
			"name": "Flattened_84",
			"from": [7.4375, 4.5625, 6.25],
			"to": [7.5625, 4.6875, 6.5],
			"faces": {
				"north": {"uv": [7.5, 11.125, 7.375, 11.25], "texture": "#0"},
				"south": {"uv": [7.375, 11.125, 7.5, 11.25], "texture": "#0"},
				"west": {"uv": [7.375, 11.125, 7.5, 11.25], "texture": "#0"},
				"down": {"uv": [7.375, 11.125, 7.5, 11.25], "texture": "#0"}
			}
		},
		{
			"name": "Flattened_85",
			"from": [8.4375, 4.5625, 6.25],
			"to": [8.5625, 4.6875, 6.5],
			"faces": {
				"north": {"uv": [8.5, 11.125, 8.375, 11.25], "texture": "#0"},
				"east": {"uv": [8.375, 11.125, 8.5, 11.25], "texture": "#0"},
				"south": {"uv": [8.375, 11.125, 8.5, 11.25], "texture": "#0"},
				"down": {"uv": [8.375, 11.125, 8.5, 11.25], "texture": "#0"}
			}
		},
		{
			"name": "Layer 3_0",
			"from": [6.6875, 10.8125, 6.3125],
			"to": [6.9375, 10.9375, 6.4375],
			"faces": {
				"north": {"uv": [6.875, 4.875, 6.625, 5], "texture": "#0"},
				"east": {"uv": [6.75, 4.875, 6.875, 5], "texture": "#0"},
				"south": {"uv": [6.625, 4.875, 6.875, 5], "texture": "#0"},
				"west": {"uv": [6.625, 4.875, 6.75, 5], "texture": "#0"},
				"up": {"uv": [6.625, 4.875, 6.875, 5], "texture": "#0"},
				"down": {"uv": [6.625, 4.875, 6.875, 5], "texture": "#0"}
			}
		},
		{
			"name": "Layer 3_1",
			"from": [9.0625, 10.8125, 6.3125],
			"to": [9.3125, 10.9375, 6.4375],
			"faces": {
				"north": {"uv": [9.25, 4.875, 9, 5], "texture": "#0"},
				"east": {"uv": [9.125, 4.875, 9.25, 5], "texture": "#0"},
				"south": {"uv": [9, 4.875, 9.25, 5], "texture": "#0"},
				"west": {"uv": [9, 4.875, 9.125, 5], "texture": "#0"},
				"up": {"uv": [9, 4.875, 9.25, 5], "texture": "#0"},
				"down": {"uv": [9, 4.875, 9.25, 5], "texture": "#0"}
			}
		},
		{
			"name": "Layer 3_2",
			"from": [6.5625, 10.6875, 6.3125],
			"to": [6.8125, 10.8125, 6.4375],
			"faces": {
				"north": {"uv": [6.75, 5, 6.5, 5.125], "texture": "#0"},
				"east": {"uv": [6.625, 5, 6.75, 5.125], "texture": "#0"},
				"south": {"uv": [6.5, 5, 6.75, 5.125], "texture": "#0"},
				"west": {"uv": [6.5, 5, 6.625, 5.125], "texture": "#0"},
				"up": {"uv": [6.5, 5, 6.75, 5.125], "texture": "#0"},
				"down": {"uv": [6.5, 5, 6.75, 5.125], "texture": "#0"}
			}
		},
		{
			"name": "Layer 3_3",
			"from": [9.1875, 10.6875, 6.3125],
			"to": [9.4375, 10.8125, 6.4375],
			"faces": {
				"north": {"uv": [9.375, 5, 9.125, 5.125], "texture": "#0"},
				"east": {"uv": [9.25, 5, 9.375, 5.125], "texture": "#0"},
				"south": {"uv": [9.125, 5, 9.375, 5.125], "texture": "#0"},
				"west": {"uv": [9.125, 5, 9.25, 5.125], "texture": "#0"},
				"up": {"uv": [9.125, 5, 9.375, 5.125], "texture": "#0"},
				"down": {"uv": [9.125, 5, 9.375, 5.125], "texture": "#0"}
			}
		},
		{
			"name": "Layer 3_4",
			"from": [6.4375, 10.5625, 6.3125],
			"to": [6.6875, 10.6875, 6.4375],
			"faces": {
				"north": {"uv": [6.625, 5.125, 6.375, 5.25], "texture": "#0"},
				"east": {"uv": [6.5, 5.125, 6.625, 5.25], "texture": "#0"},
				"south": {"uv": [6.375, 5.125, 6.625, 5.25], "texture": "#0"},
				"west": {"uv": [6.375, 5.125, 6.5, 5.25], "texture": "#0"},
				"up": {"uv": [6.375, 5.125, 6.625, 5.25], "texture": "#0"}
			}
		},
		{
			"name": "Layer 3_5",
			"from": [9.3125, 10.5625, 6.3125],
			"to": [9.5625, 10.6875, 6.4375],
			"faces": {
				"north": {"uv": [9.5, 5.125, 9.25, 5.25], "texture": "#0"},
				"east": {"uv": [9.375, 5.125, 9.5, 5.25], "texture": "#0"},
				"south": {"uv": [9.25, 5.125, 9.5, 5.25], "texture": "#0"},
				"west": {"uv": [9.25, 5.125, 9.375, 5.25], "texture": "#0"},
				"up": {"uv": [9.25, 5.125, 9.5, 5.25], "texture": "#0"}
			}
		},
		{
			"name": "Layer 3_6",
			"from": [6.3125, 10.3125, 6.3125],
			"to": [6.4375, 10.5625, 6.4375],
			"faces": {
				"north": {"uv": [6.375, 5.25, 6.25, 5.5], "texture": "#0"},
				"south": {"uv": [6.25, 5.25, 6.375, 5.5], "texture": "#0"},
				"west": {"uv": [6.25, 5.25, 6.375, 5.5], "texture": "#0"},
				"up": {"uv": [6.25, 5.25, 6.375, 5.375], "texture": "#0"}
			}
		},
		{
			"name": "Layer 3_7",
			"from": [6.5625, 10.1875, 6.3125],
			"to": [6.6875, 10.5625, 6.4375],
			"faces": {
				"north": {"uv": [6.625, 5.25, 6.5, 5.625], "texture": "#0"},
				"east": {"uv": [6.5, 5.25, 6.625, 5.625], "texture": "#0"},
				"south": {"uv": [6.5, 5.25, 6.625, 5.625], "texture": "#0"}
			}
		},
		{
			"name": "Layer 3_8",
			"from": [9.3125, 10.1875, 6.3125],
			"to": [9.4375, 10.5625, 6.4375],
			"faces": {
				"north": {"uv": [9.375, 5.25, 9.25, 5.625], "texture": "#0"},
				"south": {"uv": [9.25, 5.25, 9.375, 5.625], "texture": "#0"},
				"west": {"uv": [9.25, 5.25, 9.375, 5.625], "texture": "#0"}
			}
		},
		{
			"name": "Layer 3_9",
			"from": [9.5625, 10.3125, 6.3125],
			"to": [9.6875, 10.5625, 6.4375],
			"faces": {
				"north": {"uv": [9.625, 5.25, 9.5, 5.5], "texture": "#0"},
				"east": {"uv": [9.5, 5.25, 9.625, 5.5], "texture": "#0"},
				"south": {"uv": [9.5, 5.25, 9.625, 5.5], "texture": "#0"},
				"up": {"uv": [9.5, 5.25, 9.625, 5.375], "texture": "#0"}
			}
		},
		{
			"name": "Layer 3_10",
			"from": [6.1875, 9.6875, 6.3125],
			"to": [6.3125, 10.3125, 6.4375],
			"faces": {
				"north": {"uv": [6.25, 5.5, 6.125, 6.125], "texture": "#0"},
				"south": {"uv": [6.125, 5.5, 6.25, 6.125], "texture": "#0"},
				"west": {"uv": [6.125, 5.5, 6.25, 6.125], "texture": "#0"},
				"up": {"uv": [6.125, 5.5, 6.25, 5.625], "texture": "#0"},
				"down": {"uv": [6.125, 6, 6.25, 6.125], "texture": "#0"}
			}
		},
		{
			"name": "Layer 3_11",
			"from": [9.6875, 9.6875, 6.3125],
			"to": [9.8125, 10.3125, 6.4375],
			"faces": {
				"north": {"uv": [9.75, 5.5, 9.625, 6.125], "texture": "#0"},
				"east": {"uv": [9.625, 5.5, 9.75, 6.125], "texture": "#0"},
				"south": {"uv": [9.625, 5.5, 9.75, 6.125], "texture": "#0"},
				"up": {"uv": [9.625, 5.5, 9.75, 5.625], "texture": "#0"},
				"down": {"uv": [9.625, 6, 9.75, 6.125], "texture": "#0"}
			}
		},
		{
			"name": "Layer 3_12",
			"from": [5.3125, 9.5625, 6.3125],
			"to": [5.4375, 10.1875, 6.4375],
			"faces": {
				"north": {"uv": [5.375, 5.625, 5.25, 6.25], "texture": "#0"},
				"east": {"uv": [5.25, 5.625, 5.375, 6.25], "texture": "#0"},
				"south": {"uv": [5.25, 5.625, 5.375, 6.25], "texture": "#0"},
				"west": {"uv": [5.25, 5.625, 5.375, 6.25], "texture": "#0"},
				"up": {"uv": [5.25, 5.625, 5.375, 5.75], "texture": "#0"},
				"down": {"uv": [5.25, 6.125, 5.375, 6.25], "texture": "#0"}
			}
		},
		{
			"name": "Layer 3_13",
			"from": [6.6875, 9.9375, 6.3125],
			"to": [6.8125, 10.1875, 6.4375],
			"faces": {
				"north": {"uv": [6.75, 5.625, 6.625, 5.875], "texture": "#0"},
				"east": {"uv": [6.625, 5.625, 6.75, 5.875], "texture": "#0"},
				"south": {"uv": [6.625, 5.625, 6.75, 5.875], "texture": "#0"},
				"up": {"uv": [6.625, 5.625, 6.75, 5.75], "texture": "#0"}
			}
		},
		{
			"name": "Layer 3_14",
			"from": [9.1875, 9.9375, 6.3125],
			"to": [9.3125, 10.1875, 6.4375],
			"faces": {
				"north": {"uv": [9.25, 5.625, 9.125, 5.875], "texture": "#0"},
				"south": {"uv": [9.125, 5.625, 9.25, 5.875], "texture": "#0"},
				"west": {"uv": [9.125, 5.625, 9.25, 5.875], "texture": "#0"},
				"up": {"uv": [9.125, 5.625, 9.25, 5.75], "texture": "#0"}
			}
		},
		{
			"name": "Layer 3_15",
			"from": [10.5625, 9.5625, 6.3125],
			"to": [10.6875, 10.1875, 6.4375],
			"faces": {
				"north": {"uv": [10.625, 5.625, 10.5, 6.25], "texture": "#0"},
				"east": {"uv": [10.5, 5.625, 10.625, 6.25], "texture": "#0"},
				"south": {"uv": [10.5, 5.625, 10.625, 6.25], "texture": "#0"},
				"west": {"uv": [10.5, 5.625, 10.625, 6.25], "texture": "#0"},
				"up": {"uv": [10.5, 5.625, 10.625, 5.75], "texture": "#0"},
				"down": {"uv": [10.5, 6.125, 10.625, 6.25], "texture": "#0"}
			}
		},
		{
			"name": "Layer 3_16",
			"from": [6.8125, 9.8125, 6.3125],
			"to": [6.9375, 9.9375, 6.4375],
			"faces": {
				"north": {"uv": [6.875, 5.875, 6.75, 6], "texture": "#0"},
				"east": {"uv": [6.75, 5.875, 6.875, 6], "texture": "#0"},
				"south": {"uv": [6.75, 5.875, 6.875, 6], "texture": "#0"},
				"up": {"uv": [6.75, 5.875, 6.875, 6], "texture": "#0"}
			}
		},
		{
			"name": "Layer 3_17",
			"from": [9.0625, 9.8125, 6.3125],
			"to": [9.1875, 9.9375, 6.4375],
			"faces": {
				"north": {"uv": [9.125, 5.875, 9, 6], "texture": "#0"},
				"south": {"uv": [9, 5.875, 9.125, 6], "texture": "#0"},
				"west": {"uv": [9, 5.875, 9.125, 6], "texture": "#0"},
				"up": {"uv": [9, 5.875, 9.125, 6], "texture": "#0"}
			}
		},
		{
			"name": "Layer 3_18",
			"from": [5.4375, 9.6875, 6.3125],
			"to": [5.5625, 9.8125, 6.4375],
			"faces": {
				"north": {"uv": [5.5, 6, 5.375, 6.125], "texture": "#0"},
				"east": {"uv": [5.375, 6, 5.5, 6.125], "texture": "#0"},
				"south": {"uv": [5.375, 6, 5.5, 6.125], "texture": "#0"},
				"up": {"uv": [5.375, 6, 5.5, 6.125], "texture": "#0"}
			}
		},
		{
			"name": "Layer 3_19",
			"from": [6.9375, 9.6875, 6.3125],
			"to": [7.1875, 9.8125, 6.4375],
			"faces": {
				"north": {"uv": [7.125, 6, 6.875, 6.125], "texture": "#0"},
				"east": {"uv": [7, 6, 7.125, 6.125], "texture": "#0"},
				"south": {"uv": [6.875, 6, 7.125, 6.125], "texture": "#0"},
				"up": {"uv": [6.875, 6, 7.125, 6.125], "texture": "#0"}
			}
		},
		{
			"name": "Layer 3_20",
			"from": [8.8125, 9.6875, 6.3125],
			"to": [9.0625, 9.8125, 6.4375],
			"faces": {
				"north": {"uv": [9, 6, 8.75, 6.125], "texture": "#0"},
				"south": {"uv": [8.75, 6, 9, 6.125], "texture": "#0"},
				"west": {"uv": [8.75, 6, 8.875, 6.125], "texture": "#0"},
				"up": {"uv": [8.75, 6, 9, 6.125], "texture": "#0"}
			}
		},
		{
			"name": "Layer 3_21",
			"from": [10.4375, 9.6875, 6.3125],
			"to": [10.5625, 9.8125, 6.4375],
			"faces": {
				"north": {"uv": [10.5, 6, 10.375, 6.125], "texture": "#0"},
				"south": {"uv": [10.375, 6, 10.5, 6.125], "texture": "#0"},
				"west": {"uv": [10.375, 6, 10.5, 6.125], "texture": "#0"},
				"up": {"uv": [10.375, 6, 10.5, 6.125], "texture": "#0"}
			}
		},
		{
			"name": "Layer 3_22",
			"from": [5.5625, 9.5625, 6.3125],
			"to": [5.6875, 9.6875, 6.4375],
			"faces": {
				"north": {"uv": [5.625, 6.125, 5.5, 6.25], "texture": "#0"},
				"east": {"uv": [5.5, 6.125, 5.625, 6.25], "texture": "#0"},
				"south": {"uv": [5.5, 6.125, 5.625, 6.25], "texture": "#0"},
				"up": {"uv": [5.5, 6.125, 5.625, 6.25], "texture": "#0"}
			}
		},
		{
			"name": "Layer 3_23",
			"from": [6.3125, 9.4375, 6.3125],
			"to": [6.4375, 9.6875, 6.4375],
			"faces": {
				"north": {"uv": [6.375, 6.125, 6.25, 6.375], "texture": "#0"},
				"south": {"uv": [6.25, 6.125, 6.375, 6.375], "texture": "#0"},
				"west": {"uv": [6.25, 6.125, 6.375, 6.375], "texture": "#0"},
				"down": {"uv": [6.25, 6.25, 6.375, 6.375], "texture": "#0"}
			}
		},
		{
			"name": "Layer 3_24",
			"from": [7.1875, 9.5625, 6.3125],
			"to": [7.4375, 9.6875, 6.4375],
			"faces": {
				"north": {"uv": [7.375, 6.125, 7.125, 6.25], "texture": "#0"},
				"east": {"uv": [7.25, 6.125, 7.375, 6.25], "texture": "#0"},
				"south": {"uv": [7.125, 6.125, 7.375, 6.25], "texture": "#0"},
				"up": {"uv": [7.125, 6.125, 7.375, 6.25], "texture": "#0"}
			}
		},
		{
			"name": "Layer 3_25",
			"from": [8.5625, 9.5625, 6.3125],
			"to": [8.8125, 9.6875, 6.4375],
			"faces": {
				"north": {"uv": [8.75, 6.125, 8.5, 6.25], "texture": "#0"},
				"south": {"uv": [8.5, 6.125, 8.75, 6.25], "texture": "#0"},
				"west": {"uv": [8.5, 6.125, 8.625, 6.25], "texture": "#0"},
				"up": {"uv": [8.5, 6.125, 8.75, 6.25], "texture": "#0"}
			}
		},
		{
			"name": "Layer 3_26",
			"from": [9.5625, 9.4375, 6.3125],
			"to": [9.6875, 9.6875, 6.4375],
			"faces": {
				"north": {"uv": [9.625, 6.125, 9.5, 6.375], "texture": "#0"},
				"east": {"uv": [9.5, 6.125, 9.625, 6.375], "texture": "#0"},
				"south": {"uv": [9.5, 6.125, 9.625, 6.375], "texture": "#0"},
				"down": {"uv": [9.5, 6.25, 9.625, 6.375], "texture": "#0"}
			}
		},
		{
			"name": "Layer 3_27",
			"from": [10.3125, 9.5625, 6.3125],
			"to": [10.4375, 9.6875, 6.4375],
			"faces": {
				"north": {"uv": [10.375, 6.125, 10.25, 6.25], "texture": "#0"},
				"south": {"uv": [10.25, 6.125, 10.375, 6.25], "texture": "#0"},
				"west": {"uv": [10.25, 6.125, 10.375, 6.25], "texture": "#0"},
				"up": {"uv": [10.25, 6.125, 10.375, 6.25], "texture": "#0"}
			}
		},
		{
			"name": "Layer 3_28",
			"from": [5.4375, 9.3125, 6.3125],
			"to": [5.5625, 9.5625, 6.4375],
			"faces": {
				"north": {"uv": [5.5, 6.25, 5.375, 6.5], "texture": "#0"},
				"south": {"uv": [5.375, 6.25, 5.5, 6.5], "texture": "#0"},
				"west": {"uv": [5.375, 6.25, 5.5, 6.5], "texture": "#0"},
				"down": {"uv": [5.375, 6.375, 5.5, 6.5], "texture": "#0"}
			}
		},
		{
			"name": "Layer 3_29",
			"from": [5.6875, 9.4375, 6.3125],
			"to": [5.9375, 9.5625, 6.4375],
			"faces": {
				"north": {"uv": [5.875, 6.25, 5.625, 6.375], "texture": "#0"},
				"east": {"uv": [5.75, 6.25, 5.875, 6.375], "texture": "#0"},
				"south": {"uv": [5.625, 6.25, 5.875, 6.375], "texture": "#0"},
				"up": {"uv": [5.625, 6.25, 5.875, 6.375], "texture": "#0"}
			}
		},
		{
			"name": "Layer 3_30",
			"from": [7.4375, 9.4375, 6.3125],
			"to": [7.6875, 9.5625, 6.4375],
			"faces": {
				"north": {"uv": [7.625, 6.25, 7.375, 6.375], "texture": "#0"},
				"east": {"uv": [7.5, 6.25, 7.625, 6.375], "texture": "#0"},
				"south": {"uv": [7.375, 6.25, 7.625, 6.375], "texture": "#0"},
				"up": {"uv": [7.375, 6.25, 7.625, 6.375], "texture": "#0"}
			}
		},
		{
			"name": "Layer 3_31",
			"from": [8.3125, 9.4375, 6.3125],
			"to": [8.5625, 9.5625, 6.4375],
			"faces": {
				"north": {"uv": [8.5, 6.25, 8.25, 6.375], "texture": "#0"},
				"south": {"uv": [8.25, 6.25, 8.5, 6.375], "texture": "#0"},
				"west": {"uv": [8.25, 6.25, 8.375, 6.375], "texture": "#0"},
				"up": {"uv": [8.25, 6.25, 8.5, 6.375], "texture": "#0"}
			}
		},
		{
			"name": "Layer 3_32",
			"from": [10.0625, 9.4375, 6.3125],
			"to": [10.3125, 9.5625, 6.4375],
			"faces": {
				"north": {"uv": [10.25, 6.25, 10, 6.375], "texture": "#0"},
				"south": {"uv": [10, 6.25, 10.25, 6.375], "texture": "#0"},
				"west": {"uv": [10, 6.25, 10.125, 6.375], "texture": "#0"},
				"up": {"uv": [10, 6.25, 10.25, 6.375], "texture": "#0"}
			}
		},
		{
			"name": "Layer 3_33",
			"from": [10.4375, 9.3125, 6.3125],
			"to": [10.5625, 9.5625, 6.4375],
			"faces": {
				"north": {"uv": [10.5, 6.25, 10.375, 6.5], "texture": "#0"},
				"east": {"uv": [10.375, 6.25, 10.5, 6.5], "texture": "#0"},
				"south": {"uv": [10.375, 6.25, 10.5, 6.5], "texture": "#0"},
				"down": {"uv": [10.375, 6.375, 10.5, 6.5], "texture": "#0"}
			}
		},
		{
			"name": "Layer 3_34",
			"from": [5.9375, 9.3125, 6.3125],
			"to": [6.1875, 9.4375, 6.4375],
			"faces": {
				"north": {"uv": [6.125, 6.375, 5.875, 6.5], "texture": "#0"},
				"east": {"uv": [6, 6.375, 6.125, 6.5], "texture": "#0"},
				"south": {"uv": [5.875, 6.375, 6.125, 6.5], "texture": "#0"},
				"up": {"uv": [5.875, 6.375, 6.125, 6.5], "texture": "#0"}
			}
		},
		{
			"name": "Layer 3_35",
			"from": [6.4375, 9.3125, 6.3125],
			"to": [6.5625, 9.4375, 6.4375],
			"faces": {
				"north": {"uv": [6.5, 6.375, 6.375, 6.5], "texture": "#0"},
				"south": {"uv": [6.375, 6.375, 6.5, 6.5], "texture": "#0"},
				"west": {"uv": [6.375, 6.375, 6.5, 6.5], "texture": "#0"}
			}
		},
		{
			"name": "Layer 3_36",
			"from": [7.6875, 9.3125, 6.3125],
			"to": [7.8125, 9.4375, 6.4375],
			"faces": {
				"north": {"uv": [7.75, 6.375, 7.625, 6.5], "texture": "#0"},
				"south": {"uv": [7.625, 6.375, 7.75, 6.5], "texture": "#0"},
				"up": {"uv": [7.625, 6.375, 7.75, 6.5], "texture": "#0"}
			}
		},
		{
			"name": "Layer 3_37",
			"from": [8.1875, 9.3125, 6.3125],
			"to": [8.3125, 9.4375, 6.4375],
			"faces": {
				"north": {"uv": [8.25, 6.375, 8.125, 6.5], "texture": "#0"},
				"south": {"uv": [8.125, 6.375, 8.25, 6.5], "texture": "#0"},
				"up": {"uv": [8.125, 6.375, 8.25, 6.5], "texture": "#0"}
			}
		},
		{
			"name": "Layer 3_38",
			"from": [9.4375, 9.3125, 6.3125],
			"to": [9.5625, 9.4375, 6.4375],
			"faces": {
				"north": {"uv": [9.5, 6.375, 9.375, 6.5], "texture": "#0"},
				"east": {"uv": [9.375, 6.375, 9.5, 6.5], "texture": "#0"},
				"south": {"uv": [9.375, 6.375, 9.5, 6.5], "texture": "#0"}
			}
		},
		{
			"name": "Layer 3_39",
			"from": [9.8125, 9.3125, 6.3125],
			"to": [10.0625, 9.4375, 6.4375],
			"faces": {
				"north": {"uv": [10, 6.375, 9.75, 6.5], "texture": "#0"},
				"south": {"uv": [9.75, 6.375, 10, 6.5], "texture": "#0"},
				"west": {"uv": [9.75, 6.375, 9.875, 6.5], "texture": "#0"},
				"up": {"uv": [9.75, 6.375, 10, 6.5], "texture": "#0"}
			}
		},
		{
			"name": "Layer 3_40",
			"from": [5.5625, 9.1875, 6.3125],
			"to": [5.6875, 9.3125, 6.4375],
			"faces": {
				"north": {"uv": [5.625, 6.5, 5.5, 6.625], "texture": "#0"},
				"south": {"uv": [5.5, 6.5, 5.625, 6.625], "texture": "#0"},
				"west": {"uv": [5.5, 6.5, 5.625, 6.625], "texture": "#0"},
				"down": {"uv": [5.5, 6.5, 5.625, 6.625], "texture": "#0"}
			}
		},
		{
			"name": "Layer 3_41",
			"from": [6.1875, 9.1875, 6.3125],
			"to": [6.4375, 9.3125, 6.4375],
			"faces": {
				"north": {"uv": [6.375, 6.5, 6.125, 6.625], "texture": "#0"},
				"south": {"uv": [6.125, 6.5, 6.375, 6.625], "texture": "#0"},
				"up": {"uv": [6.125, 6.5, 6.375, 6.625], "texture": "#0"}
			}
		},
		{
			"name": "Layer 3_42",
			"from": [9.5625, 9.1875, 6.3125],
			"to": [9.8125, 9.3125, 6.4375],
			"faces": {
				"north": {"uv": [9.75, 6.5, 9.5, 6.625], "texture": "#0"},
				"south": {"uv": [9.5, 6.5, 9.75, 6.625], "texture": "#0"},
				"up": {"uv": [9.5, 6.5, 9.75, 6.625], "texture": "#0"}
			}
		},
		{
			"name": "Layer 3_43",
			"from": [10.3125, 9.1875, 6.3125],
			"to": [10.4375, 9.3125, 6.4375],
			"faces": {
				"north": {"uv": [10.375, 6.5, 10.25, 6.625], "texture": "#0"},
				"east": {"uv": [10.25, 6.5, 10.375, 6.625], "texture": "#0"},
				"south": {"uv": [10.25, 6.5, 10.375, 6.625], "texture": "#0"},
				"down": {"uv": [10.25, 6.5, 10.375, 6.625], "texture": "#0"}
			}
		},
		{
			"name": "Layer 3_44",
			"from": [5.6875, 9.0625, 6.3125],
			"to": [5.8125, 9.1875, 6.4375],
			"faces": {
				"north": {"uv": [5.75, 6.625, 5.625, 6.75], "texture": "#0"},
				"south": {"uv": [5.625, 6.625, 5.75, 6.75], "texture": "#0"},
				"west": {"uv": [5.625, 6.625, 5.75, 6.75], "texture": "#0"},
				"down": {"uv": [5.625, 6.625, 5.75, 6.75], "texture": "#0"}
			}
		},
		{
			"name": "Layer 3_45",
			"from": [10.1875, 9.0625, 6.3125],
			"to": [10.3125, 9.1875, 6.4375],
			"faces": {
				"north": {"uv": [10.25, 6.625, 10.125, 6.75], "texture": "#0"},
				"east": {"uv": [10.125, 6.625, 10.25, 6.75], "texture": "#0"},
				"south": {"uv": [10.125, 6.625, 10.25, 6.75], "texture": "#0"},
				"down": {"uv": [10.125, 6.625, 10.25, 6.75], "texture": "#0"}
			}
		},
		{
			"name": "Layer 3_46",
			"from": [5.8125, 8.9375, 6.3125],
			"to": [5.9375, 9.0625, 6.4375],
			"faces": {
				"north": {"uv": [5.875, 6.75, 5.75, 6.875], "texture": "#0"},
				"south": {"uv": [5.75, 6.75, 5.875, 6.875], "texture": "#0"},
				"west": {"uv": [5.75, 6.75, 5.875, 6.875], "texture": "#0"},
				"down": {"uv": [5.75, 6.75, 5.875, 6.875], "texture": "#0"}
			}
		},
		{
			"name": "Layer 3_47",
			"from": [10.0625, 8.9375, 6.3125],
			"to": [10.1875, 9.0625, 6.4375],
			"faces": {
				"north": {"uv": [10.125, 6.75, 10, 6.875], "texture": "#0"},
				"east": {"uv": [10, 6.75, 10.125, 6.875], "texture": "#0"},
				"south": {"uv": [10, 6.75, 10.125, 6.875], "texture": "#0"},
				"down": {"uv": [10, 6.75, 10.125, 6.875], "texture": "#0"}
			}
		},
		{
			"name": "Layer 3_48",
			"from": [5.9375, 8.8125, 6.3125],
			"to": [6.0625, 8.9375, 6.4375],
			"faces": {
				"north": {"uv": [6, 6.875, 5.875, 7], "texture": "#0"},
				"south": {"uv": [5.875, 6.875, 6, 7], "texture": "#0"},
				"west": {"uv": [5.875, 6.875, 6, 7], "texture": "#0"},
				"down": {"uv": [5.875, 6.875, 6, 7], "texture": "#0"}
			}
		},
		{
			"name": "Layer 3_49",
			"from": [9.9375, 8.8125, 6.3125],
			"to": [10.0625, 8.9375, 6.4375],
			"faces": {
				"north": {"uv": [10, 6.875, 9.875, 7], "texture": "#0"},
				"east": {"uv": [9.875, 6.875, 10, 7], "texture": "#0"},
				"south": {"uv": [9.875, 6.875, 10, 7], "texture": "#0"},
				"down": {"uv": [9.875, 6.875, 10, 7], "texture": "#0"}
			}
		},
		{
			"name": "Layer 3_50",
			"from": [6.0625, 8.6875, 6.3125],
			"to": [6.1875, 8.8125, 6.4375],
			"faces": {
				"north": {"uv": [6.125, 7, 6, 7.125], "texture": "#0"},
				"south": {"uv": [6, 7, 6.125, 7.125], "texture": "#0"},
				"west": {"uv": [6, 7, 6.125, 7.125], "texture": "#0"},
				"down": {"uv": [6, 7, 6.125, 7.125], "texture": "#0"}
			}
		},
		{
			"name": "Layer 3_51",
			"from": [9.8125, 8.6875, 6.3125],
			"to": [9.9375, 8.8125, 6.4375],
			"faces": {
				"north": {"uv": [9.875, 7, 9.75, 7.125], "texture": "#0"},
				"east": {"uv": [9.75, 7, 9.875, 7.125], "texture": "#0"},
				"south": {"uv": [9.75, 7, 9.875, 7.125], "texture": "#0"},
				"down": {"uv": [9.75, 7, 9.875, 7.125], "texture": "#0"}
			}
		},
		{
			"name": "Layer 3_52",
			"from": [6.1875, 8.5625, 6.3125],
			"to": [6.3125, 8.6875, 6.4375],
			"faces": {
				"north": {"uv": [6.25, 7.125, 6.125, 7.25], "texture": "#0"},
				"south": {"uv": [6.125, 7.125, 6.25, 7.25], "texture": "#0"},
				"west": {"uv": [6.125, 7.125, 6.25, 7.25], "texture": "#0"}
			}
		},
		{
			"name": "Layer 3_53",
			"from": [9.6875, 8.5625, 6.3125],
			"to": [9.8125, 8.6875, 6.4375],
			"faces": {
				"north": {"uv": [9.75, 7.125, 9.625, 7.25], "texture": "#0"},
				"east": {"uv": [9.625, 7.125, 9.75, 7.25], "texture": "#0"},
				"south": {"uv": [9.625, 7.125, 9.75, 7.25], "texture": "#0"}
			}
		},
		{
			"name": "Layer 3_54",
			"from": [5.6875, 8.4375, 6.3125],
			"to": [6.1875, 8.5625, 6.4375],
			"faces": {
				"north": {"uv": [6.125, 7.25, 5.625, 7.375], "texture": "#0"},
				"south": {"uv": [5.625, 7.25, 6.125, 7.375], "texture": "#0"},
				"west": {"uv": [5.625, 7.25, 5.75, 7.375], "texture": "#0"},
				"up": {"uv": [5.625, 7.25, 6.125, 7.375], "texture": "#0"},
				"down": {"uv": [5.625, 7.25, 6.125, 7.375], "texture": "#0"}
			}
		},
		{
			"name": "Layer 3_55",
			"from": [9.8125, 8.3125, 6.3125],
			"to": [10.0625, 8.5625, 6.4375],
			"faces": {
				"north": {"uv": [10, 7.25, 9.75, 7.5], "texture": "#0"},
				"east": {"uv": [9.875, 7.25, 10, 7.5], "texture": "#0"},
				"south": {"uv": [9.75, 7.25, 10, 7.5], "texture": "#0"},
				"up": {"uv": [9.75, 7.25, 10, 7.375], "texture": "#0"},
				"down": {"uv": [9.75, 7.375, 10, 7.5], "texture": "#0"}
			}
		},
		{
			"name": "Layer 3_56",
			"from": [10.0625, 8.4375, 6.3125],
			"to": [10.3125, 8.5625, 6.4375],
			"faces": {
				"north": {"uv": [10.25, 7.25, 10, 7.375], "texture": "#0"},
				"east": {"uv": [10.125, 7.25, 10.25, 7.375], "texture": "#0"},
				"south": {"uv": [10, 7.25, 10.25, 7.375], "texture": "#0"},
				"up": {"uv": [10, 7.25, 10.25, 7.375], "texture": "#0"},
				"down": {"uv": [10, 7.25, 10.25, 7.375], "texture": "#0"}
			}
		},
		{
			"name": "Layer 3_57",
			"from": [5.9375, 8.3125, 6.3125],
			"to": [6.1875, 8.4375, 6.4375],
			"faces": {
				"north": {"uv": [6.125, 7.375, 5.875, 7.5], "texture": "#0"},
				"south": {"uv": [5.875, 7.375, 6.125, 7.5], "texture": "#0"},
				"west": {"uv": [5.875, 7.375, 6, 7.5], "texture": "#0"},
				"down": {"uv": [5.875, 7.375, 6.125, 7.5], "texture": "#0"}
			}
		},
		{
			"name": "Layer 3_58",
			"from": [6.1875, 8.1875, 6.3125],
			"to": [6.3125, 8.3125, 6.4375],
			"faces": {
				"north": {"uv": [6.25, 7.5, 6.125, 7.625], "texture": "#0"},
				"south": {"uv": [6.125, 7.5, 6.25, 7.625], "texture": "#0"},
				"west": {"uv": [6.125, 7.5, 6.25, 7.625], "texture": "#0"},
				"down": {"uv": [6.125, 7.5, 6.25, 7.625], "texture": "#0"}
			}
		},
		{
			"name": "Layer 3_59",
			"from": [9.6875, 8.1875, 6.3125],
			"to": [9.8125, 8.3125, 6.4375],
			"faces": {
				"north": {"uv": [9.75, 7.5, 9.625, 7.625], "texture": "#0"},
				"east": {"uv": [9.625, 7.5, 9.75, 7.625], "texture": "#0"},
				"south": {"uv": [9.625, 7.5, 9.75, 7.625], "texture": "#0"},
				"down": {"uv": [9.625, 7.5, 9.75, 7.625], "texture": "#0"}
			}
		},
		{
			"name": "Layer 3_60",
			"from": [6.3125, 8.0625, 6.3125],
			"to": [6.4375, 8.1875, 6.4375],
			"faces": {
				"north": {"uv": [6.375, 7.625, 6.25, 7.75], "texture": "#0"},
				"south": {"uv": [6.25, 7.625, 6.375, 7.75], "texture": "#0"},
				"west": {"uv": [6.25, 7.625, 6.375, 7.75], "texture": "#0"},
				"down": {"uv": [6.25, 7.625, 6.375, 7.75], "texture": "#0"}
			}
		},
		{
			"name": "Layer 3_61",
			"from": [9.5625, 8.0625, 6.3125],
			"to": [9.6875, 8.1875, 6.4375],
			"faces": {
				"north": {"uv": [9.625, 7.625, 9.5, 7.75], "texture": "#0"},
				"east": {"uv": [9.5, 7.625, 9.625, 7.75], "texture": "#0"},
				"south": {"uv": [9.5, 7.625, 9.625, 7.75], "texture": "#0"},
				"down": {"uv": [9.5, 7.625, 9.625, 7.75], "texture": "#0"}
			}
		},
		{
			"name": "Layer 3_62",
			"from": [6.4375, 7.9375, 6.3125],
			"to": [6.5625, 8.0625, 6.4375],
			"faces": {
				"north": {"uv": [6.5, 7.75, 6.375, 7.875], "texture": "#0"},
				"south": {"uv": [6.375, 7.75, 6.5, 7.875], "texture": "#0"},
				"west": {"uv": [6.375, 7.75, 6.5, 7.875], "texture": "#0"}
			}
		},
		{
			"name": "Layer 3_63",
			"from": [9.4375, 7.9375, 6.3125],
			"to": [9.5625, 8.0625, 6.4375],
			"faces": {
				"north": {"uv": [9.5, 7.75, 9.375, 7.875], "texture": "#0"},
				"east": {"uv": [9.375, 7.75, 9.5, 7.875], "texture": "#0"},
				"south": {"uv": [9.375, 7.75, 9.5, 7.875], "texture": "#0"}
			}
		},
		{
			"name": "Layer 3_64",
			"from": [6.4375, 7.0625, 6.3125],
			"to": [6.5625, 7.6875, 6.4375],
			"faces": {
				"north": {"uv": [6.5, 8.125, 6.375, 8.75], "texture": "#0"},
				"south": {"uv": [6.375, 8.125, 6.5, 8.75], "texture": "#0"},
				"west": {"uv": [6.375, 8.125, 6.5, 8.75], "texture": "#0"}
			}
		},
		{
			"name": "Layer 3_65",
			"from": [9.4375, 7.0625, 6.3125],
			"to": [9.5625, 7.6875, 6.4375],
			"faces": {
				"north": {"uv": [9.5, 8.125, 9.375, 8.75], "texture": "#0"},
				"east": {"uv": [9.375, 8.125, 9.5, 8.75], "texture": "#0"},
				"south": {"uv": [9.375, 8.125, 9.5, 8.75], "texture": "#0"}
			}
		},
		{
			"name": "Layer 3_66",
			"from": [6.3125, 6.6875, 6.3125],
			"to": [6.4375, 7.0625, 6.4375],
			"faces": {
				"north": {"uv": [6.375, 8.75, 6.25, 9.125], "texture": "#0"},
				"south": {"uv": [6.25, 8.75, 6.375, 9.125], "texture": "#0"},
				"west": {"uv": [6.25, 8.75, 6.375, 9.125], "texture": "#0"},
				"up": {"uv": [6.25, 8.75, 6.375, 8.875], "texture": "#0"}
			}
		},
		{
			"name": "Layer 3_67",
			"from": [9.5625, 6.6875, 6.3125],
			"to": [9.6875, 7.0625, 6.4375],
			"faces": {
				"north": {"uv": [9.625, 8.75, 9.5, 9.125], "texture": "#0"},
				"east": {"uv": [9.5, 8.75, 9.625, 9.125], "texture": "#0"},
				"south": {"uv": [9.5, 8.75, 9.625, 9.125], "texture": "#0"},
				"up": {"uv": [9.5, 8.75, 9.625, 8.875], "texture": "#0"}
			}
		},
		{
			"name": "Layer 3_68",
			"from": [6.1875, 6.3125, 6.3125],
			"to": [6.3125, 6.6875, 6.4375],
			"faces": {
				"north": {"uv": [6.25, 9.125, 6.125, 9.5], "texture": "#0"},
				"south": {"uv": [6.125, 9.125, 6.25, 9.5], "texture": "#0"},
				"west": {"uv": [6.125, 9.125, 6.25, 9.5], "texture": "#0"},
				"up": {"uv": [6.125, 9.125, 6.25, 9.25], "texture": "#0"},
				"down": {"uv": [6.125, 9.375, 6.25, 9.5], "texture": "#0"}
			}
		},
		{
			"name": "Layer 3_69",
			"from": [9.6875, 6.3125, 6.3125],
			"to": [9.8125, 6.6875, 6.4375],
			"faces": {
				"north": {"uv": [9.75, 9.125, 9.625, 9.5], "texture": "#0"},
				"east": {"uv": [9.625, 9.125, 9.75, 9.5], "texture": "#0"},
				"south": {"uv": [9.625, 9.125, 9.75, 9.5], "texture": "#0"},
				"up": {"uv": [9.625, 9.125, 9.75, 9.25], "texture": "#0"},
				"down": {"uv": [9.625, 9.375, 9.75, 9.5], "texture": "#0"}
			}
		},
		{
			"name": "Layer 3_70",
			"from": [6.4375, 6.4375, 6.3125],
			"to": [6.5625, 6.5625, 6.4375],
			"faces": {
				"north": {"uv": [6.5, 9.25, 6.375, 9.375], "texture": "#0"},
				"south": {"uv": [6.375, 9.25, 6.5, 9.375], "texture": "#0"},
				"down": {"uv": [6.375, 9.25, 6.5, 9.375], "texture": "#0"}
			}
		},
		{
			"name": "Layer 3_71",
			"from": [9.4375, 6.4375, 6.3125],
			"to": [9.5625, 6.5625, 6.4375],
			"faces": {
				"north": {"uv": [9.5, 9.25, 9.375, 9.375], "texture": "#0"},
				"south": {"uv": [9.375, 9.25, 9.5, 9.375], "texture": "#0"},
				"down": {"uv": [9.375, 9.25, 9.5, 9.375], "texture": "#0"}
			}
		},
		{
			"name": "Layer 3_72",
			"from": [6.0625, 6.3125, 6.3125],
			"to": [6.1875, 6.4375, 6.4375],
			"faces": {
				"north": {"uv": [6.125, 9.375, 6, 9.5], "texture": "#0"},
				"south": {"uv": [6, 9.375, 6.125, 9.5], "texture": "#0"},
				"west": {"uv": [6, 9.375, 6.125, 9.5], "texture": "#0"},
				"up": {"uv": [6, 9.375, 6.125, 9.5], "texture": "#0"},
				"down": {"uv": [6, 9.375, 6.125, 9.5], "texture": "#0"}
			}
		},
		{
			"name": "Layer 3_73",
			"from": [6.3125, 6.3125, 6.3125],
			"to": [6.4375, 6.4375, 6.4375],
			"faces": {
				"north": {"uv": [6.375, 9.375, 6.25, 9.5], "texture": "#0"},
				"east": {"uv": [6.25, 9.375, 6.375, 9.5], "texture": "#0"},
				"south": {"uv": [6.25, 9.375, 6.375, 9.5], "texture": "#0"},
				"down": {"uv": [6.25, 9.375, 6.375, 9.5], "texture": "#0"}
			}
		},
		{
			"name": "Layer 3_74",
			"from": [6.5625, 5.8125, 6.3125],
			"to": [6.6875, 6.4375, 6.4375],
			"faces": {
				"north": {"uv": [6.625, 9.375, 6.5, 10], "texture": "#0"},
				"south": {"uv": [6.5, 9.375, 6.625, 10], "texture": "#0"},
				"west": {"uv": [6.5, 9.375, 6.625, 10], "texture": "#0"},
				"down": {"uv": [6.5, 9.875, 6.625, 10], "texture": "#0"}
			}
		},
		{
			"name": "Layer 3_75",
			"from": [9.3125, 5.8125, 6.3125],
			"to": [9.4375, 6.4375, 6.4375],
			"faces": {
				"north": {"uv": [9.375, 9.375, 9.25, 10], "texture": "#0"},
				"east": {"uv": [9.25, 9.375, 9.375, 10], "texture": "#0"},
				"south": {"uv": [9.25, 9.375, 9.375, 10], "texture": "#0"},
				"down": {"uv": [9.25, 9.875, 9.375, 10], "texture": "#0"}
			}
		},
		{
			"name": "Layer 3_76",
			"from": [9.5625, 6.3125, 6.3125],
			"to": [9.6875, 6.4375, 6.4375],
			"faces": {
				"north": {"uv": [9.625, 9.375, 9.5, 9.5], "texture": "#0"},
				"south": {"uv": [9.5, 9.375, 9.625, 9.5], "texture": "#0"},
				"west": {"uv": [9.5, 9.375, 9.625, 9.5], "texture": "#0"},
				"down": {"uv": [9.5, 9.375, 9.625, 9.5], "texture": "#0"}
			}
		},
		{
			"name": "Layer 3_77",
			"from": [9.8125, 6.3125, 6.3125],
			"to": [9.9375, 6.4375, 6.4375],
			"faces": {
				"north": {"uv": [9.875, 9.375, 9.75, 9.5], "texture": "#0"},
				"east": {"uv": [9.75, 9.375, 9.875, 9.5], "texture": "#0"},
				"south": {"uv": [9.75, 9.375, 9.875, 9.5], "texture": "#0"},
				"up": {"uv": [9.75, 9.375, 9.875, 9.5], "texture": "#0"},
				"down": {"uv": [9.75, 9.375, 9.875, 9.5], "texture": "#0"}
			}
		},
		{
			"name": "Layer 3_78",
			"from": [6.6875, 5.5625, 6.3125],
			"to": [6.8125, 5.8125, 6.4375],
			"faces": {
				"north": {"uv": [6.75, 10, 6.625, 10.25], "texture": "#0"},
				"south": {"uv": [6.625, 10, 6.75, 10.25], "texture": "#0"},
				"west": {"uv": [6.625, 10, 6.75, 10.25], "texture": "#0"},
				"down": {"uv": [6.625, 10.125, 6.75, 10.25], "texture": "#0"}
			}
		},
		{
			"name": "Layer 3_79",
			"from": [9.1875, 5.5625, 6.3125],
			"to": [9.3125, 5.8125, 6.4375],
			"faces": {
				"north": {"uv": [9.25, 10, 9.125, 10.25], "texture": "#0"},
				"east": {"uv": [9.125, 10, 9.25, 10.25], "texture": "#0"},
				"south": {"uv": [9.125, 10, 9.25, 10.25], "texture": "#0"},
				"down": {"uv": [9.125, 10.125, 9.25, 10.25], "texture": "#0"}
			}
		},
		{
			"name": "Layer 3_80",
			"from": [6.8125, 5.3125, 6.3125],
			"to": [6.9375, 5.5625, 6.4375],
			"faces": {
				"north": {"uv": [6.875, 10.25, 6.75, 10.5], "texture": "#0"},
				"south": {"uv": [6.75, 10.25, 6.875, 10.5], "texture": "#0"},
				"west": {"uv": [6.75, 10.25, 6.875, 10.5], "texture": "#0"},
				"down": {"uv": [6.75, 10.375, 6.875, 10.5], "texture": "#0"}
			}
		},
		{
			"name": "Layer 3_81",
			"from": [9.0625, 5.3125, 6.3125],
			"to": [9.1875, 5.5625, 6.4375],
			"faces": {
				"north": {"uv": [9.125, 10.25, 9, 10.5], "texture": "#0"},
				"east": {"uv": [9, 10.25, 9.125, 10.5], "texture": "#0"},
				"south": {"uv": [9, 10.25, 9.125, 10.5], "texture": "#0"},
				"down": {"uv": [9, 10.375, 9.125, 10.5], "texture": "#0"}
			}
		},
		{
			"name": "Layer 3_82",
			"from": [6.9375, 5.0625, 6.3125],
			"to": [7.0625, 5.3125, 6.4375],
			"faces": {
				"north": {"uv": [7, 10.5, 6.875, 10.75], "texture": "#0"},
				"south": {"uv": [6.875, 10.5, 7, 10.75], "texture": "#0"},
				"west": {"uv": [6.875, 10.5, 7, 10.75], "texture": "#0"},
				"down": {"uv": [6.875, 10.625, 7, 10.75], "texture": "#0"}
			}
		},
		{
			"name": "Layer 3_83",
			"from": [8.9375, 5.0625, 6.3125],
			"to": [9.0625, 5.3125, 6.4375],
			"faces": {
				"north": {"uv": [9, 10.5, 8.875, 10.75], "texture": "#0"},
				"east": {"uv": [8.875, 10.5, 9, 10.75], "texture": "#0"},
				"south": {"uv": [8.875, 10.5, 9, 10.75], "texture": "#0"},
				"down": {"uv": [8.875, 10.625, 9, 10.75], "texture": "#0"}
			}
		},
		{
			"name": "Layer 3_84",
			"from": [7.0625, 4.8125, 6.3125],
			"to": [7.1875, 5.0625, 6.4375],
			"faces": {
				"north": {"uv": [7.125, 10.75, 7, 11], "texture": "#0"},
				"south": {"uv": [7, 10.75, 7.125, 11], "texture": "#0"},
				"west": {"uv": [7, 10.75, 7.125, 11], "texture": "#0"},
				"down": {"uv": [7, 10.875, 7.125, 11], "texture": "#0"}
			}
		},
		{
			"name": "Layer 3_85",
			"from": [8.8125, 4.8125, 6.3125],
			"to": [8.9375, 5.0625, 6.4375],
			"faces": {
				"north": {"uv": [8.875, 10.75, 8.75, 11], "texture": "#0"},
				"east": {"uv": [8.75, 10.75, 8.875, 11], "texture": "#0"},
				"south": {"uv": [8.75, 10.75, 8.875, 11], "texture": "#0"},
				"down": {"uv": [8.75, 10.875, 8.875, 11], "texture": "#0"}
			}
		},
		{
			"name": "Layer 3_86",
			"from": [7.1875, 4.6875, 6.3125],
			"to": [7.3125, 4.8125, 6.4375],
			"faces": {
				"north": {"uv": [7.25, 11, 7.125, 11.125], "texture": "#0"},
				"south": {"uv": [7.125, 11, 7.25, 11.125], "texture": "#0"},
				"west": {"uv": [7.125, 11, 7.25, 11.125], "texture": "#0"},
				"down": {"uv": [7.125, 11, 7.25, 11.125], "texture": "#0"}
			}
		},
		{
			"name": "Layer 3_87",
			"from": [8.6875, 4.6875, 6.3125],
			"to": [8.8125, 4.8125, 6.4375],
			"faces": {
				"north": {"uv": [8.75, 11, 8.625, 11.125], "texture": "#0"},
				"east": {"uv": [8.625, 11, 8.75, 11.125], "texture": "#0"},
				"south": {"uv": [8.625, 11, 8.75, 11.125], "texture": "#0"},
				"down": {"uv": [8.625, 11, 8.75, 11.125], "texture": "#0"}
			}
		},
		{
			"name": "Layer 3_88",
			"from": [7.3125, 4.5625, 6.3125],
			"to": [7.4375, 4.6875, 6.4375],
			"faces": {
				"north": {"uv": [7.375, 11.125, 7.25, 11.25], "texture": "#0"},
				"south": {"uv": [7.25, 11.125, 7.375, 11.25], "texture": "#0"},
				"west": {"uv": [7.25, 11.125, 7.375, 11.25], "texture": "#0"},
				"down": {"uv": [7.25, 11.125, 7.375, 11.25], "texture": "#0"}
			}
		},
		{
			"name": "Layer 3_89",
			"from": [8.5625, 4.5625, 6.3125],
			"to": [8.6875, 4.6875, 6.4375],
			"faces": {
				"north": {"uv": [8.625, 11.125, 8.5, 11.25], "texture": "#0"},
				"east": {"uv": [8.5, 11.125, 8.625, 11.25], "texture": "#0"},
				"south": {"uv": [8.5, 11.125, 8.625, 11.25], "texture": "#0"},
				"down": {"uv": [8.5, 11.125, 8.625, 11.25], "texture": "#0"}
			}
		},
		{
			"name": "Layer 3_90",
			"from": [7.4375, 4.4375, 6.3125],
			"to": [7.5625, 4.5625, 6.4375],
			"faces": {
				"north": {"uv": [7.5, 11.25, 7.375, 11.375], "texture": "#0"},
				"south": {"uv": [7.375, 11.25, 7.5, 11.375], "texture": "#0"},
				"west": {"uv": [7.375, 11.25, 7.5, 11.375], "texture": "#0"},
				"down": {"uv": [7.375, 11.25, 7.5, 11.375], "texture": "#0"}
			}
		},
		{
			"name": "Layer 3_91",
			"from": [8.4375, 4.4375, 6.3125],
			"to": [8.5625, 4.5625, 6.4375],
			"faces": {
				"north": {"uv": [8.5, 11.25, 8.375, 11.375], "texture": "#0"},
				"east": {"uv": [8.375, 11.25, 8.5, 11.375], "texture": "#0"},
				"south": {"uv": [8.375, 11.25, 8.5, 11.375], "texture": "#0"},
				"down": {"uv": [8.375, 11.25, 8.5, 11.375], "texture": "#0"}
			}
		},
		{
			"name": "Layer 3_92",
			"from": [7.5625, 4.3125, 6.3125],
			"to": [7.6875, 4.4375, 6.4375],
			"faces": {
				"north": {"uv": [7.625, 11.375, 7.5, 11.5], "texture": "#0"},
				"south": {"uv": [7.5, 11.375, 7.625, 11.5], "texture": "#0"},
				"west": {"uv": [7.5, 11.375, 7.625, 11.5], "texture": "#0"},
				"down": {"uv": [7.5, 11.375, 7.625, 11.5], "texture": "#0"}
			}
		},
		{
			"name": "Layer 3_93",
			"from": [8.3125, 4.3125, 6.3125],
			"to": [8.4375, 4.4375, 6.4375],
			"faces": {
				"north": {"uv": [8.375, 11.375, 8.25, 11.5], "texture": "#0"},
				"east": {"uv": [8.25, 11.375, 8.375, 11.5], "texture": "#0"},
				"south": {"uv": [8.25, 11.375, 8.375, 11.5], "texture": "#0"},
				"down": {"uv": [8.25, 11.375, 8.375, 11.5], "texture": "#0"}
			}
		},
		{
			"name": "Layer 3_94",
			"from": [7.6875, 4.1875, 6.3125],
			"to": [7.8125, 4.3125, 6.4375],
			"faces": {
				"north": {"uv": [7.75, 11.5, 7.625, 11.625], "texture": "#0"},
				"south": {"uv": [7.625, 11.5, 7.75, 11.625], "texture": "#0"},
				"west": {"uv": [7.625, 11.5, 7.75, 11.625], "texture": "#0"},
				"down": {"uv": [7.625, 11.5, 7.75, 11.625], "texture": "#0"}
			}
		},
		{
			"name": "Layer 3_95",
			"from": [8.1875, 4.1875, 6.3125],
			"to": [8.3125, 4.3125, 6.4375],
			"faces": {
				"north": {"uv": [8.25, 11.5, 8.125, 11.625], "texture": "#0"},
				"east": {"uv": [8.125, 11.5, 8.25, 11.625], "texture": "#0"},
				"south": {"uv": [8.125, 11.5, 8.25, 11.625], "texture": "#0"},
				"down": {"uv": [8.125, 11.5, 8.25, 11.625], "texture": "#0"}
			}
		},
		{
			"name": "Layer 3_96",
			"from": [7.8125, 4.0625, 6.3125],
			"to": [7.9375, 4.1875, 6.4375],
			"faces": {
				"north": {"uv": [7.875, 11.625, 7.75, 11.75], "texture": "#0"},
				"south": {"uv": [7.75, 11.625, 7.875, 11.75], "texture": "#0"},
				"west": {"uv": [7.75, 11.625, 7.875, 11.75], "texture": "#0"},
				"down": {"uv": [7.75, 11.625, 7.875, 11.75], "texture": "#0"}
			}
		},
		{
			"name": "Layer 3_97",
			"from": [8.0625, 4.0625, 6.3125],
			"to": [8.1875, 4.1875, 6.4375],
			"faces": {
				"north": {"uv": [8.125, 11.625, 8, 11.75], "texture": "#0"},
				"east": {"uv": [8, 11.625, 8.125, 11.75], "texture": "#0"},
				"south": {"uv": [8, 11.625, 8.125, 11.75], "texture": "#0"},
				"down": {"uv": [8, 11.625, 8.125, 11.75], "texture": "#0"}
			}
		},
		{
			"name": "Layer 3_98",
			"from": [7.9375, 3.9375, 6.3125],
			"to": [8.0625, 4.0625, 6.4375],
			"faces": {
				"north": {"uv": [8, 11.75, 7.875, 11.875], "texture": "#0"},
				"east": {"uv": [7.875, 11.75, 8, 11.875], "texture": "#0"},
				"south": {"uv": [7.875, 11.75, 8, 11.875], "texture": "#0"},
				"west": {"uv": [7.875, 11.75, 8, 11.875], "texture": "#0"},
				"down": {"uv": [7.875, 11.75, 8, 11.875], "texture": "#0"}
			}
		},
		{
			"name": "Layer 2_0",
			"from": [6.9375, 8.5625, 6.1875],
			"to": [7.1875, 8.8125, 6.5],
			"faces": {
				"north": {"uv": [7.125, 7, 6.875, 7.25], "texture": "#0"},
				"east": {"uv": [7, 7, 7.125, 7.25], "texture": "#0"},
				"south": {"uv": [6.875, 7, 7.125, 7.25], "texture": "#0"},
				"west": {"uv": [6.875, 7, 7, 7.25], "texture": "#0"},
				"up": {"uv": [6.875, 7, 7.125, 7.125], "texture": "#0"},
				"down": {"uv": [6.875, 7.125, 7.125, 7.25], "texture": "#0"}
			}
		},
		{
			"name": "Layer 2_1",
			"from": [8.8125, 8.5625, 6.1875],
			"to": [9.0625, 8.8125, 6.5],
			"faces": {
				"north": {"uv": [9, 7, 8.75, 7.25], "texture": "#0"},
				"east": {"uv": [8.875, 7, 9, 7.25], "texture": "#0"},
				"south": {"uv": [8.75, 7, 9, 7.25], "texture": "#0"},
				"west": {"uv": [8.75, 7, 8.875, 7.25], "texture": "#0"},
				"up": {"uv": [8.75, 7, 9, 7.125], "texture": "#0"},
				"down": {"uv": [8.75, 7.125, 9, 7.25], "texture": "#0"}
			}
		},
		{
			"name": "Layer 2_2",
			"from": [7.1875, 8.1875, 6.1875],
			"to": [7.3125, 8.6875, 6.5],
			"faces": {
				"north": {"uv": [7.25, 7.125, 7.125, 7.625], "texture": "#0"},
				"east": {"uv": [7.125, 7.125, 7.25, 7.625], "texture": "#0"},
				"south": {"uv": [7.125, 7.125, 7.25, 7.625], "texture": "#0"},
				"west": {"uv": [7.125, 7.125, 7.25, 7.625], "texture": "#0"},
				"up": {"uv": [7.125, 7.125, 7.25, 7.25], "texture": "#0"},
				"down": {"uv": [7.125, 7.5, 7.25, 7.625], "texture": "#0"}
			}
		},
		{
			"name": "Layer 2_3",
			"from": [8.6875, 8.1875, 6.1875],
			"to": [8.8125, 8.6875, 6.5],
			"faces": {
				"north": {"uv": [8.75, 7.125, 8.625, 7.625], "texture": "#0"},
				"east": {"uv": [8.625, 7.125, 8.75, 7.625], "texture": "#0"},
				"south": {"uv": [8.625, 7.125, 8.75, 7.625], "texture": "#0"},
				"west": {"uv": [8.625, 7.125, 8.75, 7.625], "texture": "#0"},
				"up": {"uv": [8.625, 7.125, 8.75, 7.25], "texture": "#0"},
				"down": {"uv": [8.625, 7.5, 8.75, 7.625], "texture": "#0"}
			}
		},
		{
			"name": "Layer 2_4",
			"from": [7.0625, 8.4375, 6.1875],
			"to": [7.1875, 8.5625, 6.5],
			"faces": {
				"north": {"uv": [7.125, 7.25, 7, 7.375], "texture": "#0"},
				"south": {"uv": [7, 7.25, 7.125, 7.375], "texture": "#0"},
				"west": {"uv": [7, 7.25, 7.125, 7.375], "texture": "#0"},
				"down": {"uv": [7, 7.25, 7.125, 7.375], "texture": "#0"}
			}
		},
		{
			"name": "Layer 2_5",
			"from": [7.3125, 7.9375, 6.1875],
			"to": [7.5625, 8.5625, 6.5],
			"faces": {
				"north": {"uv": [7.5, 7.25, 7.25, 7.875], "texture": "#0"},
				"east": {"uv": [7.375, 7.25, 7.5, 7.875], "texture": "#0"},
				"south": {"uv": [7.25, 7.25, 7.5, 7.875], "texture": "#0"},
				"west": {"uv": [7.25, 7.25, 7.375, 7.875], "texture": "#0"},
				"up": {"uv": [7.25, 7.25, 7.5, 7.375], "texture": "#0"}
			}
		},
		{
			"name": "Layer 2_6",
			"from": [8.4375, 7.9375, 6.1875],
			"to": [8.6875, 8.5625, 6.5],
			"faces": {
				"north": {"uv": [8.625, 7.25, 8.375, 7.875], "texture": "#0"},
				"east": {"uv": [8.5, 7.25, 8.625, 7.875], "texture": "#0"},
				"south": {"uv": [8.375, 7.25, 8.625, 7.875], "texture": "#0"},
				"west": {"uv": [8.375, 7.25, 8.5, 7.875], "texture": "#0"},
				"up": {"uv": [8.375, 7.25, 8.625, 7.375], "texture": "#0"}
			}
		},
		{
			"name": "Layer 2_7",
			"from": [8.8125, 8.4375, 6.1875],
			"to": [8.9375, 8.5625, 6.5],
			"faces": {
				"north": {"uv": [8.875, 7.25, 8.75, 7.375], "texture": "#0"},
				"east": {"uv": [8.75, 7.25, 8.875, 7.375], "texture": "#0"},
				"south": {"uv": [8.75, 7.25, 8.875, 7.375], "texture": "#0"},
				"down": {"uv": [8.75, 7.25, 8.875, 7.375], "texture": "#0"}
			}
		},
		{
			"name": "Layer 2_8",
			"from": [7.5625, 8.0625, 6.1875],
			"to": [7.8125, 8.4375, 6.5],
			"faces": {
				"north": {"uv": [7.75, 7.375, 7.5, 7.75], "texture": "#0"},
				"south": {"uv": [7.5, 7.375, 7.75, 7.75], "texture": "#0"},
				"up": {"uv": [7.5, 7.375, 7.75, 7.5], "texture": "#0"}
			}
		},
		{
			"name": "Layer 2_9",
			"from": [8.1875, 8.0625, 6.1875],
			"to": [8.4375, 8.4375, 6.5],
			"faces": {
				"north": {"uv": [8.375, 7.375, 8.125, 7.75], "texture": "#0"},
				"south": {"uv": [8.125, 7.375, 8.375, 7.75], "texture": "#0"},
				"up": {"uv": [8.125, 7.375, 8.375, 7.5], "texture": "#0"}
			}
		},
		{
			"name": "Layer 2_10",
			"from": [7.5625, 7.9375, 6.1875],
			"to": [7.6875, 8.0625, 6.5],
			"faces": {
				"north": {"uv": [7.625, 7.75, 7.5, 7.875], "texture": "#0"},
				"south": {"uv": [7.5, 7.75, 7.625, 7.875], "texture": "#0"}
			}
		},
		{
			"name": "Layer 2_11",
			"from": [8.3125, 7.9375, 6.1875],
			"to": [8.4375, 8.0625, 6.5],
			"faces": {
				"north": {"uv": [8.375, 7.75, 8.25, 7.875], "texture": "#0"},
				"south": {"uv": [8.25, 7.75, 8.375, 7.875], "texture": "#0"}
			}
		},
		{
			"name": "Layer 2_12",
			"from": [7.3125, 7.0625, 6.1875],
			"to": [7.6875, 7.5625, 6.5],
			"faces": {
				"north": {"uv": [7.625, 8.25, 7.25, 8.75], "texture": "#0"},
				"south": {"uv": [7.25, 8.25, 7.625, 8.75], "texture": "#0"},
				"west": {"uv": [7.25, 8.25, 7.375, 8.75], "texture": "#0"},
				"down": {"uv": [7.25, 8.625, 7.625, 8.75], "texture": "#0"}
			}
		},
		{
			"name": "Layer 2_13",
			"from": [8.3125, 7.0625, 6.1875],
			"to": [8.6875, 7.5625, 6.5],
			"faces": {
				"north": {"uv": [8.625, 8.25, 8.25, 8.75], "texture": "#0"},
				"east": {"uv": [8.5, 8.25, 8.625, 8.75], "texture": "#0"},
				"south": {"uv": [8.25, 8.25, 8.625, 8.75], "texture": "#0"},
				"down": {"uv": [8.25, 8.625, 8.625, 8.75], "texture": "#0"}
			}
		},
		{
			"name": "Layer 2_14",
			"from": [7.6875, 7.0625, 6.1875],
			"to": [7.8125, 7.4375, 6.5],
			"faces": {
				"north": {"uv": [7.75, 8.375, 7.625, 8.75], "texture": "#0"},
				"south": {"uv": [7.625, 8.375, 7.75, 8.75], "texture": "#0"},
				"down": {"uv": [7.625, 8.625, 7.75, 8.75], "texture": "#0"}
			}
		},
		{
			"name": "Layer 2_15",
			"from": [8.1875, 7.0625, 6.1875],
			"to": [8.3125, 7.4375, 6.5],
			"faces": {
				"north": {"uv": [8.25, 8.375, 8.125, 8.75], "texture": "#0"},
				"south": {"uv": [8.125, 8.375, 8.25, 8.75], "texture": "#0"},
				"down": {"uv": [8.125, 8.625, 8.25, 8.75], "texture": "#0"}
			}
		},
		{
			"name": "Layer 2_16",
			"from": [7.1875, 6.8125, 6.1875],
			"to": [7.3125, 7.3125, 6.5],
			"faces": {
				"north": {"uv": [7.25, 8.5, 7.125, 9], "texture": "#0"},
				"east": {"uv": [7.125, 8.5, 7.25, 9], "texture": "#0"},
				"south": {"uv": [7.125, 8.5, 7.25, 9], "texture": "#0"},
				"west": {"uv": [7.125, 8.5, 7.25, 9], "texture": "#0"},
				"up": {"uv": [7.125, 8.5, 7.25, 8.625], "texture": "#0"},
				"down": {"uv": [7.125, 8.875, 7.25, 9], "texture": "#0"}
			}
		},
		{
			"name": "Layer 2_17",
			"from": [8.6875, 6.8125, 6.1875],
			"to": [8.8125, 7.3125, 6.5],
			"faces": {
				"north": {"uv": [8.75, 8.5, 8.625, 9], "texture": "#0"},
				"east": {"uv": [8.625, 8.5, 8.75, 9], "texture": "#0"},
				"south": {"uv": [8.625, 8.5, 8.75, 9], "texture": "#0"},
				"west": {"uv": [8.625, 8.5, 8.75, 9], "texture": "#0"},
				"up": {"uv": [8.625, 8.5, 8.75, 8.625], "texture": "#0"},
				"down": {"uv": [8.625, 8.875, 8.75, 9], "texture": "#0"}
			}
		},
		{
			"name": "Layer 2_18",
			"from": [7.0625, 6.6875, 6.1875],
			"to": [7.1875, 7.0625, 6.5],
			"faces": {
				"north": {"uv": [7.125, 8.75, 7, 9.125], "texture": "#0"},
				"east": {"uv": [7, 8.75, 7.125, 9.125], "texture": "#0"},
				"south": {"uv": [7, 8.75, 7.125, 9.125], "texture": "#0"},
				"west": {"uv": [7, 8.75, 7.125, 9.125], "texture": "#0"},
				"up": {"uv": [7, 8.75, 7.125, 8.875], "texture": "#0"},
				"down": {"uv": [7, 9, 7.125, 9.125], "texture": "#0"}
			}
		},
		{
			"name": "Layer 2_19",
			"from": [7.3125, 6.9375, 6.1875],
			"to": [7.5625, 7.0625, 6.5],
			"faces": {
				"north": {"uv": [7.5, 8.75, 7.25, 8.875], "texture": "#0"},
				"east": {"uv": [7.375, 8.75, 7.5, 8.875], "texture": "#0"},
				"south": {"uv": [7.25, 8.75, 7.5, 8.875], "texture": "#0"},
				"down": {"uv": [7.25, 8.75, 7.5, 8.875], "texture": "#0"}
			}
		},
		{
			"name": "Layer 2_20",
			"from": [8.4375, 6.9375, 6.1875],
			"to": [8.6875, 7.0625, 6.5],
			"faces": {
				"north": {"uv": [8.625, 8.75, 8.375, 8.875], "texture": "#0"},
				"south": {"uv": [8.375, 8.75, 8.625, 8.875], "texture": "#0"},
				"west": {"uv": [8.375, 8.75, 8.5, 8.875], "texture": "#0"},
				"down": {"uv": [8.375, 8.75, 8.625, 8.875], "texture": "#0"}
			}
		},
		{
			"name": "Layer 2_21",
			"from": [8.8125, 6.6875, 6.1875],
			"to": [8.9375, 7.0625, 6.5],
			"faces": {
				"north": {"uv": [8.875, 8.75, 8.75, 9.125], "texture": "#0"},
				"east": {"uv": [8.75, 8.75, 8.875, 9.125], "texture": "#0"},
				"south": {"uv": [8.75, 8.75, 8.875, 9.125], "texture": "#0"},
				"west": {"uv": [8.75, 8.75, 8.875, 9.125], "texture": "#0"},
				"up": {"uv": [8.75, 8.75, 8.875, 8.875], "texture": "#0"},
				"down": {"uv": [8.75, 9, 8.875, 9.125], "texture": "#0"}
			}
		},
		{
			"name": "Layer 2_22",
			"from": [6.9375, 6.6875, 6.1875],
			"to": [7.0625, 6.9375, 6.5],
			"faces": {
				"north": {"uv": [7, 8.875, 6.875, 9.125], "texture": "#0"},
				"south": {"uv": [6.875, 8.875, 7, 9.125], "texture": "#0"},
				"west": {"uv": [6.875, 8.875, 7, 9.125], "texture": "#0"},
				"up": {"uv": [6.875, 8.875, 7, 9], "texture": "#0"},
				"down": {"uv": [6.875, 9, 7, 9.125], "texture": "#0"}
			}
		},
		{
			"name": "Layer 2_23",
			"from": [8.9375, 6.6875, 6.1875],
			"to": [9.0625, 6.9375, 6.5],
			"faces": {
				"north": {"uv": [9, 8.875, 8.875, 9.125], "texture": "#0"},
				"east": {"uv": [8.875, 8.875, 9, 9.125], "texture": "#0"},
				"south": {"uv": [8.875, 8.875, 9, 9.125], "texture": "#0"},
				"up": {"uv": [8.875, 8.875, 9, 9], "texture": "#0"},
				"down": {"uv": [8.875, 9, 9, 9.125], "texture": "#0"}
			}
		},
		{
			"name": "Layer 1_0",
			"from": [7.9375, 5.4375, 6.125],
			"to": [8.0625, 10.0625, 6.5],
			"faces": {
				"north": {"uv": [8, 5.75, 7.875, 10.375], "texture": "#0"},
				"east": {"uv": [7.875, 5.75, 8, 10.375], "texture": "#0"},
				"south": {"uv": [7.875, 5.75, 8, 10.375], "texture": "#0"},
				"west": {"uv": [7.875, 5.75, 8, 10.375], "texture": "#0"},
				"up": {"uv": [7.875, 5.75, 8, 5.875], "texture": "#0"},
				"down": {"uv": [7.875, 10.25, 8, 10.375], "texture": "#0"}
			}
		},
		{
			"name": "Layer 1_1",
			"from": [7.8125, 5.9375, 6.125],
			"to": [7.9375, 9.5625, 6.5],
			"faces": {
				"north": {"uv": [7.875, 6.25, 7.75, 9.875], "texture": "#0"},
				"south": {"uv": [7.75, 6.25, 7.875, 9.875], "texture": "#0"},
				"west": {"uv": [7.75, 6.25, 7.875, 9.875], "texture": "#0"},
				"up": {"uv": [7.75, 6.25, 7.875, 6.375], "texture": "#0"},
				"down": {"uv": [7.75, 9.75, 7.875, 9.875], "texture": "#0"}
			}
		},
		{
			"name": "Layer 1_2",
			"from": [8.0625, 5.9375, 6.125],
			"to": [8.1875, 9.5625, 6.5],
			"faces": {
				"north": {"uv": [8.125, 6.25, 8, 9.875], "texture": "#0"},
				"east": {"uv": [8, 6.25, 8.125, 9.875], "texture": "#0"},
				"south": {"uv": [8, 6.25, 8.125, 9.875], "texture": "#0"},
				"up": {"uv": [8, 6.25, 8.125, 6.375], "texture": "#0"},
				"down": {"uv": [8, 9.75, 8.125, 9.875], "texture": "#0"}
			}
		},
		{
			"name": "Layer 1_3",
			"from": [7.6875, 8.6875, 6.125],
			"to": [7.8125, 9.0625, 6.5],
			"faces": {
				"north": {"uv": [7.75, 6.75, 7.625, 7.125], "texture": "#0"},
				"south": {"uv": [7.625, 6.75, 7.75, 7.125], "texture": "#0"},
				"west": {"uv": [7.625, 6.75, 7.75, 7.125], "texture": "#0"},
				"up": {"uv": [7.625, 6.75, 7.75, 6.875], "texture": "#0"},
				"down": {"uv": [7.625, 7, 7.75, 7.125], "texture": "#0"}
			}
		},
		{
			"name": "Layer 1_4",
			"from": [8.1875, 8.6875, 6.125],
			"to": [8.3125, 9.0625, 6.5],
			"faces": {
				"north": {"uv": [8.25, 6.75, 8.125, 7.125], "texture": "#0"},
				"east": {"uv": [8.125, 6.75, 8.25, 7.125], "texture": "#0"},
				"south": {"uv": [8.125, 6.75, 8.25, 7.125], "texture": "#0"},
				"up": {"uv": [8.125, 6.75, 8.25, 6.875], "texture": "#0"},
				"down": {"uv": [8.125, 7, 8.25, 7.125], "texture": "#0"}
			}
		},
		{
			"name": "Layer 1_5",
			"from": [6.8125, 7.4375, 6.125],
			"to": [7.0625, 8.0625, 6.5],
			"faces": {
				"north": {"uv": [7, 7.75, 6.75, 8.375], "texture": "#0"},
				"east": {"uv": [6.875, 7.75, 7, 8.375], "texture": "#0"},
				"south": {"uv": [6.75, 7.75, 7, 8.375], "texture": "#0"},
				"west": {"uv": [6.75, 7.75, 6.875, 8.375], "texture": "#0"},
				"up": {"uv": [6.75, 7.75, 7, 7.875], "texture": "#0"},
				"down": {"uv": [6.75, 8.25, 7, 8.375], "texture": "#0"}
			}
		},
		{
			"name": "Layer 1_6",
			"from": [7.6875, 7.4375, 6.125],
			"to": [7.8125, 8.0625, 6.5],
			"faces": {
				"north": {"uv": [7.75, 7.75, 7.625, 8.375], "texture": "#0"},
				"south": {"uv": [7.625, 7.75, 7.75, 8.375], "texture": "#0"},
				"west": {"uv": [7.625, 7.75, 7.75, 8.375], "texture": "#0"},
				"up": {"uv": [7.625, 7.75, 7.75, 7.875], "texture": "#0"},
				"down": {"uv": [7.625, 8.25, 7.75, 8.375], "texture": "#0"}
			}
		},
		{
			"name": "Layer 1_7",
			"from": [8.1875, 7.4375, 6.125],
			"to": [8.3125, 8.0625, 6.5],
			"faces": {
				"north": {"uv": [8.25, 7.75, 8.125, 8.375], "texture": "#0"},
				"east": {"uv": [8.125, 7.75, 8.25, 8.375], "texture": "#0"},
				"south": {"uv": [8.125, 7.75, 8.25, 8.375], "texture": "#0"},
				"up": {"uv": [8.125, 7.75, 8.25, 7.875], "texture": "#0"},
				"down": {"uv": [8.125, 8.25, 8.25, 8.375], "texture": "#0"}
			}
		},
		{
			"name": "Layer 1_8",
			"from": [8.9375, 7.4375, 6.125],
			"to": [9.1875, 8.0625, 6.5],
			"faces": {
				"north": {"uv": [9.125, 7.75, 8.875, 8.375], "texture": "#0"},
				"east": {"uv": [9, 7.75, 9.125, 8.375], "texture": "#0"},
				"south": {"uv": [8.875, 7.75, 9.125, 8.375], "texture": "#0"},
				"west": {"uv": [8.875, 7.75, 9, 8.375], "texture": "#0"},
				"up": {"uv": [8.875, 7.75, 9.125, 7.875], "texture": "#0"},
				"down": {"uv": [8.875, 8.25, 9.125, 8.375], "texture": "#0"}
			}
		},
		{
			"name": "Layer 1_9",
			"from": [6.4375, 7.6875, 6.125],
			"to": [6.8125, 7.9375, 6.5],
			"faces": {
				"north": {"uv": [6.75, 7.875, 6.375, 8.125], "texture": "#0"},
				"south": {"uv": [6.375, 7.875, 6.75, 8.125], "texture": "#0"},
				"west": {"uv": [6.375, 7.875, 6.5, 8.125], "texture": "#0"},
				"up": {"uv": [6.375, 7.875, 6.75, 8], "texture": "#0"},
				"down": {"uv": [6.375, 8, 6.75, 8.125], "texture": "#0"}
			}
		},
		{
			"name": "Layer 1_10",
			"from": [7.0625, 7.5625, 6.125],
			"to": [7.6875, 7.9375, 6.5],
			"faces": {
				"north": {"uv": [7.625, 7.875, 7, 8.25], "texture": "#0"},
				"south": {"uv": [7, 7.875, 7.625, 8.25], "texture": "#0"},
				"up": {"uv": [7, 7.875, 7.625, 8], "texture": "#0"},
				"down": {"uv": [7, 8.125, 7.625, 8.25], "texture": "#0"}
			}
		},
		{
			"name": "Layer 1_11",
			"from": [8.3125, 7.5625, 6.125],
			"to": [8.9375, 7.9375, 6.5],
			"faces": {
				"north": {"uv": [8.875, 7.875, 8.25, 8.25], "texture": "#0"},
				"south": {"uv": [8.25, 7.875, 8.875, 8.25], "texture": "#0"},
				"up": {"uv": [8.25, 7.875, 8.875, 8], "texture": "#0"},
				"down": {"uv": [8.25, 8.125, 8.875, 8.25], "texture": "#0"}
			}
		},
		{
			"name": "Layer 1_12",
			"from": [9.1875, 7.6875, 6.125],
			"to": [9.5625, 7.9375, 6.5],
			"faces": {
				"north": {"uv": [9.5, 7.875, 9.125, 8.125], "texture": "#0"},
				"east": {"uv": [9.375, 7.875, 9.5, 8.125], "texture": "#0"},
				"south": {"uv": [9.125, 7.875, 9.5, 8.125], "texture": "#0"},
				"up": {"uv": [9.125, 7.875, 9.5, 8], "texture": "#0"},
				"down": {"uv": [9.125, 8, 9.5, 8.125], "texture": "#0"}
			}
		},
		{
			"name": "Layer 1_13",
			"from": [6.5625, 7.5625, 6.125],
			"to": [6.8125, 7.6875, 6.5],
			"faces": {
				"north": {"uv": [6.75, 8.125, 6.5, 8.25], "texture": "#0"},
				"south": {"uv": [6.5, 8.125, 6.75, 8.25], "texture": "#0"},
				"west": {"uv": [6.5, 8.125, 6.625, 8.25], "texture": "#0"},
				"down": {"uv": [6.5, 8.125, 6.75, 8.25], "texture": "#0"}
			}
		},
		{
			"name": "Layer 1_14",
			"from": [9.1875, 7.5625, 6.125],
			"to": [9.4375, 7.6875, 6.5],
			"faces": {
				"north": {"uv": [9.375, 8.125, 9.125, 8.25], "texture": "#0"},
				"east": {"uv": [9.25, 8.125, 9.375, 8.25], "texture": "#0"},
				"south": {"uv": [9.125, 8.125, 9.375, 8.25], "texture": "#0"},
				"down": {"uv": [9.125, 8.125, 9.375, 8.25], "texture": "#0"}
			}
		},
		{
			"name": "Layer 1_15",
			"from": [7.6875, 6.4375, 6.125],
			"to": [7.8125, 6.8125, 6.5],
			"faces": {
				"north": {"uv": [7.75, 9, 7.625, 9.375], "texture": "#0"},
				"south": {"uv": [7.625, 9, 7.75, 9.375], "texture": "#0"},
				"west": {"uv": [7.625, 9, 7.75, 9.375], "texture": "#0"},
				"up": {"uv": [7.625, 9, 7.75, 9.125], "texture": "#0"},
				"down": {"uv": [7.625, 9.25, 7.75, 9.375], "texture": "#0"}
			}
		},
		{
			"name": "Layer 1_16",
			"from": [8.1875, 6.4375, 6.125],
			"to": [8.3125, 6.8125, 6.5],
			"faces": {
				"north": {"uv": [8.25, 9, 8.125, 9.375], "texture": "#0"},
				"east": {"uv": [8.125, 9, 8.25, 9.375], "texture": "#0"},
				"south": {"uv": [8.125, 9, 8.25, 9.375], "texture": "#0"},
				"up": {"uv": [8.125, 9, 8.25, 9.125], "texture": "#0"},
				"down": {"uv": [8.125, 9.25, 8.25, 9.375], "texture": "#0"}
			}
		}
	],
	"display": {
		"thirdperson_righthand": {
			"rotation": [0, -90, 0],
			"translation": [-2, -1.25, 2.75],
			"scale": [3, 3, 3]
		},
		"thirdperson_lefthand": {
			"rotation": [0, -90, 0],
			"translation": [-2, -1.25, 2.75],
			"scale": [3, 3, 3]
		},
		"firstperson_righthand": {
			"rotation": [0, -5, -4],
			"translation": [7.5, 0, -0.75],
			"scale": [3, 3, 3]
		},
		"firstperson_lefthand": {
			"rotation": [0, -5, -4],
			"translation": [7.5, 0, -0.75],
			"scale": [3, 3, 3]
		},
		"ground": {
			"translation": [0, 10, 0],
			"scale": [3, 3, 3]
		},
		"gui": {
			"rotation": [0, 180, 0],
			"translation": [0.5, 1.5, 0],
			"scale": [2, 2, 2]
		},
		"head": {
			"rotation": [180, 0, 180],
			"translation": [0, -12.25, 2],
			"scale": [3.5, 3.5, 3.5]
		},
		"fixed": {
			"translation": [0, 2, 3.75],
			"scale": [2, 2, 2]
		}
	},
	"groups": [
		{
			"name": "plank_shield4",
			"origin": [8, 8, 8],
			"color": 0,
			"children": [0, 1, 2]
		},
		{
			"name": "Flattened",
			"origin": [8, 8, 8],
			"color": 0,
			"children": [
				3,
				4,
				5,
				6,
				7,
				8,
				9,
				10,
				11,
				12,
				13,
				14,
				15,
				16,
				17,
				18,
				19,
				20,
				21,
				22,
				23,
				24,
				25,
				26,
				27,
				28,
				29,
				30,
				31,
				32,
				33,
				34,
				35,
				36,
				37,
				38,
				39,
				40,
				41,
				42,
				43,
				44,
				45,
				46,
				47,
				48,
				49,
				50,
				51,
				52,
				53,
				54,
				55,
				56,
				57,
				58,
				59,
				60,
				61,
				62,
				63,
				64,
				65,
				66,
				67,
				68,
				69,
				70,
				71,
				72,
				73,
				74,
				75,
				76,
				77,
				78,
				79,
				80,
				81,
				82,
				83,
				84,
				85,
				86,
				87
			]
		},
		{
			"name": "Layer 3",
			"origin": [8, 8, 8],
			"color": 0,
			"children": [
				88,
				89,
				90,
				91,
				92,
				93,
				94,
				95,
				96,
				97,
				98,
				99,
				100,
				101,
				102,
				103,
				104,
				105,
				106,
				107,
				108,
				109,
				110,
				111,
				112,
				113,
				114,
				115,
				116,
				117,
				118,
				119,
				120,
				121,
				122,
				123,
				124,
				125,
				126,
				127,
				128,
				129,
				130,
				131,
				132,
				133,
				134,
				135,
				136,
				137,
				138,
				139,
				140,
				141,
				142,
				143,
				144,
				145,
				146,
				147,
				148,
				149,
				150,
				151,
				152,
				153,
				154,
				155,
				156,
				157,
				158,
				159,
				160,
				161,
				162,
				163,
				164,
				165,
				166,
				167,
				168,
				169,
				170,
				171,
				172,
				173,
				174,
				175,
				176,
				177,
				178,
				179,
				180,
				181,
				182,
				183,
				184,
				185,
				186
			]
		},
		{
			"name": "Layer 2",
			"origin": [8, 8, 8],
			"color": 0,
			"children": [187, 188, 189, 190, 191, 192, 193, 194, 195, 196, 197, 198, 199, 200, 201, 202, 203, 204, 205, 206, 207, 208, 209, 210]
		},
		{
			"name": "Layer 1",
			"origin": [8, 8, 8],
			"color": 0,
			"children": [211, 212, 213, 214, 215, 216, 217, 218, 219, 220, 221, 222, 223, 224, 225, 226, 227]
		}
	]
}