{
	"credit": "Made with Blockbench",
	"textures": {
		"0": "item/royal_shield",
		"particle": "item/royal_shield"
	},
	"elements": [
		{
			"name": "plank_shield4_0",
			"from": [7.75, 8.5, 6.625],
			"to": [8.25, 8.625, 8.125],
			"rotation": {"angle": 0, "axis": "y", "origin": [8.75, 8.75, 7.0625]},
			"faces": {
				"east": {"uv": [2, 2, 3.5, 2.125], "texture": "#0"},
				"south": {"uv": [2, 2, 2.125, 2.5], "rotation": 90, "texture": "#0"},
				"west": {"uv": [2, 2.375, 3.5, 2.5], "rotation": 180, "texture": "#0"},
				"up": {"uv": [3.5, 2, 2, 2.5], "rotation": 90, "texture": "#0"},
				"down": {"uv": [2, 2, 3.5, 2.5], "rotation": 90, "texture": "#0"}
			}
		},
		{
			"name": "plank_shield4_1",
			"from": [7.75, 6.875, 6.625],
			"to": [8.25, 7, 8.125],
			"rotation": {"angle": 0, "axis": "y", "origin": [8.75, 8.75, 7.0625]},
			"faces": {
				"east": {"uv": [2, 2, 3.5, 2.125], "texture": "#0"},
				"south": {"uv": [2, 2, 2.125, 2.5], "rotation": 90, "texture": "#0"},
				"west": {"uv": [2, 2.375, 3.5, 2.5], "rotation": 180, "texture": "#0"},
				"up": {"uv": [3.5, 2, 2, 2.5], "rotation": 90, "texture": "#0"},
				"down": {"uv": [2, 2, 3.5, 2.5], "rotation": 90, "texture": "#0"}
			}
		},
		{
			"name": "plank_shield4_1",
			"from": [7.75, 7, 8],
			"to": [8.25, 8.5, 8.125],
			"rotation": {"angle": 0, "axis": "x", "origin": [8.5, 8.5625, 8.375]},
			"faces": {
				"north": {"uv": [2, 2, 3.5, 2.5], "rotation": 270, "texture": "#0"},
				"east": {"uv": [2, 2, 3.5, 2.125], "rotation": 270, "texture": "#0"},
				"south": {"uv": [3.5, 2, 2, 2.5], "rotation": 90, "texture": "#0"},
				"west": {"uv": [2, 2.375, 3.5, 2.5], "rotation": 270, "texture": "#0"}
			}
		},
		{
			"name": "Layer 4 Copy_0",
			"from": [6.5, 9.375, 6.4375],
			"to": [6.625, 9.5, 6.6875],
			"faces": {
				"north": {"uv": [6.625, 6.5, 6.5, 6.625], "texture": "#0"},
				"east": {"uv": [6.5, 6.5, 6.625, 6.625], "texture": "#0"},
				"south": {"uv": [6.5, 6.5, 6.625, 6.625], "texture": "#0"},
				"west": {"uv": [6.5, 6.5, 6.625, 6.625], "texture": "#0"},
				"up": {"uv": [6.5, 6.5, 6.625, 6.625], "texture": "#0"},
				"down": {"uv": [6.5, 6.5, 6.625, 6.625], "texture": "#0"}
			}
		},
		{
			"name": "Layer 4 Copy_1",
			"from": [6.875, 9.375, 6.4375],
			"to": [7, 9.5, 6.6875],
			"faces": {
				"north": {"uv": [7, 6.5, 6.875, 6.625], "texture": "#0"},
				"east": {"uv": [6.875, 6.5, 7, 6.625], "texture": "#0"},
				"south": {"uv": [6.875, 6.5, 7, 6.625], "texture": "#0"},
				"west": {"uv": [6.875, 6.5, 7, 6.625], "texture": "#0"},
				"up": {"uv": [6.875, 6.5, 7, 6.625], "texture": "#0"},
				"down": {"uv": [6.875, 6.5, 7, 6.625], "texture": "#0"}
			}
		},
		{
			"name": "Layer 4 Copy_2",
			"from": [9, 9.375, 6.4375],
			"to": [9.125, 9.5, 6.6875],
			"faces": {
				"north": {"uv": [9.125, 6.5, 9, 6.625], "texture": "#0"},
				"east": {"uv": [9, 6.5, 9.125, 6.625], "texture": "#0"},
				"south": {"uv": [9, 6.5, 9.125, 6.625], "texture": "#0"},
				"west": {"uv": [9, 6.5, 9.125, 6.625], "texture": "#0"},
				"up": {"uv": [9, 6.5, 9.125, 6.625], "texture": "#0"},
				"down": {"uv": [9, 6.5, 9.125, 6.625], "texture": "#0"}
			}
		},
		{
			"name": "Layer 4 Copy_3",
			"from": [9.375, 9.375, 6.4375],
			"to": [9.5, 9.5, 6.6875],
			"faces": {
				"north": {"uv": [9.5, 6.5, 9.375, 6.625], "texture": "#0"},
				"east": {"uv": [9.375, 6.5, 9.5, 6.625], "texture": "#0"},
				"south": {"uv": [9.375, 6.5, 9.5, 6.625], "texture": "#0"},
				"west": {"uv": [9.375, 6.5, 9.5, 6.625], "texture": "#0"},
				"up": {"uv": [9.375, 6.5, 9.5, 6.625], "texture": "#0"},
				"down": {"uv": [9.375, 6.5, 9.5, 6.625], "texture": "#0"}
			}
		},
		{
			"name": "Layer 4 Copy_4",
			"from": [6.625, 9.25, 6.4375],
			"to": [6.875, 9.375, 6.6875],
			"faces": {
				"north": {"uv": [6.875, 6.625, 6.625, 6.75], "texture": "#0"},
				"east": {"uv": [6.75, 6.625, 6.875, 6.75], "texture": "#0"},
				"south": {"uv": [6.625, 6.625, 6.875, 6.75], "texture": "#0"},
				"west": {"uv": [6.625, 6.625, 6.75, 6.75], "texture": "#0"},
				"up": {"uv": [6.625, 6.625, 6.875, 6.75], "texture": "#0"},
				"down": {"uv": [6.625, 6.625, 6.875, 6.75], "texture": "#0"}
			}
		},
		{
			"name": "Layer 4 Copy_5",
			"from": [7.25, 9.25, 6.4375],
			"to": [7.5, 9.375, 6.6875],
			"faces": {
				"north": {"uv": [7.5, 6.625, 7.25, 6.75], "texture": "#0"},
				"east": {"uv": [7.375, 6.625, 7.5, 6.75], "texture": "#0"},
				"south": {"uv": [7.25, 6.625, 7.5, 6.75], "texture": "#0"},
				"west": {"uv": [7.25, 6.625, 7.375, 6.75], "texture": "#0"},
				"up": {"uv": [7.25, 6.625, 7.5, 6.75], "texture": "#0"},
				"down": {"uv": [7.25, 6.625, 7.5, 6.75], "texture": "#0"}
			}
		},
		{
			"name": "Layer 4 Copy_6",
			"from": [8.5, 9.25, 6.4375],
			"to": [8.75, 9.375, 6.6875],
			"faces": {
				"north": {"uv": [8.75, 6.625, 8.5, 6.75], "texture": "#0"},
				"east": {"uv": [8.625, 6.625, 8.75, 6.75], "texture": "#0"},
				"south": {"uv": [8.5, 6.625, 8.75, 6.75], "texture": "#0"},
				"west": {"uv": [8.5, 6.625, 8.625, 6.75], "texture": "#0"},
				"up": {"uv": [8.5, 6.625, 8.75, 6.75], "texture": "#0"},
				"down": {"uv": [8.5, 6.625, 8.75, 6.75], "texture": "#0"}
			}
		},
		{
			"name": "Layer 4 Copy_7",
			"from": [9.125, 9.25, 6.4375],
			"to": [9.375, 9.375, 6.6875],
			"faces": {
				"north": {"uv": [9.375, 6.625, 9.125, 6.75], "texture": "#0"},
				"east": {"uv": [9.25, 6.625, 9.375, 6.75], "texture": "#0"},
				"south": {"uv": [9.125, 6.625, 9.375, 6.75], "texture": "#0"},
				"west": {"uv": [9.125, 6.625, 9.25, 6.75], "texture": "#0"},
				"up": {"uv": [9.125, 6.625, 9.375, 6.75], "texture": "#0"},
				"down": {"uv": [9.125, 6.625, 9.375, 6.75], "texture": "#0"}
			}
		},
		{
			"name": "Layer 4 Copy_8",
			"from": [6.625, 9.125, 6.4375],
			"to": [6.75, 9.25, 6.6875],
			"faces": {
				"north": {"uv": [6.75, 6.75, 6.625, 6.875], "texture": "#0"},
				"east": {"uv": [6.625, 6.75, 6.75, 6.875], "texture": "#0"},
				"south": {"uv": [6.625, 6.75, 6.75, 6.875], "texture": "#0"},
				"west": {"uv": [6.625, 6.75, 6.75, 6.875], "texture": "#0"},
				"down": {"uv": [6.625, 6.75, 6.75, 6.875], "texture": "#0"}
			}
		},
		{
			"name": "Layer 4 Copy_9",
			"from": [7.5, 9.125, 6.4375],
			"to": [7.625, 9.25, 6.6875],
			"faces": {
				"north": {"uv": [7.625, 6.75, 7.5, 6.875], "texture": "#0"},
				"east": {"uv": [7.5, 6.75, 7.625, 6.875], "texture": "#0"},
				"south": {"uv": [7.5, 6.75, 7.625, 6.875], "texture": "#0"},
				"west": {"uv": [7.5, 6.75, 7.625, 6.875], "texture": "#0"},
				"up": {"uv": [7.5, 6.75, 7.625, 6.875], "texture": "#0"},
				"down": {"uv": [7.5, 6.75, 7.625, 6.875], "texture": "#0"}
			}
		},
		{
			"name": "Layer 4 Copy_10",
			"from": [8.375, 9.125, 6.4375],
			"to": [8.5, 9.25, 6.6875],
			"faces": {
				"north": {"uv": [8.5, 6.75, 8.375, 6.875], "texture": "#0"},
				"east": {"uv": [8.375, 6.75, 8.5, 6.875], "texture": "#0"},
				"south": {"uv": [8.375, 6.75, 8.5, 6.875], "texture": "#0"},
				"west": {"uv": [8.375, 6.75, 8.5, 6.875], "texture": "#0"},
				"up": {"uv": [8.375, 6.75, 8.5, 6.875], "texture": "#0"},
				"down": {"uv": [8.375, 6.75, 8.5, 6.875], "texture": "#0"}
			}
		},
		{
			"name": "Layer 4 Copy_11",
			"from": [9.25, 9.125, 6.4375],
			"to": [9.375, 9.25, 6.6875],
			"faces": {
				"north": {"uv": [9.375, 6.75, 9.25, 6.875], "texture": "#0"},
				"east": {"uv": [9.25, 6.75, 9.375, 6.875], "texture": "#0"},
				"south": {"uv": [9.25, 6.75, 9.375, 6.875], "texture": "#0"},
				"west": {"uv": [9.25, 6.75, 9.375, 6.875], "texture": "#0"},
				"down": {"uv": [9.25, 6.75, 9.375, 6.875], "texture": "#0"}
			}
		},
		{
			"name": "Layer 4 Copy_12",
			"from": [6.5, 9, 6.4375],
			"to": [6.625, 9.125, 6.6875],
			"faces": {
				"north": {"uv": [6.625, 6.875, 6.5, 7], "texture": "#0"},
				"east": {"uv": [6.5, 6.875, 6.625, 7], "texture": "#0"},
				"south": {"uv": [6.5, 6.875, 6.625, 7], "texture": "#0"},
				"west": {"uv": [6.5, 6.875, 6.625, 7], "texture": "#0"},
				"up": {"uv": [6.5, 6.875, 6.625, 7], "texture": "#0"},
				"down": {"uv": [6.5, 6.875, 6.625, 7], "texture": "#0"}
			}
		},
		{
			"name": "Layer 4 Copy_13",
			"from": [7.625, 8.625, 6.4375],
			"to": [7.75, 9.125, 6.6875],
			"faces": {
				"north": {"uv": [7.75, 6.875, 7.625, 7.375], "texture": "#0"},
				"east": {"uv": [7.625, 6.875, 7.75, 7.375], "texture": "#0"},
				"south": {"uv": [7.625, 6.875, 7.75, 7.375], "texture": "#0"},
				"west": {"uv": [7.625, 6.875, 7.75, 7.375], "texture": "#0"},
				"up": {"uv": [7.625, 6.875, 7.75, 7], "texture": "#0"},
				"down": {"uv": [7.625, 7.25, 7.75, 7.375], "texture": "#0"}
			}
		},
		{
			"name": "Layer 4 Copy_14",
			"from": [8.25, 8.625, 6.4375],
			"to": [8.375, 9.125, 6.6875],
			"faces": {
				"north": {"uv": [8.375, 6.875, 8.25, 7.375], "texture": "#0"},
				"east": {"uv": [8.25, 6.875, 8.375, 7.375], "texture": "#0"},
				"south": {"uv": [8.25, 6.875, 8.375, 7.375], "texture": "#0"},
				"west": {"uv": [8.25, 6.875, 8.375, 7.375], "texture": "#0"},
				"up": {"uv": [8.25, 6.875, 8.375, 7], "texture": "#0"},
				"down": {"uv": [8.25, 7.25, 8.375, 7.375], "texture": "#0"}
			}
		},
		{
			"name": "Layer 4 Copy_15",
			"from": [9.375, 9, 6.4375],
			"to": [9.5, 9.125, 6.6875],
			"faces": {
				"north": {"uv": [9.5, 6.875, 9.375, 7], "texture": "#0"},
				"east": {"uv": [9.375, 6.875, 9.5, 7], "texture": "#0"},
				"south": {"uv": [9.375, 6.875, 9.5, 7], "texture": "#0"},
				"west": {"uv": [9.375, 6.875, 9.5, 7], "texture": "#0"},
				"up": {"uv": [9.375, 6.875, 9.5, 7], "texture": "#0"},
				"down": {"uv": [9.375, 6.875, 9.5, 7], "texture": "#0"}
			}
		},
		{
			"name": "Layer 4 Copy_16",
			"from": [7, 8.875, 6.4375],
			"to": [7.25, 9, 6.6875],
			"faces": {
				"north": {"uv": [7.25, 7, 7, 7.125], "texture": "#0"},
				"east": {"uv": [7.125, 7, 7.25, 7.125], "texture": "#0"},
				"south": {"uv": [7, 7, 7.25, 7.125], "texture": "#0"},
				"west": {"uv": [7, 7, 7.125, 7.125], "texture": "#0"},
				"up": {"uv": [7, 7, 7.25, 7.125], "texture": "#0"},
				"down": {"uv": [7, 7, 7.25, 7.125], "texture": "#0"}
			}
		},
		{
			"name": "Layer 4 Copy_17",
			"from": [7.875, 8.875, 6.4375],
			"to": [8.125, 9, 6.6875],
			"faces": {
				"north": {"uv": [8.125, 7, 7.875, 7.125], "texture": "#0"},
				"east": {"uv": [8, 7, 8.125, 7.125], "texture": "#0"},
				"south": {"uv": [7.875, 7, 8.125, 7.125], "texture": "#0"},
				"west": {"uv": [7.875, 7, 8, 7.125], "texture": "#0"},
				"up": {"uv": [7.875, 7, 8.125, 7.125], "texture": "#0"},
				"down": {"uv": [7.875, 7, 8.125, 7.125], "texture": "#0"}
			}
		},
		{
			"name": "Layer 4 Copy_18",
			"from": [8.75, 8.875, 6.4375],
			"to": [9, 9, 6.6875],
			"faces": {
				"north": {"uv": [9, 7, 8.75, 7.125], "texture": "#0"},
				"east": {"uv": [8.875, 7, 9, 7.125], "texture": "#0"},
				"south": {"uv": [8.75, 7, 9, 7.125], "texture": "#0"},
				"west": {"uv": [8.75, 7, 8.875, 7.125], "texture": "#0"},
				"up": {"uv": [8.75, 7, 9, 7.125], "texture": "#0"},
				"down": {"uv": [8.75, 7, 9, 7.125], "texture": "#0"}
			}
		},
		{
			"name": "Layer 4 Copy_19",
			"from": [6.875, 8.5, 6.4375],
			"to": [7, 8.875, 6.6875],
			"faces": {
				"north": {"uv": [7, 7.125, 6.875, 7.5], "texture": "#0"},
				"east": {"uv": [6.875, 7.125, 7, 7.5], "texture": "#0"},
				"south": {"uv": [6.875, 7.125, 7, 7.5], "texture": "#0"},
				"west": {"uv": [6.875, 7.125, 7, 7.5], "texture": "#0"},
				"up": {"uv": [6.875, 7.125, 7, 7.25], "texture": "#0"},
				"down": {"uv": [6.875, 7.375, 7, 7.5], "texture": "#0"}
			}
		},
		{
			"name": "Layer 4 Copy_20",
			"from": [7.25, 8.625, 6.4375],
			"to": [7.375, 8.875, 6.6875],
			"faces": {
				"north": {"uv": [7.375, 7.125, 7.25, 7.375], "texture": "#0"},
				"east": {"uv": [7.25, 7.125, 7.375, 7.375], "texture": "#0"},
				"south": {"uv": [7.25, 7.125, 7.375, 7.375], "texture": "#0"},
				"west": {"uv": [7.25, 7.125, 7.375, 7.375], "texture": "#0"},
				"up": {"uv": [7.25, 7.125, 7.375, 7.25], "texture": "#0"},
				"down": {"uv": [7.25, 7.25, 7.375, 7.375], "texture": "#0"}
			}
		},
		{
			"name": "Layer 4 Copy_21",
			"from": [7.75, 8.75, 6.4375],
			"to": [7.875, 8.875, 6.6875],
			"faces": {
				"north": {"uv": [7.875, 7.125, 7.75, 7.25], "texture": "#0"},
				"east": {"uv": [7.75, 7.125, 7.875, 7.25], "texture": "#0"},
				"south": {"uv": [7.75, 7.125, 7.875, 7.25], "texture": "#0"},
				"up": {"uv": [7.75, 7.125, 7.875, 7.25], "texture": "#0"},
				"down": {"uv": [7.75, 7.125, 7.875, 7.25], "texture": "#0"}
			}
		},
		{
			"name": "Layer 4 Copy_22",
			"from": [8.125, 8.75, 6.4375],
			"to": [8.25, 8.875, 6.6875],
			"faces": {
				"north": {"uv": [8.25, 7.125, 8.125, 7.25], "texture": "#0"},
				"south": {"uv": [8.125, 7.125, 8.25, 7.25], "texture": "#0"},
				"west": {"uv": [8.125, 7.125, 8.25, 7.25], "texture": "#0"},
				"up": {"uv": [8.125, 7.125, 8.25, 7.25], "texture": "#0"},
				"down": {"uv": [8.125, 7.125, 8.25, 7.25], "texture": "#0"}
			}
		},
		{
			"name": "Layer 4 Copy_23",
			"from": [8.625, 8.625, 6.4375],
			"to": [8.75, 8.875, 6.6875],
			"faces": {
				"north": {"uv": [8.75, 7.125, 8.625, 7.375], "texture": "#0"},
				"east": {"uv": [8.625, 7.125, 8.75, 7.375], "texture": "#0"},
				"south": {"uv": [8.625, 7.125, 8.75, 7.375], "texture": "#0"},
				"west": {"uv": [8.625, 7.125, 8.75, 7.375], "texture": "#0"},
				"up": {"uv": [8.625, 7.125, 8.75, 7.25], "texture": "#0"},
				"down": {"uv": [8.625, 7.25, 8.75, 7.375], "texture": "#0"}
			}
		},
		{
			"name": "Layer 4 Copy_24",
			"from": [9, 8.5, 6.4375],
			"to": [9.125, 8.875, 6.6875],
			"faces": {
				"north": {"uv": [9.125, 7.125, 9, 7.5], "texture": "#0"},
				"east": {"uv": [9, 7.125, 9.125, 7.5], "texture": "#0"},
				"south": {"uv": [9, 7.125, 9.125, 7.5], "texture": "#0"},
				"west": {"uv": [9, 7.125, 9.125, 7.5], "texture": "#0"},
				"up": {"uv": [9, 7.125, 9.125, 7.25], "texture": "#0"},
				"down": {"uv": [9, 7.375, 9.125, 7.5], "texture": "#0"}
			}
		},
		{
			"name": "Layer 4 Copy_25",
			"from": [7.125, 8.625, 6.4375],
			"to": [7.25, 8.75, 6.6875],
			"faces": {
				"north": {"uv": [7.25, 7.25, 7.125, 7.375], "texture": "#0"},
				"south": {"uv": [7.125, 7.25, 7.25, 7.375], "texture": "#0"},
				"west": {"uv": [7.125, 7.25, 7.25, 7.375], "texture": "#0"},
				"up": {"uv": [7.125, 7.25, 7.25, 7.375], "texture": "#0"},
				"down": {"uv": [7.125, 7.25, 7.25, 7.375], "texture": "#0"}
			}
		},
		{
			"name": "Layer 4 Copy_26",
			"from": [8.75, 8.625, 6.4375],
			"to": [8.875, 8.75, 6.6875],
			"faces": {
				"north": {"uv": [8.875, 7.25, 8.75, 7.375], "texture": "#0"},
				"east": {"uv": [8.75, 7.25, 8.875, 7.375], "texture": "#0"},
				"south": {"uv": [8.75, 7.25, 8.875, 7.375], "texture": "#0"},
				"up": {"uv": [8.75, 7.25, 8.875, 7.375], "texture": "#0"},
				"down": {"uv": [8.75, 7.25, 8.875, 7.375], "texture": "#0"}
			}
		},
		{
			"name": "Layer 4 Copy_27",
			"from": [7.5, 8.5, 6.4375],
			"to": [7.625, 8.625, 6.6875],
			"faces": {
				"north": {"uv": [7.625, 7.375, 7.5, 7.5], "texture": "#0"},
				"east": {"uv": [7.5, 7.375, 7.625, 7.5], "texture": "#0"},
				"south": {"uv": [7.5, 7.375, 7.625, 7.5], "texture": "#0"},
				"west": {"uv": [7.5, 7.375, 7.625, 7.5], "texture": "#0"},
				"up": {"uv": [7.5, 7.375, 7.625, 7.5], "texture": "#0"},
				"down": {"uv": [7.5, 7.375, 7.625, 7.5], "texture": "#0"}
			}
		},
		{
			"name": "Layer 4 Copy_28",
			"from": [8.375, 8.5, 6.4375],
			"to": [8.5, 8.625, 6.6875],
			"faces": {
				"north": {"uv": [8.5, 7.375, 8.375, 7.5], "texture": "#0"},
				"east": {"uv": [8.375, 7.375, 8.5, 7.5], "texture": "#0"},
				"south": {"uv": [8.375, 7.375, 8.5, 7.5], "texture": "#0"},
				"west": {"uv": [8.375, 7.375, 8.5, 7.5], "texture": "#0"},
				"up": {"uv": [8.375, 7.375, 8.5, 7.5], "texture": "#0"},
				"down": {"uv": [8.375, 7.375, 8.5, 7.5], "texture": "#0"}
			}
		},
		{
			"name": "Layer 4 Copy_29",
			"from": [6.375, 8.375, 6.4375],
			"to": [6.625, 8.5, 6.6875],
			"faces": {
				"north": {"uv": [6.625, 7.5, 6.375, 7.625], "texture": "#0"},
				"east": {"uv": [6.5, 7.5, 6.625, 7.625], "texture": "#0"},
				"south": {"uv": [6.375, 7.5, 6.625, 7.625], "texture": "#0"},
				"west": {"uv": [6.375, 7.5, 6.5, 7.625], "texture": "#0"},
				"up": {"uv": [6.375, 7.5, 6.625, 7.625], "texture": "#0"},
				"down": {"uv": [6.375, 7.5, 6.625, 7.625], "texture": "#0"}
			}
		},
		{
			"name": "Layer 4 Copy_30",
			"from": [7, 8.375, 6.4375],
			"to": [7.5, 8.5, 6.6875],
			"faces": {
				"north": {"uv": [7.5, 7.5, 7, 7.625], "texture": "#0"},
				"east": {"uv": [7.375, 7.5, 7.5, 7.625], "texture": "#0"},
				"south": {"uv": [7, 7.5, 7.5, 7.625], "texture": "#0"},
				"west": {"uv": [7, 7.5, 7.125, 7.625], "texture": "#0"},
				"up": {"uv": [7, 7.5, 7.5, 7.625], "texture": "#0"},
				"down": {"uv": [7, 7.5, 7.5, 7.625], "texture": "#0"}
			}
		},
		{
			"name": "Layer 4 Copy_31",
			"from": [7.875, 8.375, 6.4375],
			"to": [8.125, 8.5, 6.6875],
			"faces": {
				"north": {"uv": [8.125, 7.5, 7.875, 7.625], "texture": "#0"},
				"east": {"uv": [8, 7.5, 8.125, 7.625], "texture": "#0"},
				"south": {"uv": [7.875, 7.5, 8.125, 7.625], "texture": "#0"},
				"west": {"uv": [7.875, 7.5, 8, 7.625], "texture": "#0"},
				"up": {"uv": [7.875, 7.5, 8.125, 7.625], "texture": "#0"},
				"down": {"uv": [7.875, 7.5, 8.125, 7.625], "texture": "#0"}
			}
		},
		{
			"name": "Layer 4 Copy_32",
			"from": [8.5, 8.375, 6.4375],
			"to": [9, 8.5, 6.6875],
			"faces": {
				"north": {"uv": [9, 7.5, 8.5, 7.625], "texture": "#0"},
				"east": {"uv": [8.875, 7.5, 9, 7.625], "texture": "#0"},
				"south": {"uv": [8.5, 7.5, 9, 7.625], "texture": "#0"},
				"west": {"uv": [8.5, 7.5, 8.625, 7.625], "texture": "#0"},
				"up": {"uv": [8.5, 7.5, 9, 7.625], "texture": "#0"},
				"down": {"uv": [8.5, 7.5, 9, 7.625], "texture": "#0"}
			}
		},
		{
			"name": "Layer 4 Copy_33",
			"from": [9.375, 8.375, 6.4375],
			"to": [9.625, 8.5, 6.6875],
			"faces": {
				"north": {"uv": [9.625, 7.5, 9.375, 7.625], "texture": "#0"},
				"east": {"uv": [9.5, 7.5, 9.625, 7.625], "texture": "#0"},
				"south": {"uv": [9.375, 7.5, 9.625, 7.625], "texture": "#0"},
				"west": {"uv": [9.375, 7.5, 9.5, 7.625], "texture": "#0"},
				"up": {"uv": [9.375, 7.5, 9.625, 7.625], "texture": "#0"},
				"down": {"uv": [9.375, 7.5, 9.625, 7.625], "texture": "#0"}
			}
		},
		{
			"name": "Layer 4 Copy_34",
			"from": [6.25, 8, 6.4375],
			"to": [6.375, 8.375, 6.6875],
			"faces": {
				"north": {"uv": [6.375, 7.625, 6.25, 8], "texture": "#0"},
				"east": {"uv": [6.25, 7.625, 6.375, 8], "texture": "#0"},
				"south": {"uv": [6.25, 7.625, 6.375, 8], "texture": "#0"},
				"west": {"uv": [6.25, 7.625, 6.375, 8], "texture": "#0"},
				"up": {"uv": [6.25, 7.625, 6.375, 7.75], "texture": "#0"},
				"down": {"uv": [6.25, 7.875, 6.375, 8], "texture": "#0"}
			}
		},
		{
			"name": "Layer 4 Copy_35",
			"from": [6.625, 8.125, 6.4375],
			"to": [6.75, 8.375, 6.6875],
			"faces": {
				"north": {"uv": [6.75, 7.625, 6.625, 7.875], "texture": "#0"},
				"east": {"uv": [6.625, 7.625, 6.75, 7.875], "texture": "#0"},
				"south": {"uv": [6.625, 7.625, 6.75, 7.875], "texture": "#0"},
				"west": {"uv": [6.625, 7.625, 6.75, 7.875], "texture": "#0"},
				"up": {"uv": [6.625, 7.625, 6.75, 7.75], "texture": "#0"},
				"down": {"uv": [6.625, 7.75, 6.75, 7.875], "texture": "#0"}
			}
		},
		{
			"name": "Layer 4 Copy_36",
			"from": [7.375, 8.25, 6.4375],
			"to": [7.5, 8.375, 6.6875],
			"faces": {
				"north": {"uv": [7.5, 7.625, 7.375, 7.75], "texture": "#0"},
				"east": {"uv": [7.375, 7.625, 7.5, 7.75], "texture": "#0"},
				"south": {"uv": [7.375, 7.625, 7.5, 7.75], "texture": "#0"},
				"west": {"uv": [7.375, 7.625, 7.5, 7.75], "texture": "#0"},
				"down": {"uv": [7.375, 7.625, 7.5, 7.75], "texture": "#0"}
			}
		},
		{
			"name": "Layer 4 Copy_37",
			"from": [7.75, 8.25, 6.4375],
			"to": [7.875, 8.375, 6.6875],
			"faces": {
				"north": {"uv": [7.875, 7.625, 7.75, 7.75], "texture": "#0"},
				"east": {"uv": [7.75, 7.625, 7.875, 7.75], "texture": "#0"},
				"south": {"uv": [7.75, 7.625, 7.875, 7.75], "texture": "#0"},
				"west": {"uv": [7.75, 7.625, 7.875, 7.75], "texture": "#0"},
				"up": {"uv": [7.75, 7.625, 7.875, 7.75], "texture": "#0"},
				"down": {"uv": [7.75, 7.625, 7.875, 7.75], "texture": "#0"}
			}
		},
		{
			"name": "Layer 4 Copy_38",
			"from": [8.125, 8.25, 6.4375],
			"to": [8.25, 8.375, 6.6875],
			"faces": {
				"north": {"uv": [8.25, 7.625, 8.125, 7.75], "texture": "#0"},
				"east": {"uv": [8.125, 7.625, 8.25, 7.75], "texture": "#0"},
				"south": {"uv": [8.125, 7.625, 8.25, 7.75], "texture": "#0"},
				"west": {"uv": [8.125, 7.625, 8.25, 7.75], "texture": "#0"},
				"up": {"uv": [8.125, 7.625, 8.25, 7.75], "texture": "#0"},
				"down": {"uv": [8.125, 7.625, 8.25, 7.75], "texture": "#0"}
			}
		},
		{
			"name": "Layer 4 Copy_39",
			"from": [8.5, 8.25, 6.4375],
			"to": [8.625, 8.375, 6.6875],
			"faces": {
				"north": {"uv": [8.625, 7.625, 8.5, 7.75], "texture": "#0"},
				"east": {"uv": [8.5, 7.625, 8.625, 7.75], "texture": "#0"},
				"south": {"uv": [8.5, 7.625, 8.625, 7.75], "texture": "#0"},
				"west": {"uv": [8.5, 7.625, 8.625, 7.75], "texture": "#0"},
				"down": {"uv": [8.5, 7.625, 8.625, 7.75], "texture": "#0"}
			}
		},
		{
			"name": "Layer 4 Copy_40",
			"from": [9.25, 8.125, 6.4375],
			"to": [9.375, 8.375, 6.6875],
			"faces": {
				"north": {"uv": [9.375, 7.625, 9.25, 7.875], "texture": "#0"},
				"east": {"uv": [9.25, 7.625, 9.375, 7.875], "texture": "#0"},
				"south": {"uv": [9.25, 7.625, 9.375, 7.875], "texture": "#0"},
				"west": {"uv": [9.25, 7.625, 9.375, 7.875], "texture": "#0"},
				"up": {"uv": [9.25, 7.625, 9.375, 7.75], "texture": "#0"},
				"down": {"uv": [9.25, 7.75, 9.375, 7.875], "texture": "#0"}
			}
		},
		{
			"name": "Layer 4 Copy_41",
			"from": [9.625, 8, 6.4375],
			"to": [9.75, 8.375, 6.6875],
			"faces": {
				"north": {"uv": [9.75, 7.625, 9.625, 8], "texture": "#0"},
				"east": {"uv": [9.625, 7.625, 9.75, 8], "texture": "#0"},
				"south": {"uv": [9.625, 7.625, 9.75, 8], "texture": "#0"},
				"west": {"uv": [9.625, 7.625, 9.75, 8], "texture": "#0"},
				"up": {"uv": [9.625, 7.625, 9.75, 7.75], "texture": "#0"},
				"down": {"uv": [9.625, 7.875, 9.75, 8], "texture": "#0"}
			}
		},
		{
			"name": "Layer 4 Copy_42",
			"from": [6.5, 8.125, 6.4375],
			"to": [6.625, 8.25, 6.6875],
			"faces": {
				"north": {"uv": [6.625, 7.75, 6.5, 7.875], "texture": "#0"},
				"south": {"uv": [6.5, 7.75, 6.625, 7.875], "texture": "#0"},
				"west": {"uv": [6.5, 7.75, 6.625, 7.875], "texture": "#0"},
				"up": {"uv": [6.5, 7.75, 6.625, 7.875], "texture": "#0"},
				"down": {"uv": [6.5, 7.75, 6.625, 7.875], "texture": "#0"}
			}
		},
		{
			"name": "Layer 4 Copy_43",
			"from": [7.125, 8.125, 6.4375],
			"to": [7.375, 8.25, 6.6875],
			"faces": {
				"north": {"uv": [7.375, 7.75, 7.125, 7.875], "texture": "#0"},
				"east": {"uv": [7.25, 7.75, 7.375, 7.875], "texture": "#0"},
				"south": {"uv": [7.125, 7.75, 7.375, 7.875], "texture": "#0"},
				"west": {"uv": [7.125, 7.75, 7.25, 7.875], "texture": "#0"},
				"up": {"uv": [7.125, 7.75, 7.375, 7.875], "texture": "#0"},
				"down": {"uv": [7.125, 7.75, 7.375, 7.875], "texture": "#0"}
			}
		},
		{
			"name": "Layer 4 Copy_44",
			"from": [7.875, 7.875, 6.4375],
			"to": [8.125, 8.25, 6.6875],
			"faces": {
				"north": {"uv": [8.125, 7.75, 7.875, 8.125], "texture": "#0"},
				"east": {"uv": [8, 7.75, 8.125, 8.125], "texture": "#0"},
				"south": {"uv": [7.875, 7.75, 8.125, 8.125], "texture": "#0"},
				"west": {"uv": [7.875, 7.75, 8, 8.125], "texture": "#0"},
				"up": {"uv": [7.875, 7.75, 8.125, 7.875], "texture": "#0"},
				"down": {"uv": [7.875, 8, 8.125, 8.125], "texture": "#0"}
			}
		},
		{
			"name": "Layer 4 Copy_45",
			"from": [8.625, 8.125, 6.4375],
			"to": [8.875, 8.25, 6.6875],
			"faces": {
				"north": {"uv": [8.875, 7.75, 8.625, 7.875], "texture": "#0"},
				"east": {"uv": [8.75, 7.75, 8.875, 7.875], "texture": "#0"},
				"south": {"uv": [8.625, 7.75, 8.875, 7.875], "texture": "#0"},
				"west": {"uv": [8.625, 7.75, 8.75, 7.875], "texture": "#0"},
				"up": {"uv": [8.625, 7.75, 8.875, 7.875], "texture": "#0"},
				"down": {"uv": [8.625, 7.75, 8.875, 7.875], "texture": "#0"}
			}
		},
		{
			"name": "Layer 4 Copy_46",
			"from": [9.375, 8.125, 6.4375],
			"to": [9.5, 8.25, 6.6875],
			"faces": {
				"north": {"uv": [9.5, 7.75, 9.375, 7.875], "texture": "#0"},
				"east": {"uv": [9.375, 7.75, 9.5, 7.875], "texture": "#0"},
				"south": {"uv": [9.375, 7.75, 9.5, 7.875], "texture": "#0"},
				"up": {"uv": [9.375, 7.75, 9.5, 7.875], "texture": "#0"},
				"down": {"uv": [9.375, 7.75, 9.5, 7.875], "texture": "#0"}
			}
		},
		{
			"name": "Layer 4 Copy_47",
			"from": [6.875, 8, 6.4375],
			"to": [7.125, 8.125, 6.6875],
			"faces": {
				"north": {"uv": [7.125, 7.875, 6.875, 8], "texture": "#0"},
				"east": {"uv": [7, 7.875, 7.125, 8], "texture": "#0"},
				"south": {"uv": [6.875, 7.875, 7.125, 8], "texture": "#0"},
				"west": {"uv": [6.875, 7.875, 7, 8], "texture": "#0"},
				"up": {"uv": [6.875, 7.875, 7.125, 8], "texture": "#0"},
				"down": {"uv": [6.875, 7.875, 7.125, 8], "texture": "#0"}
			}
		},
		{
			"name": "Layer 4 Copy_48",
			"from": [8.875, 8, 6.4375],
			"to": [9.125, 8.125, 6.6875],
			"faces": {
				"north": {"uv": [9.125, 7.875, 8.875, 8], "texture": "#0"},
				"east": {"uv": [9, 7.875, 9.125, 8], "texture": "#0"},
				"south": {"uv": [8.875, 7.875, 9.125, 8], "texture": "#0"},
				"west": {"uv": [8.875, 7.875, 9, 8], "texture": "#0"},
				"up": {"uv": [8.875, 7.875, 9.125, 8], "texture": "#0"},
				"down": {"uv": [8.875, 7.875, 9.125, 8], "texture": "#0"}
			}
		},
		{
			"name": "Layer 4 Copy_49",
			"from": [6.375, 7.875, 6.4375],
			"to": [6.875, 8, 6.6875],
			"faces": {
				"north": {"uv": [6.875, 8, 6.375, 8.125], "texture": "#0"},
				"east": {"uv": [6.75, 8, 6.875, 8.125], "texture": "#0"},
				"south": {"uv": [6.375, 8, 6.875, 8.125], "texture": "#0"},
				"west": {"uv": [6.375, 8, 6.5, 8.125], "texture": "#0"},
				"up": {"uv": [6.375, 8, 6.875, 8.125], "texture": "#0"},
				"down": {"uv": [6.375, 8, 6.875, 8.125], "texture": "#0"}
			}
		},
		{
			"name": "Layer 4 Copy_50",
			"from": [7.5, 7.75, 6.4375],
			"to": [7.625, 8, 6.6875],
			"faces": {
				"north": {"uv": [7.625, 8, 7.5, 8.25], "texture": "#0"},
				"east": {"uv": [7.5, 8, 7.625, 8.25], "texture": "#0"},
				"south": {"uv": [7.5, 8, 7.625, 8.25], "texture": "#0"},
				"west": {"uv": [7.5, 8, 7.625, 8.25], "texture": "#0"},
				"up": {"uv": [7.5, 8, 7.625, 8.125], "texture": "#0"},
				"down": {"uv": [7.5, 8.125, 7.625, 8.25], "texture": "#0"}
			}
		},
		{
			"name": "Layer 4 Copy_51",
			"from": [8.375, 7.75, 6.4375],
			"to": [8.5, 8, 6.6875],
			"faces": {
				"north": {"uv": [8.5, 8, 8.375, 8.25], "texture": "#0"},
				"east": {"uv": [8.375, 8, 8.5, 8.25], "texture": "#0"},
				"south": {"uv": [8.375, 8, 8.5, 8.25], "texture": "#0"},
				"west": {"uv": [8.375, 8, 8.5, 8.25], "texture": "#0"},
				"up": {"uv": [8.375, 8, 8.5, 8.125], "texture": "#0"},
				"down": {"uv": [8.375, 8.125, 8.5, 8.25], "texture": "#0"}
			}
		},
		{
			"name": "Layer 4 Copy_52",
			"from": [9.125, 7.875, 6.4375],
			"to": [9.625, 8, 6.6875],
			"faces": {
				"north": {"uv": [9.625, 8, 9.125, 8.125], "texture": "#0"},
				"east": {"uv": [9.5, 8, 9.625, 8.125], "texture": "#0"},
				"south": {"uv": [9.125, 8, 9.625, 8.125], "texture": "#0"},
				"west": {"uv": [9.125, 8, 9.25, 8.125], "texture": "#0"},
				"up": {"uv": [9.125, 8, 9.625, 8.125], "texture": "#0"},
				"down": {"uv": [9.125, 8, 9.625, 8.125], "texture": "#0"}
			}
		},
		{
			"name": "Layer 4 Copy_53",
			"from": [7.75, 7.75, 6.4375],
			"to": [7.875, 7.875, 6.6875],
			"faces": {
				"north": {"uv": [7.875, 8.125, 7.75, 8.25], "texture": "#0"},
				"east": {"uv": [7.75, 8.125, 7.875, 8.25], "texture": "#0"},
				"south": {"uv": [7.75, 8.125, 7.875, 8.25], "texture": "#0"},
				"west": {"uv": [7.75, 8.125, 7.875, 8.25], "texture": "#0"},
				"up": {"uv": [7.75, 8.125, 7.875, 8.25], "texture": "#0"},
				"down": {"uv": [7.75, 8.125, 7.875, 8.25], "texture": "#0"}
			}
		},
		{
			"name": "Layer 4 Copy_54",
			"from": [8.125, 7.75, 6.4375],
			"to": [8.25, 7.875, 6.6875],
			"faces": {
				"north": {"uv": [8.25, 8.125, 8.125, 8.25], "texture": "#0"},
				"east": {"uv": [8.125, 8.125, 8.25, 8.25], "texture": "#0"},
				"south": {"uv": [8.125, 8.125, 8.25, 8.25], "texture": "#0"},
				"west": {"uv": [8.125, 8.125, 8.25, 8.25], "texture": "#0"},
				"up": {"uv": [8.125, 8.125, 8.25, 8.25], "texture": "#0"},
				"down": {"uv": [8.125, 8.125, 8.25, 8.25], "texture": "#0"}
			}
		},
		{
			"name": "Layer 4 Copy_55",
			"from": [7.375, 7.625, 6.4375],
			"to": [7.5, 7.75, 6.6875],
			"faces": {
				"north": {"uv": [7.5, 8.25, 7.375, 8.375], "texture": "#0"},
				"east": {"uv": [7.375, 8.25, 7.5, 8.375], "texture": "#0"},
				"south": {"uv": [7.375, 8.25, 7.5, 8.375], "texture": "#0"},
				"west": {"uv": [7.375, 8.25, 7.5, 8.375], "texture": "#0"},
				"up": {"uv": [7.375, 8.25, 7.5, 8.375], "texture": "#0"},
				"down": {"uv": [7.375, 8.25, 7.5, 8.375], "texture": "#0"}
			}
		},
		{
			"name": "Layer 4 Copy_56",
			"from": [7.875, 7.25, 6.4375],
			"to": [8.125, 7.75, 6.6875],
			"faces": {
				"north": {"uv": [8.125, 8.25, 7.875, 8.75], "texture": "#0"},
				"east": {"uv": [8, 8.25, 8.125, 8.75], "texture": "#0"},
				"south": {"uv": [7.875, 8.25, 8.125, 8.75], "texture": "#0"},
				"west": {"uv": [7.875, 8.25, 8, 8.75], "texture": "#0"},
				"up": {"uv": [7.875, 8.25, 8.125, 8.375], "texture": "#0"},
				"down": {"uv": [7.875, 8.625, 8.125, 8.75], "texture": "#0"}
			}
		},
		{
			"name": "Layer 4 Copy_57",
			"from": [8.5, 7.625, 6.4375],
			"to": [8.625, 7.75, 6.6875],
			"faces": {
				"north": {"uv": [8.625, 8.25, 8.5, 8.375], "texture": "#0"},
				"east": {"uv": [8.5, 8.25, 8.625, 8.375], "texture": "#0"},
				"south": {"uv": [8.5, 8.25, 8.625, 8.375], "texture": "#0"},
				"west": {"uv": [8.5, 8.25, 8.625, 8.375], "texture": "#0"},
				"up": {"uv": [8.5, 8.25, 8.625, 8.375], "texture": "#0"},
				"down": {"uv": [8.5, 8.25, 8.625, 8.375], "texture": "#0"}
			}
		},
		{
			"name": "Layer 4 Copy_58",
			"from": [7.25, 7.5, 6.4375],
			"to": [7.375, 7.625, 6.6875],
			"faces": {
				"north": {"uv": [7.375, 8.375, 7.25, 8.5], "texture": "#0"},
				"east": {"uv": [7.25, 8.375, 7.375, 8.5], "texture": "#0"},
				"south": {"uv": [7.25, 8.375, 7.375, 8.5], "texture": "#0"},
				"west": {"uv": [7.25, 8.375, 7.375, 8.5], "texture": "#0"},
				"up": {"uv": [7.25, 8.375, 7.375, 8.5], "texture": "#0"},
				"down": {"uv": [7.25, 8.375, 7.375, 8.5], "texture": "#0"}
			}
		},
		{
			"name": "Layer 4 Copy_59",
			"from": [7.5, 7.375, 6.4375],
			"to": [7.625, 7.625, 6.6875],
			"faces": {
				"north": {"uv": [7.625, 8.375, 7.5, 8.625], "texture": "#0"},
				"east": {"uv": [7.5, 8.375, 7.625, 8.625], "texture": "#0"},
				"south": {"uv": [7.5, 8.375, 7.625, 8.625], "texture": "#0"},
				"west": {"uv": [7.5, 8.375, 7.625, 8.625], "texture": "#0"},
				"up": {"uv": [7.5, 8.375, 7.625, 8.5], "texture": "#0"},
				"down": {"uv": [7.5, 8.5, 7.625, 8.625], "texture": "#0"}
			}
		},
		{
			"name": "Layer 4 Copy_60",
			"from": [8.375, 7.375, 6.4375],
			"to": [8.5, 7.625, 6.6875],
			"faces": {
				"north": {"uv": [8.5, 8.375, 8.375, 8.625], "texture": "#0"},
				"east": {"uv": [8.375, 8.375, 8.5, 8.625], "texture": "#0"},
				"south": {"uv": [8.375, 8.375, 8.5, 8.625], "texture": "#0"},
				"west": {"uv": [8.375, 8.375, 8.5, 8.625], "texture": "#0"},
				"up": {"uv": [8.375, 8.375, 8.5, 8.5], "texture": "#0"},
				"down": {"uv": [8.375, 8.5, 8.5, 8.625], "texture": "#0"}
			}
		},
		{
			"name": "Layer 4 Copy_61",
			"from": [8.625, 7.5, 6.4375],
			"to": [8.75, 7.625, 6.6875],
			"faces": {
				"north": {"uv": [8.75, 8.375, 8.625, 8.5], "texture": "#0"},
				"east": {"uv": [8.625, 8.375, 8.75, 8.5], "texture": "#0"},
				"south": {"uv": [8.625, 8.375, 8.75, 8.5], "texture": "#0"},
				"west": {"uv": [8.625, 8.375, 8.75, 8.5], "texture": "#0"},
				"up": {"uv": [8.625, 8.375, 8.75, 8.5], "texture": "#0"},
				"down": {"uv": [8.625, 8.375, 8.75, 8.5], "texture": "#0"}
			}
		},
		{
			"name": "Layer 4 Copy_62",
			"from": [6.625, 7.375, 6.4375],
			"to": [6.75, 7.5, 6.6875],
			"faces": {
				"north": {"uv": [6.75, 8.5, 6.625, 8.625], "texture": "#0"},
				"east": {"uv": [6.625, 8.5, 6.75, 8.625], "texture": "#0"},
				"south": {"uv": [6.625, 8.5, 6.75, 8.625], "texture": "#0"},
				"west": {"uv": [6.625, 8.5, 6.75, 8.625], "texture": "#0"},
				"up": {"uv": [6.625, 8.5, 6.75, 8.625], "texture": "#0"},
				"down": {"uv": [6.625, 8.5, 6.75, 8.625], "texture": "#0"}
			}
		},
		{
			"name": "Layer 4 Copy_63",
			"from": [7, 7.375, 6.4375],
			"to": [7.25, 7.5, 6.6875],
			"faces": {
				"north": {"uv": [7.25, 8.5, 7, 8.625], "texture": "#0"},
				"east": {"uv": [7.125, 8.5, 7.25, 8.625], "texture": "#0"},
				"south": {"uv": [7, 8.5, 7.25, 8.625], "texture": "#0"},
				"west": {"uv": [7, 8.5, 7.125, 8.625], "texture": "#0"},
				"up": {"uv": [7, 8.5, 7.25, 8.625], "texture": "#0"},
				"down": {"uv": [7, 8.5, 7.25, 8.625], "texture": "#0"}
			}
		},
		{
			"name": "Layer 4 Copy_64",
			"from": [8.75, 7.375, 6.4375],
			"to": [9, 7.5, 6.6875],
			"faces": {
				"north": {"uv": [9, 8.5, 8.75, 8.625], "texture": "#0"},
				"east": {"uv": [8.875, 8.5, 9, 8.625], "texture": "#0"},
				"south": {"uv": [8.75, 8.5, 9, 8.625], "texture": "#0"},
				"west": {"uv": [8.75, 8.5, 8.875, 8.625], "texture": "#0"},
				"up": {"uv": [8.75, 8.5, 9, 8.625], "texture": "#0"},
				"down": {"uv": [8.75, 8.5, 9, 8.625], "texture": "#0"}
			}
		},
		{
			"name": "Layer 4 Copy_65",
			"from": [9.25, 7.375, 6.4375],
			"to": [9.375, 7.5, 6.6875],
			"faces": {
				"north": {"uv": [9.375, 8.5, 9.25, 8.625], "texture": "#0"},
				"east": {"uv": [9.25, 8.5, 9.375, 8.625], "texture": "#0"},
				"south": {"uv": [9.25, 8.5, 9.375, 8.625], "texture": "#0"},
				"west": {"uv": [9.25, 8.5, 9.375, 8.625], "texture": "#0"},
				"up": {"uv": [9.25, 8.5, 9.375, 8.625], "texture": "#0"},
				"down": {"uv": [9.25, 8.5, 9.375, 8.625], "texture": "#0"}
			}
		},
		{
			"name": "Layer 4 Copy_66",
			"from": [6.375, 7.25, 6.4375],
			"to": [6.625, 7.375, 6.6875],
			"faces": {
				"north": {"uv": [6.625, 8.625, 6.375, 8.75], "texture": "#0"},
				"east": {"uv": [6.5, 8.625, 6.625, 8.75], "texture": "#0"},
				"south": {"uv": [6.375, 8.625, 6.625, 8.75], "texture": "#0"},
				"west": {"uv": [6.375, 8.625, 6.5, 8.75], "texture": "#0"},
				"up": {"uv": [6.375, 8.625, 6.625, 8.75], "texture": "#0"},
				"down": {"uv": [6.375, 8.625, 6.625, 8.75], "texture": "#0"}
			}
		},
		{
			"name": "Layer 4 Copy_67",
			"from": [6.75, 7.25, 6.4375],
			"to": [7, 7.375, 6.6875],
			"faces": {
				"north": {"uv": [7, 8.625, 6.75, 8.75], "texture": "#0"},
				"east": {"uv": [6.875, 8.625, 7, 8.75], "texture": "#0"},
				"south": {"uv": [6.75, 8.625, 7, 8.75], "texture": "#0"},
				"west": {"uv": [6.75, 8.625, 6.875, 8.75], "texture": "#0"},
				"up": {"uv": [6.75, 8.625, 7, 8.75], "texture": "#0"},
				"down": {"uv": [6.75, 8.625, 7, 8.75], "texture": "#0"}
			}
		},
		{
			"name": "Layer 4 Copy_68",
			"from": [7.375, 7.25, 6.4375],
			"to": [7.5, 7.375, 6.6875],
			"faces": {
				"north": {"uv": [7.5, 8.625, 7.375, 8.75], "texture": "#0"},
				"east": {"uv": [7.375, 8.625, 7.5, 8.75], "texture": "#0"},
				"south": {"uv": [7.375, 8.625, 7.5, 8.75], "texture": "#0"},
				"west": {"uv": [7.375, 8.625, 7.5, 8.75], "texture": "#0"},
				"up": {"uv": [7.375, 8.625, 7.5, 8.75], "texture": "#0"},
				"down": {"uv": [7.375, 8.625, 7.5, 8.75], "texture": "#0"}
			}
		},
		{
			"name": "Layer 4 Copy_69",
			"from": [8.5, 7.25, 6.4375],
			"to": [8.625, 7.375, 6.6875],
			"faces": {
				"north": {"uv": [8.625, 8.625, 8.5, 8.75], "texture": "#0"},
				"east": {"uv": [8.5, 8.625, 8.625, 8.75], "texture": "#0"},
				"south": {"uv": [8.5, 8.625, 8.625, 8.75], "texture": "#0"},
				"west": {"uv": [8.5, 8.625, 8.625, 8.75], "texture": "#0"},
				"up": {"uv": [8.5, 8.625, 8.625, 8.75], "texture": "#0"},
				"down": {"uv": [8.5, 8.625, 8.625, 8.75], "texture": "#0"}
			}
		},
		{
			"name": "Layer 4 Copy_70",
			"from": [9, 7.25, 6.4375],
			"to": [9.25, 7.375, 6.6875],
			"faces": {
				"north": {"uv": [9.25, 8.625, 9, 8.75], "texture": "#0"},
				"east": {"uv": [9.125, 8.625, 9.25, 8.75], "texture": "#0"},
				"south": {"uv": [9, 8.625, 9.25, 8.75], "texture": "#0"},
				"west": {"uv": [9, 8.625, 9.125, 8.75], "texture": "#0"},
				"up": {"uv": [9, 8.625, 9.25, 8.75], "texture": "#0"},
				"down": {"uv": [9, 8.625, 9.25, 8.75], "texture": "#0"}
			}
		},
		{
			"name": "Layer 4 Copy_71",
			"from": [9.375, 7.25, 6.4375],
			"to": [9.625, 7.375, 6.6875],
			"faces": {
				"north": {"uv": [9.625, 8.625, 9.375, 8.75], "texture": "#0"},
				"east": {"uv": [9.5, 8.625, 9.625, 8.75], "texture": "#0"},
				"south": {"uv": [9.375, 8.625, 9.625, 8.75], "texture": "#0"},
				"west": {"uv": [9.375, 8.625, 9.5, 8.75], "texture": "#0"},
				"up": {"uv": [9.375, 8.625, 9.625, 8.75], "texture": "#0"},
				"down": {"uv": [9.375, 8.625, 9.625, 8.75], "texture": "#0"}
			}
		},
		{
			"name": "Layer 4 Copy_72",
			"from": [6.625, 7.125, 6.4375],
			"to": [6.75, 7.25, 6.6875],
			"faces": {
				"north": {"uv": [6.75, 8.75, 6.625, 8.875], "texture": "#0"},
				"east": {"uv": [6.625, 8.75, 6.75, 8.875], "texture": "#0"},
				"south": {"uv": [6.625, 8.75, 6.75, 8.875], "texture": "#0"},
				"west": {"uv": [6.625, 8.75, 6.75, 8.875], "texture": "#0"},
				"up": {"uv": [6.625, 8.75, 6.75, 8.875], "texture": "#0"},
				"down": {"uv": [6.625, 8.75, 6.75, 8.875], "texture": "#0"}
			}
		},
		{
			"name": "Layer 4 Copy_73",
			"from": [7.125, 7.125, 6.4375],
			"to": [7.375, 7.25, 6.6875],
			"faces": {
				"north": {"uv": [7.375, 8.75, 7.125, 8.875], "texture": "#0"},
				"east": {"uv": [7.25, 8.75, 7.375, 8.875], "texture": "#0"},
				"south": {"uv": [7.125, 8.75, 7.375, 8.875], "texture": "#0"},
				"west": {"uv": [7.125, 8.75, 7.25, 8.875], "texture": "#0"},
				"up": {"uv": [7.125, 8.75, 7.375, 8.875], "texture": "#0"},
				"down": {"uv": [7.125, 8.75, 7.375, 8.875], "texture": "#0"}
			}
		},
		{
			"name": "Layer 4 Copy_74",
			"from": [7.75, 7.125, 6.4375],
			"to": [7.875, 7.25, 6.6875],
			"faces": {
				"north": {"uv": [7.875, 8.75, 7.75, 8.875], "texture": "#0"},
				"east": {"uv": [7.75, 8.75, 7.875, 8.875], "texture": "#0"},
				"south": {"uv": [7.75, 8.75, 7.875, 8.875], "texture": "#0"},
				"west": {"uv": [7.75, 8.75, 7.875, 8.875], "texture": "#0"},
				"up": {"uv": [7.75, 8.75, 7.875, 8.875], "texture": "#0"},
				"down": {"uv": [7.75, 8.75, 7.875, 8.875], "texture": "#0"}
			}
		},
		{
			"name": "Layer 4 Copy_75",
			"from": [8.125, 7.125, 6.4375],
			"to": [8.25, 7.25, 6.6875],
			"faces": {
				"north": {"uv": [8.25, 8.75, 8.125, 8.875], "texture": "#0"},
				"east": {"uv": [8.125, 8.75, 8.25, 8.875], "texture": "#0"},
				"south": {"uv": [8.125, 8.75, 8.25, 8.875], "texture": "#0"},
				"west": {"uv": [8.125, 8.75, 8.25, 8.875], "texture": "#0"},
				"up": {"uv": [8.125, 8.75, 8.25, 8.875], "texture": "#0"},
				"down": {"uv": [8.125, 8.75, 8.25, 8.875], "texture": "#0"}
			}
		},
		{
			"name": "Layer 4 Copy_76",
			"from": [8.625, 7.125, 6.4375],
			"to": [8.875, 7.25, 6.6875],
			"faces": {
				"north": {"uv": [8.875, 8.75, 8.625, 8.875], "texture": "#0"},
				"east": {"uv": [8.75, 8.75, 8.875, 8.875], "texture": "#0"},
				"south": {"uv": [8.625, 8.75, 8.875, 8.875], "texture": "#0"},
				"west": {"uv": [8.625, 8.75, 8.75, 8.875], "texture": "#0"},
				"up": {"uv": [8.625, 8.75, 8.875, 8.875], "texture": "#0"},
				"down": {"uv": [8.625, 8.75, 8.875, 8.875], "texture": "#0"}
			}
		},
		{
			"name": "Layer 4 Copy_77",
			"from": [9.25, 7.125, 6.4375],
			"to": [9.375, 7.25, 6.6875],
			"faces": {
				"north": {"uv": [9.375, 8.75, 9.25, 8.875], "texture": "#0"},
				"east": {"uv": [9.25, 8.75, 9.375, 8.875], "texture": "#0"},
				"south": {"uv": [9.25, 8.75, 9.375, 8.875], "texture": "#0"},
				"west": {"uv": [9.25, 8.75, 9.375, 8.875], "texture": "#0"},
				"up": {"uv": [9.25, 8.75, 9.375, 8.875], "texture": "#0"},
				"down": {"uv": [9.25, 8.75, 9.375, 8.875], "texture": "#0"}
			}
		},
		{
			"name": "Layer 4 Copy_78",
			"from": [7, 7, 6.4375],
			"to": [7.125, 7.125, 6.6875],
			"faces": {
				"north": {"uv": [7.125, 8.875, 7, 9], "texture": "#0"},
				"east": {"uv": [7, 8.875, 7.125, 9], "texture": "#0"},
				"south": {"uv": [7, 8.875, 7.125, 9], "texture": "#0"},
				"west": {"uv": [7, 8.875, 7.125, 9], "texture": "#0"},
				"up": {"uv": [7, 8.875, 7.125, 9], "texture": "#0"},
				"down": {"uv": [7, 8.875, 7.125, 9], "texture": "#0"}
			}
		},
		{
			"name": "Layer 4 Copy_79",
			"from": [7.875, 6.5, 6.4375],
			"to": [8.125, 7.125, 6.6875],
			"faces": {
				"north": {"uv": [8.125, 8.875, 7.875, 9.5], "texture": "#0"},
				"east": {"uv": [8, 8.875, 8.125, 9.5], "texture": "#0"},
				"south": {"uv": [7.875, 8.875, 8.125, 9.5], "texture": "#0"},
				"west": {"uv": [7.875, 8.875, 8, 9.5], "texture": "#0"},
				"up": {"uv": [7.875, 8.875, 8.125, 9], "texture": "#0"},
				"down": {"uv": [7.875, 9.375, 8.125, 9.5], "texture": "#0"}
			}
		},
		{
			"name": "Layer 4 Copy_80",
			"from": [8.875, 7, 6.4375],
			"to": [9, 7.125, 6.6875],
			"faces": {
				"north": {"uv": [9, 8.875, 8.875, 9], "texture": "#0"},
				"east": {"uv": [8.875, 8.875, 9, 9], "texture": "#0"},
				"south": {"uv": [8.875, 8.875, 9, 9], "texture": "#0"},
				"west": {"uv": [8.875, 8.875, 9, 9], "texture": "#0"},
				"up": {"uv": [8.875, 8.875, 9, 9], "texture": "#0"},
				"down": {"uv": [8.875, 8.875, 9, 9], "texture": "#0"}
			}
		},
		{
			"name": "Layer 4 Copy_81",
			"from": [6.75, 6.875, 6.4375],
			"to": [7, 7, 6.6875],
			"faces": {
				"north": {"uv": [7, 9, 6.75, 9.125], "texture": "#0"},
				"east": {"uv": [6.875, 9, 7, 9.125], "texture": "#0"},
				"south": {"uv": [6.75, 9, 7, 9.125], "texture": "#0"},
				"west": {"uv": [6.75, 9, 6.875, 9.125], "texture": "#0"},
				"up": {"uv": [6.75, 9, 7, 9.125], "texture": "#0"},
				"down": {"uv": [6.75, 9, 7, 9.125], "texture": "#0"}
			}
		},
		{
			"name": "Layer 4 Copy_82",
			"from": [7.5, 6.75, 6.4375],
			"to": [7.625, 7, 6.6875],
			"faces": {
				"north": {"uv": [7.625, 9, 7.5, 9.25], "texture": "#0"},
				"east": {"uv": [7.5, 9, 7.625, 9.25], "texture": "#0"},
				"south": {"uv": [7.5, 9, 7.625, 9.25], "texture": "#0"},
				"west": {"uv": [7.5, 9, 7.625, 9.25], "texture": "#0"},
				"up": {"uv": [7.5, 9, 7.625, 9.125], "texture": "#0"},
				"down": {"uv": [7.5, 9.125, 7.625, 9.25], "texture": "#0"}
			}
		},
		{
			"name": "Layer 4 Copy_83",
			"from": [8.375, 6.75, 6.4375],
			"to": [8.5, 7, 6.6875],
			"faces": {
				"north": {"uv": [8.5, 9, 8.375, 9.25], "texture": "#0"},
				"east": {"uv": [8.375, 9, 8.5, 9.25], "texture": "#0"},
				"south": {"uv": [8.375, 9, 8.5, 9.25], "texture": "#0"},
				"west": {"uv": [8.375, 9, 8.5, 9.25], "texture": "#0"},
				"up": {"uv": [8.375, 9, 8.5, 9.125], "texture": "#0"},
				"down": {"uv": [8.375, 9.125, 8.5, 9.25], "texture": "#0"}
			}
		},
		{
			"name": "Layer 4 Copy_84",
			"from": [9, 6.875, 6.4375],
			"to": [9.25, 7, 6.6875],
			"faces": {
				"north": {"uv": [9.25, 9, 9, 9.125], "texture": "#0"},
				"east": {"uv": [9.125, 9, 9.25, 9.125], "texture": "#0"},
				"south": {"uv": [9, 9, 9.25, 9.125], "texture": "#0"},
				"west": {"uv": [9, 9, 9.125, 9.125], "texture": "#0"},
				"up": {"uv": [9, 9, 9.25, 9.125], "texture": "#0"},
				"down": {"uv": [9, 9, 9.25, 9.125], "texture": "#0"}
			}
		},
		{
			"name": "Layer 4 Copy_85",
			"from": [6.625, 6.5, 6.4375],
			"to": [6.75, 6.875, 6.6875],
			"faces": {
				"north": {"uv": [6.75, 9.125, 6.625, 9.5], "texture": "#0"},
				"east": {"uv": [6.625, 9.125, 6.75, 9.5], "texture": "#0"},
				"south": {"uv": [6.625, 9.125, 6.75, 9.5], "texture": "#0"},
				"west": {"uv": [6.625, 9.125, 6.75, 9.5], "texture": "#0"},
				"up": {"uv": [6.625, 9.125, 6.75, 9.25], "texture": "#0"},
				"down": {"uv": [6.625, 9.375, 6.75, 9.5], "texture": "#0"}
			}
		},
		{
			"name": "Layer 4 Copy_86",
			"from": [9.25, 6.5, 6.4375],
			"to": [9.375, 6.875, 6.6875],
			"faces": {
				"north": {"uv": [9.375, 9.125, 9.25, 9.5], "texture": "#0"},
				"east": {"uv": [9.25, 9.125, 9.375, 9.5], "texture": "#0"},
				"south": {"uv": [9.25, 9.125, 9.375, 9.5], "texture": "#0"},
				"west": {"uv": [9.25, 9.125, 9.375, 9.5], "texture": "#0"},
				"up": {"uv": [9.25, 9.125, 9.375, 9.25], "texture": "#0"},
				"down": {"uv": [9.25, 9.375, 9.375, 9.5], "texture": "#0"}
			}
		},
		{
			"name": "Layer 4 Copy_87",
			"from": [6.875, 6.625, 6.4375],
			"to": [7.125, 6.75, 6.6875],
			"faces": {
				"north": {"uv": [7.125, 9.25, 6.875, 9.375], "texture": "#0"},
				"east": {"uv": [7, 9.25, 7.125, 9.375], "texture": "#0"},
				"south": {"uv": [6.875, 9.25, 7.125, 9.375], "texture": "#0"},
				"west": {"uv": [6.875, 9.25, 7, 9.375], "texture": "#0"},
				"up": {"uv": [6.875, 9.25, 7.125, 9.375], "texture": "#0"},
				"down": {"uv": [6.875, 9.25, 7.125, 9.375], "texture": "#0"}
			}
		},
		{
			"name": "Layer 4 Copy_88",
			"from": [7.375, 6.5, 6.4375],
			"to": [7.5, 6.75, 6.6875],
			"faces": {
				"north": {"uv": [7.5, 9.25, 7.375, 9.5], "texture": "#0"},
				"east": {"uv": [7.375, 9.25, 7.5, 9.5], "texture": "#0"},
				"south": {"uv": [7.375, 9.25, 7.5, 9.5], "texture": "#0"},
				"west": {"uv": [7.375, 9.25, 7.5, 9.5], "texture": "#0"},
				"up": {"uv": [7.375, 9.25, 7.5, 9.375], "texture": "#0"},
				"down": {"uv": [7.375, 9.375, 7.5, 9.5], "texture": "#0"}
			}
		},
		{
			"name": "Layer 4 Copy_89",
			"from": [8.5, 6.5, 6.4375],
			"to": [8.625, 6.75, 6.6875],
			"faces": {
				"north": {"uv": [8.625, 9.25, 8.5, 9.5], "texture": "#0"},
				"east": {"uv": [8.5, 9.25, 8.625, 9.5], "texture": "#0"},
				"south": {"uv": [8.5, 9.25, 8.625, 9.5], "texture": "#0"},
				"west": {"uv": [8.5, 9.25, 8.625, 9.5], "texture": "#0"},
				"up": {"uv": [8.5, 9.25, 8.625, 9.375], "texture": "#0"},
				"down": {"uv": [8.5, 9.375, 8.625, 9.5], "texture": "#0"}
			}
		},
		{
			"name": "Layer 4 Copy_90",
			"from": [8.875, 6.625, 6.4375],
			"to": [9.125, 6.75, 6.6875],
			"faces": {
				"north": {"uv": [9.125, 9.25, 8.875, 9.375], "texture": "#0"},
				"east": {"uv": [9, 9.25, 9.125, 9.375], "texture": "#0"},
				"south": {"uv": [8.875, 9.25, 9.125, 9.375], "texture": "#0"},
				"west": {"uv": [8.875, 9.25, 9, 9.375], "texture": "#0"},
				"up": {"uv": [8.875, 9.25, 9.125, 9.375], "texture": "#0"},
				"down": {"uv": [8.875, 9.25, 9.125, 9.375], "texture": "#0"}
			}
		},
		{
			"name": "Layer 4 Copy_91",
			"from": [7, 6.5, 6.4375],
			"to": [7.125, 6.625, 6.6875],
			"faces": {
				"north": {"uv": [7.125, 9.375, 7, 9.5], "texture": "#0"},
				"east": {"uv": [7, 9.375, 7.125, 9.5], "texture": "#0"},
				"south": {"uv": [7, 9.375, 7.125, 9.5], "texture": "#0"},
				"west": {"uv": [7, 9.375, 7.125, 9.5], "texture": "#0"},
				"down": {"uv": [7, 9.375, 7.125, 9.5], "texture": "#0"}
			}
		},
		{
			"name": "Layer 4 Copy_92",
			"from": [8.875, 6.5, 6.4375],
			"to": [9, 6.625, 6.6875],
			"faces": {
				"north": {"uv": [9, 9.375, 8.875, 9.5], "texture": "#0"},
				"east": {"uv": [8.875, 9.375, 9, 9.5], "texture": "#0"},
				"south": {"uv": [8.875, 9.375, 9, 9.5], "texture": "#0"},
				"west": {"uv": [8.875, 9.375, 9, 9.5], "texture": "#0"},
				"down": {"uv": [8.875, 9.375, 9, 9.5], "texture": "#0"}
			}
		},
		{
			"name": "Layer 4 Copy_93",
			"from": [6.75, 6.375, 6.4375],
			"to": [7, 6.5, 6.6875],
			"faces": {
				"north": {"uv": [7, 9.5, 6.75, 9.625], "texture": "#0"},
				"east": {"uv": [6.875, 9.5, 7, 9.625], "texture": "#0"},
				"south": {"uv": [6.75, 9.5, 7, 9.625], "texture": "#0"},
				"west": {"uv": [6.75, 9.5, 6.875, 9.625], "texture": "#0"},
				"up": {"uv": [6.75, 9.5, 7, 9.625], "texture": "#0"},
				"down": {"uv": [6.75, 9.5, 7, 9.625], "texture": "#0"}
			}
		},
		{
			"name": "Layer 4 Copy_94",
			"from": [7.25, 6.375, 6.4375],
			"to": [7.375, 6.5, 6.6875],
			"faces": {
				"north": {"uv": [7.375, 9.5, 7.25, 9.625], "texture": "#0"},
				"east": {"uv": [7.25, 9.5, 7.375, 9.625], "texture": "#0"},
				"south": {"uv": [7.25, 9.5, 7.375, 9.625], "texture": "#0"},
				"west": {"uv": [7.25, 9.5, 7.375, 9.625], "texture": "#0"},
				"up": {"uv": [7.25, 9.5, 7.375, 9.625], "texture": "#0"},
				"down": {"uv": [7.25, 9.5, 7.375, 9.625], "texture": "#0"}
			}
		},
		{
			"name": "Layer 4 Copy_95",
			"from": [7.75, 6.375, 6.4375],
			"to": [7.875, 6.5, 6.6875],
			"faces": {
				"north": {"uv": [7.875, 9.5, 7.75, 9.625], "texture": "#0"},
				"east": {"uv": [7.75, 9.5, 7.875, 9.625], "texture": "#0"},
				"south": {"uv": [7.75, 9.5, 7.875, 9.625], "texture": "#0"},
				"west": {"uv": [7.75, 9.5, 7.875, 9.625], "texture": "#0"},
				"up": {"uv": [7.75, 9.5, 7.875, 9.625], "texture": "#0"},
				"down": {"uv": [7.75, 9.5, 7.875, 9.625], "texture": "#0"}
			}
		},
		{
			"name": "Layer 4 Copy_96",
			"from": [8.125, 6.375, 6.4375],
			"to": [8.25, 6.5, 6.6875],
			"faces": {
				"north": {"uv": [8.25, 9.5, 8.125, 9.625], "texture": "#0"},
				"east": {"uv": [8.125, 9.5, 8.25, 9.625], "texture": "#0"},
				"south": {"uv": [8.125, 9.5, 8.25, 9.625], "texture": "#0"},
				"west": {"uv": [8.125, 9.5, 8.25, 9.625], "texture": "#0"},
				"up": {"uv": [8.125, 9.5, 8.25, 9.625], "texture": "#0"},
				"down": {"uv": [8.125, 9.5, 8.25, 9.625], "texture": "#0"}
			}
		},
		{
			"name": "Layer 4 Copy_97",
			"from": [8.625, 6.375, 6.4375],
			"to": [8.75, 6.5, 6.6875],
			"faces": {
				"north": {"uv": [8.75, 9.5, 8.625, 9.625], "texture": "#0"},
				"east": {"uv": [8.625, 9.5, 8.75, 9.625], "texture": "#0"},
				"south": {"uv": [8.625, 9.5, 8.75, 9.625], "texture": "#0"},
				"west": {"uv": [8.625, 9.5, 8.75, 9.625], "texture": "#0"},
				"up": {"uv": [8.625, 9.5, 8.75, 9.625], "texture": "#0"},
				"down": {"uv": [8.625, 9.5, 8.75, 9.625], "texture": "#0"}
			}
		},
		{
			"name": "Layer 4 Copy_98",
			"from": [9, 6.375, 6.4375],
			"to": [9.25, 6.5, 6.6875],
			"faces": {
				"north": {"uv": [9.25, 9.5, 9, 9.625], "texture": "#0"},
				"east": {"uv": [9.125, 9.5, 9.25, 9.625], "texture": "#0"},
				"south": {"uv": [9, 9.5, 9.25, 9.625], "texture": "#0"},
				"west": {"uv": [9, 9.5, 9.125, 9.625], "texture": "#0"},
				"up": {"uv": [9, 9.5, 9.25, 9.625], "texture": "#0"},
				"down": {"uv": [9, 9.5, 9.25, 9.625], "texture": "#0"}
			}
		},
		{
			"name": "Layer 4 Copy_99",
			"from": [7.125, 6.25, 6.4375],
			"to": [7.25, 6.375, 6.6875],
			"faces": {
				"north": {"uv": [7.25, 9.625, 7.125, 9.75], "texture": "#0"},
				"east": {"uv": [7.125, 9.625, 7.25, 9.75], "texture": "#0"},
				"south": {"uv": [7.125, 9.625, 7.25, 9.75], "texture": "#0"},
				"west": {"uv": [7.125, 9.625, 7.25, 9.75], "texture": "#0"},
				"up": {"uv": [7.125, 9.625, 7.25, 9.75], "texture": "#0"},
				"down": {"uv": [7.125, 9.625, 7.25, 9.75], "texture": "#0"}
			}
		},
		{
			"name": "Layer 4 Copy_100",
			"from": [7.625, 6.25, 6.4375],
			"to": [7.75, 6.375, 6.6875],
			"faces": {
				"north": {"uv": [7.75, 9.625, 7.625, 9.75], "texture": "#0"},
				"east": {"uv": [7.625, 9.625, 7.75, 9.75], "texture": "#0"},
				"south": {"uv": [7.625, 9.625, 7.75, 9.75], "texture": "#0"},
				"west": {"uv": [7.625, 9.625, 7.75, 9.75], "texture": "#0"},
				"up": {"uv": [7.625, 9.625, 7.75, 9.75], "texture": "#0"},
				"down": {"uv": [7.625, 9.625, 7.75, 9.75], "texture": "#0"}
			}
		},
		{
			"name": "Layer 4 Copy_101",
			"from": [8.25, 6.25, 6.4375],
			"to": [8.375, 6.375, 6.6875],
			"faces": {
				"north": {"uv": [8.375, 9.625, 8.25, 9.75], "texture": "#0"},
				"east": {"uv": [8.25, 9.625, 8.375, 9.75], "texture": "#0"},
				"south": {"uv": [8.25, 9.625, 8.375, 9.75], "texture": "#0"},
				"west": {"uv": [8.25, 9.625, 8.375, 9.75], "texture": "#0"},
				"up": {"uv": [8.25, 9.625, 8.375, 9.75], "texture": "#0"},
				"down": {"uv": [8.25, 9.625, 8.375, 9.75], "texture": "#0"}
			}
		},
		{
			"name": "Layer 4 Copy_102",
			"from": [8.75, 6.25, 6.4375],
			"to": [8.875, 6.375, 6.6875],
			"faces": {
				"north": {"uv": [8.875, 9.625, 8.75, 9.75], "texture": "#0"},
				"east": {"uv": [8.75, 9.625, 8.875, 9.75], "texture": "#0"},
				"south": {"uv": [8.75, 9.625, 8.875, 9.75], "texture": "#0"},
				"west": {"uv": [8.75, 9.625, 8.875, 9.75], "texture": "#0"},
				"up": {"uv": [8.75, 9.625, 8.875, 9.75], "texture": "#0"},
				"down": {"uv": [8.75, 9.625, 8.875, 9.75], "texture": "#0"}
			}
		},
		{
			"name": "Layer 4 Copy_103",
			"from": [6.875, 6.125, 6.4375],
			"to": [7.125, 6.25, 6.6875],
			"faces": {
				"north": {"uv": [7.125, 9.75, 6.875, 9.875], "texture": "#0"},
				"east": {"uv": [7, 9.75, 7.125, 9.875], "texture": "#0"},
				"south": {"uv": [6.875, 9.75, 7.125, 9.875], "texture": "#0"},
				"west": {"uv": [6.875, 9.75, 7, 9.875], "texture": "#0"},
				"up": {"uv": [6.875, 9.75, 7.125, 9.875], "texture": "#0"},
				"down": {"uv": [6.875, 9.75, 7.125, 9.875], "texture": "#0"}
			}
		},
		{
			"name": "Layer 4 Copy_104",
			"from": [7.75, 6.125, 6.4375],
			"to": [7.875, 6.25, 6.6875],
			"faces": {
				"north": {"uv": [7.875, 9.75, 7.75, 9.875], "texture": "#0"},
				"east": {"uv": [7.75, 9.75, 7.875, 9.875], "texture": "#0"},
				"south": {"uv": [7.75, 9.75, 7.875, 9.875], "texture": "#0"},
				"west": {"uv": [7.75, 9.75, 7.875, 9.875], "texture": "#0"},
				"up": {"uv": [7.75, 9.75, 7.875, 9.875], "texture": "#0"},
				"down": {"uv": [7.75, 9.75, 7.875, 9.875], "texture": "#0"}
			}
		},
		{
			"name": "Layer 4 Copy_105",
			"from": [8.125, 6.125, 6.4375],
			"to": [8.25, 6.25, 6.6875],
			"faces": {
				"north": {"uv": [8.25, 9.75, 8.125, 9.875], "texture": "#0"},
				"east": {"uv": [8.125, 9.75, 8.25, 9.875], "texture": "#0"},
				"south": {"uv": [8.125, 9.75, 8.25, 9.875], "texture": "#0"},
				"west": {"uv": [8.125, 9.75, 8.25, 9.875], "texture": "#0"},
				"up": {"uv": [8.125, 9.75, 8.25, 9.875], "texture": "#0"},
				"down": {"uv": [8.125, 9.75, 8.25, 9.875], "texture": "#0"}
			}
		},
		{
			"name": "Layer 4 Copy_106",
			"from": [8.875, 6.125, 6.4375],
			"to": [9.125, 6.25, 6.6875],
			"faces": {
				"north": {"uv": [9.125, 9.75, 8.875, 9.875], "texture": "#0"},
				"east": {"uv": [9, 9.75, 9.125, 9.875], "texture": "#0"},
				"south": {"uv": [8.875, 9.75, 9.125, 9.875], "texture": "#0"},
				"west": {"uv": [8.875, 9.75, 9, 9.875], "texture": "#0"},
				"up": {"uv": [8.875, 9.75, 9.125, 9.875], "texture": "#0"},
				"down": {"uv": [8.875, 9.75, 9.125, 9.875], "texture": "#0"}
			}
		},
		{
			"name": "Layer 4 Copy_107",
			"from": [6.75, 5.625, 6.4375],
			"to": [6.875, 6.125, 6.6875],
			"faces": {
				"north": {"uv": [6.875, 9.875, 6.75, 10.375], "texture": "#0"},
				"east": {"uv": [6.75, 9.875, 6.875, 10.375], "texture": "#0"},
				"south": {"uv": [6.75, 9.875, 6.875, 10.375], "texture": "#0"},
				"west": {"uv": [6.75, 9.875, 6.875, 10.375], "texture": "#0"},
				"up": {"uv": [6.75, 9.875, 6.875, 10], "texture": "#0"},
				"down": {"uv": [6.75, 10.25, 6.875, 10.375], "texture": "#0"}
			}
		},
		{
			"name": "Layer 4 Copy_108",
			"from": [7.875, 5.875, 6.4375],
			"to": [8.125, 6.125, 6.6875],
			"faces": {
				"north": {"uv": [8.125, 9.875, 7.875, 10.125], "texture": "#0"},
				"east": {"uv": [8, 9.875, 8.125, 10.125], "texture": "#0"},
				"south": {"uv": [7.875, 9.875, 8.125, 10.125], "texture": "#0"},
				"west": {"uv": [7.875, 9.875, 8, 10.125], "texture": "#0"},
				"up": {"uv": [7.875, 9.875, 8.125, 10], "texture": "#0"},
				"down": {"uv": [7.875, 10, 8.125, 10.125], "texture": "#0"}
			}
		},
		{
			"name": "Layer 4 Copy_109",
			"from": [9.125, 5.625, 6.4375],
			"to": [9.25, 6.125, 6.6875],
			"faces": {
				"north": {"uv": [9.25, 9.875, 9.125, 10.375], "texture": "#0"},
				"east": {"uv": [9.125, 9.875, 9.25, 10.375], "texture": "#0"},
				"south": {"uv": [9.125, 9.875, 9.25, 10.375], "texture": "#0"},
				"west": {"uv": [9.125, 9.875, 9.25, 10.375], "texture": "#0"},
				"up": {"uv": [9.125, 9.875, 9.25, 10], "texture": "#0"},
				"down": {"uv": [9.125, 10.25, 9.25, 10.375], "texture": "#0"}
			}
		},
		{
			"name": "Layer 4 Copy_110",
			"from": [7, 5.875, 6.4375],
			"to": [7.25, 6, 6.6875],
			"faces": {
				"north": {"uv": [7.25, 10, 7, 10.125], "texture": "#0"},
				"east": {"uv": [7.125, 10, 7.25, 10.125], "texture": "#0"},
				"south": {"uv": [7, 10, 7.25, 10.125], "texture": "#0"},
				"west": {"uv": [7, 10, 7.125, 10.125], "texture": "#0"},
				"up": {"uv": [7, 10, 7.25, 10.125], "texture": "#0"},
				"down": {"uv": [7, 10, 7.25, 10.125], "texture": "#0"}
			}
		},
		{
			"name": "Layer 4 Copy_111",
			"from": [8.75, 5.875, 6.4375],
			"to": [9, 6, 6.6875],
			"faces": {
				"north": {"uv": [9, 10, 8.75, 10.125], "texture": "#0"},
				"east": {"uv": [8.875, 10, 9, 10.125], "texture": "#0"},
				"south": {"uv": [8.75, 10, 9, 10.125], "texture": "#0"},
				"west": {"uv": [8.75, 10, 8.875, 10.125], "texture": "#0"},
				"up": {"uv": [8.75, 10, 9, 10.125], "texture": "#0"},
				"down": {"uv": [8.75, 10, 9, 10.125], "texture": "#0"}
			}
		},
		{
			"name": "Layer 4 Copy_112",
			"from": [7, 5.75, 6.4375],
			"to": [7.125, 5.875, 6.6875],
			"faces": {
				"north": {"uv": [7.125, 10.125, 7, 10.25], "texture": "#0"},
				"east": {"uv": [7, 10.125, 7.125, 10.25], "texture": "#0"},
				"south": {"uv": [7, 10.125, 7.125, 10.25], "texture": "#0"},
				"west": {"uv": [7, 10.125, 7.125, 10.25], "texture": "#0"},
				"down": {"uv": [7, 10.125, 7.125, 10.25], "texture": "#0"}
			}
		},
		{
			"name": "Layer 4 Copy_113",
			"from": [7.25, 5.625, 6.4375],
			"to": [7.375, 5.875, 6.6875],
			"faces": {
				"north": {"uv": [7.375, 10.125, 7.25, 10.375], "texture": "#0"},
				"east": {"uv": [7.25, 10.125, 7.375, 10.375], "texture": "#0"},
				"south": {"uv": [7.25, 10.125, 7.375, 10.375], "texture": "#0"},
				"west": {"uv": [7.25, 10.125, 7.375, 10.375], "texture": "#0"},
				"up": {"uv": [7.25, 10.125, 7.375, 10.25], "texture": "#0"},
				"down": {"uv": [7.25, 10.25, 7.375, 10.375], "texture": "#0"}
			}
		},
		{
			"name": "Layer 4 Copy_114",
			"from": [7.75, 5.75, 6.4375],
			"to": [7.875, 5.875, 6.6875],
			"faces": {
				"north": {"uv": [7.875, 10.125, 7.75, 10.25], "texture": "#0"},
				"east": {"uv": [7.75, 10.125, 7.875, 10.25], "texture": "#0"},
				"south": {"uv": [7.75, 10.125, 7.875, 10.25], "texture": "#0"},
				"west": {"uv": [7.75, 10.125, 7.875, 10.25], "texture": "#0"},
				"up": {"uv": [7.75, 10.125, 7.875, 10.25], "texture": "#0"},
				"down": {"uv": [7.75, 10.125, 7.875, 10.25], "texture": "#0"}
			}
		},
		{
			"name": "Layer 4 Copy_115",
			"from": [8.125, 5.75, 6.4375],
			"to": [8.25, 5.875, 6.6875],
			"faces": {
				"north": {"uv": [8.25, 10.125, 8.125, 10.25], "texture": "#0"},
				"east": {"uv": [8.125, 10.125, 8.25, 10.25], "texture": "#0"},
				"south": {"uv": [8.125, 10.125, 8.25, 10.25], "texture": "#0"},
				"west": {"uv": [8.125, 10.125, 8.25, 10.25], "texture": "#0"},
				"up": {"uv": [8.125, 10.125, 8.25, 10.25], "texture": "#0"},
				"down": {"uv": [8.125, 10.125, 8.25, 10.25], "texture": "#0"}
			}
		},
		{
			"name": "Layer 4 Copy_116",
			"from": [8.625, 5.625, 6.4375],
			"to": [8.75, 5.875, 6.6875],
			"faces": {
				"north": {"uv": [8.75, 10.125, 8.625, 10.375], "texture": "#0"},
				"east": {"uv": [8.625, 10.125, 8.75, 10.375], "texture": "#0"},
				"south": {"uv": [8.625, 10.125, 8.75, 10.375], "texture": "#0"},
				"west": {"uv": [8.625, 10.125, 8.75, 10.375], "texture": "#0"},
				"up": {"uv": [8.625, 10.125, 8.75, 10.25], "texture": "#0"},
				"down": {"uv": [8.625, 10.25, 8.75, 10.375], "texture": "#0"}
			}
		},
		{
			"name": "Layer 4 Copy_117",
			"from": [8.875, 5.75, 6.4375],
			"to": [9, 5.875, 6.6875],
			"faces": {
				"north": {"uv": [9, 10.125, 8.875, 10.25], "texture": "#0"},
				"east": {"uv": [8.875, 10.125, 9, 10.25], "texture": "#0"},
				"south": {"uv": [8.875, 10.125, 9, 10.25], "texture": "#0"},
				"west": {"uv": [8.875, 10.125, 9, 10.25], "texture": "#0"},
				"down": {"uv": [8.875, 10.125, 9, 10.25], "texture": "#0"}
			}
		},
		{
			"name": "Layer 4 Copy_118",
			"from": [7.5, 5.625, 6.4375],
			"to": [7.75, 5.75, 6.6875],
			"faces": {
				"north": {"uv": [7.75, 10.25, 7.5, 10.375], "texture": "#0"},
				"east": {"uv": [7.625, 10.25, 7.75, 10.375], "texture": "#0"},
				"south": {"uv": [7.5, 10.25, 7.75, 10.375], "texture": "#0"},
				"west": {"uv": [7.5, 10.25, 7.625, 10.375], "texture": "#0"},
				"up": {"uv": [7.5, 10.25, 7.75, 10.375], "texture": "#0"},
				"down": {"uv": [7.5, 10.25, 7.75, 10.375], "texture": "#0"}
			}
		},
		{
			"name": "Layer 4 Copy_119",
			"from": [8.25, 5.625, 6.4375],
			"to": [8.5, 5.75, 6.6875],
			"faces": {
				"north": {"uv": [8.5, 10.25, 8.25, 10.375], "texture": "#0"},
				"east": {"uv": [8.375, 10.25, 8.5, 10.375], "texture": "#0"},
				"south": {"uv": [8.25, 10.25, 8.5, 10.375], "texture": "#0"},
				"west": {"uv": [8.25, 10.25, 8.375, 10.375], "texture": "#0"},
				"up": {"uv": [8.25, 10.25, 8.5, 10.375], "texture": "#0"},
				"down": {"uv": [8.25, 10.25, 8.5, 10.375], "texture": "#0"}
			}
		},
		{
			"name": "Layer 4 Copy_120",
			"from": [6.875, 5.5, 6.4375],
			"to": [7.25, 5.625, 6.6875],
			"faces": {
				"north": {"uv": [7.25, 10.375, 6.875, 10.5], "texture": "#0"},
				"east": {"uv": [7.125, 10.375, 7.25, 10.5], "texture": "#0"},
				"south": {"uv": [6.875, 10.375, 7.25, 10.5], "texture": "#0"},
				"west": {"uv": [6.875, 10.375, 7, 10.5], "texture": "#0"},
				"up": {"uv": [6.875, 10.375, 7.25, 10.5], "texture": "#0"},
				"down": {"uv": [6.875, 10.375, 7.25, 10.5], "texture": "#0"}
			}
		},
		{
			"name": "Layer 4 Copy_121",
			"from": [7.625, 5.375, 6.4375],
			"to": [7.75, 5.625, 6.6875],
			"faces": {
				"north": {"uv": [7.75, 10.375, 7.625, 10.625], "texture": "#0"},
				"east": {"uv": [7.625, 10.375, 7.75, 10.625], "texture": "#0"},
				"south": {"uv": [7.625, 10.375, 7.75, 10.625], "texture": "#0"},
				"west": {"uv": [7.625, 10.375, 7.75, 10.625], "texture": "#0"},
				"down": {"uv": [7.625, 10.5, 7.75, 10.625], "texture": "#0"}
			}
		},
		{
			"name": "Layer 4 Copy_122",
			"from": [8.25, 5.375, 6.4375],
			"to": [8.375, 5.625, 6.6875],
			"faces": {
				"north": {"uv": [8.375, 10.375, 8.25, 10.625], "texture": "#0"},
				"east": {"uv": [8.25, 10.375, 8.375, 10.625], "texture": "#0"},
				"south": {"uv": [8.25, 10.375, 8.375, 10.625], "texture": "#0"},
				"west": {"uv": [8.25, 10.375, 8.375, 10.625], "texture": "#0"},
				"down": {"uv": [8.25, 10.5, 8.375, 10.625], "texture": "#0"}
			}
		},
		{
			"name": "Layer 4 Copy_123",
			"from": [8.75, 5.5, 6.4375],
			"to": [9.125, 5.625, 6.6875],
			"faces": {
				"north": {"uv": [9.125, 10.375, 8.75, 10.5], "texture": "#0"},
				"east": {"uv": [9, 10.375, 9.125, 10.5], "texture": "#0"},
				"south": {"uv": [8.75, 10.375, 9.125, 10.5], "texture": "#0"},
				"west": {"uv": [8.75, 10.375, 8.875, 10.5], "texture": "#0"},
				"up": {"uv": [8.75, 10.375, 9.125, 10.5], "texture": "#0"},
				"down": {"uv": [8.75, 10.375, 9.125, 10.5], "texture": "#0"}
			}
		},
		{
			"name": "Layer 4 Copy_124",
			"from": [7.75, 5.125, 6.4375],
			"to": [7.875, 5.375, 6.6875],
			"faces": {
				"north": {"uv": [7.875, 10.625, 7.75, 10.875], "texture": "#0"},
				"east": {"uv": [7.75, 10.625, 7.875, 10.875], "texture": "#0"},
				"south": {"uv": [7.75, 10.625, 7.875, 10.875], "texture": "#0"},
				"west": {"uv": [7.75, 10.625, 7.875, 10.875], "texture": "#0"},
				"up": {"uv": [7.75, 10.625, 7.875, 10.75], "texture": "#0"},
				"down": {"uv": [7.75, 10.75, 7.875, 10.875], "texture": "#0"}
			}
		},
		{
			"name": "Layer 4 Copy_125",
			"from": [8.125, 5.125, 6.4375],
			"to": [8.25, 5.375, 6.6875],
			"faces": {
				"north": {"uv": [8.25, 10.625, 8.125, 10.875], "texture": "#0"},
				"east": {"uv": [8.125, 10.625, 8.25, 10.875], "texture": "#0"},
				"south": {"uv": [8.125, 10.625, 8.25, 10.875], "texture": "#0"},
				"west": {"uv": [8.125, 10.625, 8.25, 10.875], "texture": "#0"},
				"up": {"uv": [8.125, 10.625, 8.25, 10.75], "texture": "#0"},
				"down": {"uv": [8.125, 10.75, 8.25, 10.875], "texture": "#0"}
			}
		},
		{
			"name": "Layer 4 Copy_126",
			"from": [7.875, 4.875, 6.4375],
			"to": [8.125, 5.125, 6.6875],
			"faces": {
				"north": {"uv": [8.125, 10.875, 7.875, 11.125], "texture": "#0"},
				"east": {"uv": [8, 10.875, 8.125, 11.125], "texture": "#0"},
				"south": {"uv": [7.875, 10.875, 8.125, 11.125], "texture": "#0"},
				"west": {"uv": [7.875, 10.875, 8, 11.125], "texture": "#0"},
				"up": {"uv": [7.875, 10.875, 8.125, 11], "texture": "#0"},
				"down": {"uv": [7.875, 11, 8.125, 11.125], "texture": "#0"}
			}
		},
		{
			"name": "Layer 5_0",
			"from": [7.875, 9.625, 6.4375],
			"to": [8.125, 10.5, 6.6875],
			"faces": {
				"north": {"uv": [8.125, 5.5, 7.875, 6.375], "texture": "#0"},
				"east": {"uv": [8, 5.5, 8.125, 6.375], "texture": "#0"},
				"south": {"uv": [7.875, 5.5, 8.125, 6.375], "texture": "#0"},
				"west": {"uv": [7.875, 5.5, 8, 6.375], "texture": "#0"},
				"up": {"uv": [7.875, 5.5, 8.125, 5.625], "texture": "#0"},
				"down": {"uv": [7.875, 6.25, 8.125, 6.375], "texture": "#0"}
			}
		},
		{
			"name": "Layer 5_1",
			"from": [7.75, 9.75, 6.4375],
			"to": [7.875, 10.375, 6.6875],
			"faces": {
				"north": {"uv": [7.875, 5.625, 7.75, 6.25], "texture": "#0"},
				"south": {"uv": [7.75, 5.625, 7.875, 6.25], "texture": "#0"},
				"west": {"uv": [7.75, 5.625, 7.875, 6.25], "texture": "#0"},
				"up": {"uv": [7.75, 5.625, 7.875, 5.75], "texture": "#0"},
				"down": {"uv": [7.75, 6.125, 7.875, 6.25], "texture": "#0"}
			}
		},
		{
			"name": "Layer 5_2",
			"from": [8.125, 9.75, 6.4375],
			"to": [8.25, 10.375, 6.6875],
			"faces": {
				"north": {"uv": [8.25, 5.625, 8.125, 6.25], "texture": "#0"},
				"east": {"uv": [8.125, 5.625, 8.25, 6.25], "texture": "#0"},
				"south": {"uv": [8.125, 5.625, 8.25, 6.25], "texture": "#0"},
				"up": {"uv": [8.125, 5.625, 8.25, 5.75], "texture": "#0"},
				"down": {"uv": [8.125, 6.125, 8.25, 6.25], "texture": "#0"}
			}
		},
		{
			"name": "Layer 5_3",
			"from": [5.75, 9.875, 6.4375],
			"to": [6.125, 10.25, 6.6875],
			"faces": {
				"north": {"uv": [6.125, 5.75, 5.75, 6.125], "texture": "#0"},
				"east": {"uv": [6, 5.75, 6.125, 6.125], "texture": "#0"},
				"south": {"uv": [5.75, 5.75, 6.125, 6.125], "texture": "#0"},
				"west": {"uv": [5.75, 5.75, 5.875, 6.125], "texture": "#0"},
				"up": {"uv": [5.75, 5.75, 6.125, 5.875], "texture": "#0"},
				"down": {"uv": [5.75, 6, 6.125, 6.125], "texture": "#0"}
			}
		},
		{
			"name": "Layer 5_4",
			"from": [7.625, 9.75, 6.4375],
			"to": [7.75, 10.25, 6.6875],
			"faces": {
				"north": {"uv": [7.75, 5.75, 7.625, 6.25], "texture": "#0"},
				"south": {"uv": [7.625, 5.75, 7.75, 6.25], "texture": "#0"},
				"west": {"uv": [7.625, 5.75, 7.75, 6.25], "texture": "#0"},
				"up": {"uv": [7.625, 5.75, 7.75, 5.875], "texture": "#0"},
				"down": {"uv": [7.625, 6.125, 7.75, 6.25], "texture": "#0"}
			}
		},
		{
			"name": "Layer 5_5",
			"from": [8.25, 9.75, 6.4375],
			"to": [8.375, 10.25, 6.6875],
			"faces": {
				"north": {"uv": [8.375, 5.75, 8.25, 6.25], "texture": "#0"},
				"east": {"uv": [8.25, 5.75, 8.375, 6.25], "texture": "#0"},
				"south": {"uv": [8.25, 5.75, 8.375, 6.25], "texture": "#0"},
				"up": {"uv": [8.25, 5.75, 8.375, 5.875], "texture": "#0"},
				"down": {"uv": [8.25, 6.125, 8.375, 6.25], "texture": "#0"}
			}
		},
		{
			"name": "Layer 5_6",
			"from": [9.875, 9.875, 6.4375],
			"to": [10.25, 10.25, 6.6875],
			"faces": {
				"north": {"uv": [10.25, 5.75, 9.875, 6.125], "texture": "#0"},
				"east": {"uv": [10.125, 5.75, 10.25, 6.125], "texture": "#0"},
				"south": {"uv": [9.875, 5.75, 10.25, 6.125], "texture": "#0"},
				"west": {"uv": [9.875, 5.75, 10, 6.125], "texture": "#0"},
				"up": {"uv": [9.875, 5.75, 10.25, 5.875], "texture": "#0"},
				"down": {"uv": [9.875, 6, 10.25, 6.125], "texture": "#0"}
			}
		},
		{
			"name": "Layer 5_7",
			"from": [6.125, 9.75, 6.4375],
			"to": [6.75, 10.125, 6.6875],
			"faces": {
				"north": {"uv": [6.75, 5.875, 6.125, 6.25], "texture": "#0"},
				"east": {"uv": [6.625, 5.875, 6.75, 6.25], "texture": "#0"},
				"south": {"uv": [6.125, 5.875, 6.75, 6.25], "texture": "#0"},
				"up": {"uv": [6.125, 5.875, 6.75, 6], "texture": "#0"},
				"down": {"uv": [6.125, 6.125, 6.75, 6.25], "texture": "#0"}
			}
		},
		{
			"name": "Layer 5_8",
			"from": [7.25, 9.75, 6.4375],
			"to": [7.625, 10.125, 6.6875],
			"faces": {
				"north": {"uv": [7.625, 5.875, 7.25, 6.25], "texture": "#0"},
				"south": {"uv": [7.25, 5.875, 7.625, 6.25], "texture": "#0"},
				"west": {"uv": [7.25, 5.875, 7.375, 6.25], "texture": "#0"},
				"up": {"uv": [7.25, 5.875, 7.625, 6], "texture": "#0"},
				"down": {"uv": [7.25, 6.125, 7.625, 6.25], "texture": "#0"}
			}
		},
		{
			"name": "Layer 5_9",
			"from": [8.375, 9.75, 6.4375],
			"to": [8.75, 10.125, 6.6875],
			"faces": {
				"north": {"uv": [8.75, 5.875, 8.375, 6.25], "texture": "#0"},
				"east": {"uv": [8.625, 5.875, 8.75, 6.25], "texture": "#0"},
				"south": {"uv": [8.375, 5.875, 8.75, 6.25], "texture": "#0"},
				"up": {"uv": [8.375, 5.875, 8.75, 6], "texture": "#0"},
				"down": {"uv": [8.375, 6.125, 8.75, 6.25], "texture": "#0"}
			}
		},
		{
			"name": "Layer 5_10",
			"from": [9.25, 9.75, 6.4375],
			"to": [9.875, 10.125, 6.6875],
			"faces": {
				"north": {"uv": [9.875, 5.875, 9.25, 6.25], "texture": "#0"},
				"south": {"uv": [9.25, 5.875, 9.875, 6.25], "texture": "#0"},
				"west": {"uv": [9.25, 5.875, 9.375, 6.25], "texture": "#0"},
				"up": {"uv": [9.25, 5.875, 9.875, 6], "texture": "#0"},
				"down": {"uv": [9.25, 6.125, 9.875, 6.25], "texture": "#0"}
			}
		},
		{
			"name": "Layer 5_11",
			"from": [6.75, 9.875, 6.4375],
			"to": [7.25, 10, 6.6875],
			"faces": {
				"north": {"uv": [7.25, 6, 6.75, 6.125], "texture": "#0"},
				"south": {"uv": [6.75, 6, 7.25, 6.125], "texture": "#0"},
				"up": {"uv": [6.75, 6, 7.25, 6.125], "texture": "#0"},
				"down": {"uv": [6.75, 6, 7.25, 6.125], "texture": "#0"}
			}
		},
		{
			"name": "Layer 5_12",
			"from": [8.75, 9.875, 6.4375],
			"to": [9.25, 10, 6.6875],
			"faces": {
				"north": {"uv": [9.25, 6, 8.75, 6.125], "texture": "#0"},
				"south": {"uv": [8.75, 6, 9.25, 6.125], "texture": "#0"},
				"up": {"uv": [8.75, 6, 9.25, 6.125], "texture": "#0"},
				"down": {"uv": [8.75, 6, 9.25, 6.125], "texture": "#0"}
			}
		},
		{
			"name": "Layer 5_13",
			"from": [5.875, 9.25, 6.4375],
			"to": [6.125, 9.875, 6.6875],
			"faces": {
				"north": {"uv": [6.125, 6.125, 5.875, 6.75], "texture": "#0"},
				"south": {"uv": [5.875, 6.125, 6.125, 6.75], "texture": "#0"},
				"west": {"uv": [5.875, 6.125, 6, 6.75], "texture": "#0"},
				"down": {"uv": [5.875, 6.625, 6.125, 6.75], "texture": "#0"}
			}
		},
		{
			"name": "Layer 5_14",
			"from": [9.875, 9.25, 6.4375],
			"to": [10.125, 9.875, 6.6875],
			"faces": {
				"north": {"uv": [10.125, 6.125, 9.875, 6.75], "texture": "#0"},
				"east": {"uv": [10, 6.125, 10.125, 6.75], "texture": "#0"},
				"south": {"uv": [9.875, 6.125, 10.125, 6.75], "texture": "#0"},
				"down": {"uv": [9.875, 6.625, 10.125, 6.75], "texture": "#0"}
			}
		},
		{
			"name": "Layer 5_15",
			"from": [6.125, 9.625, 6.4375],
			"to": [6.375, 9.75, 6.6875],
			"faces": {
				"north": {"uv": [6.375, 6.25, 6.125, 6.375], "texture": "#0"},
				"east": {"uv": [6.25, 6.25, 6.375, 6.375], "texture": "#0"},
				"south": {"uv": [6.125, 6.25, 6.375, 6.375], "texture": "#0"},
				"down": {"uv": [6.125, 6.25, 6.375, 6.375], "texture": "#0"}
			}
		},
		{
			"name": "Layer 5_16",
			"from": [9.625, 9.625, 6.4375],
			"to": [9.875, 9.75, 6.6875],
			"faces": {
				"north": {"uv": [9.875, 6.25, 9.625, 6.375], "texture": "#0"},
				"south": {"uv": [9.625, 6.25, 9.875, 6.375], "texture": "#0"},
				"west": {"uv": [9.625, 6.25, 9.75, 6.375], "texture": "#0"},
				"down": {"uv": [9.625, 6.25, 9.875, 6.375], "texture": "#0"}
			}
		},
		{
			"name": "Layer 5_17",
			"from": [6.125, 9.25, 6.4375],
			"to": [6.25, 9.625, 6.6875],
			"faces": {
				"north": {"uv": [6.25, 6.375, 6.125, 6.75], "texture": "#0"},
				"east": {"uv": [6.125, 6.375, 6.25, 6.75], "texture": "#0"},
				"south": {"uv": [6.125, 6.375, 6.25, 6.75], "texture": "#0"},
				"down": {"uv": [6.125, 6.625, 6.25, 6.75], "texture": "#0"}
			}
		},
		{
			"name": "Layer 5_18",
			"from": [9.75, 9.25, 6.4375],
			"to": [9.875, 9.625, 6.6875],
			"faces": {
				"north": {"uv": [9.875, 6.375, 9.75, 6.75], "texture": "#0"},
				"south": {"uv": [9.75, 6.375, 9.875, 6.75], "texture": "#0"},
				"west": {"uv": [9.75, 6.375, 9.875, 6.75], "texture": "#0"},
				"down": {"uv": [9.75, 6.625, 9.875, 6.75], "texture": "#0"}
			}
		},
		{
			"name": "Layer 5_19",
			"from": [6, 5.75, 6.4375],
			"to": [6.125, 9.25, 6.6875],
			"faces": {
				"north": {"uv": [6.125, 6.75, 6, 10.25], "texture": "#0"},
				"east": {"uv": [6, 6.75, 6.125, 10.25], "texture": "#0"},
				"south": {"uv": [6, 6.75, 6.125, 10.25], "texture": "#0"},
				"west": {"uv": [6, 6.75, 6.125, 10.25], "texture": "#0"},
				"down": {"uv": [6, 10.125, 6.125, 10.25], "texture": "#0"}
			}
		},
		{
			"name": "Layer 5_20",
			"from": [9.875, 5.75, 6.4375],
			"to": [10, 9.25, 6.6875],
			"faces": {
				"north": {"uv": [10, 6.75, 9.875, 10.25], "texture": "#0"},
				"east": {"uv": [9.875, 6.75, 10, 10.25], "texture": "#0"},
				"south": {"uv": [9.875, 6.75, 10, 10.25], "texture": "#0"},
				"west": {"uv": [9.875, 6.75, 10, 10.25], "texture": "#0"},
				"down": {"uv": [9.875, 10.125, 10, 10.25], "texture": "#0"}
			}
		},
		{
			"name": "Layer 5_21",
			"from": [5.875, 5.875, 6.4375],
			"to": [6, 6.625, 6.6875],
			"faces": {
				"north": {"uv": [6, 9.375, 5.875, 10.125], "texture": "#0"},
				"south": {"uv": [5.875, 9.375, 6, 10.125], "texture": "#0"},
				"west": {"uv": [5.875, 9.375, 6, 10.125], "texture": "#0"},
				"up": {"uv": [5.875, 9.375, 6, 9.5], "texture": "#0"},
				"down": {"uv": [5.875, 10, 6, 10.125], "texture": "#0"}
			}
		},
		{
			"name": "Layer 5_22",
			"from": [6.125, 5.625, 6.4375],
			"to": [6.25, 6.625, 6.6875],
			"faces": {
				"north": {"uv": [6.25, 9.375, 6.125, 10.375], "texture": "#0"},
				"east": {"uv": [6.125, 9.375, 6.25, 10.375], "texture": "#0"},
				"south": {"uv": [6.125, 9.375, 6.25, 10.375], "texture": "#0"},
				"west": {"uv": [6.125, 9.375, 6.25, 10.375], "texture": "#0"},
				"up": {"uv": [6.125, 9.375, 6.25, 9.5], "texture": "#0"},
				"down": {"uv": [6.125, 10.25, 6.25, 10.375], "texture": "#0"}
			}
		},
		{
			"name": "Layer 5_23",
			"from": [9.75, 5.625, 6.4375],
			"to": [9.875, 6.625, 6.6875],
			"faces": {
				"north": {"uv": [9.875, 9.375, 9.75, 10.375], "texture": "#0"},
				"east": {"uv": [9.75, 9.375, 9.875, 10.375], "texture": "#0"},
				"south": {"uv": [9.75, 9.375, 9.875, 10.375], "texture": "#0"},
				"west": {"uv": [9.75, 9.375, 9.875, 10.375], "texture": "#0"},
				"up": {"uv": [9.75, 9.375, 9.875, 9.5], "texture": "#0"},
				"down": {"uv": [9.75, 10.25, 9.875, 10.375], "texture": "#0"}
			}
		},
		{
			"name": "Layer 5_24",
			"from": [10, 5.875, 6.4375],
			"to": [10.125, 6.625, 6.6875],
			"faces": {
				"north": {"uv": [10.125, 9.375, 10, 10.125], "texture": "#0"},
				"east": {"uv": [10, 9.375, 10.125, 10.125], "texture": "#0"},
				"south": {"uv": [10, 9.375, 10.125, 10.125], "texture": "#0"},
				"up": {"uv": [10, 9.375, 10.125, 9.5], "texture": "#0"},
				"down": {"uv": [10, 10, 10.125, 10.125], "texture": "#0"}
			}
		},
		{
			"name": "Layer 5_25",
			"from": [6.25, 5.5, 6.4375],
			"to": [6.375, 5.875, 6.6875],
			"faces": {
				"north": {"uv": [6.375, 10.125, 6.25, 10.5], "texture": "#0"},
				"east": {"uv": [6.25, 10.125, 6.375, 10.5], "texture": "#0"},
				"south": {"uv": [6.25, 10.125, 6.375, 10.5], "texture": "#0"},
				"west": {"uv": [6.25, 10.125, 6.375, 10.5], "texture": "#0"},
				"up": {"uv": [6.25, 10.125, 6.375, 10.25], "texture": "#0"},
				"down": {"uv": [6.25, 10.375, 6.375, 10.5], "texture": "#0"}
			}
		},
		{
			"name": "Layer 5_26",
			"from": [9.625, 5.5, 6.4375],
			"to": [9.75, 5.875, 6.6875],
			"faces": {
				"north": {"uv": [9.75, 10.125, 9.625, 10.5], "texture": "#0"},
				"east": {"uv": [9.625, 10.125, 9.75, 10.5], "texture": "#0"},
				"south": {"uv": [9.625, 10.125, 9.75, 10.5], "texture": "#0"},
				"west": {"uv": [9.625, 10.125, 9.75, 10.5], "texture": "#0"},
				"up": {"uv": [9.625, 10.125, 9.75, 10.25], "texture": "#0"},
				"down": {"uv": [9.625, 10.375, 9.75, 10.5], "texture": "#0"}
			}
		},
		{
			"name": "Layer 5_27",
			"from": [6.375, 5.375, 6.4375],
			"to": [6.5, 5.75, 6.6875],
			"faces": {
				"north": {"uv": [6.5, 10.25, 6.375, 10.625], "texture": "#0"},
				"east": {"uv": [6.375, 10.25, 6.5, 10.625], "texture": "#0"},
				"south": {"uv": [6.375, 10.25, 6.5, 10.625], "texture": "#0"},
				"west": {"uv": [6.375, 10.25, 6.5, 10.625], "texture": "#0"},
				"up": {"uv": [6.375, 10.25, 6.5, 10.375], "texture": "#0"},
				"down": {"uv": [6.375, 10.5, 6.5, 10.625], "texture": "#0"}
			}
		},
		{
			"name": "Layer 5_28",
			"from": [9.5, 5.375, 6.4375],
			"to": [9.625, 5.75, 6.6875],
			"faces": {
				"north": {"uv": [9.625, 10.25, 9.5, 10.625], "texture": "#0"},
				"east": {"uv": [9.5, 10.25, 9.625, 10.625], "texture": "#0"},
				"south": {"uv": [9.5, 10.25, 9.625, 10.625], "texture": "#0"},
				"west": {"uv": [9.5, 10.25, 9.625, 10.625], "texture": "#0"},
				"up": {"uv": [9.5, 10.25, 9.625, 10.375], "texture": "#0"},
				"down": {"uv": [9.5, 10.5, 9.625, 10.625], "texture": "#0"}
			}
		},
		{
			"name": "Layer 5_29",
			"from": [6.5, 5.25, 6.4375],
			"to": [6.625, 5.625, 6.6875],
			"faces": {
				"north": {"uv": [6.625, 10.375, 6.5, 10.75], "texture": "#0"},
				"east": {"uv": [6.5, 10.375, 6.625, 10.75], "texture": "#0"},
				"south": {"uv": [6.5, 10.375, 6.625, 10.75], "texture": "#0"},
				"west": {"uv": [6.5, 10.375, 6.625, 10.75], "texture": "#0"},
				"up": {"uv": [6.5, 10.375, 6.625, 10.5], "texture": "#0"},
				"down": {"uv": [6.5, 10.625, 6.625, 10.75], "texture": "#0"}
			}
		},
		{
			"name": "Layer 5_30",
			"from": [9.375, 5.25, 6.4375],
			"to": [9.5, 5.625, 6.6875],
			"faces": {
				"north": {"uv": [9.5, 10.375, 9.375, 10.75], "texture": "#0"},
				"east": {"uv": [9.375, 10.375, 9.5, 10.75], "texture": "#0"},
				"south": {"uv": [9.375, 10.375, 9.5, 10.75], "texture": "#0"},
				"west": {"uv": [9.375, 10.375, 9.5, 10.75], "texture": "#0"},
				"up": {"uv": [9.375, 10.375, 9.5, 10.5], "texture": "#0"},
				"down": {"uv": [9.375, 10.625, 9.5, 10.75], "texture": "#0"}
			}
		},
		{
			"name": "Layer 5_31",
			"from": [6.625, 5.25, 6.4375],
			"to": [6.75, 5.5, 6.6875],
			"faces": {
				"north": {"uv": [6.75, 10.5, 6.625, 10.75], "texture": "#0"},
				"east": {"uv": [6.625, 10.5, 6.75, 10.75], "texture": "#0"},
				"south": {"uv": [6.625, 10.5, 6.75, 10.75], "texture": "#0"},
				"up": {"uv": [6.625, 10.5, 6.75, 10.625], "texture": "#0"},
				"down": {"uv": [6.625, 10.625, 6.75, 10.75], "texture": "#0"}
			}
		},
		{
			"name": "Layer 5_32",
			"from": [9.25, 5.25, 6.4375],
			"to": [9.375, 5.5, 6.6875],
			"faces": {
				"north": {"uv": [9.375, 10.5, 9.25, 10.75], "texture": "#0"},
				"south": {"uv": [9.25, 10.5, 9.375, 10.75], "texture": "#0"},
				"west": {"uv": [9.25, 10.5, 9.375, 10.75], "texture": "#0"},
				"up": {"uv": [9.25, 10.5, 9.375, 10.625], "texture": "#0"},
				"down": {"uv": [9.25, 10.625, 9.375, 10.75], "texture": "#0"}
			}
		},
		{
			"name": "Layer 5_33",
			"from": [6.75, 5.125, 6.4375],
			"to": [6.875, 5.25, 6.6875],
			"faces": {
				"north": {"uv": [6.875, 10.75, 6.75, 10.875], "texture": "#0"},
				"east": {"uv": [6.75, 10.75, 6.875, 10.875], "texture": "#0"},
				"south": {"uv": [6.75, 10.75, 6.875, 10.875], "texture": "#0"},
				"west": {"uv": [6.75, 10.75, 6.875, 10.875], "texture": "#0"},
				"up": {"uv": [6.75, 10.75, 6.875, 10.875], "texture": "#0"},
				"down": {"uv": [6.75, 10.75, 6.875, 10.875], "texture": "#0"}
			}
		},
		{
			"name": "Layer 5_34",
			"from": [9.125, 5.125, 6.4375],
			"to": [9.25, 5.25, 6.6875],
			"faces": {
				"north": {"uv": [9.25, 10.75, 9.125, 10.875], "texture": "#0"},
				"east": {"uv": [9.125, 10.75, 9.25, 10.875], "texture": "#0"},
				"south": {"uv": [9.125, 10.75, 9.25, 10.875], "texture": "#0"},
				"west": {"uv": [9.125, 10.75, 9.25, 10.875], "texture": "#0"},
				"up": {"uv": [9.125, 10.75, 9.25, 10.875], "texture": "#0"},
				"down": {"uv": [9.125, 10.75, 9.25, 10.875], "texture": "#0"}
			}
		},
		{
			"name": "Layer 5_35",
			"from": [6.875, 5, 6.4375],
			"to": [7, 5.125, 6.6875],
			"faces": {
				"north": {"uv": [7, 10.875, 6.875, 11], "texture": "#0"},
				"east": {"uv": [6.875, 10.875, 7, 11], "texture": "#0"},
				"south": {"uv": [6.875, 10.875, 7, 11], "texture": "#0"},
				"west": {"uv": [6.875, 10.875, 7, 11], "texture": "#0"},
				"up": {"uv": [6.875, 10.875, 7, 11], "texture": "#0"},
				"down": {"uv": [6.875, 10.875, 7, 11], "texture": "#0"}
			}
		},
		{
			"name": "Layer 5_36",
			"from": [9, 5, 6.4375],
			"to": [9.125, 5.125, 6.6875],
			"faces": {
				"north": {"uv": [9.125, 10.875, 9, 11], "texture": "#0"},
				"east": {"uv": [9, 10.875, 9.125, 11], "texture": "#0"},
				"south": {"uv": [9, 10.875, 9.125, 11], "texture": "#0"},
				"west": {"uv": [9, 10.875, 9.125, 11], "texture": "#0"},
				"up": {"uv": [9, 10.875, 9.125, 11], "texture": "#0"},
				"down": {"uv": [9, 10.875, 9.125, 11], "texture": "#0"}
			}
		},
		{
			"name": "Layer 5_37",
			"from": [7, 4.875, 6.4375],
			"to": [7.125, 5, 6.6875],
			"faces": {
				"north": {"uv": [7.125, 11, 7, 11.125], "texture": "#0"},
				"east": {"uv": [7, 11, 7.125, 11.125], "texture": "#0"},
				"south": {"uv": [7, 11, 7.125, 11.125], "texture": "#0"},
				"west": {"uv": [7, 11, 7.125, 11.125], "texture": "#0"},
				"up": {"uv": [7, 11, 7.125, 11.125], "texture": "#0"},
				"down": {"uv": [7, 11, 7.125, 11.125], "texture": "#0"}
			}
		},
		{
			"name": "Layer 5_38",
			"from": [8.875, 4.875, 6.4375],
			"to": [9, 5, 6.6875],
			"faces": {
				"north": {"uv": [9, 11, 8.875, 11.125], "texture": "#0"},
				"east": {"uv": [8.875, 11, 9, 11.125], "texture": "#0"},
				"south": {"uv": [8.875, 11, 9, 11.125], "texture": "#0"},
				"west": {"uv": [8.875, 11, 9, 11.125], "texture": "#0"},
				"up": {"uv": [8.875, 11, 9, 11.125], "texture": "#0"},
				"down": {"uv": [8.875, 11, 9, 11.125], "texture": "#0"}
			}
		},
		{
			"name": "Layer 5_39",
			"from": [7.125, 4.625, 6.4375],
			"to": [7.375, 4.875, 6.6875],
			"faces": {
				"north": {"uv": [7.375, 11.125, 7.125, 11.375], "texture": "#0"},
				"east": {"uv": [7.25, 11.125, 7.375, 11.375], "texture": "#0"},
				"south": {"uv": [7.125, 11.125, 7.375, 11.375], "texture": "#0"},
				"west": {"uv": [7.125, 11.125, 7.25, 11.375], "texture": "#0"},
				"up": {"uv": [7.125, 11.125, 7.375, 11.25], "texture": "#0"},
				"down": {"uv": [7.125, 11.25, 7.375, 11.375], "texture": "#0"}
			}
		},
		{
			"name": "Layer 5_40",
			"from": [8.625, 4.625, 6.4375],
			"to": [8.875, 4.875, 6.6875],
			"faces": {
				"north": {"uv": [8.875, 11.125, 8.625, 11.375], "texture": "#0"},
				"east": {"uv": [8.75, 11.125, 8.875, 11.375], "texture": "#0"},
				"south": {"uv": [8.625, 11.125, 8.875, 11.375], "texture": "#0"},
				"west": {"uv": [8.625, 11.125, 8.75, 11.375], "texture": "#0"},
				"up": {"uv": [8.625, 11.125, 8.875, 11.25], "texture": "#0"},
				"down": {"uv": [8.625, 11.25, 8.875, 11.375], "texture": "#0"}
			}
		},
		{
			"name": "Layer 5_41",
			"from": [7.375, 4.375, 6.4375],
			"to": [7.5, 4.75, 6.6875],
			"faces": {
				"north": {"uv": [7.5, 11.25, 7.375, 11.625], "texture": "#0"},
				"east": {"uv": [7.375, 11.25, 7.5, 11.625], "texture": "#0"},
				"south": {"uv": [7.375, 11.25, 7.5, 11.625], "texture": "#0"},
				"west": {"uv": [7.375, 11.25, 7.5, 11.625], "texture": "#0"},
				"up": {"uv": [7.375, 11.25, 7.5, 11.375], "texture": "#0"},
				"down": {"uv": [7.375, 11.5, 7.5, 11.625], "texture": "#0"}
			}
		},
		{
			"name": "Layer 5_42",
			"from": [8.5, 4.375, 6.4375],
			"to": [8.625, 4.75, 6.6875],
			"faces": {
				"north": {"uv": [8.625, 11.25, 8.5, 11.625], "texture": "#0"},
				"east": {"uv": [8.5, 11.25, 8.625, 11.625], "texture": "#0"},
				"south": {"uv": [8.5, 11.25, 8.625, 11.625], "texture": "#0"},
				"west": {"uv": [8.5, 11.25, 8.625, 11.625], "texture": "#0"},
				"up": {"uv": [8.5, 11.25, 8.625, 11.375], "texture": "#0"},
				"down": {"uv": [8.5, 11.5, 8.625, 11.625], "texture": "#0"}
			}
		},
		{
			"name": "Layer 5_43",
			"from": [7.25, 4.5, 6.4375],
			"to": [7.375, 4.625, 6.6875],
			"faces": {
				"north": {"uv": [7.375, 11.375, 7.25, 11.5], "texture": "#0"},
				"south": {"uv": [7.25, 11.375, 7.375, 11.5], "texture": "#0"},
				"west": {"uv": [7.25, 11.375, 7.375, 11.5], "texture": "#0"},
				"down": {"uv": [7.25, 11.375, 7.375, 11.5], "texture": "#0"}
			}
		},
		{
			"name": "Layer 5_44",
			"from": [7.5, 4.25, 6.4375],
			"to": [7.625, 4.625, 6.6875],
			"faces": {
				"north": {"uv": [7.625, 11.375, 7.5, 11.75], "texture": "#0"},
				"east": {"uv": [7.5, 11.375, 7.625, 11.75], "texture": "#0"},
				"south": {"uv": [7.5, 11.375, 7.625, 11.75], "texture": "#0"},
				"west": {"uv": [7.5, 11.375, 7.625, 11.75], "texture": "#0"},
				"up": {"uv": [7.5, 11.375, 7.625, 11.5], "texture": "#0"},
				"down": {"uv": [7.5, 11.625, 7.625, 11.75], "texture": "#0"}
			}
		},
		{
			"name": "Layer 5_45",
			"from": [8.375, 4.25, 6.4375],
			"to": [8.5, 4.625, 6.6875],
			"faces": {
				"north": {"uv": [8.5, 11.375, 8.375, 11.75], "texture": "#0"},
				"east": {"uv": [8.375, 11.375, 8.5, 11.75], "texture": "#0"},
				"south": {"uv": [8.375, 11.375, 8.5, 11.75], "texture": "#0"},
				"west": {"uv": [8.375, 11.375, 8.5, 11.75], "texture": "#0"},
				"up": {"uv": [8.375, 11.375, 8.5, 11.5], "texture": "#0"},
				"down": {"uv": [8.375, 11.625, 8.5, 11.75], "texture": "#0"}
			}
		},
		{
			"name": "Layer 5_46",
			"from": [8.625, 4.5, 6.4375],
			"to": [8.75, 4.625, 6.6875],
			"faces": {
				"north": {"uv": [8.75, 11.375, 8.625, 11.5], "texture": "#0"},
				"east": {"uv": [8.625, 11.375, 8.75, 11.5], "texture": "#0"},
				"south": {"uv": [8.625, 11.375, 8.75, 11.5], "texture": "#0"},
				"down": {"uv": [8.625, 11.375, 8.75, 11.5], "texture": "#0"}
			}
		},
		{
			"name": "Layer 5_47",
			"from": [7.625, 4.125, 6.4375],
			"to": [7.75, 4.5, 6.6875],
			"faces": {
				"north": {"uv": [7.75, 11.5, 7.625, 11.875], "texture": "#0"},
				"east": {"uv": [7.625, 11.5, 7.75, 11.875], "texture": "#0"},
				"south": {"uv": [7.625, 11.5, 7.75, 11.875], "texture": "#0"},
				"west": {"uv": [7.625, 11.5, 7.75, 11.875], "texture": "#0"},
				"up": {"uv": [7.625, 11.5, 7.75, 11.625], "texture": "#0"},
				"down": {"uv": [7.625, 11.75, 7.75, 11.875], "texture": "#0"}
			}
		},
		{
			"name": "Layer 5_48",
			"from": [8.25, 4.125, 6.4375],
			"to": [8.375, 4.5, 6.6875],
			"faces": {
				"north": {"uv": [8.375, 11.5, 8.25, 11.875], "texture": "#0"},
				"east": {"uv": [8.25, 11.5, 8.375, 11.875], "texture": "#0"},
				"south": {"uv": [8.25, 11.5, 8.375, 11.875], "texture": "#0"},
				"west": {"uv": [8.25, 11.5, 8.375, 11.875], "texture": "#0"},
				"up": {"uv": [8.25, 11.5, 8.375, 11.625], "texture": "#0"},
				"down": {"uv": [8.25, 11.75, 8.375, 11.875], "texture": "#0"}
			}
		},
		{
			"name": "Layer 5_49",
			"from": [7.75, 4, 6.4375],
			"to": [7.875, 4.375, 6.6875],
			"faces": {
				"north": {"uv": [7.875, 11.625, 7.75, 12], "texture": "#0"},
				"east": {"uv": [7.75, 11.625, 7.875, 12], "texture": "#0"},
				"south": {"uv": [7.75, 11.625, 7.875, 12], "texture": "#0"},
				"west": {"uv": [7.75, 11.625, 7.875, 12], "texture": "#0"},
				"up": {"uv": [7.75, 11.625, 7.875, 11.75], "texture": "#0"},
				"down": {"uv": [7.75, 11.875, 7.875, 12], "texture": "#0"}
			}
		},
		{
			"name": "Layer 5_50",
			"from": [8.125, 4, 6.4375],
			"to": [8.25, 4.375, 6.6875],
			"faces": {
				"north": {"uv": [8.25, 11.625, 8.125, 12], "texture": "#0"},
				"east": {"uv": [8.125, 11.625, 8.25, 12], "texture": "#0"},
				"south": {"uv": [8.125, 11.625, 8.25, 12], "texture": "#0"},
				"west": {"uv": [8.125, 11.625, 8.25, 12], "texture": "#0"},
				"up": {"uv": [8.125, 11.625, 8.25, 11.75], "texture": "#0"},
				"down": {"uv": [8.125, 11.875, 8.25, 12], "texture": "#0"}
			}
		},
		{
			"name": "Layer 5_51",
			"from": [7.875, 3.875, 6.4375],
			"to": [8.125, 4.25, 6.6875],
			"faces": {
				"north": {"uv": [8.125, 11.75, 7.875, 12.125], "texture": "#0"},
				"east": {"uv": [8, 11.75, 8.125, 12.125], "texture": "#0"},
				"south": {"uv": [7.875, 11.75, 8.125, 12.125], "texture": "#0"},
				"west": {"uv": [7.875, 11.75, 8, 12.125], "texture": "#0"},
				"up": {"uv": [7.875, 11.75, 8.125, 11.875], "texture": "#0"},
				"down": {"uv": [7.875, 12, 8.125, 12.125], "texture": "#0"}
			}
		},
		{
			"name": "Layer 24_1",
			"from": [6.75, 5.25, 6.5],
			"to": [7.25, 9.875, 6.625],
			"faces": {
				"north": {"uv": [7.25, 6.125, 6.75, 10.75], "texture": "#0"},
				"south": {"uv": [6.75, 6.125, 7.25, 10.75], "texture": "#0"}
			}
		},
		{
			"name": "Layer 24_2",
			"from": [8.75, 5.25, 6.5],
			"to": [9.25, 9.875, 6.625],
			"faces": {
				"north": {"uv": [9.25, 6.125, 8.75, 10.75], "texture": "#0"},
				"south": {"uv": [8.75, 6.125, 9.25, 10.75], "texture": "#0"}
			}
		},
		{
			"name": "Layer 24_3",
			"from": [6.375, 5.75, 6.5],
			"to": [6.75, 9.75, 6.625],
			"faces": {
				"north": {"uv": [6.75, 6.25, 6.375, 10.25], "texture": "#0"},
				"south": {"uv": [6.375, 6.25, 6.75, 10.25], "texture": "#0"}
			}
		},
		{
			"name": "Layer 24_4",
			"from": [7.25, 4.875, 6.5],
			"to": [7.875, 9.75, 6.625],
			"faces": {
				"north": {"uv": [7.875, 6.25, 7.25, 11.125], "texture": "#0"},
				"south": {"uv": [7.25, 6.25, 7.875, 11.125], "texture": "#0"}
			}
		},
		{
			"name": "Layer 24_5",
			"from": [8.125, 4.875, 6.5],
			"to": [8.75, 9.75, 6.625],
			"faces": {
				"north": {"uv": [8.75, 6.25, 8.125, 11.125], "texture": "#0"},
				"south": {"uv": [8.125, 6.25, 8.75, 11.125], "texture": "#0"}
			}
		},
		{
			"name": "Layer 24_6",
			"from": [9.25, 5.75, 6.5],
			"to": [9.625, 9.75, 6.625],
			"faces": {
				"north": {"uv": [9.625, 6.25, 9.25, 10.25], "texture": "#0"},
				"south": {"uv": [9.25, 6.25, 9.625, 10.25], "texture": "#0"}
			}
		},
		{
			"name": "Layer 24_7",
			"from": [6.25, 5.875, 6.5],
			"to": [6.375, 9.625, 6.625],
			"faces": {
				"north": {"uv": [6.375, 6.375, 6.25, 10.125], "texture": "#0"},
				"south": {"uv": [6.25, 6.375, 6.375, 10.125], "texture": "#0"}
			}
		},
		{
			"name": "Layer 24_8",
			"from": [7.875, 4.25, 6.5],
			"to": [8.125, 9.625, 6.625],
			"faces": {
				"north": {"uv": [8.125, 6.375, 7.875, 11.75], "texture": "#0"},
				"south": {"uv": [7.875, 6.375, 8.125, 11.75], "texture": "#0"}
			}
		},
		{
			"name": "Layer 24_9",
			"from": [9.625, 5.875, 6.5],
			"to": [9.75, 9.625, 6.625],
			"faces": {
				"north": {"uv": [9.75, 6.375, 9.625, 10.125], "texture": "#0"},
				"south": {"uv": [9.625, 6.375, 9.75, 10.125], "texture": "#0"}
			}
		},
		{
			"name": "Layer 24_10",
			"from": [6.125, 6.625, 6.5],
			"to": [6.25, 9.25, 6.625],
			"faces": {
				"north": {"uv": [6.25, 6.75, 6.125, 9.375], "texture": "#0"},
				"south": {"uv": [6.125, 6.75, 6.25, 9.375], "texture": "#0"}
			}
		},
		{
			"name": "Layer 24_11",
			"from": [9.75, 6.625, 6.5],
			"to": [9.875, 9.25, 6.625],
			"faces": {
				"north": {"uv": [9.875, 6.75, 9.75, 9.375], "texture": "#0"},
				"south": {"uv": [9.75, 6.75, 9.875, 9.375], "texture": "#0"}
			}
		},
		{
			"name": "Layer 24_12",
			"from": [6.5, 5.625, 6.5],
			"to": [6.75, 5.75, 6.625],
			"faces": {
				"north": {"uv": [6.75, 10.25, 6.5, 10.375], "texture": "#0"},
				"south": {"uv": [6.5, 10.25, 6.75, 10.375], "texture": "#0"}
			}
		},
		{
			"name": "Layer 24_13",
			"from": [9.25, 5.625, 6.5],
			"to": [9.5, 5.75, 6.625],
			"faces": {
				"north": {"uv": [9.5, 10.25, 9.25, 10.375], "texture": "#0"},
				"south": {"uv": [9.25, 10.25, 9.5, 10.375], "texture": "#0"}
			}
		},
		{
			"name": "Layer 24_14",
			"from": [6.625, 5.5, 6.5],
			"to": [6.75, 5.625, 6.625],
			"faces": {
				"north": {"uv": [6.75, 10.375, 6.625, 10.5], "texture": "#0"},
				"south": {"uv": [6.625, 10.375, 6.75, 10.5], "texture": "#0"}
			}
		},
		{
			"name": "Layer 24_15",
			"from": [9.25, 5.5, 6.5],
			"to": [9.375, 5.625, 6.625],
			"faces": {
				"north": {"uv": [9.375, 10.375, 9.25, 10.5], "texture": "#0"},
				"south": {"uv": [9.25, 10.375, 9.375, 10.5], "texture": "#0"}
			}
		},
		{
			"name": "Layer 24_16",
			"from": [6.875, 5.125, 6.5],
			"to": [7.25, 5.25, 6.625],
			"faces": {
				"north": {"uv": [7.25, 10.75, 6.875, 10.875], "texture": "#0"},
				"south": {"uv": [6.875, 10.75, 7.25, 10.875], "texture": "#0"}
			}
		},
		{
			"name": "Layer 24_17",
			"from": [8.75, 5, 6.5],
			"to": [9, 5.25, 6.625],
			"faces": {
				"north": {"uv": [9, 10.75, 8.75, 11], "texture": "#0"},
				"south": {"uv": [8.75, 10.75, 9, 11], "texture": "#0"}
			}
		},
		{
			"name": "Layer 24_18",
			"from": [9, 5.125, 6.5],
			"to": [9.125, 5.25, 6.625],
			"faces": {
				"north": {"uv": [9.125, 10.75, 9, 10.875], "texture": "#0"},
				"south": {"uv": [9, 10.75, 9.125, 10.875], "texture": "#0"}
			}
		},
		{
			"name": "Layer 24_19",
			"from": [7, 5, 6.5],
			"to": [7.25, 5.125, 6.625],
			"faces": {
				"north": {"uv": [7.25, 10.875, 7, 11], "texture": "#0"},
				"south": {"uv": [7, 10.875, 7.25, 11], "texture": "#0"}
			}
		},
		{
			"name": "Layer 24_20",
			"from": [7.125, 4.875, 6.5],
			"to": [7.25, 5, 6.625],
			"faces": {
				"north": {"uv": [7.25, 11, 7.125, 11.125], "texture": "#0"},
				"south": {"uv": [7.125, 11, 7.25, 11.125], "texture": "#0"}
			}
		},
		{
			"name": "Layer 24_21",
			"from": [8.75, 4.875, 6.5],
			"to": [8.875, 5, 6.625],
			"faces": {
				"north": {"uv": [8.875, 11, 8.75, 11.125], "texture": "#0"},
				"south": {"uv": [8.75, 11, 8.875, 11.125], "texture": "#0"}
			}
		},
		{
			"name": "Layer 24_22",
			"from": [7.375, 4.75, 6.5],
			"to": [7.875, 4.875, 6.625],
			"faces": {
				"north": {"uv": [7.875, 11.125, 7.375, 11.25], "texture": "#0"},
				"south": {"uv": [7.375, 11.125, 7.875, 11.25], "texture": "#0"}
			}
		},
		{
			"name": "Layer 24_23",
			"from": [8.125, 4.625, 6.5],
			"to": [8.5, 4.875, 6.625],
			"faces": {
				"north": {"uv": [8.5, 11.125, 8.125, 11.375], "texture": "#0"},
				"south": {"uv": [8.125, 11.125, 8.5, 11.375], "texture": "#0"}
			}
		},
		{
			"name": "Layer 24_24",
			"from": [8.5, 4.75, 6.5],
			"to": [8.625, 4.875, 6.625],
			"faces": {
				"north": {"uv": [8.625, 11.125, 8.5, 11.25], "texture": "#0"},
				"south": {"uv": [8.5, 11.125, 8.625, 11.25], "texture": "#0"}
			}
		},
		{
			"name": "Layer 24_25",
			"from": [7.5, 4.625, 6.5],
			"to": [7.875, 4.75, 6.625],
			"faces": {
				"north": {"uv": [7.875, 11.25, 7.5, 11.375], "texture": "#0"},
				"south": {"uv": [7.5, 11.25, 7.875, 11.375], "texture": "#0"}
			}
		},
		{
			"name": "Layer 24_26",
			"from": [7.625, 4.5, 6.5],
			"to": [7.875, 4.625, 6.625],
			"faces": {
				"north": {"uv": [7.875, 11.375, 7.625, 11.5], "texture": "#0"},
				"south": {"uv": [7.625, 11.375, 7.875, 11.5], "texture": "#0"}
			}
		},
		{
			"name": "Layer 24_27",
			"from": [8.125, 4.5, 6.5],
			"to": [8.375, 4.625, 6.625],
			"faces": {
				"north": {"uv": [8.375, 11.375, 8.125, 11.5], "texture": "#0"},
				"south": {"uv": [8.125, 11.375, 8.375, 11.5], "texture": "#0"}
			}
		},
		{
			"name": "Layer 24_28",
			"from": [7.75, 4.375, 6.5],
			"to": [7.875, 4.5, 6.625],
			"faces": {
				"north": {"uv": [7.875, 11.5, 7.75, 11.625], "texture": "#0"},
				"south": {"uv": [7.75, 11.5, 7.875, 11.625], "texture": "#0"}
			}
		},
		{
			"name": "Layer 24_29",
			"from": [8.125, 4.375, 6.5],
			"to": [8.25, 4.5, 6.625],
			"faces": {
				"north": {"uv": [8.25, 11.5, 8.125, 11.625], "texture": "#0"},
				"south": {"uv": [8.125, 11.5, 8.25, 11.625], "texture": "#0"}
			}
		}
	],
	"display": {
		"thirdperson_righthand": {
			"rotation": [0, -90, 0],
			"translation": [-2, -1.25, 2.75],
			"scale": [3, 3, 3]
		},
		"thirdperson_lefthand": {
			"rotation": [0, -90, 0],
			"translation": [-1.75, -1.25, 2.75],
			"scale": [3, 3, 3]
		},
		"firstperson_righthand": {
			"rotation": [0, -5, 4],
			"translation": [3.5, 1.5, -0.75],
			"scale": [3, 3, 3]
		},
		"firstperson_lefthand": {
			"rotation": [0, -5, 4],
			"translation": [3.5, 1.5, -0.75],
			"scale": [3, 3, 3]
		},
		"ground": {
			"translation": [0, 10, 0],
			"scale": [3, 3, 3]
		},
		"gui": {
			"rotation": [0, 180, 0],
			"translation": [0.5, 1.5, 0],
			"scale": [2, 2, 2]
		},
		"head": {
			"rotation": [180, 0, 180],
			"translation": [0, -12.25, 2],
			"scale": [3.5, 3.5, 3.5]
		},
		"fixed": {
			"translation": [0, 2, 3.75],
			"scale": [2, 2, 2]
		}
	},
	"groups": [
		{
			"name": "plank_shield4",
			"origin": [8, 8, 8],
			"color": 0,
			"children": [0, 1, 2]
		},
		{
			"name": "Layer 4 Copy",
			"origin": [8, 8, 8],
			"color": 0,
			"children": [
				3,
				4,
				5,
				6,
				7,
				8,
				9,
				10,
				11,
				12,
				13,
				14,
				15,
				16,
				17,
				18,
				19,
				20,
				21,
				22,
				23,
				24,
				25,
				26,
				27,
				28,
				29,
				30,
				31,
				32,
				33,
				34,
				35,
				36,
				37,
				38,
				39,
				40,
				41,
				42,
				43,
				44,
				45,
				46,
				47,
				48,
				49,
				50,
				51,
				52,
				53,
				54,
				55,
				56,
				57,
				58,
				59,
				60,
				61,
				62,
				63,
				64,
				65,
				66,
				67,
				68,
				69,
				70,
				71,
				72,
				73,
				74,
				75,
				76,
				77,
				78,
				79,
				80,
				81,
				82,
				83,
				84,
				85,
				86,
				87,
				88,
				89,
				90,
				91,
				92,
				93,
				94,
				95,
				96,
				97,
				98,
				99,
				100,
				101,
				102,
				103,
				104,
				105,
				106,
				107,
				108,
				109,
				110,
				111,
				112,
				113,
				114,
				115,
				116,
				117,
				118,
				119,
				120,
				121,
				122,
				123,
				124,
				125,
				126,
				127,
				128,
				129
			]
		},
		{
			"name": "Layer 5",
			"origin": [8, 8, 8],
			"color": 0,
			"children": [
				130,
				131,
				132,
				133,
				134,
				135,
				136,
				137,
				138,
				139,
				140,
				141,
				142,
				143,
				144,
				145,
				146,
				147,
				148,
				149,
				150,
				151,
				152,
				153,
				154,
				155,
				156,
				157,
				158,
				159,
				160,
				161,
				162,
				163,
				164,
				165,
				166,
				167,
				168,
				169,
				170,
				171,
				172,
				173,
				174,
				175,
				176,
				177,
				178,
				179,
				180,
				181
			]
		},
		{
			"name": "Layer 24",
			"origin": [8, 8, 8],
			"color": 0,
			"children": [182, 183, 184, 185, 186, 187, 188, 189, 190, 191, 192, 193, 194, 195, 196, 197, 198, 199, 200, 201, 202, 203, 204, 205, 206, 207, 208, 209, 210]
		}
	]
}