{
	"credit": "Made with Blockbench",
	"textures": {
		"0": "item/venom_fang",
		"particle": "item/venom_fang"
	},
	"elements": [
		{
			"name": "Flattened_0",
			"from": [7.75, 5.5, 7.8125],
			"to": [7.875, 9.375, 8.3125],
			"faces": {
				"north": {"uv": [7.875, 6.625, 7.75, 10.5], "texture": "#0"},
				"east": {"uv": [7.75, 6.625, 7.875, 10.5], "texture": "#0"},
				"south": {"uv": [7.75, 6.625, 7.875, 10.5], "texture": "#0"},
				"west": {"uv": [7.75, 6.625, 7.875, 10.5], "texture": "#0"},
				"up": {"uv": [7.75, 6.625, 7.875, 6.75], "texture": "#0"},
				"down": {"uv": [7.75, 10.375, 7.875, 10.5], "texture": "#0"}
			}
		},
		{
			"name": "Flattened_1",
			"from": [7.625, 5.5, 7.8125],
			"to": [7.75, 8.875, 8.3125],
			"faces": {
				"north": {"uv": [7.75, 7.125, 7.625, 10.5], "texture": "#0"},
				"south": {"uv": [7.625, 7.125, 7.75, 10.5], "texture": "#0"},
				"west": {"uv": [7.625, 7.125, 7.75, 10.5], "texture": "#0"},
				"up": {"uv": [7.625, 7.125, 7.75, 7.25], "texture": "#0"},
				"down": {"uv": [7.625, 10.375, 7.75, 10.5], "texture": "#0"}
			}
		},
		{
			"name": "Flattened_2",
			"from": [7.875, 5.625, 7.8125],
			"to": [8, 8.875, 8.3125],
			"faces": {
				"north": {"uv": [8, 7.125, 7.875, 10.375], "texture": "#0"},
				"east": {"uv": [7.875, 7.125, 8, 10.375], "texture": "#0"},
				"south": {"uv": [7.875, 7.125, 8, 10.375], "texture": "#0"},
				"up": {"uv": [7.875, 7.125, 8, 7.25], "texture": "#0"},
				"down": {"uv": [7.875, 10.25, 8, 10.375], "texture": "#0"}
			}
		},
		{
			"name": "Flattened_3",
			"from": [8.375, 6.375, 7.8125],
			"to": [8.625, 7.5, 8.3125],
			"faces": {
				"north": {"uv": [8.625, 8.5, 8.375, 9.625], "texture": "#0"},
				"east": {"uv": [8.5, 8.5, 8.625, 9.625], "texture": "#0"},
				"south": {"uv": [8.375, 8.5, 8.625, 9.625], "texture": "#0"},
				"west": {"uv": [8.375, 8.5, 8.5, 9.625], "texture": "#0"},
				"up": {"uv": [8.375, 8.5, 8.625, 8.625], "texture": "#0"},
				"down": {"uv": [8.375, 9.5, 8.625, 9.625], "texture": "#0"}
			}
		},
		{
			"name": "Flattened_4",
			"from": [8, 6, 7.8125],
			"to": [8.125, 7.25, 8.3125],
			"faces": {
				"north": {"uv": [8.125, 8.75, 8, 10], "texture": "#0"},
				"east": {"uv": [8, 8.75, 8.125, 10], "texture": "#0"},
				"south": {"uv": [8, 8.75, 8.125, 10], "texture": "#0"},
				"up": {"uv": [8, 8.75, 8.125, 8.875], "texture": "#0"},
				"down": {"uv": [8, 9.875, 8.125, 10], "texture": "#0"}
			}
		},
		{
			"name": "Flattened_5",
			"from": [8.25, 6, 7.8125],
			"to": [8.375, 7.25, 8.3125],
			"faces": {
				"north": {"uv": [8.375, 8.75, 8.25, 10], "texture": "#0"},
				"south": {"uv": [8.25, 8.75, 8.375, 10], "texture": "#0"},
				"west": {"uv": [8.25, 8.75, 8.375, 10], "texture": "#0"},
				"up": {"uv": [8.25, 8.75, 8.375, 8.875], "texture": "#0"},
				"down": {"uv": [8.25, 9.875, 8.375, 10], "texture": "#0"}
			}
		},
		{
			"name": "Flattened_6",
			"from": [8.625, 6.375, 7.8125],
			"to": [8.75, 7.25, 8.3125],
			"faces": {
				"north": {"uv": [8.75, 8.75, 8.625, 9.625], "texture": "#0"},
				"east": {"uv": [8.625, 8.75, 8.75, 9.625], "texture": "#0"},
				"south": {"uv": [8.625, 8.75, 8.75, 9.625], "texture": "#0"},
				"up": {"uv": [8.625, 8.75, 8.75, 8.875], "texture": "#0"},
				"down": {"uv": [8.625, 9.5, 8.75, 9.625], "texture": "#0"}
			}
		},
		{
			"name": "Flattened_7",
			"from": [7.5, 5.375, 7.8125],
			"to": [7.625, 7.125, 8.3125],
			"faces": {
				"north": {"uv": [7.625, 8.875, 7.5, 10.625], "texture": "#0"},
				"east": {"uv": [7.5, 8.875, 7.625, 10.625], "texture": "#0"},
				"south": {"uv": [7.5, 8.875, 7.625, 10.625], "texture": "#0"},
				"west": {"uv": [7.5, 8.875, 7.625, 10.625], "texture": "#0"},
				"up": {"uv": [7.5, 8.875, 7.625, 9], "texture": "#0"},
				"down": {"uv": [7.5, 10.5, 7.625, 10.625], "texture": "#0"}
			}
		},
		{
			"name": "Flattened_8",
			"from": [8.75, 6.25, 7.8125],
			"to": [8.875, 7.125, 8.3125],
			"faces": {
				"north": {"uv": [8.875, 8.875, 8.75, 9.75], "texture": "#0"},
				"east": {"uv": [8.75, 8.875, 8.875, 9.75], "texture": "#0"},
				"south": {"uv": [8.75, 8.875, 8.875, 9.75], "texture": "#0"},
				"west": {"uv": [8.75, 8.875, 8.875, 9.75], "texture": "#0"},
				"up": {"uv": [8.75, 8.875, 8.875, 9], "texture": "#0"},
				"down": {"uv": [8.75, 9.625, 8.875, 9.75], "texture": "#0"}
			}
		},
		{
			"name": "Flattened_9",
			"from": [8.125, 6, 7.8125],
			"to": [8.25, 7, 8.3125],
			"faces": {
				"north": {"uv": [8.25, 9, 8.125, 10], "texture": "#0"},
				"south": {"uv": [8.125, 9, 8.25, 10], "texture": "#0"},
				"up": {"uv": [8.125, 9, 8.25, 9.125], "texture": "#0"},
				"down": {"uv": [8.125, 9.875, 8.25, 10], "texture": "#0"}
			}
		},
		{
			"name": "Flattened_10",
			"from": [8.875, 6.875, 7.8125],
			"to": [9, 7, 8.3125],
			"faces": {
				"north": {"uv": [9, 9, 8.875, 9.125], "texture": "#0"},
				"east": {"uv": [8.875, 9, 9, 9.125], "texture": "#0"},
				"south": {"uv": [8.875, 9, 9, 9.125], "texture": "#0"},
				"up": {"uv": [8.875, 9, 9, 9.125], "texture": "#0"},
				"down": {"uv": [8.875, 9, 9, 9.125], "texture": "#0"}
			}
		},
		{
			"name": "Flattened_11",
			"from": [7.375, 5.25, 7.8125],
			"to": [7.5, 6.875, 8.3125],
			"faces": {
				"north": {"uv": [7.5, 9.125, 7.375, 10.75], "texture": "#0"},
				"east": {"uv": [7.375, 9.125, 7.5, 10.75], "texture": "#0"},
				"south": {"uv": [7.375, 9.125, 7.5, 10.75], "texture": "#0"},
				"west": {"uv": [7.375, 9.125, 7.5, 10.75], "texture": "#0"},
				"up": {"uv": [7.375, 9.125, 7.5, 9.25], "texture": "#0"},
				"down": {"uv": [7.375, 10.625, 7.5, 10.75], "texture": "#0"}
			}
		},
		{
			"name": "Flattened_12",
			"from": [7.25, 6.375, 7.8125],
			"to": [7.375, 6.75, 8.3125],
			"faces": {
				"north": {"uv": [7.375, 9.25, 7.25, 9.625], "texture": "#0"},
				"south": {"uv": [7.25, 9.25, 7.375, 9.625], "texture": "#0"},
				"west": {"uv": [7.25, 9.25, 7.375, 9.625], "texture": "#0"},
				"up": {"uv": [7.25, 9.25, 7.375, 9.375], "texture": "#0"},
				"down": {"uv": [7.25, 9.5, 7.375, 9.625], "texture": "#0"}
			}
		},
		{
			"name": "Flattened_13",
			"from": [8.375, 5.75, 7.8125],
			"to": [8.5, 6.375, 8.3125],
			"faces": {
				"north": {"uv": [8.5, 9.625, 8.375, 10.25], "texture": "#0"},
				"east": {"uv": [8.375, 9.625, 8.5, 10.25], "texture": "#0"},
				"south": {"uv": [8.375, 9.625, 8.5, 10.25], "texture": "#0"},
				"west": {"uv": [8.375, 9.625, 8.5, 10.25], "texture": "#0"},
				"down": {"uv": [8.375, 10.125, 8.5, 10.25], "texture": "#0"}
			}
		},
		{
			"name": "Flattened_14",
			"from": [8.5, 5.625, 7.8125],
			"to": [8.625, 6.25, 8.3125],
			"faces": {
				"north": {"uv": [8.625, 9.75, 8.5, 10.375], "texture": "#0"},
				"east": {"uv": [8.5, 9.75, 8.625, 10.375], "texture": "#0"},
				"south": {"uv": [8.5, 9.75, 8.625, 10.375], "texture": "#0"},
				"west": {"uv": [8.5, 9.75, 8.625, 10.375], "texture": "#0"},
				"up": {"uv": [8.5, 9.75, 8.625, 9.875], "texture": "#0"},
				"down": {"uv": [8.5, 10.25, 8.625, 10.375], "texture": "#0"}
			}
		},
		{
			"name": "Flattened_15",
			"from": [8.625, 5.625, 7.8125],
			"to": [8.75, 6.125, 8.3125],
			"faces": {
				"north": {"uv": [8.75, 9.875, 8.625, 10.375], "texture": "#0"},
				"east": {"uv": [8.625, 9.875, 8.75, 10.375], "texture": "#0"},
				"south": {"uv": [8.625, 9.875, 8.75, 10.375], "texture": "#0"},
				"up": {"uv": [8.625, 9.875, 8.75, 10], "texture": "#0"},
				"down": {"uv": [8.625, 10.25, 8.75, 10.375], "texture": "#0"}
			}
		},
		{
			"name": "Flattened_16",
			"from": [7.25, 5, 7.8125],
			"to": [7.375, 6, 8.3125],
			"faces": {
				"north": {"uv": [7.375, 10, 7.25, 11], "texture": "#0"},
				"east": {"uv": [7.25, 10, 7.375, 11], "texture": "#0"},
				"south": {"uv": [7.25, 10, 7.375, 11], "texture": "#0"},
				"west": {"uv": [7.25, 10, 7.375, 11], "texture": "#0"},
				"up": {"uv": [7.25, 10, 7.375, 10.125], "texture": "#0"},
				"down": {"uv": [7.25, 10.875, 7.375, 11], "texture": "#0"}
			}
		},
		{
			"name": "Flattened_17",
			"from": [8.75, 5.625, 7.8125],
			"to": [8.875, 6, 8.3125],
			"faces": {
				"north": {"uv": [8.875, 10, 8.75, 10.375], "texture": "#0"},
				"east": {"uv": [8.75, 10, 8.875, 10.375], "texture": "#0"},
				"south": {"uv": [8.75, 10, 8.875, 10.375], "texture": "#0"},
				"up": {"uv": [8.75, 10, 8.875, 10.125], "texture": "#0"},
				"down": {"uv": [8.75, 10.25, 8.875, 10.375], "texture": "#0"}
			}
		},
		{
			"name": "Flattened_18",
			"from": [8.875, 5.625, 7.8125],
			"to": [9, 5.875, 8.3125],
			"faces": {
				"north": {"uv": [9, 10.125, 8.875, 10.375], "texture": "#0"},
				"east": {"uv": [8.875, 10.125, 9, 10.375], "texture": "#0"},
				"south": {"uv": [8.875, 10.125, 9, 10.375], "texture": "#0"},
				"up": {"uv": [8.875, 10.125, 9, 10.25], "texture": "#0"},
				"down": {"uv": [8.875, 10.25, 9, 10.375], "texture": "#0"}
			}
		},
		{
			"name": "Flattened_19",
			"from": [7.125, 4.75, 7.8125],
			"to": [7.25, 5.625, 8.3125],
			"faces": {
				"north": {"uv": [7.25, 10.375, 7.125, 11.25], "texture": "#0"},
				"east": {"uv": [7.125, 10.375, 7.25, 11.25], "texture": "#0"},
				"south": {"uv": [7.125, 10.375, 7.25, 11.25], "texture": "#0"},
				"west": {"uv": [7.125, 10.375, 7.25, 11.25], "texture": "#0"},
				"up": {"uv": [7.125, 10.375, 7.25, 10.5], "texture": "#0"},
				"down": {"uv": [7.125, 11.125, 7.25, 11.25], "texture": "#0"}
			}
		},
		{
			"name": "Layer 1_0",
			"from": [8.875, 13.375, 7.9375],
			"to": [9.125, 13.5, 8.1875],
			"faces": {
				"north": {"uv": [9.125, 2.5, 8.875, 2.625], "texture": "#0"},
				"east": {"uv": [9, 2.5, 9.125, 2.625], "texture": "#0"},
				"south": {"uv": [8.875, 2.5, 9.125, 2.625], "texture": "#0"},
				"west": {"uv": [8.875, 2.5, 9, 2.625], "texture": "#0"},
				"up": {"uv": [8.875, 2.5, 9.125, 2.625], "texture": "#0"},
				"down": {"uv": [8.875, 2.5, 9.125, 2.625], "texture": "#0"}
			}
		},
		{
			"name": "Layer 1_1",
			"from": [8.625, 13.25, 7.9375],
			"to": [9, 13.375, 8.1875],
			"faces": {
				"north": {"uv": [9, 2.625, 8.625, 2.75], "texture": "#0"},
				"east": {"uv": [8.875, 2.625, 9, 2.75], "texture": "#0"},
				"south": {"uv": [8.625, 2.625, 9, 2.75], "texture": "#0"},
				"west": {"uv": [8.625, 2.625, 8.75, 2.75], "texture": "#0"},
				"up": {"uv": [8.625, 2.625, 9, 2.75], "texture": "#0"},
				"down": {"uv": [8.625, 2.625, 9, 2.75], "texture": "#0"}
			}
		},
		{
			"name": "Layer 1_2",
			"from": [8.375, 13.125, 7.9375],
			"to": [8.625, 13.25, 8.1875],
			"faces": {
				"north": {"uv": [8.625, 2.75, 8.375, 2.875], "texture": "#0"},
				"south": {"uv": [8.375, 2.75, 8.625, 2.875], "texture": "#0"},
				"west": {"uv": [8.375, 2.75, 8.5, 2.875], "texture": "#0"},
				"up": {"uv": [8.375, 2.75, 8.625, 2.875], "texture": "#0"}
			}
		},
		{
			"name": "Layer 1_3",
			"from": [8.75, 13.125, 7.9375],
			"to": [8.875, 13.25, 8.1875],
			"faces": {
				"north": {"uv": [8.875, 2.75, 8.75, 2.875], "texture": "#0"},
				"east": {"uv": [8.75, 2.75, 8.875, 2.875], "texture": "#0"},
				"south": {"uv": [8.75, 2.75, 8.875, 2.875], "texture": "#0"},
				"down": {"uv": [8.75, 2.75, 8.875, 2.875], "texture": "#0"}
			}
		},
		{
			"name": "Layer 1_4",
			"from": [8.25, 13, 7.9375],
			"to": [8.375, 13.125, 8.1875],
			"faces": {
				"north": {"uv": [8.375, 2.875, 8.25, 3], "texture": "#0"},
				"south": {"uv": [8.25, 2.875, 8.375, 3], "texture": "#0"},
				"west": {"uv": [8.25, 2.875, 8.375, 3], "texture": "#0"},
				"up": {"uv": [8.25, 2.875, 8.375, 3], "texture": "#0"}
			}
		},
		{
			"name": "Layer 1_5",
			"from": [8.625, 12.875, 7.9375],
			"to": [8.75, 13.125, 8.1875],
			"faces": {
				"north": {"uv": [8.75, 2.875, 8.625, 3.125], "texture": "#0"},
				"east": {"uv": [8.625, 2.875, 8.75, 3.125], "texture": "#0"},
				"south": {"uv": [8.625, 2.875, 8.75, 3.125], "texture": "#0"},
				"down": {"uv": [8.625, 3, 8.75, 3.125], "texture": "#0"}
			}
		},
		{
			"name": "Layer 1_6",
			"from": [8.125, 12.875, 7.9375],
			"to": [8.25, 13, 8.1875],
			"faces": {
				"north": {"uv": [8.25, 3, 8.125, 3.125], "texture": "#0"},
				"south": {"uv": [8.125, 3, 8.25, 3.125], "texture": "#0"},
				"west": {"uv": [8.125, 3, 8.25, 3.125], "texture": "#0"},
				"up": {"uv": [8.125, 3, 8.25, 3.125], "texture": "#0"}
			}
		},
		{
			"name": "Layer 1_7",
			"from": [8.5, 12.75, 7.9375],
			"to": [8.625, 13, 8.1875],
			"faces": {
				"north": {"uv": [8.625, 3, 8.5, 3.25], "texture": "#0"},
				"east": {"uv": [8.5, 3, 8.625, 3.25], "texture": "#0"},
				"south": {"uv": [8.5, 3, 8.625, 3.25], "texture": "#0"},
				"down": {"uv": [8.5, 3.125, 8.625, 3.25], "texture": "#0"}
			}
		},
		{
			"name": "Layer 1_8",
			"from": [8, 12.75, 7.9375],
			"to": [8.125, 12.875, 8.1875],
			"faces": {
				"north": {"uv": [8.125, 3.125, 8, 3.25], "texture": "#0"},
				"south": {"uv": [8, 3.125, 8.125, 3.25], "texture": "#0"},
				"west": {"uv": [8, 3.125, 8.125, 3.25], "texture": "#0"},
				"up": {"uv": [8, 3.125, 8.125, 3.25], "texture": "#0"}
			}
		},
		{
			"name": "Layer 1_9",
			"from": [7.875, 12.625, 7.9375],
			"to": [8, 12.75, 8.1875],
			"faces": {
				"north": {"uv": [8, 3.25, 7.875, 3.375], "texture": "#0"},
				"south": {"uv": [7.875, 3.25, 8, 3.375], "texture": "#0"},
				"west": {"uv": [7.875, 3.25, 8, 3.375], "texture": "#0"},
				"up": {"uv": [7.875, 3.25, 8, 3.375], "texture": "#0"}
			}
		},
		{
			"name": "Layer 1_10",
			"from": [8.375, 12.5, 7.9375],
			"to": [8.5, 12.75, 8.1875],
			"faces": {
				"north": {"uv": [8.5, 3.25, 8.375, 3.5], "texture": "#0"},
				"east": {"uv": [8.375, 3.25, 8.5, 3.5], "texture": "#0"},
				"south": {"uv": [8.375, 3.25, 8.5, 3.5], "texture": "#0"},
				"down": {"uv": [8.375, 3.375, 8.5, 3.5], "texture": "#0"}
			}
		},
		{
			"name": "Layer 1_11",
			"from": [7.75, 12.5, 7.9375],
			"to": [7.875, 12.625, 8.1875],
			"faces": {
				"north": {"uv": [7.875, 3.375, 7.75, 3.5], "texture": "#0"},
				"south": {"uv": [7.75, 3.375, 7.875, 3.5], "texture": "#0"},
				"west": {"uv": [7.75, 3.375, 7.875, 3.5], "texture": "#0"},
				"up": {"uv": [7.75, 3.375, 7.875, 3.5], "texture": "#0"}
			}
		},
		{
			"name": "Layer 1_12",
			"from": [7.625, 12.25, 7.9375],
			"to": [7.75, 12.5, 8.1875],
			"faces": {
				"north": {"uv": [7.75, 3.5, 7.625, 3.75], "texture": "#0"},
				"south": {"uv": [7.625, 3.5, 7.75, 3.75], "texture": "#0"},
				"west": {"uv": [7.625, 3.5, 7.75, 3.75], "texture": "#0"},
				"up": {"uv": [7.625, 3.5, 7.75, 3.625], "texture": "#0"}
			}
		},
		{
			"name": "Layer 1_13",
			"from": [8.25, 12.125, 7.9375],
			"to": [8.375, 12.5, 8.1875],
			"faces": {
				"north": {"uv": [8.375, 3.5, 8.25, 3.875], "texture": "#0"},
				"east": {"uv": [8.25, 3.5, 8.375, 3.875], "texture": "#0"},
				"south": {"uv": [8.25, 3.5, 8.375, 3.875], "texture": "#0"},
				"down": {"uv": [8.25, 3.75, 8.375, 3.875], "texture": "#0"}
			}
		},
		{
			"name": "Layer 1_14",
			"from": [7.5, 12, 7.9375],
			"to": [7.625, 12.25, 8.1875],
			"faces": {
				"north": {"uv": [7.625, 3.75, 7.5, 4], "texture": "#0"},
				"south": {"uv": [7.5, 3.75, 7.625, 4], "texture": "#0"},
				"west": {"uv": [7.5, 3.75, 7.625, 4], "texture": "#0"},
				"up": {"uv": [7.5, 3.75, 7.625, 3.875], "texture": "#0"}
			}
		},
		{
			"name": "Layer 1_15",
			"from": [8.125, 11.625, 7.9375],
			"to": [8.25, 12.125, 8.1875],
			"faces": {
				"north": {"uv": [8.25, 3.875, 8.125, 4.375], "texture": "#0"},
				"east": {"uv": [8.125, 3.875, 8.25, 4.375], "texture": "#0"},
				"south": {"uv": [8.125, 3.875, 8.25, 4.375], "texture": "#0"},
				"down": {"uv": [8.125, 4.25, 8.25, 4.375], "texture": "#0"}
			}
		},
		{
			"name": "Layer 1_16",
			"from": [7.375, 11.625, 7.9375],
			"to": [7.5, 12, 8.1875],
			"faces": {
				"north": {"uv": [7.5, 4, 7.375, 4.375], "texture": "#0"},
				"south": {"uv": [7.375, 4, 7.5, 4.375], "texture": "#0"},
				"west": {"uv": [7.375, 4, 7.5, 4.375], "texture": "#0"},
				"up": {"uv": [7.375, 4, 7.5, 4.125], "texture": "#0"}
			}
		},
		{
			"name": "Layer 1_17",
			"from": [7.25, 11.375, 7.9375],
			"to": [7.375, 11.625, 8.1875],
			"faces": {
				"north": {"uv": [7.375, 4.375, 7.25, 4.625], "texture": "#0"},
				"south": {"uv": [7.25, 4.375, 7.375, 4.625], "texture": "#0"},
				"west": {"uv": [7.25, 4.375, 7.375, 4.625], "texture": "#0"},
				"up": {"uv": [7.25, 4.375, 7.375, 4.5], "texture": "#0"}
			}
		},
		{
			"name": "Layer 1_18",
			"from": [8, 11, 7.9375],
			"to": [8.125, 11.625, 8.1875],
			"faces": {
				"north": {"uv": [8.125, 4.375, 8, 5], "texture": "#0"},
				"east": {"uv": [8, 4.375, 8.125, 5], "texture": "#0"},
				"south": {"uv": [8, 4.375, 8.125, 5], "texture": "#0"}
			}
		},
		{
			"name": "Layer 1_19",
			"from": [7.125, 10.875, 7.9375],
			"to": [7.25, 11.375, 8.1875],
			"faces": {
				"north": {"uv": [7.25, 4.625, 7.125, 5.125], "texture": "#0"},
				"south": {"uv": [7.125, 4.625, 7.25, 5.125], "texture": "#0"},
				"west": {"uv": [7.125, 4.625, 7.25, 5.125], "texture": "#0"},
				"up": {"uv": [7.125, 4.625, 7.25, 4.75], "texture": "#0"}
			}
		},
		{
			"name": "Layer 1_20",
			"from": [8.125, 10.5, 7.9375],
			"to": [8.25, 11, 8.1875],
			"faces": {
				"north": {"uv": [8.25, 5, 8.125, 5.5], "texture": "#0"},
				"east": {"uv": [8.125, 5, 8.25, 5.5], "texture": "#0"},
				"south": {"uv": [8.125, 5, 8.25, 5.5], "texture": "#0"},
				"up": {"uv": [8.125, 5, 8.25, 5.125], "texture": "#0"}
			}
		},
		{
			"name": "Layer 1_21",
			"from": [7, 10.25, 7.9375],
			"to": [7.125, 10.875, 8.1875],
			"faces": {
				"north": {"uv": [7.125, 5.125, 7, 5.75], "texture": "#0"},
				"south": {"uv": [7, 5.125, 7.125, 5.75], "texture": "#0"},
				"west": {"uv": [7, 5.125, 7.125, 5.75], "texture": "#0"},
				"up": {"uv": [7, 5.125, 7.125, 5.25], "texture": "#0"},
				"down": {"uv": [7, 5.625, 7.125, 5.75], "texture": "#0"}
			}
		},
		{
			"name": "Layer 1_22",
			"from": [8.25, 10, 7.9375],
			"to": [8.375, 10.5, 8.1875],
			"faces": {
				"north": {"uv": [8.375, 5.5, 8.25, 6], "texture": "#0"},
				"east": {"uv": [8.25, 5.5, 8.375, 6], "texture": "#0"},
				"south": {"uv": [8.25, 5.5, 8.375, 6], "texture": "#0"},
				"up": {"uv": [8.25, 5.5, 8.375, 5.625], "texture": "#0"}
			}
		},
		{
			"name": "Layer 1_23",
			"from": [7.125, 10.125, 7.9375],
			"to": [7.25, 10.25, 8.1875],
			"faces": {
				"north": {"uv": [7.25, 5.75, 7.125, 5.875], "texture": "#0"},
				"south": {"uv": [7.125, 5.75, 7.25, 5.875], "texture": "#0"},
				"west": {"uv": [7.125, 5.75, 7.25, 5.875], "texture": "#0"},
				"down": {"uv": [7.125, 5.75, 7.25, 5.875], "texture": "#0"}
			}
		},
		{
			"name": "Layer 1_24",
			"from": [7.25, 9.875, 7.9375],
			"to": [7.375, 10.125, 8.1875],
			"faces": {
				"north": {"uv": [7.375, 5.875, 7.25, 6.125], "texture": "#0"},
				"south": {"uv": [7.25, 5.875, 7.375, 6.125], "texture": "#0"},
				"west": {"uv": [7.25, 5.875, 7.375, 6.125], "texture": "#0"},
				"down": {"uv": [7.25, 6, 7.375, 6.125], "texture": "#0"}
			}
		},
		{
			"name": "Layer 1_25",
			"from": [8.375, 9.75, 7.9375],
			"to": [8.5, 10, 8.1875],
			"faces": {
				"north": {"uv": [8.5, 6, 8.375, 6.25], "texture": "#0"},
				"east": {"uv": [8.375, 6, 8.5, 6.25], "texture": "#0"},
				"south": {"uv": [8.375, 6, 8.5, 6.25], "texture": "#0"},
				"up": {"uv": [8.375, 6, 8.5, 6.125], "texture": "#0"},
				"down": {"uv": [8.375, 6.125, 8.5, 6.25], "texture": "#0"}
			}
		},
		{
			"name": "Layer 1_26",
			"from": [7.375, 9, 7.9375],
			"to": [7.5, 9.875, 8.1875],
			"faces": {
				"north": {"uv": [7.5, 6.125, 7.375, 7], "texture": "#0"},
				"south": {"uv": [7.375, 6.125, 7.5, 7], "texture": "#0"},
				"west": {"uv": [7.375, 6.125, 7.5, 7], "texture": "#0"}
			}
		},
		{
			"name": "Layer 1_27",
			"from": [8.25, 9.5, 7.9375],
			"to": [8.375, 9.75, 8.1875],
			"faces": {
				"north": {"uv": [8.375, 6.25, 8.25, 6.5], "texture": "#0"},
				"east": {"uv": [8.25, 6.25, 8.375, 6.5], "texture": "#0"},
				"south": {"uv": [8.25, 6.25, 8.375, 6.5], "texture": "#0"},
				"down": {"uv": [8.25, 6.375, 8.375, 6.5], "texture": "#0"}
			}
		},
		{
			"name": "Layer 1_28",
			"from": [8.125, 8.625, 7.9375],
			"to": [8.25, 9.5, 8.1875],
			"faces": {
				"north": {"uv": [8.25, 6.5, 8.125, 7.375], "texture": "#0"},
				"east": {"uv": [8.125, 6.5, 8.25, 7.375], "texture": "#0"},
				"south": {"uv": [8.125, 6.5, 8.25, 7.375], "texture": "#0"}
			}
		},
		{
			"name": "Layer 1_29",
			"from": [7.25, 8.625, 7.9375],
			"to": [7.375, 9, 8.1875],
			"faces": {
				"north": {"uv": [7.375, 7, 7.25, 7.375], "texture": "#0"},
				"south": {"uv": [7.25, 7, 7.375, 7.375], "texture": "#0"},
				"west": {"uv": [7.25, 7, 7.375, 7.375], "texture": "#0"},
				"up": {"uv": [7.25, 7, 7.375, 7.125], "texture": "#0"}
			}
		},
		{
			"name": "Layer 1_30",
			"from": [7.125, 8.375, 7.9375],
			"to": [7.25, 8.625, 8.1875],
			"faces": {
				"north": {"uv": [7.25, 7.375, 7.125, 7.625], "texture": "#0"},
				"south": {"uv": [7.125, 7.375, 7.25, 7.625], "texture": "#0"},
				"west": {"uv": [7.125, 7.375, 7.25, 7.625], "texture": "#0"},
				"up": {"uv": [7.125, 7.375, 7.25, 7.5], "texture": "#0"}
			}
		},
		{
			"name": "Layer 1_31",
			"from": [8.25, 8.375, 7.9375],
			"to": [8.375, 8.625, 8.1875],
			"faces": {
				"north": {"uv": [8.375, 7.375, 8.25, 7.625], "texture": "#0"},
				"east": {"uv": [8.25, 7.375, 8.375, 7.625], "texture": "#0"},
				"south": {"uv": [8.25, 7.375, 8.375, 7.625], "texture": "#0"},
				"up": {"uv": [8.25, 7.375, 8.375, 7.5], "texture": "#0"}
			}
		},
		{
			"name": "Layer 1_32",
			"from": [7, 8.25, 7.9375],
			"to": [7.125, 8.375, 8.1875],
			"faces": {
				"north": {"uv": [7.125, 7.625, 7, 7.75], "texture": "#0"},
				"south": {"uv": [7, 7.625, 7.125, 7.75], "texture": "#0"},
				"west": {"uv": [7, 7.625, 7.125, 7.75], "texture": "#0"},
				"up": {"uv": [7, 7.625, 7.125, 7.75], "texture": "#0"}
			}
		},
		{
			"name": "Layer 1_33",
			"from": [8.375, 8.25, 7.9375],
			"to": [8.5, 8.375, 8.1875],
			"faces": {
				"north": {"uv": [8.5, 7.625, 8.375, 7.75], "texture": "#0"},
				"east": {"uv": [8.375, 7.625, 8.5, 7.75], "texture": "#0"},
				"south": {"uv": [8.375, 7.625, 8.5, 7.75], "texture": "#0"},
				"up": {"uv": [8.375, 7.625, 8.5, 7.75], "texture": "#0"}
			}
		},
		{
			"name": "Layer 1_34",
			"from": [6.875, 8.125, 7.9375],
			"to": [7, 8.25, 8.1875],
			"faces": {
				"north": {"uv": [7, 7.75, 6.875, 7.875], "texture": "#0"},
				"south": {"uv": [6.875, 7.75, 7, 7.875], "texture": "#0"},
				"west": {"uv": [6.875, 7.75, 7, 7.875], "texture": "#0"},
				"up": {"uv": [6.875, 7.75, 7, 7.875], "texture": "#0"},
				"down": {"uv": [6.875, 7.75, 7, 7.875], "texture": "#0"}
			}
		},
		{
			"name": "Layer 1_35",
			"from": [8.5, 8, 7.9375],
			"to": [8.625, 8.25, 8.1875],
			"faces": {
				"north": {"uv": [8.625, 7.75, 8.5, 8], "texture": "#0"},
				"east": {"uv": [8.5, 7.75, 8.625, 8], "texture": "#0"},
				"south": {"uv": [8.5, 7.75, 8.625, 8], "texture": "#0"},
				"up": {"uv": [8.5, 7.75, 8.625, 7.875], "texture": "#0"},
				"down": {"uv": [8.5, 7.875, 8.625, 8], "texture": "#0"}
			}
		},
		{
			"name": "Layer 1_36",
			"from": [7, 8, 7.9375],
			"to": [7.125, 8.125, 8.1875],
			"faces": {
				"north": {"uv": [7.125, 7.875, 7, 8], "texture": "#0"},
				"south": {"uv": [7, 7.875, 7.125, 8], "texture": "#0"},
				"west": {"uv": [7, 7.875, 7.125, 8], "texture": "#0"},
				"down": {"uv": [7, 7.875, 7.125, 8], "texture": "#0"}
			}
		},
		{
			"name": "Layer 1_37",
			"from": [7.125, 7.875, 7.9375],
			"to": [7.25, 8, 8.1875],
			"faces": {
				"north": {"uv": [7.25, 8, 7.125, 8.125], "texture": "#0"},
				"south": {"uv": [7.125, 8, 7.25, 8.125], "texture": "#0"},
				"west": {"uv": [7.125, 8, 7.25, 8.125], "texture": "#0"},
				"down": {"uv": [7.125, 8, 7.25, 8.125], "texture": "#0"}
			}
		},
		{
			"name": "Layer 1_38",
			"from": [8.375, 7.875, 7.9375],
			"to": [8.5, 8, 8.1875],
			"faces": {
				"north": {"uv": [8.5, 8, 8.375, 8.125], "texture": "#0"},
				"east": {"uv": [8.375, 8, 8.5, 8.125], "texture": "#0"},
				"south": {"uv": [8.375, 8, 8.5, 8.125], "texture": "#0"},
				"down": {"uv": [8.375, 8, 8.5, 8.125], "texture": "#0"}
			}
		},
		{
			"name": "Layer 1_39",
			"from": [7.25, 7.625, 7.9375],
			"to": [7.375, 7.875, 8.1875],
			"faces": {
				"north": {"uv": [7.375, 8.125, 7.25, 8.375], "texture": "#0"},
				"south": {"uv": [7.25, 8.125, 7.375, 8.375], "texture": "#0"},
				"west": {"uv": [7.25, 8.125, 7.375, 8.375], "texture": "#0"}
			}
		},
		{
			"name": "Layer 1_40",
			"from": [8.25, 7.375, 7.9375],
			"to": [8.375, 7.875, 8.1875],
			"faces": {
				"north": {"uv": [8.375, 8.125, 8.25, 8.625], "texture": "#0"},
				"east": {"uv": [8.25, 8.125, 8.375, 8.625], "texture": "#0"},
				"south": {"uv": [8.25, 8.125, 8.375, 8.625], "texture": "#0"}
			}
		},
		{
			"name": "Layer 1_41",
			"from": [7.125, 7.5, 7.9375],
			"to": [7.25, 7.625, 8.1875],
			"faces": {
				"north": {"uv": [7.25, 8.375, 7.125, 8.5], "texture": "#0"},
				"south": {"uv": [7.125, 8.375, 7.25, 8.5], "texture": "#0"},
				"west": {"uv": [7.125, 8.375, 7.25, 8.5], "texture": "#0"},
				"up": {"uv": [7.125, 8.375, 7.25, 8.5], "texture": "#0"}
			}
		},
		{
			"name": "Layer 1_42",
			"from": [7, 7.375, 7.9375],
			"to": [7.125, 7.5, 8.1875],
			"faces": {
				"north": {"uv": [7.125, 8.5, 7, 8.625], "texture": "#0"},
				"south": {"uv": [7, 8.5, 7.125, 8.625], "texture": "#0"},
				"west": {"uv": [7, 8.5, 7.125, 8.625], "texture": "#0"},
				"up": {"uv": [7, 8.5, 7.125, 8.625], "texture": "#0"},
				"down": {"uv": [7, 8.5, 7.125, 8.625], "texture": "#0"}
			}
		},
		{
			"name": "Layer 1_43",
			"from": [7.125, 7.25, 7.9375],
			"to": [7.25, 7.375, 8.1875],
			"faces": {
				"north": {"uv": [7.25, 8.625, 7.125, 8.75], "texture": "#0"},
				"south": {"uv": [7.125, 8.625, 7.25, 8.75], "texture": "#0"},
				"west": {"uv": [7.125, 8.625, 7.25, 8.75], "texture": "#0"},
				"down": {"uv": [7.125, 8.625, 7.25, 8.75], "texture": "#0"}
			}
		},
		{
			"name": "Layer 1_44",
			"from": [7.25, 7.125, 7.9375],
			"to": [7.375, 7.25, 8.1875],
			"faces": {
				"north": {"uv": [7.375, 8.75, 7.25, 8.875], "texture": "#0"},
				"south": {"uv": [7.25, 8.75, 7.375, 8.875], "texture": "#0"},
				"west": {"uv": [7.25, 8.75, 7.375, 8.875], "texture": "#0"}
			}
		},
		{
			"name": "Layer 1_45",
			"from": [7.125, 7, 7.9375],
			"to": [7.25, 7.125, 8.1875],
			"faces": {
				"north": {"uv": [7.25, 8.875, 7.125, 9], "texture": "#0"},
				"south": {"uv": [7.125, 8.875, 7.25, 9], "texture": "#0"},
				"west": {"uv": [7.125, 8.875, 7.25, 9], "texture": "#0"},
				"up": {"uv": [7.125, 8.875, 7.25, 9], "texture": "#0"},
				"down": {"uv": [7.125, 8.875, 7.25, 9], "texture": "#0"}
			}
		},
		{
			"name": "Layer 1_46",
			"from": [7.875, 1.375, 7.9375],
			"to": [8, 2.25, 8.1875],
			"faces": {
				"north": {"uv": [8, 13.75, 7.875, 14.625], "texture": "#0"},
				"east": {"uv": [7.875, 13.75, 8, 14.625], "texture": "#0"},
				"south": {"uv": [7.875, 13.75, 8, 14.625], "texture": "#0"},
				"west": {"uv": [7.875, 13.75, 8, 14.625], "texture": "#0"},
				"down": {"uv": [7.875, 14.5, 8, 14.625], "texture": "#0"}
			}
		},
		{
			"name": "Layer 1_47",
			"from": [7.75, 1.5, 7.9375],
			"to": [7.875, 2.125, 8.1875],
			"faces": {
				"north": {"uv": [7.875, 13.875, 7.75, 14.5], "texture": "#0"},
				"south": {"uv": [7.75, 13.875, 7.875, 14.5], "texture": "#0"},
				"west": {"uv": [7.75, 13.875, 7.875, 14.5], "texture": "#0"},
				"down": {"uv": [7.75, 14.375, 7.875, 14.5], "texture": "#0"}
			}
		},
		{
			"name": "Layer 1_48",
			"from": [8, 1.5, 7.9375],
			"to": [8.125, 2.125, 8.1875],
			"faces": {
				"north": {"uv": [8.125, 13.875, 8, 14.5], "texture": "#0"},
				"east": {"uv": [8, 13.875, 8.125, 14.5], "texture": "#0"},
				"south": {"uv": [8, 13.875, 8.125, 14.5], "texture": "#0"},
				"down": {"uv": [8, 14.375, 8.125, 14.5], "texture": "#0"}
			}
		},
		{
			"name": "Layer 3_0",
			"from": [8.875, 13.5, 8],
			"to": [9.5, 13.625, 8.125],
			"faces": {
				"north": {"uv": [9.5, 2.375, 8.875, 2.5], "texture": "#0"},
				"east": {"uv": [9.375, 2.375, 9.5, 2.5], "texture": "#0"},
				"south": {"uv": [8.875, 2.375, 9.5, 2.5], "texture": "#0"},
				"west": {"uv": [8.875, 2.375, 9, 2.5], "texture": "#0"},
				"up": {"uv": [8.875, 2.375, 9.5, 2.5], "texture": "#0"},
				"down": {"uv": [8.875, 2.375, 9.5, 2.5], "texture": "#0"}
			}
		},
		{
			"name": "Layer 3_1",
			"from": [8.625, 13.375, 8],
			"to": [8.875, 13.5, 8.125],
			"faces": {
				"north": {"uv": [8.875, 2.5, 8.625, 2.625], "texture": "#0"},
				"south": {"uv": [8.625, 2.5, 8.875, 2.625], "texture": "#0"},
				"west": {"uv": [8.625, 2.5, 8.75, 2.625], "texture": "#0"},
				"up": {"uv": [8.625, 2.5, 8.875, 2.625], "texture": "#0"}
			}
		},
		{
			"name": "Layer 3_2",
			"from": [9.125, 13.375, 8],
			"to": [9.25, 13.5, 8.125],
			"faces": {
				"north": {"uv": [9.375, 2.5, 9.125, 2.625], "texture": "#0"},
				"east": {"uv": [9.25, 2.5, 9.375, 2.625], "texture": "#0"},
				"south": {"uv": [9.125, 2.5, 9.375, 2.625], "texture": "#0"},
				"down": {"uv": [9.125, 2.5, 9.375, 2.625], "texture": "#0"}
			}
		},
		{
			"name": "Layer 3_3",
			"from": [8.375, 13.25, 8],
			"to": [8.625, 13.375, 8.125],
			"faces": {
				"north": {"uv": [8.625, 2.625, 8.375, 2.75], "texture": "#0"},
				"south": {"uv": [8.375, 2.625, 8.625, 2.75], "texture": "#0"},
				"west": {"uv": [8.375, 2.625, 8.5, 2.75], "texture": "#0"},
				"up": {"uv": [8.375, 2.625, 8.625, 2.75], "texture": "#0"}
			}
		},
		{
			"name": "Layer 3_4",
			"from": [9, 13.25, 8],
			"to": [9.125, 13.375, 8.125],
			"faces": {
				"north": {"uv": [9.125, 2.625, 9, 2.75], "texture": "#0"},
				"east": {"uv": [9, 2.625, 9.125, 2.75], "texture": "#0"},
				"south": {"uv": [9, 2.625, 9.125, 2.75], "texture": "#0"},
				"down": {"uv": [9, 2.625, 9.125, 2.75], "texture": "#0"}
			}
		},
		{
			"name": "Layer 3_5",
			"from": [8.25, 13.125, 8],
			"to": [8.375, 13.25, 8.125],
			"faces": {
				"north": {"uv": [8.375, 2.75, 8.25, 2.875], "texture": "#0"},
				"south": {"uv": [8.25, 2.75, 8.375, 2.875], "texture": "#0"},
				"west": {"uv": [8.25, 2.75, 8.375, 2.875], "texture": "#0"},
				"up": {"uv": [8.25, 2.75, 8.375, 2.875], "texture": "#0"}
			}
		},
		{
			"name": "Layer 3_6",
			"from": [8.875, 13.125, 8],
			"to": [9, 13.25, 8.125],
			"faces": {
				"north": {"uv": [9, 2.75, 8.875, 2.875], "texture": "#0"},
				"east": {"uv": [8.875, 2.75, 9, 2.875], "texture": "#0"},
				"south": {"uv": [8.875, 2.75, 9, 2.875], "texture": "#0"},
				"down": {"uv": [8.875, 2.75, 9, 2.875], "texture": "#0"}
			}
		},
		{
			"name": "Layer 3_7",
			"from": [8.125, 13, 8],
			"to": [8.25, 13.125, 8.125],
			"faces": {
				"north": {"uv": [8.25, 2.875, 8.125, 3], "texture": "#0"},
				"south": {"uv": [8.125, 2.875, 8.25, 3], "texture": "#0"},
				"west": {"uv": [8.125, 2.875, 8.25, 3], "texture": "#0"},
				"up": {"uv": [8.125, 2.875, 8.25, 3], "texture": "#0"}
			}
		},
		{
			"name": "Layer 3_8",
			"from": [8.75, 12.875, 8],
			"to": [8.875, 13.125, 8.125],
			"faces": {
				"north": {"uv": [8.875, 2.875, 8.75, 3.125], "texture": "#0"},
				"east": {"uv": [8.75, 2.875, 8.875, 3.125], "texture": "#0"},
				"south": {"uv": [8.75, 2.875, 8.875, 3.125], "texture": "#0"},
				"down": {"uv": [8.75, 3, 8.875, 3.125], "texture": "#0"}
			}
		},
		{
			"name": "Layer 3_9",
			"from": [8, 12.875, 8],
			"to": [8.125, 13, 8.125],
			"faces": {
				"north": {"uv": [8.125, 3, 8, 3.125], "texture": "#0"},
				"south": {"uv": [8, 3, 8.125, 3.125], "texture": "#0"},
				"west": {"uv": [8, 3, 8.125, 3.125], "texture": "#0"},
				"up": {"uv": [8, 3, 8.125, 3.125], "texture": "#0"}
			}
		},
		{
			"name": "Layer 3_10",
			"from": [7.875, 12.75, 8],
			"to": [8, 12.875, 8.125],
			"faces": {
				"north": {"uv": [8, 3.125, 7.875, 3.25], "texture": "#0"},
				"south": {"uv": [7.875, 3.125, 8, 3.25], "texture": "#0"},
				"west": {"uv": [7.875, 3.125, 8, 3.25], "texture": "#0"},
				"up": {"uv": [7.875, 3.125, 8, 3.25], "texture": "#0"}
			}
		},
		{
			"name": "Layer 3_11",
			"from": [8.625, 12.75, 8],
			"to": [8.75, 12.875, 8.125],
			"faces": {
				"north": {"uv": [8.75, 3.125, 8.625, 3.25], "texture": "#0"},
				"east": {"uv": [8.625, 3.125, 8.75, 3.25], "texture": "#0"},
				"south": {"uv": [8.625, 3.125, 8.75, 3.25], "texture": "#0"},
				"down": {"uv": [8.625, 3.125, 8.75, 3.25], "texture": "#0"}
			}
		},
		{
			"name": "Layer 3_12",
			"from": [7.75, 12.625, 8],
			"to": [7.875, 12.75, 8.125],
			"faces": {
				"north": {"uv": [7.875, 3.25, 7.75, 3.375], "texture": "#0"},
				"south": {"uv": [7.75, 3.25, 7.875, 3.375], "texture": "#0"},
				"west": {"uv": [7.75, 3.25, 7.875, 3.375], "texture": "#0"},
				"up": {"uv": [7.75, 3.25, 7.875, 3.375], "texture": "#0"}
			}
		},
		{
			"name": "Layer 3_13",
			"from": [8.5, 12.5, 8],
			"to": [8.625, 12.75, 8.125],
			"faces": {
				"north": {"uv": [8.625, 3.25, 8.5, 3.5], "texture": "#0"},
				"east": {"uv": [8.5, 3.25, 8.625, 3.5], "texture": "#0"},
				"south": {"uv": [8.5, 3.25, 8.625, 3.5], "texture": "#0"},
				"down": {"uv": [8.5, 3.375, 8.625, 3.5], "texture": "#0"}
			}
		},
		{
			"name": "Layer 3_14",
			"from": [7.625, 12.5, 8],
			"to": [7.75, 12.625, 8.125],
			"faces": {
				"north": {"uv": [7.75, 3.375, 7.625, 3.5], "texture": "#0"},
				"south": {"uv": [7.625, 3.375, 7.75, 3.5], "texture": "#0"},
				"west": {"uv": [7.625, 3.375, 7.75, 3.5], "texture": "#0"},
				"up": {"uv": [7.625, 3.375, 7.75, 3.5], "texture": "#0"}
			}
		},
		{
			"name": "Layer 3_15",
			"from": [7.5, 12.25, 8],
			"to": [7.625, 12.5, 8.125],
			"faces": {
				"north": {"uv": [7.625, 3.5, 7.5, 3.75], "texture": "#0"},
				"south": {"uv": [7.5, 3.5, 7.625, 3.75], "texture": "#0"},
				"west": {"uv": [7.5, 3.5, 7.625, 3.75], "texture": "#0"},
				"up": {"uv": [7.5, 3.5, 7.625, 3.625], "texture": "#0"}
			}
		},
		{
			"name": "Layer 3_16",
			"from": [8.375, 12.125, 8],
			"to": [8.5, 12.5, 8.125],
			"faces": {
				"north": {"uv": [8.5, 3.5, 8.375, 3.875], "texture": "#0"},
				"east": {"uv": [8.375, 3.5, 8.5, 3.875], "texture": "#0"},
				"south": {"uv": [8.375, 3.5, 8.5, 3.875], "texture": "#0"},
				"down": {"uv": [8.375, 3.75, 8.5, 3.875], "texture": "#0"}
			}
		},
		{
			"name": "Layer 3_17",
			"from": [7.375, 12, 8],
			"to": [7.5, 12.25, 8.125],
			"faces": {
				"north": {"uv": [7.5, 3.75, 7.375, 4], "texture": "#0"},
				"south": {"uv": [7.375, 3.75, 7.5, 4], "texture": "#0"},
				"west": {"uv": [7.375, 3.75, 7.5, 4], "texture": "#0"},
				"up": {"uv": [7.375, 3.75, 7.5, 3.875], "texture": "#0"}
			}
		},
		{
			"name": "Layer 3_18",
			"from": [8.25, 11.625, 8],
			"to": [8.375, 12.125, 8.125],
			"faces": {
				"north": {"uv": [8.375, 3.875, 8.25, 4.375], "texture": "#0"},
				"east": {"uv": [8.25, 3.875, 8.375, 4.375], "texture": "#0"},
				"south": {"uv": [8.25, 3.875, 8.375, 4.375], "texture": "#0"},
				"down": {"uv": [8.25, 4.25, 8.375, 4.375], "texture": "#0"}
			}
		},
		{
			"name": "Layer 3_19",
			"from": [7.25, 11.625, 8],
			"to": [7.375, 12, 8.125],
			"faces": {
				"north": {"uv": [7.375, 4, 7.25, 4.375], "texture": "#0"},
				"south": {"uv": [7.25, 4, 7.375, 4.375], "texture": "#0"},
				"west": {"uv": [7.25, 4, 7.375, 4.375], "texture": "#0"},
				"up": {"uv": [7.25, 4, 7.375, 4.125], "texture": "#0"}
			}
		},
		{
			"name": "Layer 3_20",
			"from": [7.125, 11.375, 8],
			"to": [7.25, 11.625, 8.125],
			"faces": {
				"north": {"uv": [7.25, 4.375, 7.125, 4.625], "texture": "#0"},
				"south": {"uv": [7.125, 4.375, 7.25, 4.625], "texture": "#0"},
				"west": {"uv": [7.125, 4.375, 7.25, 4.625], "texture": "#0"},
				"up": {"uv": [7.125, 4.375, 7.25, 4.5], "texture": "#0"}
			}
		},
		{
			"name": "Layer 3_21",
			"from": [8.125, 11, 8],
			"to": [8.25, 11.625, 8.125],
			"faces": {
				"north": {"uv": [8.25, 4.375, 8.125, 5], "texture": "#0"},
				"east": {"uv": [8.125, 4.375, 8.25, 5], "texture": "#0"},
				"south": {"uv": [8.125, 4.375, 8.25, 5], "texture": "#0"}
			}
		},
		{
			"name": "Layer 3_22",
			"from": [7, 10.875, 8],
			"to": [7.125, 11.375, 8.125],
			"faces": {
				"north": {"uv": [7.125, 4.625, 7, 5.125], "texture": "#0"},
				"south": {"uv": [7, 4.625, 7.125, 5.125], "texture": "#0"},
				"west": {"uv": [7, 4.625, 7.125, 5.125], "texture": "#0"},
				"up": {"uv": [7, 4.625, 7.125, 4.75], "texture": "#0"}
			}
		},
		{
			"name": "Layer 3_23",
			"from": [8.25, 10.5, 8],
			"to": [8.375, 11, 8.125],
			"faces": {
				"north": {"uv": [8.375, 5, 8.25, 5.5], "texture": "#0"},
				"east": {"uv": [8.25, 5, 8.375, 5.5], "texture": "#0"},
				"south": {"uv": [8.25, 5, 8.375, 5.5], "texture": "#0"},
				"up": {"uv": [8.25, 5, 8.375, 5.125], "texture": "#0"}
			}
		},
		{
			"name": "Layer 3_24",
			"from": [6.875, 10.25, 8],
			"to": [7, 10.875, 8.125],
			"faces": {
				"north": {"uv": [7, 5.125, 6.875, 5.75], "texture": "#0"},
				"south": {"uv": [6.875, 5.125, 7, 5.75], "texture": "#0"},
				"west": {"uv": [6.875, 5.125, 7, 5.75], "texture": "#0"},
				"up": {"uv": [6.875, 5.125, 7, 5.25], "texture": "#0"},
				"down": {"uv": [6.875, 5.625, 7, 5.75], "texture": "#0"}
			}
		},
		{
			"name": "Layer 3_25",
			"from": [8.375, 10, 8],
			"to": [8.5, 10.5, 8.125],
			"faces": {
				"north": {"uv": [8.5, 5.5, 8.375, 6], "texture": "#0"},
				"east": {"uv": [8.375, 5.5, 8.5, 6], "texture": "#0"},
				"south": {"uv": [8.375, 5.5, 8.5, 6], "texture": "#0"},
				"up": {"uv": [8.375, 5.5, 8.5, 5.625], "texture": "#0"}
			}
		},
		{
			"name": "Layer 3_26",
			"from": [7, 10.125, 8],
			"to": [7.125, 10.25, 8.125],
			"faces": {
				"north": {"uv": [7.125, 5.75, 7, 5.875], "texture": "#0"},
				"south": {"uv": [7, 5.75, 7.125, 5.875], "texture": "#0"},
				"west": {"uv": [7, 5.75, 7.125, 5.875], "texture": "#0"},
				"down": {"uv": [7, 5.75, 7.125, 5.875], "texture": "#0"}
			}
		},
		{
			"name": "Layer 3_27",
			"from": [7.125, 9.875, 8],
			"to": [7.25, 10.125, 8.125],
			"faces": {
				"north": {"uv": [7.25, 5.875, 7.125, 6.125], "texture": "#0"},
				"south": {"uv": [7.125, 5.875, 7.25, 6.125], "texture": "#0"},
				"west": {"uv": [7.125, 5.875, 7.25, 6.125], "texture": "#0"},
				"down": {"uv": [7.125, 6, 7.25, 6.125], "texture": "#0"}
			}
		},
		{
			"name": "Layer 3_28",
			"from": [8.5, 9.75, 8],
			"to": [8.625, 10, 8.125],
			"faces": {
				"north": {"uv": [8.625, 6, 8.5, 6.25], "texture": "#0"},
				"east": {"uv": [8.5, 6, 8.625, 6.25], "texture": "#0"},
				"south": {"uv": [8.5, 6, 8.625, 6.25], "texture": "#0"},
				"up": {"uv": [8.5, 6, 8.625, 6.125], "texture": "#0"},
				"down": {"uv": [8.5, 6.125, 8.625, 6.25], "texture": "#0"}
			}
		},
		{
			"name": "Layer 3_29",
			"from": [7.25, 9, 8],
			"to": [7.375, 9.875, 8.125],
			"faces": {
				"north": {"uv": [7.375, 6.125, 7.25, 7], "texture": "#0"},
				"south": {"uv": [7.25, 6.125, 7.375, 7], "texture": "#0"},
				"west": {"uv": [7.25, 6.125, 7.375, 7], "texture": "#0"}
			}
		},
		{
			"name": "Layer 3_30",
			"from": [8.375, 9.5, 8],
			"to": [8.5, 9.75, 8.125],
			"faces": {
				"north": {"uv": [8.5, 6.25, 8.375, 6.5], "texture": "#0"},
				"east": {"uv": [8.375, 6.25, 8.5, 6.5], "texture": "#0"},
				"south": {"uv": [8.375, 6.25, 8.5, 6.5], "texture": "#0"},
				"down": {"uv": [8.375, 6.375, 8.5, 6.5], "texture": "#0"}
			}
		},
		{
			"name": "Layer 3_31",
			"from": [8.25, 8.625, 8],
			"to": [8.375, 9.5, 8.125],
			"faces": {
				"north": {"uv": [8.375, 6.5, 8.25, 7.375], "texture": "#0"},
				"east": {"uv": [8.25, 6.5, 8.375, 7.375], "texture": "#0"},
				"south": {"uv": [8.25, 6.5, 8.375, 7.375], "texture": "#0"}
			}
		},
		{
			"name": "Layer 3_32",
			"from": [7.125, 8.625, 8],
			"to": [7.25, 9, 8.125],
			"faces": {
				"north": {"uv": [7.25, 7, 7.125, 7.375], "texture": "#0"},
				"south": {"uv": [7.125, 7, 7.25, 7.375], "texture": "#0"},
				"west": {"uv": [7.125, 7, 7.25, 7.375], "texture": "#0"},
				"up": {"uv": [7.125, 7, 7.25, 7.125], "texture": "#0"}
			}
		},
		{
			"name": "Layer 3_33",
			"from": [7, 8.375, 8],
			"to": [7.125, 8.625, 8.125],
			"faces": {
				"north": {"uv": [7.125, 7.375, 7, 7.625], "texture": "#0"},
				"south": {"uv": [7, 7.375, 7.125, 7.625], "texture": "#0"},
				"west": {"uv": [7, 7.375, 7.125, 7.625], "texture": "#0"},
				"up": {"uv": [7, 7.375, 7.125, 7.5], "texture": "#0"}
			}
		},
		{
			"name": "Layer 3_34",
			"from": [8.375, 8.375, 8],
			"to": [8.5, 8.625, 8.125],
			"faces": {
				"north": {"uv": [8.5, 7.375, 8.375, 7.625], "texture": "#0"},
				"east": {"uv": [8.375, 7.375, 8.5, 7.625], "texture": "#0"},
				"south": {"uv": [8.375, 7.375, 8.5, 7.625], "texture": "#0"},
				"up": {"uv": [8.375, 7.375, 8.5, 7.5], "texture": "#0"}
			}
		},
		{
			"name": "Layer 3_35",
			"from": [6.875, 8.25, 8],
			"to": [7, 8.375, 8.125],
			"faces": {
				"north": {"uv": [7, 7.625, 6.875, 7.75], "texture": "#0"},
				"south": {"uv": [6.875, 7.625, 7, 7.75], "texture": "#0"},
				"west": {"uv": [6.875, 7.625, 7, 7.75], "texture": "#0"},
				"up": {"uv": [6.875, 7.625, 7, 7.75], "texture": "#0"}
			}
		},
		{
			"name": "Layer 3_36",
			"from": [8.5, 8.25, 8],
			"to": [8.625, 8.375, 8.125],
			"faces": {
				"north": {"uv": [8.625, 7.625, 8.5, 7.75], "texture": "#0"},
				"east": {"uv": [8.5, 7.625, 8.625, 7.75], "texture": "#0"},
				"south": {"uv": [8.5, 7.625, 8.625, 7.75], "texture": "#0"},
				"up": {"uv": [8.5, 7.625, 8.625, 7.75], "texture": "#0"}
			}
		},
		{
			"name": "Layer 3_37",
			"from": [6.75, 8.125, 8],
			"to": [6.875, 8.25, 8.125],
			"faces": {
				"north": {"uv": [6.875, 7.75, 6.75, 7.875], "texture": "#0"},
				"south": {"uv": [6.75, 7.75, 6.875, 7.875], "texture": "#0"},
				"west": {"uv": [6.75, 7.75, 6.875, 7.875], "texture": "#0"},
				"up": {"uv": [6.75, 7.75, 6.875, 7.875], "texture": "#0"},
				"down": {"uv": [6.75, 7.75, 6.875, 7.875], "texture": "#0"}
			}
		},
		{
			"name": "Layer 3_38",
			"from": [8.625, 8, 8],
			"to": [8.75, 8.25, 8.125],
			"faces": {
				"north": {"uv": [8.75, 7.75, 8.625, 8], "texture": "#0"},
				"east": {"uv": [8.625, 7.75, 8.75, 8], "texture": "#0"},
				"south": {"uv": [8.625, 7.75, 8.75, 8], "texture": "#0"},
				"up": {"uv": [8.625, 7.75, 8.75, 7.875], "texture": "#0"},
				"down": {"uv": [8.625, 7.875, 8.75, 8], "texture": "#0"}
			}
		},
		{
			"name": "Layer 3_39",
			"from": [6.875, 8, 8],
			"to": [7, 8.125, 8.125],
			"faces": {
				"north": {"uv": [7, 7.875, 6.875, 8], "texture": "#0"},
				"south": {"uv": [6.875, 7.875, 7, 8], "texture": "#0"},
				"west": {"uv": [6.875, 7.875, 7, 8], "texture": "#0"},
				"down": {"uv": [6.875, 7.875, 7, 8], "texture": "#0"}
			}
		},
		{
			"name": "Layer 3_40",
			"from": [7, 7.875, 8],
			"to": [7.125, 8, 8.125],
			"faces": {
				"north": {"uv": [7.125, 8, 7, 8.125], "texture": "#0"},
				"south": {"uv": [7, 8, 7.125, 8.125], "texture": "#0"},
				"west": {"uv": [7, 8, 7.125, 8.125], "texture": "#0"},
				"down": {"uv": [7, 8, 7.125, 8.125], "texture": "#0"}
			}
		},
		{
			"name": "Layer 3_41",
			"from": [8.5, 7.875, 8],
			"to": [8.625, 8, 8.125],
			"faces": {
				"north": {"uv": [8.625, 8, 8.5, 8.125], "texture": "#0"},
				"east": {"uv": [8.5, 8, 8.625, 8.125], "texture": "#0"},
				"south": {"uv": [8.5, 8, 8.625, 8.125], "texture": "#0"},
				"down": {"uv": [8.5, 8, 8.625, 8.125], "texture": "#0"}
			}
		},
		{
			"name": "Layer 3_42",
			"from": [7.125, 7.625, 8],
			"to": [7.25, 7.875, 8.125],
			"faces": {
				"north": {"uv": [7.25, 8.125, 7.125, 8.375], "texture": "#0"},
				"south": {"uv": [7.125, 8.125, 7.25, 8.375], "texture": "#0"},
				"west": {"uv": [7.125, 8.125, 7.25, 8.375], "texture": "#0"}
			}
		},
		{
			"name": "Layer 3_43",
			"from": [8.375, 7.5, 8],
			"to": [8.5, 7.875, 8.125],
			"faces": {
				"north": {"uv": [8.5, 8.125, 8.375, 8.5], "texture": "#0"},
				"east": {"uv": [8.375, 8.125, 8.5, 8.5], "texture": "#0"},
				"south": {"uv": [8.375, 8.125, 8.5, 8.5], "texture": "#0"}
			}
		},
		{
			"name": "Layer 3_44",
			"from": [7, 7.5, 8],
			"to": [7.125, 7.625, 8.125],
			"faces": {
				"north": {"uv": [7.125, 8.375, 7, 8.5], "texture": "#0"},
				"south": {"uv": [7, 8.375, 7.125, 8.5], "texture": "#0"},
				"west": {"uv": [7, 8.375, 7.125, 8.5], "texture": "#0"},
				"up": {"uv": [7, 8.375, 7.125, 8.5], "texture": "#0"}
			}
		},
		{
			"name": "Layer 3_45",
			"from": [6.875, 7.375, 8],
			"to": [7, 7.5, 8.125],
			"faces": {
				"north": {"uv": [7, 8.5, 6.875, 8.625], "texture": "#0"},
				"south": {"uv": [6.875, 8.5, 7, 8.625], "texture": "#0"},
				"west": {"uv": [6.875, 8.5, 7, 8.625], "texture": "#0"},
				"up": {"uv": [6.875, 8.5, 7, 8.625], "texture": "#0"},
				"down": {"uv": [6.875, 8.5, 7, 8.625], "texture": "#0"}
			}
		},
		{
			"name": "Layer 3_46",
			"from": [7, 7.25, 8],
			"to": [7.125, 7.375, 8.125],
			"faces": {
				"north": {"uv": [7.125, 8.625, 7, 8.75], "texture": "#0"},
				"south": {"uv": [7, 8.625, 7.125, 8.75], "texture": "#0"},
				"west": {"uv": [7, 8.625, 7.125, 8.75], "texture": "#0"},
				"down": {"uv": [7, 8.625, 7.125, 8.75], "texture": "#0"}
			}
		},
		{
			"name": "Layer 3_47",
			"from": [7.125, 7.125, 8],
			"to": [7.25, 7.25, 8.125],
			"faces": {
				"north": {"uv": [7.25, 8.75, 7.125, 8.875], "texture": "#0"},
				"south": {"uv": [7.125, 8.75, 7.25, 8.875], "texture": "#0"},
				"west": {"uv": [7.125, 8.75, 7.25, 8.875], "texture": "#0"}
			}
		},
		{
			"name": "Layer 3_48",
			"from": [7, 7, 8],
			"to": [7.125, 7.125, 8.125],
			"faces": {
				"north": {"uv": [7.125, 8.875, 7, 9], "texture": "#0"},
				"south": {"uv": [7, 8.875, 7.125, 9], "texture": "#0"},
				"west": {"uv": [7, 8.875, 7.125, 9], "texture": "#0"},
				"up": {"uv": [7, 8.875, 7.125, 9], "texture": "#0"},
				"down": {"uv": [7, 8.875, 7.125, 9], "texture": "#0"}
			}
		},
		{
			"name": "Layer 3_49",
			"from": [7.125, 6.875, 8],
			"to": [7.25, 7, 8.125],
			"faces": {
				"north": {"uv": [7.25, 9, 7.125, 9.125], "texture": "#0"},
				"south": {"uv": [7.125, 9, 7.25, 9.125], "texture": "#0"},
				"west": {"uv": [7.125, 9, 7.25, 9.125], "texture": "#0"}
			}
		},
		{
			"name": "Layer 4_0",
			"from": [8.625, 13.125, 7.875],
			"to": [8.75, 13.25, 8.25],
			"faces": {
				"north": {"uv": [8.75, 2.75, 8.625, 2.875], "texture": "#0"},
				"east": {"uv": [8.625, 2.75, 8.75, 2.875], "texture": "#0"},
				"south": {"uv": [8.625, 2.75, 8.75, 2.875], "texture": "#0"},
				"west": {"uv": [8.625, 2.75, 8.75, 2.875], "texture": "#0"},
				"up": {"uv": [8.625, 2.75, 8.75, 2.875], "texture": "#0"},
				"down": {"uv": [8.625, 2.75, 8.75, 2.875], "texture": "#0"}
			}
		},
		{
			"name": "Layer 4_1",
			"from": [8.375, 13, 7.875],
			"to": [8.625, 13.125, 8.25],
			"faces": {
				"north": {"uv": [8.625, 2.875, 8.375, 3], "texture": "#0"},
				"east": {"uv": [8.5, 2.875, 8.625, 3], "texture": "#0"},
				"south": {"uv": [8.375, 2.875, 8.625, 3], "texture": "#0"},
				"west": {"uv": [8.375, 2.875, 8.5, 3], "texture": "#0"},
				"up": {"uv": [8.375, 2.875, 8.625, 3], "texture": "#0"},
				"down": {"uv": [8.375, 2.875, 8.625, 3], "texture": "#0"}
			}
		},
		{
			"name": "Layer 4_2",
			"from": [8.25, 12.75, 7.875],
			"to": [8.5, 13, 8.25],
			"faces": {
				"north": {"uv": [8.5, 3, 8.25, 3.25], "texture": "#0"},
				"east": {"uv": [8.375, 3, 8.5, 3.25], "texture": "#0"},
				"south": {"uv": [8.25, 3, 8.5, 3.25], "texture": "#0"},
				"west": {"uv": [8.25, 3, 8.375, 3.25], "texture": "#0"},
				"up": {"uv": [8.25, 3, 8.5, 3.125], "texture": "#0"},
				"down": {"uv": [8.25, 3.125, 8.5, 3.25], "texture": "#0"}
			}
		},
		{
			"name": "Layer 4_3",
			"from": [8.125, 12.125, 7.875],
			"to": [8.25, 12.875, 8.25],
			"faces": {
				"north": {"uv": [8.25, 3.125, 8.125, 3.875], "texture": "#0"},
				"east": {"uv": [8.125, 3.125, 8.25, 3.875], "texture": "#0"},
				"south": {"uv": [8.125, 3.125, 8.25, 3.875], "texture": "#0"},
				"west": {"uv": [8.125, 3.125, 8.25, 3.875], "texture": "#0"},
				"up": {"uv": [8.125, 3.125, 8.25, 3.25], "texture": "#0"},
				"down": {"uv": [8.125, 3.75, 8.25, 3.875], "texture": "#0"}
			}
		},
		{
			"name": "Layer 4_4",
			"from": [8, 11.625, 7.875],
			"to": [8.125, 12.75, 8.25],
			"faces": {
				"north": {"uv": [8.125, 3.25, 8, 4.375], "texture": "#0"},
				"east": {"uv": [8, 3.25, 8.125, 4.375], "texture": "#0"},
				"south": {"uv": [8, 3.25, 8.125, 4.375], "texture": "#0"},
				"west": {"uv": [8, 3.25, 8.125, 4.375], "texture": "#0"},
				"up": {"uv": [8, 3.25, 8.125, 3.375], "texture": "#0"},
				"down": {"uv": [8, 4.25, 8.125, 4.375], "texture": "#0"}
			}
		},
		{
			"name": "Layer 4_5",
			"from": [8.25, 12.5, 7.875],
			"to": [8.375, 12.75, 8.25],
			"faces": {
				"north": {"uv": [8.375, 3.25, 8.25, 3.5], "texture": "#0"},
				"east": {"uv": [8.25, 3.25, 8.375, 3.5], "texture": "#0"},
				"south": {"uv": [8.25, 3.25, 8.375, 3.5], "texture": "#0"},
				"down": {"uv": [8.25, 3.375, 8.375, 3.5], "texture": "#0"}
			}
		},
		{
			"name": "Layer 4_6",
			"from": [7.875, 8.875, 7.875],
			"to": [8, 12.625, 8.25],
			"faces": {
				"north": {"uv": [8, 3.375, 7.875, 7.125], "texture": "#0"},
				"east": {"uv": [7.875, 3.375, 8, 7.125], "texture": "#0"},
				"south": {"uv": [7.875, 3.375, 8, 7.125], "texture": "#0"},
				"west": {"uv": [7.875, 3.375, 8, 7.125], "texture": "#0"},
				"up": {"uv": [7.875, 3.375, 8, 3.5], "texture": "#0"}
			}
		},
		{
			"name": "Layer 4_7",
			"from": [7.75, 9.375, 7.875],
			"to": [7.875, 12.5, 8.25],
			"faces": {
				"north": {"uv": [7.875, 3.5, 7.75, 6.625], "texture": "#0"},
				"south": {"uv": [7.75, 3.5, 7.875, 6.625], "texture": "#0"},
				"west": {"uv": [7.75, 3.5, 7.875, 6.625], "texture": "#0"},
				"up": {"uv": [7.75, 3.5, 7.875, 3.625], "texture": "#0"}
			}
		},
		{
			"name": "Layer 4_8",
			"from": [7.625, 8.875, 7.875],
			"to": [7.75, 12.25, 8.25],
			"faces": {
				"north": {"uv": [7.75, 3.75, 7.625, 7.125], "texture": "#0"},
				"south": {"uv": [7.625, 3.75, 7.75, 7.125], "texture": "#0"},
				"west": {"uv": [7.625, 3.75, 7.75, 7.125], "texture": "#0"},
				"up": {"uv": [7.625, 3.75, 7.75, 3.875], "texture": "#0"}
			}
		},
		{
			"name": "Layer 4_9",
			"from": [7.5, 7.125, 7.875],
			"to": [7.625, 12, 8.25],
			"faces": {
				"north": {"uv": [7.625, 4, 7.5, 8.875], "texture": "#0"},
				"south": {"uv": [7.5, 4, 7.625, 8.875], "texture": "#0"},
				"west": {"uv": [7.5, 4, 7.625, 8.875], "texture": "#0"},
				"up": {"uv": [7.5, 4, 7.625, 4.125], "texture": "#0"}
			}
		},
		{
			"name": "Layer 4_10",
			"from": [7.375, 9.875, 7.875],
			"to": [7.5, 11.625, 8.25],
			"faces": {
				"north": {"uv": [7.5, 4.375, 7.375, 6.125], "texture": "#0"},
				"south": {"uv": [7.375, 4.375, 7.5, 6.125], "texture": "#0"},
				"west": {"uv": [7.375, 4.375, 7.5, 6.125], "texture": "#0"},
				"up": {"uv": [7.375, 4.375, 7.5, 4.5], "texture": "#0"},
				"down": {"uv": [7.375, 6, 7.5, 6.125], "texture": "#0"}
			}
		},
		{
			"name": "Layer 4_11",
			"from": [7.25, 10.125, 7.875],
			"to": [7.375, 11.375, 8.25],
			"faces": {
				"north": {"uv": [7.375, 4.625, 7.25, 5.875], "texture": "#0"},
				"south": {"uv": [7.25, 4.625, 7.375, 5.875], "texture": "#0"},
				"west": {"uv": [7.25, 4.625, 7.375, 5.875], "texture": "#0"},
				"up": {"uv": [7.25, 4.625, 7.375, 4.75], "texture": "#0"},
				"down": {"uv": [7.25, 5.75, 7.375, 5.875], "texture": "#0"}
			}
		},
		{
			"name": "Layer 4_12",
			"from": [8, 7.25, 7.875],
			"to": [8.125, 11, 8.25],
			"faces": {
				"north": {"uv": [8.125, 5, 8, 8.75], "texture": "#0"},
				"east": {"uv": [8, 5, 8.125, 8.75], "texture": "#0"},
				"south": {"uv": [8, 5, 8.125, 8.75], "texture": "#0"},
				"up": {"uv": [8, 5, 8.125, 5.125], "texture": "#0"}
			}
		},
		{
			"name": "Layer 4_13",
			"from": [7.125, 10.25, 7.875],
			"to": [7.25, 10.875, 8.25],
			"faces": {
				"north": {"uv": [7.25, 5.125, 7.125, 5.75], "texture": "#0"},
				"south": {"uv": [7.125, 5.125, 7.25, 5.75], "texture": "#0"},
				"west": {"uv": [7.125, 5.125, 7.25, 5.75], "texture": "#0"},
				"up": {"uv": [7.125, 5.125, 7.25, 5.25], "texture": "#0"},
				"down": {"uv": [7.125, 5.625, 7.25, 5.75], "texture": "#0"}
			}
		},
		{
			"name": "Layer 4_14",
			"from": [8.125, 9.5, 7.875],
			"to": [8.25, 10.5, 8.25],
			"faces": {
				"north": {"uv": [8.25, 5.5, 8.125, 6.5], "texture": "#0"},
				"east": {"uv": [8.125, 5.5, 8.25, 6.5], "texture": "#0"},
				"south": {"uv": [8.125, 5.5, 8.25, 6.5], "texture": "#0"},
				"up": {"uv": [8.125, 5.5, 8.25, 5.625], "texture": "#0"},
				"down": {"uv": [8.125, 6.375, 8.25, 6.5], "texture": "#0"}
			}
		},
		{
			"name": "Layer 4_15",
			"from": [8.25, 9.75, 7.875],
			"to": [8.375, 10, 8.25],
			"faces": {
				"north": {"uv": [8.375, 6, 8.25, 6.25], "texture": "#0"},
				"east": {"uv": [8.25, 6, 8.375, 6.25], "texture": "#0"},
				"south": {"uv": [8.25, 6, 8.375, 6.25], "texture": "#0"},
				"up": {"uv": [8.25, 6, 8.375, 6.125], "texture": "#0"},
				"down": {"uv": [8.25, 6.125, 8.375, 6.25], "texture": "#0"}
			}
		},
		{
			"name": "Layer 4_16",
			"from": [7.375, 6.875, 7.875],
			"to": [7.5, 9, 8.25],
			"faces": {
				"north": {"uv": [7.5, 7, 7.375, 9.125], "texture": "#0"},
				"south": {"uv": [7.375, 7, 7.5, 9.125], "texture": "#0"},
				"west": {"uv": [7.375, 7, 7.5, 9.125], "texture": "#0"},
				"up": {"uv": [7.375, 7, 7.5, 7.125], "texture": "#0"}
			}
		},
		{
			"name": "Layer 4_17",
			"from": [7.25, 7.875, 7.875],
			"to": [7.375, 8.625, 8.25],
			"faces": {
				"north": {"uv": [7.375, 7.375, 7.25, 8.125], "texture": "#0"},
				"south": {"uv": [7.25, 7.375, 7.375, 8.125], "texture": "#0"},
				"west": {"uv": [7.25, 7.375, 7.375, 8.125], "texture": "#0"},
				"up": {"uv": [7.25, 7.375, 7.375, 7.5], "texture": "#0"},
				"down": {"uv": [7.25, 8, 7.375, 8.125], "texture": "#0"}
			}
		},
		{
			"name": "Layer 4_18",
			"from": [8.125, 7, 7.875],
			"to": [8.25, 8.625, 8.25],
			"faces": {
				"north": {"uv": [8.25, 7.375, 8.125, 9], "texture": "#0"},
				"east": {"uv": [8.125, 7.375, 8.25, 9], "texture": "#0"},
				"south": {"uv": [8.125, 7.375, 8.25, 9], "texture": "#0"},
				"up": {"uv": [8.125, 7.375, 8.25, 7.5], "texture": "#0"}
			}
		},
		{
			"name": "Layer 4_19",
			"from": [7.125, 8, 7.875],
			"to": [7.25, 8.375, 8.25],
			"faces": {
				"north": {"uv": [7.25, 7.625, 7.125, 8], "texture": "#0"},
				"south": {"uv": [7.125, 7.625, 7.25, 8], "texture": "#0"},
				"west": {"uv": [7.125, 7.625, 7.25, 8], "texture": "#0"},
				"up": {"uv": [7.125, 7.625, 7.25, 7.75], "texture": "#0"},
				"down": {"uv": [7.125, 7.875, 7.25, 8], "texture": "#0"}
			}
		},
		{
			"name": "Layer 4_20",
			"from": [8.25, 7.875, 7.875],
			"to": [8.375, 8.375, 8.25],
			"faces": {
				"north": {"uv": [8.375, 7.625, 8.25, 8.125], "texture": "#0"},
				"east": {"uv": [8.25, 7.625, 8.375, 8.125], "texture": "#0"},
				"south": {"uv": [8.25, 7.625, 8.375, 8.125], "texture": "#0"},
				"up": {"uv": [8.25, 7.625, 8.375, 7.75], "texture": "#0"},
				"down": {"uv": [8.25, 8, 8.375, 8.125], "texture": "#0"}
			}
		},
		{
			"name": "Layer 4_21",
			"from": [7, 8.125, 7.875],
			"to": [7.125, 8.25, 8.25],
			"faces": {
				"north": {"uv": [7.125, 7.75, 7, 7.875], "texture": "#0"},
				"south": {"uv": [7, 7.75, 7.125, 7.875], "texture": "#0"},
				"west": {"uv": [7, 7.75, 7.125, 7.875], "texture": "#0"},
				"up": {"uv": [7, 7.75, 7.125, 7.875], "texture": "#0"},
				"down": {"uv": [7, 7.75, 7.125, 7.875], "texture": "#0"}
			}
		},
		{
			"name": "Layer 4_22",
			"from": [8.375, 8, 7.875],
			"to": [8.5, 8.25, 8.25],
			"faces": {
				"north": {"uv": [8.5, 7.75, 8.375, 8], "texture": "#0"},
				"east": {"uv": [8.375, 7.75, 8.5, 8], "texture": "#0"},
				"south": {"uv": [8.375, 7.75, 8.5, 8], "texture": "#0"},
				"up": {"uv": [8.375, 7.75, 8.5, 7.875], "texture": "#0"},
				"down": {"uv": [8.375, 7.875, 8.5, 8], "texture": "#0"}
			}
		},
		{
			"name": "Layer 4_23",
			"from": [7.25, 7.25, 7.875],
			"to": [7.375, 7.625, 8.25],
			"faces": {
				"north": {"uv": [7.375, 8.375, 7.25, 8.75], "texture": "#0"},
				"south": {"uv": [7.25, 8.375, 7.375, 8.75], "texture": "#0"},
				"west": {"uv": [7.25, 8.375, 7.375, 8.75], "texture": "#0"},
				"up": {"uv": [7.25, 8.375, 7.375, 8.5], "texture": "#0"},
				"down": {"uv": [7.25, 8.625, 7.375, 8.75], "texture": "#0"}
			}
		},
		{
			"name": "Layer 4_24",
			"from": [7.125, 7.375, 7.875],
			"to": [7.25, 7.5, 8.25],
			"faces": {
				"north": {"uv": [7.25, 8.5, 7.125, 8.625], "texture": "#0"},
				"south": {"uv": [7.125, 8.5, 7.25, 8.625], "texture": "#0"},
				"west": {"uv": [7.125, 8.5, 7.25, 8.625], "texture": "#0"},
				"up": {"uv": [7.125, 8.5, 7.25, 8.625], "texture": "#0"},
				"down": {"uv": [7.125, 8.5, 7.25, 8.625], "texture": "#0"}
			}
		},
		{
			"name": "Layer 4_25",
			"from": [8.25, 7.25, 7.875],
			"to": [8.375, 7.375, 8.25],
			"faces": {
				"north": {"uv": [8.375, 8.625, 8.25, 8.75], "texture": "#0"},
				"south": {"uv": [8.25, 8.625, 8.375, 8.75], "texture": "#0"},
				"up": {"uv": [8.25, 8.625, 8.375, 8.75], "texture": "#0"}
			}
		},
		{
			"name": "Layer 4_26",
			"from": [7.25, 6.75, 7.875],
			"to": [7.375, 7.125, 8.25],
			"faces": {
				"north": {"uv": [7.375, 8.875, 7.25, 9.25], "texture": "#0"},
				"south": {"uv": [7.25, 8.875, 7.375, 9.25], "texture": "#0"},
				"west": {"uv": [7.25, 8.875, 7.375, 9.25], "texture": "#0"},
				"up": {"uv": [7.25, 8.875, 7.375, 9], "texture": "#0"}
			}
		},
		{
			"name": "Layer 4_27",
			"from": [7.125, 6.75, 7.875],
			"to": [7.25, 6.875, 8.25],
			"faces": {
				"north": {"uv": [7.25, 9.125, 7.125, 9.25], "texture": "#0"},
				"south": {"uv": [7.125, 9.125, 7.25, 9.25], "texture": "#0"},
				"west": {"uv": [7.125, 9.125, 7.25, 9.25], "texture": "#0"},
				"up": {"uv": [7.125, 9.125, 7.25, 9.25], "texture": "#0"},
				"down": {"uv": [7.125, 9.125, 7.25, 9.25], "texture": "#0"}
			}
		},
		{
			"name": "Layer 5_0",
			"from": [7.125, 6.125, 7.9375],
			"to": [7.25, 6.75, 8.1875],
			"faces": {
				"north": {"uv": [7.25, 9.25, 7.125, 9.875], "texture": "#0"},
				"east": {"uv": [7.125, 9.25, 7.25, 9.875], "texture": "#0"},
				"south": {"uv": [7.125, 9.25, 7.25, 9.875], "texture": "#0"},
				"west": {"uv": [7.125, 9.25, 7.25, 9.875], "texture": "#0"},
				"down": {"uv": [7.125, 9.75, 7.25, 9.875], "texture": "#0"}
			}
		},
		{
			"name": "Layer 5_1",
			"from": [7, 6, 7.9375],
			"to": [7.125, 6.625, 8.1875],
			"faces": {
				"north": {"uv": [7.125, 9.375, 7, 10], "texture": "#0"},
				"east": {"uv": [7, 9.375, 7.125, 10], "texture": "#0"},
				"south": {"uv": [7, 9.375, 7.125, 10], "texture": "#0"},
				"west": {"uv": [7, 9.375, 7.125, 10], "texture": "#0"},
				"up": {"uv": [7, 9.375, 7.125, 9.5], "texture": "#0"},
				"down": {"uv": [7, 9.875, 7.125, 10], "texture": "#0"}
			}
		},
		{
			"name": "Layer 5_2",
			"from": [6.75, 5.625, 7.9375],
			"to": [7, 6.5, 8.1875],
			"faces": {
				"north": {"uv": [7, 9.5, 6.75, 10.375], "texture": "#0"},
				"east": {"uv": [6.875, 9.5, 7, 10.375], "texture": "#0"},
				"south": {"uv": [6.75, 9.5, 7, 10.375], "texture": "#0"},
				"west": {"uv": [6.75, 9.5, 6.875, 10.375], "texture": "#0"},
				"up": {"uv": [6.75, 9.5, 7, 9.625], "texture": "#0"},
				"down": {"uv": [6.75, 10.25, 7, 10.375], "texture": "#0"}
			}
		},
		{
			"name": "Layer 5_3",
			"from": [7.25, 6.25, 7.9375],
			"to": [7.375, 6.375, 8.1875],
			"faces": {
				"north": {"uv": [7.375, 9.625, 7.25, 9.75], "texture": "#0"},
				"south": {"uv": [7.25, 9.625, 7.375, 9.75], "texture": "#0"},
				"down": {"uv": [7.25, 9.625, 7.375, 9.75], "texture": "#0"}
			}
		},
		{
			"name": "Layer 5_4",
			"from": [6.625, 4.5, 7.9375],
			"to": [6.75, 6.25, 8.1875],
			"faces": {
				"north": {"uv": [6.75, 9.75, 6.625, 11.5], "texture": "#0"},
				"south": {"uv": [6.625, 9.75, 6.75, 11.5], "texture": "#0"},
				"west": {"uv": [6.625, 9.75, 6.75, 11.5], "texture": "#0"},
				"up": {"uv": [6.625, 9.75, 6.75, 9.875], "texture": "#0"},
				"down": {"uv": [6.625, 11.375, 6.75, 11.5], "texture": "#0"}
			}
		},
		{
			"name": "Layer 5_5",
			"from": [6.5, 4.75, 7.9375],
			"to": [6.625, 6, 8.1875],
			"faces": {
				"north": {"uv": [6.625, 10, 6.5, 11.25], "texture": "#0"},
				"south": {"uv": [6.5, 10, 6.625, 11.25], "texture": "#0"},
				"west": {"uv": [6.5, 10, 6.625, 11.25], "texture": "#0"},
				"up": {"uv": [6.5, 10, 6.625, 10.125], "texture": "#0"},
				"down": {"uv": [6.5, 11.125, 6.625, 11.25], "texture": "#0"}
			}
		},
		{
			"name": "Layer 5_6",
			"from": [6.75, 4.25, 7.9375],
			"to": [6.875, 5.625, 8.1875],
			"faces": {
				"north": {"uv": [6.875, 10.375, 6.75, 11.75], "texture": "#0"},
				"east": {"uv": [6.75, 10.375, 6.875, 11.75], "texture": "#0"},
				"south": {"uv": [6.75, 10.375, 6.875, 11.75], "texture": "#0"},
				"west": {"uv": [6.75, 10.375, 6.875, 11.75], "texture": "#0"},
				"down": {"uv": [6.75, 11.625, 6.875, 11.75], "texture": "#0"}
			}
		},
		{
			"name": "Layer 5_7",
			"from": [6.875, 4, 7.9375],
			"to": [7, 4.875, 8.1875],
			"faces": {
				"north": {"uv": [7, 11.125, 6.875, 12], "texture": "#0"},
				"east": {"uv": [6.875, 11.125, 7, 12], "texture": "#0"},
				"south": {"uv": [6.875, 11.125, 7, 12], "texture": "#0"},
				"west": {"uv": [6.875, 11.125, 7, 12], "texture": "#0"},
				"up": {"uv": [6.875, 11.125, 7, 11.25], "texture": "#0"},
				"down": {"uv": [6.875, 11.875, 7, 12], "texture": "#0"}
			}
		},
		{
			"name": "Layer 5_8",
			"from": [7, 3.375, 7.9375],
			"to": [7.125, 4.5, 8.1875],
			"faces": {
				"north": {"uv": [7.125, 11.5, 7, 12.625], "texture": "#0"},
				"east": {"uv": [7, 11.5, 7.125, 12.625], "texture": "#0"},
				"south": {"uv": [7, 11.5, 7.125, 12.625], "texture": "#0"},
				"west": {"uv": [7, 11.5, 7.125, 12.625], "texture": "#0"},
				"up": {"uv": [7, 11.5, 7.125, 11.625], "texture": "#0"},
				"down": {"uv": [7, 12.5, 7.125, 12.625], "texture": "#0"}
			}
		},
		{
			"name": "Layer 5_9",
			"from": [7.125, 3, 7.9375],
			"to": [7.25, 4.25, 8.1875],
			"faces": {
				"north": {"uv": [7.25, 11.75, 7.125, 13], "texture": "#0"},
				"east": {"uv": [7.125, 11.75, 7.25, 13], "texture": "#0"},
				"south": {"uv": [7.125, 11.75, 7.25, 13], "texture": "#0"},
				"west": {"uv": [7.125, 11.75, 7.25, 13], "texture": "#0"},
				"up": {"uv": [7.125, 11.75, 7.25, 11.875], "texture": "#0"},
				"down": {"uv": [7.125, 12.875, 7.25, 13], "texture": "#0"}
			}
		},
		{
			"name": "Layer 5_10",
			"from": [7.625, 2.75, 7.875],
			"to": [8.25, 2.875, 8.25],
			"faces": {
				"north": {"uv": [8.25, 13.125, 7.625, 13.25], "texture": "#0"},
				"east": {"uv": [8.125, 13.125, 8.25, 13.25], "texture": "#0"},
				"south": {"uv": [7.625, 13.125, 8.25, 13.25], "texture": "#0"},
				"west": {"uv": [7.625, 13.125, 7.75, 13.25], "texture": "#0"},
				"up": {"uv": [7.625, 13.125, 8.25, 13.25], "texture": "#0"},
				"down": {"uv": [7.625, 13.125, 8.25, 13.25], "texture": "#0"}
			}
		},
		{
			"name": "Layer 5_11",
			"from": [7.625, 2.25, 7.875],
			"to": [8.25, 2.625, 8.25],
			"faces": {
				"north": {"uv": [8.25, 13.375, 7.625, 13.75], "texture": "#0"},
				"east": {"uv": [8.125, 13.375, 8.25, 13.75], "texture": "#0"},
				"south": {"uv": [7.625, 13.375, 8.25, 13.75], "texture": "#0"},
				"west": {"uv": [7.625, 13.375, 7.75, 13.75], "texture": "#0"},
				"up": {"uv": [7.625, 13.375, 8.25, 13.5], "texture": "#0"},
				"down": {"uv": [7.625, 13.625, 8.25, 13.75], "texture": "#0"}
			}
		},
		{
			"name": "Layer 5_12",
			"from": [7.5, 2, 7.875],
			"to": [7.625, 2.375, 8.25],
			"faces": {
				"north": {"uv": [7.625, 13.625, 7.5, 14], "texture": "#0"},
				"south": {"uv": [7.5, 13.625, 7.625, 14], "texture": "#0"},
				"west": {"uv": [7.5, 13.625, 7.625, 14], "texture": "#0"},
				"up": {"uv": [7.5, 13.625, 7.625, 13.75], "texture": "#0"},
				"down": {"uv": [7.5, 13.875, 7.625, 14], "texture": "#0"}
			}
		},
		{
			"name": "Layer 5_13",
			"from": [8.25, 2, 7.875],
			"to": [8.375, 2.375, 8.25],
			"faces": {
				"north": {"uv": [8.375, 13.625, 8.25, 14], "texture": "#0"},
				"east": {"uv": [8.25, 13.625, 8.375, 14], "texture": "#0"},
				"south": {"uv": [8.25, 13.625, 8.375, 14], "texture": "#0"},
				"up": {"uv": [8.25, 13.625, 8.375, 13.75], "texture": "#0"},
				"down": {"uv": [8.25, 13.875, 8.375, 14], "texture": "#0"}
			}
		},
		{
			"name": "Layer 5_14",
			"from": [7.625, 2.125, 7.875],
			"to": [7.875, 2.25, 8.25],
			"faces": {
				"north": {"uv": [7.875, 13.75, 7.625, 13.875], "texture": "#0"},
				"east": {"uv": [7.75, 13.75, 7.875, 13.875], "texture": "#0"},
				"south": {"uv": [7.625, 13.75, 7.875, 13.875], "texture": "#0"},
				"down": {"uv": [7.625, 13.75, 7.875, 13.875], "texture": "#0"}
			}
		},
		{
			"name": "Layer 5_15",
			"from": [8, 2.125, 7.875],
			"to": [8.25, 2.25, 8.25],
			"faces": {
				"north": {"uv": [8.25, 13.75, 8, 13.875], "texture": "#0"},
				"south": {"uv": [8, 13.75, 8.25, 13.875], "texture": "#0"},
				"west": {"uv": [8, 13.75, 8.125, 13.875], "texture": "#0"},
				"down": {"uv": [8, 13.75, 8.25, 13.875], "texture": "#0"}
			}
		},
		{
			"name": "Layer 5_16",
			"from": [7.625, 1.625, 7.875],
			"to": [7.75, 2.125, 8.25],
			"faces": {
				"north": {"uv": [7.75, 13.875, 7.625, 14.375], "texture": "#0"},
				"east": {"uv": [7.625, 13.875, 7.75, 14.375], "texture": "#0"},
				"south": {"uv": [7.625, 13.875, 7.75, 14.375], "texture": "#0"},
				"west": {"uv": [7.625, 13.875, 7.75, 14.375], "texture": "#0"},
				"down": {"uv": [7.625, 14.25, 7.75, 14.375], "texture": "#0"}
			}
		},
		{
			"name": "Layer 5_17",
			"from": [8.125, 1.625, 7.875],
			"to": [8.25, 2.125, 8.25],
			"faces": {
				"north": {"uv": [8.25, 13.875, 8.125, 14.375], "texture": "#0"},
				"east": {"uv": [8.125, 13.875, 8.25, 14.375], "texture": "#0"},
				"south": {"uv": [8.125, 13.875, 8.25, 14.375], "texture": "#0"},
				"west": {"uv": [8.125, 13.875, 8.25, 14.375], "texture": "#0"},
				"down": {"uv": [8.125, 14.25, 8.25, 14.375], "texture": "#0"}
			}
		},
		{
			"name": "Layer 6_0",
			"from": [7.75, 2.875, 7.9375],
			"to": [8, 5.5, 8.1875],
			"faces": {
				"north": {"uv": [8, 10.5, 7.75, 13.125], "texture": "#0"},
				"south": {"uv": [7.75, 10.5, 8, 13.125], "texture": "#0"},
				"west": {"uv": [7.75, 10.5, 7.875, 13.125], "texture": "#0"}
			}
		},
		{
			"name": "Layer 6_1",
			"from": [8, 2.875, 7.9375],
			"to": [8.125, 5.375, 8.1875],
			"faces": {
				"north": {"uv": [8.125, 10.625, 8, 13.125], "texture": "#0"},
				"east": {"uv": [8, 10.625, 8.125, 13.125], "texture": "#0"},
				"south": {"uv": [8, 10.625, 8.125, 13.125], "texture": "#0"}
			}
		},
		{
			"name": "Layer 6_2",
			"from": [7.75, 2.625, 7.9375],
			"to": [8.125, 2.75, 8.1875],
			"faces": {
				"north": {"uv": [8.125, 13.25, 7.75, 13.375], "texture": "#0"},
				"east": {"uv": [8, 13.25, 8.125, 13.375], "texture": "#0"},
				"south": {"uv": [7.75, 13.25, 8.125, 13.375], "texture": "#0"},
				"west": {"uv": [7.75, 13.25, 7.875, 13.375], "texture": "#0"}
			}
		},
		{
			"name": "Layer 7_0",
			"from": [8.875, 6.25, 7.875],
			"to": [9.125, 6.875, 8.25],
			"faces": {
				"north": {"uv": [9.125, 9.125, 8.875, 9.75], "texture": "#0"},
				"east": {"uv": [9, 9.125, 9.125, 9.75], "texture": "#0"},
				"south": {"uv": [8.875, 9.125, 9.125, 9.75], "texture": "#0"},
				"up": {"uv": [8.875, 9.125, 9.125, 9.25], "texture": "#0"},
				"down": {"uv": [8.875, 9.625, 9.125, 9.75], "texture": "#0"}
			}
		},
		{
			"name": "Layer 7_1",
			"from": [9.125, 6, 7.875],
			"to": [9.25, 6.75, 8.25],
			"faces": {
				"north": {"uv": [9.25, 9.25, 9.125, 10], "texture": "#0"},
				"east": {"uv": [9.125, 9.25, 9.25, 10], "texture": "#0"},
				"south": {"uv": [9.125, 9.25, 9.25, 10], "texture": "#0"},
				"west": {"uv": [9.125, 9.25, 9.25, 10], "texture": "#0"},
				"up": {"uv": [9.125, 9.25, 9.25, 9.375], "texture": "#0"},
				"down": {"uv": [9.125, 9.875, 9.25, 10], "texture": "#0"}
			}
		},
		{
			"name": "Layer 7_2",
			"from": [9.25, 5.75, 7.875],
			"to": [9.375, 6.5, 8.25],
			"faces": {
				"north": {"uv": [9.375, 9.5, 9.25, 10.25], "texture": "#0"},
				"east": {"uv": [9.25, 9.5, 9.375, 10.25], "texture": "#0"},
				"south": {"uv": [9.25, 9.5, 9.375, 10.25], "texture": "#0"},
				"west": {"uv": [9.25, 9.5, 9.375, 10.25], "texture": "#0"},
				"up": {"uv": [9.25, 9.5, 9.375, 9.625], "texture": "#0"},
				"down": {"uv": [9.25, 10.125, 9.375, 10.25], "texture": "#0"}
			}
		},
		{
			"name": "Layer 7_3",
			"from": [9, 6.125, 7.875],
			"to": [9.125, 6.25, 8.25],
			"faces": {
				"north": {"uv": [9.125, 9.75, 9, 9.875], "texture": "#0"},
				"south": {"uv": [9, 9.75, 9.125, 9.875], "texture": "#0"},
				"west": {"uv": [9, 9.75, 9.125, 9.875], "texture": "#0"},
				"down": {"uv": [9, 9.75, 9.125, 9.875], "texture": "#0"}
			}
		},
		{
			"name": "Layer 7_4",
			"from": [9.375, 5.5, 7.875],
			"to": [9.5, 6.125, 8.25],
			"faces": {
				"north": {"uv": [9.5, 9.875, 9.375, 10.5], "texture": "#0"},
				"east": {"uv": [9.375, 9.875, 9.5, 10.5], "texture": "#0"},
				"south": {"uv": [9.375, 9.875, 9.5, 10.5], "texture": "#0"},
				"west": {"uv": [9.375, 9.875, 9.5, 10.5], "texture": "#0"},
				"up": {"uv": [9.375, 9.875, 9.5, 10], "texture": "#0"},
				"down": {"uv": [9.375, 10.375, 9.5, 10.5], "texture": "#0"}
			}
		},
		{
			"name": "Layer 7_5",
			"from": [8, 5.5, 7.875],
			"to": [8.375, 6, 8.25],
			"faces": {
				"north": {"uv": [8.375, 10, 8, 10.5], "texture": "#0"},
				"south": {"uv": [8, 10, 8.375, 10.5], "texture": "#0"},
				"down": {"uv": [8, 10.375, 8.375, 10.5], "texture": "#0"}
			}
		},
		{
			"name": "Layer 7_6",
			"from": [8.375, 5.5, 7.875],
			"to": [8.5, 5.75, 8.25],
			"faces": {
				"north": {"uv": [8.5, 10.25, 8.375, 10.5], "texture": "#0"},
				"south": {"uv": [8.375, 10.25, 8.5, 10.5], "texture": "#0"},
				"down": {"uv": [8.375, 10.375, 8.5, 10.5], "texture": "#0"}
			}
		},
		{
			"name": "Layer 7_7",
			"from": [7.875, 5.5, 7.875],
			"to": [8, 5.625, 8.25],
			"faces": {
				"north": {"uv": [8, 10.375, 7.875, 10.5], "texture": "#0"},
				"south": {"uv": [7.875, 10.375, 8, 10.5], "texture": "#0"},
				"down": {"uv": [7.875, 10.375, 8, 10.5], "texture": "#0"}
			}
		},
		{
			"name": "Layer 7_8",
			"from": [8.5, 5.375, 7.875],
			"to": [9.125, 5.625, 8.25],
			"faces": {
				"north": {"uv": [9.125, 10.375, 8.5, 10.625], "texture": "#0"},
				"east": {"uv": [9, 10.375, 9.125, 10.625], "texture": "#0"},
				"south": {"uv": [8.5, 10.375, 9.125, 10.625], "texture": "#0"},
				"west": {"uv": [8.5, 10.375, 8.625, 10.625], "texture": "#0"},
				"up": {"uv": [8.5, 10.375, 9.125, 10.5], "texture": "#0"},
				"down": {"uv": [8.5, 10.5, 9.125, 10.625], "texture": "#0"}
			}
		},
		{
			"name": "Layer 7_9",
			"from": [8, 5.375, 7.875],
			"to": [8.25, 5.5, 8.25],
			"faces": {
				"north": {"uv": [8.25, 10.5, 8, 10.625], "texture": "#0"},
				"east": {"uv": [8.125, 10.5, 8.25, 10.625], "texture": "#0"},
				"south": {"uv": [8, 10.5, 8.25, 10.625], "texture": "#0"},
				"west": {"uv": [8, 10.5, 8.125, 10.625], "texture": "#0"},
				"down": {"uv": [8, 10.5, 8.25, 10.625], "texture": "#0"}
			}
		},
		{
			"name": "Layer 7_10",
			"from": [8.625, 5.25, 7.875],
			"to": [9.125, 5.375, 8.25],
			"faces": {
				"north": {"uv": [9.125, 10.625, 8.625, 10.75], "texture": "#0"},
				"east": {"uv": [9, 10.625, 9.125, 10.75], "texture": "#0"},
				"south": {"uv": [8.625, 10.625, 9.125, 10.75], "texture": "#0"},
				"west": {"uv": [8.625, 10.625, 8.75, 10.75], "texture": "#0"},
				"down": {"uv": [8.625, 10.625, 9.125, 10.75], "texture": "#0"}
			}
		},
		{
			"name": "Layer 7_11",
			"from": [8.75, 4.875, 7.875],
			"to": [9.125, 5.25, 8.25],
			"faces": {
				"north": {"uv": [9.125, 10.75, 8.75, 11.125], "texture": "#0"},
				"east": {"uv": [9, 10.75, 9.125, 11.125], "texture": "#0"},
				"south": {"uv": [8.75, 10.75, 9.125, 11.125], "texture": "#0"},
				"west": {"uv": [8.75, 10.75, 8.875, 11.125], "texture": "#0"},
				"down": {"uv": [8.75, 11, 9.125, 11.125], "texture": "#0"}
			}
		},
		{
			"name": "Layer 7_12",
			"from": [8.75, 4.625, 7.875],
			"to": [9, 4.875, 8.25],
			"faces": {
				"north": {"uv": [9, 11.125, 8.75, 11.375], "texture": "#0"},
				"east": {"uv": [8.875, 11.125, 9, 11.375], "texture": "#0"},
				"south": {"uv": [8.75, 11.125, 9, 11.375], "texture": "#0"},
				"west": {"uv": [8.75, 11.125, 8.875, 11.375], "texture": "#0"},
				"down": {"uv": [8.75, 11.25, 9, 11.375], "texture": "#0"}
			}
		},
		{
			"name": "Layer 7_13",
			"from": [8.625, 4.5, 7.875],
			"to": [8.875, 4.625, 8.25],
			"faces": {
				"north": {"uv": [8.875, 11.375, 8.625, 11.5], "texture": "#0"},
				"east": {"uv": [8.75, 11.375, 8.875, 11.5], "texture": "#0"},
				"south": {"uv": [8.625, 11.375, 8.875, 11.5], "texture": "#0"},
				"west": {"uv": [8.625, 11.375, 8.75, 11.5], "texture": "#0"},
				"up": {"uv": [8.625, 11.375, 8.875, 11.5], "texture": "#0"},
				"down": {"uv": [8.625, 11.375, 8.875, 11.5], "texture": "#0"}
			}
		},
		{
			"name": "Layer 7_14",
			"from": [8.625, 4.375, 7.875],
			"to": [8.75, 4.5, 8.25],
			"faces": {
				"north": {"uv": [8.75, 11.5, 8.625, 11.625], "texture": "#0"},
				"east": {"uv": [8.625, 11.5, 8.75, 11.625], "texture": "#0"},
				"south": {"uv": [8.625, 11.5, 8.75, 11.625], "texture": "#0"},
				"west": {"uv": [8.625, 11.5, 8.75, 11.625], "texture": "#0"},
				"down": {"uv": [8.625, 11.5, 8.75, 11.625], "texture": "#0"}
			}
		}
	],
	"display": {
		"thirdperson_righthand": {
			"rotation": [0, -90, 0],
			"translation": [0.25, 5.5, 0.75],
			"scale": [2, 2, 2]
		},
		"thirdperson_lefthand": {
			"rotation": [0, 90, 0],
			"translation": [0.25, 5.5, 0.75],
			"scale": [2, 2, 2]
		},
		"firstperson_righthand": {
			"rotation": [118, 11, 137],
			"translation": [-4, 7, 0],
			"scale": [1.4, 1.4, 1.4]
		},
		"firstperson_lefthand": {
			"rotation": [-62, -3, 46],
			"translation": [-3.25, 6.25, -1],
			"scale": [1.4, 1.4, 1.4]
		},
		"ground": {
			"translation": [0, 7, 0],
			"scale": [2, 2, 2]
		},
		"gui": {
			"rotation": [0, 0, -45],
			"translation": [0, 1, 0],
			"scale": [1.5, 1.5, 1.5]
		},
		"head": {
			"rotation": [180, 0, 45],
			"translation": [1.5, -14.25, 4.75],
			"scale": [2.5, 2.5, 2.5]
		},
		"fixed": {
			"rotation": [180, 0, 135],
			"translation": [0, 1.25, 0],
			"scale": [2, 2, 2]
		}
	},
	"groups": [
		{
			"name": "Flattened",
			"origin": [8, 8, 8],
			"color": 0,
			"children": [0, 1, 2, 3, 4, 5, 6, 7, 8, 9, 10, 11, 12, 13, 14, 15, 16, 17, 18, 19]
		},
		{
			"name": "Layer 1",
			"origin": [8, 8, 8],
			"color": 0,
			"children": [
				20,
				21,
				22,
				23,
				24,
				25,
				26,
				27,
				28,
				29,
				30,
				31,
				32,
				33,
				34,
				35,
				36,
				37,
				38,
				39,
				40,
				41,
				42,
				43,
				44,
				45,
				46,
				47,
				48,
				49,
				50,
				51,
				52,
				53,
				54,
				55,
				56,
				57,
				58,
				59,
				60,
				61,
				62,
				63,
				64,
				65,
				66,
				67,
				68
			]
		},
		{
			"name": "Layer 3",
			"origin": [8, 8, 8],
			"color": 0,
			"children": [
				69,
				70,
				71,
				72,
				73,
				74,
				75,
				76,
				77,
				78,
				79,
				80,
				81,
				82,
				83,
				84,
				85,
				86,
				87,
				88,
				89,
				90,
				91,
				92,
				93,
				94,
				95,
				96,
				97,
				98,
				99,
				100,
				101,
				102,
				103,
				104,
				105,
				106,
				107,
				108,
				109,
				110,
				111,
				112,
				113,
				114,
				115,
				116,
				117,
				118
			]
		},
		{
			"name": "Layer 4",
			"origin": [8, 8, 8],
			"color": 0,
			"children": [119, 120, 121, 122, 123, 124, 125, 126, 127, 128, 129, 130, 131, 132, 133, 134, 135, 136, 137, 138, 139, 140, 141, 142, 143, 144, 145, 146]
		},
		{
			"name": "Layer 5",
			"origin": [8, 8, 8],
			"color": 0,
			"children": [147, 148, 149, 150, 151, 152, 153, 154, 155, 156, 157, 158, 159, 160, 161, 162, 163, 164]
		},
		{
			"name": "Layer 6",
			"origin": [8, 8, 8],
			"color": 0,
			"children": [165, 166, 167]
		},
		{
			"name": "Layer 7",
			"origin": [8, 8, 8],
			"color": 0,
			"children": [168, 169, 170, 171, 172, 173, 174, 175, 176, 177, 178, 179, 180, 181, 182]
		}
	]
}