{
	"textures": {
		"staff_divine_staff": "./items/staff_divine_staff",
		"charging": "./items/staff_effects/staff_effect_charged"
	},
	"elements": [ 	 
		{
			"name": "Box1",
			"from": [ 5.5, 14.25, 8.125 ],
			"to": [ 6, 14.5, 8.375 ],
			"faces": {
				"down": { "uv": [ 5.5, 1.5, 6, 1.75 ], "texture": "#staff_divine_staff" },
				"up": { "uv": [ 5.5, 1.75, 6, 1.5 ], "texture": "#staff_divine_staff" },
				"north": { "uv": [ 6, 1.5, 5.5, 1.75 ], "texture": "#staff_divine_staff" },
				"south": { "uv": [ 5.5, 1.5, 6, 1.75 ], "texture": "#staff_divine_staff" },
				"west": { "uv": [ 5.5, 1.5, 5.75, 1.75 ], "texture": "#staff_divine_staff" },
				"east": { "uv": [ 6, 1.75, 5.75, 1.5 ], "texture": "#staff_divine_staff", "rotation": 180 }
			}
		},
		{
			"name": "Box2",
			"from": [ 5.5, 13.75, 8.125 ],
			"to": [ 5.75, 14.25, 8.375 ],
			"faces": {
				"down": { "uv": [ 5.5, 2, 5.75, 2.25 ], "texture": "#staff_divine_staff" },
				"north": { "uv": [ 5.75, 1.75, 5.5, 2.25 ], "texture": "#staff_divine_staff" },
				"south": { "uv": [ 5.5, 1.75, 5.75, 2.25 ], "texture": "#staff_divine_staff" },
				"west": { "uv": [ 5.5, 1.75, 5.75, 2.25 ], "texture": "#staff_divine_staff" },
				"east": { "uv": [ 5.75, 2.25, 5.5, 1.75 ], "texture": "#staff_divine_staff", "rotation": 180 }
			}
		},
		{
			"name": "Box3",
			"from": [ 5.75, 14.5, 8.125 ],
			"to": [ 7, 14.75, 8.375 ],
			"faces": {
				"down": { "uv": [ 5.75, 1.25, 7, 1.5 ], "texture": "#staff_divine_staff" },
				"up": { "uv": [ 5.75, 1.5, 7, 1.25 ], "texture": "#staff_divine_staff" },
				"north": { "uv": [ 7, 1.25, 5.75, 1.5 ], "texture": "#staff_divine_staff" },
				"south": { "uv": [ 5.75, 1.25, 7, 1.5 ], "texture": "#staff_divine_staff" },
				"west": { "uv": [ 5.75, 1.25, 6, 1.5 ], "texture": "#staff_divine_staff" },
				"east": { "uv": [ 7, 1.5, 6.75, 1.25 ], "texture": "#staff_divine_staff", "rotation": 180 }
			}
		},
		{
			"name": "Box4",
			"from": [ 6, 14.75, 8.125 ],
			"to": [ 6.75, 15, 8.375 ],
			"faces": {
				"up": { "uv": [ 6, 1.25, 6.75, 1 ], "texture": "#staff_divine_staff" },
				"north": { "uv": [ 6.75, 1, 6, 1.25 ], "texture": "#staff_divine_staff" },
				"south": { "uv": [ 6, 1, 6.75, 1.25 ], "texture": "#staff_divine_staff" },
				"west": { "uv": [ 6, 1, 6.25, 1.25 ], "texture": "#staff_divine_staff" },
				"east": { "uv": [ 6.75, 1.25, 6.5, 1 ], "texture": "#staff_divine_staff", "rotation": 180 }
			}
		},
		{
			"name": "Box5",
			"from": [ 6.25, 13, 8.125 ],
			"to": [ 6.75, 13.5, 8.375 ],
			"faces": {
				"down": { "uv": [ 6.25, 2.75, 6.75, 3 ], "texture": "#staff_divine_staff" },
				"up": { "uv": [ 6.25, 2.75, 6.75, 2.5 ], "texture": "#staff_divine_staff" },
				"north": { "uv": [ 6.75, 2.5, 6.25, 3 ], "texture": "#staff_divine_staff" },
				"south": { "uv": [ 6.25, 2.5, 6.75, 3 ], "texture": "#staff_divine_staff" },
				"west": { "uv": [ 6.25, 2.5, 6.5, 3 ], "texture": "#staff_divine_staff" }
			}
		},
		{
			"name": "Box6",
			"from": [ 6.5, 14.25, 8.125 ],
			"to": [ 7.25, 14.5, 8.375 ],
			"faces": {
				"down": { "uv": [ 6.5, 1.5, 7.25, 1.75 ], "texture": "#staff_divine_staff" },
				"up": { "uv": [ 6.5, 1.75, 7.25, 1.5 ], "texture": "#staff_divine_staff" },
				"north": { "uv": [ 7.25, 1.5, 6.5, 1.75 ], "texture": "#staff_divine_staff" },
				"south": { "uv": [ 6.5, 1.5, 7.25, 1.75 ], "texture": "#staff_divine_staff" },
				"west": { "uv": [ 6.5, 1.5, 6.75, 1.75 ], "texture": "#staff_divine_staff" },
				"east": { "uv": [ 7.25, 1.75, 7, 1.5 ], "texture": "#staff_divine_staff", "rotation": 180 }
			}
		},
		{
			"name": "Box7",
			"from": [ 6.5, 12.75, 8.125 ],
			"to": [ 6.75, 13.75, 8.375 ],
			"faces": {
				"down": { "uv": [ 6.5, 3, 6.75, 3.25 ], "texture": "#staff_divine_staff" },
				"up": { "uv": [ 6.5, 2.5, 6.75, 2.25 ], "texture": "#staff_divine_staff" },
				"north": { "uv": [ 6.75, 2.25, 6.5, 3.25 ], "texture": "#staff_divine_staff" },
				"south": { "uv": [ 6.5, 2.25, 6.75, 3.25 ], "texture": "#staff_divine_staff" },
				"west": { "uv": [ 6.5, 2.25, 6.75, 3.25 ], "texture": "#staff_divine_staff" },
				"east": { "uv": [ 6.75, 3.25, 6.5, 2.25 ], "texture": "#staff_divine_staff", "rotation": 180 }
			}
		},
		{
			"name": "Box8",
			"from": [ 6.75, 14, 8.125 ],
			"to": [ 7.25, 14.25, 8.375 ],
			"faces": {
				"down": { "uv": [ 6.75, 1.75, 7.25, 2 ], "texture": "#staff_divine_staff" },
				"north": { "uv": [ 7.25, 1.75, 6.75, 2 ], "texture": "#staff_divine_staff" },
				"south": { "uv": [ 6.75, 1.75, 7.25, 2 ], "texture": "#staff_divine_staff" },
				"west": { "uv": [ 6.75, 1.75, 7, 2 ], "texture": "#staff_divine_staff" },
				"east": { "uv": [ 7.25, 2, 7, 1.75 ], "texture": "#staff_divine_staff", "rotation": 180 }
			}
		},
		{
			"name": "Box9",
			"from": [ 6.75, 12.5, 8.125 ],
			"to": [ 7, 13, 8.375 ],
			"faces": {
				"down": { "uv": [ 6.75, 3.25, 7, 3.5 ], "texture": "#staff_divine_staff" },
				"up": { "uv": [ 6.75, 3.25, 7, 3 ], "texture": "#staff_divine_staff" },
				"north": { "uv": [ 7, 3, 6.75, 3.5 ], "texture": "#staff_divine_staff" },
				"south": { "uv": [ 6.75, 3, 7, 3.5 ], "texture": "#staff_divine_staff" },
				"west": { "uv": [ 6.75, 3, 7, 3.5 ], "texture": "#staff_divine_staff" },
				"east": { "uv": [ 7, 3.5, 6.75, 3 ], "texture": "#staff_divine_staff", "rotation": 180 }
			}
		},
		{
			"name": "Box10",
			"from": [ 7, 13.75, 8.125 ],
			"to": [ 7.5, 14, 8.375 ],
			"faces": {
				"down": { "uv": [ 7, 2, 7.5, 2.25 ], "texture": "#staff_divine_staff" },
				"up": { "uv": [ 7, 2.25, 7.5, 2 ], "texture": "#staff_divine_staff" },
				"north": { "uv": [ 7.5, 2, 7, 2.25 ], "texture": "#staff_divine_staff" },
				"south": { "uv": [ 7, 2, 7.5, 2.25 ], "texture": "#staff_divine_staff" },
				"west": { "uv": [ 7, 2, 7.25, 2.25 ], "texture": "#staff_divine_staff" },
				"east": { "uv": [ 7.5, 2.25, 7.25, 2 ], "texture": "#staff_divine_staff", "rotation": 180 }
			}
		},
		{
			"name": "Box11",
			"from": [ 7, 12.5, 8.125 ],
			"to": [ 9.25, 12.75, 8.375 ],
			"faces": {
				"down": { "uv": [ 7, 3.25, 9.25, 3.5 ], "texture": "#staff_divine_staff" },
				"up": { "uv": [ 7, 3.5, 9.25, 3.25 ], "texture": "#staff_divine_staff" },
				"north": { "uv": [ 9.25, 3.25, 7, 3.5 ], "texture": "#staff_divine_staff" },
				"south": { "uv": [ 7, 3.25, 9.25, 3.5 ], "texture": "#staff_divine_staff" },
				"east": { "uv": [ 9.25, 3.5, 9, 3.25 ], "texture": "#staff_divine_staff", "rotation": 180 }
			}
		},
		{
			"name": "Box12",
			"from": [ 7, 11, 8.125 ],
			"to": [ 9, 11.5, 8.375 ],
			"faces": {
				"down": { "uv": [ 7, 4.75, 9, 5 ], "texture": "#staff_divine_staff" },
				"up": { "uv": [ 7, 4.75, 9, 4.5 ], "texture": "#staff_divine_staff" },
				"north": { "uv": [ 9, 4.5, 7, 5 ], "texture": "#staff_divine_staff" },
				"south": { "uv": [ 7, 4.5, 9, 5 ], "texture": "#staff_divine_staff" },
				"west": { "uv": [ 7, 4.5, 7.25, 5 ], "texture": "#staff_divine_staff" },
				"east": { "uv": [ 9, 5, 8.75, 4.5 ], "texture": "#staff_divine_staff", "rotation": 180 }
			}
		},
		{
			"name": "Box13",
			"from": [ 7.25, 13.5, 8.125 ],
			"to": [ 8.75, 13.75, 8.375 ],
			"faces": {
				"down": { "uv": [ 7.25, 2.25, 8.75, 2.5 ], "texture": "#staff_divine_staff" },
				"up": { "uv": [ 7.25, 2.5, 8.75, 2.25 ], "texture": "#staff_divine_staff" },
				"north": { "uv": [ 8.75, 2.25, 7.25, 2.5 ], "texture": "#staff_divine_staff" },
				"south": { "uv": [ 7.25, 2.25, 8.75, 2.5 ], "texture": "#staff_divine_staff" },
				"west": { "uv": [ 7.25, 2.25, 7.5, 2.5 ], "texture": "#staff_divine_staff" },
				"east": { "uv": [ 8.75, 2.5, 8.5, 2.25 ], "texture": "#staff_divine_staff", "rotation": 180 }
			}
		},
		{
			"name": "Box14",
			"from": [ 7.5, 14, 8 ],
			"to": [ 8.5, 14.75, 8.5 ],
			"faces": {
				"down": { "uv": [ 7.5, 1.75, 8.5, 2 ], "texture": "#staff_divine_staff" },
				"up": { "uv": [ 7.5, 1.5, 8.5, 1.25 ], "texture": "#staff_divine_staff" },
				"north": { "uv": [ 8.5, 1.25, 7.5, 2 ], "texture": "#staff_divine_staff" },
				"south": { "uv": [ 7.5, 1.25, 8.5, 2 ], "texture": "#staff_divine_staff" },
				"west": { "uv": [ 7.5, 1.25, 7.75, 2 ], "texture": "#staff_divine_staff" },
				"east": { "uv": [ 8.5, 2, 8.25, 1.25 ], "texture": "#staff_divine_staff", "rotation": 180 }
			}
		},
		{
			"name": "Box15",
			"from": [ 7.5, 13.25, 8.125 ],
			"to": [ 8.5, 13.5, 8.375 ],
			"faces": {
				"down": { "uv": [ 7.5, 2.5, 8.5, 2.75 ], "texture": "#staff_divine_staff" },
				"north": { "uv": [ 8.5, 2.5, 7.5, 2.75 ], "texture": "#staff_divine_staff" },
				"south": { "uv": [ 7.5, 2.5, 8.5, 2.75 ], "texture": "#staff_divine_staff" },
				"west": { "uv": [ 7.5, 2.5, 7.75, 2.75 ], "texture": "#staff_divine_staff" },
				"east": { "uv": [ 8.5, 2.75, 8.25, 2.5 ], "texture": "#staff_divine_staff", "rotation": 180 }
			}
		},
		{
			"name": "Box16",
			"from": [ 7.5, 12.25, 8 ],
			"to": [ 8.5, 13, 8.5 ],
			"faces": {
				"down": { "uv": [ 7.5, 3.5, 8.5, 3.75 ], "texture": "#staff_divine_staff" },
				"up": { "uv": [ 7.5, 3.25, 8.5, 3 ], "texture": "#staff_divine_staff" },
				"north": { "uv": [ 8.5, 3, 7.5, 3.75 ], "texture": "#staff_divine_staff" },
				"south": { "uv": [ 7.5, 3, 8.5, 3.75 ], "texture": "#staff_divine_staff" },
				"west": { "uv": [ 7.5, 3, 7.75, 3.75 ], "texture": "#staff_divine_staff" },
				"east": { "uv": [ 8.5, 3.75, 8.25, 3 ], "texture": "#staff_divine_staff", "rotation": 180 }
			}
		},
		{
			"name": "Box17",
			"from": [ 7.5, 0.75, 8.125 ],
			"to": [ 8.5, 1, 8.375 ],
			"faces": {
				"down": { "uv": [ 7.5, 15, 8.5, 15.25 ], "texture": "#staff_divine_staff" },
				"up": { "uv": [ 7.5, 15.25, 8.5, 15 ], "texture": "#staff_divine_staff" },
				"north": { "uv": [ 8.5, 15, 7.5, 15.25 ], "texture": "#staff_divine_staff" },
				"south": { "uv": [ 7.5, 15, 8.5, 15.25 ], "texture": "#staff_divine_staff" },
				"west": { "uv": [ 7.5, 15, 7.75, 15.25 ], "texture": "#staff_divine_staff" },
				"east": { "uv": [ 8.5, 15.25, 8.25, 15 ], "texture": "#staff_divine_staff", "rotation": 180 }
			}
		},
		{
			"name": "Box18",
			"from": [ 7.5, 0.25, 8.125 ],
			"to": [ 7.75, 0.75, 8.375 ],
			"faces": {
				"down": { "uv": [ 7.5, 15.5, 7.75, 15.75 ], "texture": "#staff_divine_staff" },
				"north": { "uv": [ 7.75, 15.25, 7.5, 15.75 ], "texture": "#staff_divine_staff" },
				"south": { "uv": [ 7.5, 15.25, 7.75, 15.75 ], "texture": "#staff_divine_staff" },
				"west": { "uv": [ 7.5, 15.25, 7.75, 15.75 ], "texture": "#staff_divine_staff" }
			}
		},
		{
			"name": "Box19",
			"from": [ 7.75, 1, 8 ],
			"to": [ 8.25, 15.25, 8.5 ],
			"faces": {
				"down": { "uv": [ 7.75, 14.75, 8.25, 15 ], "texture": "#staff_divine_staff" },
				"up": { "uv": [ 7.75, 1, 8.25, 0.75 ], "texture": "#staff_divine_staff" },
				"north": { "uv": [ 8.25, 0.75, 7.75, 15 ], "texture": "#staff_divine_staff" },
				"south": { "uv": [ 7.75, 0.75, 8.25, 15 ], "texture": "#staff_divine_staff" },
				"west": { "uv": [ 7.75, 0.75, 8, 15 ], "texture": "#staff_divine_staff" },
				"east": { "uv": [ 8.25, 15, 8, 0.75 ], "texture": "#staff_divine_staff", "rotation": 180 }
			}
		},
		{
			"name": "Box20",
			"from": [ 7.75, 0, 8.125 ],
			"to": [ 8.25, 0.25, 8.375 ],
			"faces": {
				"down": { "uv": [ 7.75, 15.75, 8.25, 16 ], "texture": "#staff_divine_staff", "cullface": "down" },
				"north": { "uv": [ 8.25, 15.75, 7.75, 16 ], "texture": "#staff_divine_staff" },
				"south": { "uv": [ 7.75, 15.75, 8.25, 16 ], "texture": "#staff_divine_staff" },
				"west": { "uv": [ 7.75, 15.75, 8, 16 ], "texture": "#staff_divine_staff" },
				"east": { "uv": [ 8.25, 16, 8, 15.75 ], "texture": "#staff_divine_staff", "rotation": 180 }
			}
		},
		{
			"name": "Box21",
			"from": [ 8.25, 0.25, 8.125 ],
			"to": [ 8.5, 0.75, 8.375 ],
			"faces": {
				"down": { "uv": [ 8.25, 15.5, 8.5, 15.75 ], "texture": "#staff_divine_staff" },
				"north": { "uv": [ 8.5, 15.25, 8.25, 15.75 ], "texture": "#staff_divine_staff" },
				"south": { "uv": [ 8.25, 15.25, 8.5, 15.75 ], "texture": "#staff_divine_staff" },
				"east": { "uv": [ 8.5, 15.75, 8.25, 15.25 ], "texture": "#staff_divine_staff", "rotation": 180 }
			}
		},
		{
			"name": "Box22",
			"from": [ 8.5, 13.75, 8.125 ],
			"to": [ 9, 14, 8.375 ],
			"faces": {
				"down": { "uv": [ 8.5, 2, 9, 2.25 ], "texture": "#staff_divine_staff" },
				"up": { "uv": [ 8.5, 2.25, 9, 2 ], "texture": "#staff_divine_staff" },
				"north": { "uv": [ 9, 2, 8.5, 2.25 ], "texture": "#staff_divine_staff" },
				"south": { "uv": [ 8.5, 2, 9, 2.25 ], "texture": "#staff_divine_staff" },
				"west": { "uv": [ 8.5, 2, 8.75, 2.25 ], "texture": "#staff_divine_staff" },
				"east": { "uv": [ 9, 2.25, 8.75, 2 ], "texture": "#staff_divine_staff", "rotation": 180 }
			}
		},
		{
			"name": "Box23",
			"from": [ 8.75, 14.25, 8.125 ],
			"to": [ 9.5, 14.5, 8.375 ],
			"faces": {
				"down": { "uv": [ 8.75, 1.5, 9.5, 1.75 ], "texture": "#staff_divine_staff" },
				"up": { "uv": [ 8.75, 1.75, 9.5, 1.5 ], "texture": "#staff_divine_staff" },
				"north": { "uv": [ 9.5, 1.5, 8.75, 1.75 ], "texture": "#staff_divine_staff" },
				"south": { "uv": [ 8.75, 1.5, 9.5, 1.75 ], "texture": "#staff_divine_staff" },
				"west": { "uv": [ 8.75, 1.5, 9, 1.75 ], "texture": "#staff_divine_staff" },
				"east": { "uv": [ 9.5, 1.75, 9.25, 1.5 ], "texture": "#staff_divine_staff", "rotation": 180 }
			}
		},
		{
			"name": "Box24",
			"from": [ 8.75, 14, 8.125 ],
			"to": [ 9.25, 14.25, 8.375 ],
			"faces": {
				"down": { "uv": [ 8.75, 1.75, 9.25, 2 ], "texture": "#staff_divine_staff" },
				"north": { "uv": [ 9.25, 1.75, 8.75, 2 ], "texture": "#staff_divine_staff" },
				"south": { "uv": [ 8.75, 1.75, 9.25, 2 ], "texture": "#staff_divine_staff" },
				"west": { "uv": [ 8.75, 1.75, 9, 2 ], "texture": "#staff_divine_staff" },
				"east": { "uv": [ 9.25, 2, 9, 1.75 ], "texture": "#staff_divine_staff", "rotation": 180 }
			}
		},
		{
			"name": "Box25",
			"from": [ 9, 14.5, 8.125 ],
			"to": [ 10.25, 14.75, 8.375 ],
			"faces": {
				"down": { "uv": [ 9, 1.25, 10.25, 1.5 ], "texture": "#staff_divine_staff" },
				"up": { "uv": [ 9, 1.5, 10.25, 1.25 ], "texture": "#staff_divine_staff" },
				"north": { "uv": [ 10.25, 1.25, 9, 1.5 ], "texture": "#staff_divine_staff" },
				"south": { "uv": [ 9, 1.25, 10.25, 1.5 ], "texture": "#staff_divine_staff" },
				"west": { "uv": [ 9, 1.25, 9.25, 1.5 ], "texture": "#staff_divine_staff" },
				"east": { "uv": [ 10.25, 1.5, 10, 1.25 ], "texture": "#staff_divine_staff", "rotation": 180 }
			}
		},
		{
			"name": "Box26",
			"from": [ 9, 12.75, 8.125 ],
			"to": [ 9.5, 13, 8.375 ],
			"faces": {
				"down": { "uv": [ 9, 3, 9.5, 3.25 ], "texture": "#staff_divine_staff" },
				"up": { "uv": [ 9, 3.25, 9.5, 3 ], "texture": "#staff_divine_staff" },
				"north": { "uv": [ 9.5, 3, 9, 3.25 ], "texture": "#staff_divine_staff" },
				"south": { "uv": [ 9, 3, 9.5, 3.25 ], "texture": "#staff_divine_staff" },
				"west": { "uv": [ 9, 3, 9.25, 3.25 ], "texture": "#staff_divine_staff" },
				"east": { "uv": [ 9.5, 3.25, 9.25, 3 ], "texture": "#staff_divine_staff", "rotation": 180 }
			}
		},
		{
			"name": "Box27",
			"from": [ 9.25, 14.75, 8.125 ],
			"to": [ 10, 15, 8.375 ],
			"faces": {
				"up": { "uv": [ 9.25, 1.25, 10, 1 ], "texture": "#staff_divine_staff" },
				"north": { "uv": [ 10, 1, 9.25, 1.25 ], "texture": "#staff_divine_staff" },
				"south": { "uv": [ 9.25, 1, 10, 1.25 ], "texture": "#staff_divine_staff" },
				"west": { "uv": [ 9.25, 1, 9.5, 1.25 ], "texture": "#staff_divine_staff" },
				"east": { "uv": [ 10, 1.25, 9.75, 1 ], "texture": "#staff_divine_staff", "rotation": 180 }
			}
		},
		{
			"name": "Box28",
			"from": [ 9.25, 13, 8.125 ],
			"to": [ 9.5, 13.75, 8.375 ],
			"faces": {
				"up": { "uv": [ 9.25, 2.5, 9.5, 2.25 ], "texture": "#staff_divine_staff" },
				"north": { "uv": [ 9.5, 2.25, 9.25, 3 ], "texture": "#staff_divine_staff" },
				"south": { "uv": [ 9.25, 2.25, 9.5, 3 ], "texture": "#staff_divine_staff" },
				"west": { "uv": [ 9.25, 2.25, 9.5, 3 ], "texture": "#staff_divine_staff" },
				"east": { "uv": [ 9.5, 3, 9.25, 2.25 ], "texture": "#staff_divine_staff", "rotation": 180 }
			}
		},
		{
			"name": "Box29",
			"from": [ 9.5, 13, 8.125 ],
			"to": [ 9.75, 13.5, 8.375 ],
			"faces": {
				"down": { "uv": [ 9.5, 2.75, 9.75, 3 ], "texture": "#staff_divine_staff" },
				"up": { "uv": [ 9.5, 2.75, 9.75, 2.5 ], "texture": "#staff_divine_staff" },
				"north": { "uv": [ 9.75, 2.5, 9.5, 3 ], "texture": "#staff_divine_staff" },
				"south": { "uv": [ 9.5, 2.5, 9.75, 3 ], "texture": "#staff_divine_staff" },
				"east": { "uv": [ 9.75, 3, 9.5, 2.5 ], "texture": "#staff_divine_staff", "rotation": 180 }
			}
		},
		{
			"name": "Box30",
			"from": [ 10, 14.25, 8.125 ],
			"to": [ 10.5, 14.5, 8.375 ],
			"faces": {
				"down": { "uv": [ 10, 1.5, 10.5, 1.75 ], "texture": "#staff_divine_staff" },
				"up": { "uv": [ 10, 1.75, 10.5, 1.5 ], "texture": "#staff_divine_staff" },
				"north": { "uv": [ 10.5, 1.5, 10, 1.75 ], "texture": "#staff_divine_staff" },
				"south": { "uv": [ 10, 1.5, 10.5, 1.75 ], "texture": "#staff_divine_staff" },
				"west": { "uv": [ 10, 1.5, 10.25, 1.75 ], "texture": "#staff_divine_staff" },
				"east": { "uv": [ 10.5, 1.75, 10.25, 1.5 ], "texture": "#staff_divine_staff", "rotation": 180 }
			}
		},
		{
			"name": "Box31",
			"from": [ 10.25, 13.75, 8.125 ],
			"to": [ 10.5, 14.25, 8.375 ],
			"faces": {
				"down": { "uv": [ 10.25, 2, 10.5, 2.25 ], "texture": "#staff_divine_staff" },
				"north": { "uv": [ 10.5, 1.75, 10.25, 2.25 ], "texture": "#staff_divine_staff" },
				"south": { "uv": [ 10.25, 1.75, 10.5, 2.25 ], "texture": "#staff_divine_staff" },
				"west": { "uv": [ 10.25, 1.75, 10.5, 2.25 ], "texture": "#staff_divine_staff" },
				"east": { "uv": [ 10.5, 2.25, 10.25, 1.75 ], "texture": "#staff_divine_staff", "rotation": 180 }
			}
		},
		{
			"name": "Box18",
			"from": [ 7.75, 0.25, 8 ],
			"to": [ 8.25, 0.75, 8.5 ],
			"faces": {
				"down": { "uv": [ 7.75, 15.5, 8.25, 15.75 ], "texture": "#staff_divine_staff" },
				"up": { "uv": [ 7.75, 15.5, 8.25, 15.25 ], "texture": "#staff_divine_staff" },
				"north": { "uv": [ 8.25, 15.25, 7.75, 15.75 ], "texture": "#staff_divine_staff" },
				"south": { "uv": [ 7.75, 15.25, 8.25, 15.75 ], "texture": "#staff_divine_staff" },
				"west": { "uv": [ 7.75, 15.25, 8, 15.75 ], "texture": "#staff_divine_staff" },
				"east": { "uv": [ 8.25, 15.25, 8, 15.75 ], "texture": "#staff_divine_staff" }
			}
		},
		{
			"name": "PlaneX33",
			"from": [ 8, 9.75, 4.625 ],
			"to": [ 8.001, 17, 11.875 ],
			"faces": {
				"west": { "uv": [ 0, 0, 16, 16 ], "texture": "#charging" },
				"east": { "uv": [ 16, 0, 0, 16 ], "texture": "#charging" }
			}
		},
		{
			"name": "PlaneX33",
			"from": [ 4.375, 9.75, 8.25 ],
			"to": [ 11.625, 17, 8.251 ],
			"faces": {
				"north": { "uv": [ 0, 0, 16, 16 ], "texture": "#charging" },
				"south": { "uv": [ 16, 0, 0, 16 ], "texture": "#charging" }
			}
		}
	],
	"gui_light": "front",
	"display": {
		"thirdperson_righthand": {
			"rotation":  [ 0, 180, 0 ],
			"translation":  [ 0, 0, 2.5 ],
			"scale":  [ 3, 3, 3 ]
		},
		"thirdperson_lefthand": {
			"rotation":  [ 0, 180, 0 ],
			"translation":  [ 0, 0, 2.5 ],
			"scale":  [ 3, 3, 3 ]
		},
		"firstperson_righthand": {
			"rotation":  [ -15, 180, 0 ],
			"translation":  [ 2, 4, 0 ],
			"scale":  [ 2, 2, 2 ]
		},
		"firstperson_lefthand": {
			"rotation":  [ -15, 180, 0 ],
			"translation":  [ 2, 4, 0 ],
			"scale":  [ 2, 2, 2 ]
		},
		"gui": {
			"rotation":  [ 0, 0, -45 ],
			"scale":  [ 1.3, 1.3, 1.3 ]
		},
		"ground": {
			"rotation":  [ 0, 0, -45 ],
			"translation":  [ 0, 2, 0 ]
		},
		"fixed": {
			"rotation":  [ 0, -180, -45 ],
			"scale":  [ 2, 2, 2 ]
		}
	}
}