{
	"textures": {
		"staff_unholy_wisdom": "./items/staff_unholy_wisdom",
		"charging": "./items/staff_effects/staff_effect_charged"
	},
	"elements": [ 	 
		{
			"name": "Box1",
			"from": [ 6.25, 13, 8.125 ],
			"to": [ 6.75, 14.5, 8.375 ],
			"faces": {
				"down": { "uv": [ 6.25, 2.75, 6.75, 3 ], "texture": "#staff_unholy_wisdom" },
				"up": { "uv": [ 6.25, 1.75, 6.75, 1.5 ], "texture": "#staff_unholy_wisdom" },
				"north": { "uv": [ 6.75, 1.5, 6.25, 3 ], "texture": "#staff_unholy_wisdom" },
				"south": { "uv": [ 6.25, 1.5, 6.75, 3 ], "texture": "#staff_unholy_wisdom" },
				"west": { "uv": [ 6.25, 1.5, 6.5, 3 ], "texture": "#staff_unholy_wisdom" },
				"east": { "uv": [ 6.75, 3, 6.5, 1.5 ], "texture": "#staff_unholy_wisdom", "rotation": 180 }
			}
		},
		{
			"name": "Box2",
			"from": [ 6.5, 14.5, 8.125 ],
			"to": [ 7, 14.75, 8.375 ],
			"faces": {
				"down": { "uv": [ 6.5, 1.25, 7, 1.5 ], "texture": "#staff_unholy_wisdom" },
				"up": { "uv": [ 6.5, 1.5, 7, 1.25 ], "texture": "#staff_unholy_wisdom" },
				"north": { "uv": [ 7, 1.25, 6.5, 1.5 ], "texture": "#staff_unholy_wisdom" },
				"south": { "uv": [ 6.5, 1.25, 7, 1.5 ], "texture": "#staff_unholy_wisdom" },
				"west": { "uv": [ 6.5, 1.25, 6.75, 1.5 ], "texture": "#staff_unholy_wisdom" },
				"east": { "uv": [ 7, 1.5, 6.75, 1.25 ], "texture": "#staff_unholy_wisdom", "rotation": 180 }
			}
		},
		{
			"name": "Box3",
			"from": [ 6.5, 12.75, 8.125 ],
			"to": [ 7, 13, 8.375 ],
			"faces": {
				"down": { "uv": [ 6.5, 3, 7, 3.25 ], "texture": "#staff_unholy_wisdom" },
				"up": { "uv": [ 6.5, 3.25, 7, 3 ], "texture": "#staff_unholy_wisdom" },
				"north": { "uv": [ 7, 3, 6.5, 3.25 ], "texture": "#staff_unholy_wisdom" },
				"south": { "uv": [ 6.5, 3, 7, 3.25 ], "texture": "#staff_unholy_wisdom" },
				"west": { "uv": [ 6.5, 3, 6.75, 3.25 ], "texture": "#staff_unholy_wisdom" },
				"east": { "uv": [ 7, 3.25, 6.75, 3 ], "texture": "#staff_unholy_wisdom", "rotation": 180 }
			}
		},
		{
			"name": "Box4",
			"from": [ 6.75, 14.75, 8.125 ],
			"to": [ 7.25, 15, 8.375 ],
			"faces": {
				"down": { "uv": [ 6.75, 1, 7.25, 1.25 ], "texture": "#staff_unholy_wisdom" },
				"up": { "uv": [ 6.75, 1.25, 7.25, 1 ], "texture": "#staff_unholy_wisdom" },
				"north": { "uv": [ 7.25, 1, 6.75, 1.25 ], "texture": "#staff_unholy_wisdom" },
				"south": { "uv": [ 6.75, 1, 7.25, 1.25 ], "texture": "#staff_unholy_wisdom" },
				"west": { "uv": [ 6.75, 1, 7, 1.25 ], "texture": "#staff_unholy_wisdom" },
				"east": { "uv": [ 7.25, 1.25, 7, 1 ], "texture": "#staff_unholy_wisdom", "rotation": 180 }
			}
		},
		{
			"name": "Box5",
			"from": [ 6.75, 13.25, 8 ],
			"to": [ 9.75, 14, 8.5 ],
			"faces": {
				"down": { "uv": [ 6.75, 2.5, 9.75, 2.75 ], "texture": "#staff_unholy_wisdom" },
				"up": { "uv": [ 6.75, 2.25, 9.75, 2 ], "texture": "#staff_unholy_wisdom" },
				"north": { "uv": [ 9.75, 2, 6.75, 2.75 ], "texture": "#staff_unholy_wisdom" },
				"south": { "uv": [ 6.75, 2, 9.75, 2.75 ], "texture": "#staff_unholy_wisdom" },
				"west": { "uv": [ 6.75, 2, 7, 2.75 ], "texture": "#staff_unholy_wisdom" },
				"east": { "uv": [ 9.75, 2.75, 9.5, 2 ], "texture": "#staff_unholy_wisdom", "rotation": 180 }
			}
		},
		{
			"name": "Box6",
			"from": [ 6.75, 12.5, 8.125 ],
			"to": [ 7.25, 12.75, 8.375 ],
			"faces": {
				"down": { "uv": [ 6.75, 3.25, 7.25, 3.5 ], "texture": "#staff_unholy_wisdom" },
				"up": { "uv": [ 6.75, 3.5, 7.25, 3.25 ], "texture": "#staff_unholy_wisdom" },
				"north": { "uv": [ 7.25, 3.25, 6.75, 3.5 ], "texture": "#staff_unholy_wisdom" },
				"south": { "uv": [ 6.75, 3.25, 7.25, 3.5 ], "texture": "#staff_unholy_wisdom" },
				"west": { "uv": [ 6.75, 3.25, 7, 3.5 ], "texture": "#staff_unholy_wisdom" },
				"east": { "uv": [ 7.25, 3.5, 7, 3.25 ], "texture": "#staff_unholy_wisdom", "rotation": 180 }
			}
		},
		{
			"name": "Box7",
			"from": [ 7, 15, 8.125 ],
			"to": [ 7.5, 15.25, 8.375 ],
			"faces": {
				"down": { "uv": [ 7, 0.75, 7.5, 1 ], "texture": "#staff_unholy_wisdom" },
				"up": { "uv": [ 7, 1, 7.5, 0.75 ], "texture": "#staff_unholy_wisdom" },
				"north": { "uv": [ 7.5, 0.75, 7, 1 ], "texture": "#staff_unholy_wisdom" },
				"south": { "uv": [ 7, 0.75, 7.5, 1 ], "texture": "#staff_unholy_wisdom" },
				"west": { "uv": [ 7, 0.75, 7.25, 1 ], "texture": "#staff_unholy_wisdom" },
				"east": { "uv": [ 7.5, 1, 7.25, 0.75 ], "texture": "#staff_unholy_wisdom", "rotation": 180 }
			}
		},
		{
			"name": "Box8",
			"from": [ 7, 13, 8 ],
			"to": [ 9, 14.25, 8.5 ],
			"faces": {
				"down": { "uv": [ 7, 2.75, 9, 3 ], "texture": "#staff_unholy_wisdom" },
				"up": { "uv": [ 7, 2, 9, 1.75 ], "texture": "#staff_unholy_wisdom" },
				"north": { "uv": [ 9, 1.75, 7, 3 ], "texture": "#staff_unholy_wisdom" },
				"south": { "uv": [ 7, 1.75, 9, 3 ], "texture": "#staff_unholy_wisdom" },
				"west": { "uv": [ 7, 1.75, 7.25, 3 ], "texture": "#staff_unholy_wisdom" },
				"east": { "uv": [ 9, 3, 8.75, 1.75 ], "texture": "#staff_unholy_wisdom", "rotation": 180 }
			}
		},
		{
			"name": "Box9",
			"from": [ 7, 12.25, 8.125 ],
			"to": [ 9, 12.5, 8.375 ],
			"faces": {
				"down": { "uv": [ 7, 3.5, 9, 3.75 ], "texture": "#staff_unholy_wisdom" },
				"up": { "uv": [ 7, 3.75, 9, 3.5 ], "texture": "#staff_unholy_wisdom" },
				"north": { "uv": [ 9, 3.5, 7, 3.75 ], "texture": "#staff_unholy_wisdom" },
				"south": { "uv": [ 7, 3.5, 9, 3.75 ], "texture": "#staff_unholy_wisdom" },
				"west": { "uv": [ 7, 3.5, 7.25, 3.75 ], "texture": "#staff_unholy_wisdom" },
				"east": { "uv": [ 9, 3.75, 8.75, 3.5 ], "texture": "#staff_unholy_wisdom", "rotation": 180 }
			}
		},
		{
			"name": "Box10",
			"from": [ 7.25, 15.25, 8.125 ],
			"to": [ 7.5, 15.75, 8.375 ],
			"faces": {
				"up": { "uv": [ 7.25, 0.5, 7.5, 0.25 ], "texture": "#staff_unholy_wisdom" },
				"north": { "uv": [ 7.5, 0.25, 7.25, 0.75 ], "texture": "#staff_unholy_wisdom" },
				"south": { "uv": [ 7.25, 0.25, 7.5, 0.75 ], "texture": "#staff_unholy_wisdom" },
				"west": { "uv": [ 7.25, 0.25, 7.5, 0.75 ], "texture": "#staff_unholy_wisdom" },
				"east": { "uv": [ 7.5, 0.75, 7.25, 0.25 ], "texture": "#staff_unholy_wisdom", "rotation": 180 }
			}
		},
		{
			"name": "Box11",
			"from": [ 7.25, 12, 8.125 ],
			"to": [ 8.75, 12.25, 8.375 ],
			"faces": {
				"down": { "uv": [ 7.25, 3.75, 8.75, 4 ], "texture": "#staff_unholy_wisdom" },
				"north": { "uv": [ 8.75, 3.75, 7.25, 4 ], "texture": "#staff_unholy_wisdom" },
				"south": { "uv": [ 7.25, 3.75, 8.75, 4 ], "texture": "#staff_unholy_wisdom" },
				"west": { "uv": [ 7.25, 3.75, 7.5, 4 ], "texture": "#staff_unholy_wisdom" },
				"east": { "uv": [ 8.75, 4, 8.5, 3.75 ], "texture": "#staff_unholy_wisdom", "rotation": 180 }
			}
		},
		{
			"name": "Box12",
			"from": [ 7.25, 11.5, 7.5 ],
			"to": [ 8.75, 11.75, 9 ],
			"faces": {
				"down": { "uv": [ 7.25, 4.25, 8.75, 4.5 ], "texture": "#staff_unholy_wisdom" },
				"up": { "uv": [ 7.25, 4.5, 8.75, 4.25 ], "texture": "#staff_unholy_wisdom" },
				"north": { "uv": [ 8.75, 4.25, 7.25, 4.5 ], "texture": "#staff_unholy_wisdom" },
				"south": { "uv": [ 7.25, 4.25, 8.75, 4.5 ], "texture": "#staff_unholy_wisdom" },
				"west": { "uv": [ 7.25, 4.25, 7.5, 4.5 ], "texture": "#staff_unholy_wisdom" },
				"east": { "uv": [ 8.75, 4.25, 8.5, 4.5 ], "texture": "#staff_unholy_wisdom" }
			}
		},
		{
			"name": "Box13",
			"from": [ 7.25, 1.75, 8 ],
			"to": [ 8, 2, 8.5 ],
			"faces": {
				"down": { "uv": [ 7.25, 14, 8, 14.25 ], "texture": "#staff_unholy_wisdom" },
				"up": { "uv": [ 7.25, 14.25, 8, 14 ], "texture": "#staff_unholy_wisdom" },
				"north": { "uv": [ 8, 14, 7.25, 14.25 ], "texture": "#staff_unholy_wisdom" },
				"south": { "uv": [ 7.25, 14, 8, 14.25 ], "texture": "#staff_unholy_wisdom" },
				"west": { "uv": [ 7.25, 14, 7.5, 14.25 ], "texture": "#staff_unholy_wisdom" },
				"east": { "uv": [ 8, 14.25, 7.75, 14 ], "texture": "#staff_unholy_wisdom", "rotation": 180 }
			}
		},
		{
			"name": "Box14",
			"from": [ 7.25, 1.25, 8 ],
			"to": [ 7.75, 1.75, 8.5 ],
			"faces": {
				"down": { "uv": [ 7.25, 14.5, 7.75, 14.75 ], "texture": "#staff_unholy_wisdom" },
				"north": { "uv": [ 7.75, 14.25, 7.25, 14.75 ], "texture": "#staff_unholy_wisdom" },
				"south": { "uv": [ 7.25, 14.25, 7.75, 14.75 ], "texture": "#staff_unholy_wisdom" },
				"west": { "uv": [ 7.25, 14.25, 7.5, 14.75 ], "texture": "#staff_unholy_wisdom" },
				"east": { "uv": [ 7.75, 14.75, 7.5, 14.25 ], "texture": "#staff_unholy_wisdom", "rotation": 180 }
			}
		},
		{
			"name": "Box15",
			"from": [ 7.5, 12.75, 8 ],
			"to": [ 8.5, 14.5, 8.5 ],
			"faces": {
				"down": { "uv": [ 7.5, 3, 8.5, 3.25 ], "texture": "#staff_unholy_wisdom" },
				"up": { "uv": [ 7.5, 1.75, 8.5, 1.5 ], "texture": "#staff_unholy_wisdom" },
				"north": { "uv": [ 8.5, 1.5, 7.5, 3.25 ], "texture": "#staff_unholy_wisdom" },
				"south": { "uv": [ 7.5, 1.5, 8.5, 3.25 ], "texture": "#staff_unholy_wisdom" },
				"west": { "uv": [ 7.5, 1.5, 7.75, 3.25 ], "texture": "#staff_unholy_wisdom" },
				"east": { "uv": [ 8.5, 3.25, 8.25, 1.5 ], "texture": "#staff_unholy_wisdom", "rotation": 180 }
			}
		},
		{
			"name": "Box16",
			"from": [ 7.5, 11.25, 7.75 ],
			"to": [ 8.5, 11.5, 8.75 ],
			"faces": {
				"down": { "uv": [ 7.5, 4.5, 8.5, 4.75 ], "texture": "#staff_unholy_wisdom" },
				"north": { "uv": [ 8.5, 4.5, 7.5, 4.75 ], "texture": "#staff_unholy_wisdom" },
				"south": { "uv": [ 7.5, 4.5, 8.5, 4.75 ], "texture": "#staff_unholy_wisdom" },
				"west": { "uv": [ 7.5, 4.5, 7.75, 4.75 ], "texture": "#staff_unholy_wisdom" },
				"east": { "uv": [ 8.5, 4.5, 8.25, 4.75 ], "texture": "#staff_unholy_wisdom" }
			}
		},
		{
			"name": "Box17",
			"from": [ 7.5, 3.5, 8 ],
			"to": [ 8.25, 4.25, 8.5 ],
			"faces": {
				"down": { "uv": [ 7.5, 12.25, 8.25, 12.5 ], "texture": "#staff_unholy_wisdom" },
				"up": { "uv": [ 7.5, 12, 8.25, 11.75 ], "texture": "#staff_unholy_wisdom" },
				"north": { "uv": [ 8.25, 11.75, 7.5, 12.5 ], "texture": "#staff_unholy_wisdom" },
				"south": { "uv": [ 7.5, 11.75, 8.25, 12.5 ], "texture": "#staff_unholy_wisdom" },
				"west": { "uv": [ 7.5, 11.75, 7.75, 12.5 ], "texture": "#staff_unholy_wisdom" }
			}
		},
		{
			"name": "Box18",
			"from": [ 7.5, 2, 8 ],
			"to": [ 8.25, 2.25, 8.5 ],
			"faces": {
				"down": { "uv": [ 7.5, 13.75, 8.25, 14 ], "texture": "#staff_unholy_wisdom" },
				"up": { "uv": [ 7.5, 14, 8.25, 13.75 ], "texture": "#staff_unholy_wisdom" },
				"north": { "uv": [ 8.25, 13.75, 7.5, 14 ], "texture": "#staff_unholy_wisdom" },
				"south": { "uv": [ 7.5, 13.75, 8.25, 14 ], "texture": "#staff_unholy_wisdom" },
				"west": { "uv": [ 7.5, 13.75, 7.75, 14 ], "texture": "#staff_unholy_wisdom" },
				"east": { "uv": [ 8.25, 14, 8, 13.75 ], "texture": "#staff_unholy_wisdom", "rotation": 180 }
			}
		},
		{
			"name": "Box19",
			"from": [ 7.5, 1, 8 ],
			"to": [ 8, 1.25, 8.5 ],
			"faces": {
				"down": { "uv": [ 7.5, 14.75, 8, 15 ], "texture": "#staff_unholy_wisdom" },
				"up": { "uv": [ 7.5, 15, 8, 14.75 ], "texture": "#staff_unholy_wisdom" },
				"north": { "uv": [ 8, 14.75, 7.5, 15 ], "texture": "#staff_unholy_wisdom" },
				"south": { "uv": [ 7.5, 14.75, 8, 15 ], "texture": "#staff_unholy_wisdom" },
				"west": { "uv": [ 7.5, 14.75, 7.75, 15 ], "texture": "#staff_unholy_wisdom" },
				"east": { "uv": [ 8, 15, 7.75, 14.75 ], "texture": "#staff_unholy_wisdom", "rotation": 180 }
			}
		},
		{
			"name": "Box20",
			"from": [ 7.75, 3.25, 8 ],
			"to": [ 8.25, 12.75, 8.5 ],
			"faces": {
				"down": { "uv": [ 7.75, 12.5, 8.25, 12.75 ], "texture": "#staff_unholy_wisdom" },
				"north": { "uv": [ 8.25, 3.25, 7.75, 12.75 ], "texture": "#staff_unholy_wisdom" },
				"south": { "uv": [ 7.75, 3.25, 8.25, 12.75 ], "texture": "#staff_unholy_wisdom" },
				"west": { "uv": [ 7.75, 3.25, 8, 12.75 ], "texture": "#staff_unholy_wisdom" },
				"east": { "uv": [ 8.25, 12.75, 8, 3.25 ], "texture": "#staff_unholy_wisdom", "rotation": 180 }
			}
		},
		{
			"name": "Box21",
			"from": [ 7.75, 2.5, 8 ],
			"to": [ 8.75, 2.75, 8.5 ],
			"faces": {
				"down": { "uv": [ 7.75, 13.25, 8.75, 13.5 ], "texture": "#staff_unholy_wisdom" },
				"up": { "uv": [ 7.75, 13.5, 8.75, 13.25 ], "texture": "#staff_unholy_wisdom" },
				"north": { "uv": [ 8.75, 13.25, 7.75, 13.5 ], "texture": "#staff_unholy_wisdom" },
				"south": { "uv": [ 7.75, 13.25, 8.75, 13.5 ], "texture": "#staff_unholy_wisdom" },
				"west": { "uv": [ 7.75, 13.25, 8, 13.5 ], "texture": "#staff_unholy_wisdom" },
				"east": { "uv": [ 8.75, 13.5, 8.5, 13.25 ], "texture": "#staff_unholy_wisdom", "rotation": 180 }
			}
		},
		{
			"name": "Box22",
			"from": [ 7.75, 2.25, 8 ],
			"to": [ 8.5, 2.5, 8.5 ],
			"faces": {
				"down": { "uv": [ 7.75, 13.5, 8.5, 13.75 ], "texture": "#staff_unholy_wisdom" },
				"north": { "uv": [ 8.5, 13.5, 7.75, 13.75 ], "texture": "#staff_unholy_wisdom" },
				"south": { "uv": [ 7.75, 13.5, 8.5, 13.75 ], "texture": "#staff_unholy_wisdom" },
				"west": { "uv": [ 7.75, 13.5, 8, 13.75 ], "texture": "#staff_unholy_wisdom" },
				"east": { "uv": [ 8.5, 13.75, 8.25, 13.5 ], "texture": "#staff_unholy_wisdom", "rotation": 180 }
			}
		},
		{
			"name": "Box23",
			"from": [ 7.75, 0.75, 8 ],
			"to": [ 8.25, 1, 8.5 ],
			"faces": {
				"down": { "uv": [ 7.75, 15, 8.25, 15.25 ], "texture": "#staff_unholy_wisdom" },
				"up": { "uv": [ 7.75, 15.25, 8.25, 15 ], "texture": "#staff_unholy_wisdom" },
				"north": { "uv": [ 8.25, 15, 7.75, 15.25 ], "texture": "#staff_unholy_wisdom" },
				"south": { "uv": [ 7.75, 15, 8.25, 15.25 ], "texture": "#staff_unholy_wisdom" },
				"west": { "uv": [ 7.75, 15, 8, 15.25 ], "texture": "#staff_unholy_wisdom" },
				"east": { "uv": [ 8.25, 15.25, 8, 15 ], "texture": "#staff_unholy_wisdom", "rotation": 180 }
			}
		},
		{
			"name": "Box24",
			"from": [ 8, 2.75, 8 ],
			"to": [ 8.75, 3.25, 8.5 ],
			"faces": {
				"up": { "uv": [ 8, 13, 8.75, 12.75 ], "texture": "#staff_unholy_wisdom" },
				"north": { "uv": [ 8.75, 12.75, 8, 13.25 ], "texture": "#staff_unholy_wisdom" },
				"south": { "uv": [ 8, 12.75, 8.75, 13.25 ], "texture": "#staff_unholy_wisdom" },
				"west": { "uv": [ 8, 12.75, 8.25, 13.25 ], "texture": "#staff_unholy_wisdom" },
				"east": { "uv": [ 8.75, 13.25, 8.5, 12.75 ], "texture": "#staff_unholy_wisdom", "rotation": 180 }
			}
		},
		{
			"name": "Box25",
			"from": [ 8.25, 3.25, 8 ],
			"to": [ 8.5, 3.5, 8.5 ],
			"faces": {
				"up": { "uv": [ 8.25, 12.75, 8.5, 12.5 ], "texture": "#staff_unholy_wisdom" },
				"north": { "uv": [ 8.5, 12.5, 8.25, 12.75 ], "texture": "#staff_unholy_wisdom" },
				"south": { "uv": [ 8.25, 12.5, 8.5, 12.75 ], "texture": "#staff_unholy_wisdom" },
				"east": { "uv": [ 8.5, 12.75, 8.25, 12.5 ], "texture": "#staff_unholy_wisdom", "rotation": 180 }
			}
		},
		{
			"name": "Box26",
			"from": [ 8.5, 15, 8.125 ],
			"to": [ 8.75, 15.75, 8.375 ],
			"faces": {
				"down": { "uv": [ 8.5, 0.75, 8.75, 1 ], "texture": "#staff_unholy_wisdom" },
				"up": { "uv": [ 8.5, 0.5, 8.75, 0.25 ], "texture": "#staff_unholy_wisdom" },
				"north": { "uv": [ 8.75, 0.25, 8.5, 1 ], "texture": "#staff_unholy_wisdom" },
				"south": { "uv": [ 8.5, 0.25, 8.75, 1 ], "texture": "#staff_unholy_wisdom" },
				"west": { "uv": [ 8.5, 0.25, 8.75, 1 ], "texture": "#staff_unholy_wisdom" },
				"east": { "uv": [ 8.75, 1, 8.5, 0.25 ], "texture": "#staff_unholy_wisdom", "rotation": 180 }
			}
		},
		{
			"name": "Box27",
			"from": [ 8.75, 14.75, 8.125 ],
			"to": [ 9, 15.25, 8.375 ],
			"faces": {
				"down": { "uv": [ 8.75, 1, 9, 1.25 ], "texture": "#staff_unholy_wisdom" },
				"up": { "uv": [ 8.75, 1, 9, 0.75 ], "texture": "#staff_unholy_wisdom" },
				"north": { "uv": [ 9, 0.75, 8.75, 1.25 ], "texture": "#staff_unholy_wisdom" },
				"south": { "uv": [ 8.75, 0.75, 9, 1.25 ], "texture": "#staff_unholy_wisdom" },
				"west": { "uv": [ 8.75, 0.75, 9, 1.25 ], "texture": "#staff_unholy_wisdom" },
				"east": { "uv": [ 9, 1.25, 8.75, 0.75 ], "texture": "#staff_unholy_wisdom", "rotation": 180 }
			}
		},
		{
			"name": "Box28",
			"from": [ 8.75, 12.5, 8.125 ],
			"to": [ 9.25, 12.75, 8.375 ],
			"faces": {
				"down": { "uv": [ 8.75, 3.25, 9.25, 3.5 ], "texture": "#staff_unholy_wisdom" },
				"up": { "uv": [ 8.75, 3.5, 9.25, 3.25 ], "texture": "#staff_unholy_wisdom" },
				"north": { "uv": [ 9.25, 3.25, 8.75, 3.5 ], "texture": "#staff_unholy_wisdom" },
				"south": { "uv": [ 8.75, 3.25, 9.25, 3.5 ], "texture": "#staff_unholy_wisdom" },
				"west": { "uv": [ 8.75, 3.25, 9, 3.5 ], "texture": "#staff_unholy_wisdom" },
				"east": { "uv": [ 9.25, 3.5, 9, 3.25 ], "texture": "#staff_unholy_wisdom", "rotation": 180 }
			}
		},
		{
			"name": "Box29",
			"from": [ 9, 14.5, 8.125 ],
			"to": [ 9.25, 15, 8.375 ],
			"faces": {
				"down": { "uv": [ 9, 1.25, 9.25, 1.5 ], "texture": "#staff_unholy_wisdom" },
				"up": { "uv": [ 9, 1.25, 9.25, 1 ], "texture": "#staff_unholy_wisdom" },
				"north": { "uv": [ 9.25, 1, 9, 1.5 ], "texture": "#staff_unholy_wisdom" },
				"south": { "uv": [ 9, 1, 9.25, 1.5 ], "texture": "#staff_unholy_wisdom" },
				"west": { "uv": [ 9, 1, 9.25, 1.5 ], "texture": "#staff_unholy_wisdom" },
				"east": { "uv": [ 9.25, 1.5, 9, 1 ], "texture": "#staff_unholy_wisdom", "rotation": 180 }
			}
		},
		{
			"name": "Box30",
			"from": [ 9, 12.75, 8.125 ],
			"to": [ 9.5, 13, 8.375 ],
			"faces": {
				"down": { "uv": [ 9, 3, 9.5, 3.25 ], "texture": "#staff_unholy_wisdom" },
				"up": { "uv": [ 9, 3.25, 9.5, 3 ], "texture": "#staff_unholy_wisdom" },
				"north": { "uv": [ 9.5, 3, 9, 3.25 ], "texture": "#staff_unholy_wisdom" },
				"south": { "uv": [ 9, 3, 9.5, 3.25 ], "texture": "#staff_unholy_wisdom" },
				"west": { "uv": [ 9, 3, 9.25, 3.25 ], "texture": "#staff_unholy_wisdom" },
				"east": { "uv": [ 9.5, 3.25, 9.25, 3 ], "texture": "#staff_unholy_wisdom", "rotation": 180 }
			}
		},
		{
			"name": "Box31",
			"from": [ 9.25, 13, 8.125 ],
			"to": [ 9.5, 14.75, 8.375 ],
			"faces": {
				"up": { "uv": [ 9.25, 1.5, 9.5, 1.25 ], "texture": "#staff_unholy_wisdom" },
				"north": { "uv": [ 9.5, 1.25, 9.25, 3 ], "texture": "#staff_unholy_wisdom" },
				"south": { "uv": [ 9.25, 1.25, 9.5, 3 ], "texture": "#staff_unholy_wisdom" },
				"west": { "uv": [ 9.25, 1.25, 9.5, 3 ], "texture": "#staff_unholy_wisdom" },
				"east": { "uv": [ 9.5, 3, 9.25, 1.25 ], "texture": "#staff_unholy_wisdom", "rotation": 180 }
			}
		},
		{
			"name": "Box32",
			"from": [ 9.5, 13, 8.125 ],
			"to": [ 9.75, 14.5, 8.375 ],
			"faces": {
				"down": { "uv": [ 9.5, 2.75, 9.75, 3 ], "texture": "#staff_unholy_wisdom" },
				"up": { "uv": [ 9.5, 1.75, 9.75, 1.5 ], "texture": "#staff_unholy_wisdom" },
				"north": { "uv": [ 9.75, 1.5, 9.5, 3 ], "texture": "#staff_unholy_wisdom" },
				"south": { "uv": [ 9.5, 1.5, 9.75, 3 ], "texture": "#staff_unholy_wisdom" },
				"east": { "uv": [ 9.75, 3, 9.5, 1.5 ], "texture": "#staff_unholy_wisdom", "rotation": 180 }
			}
		},
		{
			"name": "charging_1",
			"from": [ 8, 10, 4.625 ],
			"to": [ 8.001, 17.25, 11.875 ],
			"faces": {
				"west": { "uv": [ 0, 0, 16, 16 ], "texture": "#charging" },
				"east": { "uv": [ 16, 0, 0, 16 ], "texture": "#charging" }
			}
		},
		{
			"name": "charging_1",
			"from": [ 4.375, 10, 8.249 ],
			"to": [ 11.625, 17.25, 8.25 ],
			"faces": {
				"north": { "uv": [ 16, 0, 0, 16 ], "texture": "#charging" },
				"south": { "uv": [ 0, 0, 16, 16 ], "texture": "#charging" }
			}
		}
	],
	"gui_light": "front",
	"display": {
		"thirdperson_righthand": {
			"rotation":  [ 0, 180, 0 ],
			"translation":  [ 0, 0, 2.5 ],
			"scale":  [ 3, 3, 3 ]
		},
		"thirdperson_lefthand": {
			"rotation":  [ 0, 180, 0 ],
			"translation":  [ 0, 0, 2.5 ],
			"scale":  [ 3, 3, 3 ]
		},
		"firstperson_righthand": {
			"rotation":  [ -15, 180, 0 ],
			"translation":  [ 2, 4, 0 ],
			"scale":  [ 2, 2, 2 ]
		},
		"firstperson_lefthand": {
			"rotation":  [ -15, 180, 0 ],
			"translation":  [ 2, 4, 0 ],
			"scale":  [ 2, 2, 2 ]
		},
		"gui": {
			"rotation":  [ 0, 0, -45 ],
			"scale":  [ 1.3, 1.3, 1.3 ]
		},
		"ground": {
			"rotation":  [ 0, 0, -45 ],
			"translation":  [ 0, 2, 0 ]
		},
		"fixed": {
			"rotation":  [ 0, -180, -45 ],
			"scale":  [ 2, 2, 2 ]
		}
	}
}