{
	"textures": {
		"staff_sagrada_winged_staff": "./items/staff_sagrada_winged_staff"
	},
	"elements": [ 	 
		{
			"name": "Box1",
			"from": [ 5, 14.25, 8 ],
			"to": [ 7.75, 14.5, 8.5 ],
			"faces": {
				"down": { "uv": [ 5, 1.5, 7.75, 1.75 ], "texture": "#staff_sagrada_winged_staff" },
				"up": { "uv": [ 5, 1.75, 7.75, 1.5 ], "texture": "#staff_sagrada_winged_staff" },
				"north": { "uv": [ 7.75, 1.5, 5, 1.75 ], "texture": "#staff_sagrada_winged_staff" },
				"south": { "uv": [ 5, 1.5, 7.75, 1.75 ], "texture": "#staff_sagrada_winged_staff" },
				"west": { "uv": [ 5, 1.5, 5.25, 1.75 ], "texture": "#staff_sagrada_winged_staff" }
			}
		},
		{
			"name": "Box2",
			"from": [ 5.25, 14, 8 ],
			"to": [ 7.75, 14.25, 8.5 ],
			"faces": {
				"down": { "uv": [ 5.25, 1.75, 7.75, 2 ], "texture": "#staff_sagrada_winged_staff" },
				"north": { "uv": [ 7.75, 1.75, 5.25, 2 ], "texture": "#staff_sagrada_winged_staff" },
				"south": { "uv": [ 5.25, 1.75, 7.75, 2 ], "texture": "#staff_sagrada_winged_staff" },
				"west": { "uv": [ 5.25, 1.75, 5.5, 2 ], "texture": "#staff_sagrada_winged_staff" }
			}
		},
		{
			"name": "Box3",
			"from": [ 6, 13.5, 8 ],
			"to": [ 7.75, 13.75, 8.5 ],
			"faces": {
				"down": { "uv": [ 6, 2.25, 7.75, 2.5 ], "texture": "#staff_sagrada_winged_staff" },
				"up": { "uv": [ 6, 2.5, 7.75, 2.25 ], "texture": "#staff_sagrada_winged_staff" },
				"north": { "uv": [ 7.75, 2.25, 6, 2.5 ], "texture": "#staff_sagrada_winged_staff" },
				"south": { "uv": [ 6, 2.25, 7.75, 2.5 ], "texture": "#staff_sagrada_winged_staff" },
				"west": { "uv": [ 6, 2.25, 6.25, 2.5 ], "texture": "#staff_sagrada_winged_staff" }
			}
		},
		{
			"name": "Box4",
			"from": [ 6.25, 13.25, 8 ],
			"to": [ 7.75, 13.5, 8.5 ],
			"faces": {
				"down": { "uv": [ 6.25, 2.5, 7.75, 2.75 ], "texture": "#staff_sagrada_winged_staff" },
				"north": { "uv": [ 7.75, 2.5, 6.25, 2.75 ], "texture": "#staff_sagrada_winged_staff" },
				"south": { "uv": [ 6.25, 2.5, 7.75, 2.75 ], "texture": "#staff_sagrada_winged_staff" },
				"west": { "uv": [ 6.25, 2.5, 6.5, 2.75 ], "texture": "#staff_sagrada_winged_staff" }
			}
		},
		{
			"name": "Box5",
			"from": [ 7, 0.75, 8 ],
			"to": [ 7.75, 1, 8.5 ],
			"faces": {
				"down": { "uv": [ 7, 15, 7.75, 15.25 ], "texture": "#staff_sagrada_winged_staff" },
				"up": { "uv": [ 7, 15.25, 7.75, 15 ], "texture": "#staff_sagrada_winged_staff" },
				"north": { "uv": [ 7.75, 15, 7, 15.25 ], "texture": "#staff_sagrada_winged_staff" },
				"south": { "uv": [ 7, 15, 7.75, 15.25 ], "texture": "#staff_sagrada_winged_staff" },
				"west": { "uv": [ 7, 15, 7.25, 15.25 ], "texture": "#staff_sagrada_winged_staff" }
			}
		},
		{
			"name": "Box6",
			"from": [ 7.25, 12.75, 7.75 ],
			"to": [ 7.75, 14, 8.75 ],
			"faces": {
				"down": { "uv": [ 7.25, 3, 7.75, 3.25 ], "texture": "#staff_sagrada_winged_staff" },
				"north": { "uv": [ 7.75, 2, 7.25, 3.25 ], "texture": "#staff_sagrada_winged_staff" },
				"south": { "uv": [ 7.25, 2, 7.75, 3.25 ], "texture": "#staff_sagrada_winged_staff" },
				"west": { "uv": [ 7.25, 2, 7.5, 3.25 ], "texture": "#staff_sagrada_winged_staff" },
				"east": { "uv": [ 7.75, 3.25, 7.5, 2 ], "texture": "#staff_sagrada_winged_staff", "rotation": 180 }
			}
		},
		{
			"name": "Box7",
			"from": [ 7.25, 1.25, 8 ],
			"to": [ 7.75, 1.5, 8.5 ],
			"faces": {
				"down": { "uv": [ 7.25, 14.5, 7.75, 14.75 ], "texture": "#staff_sagrada_winged_staff" },
				"up": { "uv": [ 7.25, 14.75, 7.75, 14.5 ], "texture": "#staff_sagrada_winged_staff" },
				"north": { "uv": [ 7.75, 14.5, 7.25, 14.75 ], "texture": "#staff_sagrada_winged_staff" },
				"south": { "uv": [ 7.25, 14.5, 7.75, 14.75 ], "texture": "#staff_sagrada_winged_staff" },
				"west": { "uv": [ 7.25, 14.5, 7.5, 14.75 ], "texture": "#staff_sagrada_winged_staff" },
				"east": { "uv": [ 7.75, 14.75, 7.5, 14.5 ], "texture": "#staff_sagrada_winged_staff", "rotation": 180 }
			}
		},
		{
			"name": "Box8",
			"from": [ 7.5, 12, 7.75 ],
			"to": [ 8.5, 12.5, 8.75 ],
			"faces": {
				"down": { "uv": [ 7.5, 3.75, 8.5, 4 ], "texture": "#staff_sagrada_winged_staff" },
				"up": { "uv": [ 7.5, 3.75, 8.5, 3.5 ], "texture": "#staff_sagrada_winged_staff" },
				"north": { "uv": [ 8.5, 3.5, 7.5, 4 ], "texture": "#staff_sagrada_winged_staff" },
				"south": { "uv": [ 7.5, 3.5, 8.5, 4 ], "texture": "#staff_sagrada_winged_staff" },
				"west": { "uv": [ 7.5, 3.5, 7.75, 4 ], "texture": "#staff_sagrada_winged_staff" },
				"east": { "uv": [ 8.5, 4, 8.25, 3.5 ], "texture": "#staff_sagrada_winged_staff", "rotation": 180 }
			}
		},
		{
			"name": "Box9",
			"from": [ 7.5, 1.5, 8 ],
			"to": [ 8.5, 2, 8.5 ],
			"faces": {
				"down": { "uv": [ 7.5, 14.25, 8.5, 14.5 ], "texture": "#staff_sagrada_winged_staff" },
				"up": { "uv": [ 7.5, 14.25, 8.5, 14 ], "texture": "#staff_sagrada_winged_staff" },
				"north": { "uv": [ 8.5, 14, 7.5, 14.5 ], "texture": "#staff_sagrada_winged_staff" },
				"south": { "uv": [ 7.5, 14, 8.5, 14.5 ], "texture": "#staff_sagrada_winged_staff" },
				"west": { "uv": [ 7.5, 14, 7.75, 14.5 ], "texture": "#staff_sagrada_winged_staff" },
				"east": { "uv": [ 8.5, 14.5, 8.25, 14 ], "texture": "#staff_sagrada_winged_staff", "rotation": 180 }
			}
		},
		{
			"name": "Box10",
			"from": [ 7.5, 0.5, 8 ],
			"to": [ 7.75, 1.25, 8.5 ],
			"faces": {
				"down": { "uv": [ 7.5, 15.25, 7.75, 15.5 ], "texture": "#staff_sagrada_winged_staff" },
				"north": { "uv": [ 7.75, 14.75, 7.5, 15.5 ], "texture": "#staff_sagrada_winged_staff" },
				"south": { "uv": [ 7.5, 14.75, 7.75, 15.5 ], "texture": "#staff_sagrada_winged_staff" },
				"west": { "uv": [ 7.5, 14.75, 7.75, 15.5 ], "texture": "#staff_sagrada_winged_staff" },
				"east": { "uv": [ 7.75, 15.5, 7.5, 14.75 ], "texture": "#staff_sagrada_winged_staff", "rotation": 180 }
			}
		},
		{
			"name": "Box11",
			"from": [ 7.75, 14.75, 8 ],
			"to": [ 8.25, 15.25, 8.5 ],
			"faces": {
				"down": { "uv": [ 7.75, 1, 8.25, 1.25 ], "texture": "#staff_sagrada_winged_staff" },
				"up": { "uv": [ 7.75, 1, 8.25, 0.75 ], "texture": "#staff_sagrada_winged_staff" },
				"north": { "uv": [ 8.25, 0.75, 7.75, 1.25 ], "texture": "#staff_sagrada_winged_staff" },
				"south": { "uv": [ 7.75, 0.75, 8.25, 1.25 ], "texture": "#staff_sagrada_winged_staff" },
				"west": { "uv": [ 7.75, 0.75, 8, 1.25 ], "texture": "#staff_sagrada_winged_staff" },
				"east": { "uv": [ 8.25, 1.25, 8, 0.75 ], "texture": "#staff_sagrada_winged_staff", "rotation": 180 }
			}
		},
		{
			"name": "Box12",
			"from": [ 7.75, 12.75, 7.75 ],
			"to": [ 8.75, 13.25, 8.75 ],
			"faces": {
				"down": { "uv": [ 7.75, 3, 8.75, 3.25 ], "texture": "#staff_sagrada_winged_staff" },
				"up": { "uv": [ 7.75, 3, 8.75, 2.75 ], "texture": "#staff_sagrada_winged_staff" },
				"north": { "uv": [ 8.75, 2.75, 7.75, 3.25 ], "texture": "#staff_sagrada_winged_staff" },
				"south": { "uv": [ 7.75, 2.75, 8.75, 3.25 ], "texture": "#staff_sagrada_winged_staff" },
				"east": { "uv": [ 8.75, 3.25, 8.5, 2.75 ], "texture": "#staff_sagrada_winged_staff", "rotation": 180 }
			}
		},
		{
			"name": "Box13",
			"from": [ 7.75, 2, 8 ],
			"to": [ 8.25, 12.75, 8.5 ],
			"faces": {
				"north": { "uv": [ 8.25, 3.25, 7.75, 14 ], "texture": "#staff_sagrada_winged_staff" },
				"south": { "uv": [ 7.75, 3.25, 8.25, 14 ], "texture": "#staff_sagrada_winged_staff" },
				"west": { "uv": [ 7.75, 3.25, 8, 14 ], "texture": "#staff_sagrada_winged_staff" },
				"east": { "uv": [ 8.25, 14, 8, 3.25 ], "texture": "#staff_sagrada_winged_staff", "rotation": 180 }
			}
		},
		{
			"name": "Box14",
			"from": [ 8.25, 14.25, 8 ],
			"to": [ 11, 14.5, 8.5 ],
			"faces": {
				"down": { "uv": [ 8.25, 1.5, 11, 1.75 ], "texture": "#staff_sagrada_winged_staff" },
				"up": { "uv": [ 8.25, 1.75, 11, 1.5 ], "texture": "#staff_sagrada_winged_staff" },
				"north": { "uv": [ 11, 1.5, 8.25, 1.75 ], "texture": "#staff_sagrada_winged_staff" },
				"south": { "uv": [ 8.25, 1.5, 11, 1.75 ], "texture": "#staff_sagrada_winged_staff" },
				"east": { "uv": [ 11, 1.75, 10.75, 1.5 ], "texture": "#staff_sagrada_winged_staff", "rotation": 180 }
			}
		},
		{
			"name": "Box15",
			"from": [ 8.25, 14, 8 ],
			"to": [ 10.75, 14.25, 8.5 ],
			"faces": {
				"down": { "uv": [ 8.25, 1.75, 10.75, 2 ], "texture": "#staff_sagrada_winged_staff" },
				"north": { "uv": [ 10.75, 1.75, 8.25, 2 ], "texture": "#staff_sagrada_winged_staff" },
				"south": { "uv": [ 8.25, 1.75, 10.75, 2 ], "texture": "#staff_sagrada_winged_staff" },
				"east": { "uv": [ 10.75, 2, 10.5, 1.75 ], "texture": "#staff_sagrada_winged_staff", "rotation": 180 }
			}
		},
		{
			"name": "Box16",
			"from": [ 8.25, 13.25, 7.75 ],
			"to": [ 8.75, 14, 8.75 ],
			"faces": {
				"north": { "uv": [ 8.75, 2, 8.25, 2.75 ], "texture": "#staff_sagrada_winged_staff" },
				"south": { "uv": [ 8.25, 2, 8.75, 2.75 ], "texture": "#staff_sagrada_winged_staff" },
				"west": { "uv": [ 8.25, 2, 8.5, 2.75 ], "texture": "#staff_sagrada_winged_staff" },
				"east": { "uv": [ 8.75, 2.75, 8.5, 2 ], "texture": "#staff_sagrada_winged_staff", "rotation": 180 }
			}
		},
		{
			"name": "Box17",
			"from": [ 8.25, 1.25, 8 ],
			"to": [ 8.75, 1.5, 8.5 ],
			"faces": {
				"down": { "uv": [ 8.25, 14.5, 8.75, 14.75 ], "texture": "#staff_sagrada_winged_staff" },
				"up": { "uv": [ 8.25, 14.75, 8.75, 14.5 ], "texture": "#staff_sagrada_winged_staff" },
				"north": { "uv": [ 8.75, 14.5, 8.25, 14.75 ], "texture": "#staff_sagrada_winged_staff" },
				"south": { "uv": [ 8.25, 14.5, 8.75, 14.75 ], "texture": "#staff_sagrada_winged_staff" },
				"west": { "uv": [ 8.25, 14.5, 8.5, 14.75 ], "texture": "#staff_sagrada_winged_staff" },
				"east": { "uv": [ 8.75, 14.75, 8.5, 14.5 ], "texture": "#staff_sagrada_winged_staff", "rotation": 180 }
			}
		},
		{
			"name": "Box18",
			"from": [ 8.25, 0.5, 8 ],
			"to": [ 8.5, 1.25, 8.5 ],
			"faces": {
				"down": { "uv": [ 8.25, 15.25, 8.5, 15.5 ], "texture": "#staff_sagrada_winged_staff" },
				"north": { "uv": [ 8.5, 14.75, 8.25, 15.5 ], "texture": "#staff_sagrada_winged_staff" },
				"south": { "uv": [ 8.25, 14.75, 8.5, 15.5 ], "texture": "#staff_sagrada_winged_staff" },
				"west": { "uv": [ 8.25, 14.75, 8.5, 15.5 ], "texture": "#staff_sagrada_winged_staff" },
				"east": { "uv": [ 8.5, 15.5, 8.25, 14.75 ], "texture": "#staff_sagrada_winged_staff", "rotation": 180 }
			}
		},
		{
			"name": "Box19",
			"from": [ 8.5, 0.75, 8 ],
			"to": [ 9, 1, 8.5 ],
			"faces": {
				"down": { "uv": [ 8.5, 15, 9, 15.25 ], "texture": "#staff_sagrada_winged_staff" },
				"up": { "uv": [ 8.5, 15.25, 9, 15 ], "texture": "#staff_sagrada_winged_staff" },
				"north": { "uv": [ 9, 15, 8.5, 15.25 ], "texture": "#staff_sagrada_winged_staff" },
				"south": { "uv": [ 8.5, 15, 9, 15.25 ], "texture": "#staff_sagrada_winged_staff" },
				"east": { "uv": [ 9, 15.25, 8.75, 15 ], "texture": "#staff_sagrada_winged_staff", "rotation": 180 }
			}
		},
		{
			"name": "Box20",
			"from": [ 8.75, 13.5, 8 ],
			"to": [ 10, 13.75, 8.5 ],
			"faces": {
				"down": { "uv": [ 8.75, 2.25, 10, 2.5 ], "texture": "#staff_sagrada_winged_staff" },
				"up": { "uv": [ 8.75, 2.5, 10, 2.25 ], "texture": "#staff_sagrada_winged_staff" },
				"north": { "uv": [ 10, 2.25, 8.75, 2.5 ], "texture": "#staff_sagrada_winged_staff" },
				"south": { "uv": [ 8.75, 2.25, 10, 2.5 ], "texture": "#staff_sagrada_winged_staff" },
				"east": { "uv": [ 10, 2.5, 9.75, 2.25 ], "texture": "#staff_sagrada_winged_staff", "rotation": 180 }
			}
		},
		{
			"name": "Box21",
			"from": [ 8.75, 13.25, 8 ],
			"to": [ 9.75, 13.5, 8.5 ],
			"faces": {
				"down": { "uv": [ 8.75, 2.5, 9.75, 2.75 ], "texture": "#staff_sagrada_winged_staff" },
				"north": { "uv": [ 9.75, 2.5, 8.75, 2.75 ], "texture": "#staff_sagrada_winged_staff" },
				"south": { "uv": [ 8.75, 2.5, 9.75, 2.75 ], "texture": "#staff_sagrada_winged_staff" },
				"east": { "uv": [ 9.75, 2.75, 9.5, 2.5 ], "texture": "#staff_sagrada_winged_staff", "rotation": 180 }
			}
		},
		{
			"name": "Box16",
			"from": [ 8.25, 14, 7.75 ],
			"to": [ 8.75, 14.5, 8.75 ],
			"faces": {
				"up": { "uv": [ 8.25, 1.75, 8.75, 1.5 ], "texture": "#staff_sagrada_winged_staff" },
				"north": { "uv": [ 8.75, 1.5, 8.25, 2 ], "texture": "#staff_sagrada_winged_staff" },
				"south": { "uv": [ 8.25, 1.5, 8.75, 2 ], "texture": "#staff_sagrada_winged_staff" },
				"west": { "uv": [ 8.25, 1.5, 8.5, 2 ], "texture": "#staff_sagrada_winged_staff" },
				"east": { "uv": [ 8.75, 1.5, 8.5, 2 ], "texture": "#staff_sagrada_winged_staff" }
			}
		},
		{
			"name": "Box16",
			"from": [ 7.25, 14, 7.75 ],
			"to": [ 7.75, 14.5, 8.75 ],
			"faces": {
				"up": { "uv": [ 7.25, 1.75, 7.75, 1.5 ], "texture": "#staff_sagrada_winged_staff" },
				"north": { "uv": [ 7.75, 1.5, 7.25, 2 ], "texture": "#staff_sagrada_winged_staff" },
				"south": { "uv": [ 7.25, 1.5, 7.75, 2 ], "texture": "#staff_sagrada_winged_staff" },
				"west": { "uv": [ 7.25, 1.5, 7.5, 2 ], "texture": "#staff_sagrada_winged_staff" },
				"east": { "uv": [ 7.75, 1.5, 7.5, 2 ], "texture": "#staff_sagrada_winged_staff" }
			}
		}
	],
	"gui_light": "front",
	"display": {
		"thirdperson_righthand": {
			"rotation":  [ 0, 180, 0 ],
			"translation":  [ 0, 0, 2.5 ],
			"scale":  [ 3, 3, 3 ]
		},
		"thirdperson_lefthand": {
			"rotation":  [ 0, 180, 0 ],
			"translation":  [ 0, 0, 2.5 ],
			"scale":  [ 3, 3, 3 ]
		},
		"firstperson_righthand": {
			"rotation":  [ 0, -180, 0 ],
			"translation":  [ 0, 4, 1 ],
			"scale":  [ 2, 2, 2 ]
		},
		"firstperson_lefthand": {
			"rotation":  [ 0, -180, 0 ],
			"translation":  [ 0, 4, 1 ],
			"scale":  [ 2, 2, 2 ]
		},
		"gui": {
			"rotation":  [ 0, 0, -45 ],
			"scale":  [ 1.3, 1.3, 1.3 ]
		},
		"ground": {
			"rotation":  [ 0, 0, -45 ],
			"translation":  [ 0, 2, 0 ]
		},
		"fixed": {
			"rotation":  [ 0, -180, -45 ],
			"scale":  [ 2, 2, 2 ]
		}
	}
}