{
	"textures": {
		"staff_northgate_guardian_staff": "./items/staff_northgate_guardian_staff"
	},
	"elements": [ 	 
		{
			"name": "Box1",
			"from": [ 5, 13, 8 ],
			"to": [ 5.5, 14, 8.5 ],
			"faces": {
				"down": { "uv": [ 5, 2.75, 5.5, 3 ], "texture": "#staff_northgate_guardian_staff" },
				"up": { "uv": [ 5, 2.25, 5.5, 2 ], "texture": "#staff_northgate_guardian_staff" },
				"north": { "uv": [ 5.5, 2, 5, 3 ], "texture": "#staff_northgate_guardian_staff" },
				"south": { "uv": [ 5, 2, 5.5, 3 ], "texture": "#staff_northgate_guardian_staff" },
				"west": { "uv": [ 5, 2, 5.25, 3 ], "texture": "#staff_northgate_guardian_staff" },
				"east": { "uv": [ 5.5, 3, 5.25, 2 ], "texture": "#staff_northgate_guardian_staff", "rotation": 180 }
			}
		},
		{
			"name": "Box2",
			"from": [ 5.5, 13.25, 8 ],
			"to": [ 11, 13.75, 8.5 ],
			"faces": {
				"down": { "uv": [ 5.5, 2.5, 11, 2.75 ], "texture": "#staff_northgate_guardian_staff" },
				"up": { "uv": [ 5.5, 2.5, 11, 2.25 ], "texture": "#staff_northgate_guardian_staff" },
				"north": { "uv": [ 11, 2.25, 5.5, 2.75 ], "texture": "#staff_northgate_guardian_staff" },
				"south": { "uv": [ 5.5, 2.25, 11, 2.75 ], "texture": "#staff_northgate_guardian_staff" }
			}
		},
		{
			"name": "Box3",
			"from": [ 6, 15, 8 ],
			"to": [ 6.75, 15.25, 8.5 ],
			"faces": {
				"down": { "uv": [ 6, 0.75, 6.75, 1 ], "texture": "#staff_northgate_guardian_staff" },
				"up": { "uv": [ 6, 1, 6.75, 0.75 ], "texture": "#staff_northgate_guardian_staff" },
				"north": { "uv": [ 6.75, 0.75, 6, 1 ], "texture": "#staff_northgate_guardian_staff" },
				"south": { "uv": [ 6, 0.75, 6.75, 1 ], "texture": "#staff_northgate_guardian_staff" },
				"west": { "uv": [ 6, 0.75, 6.25, 1 ], "texture": "#staff_northgate_guardian_staff" },
				"east": { "uv": [ 6.75, 1, 6.5, 0.75 ], "texture": "#staff_northgate_guardian_staff", "rotation": 180 }
			}
		},
		{
			"name": "Box4",
			"from": [ 6, 14.5, 8 ],
			"to": [ 6.25, 15, 8.5 ],
			"faces": {
				"down": { "uv": [ 6, 1.25, 6.25, 1.5 ], "texture": "#staff_northgate_guardian_staff" },
				"north": { "uv": [ 6.25, 1, 6, 1.5 ], "texture": "#staff_northgate_guardian_staff" },
				"south": { "uv": [ 6, 1, 6.25, 1.5 ], "texture": "#staff_northgate_guardian_staff" },
				"west": { "uv": [ 6, 1, 6.25, 1.5 ], "texture": "#staff_northgate_guardian_staff" },
				"east": { "uv": [ 6.25, 1.5, 6, 1 ], "texture": "#staff_northgate_guardian_staff", "rotation": 180 }
			}
		},
		{
			"name": "Box5",
			"from": [ 6, 14, 8 ],
			"to": [ 6.75, 14.25, 8.5 ],
			"faces": {
				"down": { "uv": [ 6, 1.75, 6.75, 2 ], "texture": "#staff_northgate_guardian_staff" },
				"up": { "uv": [ 6, 2, 6.75, 1.75 ], "texture": "#staff_northgate_guardian_staff" },
				"north": { "uv": [ 6.75, 1.75, 6, 2 ], "texture": "#staff_northgate_guardian_staff" },
				"south": { "uv": [ 6, 1.75, 6.75, 2 ], "texture": "#staff_northgate_guardian_staff" },
				"west": { "uv": [ 6, 1.75, 6.25, 2 ], "texture": "#staff_northgate_guardian_staff" },
				"east": { "uv": [ 6.75, 2, 6.5, 1.75 ], "texture": "#staff_northgate_guardian_staff", "rotation": 180 }
			}
		},
		{
			"name": "Box6",
			"from": [ 6.25, 14.5, 8 ],
			"to": [ 10, 14.75, 8.5 ],
			"faces": {
				"down": { "uv": [ 6.25, 1.25, 10, 1.5 ], "texture": "#staff_northgate_guardian_staff" },
				"up": { "uv": [ 6.25, 1.5, 10, 1.25 ], "texture": "#staff_northgate_guardian_staff" },
				"north": { "uv": [ 10, 1.25, 6.25, 1.5 ], "texture": "#staff_northgate_guardian_staff" },
				"south": { "uv": [ 6.25, 1.25, 10, 1.5 ], "texture": "#staff_northgate_guardian_staff" },
				"east": { "uv": [ 10, 1.5, 9.75, 1.25 ], "texture": "#staff_northgate_guardian_staff", "rotation": 180 }
			}
		},
		{
			"name": "Box7",
			"from": [ 6.25, 12, 8 ],
			"to": [ 6.75, 13.25, 8.5 ],
			"faces": {
				"down": { "uv": [ 6.25, 3.75, 6.75, 4 ], "texture": "#staff_northgate_guardian_staff" },
				"north": { "uv": [ 6.75, 2.75, 6.25, 4 ], "texture": "#staff_northgate_guardian_staff" },
				"south": { "uv": [ 6.25, 2.75, 6.75, 4 ], "texture": "#staff_northgate_guardian_staff" },
				"west": { "uv": [ 6.25, 2.75, 6.5, 4 ], "texture": "#staff_northgate_guardian_staff" },
				"east": { "uv": [ 6.75, 4, 6.5, 2.75 ], "texture": "#staff_northgate_guardian_staff", "rotation": 180 }
			}
		},
		{
			"name": "Box8",
			"from": [ 6.5, 14.25, 8 ],
			"to": [ 6.75, 15, 8.5 ],
			"faces": {
				"north": { "uv": [ 6.75, 1, 6.5, 1.75 ], "texture": "#staff_northgate_guardian_staff" },
				"south": { "uv": [ 6.5, 1, 6.75, 1.75 ], "texture": "#staff_northgate_guardian_staff" },
				"west": { "uv": [ 6.5, 1, 6.75, 1.75 ], "texture": "#staff_northgate_guardian_staff" },
				"east": { "uv": [ 6.75, 1.75, 6.5, 1 ], "texture": "#staff_northgate_guardian_staff", "rotation": 180 }
			}
		},
		{
			"name": "Box9",
			"from": [ 7, 14.75, 8 ],
			"to": [ 7.25, 15.25, 8.5 ],
			"faces": {
				"up": { "uv": [ 7, 1, 7.25, 0.75 ], "texture": "#staff_northgate_guardian_staff" },
				"north": { "uv": [ 7.25, 0.75, 7, 1.25 ], "texture": "#staff_northgate_guardian_staff" },
				"south": { "uv": [ 7, 0.75, 7.25, 1.25 ], "texture": "#staff_northgate_guardian_staff" },
				"west": { "uv": [ 7, 0.75, 7.25, 1.25 ], "texture": "#staff_northgate_guardian_staff" },
				"east": { "uv": [ 7.25, 1.25, 7, 0.75 ], "texture": "#staff_northgate_guardian_staff", "rotation": 180 }
			}
		},
		{
			"name": "Box10",
			"from": [ 7.25, 12.75, 7.5 ],
			"to": [ 8.75, 14.25, 9 ],
			"faces": {
				"down": { "uv": [ 7.25, 3, 8.75, 3.25 ], "texture": "#staff_northgate_guardian_staff" },
				"up": { "uv": [ 7.25, 2, 8.75, 1.75 ], "texture": "#staff_northgate_guardian_staff" },
				"north": { "uv": [ 8.75, 1.75, 7.25, 3.25 ], "texture": "#staff_northgate_guardian_staff" },
				"south": { "uv": [ 7.25, 1.75, 8.75, 3.25 ], "texture": "#staff_northgate_guardian_staff" },
				"west": { "uv": [ 7.25, 1.75, 7.5, 3.25 ], "texture": "#staff_northgate_guardian_staff" },
				"east": { "uv": [ 8.75, 3.25, 8.5, 1.75 ], "texture": "#staff_northgate_guardian_staff", "rotation": 180 }
			}
		},
		{
			"name": "Box11",
			"from": [ 7.75, 0, 8 ],
			"to": [ 8.25, 14.5, 8.5 ],
			"faces": {
				"down": { "uv": [ 7.75, 15.75, 8.25, 16 ], "texture": "#staff_northgate_guardian_staff", "cullface": "down" },
				"north": { "uv": [ 8.25, 1.5, 7.75, 16 ], "texture": "#staff_northgate_guardian_staff" },
				"south": { "uv": [ 7.75, 1.5, 8.25, 16 ], "texture": "#staff_northgate_guardian_staff" },
				"west": { "uv": [ 7.75, 1.5, 8, 16 ], "texture": "#staff_northgate_guardian_staff" },
				"east": { "uv": [ 8.25, 16, 8, 1.5 ], "texture": "#staff_northgate_guardian_staff", "rotation": 180 }
			}
		},
		{
			"name": "Box12",
			"from": [ 8.75, 14.75, 8 ],
			"to": [ 9, 15.25, 8.5 ],
			"faces": {
				"up": { "uv": [ 8.75, 1, 9, 0.75 ], "texture": "#staff_northgate_guardian_staff" },
				"north": { "uv": [ 9, 0.75, 8.75, 1.25 ], "texture": "#staff_northgate_guardian_staff" },
				"south": { "uv": [ 8.75, 0.75, 9, 1.25 ], "texture": "#staff_northgate_guardian_staff" },
				"west": { "uv": [ 8.75, 0.75, 9, 1.25 ], "texture": "#staff_northgate_guardian_staff" },
				"east": { "uv": [ 9, 1.25, 8.75, 0.75 ], "texture": "#staff_northgate_guardian_staff", "rotation": 180 }
			}
		},
		{
			"name": "Box13",
			"from": [ 9.25, 15, 8 ],
			"to": [ 10, 15.25, 8.5 ],
			"faces": {
				"down": { "uv": [ 9.25, 0.75, 10, 1 ], "texture": "#staff_northgate_guardian_staff" },
				"up": { "uv": [ 9.25, 1, 10, 0.75 ], "texture": "#staff_northgate_guardian_staff" },
				"north": { "uv": [ 10, 0.75, 9.25, 1 ], "texture": "#staff_northgate_guardian_staff" },
				"south": { "uv": [ 9.25, 0.75, 10, 1 ], "texture": "#staff_northgate_guardian_staff" },
				"west": { "uv": [ 9.25, 0.75, 9.5, 1 ], "texture": "#staff_northgate_guardian_staff" },
				"east": { "uv": [ 10, 1, 9.75, 0.75 ], "texture": "#staff_northgate_guardian_staff", "rotation": 180 }
			}
		},
		{
			"name": "Box14",
			"from": [ 9.25, 14, 8 ],
			"to": [ 9.5, 15, 8.5 ],
			"faces": {
				"down": { "uv": [ 9.25, 1.75, 9.5, 2 ], "texture": "#staff_northgate_guardian_staff" },
				"north": { "uv": [ 9.5, 1, 9.25, 2 ], "texture": "#staff_northgate_guardian_staff" },
				"south": { "uv": [ 9.25, 1, 9.5, 2 ], "texture": "#staff_northgate_guardian_staff" },
				"west": { "uv": [ 9.25, 1, 9.5, 2 ], "texture": "#staff_northgate_guardian_staff" },
				"east": { "uv": [ 9.5, 2, 9.25, 1 ], "texture": "#staff_northgate_guardian_staff", "rotation": 180 }
			}
		},
		{
			"name": "Box15",
			"from": [ 9.25, 12, 8 ],
			"to": [ 9.75, 13.25, 8.5 ],
			"faces": {
				"down": { "uv": [ 9.25, 3.75, 9.75, 4 ], "texture": "#staff_northgate_guardian_staff" },
				"north": { "uv": [ 9.75, 2.75, 9.25, 4 ], "texture": "#staff_northgate_guardian_staff" },
				"south": { "uv": [ 9.25, 2.75, 9.75, 4 ], "texture": "#staff_northgate_guardian_staff" },
				"west": { "uv": [ 9.25, 2.75, 9.5, 4 ], "texture": "#staff_northgate_guardian_staff" },
				"east": { "uv": [ 9.75, 4, 9.5, 2.75 ], "texture": "#staff_northgate_guardian_staff", "rotation": 180 }
			}
		},
		{
			"name": "Box16",
			"from": [ 9.5, 14, 8 ],
			"to": [ 10, 14.25, 8.5 ],
			"faces": {
				"down": { "uv": [ 9.5, 1.75, 10, 2 ], "texture": "#staff_northgate_guardian_staff" },
				"up": { "uv": [ 9.5, 2, 10, 1.75 ], "texture": "#staff_northgate_guardian_staff" },
				"north": { "uv": [ 10, 1.75, 9.5, 2 ], "texture": "#staff_northgate_guardian_staff" },
				"south": { "uv": [ 9.5, 1.75, 10, 2 ], "texture": "#staff_northgate_guardian_staff" },
				"east": { "uv": [ 10, 2, 9.75, 1.75 ], "texture": "#staff_northgate_guardian_staff", "rotation": 180 }
			}
		},
		{
			"name": "Box17",
			"from": [ 9.75, 14.75, 8 ],
			"to": [ 10, 15, 8.5 ],
			"faces": {
				"north": { "uv": [ 10, 1, 9.75, 1.25 ], "texture": "#staff_northgate_guardian_staff" },
				"south": { "uv": [ 9.75, 1, 10, 1.25 ], "texture": "#staff_northgate_guardian_staff" },
				"west": { "uv": [ 9.75, 1, 10, 1.25 ], "texture": "#staff_northgate_guardian_staff" },
				"east": { "uv": [ 10, 1.25, 9.75, 1 ], "texture": "#staff_northgate_guardian_staff", "rotation": 180 }
			}
		},
		{
			"name": "Box18",
			"from": [ 10.5, 13, 8 ],
			"to": [ 11, 14, 8.5 ],
			"faces": {
				"down": { "uv": [ 10.5, 2.75, 11, 3 ], "texture": "#staff_northgate_guardian_staff" },
				"up": { "uv": [ 10.5, 2.25, 11, 2 ], "texture": "#staff_northgate_guardian_staff" },
				"north": { "uv": [ 11, 2, 10.5, 3 ], "texture": "#staff_northgate_guardian_staff" },
				"south": { "uv": [ 10.5, 2, 11, 3 ], "texture": "#staff_northgate_guardian_staff" },
				"west": { "uv": [ 10.5, 2, 10.75, 3 ], "texture": "#staff_northgate_guardian_staff" },
				"east": { "uv": [ 11, 3, 10.75, 2 ], "texture": "#staff_northgate_guardian_staff", "rotation": 180 }
			}
		}
	],
	"gui_light": "front",
	"display": {
		"thirdperson_righthand": {
			"rotation":  [ 0, 180, 0 ],
			"translation":  [ 0, 0, 2.5 ],
			"scale":  [ 3, 3, 3 ]
		},
		"thirdperson_lefthand": {
			"rotation":  [ 0, 180, 0 ],
			"translation":  [ 0, 0, 2.5 ],
			"scale":  [ 3, 3, 3 ]
		},
		"firstperson_righthand": {
			"rotation":  [ 0, -180, 0 ],
			"translation":  [ 0, 4, 1 ],
			"scale":  [ 2, 2, 2 ]
		},
		"firstperson_lefthand": {
			"rotation":  [ 0, -180, 0 ],
			"translation":  [ 0, 4, 1 ],
			"scale":  [ 2, 2, 2 ]
		},
		"gui": {
			"rotation":  [ 0, 0, -45 ],
			"scale":  [ 1.3, 1.3, 1.3 ]
		},
		"ground": {
			"rotation":  [ 0, 0, -45 ],
			"translation":  [ 0, 2, 0 ]
		},
		"fixed": {
			"rotation":  [ 0, -180, -45 ],
			"scale":  [ 2, 2, 2 ]
		}
	}
}