{
	"credit": "Made with Blockbench",
	"textures": {
		"0": "item/axe_of_the_gnomes",
		"1": "item/rune_axe_of_the_gnomes",
		"particle": "item/axe_of_the_gnomes"
	},
	"elements": [
		{
			"from": [6.65, -13.6, 7.15],
			"to": [7.85, 5.4, 8.35],
			"faces": {
				"north": {"uv": [0, 0, 0.5, 9.5], "texture": "#0"},
				"east": {"uv": [0.5, 0, 1, 9.5], "texture": "#0"},
				"south": {"uv": [1, 0, 1.5, 9.5], "texture": "#0"},
				"west": {"uv": [1.5, 0, 2, 9.5], "texture": "#0"},
				"up": {"uv": [14, 8.5, 13.5, 8], "texture": "#0"},
				"down": {"uv": [14, 8.5, 13.5, 9], "texture": "#0"}
			}
		},
		{
			"from": [6.2, 5.7, 7],
			"to": [8.3, 12.6, 8.5],
			"rotation": {"angle": 0, "axis": "y", "origin": [0, -4.2, 0]},
			"faces": {
				"north": {"uv": [2, 0, 3, 3.5], "texture": "#0"},
				"east": {"uv": [3, 0, 4, 3.5], "texture": "#0"},
				"south": {"uv": [2, 3.5, 3, 7], "texture": "#0"},
				"west": {"uv": [3, 3.5, 4, 7], "texture": "#0"},
				"up": {"uv": [12, 1, 11, 0], "texture": "#0"},
				"down": {"uv": [12, 1, 11, 2], "texture": "#0"}
			}
		},
		{
			"from": [6.2, 5.4, 6.9],
			"to": [8.3, 5.7, 8.6],
			"rotation": {"angle": 0, "axis": "y", "origin": [0, -4.2, 0]},
			"faces": {
				"north": {"uv": [7.5, 9, 8.5, 9.5], "texture": "#0"},
				"east": {"uv": [12.5, 3, 13.5, 3.5], "texture": "#0"},
				"south": {"uv": [12.5, 4, 13.5, 4.5], "texture": "#0"},
				"west": {"uv": [12.5, 4.5, 13.5, 5], "texture": "#0"},
				"up": {"uv": [12, 3, 11, 2], "texture": "#0"},
				"down": {"uv": [12, 3, 11, 4], "texture": "#0"}
			}
		},
		{
			"from": [6.2, 12.6, 6.9],
			"to": [8.3, 12.9, 8.6],
			"rotation": {"angle": 0, "axis": "y", "origin": [0, -4.2, 0]},
			"faces": {
				"north": {"uv": [12.5, 5, 13.5, 5.5], "texture": "#0"},
				"east": {"uv": [12.5, 5.5, 13.5, 6], "texture": "#0"},
				"south": {"uv": [6, 12.5, 7, 13], "texture": "#0"},
				"west": {"uv": [10, 12.5, 11, 13], "texture": "#0"},
				"up": {"uv": [12, 7, 11, 6], "texture": "#0"},
				"down": {"uv": [12, 7, 11, 8], "texture": "#0"}
			}
		},
		{
			"from": [8.3, 5.4, 6.9],
			"to": [8.5, 12.9, 8.6],
			"rotation": {"angle": 0, "axis": "z", "origin": [0, -4.2, 0]},
			"faces": {
				"north": {"uv": [10.5, 6, 11, 9.5], "texture": "#0"},
				"east": {"uv": [4, 0, 5, 3.5], "texture": "#0"},
				"south": {"uv": [7.5, 10.5, 8, 14], "texture": "#0"},
				"west": {"uv": [4, 3.5, 5, 7], "texture": "#0"},
				"up": {"uv": [7.5, 13.5, 7, 12.5], "texture": "#0"},
				"down": {"uv": [11.5, 12.5, 11, 13.5], "texture": "#0"}
			}
		},
		{
			"from": [1.8, 11.3, 7.2],
			"to": [5.8, 13.3, 8.3],
			"rotation": {"angle": -22.5, "axis": "z", "origin": [-1.6, -3.4, 0]},
			"faces": {
				"north": {"uv": [8.5, 4.5, 10.5, 5.5], "texture": "#0"},
				"east": {"uv": [11.5, 12.5, 12, 13.5], "texture": "#0"},
				"south": {"uv": [8.5, 5.5, 10.5, 6.5], "texture": "#0"},
				"west": {"uv": [12.5, 12, 13, 13], "texture": "#0"},
				"up": {"uv": [13, 8.5, 11, 8], "texture": "#0"},
				"down": {"uv": [13, 8.5, 11, 9], "texture": "#0"}
			}
		},
		{
			"from": [-1.2, 13, 7.2],
			"to": [2.3, 14.8, 8.3],
			"rotation": {"angle": -45, "axis": "z", "origin": [-1.6, -3.4, 0]},
			"faces": {
				"north": {"uv": [9, 10.5, 10.5, 11.5], "texture": "#0"},
				"east": {"uv": [2.5, 13, 3, 14], "texture": "#0"},
				"south": {"uv": [10.5, 10.5, 12, 11.5], "texture": "#0"},
				"west": {"uv": [3, 13, 3.5, 14], "texture": "#0"},
				"up": {"uv": [10.5, 4.5, 9, 4], "texture": "#0"},
				"down": {"uv": [13.5, 10.5, 12, 11], "texture": "#0"}
			}
		},
		{
			"from": [12.2, 4, 7.2],
			"to": [16.1, 5.9, 8.3],
			"rotation": {"angle": 22.5, "axis": "z", "origin": [-1.6, -5.1, 0]},
			"faces": {
				"north": {"uv": [8.5, 6.5, 10.5, 7.5], "texture": "#0"},
				"east": {"uv": [3.5, 13, 4, 14], "texture": "#0"},
				"south": {"uv": [8.5, 7.5, 10.5, 8.5], "texture": "#0"},
				"west": {"uv": [4, 13, 4.5, 14], "texture": "#0"},
				"up": {"uv": [13, 9.5, 11, 9], "texture": "#0"},
				"down": {"uv": [4, 11.5, 2, 12], "texture": "#0"}
			}
		},
		{
			"from": [6.55, -5.8, 7.05],
			"to": [7.95, -5, 8.45],
			"faces": {
				"north": {"uv": [13.5, 9.5, 14, 10], "texture": "#0"},
				"east": {"uv": [13.5, 10, 14, 10.5], "texture": "#0"},
				"south": {"uv": [13.5, 10.5, 14, 11], "texture": "#0"},
				"west": {"uv": [11, 13.5, 11.5, 14], "texture": "#0"},
				"up": {"uv": [14, 11.5, 13.5, 11], "texture": "#0"},
				"down": {"uv": [12, 13.5, 11.5, 14], "texture": "#0"}
			}
		},
		{
			"from": [7, 5.3, 7.2],
			"to": [11, 7.3, 8.3],
			"rotation": {"angle": 22.5, "axis": "z", "origin": [0.2, -3.4, 0]},
			"faces": {
				"north": {"uv": [8.5, 8.5, 10.5, 9.5], "texture": "#0"},
				"east": {"uv": [4.5, 13, 5, 14], "texture": "#0"},
				"south": {"uv": [9, 0, 11, 1], "texture": "#0"},
				"west": {"uv": [5, 13, 5.5, 14], "texture": "#0"},
				"up": {"uv": [6, 12, 4, 11.5], "texture": "#0"},
				"down": {"uv": [11, 11.5, 9, 12], "texture": "#0"}
			}
		},
		{
			"from": [-2.9, 10.1, 7.2],
			"to": [1.1, 12.1, 8.3],
			"rotation": {"angle": -22.5, "axis": "z", "origin": [0.2, -3.4, 0]},
			"faces": {
				"north": {"uv": [9, 1, 11, 2], "texture": "#0"},
				"east": {"uv": [6, 13, 6.5, 14], "texture": "#0"},
				"south": {"uv": [9, 2, 11, 3], "texture": "#0"},
				"west": {"uv": [13, 6, 13.5, 7], "texture": "#0"},
				"up": {"uv": [13.5, 10, 11.5, 9.5], "texture": "#0"},
				"down": {"uv": [13.5, 10, 11.5, 10.5], "texture": "#0"}
			}
		},
		{
			"from": [-12.3, 7.5, 7.2],
			"to": [-8.5, 9.3, 8.3],
			"rotation": {"angle": -45, "axis": "z", "origin": [0.2, -5.1, 0]},
			"faces": {
				"north": {"uv": [9, 3, 11, 4], "texture": "#0"},
				"east": {"uv": [6.5, 13, 7, 14], "texture": "#0"},
				"south": {"uv": [0, 9.5, 2, 10.5], "texture": "#0"},
				"west": {"uv": [13, 7, 13.5, 8], "texture": "#0"},
				"up": {"uv": [13, 12, 11, 11.5], "texture": "#0"},
				"down": {"uv": [14, 0, 12, 0.5], "texture": "#0"}
			}
		},
		{
			"from": [7.6, 2, 7.2],
			"to": [11.1, 3.8, 8.3],
			"rotation": {"angle": 45, "axis": "z", "origin": [0.2, -3.4, 0]},
			"faces": {
				"north": {"uv": [7.5, 9.5, 9.5, 10.5], "texture": "#0"},
				"east": {"uv": [13, 8, 13.5, 9], "texture": "#0"},
				"south": {"uv": [9.5, 9.5, 11.5, 10.5], "texture": "#0"},
				"west": {"uv": [9, 13, 9.5, 14], "texture": "#0"},
				"up": {"uv": [14, 1, 12, 0.5], "texture": "#0"},
				"down": {"uv": [14, 1, 12, 1.5], "texture": "#0"}
			}
		},
		{
			"from": [0.3, 5.45, 7.1],
			"to": [1.6, 14, 8.4],
			"rotation": {"angle": 0, "axis": "y", "origin": [0.2, -3.4, 0]},
			"faces": {
				"north": {"uv": [2, 7, 2.5, 11.5], "texture": "#0"},
				"east": {"uv": [2.5, 7, 3, 11.5], "texture": "#0"},
				"south": {"uv": [3, 7, 3.5, 11.5], "texture": "#0"},
				"west": {"uv": [3.5, 7, 4, 11.5], "texture": "#0"},
				"up": {"uv": [14, 12, 13.5, 11.5], "texture": "#0"},
				"down": {"uv": [14, 12, 13.5, 12.5], "texture": "#0"}
			}
		},
		{
			"from": [0.7, 7.9, 7.2],
			"to": [4, 11.5, 8.3],
			"rotation": {"angle": 0, "axis": "y", "origin": [0.2, -3.4, 0]},
			"faces": {
				"north": {"uv": [6, 0, 7.5, 2], "texture": "#0"},
				"east": {"uv": [12, 1.5, 12.5, 3.5], "texture": "#0"},
				"south": {"uv": [6, 2, 7.5, 4], "texture": "#0"},
				"west": {"uv": [2, 12, 2.5, 14], "texture": "#0"},
				"up": {"uv": [13.5, 11.5, 12, 11], "texture": "#0"},
				"down": {"uv": [14, 1.5, 12.5, 2], "texture": "#0"}
			}
		},
		{
			"from": [0.8, 5.46, -6],
			"to": [1.8, 13.96, -5],
			"rotation": {"angle": -45, "axis": "y", "origin": [-15.2, -3.4, 0]},
			"faces": {
				"north": {"uv": [4, 7, 4.5, 11.5], "texture": "#0"},
				"east": {"uv": [4.5, 7, 5, 11.5], "texture": "#0"},
				"south": {"uv": [5, 7, 5.5, 11.5], "texture": "#0"},
				"west": {"uv": [5.5, 7, 6, 11.5], "texture": "#0"},
				"up": {"uv": [13, 14, 12.5, 13.5], "texture": "#0"},
				"down": {"uv": [13.5, 13.5, 13, 14], "texture": "#0"}
			}
		},
		{
			"from": [6, 5.4, 6.9],
			"to": [6.2, 12.9, 8.6],
			"rotation": {"angle": 0, "axis": "y", "origin": [0, -4.2, 0]},
			"faces": {
				"north": {"uv": [8, 10.5, 8.5, 14], "texture": "#0"},
				"east": {"uv": [5, 0, 6, 3.5], "texture": "#0"},
				"south": {"uv": [8.5, 10.5, 9, 14], "texture": "#0"},
				"west": {"uv": [5, 3.5, 6, 7], "texture": "#0"},
				"up": {"uv": [10, 14, 9.5, 13], "texture": "#0"},
				"down": {"uv": [10.5, 13, 10, 14], "texture": "#0"}
			}
		},
		{
			"from": [16.3, 1.9, 7.05],
			"to": [18, 3.6, 8.45],
			"rotation": {"angle": 45, "axis": "z", "origin": [0, -4.2, 0]},
			"faces": {
				"north": {"uv": [2.5, 12, 3.5, 13], "texture": "#0"},
				"east": {"uv": [10.5, 13, 11, 14], "texture": "#0"},
				"south": {"uv": [3.5, 12, 4.5, 13], "texture": "#0"},
				"west": {"uv": [13, 11.5, 13.5, 12.5], "texture": "#0"},
				"up": {"uv": [14, 9.5, 13, 9], "texture": "#0"},
				"down": {"uv": [13.5, 13, 12.5, 13.5], "texture": "#0"}
			}
		},
		{
			"from": [6.55, -12.7, 7.05],
			"to": [7.95, -5.1, 8.45],
			"faces": {
				"north": {"uv": [0, 10.5, 0.5, 14.5], "texture": "#0"},
				"east": {"uv": [0.5, 10.5, 1, 14.5], "texture": "#0"},
				"south": {"uv": [1, 10.5, 1.5, 14.5], "texture": "#0"},
				"west": {"uv": [1.5, 10.5, 2, 14.5], "texture": "#0"},
				"up": {"uv": [14, 13.5, 13.5, 13], "texture": "#0"},
				"down": {"uv": [14, 13.5, 13.5, 14], "texture": "#0"}
			}
		},
		{
			"from": [6.45, -5.8, 6.95],
			"to": [8.05, -5.1, 8.55],
			"faces": {
				"north": {"uv": [13, 12.5, 14, 13], "texture": "#0"},
				"east": {"uv": [13.5, 3, 14.5, 3.5], "texture": "#0"},
				"south": {"uv": [13.5, 4, 14.5, 4.5], "texture": "#0"},
				"west": {"uv": [13.5, 4.5, 14.5, 5], "texture": "#0"},
				"up": {"uv": [5.5, 13, 4.5, 12], "texture": "#0"},
				"down": {"uv": [13, 6, 12, 7], "texture": "#0"}
			}
		},
		{
			"from": [6.45, -13.4, 6.95],
			"to": [8.05, -12.7, 8.55],
			"faces": {
				"north": {"uv": [13.5, 5, 14.5, 5.5], "texture": "#0"},
				"east": {"uv": [13.5, 5.5, 14.5, 6], "texture": "#0"},
				"south": {"uv": [13.5, 6, 14.5, 6.5], "texture": "#0"},
				"west": {"uv": [13.5, 6.5, 14.5, 7], "texture": "#0"},
				"up": {"uv": [13, 8, 12, 7], "texture": "#0"},
				"down": {"uv": [10, 12, 9, 13], "texture": "#0"}
			}
		},
		{
			"from": [6.55, -13.5, 7.05],
			"to": [7.95, -12.7, 8.45],
			"faces": {
				"north": {"uv": [14, 0, 14.5, 0.5], "texture": "#0"},
				"east": {"uv": [14, 0.5, 14.5, 1], "texture": "#0"},
				"south": {"uv": [14, 1, 14.5, 1.5], "texture": "#0"},
				"west": {"uv": [14, 1.5, 14.5, 2], "texture": "#0"},
				"up": {"uv": [2.5, 14.5, 2, 14], "texture": "#0"},
				"down": {"uv": [14.5, 2, 14, 2.5], "texture": "#0"}
			}
		},
		{
			"from": [18.2, -3.5, 7.2],
			"to": [22, -1.7, 8.3],
			"rotation": {"angle": 45, "axis": "z", "origin": [-1.6, -5.1, 0]},
			"faces": {
				"north": {"uv": [10.5, 4, 12.5, 5], "texture": "#0"},
				"east": {"uv": [7, 13.5, 7.5, 14.5], "texture": "#0"},
				"south": {"uv": [10.5, 5, 12.5, 6], "texture": "#0"},
				"west": {"uv": [13.5, 7, 14, 8], "texture": "#0"},
				"up": {"uv": [14, 4, 12, 3.5], "texture": "#0"},
				"down": {"uv": [12, 12, 10, 12.5], "texture": "#0"}
			}
		},
		{
			"from": [12.7, 5.45, 7.1],
			"to": [14, 14, 8.4],
			"rotation": {"angle": 0, "axis": "z", "origin": [-1.6, -3.4, 0]},
			"faces": {
				"north": {"uv": [7.5, 0, 8, 4.5], "texture": "#0"},
				"east": {"uv": [7.5, 4.5, 8, 9], "texture": "#0"},
				"south": {"uv": [8, 0, 8.5, 4.5], "texture": "#0"},
				"west": {"uv": [8, 4.5, 8.5, 9], "texture": "#0"},
				"up": {"uv": [3, 14.5, 2.5, 14], "texture": "#0"},
				"down": {"uv": [14.5, 2.5, 14, 3], "texture": "#0"}
			}
		},
		{
			"from": [14.4, 5.46, -6],
			"to": [15.4, 13.96, -5],
			"rotation": {"angle": -45, "axis": "y", "origin": [-1.6, -3.4, 0]},
			"faces": {
				"north": {"uv": [6, 8, 6.5, 12.5], "texture": "#0"},
				"east": {"uv": [6.5, 8, 7, 12.5], "texture": "#0"},
				"south": {"uv": [7, 8, 7.5, 12.5], "texture": "#0"},
				"west": {"uv": [8.5, 0, 9, 4.5], "texture": "#0"},
				"up": {"uv": [3.5, 14.5, 3, 14], "texture": "#0"},
				"down": {"uv": [4, 14, 3.5, 14.5], "texture": "#0"}
			}
		},
		{
			"from": [10.3, 7.9, 7.2],
			"to": [13.6, 11.5, 8.3],
			"rotation": {"angle": 0, "axis": "z", "origin": [-1.6, -3.4, 0]},
			"faces": {
				"north": {"uv": [6, 4, 7.5, 6], "texture": "#0"},
				"east": {"uv": [5.5, 12, 6, 14], "texture": "#0"},
				"south": {"uv": [6, 6, 7.5, 8], "texture": "#0"},
				"west": {"uv": [12, 12, 12.5, 14], "texture": "#0"},
				"up": {"uv": [14, 2.5, 12.5, 2], "texture": "#0"},
				"down": {"uv": [14, 2.5, 12.5, 3], "texture": "#0"}
			}
		},
		{
			"from": [6.2, 5.7, 6.95],
			"to": [8.3, 12.6, 8.55],
			"rotation": {"angle": 0, "axis": "y", "origin": [0, -4.2, 0]},
			"faces": {
				"north": {"uv": [0, 0, 2, 7], "texture": "#1"},
				"east": {"uv": [4, 0, 5.5, 7], "texture": "#1"},
				"south": {"uv": [2, 0, 4, 7], "texture": "#1"},
				"west": {"uv": [6, 0, 7.5, 7], "texture": "#1"},
				"up": {"uv": [2, 8.5, 0, 7], "texture": "#1"},
				"down": {"uv": [4, 7, 2, 8.5], "texture": "#1"}
			}
		}
	],
	"display": {
		"thirdperson_righthand": {
			"rotation": [0, 90, 0],
			"translation": [0, 12.75, 0],
			"scale": [0.9, 0.9, 0.9]
		},
		"thirdperson_lefthand": {
			"rotation": [90, 0, 94.5],
			"translation": [-16.5, -1.5, -1.75],
			"scale": [0.9, 0.9, 0.9]
		},
		"firstperson_righthand": {
			"rotation": [0, 90, 0],
			"translation": [0, 12.5, 0]
		},
		"firstperson_lefthand": {
			"rotation": [0, 0, 94.5],
			"translation": [-14, 0, 1.5]
		},
		"ground": {
			"rotation": [90, 0, 0],
			"translation": [0, 0, 8],
			"scale": [0.95, 0.95, 0.95]
		},
		"gui": {
			"rotation": [0, 180, -45],
			"translation": [-2.5, 1.75, 0],
			"scale": [0.57, 0.57, 0.57]
		},
		"head": {
			"translation": [1, 5.25, 0]
		},
		"fixed": {
			"rotation": [180, 0, 0],
			"translation": [1.25, -13.25, -0.75],
			"scale": [1.5, 1.5, 1.5]
		}
	},
	"groups": [
		{
			"name": "group",
			"origin": [-0.9, 0.8, 0],
			"color": 0,
			"children": [0, 1, 2, 3, 4, 5, 6, 7, 8, 9, 10, 11, 12, 13, 14, 15, 16, 17, 18, 19, 20, 21, 22, 23, 24, 25]
		},
		26
	]
}