{
	"credit": "Made with Blockbench",
	"parent": "create:item/wand_of_symmetry/item",
	"ambientocclusion": false,
	"textures": {
		"0": "create:block/creative_fluid_tank",
		"particle": "create:block/creative_fluid_tank"
	},
	"elements": [
		{
			"name": "Square North",
			"from": [7.5, 24, 4],
			"to": [8.5, 25, 5],
			"shade": false,
			"rotation": {"angle": 45, "axis": "x", "origin": [9, 24, 5]},
			"faces": {
				"north": {"uv": [2, 2, 3, 3], "texture": "#0"},
				"east": {"uv": [6, 6, 7, 7], "texture": "#0"},
				"south": {"uv": [8, 6, 9, 7], "texture": "#0"},
				"west": {"uv": [11, 9, 12, 10], "texture": "#0"},
				"up": {"uv": [9, 5, 10, 6], "texture": "#0"},
				"down": {"uv": [5, 7, 6, 8], "texture": "#0"}
			}
		},
		{
			"name": "Square South",
			"from": [7.5, 24, 10],
			"to": [8.5, 25, 11],
			"shade": false,
			"rotation": {"angle": 45, "axis": "x", "origin": [13, 24, 11]},
			"faces": {
				"north": {"uv": [2, 2, 3, 3], "texture": "#0"},
				"east": {"uv": [2, 2, 3, 3], "texture": "#0"},
				"south": {"uv": [2, 2, 3, 3], "texture": "#0"},
				"west": {"uv": [2, 2, 3, 3], "texture": "#0"},
				"up": {"uv": [2, 2, 3, 3], "texture": "#0"},
				"down": {"uv": [2, 2, 3, 3], "texture": "#0"}
			}
		},
		{
			"name": "Square West",
			"from": [11.5, 25.5, 7.5],
			"to": [12.5, 26.5, 8.5],
			"shade": false,
			"rotation": {"angle": 45, "axis": "z", "origin": [13, 24, 11]},
			"faces": {
				"north": {"uv": [2, 2, 3, 3], "texture": "#0"},
				"east": {"uv": [2, 2, 3, 3], "texture": "#0"},
				"south": {"uv": [2, 2, 3, 3], "texture": "#0"},
				"west": {"uv": [2, 2, 3, 3], "texture": "#0"},
				"up": {"uv": [2, 2, 3, 3], "texture": "#0"},
				"down": {"uv": [2, 2, 3, 3], "texture": "#0"}
			}
		},
		{
			"name": "Square East",
			"from": [7.5, 29.5, 7.5],
			"to": [8.5, 30.5, 8.5],
			"shade": false,
			"rotation": {"angle": 45, "axis": "z", "origin": [13, 24, 11]},
			"faces": {
				"north": {"uv": [2, 2, 3, 3], "texture": "#0"},
				"east": {"uv": [2, 2, 3, 3], "texture": "#0"},
				"south": {"uv": [2, 2, 3, 3], "texture": "#0"},
				"west": {"uv": [2, 2, 3, 3], "texture": "#0"},
				"up": {"uv": [2, 2, 3, 3], "texture": "#0"},
				"down": {"uv": [2, 2, 3, 3], "texture": "#0"}
			}
		}
	]
}