{
	"credit": "Made with Blockbench",
	"parent": "create:item/wand_of_symmetry/item",
	"ambientocclusion": false,
	"textures": {
		"1": "create:block/creative_fluid_tank",
		"particle": "create:block/creative_fluid_tank"
	},
	"elements": [
		{
			"name": "Cube",
			"from": [6.5, 17.5, 6.5],
			"to": [9.5, 26.5, 9.5],
			"faces": {
				"north": {"uv": [10, 4, 13, 12], "texture": "#1"},
				"east": {"uv": [5, 4, 8, 12], "texture": "#1"},
				"south": {"uv": [7, 4, 10, 12], "texture": "#1"},
				"west": {"uv": [7, 4, 4, 12], "texture": "#1"},
				"up": {"uv": [7, 5, 10, 8], "texture": "#1"},
				"down": {"uv": [9, 4, 12, 7], "texture": "#1"}
			}
		}
	]
}