{
	"credit": "Made with Blockbench",
	"texture_size": [32, 32],
	"textures": {
		"0": "item/locuslance",
		"particle": "item/locuslance"
	},
	"elements": [
		{
			"from": [8, 4, 7],
			"to": [9, 13, 8],
			"rotation": {"angle": 0, "axis": "y", "origin": [-5, 9, 0]},
			"faces": {
				"north": {"uv": [3, 0, 3.5, 4.5], "texture": "#0"},
				"east": {"uv": [3.5, 0, 4, 4.5], "texture": "#0"},
				"south": {"uv": [0, 4, 0.5, 8.5], "texture": "#0"},
				"west": {"uv": [4, 0, 4.5, 4.5], "texture": "#0"},
				"up": {"uv": [3, 4.5, 2.5, 4], "texture": "#0"},
				"down": {"uv": [8.5, 5.5, 8, 6], "texture": "#0"}
			}
		},
		{
			"from": [8, 13, 6],
			"to": [9, 15, 9],
			"rotation": {"angle": 0, "axis": "y", "origin": [-5, 9, 0]},
			"faces": {
				"north": {"uv": [9, 4.5, 9.5, 5.5], "texture": "#0"},
				"east": {"uv": [4.5, 6, 6, 7], "texture": "#0"},
				"south": {"uv": [5, 9, 5.5, 10], "texture": "#0"},
				"west": {"uv": [6, 6, 7.5, 7], "texture": "#0"},
				"up": {"uv": [8.5, 2.5, 8, 1], "texture": "#0"},
				"down": {"uv": [2, 8, 1.5, 9.5], "texture": "#0"}
			}
		},
		{
			"from": [8, 2, 6],
			"to": [9, 4, 9],
			"rotation": {"angle": 0, "axis": "y", "origin": [-5, 9, 0]},
			"faces": {
				"north": {"uv": [5.5, 9, 6, 10], "texture": "#0"},
				"east": {"uv": [6.5, 0, 8, 1], "texture": "#0"},
				"south": {"uv": [9, 5.5, 9.5, 6.5], "texture": "#0"},
				"west": {"uv": [6.5, 1, 8, 2], "texture": "#0"},
				"up": {"uv": [2.5, 9.5, 2, 8], "texture": "#0"},
				"down": {"uv": [8.5, 2.5, 8, 4], "texture": "#0"}
			}
		},
		{
			"from": [8, 6.6, 7.5],
			"to": [9, 9.3, 8.4],
			"rotation": {"angle": 22.5, "axis": "x", "origin": [-5, 9, 0]},
			"faces": {
				"north": {"uv": [8, 4, 8.5, 5.5], "texture": "#0"},
				"east": {"uv": [7.5, 8, 8, 9.5], "texture": "#0"},
				"south": {"uv": [8, 8, 8.5, 9.5], "texture": "#0"},
				"west": {"uv": [0, 8.5, 0.5, 10], "texture": "#0"},
				"up": {"uv": [10, 4.5, 9.5, 4], "texture": "#0"},
				"down": {"uv": [10, 4.5, 9.5, 5], "texture": "#0"}
			}
		},
		{
			"from": [8, 0.9, 5.48],
			"to": [9, 3.6, 6.38],
			"rotation": {"angle": -22.5, "axis": "x", "origin": [-5, 9, 0]},
			"faces": {
				"north": {"uv": [8.5, 1, 9, 2.5], "texture": "#0"},
				"east": {"uv": [2.5, 8.5, 3, 10], "texture": "#0"},
				"south": {"uv": [8.5, 2.5, 9, 4], "texture": "#0"},
				"west": {"uv": [3, 8.5, 3.5, 10], "texture": "#0"},
				"up": {"uv": [10, 5.5, 9.5, 5], "texture": "#0"},
				"down": {"uv": [10, 5.5, 9.5, 6], "texture": "#0"}
			}
		},
		{
			"from": [8, 8.2, 4.8],
			"to": [9, 10.9, 5.7],
			"rotation": {"angle": -22.5, "axis": "x", "origin": [-5, 15, 0]},
			"faces": {
				"north": {"uv": [3.5, 8.5, 4, 10], "texture": "#0"},
				"east": {"uv": [4, 8.5, 4.5, 10], "texture": "#0"},
				"south": {"uv": [8.5, 4, 9, 5.5], "texture": "#0"},
				"west": {"uv": [8.5, 5.5, 9, 7], "texture": "#0"},
				"up": {"uv": [10, 6.5, 9.5, 6], "texture": "#0"},
				"down": {"uv": [10, 6.5, 9.5, 7], "texture": "#0"}
			}
		},
		{
			"from": [8, 13.9, 8.18],
			"to": [9, 16.6, 9.08],
			"rotation": {"angle": 22.5, "axis": "x", "origin": [-5, 15, 0]},
			"faces": {
				"north": {"uv": [8.5, 7, 9, 8.5], "texture": "#0"},
				"east": {"uv": [8.5, 8.5, 9, 10], "texture": "#0"},
				"south": {"uv": [9, 0, 9.5, 1.5], "texture": "#0"},
				"west": {"uv": [0.5, 9, 1, 10.5], "texture": "#0"},
				"up": {"uv": [10, 7.5, 9.5, 7], "texture": "#0"},
				"down": {"uv": [8, 9.5, 7.5, 10], "texture": "#0"}
			}
		},
		{
			"from": [8.1, 15, 6.3],
			"to": [8.9, 19, 8.7],
			"rotation": {"angle": 0, "axis": "y", "origin": [-5, 1, 4]},
			"faces": {
				"north": {"uv": [6.5, 2, 7, 4], "texture": "#0"},
				"east": {"uv": [0, 0, 1.5, 2], "texture": "#0"},
				"south": {"uv": [2.5, 6.5, 3, 8.5], "texture": "#0"},
				"west": {"uv": [1.5, 0, 3, 2], "texture": "#0"},
				"up": {"uv": [1.5, 10.5, 1, 9], "texture": "#0"},
				"down": {"uv": [9.5, 1.5, 9, 3], "texture": "#0"}
			}
		},
		{
			"from": [8.1, -2, 6.3],
			"to": [8.9, 2, 8.7],
			"rotation": {"angle": 0, "axis": "y", "origin": [-5, 1, 4]},
			"faces": {
				"north": {"uv": [3, 6.5, 3.5, 8.5], "texture": "#0"},
				"east": {"uv": [0, 2, 1.5, 4], "texture": "#0"},
				"south": {"uv": [3.5, 6.5, 4, 8.5], "texture": "#0"},
				"west": {"uv": [1.5, 2, 3, 4], "texture": "#0"},
				"up": {"uv": [9.5, 4.5, 9, 3], "texture": "#0"},
				"down": {"uv": [5, 9, 4.5, 10.5], "texture": "#0"}
			}
		},
		{
			"from": [8.2, 19, 6.5],
			"to": [8.8, 23, 8.5],
			"rotation": {"angle": 0, "axis": "y", "origin": [-5, 1, 4]},
			"faces": {
				"north": {"uv": [4, 6.5, 4.5, 8.5], "texture": "#0"},
				"east": {"uv": [0.5, 4, 1.5, 6], "texture": "#0"},
				"south": {"uv": [6.5, 4, 7, 6], "texture": "#0"},
				"west": {"uv": [1.5, 4, 2.5, 6], "texture": "#0"},
				"up": {"uv": [6.5, 10, 6, 9], "texture": "#0"},
				"down": {"uv": [7, 9, 6.5, 10], "texture": "#0"}
			}
		},
		{
			"from": [8.2, -6, 6.5],
			"to": [8.8, -2, 8.5],
			"rotation": {"angle": 0, "axis": "y", "origin": [-5, 1, 4]},
			"faces": {
				"north": {"uv": [7, 2, 7.5, 4], "texture": "#0"},
				"east": {"uv": [4.5, 0, 5.5, 2], "texture": "#0"},
				"south": {"uv": [7, 4, 7.5, 6], "texture": "#0"},
				"west": {"uv": [4.5, 2, 5.5, 4], "texture": "#0"},
				"up": {"uv": [9.5, 7.5, 9, 6.5], "texture": "#0"},
				"down": {"uv": [7.5, 9, 7, 10], "texture": "#0"}
			}
		},
		{
			"from": [8.3, -10, 6.7],
			"to": [8.7, -6, 8.3],
			"rotation": {"angle": 0, "axis": "y", "origin": [-5, 1, 4]},
			"faces": {
				"north": {"uv": [4.5, 7, 5, 9], "texture": "#0"},
				"east": {"uv": [2.5, 4.5, 3.5, 6.5], "texture": "#0"},
				"south": {"uv": [5, 7, 5.5, 9], "texture": "#0"},
				"west": {"uv": [3.5, 4.5, 4.5, 6.5], "texture": "#0"},
				"up": {"uv": [9.5, 8.5, 9, 7.5], "texture": "#0"},
				"down": {"uv": [9.5, 8.5, 9, 9.5], "texture": "#0"}
			}
		},
		{
			"from": [8.3, 22, 6.7],
			"to": [8.7, 26, 8.3],
			"rotation": {"angle": 0, "axis": "y", "origin": [-5, 1, 4]},
			"faces": {
				"north": {"uv": [5.5, 7, 6, 9], "texture": "#0"},
				"east": {"uv": [4.5, 4, 5.5, 6], "texture": "#0"},
				"south": {"uv": [6, 7, 6.5, 9], "texture": "#0"},
				"west": {"uv": [5.5, 0, 6.5, 2], "texture": "#0"},
				"up": {"uv": [10, 1, 9.5, 0], "texture": "#0"},
				"down": {"uv": [10, 1, 9.5, 2], "texture": "#0"}
			}
		},
		{
			"from": [8.4, 26, 6.8],
			"to": [8.6, 30, 8.2],
			"rotation": {"angle": 0, "axis": "y", "origin": [-5, 1, 4]},
			"faces": {
				"north": {"uv": [6.5, 7, 7, 9], "texture": "#0"},
				"east": {"uv": [5.5, 2, 6.5, 4], "texture": "#0"},
				"south": {"uv": [7, 7, 7.5, 9], "texture": "#0"},
				"west": {"uv": [5.5, 4, 6.5, 6], "texture": "#0"},
				"up": {"uv": [2, 10.5, 1.5, 9.5], "texture": "#0"},
				"down": {"uv": [2.5, 9.5, 2, 10.5], "texture": "#0"}
			}
		},
		{
			"from": [8.4, -14, 6.8],
			"to": [8.6, -10, 8.2],
			"rotation": {"angle": 0, "axis": "y", "origin": [-5, 1, 4]},
			"faces": {
				"north": {"uv": [7.5, 2, 8, 4], "texture": "#0"},
				"east": {"uv": [0.5, 6, 1.5, 8], "texture": "#0"},
				"south": {"uv": [7.5, 4, 8, 6], "texture": "#0"},
				"west": {"uv": [1.5, 6, 2.5, 8], "texture": "#0"},
				"up": {"uv": [10, 3, 9.5, 2], "texture": "#0"},
				"down": {"uv": [10, 3, 9.5, 4], "texture": "#0"}
			}
		},
		{
			"from": [8.5, 30, 7],
			"to": [8.5, 32, 8],
			"faces": {
				"north": {"uv": [0, 0, 0, 1], "texture": "#0"},
				"east": {"uv": [7.5, 6, 8.5, 7], "texture": "#0"},
				"south": {"uv": [0, 0, 0, 1], "texture": "#0"},
				"west": {"uv": [7.5, 7, 8.5, 8], "texture": "#0"},
				"up": {"uv": [0, 1, 0, 0], "texture": "#0"},
				"down": {"uv": [0, 0, 0, 1], "texture": "#0"}
			}
		},
		{
			"from": [8.5, -16, 7],
			"to": [8.5, -14, 8],
			"faces": {
				"north": {"uv": [0, 0, 0, 1], "texture": "#0"},
				"east": {"uv": [8, 0, 9, 1], "texture": "#0"},
				"south": {"uv": [0, 0, 0, 1], "texture": "#0"},
				"west": {"uv": [0.5, 8, 1.5, 9], "texture": "#0"},
				"up": {"uv": [0, 1, 0, 0], "texture": "#0"},
				"down": {"uv": [0, 0, 0, 1], "texture": "#0"}
			}
		}
	],
	"display": {
		"thirdperson_righthand": {
			"translation": [0, -2.75, 0.75],
			"scale": [1, 1.4, 1]
		},
		"thirdperson_lefthand": {
			"translation": [0, -2.75, 0.75],
			"scale": [1, 1.4, 1]
		},
		"firstperson_righthand": {
			"rotation": [-15, 3, 11],
			"translation": [1, -2.5, 3],
			"scale": [1, 1.4, 1]
		},
		"firstperson_lefthand": {
			"rotation": [-15, 3, 11],
			"translation": [1, -2.5, 3],
			"scale": [1, 1.4, 1]
		},
		"ground": {
			"rotation": [90, 90, 0],
			"scale": [1, 1.4, 1]
		},
		"gui": {
			"rotation": [90, 135, 90],
			"scale": [0.33, 0.43, 0.33]
		},
		"head": {
			"rotation": [100, 2, -74],
			"translation": [6.25, -25.75, -4.5],
			"scale": [1.5, 1.9, 1.5]
		},
		"fixed": {
			"rotation": [0, 90, 0],
			"scale": [1.5, 1.9, 1.5]
		}
	},
	"groups": [
		{
			"name": "group",
			"origin": [0, 0, 0],
			"color": 0,
			"nbt": "{}",
			"armAnimationEnabled": false,
			"children": [0, 1, 2, 3, 4, 5, 6, 7, 8, 9, 10, 11, 12, 13, 14, 15, 16]
		}
	]
}