{
	"name": "hair_3",
	"menu": "_Hair",
	"author": "Anfauglir/Valaron/Jakob",
	"body_part": "head",
	"hidden_parts": [],
	"texture": "moreplayermodels:textures/hair/hair_3.png",
	"can_use_player_skin": false,
	"preview_rotation": 225,
	
	"render_type": "bedrock",
	"render_data": {
		"format_version": "1.12.0",
		"minecraft:geometry": [
			{
				"description": {
					"identifier": "geometry.unknown",
					"texture_width": 32,
					"texture_height": 32,
					"visible_bounds_width": 3,
					"visible_bounds_height": 2.5,
					"visible_bounds_offset": [0, 0.75, 0]
				},
				"bones": [
					{
						"name": "hair_3",
						"pivot": [0, 0, 0],
						"cubes": [
							{"origin": [-4, -5, -6], "size": [0, 13, 3], "pivot": [-4, 1.5, -4], "rotation": [0, 45, 0], "uv": [0, 13]},
							{"origin": [4, -5, -6], "size": [0, 13, 3], "pivot": [4, 1.5, -4], "rotation": [0, -45, 0], "uv": [12, 0]},
							{"origin": [4, -5, 3], "size": [0, 13, 3], "pivot": [4, 1.5, 4], "rotation": [0, 45, 0], "uv": [0, 0]},
							{"origin": [-4, -5, 3], "size": [0, 13, 3], "pivot": [-4, 1.5, 4], "rotation": [0, -45, 0], "uv": [6, 0]}
						]
					}
				]
			}
		]
	}
}