{
	"name": "hair_9",
	"menu": "_Hair",
	"author": "Anfauglir/Valaron/Jakob",
	"body_part": "head",
	"hidden_parts": [],
	"texture": "moreplayermodels:textures/hair/hair_9.png",
	"can_use_player_skin": false,
	"preview_rotation": 225,
	
	"render_type": "bedrock",
	"render_data": {
		"format_version": "1.12.0",
		"minecraft:geometry": [
			{
				"description": {
					"identifier": "geometry.unknown",
					"texture_width": 32,
					"texture_height": 32,
					"visible_bounds_width": 2,
					"visible_bounds_height": 2.5,
					"visible_bounds_offset": [0, 0.75, 0]
				},
				"bones": [
					{
						"name": "hair_9",
						"pivot": [0, 0, 0],
						"cubes": [
							{"origin": [-2, 3, 3], "size": [4, 4, 4], "uv": [0, 12]},
							{"origin": [-2, 3, 3], "size": [4, 4, 4], "inflate": 0.2, "uv": [0, 4]},
							{"origin": [-5.5, 4.5, 4], "size": [11, 1, 1], "pivot": [0, 5, 4.5], "rotation": [0, 0, -45], "uv": [0, 2]},
							{"origin": [-5.5, 4.5, 4], "size": [11, 1, 1], "pivot": [0, 5, 4.5], "rotation": [0, 0, 45], "uv": [0, 0]}
						]
					}
				]
			}
		]
	}
}