{
	"name": "hair_2",
	"menu": "_Hair",
	"author": "Anfauglir/Valaron/Jakob",
	"body_part": "head",
	"hidden_parts": [],
	"texture": "moreplayermodels:textures/hair/hair_2.png",
	"can_use_player_skin": false,
	"preview_rotation": 225,
	
	"render_type": "bedrock",
	"render_data": {
		"format_version": "1.12.0",
		"minecraft:geometry": [
			{
				"description": {
					"identifier": "geometry.unknown",
					"texture_width": 32,
					"texture_height": 32,
					"visible_bounds_width": 3,
					"visible_bounds_height": 2.5,
					"visible_bounds_offset": [0, 0.75, 0]
				},
				"bones": [
					{
						"name": "hair_2",
						"pivot": [0, 0, 0],
						"cubes": [
							{"origin": [-2, 6.25, 1.55], "size": [4, 4, 2], "pivot": [0, 8.5, 5], "rotation": [35, 0, 0], "uv": [16, 7]},
							{"origin": [-2.5, 5.75, 3.55], "size": [5, 5, 4], "pivot": [0, 8.5, 5], "rotation": [35, 0, 0], "uv": [0, 9]},
							{"origin": [-2.5, 5.75, 3.55], "size": [5, 5, 4], "inflate": 0.2, "pivot": [0, 8.5, 5], "rotation": [35, 0, 0], "uv": [0, 0]},
							{"origin": [0, -1.5, 3], "size": [0, 9, 5], "uv": [0, 13]}
						]
					}
				]
			}
		]
	}
}