{
	"name": "hair_6",
	"menu": "_Hair",
	"author": "Anfauglir/Valaron/Jakob",
	"body_part": "head",
	"hidden_parts": [],
	"texture": "moreplayermodels:textures/hair/hair_6.png",
	"can_use_player_skin": false,
	"preview_rotation": 225,
	
	"render_type": "bedrock",
	"render_data": {
		"format_version": "1.12.0",
		"minecraft:geometry": [
			{
				"description": {
					"identifier": "geometry.unknown",
					"texture_width": 32,
					"texture_height": 32,
					"visible_bounds_width": 2,
					"visible_bounds_height": 1.5,
					"visible_bounds_offset": [0, 0.25, 0]
				},
				"bones": [
					{
						"name": "hair_6",
						"pivot": [0, 0, 0],
						"cubes": [
							{"origin": [4, -4, -4], "size": [0, 4, 8], "uv": [0, 12]},
							{"origin": [-4, -4, 4], "size": [8, 4, 0], "uv": [16, 4]},
							{"origin": [-4, -4, -4], "size": [8, 4, 0], "uv": [16, 0]},
							{"origin": [-4, -4, -4], "size": [0, 4, 8], "uv": [0, 8]},
							{"origin": [-4.25, -4.5, -4.25], "size": [8.5, 4.25, 0], "uv": [0, 0]},
							{"origin": [4.25, -4.5, -4.25], "size": [0, 4.25, 8.5], "uv": [0, 0]},
							{"origin": [-4.25, -4.5, 4.25], "size": [8.5, 4.25, 0], "uv": [0, 4]},
							{"origin": [-4.25, -4.5, -4.25], "size": [0, 4.25, 8.5], "uv": [0, 4]}
						]
					}
				]
			}
		]
	}
}