{
	"credit": "Made with Blockbench",
	"texture_size": [32, 32],
	"textures": {
		"2": "epicfight:item/iron_spear",
		"particle": "epicfight:item/iron_spear"
	},
	"elements": [
		{
			"from": [15.25, 24.75, 6.5],
			"to": [18.5, 28, 9.5],
			"rotation": {"angle": 45, "axis": "z", "origin": [8, 17.5, 8]},
			"faces": {
				"north": {"uv": [8, 8, 9.5, 9.5], "texture": "#2"},
				"east": {"uv": [7.5, 9.5, 8.5, 11], "texture": "#2"},
				"south": {"uv": [6, 9, 7.5, 10.5], "texture": "#2"},
				"west": {"uv": [9.5, 8, 10.5, 9.5], "texture": "#2"},
				"up": {"uv": [10, 10.5, 8.5, 9.5], "texture": "#2"},
				"down": {"uv": [1.5, 12, 0, 13], "texture": "#2"}
			}
		},
		{
			"from": [7, 0, 7],
			"to": [9, 30, 9],
			"rotation": {"angle": 0, "axis": "y", "origin": [0, -13, 0]},
			"faces": {
				"north": {"uv": [6, 0, 7, 9], "texture": "#2"},
				"east": {"uv": [14, 0, 15, 9], "texture": "#2"},
				"south": {"uv": [7, 0, 8, 9], "texture": "#2"},
				"west": {"uv": [15, 0, 16, 9], "texture": "#2"},
				"up": {"uv": [11, 2, 10, 1], "texture": "#2"},
				"down": {"uv": [2.5, 12, 1.5, 13], "texture": "#2"}
			}
		},
		{
			"from": [4.5, -2, 6.75],
			"to": [11.5, 0, 9.25],
			"rotation": {"angle": 0, "axis": "y", "origin": [0.5, -13, 0]},
			"faces": {
				"north": {"uv": [8, 4, 11.5, 5], "texture": "#2"},
				"east": {"uv": [10, 2, 11, 3], "texture": "#2"},
				"south": {"uv": [8, 5, 11.5, 6], "texture": "#2"},
				"west": {"uv": [2.5, 12, 3.5, 13], "texture": "#2"},
				"up": {"uv": [11.5, 7, 8, 6], "texture": "#2"},
				"down": {"uv": [11.5, 7, 8, 8], "texture": "#2"}
			}
		},
		{
			"from": [7.249, -5.001, 6.499],
			"to": [8.751, 1.001, 9.501],
			"rotation": {"angle": 0, "axis": "y", "origin": [0, -18.5, 0]},
			"faces": {
				"north": {"uv": [6.5, 13, 7.5, 16], "texture": "#2"},
				"east": {"uv": [7.5, 13, 8.75, 16], "texture": "#2"},
				"south": {"uv": [5.5, 13, 6.5, 16], "texture": "#2"},
				"west": {"uv": [7.5, 13, 8.75, 16], "texture": "#2"},
				"up": {"uv": [9, 14.75, 10, 16], "texture": "#2"},
				"down": {"uv": [9, 14.75, 10, 16], "texture": "#2"}
			}
		},
		{
			"from": [7.92, -5.42, 6.5],
			"to": [8.97, -4.37, 9.5],
			"rotation": {"angle": -45, "axis": "z", "origin": [8.1, -4.4, 8]},
			"faces": {
				"north": {"uv": [6, 15, 6.5, 15.5], "rotation": 90, "texture": "#2"},
				"east": {"uv": [6, 15, 6.5, 15.5], "rotation": 270, "texture": "#2"},
				"south": {"uv": [6, 15, 6.5, 15.5], "rotation": 270, "texture": "#2"},
				"west": {"uv": [6, 15, 6.5, 15.5], "rotation": 270, "texture": "#2"},
				"up": {"uv": [6.5, 13, 7.5, 14], "rotation": 270, "texture": "#2"},
				"down": {"uv": [6, 15, 6.5, 15.5], "rotation": 270, "texture": "#2"}
			}
		},
		{
			"from": [6, -14, 7.25],
			"to": [10, -2, 8.75],
			"rotation": {"angle": 0, "axis": "y", "origin": [0, -10, 0]},
			"faces": {
				"north": {"uv": [3, 0, 5.5, 10], "texture": "#2"},
				"east": {"uv": [2.5, 0, 3, 10], "texture": "#2"},
				"south": {"uv": [0, 0, 2.5, 10], "texture": "#2"},
				"west": {"uv": [5.5, 0, 6, 10], "texture": "#2"},
				"up": {"uv": [12.5, 0.5, 10, 0], "texture": "#2"},
				"down": {"uv": [12.5, 0.5, 10, 1], "texture": "#2"}
			}
		},
		{
			"from": [6.599, -15.451, 7.249],
			"to": [9.441, -12.609, 8.751],
			"rotation": {"angle": -45, "axis": "z", "origin": [8, -14, 8]},
			"faces": {
				"north": {"uv": [3, 10, 5, 12], "rotation": 90, "texture": "#2"},
				"east": {"uv": [2, 11.5, 0, 12], "rotation": 270, "texture": "#2"},
				"south": {"uv": [0, 10, 2, 12], "rotation": 270, "texture": "#2"},
				"west": {"uv": [12, 3.5, 10, 3], "rotation": 270, "texture": "#2"},
				"up": {"uv": [3.5, 10, 4, 12], "rotation": 270, "texture": "#2"},
				"down": {"uv": [5.5, 10, 6, 12], "rotation": 270, "texture": "#2"}
			}
		}
	],
	"gui_light": "front",
	"display": {
		"thirdperson_righthand": {
			"rotation": [180, 90, 0],
			"translation": [0, 1.75, 0.75],
			"scale": [0.95, 0.95, 0.6]
		},
		"thirdperson_lefthand": {
			"rotation": [180, -90, 0],
			"translation": [0, 7.75, 0.5],
			"scale": [0.6, 0.6, 0.6]
		},
		"firstperson_righthand": {
			"rotation": [-160, 90, 0],
			"translation": [2, 2.75, -0.5],
			"scale": [0.6, 0.6, 0.6]
		},
		"firstperson_lefthand": {
			"rotation": [-160, -90, 0],
			"translation": [2, 2.75, -0.5],
			"scale": [0.6, 0.6, 0.6]
		},
		"ground": {
			"rotation": [0, 0, 135],
			"translation": [2.5, 8.5, 0],
			"scale": [0.75, 0.71, 0.5]
		},
		"gui": {
			"rotation": [0, 0, 135],
			"translation": [0, 0.25, -0.75],
			"scale": [0.5, 0.5, 0.6]
		},
		"head": {
			"translation": [0.25, 8.5, 0.75],
			"scale": [0.6, 0.6, 0.6]
		},
		"fixed": {
			"rotation": [0, 0, -135],
			"translation": [-0.25, 0, -0.75],
			"scale": [0.6, 0.6, 0.6]
		}
	},
	"groups": [
		{
			"name": "sword",
			"origin": [8, 8, 8],
			"color": 0,
			"children": [
				{
					"name": "pommel",
					"origin": [8, 8, 8],
					"color": 0,
					"children": [0]
				},
				{
					"name": "grip",
					"origin": [8, 8, 8],
					"color": 0,
					"children": [1]
				},
				{
					"name": "guard",
					"origin": [8, 8, 8],
					"color": 0,
					"children": [
						{
							"name": "cross-guard",
							"origin": [8, 8, 8],
							"color": 0,
							"children": [2, 3, 4]
						}
					]
				},
				{
					"name": "blade",
					"origin": [8, 8, 8],
					"color": 0,
					"children": [5, 6]
				}
			]
		}
	]
}