{
	"credit": "Made with Blockbench, a free, modern block model editor by JannisX11",
	"textures": {
		"0": "books/pages",
		"2": "books/brown_trim2",
		"particle": "books/blue_book_gold"
	},
	"elements": [
		{
			"name": "Cover 1",
			"from": [6.5, 0.25, 0],
			"to": [6.75, 9.75, 6.5],
			"faces": {
				"north": {
					"uv": [6, 0.5, 6.25, 10],
					"texture": "#particle"
				},
				"east": {
					"uv": [9.5, 0.5, 16, 10],
					"texture": "#particle"
				},
				"south": {
					"uv": [9.5, 0.5, 9.75, 10],
					"texture": "#particle"
				},
				"west": {
					"uv": [0, 0.5, 6.5, 10],
					"texture": "#particle"
				},
				"up": {
					"uv": [5, 0, 11.5, 0.5],
					"texture": "#particle",
					"rotation": 90
				},
				"down": {
					"uv": [6, 0, 12.5, 0.5],
					"texture": "#particle",
					"rotation": 90
				}
			},
			"type": "cube"
		},
		{
			"name": "Cover 2",
			"from": [7.85, 0.25, 0],
			"to": [8.1, 9.75, 6.5],
			"faces": {
				"north": {
					"uv": [9.5, 0.5, 9.75, 10],
					"texture": "#particle"
				},
				"east": {
					"uv": [9.5, 0.5, 16, 10],
					"texture": "#particle"
				},
				"south": {
					"uv": [6, 0.5, 6.25, 10],
					"texture": "#particle"
				},
				"west": {
					"uv": [0, 0.5, 6.5, 10],
					"texture": "#particle"
				},
				"up": {
					"uv": [0.5, 0, 7, 0.5],
					"texture": "#particle",
					"rotation": 90
				},
				"down": {
					"uv": [6, 0, 12.5, 0.5],
					"texture": "#particle",
					"rotation": 90
				}
			},
			"type": "cube"
		},
		{
			"name": "Pages",
			"from": [6.75, 0.5, 0.25],
			"to": [7.85, 9.5, 6.5],
			"faces": {
				"north": {
					"uv": [5.5, 0, 10.5, 16],
					"texture": "#0"
				},
				"east": {"uv": [0, 0, 6.25, 8.5], "texture": "#0"},
				"south": {"uv": [0, 0, 5, 16], "texture": "#0"},
				"west": {"uv": [0, 0, 6.25, 8.5], "texture": "#0"},
				"up": {"uv": [5.5, 0, 9, 15.75], "texture": "#0"},
				"down": {"uv": [0, 0, 3.5, 15.25], "texture": "#0"}
			},
			"type": "cube"
		},
		{
			"name": "Binding",
			"from": [6.75, 0.25, 6.5],
			"to": [7.85, 9.75, 6.75],
			"faces": {
				"north": {
					"uv": [0, 0, 2, 9],
					"texture": "#particle"
				},
				"east": {
					"uv": [6, 0.5, 6.5, 10],
					"texture": "#particle"
				},
				"south": {
					"uv": [7, 0.5, 8, 10],
					"texture": "#particle"
				},
				"west": {
					"uv": [6, 0.5, 6.25, 10],
					"texture": "#particle"
				},
				"up": {
					"uv": [0, 0, 1, 0.5],
					"texture": "#particle"
				},
				"down": {
					"uv": [0, 0, 2, 0.5],
					"texture": "#particle"
				}
			},
			"type": "cube"
		},
		{
			"name": "Pages",
			"from": [8.5, 0.25, 0.25],
			"to": [11, 8.75, 6.25],
			"faces": {
				"north": {"uv": [4, 0, 11, 16], "texture": "#0"},
				"east": {"uv": [0, 0, 6.25, 8.5], "texture": "#0"},
				"south": {"uv": [0, 0, 5, 16], "texture": "#0"},
				"west": {"uv": [0, 0, 6.25, 8.5], "texture": "#0"},
				"up": {"uv": [6.5, 0, 10, 15.75], "texture": "#0"},
				"down": {"uv": [0, 0, 4, 15.75], "texture": "#0"}
			},
			"type": "cube"
		},
		{
			"name": "Pages",
			"from": [11, 0, 0],
			"to": [11.25, 9, 6.25],
			"faces": {
				"north": {
					"uv": [7, 5, 7.5, 14],
					"texture": "#2",
					"rotation": 180
				},
				"east": {
					"uv": [9.5, 5, 15.75, 14],
					"texture": "#2",
					"rotation": 180
				},
				"south": {
					"uv": [7, 5, 7.25, 14],
					"texture": "#2",
					"rotation": 180
				},
				"west": {
					"uv": [1, 5, 7.25, 14],
					"texture": "#2",
					"rotation": 180
				},
				"up": {
					"uv": [3.5, 5, 9.75, 5.5],
					"texture": "#2",
					"rotation": 90
				},
				"down": {
					"uv": [2.5, 6.5, 2.75, 12.75],
					"texture": "#2"
				}
			},
			"type": "cube"
		},
		{
			"name": "Pages",
			"from": [8.25, 0, 0],
			"to": [8.5, 9, 6.25],
			"faces": {
				"north": {
					"uv": [9.5, 5, 10, 14],
					"texture": "#2",
					"rotation": 180
				},
				"east": {
					"uv": [1, 5, 7.25, 14],
					"texture": "#2",
					"rotation": 180
				},
				"south": {
					"uv": [7, 5, 7.25, 14],
					"texture": "#2",
					"rotation": 180
				},
				"west": {"uv": [0, 5, 6.25, 14], "texture": "#2"},
				"up": {
					"uv": [2.5, 13.5, 8.75, 14],
					"texture": "#2",
					"rotation": 90
				},
				"down": {"uv": [0, 6, 0.25, 12.25], "texture": "#2"}
			},
			"type": "cube"
		},
		{
			"name": "Pages",
			"from": [8.5, 0, 6.25],
			"to": [11, 9, 6.5],
			"faces": {
				"north": {"uv": [3.5, 5, 6, 14], "texture": "#2"},
				"east": {
					"uv": [9.5, 5, 9.75, 14],
					"texture": "#2",
					"rotation": 180
				},
				"south": {
					"uv": [7, 5, 9.5, 14],
					"texture": "#2",
					"rotation": 180
				},
				"west": {
					"uv": [9, 5, 9.25, 14],
					"texture": "#2",
					"rotation": 180
				},
				"up": {"uv": [6, 5, 8.5, 5.25], "texture": "#2"},
				"down": {"uv": [6, 5, 8.5, 5.25], "texture": "#2"}
			},
			"type": "cube"
		}
	],
	"display": {
		"thirdperson_righthand": {
			"rotation": [0, 0, 0],
			"translation": [0, 0, 0],
			"scale": [1, 1, 1]
		},
		"thirdperson_lefthand": {
			"rotation": [0, 0, 90],
			"translation": [-11.5, -1, -2],
			"scale": [1.7, 1.7, 1.7]
		},
		"firstperson_lefthand": {
			"rotation": [0, 0, 0],
			"translation": [0, 0, 0],
			"scale": [1, 1, 1]
		},
		"gui": {
			"rotation": [30, 35, 0],
			"translation": [0, 0, 0],
			"scale": [1, 1, 1]
		},
		"head": {
			"rotation": [0, 0, 0],
			"translation": [0, -15.5, -0.5],
			"scale": [2.25, 2.25, 2.25]
		},
		"fixed": {
			"rotation": [0, 0, 0],
			"translation": [0, 1, 0],
			"scale": [0.5, 0.5, 0.5]
		}
	}
}