{
	"credit": "Made with Blockbench, a free, modern block model editor by JannisX11",
	"textures": {
		"0": "books/pages",
		"1": "books/purple_book",
		"2": "books/leather2"
	},
	"elements": [
		{
			"name": "Cover 1",
			"from": [6.499999999999999, 0, 0],
			"to": [6.749999999999999, 7.75, 6.5],
			"faces": {
				"north": {
					"uv": [0, 0, 0.25, 9.75],
					"texture": "#1"
				},
				"east": {"uv": [0, 0, 6.5, 7.75], "texture": "#1"},
				"south": {
					"uv": [6.5, 0, 6.75, 7.75],
					"texture": "#1"
				},
				"west": {"uv": [0, 0, 6.5, 7.75], "texture": "#1"},
				"up": {"uv": [0, 0, 0.25, 6.5], "texture": "#1"},
				"down": {"uv": [0, 0, 0.25, 6.5], "texture": "#1"}
			},
			"type": "cube"
		},
		{
			"name": "Cover 2",
			"from": [7.85, 0, 0],
			"to": [8.1, 7.75, 6.5],
			"faces": {
				"north": {
					"uv": [0, 0, 0.25, 9.75],
					"texture": "#1"
				},
				"east": {"uv": [8.5, 0, 15, 7.75], "texture": "#1"},
				"south": {
					"uv": [8, 0, 8.25, 7.75],
					"texture": "#1"
				},
				"west": {"uv": [0, 0, 6.5, 7.75], "texture": "#1"},
				"up": {"uv": [0, 0, 0.25, 6.5], "texture": "#1"},
				"down": {"uv": [0, 0, 0.25, 6.5], "texture": "#1"}
			},
			"type": "cube"
		},
		{
			"name": "Pages",
			"from": [6.75, 0.25, 0.25],
			"to": [7.85, 7.5, 6.5],
			"faces": {
				"north": {"uv": [0, 0, 2, 8.5], "texture": "#0"},
				"east": {"uv": [0, 0, 6.25, 8.5], "texture": "#0"},
				"south": {"uv": [0, 0, 5, 16], "texture": "#0"},
				"west": {"uv": [0, 0, 6.25, 8.5], "texture": "#0"},
				"up": {"uv": [0, 0, 2, 6.25], "texture": "#0"},
				"down": {"uv": [0, 0, 2.5, 8.75], "texture": "#0"}
			},
			"type": "cube"
		},
		{
			"name": "Binding",
			"from": [6.75, 0, 6.5],
			"to": [7.85, 7.75, 6.75],
			"faces": {
				"north": {"uv": [0, 0, 2, 9], "texture": "#1"},
				"east": {"uv": [0, 0, 0.25, 9.75], "texture": "#1"},
				"south": {"uv": [7, 0, 8, 7.75], "texture": "#1"},
				"west": {"uv": [0, 0, 0.25, 9.75], "texture": "#1"},
				"up": {"uv": [0, 0, 1, 0.25], "texture": "#1"},
				"down": {"uv": [0, 0, 1, 0.25], "texture": "#1"}
			},
			"type": "cube"
		},
		{
			"name": "Pages",
			"from": [8.75, 0.25, 0.25],
			"to": [10.75, 8.75, 6.25],
			"faces": {
				"north": {"uv": [0, 0, 2, 8.5], "texture": "#0"},
				"east": {"uv": [0, 0, 6.25, 8.5], "texture": "#0"},
				"south": {"uv": [0, 0, 5, 16], "texture": "#0"},
				"west": {"uv": [0, 0, 6.25, 8.5], "texture": "#0"},
				"up": {"uv": [0, 0, 2, 6.25], "texture": "#0"},
				"down": {"uv": [0, 0, 2, 6.25], "texture": "#0"}
			},
			"type": "cube"
		},
		{
			"name": "Pages",
			"from": [10.75, 0, 0],
			"to": [11.25, 9, 6.25],
			"faces": {
				"north": {"uv": [0, 0, 0.5, 9], "texture": "#2"},
				"east": {"uv": [3, 0, 9.75, 9], "texture": "#2"},
				"south": {"uv": [2.5, 0, 3, 9], "texture": "#2"},
				"west": {"uv": [0, 0, 6.75, 9], "texture": "#2"},
				"up": {"uv": [0, 0, 0.5, 6.75], "texture": "#2"},
				"down": {"uv": [0, 0, 0.5, 6.75], "texture": "#2"}
			},
			"type": "cube"
		},
		{
			"name": "Pages",
			"from": [8.25, 0, 0],
			"to": [8.75, 9, 6.25],
			"faces": {
				"north": {"uv": [0, 0, 0.5, 9], "texture": "#2"},
				"east": {"uv": [0, 0, 6.75, 9], "texture": "#2"},
				"south": {"uv": [3, 0, 3.5, 9], "texture": "#2"},
				"west": {"uv": [0, 0, 6.75, 9], "texture": "#2"},
				"up": {"uv": [0, 0, 0.25, 6.75], "texture": "#2"},
				"down": {"uv": [0, 0, 0.25, 6.75], "texture": "#2"}
			},
			"type": "cube"
		},
		{
			"name": "Pages",
			"from": [8.75, 0, 6.25],
			"to": [10.75, 9, 6.5],
			"faces": {
				"north": {"uv": [0, 0, 1.5, 9], "texture": "#2"},
				"east": {"uv": [4.5, 0, 4.75, 7], "texture": "#2"},
				"south": {"uv": [6, 0, 8, 9], "texture": "#2"},
				"west": {"uv": [3, 0, 3.25, 7], "texture": "#2"},
				"up": {"uv": [0, 0, 1.5, 0.25], "texture": "#2"},
				"down": {"uv": [0, 0, 1.5, 0.25], "texture": "#2"}
			},
			"type": "cube"
		}
	],
	"display": {
		"thirdperson_righthand": {
			"rotation": [0, 0, 0],
			"translation": [0, 0, 0],
			"scale": [1, 1, 1]
		},
		"thirdperson_lefthand": {
			"rotation": [0, 0, 90],
			"translation": [-7.5, 0.5, -2],
			"scale": [1.7, 1.5, 1.7]
		},
		"firstperson_lefthand": {
			"rotation": [0, 0, 0],
			"translation": [0, 0, 0],
			"scale": [1, 1, 1]
		},
		"gui": {
			"rotation": [30, 35, 0],
			"translation": [0, 0, 0],
			"scale": [1, 1, 1]
		},
		"head": {
			"rotation": [0, 0, 0],
			"translation": [0, -15.5, -0.5],
			"scale": [2.25, 2.25, 2.25]
		},
		"fixed": {
			"rotation": [0, 0, 0],
			"translation": [0, 1, 0],
			"scale": [0.5, 0.5, 0.5]
		}
	}
}