{
	"credit": "Made with Blockbench, a free, modern block model editor by JannisX11",
	"textures": {
		"0": "block/oak_planks",
		"1": "block/oak_log_top",
		"2": "books/redblack_book",
		"3": "books/pages",
		"4": "block/bookshelf",
		"5": "books/green_book2",
		"6": "books/blue_book_gold",
		"7": "books/brown_trim2",
		"8": "books/red_book_trim",
		"9": "books/golden_pages",
		"10": "books/purple_book",
		"11": "books/cyan",
		"12": "books/leather1",
		"particle": "books/redblack_book"
	},
	"elements": [
		{
			"name": "StandOne",
			"from": [0.5, 7.25, 0.5],
			"to": [15.5, 7.75, 8.5],
			"faces": {
				"up": {"uv": [0.5, 7, 15.5, 15], "texture": "#0"},
				"down": {"uv": [0, 0, 15, 8], "texture": "#0"}
			}
		},
		{
			"name": "Bottom",
			"from": [0, 0, 0.5],
			"to": [16, 0.5, 8.5],
			"faces": {
				"east": {"uv": [2, 0, 10, 0.5], "texture": "#1"},
				"west": {"uv": [4, 15, 12, 15.5], "texture": "#1"},
				"up": {"uv": [0, 5, 16, 13], "texture": "#0"},
				"down": {"uv": [0, 0, 16, 8], "texture": "#0"}
			}
		},
		{
			"name": "Shelf",
			"from": [0.5, 0.5, 0],
			"to": [15.5, 16, 3],
			"rotation": {"angle": 0, "axis": "y", "origin": [8.5, 8.5, 8]},
			"faces": {
				"north": {"uv": [0.5, 0, 15.5, 15.5], "texture": "#0"},
				"south": {"uv": [0.5, 0, 15.5, 15.5], "texture": "#0"}
			}
		},
		{
			"name": "Shelf",
			"from": [0, 0.5, 0.5],
			"to": [0.5, 16, 8.5],
			"rotation": {"angle": 0, "axis": "y", "origin": [8, 8.5, 9]},
			"faces": {
				"east": {"uv": [8, 0, 16, 15.5], "texture": "#0"},
				"west": {"uv": [5, 0, 13, 15.5], "texture": "#0"}
			}
		},
		{
			"name": "Shelf",
			"from": [0, 0.5, 8.5],
			"to": [0.5, 16, 9],
			"rotation": {"angle": 0, "axis": "y", "origin": [8, 8.5, 17]},
			"faces": {
				"north": {"uv": [0, 0, 0.5, 16], "texture": "#1"},
				"east": {"uv": [0, 0, 0.5, 16], "texture": "#1"},
				"south": {"uv": [0, 0, 0.5, 16], "texture": "#1"},
				"west": {"uv": [0, 0, 0.5, 16], "texture": "#1"}
			}
		},
		{
			"name": "Bottom",
			"from": [0, 0, 8.5],
			"to": [16, 0.5, 9],
			"faces": {
				"east": {"uv": [2, 0, 2.5, 0.5], "texture": "#1"},
				"south": {"uv": [0, 0.5, 16, 1], "texture": "#1"},
				"west": {"uv": [0, 15.5, 0.5, 16], "texture": "#1"},
				"up": {"uv": [0, 0, 16, 0.5], "texture": "#1"},
				"down": {"uv": [0, 0.5, 16, 1], "texture": "#1"}
			}
		},
		{
			"name": "Shelf",
			"from": [15.5, 0.5, 0.5],
			"to": [16, 16, 8.5],
			"rotation": {"angle": 0, "axis": "y", "origin": [23.5, 8.5, 9]},
			"faces": {
				"east": {"uv": [8, 0, 16, 15.5], "texture": "#0"},
				"west": {"uv": [0, 0, 8, 15.5], "texture": "#0"}
			}
		},
		{
			"name": "Shelf",
			"from": [15.5, 0.5, 8.5],
			"to": [16, 16, 9],
			"rotation": {"angle": 0, "axis": "y", "origin": [23.5, 8.5, 17]},
			"faces": {
				"north": {"uv": [0, 0, 0.5, 16], "texture": "#1"},
				"east": {"uv": [15.5, 0, 16, 16], "texture": "#1"},
				"south": {"uv": [15, 0, 15.5, 16], "texture": "#1"},
				"west": {"uv": [15.5, 0, 16, 16], "texture": "#1"}
			}
		},
		{
			"name": "Bottom",
			"from": [0.5, 7.25, 8.5],
			"to": [15.5, 7.75, 9],
			"faces": {
				"east": {"uv": [0, 0, 0.5, 0.5], "texture": "#0"},
				"south": {"uv": [0.5, 15, 15.5, 15.5], "texture": "#1"},
				"west": {"uv": [0, 0, 0.5, 0.5], "texture": "#0"},
				"up": {"uv": [0.5, 15.5, 15.5, 16], "texture": "#1"},
				"down": {"uv": [0.5, 0.5, 15.5, 1], "texture": "#1"}
			}
		},
		{
			"name": "StandOne",
			"from": [0.5, 16, 0.5],
			"to": [15.5, 16.5, 8.5],
			"faces": {
				"up": {"uv": [0.5, 7.5, 15.5, 15.5], "texture": "#0"},
				"down": {"uv": [0, 0, 15, 8], "texture": "#0"}
			}
		},
		{
			"name": "Bottom",
			"from": [0.5, 16, 8.5],
			"to": [15.5, 16.5, 9],
			"faces": {
				"north": {"uv": [0, 0, 15, 0.5], "texture": "#0"},
				"east": {"uv": [0, 0, 0.5, 0.5], "texture": "#0"},
				"south": {"uv": [0.5, 0, 15.5, 0.5], "texture": "#1"},
				"west": {"uv": [0, 0, 0.5, 0.5], "texture": "#0"},
				"up": {"uv": [0.5, 15.5, 15.5, 16], "texture": "#1"},
				"down": {"uv": [0.5, 0.5, 15.5, 1], "texture": "#1"}
			}
		},
		{
			"name": "Trim Back Side",
			"from": [0, 0.5, 0],
			"to": [0.5, 16, 0.5],
			"rotation": {"angle": 0, "axis": "y", "origin": [8, 8.5, 8.5]},
			"faces": {
				"north": {"uv": [0, 0, 0.5, 15.5], "texture": "#1"},
				"west": {"uv": [0, 0, 0.5, 15.5], "texture": "#1"}
			}
		},
		{
			"name": "Trim Back Top",
			"from": [0.5, 16, 0],
			"to": [15.5, 16.5, 0.5],
			"faces": {
				"north": {"uv": [0.5, 0.5, 15.5, 1], "texture": "#1"},
				"up": {"uv": [0.5, 0, 15.5, 0.5], "texture": "#1"}
			}
		},
		{
			"name": "Trim Back Bottom",
			"from": [0, 0, 0],
			"to": [16, 0.5, 0.5],
			"faces": {
				"north": {"uv": [0, 15, 16, 15.5], "texture": "#1"},
				"east": {"uv": [0, 0, 0.5, 0.5], "texture": "#1"},
				"south": {"uv": [0, 0, 16, 0.5], "texture": "#0"},
				"west": {"uv": [0, 0, 0.5, 0.5], "texture": "#1"},
				"up": {"uv": [0, 0, 16, 0.5], "texture": "#0"},
				"down": {"uv": [0, 15.5, 16, 16], "texture": "#1"}
			}
		},
		{
			"name": "Trim Side Top",
			"from": [0, 16, 0],
			"to": [0.5, 16.5, 9],
			"faces": {
				"north": {"uv": [0, 0, 0.5, 0.5], "texture": "#1"},
				"south": {"uv": [0, 0, 0.5, 0.5], "texture": "#1"},
				"west": {"uv": [1.5, 0, 10.5, 0.5], "texture": "#1"},
				"up": {"uv": [0, 1.5, 0.5, 10.5], "texture": "#1"}
			}
		},
		{
			"name": "Shelf",
			"from": [15.5, 0.5, 0],
			"to": [16, 16, 0.5],
			"rotation": {"angle": 0, "axis": "y", "origin": [30.5, 8.5, 8.5]},
			"faces": {
				"north": {"uv": [0, 0, 0.5, 15.5], "texture": "#1"},
				"east": {"uv": [0, 0, 0.5, 15.5], "texture": "#1"}
			}
		},
		{
			"name": "Bottom",
			"from": [0.5, 7.25, 0.5],
			"to": [15.5, 7.75, 0.5],
			"faces": {
				"north": {"uv": [0, 0, 15, 0.5], "texture": "#0"},
				"east": {"uv": [0, 0, 0, 0.5], "texture": "#0"},
				"south": {"uv": [0, 0, 15, 0.5], "texture": "#0"},
				"west": {"uv": [0, 0, 0, 0.5], "texture": "#0"},
				"up": {"uv": [0, 0, 15, 0], "texture": "#0"},
				"down": {"uv": [0, 0, 15, 0], "texture": "#0"}
			}
		},
		{
			"name": "Trim Side Top",
			"from": [15.5, 16, 0],
			"to": [16, 16.5, 9],
			"faces": {
				"north": {"uv": [0, 0, 0.5, 0.5], "texture": "#1"},
				"east": {"uv": [3.5, 0, 12.5, 0.5], "texture": "#1"},
				"south": {"uv": [0, 0, 0.5, 0.5], "texture": "#1"},
				"up": {"uv": [0, 1.5, 0.5, 10.5], "texture": "#1"}
			}
		},
		{
			"name": "BOOKSHELF",
			"from": [7, -16, 4],
			"to": [10, -13, 7],
			"faces": {
				"north": {"uv": [0, 0, 16, 16], "texture": "#4"},
				"east": {"uv": [0, 0, 16, 16], "texture": "#4"},
				"south": {"uv": [0, 0, 16, 16], "texture": "#4"},
				"west": {"uv": [0, 0, 16, 16], "texture": "#4"},
				"up": {"uv": [0, 0, 16, 16], "texture": "#0"},
				"down": {"uv": [0, 0, 16, 16], "texture": "#0"}
			}
		},
		{
			"name": "Book1",
			"from": [13.99, 0.5, 3.65],
			"to": [15.49, 5, 7.75],
			"faces": {
				"east": {"uv": [0.5, 0, 5.25, 4.5], "texture": "#2"},
				"south": {"uv": [1.5, 0, 3, 4.5], "texture": "#2"},
				"west": {"uv": [2.5, 0, 7.25, 4.5], "texture": "#2"}
			}
		},
		{
			"name": "Paper1",
			"from": [13.99, 0.5, 3.75],
			"to": [15.49, 4.9, 7.75],
			"faces": {
				"up": {"uv": [6.5, 8, 8, 12], "texture": "#3"}
			}
		},
		{
			"name": "Book1.2",
			"from": [12.98, 0, 3.75],
			"to": [13.98, 6, 8],
			"faces": {
				"east": {"uv": [0, 9.5, 4.25, 15.5], "texture": "#5"},
				"south": {"uv": [0, 9.5, 1, 15.5], "texture": "#5"},
				"west": {"uv": [0, 9.5, 4.25, 15.5], "texture": "#5"}
			}
		},
		{
			"name": "Paper1.2",
			"from": [12.98, 0.5, 3.75],
			"to": [13.98, 5.9, 7.75],
			"faces": {
				"up": {"uv": [11, 3, 12, 7], "texture": "#3"}
			}
		},
		{
			"name": "Book1.3",
			"from": [11.98, 0, 3.5],
			"to": [12.98, 5.75, 7.75],
			"faces": {
				"east": {"uv": [8, 1.5, 12.25, 7.5], "texture": "#5"},
				"south": {"uv": [6, 1.5, 7, 7.25], "texture": "#5"},
				"west": {"uv": [1.5, 1.5, 5.75, 7.25], "texture": "#5"}
			}
		},
		{
			"name": "Paper1.3",
			"from": [11.98, 0.5, 3.75],
			"to": [12.98, 5.45, 7.75],
			"faces": {
				"up": {"uv": [0, 0, 1, 4], "texture": "#3"}
			}
		},
		{
			"name": "Book1.4",
			"from": [7.42, 0.5, 4],
			"to": [8.92, 5.85, 8],
			"faces": {
				"east": {"uv": [6, 0.5, 10, 5.85], "texture": "#6"},
				"south": {"uv": [4, 0, 5.5, 5.35], "texture": "#6"},
				"west": {"uv": [6, 0.5, 10, 5.85], "texture": "#6"}
			}
		},
		{
			"name": "Paper1.4",
			"from": [7.42, 0.4, 4],
			"to": [8.92, 5.75, 8],
			"faces": {
				"up": {"uv": [7, 6.5, 8.5, 10.5], "texture": "#3"}
			}
		},
		{
			"name": "Book2.1",
			"from": [9.96, 0.5, 5],
			"to": [10.46, 5, 8],
			"faces": {
				"east": {"uv": [9, 5, 12, 9.5], "texture": "#2"},
				"south": {"uv": [6.5, 5, 7, 9.5], "texture": "#2"},
				"west": {"uv": [4, 5, 7, 9.5], "texture": "#2"}
			}
		},
		{
			"name": "Paper2.1",
			"from": [9.96, 0.5, 5],
			"to": [10.46, 4.9, 8],
			"faces": {
				"up": {"uv": [5, 10.5, 5.5, 13.6], "texture": "#3"}
			}
		},
		{
			"name": "Book2.2",
			"from": [9.46, 0.5, 4.75],
			"to": [9.96, 5, 7.75],
			"faces": {
				"east": {"uv": [9.5, 5, 12.5, 9.5], "texture": "#2"},
				"south": {"uv": [8.5, 4.5, 9, 9], "texture": "#2"},
				"west": {"uv": [4.5, 4.5, 7.5, 9], "texture": "#2"}
			}
		},
		{
			"name": "Paper2.2",
			"from": [9.46, 0.5, 4.75],
			"to": [9.96, 4.9, 7.75],
			"faces": {
				"up": {"uv": [5, 10.5, 5.5, 13.6], "texture": "#3"}
			}
		},
		{
			"name": "Book2.3",
			"from": [8.95, 0.5, 4.5],
			"to": [9.45, 5, 7.5],
			"faces": {
				"east": {"uv": [8.5, 8, 11.5, 12.5], "texture": "#2"},
				"south": {"uv": [6.5, 5, 7, 9.5], "texture": "#2"},
				"west": {"uv": [3, 5, 6, 9.5], "texture": "#2"}
			}
		},
		{
			"name": "Paper2.3",
			"from": [8.95, 0.5, 4.5],
			"to": [9.45, 4.9, 7.5],
			"faces": {
				"up": {"uv": [5, 10.5, 5.5, 13.6], "texture": "#3"}
			}
		},
		{
			"name": "Book2.5",
			"from": [6.23, 0.4, 3.5],
			"to": [7.41, 4.15, 6.75],
			"faces": {
				"east": {"uv": [8, 1.5, 12.25, 7.5], "texture": "#5"},
				"south": {"uv": [2, 1.5, 3, 5], "texture": "#5"},
				"west": {"uv": [1.5, 1.5, 5.75, 7.25], "texture": "#5"}
			}
		},
		{
			"name": "Paper2.5",
			"from": [6.23, 0.8, 3.75],
			"to": [7.41, 4, 6.75],
			"faces": {
				"up": {"uv": [13, 6, 14, 10], "texture": "#3"}
			}
		},
		{
			"name": "Book3.1",
			"from": [0.51, 0.5, 3.75],
			"to": [2.01, 6, 7.75],
			"faces": {
				"east": {"uv": [10.5, 8, 14.5, 13.5], "texture": "#7"},
				"south": {"uv": [7.5, 6, 9, 11.5], "texture": "#7"},
				"west": {"uv": [10, 8, 14, 13.5], "texture": "#7"}
			}
		},
		{
			"name": "Paper3.1",
			"from": [0.51, 1, 4],
			"to": [2.01, 5.9, 7.75],
			"faces": {
				"up": {"uv": [4.5, 5.5, 5.5, 9.5], "texture": "#3"}
			}
		},
		{
			"name": "Book3.2",
			"from": [2.02, 0.5, 3.5],
			"to": [3.52, 5.75, 7.5],
			"faces": {
				"east": {"uv": [3, 4, 7, 9.25], "texture": "#7"},
				"south": {"uv": [5.5, 4, 7, 9.25], "texture": "#7"},
				"west": {"uv": [7.5, 4, 11.5, 9.25], "texture": "#7"}
			}
		},
		{
			"name": "Paper3.2",
			"from": [2.02, 1, 3.75],
			"to": [3.52, 5.45, 7.5],
			"faces": {
				"up": {"uv": [3.5, 4, 4.5, 8], "texture": "#3"}
			}
		},
		{
			"name": "Book3.3",
			"from": [3.53, 0.5, 3.5],
			"to": [4.53, 6.5, 7.5],
			"faces": {
				"east": {"uv": [8.5, 1.5, 12.5, 7.5], "texture": "#8"},
				"south": {"uv": [7, 1.5, 8, 7.5], "texture": "#8"},
				"west": {"uv": [3, 1.5, 7, 7.5], "texture": "#8"}
			}
		},
		{
			"name": "Paper3.3",
			"from": [3.53, 1, 3.75],
			"to": [4.53, 6.35, 7.5],
			"faces": {
				"up": {"uv": [3.5, 4, 4.5, 8], "texture": "#3"}
			}
		},
		{
			"name": "Book3.4",
			"from": [4.54, 0.5, 3.5],
			"to": [5.27, 5, 6.75],
			"faces": {
				"east": {"uv": [0.5, 2.5, 3.75, 7], "texture": "#8"},
				"south": {"uv": [3, 2.5, 4, 7], "texture": "#8"},
				"west": {"uv": [10, 2.5, 13.25, 7], "texture": "#8"}
			}
		},
		{
			"name": "Paper3.4",
			"from": [4.54, 0.5, 3.5],
			"to": [5.27, 4.9, 6.75],
			"faces": {
				"up": {"uv": [5.5, 10.5, 6.22969, 14.5], "texture": "#3"}
			}
		},
		{
			"name": "Book3.5",
			"from": [5.25, 0.5, 3.5],
			"to": [6.25, 6, 7.5],
			"faces": {
				"east": {"uv": [5.5, 4, 9.5, 9.5], "texture": "#7"},
				"south": {"uv": [4.5, 4, 5.5, 9.5], "texture": "#7"},
				"west": {"uv": [1.5, 4, 5.5, 9.5], "texture": "#7"}
			}
		},
		{
			"name": "Paper3.5",
			"from": [5.25, 1, 3.75],
			"to": [6.25, 5.8, 7.5],
			"faces": {
				"up": {"uv": [8.5, 5, 9.5, 8.75], "texture": "#3"}
			}
		},
		{
			"name": "Paper4.1",
			"from": [0.51, 8.25, 3.75],
			"to": [1.51, 13.4, 7.5],
			"faces": {
				"up": {"uv": [2, 0.5, 3, 4.5], "texture": "#9"}
			}
		},
		{
			"name": "Book4.1",
			"from": [0.51, 7.75, 3.5],
			"to": [1.51, 13.5, 7.5],
			"faces": {
				"east": {"uv": [1.5, 9.5, 5.5, 15.25], "texture": "#6"},
				"south": {"uv": [13.5, 9.5, 14.5, 15.25], "texture": "#6"},
				"west": {"uv": [0, 9.5, 4, 15.25], "texture": "#6"}
			}
		},
		{
			"name": "Book4.2",
			"from": [1.52, 7.75, 3.3],
			"to": [2.52, 13.5, 7.3],
			"faces": {
				"east": {"uv": [2.5, 9.5, 6.5, 15.25], "texture": "#6"},
				"south": {"uv": [11.5, 9.5, 12.5, 15.25], "texture": "#6"},
				"west": {"uv": [0, 9.5, 4, 15.25], "texture": "#6"}
			}
		},
		{
			"name": "Paper4.2",
			"from": [1.52, 8.25, 3.55],
			"to": [2.52, 13.4, 7.3],
			"faces": {
				"up": {"uv": [7.5, 3, 8.5, 6.75], "texture": "#9"}
			}
		},
		{
			"name": "Book4.3",
			"from": [2.53, 7.75, 3.5],
			"to": [3.53, 13.5, 7.5],
			"faces": {
				"east": {"uv": [2.5, 9.5, 6.5, 15.25], "texture": "#6"},
				"south": {"uv": [1, 9.5, 2, 15.25], "texture": "#6"},
				"west": {"uv": [4.5, 9.5, 8.5, 15.25], "texture": "#6"}
			}
		},
		{
			"name": "Paper4.3",
			"from": [2.53, 8.25, 3.75],
			"to": [3.53, 13.4, 7.5],
			"faces": {
				"up": {"uv": [6.5, 4, 7.5, 8], "texture": "#9"}
			}
		},
		{
			"name": "Book4.4",
			"from": [3.54, 7.75, 3.5],
			"to": [5.29, 14.25, 8],
			"faces": {
				"east": {"uv": [5.5, 9.5, 10, 16], "texture": "#8"},
				"south": {"uv": [0, 9.5, 1.75, 16], "texture": "#8"},
				"west": {"uv": [5.5, 9.5, 10, 16], "texture": "#8"}
			}
		},
		{
			"name": "Book4.4",
			"from": [3.54, 7.75, 3.5],
			"to": [5.29, 14.15, 8],
			"faces": {
				"up": {"uv": [0, 0, 0, 0], "texture": "#3"}
			}
		},
		{
			"name": "Book4.4",
			"from": [5.3, 7.75, 3.5],
			"to": [6.4, 12.5, 7.5],
			"faces": {
				"east": {"uv": [9, 3.5, 13, 8.25], "texture": "#11"},
				"south": {"uv": [13.5, 9.5, 14.5, 14.25], "texture": "#11"},
				"west": {"uv": [5.5, 9, 9.5, 13.75], "texture": "#11"}
			}
		},
		{
			"name": "Paper4.4",
			"from": [5.3, 8.25, 3.75],
			"to": [6.4, 12.3, 7.5],
			"faces": {
				"up": {"uv": [6.5, 4, 7.5, 8], "texture": "#3"}
			}
		},
		{
			"name": "Book5.1",
			"from": [6.21, 7.75, 3.5],
			"to": [7.46, 13.75, 8],
			"faces": {
				"east": {"uv": [2.5, 6, 7.25, 12.5], "texture": "#7"},
				"south": {"uv": [3.5, 5.5, 5, 12], "texture": "#7"},
				"west": {"uv": [10.5, 5.5, 15, 11.5], "texture": "#7"}
			}
		},
		{
			"name": "Paper5.1",
			"from": [6.21, 7.65, 3.5],
			"to": [7.46, 13.55, 8],
			"faces": {
				"up": {"uv": [7, 6.5, 8.5, 10.5], "texture": "#3"}
			}
		},
		{
			"name": "Paper1.5",
			"from": [10.47, 0.4, 4],
			"to": [11.97, 6.55, 8],
			"faces": {
				"up": {"uv": [7, 6.5, 8.5, 10.5], "texture": "#3"}
			}
		},
		{
			"name": "Book1.5",
			"from": [10.47, 0.5, 4],
			"to": [11.97, 6.75, 8],
			"faces": {
				"east": {"uv": [3, 3, 7, 9.25], "texture": "#12"},
				"south": {"uv": [3, 3.5, 4.5, 9.75], "texture": "#12"},
				"west": {"uv": [6.5, 3, 10.5, 9.25], "texture": "#12"}
			}
		},
		{
			"name": "Book6.1",
			"from": [14.91, 7.65, 4],
			"to": [15.41, 10.6, 7],
			"rotation": {"angle": 0, "axis": "z", "origin": [15.16, 9.6, 5.5]},
			"faces": {
				"east": {"uv": [3, 11.5, 6, 16], "texture": "#10"},
				"south": {"uv": [0, 11.5, 0.5, 16], "texture": "#10"},
				"west": {"uv": [0, 0, 3, 4.5], "texture": "#10"}
			}
		},
		{
			"name": "Paper6.1",
			"from": [14.91, 7.65, 4],
			"to": [15.41, 10.5, 7],
			"rotation": {"angle": 0, "axis": "z", "origin": [15.16, 9.6, 5.5]},
			"faces": {
				"up": {"uv": [0, 0, 0.5, 3], "texture": "#3"}
			}
		},
		{
			"name": "Book6.2",
			"from": [14, 7.65, 4],
			"to": [14.5, 12.1, 7],
			"rotation": {"angle": -22.5, "axis": "z", "origin": [14.25, 9.6, 5.5]},
			"faces": {
				"east": {"uv": [10, 1, 13, 5.5], "texture": "#5"},
				"south": {"uv": [9.5, 1, 10, 5.5], "texture": "#5"},
				"west": {"uv": [4, 1, 7, 5.5], "texture": "#5"}
			}
		},
		{
			"name": "Paper6.2",
			"from": [14, 7.65, 4],
			"to": [14.5, 12, 7],
			"rotation": {"angle": -22.5, "axis": "z", "origin": [14.25, 9.6, 5.5]},
			"faces": {
				"up": {"uv": [14.5, 6, 15, 9], "texture": "#3"},
				"down": {"uv": [4.5, 1.5, 5, 4.5], "texture": "#3"}
			}
		},
		{
			"name": "Book6.3",
			"from": [12.68, 7.65, 4.25],
			"to": [13.93, 13.6, 7.25],
			"rotation": {"angle": -22.5, "axis": "z", "origin": [13.68, 9.6, 5.75]},
			"faces": {
				"east": {"uv": [2.5, 2, 5.5, 7.95], "texture": "#7"},
				"south": {"uv": [5, 2, 6.25, 7.95], "texture": "#7"},
				"west": {"uv": [6.5, 2, 9.5, 7.95], "texture": "#7"}
			}
		},
		{
			"name": "Paper6.3",
			"from": [12.68, 7.85, 4.25],
			"to": [13.93, 13.5, 7.25],
			"rotation": {"angle": -22.5, "axis": "z", "origin": [13.68, 9.6, 5.75]},
			"faces": {
				"up": {"uv": [14.5, 6, 15, 9], "texture": "#3"},
				"down": {"uv": [4.5, 1.5, 5, 4.5], "texture": "#3"}
			}
		},
		{
			"name": "Book6.3",
			"from": [12.89, 9.25, 4],
			"to": [13.39, 13.55, 7],
			"rotation": {"angle": -22.5, "axis": "z", "origin": [13.14, 11.6, 5.5]},
			"faces": {
				"east": {"uv": [8.5, 0, 11.5, 3.6], "texture": "#5"},
				"south": {"uv": [0, 0, 0.5, 3.6], "texture": "#5"},
				"west": {"uv": [4, 0, 7, 3.6], "texture": "#5"}
			}
		},
		{
			"name": "Paper6.3",
			"from": [12.89, 9.35, 4],
			"to": [13.39, 13.45, 7],
			"rotation": {"angle": -22.5, "axis": "z", "origin": [13.14, 11.6, 5.5]},
			"faces": {
				"up": {"uv": [14.5, 6, 15, 9], "texture": "#3"},
				"down": {"uv": [4.5, 1.5, 5, 4.5], "texture": "#3"}
			}
		},
		{
			"name": "Book6.4",
			"from": [12.7, 10.5, 3.8],
			"to": [13.2, 14, 6.8],
			"rotation": {"angle": -22.5, "axis": "z", "origin": [12.95, 12.45, 5.3]},
			"faces": {
				"east": {"uv": [8.5, 7.5, 11.5, 10.2], "texture": "#12"},
				"south": {"uv": [5.5, 6.5, 6, 9.2], "texture": "#12"},
				"west": {"uv": [6, 8, 9, 10.7], "texture": "#12"}
			}
		},
		{
			"name": "Paper6.4",
			"from": [12.7, 10.6, 3.8],
			"to": [13.2, 13.9, 6.8],
			"rotation": {"angle": -22.5, "axis": "z", "origin": [12.95, 12.45, 5.3]},
			"faces": {
				"up": {"uv": [14.5, 6, 15, 9], "texture": "#3"},
				"down": {"uv": [4.5, 1.5, 5, 4.5], "texture": "#3"}
			}
		},
		{
			"name": "Book6.6",
			"from": [10.48, 7.75, 3.25],
			"to": [11.98, 14.25, 8],
			"faces": {
				"east": {"uv": [10, 4.5, 14.75, 11], "texture": "#6"},
				"south": {"uv": [3.5, 4.5, 5, 11], "texture": "#6"},
				"west": {"uv": [1, 4.5, 5.75, 11], "texture": "#6"}
			}
		},
		{
			"name": "Paper6.6",
			"from": [10.48, 7.65, 3.25],
			"to": [11.98, 14.05, 8],
			"faces": {
				"up": {"uv": [7, 6.5, 8.5, 10.5], "texture": "#3"}
			}
		},
		{
			"name": "Book5.2",
			"from": [7.47, 7.75, 3.65],
			"to": [10.47, 12.75, 7.25],
			"faces": {
				"east": {"uv": [9.5, 4.5, 13.35, 9.5], "texture": "#2"},
				"south": {"uv": [6.5, 4.5, 9.5, 9.5], "texture": "#2"},
				"west": {"uv": [3, 4.5, 6.85, 9.5], "texture": "#2"}
			}
		},
		{
			"name": "Paper5.2",
			"from": [7.47, 7.75, 3.65],
			"to": [10.47, 12.45, 7.25],
			"faces": {
				"up": {"uv": [6, 4, 9, 8.1], "texture": "#9"}
			}
		}
	],
	"display": {
		"thirdperson_righthand": {
			"rotation": [0, 0, 0],
			"translation": [0, 0, 0]
		},
		"thirdperson_lefthand": {
			"rotation": [0, 0, 0],
			"translation": [0, 0, 0]
		},
		"firstperson_lefthand": {
			"rotation": [0, 0, 0],
			"translation": [0, 0, 0]
		},
		"gui": {
			"rotation": [30, 35, 0],
			"translation": [0, 0, 0]
		},
		"head": {
			"rotation": [0, 270, 0],
			"translation": [10.75, -9.75, 0],
			"scale": [2.291, 2.225, 2.32]
		},
		"fixed": {
			"rotation": [0, 0, 0],
			"translation": [0, 1, 0],
			"scale": [0.5, 0.5, 0.5]
		}
	}
}