{
	"credit": "Made with Blockbench, a free, modern block model editor by JannisX11",
	"textures": {
		"0": "books/pages",
		"1": "books/red_book_trim",
		"2": "books/black_pages"
	},
	"elements": [
		{
			"name": "Cover 1",
			"from": [6.5, 0.25, 0],
			"to": [7, 9, 6.5],
			"faces": {
				"north": {
					"uv": [0, 0.5, 0.5, 9.5],
					"texture": "#1"
				},
				"east": {"uv": [0, 0.5, 7, 9.5], "texture": "#1"},
				"south": {
					"uv": [15.5, 0.5, 16, 9.5],
					"texture": "#1"
				},
				"west": {"uv": [0, 0.5, 7, 9.5], "texture": "#1"},
				"up": {
					"uv": [3.5, 0, 10.5, 0.5],
					"texture": "#1",
					"rotation": 90
				},
				"down": {
					"uv": [0, 0, 7, 0.5],
					"texture": "#1",
					"rotation": 90
				}
			},
			"type": "cube"
		},
		{
			"name": "Cover 2",
			"from": [9, 0.25, 0],
			"to": [9.5, 9, 6.5],
			"faces": {
				"north": {
					"uv": [8, 0.5, 8.5, 9.5],
					"texture": "#1"
				},
				"east": {"uv": [8, 0.5, 15, 9.5], "texture": "#1"},
				"south": {
					"uv": [15, 0.5, 15.5, 9.5],
					"texture": "#1"
				},
				"west": {"uv": [8, 0.5, 15, 9.5], "texture": "#1"},
				"up": {
					"uv": [0, 0, 7, 0.5],
					"texture": "#1",
					"rotation": 90
				},
				"down": {
					"uv": [0, 0, 7, 0.5],
					"texture": "#1",
					"rotation": 90
				}
			},
			"type": "cube"
		},
		{
			"name": "Pages",
			"from": [7, 0.5, 0.25],
			"to": [9, 8.75, 6.5],
			"faces": {
				"north": {"uv": [2, 0, 7, 16], "texture": "#0"},
				"east": {"uv": [0, 0, 6.25, 8.5], "texture": "#0"},
				"south": {"uv": [0, 0, 5, 16], "texture": "#0"},
				"west": {"uv": [0, 0, 6.25, 8.5], "texture": "#0"},
				"up": {"uv": [1.5, 0, 5, 13.75], "texture": "#0"},
				"down": {"uv": [0, 0, 2, 6.25], "texture": "#0"}
			},
			"type": "cube"
		},
		{
			"name": "Binding",
			"from": [7, 0.25, 6.5],
			"to": [9, 9, 7],
			"faces": {
				"north": {
					"uv": [14, 0.5, 16, 9.5],
					"texture": "#1"
				},
				"east": {
					"uv": [15.5, 0.5, 16, 9.5],
					"texture": "#1"
				},
				"south": {
					"uv": [6.5, 0.5, 8.5, 9.5],
					"texture": "#1"
				},
				"west": {
					"uv": [15, 0.5, 15.5, 9.5],
					"texture": "#1"
				},
				"up": {"uv": [0, 0, 2, 0.5], "texture": "#1"},
				"down": {"uv": [0, 0, 2, 0.5], "texture": "#1"}
			},
			"type": "cube"
		},
		{
			"name": "Pages",
			"from": [9.9, 0.25, 0.5],
			"to": [11.65, 6.75, 6.5],
			"faces": {
				"north": {"uv": [3, 0, 7, 16], "texture": "#0"},
				"east": {"uv": [0, 0, 6.25, 8.5], "texture": "#0"},
				"south": {"uv": [0, 0, 5, 16], "texture": "#0"},
				"west": {"uv": [0, 0, 6.25, 8.5], "texture": "#0"},
				"up": {"uv": [0, 0, 4.5, 15.75], "texture": "#0"},
				"down": {"uv": [0, 0, 2, 6.25], "texture": "#0"}
			},
			"type": "cube"
		},
		{
			"name": "Pages",
			"from": [11.65, 0, 0.25],
			"to": [11.9, 7, 6.75],
			"faces": {
				"north": {"uv": [0, 0, 0.25, 7], "texture": "#2"},
				"east": {"uv": [5, 0, 11.5, 7], "texture": "#2"},
				"south": {"uv": [9.5, 0, 9.75, 7], "texture": "#2"},
				"west": {"uv": [0, 0, 6.75, 7], "texture": "#2"},
				"up": {
					"uv": [9.5, 5, 9.75, 11.75],
					"texture": "#2",
					"rotation": 180
				},
				"down": {"uv": [8, 3, 8.25, 9.75], "texture": "#2"}
			},
			"type": "cube"
		},
		{
			"name": "Pages",
			"from": [9.65, 0, 0.25],
			"to": [9.9, 7, 6.75],
			"faces": {
				"north": {"uv": [0, 0, 0.25, 7], "texture": "#2"},
				"east": {"uv": [5, 0, 11.75, 7], "texture": "#2"},
				"south": {"uv": [9, 0, 9.25, 7], "texture": "#2"},
				"west": {"uv": [4, 0, 10.5, 7], "texture": "#2"},
				"up": {
					"uv": [9, 5, 9.25, 11.75],
					"texture": "#2",
					"rotation": 180
				},
				"down": {"uv": [5, 2, 5.25, 8.75], "texture": "#2"}
			},
			"type": "cube"
		},
		{
			"name": "Pages",
			"from": [9.9, 0, 6.5],
			"to": [11.65, 7, 6.75],
			"faces": {
				"north": {"uv": [0, 0, 1.5, 7], "texture": "#2"},
				"east": {"uv": [0, 0, 0.25, 7], "texture": "#2"},
				"south": {"uv": [7, 0, 8.5, 7], "texture": "#2"},
				"west": {"uv": [0, 0, 0.25, 7], "texture": "#2"},
				"up": {"uv": [9, 5.5, 10.5, 5.75], "texture": "#2"},
				"down": {"uv": [7, 5.5, 8.5, 5.75], "texture": "#2"}
			},
			"type": "cube"
		}
	],
	"display": {
		"thirdperson_righthand": {
			"rotation": [0, 0, 0],
			"translation": [0, 0, 0],
			"scale": [1, 1, 1]
		},
		"thirdperson_lefthand": {
			"rotation": [0, 0, 90],
			"translation": [-11.5, 1, -2],
			"scale": [1.7, 1.7, 1.7]
		},
		"firstperson_lefthand": {
			"rotation": [0, 0, 0],
			"translation": [0, 0, 0],
			"scale": [1, 1, 1]
		},
		"gui": {
			"rotation": [30, 35, 0],
			"translation": [0, 0, 0],
			"scale": [1, 1, 1]
		},
		"head": {
			"rotation": [0, 0, 0],
			"translation": [0, -15.5, -0.5],
			"scale": [2.25, 2.25, 2.25]
		},
		"fixed": {
			"rotation": [0, 0, 0],
			"translation": [0, 1, 0],
			"scale": [0.5, 0.5, 0.5]
		}
	}
}