{
	"credit": "Made with Blockbench, a free, modern block model editor by JannisX11",
	"textures": {
		"0": "books/pages",
		"1": "books/leather2",
		"2": "books/blue_book",
		"3": "books/black_pages",
		"4": "books/red_book",
		"particle": "books/pages"
	},
	"elements": [
		{
			"name": "paper",
			"from": [6.2, 0.25, 0],
			"to": [7.2, 7.75, 7],
			"faces": {
				"north": {"uv": [5.5, 0, 9, 14], "texture": "#3"},
				"east": {
					"uv": [0.5, 0.5, 14.5, 14.5],
					"texture": "#3"
				},
				"south": {"uv": [0, 1, 3, 15], "texture": "#3"},
				"west": {"uv": [1, 1, 15, 15], "texture": "#3"},
				"up": {"uv": [0, 0, 2.5, 14], "texture": "#3"},
				"down": {
					"uv": [8.5, 0.5, 10.5, 14.5],
					"texture": "#3"
				}
			},
			"type": "cube"
		},
		{
			"name": "paper",
			"from": [9, 0.25, 0],
			"to": [10.1, 7, 6.25],
			"faces": {
				"north": {"uv": [0, 0, 3.5, 14.5], "texture": "#0"},
				"east": {
					"uv": [1, 0.5, 15.5, 15.5],
					"texture": "#0"
				},
				"south": {"uv": [5.5, 0, 9, 14.5], "texture": "#0"},
				"west": {"uv": [1, 1, 15.5, 15.5], "texture": "#0"},
				"up": {"uv": [9.5, 1, 13, 15.5], "texture": "#0"},
				"down": {"uv": [0, 0, 1, 7], "texture": "#0"}
			},
			"type": "cube"
		},
		{
			"name": "paper",
			"from": [7.6, 0.25, 0.5],
			"to": [8.75, 6.25, 5.25],
			"faces": {
				"north": {"uv": [0, 0, 3.5, 14.5], "texture": "#0"},
				"east": {
					"uv": [1, 0.5, 15.5, 15.5],
					"texture": "#0"
				},
				"south": {"uv": [5.5, 0, 9, 14.5], "texture": "#0"},
				"west": {"uv": [1, 1, 15.5, 15.5], "texture": "#0"},
				"up": {"uv": [9.5, 1, 13, 15.5], "texture": "#0"},
				"down": {"uv": [0, 0, 1, 7], "texture": "#0"}
			},
			"type": "cube"
		},
		{
			"name": "blue band",
			"from": [7.5, 2.75, 0.34999999999999964],
			"to": [8.85, 3.25, 5.4],
			"faces": {
				"north": {"uv": [0, 0, 1, 0.5], "texture": "#2"},
				"east": {
					"uv": [0, 0, 6.300000000000001, 0.5],
					"texture": "#2"
				},
				"south": {"uv": [0, 0, 1, 0.5], "texture": "#2"},
				"west": {
					"uv": [0, 0, 6.300000000000001, 0.5],
					"texture": "#2"
				},
				"up": {"uv": [2.5, 2, 3.5, 8.5], "texture": "#2"},
				"down": {"uv": [2.5, 1, 3.5, 7.5], "texture": "#2"}
			},
			"type": "cube"
		},
		{
			"name": "ties",
			"from": [8.9, 5.25, -0.09999999999999964],
			"to": [10.2, 5.75, 6.35],
			"faces": {
				"north": {"uv": [0, 0, 1, 0.5], "texture": "#1"},
				"east": {
					"uv": [0, 0, 6.949999999999999, 0.5],
					"texture": "#1"
				},
				"south": {"uv": [0, 0, 1, 0.5], "texture": "#1"},
				"west": {
					"uv": [0, 0, 6.949999999999999, 0.5],
					"texture": "#1"
				},
				"up": {"uv": [2.5, 2, 3.5, 8.5], "texture": "#1"},
				"down": {"uv": [2.5, 1, 3.5, 7.5], "texture": "#1"}
			},
			"type": "cube"
		},
		{
			"name": "ties",
			"from": [
				6.1000000000000005,
				3.75,
				-0.049999999999998934
			],
			"to": [7.3, 4.25, 7.200000000000001],
			"faces": {
				"north": {"uv": [0, 0, 1, 0.5], "texture": "#1"},
				"east": {"uv": [0, 0, 7.25, 0.5], "texture": "#1"},
				"south": {"uv": [0, 0, 1, 0.5], "texture": "#1"},
				"west": {"uv": [0, 0, 7.25, 0.5], "texture": "#1"},
				"up": {"uv": [2.5, 2, 3.5, 8.5], "texture": "#1"},
				"down": {"uv": [2.5, 1, 3.5, 7.5], "texture": "#1"}
			},
			"type": "cube"
		},
		{
			"name": "ties",
			"from": [
				6.000000000000001,
				0.1999999999999993,
				4.950000000000001
			],
			"to": [
				7.3999999999999995,
				7.849999999999998,
				5.700000000000001
			],
			"faces": {
				"north": {
					"uv": [
						0,
						0,
						1.3999999999999986,
						7.899999999999999
					],
					"texture": "#1"
				},
				"east": {
					"uv": [0, 0, 1, 7.899999999999999],
					"texture": "#1"
				},
				"south": {"uv": [0, 0, 1.4, 7.9], "texture": "#1"},
				"west": {
					"uv": [0, 0, 1, 7.899999999999999],
					"texture": "#1"
				},
				"up": {"uv": [0, 0, 2, 1], "texture": "#1"},
				"down": {
					"uv": [0, 0, 1.3999999999999986, 0.75],
					"texture": "#1"
				}
			},
			"type": "cube"
		},
		{
			"name": "ties",
			"from": [8.9, 1.25, -0.09999999999999964],
			"to": [10.2, 1.75, 6.35],
			"faces": {
				"north": {"uv": [0, 0, 1, 0.5], "texture": "#1"},
				"east": {
					"uv": [0, 0, 6.949999999999999, 0.5],
					"texture": "#1"
				},
				"south": {"uv": [0, 0, 1, 0.5], "texture": "#1"},
				"west": {
					"uv": [0, 0, 6.949999999999999, 0.5],
					"texture": "#1"
				},
				"up": {"uv": [2.5, 2, 3.5, 8.5], "texture": "#1"},
				"down": {"uv": [2.5, 1, 3.5, 7.5], "texture": "#1"}
			},
			"type": "cube"
		},
		{
			"name": "paper",
			"from": [10.3, 0.25, 0.25],
			"to": [10.700000000000001, 6.5, 6.25],
			"faces": {
				"north": {"uv": [0, 0, 3.5, 14.5], "texture": "#0"},
				"east": {
					"uv": [1, 0.5, 15.5, 15.5],
					"texture": "#0"
				},
				"south": {"uv": [5.5, 0, 9, 14.5], "texture": "#0"},
				"west": {"uv": [1, 1, 15.5, 15.5], "texture": "#0"},
				"up": {"uv": [9.5, 1, 13, 15.5], "texture": "#0"},
				"down": {"uv": [0, 0, 1, 7], "texture": "#0"}
			},
			"type": "cube"
		},
		{
			"name": "blue band",
			"from": [
				10.200000000000001,
				5.4,
				0.09999999999999964
			],
			"to": [10.8, 5.9, 6.4],
			"faces": {
				"north": {"uv": [0, 0, 1, 0.5], "texture": "#2"},
				"east": {
					"uv": [0, 0, 6.300000000000001, 0.5],
					"texture": "#2"
				},
				"south": {"uv": [0, 0, 1, 0.5], "texture": "#2"},
				"west": {
					"uv": [0, 0, 6.300000000000001, 0.5],
					"texture": "#2"
				},
				"up": {"uv": [2.5, 2, 3.5, 8.5], "texture": "#2"},
				"down": {"uv": [2.5, 1, 3.5, 7.5], "texture": "#2"}
			},
			"type": "cube"
		},
		{
			"name": "blue band",
			"from": [
				10.200000000000001,
				3.15,
				0.09999999999999964
			],
			"to": [10.8, 3.65, 6.4],
			"faces": {
				"north": {"uv": [0, 0, 1, 0.5], "texture": "#2"},
				"east": {
					"uv": [0, 0, 6.300000000000001, 0.5],
					"texture": "#2"
				},
				"south": {"uv": [0, 0, 1, 0.5], "texture": "#2"},
				"west": {
					"uv": [0, 0, 6.300000000000001, 0.5],
					"texture": "#2"
				},
				"up": {"uv": [2.5, 2, 3.5, 8.5], "texture": "#2"},
				"down": {"uv": [2.5, 1, 3.5, 7.5], "texture": "#2"}
			},
			"type": "cube"
		},
		{
			"name": "blue band",
			"from": [
				10.200000000000001,
				0.7999999999999998,
				0.09999999999999964
			],
			"to": [10.8, 1.2999999999999998, 6.4],
			"faces": {
				"north": {"uv": [0, 0, 1, 0.5], "texture": "#2"},
				"east": {
					"uv": [0, 0, 6.300000000000001, 0.5],
					"texture": "#2"
				},
				"south": {"uv": [0, 0, 1, 0.5], "texture": "#2"},
				"west": {
					"uv": [0, 0, 6.300000000000001, 0.5],
					"texture": "#2"
				},
				"up": {"uv": [2.5, 2, 3.5, 8.5], "texture": "#2"},
				"down": {"uv": [2.5, 1, 3.5, 7.5], "texture": "#2"}
			},
			"type": "cube"
		},
		{
			"name": "paper",
			"from": [10.950000000000001, 0.25, 0.25],
			"to": [11.750000000000002, 6.5, 6],
			"faces": {
				"north": {"uv": [0, 0, 3.5, 14.5], "texture": "#3"},
				"east": {
					"uv": [0.5, 0.5, 15, 15.5],
					"texture": "#3"
				},
				"south": {
					"uv": [11.5, 0, 15, 14.5],
					"texture": "#3"
				},
				"west": {
					"uv": [1.5, 1, 14.5, 15.5],
					"texture": "#3"
				},
				"up": {"uv": [9.5, 1, 13, 15.5], "texture": "#3"},
				"down": {"uv": [0, 0, 1, 7], "texture": "#3"}
			},
			"type": "cube"
		},
		{
			"name": "ties",
			"from": [10.85, 4.25, 0.20000000000000107],
			"to": [11.8, 4.75, 6.100000000000001],
			"faces": {
				"north": {"uv": [0, 0, 1, 0.5], "texture": "#4"},
				"east": {"uv": [0, 0, 7.25, 0.5], "texture": "#4"},
				"south": {"uv": [0, 0, 1, 0.5], "texture": "#4"},
				"west": {"uv": [0, 0, 7.25, 0.5], "texture": "#4"},
				"up": {"uv": [2.5, 4, 3.5, 10.5], "texture": "#4"},
				"down": {"uv": [2.5, 1, 3.5, 7.5], "texture": "#4"}
			},
			"type": "cube"
		},
		{
			"name": "ties",
			"from": [10.85, 1.75, 0.20000000000000107],
			"to": [11.8, 2.25, 6.100000000000001],
			"faces": {
				"north": {"uv": [0, 0, 1, 0.5], "texture": "#4"},
				"east": {"uv": [0, 0, 7.25, 0.5], "texture": "#4"},
				"south": {"uv": [0, 0, 1, 0.5], "texture": "#4"},
				"west": {"uv": [0, 0, 7.25, 0.5], "texture": "#4"},
				"up": {"uv": [2.5, 4, 3.5, 10.5], "texture": "#4"},
				"down": {"uv": [2.5, 1, 3.5, 7.5], "texture": "#4"}
			},
			"type": "cube"
		}
	],
	"display": {
		"thirdperson_righthand": {
			"rotation": [0, 0, 0],
			"translation": [0, 0, 0],
			"scale": [1, 1, 1]
		},
		"thirdperson_lefthand": {
			"rotation": [0, 0, 90],
			"translation": [-12, -0.5, -2],
			"scale": [1.7, 1.7, 1.7]
		},
		"firstperson_lefthand": {
			"rotation": [0, 0, 0],
			"translation": [0, 0, 0],
			"scale": [1, 1, 1]
		},
		"gui": {
			"rotation": [30, 35, 0],
			"translation": [0, 0, 0],
			"scale": [1, 1, 1]
		},
		"head": {
			"rotation": [0, 0, 0],
			"translation": [0, -15.5, -0.5],
			"scale": [2.25, 2.25, 2.25]
		},
		"fixed": {
			"rotation": [0, 0, 0],
			"translation": [0, 1, 0],
			"scale": [0.5, 0.5, 0.5]
		}
	}
}