{
	"credit": "Made with Blockbench, a free, modern block model editor by JannisX11",
	"textures": {
		"0": "books/pages",
		"1": "books/cyan",
		"2": "books/purple_book",
		"3": "books/red_book",
		"4": "books/black_pages",
		"5": "books/white_pages",
		"particle": "books/pages"
	},
	"elements": [
		{
			"name": "paper",
			"from": [6.199999999999999, 0.25, 0],
			"to": [6.5, 7, 6.5],
			"faces": {
				"north": {"uv": [5.5, 0, 9, 14], "texture": "#5"},
				"east": {
					"uv": [0.5, 0.5, 14.5, 14.5],
					"texture": "#5"
				},
				"south": {
					"uv": [4.5, 0.5, 7, 14.5],
					"texture": "#5"
				},
				"west": {
					"uv": [0.5, 0.5, 14.5, 14.5],
					"texture": "#5"
				},
				"up": {"uv": [5.5, 1, 9, 15], "texture": "#5"},
				"down": {
					"uv": [8.5, 0.5, 10.5, 14.5],
					"texture": "#5"
				}
			},
			"type": "cube"
		},
		{
			"name": "paper",
			"from": [6.75, 0.25, 0],
			"to": [7.25, 7, 6],
			"faces": {
				"north": {"uv": [0, 0, 3.5, 14.5], "texture": "#0"},
				"east": {
					"uv": [1, 0.5, 15.5, 15.5],
					"texture": "#0"
				},
				"south": {"uv": [5.5, 0, 9, 14.5], "texture": "#0"},
				"west": {"uv": [1, 1, 15.5, 15.5], "texture": "#0"},
				"up": {"uv": [9.5, 1, 13, 15.5], "texture": "#0"},
				"down": {"uv": [0, 0, 1, 7], "texture": "#0"}
			},
			"type": "cube"
		},
		{
			"name": "paper",
			"from": [8.6, 0.34999999999999964, 0.5],
			"to": [9.5, 6.75, 6.5],
			"faces": {
				"north": {"uv": [0, 0, 3.5, 14.5], "texture": "#4"},
				"east": {
					"uv": [1, 0.5, 15.5, 15.5],
					"texture": "#4"
				},
				"south": {
					"uv": [5.5, 0, 9.5, 14.5],
					"texture": "#4"
				},
				"west": {"uv": [1, 1, 15.5, 15.5], "texture": "#4"},
				"up": {"uv": [9.5, 1, 13, 15.5], "texture": "#4"},
				"down": {"uv": [0, 0, 1, 7], "texture": "#4"}
			},
			"type": "cube"
		},
		{
			"name": "cube",
			"from": [9.4, 0.25, 0],
			"to": [9.65, 7.25, 7],
			"faces": {
				"north": {
					"uv": [10, 5.5, 10.25, 12.75],
					"texture": "#3"
				},
				"east": {"uv": [9, 0.5, 16, 7.75], "texture": "#3"},
				"south": {
					"uv": [7.5, 0.5, 7.75, 7.75],
					"texture": "#3"
				},
				"west": {
					"uv": [8.5, 0, 15.75, 7.25],
					"texture": "#3"
				},
				"up": {"uv": [3, 2, 3.25, 9.25], "texture": "#3"},
				"down": {"uv": [0, 0, 0.25, 7.25], "texture": "#3"}
			},
			"type": "cube"
		},
		{
			"name": "cube",
			"from": [8.5, 3, 0.25],
			"to": [9.6, 3.5, 6.75],
			"faces": {
				"north": {"uv": [0, 0, 1, 0.5], "texture": "#3"},
				"east": {
					"uv": [7, 5, 14.25, 12.25],
					"texture": "#3"
				},
				"south": {"uv": [0, 0.5, 2, 1.5], "texture": "#3"},
				"west": {"uv": [0.5, 0.5, 7, 1], "texture": "#3"},
				"up": {"uv": [2.5, 2, 3.5, 8.5], "texture": "#3"},
				"down": {"uv": [2.5, 1, 3.5, 7.5], "texture": "#3"}
			},
			"type": "cube"
		},
		{
			"name": "cube",
			"from": [6.65, 2.75, -0.09999999999999964],
			"to": [7.35, 3.25, 6.1],
			"faces": {
				"north": {"uv": [0, 0, 1, 0.5], "texture": "#1"},
				"east": {
					"uv": [0, 0, 6.949999999999999, 0.5],
					"texture": "#1"
				},
				"south": {"uv": [0, 0, 1, 1], "texture": "#1"},
				"west": {"uv": [0, 0, 6.95, 1], "texture": "#1"},
				"up": {"uv": [2.5, 2, 3.5, 8.5], "texture": "#1"},
				"down": {"uv": [2.5, 1, 3.5, 7.5], "texture": "#1"}
			},
			"type": "cube"
		},
		{
			"name": "cube",
			"from": [6.1, 4, -0.049999999999998934],
			"to": [6.6, 4.5, 6.600000000000001],
			"faces": {
				"north": {"uv": [0, 0, 1, 0.5], "texture": "#2"},
				"east": {"uv": [0, 0, 7.25, 1], "texture": "#2"},
				"south": {"uv": [0, 0, 1, 1], "texture": "#2"},
				"west": {
					"uv": [4, 7.5, 11.25, 8.5],
					"texture": "#2"
				},
				"up": {"uv": [2.5, 2, 3.5, 8.5], "texture": "#2"},
				"down": {"uv": [2.5, 1, 3.5, 7.5], "texture": "#2"}
			},
			"type": "cube"
		},
		{
			"name": "paper",
			"from": [10, 0.25, 0],
			"to": [10.5, 6.5, 6.5],
			"faces": {
				"north": {"uv": [5.5, 0, 9, 14], "texture": "#5"},
				"east": {
					"uv": [0.5, 0.5, 14.5, 14.5],
					"texture": "#5"
				},
				"south": {
					"uv": [4.5, 0.5, 8, 12.5],
					"texture": "#5"
				},
				"west": {"uv": [1, 0.5, 15, 14.5], "texture": "#5"},
				"up": {"uv": [6.5, 1, 10, 15], "texture": "#5"},
				"down": {
					"uv": [8.5, 0.5, 10.5, 14.5],
					"texture": "#5"
				}
			},
			"type": "cube"
		},
		{
			"name": "cube",
			"from": [9.9, 3.75, -0.09999999999999964],
			"to": [10.6, 4.25, 6.6],
			"faces": {
				"north": {"uv": [0, 0, 1, 0.5], "texture": "#4"},
				"east": {"uv": [2.5, 8, 9.45, 9], "texture": "#4"},
				"south": {
					"uv": [3.5, 4, 5.5, 5.5],
					"texture": "#4"
				},
				"west": {"uv": [2.5, 1, 9.45, 2], "texture": "#4"},
				"up": {"uv": [5, 0.5, 6, 7], "texture": "#4"},
				"down": {"uv": [2.5, 1, 3.5, 7.5], "texture": "#4"}
			},
			"type": "cube"
		},
		{
			"name": "paper",
			"from": [7.5, 0.25, 0.20000000000000018],
			"to": [8.25, 7, 6.7],
			"faces": {
				"north": {"uv": [5.5, 0, 9, 14], "texture": "#0"},
				"east": {
					"uv": [0.5, 0.5, 14.5, 14.5],
					"texture": "#0"
				},
				"south": {"uv": [10.5, 3, 13, 14], "texture": "#0"},
				"west": {
					"uv": [0.5, 0.5, 14.5, 14.5],
					"texture": "#0"
				},
				"up": {"uv": [7, 0, 10.5, 14], "texture": "#0"},
				"down": {
					"uv": [8.5, 0.5, 10.5, 14.5],
					"texture": "#0"
				}
			},
			"type": "cube"
		},
		{
			"name": "paper",
			"from": [10.75, 0.25, 0],
			"to": [11.25, 7, 6],
			"faces": {
				"north": {"uv": [0, 0, 3.5, 14.5], "texture": "#0"},
				"east": {
					"uv": [1, 0.5, 15.5, 15.5],
					"texture": "#0"
				},
				"south": {"uv": [5.5, 0, 9, 14.5], "texture": "#0"},
				"west": {"uv": [1, 1, 15.5, 15.5], "texture": "#0"},
				"up": {"uv": [9.5, 1, 13, 15.5], "texture": "#0"},
				"down": {"uv": [0, 0, 1, 7], "texture": "#0"}
			},
			"type": "cube"
		},
		{
			"name": "cube",
			"from": [10.65, 4.75, -0.09999999999999964],
			"to": [11.35, 5.25, 6.1],
			"faces": {
				"north": {"uv": [0, 0, 1, 0.5], "texture": "#1"},
				"east": {"uv": [5, 6, 11.95, 7], "texture": "#1"},
				"south": {"uv": [0, 0, 1, 1], "texture": "#1"},
				"west": {
					"uv": [0, 0, 6.949999999999999, 0.5],
					"texture": "#1"
				},
				"up": {"uv": [2.5, 2, 3.5, 8.5], "texture": "#1"},
				"down": {"uv": [2.5, 1, 3.5, 7.5], "texture": "#1"}
			},
			"type": "cube"
		},
		{
			"name": "cube",
			"from": [
				7.450000000000001,
				3.25,
				0.10000000000000053
			],
			"to": [8.35, 3.75, 6.8],
			"faces": {
				"north": {"uv": [0, 0, 1, 0.5], "texture": "#3"},
				"east": {"uv": [0, 0.5, 6.95, 1], "texture": "#3"},
				"south": {"uv": [0, 0.5, 2, 1.5], "texture": "#3"},
				"west": {
					"uv": [2.5, 0.5, 9.45, 1.5],
					"texture": "#3"
				},
				"up": {"uv": [5, 0.5, 6, 7], "texture": "#3"},
				"down": {"uv": [2.5, 1, 3.5, 7.5], "texture": "#3"}
			},
			"type": "cube"
		},
		{
			"name": "cube",
			"from": [6.1, 1.75, -0.049999999999998934],
			"to": [6.6, 2.25, 6.600000000000001],
			"faces": {
				"north": {"uv": [0, 0, 1, 0.5], "texture": "#2"},
				"east": {"uv": [0, 0, 7.25, 1], "texture": "#2"},
				"south": {"uv": [0, 0, 1, 1], "texture": "#2"},
				"west": {
					"uv": [4, 7.5, 11.25, 8.5],
					"texture": "#2"
				},
				"up": {"uv": [2.5, 2, 3.5, 8.5], "texture": "#2"},
				"down": {"uv": [2.5, 1, 3.5, 7.5], "texture": "#2"}
			},
			"type": "cube"
		},
		{
			"name": "cube",
			"from": [10.65, 1.5, -0.09999999999999964],
			"to": [11.35, 2, 6.1],
			"faces": {
				"north": {"uv": [0, 0, 1, 0.5], "texture": "#1"},
				"east": {"uv": [5, 6, 11.95, 7], "texture": "#1"},
				"south": {"uv": [0, 0, 1, 1], "texture": "#1"},
				"west": {
					"uv": [0, 0, 6.949999999999999, 0.5],
					"texture": "#1"
				},
				"up": {"uv": [2.5, 2, 3.5, 8.5], "texture": "#1"},
				"down": {"uv": [2.5, 1, 3.5, 7.5], "texture": "#1"}
			},
			"type": "cube"
		},
		{
			"name": "cube",
			"from": [9.9, 1, -0.09999999999999964],
			"to": [10.6, 1.5, 6.6],
			"faces": {
				"north": {"uv": [0, 0, 1, 0.5], "texture": "#4"},
				"east": {"uv": [2.5, 8, 9.45, 9], "texture": "#4"},
				"south": {
					"uv": [3.5, 4, 5.5, 5.5],
					"texture": "#4"
				},
				"west": {"uv": [2.5, 1, 9.45, 2], "texture": "#4"},
				"up": {"uv": [5, 0.5, 6, 7], "texture": "#4"},
				"down": {"uv": [2.5, 1, 3.5, 7.5], "texture": "#4"}
			},
			"type": "cube"
		}
	],
	"display": {
		"thirdperson_righthand": {
			"rotation": [0, 0, 0],
			"translation": [0, 0, 0],
			"scale": [1, 1, 1]
		},
		"thirdperson_lefthand": {
			"rotation": [0, 0, 90],
			"translation": [-8.8, 0, -2],
			"scale": [1.6, 1.8, 1.6]
		},
		"firstperson_lefthand": {
			"rotation": [0, 0, 0],
			"translation": [0, 0, 0],
			"scale": [1, 1, 1]
		},
		"gui": {
			"rotation": [30, 35, 0],
			"translation": [0, 0, 0],
			"scale": [1, 1, 1]
		},
		"head": {
			"rotation": [0, 0, 0],
			"translation": [0, -15.5, -0.5],
			"scale": [2.25, 2.25, 2.25]
		},
		"fixed": {
			"rotation": [0, 0, 0],
			"translation": [0, 1, 0],
			"scale": [0.5, 0.5, 0.5]
		}
	}
}