{
	"credit": "Made with Blockbench, a free, modern block model editor by JannisX11",
	"textures": {
		"0": "books/pages",
		"1": "books/black_pages",
		"2": "books/leather2",
		"3": "books/red_book",
		"4": "books/blue_book",
		"particle": "books/pages"
	},
	"elements": [
		{
			"name": "Pages",
			"from": [6.85, 0.25, 0.25],
			"to": [8.35, 7.75, 6.5],
			"faces": {
				"north": {"uv": [0, 0, 4.5, 16], "texture": "#0"},
				"east": {"uv": [0, 0, 6.25, 8.5], "texture": "#0"},
				"south": {
					"uv": [9.5, 0, 14.5, 16],
					"texture": "#0"
				},
				"west": {"uv": [0, 0, 6.25, 8.5], "texture": "#0"},
				"up": {"uv": [10, 1, 14, 13.25], "texture": "#0"},
				"down": {"uv": [0, 0, 2, 6.25], "texture": "#0"}
			},
			"type": "cube"
		},
		{
			"name": "Cover1",
			"from": [8.35, 0, -0.25],
			"to": [8.6, 8, 7],
			"faces": {
				"north": {"uv": [4, 0, 4.25, 8], "texture": "#2"},
				"east": {"uv": [4, 0, 10.75, 8], "texture": "#2"},
				"south": {"uv": [8.5, 0, 8.75, 8], "texture": "#2"},
				"west": {"uv": [9, 0, 15.75, 8], "texture": "#2"},
				"up": {"uv": [0, 0, 0.25, 6.75], "texture": "#2"},
				"down": {"uv": [9, 8, 9.25, 14.75], "texture": "#2"}
			},
			"type": "cube"
		},
		{
			"name": "Cover2",
			"from": [6.6, 0, -0.25],
			"to": [6.85, 8, 7],
			"faces": {
				"north": {"uv": [8, 0, 8.25, 8], "texture": "#2"},
				"east": {"uv": [4.5, 0, 11.25, 8], "texture": "#2"},
				"south": {"uv": [7, 0, 7.25, 8], "texture": "#2"},
				"west": {"uv": [8.5, 0, 15.25, 8], "texture": "#2"},
				"up": {"uv": [0, 0, 0.25, 6.75], "texture": "#2"},
				"down": {
					"uv": [7.5, 7.5, 7.75, 14.25],
					"texture": "#2"
				}
			},
			"type": "cube"
		},
		{
			"name": "stonebind2",
			"from": [6.85, 3.000000000000001, 0],
			"to": [8.35, 3.95, 6.75],
			"faces": {
				"north": {"uv": [0.5, 4, 2, 4.95], "texture": "#2"},
				"east": {"uv": [0, 0, 0.25, 7], "texture": "#2"},
				"south": {
					"uv": [12, 3.5, 13.5, 4.45],
					"texture": "#2"
				},
				"west": {"uv": [0, 0, 0.25, 7], "texture": "#2"},
				"up": {"uv": [4.5, 1.5, 6, 8.25], "texture": "#2"},
				"down": {"uv": [6.5, 0, 8, 0.25], "texture": "#2"}
			},
			"type": "cube"
		},
		{
			"name": "Pages",
			"from": [8.75, 0.25, 0.25],
			"to": [9.25, 7.75, 6.5],
			"faces": {
				"north": {"uv": [0, 0, 2.5, 16], "texture": "#0"},
				"east": {
					"uv": [3.5, 2, 13.25, 11],
					"texture": "#0"
				},
				"south": {
					"uv": [9.5, 0, 11.5, 16],
					"texture": "#0"
				},
				"west": {"uv": [0, 0, 6.25, 8.5], "texture": "#0"},
				"up": {"uv": [7, 0, 9, 15.75], "texture": "#0"},
				"down": {"uv": [0, 0, 2, 6.25], "texture": "#0"}
			},
			"type": "cube"
		},
		{
			"name": "Pages",
			"from": [9.5, 0.25, 0.25],
			"to": [10, 6.75, 5.5],
			"faces": {
				"north": {"uv": [0, 0, 2.5, 16], "texture": "#0"},
				"east": {
					"uv": [3.5, 2, 13.25, 11],
					"texture": "#0"
				},
				"south": {
					"uv": [9.5, 0, 11.5, 16],
					"texture": "#0"
				},
				"west": {"uv": [0, 0, 6.25, 8.5], "texture": "#0"},
				"up": {"uv": [7, 0, 9, 15.75], "texture": "#0"},
				"down": {"uv": [0, 0, 2, 6.25], "texture": "#0"}
			},
			"type": "cube"
		},
		{
			"name": "Pages",
			"from": [10.05, 0.25, 0.25],
			"to": [10.55, 6.75, 5.5],
			"faces": {
				"north": {"uv": [0, 0, 2.5, 16], "texture": "#0"},
				"east": {
					"uv": [3.5, 2, 13.25, 11],
					"texture": "#0"
				},
				"south": {
					"uv": [9.5, 0, 11.5, 16],
					"texture": "#0"
				},
				"west": {"uv": [0, 0, 6.25, 8.5], "texture": "#0"},
				"up": {"uv": [7, 0, 9, 15.75], "texture": "#0"},
				"down": {"uv": [0, 0, 2, 6.25], "texture": "#0"}
			},
			"type": "cube"
		},
		{
			"name": "Pages",
			"from": [10.6, 0.25, 0.25],
			"to": [11.1, 6.75, 5.5],
			"faces": {
				"north": {"uv": [0, 0, 2.5, 16], "texture": "#0"},
				"east": {
					"uv": [3.5, 2, 13.25, 11],
					"texture": "#0"
				},
				"south": {
					"uv": [9.5, 0, 11.5, 16],
					"texture": "#0"
				},
				"west": {"uv": [0, 0, 6.25, 8.5], "texture": "#0"},
				"up": {"uv": [7, 0, 9, 15.75], "texture": "#0"},
				"down": {"uv": [0, 0, 2, 6.25], "texture": "#0"}
			},
			"type": "cube"
		},
		{
			"name": "Pages",
			"from": [11.4, 0.25, 0.25],
			"to": [12.15, 7.5, 6],
			"faces": {
				"north": {"uv": [0, 0, 2.5, 16], "texture": "#0"},
				"east": {
					"uv": [3.5, 2, 13.25, 11],
					"texture": "#0"
				},
				"south": {
					"uv": [9.5, 0, 11.5, 16],
					"texture": "#0"
				},
				"west": {"uv": [0, 0, 6.25, 8.5], "texture": "#0"},
				"up": {"uv": [7, 0, 9, 15.75], "texture": "#0"},
				"down": {"uv": [0, 0, 2, 6.25], "texture": "#0"}
			},
			"type": "cube"
		},
		{
			"name": "cube",
			"from": [11.35, 3.5, 0.1999999999999993],
			"to": [12.25, 4.5, 6.1],
			"faces": {
				"north": {"uv": [0, 0, 1.9, 2], "texture": "#4"},
				"east": {"uv": [0, 0, 11.9, 2], "texture": "#4"},
				"south": {"uv": [6, 4, 7.9, 6], "texture": "#4"},
				"west": {
					"uv": [1.5, 5.5, 13.4, 7.5],
					"texture": "#4"
				},
				"up": {"uv": [8.5, 0, 10.4, 11.9], "texture": "#4"},
				"down": {
					"uv": [0, 0, 0.9000000000000004, 5.9],
					"texture": "#4"
				}
			},
			"type": "cube"
		},
		{
			"name": "cube",
			"from": [9.45, 2.75, 0.1999999999999993],
			"to": [11.2, 3.75, 5.6],
			"faces": {
				"north": {
					"uv": [6.75, 6.5, 8.25, 7.5],
					"texture": "#3"
				},
				"east": {"uv": [4, 0.5, 9.4, 1.5], "texture": "#3"},
				"south": {
					"uv": [6.75, 4.5, 8.25, 5.5],
					"texture": "#3"
				},
				"west": {
					"uv": [8, 0.5, 13.4, 1.5],
					"texture": "#3"
				},
				"up": {
					"uv": [6.5, 3.5, 8.25, 8.9],
					"texture": "#3"
				},
				"down": {"uv": [0, 0, 1.75, 5.4], "texture": "#3"}
			},
			"type": "cube"
		},
		{
			"name": "cube",
			"from": [8.7, 5.75, 0.1999999999999993],
			"to": [9.35, 6.35, 6.6],
			"faces": {
				"north": {
					"uv": [
						0,
						0,
						0.3250000000000002,
						0.2999999999999998
					],
					"texture": "#1"
				},
				"east": {
					"uv": [0, 0, 3.2, 0.2999999999999998],
					"texture": "#1"
				},
				"south": {
					"uv": [
						0,
						0,
						0.3250000000000002,
						0.2999999999999998
					],
					"texture": "#1"
				},
				"west": {
					"uv": [0, 0, 3.2, 0.2999999999999998],
					"texture": "#1"
				},
				"up": {
					"uv": [0, 0, 0.3250000000000002, 3.2],
					"texture": "#1"
				},
				"down": {
					"uv": [0, 0, 0.3250000000000002, 3.2],
					"texture": "#1"
				}
			},
			"type": "cube"
		},
		{
			"name": "cube",
			"from": [8.7, 1.5, 0.1999999999999993],
			"to": [9.35, 2.0999999999999996, 6.6],
			"faces": {
				"north": {
					"uv": [
						0,
						0,
						0.3250000000000002,
						0.2999999999999998
					],
					"texture": "#1"
				},
				"east": {
					"uv": [0, 0, 3.2, 0.2999999999999998],
					"texture": "#1"
				},
				"south": {
					"uv": [
						0,
						0,
						0.3250000000000002,
						0.2999999999999998
					],
					"texture": "#1"
				},
				"west": {
					"uv": [0, 0, 3.2, 0.2999999999999998],
					"texture": "#1"
				},
				"up": {
					"uv": [0, 0, 0.3250000000000002, 3.2],
					"texture": "#1"
				},
				"down": {
					"uv": [0, 0, 0.3250000000000002, 3.2],
					"texture": "#1"
				}
			},
			"type": "cube"
		}
	],
	"display": {
		"thirdperson_righthand": {
			"rotation": [0, 0, 0],
			"translation": [0, 0, 0],
			"scale": [1, 1, 1]
		},
		"thirdperson_lefthand": {
			"rotation": [0, 0, 90],
			"translation": [-7, 0, -2],
			"scale": [1.7, 1.5, 1.7]
		},
		"firstperson_lefthand": {
			"rotation": [0, 0, 0],
			"translation": [0, 0, 0],
			"scale": [1, 1, 1]
		},
		"gui": {
			"rotation": [30, 35, 0],
			"translation": [0, 0, 0],
			"scale": [1, 1, 1]
		},
		"head": {
			"rotation": [0, 0, 0],
			"translation": [0, -15.5, -0.5],
			"scale": [2.25, 2.25, 2.25]
		},
		"fixed": {
			"rotation": [0, 0, 0],
			"translation": [0, 1, 0],
			"scale": [0.5, 0.5, 0.5]
		}
	}
}