{
	"credit": "Made with Blockbench, a free, modern block model editor by JannisX11",
	"textures": {
		"0": "books/cyan2",
		"2": "books/redblack_book",
		"3": "books/pages",
		"7": "books/brown_trim2",
		"9": "books/golden_pages",
		"particle": "books/redblack_book"
	},
	"elements": [
		{
			"name": "Book5.1",
			"from": [6.21, 7.75, 3.5],
			"to": [7.46, 13.75, 8],
			"faces": {
				"east": {"uv": [2, 7.5, 6.75, 14], "texture": "#7"},
				"south": {"uv": [3.5, 7.5, 5, 14], "texture": "#7"},
				"west": {"uv": [10.25, 8, 14.75, 14], "texture": "#7"}
			}
		},
		{
			"name": "Paper5.1",
			"from": [6.21, 7.65, 3.5],
			"to": [7.46, 13.55, 8],
			"faces": {
				"up": {"uv": [7, 6.5, 8.5, 10.5], "texture": "#3"}
			}
		},
		{
			"name": "Paper5.2",
			"from": [7.47, 7.65, 3.75],
			"to": [8.72, 13.3, 8],
			"faces": {
				"up": {"uv": [7, 6.5, 8.5, 10.5], "texture": "#3"}
			}
		},
		{
			"name": "Book5.2",
			"from": [7.47, 7.75, 3.75],
			"to": [8.72, 13.5, 8],
			"faces": {
				"east": {"uv": [8, 7, 12.75, 13.5], "texture": "#7"},
				"south": {"uv": [7.5, 7, 9, 13.5], "texture": "#7"},
				"west": {"uv": [4, 7.5, 8.5, 13.5], "texture": "#7"}
			}
		},
		{
			"name": "Book5.3",
			"from": [8.73, 7.75, 3.75],
			"to": [9.48, 13.25, 8],
			"faces": {
				"east": {"uv": [10.5, 0, 14.75, 5.5], "texture": "#2"},
				"south": {"uv": [2, 0, 2.75, 5.5], "texture": "#2"},
				"west": {"uv": [2.5, 0, 6.75, 5.5], "texture": "#2"}
			}
		},
		{
			"name": "Paper5.3",
			"from": [8.73, 7.65, 3.75],
			"to": [9.48, 13.05, 8],
			"faces": {
				"up": {"uv": [7, 6.5, 8.5, 10.5], "texture": "#3"}
			}
		},
		{
			"name": "Book5.4",
			"from": [9.49, 7.75, 3.5],
			"to": [10.49, 12.75, 7.75],
			"faces": {
				"east": {"uv": [8.5, 4, 12.75, 9], "texture": "#0"},
				"south": {"uv": [7.5, 4, 8.5, 9], "texture": "#0"},
				"west": {"uv": [7.5, 3, 11.75, 8], "texture": "#0"}
			}
		},
		{
			"name": "Book5.5",
			"from": [9.49, 7.75, 3.75],
			"to": [10.49, 12.5, 7.75],
			"faces": {
				"up": {"uv": [9, 6.5, 10, 10.75], "texture": "#9"}
			}
		}
	],
	"display": {
		"thirdperson_righthand": {
			"rotation": [0, 0, 0],
			"translation": [0, 0, 0]
		},
		"thirdperson_lefthand": {
			"rotation": [0, 0, 90],
			"translation": [0.7, -2.025, -4.6],
			"scale": [2, 2, 2]
		},
		"firstperson_lefthand": {
			"rotation": [0, 0, 0],
			"translation": [0, 0, 0]
		},
		"gui": {
			"rotation": [30, 35, 0],
			"translation": [0, 0, 0]
		},
		"head": {
			"rotation": [0, 270, 0],
			"translation": [10.75, -9.75, 0],
			"scale": [2.291, 2.225, 2.32]
		},
		"fixed": {
			"rotation": [0, 0, 0],
			"translation": [0, 1, 0],
			"scale": [0.5, 0.5, 0.5]
		}
	}
}