{
	"credit": "Made with Blockbench, a free, modern block model editor by JannisX11",
	"textures": {
		"0": "block/anvil",
		"3": "books/pages",
		"5": "books/green_book2",
		"6": "books/blue_book_gold",
		"7": "books/brown_trim2",
		"10": "books/purple_book",
		"12": "books/leather1",
		"particle": "block/anvil"
	},
	"elements": [
		{
			"name": "Book6.1",
			"from": [14.91, 7.65, 4],
			"to": [15.41, 10.6, 7],
			"rotation": {"angle": 0, "axis": "z", "origin": [15.16, 9.6, 5.5]},
			"faces": {
				"east": {"uv": [3, 11.5, 6, 16], "texture": "#10"},
				"south": {"uv": [0, 11.5, 0.5, 16], "texture": "#10"},
				"west": {"uv": [0, 0, 3, 4.5], "texture": "#10"}
			}
		},
		{
			"name": "Paper6.1",
			"from": [14.91, 7.65, 4],
			"to": [15.41, 10.5, 7],
			"rotation": {"angle": 0, "axis": "z", "origin": [15.16, 9.6, 5.5]},
			"faces": {
				"up": {"uv": [0, 0, 0.5, 3], "texture": "#3"}
			}
		},
		{
			"name": "Book6.2",
			"from": [14, 7.65, 4],
			"to": [14.5, 12.1, 7],
			"rotation": {"angle": -22.5, "axis": "z", "origin": [14.25, 9.6, 5.5]},
			"faces": {
				"east": {"uv": [10, 1, 13, 5.5], "texture": "#5"},
				"south": {"uv": [9.5, 1, 10, 5.5], "texture": "#5"},
				"west": {"uv": [4, 1, 7, 5.5], "texture": "#5"}
			}
		},
		{
			"name": "Paper6.2",
			"from": [14, 7.65, 4],
			"to": [14.5, 12, 7],
			"rotation": {"angle": -22.5, "axis": "z", "origin": [14.25, 9.6, 5.5]},
			"faces": {
				"up": {"uv": [14.5, 6, 15, 9], "texture": "#3"},
				"down": {"uv": [4.5, 1.5, 5, 4.5], "texture": "#3"}
			}
		},
		{
			"name": "Book6.3",
			"from": [12.68, 7.65, 4.25],
			"to": [13.93, 13.6, 7.25],
			"rotation": {"angle": -22.5, "axis": "z", "origin": [13.68, 9.6, 5.75]},
			"faces": {
				"east": {"uv": [2.5, 2, 5.5, 7.95], "texture": "#7"},
				"south": {"uv": [5, 2, 6.25, 7.95], "texture": "#7"},
				"west": {"uv": [6.5, 2, 9.5, 7.95], "texture": "#7"}
			}
		},
		{
			"name": "Paper6.3",
			"from": [12.68, 7.85, 4.25],
			"to": [13.93, 13.5, 7.25],
			"rotation": {"angle": -22.5, "axis": "z", "origin": [13.68, 9.6, 5.75]},
			"faces": {
				"up": {"uv": [14.5, 6, 15, 9], "texture": "#3"},
				"down": {"uv": [4.5, 1.5, 5, 4.5], "texture": "#3"}
			}
		},
		{
			"name": "Book6.3",
			"from": [12.89, 9.25, 4],
			"to": [13.39, 13.55, 7],
			"rotation": {"angle": -22.5, "axis": "z", "origin": [13.14, 11.6, 5.5]},
			"faces": {
				"east": {"uv": [8.5, 0, 11.5, 3.6], "texture": "#5"},
				"south": {"uv": [0, 0, 0.5, 3.6], "texture": "#5"},
				"west": {"uv": [4, 0, 7, 3.6], "texture": "#5"}
			}
		},
		{
			"name": "Paper6.3",
			"from": [12.89, 9.35, 4],
			"to": [13.39, 13.45, 7],
			"rotation": {"angle": -22.5, "axis": "z", "origin": [13.14, 11.6, 5.5]},
			"faces": {
				"up": {"uv": [14.5, 6, 15, 9], "texture": "#3"},
				"down": {"uv": [4.5, 1.5, 5, 4.5], "texture": "#3"}
			}
		},
		{
			"name": "Book6.4",
			"from": [12.7, 10.5, 3.8],
			"to": [13.2, 14, 6.8],
			"rotation": {"angle": -22.5, "axis": "z", "origin": [12.95, 12.45, 5.3]},
			"faces": {
				"east": {"uv": [8.5, 7.5, 11.5, 10.2], "texture": "#12"},
				"south": {"uv": [5.5, 6.5, 6, 9.2], "texture": "#12"},
				"west": {"uv": [6, 8, 9, 10.7], "texture": "#12"}
			}
		},
		{
			"name": "Paper6.4",
			"from": [12.7, 10.6, 3.8],
			"to": [13.2, 13.9, 6.8],
			"rotation": {"angle": -22.5, "axis": "z", "origin": [12.95, 12.45, 5.3]},
			"faces": {
				"up": {"uv": [14.5, 6, 15, 9], "texture": "#3"},
				"down": {"uv": [4.5, 1.5, 5, 4.5], "texture": "#3"}
			}
		},
		{
			"name": "Book6.6",
			"from": [10.48, 7.75, 3.25],
			"to": [11.98, 14.25, 8],
			"faces": {
				"east": {"uv": [10, 4.5, 14.75, 11], "texture": "#6"},
				"south": {"uv": [3.5, 4.5, 5, 11], "texture": "#6"},
				"west": {"uv": [1, 4.5, 5.75, 11], "texture": "#6"}
			}
		},
		{
			"name": "Paper6.6",
			"from": [10.48, 7.65, 3.25],
			"to": [11.98, 14.05, 8],
			"faces": {
				"up": {"uv": [7, 6.5, 8.5, 10.5], "texture": "#3"}
			}
		},
		{
			"name": "BookHolder1",
			"from": [10.1, 7.75, 4.25],
			"to": [10.45, 10.75, 6.5],
			"faces": {
				"south": {"uv": [0, 0, 0.35, 3], "texture": "#0"},
				"west": {"uv": [0, 0, 2.25, 3], "texture": "#0"},
				"up": {"uv": [0, 0, 0.35, 2.25], "texture": "#0"}
			}
		},
		{
			"name": "BookHolder3",
			"from": [8.65, 7.75, 4.5],
			"to": [10.75, 8, 6.25],
			"faces": {
				"north": {"uv": [0, 0, 2.1, 0.25], "texture": "#0"},
				"south": {"uv": [0, 0, 2.1, 0.25], "texture": "#0"},
				"west": {"uv": [0, 0, 1.75, 0.25], "texture": "#0"},
				"up": {"uv": [7, 7, 9.1, 8.75], "texture": "#0"}
			}
		}
	],
	"display": {
		"thirdperson_righthand": {
			"rotation": [0, 0, 0],
			"translation": [0, 0, 0]
		},
		"thirdperson_lefthand": {
			"rotation": [0, 0, 90],
			"translation": [0.7, 5.9, -4.6],
			"scale": [2, 2, 2]
		},
		"firstperson_lefthand": {
			"rotation": [0, 0, 0],
			"translation": [0, 0, 0]
		},
		"gui": {
			"rotation": [30, 35, 0],
			"translation": [0, 0, 0]
		},
		"head": {
			"rotation": [0, 270, 0],
			"translation": [10.75, -9.75, 0],
			"scale": [2.291, 2.225, 2.32]
		},
		"fixed": {
			"rotation": [0, 0, 0],
			"translation": [0, 1, 0],
			"scale": [0.5, 0.5, 0.5]
		}
	}
}