{
	"credit": "Made with Blockbench",
	"parent": "item/generated",
	"textures": {
		"layer0": "item/bow_standby.png"
	},
	"display": {
		"thirdperson_righthand": {
			"rotation": [-80, 260, -40],
			"translation": [-1, 1.5, -1.25],
			"scale": [0.9, 0.9, 0.6]
		},
		"thirdperson_lefthand": {
			"rotation": [-80, -280, 40],
			"translation": [-1, 1.5, -1.25],
			"scale": [0.9, 0.9, 0.6]
		},
		"firstperson_righthand": {
			"rotation": [0, -90, 25],
			"translation": [3.38, 3.25, 1.13],
			"scale": [0.68, 0.68, 0.3]
		},
		"firstperson_lefthand": {
			"rotation": [0, -90, 25],
			"translation": [3.38, 3.25, 1.13],
			"scale": [0.68, 0.68, 0.3]
		}
	}
}