{
  "parent": "item/generated",
  "textures": {
    "layer0": "items/empty_armor_slot_shield"
  },
  "display": {
    "thirdperson_righthand": {
      "rotation": [ 0, 90, 0 ],
      "translation": [ 3.5, -2, 3 ],
      "scale": [ 2, 2, 1 ]
    },
    "thirdperson_lefthand": {
      "rotation": [ 0, 90, 0 ],
      "translation": [ 3.5, -2, 3 ],
      "scale": [ 2, 2, 1 ]
    },
    "firstperson_righthand": {
      "rotation": [ 9, 1, 90 ],
      "translation": [ 0, -8, -3 ],
      "scale": [ 2.2, 2.2, 1.1 ]
    },
    "firstperson_lefthand": {
      "rotation": [ 9, 1, 90 ],
      "translation": [ 0, -8, -3 ],
      "scale": [ 2.2, 2.2, 1.1 ]
    },
    "gui": {
      "rotation": [ 0, 0, -0 ],
      "translation": [ 0, 0, -10 ],
      "scale": [ 1, 1, 1 ]
    },
    "fixed": {
      "rotation": [ 0.5, 0.1, 0 ],
      "translation": [ 0, 0, -0.95 ],
      "scale": [ 3.3, 3.3, 1.0 ]
    },
    "ground": {
      "rotation": [ 0, 0, 0 ],
      "translation": [ 0, 2, 0],
      "scale":[ 1.5, 1.5, 0.5 ]
    }
  }
}
