{
	"credit": "Made with Blockbench",
	"textures": {
		"0": "item/daka_weapon",
		"1": "item/edakaweapon",
		"particle": "item/daka_weapon"
	},
	"elements": [
		{
			"from": [4.9, 7.5, 4.29],
			"to": [10.1, 13, 4.29],
			"faces": {
				"north": {"uv": [0, 0, 5, 5.5], "texture": "#1"},
				"east": {"uv": [0, 0, 0, 5.5], "texture": "#1"},
				"south": {"uv": [5, 0, 10, 5.5], "texture": "#1"},
				"west": {"uv": [0, 0, 0, 5.5], "texture": "#1"},
				"up": {"uv": [5, 0, 0, 0], "texture": "#1"},
				"down": {"uv": [5, 0, 0, 0], "texture": "#1"}
			}
		},
		{
			"from": [2.95, 12.94, 4.2],
			"to": [3.95, 13.24, 4.4],
			"rotation": {"angle": -22.5, "axis": "z", "origin": [4, 0, 0.4]},
			"faces": {
				"north": {"uv": [0, 14, 0.5, 14.25], "texture": "#0"},
				"east": {"uv": [10.5, 15, 10.75, 15.25], "texture": "#0"},
				"south": {"uv": [14, 2, 14.5, 2.25], "texture": "#0"},
				"west": {"uv": [15, 10.5, 15.25, 10.75], "texture": "#0"},
				"up": {"uv": [14.5, 2.75, 14, 2.5], "texture": "#0"},
				"down": {"uv": [3.5, 14, 3, 14.25], "texture": "#0"}
			}
		},
		{
			"from": [2.35, 9.94, 4.2],
			"to": [3.35, 10.24, 4.4],
			"rotation": {"angle": -22.5, "axis": "z", "origin": [0, 0, 0.4]},
			"faces": {
				"north": {"uv": [3.5, 14, 4, 14.25], "texture": "#0"},
				"east": {"uv": [11, 15, 11.25, 15.25], "texture": "#0"},
				"south": {"uv": [14, 4, 14.5, 4.25], "texture": "#0"},
				"west": {"uv": [15, 11, 15.25, 11.25], "texture": "#0"},
				"up": {"uv": [14.5, 4.75, 14, 4.5], "texture": "#0"},
				"down": {"uv": [14.5, 5, 14, 5.25], "texture": "#0"}
			}
		},
		{
			"from": [-2.43, 10.08, 4.2],
			"to": [-1.63, 10.38, 4.4],
			"rotation": {"angle": -45, "axis": "z", "origin": [0, 0, 0.4]},
			"faces": {
				"north": {"uv": [14, 5.5, 14.5, 5.75], "texture": "#0"},
				"east": {"uv": [11.5, 15, 11.75, 15.25], "texture": "#0"},
				"south": {"uv": [7, 14, 7.5, 14.25], "texture": "#0"},
				"west": {"uv": [15, 11.5, 15.25, 11.75], "texture": "#0"},
				"up": {"uv": [14.5, 7.25, 14, 7], "texture": "#0"},
				"down": {"uv": [8, 14, 7.5, 14.25], "texture": "#0"}
			}
		},
		{
			"from": [8.38, 6.1, 4.2],
			"to": [8.68, 7.1, 4.4],
			"rotation": {"angle": 22.5, "axis": "z", "origin": [0, 0, 0.4]},
			"faces": {
				"north": {"uv": [14, 7.5, 14.25, 8], "texture": "#0"},
				"east": {"uv": [8, 14, 8.25, 14.5], "texture": "#0"},
				"south": {"uv": [14, 8, 14.25, 8.5], "texture": "#0"},
				"west": {"uv": [8.5, 14, 8.75, 14.5], "texture": "#0"},
				"up": {"uv": [12.25, 15.25, 12, 15], "texture": "#0"},
				"down": {"uv": [15.25, 12, 15, 12.25], "texture": "#0"}
			}
		},
		{
			"from": [5.02, 9.75, 4.2],
			"to": [5.32, 10.75, 4.4],
			"rotation": {"angle": 0, "axis": "y", "origin": [0, 0, 0.4]},
			"faces": {
				"north": {"uv": [14, 8.5, 14.25, 9], "texture": "#0"},
				"east": {"uv": [9, 14, 9.25, 14.5], "texture": "#0"},
				"south": {"uv": [9.5, 14, 9.75, 14.5], "texture": "#0"},
				"west": {"uv": [14, 9.5, 14.25, 10], "texture": "#0"},
				"up": {"uv": [12.75, 15.25, 12.5, 15], "texture": "#0"},
				"down": {"uv": [15.25, 12.5, 15, 12.75], "texture": "#0"}
			}
		},
		{
			"from": [7.04, 14.3, 4.2],
			"to": [7.34, 15.3, 4.4],
			"rotation": {"angle": -22.5, "axis": "z", "origin": [-2.9, 17.6, 0.4]},
			"faces": {
				"north": {"uv": [14, 10.5, 14.25, 11], "texture": "#0"},
				"east": {"uv": [14, 11, 14.25, 11.5], "texture": "#0"},
				"south": {"uv": [14, 11.5, 14.25, 12], "texture": "#0"},
				"west": {"uv": [14, 12, 14.25, 12.5], "texture": "#0"},
				"up": {"uv": [13.25, 15.25, 13, 15], "texture": "#0"},
				"down": {"uv": [15.25, 13, 15, 13.25], "texture": "#0"}
			}
		},
		{
			"from": [3.23, 8.95, 4.2],
			"to": [4.25, 9.25, 4.4],
			"rotation": {"angle": 22.5, "axis": "z", "origin": [-2.9, 17.6, 0.4]},
			"faces": {
				"north": {"uv": [14, 12.5, 14.5, 12.75], "texture": "#0"},
				"east": {"uv": [13.5, 15, 13.75, 15.25], "texture": "#0"},
				"south": {"uv": [14, 13, 14.5, 13.25], "texture": "#0"},
				"west": {"uv": [15, 13.5, 15.25, 13.75], "texture": "#0"},
				"up": {"uv": [14, 14.25, 13.5, 14], "texture": "#0"},
				"down": {"uv": [14.5, 14, 14, 14.25], "texture": "#0"}
			}
		},
		{
			"from": [7.3, 25.6, 7.3],
			"to": [7.7, 31.6, 7.7],
			"faces": {
				"north": {"uv": [3, 7, 3.25, 10], "texture": "#0"},
				"east": {"uv": [3.5, 7, 3.75, 10], "texture": "#0"},
				"south": {"uv": [4, 7, 4.25, 10], "texture": "#0"},
				"west": {"uv": [7, 4, 7.25, 7], "texture": "#0"},
				"up": {"uv": [14.25, 15.25, 14, 15], "texture": "#0"},
				"down": {"uv": [15.25, 14, 15, 14.25], "texture": "#0"}
			}
		},
		{
			"from": [6.9, 22.6, 6.9],
			"to": [8.1, 25.6, 8.1],
			"faces": {
				"north": {"uv": [4.5, 7, 5, 8.5], "texture": "#0"},
				"east": {"uv": [5, 7, 5.5, 8.5], "texture": "#0"},
				"south": {"uv": [5.5, 7, 6, 8.5], "texture": "#0"},
				"west": {"uv": [6, 7, 6.5, 8.5], "texture": "#0"},
				"up": {"uv": [11, 10.5, 10.5, 10], "texture": "#0"},
				"down": {"uv": [12, 9.5, 11.5, 10], "texture": "#0"}
			}
		},
		{
			"from": [6.8, 20.6, 6.8],
			"to": [8.2, 22.6, 8.2],
			"faces": {
				"north": {"uv": [6.5, 7, 7.25, 8], "texture": "#0"},
				"east": {"uv": [7.5, 0, 8.25, 1], "texture": "#0"},
				"south": {"uv": [7.5, 1, 8.25, 2], "texture": "#0"},
				"west": {"uv": [7.5, 2, 8.25, 3], "texture": "#0"},
				"up": {"uv": [11.25, 0.75, 10.5, 0], "texture": "#0"},
				"down": {"uv": [11.25, 1, 10.5, 1.75], "texture": "#0"}
			}
		},
		{
			"from": [6.7, 17.6, 6.7],
			"to": [8.3, 20.6, 8.3],
			"faces": {
				"north": {"uv": [2, 3, 2.75, 4.5], "texture": "#0"},
				"east": {"uv": [3, 3, 3.75, 4.5], "texture": "#0"},
				"south": {"uv": [4, 3, 4.75, 4.5], "texture": "#0"},
				"west": {"uv": [2, 4.5, 2.75, 6], "texture": "#0"},
				"up": {"uv": [2.25, 11.25, 1.5, 10.5], "texture": "#0"},
				"down": {"uv": [11.25, 2, 10.5, 2.75], "texture": "#0"}
			}
		},
		{
			"from": [7, 25.6, 7],
			"to": [8, 28.2, 8],
			"faces": {
				"north": {"uv": [10, 6, 10.5, 7.25], "texture": "#0"},
				"east": {"uv": [7, 10, 7.5, 11.25], "texture": "#0"},
				"south": {"uv": [7.5, 10, 8, 11.25], "texture": "#0"},
				"west": {"uv": [10, 7.5, 10.5, 8.75], "texture": "#0"},
				"up": {"uv": [11, 12, 10.5, 11.5], "texture": "#0"},
				"down": {"uv": [12.5, 4, 12, 4.5], "texture": "#0"}
			}
		},
		{
			"from": [6.6, 16.1, 6.6],
			"to": [8.4, 17.6, 8.4],
			"faces": {
				"north": {"uv": [7.5, 3, 8.5, 3.75], "texture": "#0"},
				"east": {"uv": [7.5, 4, 8.5, 4.75], "texture": "#0"},
				"south": {"uv": [7.5, 5, 8.5, 5.75], "texture": "#0"},
				"west": {"uv": [7.5, 6, 8.5, 6.75], "texture": "#0"},
				"up": {"uv": [6, 4, 5, 3], "texture": "#0"},
				"down": {"uv": [6, 4, 5, 5], "texture": "#0"}
			}
		},
		{
			"from": [6.7, 14.6, 6.7],
			"to": [8.3, 16.1, 8.3],
			"faces": {
				"north": {"uv": [10.5, 3, 11.25, 3.75], "texture": "#0"},
				"east": {"uv": [10.5, 4, 11.25, 4.75], "texture": "#0"},
				"south": {"uv": [4.5, 10.5, 5.25, 11.25], "texture": "#0"},
				"west": {"uv": [10.5, 5, 11.25, 5.75], "texture": "#0"},
				"up": {"uv": [6.25, 11.25, 5.5, 10.5], "texture": "#0"},
				"down": {"uv": [11.25, 6, 10.5, 6.75], "texture": "#0"}
			}
		},
		{
			"from": [6.6, 13.6, 6.6],
			"to": [8.4, 15.1, 8.4],
			"faces": {
				"north": {"uv": [7.5, 7, 8.5, 7.75], "texture": "#0"},
				"east": {"uv": [6.5, 8, 7.5, 8.75], "texture": "#0"},
				"south": {"uv": [7.5, 8, 8.5, 8.75], "texture": "#0"},
				"west": {"uv": [8.5, 0, 9.5, 0.75], "texture": "#0"},
				"up": {"uv": [6, 6, 5, 5], "texture": "#0"},
				"down": {"uv": [7, 0, 6, 1], "texture": "#0"}
			}
		},
		{
			"from": [6.6, 18.6, 6.6],
			"to": [8.4, 20.1, 8.4],
			"faces": {
				"north": {"uv": [8.5, 1, 9.5, 1.75], "texture": "#0"},
				"east": {"uv": [8.5, 2, 9.5, 2.75], "texture": "#0"},
				"south": {"uv": [8.5, 3, 9.5, 3.75], "texture": "#0"},
				"west": {"uv": [8.5, 4, 9.5, 4.75], "texture": "#0"},
				"up": {"uv": [7, 2, 6, 1], "texture": "#0"},
				"down": {"uv": [3, 6, 2, 7], "texture": "#0"}
			}
		},
		{
			"from": [6.7, 21.1, 6.7],
			"to": [8.3, 22.3, 8.3],
			"faces": {
				"north": {"uv": [13, 4, 13.75, 4.5], "texture": "#0"},
				"east": {"uv": [13, 4.5, 13.75, 5], "texture": "#0"},
				"south": {"uv": [5.5, 13, 6.25, 13.5], "texture": "#0"},
				"west": {"uv": [13, 7, 13.75, 7.5], "texture": "#0"},
				"up": {"uv": [11.25, 7.75, 10.5, 7], "texture": "#0"},
				"down": {"uv": [11.25, 8, 10.5, 8.75], "texture": "#0"}
			}
		},
		{
			"from": [6.6, 5.5, 6.6],
			"to": [8.4, 7, 8.4],
			"faces": {
				"north": {"uv": [4.5, 8.5, 5.5, 9.25], "texture": "#0"},
				"east": {"uv": [8.5, 5, 9.5, 5.75], "texture": "#0"},
				"south": {"uv": [5.5, 8.5, 6.5, 9.25], "texture": "#0"},
				"west": {"uv": [8.5, 6, 9.5, 6.75], "texture": "#0"},
				"up": {"uv": [7, 3, 6, 2], "texture": "#0"},
				"down": {"uv": [4, 6, 3, 7], "texture": "#0"}
			}
		},
		{
			"from": [6.8, 23.2, 6.8],
			"to": [8.2, 24.7, 8.2],
			"faces": {
				"north": {"uv": [10.5, 9, 11.25, 9.75], "texture": "#0"},
				"east": {"uv": [10, 10.5, 10.75, 11.25], "texture": "#0"},
				"south": {"uv": [11, 10, 11.75, 10.75], "texture": "#0"},
				"west": {"uv": [11, 11, 11.75, 11.75], "texture": "#0"},
				"up": {"uv": [12.25, 0.75, 11.5, 0], "texture": "#0"},
				"down": {"uv": [12.25, 1, 11.5, 1.75], "texture": "#0"}
			}
		},
		{
			"from": [7.1, 25.6, 7.1],
			"to": [7.9, 29, 7.9],
			"faces": {
				"north": {"uv": [6, 5, 6.5, 6.75], "texture": "#0"},
				"east": {"uv": [6.5, 5, 7, 6.75], "texture": "#0"},
				"south": {"uv": [0, 7, 0.5, 8.75], "texture": "#0"},
				"west": {"uv": [7, 0, 7.5, 1.75], "texture": "#0"},
				"up": {"uv": [8.5, 13.5, 8, 13], "texture": "#0"},
				"down": {"uv": [13.5, 10.5, 13, 11], "texture": "#0"}
			}
		},
		{
			"from": [7.2, 25.6, 7.2],
			"to": [7.8, 30.2, 7.8],
			"faces": {
				"north": {"uv": [2.5, 10.5, 2.75, 12.75], "texture": "#0"},
				"east": {"uv": [6.5, 10.5, 6.75, 12.75], "texture": "#0"},
				"south": {"uv": [8, 10.5, 8.25, 12.75], "texture": "#0"},
				"west": {"uv": [1.5, 11.5, 1.75, 13.75], "texture": "#0"},
				"up": {"uv": [14.75, 15.25, 14.5, 15], "texture": "#0"},
				"down": {"uv": [15.25, 14.5, 15, 14.75], "texture": "#0"}
			}
		},
		{
			"from": [7.2, -9.6, 7.2],
			"to": [7.8, -5, 7.8],
			"faces": {
				"north": {"uv": [2, 11.5, 2.25, 13.75], "texture": "#0"},
				"east": {"uv": [11.5, 2, 11.75, 4.25], "texture": "#0"},
				"south": {"uv": [3, 11.5, 3.25, 13.75], "texture": "#0"},
				"west": {"uv": [3.5, 11.5, 3.75, 13.75], "texture": "#0"},
				"up": {"uv": [15.25, 15.25, 15, 15], "texture": "#0"},
				"down": {"uv": [0.25, 15.5, 0, 15.75], "texture": "#0"}
			}
		},
		{
			"from": [7.3, -11.2, 7.3],
			"to": [7.7, -5, 7.7],
			"faces": {
				"north": {"uv": [8.5, 7, 8.75, 10], "texture": "#0"},
				"east": {"uv": [0, 9, 0.25, 12], "texture": "#0"},
				"south": {"uv": [0.5, 9, 0.75, 12], "texture": "#0"},
				"west": {"uv": [1, 9, 1.25, 12], "texture": "#0"},
				"up": {"uv": [15.75, 0.25, 15.5, 0], "texture": "#0"},
				"down": {"uv": [0.75, 15.5, 0.5, 15.75], "texture": "#0"}
			}
		},
		{
			"from": [6.9, -5, 6.9],
			"to": [8.1, -2, 8.1],
			"faces": {
				"north": {"uv": [1.5, 9, 2, 10.5], "texture": "#0"},
				"east": {"uv": [2, 9, 2.5, 10.5], "texture": "#0"},
				"south": {"uv": [2.5, 9, 3, 10.5], "texture": "#0"},
				"west": {"uv": [6.5, 9, 7, 10.5], "texture": "#0"},
				"up": {"uv": [13.5, 11.5, 13, 11], "texture": "#0"},
				"down": {"uv": [13.5, 11.5, 13, 12], "texture": "#0"}
			}
		},
		{
			"from": [6.8, -2, 6.8],
			"to": [8.2, 0, 8.2],
			"faces": {
				"north": {"uv": [7, 9, 7.75, 10], "texture": "#0"},
				"east": {"uv": [9, 7, 9.75, 8], "texture": "#0"},
				"south": {"uv": [9, 8, 9.75, 9], "texture": "#0"},
				"west": {"uv": [9, 9, 9.75, 10], "texture": "#0"},
				"up": {"uv": [4.75, 12.25, 4, 11.5], "texture": "#0"},
				"down": {"uv": [12.25, 4.5, 11.5, 5.25], "texture": "#0"}
			}
		},
		{
			"from": [6.7, 0, 6.7],
			"to": [8.3, 3, 8.3],
			"faces": {
				"north": {"uv": [3, 4.5, 3.75, 6], "texture": "#0"},
				"east": {"uv": [4, 4.5, 4.75, 6], "texture": "#0"},
				"south": {"uv": [5, 0, 5.75, 1.5], "texture": "#0"},
				"west": {"uv": [5, 1.5, 5.75, 3], "texture": "#0"},
				"up": {"uv": [5.75, 12.25, 5, 11.5], "texture": "#0"},
				"down": {"uv": [12.25, 5.5, 11.5, 6.25], "texture": "#0"}
			}
		},
		{
			"from": [7, -7.6, 7],
			"to": [8, -5, 8],
			"faces": {
				"north": {"uv": [8.5, 10, 9, 11.25], "texture": "#0"},
				"east": {"uv": [9, 10, 9.5, 11.25], "texture": "#0"},
				"south": {"uv": [10, 9, 10.5, 10.25], "texture": "#0"},
				"west": {"uv": [9.5, 10, 10, 11.25], "texture": "#0"},
				"up": {"uv": [12.5, 13.5, 12, 13], "texture": "#0"},
				"down": {"uv": [13.5, 12, 13, 12.5], "texture": "#0"}
			}
		},
		{
			"from": [6.6, 3, 6.6],
			"to": [8.4, 4.5, 8.4],
			"faces": {
				"north": {"uv": [9.5, 0, 10.5, 0.75], "texture": "#0"},
				"east": {"uv": [9.5, 1, 10.5, 1.75], "texture": "#0"},
				"south": {"uv": [9.5, 2, 10.5, 2.75], "texture": "#0"},
				"west": {"uv": [9.5, 3, 10.5, 3.75], "texture": "#0"},
				"up": {"uv": [7, 4, 6, 3], "texture": "#0"},
				"down": {"uv": [5, 6, 4, 7], "texture": "#0"}
			}
		},
		{
			"from": [6.7, 4.5, 6.7],
			"to": [8.3, 6, 8.3],
			"faces": {
				"north": {"uv": [11.5, 6.5, 12.25, 7.25], "texture": "#0"},
				"east": {"uv": [7, 11.5, 7.75, 12.25], "texture": "#0"},
				"south": {"uv": [11.5, 7.5, 12.25, 8.25], "texture": "#0"},
				"west": {"uv": [8.5, 11.5, 9.25, 12.25], "texture": "#0"},
				"up": {"uv": [12.25, 9.25, 11.5, 8.5], "texture": "#0"},
				"down": {"uv": [10.25, 11.5, 9.5, 12.25], "texture": "#0"}
			}
		},
		{
			"from": [6.6, 0.5, 6.6],
			"to": [8.4, 2, 8.4],
			"faces": {
				"north": {"uv": [9.5, 4, 10.5, 4.75], "texture": "#0"},
				"east": {"uv": [4.5, 9.5, 5.5, 10.25], "texture": "#0"},
				"south": {"uv": [9.5, 5, 10.5, 5.75], "texture": "#0"},
				"west": {"uv": [5.5, 9.5, 6.5, 10.25], "texture": "#0"},
				"up": {"uv": [7, 5, 6, 4], "texture": "#0"},
				"down": {"uv": [6, 6, 5, 7], "texture": "#0"}
			}
		},
		{
			"from": [6.7, -1.7, 6.7],
			"to": [8.3, -0.5, 8.3],
			"faces": {
				"north": {"uv": [13, 7.5, 13.75, 8], "texture": "#0"},
				"east": {"uv": [13, 8, 13.75, 8.5], "texture": "#0"},
				"south": {"uv": [13, 8.5, 13.75, 9], "texture": "#0"},
				"west": {"uv": [13, 9.5, 13.75, 10], "texture": "#0"},
				"up": {"uv": [0.75, 12.75, 0, 12], "texture": "#0"},
				"down": {"uv": [12.75, 2, 12, 2.75], "texture": "#0"}
			}
		},
		{
			"from": [6.8, -4.1, 6.8],
			"to": [8.2, -2.6, 8.2],
			"faces": {
				"north": {"uv": [12, 3, 12.75, 3.75], "texture": "#0"},
				"east": {"uv": [12, 9.5, 12.75, 10.25], "texture": "#0"},
				"south": {"uv": [10.5, 12, 11.25, 12.75], "texture": "#0"},
				"west": {"uv": [12, 10.5, 12.75, 11.25], "texture": "#0"},
				"up": {"uv": [12.25, 12.75, 11.5, 12], "texture": "#0"},
				"down": {"uv": [13.25, 0, 12.5, 0.75], "texture": "#0"}
			}
		},
		{
			"from": [7.1, -8.4, 7.1],
			"to": [7.9, -5, 7.9],
			"faces": {
				"north": {"uv": [0.5, 7, 1, 8.75], "texture": "#0"},
				"east": {"uv": [1, 7, 1.5, 8.75], "texture": "#0"},
				"south": {"uv": [1.5, 7, 2, 8.75], "texture": "#0"},
				"west": {"uv": [2, 7, 2.5, 8.75], "texture": "#0"},
				"up": {"uv": [13, 13.5, 12.5, 13], "texture": "#0"},
				"down": {"uv": [13.5, 12.5, 13, 13], "texture": "#0"}
			}
		},
		{
			"from": [6.9, 6.5, 6.9],
			"to": [8.1, 14, 8.1],
			"faces": {
				"north": {"uv": [0, 3, 0.5, 6.75], "texture": "#0"},
				"east": {"uv": [0.5, 3, 1, 6.75], "texture": "#0"},
				"south": {"uv": [1, 3, 1.5, 6.75], "texture": "#0"},
				"west": {"uv": [1.5, 3, 2, 6.75], "texture": "#0"},
				"up": {"uv": [13.5, 13.5, 13, 13], "texture": "#0"},
				"down": {"uv": [14, 0, 13.5, 0.5], "texture": "#0"}
			}
		},
		{
			"from": [6.9, 8.8, 1],
			"to": [8.1, 9, 4],
			"rotation": {"angle": 22.5, "axis": "x", "origin": [0, 0, 0.4]},
			"faces": {
				"north": {"uv": [0, 14.5, 0.5, 14.75], "texture": "#0"},
				"east": {"uv": [13, 10, 14.5, 10.25], "texture": "#0"},
				"south": {"uv": [0.5, 14.5, 1, 14.75], "texture": "#0"},
				"west": {"uv": [10.5, 13, 12, 13.25], "texture": "#0"},
				"up": {"uv": [8.5, 10.5, 8, 9], "texture": "#0"},
				"down": {"uv": [3.5, 10, 3, 11.5], "texture": "#0"}
			}
		},
		{
			"from": [6.9, 10.01, 8.75],
			"to": [8.1, 10.21, 12.35],
			"rotation": {"angle": -22.5, "axis": "x", "origin": [0, 0, 0.4]},
			"faces": {
				"north": {"uv": [14.5, 0.5, 15, 0.75], "texture": "#0"},
				"east": {"uv": [13, 3, 14.75, 3.25], "texture": "#0"},
				"south": {"uv": [1, 14.5, 1.5, 14.75], "texture": "#0"},
				"west": {"uv": [13, 3.5, 14.75, 3.75], "texture": "#0"},
				"up": {"uv": [7.5, 3.75, 7, 2], "texture": "#0"},
				"down": {"uv": [3, 7, 2.5, 8.75], "texture": "#0"}
			}
		},
		{
			"from": [6.9, 12.3, 4.2],
			"to": [8.1, 12.63, 4.4],
			"rotation": {"angle": 0, "axis": "y", "origin": [0, 0, 0.4]},
			"faces": {
				"north": {"uv": [1.5, 14.5, 2, 14.75], "texture": "#0"},
				"east": {"uv": [15.5, 0.5, 15.75, 0.75], "texture": "#0"},
				"south": {"uv": [2, 14.5, 2.5, 14.75], "texture": "#0"},
				"west": {"uv": [1, 15.5, 1.25, 15.75], "texture": "#0"},
				"up": {"uv": [15, 2.25, 14.5, 2], "texture": "#0"},
				"down": {"uv": [3, 14.5, 2.5, 14.75], "texture": "#0"}
			}
		},
		{
			"from": [-1.23, 5.24, 4.3],
			"to": [-0.43, 7.44, 4.5],
			"rotation": {"angle": 45, "axis": "z", "origin": [-2.9, 17.6, 0.4]},
			"faces": {
				"north": {"uv": [9.5, 6, 10, 7], "texture": "#0"},
				"east": {"uv": [0.5, 13.5, 0.75, 14.5], "texture": "#0"},
				"south": {"uv": [6, 11.5, 6.5, 12.5], "texture": "#0"},
				"west": {"uv": [1, 13.5, 1.25, 14.5], "texture": "#0"},
				"up": {"uv": [15, 9.25, 14.5, 9], "texture": "#0"},
				"down": {"uv": [10, 14.5, 9.5, 14.75], "texture": "#0"}
			}
		},
		{
			"from": [-1.12, 11.91, 4.2],
			"to": [-0.32, 12.21, 4.4],
			"rotation": {"angle": -45, "axis": "z", "origin": [4, 0, 0.4]},
			"faces": {
				"north": {"uv": [14.5, 9.5, 15, 9.75], "texture": "#0"},
				"east": {"uv": [15.5, 4, 15.75, 4.25], "texture": "#0"},
				"south": {"uv": [10, 14.5, 10.5, 14.75], "texture": "#0"},
				"west": {"uv": [4.5, 15.5, 4.75, 15.75], "texture": "#0"},
				"up": {"uv": [15, 10.25, 14.5, 10], "texture": "#0"},
				"down": {"uv": [11, 14.5, 10.5, 14.75], "texture": "#0"}
			}
		},
		{
			"from": [13.325, 7.67, 4.2],
			"to": [13.625, 8.67, 4.4],
			"rotation": {"angle": 22.5, "axis": "z", "origin": [4, 0, 0.4]},
			"faces": {
				"north": {"uv": [14.5, 10.5, 14.75, 11], "texture": "#0"},
				"east": {"uv": [11, 14.5, 11.25, 15], "texture": "#0"},
				"south": {"uv": [14.5, 11, 14.75, 11.5], "texture": "#0"},
				"west": {"uv": [11.5, 14.5, 11.75, 15], "texture": "#0"},
				"up": {"uv": [15.75, 4.75, 15.5, 4.5], "texture": "#0"},
				"down": {"uv": [5.25, 15.5, 5, 15.75], "texture": "#0"}
			}
		},
		{
			"from": [9.66, 9.77, 4.2],
			"to": [9.96, 10.77, 4.4],
			"rotation": {"angle": 0, "axis": "y", "origin": [4, 0, 0.4]},
			"faces": {
				"north": {"uv": [14.5, 11.5, 14.75, 12], "texture": "#0"},
				"east": {"uv": [12, 14.5, 12.25, 15], "texture": "#0"},
				"south": {"uv": [14.5, 12, 14.75, 12.5], "texture": "#0"},
				"west": {"uv": [12.5, 14.5, 12.75, 15], "texture": "#0"},
				"up": {"uv": [15.75, 5.25, 15.5, 5], "texture": "#0"},
				"down": {"uv": [5.75, 15.5, 5.5, 15.75], "texture": "#0"}
			}
		},
		{
			"from": [11.98, 12.76, 4.2],
			"to": [12.28, 13.76, 4.4],
			"rotation": {"angle": -22.5, "axis": "z", "origin": [1.1, 17.6, 0.4]},
			"faces": {
				"north": {"uv": [14.5, 12.5, 14.75, 13], "texture": "#0"},
				"east": {"uv": [13, 14.5, 13.25, 15], "texture": "#0"},
				"south": {"uv": [14.5, 13, 14.75, 13.5], "texture": "#0"},
				"west": {"uv": [13.5, 14.5, 13.75, 15], "texture": "#0"},
				"up": {"uv": [15.75, 5.75, 15.5, 5.5], "texture": "#0"},
				"down": {"uv": [6.25, 15.5, 6, 15.75], "texture": "#0"}
			}
		},
		{
			"from": [0.11, 5.42, 4.2],
			"to": [0.91, 5.72, 4.4],
			"rotation": {"angle": 45, "axis": "z", "origin": [1.1, 17.6, 0.4]},
			"faces": {
				"north": {"uv": [14.5, 13.5, 15, 13.75], "texture": "#0"},
				"east": {"uv": [15.5, 6, 15.75, 6.25], "texture": "#0"},
				"south": {"uv": [14, 14.5, 14.5, 14.75], "texture": "#0"},
				"west": {"uv": [6.5, 15.5, 6.75, 15.75], "texture": "#0"},
				"up": {"uv": [15, 14.25, 14.5, 14], "texture": "#0"},
				"down": {"uv": [15, 14.5, 14.5, 14.75], "texture": "#0"}
			}
		},
		{
			"from": [3.83, 5.97, 4.2],
			"to": [4.85, 6.27, 4.4],
			"rotation": {"angle": 22.5, "axis": "z", "origin": [1.1, 17.6, 0.4]},
			"faces": {
				"north": {"uv": [0, 15, 0.5, 15.25], "texture": "#0"},
				"east": {"uv": [15.5, 6.5, 15.75, 6.75], "texture": "#0"},
				"south": {"uv": [15, 0, 15.5, 0.25], "texture": "#0"},
				"west": {"uv": [7, 15.5, 7.25, 15.75], "texture": "#0"},
				"up": {"uv": [1, 15.25, 0.5, 15], "texture": "#0"},
				"down": {"uv": [15.5, 0.5, 15, 0.75], "texture": "#0"}
			}
		},
		{
			"from": [6.9, 7.9, 4.2],
			"to": [8.1, 8.2, 4.4],
			"rotation": {"angle": 0, "axis": "y", "origin": [0, 0, 0.4]},
			"faces": {
				"north": {"uv": [1, 15, 1.5, 15.25], "texture": "#0"},
				"east": {"uv": [15.5, 7, 15.75, 7.25], "texture": "#0"},
				"south": {"uv": [15, 1, 15.5, 1.25], "texture": "#0"},
				"west": {"uv": [7.5, 15.5, 7.75, 15.75], "texture": "#0"},
				"up": {"uv": [2, 15.25, 1.5, 15], "texture": "#0"},
				"down": {"uv": [15.5, 1.5, 15, 1.75], "texture": "#0"}
			}
		},
		{
			"from": [-1.23, 7.24, 4.2],
			"to": [-0.43, 7.54, 4.4],
			"rotation": {"angle": 45, "axis": "z", "origin": [-2.9, 17.6, 0.4]},
			"faces": {
				"north": {"uv": [2, 15, 2.5, 15.25], "texture": "#0"},
				"east": {"uv": [15.5, 7.5, 15.75, 7.75], "texture": "#0"},
				"south": {"uv": [15, 2, 15.5, 2.25], "texture": "#0"},
				"west": {"uv": [8, 15.5, 8.25, 15.75], "texture": "#0"},
				"up": {"uv": [3, 15.25, 2.5, 15], "texture": "#0"},
				"down": {"uv": [15.5, 2.5, 15, 2.75], "texture": "#0"}
			}
		},
		{
			"from": [3.23, 6.95, 4.3],
			"to": [4.25, 9.15, 4.5],
			"rotation": {"angle": 22.5, "axis": "z", "origin": [-2.9, 17.6, 0.4]},
			"faces": {
				"north": {"uv": [1, 12, 1.5, 13], "texture": "#0"},
				"east": {"uv": [4, 13.5, 4.25, 14.5], "texture": "#0"},
				"south": {"uv": [12.5, 1, 13, 2], "texture": "#0"},
				"west": {"uv": [4.5, 13.5, 4.75, 14.5], "texture": "#0"},
				"up": {"uv": [3.5, 15.25, 3, 15], "texture": "#0"},
				"down": {"uv": [15.5, 3, 15, 3.25], "texture": "#0"}
			}
		},
		{
			"from": [6.9, 9.3, 4.3],
			"to": [8.1, 12.53, 4.5],
			"rotation": {"angle": 0, "axis": "y", "origin": [0, 0, 0.4]},
			"faces": {
				"north": {"uv": [3.5, 10, 4, 11.5], "texture": "#0"},
				"east": {"uv": [2.5, 13, 2.75, 14.5], "texture": "#0"},
				"south": {"uv": [4, 10, 4.5, 11.5], "texture": "#0"},
				"west": {"uv": [6.5, 13, 6.75, 14.5], "texture": "#0"},
				"up": {"uv": [4, 15.25, 3.5, 15], "texture": "#0"},
				"down": {"uv": [15.5, 3.5, 15, 3.75], "texture": "#0"}
			}
		},
		{
			"from": [2.95, 10.94, 4.3],
			"to": [3.95, 13.14, 4.5],
			"rotation": {"angle": -22.5, "axis": "z", "origin": [4, 0, 0.4]},
			"faces": {
				"north": {"uv": [4, 12.5, 4.5, 13.5], "texture": "#0"},
				"east": {"uv": [5, 13.5, 5.25, 14.5], "texture": "#0"},
				"south": {"uv": [12.5, 4, 13, 5], "texture": "#0"},
				"west": {"uv": [13.5, 5, 13.75, 6], "texture": "#0"},
				"up": {"uv": [4.5, 15.25, 4, 15], "texture": "#0"},
				"down": {"uv": [15.5, 4, 15, 4.25], "texture": "#0"}
			}
		},
		{
			"from": [-1.12, 9.91, 4.3],
			"to": [-0.32, 12.11, 4.5],
			"rotation": {"angle": -45, "axis": "z", "origin": [4, 0, 0.4]},
			"faces": {
				"north": {"uv": [4.5, 12.5, 5, 13.5], "texture": "#0"},
				"east": {"uv": [5.5, 13.5, 5.75, 14.5], "texture": "#0"},
				"south": {"uv": [5, 12.5, 5.5, 13.5], "texture": "#0"},
				"west": {"uv": [6, 13.5, 6.25, 14.5], "texture": "#0"},
				"up": {"uv": [5, 15.25, 4.5, 15], "texture": "#0"},
				"down": {"uv": [15.5, 4.5, 15, 4.75], "texture": "#0"}
			}
		},
		{
			"from": [11.325, 7.67, 4.3],
			"to": [13.525, 8.67, 4.5],
			"rotation": {"angle": 22.5, "axis": "z", "origin": [4, 0, 0.4]},
			"faces": {
				"north": {"uv": [12, 11.5, 13, 12], "texture": "#0"},
				"east": {"uv": [5, 15, 5.25, 15.5], "texture": "#0"},
				"south": {"uv": [12.5, 5, 13.5, 5.5], "texture": "#0"},
				"west": {"uv": [15, 5, 15.25, 5.5], "texture": "#0"},
				"up": {"uv": [14.5, 0.75, 13.5, 0.5], "texture": "#0"},
				"down": {"uv": [14.5, 6, 13.5, 6.25], "texture": "#0"}
			}
		},
		{
			"from": [7.66, 9.77, 4.3],
			"to": [9.86, 10.77, 4.5],
			"rotation": {"angle": 0, "axis": "y", "origin": [4, 0, 0.4]},
			"faces": {
				"north": {"uv": [5.5, 12.5, 6.5, 13], "texture": "#0"},
				"east": {"uv": [5.5, 15, 5.75, 15.5], "texture": "#0"},
				"south": {"uv": [12.5, 5.5, 13.5, 6], "texture": "#0"},
				"west": {"uv": [15, 5.5, 15.25, 6], "texture": "#0"},
				"up": {"uv": [14.5, 6.75, 13.5, 6.5], "texture": "#0"},
				"down": {"uv": [8, 13.5, 7, 13.75], "texture": "#0"}
			}
		},
		{
			"from": [9.98, 12.76, 4.3],
			"to": [12.18, 13.76, 4.5],
			"rotation": {"angle": -22.5, "axis": "z", "origin": [1.1, 17.6, 0.4]},
			"faces": {
				"north": {"uv": [12.5, 6, 13.5, 6.5], "texture": "#0"},
				"east": {"uv": [6, 15, 6.25, 15.5], "texture": "#0"},
				"south": {"uv": [12.5, 6.5, 13.5, 7], "texture": "#0"},
				"west": {"uv": [15, 6, 15.25, 6.5], "texture": "#0"},
				"up": {"uv": [9, 13.75, 8, 13.5], "texture": "#0"},
				"down": {"uv": [10, 13.5, 9, 13.75], "texture": "#0"}
			}
		},
		{
			"from": [0.11, 5.52, 4.3],
			"to": [0.91, 7.72, 4.5],
			"rotation": {"angle": 45, "axis": "z", "origin": [1.1, 17.6, 0.4]},
			"faces": {
				"north": {"uv": [7, 12.5, 7.5, 13.5], "texture": "#0"},
				"east": {"uv": [10, 13.5, 10.25, 14.5], "texture": "#0"},
				"south": {"uv": [12.5, 7, 13, 8], "texture": "#0"},
				"west": {"uv": [10.5, 13.5, 10.75, 14.5], "texture": "#0"},
				"up": {"uv": [7, 15.25, 6.5, 15], "texture": "#0"},
				"down": {"uv": [15.5, 6.5, 15, 6.75], "texture": "#0"}
			}
		},
		{
			"from": [3.83, 6.07, 4.3],
			"to": [4.85, 8.27, 4.5],
			"rotation": {"angle": 22.5, "axis": "z", "origin": [1.1, 17.6, 0.4]},
			"faces": {
				"north": {"uv": [7.5, 12.5, 8, 13.5], "texture": "#0"},
				"east": {"uv": [13.5, 10.5, 13.75, 11.5], "texture": "#0"},
				"south": {"uv": [12.5, 8, 13, 9], "texture": "#0"},
				"west": {"uv": [11, 13.5, 11.25, 14.5], "texture": "#0"},
				"up": {"uv": [7.5, 15.25, 7, 15], "texture": "#0"},
				"down": {"uv": [15.5, 7, 15, 7.25], "texture": "#0"}
			}
		},
		{
			"from": [6.9, 8, 4.3],
			"to": [8.1, 10.2, 4.5],
			"rotation": {"angle": 0, "axis": "y", "origin": [0, 0, 0.4]},
			"faces": {
				"north": {"uv": [8.5, 12.5, 9, 13.5], "texture": "#0"},
				"east": {"uv": [11.5, 13.5, 11.75, 14.5], "texture": "#0"},
				"south": {"uv": [9, 12.5, 9.5, 13.5], "texture": "#0"},
				"west": {"uv": [13.5, 11.5, 13.75, 12.5], "texture": "#0"},
				"up": {"uv": [8, 15.25, 7.5, 15], "texture": "#0"},
				"down": {"uv": [15.5, 7.5, 15, 7.75], "texture": "#0"}
			}
		},
		{
			"from": [2.35, 10.04, 4.3],
			"to": [3.35, 12.24, 4.5],
			"rotation": {"angle": -22.5, "axis": "z", "origin": [0, 0, 0.4]},
			"faces": {
				"north": {"uv": [9.5, 12.5, 10, 13.5], "texture": "#0"},
				"east": {"uv": [12, 13.5, 12.25, 14.5], "texture": "#0"},
				"south": {"uv": [10, 12.5, 10.5, 13.5], "texture": "#0"},
				"west": {"uv": [12.5, 13.5, 12.75, 14.5], "texture": "#0"},
				"up": {"uv": [8.5, 15.25, 8, 15], "texture": "#0"},
				"down": {"uv": [15.5, 8, 15, 8.25], "texture": "#0"}
			}
		},
		{
			"from": [-2.43, 10.18, 4.3],
			"to": [-1.63, 12.38, 4.5],
			"rotation": {"angle": -45, "axis": "z", "origin": [0, 0, 0.4]},
			"faces": {
				"north": {"uv": [12.5, 12, 13, 13], "texture": "#0"},
				"east": {"uv": [13.5, 12.5, 13.75, 13.5], "texture": "#0"},
				"south": {"uv": [0, 13, 0.5, 14], "texture": "#0"},
				"west": {"uv": [13, 13.5, 13.25, 14.5], "texture": "#0"},
				"up": {"uv": [9, 15.25, 8.5, 15], "texture": "#0"},
				"down": {"uv": [15.5, 8.5, 15, 8.75], "texture": "#0"}
			}
		},
		{
			"from": [8.48, 6.1, 4.3],
			"to": [10.68, 7.1, 4.5],
			"rotation": {"angle": 22.5, "axis": "z", "origin": [0, 0, 0.4]},
			"faces": {
				"north": {"uv": [12.5, 9, 13.5, 9.5], "texture": "#0"},
				"east": {"uv": [9, 15, 9.25, 15.5], "texture": "#0"},
				"south": {"uv": [0.5, 13, 1.5, 13.5], "texture": "#0"},
				"west": {"uv": [15, 9, 15.25, 9.5], "texture": "#0"},
				"up": {"uv": [14.5, 9.25, 13.5, 9], "texture": "#0"},
				"down": {"uv": [14.5, 13.5, 13.5, 13.75], "texture": "#0"}
			}
		},
		{
			"from": [5.12, 9.75, 4.3],
			"to": [7.32, 10.75, 4.5],
			"rotation": {"angle": 0, "axis": "y", "origin": [0, 0, 0.4]},
			"faces": {
				"north": {"uv": [13, 1, 14, 1.5], "texture": "#0"},
				"east": {"uv": [9.5, 15, 9.75, 15.5], "texture": "#0"},
				"south": {"uv": [13, 1.5, 14, 2], "texture": "#0"},
				"west": {"uv": [15, 9.5, 15.25, 10], "texture": "#0"},
				"up": {"uv": [15, 0.25, 14, 0], "texture": "#0"},
				"down": {"uv": [15, 1, 14, 1.25], "texture": "#0"}
			}
		},
		{
			"from": [7.14, 14.3, 4.3],
			"to": [9.34, 15.3, 4.5],
			"rotation": {"angle": -22.5, "axis": "z", "origin": [-2.9, 17.6, 0.4]},
			"faces": {
				"north": {"uv": [13, 2, 14, 2.5], "texture": "#0"},
				"east": {"uv": [10, 15, 10.25, 15.5], "texture": "#0"},
				"south": {"uv": [13, 2.5, 14, 3], "texture": "#0"},
				"west": {"uv": [15, 10, 15.25, 10.5], "texture": "#0"},
				"up": {"uv": [2.5, 14.25, 1.5, 14], "texture": "#0"},
				"down": {"uv": [15, 1.5, 14, 1.75], "texture": "#0"}
			}
		}
	],
	"display": {
		"thirdperson_righthand": {
			"translation": [0, -4.25, 1.75]
		},
		"thirdperson_lefthand": {
			"rotation": [0, -90, 0],
			"translation": [-0.75, -4.25, 0.75]
		},
		"firstperson_righthand": {
			"rotation": [-11, -11, 0],
			"translation": [0, -2.5, 4.75]
		},
		"firstperson_lefthand": {
			"rotation": [-11, -90, 0],
			"translation": [0, -2.5, 1.5]
		},
		"ground": {
			"rotation": [90, 0, 0],
			"translation": [1.75, 0, -1.5],
			"scale": [1.4, 1.4, 1.4]
		},
		"gui": {
			"rotation": [54, 142, -59],
			"translation": [0.5, -0.75, 0],
			"scale": [0.8, 0.48, 0.51]
		},
		"head": {
			"rotation": [-27, 0, 0],
			"translation": [0, 1, -4.75],
			"scale": [1, 0.91, 1]
		},
		"fixed": {
			"translation": [0, 0, -0.75],
			"scale": [2, 2, 2]
		}
	},
	"groups": [
		{
			"name": "group",
			"origin": [-2.9, 17.6, 0.4],
			"color": 0,
			"nbt": "{}",
			"armAnimationEnabled": false,
			"children": [
				0,
				1,
				2,
				3,
				4,
				5,
				6,
				7,
				8,
				9,
				10,
				11,
				12,
				13,
				14,
				15,
				16,
				17,
				18,
				19,
				20,
				21,
				22,
				23,
				24,
				25,
				26,
				27,
				28,
				29,
				30,
				31,
				32,
				33,
				34,
				35,
				36,
				37,
				38,
				39,
				40,
				41,
				42,
				43,
				44,
				45,
				46,
				47,
				48,
				49,
				50,
				51,
				52,
				53,
				54,
				55,
				56,
				57,
				58,
				59,
				60,
				61
			]
		}
	]
}