{
	"credit": "Made with Blockbench",
	"texture_size": [64, 64],
	"textures": {
		"0": "item/schierke_hat",
		"particle": "item/schierke_hat"
	},
	"elements": [
		{
			"from": [13.8, 7.36, 11.5],
			"to": [16.2, 9.16, 14.2],
			"rotation": {"angle": -22.5, "axis": "y", "origin": [0, -1.5, -1.4]},
			"faces": {
				"north": {"uv": [7.25, 6.75, 7.75, 7.25], "texture": "#0"},
				"east": {"uv": [0, 6.75, 0.75, 7.25], "texture": "#0"},
				"south": {"uv": [7.25, 7.25, 7.75, 7.75], "texture": "#0"},
				"west": {"uv": [0.75, 6.75, 1.5, 7.25], "texture": "#0"},
				"up": {"uv": [2, 7.5, 1.5, 6.75], "texture": "#0"},
				"down": {"uv": [3.5, 6.75, 3, 7.5], "texture": "#0"}
			}
		},
		{
			"from": [2, 0, 2],
			"to": [14, 0.1, 14],
			"faces": {
				"north": {"uv": [6, 5.25, 9, 5.5], "texture": "#0"},
				"east": {"uv": [6.5, 3, 9.5, 3.25], "texture": "#0"},
				"south": {"uv": [6.5, 3.25, 9.5, 3.5], "texture": "#0"},
				"west": {"uv": [6.5, 3.5, 9.5, 3.75], "texture": "#0"},
				"up": {"uv": [3, 3, 0, 0], "texture": "#0"},
				"down": {"uv": [3, 3, 0, 6], "texture": "#0"}
			}
		},
		{
			"from": [3.9, 0.1, 3.9],
			"to": [12.1, 3.1, 12.1],
			"rotation": {"angle": 0, "axis": "y", "origin": [0, -0.9, 0]},
			"faces": {
				"north": {"uv": [4.5, 5.5, 6.5, 6.25], "texture": "#0"},
				"east": {"uv": [0, 6, 2, 6.75], "texture": "#0"},
				"south": {"uv": [6, 3.75, 8, 4.5], "texture": "#0"},
				"west": {"uv": [6, 4.5, 8, 5.25], "texture": "#0"},
				"up": {"uv": [5, 2, 3, 0], "texture": "#0"},
				"down": {"uv": [5, 2, 3, 4], "texture": "#0"}
			}
		},
		{
			"from": [4.9, 4.1, 2.9],
			"to": [11.1, 9.1, 9.1],
			"rotation": {"angle": 22.5, "axis": "x", "origin": [0, -0.9, 0]},
			"faces": {
				"north": {"uv": [5, 0, 6.5, 1.25], "texture": "#0"},
				"east": {"uv": [5, 1.25, 6.5, 2.5], "texture": "#0"},
				"south": {"uv": [5, 2.5, 6.5, 3.75], "texture": "#0"},
				"west": {"uv": [3, 5.5, 4.5, 6.75], "texture": "#0"},
				"up": {"uv": [4.5, 5.5, 3, 4], "texture": "#0"},
				"down": {"uv": [6, 4, 4.5, 5.5], "texture": "#0"}
			}
		},
		{
			"from": [5.9, 9.1, -0.2],
			"to": [10.1, 13.1, 4],
			"rotation": {"angle": 45, "axis": "x", "origin": [0, -0.9, 0]},
			"faces": {
				"north": {"uv": [2, 6, 3, 7], "texture": "#0"},
				"east": {"uv": [4.5, 6.25, 5.5, 7.25], "texture": "#0"},
				"south": {"uv": [5.5, 6.25, 6.5, 7.25], "texture": "#0"},
				"west": {"uv": [6.5, 0, 7.5, 1], "texture": "#0"},
				"up": {"uv": [7.5, 2, 6.5, 1], "texture": "#0"},
				"down": {"uv": [7.5, 2, 6.5, 3], "texture": "#0"}
			}
		},
		{
			"from": [6.6, 1.6, 13],
			"to": [9.4, 3.8, 15.5],
			"rotation": {"angle": -22.5, "axis": "x", "origin": [0, -0.9, 0]},
			"faces": {
				"north": {"uv": [3.5, 6.75, 4.25, 7.25], "texture": "#0"},
				"east": {"uv": [2, 7, 2.75, 7.5], "texture": "#0"},
				"south": {"uv": [6.5, 7, 7.25, 7.5], "texture": "#0"},
				"west": {"uv": [0, 7.25, 0.75, 7.75], "texture": "#0"},
				"up": {"uv": [7.25, 6.25, 6.5, 5.5], "texture": "#0"},
				"down": {"uv": [7.25, 6.25, 6.5, 7], "texture": "#0"}
			}
		},
		{
			"from": [6.8, 7.16, 12.5],
			"to": [9.2, 9.36, 15.2],
			"rotation": {"angle": 0, "axis": "y", "origin": [0, -1.5, -1.4]},
			"faces": {
				"north": {"uv": [7.5, 0, 8, 0.5], "texture": "#0"},
				"east": {"uv": [0.75, 7.25, 1.5, 7.75], "texture": "#0"},
				"south": {"uv": [7.5, 0.5, 8, 1], "texture": "#0"},
				"west": {"uv": [3.5, 7.25, 4.25, 7.75], "texture": "#0"},
				"up": {"uv": [4.75, 8, 4.25, 7.25], "texture": "#0"},
				"down": {"uv": [5.25, 7.25, 4.75, 8], "texture": "#0"}
			}
		},
		{
			"from": [-0.06, 7.26, 16.5],
			"to": [2.34, 9.26, 19.2],
			"rotation": {"angle": 22.5, "axis": "y", "origin": [0, -1.5, -1.4]},
			"faces": {
				"north": {"uv": [7.5, 1, 8, 1.5], "texture": "#0"},
				"east": {"uv": [5.25, 7.25, 6, 7.75], "texture": "#0"},
				"south": {"uv": [1.5, 7.5, 2, 8], "texture": "#0"},
				"west": {"uv": [7.25, 5.5, 8, 6], "texture": "#0"},
				"up": {"uv": [6.5, 8, 6, 7.25], "texture": "#0"},
				"down": {"uv": [7.75, 6, 7.25, 6.75], "texture": "#0"}
			}
		}
	],
	"display": {
		"thirdperson_righthand": {
			"rotation": [0, 51, 0],
			"translation": [0, 8.5, 0]
		},
		"thirdperson_lefthand": {
			"rotation": [0, 51, 0],
			"translation": [0, 8.5, 0]
		},
		"firstperson_righthand": {
			"rotation": [0, 51, 0],
			"translation": [0, 8.5, 0]
		},
		"firstperson_lefthand": {
			"rotation": [0, 51, 0],
			"translation": [0, 8.5, 0]
		},
		"ground": {
			"translation": [0, 4.5, 0]
		},
		"gui": {
			"rotation": [18, 128, 0],
			"translation": [-0.25, 2.75, 0],
			"scale": [0.84, 0.85, 0.85]
		},
		"head": {
			"translation": [0, 16.35, 0.25],
			"scale": [1.85, 1.85, 1.85]
		},
		"fixed": {
			"rotation": [-90, 0, 0],
			"translation": [0, 0, -17],
			"scale": [2, 2, 2]
		}
	},
	"groups": [
		{
			"name": "group",
			"origin": [8, 8, 8],
			"color": 0,
			"children": [0, 1, 2, 3, 4, 5, 6, 7]
		}
	]
}