{
	"credit": "Made with Blockbench, a free, modern block model editor by JannisX11",
	"textures": {
		"0": "books/pages",
		"1": "books/black_pages",
		"2": "books/stone_book",
		"particle": "books/pages"
	},
	"elements": [
		{
			"name": "Pages",
			"from": [6.75, 0.75, 0.25],
			"to": [8.25, 7.75, 6.5],
			"faces": {
				"north": {"uv": [0, 0, 4.5, 16], "texture": "#1"},
				"east": {"uv": [0, 0, 6.25, 8.5], "texture": "#1"},
				"south": {
					"uv": [9.5, 0, 14.5, 16],
					"texture": "#1"
				},
				"west": {"uv": [0, 0, 6.25, 8.5], "texture": "#1"},
				"up": {"uv": [9.5, 0, 14, 15.75], "texture": "#1"},
				"down": {"uv": [0, 0, 2, 6.25], "texture": "#1"}
			},
			"type": "cube"
		},
		{
			"name": "Cover1",
			"from": [8.25, 0.5, 0],
			"to": [8.5, 8, 7],
			"faces": {
				"north": {"uv": [7, 0, 7.25, 7.5], "texture": "#2"},
				"east": {"uv": [0.5, 0, 7.5, 7.5], "texture": "#2"},
				"south": {
					"uv": [8.5, 0, 8.75, 7.5],
					"texture": "#2"
				},
				"west": {
					"uv": [8.5, 0, 15.5, 7.5],
					"texture": "#2"
				},
				"up": {"uv": [0, 0, 0.25, 7.25], "texture": "#2"},
				"down": {"uv": [9, 8, 9.25, 14.75], "texture": "#2"}
			},
			"type": "cube"
		},
		{
			"name": "Cover2",
			"from": [6.5, 0.5, -1.7763568394002505e-15],
			"to": [6.75, 8, 7],
			"faces": {
				"north": {
					"uv": [8.5, 0, 8.75, 7.5],
					"texture": "#2"
				},
				"east": {
					"uv": [8.5, 0, 15.5, 7.5],
					"texture": "#2"
				},
				"south": {
					"uv": [7.5, 0, 7.75, 7.5],
					"texture": "#2"
				},
				"west": {
					"uv": [8.5, 0, 15.5, 7.5],
					"texture": "#2"
				},
				"up": {"uv": [0, 0, 0.25, 7.25], "texture": "#2"},
				"down": {
					"uv": [7.5, 7.5, 7.75, 14.25],
					"texture": "#2"
				}
			},
			"type": "cube"
		},
		{
			"name": "stonebind2",
			"from": [6.75, 2.750000000000001, 0],
			"to": [8.25, 3.7, 6.75],
			"faces": {
				"north": {"uv": [0.5, 4, 2, 4.95], "texture": "#2"},
				"east": {"uv": [0, 0, 0.25, 7], "texture": "#2"},
				"south": {
					"uv": [9.5, 4.5, 11, 5.45],
					"texture": "#2"
				},
				"west": {"uv": [0, 0, 0.25, 7], "texture": "#2"},
				"up": {"uv": [4.5, 1.5, 6, 8.25], "texture": "#2"},
				"down": {"uv": [6.5, 0, 8, 0.25], "texture": "#2"}
			},
			"type": "cube"
		},
		{
			"name": "Pages",
			"from": [8.5, -0.5, 0.5],
			"to": [9, 6.5, 5.75],
			"faces": {
				"north": {"uv": [0, 0, 2.5, 16], "texture": "#0"},
				"east": {
					"uv": [3.5, 2, 13.25, 11],
					"texture": "#0"
				},
				"south": {
					"uv": [9.5, 0, 11.5, 16],
					"texture": "#0"
				},
				"west": {"uv": [0, 0, 6.25, 8.5], "texture": "#0"},
				"up": {"uv": [7, 0, 9, 15.75], "texture": "#0"},
				"down": {"uv": [0, 0, 2, 6.25], "texture": "#0"}
			},
			"rotation": {
				"origin": [7.25, 7, 8.25],
				"axis": "z",
				"angle": 22.5
			},
			"type": "cube"
		},
		{
			"name": "stonebind3",
			"from": [6.75, 4.500000000000001, 0],
			"to": [8.25, 5.45, 6.75],
			"faces": {
				"north": {"uv": [0.5, 4, 2, 4.95], "texture": "#2"},
				"east": {"uv": [0, 0, 0.25, 7], "texture": "#2"},
				"south": {
					"uv": [12, 3.5, 13.5, 4.45],
					"texture": "#2"
				},
				"west": {"uv": [0, 0, 0.25, 7], "texture": "#2"},
				"up": {"uv": [4.5, 1.5, 6, 8.25], "texture": "#2"},
				"down": {"uv": [6.5, 0, 8, 0.25], "texture": "#2"}
			},
			"type": "cube"
		},
		{
			"name": "stonebind4",
			"from": [6.75, 6.250000000000001, 0],
			"to": [8.25, 7.2, 6.75],
			"faces": {
				"north": {"uv": [0.5, 4, 2, 4.95], "texture": "#2"},
				"east": {"uv": [0, 0, 0.25, 7], "texture": "#2"},
				"south": {
					"uv": [12, 3.5, 13.5, 4.45],
					"texture": "#2"
				},
				"west": {"uv": [0, 0, 0.25, 7], "texture": "#2"},
				"up": {"uv": [4.5, 1.5, 6, 8.25], "texture": "#2"},
				"down": {"uv": [6.5, 0, 8, 0.25], "texture": "#2"}
			},
			"type": "cube"
		},
		{
			"name": "stonebind3",
			"from": [6.75, 1.0000000000000009, 0],
			"to": [8.25, 1.9500000000000002, 6.75],
			"faces": {
				"north": {"uv": [0.5, 4, 2, 4.95], "texture": "#2"},
				"east": {"uv": [0, 0, 0.25, 7], "texture": "#2"},
				"south": {
					"uv": [12, 3.5, 13.5, 4.45],
					"texture": "#2"
				},
				"west": {"uv": [0, 0, 0.25, 7], "texture": "#2"},
				"up": {"uv": [4.5, 1.5, 6, 8.25], "texture": "#2"},
				"down": {"uv": [6.5, 0, 8, 0.25], "texture": "#2"}
			},
			"type": "cube"
		},
		{
			"name": "Pages",
			"from": [7.9, -0.5999999999999996, 0.75],
			"to": [8.4, 5.65, 6.25],
			"faces": {
				"north": {"uv": [0, 0, 2.5, 16], "texture": "#0"},
				"east": {
					"uv": [3.5, 2, 13.25, 11],
					"texture": "#0"
				},
				"south": {
					"uv": [13.5, 0, 15.5, 16],
					"texture": "#0"
				},
				"west": {"uv": [0, 0, 6.25, 8.5], "texture": "#0"},
				"up": {"uv": [7, 0, 9, 15.75], "texture": "#0"},
				"down": {"uv": [0, 0, 2, 6.25], "texture": "#0"}
			},
			"rotation": {
				"origin": [6.65, 6.9, 8.5],
				"axis": "z",
				"angle": 22.5
			},
			"type": "cube"
		}
	],
	"display": {
		"thirdperson_righthand": {
			"rotation": [0, 0, 0],
			"translation": [0, 0, 0],
			"scale": [1, 1, 1]
		},
		"thirdperson_lefthand": {
			"rotation": [0, 0, 90],
			"translation": [-7.5, 2, -2],
			"scale": [1.7, 1.7, 1.7]
		},
		"firstperson_lefthand": {
			"rotation": [0, 0, 0],
			"translation": [0, 0, 0],
			"scale": [1, 1, 1]
		},
		"gui": {
			"rotation": [30, 35, 0],
			"translation": [0, 0, 0],
			"scale": [1, 1, 1]
		},
		"head": {
			"rotation": [0, 0, 0],
			"translation": [0, -15.5, -0.5],
			"scale": [2.25, 2.25, 2.25]
		},
		"fixed": {
			"rotation": [0, 0, 0],
			"translation": [0, 1, 0],
			"scale": [0.5, 0.5, 0.5]
		}
	}
}