{
	"credit": "Made with Blockbench, a free, modern block model editor by JannisX11",
	"textures": {
		"0": "books/pages",
		"1": "books/black_book",
		"2": "books/leather2",
		"3": "books/green_book",
		"4": "books/golden_pages",
		"particle": "books/black_book"
	},
	"elements": [
		{
			"name": "Cover 1",
			"from": [6.5, 0.5, 0],
			"to": [6.75, 9.25, 6.5],
			"faces": {
				"north": {
					"uv": [0, 0, 0.25, 9.25],
					"texture": "#2"
				},
				"east": {"uv": [0, 0, 6.5, 9.75], "texture": "#2"},
				"south": {
					"uv": [12.5, 0, 12.75, 9.25],
					"texture": "#2"
				},
				"west": {"uv": [5, 0, 11.5, 9.25], "texture": "#2"},
				"up": {"uv": [8, 7, 8.25, 13.5], "texture": "#2"},
				"down": {"uv": [0, 0, 0.5, 7], "texture": "#2"}
			},
			"type": "cube"
		},
		{
			"name": "Cover 2",
			"from": [7.75, 0.5, 0],
			"to": [8, 9.25, 6.5],
			"faces": {
				"north": {
					"uv": [0, 0, 0.25, 9.25],
					"texture": "#2"
				},
				"east": {"uv": [3.5, 0, 10, 9.25], "texture": "#2"},
				"south": {
					"uv": [11, 0, 11.25, 9.25],
					"texture": "#2"
				},
				"west": {"uv": [0, 0, 6.5, 9.75], "texture": "#2"},
				"up": {"uv": [8, 5, 8.25, 11.5], "texture": "#2"},
				"down": {"uv": [0, 0, 0.25, 6.5], "texture": "#2"}
			},
			"type": "cube"
		},
		{
			"name": "Pages",
			"from": [6.75, 0.75, 0.25],
			"to": [7.75, 9, 6.5],
			"faces": {
				"north": {"uv": [0, 0, 3.5, 8.5], "texture": "#0"},
				"east": {"uv": [0, 0, 6.25, 8.5], "texture": "#0"},
				"south": {"uv": [0, 0, 5, 16], "texture": "#0"},
				"west": {"uv": [0, 0, 6.25, 8.5], "texture": "#0"},
				"up": {"uv": [0, 0, 3.5, 6.25], "texture": "#0"},
				"down": {"uv": [0, 0, 2.5, 8.75], "texture": "#0"}
			},
			"type": "cube"
		},
		{
			"name": "Binding",
			"from": [6.75, 0.5, 6.5],
			"to": [7.75, 9.25, 6.75],
			"faces": {
				"north": {"uv": [0, 0, 2, 9], "texture": "#2"},
				"east": {
					"uv": [11.5, 0, 11.75, 9.25],
					"texture": "#2"
				},
				"south": {
					"uv": [11.5, 0, 12.5, 9.25],
					"texture": "#2"
				},
				"west": {
					"uv": [12, 0, 12.25, 9.25],
					"texture": "#2"
				},
				"up": {"uv": [0, 0, 1, 0.5], "texture": "#2"},
				"down": {"uv": [0, 0, 2, 0.5], "texture": "#2"}
			},
			"type": "cube"
		},
		{
			"name": "Pages",
			"from": [8.5, 0.75, 0.25],
			"to": [9.25, 8.75, 6.25],
			"faces": {
				"north": {
					"uv": [7.5, 4.5, 9.75, 13],
					"texture": "#0"
				},
				"east": {"uv": [0, 0, 6, 8.5], "texture": "#0"},
				"south": {"uv": [0, 0, 1.75, 8.5], "texture": "#0"},
				"west": {"uv": [0, 0, 6, 8.5], "texture": "#0"},
				"up": {"uv": [6, 1, 8.75, 7], "texture": "#0"},
				"down": {"uv": [0, 0, 2, 6.25], "texture": "#0"}
			},
			"type": "cube"
		},
		{
			"name": "Pages",
			"from": [9.25, 0.5, 0],
			"to": [9.5, 9, 6.25],
			"faces": {
				"north": {
					"uv": [12.5, 6.5, 12.75, 15.5],
					"texture": "#2"
				},
				"east": {
					"uv": [8.5, 6, 14.75, 15],
					"texture": "#2"
				},
				"south": {
					"uv": [7.5, 5.5, 7.75, 14.5],
					"texture": "#2"
				},
				"west": {
					"uv": [6, 6.5, 12.25, 15.5],
					"texture": "#2"
				},
				"up": {
					"uv": [14.5, 7.5, 14.75, 13.75],
					"texture": "#2"
				},
				"down": {"uv": [0, 0, 0.25, 6.25], "texture": "#2"}
			},
			"type": "cube"
		},
		{
			"name": "Pages",
			"from": [8.25, 0.5, 0],
			"to": [8.5, 9, 6.25],
			"faces": {
				"north": {
					"uv": [12, 6.5, 12.25, 15.5],
					"texture": "#2"
				},
				"east": {
					"uv": [8, 6.5, 14.25, 15.5],
					"texture": "#2"
				},
				"south": {"uv": [8, 6, 8.25, 15], "texture": "#2"},
				"west": {
					"uv": [7.5, 7, 13.75, 16],
					"texture": "#2"
				},
				"up": {
					"uv": [0.5, 7, 0.75, 13.25],
					"texture": "#2"
				},
				"down": {"uv": [0, 0, 0.25, 6.25], "texture": "#2"}
			},
			"type": "cube"
		},
		{
			"name": "Pages",
			"from": [8.5, 0.5, 6.25],
			"to": [9.25, 9, 6.5],
			"faces": {
				"north": {"uv": [0, 0, 0.75, 9], "texture": "#2"},
				"east": {
					"uv": [10.5, 7, 10.75, 16],
					"texture": "#2"
				},
				"south": {
					"uv": [9.5, 7, 10.5, 16],
					"texture": "#2"
				},
				"west": {
					"uv": [13, 6.5, 13.25, 15.5],
					"texture": "#2"
				},
				"up": {"uv": [9, 9.5, 10, 10], "texture": "#2"},
				"down": {"uv": [0, 0, 0.75, 0.25], "texture": "#2"}
			},
			"type": "cube"
		},
		{
			"name": "Pages",
			"from": [10.75, 0.5, 0.25],
			"to": [11, 8.5, 6.5],
			"faces": {
				"north": {
					"uv": [2, 1.5, 2.25, 10],
					"texture": "#3"
				},
				"east": {"uv": [0, 1.5, 6.25, 10], "texture": "#3"},
				"south": {
					"uv": [0, 1.5, 0.25, 10],
					"texture": "#3"
				},
				"west": {
					"uv": [7.5, 1.5, 13.75, 10],
					"texture": "#3"
				},
				"up": {
					"uv": [6.5, 3.5, 6.75, 9.75],
					"texture": "#3"
				},
				"down": {
					"uv": [13, 7, 13.25, 13.25],
					"texture": "#3"
				}
			},
			"type": "cube"
		},
		{
			"name": "Pages",
			"from": [9.9, 0.5, 6.5],
			"to": [10.75, 8.5, 6.75],
			"faces": {
				"north": {"uv": [0, 0, 0.75, 9], "texture": "#3"},
				"east": {"uv": [0, 1.5, 0.25, 10], "texture": "#3"},
				"south": {"uv": [5, 1.5, 5.5, 10], "texture": "#3"},
				"west": {"uv": [0, 1.5, 0.25, 10], "texture": "#3"},
				"up": {"uv": [2, 5.5, 3, 6], "texture": "#3"},
				"down": {"uv": [0, 0, 0.75, 0.25], "texture": "#3"}
			},
			"type": "cube"
		},
		{
			"name": "Pages",
			"from": [9.65, 0.5, 0.25],
			"to": [9.9, 8.5, 6.5],
			"faces": {
				"north": {
					"uv": [4.5, 1.5, 4.75, 10],
					"texture": "#3"
				},
				"east": {"uv": [2, 1.5, 8.25, 10], "texture": "#3"},
				"south": {
					"uv": [0, 1.5, 0.25, 10],
					"texture": "#3"
				},
				"west": {"uv": [0, 1.5, 6.25, 10], "texture": "#3"},
				"up": {
					"uv": [13, 6, 13.25, 12.25],
					"texture": "#3"
				},
				"down": {
					"uv": [5.5, 6.5, 5.75, 12.75],
					"texture": "#3"
				}
			},
			"type": "cube"
		},
		{
			"name": "Pages",
			"from": [9.9, 0.75, 0.5],
			"to": [10.75, 8.25, 6.5],
			"faces": {
				"north": {"uv": [0, 0, 0.75, 8.5], "texture": "#4"},
				"east": {"uv": [0, 0, 6, 8.5], "texture": "#4"},
				"south": {"uv": [0, 0, 1.75, 8.5], "texture": "#4"},
				"west": {"uv": [0, 0, 6, 8.5], "texture": "#4"},
				"up": {"uv": [13.5, 9, 14.25, 15], "texture": "#4"},
				"down": {"uv": [0, 0, 2, 6.25], "texture": "#4"}
			},
			"type": "cube"
		},
		{
			"name": "Binding",
			"from": [11.15, 0.5, 6.75],
			"to": [12.4, 9.25, 7],
			"faces": {
				"north": {"uv": [0, 0, 2, 9], "texture": "#1"},
				"east": {"uv": [0, 0, 0.25, 9.75], "texture": "#1"},
				"south": {"uv": [0, 0, 1, 9.75], "texture": "#1"},
				"west": {"uv": [0, 0, 0.25, 9.75], "texture": "#1"},
				"up": {"uv": [0, 0, 1, 0.5], "texture": "#1"},
				"down": {"uv": [0, 0, 2, 0.5], "texture": "#1"}
			},
			"type": "cube"
		},
		{
			"name": "Cover 3",
			"from": [11.05, 0.5, 0.25],
			"to": [11.3, 9.25, 6.75],
			"faces": {
				"north": {
					"uv": [0, 0, 0.25, 9.75],
					"texture": "#1"
				},
				"east": {"uv": [0, 0, 6.5, 9.75], "texture": "#1"},
				"south": {
					"uv": [0, 0, 0.25, 8.25],
					"texture": "#1"
				},
				"west": {"uv": [0, 0, 6.5, 9.75], "texture": "#1"},
				"up": {"uv": [0, 0, 0.25, 6.5], "texture": "#1"},
				"down": {"uv": [0, 0, 0.25, 6.5], "texture": "#1"}
			},
			"type": "cube"
		},
		{
			"name": "Cover 4",
			"from": [12.25, 0.5, 0.25],
			"to": [12.5, 9.25, 6.75],
			"faces": {
				"north": {
					"uv": [0, 0, 0.25, 9.75],
					"texture": "#1"
				},
				"east": {"uv": [0, 0, 6.5, 9.75], "texture": "#1"},
				"south": {
					"uv": [0, 0, 0.25, 8.25],
					"texture": "#1"
				},
				"west": {"uv": [0, 0, 6.5, 9.75], "texture": "#1"},
				"up": {"uv": [0, 0, 0.25, 6.5], "texture": "#1"},
				"down": {"uv": [0, 0, 0.25, 6.5], "texture": "#1"}
			},
			"type": "cube"
		},
		{
			"name": "Pages",
			"from": [11.3, 0.75, 0.5],
			"to": [12.25, 9, 6.75],
			"faces": {
				"north": {
					"uv": [7, 2.5, 10, 13.5],
					"texture": "#0"
				},
				"east": {"uv": [0, 0, 6.25, 8.5], "texture": "#0"},
				"south": {"uv": [0, 0, 5, 16], "texture": "#0"},
				"west": {"uv": [0, 0, 6.25, 8.5], "texture": "#0"},
				"up": {
					"uv": [8, 2.5, 10.5, 12.75],
					"texture": "#0"
				},
				"down": {"uv": [0, 0, 2.5, 8.75], "texture": "#0"}
			},
			"type": "cube"
		}
	],
	"display": {
		"thirdperson_righthand": {
			"rotation": [0, 0, 0],
			"translation": [0, 0, 0],
			"scale": [1, 1, 1]
		},
		"thirdperson_lefthand": {
			"rotation": [0, 0, 90],
			"translation": [-6, 2.5, -2],
			"scale": [1.5, 1.5, 1.5]
		},
		"firstperson_lefthand": {
			"rotation": [0, 0, 0],
			"translation": [0, 0, 0],
			"scale": [1, 1, 1]
		},
		"gui": {
			"rotation": [30, 35, 0],
			"translation": [0, 0, 0],
			"scale": [1, 1, 1]
		},
		"head": {
			"rotation": [0, 0, 0],
			"translation": [0, -15.5, -0.5],
			"scale": [2.25, 2.25, 2.25]
		},
		"fixed": {
			"rotation": [0, 0, 0],
			"translation": [0, 1, 0],
			"scale": [0.5, 0.5, 0.5]
		}
	}
}