{
	"credit": "Made with Blockbench, a free, modern block model editor by JannisX11",
	"textures": {
		"0": "books/green_book",
		"1": "books/pages",
		"2": "books/stone_book",
		"3": "books/leather2",
		"5": "books/black_book",
		"6": "books/white_pages",
		"7": "books/red_book",
		"particle": "books/leather2"
	},
	"elements": [
		{
			"name": "Cover 1",
			"from": [6.5, 0, 0],
			"to": [6.75, 5.25, 4.75],
			"faces": {
				"north": {
					"uv": [0, 0, 0.25, 5.25],
					"texture": "#0"
				},
				"east": {"uv": [0, 0, 4.75, 5.25], "texture": "#0"},
				"south": {
					"uv": [4.5, 0, 4.75, 5.25],
					"texture": "#0"
				},
				"west": {"uv": [0, 0, 4.75, 5.25], "texture": "#0"},
				"up": {
					"uv": [3, 5.5, 3.25, 10.25],
					"texture": "#0"
				},
				"down": {"uv": [0, 0, 0.25, 4.75], "texture": "#0"}
			},
			"type": "cube"
		},
		{
			"name": "Cover 2",
			"from": [7.5, 0, 0],
			"to": [7.75, 5.25, 4.75],
			"faces": {
				"north": {
					"uv": [0, 0, 0.25, 5.25],
					"texture": "#0"
				},
				"east": {"uv": [0, 0, 4.75, 5.25], "texture": "#0"},
				"south": {
					"uv": [0, 0, 0.25, 5.25],
					"texture": "#0"
				},
				"west": {"uv": [0, 0, 4.75, 5.25], "texture": "#0"},
				"up": {"uv": [3, 6, 3.25, 10.75], "texture": "#0"},
				"down": {"uv": [0, 0, 0.25, 4.75], "texture": "#0"}
			},
			"type": "cube"
		},
		{
			"name": "Pages",
			"from": [6.75, 0.25, 0.25],
			"to": [7.5, 5, 4.75],
			"faces": {
				"north": {"uv": [0, 0, 4.5, 16], "texture": "#1"},
				"east": {"uv": [0, 0, 6.25, 8.5], "texture": "#1"},
				"south": {"uv": [0, 0, 5, 16], "texture": "#1"},
				"west": {"uv": [0, 0, 6.25, 8.5], "texture": "#1"},
				"up": {"uv": [0, 0.5, 4, 12.25], "texture": "#1"},
				"down": {"uv": [0, 0, 2, 6.25], "texture": "#1"}
			},
			"type": "cube"
		},
		{
			"name": "Binding",
			"from": [6.75, 0, 4.75],
			"to": [7.5, 5.25, 5],
			"faces": {
				"north": {
					"uv": [0, 0, 0.75, 5.25],
					"texture": "#0"
				},
				"east": {"uv": [0, 0, 0.5, 5.25], "texture": "#0"},
				"south": {
					"uv": [0, 0, 0.75, 5.25],
					"texture": "#0"
				},
				"west": {"uv": [4.5, 0, 5, 5.25], "texture": "#0"},
				"up": {"uv": [0, 0, 0.75, 0.5], "texture": "#0"},
				"down": {"uv": [0, 0, 0.75, 0.5], "texture": "#0"}
			},
			"type": "cube"
		},
		{
			"name": "Pages",
			"from": [11, 0.25, 0.25],
			"to": [11.25, 7.75, 6.5],
			"faces": {
				"north": {"uv": [0, 0, 4.5, 16], "texture": "#1"},
				"east": {"uv": [0, 0, 6.25, 8.5], "texture": "#1"},
				"south": {"uv": [0, 0, 5, 16], "texture": "#1"},
				"west": {"uv": [0, 0, 6.25, 8.5], "texture": "#1"},
				"up": {"uv": [0, 0, 4, 12.25], "texture": "#1"},
				"down": {"uv": [0, 0, 2, 6.25], "texture": "#1"}
			},
			"type": "cube"
		},
		{
			"name": "Pages",
			"from": [11.25, 0, 0],
			"to": [11.75, 8, 6.75],
			"faces": {
				"north": {
					"uv": [1.5, 0.5, 2, 8.5],
					"texture": "#3"
				},
				"east": {
					"uv": [8.5, 0.5, 15.25, 8.5],
					"texture": "#3"
				},
				"south": {
					"uv": [5, 0.5, 5.5, 8.5],
					"texture": "#3"
				},
				"west": {
					"uv": [0, 0.5, 6.75, 8.5],
					"texture": "#3"
				},
				"up": {"uv": [3, 6.5, 3.5, 13.25], "texture": "#3"},
				"down": {"uv": [0, 0, 0.5, 6.75], "texture": "#3"}
			},
			"type": "cube"
		},
		{
			"name": "stonebind1",
			"from": [10.9, 6.5, 0.09999999999999964],
			"to": [11.25, 7.25, 6.549999999999999],
			"faces": {
				"north": {"uv": [6.5, 4, 8, 5.5], "texture": "#3"},
				"east": {
					"uv": [0, 0, 6.449999999999999, 0.75],
					"texture": "#3"
				},
				"south": {"uv": [0, 4, 1.5, 5.5], "texture": "#3"},
				"west": {"uv": [0, 4.5, 8.45, 6], "texture": "#3"},
				"up": {"uv": [0.5, 1, 2, 9.5], "texture": "#3"},
				"down": {
					"uv": [
						0,
						0,
						0.5999999999999996,
						6.449999999999999
					],
					"texture": "#3"
				}
			},
			"type": "cube"
		},
		{
			"name": "stonebind2",
			"from": [10.9, 5, 0.09999999999999964],
			"to": [11.25, 5.75, 6.549999999999999],
			"faces": {
				"north": {"uv": [6.5, 8.5, 8, 10], "texture": "#3"},
				"east": {
					"uv": [0, 0, 6.449999999999999, 0.75],
					"texture": "#3"
				},
				"south": {"uv": [8.5, 1.5, 10, 3], "texture": "#3"},
				"west": {
					"uv": [0, 10, 8.45, 11.5],
					"texture": "#3"
				},
				"up": {"uv": [0.5, 1, 2, 9.5], "texture": "#3"},
				"down": {
					"uv": [
						0,
						0,
						0.5999999999999996,
						6.449999999999999
					],
					"texture": "#3"
				}
			},
			"type": "cube"
		},
		{
			"name": "stonebind3",
			"from": [10.9, 2, 0.09999999999999964],
			"to": [11.25, 2.75, 6.549999999999999],
			"faces": {
				"north": {
					"uv": [7, 12.5, 8.5, 14],
					"texture": "#3"
				},
				"east": {
					"uv": [0, 0, 6.449999999999999, 0.75],
					"texture": "#3"
				},
				"south": {"uv": [0, 7, 1.5, 8.5], "texture": "#3"},
				"west": {"uv": [0, 5, 8.45, 6.5], "texture": "#3"},
				"up": {"uv": [0.5, 1, 2, 9.5], "texture": "#3"},
				"down": {
					"uv": [
						0,
						0,
						0.5999999999999996,
						6.449999999999999
					],
					"texture": "#3"
				}
			},
			"type": "cube"
		},
		{
			"name": "stonebind3",
			"from": [10.9, 0.5, 0.09999999999999964],
			"to": [11.25, 1.25, 6.549999999999999],
			"faces": {
				"north": {
					"uv": [6.5, 14, 8, 15.5],
					"texture": "#3"
				},
				"east": {
					"uv": [0, 0, 6.449999999999999, 0.75],
					"texture": "#3"
				},
				"south": {"uv": [0, 4.5, 1.5, 6], "texture": "#3"},
				"west": {"uv": [0, 3, 8.45, 4.5], "texture": "#3"},
				"up": {"uv": [0.5, 1, 2, 9.5], "texture": "#3"},
				"down": {
					"uv": [
						0,
						0,
						0.5999999999999996,
						6.449999999999999
					],
					"texture": "#3"
				}
			},
			"type": "cube"
		},
		{
			"name": "stonebind2",
			"from": [10.9, 3.5, 0.09999999999999964],
			"to": [11.25, 4.25, 6.549999999999999],
			"faces": {
				"north": {
					"uv": [6.5, 11.5, 8, 13],
					"texture": "#3"
				},
				"east": {
					"uv": [0, 0, 6.449999999999999, 0.75],
					"texture": "#3"
				},
				"south": {
					"uv": [8.5, 8.5, 10, 10],
					"texture": "#3"
				},
				"west": {
					"uv": [0, 7, 8.45, 8.5],
					"texture": "#3",
					"rotation": 180
				},
				"up": {"uv": [0.5, 1, 2, 9.5], "texture": "#3"},
				"down": {
					"uv": [
						0,
						0,
						0.5999999999999996,
						6.449999999999999
					],
					"texture": "#3"
				}
			},
			"type": "cube"
		},
		{
			"name": "Binding",
			"from": [8.05, 0, 5.25],
			"to": [8.8, 6, 5.5],
			"faces": {
				"north": {"uv": [0, 0, 0.75, 6], "texture": "#7"},
				"east": {"uv": [0, 0, 0.25, 6], "texture": "#7"},
				"south": {"uv": [0, 0, 0.75, 6], "texture": "#7"},
				"west": {"uv": [0, 0, 0.25, 6], "texture": "#7"},
				"up": {"uv": [0, 0, 0.75, 0.25], "texture": "#7"},
				"down": {"uv": [0, 0, 0.75, 0.25], "texture": "#7"}
			},
			"type": "cube"
		},
		{
			"name": "Cover 3",
			"from": [8.8, 0, 0.25],
			"to": [9.05, 6, 5.25],
			"faces": {
				"north": {"uv": [0, 0, 0.25, 6], "texture": "#7"},
				"east": {"uv": [0, 0, 4.75, 6], "texture": "#7"},
				"south": {"uv": [0, 0, 0.25, 6], "texture": "#7"},
				"west": {"uv": [0, 0, 4.75, 6], "texture": "#7"},
				"up": {"uv": [0, 3, 0.25, 7.75], "texture": "#7"},
				"down": {"uv": [0, 0, 0.25, 4.75], "texture": "#7"}
			},
			"type": "cube"
		},
		{
			"name": "Cover 2",
			"from": [7.800000000000001, 0, 0.25],
			"to": [8.05, 6, 5.25],
			"faces": {
				"north": {"uv": [0, 0, 0.25, 6], "texture": "#7"},
				"east": {"uv": [0, 0, 4.75, 6], "texture": "#7"},
				"south": {"uv": [0, 0, 0.25, 6], "texture": "#7"},
				"west": {"uv": [0, 0, 4.75, 6], "texture": "#7"},
				"up": {"uv": [0, 3, 0.25, 7.75], "texture": "#7"},
				"down": {"uv": [0, 0, 0.25, 4.75], "texture": "#7"}
			},
			"type": "cube"
		},
		{
			"name": "Pages",
			"from": [8.05, 0.25, 0.5],
			"to": [8.8, 5.75, 5.25],
			"faces": {
				"north": {"uv": [0, 0, 4.5, 16], "texture": "#1"},
				"east": {"uv": [0, 0, 6.25, 8.5], "texture": "#1"},
				"south": {"uv": [0, 0, 5, 16], "texture": "#1"},
				"west": {"uv": [0, 0, 6.25, 8.5], "texture": "#1"},
				"up": {"uv": [0, 0.5, 4, 12.25], "texture": "#1"},
				"down": {"uv": [0, 0, 2, 6.25], "texture": "#1"}
			},
			"type": "cube"
		},
		{
			"name": "Binding",
			"from": [9.3, 0, 5.75],
			"to": [9.8, 7, 5.9],
			"faces": {
				"north": {"uv": [0, 0, 0.5, 7], "texture": "#3"},
				"east": {"uv": [0, 0, 0.25, 7], "texture": "#3"},
				"south": {"uv": [0, 0, 0.5, 7], "texture": "#3"},
				"west": {"uv": [0, 0, 0.25, 7], "texture": "#3"},
				"up": {"uv": [0, 0, 0.5, 0.25], "texture": "#3"},
				"down": {"uv": [0, 0, 0.5, 0.25], "texture": "#3"}
			},
			"type": "cube"
		},
		{
			"name": "Cover 4",
			"from": [9.15, 0, 0.25],
			"to": [9.3, 7, 5.75],
			"faces": {
				"north": {"uv": [0, 0, 0.25, 7], "texture": "#3"},
				"east": {"uv": [0, 0, 5.75, 7], "texture": "#3"},
				"south": {"uv": [0, 0, 0.25, 7], "texture": "#3"},
				"west": {"uv": [0, 0, 5.75, 7], "texture": "#3"},
				"up": {"uv": [0, 0, 0.25, 5.75], "texture": "#3"},
				"down": {"uv": [0, 0, 0.25, 5.75], "texture": "#3"}
			},
			"type": "cube"
		},
		{
			"name": "Cover 5",
			"from": [9.8, 0, 0.25],
			"to": [9.950000000000001, 7, 5.75],
			"faces": {
				"north": {"uv": [0, 0, 0.25, 7], "texture": "#3"},
				"east": {"uv": [0, 0, 5.75, 7], "texture": "#3"},
				"south": {"uv": [0, 0, 0.25, 7], "texture": "#3"},
				"west": {"uv": [0, 0, 5.75, 7], "texture": "#3"},
				"up": {"uv": [0, 0, 0.25, 5.75], "texture": "#3"},
				"down": {"uv": [0, 0, 0.25, 5.75], "texture": "#3"}
			},
			"type": "cube"
		},
		{
			"name": "Pages",
			"from": [9.3, 0.25, 0.5],
			"to": [9.8, 6.75, 5.75],
			"faces": {
				"north": {"uv": [1.5, 0, 3.5, 16], "texture": "#2"},
				"east": {"uv": [0, 0, 6.25, 8.5], "texture": "#2"},
				"south": {"uv": [0, 0, 5, 16], "texture": "#2"},
				"west": {"uv": [0, 0, 6.25, 8.5], "texture": "#2"},
				"up": {"uv": [9.5, 0, 11.5, 14], "texture": "#2"},
				"down": {"uv": [4, 0.5, 6, 15.75], "texture": "#2"}
			},
			"type": "cube"
		},
		{
			"name": "Binding",
			"from": [10.200000000000001, 0, 6.25],
			"to": [10.700000000000001, 7.5, 6.4],
			"faces": {
				"north": {"uv": [0, 0, 0.5, 7.5], "texture": "#5"},
				"east": {"uv": [0, 0, 0.25, 7.5], "texture": "#5"},
				"south": {"uv": [0, 0, 0.5, 7.5], "texture": "#5"},
				"west": {"uv": [0, 0, 0.25, 7.5], "texture": "#5"},
				"up": {"uv": [0, 0, 0.5, 0.25], "texture": "#5"},
				"down": {"uv": [0, 0, 0.5, 0.25], "texture": "#5"}
			},
			"type": "cube"
		},
		{
			"name": "Cover 5",
			"from": [10.05, 0, 0.5],
			"to": [10.200000000000001, 7.5, 6.25],
			"faces": {
				"north": {
					"uv": [0, 0, 0.15000000000000036, 7.5],
					"texture": "#5"
				},
				"east": {"uv": [0, 0, 5.75, 7.5], "texture": "#5"},
				"south": {
					"uv": [0, 0, 0.15000000000000036, 7.5],
					"texture": "#5"
				},
				"west": {"uv": [0, 0, 5.75, 7.5], "texture": "#5"},
				"up": {
					"uv": [0, 0, 0.15000000000000036, 5.75],
					"texture": "#5"
				},
				"down": {
					"uv": [0, 0, 0.15000000000000036, 5.75],
					"texture": "#5"
				}
			},
			"type": "cube"
		},
		{
			"name": "Cover 6",
			"from": [10.700000000000001, 0, 0.5],
			"to": [10.850000000000001, 7.5, 6.25],
			"faces": {
				"north": {
					"uv": [0, 0, 0.15000000000000036, 7.5],
					"texture": "#5"
				},
				"east": {"uv": [0, 0, 5.75, 7.5], "texture": "#5"},
				"south": {
					"uv": [0, 0, 0.15000000000000036, 7.5],
					"texture": "#5"
				},
				"west": {"uv": [0, 0, 5.75, 7.5], "texture": "#5"},
				"up": {
					"uv": [0, 0, 0.15000000000000036, 5.75],
					"texture": "#5"
				},
				"down": {
					"uv": [0, 0, 0.15000000000000036, 5.75],
					"texture": "#5"
				}
			},
			"type": "cube"
		},
		{
			"name": "Pages",
			"from": [10.200000000000001, 0.25, 0.75],
			"to": [10.700000000000001, 7.25, 6.25],
			"faces": {
				"north": {"uv": [1.5, 0, 3.5, 16], "texture": "#6"},
				"east": {"uv": [0, 0, 6.25, 8.5], "texture": "#6"},
				"south": {"uv": [0, 0, 5, 16], "texture": "#6"},
				"west": {"uv": [0, 0, 6.25, 8.5], "texture": "#6"},
				"up": {"uv": [9.5, 0, 11.5, 14], "texture": "#6"},
				"down": {"uv": [4, 0.5, 6, 15.75], "texture": "#6"}
			},
			"type": "cube"
		}
	],
	"display": {
		"thirdperson_righthand": {
			"rotation": [0, 0, 0],
			"translation": [0, 0, 0],
			"scale": [1, 1, 1]
		},
		"thirdperson_lefthand": {
			"rotation": [0, 0, 90],
			"translation": [-12, -1.5, -2],
			"scale": [1.7, 1.7, 1.7]
		},
		"firstperson_lefthand": {
			"rotation": [0, 0, 0],
			"translation": [0, 0, 0],
			"scale": [1, 1, 1]
		},
		"gui": {
			"rotation": [30, 35, 0],
			"translation": [0, 0, 0],
			"scale": [1, 1, 1]
		},
		"head": {
			"rotation": [0, 0, 0],
			"translation": [0, -15.5, -0.5],
			"scale": [2.25, 2.25, 2.25]
		},
		"fixed": {
			"rotation": [0, 0, 0],
			"translation": [0, 1, 0],
			"scale": [0.5, 0.5, 0.5]
		}
	}
}