{
	"credit": "Made with Blockbench",
	"texture_size": [32, 32],
	"textures": {
		"0": "item/witchsbroom",
		"particle": "item/witchsbroom"
	},
	"elements": [
		{
			"from": [-11, 0, 8],
			"to": [19, 1, 9],
			"faces": {
				"north": {"uv": [0, 0, 15, 0.5], "texture": "#0"},
				"east": {"uv": [6.5, 9.5, 7, 10], "texture": "#0"},
				"south": {"uv": [0, 0.5, 15, 1], "texture": "#0"},
				"west": {"uv": [7, 9.5, 7.5, 10], "texture": "#0"},
				"up": {"uv": [15, 1.5, 0, 1], "texture": "#0"},
				"down": {"uv": [15, 1.5, 0, 2], "texture": "#0"}
			}
		},
		{
			"from": [15.6, -0.6, 7.4],
			"to": [16.1, 1.6, 9.6],
			"faces": {
				"north": {"uv": [0, 8.5, 0.5, 9.5], "texture": "#0"},
				"east": {"uv": [2, 7, 3, 8], "texture": "#0"},
				"south": {"uv": [0.5, 8.5, 1, 9.5], "texture": "#0"},
				"west": {"uv": [3, 7, 4, 8], "texture": "#0"},
				"up": {"uv": [1.5, 9.5, 1, 8.5], "texture": "#0"},
				"down": {"uv": [2, 8.5, 1.5, 9.5], "texture": "#0"}
			}
		},
		{
			"from": [11.1, 6.2, 7.5],
			"to": [13.6, 7.2, 9.5],
			"rotation": {"angle": -22.5, "axis": "z", "origin": [-0.2, 0, 0]},
			"faces": {
				"north": {"uv": [6, 8, 7.5, 8.5], "texture": "#0"},
				"east": {"uv": [8.5, 3, 9.5, 3.5], "texture": "#0"},
				"south": {"uv": [8, 7, 9.5, 7.5], "texture": "#0"},
				"west": {"uv": [8.5, 3.5, 9.5, 4], "texture": "#0"},
				"up": {"uv": [4.5, 7, 3, 6], "texture": "#0"},
				"down": {"uv": [7.5, 3, 6, 4], "texture": "#0"}
			}
		},
		{
			"from": [11.5, -6.3, 7.5],
			"to": [14.1, -5.3, 9.5],
			"rotation": {"angle": 22.5, "axis": "z", "origin": [-0.2, 0, 0]},
			"faces": {
				"north": {"uv": [7.5, 8, 9, 8.5], "texture": "#0"},
				"east": {"uv": [8.5, 4, 9.5, 4.5], "texture": "#0"},
				"south": {"uv": [8, 7.5, 9.5, 8], "texture": "#0"},
				"west": {"uv": [8.5, 4.5, 9.5, 5], "texture": "#0"},
				"up": {"uv": [7.5, 5, 6, 4], "texture": "#0"},
				"down": {"uv": [6, 6, 4.5, 7], "texture": "#0"}
			}
		},
		{
			"from": [14.6, -0.5, 1.1],
			"to": [16.8, 1.5, 2.1],
			"rotation": {"angle": -22.5, "axis": "y", "origin": [-0.2, 0, 0]},
			"faces": {
				"north": {"uv": [4, 7, 5, 8], "texture": "#0"},
				"east": {"uv": [8.5, 5, 9, 6], "texture": "#0"},
				"south": {"uv": [5, 7, 6, 8], "texture": "#0"},
				"west": {"uv": [6, 8.5, 6.5, 9.5], "texture": "#0"},
				"up": {"uv": [9.5, 6.5, 8.5, 6], "texture": "#0"},
				"down": {"uv": [7.5, 8.5, 6.5, 9], "texture": "#0"}
			}
		},
		{
			"from": [8.1, -0.5, 13.6],
			"to": [10.3, 1.5, 14.6],
			"rotation": {"angle": 22.5, "axis": "y", "origin": [-0.2, 0, 0]},
			"faces": {
				"north": {"uv": [6, 7, 7, 8], "texture": "#0"},
				"east": {"uv": [7.5, 8.5, 8, 9.5], "texture": "#0"},
				"south": {"uv": [7, 7, 8, 8], "texture": "#0"},
				"west": {"uv": [8, 8.5, 8.5, 9.5], "texture": "#0"},
				"up": {"uv": [9.5, 7, 8.5, 6.5], "texture": "#0"},
				"down": {"uv": [9.5, 8.5, 8.5, 9], "texture": "#0"}
			}
		},
		{
			"from": [17.199, -0.4, 7],
			"to": [23.199, 1.4, 10],
			"rotation": {"angle": 0, "axis": "y", "origin": [-0.8, 0, 0]},
			"faces": {
				"north": {"uv": [0, 5, 3, 6], "texture": "#0"},
				"east": {"uv": [6, 5, 7.5, 6], "texture": "#0"},
				"south": {"uv": [3, 5, 6, 6], "texture": "#0"},
				"west": {"uv": [6, 6, 7.5, 7], "texture": "#0"},
				"up": {"uv": [3, 3.5, 0, 2], "texture": "#0"},
				"down": {"uv": [6, 2, 3, 3.5], "texture": "#0"}
			}
		},
		{
			"from": [15.1, -4.9, 7.5],
			"to": [16.9, -3.9, 9.5],
			"rotation": {"angle": 22.5, "axis": "z", "origin": [2.3, 0, 0]},
			"faces": {
				"north": {"uv": [2, 9, 3, 9.5], "texture": "#0"},
				"east": {"uv": [9, 2, 10, 2.5], "texture": "#0"},
				"south": {"uv": [9, 2.5, 10, 3], "texture": "#0"},
				"west": {"uv": [3, 9, 4, 9.5], "texture": "#0"},
				"up": {"uv": [8.5, 4, 7.5, 3], "texture": "#0"},
				"down": {"uv": [8.5, 4, 7.5, 5], "texture": "#0"}
			}
		},
		{
			"from": [18.6, -0.4, 2.5],
			"to": [19.9, 1.4, 3.5],
			"rotation": {"angle": -22.5, "axis": "y", "origin": [2.3, 0, 0]},
			"faces": {
				"north": {"uv": [4, 9, 4.5, 10], "texture": "#0"},
				"east": {"uv": [4.5, 9, 5, 10], "texture": "#0"},
				"south": {"uv": [5, 9, 5.5, 10], "texture": "#0"},
				"west": {"uv": [9, 5, 9.5, 6], "texture": "#0"},
				"up": {"uv": [10, 7.5, 9.5, 7], "texture": "#0"},
				"down": {"uv": [8, 9.5, 7.5, 10], "texture": "#0"}
			}
		},
		{
			"from": [14.8, 4.8, 7.5],
			"to": [16.5, 5.8, 9.5],
			"rotation": {"angle": -22.5, "axis": "z", "origin": [2.3, 0, 0]},
			"faces": {
				"north": {"uv": [6.5, 9, 7.5, 9.5], "texture": "#0"},
				"east": {"uv": [9, 8, 10, 8.5], "texture": "#0"},
				"south": {"uv": [8.5, 9, 9.5, 9.5], "texture": "#0"},
				"west": {"uv": [0, 9.5, 1, 10], "texture": "#0"},
				"up": {"uv": [8.5, 6, 7.5, 5], "texture": "#0"},
				"down": {"uv": [8.5, 6, 7.5, 7], "texture": "#0"}
			}
		},
		{
			"from": [12.1, -0.4, 12.2],
			"to": [13.4, 1.4, 13.2],
			"rotation": {"angle": 22.5, "axis": "y", "origin": [2.3, 0, 0]},
			"faces": {
				"north": {"uv": [5.5, 9, 6, 10], "texture": "#0"},
				"east": {"uv": [1, 9.5, 1.5, 10.5], "texture": "#0"},
				"south": {"uv": [1.5, 9.5, 2, 10.5], "texture": "#0"},
				"west": {"uv": [2, 9.5, 2.5, 10.5], "texture": "#0"},
				"up": {"uv": [10, 8, 9.5, 7.5], "texture": "#0"},
				"down": {"uv": [8.5, 9.5, 8, 10], "texture": "#0"}
			}
		},
		{
			"from": [14.9, -0.6, 7.4],
			"to": [15.4, 1.6, 9.6],
			"rotation": {"angle": 0, "axis": "y", "origin": [0.5, 0, 0]},
			"faces": {
				"north": {"uv": [2.5, 9.5, 3, 10.5], "texture": "#0"},
				"east": {"uv": [2, 8, 3, 9], "texture": "#0"},
				"south": {"uv": [3, 9.5, 3.5, 10.5], "texture": "#0"},
				"west": {"uv": [3, 8, 4, 9], "texture": "#0"},
				"up": {"uv": [10, 4, 9.5, 3], "texture": "#0"},
				"down": {"uv": [4, 9.5, 3.5, 10.5], "texture": "#0"}
			}
		},
		{
			"from": [15, -0.5, 7.5],
			"to": [15.6, 1.5, 9.5],
			"rotation": {"angle": 0, "axis": "y", "origin": [0.5, 0, 0]},
			"faces": {
				"north": {"uv": [9.5, 4, 10, 5], "texture": "#0"},
				"east": {"uv": [4, 8, 5, 9], "texture": "#0"},
				"south": {"uv": [9.5, 5, 10, 6], "texture": "#0"},
				"west": {"uv": [5, 8, 6, 9], "texture": "#0"},
				"up": {"uv": [6.5, 10.5, 6, 9.5], "texture": "#0"},
				"down": {"uv": [10, 6, 9.5, 7], "texture": "#0"}
			}
		},
		{
			"from": [17.2, -1, 7.5],
			"to": [23.2, 2, 9.5],
			"rotation": {"angle": 0, "axis": "y", "origin": [-0.8, 0, 0]},
			"faces": {
				"north": {"uv": [0, 3.5, 3, 5], "texture": "#0"},
				"east": {"uv": [0, 7, 1, 8.5], "texture": "#0"},
				"south": {"uv": [3, 3.5, 6, 5], "texture": "#0"},
				"west": {"uv": [1, 7, 2, 8.5], "texture": "#0"},
				"up": {"uv": [3, 7, 0, 6], "texture": "#0"},
				"down": {"uv": [9, 2, 6, 3], "texture": "#0"}
			}
		}
	],
	"display": {
		"thirdperson_righthand": {
			"rotation": [144, 90, 0],
			"translation": [-0.75, -4, 9.75]
		},
		"thirdperson_lefthand": {
			"rotation": [144, 90, 0],
			"translation": [-0.75, -6.75, 6.75]
		},
		"firstperson_righthand": {
			"rotation": [90, 90, 0],
			"translation": [-1, 3.5, 9.25]
		},
		"firstperson_lefthand": {
			"rotation": [90, 90, 0],
			"translation": [0, -3.5, 6.75]
		},
		"ground": {
			"translation": [0, 7.75, 0]
		},
		"gui": {
			"rotation": [51, -33, -44],
			"translation": [2.5, 0.25, 0],
			"scale": [0.57, 0.57, 0.57]
		},
		"head": {
			"rotation": [12, -90, 0],
			"translation": [0, -16, 3.25],
			"scale": [1.5, 1.5, 1.5]
		},
		"fixed": {
			"rotation": [0, 0, -90],
			"translation": [11.5, 0, -1.5],
			"scale": [1.5, 1.5, 1.5]
		}
	},
	"groups": [
		{
			"name": "group",
			"origin": [-0.8, 0, 0],
			"color": 0,
			"nbt": "{}",
			"armAnimationEnabled": false,
			"children": [0, 1, 2, 3, 4, 5, 6, 7, 8, 9, 10, 11, 12, 13]
		}
	]
}