{
  "variants": {
    "sculk_sensor_phase=active": [
      {"model": "wildbackport:block/sculk_sensor_active"},
      {"model": "wildbackport:block/sculk_sensor_active", "y": 90},
      {"model": "wildbackport:block/sculk_sensor_active", "y": 180},
      {"model": "wildbackport:block/sculk_sensor_active", "y": 270}
  ],
    "sculk_sensor_phase=cooldown": [
      {"model": "wildbackport:block/sculk_sensor_inactive"},
      {"model": "wildbackport:block/sculk_sensor_inactive", "y": 90},
      {"model": "wildbackport:block/sculk_sensor_inactive", "y": 180},
      {"model": "wildbackport:block/sculk_sensor_inactive", "y": 270}
  ],
    "sculk_sensor_phase=inactive": [
      {"model": "wildbackport:block/sculk_sensor_inactive"},
      {"model": "wildbackport:block/sculk_sensor_inactive", "y": 90},
      {"model": "wildbackport:block/sculk_sensor_inactive", "y": 180},
      {"model": "wildbackport:block/sculk_sensor_inactive", "y": 270}
  ]
  }
}