{
	"credit": "Made with Blockbench",
	"texture_size": [32, 32],
	"textures": {
		"0": "item/bazuso_axe",
		"particle": "item/bazuso_axe"
	},
	"elements": [
		{
			"from": [6.5, -14.3, 7],
			"to": [8, 6.7, 8.5],
			"faces": {
				"north": {"uv": [0, 0, 1, 10.5], "texture": "#0"},
				"east": {"uv": [1, 0, 2, 10.5], "texture": "#0"},
				"south": {"uv": [2, 0, 3, 10.5], "texture": "#0"},
				"west": {"uv": [3, 0, 4, 10.5], "texture": "#0"},
				"up": {"uv": [11.5, 1, 10.5, 0], "texture": "#0"},
				"down": {"uv": [11.5, 1, 10.5, 2], "texture": "#0"}
			}
		},
		{
			"from": [8, -14, 7.1],
			"to": [9.2, -13.5, 8.4],
			"faces": {
				"north": {"uv": [8, 4, 8.5, 4.5], "texture": "#0"},
				"east": {"uv": [12, 3.5, 12.5, 4], "texture": "#0"},
				"south": {"uv": [12.5, 3.5, 13, 4], "texture": "#0"},
				"west": {"uv": [7, 13, 7.5, 13.5], "texture": "#0"},
				"up": {"uv": [13.5, 7.5, 13, 7], "texture": "#0"},
				"down": {"uv": [13.5, 7.5, 13, 8], "texture": "#0"}
			}
		},
		{
			"from": [8, -8.3, 7.1],
			"to": [9.2, -7.8, 8.4],
			"faces": {
				"north": {"uv": [13, 8, 13.5, 8.5], "texture": "#0"},
				"east": {"uv": [8.5, 13, 9, 13.5], "texture": "#0"},
				"south": {"uv": [13, 8.5, 13.5, 9], "texture": "#0"},
				"west": {"uv": [9, 13, 9.5, 13.5], "texture": "#0"},
				"up": {"uv": [13.5, 9.5, 13, 9], "texture": "#0"},
				"down": {"uv": [10, 13, 9.5, 13.5], "texture": "#0"}
			}
		},
		{
			"from": [9.2, -14, 7.1],
			"to": [9.7, -7.8, 8.4],
			"faces": {
				"north": {"uv": [1.5, 10.5, 2, 13.5], "texture": "#0"},
				"east": {"uv": [2, 10.5, 2.5, 13.5], "texture": "#0"},
				"south": {"uv": [2.5, 10.5, 3, 13.5], "texture": "#0"},
				"west": {"uv": [3, 10.5, 3.5, 13.5], "texture": "#0"},
				"up": {"uv": [13.5, 10, 13, 9.5], "texture": "#0"},
				"down": {"uv": [10.5, 13, 10, 13.5], "texture": "#0"}
			}
		},
		{
			"from": [6.65, -15.5, 7.15],
			"to": [7.85, -12.5, 8.35],
			"faces": {
				"north": {"uv": [7, 4.5, 7.5, 6], "texture": "#0"},
				"east": {"uv": [8.5, 11.5, 9, 13], "texture": "#0"},
				"south": {"uv": [9, 11.5, 9.5, 13], "texture": "#0"},
				"west": {"uv": [9.5, 11.5, 10, 13], "texture": "#0"},
				"up": {"uv": [13.5, 10.5, 13, 10], "texture": "#0"},
				"down": {"uv": [11, 13, 10.5, 13.5], "texture": "#0"}
			}
		},
		{
			"from": [5.5, 6.9, 6.8],
			"to": [9, 11.9, 8.7],
			"rotation": {"angle": 0, "axis": "y", "origin": [0, -4.2, 0]},
			"faces": {
				"north": {"uv": [4, 0, 6, 2.5], "texture": "#0"},
				"east": {"uv": [7, 2, 8, 4.5], "texture": "#0"},
				"south": {"uv": [4, 2.5, 6, 5], "texture": "#0"},
				"west": {"uv": [7.5, 4.5, 8.5, 7], "texture": "#0"},
				"up": {"uv": [10, 3, 8, 2], "texture": "#0"},
				"down": {"uv": [10, 3, 8, 4], "texture": "#0"}
			}
		},
		{
			"from": [5.5, 6.3, 6.5],
			"to": [9, 6.9, 9],
			"rotation": {"angle": 0, "axis": "y", "origin": [0, -4.2, 0]},
			"faces": {
				"north": {"uv": [5.5, 11, 7.5, 11.5], "texture": "#0"},
				"east": {"uv": [11, 11.5, 12, 12], "texture": "#0"},
				"south": {"uv": [8, 11, 10, 11.5], "texture": "#0"},
				"west": {"uv": [12, 2, 13, 2.5], "texture": "#0"},
				"up": {"uv": [7.5, 9, 5.5, 8], "texture": "#0"},
				"down": {"uv": [10, 7, 8, 8], "texture": "#0"}
			}
		},
		{
			"from": [5.5, 11.8, 6.5],
			"to": [9, 12.4, 9],
			"rotation": {"angle": 0, "axis": "y", "origin": [0, -4.2, 0]},
			"faces": {
				"north": {"uv": [11, 9, 13, 9.5], "texture": "#0"},
				"east": {"uv": [12, 2.5, 13, 3], "texture": "#0"},
				"south": {"uv": [11, 9.5, 13, 10], "texture": "#0"},
				"west": {"uv": [12, 3, 13, 3.5], "texture": "#0"},
				"up": {"uv": [10, 9, 8, 8], "texture": "#0"},
				"down": {"uv": [10.5, 0, 8.5, 1], "texture": "#0"}
			}
		},
		{
			"from": [9, 6.3, 6.5],
			"to": [9.6, 12.4, 9],
			"rotation": {"angle": 0, "axis": "z", "origin": [0, -4.2, 0]},
			"faces": {
				"north": {"uv": [3.5, 10.5, 4, 13.5], "texture": "#0"},
				"east": {"uv": [4, 5, 5, 8], "texture": "#0"},
				"south": {"uv": [10.5, 4, 11, 7], "texture": "#0"},
				"west": {"uv": [5, 5, 6, 8], "texture": "#0"},
				"up": {"uv": [6, 13, 5.5, 12], "texture": "#0"},
				"down": {"uv": [6.5, 12, 6, 13], "texture": "#0"}
			}
		},
		{
			"from": [4.9, 6.3, 6.5],
			"to": [5.5, 12.4, 9],
			"rotation": {"angle": 0, "axis": "y", "origin": [0, -4.2, 0]},
			"faces": {
				"north": {"uv": [10.5, 9, 11, 12], "texture": "#0"},
				"east": {"uv": [6, 0, 7, 3], "texture": "#0"},
				"south": {"uv": [11, 4, 11.5, 7], "texture": "#0"},
				"west": {"uv": [6, 3, 7, 6], "texture": "#0"},
				"up": {"uv": [7, 13, 6.5, 12], "texture": "#0"},
				"down": {"uv": [7.5, 12, 7, 13], "texture": "#0"}
			}
		},
		{
			"from": [-3.3, 7.9, 7.1],
			"to": [0.6, 9.8, 8.4],
			"rotation": {"angle": -22.5, "axis": "z", "origin": [0, -4.6, 0]},
			"faces": {
				"north": {"uv": [8.5, 1, 10.5, 2], "texture": "#0"},
				"east": {"uv": [12, 7, 12.5, 8], "texture": "#0"},
				"south": {"uv": [8.5, 4, 10.5, 5], "texture": "#0"},
				"west": {"uv": [12, 8, 12.5, 9], "texture": "#0"},
				"up": {"uv": [13, 10.5, 11, 10], "texture": "#0"},
				"down": {"uv": [13, 10.5, 11, 11], "texture": "#0"}
			}
		},
		{
			"from": [7.1, 6.5, 7.1],
			"to": [10.7, 8.4, 8.4],
			"rotation": {"angle": 22.5, "axis": "z", "origin": [0, -4.6, 0]},
			"faces": {
				"north": {"uv": [8.5, 5, 10.5, 6], "texture": "#0"},
				"east": {"uv": [10.5, 12, 11, 13], "texture": "#0"},
				"south": {"uv": [8.5, 6, 10.5, 7], "texture": "#0"},
				"west": {"uv": [11, 12, 11.5, 13], "texture": "#0"},
				"up": {"uv": [13, 11.5, 11, 11], "texture": "#0"},
				"down": {"uv": [13.5, 0, 11.5, 0.5], "texture": "#0"}
			}
		},
		{
			"from": [10.3, 3.2, 7.1],
			"to": [11.6, 4.7, 8.4],
			"rotation": {"angle": 45, "axis": "z", "origin": [0, -4.6, 0]},
			"faces": {
				"north": {"uv": [11.5, 12, 12, 13], "texture": "#0"},
				"east": {"uv": [12, 11.5, 12.5, 12.5], "texture": "#0"},
				"south": {"uv": [4, 12.5, 4.5, 13.5], "texture": "#0"},
				"west": {"uv": [4.5, 12.5, 5, 13.5], "texture": "#0"},
				"up": {"uv": [13.5, 11, 13, 10.5], "texture": "#0"},
				"down": {"uv": [11.5, 13, 11, 13.5], "texture": "#0"}
			}
		},
		{
			"from": [3.7, 8.4, 7.1],
			"to": [5, 9.9, 8.4],
			"rotation": {"angle": 0, "axis": "z", "origin": [0, -4.6, 0]},
			"faces": {
				"north": {"uv": [5, 12.5, 5.5, 13.5], "texture": "#0"},
				"east": {"uv": [12.5, 7, 13, 8], "texture": "#0"},
				"south": {"uv": [12.5, 8, 13, 9], "texture": "#0"},
				"west": {"uv": [12.5, 11.5, 13, 12.5], "texture": "#0"},
				"up": {"uv": [13.5, 11.5, 13, 11], "texture": "#0"},
				"down": {"uv": [12, 13, 11.5, 13.5], "texture": "#0"}
			}
		},
		{
			"from": [2.5, 11.3, 7.2],
			"to": [6.5, 13.3, 8.3],
			"rotation": {"angle": -22.5, "axis": "z", "origin": [-0.9, -3.4, 0]},
			"faces": {
				"north": {"uv": [5.5, 9, 7.5, 10], "texture": "#0"},
				"east": {"uv": [12, 12.5, 12.5, 13.5], "texture": "#0"},
				"south": {"uv": [8, 9, 10, 10], "texture": "#0"},
				"west": {"uv": [12.5, 12.5, 13, 13.5], "texture": "#0"},
				"up": {"uv": [13.5, 1, 11.5, 0.5], "texture": "#0"},
				"down": {"uv": [13.5, 1, 11.5, 1.5], "texture": "#0"}
			}
		},
		{
			"from": [-0.5, 13, 7.2],
			"to": [3, 14.8, 8.3],
			"rotation": {"angle": -45, "axis": "z", "origin": [-0.9, -3.4, 0]},
			"faces": {
				"north": {"uv": [10, 2, 12, 3], "texture": "#0"},
				"east": {"uv": [13, 2, 13.5, 3], "texture": "#0"},
				"south": {"uv": [10, 3, 12, 4], "texture": "#0"},
				"west": {"uv": [13, 3, 13.5, 4], "texture": "#0"},
				"up": {"uv": [13.5, 2, 11.5, 1.5], "texture": "#0"},
				"down": {"uv": [13.5, 4, 11.5, 4.5], "texture": "#0"}
			}
		},
		{
			"from": [12.9, 4, 7.2],
			"to": [16.8, 5.9, 8.3],
			"rotation": {"angle": 22.5, "axis": "z", "origin": [-0.9, -5.1, 0]},
			"faces": {
				"north": {"uv": [5.5, 10, 7.5, 11], "texture": "#0"},
				"east": {"uv": [5.5, 13, 6, 14], "texture": "#0"},
				"south": {"uv": [10, 7, 12, 8], "texture": "#0"},
				"west": {"uv": [6, 13, 6.5, 14], "texture": "#0"},
				"up": {"uv": [13.5, 5, 11.5, 4.5], "texture": "#0"},
				"down": {"uv": [13.5, 5, 11.5, 5.5], "texture": "#0"}
			}
		},
		{
			"from": [18.9, -3.5, 7.2],
			"to": [22.7, -1.7, 8.3],
			"rotation": {"angle": 45, "axis": "z", "origin": [-0.9, -5.1, 0]},
			"faces": {
				"north": {"uv": [8, 10, 10, 11], "texture": "#0"},
				"east": {"uv": [13, 6, 13.5, 7], "texture": "#0"},
				"south": {"uv": [10, 8, 12, 9], "texture": "#0"},
				"west": {"uv": [6.5, 13, 7, 14], "texture": "#0"},
				"up": {"uv": [7.5, 12, 5.5, 11.5], "texture": "#0"},
				"down": {"uv": [13.5, 5.5, 11.5, 6], "texture": "#0"}
			}
		},
		{
			"from": [13.4, 5.45, 7.1],
			"to": [14.7, 14, 8.4],
			"rotation": {"angle": 0, "axis": "z", "origin": [-0.9, -3.4, 0]},
			"faces": {
				"north": {"uv": [7.5, 7, 8, 11.5], "texture": "#0"},
				"east": {"uv": [4, 8, 4.5, 12.5], "texture": "#0"},
				"south": {"uv": [4.5, 8, 5, 12.5], "texture": "#0"},
				"west": {"uv": [5, 8, 5.5, 12.5], "texture": "#0"},
				"up": {"uv": [13.5, 12, 13, 11.5], "texture": "#0"},
				"down": {"uv": [13.5, 12, 13, 12.5], "texture": "#0"}
			}
		},
		{
			"from": [15.1, 5.46, -6],
			"to": [16.1, 13.96, -5],
			"rotation": {"angle": -45, "axis": "y", "origin": [-0.9, -3.4, 0]},
			"faces": {
				"north": {"uv": [10, 9, 10.5, 13], "texture": "#0"},
				"east": {"uv": [0, 10.5, 0.5, 14.5], "texture": "#0"},
				"south": {"uv": [0.5, 10.5, 1, 14.5], "texture": "#0"},
				"west": {"uv": [1, 10.5, 1.5, 14.5], "texture": "#0"},
				"up": {"uv": [13.5, 13, 13, 12.5], "texture": "#0"},
				"down": {"uv": [13.5, 13, 13, 13.5], "texture": "#0"}
			}
		},
		{
			"from": [11, 7.9, 7.2],
			"to": [14.3, 11.5, 8.3],
			"rotation": {"angle": 0, "axis": "z", "origin": [-0.9, -3.4, 0]},
			"faces": {
				"north": {"uv": [6, 6, 7.5, 8], "texture": "#0"},
				"east": {"uv": [7.5, 11.5, 8, 13.5], "texture": "#0"},
				"south": {"uv": [7, 0, 8.5, 2], "texture": "#0"},
				"west": {"uv": [8, 11.5, 8.5, 13.5], "texture": "#0"},
				"up": {"uv": [13, 6.5, 11.5, 6], "texture": "#0"},
				"down": {"uv": [13, 6.5, 11.5, 7], "texture": "#0"}
			}
		}
	],
	"display": {
		"thirdperson_righthand": {
			"rotation": [0, 90, 0],
			"translation": [0, 16.75, 0]
		},
		"thirdperson_lefthand": {
			"rotation": [90, 0, 94.5],
			"translation": [-19, -1.5, -1.75]
		},
		"firstperson_righthand": {
			"rotation": [0, 90, 0],
			"translation": [0, 12.5, 0]
		},
		"firstperson_lefthand": {
			"rotation": [0, 0, 94.5],
			"translation": [-14, 0, 1.5]
		},
		"ground": {
			"rotation": [90, 0, 0],
			"translation": [0, 0, 8],
			"scale": [0.95, 0.95, 0.95]
		},
		"gui": {
			"rotation": [0, 180, -45],
			"translation": [-2.25, 2.75, 0],
			"scale": [0.54, 0.54, 0.54]
		},
		"fixed": {
			"rotation": [180, 0, 0],
			"translation": [0, -13.25, -0.75],
			"scale": [1.5, 1.5, 1.5]
		}
	},
	"groups": [
		{
			"name": "group",
			"origin": [-0.9, 0.8, 0],
			"color": 0,
			"nbt": "{}",
			"armAnimationEnabled": false,
			"children": [0, 1, 2, 3, 4, 5, 6, 7, 8, 9, 10, 11, 12, 13, 14, 15, 16, 17, 18, 19, 20]
		}
	]
}