{
	"credit": "Made with Blockbench",
	"texture_size": [32, 32],
	"textures": {
		"2": "item/griffith_sword_l",
		"particle": "item/griffith_sword_l"
	},
	"elements": [
		{
			"from": [6.6, -9.5, 7.2],
			"to": [8.1, 7, 7.5],
			"faces": {
				"north": {"uv": [0, 0, 0.75, 8.25], "texture": "#2"},
				"east": {"uv": [2, 0, 2.25, 8.25], "texture": "#2"},
				"south": {"uv": [1, 0, 1.75, 8.25], "texture": "#2"},
				"west": {"uv": [2.5, 0, 2.75, 8.25], "texture": "#2"},
				"up": {"uv": [9.25, 2.25, 8.5, 2], "texture": "#2"},
				"down": {"uv": [9.25, 2.5, 8.5, 2.75], "texture": "#2"}
			}
		},
		{
			"from": [6.8, -16, 6.7],
			"to": [8, -15.2, 7.9],
			"faces": {
				"north": {"uv": [7.5, 5, 8, 5.5], "texture": "#2"},
				"east": {"uv": [7.5, 5.5, 8, 6], "texture": "#2"},
				"south": {"uv": [7.5, 6, 8, 6.5], "texture": "#2"},
				"west": {"uv": [6.5, 7.5, 7, 8], "texture": "#2"},
				"up": {"uv": [7.5, 8, 7, 7.5], "texture": "#2"},
				"down": {"uv": [8, 7, 7.5, 7.5], "texture": "#2"}
			}
		},
		{
			"from": [7, -15.2, 6.9],
			"to": [7.8, -10.3, 7.7],
			"faces": {
				"north": {"uv": [3, 4, 3.5, 6.5], "texture": "#2"},
				"east": {"uv": [3.5, 4, 4, 6.5], "texture": "#2"},
				"south": {"uv": [4, 4, 4.5, 6.5], "texture": "#2"},
				"west": {"uv": [4.5, 4, 5, 6.5], "texture": "#2"},
				"up": {"uv": [8, 8, 7.5, 7.5], "texture": "#2"},
				"down": {"uv": [8.5, 0, 8, 0.5], "texture": "#2"}
			}
		},
		{
			"from": [1, -10.4, 9.7],
			"to": [2.4, -9.4, 11.1],
			"rotation": {"angle": 45, "axis": "y", "origin": [0, 0, 0]},
			"faces": {
				"north": {"uv": [6, 6.5, 6.75, 7], "texture": "#2"},
				"east": {"uv": [7, 0, 7.75, 0.5], "texture": "#2"},
				"south": {"uv": [7, 0.5, 7.75, 1], "texture": "#2"},
				"west": {"uv": [7, 1, 7.75, 1.5], "texture": "#2"},
				"up": {"uv": [5.75, 2.75, 5, 2], "texture": "#2"},
				"down": {"uv": [5.75, 3, 5, 3.75], "texture": "#2"}
			}
		},
		{
			"from": [-2.3, -10.4, 9.7],
			"to": [-0.9, -9.4, 11.1],
			"rotation": {"angle": 45, "axis": "y", "origin": [0, 0, 0]},
			"faces": {
				"north": {"uv": [7, 1.5, 7.75, 2], "texture": "#2"},
				"east": {"uv": [7, 2, 7.75, 2.5], "texture": "#2"},
				"south": {"uv": [7, 2.5, 7.75, 3], "texture": "#2"},
				"west": {"uv": [3, 7, 3.75, 7.5], "texture": "#2"},
				"up": {"uv": [5.75, 4.75, 5, 4], "texture": "#2"},
				"down": {"uv": [5.75, 5, 5, 5.75], "texture": "#2"}
			}
		},
		{
			"from": [5.3, -10.3, 6.3],
			"to": [6.3, -9.5, 8.5],
			"faces": {
				"north": {"uv": [5, 0, 7, 0.5], "texture": "#2"},
				"east": {"uv": [6, 5, 7, 5.5], "texture": "#2"},
				"south": {"uv": [5, 0.5, 7, 1], "texture": "#2"},
				"west": {"uv": [6, 5.5, 7, 6], "texture": "#2"},
				"up": {"uv": [5, 1, 3, 0], "texture": "#2"},
				"down": {"uv": [5, 1, 3, 2], "texture": "#2"}
			}
		},
		{
			"from": [6.3, -10.3, 5.3],
			"to": [8.4, -9.5, 9.4],
			"faces": {
				"north": {"uv": [6, 6, 7, 6.5], "texture": "#2"},
				"east": {"uv": [5, 1, 7, 1.5], "texture": "#2"},
				"south": {"uv": [3, 6.5, 4, 7], "texture": "#2"},
				"west": {"uv": [5, 1.5, 7, 2], "texture": "#2"},
				"up": {"uv": [4, 4, 3, 2], "texture": "#2"},
				"down": {"uv": [5, 2, 4, 4], "texture": "#2"}
			}
		},
		{
			"from": [8.4, -10.3, 6.3],
			"to": [9.4, -9.5, 8.5],
			"faces": {
				"north": {"uv": [5, 0, 7, 0.5], "texture": "#2"},
				"east": {"uv": [6, 5, 7, 5.5], "texture": "#2"},
				"south": {"uv": [5, 0.5, 7, 1], "texture": "#2"},
				"west": {"uv": [6, 5.5, 7, 6], "texture": "#2"},
				"up": {"uv": [5, 1, 3, 0], "texture": "#2"},
				"down": {"uv": [5, 1, 3, 2], "texture": "#2"}
			}
		},
		{
			"from": [-0.7, -10.4, 8],
			"to": [0.7, -9.4, 9.4],
			"rotation": {"angle": 45, "axis": "y", "origin": [0, 0, 0]},
			"faces": {
				"north": {"uv": [7, 3, 7.75, 3.5], "texture": "#2"},
				"east": {"uv": [7, 3.5, 7.75, 4], "texture": "#2"},
				"south": {"uv": [7, 4, 7.75, 4.5], "texture": "#2"},
				"west": {"uv": [7, 4.5, 7.75, 5], "texture": "#2"},
				"up": {"uv": [6.75, 2.75, 6, 2], "texture": "#2"},
				"down": {"uv": [6.75, 3, 6, 3.75], "texture": "#2"}
			}
		},
		{
			"from": [3.8, 10.5, 7.2],
			"to": [4.2, 11.6, 7.5],
			"rotation": {"angle": -22.5, "axis": "z", "origin": [0, 0, 0]},
			"faces": {
				"north": {"uv": [2.5, 8.5, 2.75, 9], "texture": "#2"},
				"east": {"uv": [8.5, 3, 8.75, 3.5], "texture": "#2"},
				"south": {"uv": [8.5, 3.5, 8.75, 4], "texture": "#2"},
				"west": {"uv": [8.5, 4, 8.75, 4.5], "texture": "#2"},
				"up": {"uv": [8.75, 5.25, 8.5, 5], "texture": "#2"},
				"down": {"uv": [5.75, 8.5, 5.5, 8.75], "texture": "#2"}
			}
		},
		{
			"from": [7.7, 6.5, 7.2],
			"to": [8.1, 8.5, 7.5],
			"faces": {
				"north": {"uv": [8, 0.5, 8.25, 1.5], "texture": "#2"},
				"east": {"uv": [8, 1.5, 8.25, 2.5], "texture": "#2"},
				"south": {"uv": [8, 2.5, 8.25, 3.5], "texture": "#2"},
				"west": {"uv": [3, 8, 3.25, 9], "texture": "#2"},
				"up": {"uv": [8.75, 5.75, 8.5, 5.5], "texture": "#2"},
				"down": {"uv": [6.25, 8.5, 6, 8.75], "texture": "#2"}
			}
		},
		{
			"from": [4.1, 10.5, 7.2],
			"to": [4.5, 12.5, 7.5],
			"rotation": {"angle": -22.5, "axis": "z", "origin": [0, 0, 0]},
			"faces": {
				"north": {"uv": [3.5, 8, 3.75, 9], "texture": "#2"},
				"east": {"uv": [8, 3.5, 8.25, 4.5], "texture": "#2"},
				"south": {"uv": [4, 8, 4.25, 9], "texture": "#2"},
				"west": {"uv": [4.5, 8, 4.75, 9], "texture": "#2"},
				"up": {"uv": [8.75, 6.25, 8.5, 6], "texture": "#2"},
				"down": {"uv": [8.75, 6.5, 8.5, 6.75], "texture": "#2"}
			}
		},
		{
			"from": [-1, 11.3, 7.2],
			"to": [-0.6, 13.3, 7.5],
			"rotation": {"angle": -45, "axis": "z", "origin": [0, 0, 0]},
			"faces": {
				"north": {"uv": [8, 4.5, 8.25, 5.5], "texture": "#2"},
				"east": {"uv": [8, 5.5, 8.25, 6.5], "texture": "#2"},
				"south": {"uv": [6.5, 8, 6.75, 9], "texture": "#2"},
				"west": {"uv": [8, 6.5, 8.25, 7.5], "texture": "#2"},
				"up": {"uv": [8.75, 7.25, 8.5, 7], "texture": "#2"},
				"down": {"uv": [8.75, 7.5, 8.5, 7.75], "texture": "#2"}
			}
		},
		{
			"from": [-0.7, -10.4, 11.4],
			"to": [0.7, -9.4, 12.8],
			"rotation": {"angle": 45, "axis": "y", "origin": [0, 0, 0]},
			"faces": {
				"north": {"uv": [6.5, 7, 7.25, 7.5], "texture": "#2"},
				"east": {"uv": [7, 6.5, 7.75, 7], "texture": "#2"},
				"south": {"uv": [3, 7.5, 3.75, 8], "texture": "#2"},
				"west": {"uv": [4, 7.5, 4.75, 8], "texture": "#2"},
				"up": {"uv": [6.75, 4.75, 6, 4], "texture": "#2"},
				"down": {"uv": [5.75, 6, 5, 6.75], "texture": "#2"}
			}
		},
		{
			"from": [3.4, 9, 7.2],
			"to": [4.5, 10.85, 7.5],
			"rotation": {"angle": -22.5, "axis": "z", "origin": [0, 0, 0]},
			"faces": {
				"north": {"uv": [4, 6.5, 4.5, 7.5], "texture": "#2"},
				"east": {"uv": [1.5, 8.5, 1.75, 9.5], "texture": "#2"},
				"south": {"uv": [4.5, 6.5, 5, 7.5], "texture": "#2"},
				"west": {"uv": [2, 8.5, 2.25, 9.5], "texture": "#2"},
				"up": {"uv": [9, 4.75, 8.5, 4.5], "texture": "#2"},
				"down": {"uv": [5.5, 8.5, 5, 8.75], "texture": "#2"}
			}
		},
		{
			"from": [6.3, -15.39513, 6.68738],
			"to": [7.5, -15.29513, 7.88738],
			"rotation": {"angle": -22.5, "axis": "z", "origin": [7.4, -13.69513, 7.48738]},
			"faces": {
				"north": {"uv": [7, 1, 7.5, 1.5], "texture": "#2"},
				"east": {"uv": [7, 1.5, 7.5, 2], "texture": "#2"},
				"south": {"uv": [7, 2, 7.5, 2.5], "texture": "#2"},
				"west": {"uv": [7, 2, 7.5, 2.5], "texture": "#2"},
				"up": {"uv": [7.5, 1.5, 7, 1], "rotation": 90, "texture": "#2"},
				"down": {"uv": [7.5, 1.5, 7, 2], "rotation": 270, "texture": "#2"}
			}
		},
		{
			"from": [6.27, -15.72, 6.58738],
			"to": [6.97, -15.62, 7.98738],
			"rotation": {"angle": -45, "axis": "z", "origin": [7.4, -13.79513, 7.48738]},
			"faces": {
				"north": {"uv": [7, 2.75, 7.5, 3.25], "texture": "#2"},
				"east": {"uv": [7, 2.75, 7.5, 3.25], "texture": "#2"},
				"south": {"uv": [7, 2.25, 7.5, 2.75], "texture": "#2"},
				"west": {"uv": [7, 1.75, 7.5, 2.25], "texture": "#2"},
				"up": {"uv": [7.5, 2.25, 7, 1.75], "rotation": 90, "texture": "#2"},
				"down": {"uv": [7.5, 2.25, 7, 2.75], "rotation": 270, "texture": "#2"}
			}
		},
		{
			"from": [5.18738, -13.5, 6.48738],
			"to": [5.28738, -12.7, 8.08738],
			"rotation": {"angle": 22.5, "axis": "z", "origin": [7.4, -13.79513, 7.48738]},
			"faces": {
				"north": {"uv": [3.75, 0.25, 4.25, 0.75], "texture": "#2"},
				"east": {"uv": [3.75, 0.25, 4.75, 0.75], "texture": "#2"},
				"south": {"uv": [4.25, 0.25, 4.75, 0.75], "texture": "#2"},
				"west": {"uv": [3.75, 0.25, 4.75, 0.75], "texture": "#2"},
				"up": {"uv": [4.75, 0.75, 3.75, 0.25], "rotation": 90, "texture": "#2"},
				"down": {"uv": [4.75, 0.25, 3.75, 0.75], "rotation": 270, "texture": "#2"}
			}
		},
		{
			"from": [4.93, -13.63, 6.38738],
			"to": [5.03, -11.73, 8.18738],
			"rotation": {"angle": 0, "axis": "y", "origin": [7.4, -13.69513, 7.48738]},
			"faces": {
				"north": {"uv": [4, 0, 4.5, 1], "texture": "#2"},
				"east": {"uv": [4, 0, 5, 1], "texture": "#2"},
				"south": {"uv": [4.5, 0, 5, 1], "texture": "#2"},
				"west": {"uv": [4, 0, 5, 1], "texture": "#2"},
				"up": {"uv": [5, 0.5, 4, 0], "rotation": 90, "texture": "#2"},
				"down": {"uv": [5, 0.5, 4, 1], "rotation": 270, "texture": "#2"}
			}
		},
		{
			"from": [4.86738, -12.73, 6.48738],
			"to": [4.96738, -12.04, 8.08738],
			"rotation": {"angle": -22.5, "axis": "z", "origin": [7.4, -12.39513, 8.08738]},
			"faces": {
				"north": {"uv": [7, 0, 7.5, 0.5], "texture": "#2"},
				"east": {"uv": [4, 0, 5, 0.5], "texture": "#2"},
				"south": {"uv": [7, 0, 7.5, 0.5], "texture": "#2"},
				"west": {"uv": [4, 1, 5, 1.5], "texture": "#2"},
				"up": {"uv": [5, 2, 4, 1.5], "rotation": 90, "texture": "#2"},
				"down": {"uv": [5, 0.5, 4, 1], "rotation": 270, "texture": "#2"}
			}
		},
		{
			"from": [4.92, -13.05, 6.58738],
			"to": [5.02, -12.25, 7.98738],
			"rotation": {"angle": -45, "axis": "z", "origin": [7.4, -12.39513, 8.08738]},
			"faces": {
				"north": {"uv": [7.25, 1.75, 7.75, 2.25], "rotation": 90, "texture": "#2"},
				"east": {"uv": [7.75, 2.25, 7.25, 2.75], "rotation": 180, "texture": "#2"},
				"south": {"uv": [7.25, 2.25, 7.75, 2.75], "rotation": 270, "texture": "#2"},
				"west": {"uv": [7.75, 2.25, 7.25, 1.75], "texture": "#2"},
				"up": {"uv": [7.25, 2.25, 7.75, 2.75], "rotation": 270, "texture": "#2"},
				"down": {"uv": [7.25, 1.75, 7.75, 2.25], "rotation": 270, "texture": "#2"}
			}
		},
		{
			"from": [6.56738, -10.15, 6.68738],
			"to": [7.78738, -10.05, 7.88738],
			"rotation": {"angle": 22.5, "axis": "z", "origin": [7.4, -12.39513, 8.08738]},
			"faces": {
				"north": {"uv": [4.25, 0.5, 4.75, 1], "texture": "#2"},
				"east": {"uv": [3.75, 1, 4.25, 1.5], "texture": "#2"},
				"south": {"uv": [4.25, 0, 4.75, 0.5], "texture": "#2"},
				"west": {"uv": [3.75, 0, 4.25, 0.5], "texture": "#2"},
				"up": {"uv": [4.25, 1, 3.75, 0.5], "rotation": 90, "texture": "#2"},
				"down": {"uv": [4.75, 1, 4.25, 1.5], "rotation": 270, "texture": "#2"}
			}
		}
	],
	"display": {
		"thirdperson_righthand": {
			"rotation": [0, -90, 0],
			"translation": [0, 18.75, 0.75]
		},
		"thirdperson_lefthand": {
			"rotation": [0, 90, 180],
			"translation": [-0.4, -20, 0]
		},
		"firstperson_righthand": {
			"rotation": [0, -90, 0],
			"translation": [0, 17.5, 0]
		},
		"firstperson_lefthand": {
			"rotation": [0, 90, 155],
			"translation": [1, -14, 8.5]
		},
		"ground": {
			"rotation": [90, 0, 0],
			"translation": [0, 0, 10.75]
		},
		"gui": {
			"rotation": [0, 0, 41],
			"translation": [-5.25, 6.25, 0],
			"scale": [0.7, 0.7, 0.7]
		},
		"fixed": {
			"rotation": [0, 0, 180],
			"translation": [-1.25, -19.75, -0.75],
			"scale": [2, 2, 2]
		}
	},
	"groups": [
		{
			"name": "group",
			"origin": [0, 0, 0],
			"color": 0,
			"nbt": "{}",
			"armAnimationEnabled": false,
			"children": [0, 1, 2, 3, 4, 5, 6, 7, 8, 9, 10, 11, 12, 13, 14, 15, 16, 17, 18, 19, 20, 21]
		}
	]
}