{
	"credit": "Made with Blockbench",
	"textures": {
		"0": "item/skelet2",
		"particle": "item/skelet2"
	},
	"elements": [
		{
			"from": [8.19, 13.5, 7.95],
			"to": [8.79, 14.7, 8.25],
			"rotation": {"angle": 22.5, "axis": "z", "origin": [0, 16.6, 0]},
			"faces": {
				"north": {"uv": [8, 11, 9, 12], "texture": "#0"},
				"east": {"uv": [13, 11, 14, 12], "texture": "#0"},
				"south": {"uv": [13, 13, 14, 14], "texture": "#0"},
				"west": {"uv": [14, 0, 15, 1], "texture": "#0"},
				"up": {"uv": [15, 2, 14, 1], "texture": "#0"},
				"down": {"uv": [15, 2, 14, 3], "texture": "#0"}
			}
		},
		{
			"from": [8.55, -2.5, 7.65],
			"to": [9.45, -1.9, 8.55],
			"rotation": {"angle": 0, "axis": "y", "origin": [0, 12, 0]},
			"faces": {
				"north": {"uv": [14, 3, 15, 4], "texture": "#0"},
				"east": {"uv": [4, 14, 5, 15], "texture": "#0"},
				"south": {"uv": [14, 4, 15, 5], "texture": "#0"},
				"west": {"uv": [5, 14, 6, 15], "texture": "#0"},
				"up": {"uv": [15, 6, 14, 5], "texture": "#0"},
				"down": {"uv": [15, 6, 14, 7], "texture": "#0"}
			}
		},
		{
			"from": [8.25, 2.7, 7.65],
			"to": [9.75, 3.3, 8.55],
			"rotation": {"angle": 0, "axis": "y", "origin": [0, 12, 0]},
			"faces": {
				"north": {"uv": [11, 3, 13, 4], "texture": "#0"},
				"east": {"uv": [14, 7, 15, 8], "texture": "#0"},
				"south": {"uv": [11, 4, 13, 5], "texture": "#0"},
				"west": {"uv": [14, 8, 15, 9], "texture": "#0"},
				"up": {"uv": [13, 6, 11, 5], "texture": "#0"},
				"down": {"uv": [13, 6, 11, 7], "texture": "#0"}
			}
		},
		{
			"from": [5.39, -0.6, 7.65],
			"to": [6.09, 0, 8.55],
			"rotation": {"angle": 22.5, "axis": "z", "origin": [-0.7, 12, 0]},
			"faces": {
				"north": {"uv": [11, 7, 13, 8], "texture": "#0"},
				"east": {"uv": [14, 9, 15, 10], "texture": "#0"},
				"south": {"uv": [11, 8, 13, 9], "texture": "#0"},
				"west": {"uv": [14, 10, 15, 11], "texture": "#0"},
				"up": {"uv": [13, 10, 11, 9], "texture": "#0"},
				"down": {"uv": [13, 10, 11, 11], "texture": "#0"}
			}
		},
		{
			"from": [10.55, 6.3, 7.65],
			"to": [11.25, 6.9, 8.55],
			"rotation": {"angle": -22.5, "axis": "z", "origin": [0.7, 12, 0]},
			"faces": {
				"north": {"uv": [11, 11, 13, 12], "texture": "#0"},
				"east": {"uv": [14, 11, 15, 12], "texture": "#0"},
				"south": {"uv": [12, 0, 14, 1], "texture": "#0"},
				"west": {"uv": [14, 12, 15, 13], "texture": "#0"},
				"up": {"uv": [14, 2, 12, 1], "texture": "#0"},
				"down": {"uv": [14, 2, 12, 3], "texture": "#0"}
			}
		},
		{
			"from": [7.85, 3.3, 7.95],
			"to": [10.15, 11.6, 8.25],
			"rotation": {"angle": 0, "axis": "y", "origin": [0, 12, 0]},
			"faces": {
				"north": {"uv": [0, 0, 2, 8], "texture": "#0"},
				"east": {"uv": [4, 6, 5, 14], "texture": "#0"},
				"south": {"uv": [2, 0, 4, 8], "texture": "#0"},
				"west": {"uv": [5, 6, 6, 14], "texture": "#0"},
				"up": {"uv": [8, 13, 6, 12], "texture": "#0"},
				"down": {"uv": [10, 12, 8, 13], "texture": "#0"}
			}
		},
		{
			"from": [7.95, 11.6, 7.95],
			"to": [10.05, 17.4, 8.25],
			"rotation": {"angle": 0, "axis": "y", "origin": [0, 16.6, 0]},
			"faces": {
				"north": {"uv": [4, 0, 6, 6], "texture": "#0"},
				"east": {"uv": [6, 6, 7, 12], "texture": "#0"},
				"south": {"uv": [6, 0, 8, 6], "texture": "#0"},
				"west": {"uv": [7, 6, 8, 12], "texture": "#0"},
				"up": {"uv": [12, 13, 10, 12], "texture": "#0"},
				"down": {"uv": [14, 12, 12, 13], "texture": "#0"}
			}
		},
		{
			"from": [9.49, 13.5, 7.95],
			"to": [9.59, 16, 8.25],
			"rotation": {"angle": 22.5, "axis": "z", "origin": [0, 16.6, 0]},
			"faces": {
				"north": {"uv": [3, 8, 4, 11], "texture": "#0"},
				"east": {"uv": [8, 5, 9, 8], "texture": "#0"},
				"south": {"uv": [8, 8, 9, 11], "texture": "#0"},
				"west": {"uv": [9, 0, 10, 3], "texture": "#0"},
				"up": {"uv": [14, 15, 13, 14], "texture": "#0"},
				"down": {"uv": [15, 13, 14, 14], "texture": "#0"}
			}
		},
		{
			"from": [7.04, 20.38, 7.95],
			"to": [7.14, 22.88, 8.25],
			"rotation": {"angle": -22.5, "axis": "z", "origin": [0, 16.6, 0]},
			"faces": {
				"north": {"uv": [9, 3, 10, 6], "texture": "#0"},
				"east": {"uv": [9, 6, 10, 9], "texture": "#0"},
				"south": {"uv": [9, 9, 10, 12], "texture": "#0"},
				"west": {"uv": [10, 0, 11, 3], "texture": "#0"},
				"up": {"uv": [15, 15, 14, 14], "texture": "#0"},
				"down": {"uv": [1, 15, 0, 16], "texture": "#0"}
			}
		},
		{
			"from": [8.49, 12.37, 7.95],
			"to": [8.63, 12.5, 8.25],
			"rotation": {"angle": 45, "axis": "z", "origin": [0, 16.6, 0]},
			"faces": {
				"north": {"uv": [15, 0, 16, 1], "texture": "#0"},
				"east": {"uv": [1, 15, 2, 16], "texture": "#0"},
				"south": {"uv": [15, 1, 16, 2], "texture": "#0"},
				"west": {"uv": [2, 15, 3, 16], "texture": "#0"},
				"up": {"uv": [16, 3, 15, 2], "texture": "#0"},
				"down": {"uv": [4, 15, 3, 16], "texture": "#0"}
			}
		},
		{
			"from": [7.14, 20.38, 7.95],
			"to": [7.24, 22.88, 8.25],
			"rotation": {"angle": -22.5, "axis": "z", "origin": [0, 16.6, 0]},
			"faces": {
				"north": {"uv": [10, 3, 11, 6], "texture": "#0"},
				"east": {"uv": [10, 6, 11, 9], "texture": "#0"},
				"south": {"uv": [10, 9, 11, 12], "texture": "#0"},
				"west": {"uv": [11, 0, 12, 3], "texture": "#0"},
				"up": {"uv": [16, 4, 15, 3], "texture": "#0"},
				"down": {"uv": [5, 15, 4, 16], "texture": "#0"}
			}
		},
		{
			"from": [9.39, 13.5, 7.95],
			"to": [9.49, 15.9, 8.25],
			"rotation": {"angle": 22.5, "axis": "z", "origin": [0, 16.6, 0]},
			"faces": {
				"north": {"uv": [3, 11, 4, 13], "texture": "#0"},
				"east": {"uv": [0, 13, 1, 15], "texture": "#0"},
				"south": {"uv": [1, 13, 2, 15], "texture": "#0"},
				"west": {"uv": [2, 13, 3, 15], "texture": "#0"},
				"up": {"uv": [16, 5, 15, 4], "texture": "#0"},
				"down": {"uv": [6, 15, 5, 16], "texture": "#0"}
			}
		},
		{
			"from": [9.19, 13.5, 7.95],
			"to": [9.39, 15.5, 8.25],
			"rotation": {"angle": 22.5, "axis": "z", "origin": [0, 16.6, 0]},
			"faces": {
				"north": {"uv": [3, 13, 4, 15], "texture": "#0"},
				"east": {"uv": [13, 3, 14, 5], "texture": "#0"},
				"south": {"uv": [13, 5, 14, 7], "texture": "#0"},
				"west": {"uv": [6, 13, 7, 15], "texture": "#0"},
				"up": {"uv": [16, 6, 15, 5], "texture": "#0"},
				"down": {"uv": [7, 15, 6, 16], "texture": "#0"}
			}
		},
		{
			"from": [7.24, 20.38, 7.95],
			"to": [7.44, 22.68, 8.25],
			"rotation": {"angle": -22.5, "axis": "z", "origin": [0, 16.6, 0]},
			"faces": {
				"north": {"uv": [7, 13, 8, 15], "texture": "#0"},
				"east": {"uv": [13, 7, 14, 9], "texture": "#0"},
				"south": {"uv": [8, 13, 9, 15], "texture": "#0"},
				"west": {"uv": [9, 13, 10, 15], "texture": "#0"},
				"up": {"uv": [16, 7, 15, 6], "texture": "#0"},
				"down": {"uv": [8, 15, 7, 16], "texture": "#0"}
			}
		},
		{
			"from": [8.79, 13.5, 7.95],
			"to": [9.19, 15, 8.25],
			"rotation": {"angle": 22.5, "axis": "z", "origin": [0, 16.6, 0]},
			"faces": {
				"north": {"uv": [15, 7, 16, 8], "texture": "#0"},
				"east": {"uv": [8, 15, 9, 16], "texture": "#0"},
				"south": {"uv": [15, 8, 16, 9], "texture": "#0"},
				"west": {"uv": [9, 15, 10, 16], "texture": "#0"},
				"up": {"uv": [16, 10, 15, 9], "texture": "#0"},
				"down": {"uv": [11, 15, 10, 16], "texture": "#0"}
			}
		},
		{
			"from": [7.44, 20.38, 7.95],
			"to": [7.64, 22.18, 8.25],
			"rotation": {"angle": -22.5, "axis": "z", "origin": [0, 16.6, 0]},
			"faces": {
				"north": {"uv": [13, 9, 14, 11], "texture": "#0"},
				"east": {"uv": [10, 13, 11, 15], "texture": "#0"},
				"south": {"uv": [11, 13, 12, 15], "texture": "#0"},
				"west": {"uv": [12, 13, 13, 15], "texture": "#0"},
				"up": {"uv": [16, 11, 15, 10], "texture": "#0"},
				"down": {"uv": [12, 15, 11, 16], "texture": "#0"}
			}
		},
		{
			"from": [8.65, -1.9, 7.75],
			"to": [9.35, 2.7, 8.45],
			"rotation": {"angle": 0, "axis": "y", "origin": [0, 12, 0]},
			"faces": {
				"north": {"uv": [0, 8, 1, 13], "texture": "#0"},
				"east": {"uv": [8, 0, 9, 5], "texture": "#0"},
				"south": {"uv": [1, 8, 2, 13], "texture": "#0"},
				"west": {"uv": [2, 8, 3, 13], "texture": "#0"},
				"up": {"uv": [16, 12, 15, 11], "texture": "#0"},
				"down": {"uv": [13, 15, 12, 16], "texture": "#0"}
			}
		},
		{
			"from": [9.8, 2.96, 7.65],
			"to": [10.4, 4.26, 8.55],
			"rotation": {"angle": 0, "axis": "z", "origin": [-0.7, 12, 0]},
			"faces": {
				"north": {"uv": [11, 7, 13, 8], "rotation": 90, "texture": "#0"},
				"east": {"uv": [13, 10, 11, 11], "rotation": 270, "texture": "#0"},
				"south": {"uv": [11, 8, 13, 9], "rotation": 270, "texture": "#0"},
				"west": {"uv": [13, 10, 11, 9], "rotation": 270, "texture": "#0"},
				"up": {"uv": [14, 9, 15, 10], "rotation": 270, "texture": "#0"},
				"down": {"uv": [14, 10, 15, 11], "rotation": 270, "texture": "#0"}
			}
		},
		{
			"from": [7.6, 2.96, 7.65],
			"to": [8.2, 4.26, 8.55],
			"rotation": {"angle": 0, "axis": "y", "origin": [-0.7, 12, 0]},
			"faces": {
				"north": {"uv": [11, 7, 13, 8], "rotation": 90, "texture": "#0"},
				"east": {"uv": [13, 10, 11, 11], "rotation": 270, "texture": "#0"},
				"south": {"uv": [11, 8, 13, 9], "rotation": 270, "texture": "#0"},
				"west": {"uv": [13, 10, 11, 9], "rotation": 270, "texture": "#0"},
				"up": {"uv": [14, 9, 15, 10], "rotation": 270, "texture": "#0"},
				"down": {"uv": [14, 10, 15, 11], "rotation": 270, "texture": "#0"}
			}
		},
		{
			"from": [4.2, 0.36, 7.65],
			"to": [4.5, 1.36, 8.55],
			"rotation": {"angle": 22.5, "axis": "z", "origin": [-0.7, 12, 0]},
			"faces": {
				"north": {"uv": [11, 7, 13, 8], "rotation": 90, "texture": "#0"},
				"east": {"uv": [13, 10, 11, 11], "rotation": 270, "texture": "#0"},
				"south": {"uv": [11, 8, 13, 9], "rotation": 270, "texture": "#0"},
				"west": {"uv": [13, 10, 11, 9], "rotation": 270, "texture": "#0"},
				"up": {"uv": [14, 9, 15, 10], "rotation": 270, "texture": "#0"},
				"down": {"uv": [14, 10, 15, 11], "rotation": 270, "texture": "#0"}
			}
		},
		{
			"from": [12.01, 7.76, 7.65],
			"to": [12.31, 8.76, 8.55],
			"rotation": {"angle": -22.5, "axis": "z", "origin": [-0.7, 12, 0]},
			"faces": {
				"north": {"uv": [11, 7, 13, 8], "rotation": 90, "texture": "#0"},
				"east": {"uv": [13, 10, 11, 11], "rotation": 270, "texture": "#0"},
				"south": {"uv": [11, 8, 13, 9], "rotation": 270, "texture": "#0"},
				"west": {"uv": [13, 10, 11, 9], "rotation": 270, "texture": "#0"},
				"up": {"uv": [14, 9, 15, 10], "rotation": 270, "texture": "#0"},
				"down": {"uv": [14, 10, 15, 11], "rotation": 270, "texture": "#0"}
			}
		},
		{
			"from": [-0.4, -0.94, 7.65],
			"to": [-0.1, 0.06, 8.55],
			"rotation": {"angle": 45, "axis": "z", "origin": [-0.7, 12, 0]},
			"faces": {
				"north": {"uv": [11, 7, 13, 8], "rotation": 90, "texture": "#0"},
				"east": {"uv": [13, 10, 11, 11], "rotation": 270, "texture": "#0"},
				"south": {"uv": [11, 8, 13, 9], "rotation": 270, "texture": "#0"},
				"west": {"uv": [13, 10, 11, 9], "rotation": 270, "texture": "#0"},
				"up": {"uv": [14, 9, 15, 10], "rotation": 270, "texture": "#0"},
				"down": {"uv": [14, 10, 15, 11], "rotation": 270, "texture": "#0"}
			}
		},
		{
			"from": [12.4, 12.76, 7.65],
			"to": [12.7, 13.76, 8.55],
			"rotation": {"angle": -45, "axis": "z", "origin": [-0.7, 12, 0]},
			"faces": {
				"north": {"uv": [11, 7, 13, 8], "rotation": 90, "texture": "#0"},
				"east": {"uv": [13, 10, 11, 11], "rotation": 270, "texture": "#0"},
				"south": {"uv": [11, 8, 13, 9], "rotation": 270, "texture": "#0"},
				"west": {"uv": [13, 10, 11, 9], "rotation": 270, "texture": "#0"},
				"up": {"uv": [14, 9, 15, 10], "rotation": 270, "texture": "#0"},
				"down": {"uv": [14, 10, 15, 11], "rotation": 270, "texture": "#0"}
			}
		},
		{
			"from": [4.66, 0.1, 7.65],
			"to": [5.66, 0.4, 8.55],
			"rotation": {"angle": 22.5, "axis": "z", "origin": [-0.7, 12, 0]},
			"faces": {
				"north": {"uv": [11, 7, 13, 8], "texture": "#0"},
				"east": {"uv": [14, 9, 15, 10], "texture": "#0"},
				"south": {"uv": [11, 8, 13, 9], "texture": "#0"},
				"west": {"uv": [14, 10, 15, 11], "texture": "#0"},
				"up": {"uv": [13, 10, 11, 9], "texture": "#0"},
				"down": {"uv": [13, 10, 11, 11], "texture": "#0"}
			}
		},
		{
			"from": [10.66, 7.55, 7.65],
			"to": [11.66, 7.85, 8.55],
			"rotation": {"angle": -22.5, "axis": "z", "origin": [-0.7, 12, 0]},
			"faces": {
				"north": {"uv": [11, 7, 13, 8], "texture": "#0"},
				"east": {"uv": [14, 9, 15, 10], "texture": "#0"},
				"south": {"uv": [11, 8, 13, 9], "texture": "#0"},
				"west": {"uv": [14, 10, 15, 11], "texture": "#0"},
				"up": {"uv": [13, 10, 11, 9], "texture": "#0"},
				"down": {"uv": [13, 10, 11, 11], "texture": "#0"}
			}
		},
		{
			"from": [8.46, 3.3, 7.65],
			"to": [9.46, 3.6, 8.55],
			"rotation": {"angle": 0, "axis": "z", "origin": [-0.7, 12, 0]},
			"faces": {
				"north": {"uv": [11, 7, 13, 8], "texture": "#0"},
				"east": {"uv": [14, 9, 15, 10], "texture": "#0"},
				"south": {"uv": [11, 8, 13, 9], "texture": "#0"},
				"west": {"uv": [14, 10, 15, 11], "texture": "#0"},
				"up": {"uv": [13, 10, 11, 9], "texture": "#0"},
				"down": {"uv": [13, 10, 11, 11], "texture": "#0"}
			}
		}
	],
	"display": {
		"thirdperson_righthand": {
			"rotation": [0, -90, 0],
			"translation": [0, 5.75, -0.5],
			"scale": [1.02, 1.02, 1.02]
		},
		"thirdperson_lefthand": {
			"rotation": [0, -90, 0],
			"translation": [0, 5.75, 1.5],
			"scale": [1.02, 1.02, 1.02]
		},
		"firstperson_righthand": {
			"rotation": [0, 90, 0],
			"translation": [0, 6.5, 2],
			"scale": [1.02, 1.02, 1.02]
		},
		"firstperson_lefthand": {
			"rotation": [0, 90, 0],
			"translation": [0, 7.5, 2],
			"scale": [1.02, 1.02, 1.02]
		},
		"ground": {
			"rotation": [90, 0, 90],
			"translation": [0.5, 0, 0],
			"scale": [1.03, 1.03, 1.03]
		},
		"gui": {
			"rotation": [0, 0, 35],
			"translation": [-0.25, -0.75, 0],
			"scale": [0.8, 0.8, 0.8]
		},
		"head": {
			"rotation": [180, 0, 20],
			"translation": [3, -13.25, 4.25],
			"scale": [1.81, 1.81, 1.81]
		},
		"fixed": {
			"rotation": [0, 0, 180],
			"translation": [1.75, 0.25, -1],
			"scale": [2, 2, 2]
		}
	},
	"groups": [
		{
			"name": "group",
			"origin": [8, 8, 8],
			"color": 0,
			"nbt": "{}",
			"armAnimationEnabled": false,
			"children": [0, 1, 2, 3, 4, 5, 6, 7, 8, 9, 10, 11, 12, 13, 14, 15, 16]
		},
		17,
		18,
		19,
		20,
		21,
		22,
		23,
		24,
		25
	]
}