{
	"credit": "Made with Blockbench",
	"textures": {
		"1": "item/skelet1",
		"2": "item/skelet5",
		"particle": "item/skelet5"
	},
	"elements": [
		{
			"from": [8.65, -14.2, 7.75],
			"to": [9.35, -9.6, 8.45],
			"faces": {
				"north": {"uv": [4, 0, 5, 5], "texture": "#1"},
				"east": {"uv": [5, 0, 6, 5], "texture": "#1"},
				"south": {"uv": [4, 5, 5, 10], "texture": "#1"},
				"west": {"uv": [5, 5, 6, 10], "texture": "#1"},
				"up": {"uv": [10, 10, 9, 9], "texture": "#1"},
				"down": {"uv": [11, 0, 10, 1], "texture": "#1"}
			}
		},
		{
			"from": [8.5, 9.2, 7.8],
			"to": [9.5, 9.7, 8.4],
			"faces": {
				"north": {"uv": [10, 1, 11, 2], "texture": "#1"},
				"east": {"uv": [10, 2, 11, 3], "texture": "#1"},
				"south": {"uv": [10, 3, 11, 4], "texture": "#1"},
				"west": {"uv": [4, 10, 5, 11], "texture": "#1"},
				"up": {"uv": [11, 5, 10, 4], "texture": "#1"},
				"down": {"uv": [6, 10, 5, 11], "texture": "#1"}
			}
		},
		{
			"from": [8.6, 9.7, 7.9],
			"to": [9.4, 11.2, 8.3],
			"faces": {
				"north": {"uv": [9, 3, 10, 5], "texture": "#1"},
				"east": {"uv": [9, 5, 10, 7], "texture": "#1"},
				"south": {"uv": [9, 7, 10, 9], "texture": "#1"},
				"west": {"uv": [8, 9, 9, 11], "texture": "#1"},
				"up": {"uv": [11, 6, 10, 5], "texture": "#1"},
				"down": {"uv": [7, 10, 6, 11], "texture": "#1"}
			}
		},
		{
			"from": [8.7, 11.2, 7.9],
			"to": [9.3, 12.4, 8.3],
			"faces": {
				"north": {"uv": [10, 6, 11, 7], "texture": "#1"},
				"east": {"uv": [7, 10, 8, 11], "texture": "#1"},
				"south": {"uv": [10, 7, 11, 8], "texture": "#1"},
				"west": {"uv": [10, 8, 11, 9], "texture": "#1"},
				"up": {"uv": [10, 11, 9, 10], "texture": "#1"},
				"down": {"uv": [11, 9, 10, 10], "texture": "#1"}
			}
		},
		{
			"from": [8.65, 4.6, 7.75],
			"to": [9.35, 9.2, 8.45],
			"faces": {
				"north": {"uv": [6, 0, 7, 5], "texture": "#1"},
				"east": {"uv": [6, 5, 7, 10], "texture": "#1"},
				"south": {"uv": [7, 0, 8, 5], "texture": "#1"},
				"west": {"uv": [7, 5, 8, 10], "texture": "#1"},
				"up": {"uv": [14, 4, 13, 3], "texture": "#1"},
				"down": {"uv": [5, 13, 4, 14], "texture": "#1"}
			}
		},
		{
			"from": [8.85, 16.2, 2.2],
			"to": [9.15, 16.6, 2.46],
			"rotation": {"angle": 22.5, "axis": "x", "origin": [1.7, 5, 0.9]},
			"faces": {
				"north": {"uv": [17, 6, 17.5, 7], "texture": "#1"},
				"east": {"uv": [17, 7, 17.5, 8], "texture": "#1"},
				"south": {"uv": [17, 8, 17.5, 9], "texture": "#1"},
				"west": {"uv": [5, 17, 5.5, 18], "texture": "#1"},
				"up": {"uv": [17.5, 10.5, 17, 10], "rotation": 270, "texture": "#1"},
				"down": {"uv": [11.5, 17, 11, 17.5], "rotation": 90, "texture": "#1"}
			}
		},
		{
			"from": [8.85, 6, 11.81],
			"to": [9.15, 8, 12.21],
			"rotation": {"angle": -45, "axis": "x", "origin": [1.7, 5, 0.9]},
			"faces": {
				"north": {"uv": [2, 0, 3, 2], "texture": "#2"},
				"east": {"uv": [2, 2, 3, 4], "texture": "#2"},
				"south": {"uv": [3, 0, 4, 2], "texture": "#2"},
				"west": {"uv": [3, 2, 4, 4], "texture": "#2"},
				"up": {"uv": [5, 7, 4, 6], "texture": "#2"},
				"down": {"uv": [7, 4, 6, 5], "texture": "#2"}
			}
		},
		{
			"from": [8.85, 10.25, 9.87],
			"to": [9.15, 11.85, 10.27],
			"rotation": {"angle": -22.5, "axis": "x", "origin": [1.7, 5, 0.9]},
			"faces": {
				"north": {"uv": [0, 4, 1, 6], "texture": "#2"},
				"east": {"uv": [4, 0, 5, 2], "texture": "#2"},
				"south": {"uv": [1, 4, 2, 6], "texture": "#2"},
				"west": {"uv": [2, 4, 3, 6], "texture": "#2"},
				"up": {"uv": [6, 7, 5, 6], "texture": "#2"},
				"down": {"uv": [7, 5, 6, 6], "texture": "#2"}
			}
		},
		{
			"from": [8.85, 13.7, 7.2],
			"to": [9.15, 14.1, 7.4],
			"rotation": {"angle": 0, "axis": "y", "origin": [1.7, 5, 0.9]},
			"faces": {
				"north": {"uv": [6, 6, 7, 7], "texture": "#2"},
				"east": {"uv": [7, 0, 8, 1], "texture": "#2"},
				"south": {"uv": [7, 1, 8, 2], "texture": "#2"},
				"west": {"uv": [7, 2, 8, 3], "texture": "#2"},
				"up": {"uv": [8, 4, 7, 3], "texture": "#2"},
				"down": {"uv": [5, 7, 4, 8], "texture": "#2"}
			}
		},
		{
			"from": [8.85, 12, 7.4],
			"to": [9.15, 14, 7.8],
			"rotation": {"angle": 0, "axis": "y", "origin": [1.7, 5, 0.9]},
			"faces": {
				"north": {"uv": [4, 2, 5, 4], "texture": "#2"},
				"east": {"uv": [3, 4, 4, 6], "texture": "#2"},
				"south": {"uv": [4, 4, 5, 6], "texture": "#2"},
				"west": {"uv": [5, 0, 6, 2], "texture": "#2"},
				"up": {"uv": [8, 5, 7, 4], "texture": "#2"},
				"down": {"uv": [6, 7, 5, 8], "texture": "#2"}
			}
		},
		{
			"from": [8.85, 8.4, 9.87],
			"to": [9.15, 10.25, 10.97],
			"rotation": {"angle": -22.5, "axis": "x", "origin": [1.7, 5, 0.9]},
			"faces": {
				"north": {"uv": [5, 2, 6, 4], "texture": "#2"},
				"east": {"uv": [5, 4, 6, 6], "texture": "#2"},
				"south": {"uv": [0, 6, 1, 8], "texture": "#2"},
				"west": {"uv": [6, 0, 7, 2], "texture": "#2"},
				"up": {"uv": [8, 6, 7, 5], "texture": "#2"},
				"down": {"uv": [7, 7, 6, 8], "texture": "#2"}
			}
		},
		{
			"from": [8.85, 10.4, 7.4],
			"to": [9.15, 12, 8.9],
			"rotation": {"angle": 0, "axis": "y", "origin": [1.7, 5, 0.9]},
			"faces": {
				"north": {"uv": [1, 6, 2, 8], "texture": "#2"},
				"east": {"uv": [0, 0, 2, 2], "texture": "#2"},
				"south": {"uv": [2, 6, 3, 8], "texture": "#2"},
				"west": {"uv": [0, 2, 2, 4], "texture": "#2"},
				"up": {"uv": [7, 4, 6, 2], "texture": "#2"},
				"down": {"uv": [4, 6, 3, 8], "texture": "#2"}
			}
		},
		{
			"from": [8.6, -9.6, 7.7],
			"to": [9.4, 4.6, 8.5],
			"faces": {
				"north": {"uv": [0, 0, 1, 14], "texture": "#1"},
				"east": {"uv": [1, 0, 2, 14], "texture": "#1"},
				"south": {"uv": [2, 0, 3, 14], "texture": "#1"},
				"west": {"uv": [3, 0, 4, 14], "texture": "#1"},
				"up": {"uv": [14, 5, 13, 4], "texture": "#1"},
				"down": {"uv": [6, 13, 5, 14], "texture": "#1"}
			}
		}
	],
	"display": {
		"thirdperson_righthand": {
			"rotation": [0, 180, 0],
			"translation": [0, 12.75, 0.75],
			"scale": [1.02, 1.02, 1.02]
		},
		"thirdperson_lefthand": {
			"rotation": [0, -180, 0],
			"translation": [-1.25, 12.75, 0.5],
			"scale": [1.02, 1.02, 1.02]
		},
		"firstperson_righthand": {
			"rotation": [-15, -180, 0],
			"translation": [0, 11.5, -2.25],
			"scale": [1.02, 1.02, 1.02]
		},
		"firstperson_lefthand": {
			"rotation": [-15, -180, 0],
			"translation": [0, 11.5, -2.25],
			"scale": [1.02, 1.02, 1.02]
		},
		"ground": {
			"rotation": [90, 90, 0],
			"translation": [-1, 0, 6.5],
			"scale": [1.03, 1.03, 1.03]
		},
		"gui": {
			"rotation": [90, 132, -90],
			"translation": [-3.25, 3.75, 0],
			"scale": [0.63, 0.63, 0.63]
		},
		"head": {
			"rotation": [180, 0, 20],
			"translation": [-1.75, -33, 4.25],
			"scale": [1.81, 1.81, 1.81]
		},
		"fixed": {
			"rotation": [0, 90, 180],
			"translation": [1.25, -17.5, -2],
			"scale": [2, 2, 2]
		}
	},
	"groups": [
		{
			"name": "group",
			"origin": [8, 8, 8],
			"color": 0,
			"children": [
				0,
				1,
				2,
				3,
				4,
				5,
				{
					"name": "group",
					"origin": [1.7, 5, 0.9],
					"color": 0,
					"children": [6, 7, 8, 9, 10, 11]
				},
				12
			]
		}
	]
}