{
	"credit": "Made with Blockbench",
	"texture_size": [32, 32],
	"textures": {
		"0": "item/troll3",
		"particle": "troll3"
	},
	"elements": [
		{
			"from": [7.55, 1.75, 7.5],
			"to": [8.45, 3.05, 10.27],
			"rotation": {"angle": -22.5, "axis": "x", "origin": [0, 7, 0]},
			"faces": {
				"north": {"uv": [3.5, 8.5, 4, 9.5], "texture": "#0"},
				"east": {"uv": [1, 7.5, 2.5, 8.5], "texture": "#0"},
				"south": {"uv": [5, 8.5, 5.5, 9.5], "texture": "#0"},
				"west": {"uv": [7.5, 1.5, 9, 2.5], "texture": "#0"},
				"up": {"uv": [6.5, 4, 6, 2.5], "texture": "#0"},
				"down": {"uv": [8.5, 6.5, 8, 8], "texture": "#0"}
			}
		},
		{
			"from": [7.1, -7, 7.1],
			"to": [8.9, -2, 8.9],
			"rotation": {"angle": 0, "axis": "x", "origin": [0, 7, 0]},
			"faces": {
				"north": {"uv": [4, 0, 5, 4.5], "texture": "#0"},
				"east": {"uv": [4, 4.5, 5, 9], "texture": "#0"},
				"south": {"uv": [0, 5, 1, 9.5], "texture": "#0"},
				"west": {"uv": [5, 0, 6, 4.5], "texture": "#0"},
				"up": {"uv": [7.5, 8.5, 6.5, 7.5], "texture": "#0"},
				"down": {"uv": [9, 3.5, 8, 4.5], "texture": "#0"}
			}
		},
		{
			"from": [7, -2, 7],
			"to": [9, 8, 9],
			"rotation": {"angle": 0, "axis": "x", "origin": [0, 7, 0]},
			"faces": {
				"north": {"uv": [0, 0, 1, 5], "texture": "#0"},
				"east": {"uv": [1, 0, 2, 5], "texture": "#0"},
				"south": {"uv": [2, 0, 3, 5], "texture": "#0"},
				"west": {"uv": [3, 0, 4, 5], "texture": "#0"},
				"up": {"uv": [9, 5.5, 8, 4.5], "texture": "#0"},
				"down": {"uv": [9, 5.5, 8, 6.5], "texture": "#0"}
			}
		},
		{
			"from": [6.6, 0.75, 6.6],
			"to": [9.5, 6.95, 9.27],
			"rotation": {"angle": 0, "axis": "x", "origin": [0, 7, 0]},
			"faces": {
				"north": {"uv": [1, 5, 2.5, 7.5], "texture": "#0"},
				"east": {"uv": [2.5, 5, 4, 7.5], "texture": "#0"},
				"south": {"uv": [5, 4.5, 6.5, 7], "texture": "#0"},
				"west": {"uv": [6, 0, 7.5, 2.5], "texture": "#0"},
				"up": {"uv": [6.5, 8.5, 5, 7], "texture": "#0"},
				"down": {"uv": [9, 0, 7.5, 1.5], "texture": "#0"}
			}
		},
		{
			"from": [8, 3.33, 4.15],
			"to": [9, 4.3, 11.25],
			"rotation": {"angle": 0, "axis": "x", "origin": [0, 7, 0]},
			"faces": {
				"north": {"uv": [9, 6.5, 8.5, 7.5], "rotation": 180, "texture": "#0"},
				"east": {"uv": [6.5, 2.5, 7.5, 5], "rotation": 270, "texture": "#0"},
				"south": {"uv": [7, 9.5, 6.5, 8.5], "texture": "#0"},
				"west": {"uv": [6.5, 5, 7.5, 7.5], "rotation": 90, "texture": "#0"},
				"up": {"uv": [7.5, 3.5, 8, 6], "rotation": 180, "texture": "#0"},
				"down": {"uv": [7.5, 6, 8, 8.5], "texture": "#0"}
			}
		},
		{
			"from": [7.5, 1.75, 7.85],
			"to": [10.27, 3.05, 8.75],
			"rotation": {"angle": 22.5, "axis": "z", "origin": [0, 7, 0]},
			"faces": {
				"north": {"uv": [1, 7.5, 2.5, 8.5], "texture": "#0"},
				"east": {"uv": [5, 8.5, 5.5, 9.5], "texture": "#0"},
				"south": {"uv": [7.5, 1.5, 9, 2.5], "texture": "#0"},
				"west": {"uv": [3.5, 8.5, 4, 9.5], "texture": "#0"},
				"up": {"uv": [6.5, 4, 6, 2.5], "rotation": 270, "texture": "#0"},
				"down": {"uv": [8.5, 6.5, 8, 8], "rotation": 90, "texture": "#0"}
			}
		},
		{
			"from": [7.45, 10.15, 3.23],
			"to": [8.35, 11.45, 6],
			"rotation": {"angle": 45, "axis": "x", "origin": [0, 7, 0]},
			"faces": {
				"north": {"uv": [5, 8.5, 5.5, 9.5], "texture": "#0"},
				"east": {"uv": [7.5, 1.5, 9, 2.5], "texture": "#0"},
				"south": {"uv": [3.5, 8.5, 4, 9.5], "texture": "#0"},
				"west": {"uv": [1, 7.5, 2.5, 8.5], "texture": "#0"},
				"up": {"uv": [6.5, 4, 6, 2.5], "rotation": 180, "texture": "#0"},
				"down": {"uv": [8.5, 6.5, 8, 8], "rotation": 180, "texture": "#0"}
			}
		},
		{
			"from": [4.13, 7.75, 7.85],
			"to": [6.9, 9.05, 8.75],
			"rotation": {"angle": -22.5, "axis": "z", "origin": [0, 7, 0]},
			"faces": {
				"north": {"uv": [7.5, 1.5, 9, 2.5], "texture": "#0"},
				"east": {"uv": [3.5, 8.5, 4, 9.5], "texture": "#0"},
				"south": {"uv": [1, 7.5, 2.5, 8.5], "texture": "#0"},
				"west": {"uv": [5, 8.5, 5.5, 9.5], "texture": "#0"},
				"up": {"uv": [6.5, 4, 6, 2.5], "rotation": 90, "texture": "#0"},
				"down": {"uv": [8.5, 6.5, 8, 8], "rotation": 270, "texture": "#0"}
			}
		},
		{
			"from": [3.65, 3.33, 7.3],
			"to": [11.25, 4.3, 8.3],
			"rotation": {"angle": 0, "axis": "y", "origin": [0, 7, 0]},
			"faces": {
				"north": {"uv": [6.5, 2.5, 7.5, 5], "rotation": 270, "texture": "#0"},
				"east": {"uv": [7, 9.5, 6.5, 8.5], "texture": "#0"},
				"south": {"uv": [6.5, 5, 7.5, 7.5], "rotation": 90, "texture": "#0"},
				"west": {"uv": [9, 6.5, 8.5, 7.5], "rotation": 180, "texture": "#0"},
				"up": {"uv": [7.5, 3.5, 8, 6], "rotation": 90, "texture": "#0"},
				"down": {"uv": [7.5, 6, 8, 8.5], "rotation": 90, "texture": "#0"}
			}
		},
		{
			"from": [2.63, -0.85, 7.55],
			"to": [4.9, 0.05, 8.45],
			"rotation": {"angle": 22.5, "axis": "z", "origin": [0, 7, 0]},
			"faces": {
				"north": {"uv": [7.5, 1.5, 9, 2.5], "texture": "#0"},
				"east": {"uv": [3.5, 8.5, 4, 9.5], "texture": "#0"},
				"south": {"uv": [1, 7.5, 2.5, 8.5], "texture": "#0"},
				"west": {"uv": [5, 8.5, 5.5, 9.5], "texture": "#0"},
				"up": {"uv": [6.5, 4, 6, 2.5], "rotation": 90, "texture": "#0"},
				"down": {"uv": [8.5, 6.5, 8, 8], "rotation": 270, "texture": "#0"}
			}
		},
		{
			"from": [7.25, -0.25, 2.63],
			"to": [8.15, 0.65, 4.9],
			"rotation": {"angle": -22.5, "axis": "x", "origin": [0, 7, 0]},
			"faces": {
				"north": {"uv": [5, 8.5, 5.5, 9.5], "texture": "#0"},
				"east": {"uv": [7.5, 1.5, 9, 2.5], "texture": "#0"},
				"south": {"uv": [3.5, 8.5, 4, 9.5], "texture": "#0"},
				"west": {"uv": [1, 7.5, 2.5, 8.5], "texture": "#0"},
				"up": {"uv": [6.5, 4, 6, 2.5], "rotation": 180, "texture": "#0"},
				"down": {"uv": [8.5, 6.5, 8, 8], "rotation": 180, "texture": "#0"}
			}
		},
		{
			"from": [9.6, 9.85, 7.95],
			"to": [11.87, 10.75, 8.85],
			"rotation": {"angle": -45, "axis": "z", "origin": [0, 7, 0]},
			"faces": {
				"north": {"uv": [1, 7.5, 2.5, 8.5], "texture": "#0"},
				"east": {"uv": [5, 8.5, 5.5, 9.5], "texture": "#0"},
				"south": {"uv": [7.5, 1.5, 9, 2.5], "texture": "#0"},
				"west": {"uv": [3.5, 8.5, 4, 9.5], "texture": "#0"},
				"up": {"uv": [6.5, 4, 6, 2.5], "rotation": 270, "texture": "#0"},
				"down": {"uv": [8.5, 6.5, 8, 8], "rotation": 90, "texture": "#0"}
			}
		},
		{
			"from": [7.15, 5.85, 9.6],
			"to": [8.05, 6.75, 11.87],
			"rotation": {"angle": 22.5, "axis": "x", "origin": [0, 7, 0]},
			"faces": {
				"north": {"uv": [3.5, 8.5, 4, 9.5], "texture": "#0"},
				"east": {"uv": [1, 7.5, 2.5, 8.5], "texture": "#0"},
				"south": {"uv": [5, 8.5, 5.5, 9.5], "texture": "#0"},
				"west": {"uv": [7.5, 1.5, 9, 2.5], "texture": "#0"},
				"up": {"uv": [6.5, 4, 6, 2.5], "texture": "#0"},
				"down": {"uv": [8.5, 6.5, 8, 8], "texture": "#0"}
			}
		},
		{
			"from": [7.2, -12, 7.2],
			"to": [8.8, -7, 8.8],
			"rotation": {"angle": 0, "axis": "x", "origin": [0, 7, 0]},
			"faces": {
				"north": {"uv": [0, 5, 1, 9.5], "rotation": 180, "texture": "#0"},
				"east": {"uv": [4, 4.5, 5, 9], "rotation": 180, "texture": "#0"},
				"south": {"uv": [4, 0, 5, 4.5], "rotation": 180, "texture": "#0"},
				"west": {"uv": [5, 0, 6, 4.5], "rotation": 180, "texture": "#0"},
				"up": {"uv": [9, 3.5, 8, 4.5], "texture": "#0"},
				"down": {"uv": [7.5, 8.5, 6.5, 7.5], "texture": "#0"}
			}
		}
	],
	"display": {
		"thirdperson_righthand": {
			"translation": [0, 13, 0.75]
		},
		"thirdperson_lefthand": {
			"rotation": [0, 0, 180],
			"translation": [-0.75, -19, 0.75]
		},
		"firstperson_righthand": {
			"translation": [0, 14.5, 0]
		},
		"firstperson_lefthand": {
			"rotation": [165, 0, 0],
			"translation": [1.25, -9, 1.75]
		},
		"ground": {
			"rotation": [0, 0, 90],
			"translation": [-9.25, 0, 0]
		},
		"gui": {
			"rotation": [-72, 64, 76],
			"translation": [-2.5, 7.25, 0],
			"scale": [0.8, 0.8, 0.8]
		},
		"head": {
			"translation": [0, 27.25, 0]
		},
		"fixed": {
			"rotation": [0, 90, 0],
			"translation": [0.25, 19.5, -1],
			"scale": [2, 2, 2]
		}
	},
	"groups": [
		{
			"name": "group",
			"origin": [0, 7, 0],
			"color": 0,
			"nbt": "{}",
			"armAnimationEnabled": false,
			"children": [0, 1, 2, 3, 4]
		},
		5,
		6,
		7,
		8,
		9,
		10,
		11,
		12,
		13
	]
}