{
	"credit": "Made with Blockbench",
	"texture_size": [32, 32],
	"textures": {
		"0": "item/zodd_axe",
		"particle": "item/zodd_axe"
	},
	"elements": [
		{
			"from": [7.7, 1.9, 7],
			"to": [9, 2.9, 8.3],
			"faces": {
				"north": {"uv": [7, 9, 7.5, 9.5], "texture": "#0"},
				"east": {"uv": [9, 7, 9.5, 7.5], "texture": "#0"},
				"south": {"uv": [7.5, 9, 8, 9.5], "texture": "#0"},
				"west": {"uv": [9, 7.5, 9.5, 8], "texture": "#0"},
				"up": {"uv": [8.5, 9.5, 8, 9], "texture": "#0"},
				"down": {"uv": [9.5, 8, 9, 8.5], "texture": "#0"}
			}
		},
		{
			"from": [7.7, -16, 7],
			"to": [9, 0, 8.3],
			"faces": {
				"north": {"uv": [0, 0, 0.5, 8], "texture": "#0"},
				"east": {"uv": [0.5, 0, 1, 8], "texture": "#0"},
				"south": {"uv": [1, 0, 1.5, 8], "texture": "#0"},
				"west": {"uv": [1.5, 0, 2, 8], "texture": "#0"},
				"up": {"uv": [9, 9.5, 8.5, 9], "texture": "#0"},
				"down": {"uv": [9.5, 9, 9, 9.5], "texture": "#0"}
			}
		},
		{
			"from": [7.6, -6.9, 6.1],
			"to": [9.1, -3.6, 6.3],
			"rotation": {"angle": -22.5, "axis": "x", "origin": [0, 0, 0]},
			"faces": {
				"north": {"uv": [4.5, 0, 5.5, 1.5], "texture": "#0"},
				"east": {"uv": [2.5, 7.5, 3, 9], "texture": "#0"},
				"south": {"uv": [4.5, 1.5, 5.5, 3], "texture": "#0"},
				"west": {"uv": [3, 7.5, 3.5, 9], "texture": "#0"},
				"up": {"uv": [2, 8.5, 1, 8], "texture": "#0"},
				"down": {"uv": [9, 1.5, 8, 2], "texture": "#0"}
			}
		},
		{
			"from": [7.6, -4, 8.3],
			"to": [9.1, 0, 8.5],
			"faces": {
				"north": {"uv": [2, 0, 3, 2], "texture": "#0"},
				"east": {"uv": [6.5, 0, 7, 2], "texture": "#0"},
				"south": {"uv": [2, 2, 3, 4], "texture": "#0"},
				"west": {"uv": [6.5, 2, 7, 4], "texture": "#0"},
				"up": {"uv": [9, 2.5, 8, 2], "texture": "#0"},
				"down": {"uv": [9, 2.5, 8, 3], "texture": "#0"}
			}
		},
		{
			"from": [7.6, -6.5, 6.3],
			"to": [9.1, -3.6, 6.5],
			"rotation": {"angle": -22.5, "axis": "x", "origin": [0, 0, 0]},
			"faces": {
				"north": {"uv": [4.5, 3, 5.5, 4.5], "texture": "#0"},
				"east": {"uv": [3.5, 7.5, 4, 9], "texture": "#0"},
				"south": {"uv": [4.5, 4.5, 5.5, 6], "texture": "#0"},
				"west": {"uv": [4, 7.5, 4.5, 9], "texture": "#0"},
				"up": {"uv": [9, 3.5, 8, 3], "texture": "#0"},
				"down": {"uv": [9, 3.5, 8, 4], "texture": "#0"}
			}
		},
		{
			"from": [7.6, -5.5, 6.7],
			"to": [9.1, -3.6, 6.9],
			"rotation": {"angle": -22.5, "axis": "x", "origin": [0, 0, 0]},
			"faces": {
				"north": {"uv": [6.5, 4, 7.5, 5], "texture": "#0"},
				"east": {"uv": [2, 8, 2.5, 9], "texture": "#0"},
				"south": {"uv": [6.5, 5, 7.5, 6], "texture": "#0"},
				"west": {"uv": [8, 4, 8.5, 5], "texture": "#0"},
				"up": {"uv": [9, 5.5, 8, 5], "texture": "#0"},
				"down": {"uv": [9, 5.5, 8, 6], "texture": "#0"}
			}
		},
		{
			"from": [7.6, -6, 6.5],
			"to": [9.1, -3.6, 6.7],
			"rotation": {"angle": -22.5, "axis": "x", "origin": [0, 0, 0]},
			"faces": {
				"north": {"uv": [6.5, 6, 7.5, 7], "texture": "#0"},
				"east": {"uv": [8, 6, 8.5, 7], "texture": "#0"},
				"south": {"uv": [7, 0, 8, 1], "texture": "#0"},
				"west": {"uv": [6.5, 8, 7, 9], "texture": "#0"},
				"up": {"uv": [9, 7.5, 8, 7], "texture": "#0"},
				"down": {"uv": [9, 7.5, 8, 8], "texture": "#0"}
			}
		},
		{
			"from": [7.6, -5.05, 6.9],
			"to": [9.1, -3.6, 7.1],
			"rotation": {"angle": -22.5, "axis": "x", "origin": [0, 0, 0]},
			"faces": {
				"north": {"uv": [8, 8, 9, 8.5], "texture": "#0"},
				"east": {"uv": [0, 9.5, 0.5, 10], "texture": "#0"},
				"south": {"uv": [8.5, 0, 9.5, 0.5], "texture": "#0"},
				"west": {"uv": [9.5, 0, 10, 0.5], "texture": "#0"},
				"up": {"uv": [9.5, 1, 8.5, 0.5], "texture": "#0"},
				"down": {"uv": [2, 8.5, 1, 9], "texture": "#0"}
			}
		},
		{
			"from": [7.6, -1.6, 7.5],
			"to": [9.1, 0, 8.3],
			"faces": {
				"north": {"uv": [7, 1, 8, 2], "texture": "#0"},
				"east": {"uv": [7, 8, 7.5, 9], "texture": "#0"},
				"south": {"uv": [7, 2, 8, 3], "texture": "#0"},
				"west": {"uv": [8.5, 4, 9, 5], "texture": "#0"},
				"up": {"uv": [9.5, 1.5, 8.5, 1], "texture": "#0"},
				"down": {"uv": [9.5, 6, 8.5, 6.5], "texture": "#0"}
			}
		},
		{
			"from": [7.6, -1, 6.9],
			"to": [9.1, 0, 7.5],
			"faces": {
				"north": {"uv": [8.5, 6.5, 9.5, 7], "texture": "#0"},
				"east": {"uv": [0.5, 9.5, 1, 10], "texture": "#0"},
				"south": {"uv": [7.5, 8.5, 8.5, 9], "texture": "#0"},
				"west": {"uv": [9.5, 0.5, 10, 1], "texture": "#0"},
				"up": {"uv": [9.5, 9, 8.5, 8.5], "texture": "#0"},
				"down": {"uv": [2, 9, 1, 9.5], "texture": "#0"}
			}
		},
		{
			"from": [7.4, 0, 6.75],
			"to": [9.3, 2.8, 8.65],
			"faces": {
				"north": {"uv": [5.5, 0, 6.5, 1.5], "texture": "#0"},
				"east": {"uv": [5.5, 1.5, 6.5, 3], "texture": "#0"},
				"south": {"uv": [5.5, 3, 6.5, 4.5], "texture": "#0"},
				"west": {"uv": [5.5, 4.5, 6.5, 6], "texture": "#0"},
				"up": {"uv": [8, 4, 7, 3], "texture": "#0"},
				"down": {"uv": [7.5, 7, 6.5, 8], "texture": "#0"}
			}
		},
		{
			"from": [7.8, 0.3, 8.65],
			"to": [9, 2.5, 9.85],
			"faces": {
				"north": {"uv": [9, 1.5, 9.5, 2.5], "texture": "#0"},
				"east": {"uv": [2, 9, 2.5, 10], "texture": "#0"},
				"south": {"uv": [2.5, 9, 3, 10], "texture": "#0"},
				"west": {"uv": [9, 2.5, 9.5, 3.5], "texture": "#0"},
				"up": {"uv": [1.5, 10, 1, 9.5], "texture": "#0"},
				"down": {"uv": [10, 1, 9.5, 1.5], "texture": "#0"}
			}
		},
		{
			"from": [7.6, 0.1, 9.85],
			"to": [9.2, 2.7, 10.95],
			"faces": {
				"north": {"uv": [4.5, 6, 5.5, 7.5], "texture": "#0"},
				"east": {"uv": [7.5, 4, 8, 5.5], "texture": "#0"},
				"south": {"uv": [5.5, 6, 6.5, 7.5], "texture": "#0"},
				"west": {"uv": [4.5, 7.5, 5, 9], "texture": "#0"},
				"up": {"uv": [4, 9.5, 3, 9], "texture": "#0"},
				"down": {"uv": [10, 3.5, 9, 4], "texture": "#0"}
			}
		},
		{
			"from": [7.8, 0.3, 5.55],
			"to": [9, 2.5, 6.75],
			"faces": {
				"north": {"uv": [4, 9, 4.5, 10], "texture": "#0"},
				"east": {"uv": [9, 4, 9.5, 5], "texture": "#0"},
				"south": {"uv": [4.5, 9, 5, 10], "texture": "#0"},
				"west": {"uv": [5, 9, 5.5, 10], "texture": "#0"},
				"up": {"uv": [2, 10, 1.5, 9.5], "texture": "#0"},
				"down": {"uv": [10, 1.5, 9.5, 2], "texture": "#0"}
			}
		},
		{
			"from": [7.9, -0.45, 3.95],
			"to": [8.9, 2.55, 5.11],
			"rotation": {"angle": 22.5, "axis": "x", "origin": [0, 0, 0]},
			"faces": {
				"north": {"uv": [5, 7.5, 5.5, 9], "texture": "#0"},
				"east": {"uv": [5.5, 7.5, 6, 9], "texture": "#0"},
				"south": {"uv": [7.5, 5.5, 8, 7], "texture": "#0"},
				"west": {"uv": [6, 7.5, 6.5, 9], "texture": "#0"},
				"up": {"uv": [10, 2.5, 9.5, 2], "texture": "#0"},
				"down": {"uv": [10, 2.5, 9.5, 3], "texture": "#0"}
			}
		},
		{
			"from": [7.9, 0.1, 4.95],
			"to": [8.9, 2.9, 6.15],
			"rotation": {"angle": -22.5, "axis": "x", "origin": [0, 0, 0]},
			"faces": {
				"north": {"uv": [7.5, 7, 8, 8.5], "texture": "#0"},
				"east": {"uv": [0, 8, 0.5, 9.5], "texture": "#0"},
				"south": {"uv": [8, 0, 8.5, 1.5], "texture": "#0"},
				"west": {"uv": [0.5, 8, 1, 9.5], "texture": "#0"},
				"up": {"uv": [3.5, 10, 3, 9.5], "texture": "#0"},
				"down": {"uv": [10, 3, 9.5, 3.5], "texture": "#0"}
			}
		},
		{
			"from": [7.85, 0.4, 4.35],
			"to": [8.95, 2.5, 5.55],
			"faces": {
				"north": {"uv": [9, 5, 9.5, 6], "texture": "#0"},
				"east": {"uv": [5.5, 9, 6, 10], "texture": "#0"},
				"south": {"uv": [6, 9, 6.5, 10], "texture": "#0"},
				"west": {"uv": [6.5, 9, 7, 10], "texture": "#0"},
				"up": {"uv": [4, 10, 3.5, 9.5], "texture": "#0"},
				"down": {"uv": [10, 4, 9.5, 4.5], "texture": "#0"}
			}
		},
		{
			"from": [7.84, -2.4, 3.25],
			"to": [8.96, 5.1, 4.55],
			"faces": {
				"north": {"uv": [3, 0, 3.5, 4], "texture": "#0"},
				"east": {"uv": [3.5, 0, 4, 4], "texture": "#0"},
				"south": {"uv": [4, 0, 4.5, 4], "texture": "#0"},
				"west": {"uv": [2, 4, 2.5, 8], "texture": "#0"},
				"up": {"uv": [10, 5, 9.5, 4.5], "texture": "#0"},
				"down": {"uv": [10, 5, 9.5, 5.5], "texture": "#0"}
			}
		},
		{
			"from": [3.24, -2.35, 7.85],
			"to": [4.04, 5.05, 8.65],
			"rotation": {"angle": 45, "axis": "y", "origin": [0, 0, 0]},
			"faces": {
				"north": {"uv": [2.5, 4, 3, 7.5], "texture": "#0"},
				"east": {"uv": [3, 4, 3.5, 7.5], "texture": "#0"},
				"south": {"uv": [3.5, 4, 4, 7.5], "texture": "#0"},
				"west": {"uv": [4, 4, 4.5, 7.5], "texture": "#0"},
				"up": {"uv": [10, 6, 9.5, 5.5], "texture": "#0"},
				"down": {"uv": [10, 6, 9.5, 6.5], "texture": "#0"}
			}
		}
	],
	"display": {
		"thirdperson_righthand": {
			"translation": [0, 17.5, 1]
		},
		"thirdperson_lefthand": {
			"translation": [0, 17.5, 1]
		},
		"firstperson_righthand": {
			"rotation": [0, 3.5, 0],
			"translation": [0.5, 17, 0]
		},
		"firstperson_lefthand": {
			"rotation": [0, 3.5, 0],
			"translation": [0.5, 17, 0]
		},
		"ground": {
			"rotation": [0, 0, 90],
			"translation": [-19, 0, 0],
			"scale": [1.45, 1.45, 1.45]
		},
		"gui": {
			"rotation": [-90, 56, 90],
			"translation": [-5.25, 9.75, 0],
			"scale": [0.85, 0.85, 0.85]
		},
		"head": {
			"rotation": [-89, 47, 95],
			"translation": [3.25, 12.75, 0]
		},
		"fixed": {
			"rotation": [180, 90, 0],
			"translation": [0, -27.75, -1.5],
			"scale": [2, 2, 2]
		}
	},
	"groups": [
		{
			"name": "group",
			"origin": [0, 0, 0],
			"color": 0,
			"nbt": "{}",
			"armAnimationEnabled": false,
			"children": [0, 1, 2, 3, 4, 5, 6, 7, 8, 9, 10, 11, 12, 13, 14, 15, 16, 17, 18]
		}
	]
}