{
	"credit": "Made with Blockbench, a free, modern block model editor by JannisX11",
	"textures": {
		"0": "block/oak_planks"
	},
	"elements": [
		{
			"name": "Leg_top3",
			"from": [2, 10.5, 12],
			"to": [4, 22.5, 14],
			"faces": {
				"north": {"uv": [0, 0, 2, 12], "texture": "#0"},
				"east": {"uv": [0, 0, 2, 12], "texture": "#0"},
				"south": {"uv": [0, 0, 2, 12], "texture": "#0"},
				"west": {"uv": [0, 0, 2, 12], "texture": "#0"},
				"up": {"uv": [0, 0, 2, 2], "texture": "#0"},
				"down": {"uv": [0, 0, 2, 2], "texture": "#0"}
			}
		},
		{
			"name": "Leg_top4",
			"from": [12, 10.5, 12],
			"to": [14, 22.5, 14],
			"faces": {
				"north": {"uv": [0, 0, 2, 12], "texture": "#0"},
				"east": {"uv": [0, 0, 2, 12], "texture": "#0"},
				"south": {"uv": [0, 0, 2, 12], "texture": "#0"},
				"west": {"uv": [0, 0, 2, 12], "texture": "#0"},
				"up": {"uv": [0, 0, 2, 2], "texture": "#0"},
				"down": {"uv": [0, 0, 2, 2], "texture": "#0"}
			}
		},
		{
			"name": "Seat3",
			"from": [12, 9, 1],
			"to": [14, 10.5, 14],
			"faces": {
				"north": {"uv": [7, 6, 9, 7.5], "texture": "#0"},
				"east": {"uv": [1, 6, 14, 7.5], "texture": "#0"},
				"south": {"uv": [5, 1.25, 7, 2.75], "texture": "#0"},
				"west": {"uv": [1, 5.25, 14, 6.75], "texture": "#0"},
				"up": {"uv": [4, 1, 6, 14], "texture": "#0"},
				"down": {"uv": [0, 0, 2, 13], "texture": "#0"}
			}
		},
		{
			"name": "Seat2",
			"from": [2, 9, 1],
			"to": [4, 10.5, 14],
			"faces": {
				"north": {"uv": [8, 6, 10, 7.5], "texture": "#0"},
				"east": {"uv": [0, 8.25, 13, 9.75], "texture": "#0"},
				"south": {"uv": [0, 0.25, 2, 1.75], "texture": "#0"},
				"west": {"uv": [2, 10, 15, 11.5], "texture": "#0"},
				"up": {"uv": [4, 1, 6, 14], "texture": "#0"},
				"down": {"uv": [0, 0, 2, 13], "texture": "#0"}
			}
		},
		{
			"name": "Seat4",
			"from": [4, 9, 1],
			"to": [12, 10.5, 14],
			"faces": {
				"north": {"uv": [4, 2, 12, 3.5], "texture": "#0"},
				"east": {"uv": [0, 0, 2, 1.5], "texture": "#0"},
				"south": {"uv": [0.5, 0.25, 9, 1.75], "texture": "#0"},
				"west": {"uv": [0, 0, 2, 1.5], "texture": "#0"},
				"up": {"uv": [0, 1, 8, 14], "texture": "#0"},
				"down": {"uv": [0, 0, 8, 13], "texture": "#0"}
			}
		},
		{
			"name": "Leg1",
			"from": [12, 0, 1.25],
			"to": [14, 9, 3.25],
			"faces": {
				"north": {"uv": [0, 2, 2, 11], "texture": "#0"},
				"east": {"uv": [6, 2, 8, 11], "texture": "#0"},
				"south": {"uv": [4, 2, 6, 11], "texture": "#0"},
				"west": {"uv": [2, 2, 4, 11], "texture": "#0"},
				"down": {"uv": [0, 0, 2, 2], "texture": "#0"}
			}
		},
		{
			"name": "Seat6",
			"from": [3.75, 19.5, 13],
			"to": [12.25, 21.5, 13.5],
			"faces": {
				"north": {"uv": [3.75, 8, 12.25, 10], "texture": "#0"},
				"east": {"uv": [0, 0, 0.5, 2], "texture": "#0"},
				"south": {"uv": [0, 0, 8.5, 2], "texture": "#0"},
				"west": {"uv": [0, 0, 0.5, 2], "texture": "#0"},
				"up": {"uv": [0, 0, 8.5, 0.5], "texture": "#0"},
				"down": {"uv": [0, 0, 8.5, 0.5], "texture": "#0"}
			}
		},
		{
			"name": "Seat7",
			"from": [3.75, 15.25, 13],
			"to": [12.25, 17.25, 13.5],
			"faces": {
				"north": {"uv": [3.75, 4, 12.25, 6], "texture": "#0"},
				"east": {"uv": [0, 0, 0.5, 2], "texture": "#0"},
				"south": {"uv": [0, 0, 8.5, 2], "texture": "#0"},
				"west": {"uv": [0, 0, 0.5, 2], "texture": "#0"},
				"up": {"uv": [0, 0, 8.5, 0.5], "texture": "#0"},
				"down": {"uv": [0, 0, 8.5, 0.5], "texture": "#0"}
			}
		},
		{
			"name": "Beam",
			"from": [13, 8, 3.25],
			"to": [13.5, 9, 13],
			"faces": {
				"east": {"uv": [5, 4, 14.75, 5], "texture": "#0"},
				"west": {"uv": [5, 4, 14.75, 5], "texture": "#0", "rotation": 180},
				"down": {"uv": [6, 1, 6.5, 10.75], "texture": "#0"}
			}
		},
		{
			"name": "Beam",
			"from": [2.5, 8, 3.25],
			"to": [3, 9, 13],
			"faces": {
				"east": {"uv": [5, 4, 14.75, 5], "texture": "#0"},
				"west": {"uv": [5, 4, 14.75, 5], "texture": "#0", "rotation": 180},
				"down": {"uv": [6, 1, 6.5, 10.75], "texture": "#0"}
			}
		},
		{
			"name": "Beam",
			"from": [4, 8, 1.75],
			"to": [13.75, 9, 2.25],
			"faces": {
				"north": {"uv": [3, 2, 12.75, 3], "texture": "#0", "rotation": 180},
				"east": {"uv": [0, 0, 0.5, 1], "texture": "#0"},
				"south": {"uv": [1, 8, 10.75, 9], "texture": "#0"},
				"west": {"uv": [0, 0, 0.5, 1], "texture": "#0"},
				"down": {"uv": [6, 4, 15.75, 4.5], "texture": "#0"}
			}
		},
		{
			"name": "Leg2",
			"from": [2, 0, 1.25],
			"to": [4, 9, 3.25],
			"faces": {
				"north": {"uv": [0, 2, 2, 11], "texture": "#0"},
				"east": {"uv": [6, 2, 8, 11], "texture": "#0"},
				"south": {"uv": [4, 2, 6, 11], "texture": "#0"},
				"west": {"uv": [2, 2, 4, 11], "texture": "#0"},
				"down": {"uv": [0, 0, 2, 2], "texture": "#0"}
			}
		},
		{
			"name": "Leg3",
			"from": [2, 0, 12],
			"to": [4, 9, 14],
			"faces": {
				"north": {"uv": [0, 2, 2, 11], "texture": "#0"},
				"east": {"uv": [6, 2, 8, 11], "texture": "#0"},
				"south": {"uv": [4, 2, 6, 11], "texture": "#0"},
				"west": {"uv": [2, 2, 4, 11], "texture": "#0"},
				"down": {"uv": [0, 0, 2, 2], "texture": "#0"}
			}
		},
		{
			"name": "Leg4",
			"from": [12, 0, 12],
			"to": [14, 9, 14],
			"faces": {
				"north": {"uv": [0, 2, 2, 11], "texture": "#0"},
				"east": {"uv": [6, 2, 8, 11], "texture": "#0"},
				"south": {"uv": [4, 2, 6, 11], "texture": "#0"},
				"west": {"uv": [2, 2, 4, 11], "texture": "#0"},
				"down": {"uv": [0, 0, 2, 2], "texture": "#0"}
			}
		},
		{
			"name": "Beam",
			"from": [4, 8, 13],
			"to": [13.75, 9, 13.5],
			"faces": {
				"north": {"uv": [3, 2, 12.75, 3], "texture": "#0", "rotation": 180},
				"east": {"uv": [0, 0, 0.5, 1], "texture": "#0"},
				"south": {"uv": [6, 9, 15.75, 10], "texture": "#0"},
				"west": {"uv": [0, 0, 0.5, 1], "texture": "#0"},
				"down": {"uv": [6, 4, 15.75, 4.5], "texture": "#0"}
			}
		}
	],
	"display": {
		"thirdperson_righthand": {
			"rotation": [45, 0, 0],
			"translation": [0, 1, 0],
			"scale": [0.35, 0.35, 0.35]
		},
		"thirdperson_lefthand": {
			"rotation": [45, 0, 0],
			"translation": [0, 1, 0],
			"scale": [0.35, 0.35, 0.35] 
		},
        "firstperson_righthand": {
			"rotation": [-10, 15, 0],
			"translation": [1, 0, 0],
			"scale": [0.4, 0.4, 0.4]
		},
		"firstperson_lefthand": {
			"rotation": [-10, 15, 0],
			"translation": [1, 0, 0],
			"scale": [0.4, 0.4, 0.4]
		},
		"gui": {
			"rotation": [35, -135, 0],
			"translation": [0, -2, 0],
			"scale": [0.5, 0.5, 0.5]
		},
		"head": {
			"rotation": [0, 90, 0],
			"translation": [0, -48.5, 0],
			"scale": [2.3, 2.3, 2.3]
        },
        "ground": {
			"rotation": [0, 0, 0],
			"translation": [0, 1, 0],
			"scale": [0.3, 0.3, 0.3]
		},
		"fixed": {
			"rotation": [0, 0, 0],
			"translation": [0, -3.5, -4.1],
			"scale": [0.8, 0.8, 0.8]
		}
	}
}