{
	"credit": "Made with Blockbench",
	"parent": "block/block",
	"textures": {
		"0": "create:block/mega_spruce_planks",
		"particle": "create:block/mega_spruce_planks"
	},
	"elements": [
		{
			"name": "Cube",
			"from": [3, 11, 0],
			"to": [13, 20, 3],
			"faces": {
				"north": {"uv": [8, 8, 16, 16], "texture": "#0"},
				"east": {"uv": [0, 2.5, 8, 0], "rotation": 90, "texture": "#0"},
				"south": {"uv": [8, 8, 16, 16], "texture": "#0"},
				"west": {"uv": [0, 2.5, 8, 0], "rotation": 90, "texture": "#0"},
				"up": {"uv": [8, 10.5, 16, 8], "rotation": 180, "texture": "#0"}
			}
		},
		{
			"name": "Cube",
			"from": [3, 11, 13],
			"to": [13, 20, 16],
			"faces": {
				"north": {"uv": [8, 8, 16, 16], "texture": "#0"},
				"east": {"uv": [0, 2.5, 8, 0], "rotation": 90, "texture": "#0"},
				"south": {"uv": [8, 8, 16, 16], "texture": "#0"},
				"west": {"uv": [0, 2.5, 8, 0], "rotation": 90, "texture": "#0"},
				"up": {"uv": [8, 10.5, 16, 8], "rotation": 180, "texture": "#0"}
			}
		},
		{
			"name": "Cube",
			"from": [1, 7, 0],
			"to": [15, 11, 16],
			"faces": {
				"north": {"uv": [1.25, 0, 15.25, 3], "texture": "#0"},
				"east": {"uv": [1.25, 0, 15.25, 3], "texture": "#0"},
				"south": {"uv": [1.25, 0, 15.25, 3], "texture": "#0"},
				"west": {"uv": [1.25, 0, 15.25, 3], "texture": "#0"},
				"up": {"uv": [0, 0, 8, 8], "texture": "#0"},
				"down": {"uv": [1, 0, 15, 16], "texture": "#0"}
			}
		}
	],
	"groups": [
		{
			"name": "Connector",
			"origin": [8, 8, 8],
			"color": 0,
			"children": [0, 1, 2]
		}
	]
}