{
	"credit": "Made with Blockbench",
	"texture_size": [64, 64],
	"textures": {
		"0": "item/berserk_helmet_wpl",
		"particle": "item/berserk_helmet_wpl"
	},
	"elements": [
		{
			"from": [5.6, 0, 7.9],
			"to": [10.4, 1.4, 11.1],
			"faces": {
				"north": {"uv": [3.5, 6.25, 4.6875, 6.625], "texture": "#0"},
				"east": {"uv": [8.5, 7.5, 9.3125, 7.875], "texture": "#0"},
				"south": {"uv": [6.25, 4.25, 7.4375, 4.625], "texture": "#0"},
				"west": {"uv": [8.75, 4.25, 9.5625, 4.625], "texture": "#0"},
				"up": {"uv": [2.4375, 3.5625, 1.25, 2.75], "texture": "#0"},
				"down": {"uv": [3.6875, 3, 2.5, 3.8125], "texture": "#0"}
			}
		},
		{
			"from": [10.7, 0, 3.6],
			"to": [13.1, 1.4, 5.6],
			"rotation": {"angle": -22.5, "axis": "y", "origin": [0, 0, 0]},
			"faces": {
				"north": {"uv": [9.25, 9.5, 9.875, 9.875], "texture": "#0"},
				"east": {"uv": [9.25, 10.5, 9.75, 10.875], "texture": "#0"},
				"south": {"uv": [9.75, 0, 10.375, 0.375], "texture": "#0"},
				"west": {"uv": [9.75, 10.5, 10.25, 10.875], "texture": "#0"},
				"up": {"uv": [2.125, 8.75, 1.5, 8.25], "texture": "#0"},
				"down": {"uv": [2.875, 8.25, 2.25, 8.75], "texture": "#0"}
			}
		},
		{
			"from": [4.3, 0, 7.6],
			"to": [6.7, 1.3, 11.8],
			"rotation": {"angle": 22.5, "axis": "y", "origin": [0, 0, 0]},
			"faces": {
				"north": {"uv": [2, 10.5, 2.625, 10.8125], "texture": "#0"},
				"east": {"uv": [2, 7.75, 3.0625, 8.0625], "texture": "#0"},
				"south": {"uv": [2.75, 10.5, 3.375, 10.8125], "texture": "#0"},
				"west": {"uv": [7.75, 3.75, 8.8125, 4.0625], "texture": "#0"},
				"up": {"uv": [3.875, 5.5625, 3.25, 4.5], "texture": "#0"},
				"down": {"uv": [5.125, 3.25, 4.5, 4.3125], "texture": "#0"}
			}
		},
		{
			"from": [6.8, 0, 3],
			"to": [9.2, 1.3, 5],
			"faces": {
				"north": {"uv": [3.5, 10.5, 4.125, 10.8125], "texture": "#0"},
				"east": {"uv": [3.25, 11, 3.75, 11.3125], "texture": "#0"},
				"south": {"uv": [10.5, 3.75, 11.125, 4.0625], "texture": "#0"},
				"west": {"uv": [3.75, 11, 4.25, 11.3125], "texture": "#0"},
				"up": {"uv": [5.125, 8.75, 4.5, 8.25], "texture": "#0"},
				"down": {"uv": [8.875, 4.75, 8.25, 5.25], "texture": "#0"}
			}
		},
		{
			"from": [7, 0, 1.2],
			"to": [9, 1, 3],
			"faces": {
				"north": {"uv": [1.5, 7, 2, 7.25], "texture": "#0"},
				"east": {"uv": [11.25, 2.75, 11.6875, 3], "texture": "#0"},
				"south": {"uv": [8, 1, 8.5, 1.25], "texture": "#0"},
				"west": {"uv": [11.25, 3, 11.6875, 3.25], "texture": "#0"},
				"up": {"uv": [3.75, 4.4375, 3.25, 4], "texture": "#0"},
				"down": {"uv": [10.5, 5.75, 10, 6.1875], "texture": "#0"}
			}
		},
		{
			"from": [6.9, -1, 2.8],
			"to": [9.1, 0.1, 6.3],
			"rotation": {"angle": -22.5, "axis": "x", "origin": [0, 1.3, 0]},
			"faces": {
				"north": {"uv": [6.25, 1, 6.8125, 1.25], "texture": "#0"},
				"east": {"uv": [6.25, 7.75, 7.125, 8], "texture": "#0"},
				"south": {"uv": [11, 2.5, 11.5625, 2.75], "texture": "#0"},
				"west": {"uv": [9.75, 2, 10.625, 2.25], "texture": "#0"},
				"up": {"uv": [5.3125, 6.625, 4.75, 5.75], "texture": "#0"},
				"down": {"uv": [1.8125, 6, 1.25, 6.875], "texture": "#0"}
			}
		},
		{
			"from": [6.6, -3.5, 3.8],
			"to": [9.4, -1.6, 6.2],
			"rotation": {"angle": -45, "axis": "x", "origin": [0, 1.3, 0]},
			"faces": {
				"north": {"uv": [5.5, 7.5, 6.1875, 8], "texture": "#0"},
				"east": {"uv": [8.25, 7, 8.875, 7.5], "texture": "#0"},
				"south": {"uv": [1.25, 7.75, 1.9375, 8.25], "texture": "#0"},
				"west": {"uv": [8.5, 1, 9.125, 1.5], "texture": "#0"},
				"up": {"uv": [4.1875, 7.375, 3.5, 6.75], "texture": "#0"},
				"down": {"uv": [4.9375, 6.75, 4.25, 7.375], "texture": "#0"}
			}
		},
		{
			"from": [6.4, -0.1, 7.1],
			"to": [9.6, 0.5, 8.4],
			"rotation": {"angle": -22.5, "axis": "x", "origin": [0, 1.3, 0]},
			"faces": {
				"north": {"uv": [11.25, 3.75, 12.0625, 3.875], "texture": "#0"},
				"east": {"uv": [7.75, 11.25, 8.0625, 11.375], "texture": "#0"},
				"south": {"uv": [11.25, 4, 12.0625, 4.125], "texture": "#0"},
				"west": {"uv": [8.25, 11.25, 8.5625, 11.375], "texture": "#0"},
				"up": {"uv": [2.8125, 9.8125, 2, 9.5], "texture": "#0"},
				"down": {"uv": [3.8125, 9.5, 3, 9.8125], "texture": "#0"}
			}
		},
		{
			"from": [6.3, 2.6, 6.2],
			"to": [9.7, 3.3, 7.6],
			"faces": {
				"north": {"uv": [10.75, 8.25, 11.625, 8.4375], "texture": "#0"},
				"east": {"uv": [5.75, 11.25, 6.125, 11.4375], "texture": "#0"},
				"south": {"uv": [2.25, 11, 3.125, 11.1875], "texture": "#0"},
				"west": {"uv": [11.25, 5.75, 11.625, 5.9375], "texture": "#0"},
				"up": {"uv": [7.625, 8.375, 6.75, 8], "texture": "#0"},
				"down": {"uv": [8.625, 8, 7.75, 8.375], "texture": "#0"}
			}
		},
		{
			"from": [4.3, 1.3, 8.6],
			"to": [6.6, 2.6, 11.8],
			"rotation": {"angle": 22.5, "axis": "y", "origin": [0, 1.3, 0]},
			"faces": {
				"north": {"uv": [10.75, 9.5, 11.3125, 9.8125], "texture": "#0"},
				"east": {"uv": [4, 9.5, 4.8125, 9.8125], "texture": "#0"},
				"south": {"uv": [10.75, 10, 11.3125, 10.3125], "texture": "#0"},
				"west": {"uv": [7.25, 9.5, 8.0625, 9.8125], "texture": "#0"},
				"up": {"uv": [6.5625, 3.0625, 6, 2.25], "texture": "#0"},
				"down": {"uv": [6.5625, 3.25, 6, 4.0625], "texture": "#0"}
			}
		},
		{
			"from": [5.65, 6.7, 4.6],
			"to": [10.35, 9.9, 6],
			"rotation": {"angle": 45, "axis": "x", "origin": [0, 0, 0]},
			"faces": {
				"north": {"uv": [0, 3.75, 1.1875, 4.5625], "texture": "#0"},
				"east": {"uv": [5.25, 8.75, 5.625, 9.5625], "texture": "#0"},
				"south": {"uv": [3.75, 0, 4.9375, 0.8125], "texture": "#0"},
				"west": {"uv": [8.75, 5.5, 9.125, 6.3125], "texture": "#0"},
				"up": {"uv": [7.4375, 5.125, 6.25, 4.75], "texture": "#0"},
				"down": {"uv": [7.4375, 5.25, 6.25, 5.625], "texture": "#0"}
			}
		},
		{
			"from": [1.7, 0, 9.7],
			"to": [4.1, 1.4, 11.7],
			"rotation": {"angle": 22.5, "axis": "y", "origin": [0, 0, 0]},
			"faces": {
				"north": {"uv": [9.75, 3.75, 10.375, 4.125], "texture": "#0"},
				"east": {"uv": [10.25, 10.5, 10.75, 10.875], "texture": "#0"},
				"south": {"uv": [9.75, 4.25, 10.375, 4.625], "texture": "#0"},
				"west": {"uv": [10.75, 0.5, 11.25, 0.875], "texture": "#0"},
				"up": {"uv": [9.125, 2, 8.5, 1.5], "texture": "#0"},
				"down": {"uv": [3.625, 8.5, 3, 9], "texture": "#0"}
			}
		},
		{
			"from": [8.2, 1.3, 2.5],
			"to": [10.5, 2.6, 5.7],
			"rotation": {"angle": -22.5, "axis": "y", "origin": [0, 1.3, 0]},
			"faces": {
				"north": {"uv": [10.75, 10.5, 11.3125, 10.8125], "texture": "#0"},
				"east": {"uv": [9.5, 7.5, 10.3125, 7.8125], "texture": "#0"},
				"south": {"uv": [0, 11, 0.5625, 11.3125], "texture": "#0"},
				"west": {"uv": [8.25, 9.5, 9.0625, 9.8125], "texture": "#0"},
				"up": {"uv": [6.8125, 0.8125, 6.25, 0], "texture": "#0"},
				"down": {"uv": [2.5625, 6.25, 2, 7.0625], "texture": "#0"}
			}
		},
		{
			"from": [5.8, 1.4, 7.9],
			"to": [10.2, 2.6, 11.1],
			"faces": {
				"north": {"uv": [3.5, 7.5, 4.625, 7.8125], "texture": "#0"},
				"east": {"uv": [9.5, 8.5, 10.3125, 8.8125], "texture": "#0"},
				"south": {"uv": [7.5, 4.25, 8.625, 4.5625], "texture": "#0"},
				"west": {"uv": [9.5, 9, 10.3125, 9.3125], "texture": "#0"},
				"up": {"uv": [4.875, 1.8125, 3.75, 1], "texture": "#0"},
				"down": {"uv": [2.375, 3.75, 1.25, 4.5625], "texture": "#0"}
			}
		},
		{
			"from": [8.1, 0, 1.5],
			"to": [10.5, 1.3, 5.7],
			"rotation": {"angle": -22.5, "axis": "y", "origin": [0, 0, 0]},
			"faces": {
				"north": {"uv": [4.25, 10.5, 4.875, 10.8125], "texture": "#0"},
				"east": {"uv": [8, 0.5, 9.0625, 0.8125], "texture": "#0"},
				"south": {"uv": [10.5, 4.25, 11.125, 4.5625], "texture": "#0"},
				"west": {"uv": [8, 2.25, 9.0625, 2.5625], "texture": "#0"},
				"up": {"uv": [4.625, 5.5625, 4, 4.5], "texture": "#0"},
				"down": {"uv": [0.625, 4.75, 0, 5.8125], "texture": "#0"}
			}
		},
		{
			"from": [5.7, -2.4, 13.8],
			"to": [5.7, 0.1, 15.1],
			"rotation": {"angle": -22.5, "axis": "x", "origin": [0, -12, 11.5]},
			"faces": {
				"north": {"uv": [0, 0.625, 0, 0], "rotation": 180, "texture": "#0"},
				"east": {"uv": [10.5, 4.75, 11.125, 5.0625], "rotation": 90, "texture": "#0"},
				"south": {"uv": [0, 0, 0, 0.625], "texture": "#0"},
				"west": {"uv": [10.5, 5.75, 11.125, 6.0625], "rotation": 270, "texture": "#0"},
				"up": {"uv": [0, 0, 0, 0.3125], "texture": "#0"},
				"down": {"uv": [0, 0, 0, 0.3125], "rotation": 180, "texture": "#0"}
			}
		},
		{
			"from": [10.1, -2.4, 13.8],
			"to": [10.1, 0.1, 15.1],
			"rotation": {"angle": -22.5, "axis": "x", "origin": [0, -12, 11.5]},
			"faces": {
				"north": {"uv": [0, 0.625, 0, 0], "rotation": 180, "texture": "#0"},
				"east": {"uv": [10.5, 6.25, 11.125, 6.5625], "rotation": 90, "texture": "#0"},
				"south": {"uv": [0, 0, 0, 0.625], "texture": "#0"},
				"west": {"uv": [10.5, 6.75, 11.125, 7.0625], "rotation": 270, "texture": "#0"},
				"up": {"uv": [0, 0, 0, 0.3125], "texture": "#0"},
				"down": {"uv": [0, 0, 0, 0.3125], "rotation": 180, "texture": "#0"}
			}
		},
		{
			"from": [4, -4.6, 14.6],
			"to": [4.8, 0.4, 15.5],
			"rotation": {"angle": 45, "axis": "y", "origin": [0, -12, 11.5]},
			"faces": {
				"north": {"uv": [5.1875, 10.75, 5, 9.5], "rotation": 180, "texture": "#0"},
				"east": {"uv": [8.25, 5.25, 9.5, 5.5], "rotation": 90, "texture": "#0"},
				"south": {"uv": [1.6875, 9.75, 1.5, 11], "texture": "#0"},
				"west": {"uv": [8.5, 2, 9.75, 2.25], "rotation": 270, "texture": "#0"},
				"up": {"uv": [5, 1.25, 5.1875, 1.5], "texture": "#0"},
				"down": {"uv": [2.25, 4.75, 2.4375, 5], "rotation": 180, "texture": "#0"}
			}
		},
		{
			"from": [1.7, -3.3, 10.1],
			"to": [4.1, 0.7, 11.5],
			"rotation": {"angle": -22.5, "axis": "z", "origin": [0, -12, 11.5]},
			"faces": {
				"north": {"uv": [5.875, 2.25, 5.25, 1.25], "rotation": 180, "texture": "#0"},
				"east": {"uv": [6.75, 3.75, 7.75, 4.125], "rotation": 90, "texture": "#0"},
				"south": {"uv": [2.875, 5.25, 2.25, 6.25], "texture": "#0"},
				"west": {"uv": [7, 0.75, 8, 1.125], "rotation": 270, "texture": "#0"},
				"up": {"uv": [5.25, 9.75, 5.875, 10.125], "texture": "#0"},
				"down": {"uv": [9.75, 4.75, 10.375, 5.125], "rotation": 180, "texture": "#0"}
			}
		},
		{
			"from": [8.1, -10.5, 10.1],
			"to": [10.5, -6.3, 11.4],
			"rotation": {"angle": 22.5, "axis": "z", "origin": [0, -11.9, 11.5]},
			"faces": {
				"north": {"uv": [1.375, 5.8125, 0.75, 4.75], "rotation": 180, "texture": "#0"},
				"east": {"uv": [8, 2.75, 9.0625, 3.0625], "rotation": 90, "texture": "#0"},
				"south": {"uv": [2.125, 4.75, 1.5, 5.8125], "texture": "#0"},
				"west": {"uv": [3.25, 8, 4.3125, 8.3125], "rotation": 270, "texture": "#0"},
				"up": {"uv": [10.5, 7.25, 11.125, 7.5625], "texture": "#0"},
				"down": {"uv": [7, 10.5, 7.625, 10.8125], "rotation": 180, "texture": "#0"}
			}
		},
		{
			"from": [6.8, -8.8, 10.1],
			"to": [9.2, -7, 11.3],
			"rotation": {"angle": 0, "axis": "x", "origin": [0, -12, 11.5]},
			"faces": {
				"north": {"uv": [9.875, 0.9375, 9.25, 0.5], "rotation": 180, "texture": "#0"},
				"east": {"uv": [11.25, 1, 11.6875, 1.3125], "rotation": 90, "texture": "#0"},
				"south": {"uv": [9.875, 1, 9.25, 1.4375], "texture": "#0"},
				"west": {"uv": [2.25, 11.25, 2.6875, 11.5625], "rotation": 270, "texture": "#0"},
				"up": {"uv": [8.5, 10.5, 9.125, 10.8125], "texture": "#0"},
				"down": {"uv": [7.75, 10.5, 8.375, 10.8125], "rotation": 180, "texture": "#0"}
			}
		},
		{
			"from": [7.1, -9.6, 10.1],
			"to": [8.9, -8.8, 11.1],
			"rotation": {"angle": 0, "axis": "x", "origin": [0, -12, 11.5]},
			"faces": {
				"north": {"uv": [5.1875, 11.4375, 4.75, 11.25], "rotation": 180, "texture": "#0"},
				"east": {"uv": [5, 1.5, 5.1875, 1.75], "rotation": 90, "texture": "#0"},
				"south": {"uv": [11.6875, 4.75, 11.25, 4.9375], "texture": "#0"},
				"west": {"uv": [5, 1.75, 5.1875, 2], "rotation": 270, "texture": "#0"},
				"up": {"uv": [11.25, 3.5, 11.6875, 3.75], "texture": "#0"},
				"down": {"uv": [11.25, 3.25, 11.6875, 3.5], "rotation": 180, "texture": "#0"}
			}
		},
		{
			"from": [7.3, -10.3, 10.1],
			"to": [8.7, -9.6, 11.1],
			"rotation": {"angle": 0, "axis": "x", "origin": [0, -12, 11.5]},
			"faces": {
				"north": {"uv": [11.625, 6.1875, 11.25, 6], "rotation": 180, "texture": "#0"},
				"east": {"uv": [2.25, 5, 2.4375, 5.25], "rotation": 90, "texture": "#0"},
				"south": {"uv": [6.625, 11.25, 6.25, 11.4375], "texture": "#0"},
				"west": {"uv": [3, 5.25, 3.1875, 5.5], "rotation": 270, "texture": "#0"},
				"up": {"uv": [11.25, 4.5, 11.625, 4.75], "texture": "#0"},
				"down": {"uv": [11.25, 4.25, 11.625, 4.5], "rotation": 180, "texture": "#0"}
			}
		},
		{
			"from": [4.3, -4.4, 10.1],
			"to": [6.7, -0.2, 11.4],
			"rotation": {"angle": -22.5, "axis": "z", "origin": [0, -11.9, 11.5]},
			"faces": {
				"north": {"uv": [5.375, 5.5625, 4.75, 4.5], "rotation": 180, "texture": "#0"},
				"east": {"uv": [8, 3.25, 9.0625, 3.5625], "rotation": 90, "texture": "#0"},
				"south": {"uv": [5.625, 0, 5, 1.0625], "texture": "#0"},
				"west": {"uv": [5.5, 8, 6.5625, 8.3125], "rotation": 270, "texture": "#0"},
				"up": {"uv": [10.5, 9, 11.125, 9.3125], "texture": "#0"},
				"down": {"uv": [10.5, 8.5, 11.125, 8.8125], "rotation": 180, "texture": "#0"}
			}
		},
		{
			"from": [7.5, -4.6, 18],
			"to": [8.3, 0.4, 18.9],
			"rotation": {"angle": 45, "axis": "y", "origin": [0, -12, 11.5]},
			"faces": {
				"north": {"uv": [1.9375, 11, 1.75, 9.75], "rotation": 180, "texture": "#0"},
				"east": {"uv": [5.25, 8.5, 6.5, 8.75], "rotation": 90, "texture": "#0"},
				"south": {"uv": [6.1875, 9.75, 6, 11], "texture": "#0"},
				"west": {"uv": [6.5, 8.5, 7.75, 8.75], "rotation": 270, "texture": "#0"},
				"up": {"uv": [3, 5.5, 3.1875, 5.75], "texture": "#0"},
				"down": {"uv": [5.25, 4.25, 5.4375, 4.5], "rotation": 180, "texture": "#0"}
			}
		},
		{
			"from": [10.7, -9.4, 10.1],
			"to": [13.1, -5.4, 11.5],
			"rotation": {"angle": 22.5, "axis": "z", "origin": [0, -12, 11.5]},
			"faces": {
				"north": {"uv": [5.875, 3.25, 5.25, 2.25], "rotation": 180, "texture": "#0"},
				"east": {"uv": [1.5, 7.25, 2.5, 7.625], "rotation": 90, "texture": "#0"},
				"south": {"uv": [5.875, 3.25, 5.25, 4.25], "texture": "#0"},
				"west": {"uv": [7.25, 7, 8.25, 7.375], "rotation": 270, "texture": "#0"},
				"up": {"uv": [9.75, 6.5, 10.375, 6.875], "texture": "#0"},
				"down": {"uv": [6.25, 9.75, 6.875, 10.125], "rotation": 180, "texture": "#0"}
			}
		},
		{
			"from": [5.6, -5.2, 10.1],
			"to": [10.4, 0.1, 11.5],
			"rotation": {"angle": 0, "axis": "x", "origin": [0, -12, 11.5]},
			"faces": {
				"north": {"uv": [1.1875, 1.3125, 0, 0], "rotation": 180, "texture": "#0"},
				"east": {"uv": [6, 1.25, 7.3125, 1.625], "rotation": 90, "texture": "#0"},
				"south": {"uv": [2.4375, 0, 1.25, 1.3125], "texture": "#0"},
				"west": {"uv": [6, 1.75, 7.3125, 2.125], "rotation": 270, "texture": "#0"},
				"up": {"uv": [6.25, 5.75, 7.4375, 6.125], "texture": "#0"},
				"down": {"uv": [5.5, 6.25, 6.6875, 6.625], "rotation": 180, "texture": "#0"}
			}
		},
		{
			"from": [9.95, -3.6, 9.6],
			"to": [10.2, -3.2, 9.8],
			"rotation": {"angle": 0, "axis": "x", "origin": [0.4, -2, 1.5]},
			"faces": {
				"north": {"uv": [11.8125, 1.875, 11.75, 1.75], "rotation": 180, "texture": "#0"},
				"east": {"uv": [11.75, 1.5, 11.875, 1.5625], "rotation": 90, "texture": "#0"},
				"south": {"uv": [2.0625, 11.75, 2, 11.875], "texture": "#0"},
				"west": {"uv": [1.75, 11.75, 1.875, 11.8125], "rotation": 270, "texture": "#0"},
				"up": {"uv": [12, 8.25, 12.0625, 8.3125], "texture": "#0"},
				"down": {"uv": [8.25, 12, 8.3125, 12.0625], "rotation": 180, "texture": "#0"}
			}
		},
		{
			"from": [9.95, -3.7, 9.8],
			"to": [10.2, -3.1, 10.4],
			"rotation": {"angle": 0, "axis": "x", "origin": [0.4, -2, 1.5]},
			"faces": {
				"north": {"uv": [11.8125, 2.375, 11.75, 2.25], "rotation": 180, "texture": "#0"},
				"east": {"uv": [4.25, 11.5, 4.375, 11.625], "rotation": 90, "texture": "#0"},
				"south": {"uv": [2.5625, 11.75, 2.5, 11.875], "texture": "#0"},
				"west": {"uv": [4.5, 11.5, 4.625, 11.625], "rotation": 270, "texture": "#0"},
				"up": {"uv": [2.25, 11.75, 2.3125, 11.875], "texture": "#0"},
				"down": {"uv": [11.75, 2, 11.8125, 2.125], "rotation": 180, "texture": "#0"}
			}
		},
		{
			"from": [4.55, -8, 9.9],
			"to": [4.8, -7.6, 10.1],
			"rotation": {"angle": 22.5, "axis": "z", "origin": [0.4, -2, 0.8]},
			"faces": {
				"north": {"uv": [11.8125, 2.875, 11.75, 2.75], "rotation": 180, "texture": "#0"},
				"east": {"uv": [11.75, 2.5, 11.875, 2.5625], "rotation": 90, "texture": "#0"},
				"south": {"uv": [3.0625, 11.75, 3, 11.875], "texture": "#0"},
				"west": {"uv": [2.75, 11.75, 2.875, 11.8125], "rotation": 270, "texture": "#0"},
				"up": {"uv": [12, 8.5, 12.0625, 8.5625], "texture": "#0"},
				"down": {"uv": [8.5, 12, 8.5625, 12.0625], "rotation": 180, "texture": "#0"}
			}
		},
		{
			"from": [4.55, -7.3, 9.9],
			"to": [4.8, -6.9, 10.1],
			"rotation": {"angle": 22.5, "axis": "z", "origin": [0.4, -2, 0.8]},
			"faces": {
				"north": {"uv": [11.8125, 3.625, 11.75, 3.5], "rotation": 180, "texture": "#0"},
				"east": {"uv": [11.75, 3, 11.875, 3.0625], "rotation": 90, "texture": "#0"},
				"south": {"uv": [4.3125, 11.75, 4.25, 11.875], "texture": "#0"},
				"west": {"uv": [11.75, 3.25, 11.875, 3.3125], "rotation": 270, "texture": "#0"},
				"up": {"uv": [12, 8.75, 12.0625, 8.8125], "texture": "#0"},
				"down": {"uv": [8.75, 12, 8.8125, 12.0625], "rotation": 180, "texture": "#0"}
			}
		},
		{
			"from": [6.05, -4.4, 12.8],
			"to": [6.3, -4, 13],
			"rotation": {"angle": 22.5, "axis": "y", "origin": [0.4, -2, 0.8]},
			"faces": {
				"north": {"uv": [11.8125, 4.625, 11.75, 4.5], "rotation": 180, "texture": "#0"},
				"east": {"uv": [11.75, 4.25, 11.875, 4.3125], "rotation": 90, "texture": "#0"},
				"south": {"uv": [4.8125, 11.75, 4.75, 11.875], "texture": "#0"},
				"west": {"uv": [4.5, 11.75, 4.625, 11.8125], "rotation": 270, "texture": "#0"},
				"up": {"uv": [12, 9, 12.0625, 9.0625], "texture": "#0"},
				"down": {"uv": [9, 12, 9.0625, 12.0625], "rotation": 180, "texture": "#0"}
			}
		},
		{
			"from": [6.05, -4.5, 13],
			"to": [6.3, -3.9, 13.6],
			"rotation": {"angle": 22.5, "axis": "y", "origin": [0.4, -2, 0.8]},
			"faces": {
				"north": {"uv": [11.8125, 5.125, 11.75, 5], "rotation": 180, "texture": "#0"},
				"east": {"uv": [4.75, 11.5, 4.875, 11.625], "rotation": 90, "texture": "#0"},
				"south": {"uv": [5.3125, 11.75, 5.25, 11.875], "texture": "#0"},
				"west": {"uv": [5, 11.5, 5.125, 11.625], "rotation": 270, "texture": "#0"},
				"up": {"uv": [5, 11.75, 5.0625, 11.875], "texture": "#0"},
				"down": {"uv": [11.75, 4.75, 11.8125, 4.875], "rotation": 180, "texture": "#0"}
			}
		},
		{
			"from": [8.75, -8.6, 9.985],
			"to": [9, -8.2, 10.1],
			"rotation": {"angle": 0, "axis": "x", "origin": [0.4, -2, 0.8]},
			"faces": {
				"north": {"uv": [11.8125, 5.625, 11.75, 5.5], "rotation": 180, "texture": "#0"},
				"east": {"uv": [11.75, 5.25, 11.875, 5.3125], "rotation": 90, "texture": "#0"},
				"south": {"uv": [5.8125, 11.75, 5.75, 11.875], "texture": "#0"},
				"west": {"uv": [5.5, 11.75, 5.625, 11.8125], "rotation": 270, "texture": "#0"},
				"up": {"uv": [12, 9.25, 12.0625, 9.3125], "texture": "#0"},
				"down": {"uv": [9.25, 12, 9.3125, 12.0625], "rotation": 180, "texture": "#0"}
			}
		},
		{
			"from": [8.75, -7.9, 9.96],
			"to": [9, -7.5, 10.1],
			"rotation": {"angle": 0, "axis": "x", "origin": [0.4, -2, 0.8]},
			"faces": {
				"north": {"uv": [11.8125, 6.125, 11.75, 6], "rotation": 180, "texture": "#0"},
				"east": {"uv": [11.75, 5.75, 11.875, 5.8125], "rotation": 90, "texture": "#0"},
				"south": {"uv": [6.3125, 11.75, 6.25, 11.875], "texture": "#0"},
				"west": {"uv": [6, 11.75, 6.125, 11.8125], "rotation": 270, "texture": "#0"},
				"up": {"uv": [12, 9.5, 12.0625, 9.5625], "texture": "#0"},
				"down": {"uv": [9.5, 12, 9.5625, 12.0625], "rotation": 180, "texture": "#0"}
			}
		},
		{
			"from": [4.55, -9.4, 9.9],
			"to": [4.8, -9, 10.1],
			"rotation": {"angle": 22.5, "axis": "z", "origin": [0.4, -2, 0.8]},
			"faces": {
				"north": {"uv": [11.8125, 6.625, 11.75, 6.5], "rotation": 180, "texture": "#0"},
				"east": {"uv": [11.75, 6.25, 11.875, 6.3125], "rotation": 90, "texture": "#0"},
				"south": {"uv": [6.8125, 11.75, 6.75, 11.875], "texture": "#0"},
				"west": {"uv": [6.5, 11.75, 6.625, 11.8125], "rotation": 270, "texture": "#0"},
				"up": {"uv": [12, 9.75, 12.0625, 9.8125], "texture": "#0"},
				"down": {"uv": [9.75, 12, 9.8125, 12.0625], "rotation": 180, "texture": "#0"}
			}
		},
		{
			"from": [4.55, -8.7, 9.9],
			"to": [4.8, -8.3, 10.1],
			"rotation": {"angle": 22.5, "axis": "z", "origin": [0.4, -2, 0.8]},
			"faces": {
				"north": {"uv": [11.8125, 7.125, 11.75, 7], "rotation": 180, "texture": "#0"},
				"east": {"uv": [11.75, 6.75, 11.875, 6.8125], "rotation": 90, "texture": "#0"},
				"south": {"uv": [11.8125, 7.25, 11.75, 7.375], "texture": "#0"},
				"west": {"uv": [7, 11.75, 7.125, 11.8125], "rotation": 270, "texture": "#0"},
				"up": {"uv": [12, 10, 12.0625, 10.0625], "texture": "#0"},
				"down": {"uv": [10, 12, 10.0625, 12.0625], "rotation": 180, "texture": "#0"}
			}
		},
		{
			"from": [9.95, -2.6, 9.6],
			"to": [10.2, -2.2, 9.8],
			"rotation": {"angle": 0, "axis": "x", "origin": [0, -2.1, 0]},
			"faces": {
				"north": {"uv": [11.8125, 7.875, 11.75, 7.75], "rotation": 180, "texture": "#0"},
				"east": {"uv": [11.75, 7.5, 11.875, 7.5625], "rotation": 90, "texture": "#0"},
				"south": {"uv": [8.0625, 11.75, 8, 11.875], "texture": "#0"},
				"west": {"uv": [7.75, 11.75, 7.875, 11.8125], "rotation": 270, "texture": "#0"},
				"up": {"uv": [12, 10.25, 12.0625, 10.3125], "texture": "#0"},
				"down": {"uv": [10.25, 12, 10.3125, 12.0625], "rotation": 180, "texture": "#0"}
			}
		},
		{
			"from": [9.95, -2.7, 9.8],
			"to": [10.2, -2.1, 10.5],
			"rotation": {"angle": 0, "axis": "x", "origin": [0, -2.1, 0]},
			"faces": {
				"north": {"uv": [11.8125, 8.125, 11.75, 8], "rotation": 180, "texture": "#0"},
				"east": {"uv": [11.25, 9.25, 11.375, 9.4375], "rotation": 90, "texture": "#0"},
				"south": {"uv": [8.3125, 11.75, 8.25, 11.875], "texture": "#0"},
				"west": {"uv": [9.5, 11.25, 9.625, 11.4375], "rotation": 270, "texture": "#0"},
				"up": {"uv": [10.25, 11.5, 10.3125, 11.6875], "texture": "#0"},
				"down": {"uv": [11.5, 10, 11.5625, 10.1875], "rotation": 180, "texture": "#0"}
			}
		},
		{
			"from": [8.75, -4.6, 6.8],
			"to": [9, -4.2, 7],
			"rotation": {"angle": -22.5, "axis": "y", "origin": [0.4, -2, 0.8]},
			"faces": {
				"north": {"uv": [11.8125, 8.625, 11.75, 8.5], "rotation": 180, "texture": "#0"},
				"east": {"uv": [11.75, 8.25, 11.875, 8.3125], "rotation": 90, "texture": "#0"},
				"south": {"uv": [8.8125, 11.75, 8.75, 11.875], "texture": "#0"},
				"west": {"uv": [8.5, 11.75, 8.625, 11.8125], "rotation": 270, "texture": "#0"},
				"up": {"uv": [12, 10.5, 12.0625, 10.5625], "texture": "#0"},
				"down": {"uv": [10.5, 12, 10.5625, 12.0625], "rotation": 180, "texture": "#0"}
			}
		},
		{
			"from": [8.75, -4.7, 7],
			"to": [9, -4.1, 7.6],
			"rotation": {"angle": -22.5, "axis": "y", "origin": [0.4, -2, 0.8]},
			"faces": {
				"north": {"uv": [11.8125, 9.125, 11.75, 9], "rotation": 180, "texture": "#0"},
				"east": {"uv": [5.25, 11.5, 5.375, 11.625], "rotation": 90, "texture": "#0"},
				"south": {"uv": [9.3125, 11.75, 9.25, 11.875], "texture": "#0"},
				"west": {"uv": [5.5, 11.5, 5.625, 11.625], "rotation": 270, "texture": "#0"},
				"up": {"uv": [9, 11.75, 9.0625, 11.875], "texture": "#0"},
				"down": {"uv": [11.75, 8.75, 11.8125, 8.875], "rotation": 180, "texture": "#0"}
			}
		},
		{
			"from": [6.05, -2.6, 9.6],
			"to": [6.3, -2.2, 9.8],
			"rotation": {"angle": 0, "axis": "x", "origin": [0.4, -2, 1.5]},
			"faces": {
				"north": {"uv": [11.8125, 9.625, 11.75, 9.5], "rotation": 180, "texture": "#0"},
				"east": {"uv": [11.75, 9.25, 11.875, 9.3125], "rotation": 90, "texture": "#0"},
				"south": {"uv": [9.8125, 11.75, 9.75, 11.875], "texture": "#0"},
				"west": {"uv": [9.5, 11.75, 9.625, 11.8125], "rotation": 270, "texture": "#0"},
				"up": {"uv": [12, 10.75, 12.0625, 10.8125], "texture": "#0"},
				"down": {"uv": [10.75, 12, 10.8125, 12.0625], "rotation": 180, "texture": "#0"}
			}
		},
		{
			"from": [6.05, -2.7, 9.8],
			"to": [6.3, -2.1, 10.4],
			"rotation": {"angle": 0, "axis": "x", "origin": [0.4, -2, 1.5]},
			"faces": {
				"north": {"uv": [11.8125, 10.125, 11.75, 10], "rotation": 180, "texture": "#0"},
				"east": {"uv": [5.75, 11.5, 5.875, 11.625], "rotation": 90, "texture": "#0"},
				"south": {"uv": [10.3125, 11.75, 10.25, 11.875], "texture": "#0"},
				"west": {"uv": [6, 11.5, 6.125, 11.625], "rotation": 270, "texture": "#0"},
				"up": {"uv": [10, 11.75, 10.0625, 11.875], "texture": "#0"},
				"down": {"uv": [11.75, 9.75, 11.8125, 9.875], "rotation": 180, "texture": "#0"}
			}
		},
		{
			"from": [6.05, -3.6, 9.6],
			"to": [6.3, -3.2, 9.8],
			"rotation": {"angle": 0, "axis": "y", "origin": [0, -2, 0]},
			"faces": {
				"north": {"uv": [11.8125, 10.625, 11.75, 10.5], "rotation": 180, "texture": "#0"},
				"east": {"uv": [11.75, 10.25, 11.875, 10.3125], "rotation": 90, "texture": "#0"},
				"south": {"uv": [10.8125, 11.75, 10.75, 11.875], "texture": "#0"},
				"west": {"uv": [10.5, 11.75, 10.625, 11.8125], "rotation": 270, "texture": "#0"},
				"up": {"uv": [12, 11, 12.0625, 11.0625], "texture": "#0"},
				"down": {"uv": [11, 12, 11.0625, 12.0625], "rotation": 180, "texture": "#0"}
			}
		},
		{
			"from": [6.05, -3.7, 9.8],
			"to": [6.3, -3.1, 10.5],
			"rotation": {"angle": 0, "axis": "y", "origin": [0, -2, 0]},
			"faces": {
				"north": {"uv": [11.8125, 10.875, 11.75, 10.75], "rotation": 180, "texture": "#0"},
				"east": {"uv": [9.75, 11.25, 9.875, 11.4375], "rotation": 90, "texture": "#0"},
				"south": {"uv": [11.0625, 11.75, 11, 11.875], "texture": "#0"},
				"west": {"uv": [10, 11.25, 10.125, 11.4375], "rotation": 270, "texture": "#0"},
				"up": {"uv": [10.5, 11.5, 10.5625, 11.6875], "texture": "#0"},
				"down": {"uv": [11.5, 10.25, 11.5625, 10.4375], "rotation": 180, "texture": "#0"}
			}
		},
		{
			"from": [10.05, -1.3, 9.9],
			"to": [10.3, -0.9, 10.1],
			"rotation": {"angle": -22.5, "axis": "z", "origin": [0.4, -2, 0.8]},
			"faces": {
				"north": {"uv": [11.8125, 11.375, 11.75, 11.25], "rotation": 180, "texture": "#0"},
				"east": {"uv": [11.75, 11, 11.875, 11.0625], "rotation": 90, "texture": "#0"},
				"south": {"uv": [11.5625, 11.75, 11.5, 11.875], "texture": "#0"},
				"west": {"uv": [11.25, 11.75, 11.375, 11.8125], "rotation": 270, "texture": "#0"},
				"up": {"uv": [12, 11.25, 12.0625, 11.3125], "texture": "#0"},
				"down": {"uv": [11.25, 12, 11.3125, 12.0625], "rotation": 180, "texture": "#0"}
			}
		},
		{
			"from": [10.05, -2, 9.9],
			"to": [10.3, -1.6, 10.1],
			"rotation": {"angle": -22.5, "axis": "z", "origin": [0.4, -2, 0.8]},
			"faces": {
				"north": {"uv": [0.0625, 12.125, 0, 12], "rotation": 180, "texture": "#0"},
				"east": {"uv": [11.75, 11.5, 11.875, 11.5625], "rotation": 90, "texture": "#0"},
				"south": {"uv": [12.0625, 0, 12, 0.125], "texture": "#0"},
				"west": {"uv": [11.75, 11.75, 11.875, 11.8125], "rotation": 270, "texture": "#0"},
				"up": {"uv": [12, 11.5, 12.0625, 11.5625], "texture": "#0"},
				"down": {"uv": [11.5, 12, 11.5625, 12.0625], "rotation": 180, "texture": "#0"}
			}
		},
		{
			"from": [10.05, -2.7, 9.9],
			"to": [10.3, -2.3, 10.1],
			"rotation": {"angle": -22.5, "axis": "z", "origin": [0.4, -2, 0.8]},
			"faces": {
				"north": {"uv": [0.5625, 12.125, 0.5, 12], "rotation": 180, "texture": "#0"},
				"east": {"uv": [0.25, 12, 0.375, 12.0625], "rotation": 90, "texture": "#0"},
				"south": {"uv": [12.0625, 0.5, 12, 0.625], "texture": "#0"},
				"west": {"uv": [12, 0.25, 12.125, 0.3125], "rotation": 270, "texture": "#0"},
				"up": {"uv": [12, 11.75, 12.0625, 11.8125], "texture": "#0"},
				"down": {"uv": [11.75, 12, 11.8125, 12.0625], "rotation": 180, "texture": "#0"}
			}
		},
		{
			"from": [10.05, -3.4, 9.9],
			"to": [10.3, -3, 10.1],
			"rotation": {"angle": -22.5, "axis": "z", "origin": [0.4, -2, 0.8]},
			"faces": {
				"north": {"uv": [1.0625, 12.125, 1, 12], "rotation": 180, "texture": "#0"},
				"east": {"uv": [0.75, 12, 0.875, 12.0625], "rotation": 90, "texture": "#0"},
				"south": {"uv": [12.0625, 1, 12, 1.125], "texture": "#0"},
				"west": {"uv": [12, 0.75, 12.125, 0.8125], "rotation": 270, "texture": "#0"},
				"up": {"uv": [0, 12.25, 0.0625, 12.3125], "texture": "#0"},
				"down": {"uv": [12, 12, 12.0625, 12.0625], "rotation": 180, "texture": "#0"}
			}
		},
		{
			"from": [7.05, -7.9, 9.96],
			"to": [7.3, -7.5, 10.1],
			"rotation": {"angle": 0, "axis": "x", "origin": [0.4, -2, 0.8]},
			"faces": {
				"north": {"uv": [1.5625, 12.125, 1.5, 12], "rotation": 180, "texture": "#0"},
				"east": {"uv": [1.25, 12, 1.375, 12.0625], "rotation": 90, "texture": "#0"},
				"south": {"uv": [12.0625, 1.5, 12, 1.625], "texture": "#0"},
				"west": {"uv": [12, 1.25, 12.125, 1.3125], "rotation": 270, "texture": "#0"},
				"up": {"uv": [0.25, 12.25, 0.3125, 12.3125], "texture": "#0"},
				"down": {"uv": [12.25, 0, 12.3125, 0.0625], "rotation": 180, "texture": "#0"}
			}
		},
		{
			"from": [7.05, -8.6, 9.985],
			"to": [7.3, -8.2, 10.1],
			"rotation": {"angle": 0, "axis": "x", "origin": [0.4, -2, 0.8]},
			"faces": {
				"north": {"uv": [2.0625, 12.125, 2, 12], "rotation": 180, "texture": "#0"},
				"east": {"uv": [1.75, 12, 1.875, 12.0625], "rotation": 90, "texture": "#0"},
				"south": {"uv": [12.0625, 2, 12, 2.125], "texture": "#0"},
				"west": {"uv": [12, 1.75, 12.125, 1.8125], "rotation": 270, "texture": "#0"},
				"up": {"uv": [0.5, 12.25, 0.5625, 12.3125], "texture": "#0"},
				"down": {"uv": [12.25, 0.25, 12.3125, 0.3125], "rotation": 180, "texture": "#0"}
			}
		},
		{
			"from": [8.65, -0.11, 1.9],
			"to": [8.9, 0.69, 2.3],
			"rotation": {"angle": 0, "axis": "y", "origin": [0.4, -2, 0.8]},
			"faces": {
				"north": {"uv": [11.5, 10.5, 11.5625, 10.6875], "texture": "#0"},
				"east": {"uv": [10.25, 11.25, 10.375, 11.4375], "texture": "#0"},
				"south": {"uv": [10.75, 11.5, 10.8125, 11.6875], "texture": "#0"},
				"west": {"uv": [10.5, 11.25, 10.625, 11.4375], "texture": "#0"},
				"up": {"uv": [2.3125, 12.125, 2.25, 12], "texture": "#0"},
				"down": {"uv": [12.0625, 2.25, 12, 2.375], "texture": "#0"}
			}
		},
		{
			"from": [7.05, -0.11, 1.9],
			"to": [7.3, 0.69, 2.3],
			"rotation": {"angle": 0, "axis": "y", "origin": [0.4, -2, 0.8]},
			"faces": {
				"north": {"uv": [11.5, 10.75, 11.5625, 10.9375], "texture": "#0"},
				"east": {"uv": [10.75, 11.25, 10.875, 11.4375], "texture": "#0"},
				"south": {"uv": [11, 11.5, 11.0625, 11.6875], "texture": "#0"},
				"west": {"uv": [11, 11.25, 11.125, 11.4375], "texture": "#0"},
				"up": {"uv": [2.5625, 12.125, 2.5, 12], "texture": "#0"},
				"down": {"uv": [12.0625, 2.5, 12, 2.625], "texture": "#0"}
			}
		},
		{
			"from": [7.05, -0.13, 2.7],
			"to": [7.3, 0.67, 3.1],
			"rotation": {"angle": 0, "axis": "y", "origin": [0.4, -2, 0.8]},
			"faces": {
				"north": {"uv": [11.25, 11.5, 11.3125, 11.6875], "texture": "#0"},
				"east": {"uv": [11.25, 11.25, 11.375, 11.4375], "texture": "#0"},
				"south": {"uv": [11.5, 11.25, 11.5625, 11.4375], "texture": "#0"},
				"west": {"uv": [0, 11.5, 0.125, 11.6875], "texture": "#0"},
				"up": {"uv": [2.8125, 12.125, 2.75, 12], "texture": "#0"},
				"down": {"uv": [12.0625, 2.75, 12, 2.875], "texture": "#0"}
			}
		},
		{
			"from": [6.95, -0.14, 3.5],
			"to": [7.2, 0.66, 3.9],
			"rotation": {"angle": 0, "axis": "y", "origin": [0.4, -2, 0.8]},
			"faces": {
				"north": {"uv": [11.5, 11.5, 11.5625, 11.6875], "texture": "#0"},
				"east": {"uv": [0.25, 11.5, 0.375, 11.6875], "texture": "#0"},
				"south": {"uv": [0, 11.75, 0.0625, 11.9375], "texture": "#0"},
				"west": {"uv": [0.5, 11.5, 0.625, 11.6875], "texture": "#0"},
				"up": {"uv": [3.0625, 12.125, 3, 12], "texture": "#0"},
				"down": {"uv": [12.0625, 3, 12, 3.125], "texture": "#0"}
			}
		},
		{
			"from": [6.95, -0.15, 4.2],
			"to": [7.2, 0.7, 4.6],
			"rotation": {"angle": 0, "axis": "y", "origin": [0.4, -2, 0.8]},
			"faces": {
				"north": {"uv": [0.25, 11.75, 0.3125, 11.9375], "texture": "#0"},
				"east": {"uv": [0.75, 11.5, 0.875, 11.6875], "texture": "#0"},
				"south": {"uv": [0.5, 11.75, 0.5625, 11.9375], "texture": "#0"},
				"west": {"uv": [1, 11.5, 1.125, 11.6875], "texture": "#0"},
				"up": {"uv": [3.3125, 12.125, 3.25, 12], "texture": "#0"},
				"down": {"uv": [12.0625, 3.25, 12, 3.375], "texture": "#0"}
			}
		},
		{
			"from": [8.05, -0.2, 1.9],
			"to": [8.3, 0.7, 2.3],
			"rotation": {"angle": -22.5, "axis": "y", "origin": [0.4, -2, 0.8]},
			"faces": {
				"north": {"uv": [6.25, 11.5, 6.3125, 11.75], "texture": "#0"},
				"east": {"uv": [2, 6, 2.125, 6.25], "texture": "#0"},
				"south": {"uv": [11.5, 6.25, 11.5625, 6.5], "texture": "#0"},
				"west": {"uv": [2.75, 6.25, 2.875, 6.5], "texture": "#0"},
				"up": {"uv": [3.5625, 12.125, 3.5, 12], "texture": "#0"},
				"down": {"uv": [12.0625, 3.5, 12, 3.625], "texture": "#0"}
			}
		},
		{
			"from": [8.05, -0.3, 2.6],
			"to": [8.3, 0.7, 3],
			"rotation": {"angle": -22.5, "axis": "y", "origin": [0.4, -2, 0.8]},
			"faces": {
				"north": {"uv": [6.5, 11.5, 6.5625, 11.75], "texture": "#0"},
				"east": {"uv": [2.75, 6.5, 2.875, 6.75], "texture": "#0"},
				"south": {"uv": [11.5, 6.5, 11.5625, 6.75], "texture": "#0"},
				"west": {"uv": [2.75, 6.75, 2.875, 7], "texture": "#0"},
				"up": {"uv": [3.8125, 12.125, 3.75, 12], "texture": "#0"},
				"down": {"uv": [4.0625, 12, 4, 12.125], "texture": "#0"}
			}
		},
		{
			"from": [8.05, -0.3, 3.3],
			"to": [8.3, 0.7, 3.7],
			"rotation": {"angle": -22.5, "axis": "y", "origin": [0.4, -2, 0.8]},
			"faces": {
				"north": {"uv": [6.75, 11.5, 6.8125, 11.75], "texture": "#0"},
				"east": {"uv": [6.5, 6.75, 6.625, 7], "texture": "#0"},
				"south": {"uv": [11.5, 6.75, 11.5625, 7], "texture": "#0"},
				"west": {"uv": [2.5, 7.25, 2.625, 7.5], "texture": "#0"},
				"up": {"uv": [4.3125, 12.125, 4.25, 12], "texture": "#0"},
				"down": {"uv": [12.0625, 4.25, 12, 4.375], "texture": "#0"}
			}
		},
		{
			"from": [8.05, -0.3, 4],
			"to": [8.3, 0.7, 4.4],
			"rotation": {"angle": -22.5, "axis": "y", "origin": [0.4, -2, 0.8]},
			"faces": {
				"north": {"uv": [7, 11.5, 7.0625, 11.75], "texture": "#0"},
				"east": {"uv": [2.5, 7.5, 2.625, 7.75], "texture": "#0"},
				"south": {"uv": [11.5, 7, 11.5625, 7.25], "texture": "#0"},
				"west": {"uv": [6.25, 7.5, 6.375, 7.75], "texture": "#0"},
				"up": {"uv": [4.5625, 12.125, 4.5, 12], "texture": "#0"},
				"down": {"uv": [12.0625, 4.5, 12, 4.625], "texture": "#0"}
			}
		},
		{
			"from": [8.15, -0.2, 4.6],
			"to": [8.4, 0.7, 5.2],
			"rotation": {"angle": -22.5, "axis": "y", "origin": [0, -2, 0]},
			"faces": {
				"north": {"uv": [11.5, 7.25, 11.5625, 7.5], "texture": "#0"},
				"east": {"uv": [7.75, 0.5, 7.875, 0.75], "texture": "#0"},
				"south": {"uv": [11.5, 7.5, 11.5625, 7.75], "texture": "#0"},
				"west": {"uv": [3.25, 7.75, 3.375, 8], "texture": "#0"},
				"up": {"uv": [4.8125, 12.125, 4.75, 12], "texture": "#0"},
				"down": {"uv": [12.0625, 4.75, 12, 4.875], "texture": "#0"}
			}
		},
		{
			"from": [5.85, -0.2, 8.2],
			"to": [6.1, 0.8, 8.6],
			"rotation": {"angle": 0, "axis": "y", "origin": [0.4, -2, 0.8]},
			"faces": {
				"north": {"uv": [7.75, 11.5, 7.8125, 11.75], "texture": "#0"},
				"east": {"uv": [4.5, 8, 4.625, 8.25], "texture": "#0"},
				"south": {"uv": [11.5, 7.75, 11.5625, 8], "texture": "#0"},
				"west": {"uv": [3, 8.25, 3.125, 8.5], "texture": "#0"},
				"up": {"uv": [5.0625, 12.125, 5, 12], "texture": "#0"},
				"down": {"uv": [12.0625, 5, 12, 5.125], "texture": "#0"}
			}
		},
		{
			"from": [5.85, -0.2, 8.9],
			"to": [6.1, 0.8, 9.3],
			"rotation": {"angle": 0, "axis": "y", "origin": [0.4, -2, 1.5]},
			"faces": {
				"north": {"uv": [8, 11.5, 8.0625, 11.75], "texture": "#0"},
				"east": {"uv": [5.25, 8.25, 5.375, 8.5], "texture": "#0"},
				"south": {"uv": [11.5, 8, 11.5625, 8.25], "texture": "#0"},
				"west": {"uv": [4.25, 8.5, 4.375, 8.75], "texture": "#0"},
				"up": {"uv": [5.3125, 12.125, 5.25, 12], "texture": "#0"},
				"down": {"uv": [12.0625, 5.25, 12, 5.375], "texture": "#0"}
			}
		},
		{
			"from": [9.95, -0.2, 8.9],
			"to": [10.2, 0.8, 9.3],
			"rotation": {"angle": 0, "axis": "y", "origin": [0.4, -2, 1.5]},
			"faces": {
				"north": {"uv": [8.25, 11.5, 8.3125, 11.75], "texture": "#0"},
				"east": {"uv": [7.5, 8.75, 7.625, 9], "texture": "#0"},
				"south": {"uv": [8.5, 11.5, 8.5625, 11.75], "texture": "#0"},
				"west": {"uv": [7.5, 9, 7.625, 9.25], "texture": "#0"},
				"up": {"uv": [5.5625, 12.125, 5.5, 12], "texture": "#0"},
				"down": {"uv": [12.0625, 5.5, 12, 5.625], "texture": "#0"}
			}
		},
		{
			"from": [9.95, -0.2, 8.2],
			"to": [10.2, 0.8, 8.6],
			"rotation": {"angle": 0, "axis": "y", "origin": [0.4, -2, 0.8]},
			"faces": {
				"north": {"uv": [11.5, 8.5, 11.5625, 8.75], "texture": "#0"},
				"east": {"uv": [7, 9.75, 7.125, 10], "texture": "#0"},
				"south": {"uv": [8.75, 11.5, 8.8125, 11.75], "texture": "#0"},
				"west": {"uv": [10.5, 7.75, 10.625, 8], "texture": "#0"},
				"up": {"uv": [5.8125, 12.125, 5.75, 12], "texture": "#0"},
				"down": {"uv": [12.0625, 5.75, 12, 5.875], "texture": "#0"}
			}
		},
		{
			"from": [6.35, -0.2, 10.6],
			"to": [6.6, 0.7, 11.2],
			"rotation": {"angle": 22.5, "axis": "y", "origin": [0, -2.1, 0]},
			"faces": {
				"north": {"uv": [11.5, 8.75, 11.5625, 9], "texture": "#0"},
				"east": {"uv": [10.75, 2, 10.875, 2.25], "texture": "#0"},
				"south": {"uv": [9, 11.5, 9.0625, 11.75], "texture": "#0"},
				"west": {"uv": [6.75, 10.75, 6.875, 11], "texture": "#0"},
				"up": {"uv": [6.0625, 12.125, 6, 12], "texture": "#0"},
				"down": {"uv": [12.0625, 6, 12, 6.125], "texture": "#0"}
			}
		},
		{
			"from": [6.55, -0.3, 10],
			"to": [6.8, 0.7, 10.4],
			"rotation": {"angle": 22.5, "axis": "y", "origin": [0.4, -2, 0.8]},
			"faces": {
				"north": {"uv": [11.5, 9, 11.5625, 9.25], "texture": "#0"},
				"east": {"uv": [4.75, 11, 4.875, 11.25], "texture": "#0"},
				"south": {"uv": [9.25, 11.5, 9.3125, 11.75], "texture": "#0"},
				"west": {"uv": [6, 11, 6.125, 11.25], "texture": "#0"},
				"up": {"uv": [6.3125, 12.125, 6.25, 12], "texture": "#0"},
				"down": {"uv": [12.0625, 6.25, 12, 6.375], "texture": "#0"}
			}
		},
		{
			"from": [6.55, -0.3, 9.3],
			"to": [6.8, 0.7, 9.7],
			"rotation": {"angle": 22.5, "axis": "y", "origin": [0.4, -2, 0.8]},
			"faces": {
				"north": {"uv": [11.5, 9.25, 11.5625, 9.5], "texture": "#0"},
				"east": {"uv": [11.25, 8.5, 11.375, 8.75], "texture": "#0"},
				"south": {"uv": [9.5, 11.5, 9.5625, 11.75], "texture": "#0"},
				"west": {"uv": [8.75, 11.25, 8.875, 11.5], "texture": "#0"},
				"up": {"uv": [6.5625, 12.125, 6.5, 12], "texture": "#0"},
				"down": {"uv": [12.0625, 6.5, 12, 6.625], "texture": "#0"}
			}
		},
		{
			"from": [6.55, -0.3, 8.6],
			"to": [6.8, 0.7, 9],
			"rotation": {"angle": 22.5, "axis": "y", "origin": [0.4, -2, 0.8]},
			"faces": {
				"north": {"uv": [11.5, 9.5, 11.5625, 9.75], "texture": "#0"},
				"east": {"uv": [11.25, 8.75, 11.375, 9], "texture": "#0"},
				"south": {"uv": [9.75, 11.5, 9.8125, 11.75], "texture": "#0"},
				"west": {"uv": [9, 11.25, 9.125, 11.5], "texture": "#0"},
				"up": {"uv": [6.8125, 12.125, 6.75, 12], "texture": "#0"},
				"down": {"uv": [12.0625, 6.75, 12, 6.875], "texture": "#0"}
			}
		},
		{
			"from": [6.55, -0.2, 7.9],
			"to": [6.8, 0.7, 8.3],
			"rotation": {"angle": 22.5, "axis": "y", "origin": [0.4, -2, 0.8]},
			"faces": {
				"north": {"uv": [11.5, 9.75, 11.5625, 10], "texture": "#0"},
				"east": {"uv": [11.25, 9, 11.375, 9.25], "texture": "#0"},
				"south": {"uv": [10, 11.5, 10.0625, 11.75], "texture": "#0"},
				"west": {"uv": [9.25, 11.25, 9.375, 11.5], "texture": "#0"},
				"up": {"uv": [7.0625, 12.125, 7, 12], "texture": "#0"},
				"down": {"uv": [12.0625, 7, 12, 7.125], "texture": "#0"}
			}
		},
		{
			"from": [8.75, -0.15, 4.2],
			"to": [9, 0.7, 4.6],
			"rotation": {"angle": 0, "axis": "y", "origin": [0.4, -2, 0.8]},
			"faces": {
				"north": {"uv": [0.75, 11.75, 0.8125, 11.9375], "texture": "#0"},
				"east": {"uv": [1.25, 11.5, 1.375, 11.6875], "texture": "#0"},
				"south": {"uv": [1, 11.75, 1.0625, 11.9375], "texture": "#0"},
				"west": {"uv": [1.5, 11.5, 1.625, 11.6875], "texture": "#0"},
				"up": {"uv": [12.0625, 7.375, 12, 7.25], "texture": "#0"},
				"down": {"uv": [12.0625, 7.5, 12, 7.625], "texture": "#0"}
			}
		},
		{
			"from": [8.75, -0.14, 3.5],
			"to": [9, 0.66, 3.9],
			"rotation": {"angle": 0, "axis": "y", "origin": [0.4, -2, 0.8]},
			"faces": {
				"north": {"uv": [11.75, 1, 11.8125, 1.1875], "texture": "#0"},
				"east": {"uv": [1.75, 11.5, 1.875, 11.6875], "texture": "#0"},
				"south": {"uv": [1.25, 11.75, 1.3125, 11.9375], "texture": "#0"},
				"west": {"uv": [2, 11.5, 2.125, 11.6875], "texture": "#0"},
				"up": {"uv": [7.8125, 12.125, 7.75, 12], "texture": "#0"},
				"down": {"uv": [12.0625, 7.75, 12, 7.875], "texture": "#0"}
			}
		},
		{
			"from": [8.65, -0.13, 2.7],
			"to": [8.9, 0.67, 3.1],
			"rotation": {"angle": 0, "axis": "y", "origin": [0.4, -2, 0.8]},
			"faces": {
				"north": {"uv": [11.75, 1.25, 11.8125, 1.4375], "texture": "#0"},
				"east": {"uv": [2.75, 11.5, 2.875, 11.6875], "texture": "#0"},
				"south": {"uv": [1.5, 11.75, 1.5625, 11.9375], "texture": "#0"},
				"west": {"uv": [3, 11.5, 3.125, 11.6875], "texture": "#0"},
				"up": {"uv": [8.0625, 12.125, 8, 12], "texture": "#0"},
				"down": {"uv": [12.0625, 8, 12, 8.125], "texture": "#0"}
			}
		},
		{
			"from": [5.7, 0.9, 13.1],
			"to": [5.9, 4.9, 14.3],
			"rotation": {"angle": 22.5, "axis": "y", "origin": [0, 0, 0]},
			"faces": {
				"north": {"uv": [11.25, 6.25, 11.3125, 7.25], "texture": "#0"},
				"east": {"uv": [3.75, 8.5, 4.0625, 9.5], "texture": "#0"},
				"south": {"uv": [7.25, 11.25, 7.3125, 12.25], "texture": "#0"},
				"west": {"uv": [7.75, 8.5, 8.0625, 9.5], "texture": "#0"},
				"up": {"uv": [3.3125, 11.8125, 3.25, 11.5], "texture": "#0"},
				"down": {"uv": [3.5625, 11.5, 3.5, 11.8125], "texture": "#0"}
			}
		},
		{
			"from": [8.9, 0.9, 6.9],
			"to": [9.1, 4.9, 8.1],
			"rotation": {"angle": -22.5, "axis": "y", "origin": [0, 0, 0]},
			"faces": {
				"north": {"uv": [11.25, 7.25, 11.3125, 8.25], "texture": "#0"},
				"east": {"uv": [8.25, 8.5, 8.5625, 9.5], "texture": "#0"},
				"south": {"uv": [7.5, 11.25, 7.5625, 12.25], "texture": "#0"},
				"west": {"uv": [1.5, 8.75, 1.8125, 9.75], "texture": "#0"},
				"up": {"uv": [3.8125, 11.8125, 3.75, 11.5], "texture": "#0"},
				"down": {"uv": [4.0625, 11.5, 4, 11.8125], "texture": "#0"}
			}
		},
		{
			"from": [3.5, 1.4, 12.6],
			"to": [5.6, 3, 15.1],
			"rotation": {"angle": 22.5, "axis": "y", "origin": [0, 1.4, -0.2]},
			"faces": {
				"north": {"uv": [10.75, 1, 11.25, 1.375], "texture": "#0"},
				"east": {"uv": [9.75, 7, 10.375, 7.375], "texture": "#0"},
				"south": {"uv": [10.75, 2.75, 11.25, 3.125], "texture": "#0"},
				"west": {"uv": [0, 10, 0.625, 10.375], "texture": "#0"},
				"up": {"uv": [2.5, 9.375, 2, 8.75], "texture": "#0"},
				"down": {"uv": [3, 8.75, 2.5, 9.375], "texture": "#0"}
			}
		},
		{
			"from": [9.3, 1.4, 6.4],
			"to": [11.5, 3, 8.9],
			"rotation": {"angle": -22.5, "axis": "y", "origin": [0, 1.4, -0.2]},
			"faces": {
				"north": {"uv": [7, 10, 7.5625, 10.375], "texture": "#0"},
				"east": {"uv": [10, 0.5, 10.625, 0.875], "texture": "#0"},
				"south": {"uv": [7.75, 10, 8.3125, 10.375], "texture": "#0"},
				"west": {"uv": [0.75, 10, 1.375, 10.375], "texture": "#0"},
				"up": {"uv": [5.3125, 8.125, 4.75, 7.5], "texture": "#0"},
				"down": {"uv": [8.0625, 4.75, 7.5, 5.375], "texture": "#0"}
			}
		},
		{
			"from": [5.8, 9.8, 6.1],
			"to": [10.2, 10.9, 7.4],
			"rotation": {"angle": 45, "axis": "x", "origin": [0, 1.3, 0]},
			"faces": {
				"north": {"uv": [8.75, 8, 9.875, 8.25], "texture": "#0"},
				"east": {"uv": [11.25, 5, 11.5625, 5.25], "texture": "#0"},
				"south": {"uv": [8.75, 8.25, 9.875, 8.5], "texture": "#0"},
				"west": {"uv": [5.25, 11.25, 5.5625, 11.5], "texture": "#0"},
				"up": {"uv": [8.625, 5.8125, 7.5, 5.5], "texture": "#0"},
				"down": {"uv": [8.625, 6, 7.5, 6.3125], "texture": "#0"}
			}
		},
		{
			"from": [5.7, 2.6, 7.6],
			"to": [10.3, 3.8, 11.2],
			"faces": {
				"north": {"uv": [7.5, 6.5, 8.625, 6.8125], "texture": "#0"},
				"east": {"uv": [9.25, 1.5, 10.125, 1.8125], "texture": "#0"},
				"south": {"uv": [7.25, 7.5, 8.375, 7.8125], "texture": "#0"},
				"west": {"uv": [9.25, 2.25, 10.125, 2.5625], "texture": "#0"},
				"up": {"uv": [3.625, 2.875, 2.5, 2], "texture": "#0"},
				"down": {"uv": [1.125, 2.75, 0, 3.625], "texture": "#0"}
			}
		},
		{
			"from": [3.4, -0.7, 13.5],
			"to": [5.6, 0.7, 16.2],
			"rotation": {"angle": 22.5, "axis": "y", "origin": [0, -0.7, 0.7]},
			"faces": {
				"north": {"uv": [10, 8, 10.5625, 8.375], "texture": "#0"},
				"east": {"uv": [9.25, 2.75, 9.9375, 3.125], "texture": "#0"},
				"south": {"uv": [8.5, 10, 9.0625, 10.375], "texture": "#0"},
				"west": {"uv": [9.25, 3.25, 9.9375, 3.625], "texture": "#0"},
				"up": {"uv": [7.5625, 0.6875, 7, 0], "texture": "#0"},
				"down": {"uv": [1.3125, 7, 0.75, 7.6875], "texture": "#0"}
			}
		},
		{
			"from": [3.4, 0, 12.8],
			"to": [5.8, 1.4, 15.5],
			"rotation": {"angle": 22.5, "axis": "y", "origin": [0, 0, 0]},
			"faces": {
				"north": {"uv": [10, 1, 10.625, 1.375], "texture": "#0"},
				"east": {"uv": [9.25, 5.5, 9.9375, 5.875], "texture": "#0"},
				"south": {"uv": [2, 10, 2.625, 10.375], "texture": "#0"},
				"west": {"uv": [5.75, 9.25, 6.4375, 9.625], "texture": "#0"},
				"up": {"uv": [5.625, 7.4375, 5, 6.75], "texture": "#0"},
				"down": {"uv": [6.375, 6.75, 5.75, 7.4375], "texture": "#0"}
			}
		},
		{
			"from": [9.1, 0, 6.6],
			"to": [11.6, 1.4, 9.3],
			"rotation": {"angle": -22.5, "axis": "y", "origin": [0, 0, 0]},
			"faces": {
				"north": {"uv": [2.75, 10, 3.375, 10.375], "texture": "#0"},
				"east": {"uv": [9.25, 6, 9.9375, 6.375], "texture": "#0"},
				"south": {"uv": [10, 2.75, 10.625, 3.125], "texture": "#0"},
				"west": {"uv": [6.5, 9.25, 7.1875, 9.625], "texture": "#0"},
				"up": {"uv": [7.375, 6.9375, 6.75, 6.25], "texture": "#0"},
				"down": {"uv": [0.625, 7, 0, 7.6875], "texture": "#0"}
			}
		},
		{
			"from": [9.3, -0.7, 7.3],
			"to": [11.6, 0.7, 10],
			"rotation": {"angle": -22.5, "axis": "y", "origin": [0, -0.7, 0.7]},
			"faces": {
				"north": {"uv": [9.25, 10, 9.8125, 10.375], "texture": "#0"},
				"east": {"uv": [0, 9.5, 0.6875, 9.875], "texture": "#0"},
				"south": {"uv": [10, 9.5, 10.5625, 9.875], "texture": "#0"},
				"west": {"uv": [0.75, 9.5, 1.4375, 9.875], "texture": "#0"},
				"up": {"uv": [3.3125, 7.6875, 2.75, 7], "texture": "#0"},
				"down": {"uv": [7.0625, 7, 6.5, 7.6875], "texture": "#0"}
			}
		},
		{
			"from": [6.8, -2.1, 10.2],
			"to": [9.3, -0.6, 14.1],
			"rotation": {"angle": 0, "axis": "y", "origin": [0, -2, 0]},
			"faces": {
				"north": {"uv": [10, 3.25, 10.625, 3.625], "texture": "#0"},
				"east": {"uv": [7.5, 1.25, 8.5, 1.625], "texture": "#0"},
				"south": {"uv": [3.5, 10, 4.125, 10.375], "texture": "#0"},
				"west": {"uv": [7.5, 1.75, 8.5, 2.125], "texture": "#0"},
				"up": {"uv": [6.125, 5.25, 5.5, 4.25], "texture": "#0"},
				"down": {"uv": [6.125, 5.25, 5.5, 6.25], "texture": "#0"}
			}
		},
		{
			"from": [6.9, -0.7, 11.7],
			"to": [9.1, 0.7, 13.8],
			"rotation": {"angle": 0, "axis": "y", "origin": [0, -0.7, 0.7]},
			"faces": {
				"north": {"uv": [6.25, 10.25, 6.8125, 10.625], "texture": "#0"},
				"east": {"uv": [10.75, 3.25, 11.25, 3.625], "texture": "#0"},
				"south": {"uv": [0, 10.5, 0.5625, 10.875], "texture": "#0"},
				"west": {"uv": [5, 10.75, 5.5, 11.125], "texture": "#0"},
				"up": {"uv": [7.3125, 9.25, 6.75, 8.75], "texture": "#0"},
				"down": {"uv": [9.3125, 8.5, 8.75, 9], "texture": "#0"}
			}
		},
		{
			"from": [6.9, 0, 11.2],
			"to": [9.1, 1.4, 13.3],
			"faces": {
				"north": {"uv": [10.5, 0, 11.0625, 0.375], "texture": "#0"},
				"east": {"uv": [10.75, 5.25, 11.25, 5.625], "texture": "#0"},
				"south": {"uv": [0.75, 10.5, 1.3125, 10.875], "texture": "#0"},
				"west": {"uv": [5.5, 10.75, 6, 11.125], "texture": "#0"},
				"up": {"uv": [0.5625, 9.5, 0, 9], "texture": "#0"},
				"down": {"uv": [9.5625, 0, 9, 0.5], "texture": "#0"}
			}
		},
		{
			"from": [6.9, 1.4, 10.9],
			"to": [9.1, 2.4, 13.16],
			"rotation": {"angle": 0, "axis": "y", "origin": [0, 1.4, -0.2]},
			"faces": {
				"north": {"uv": [7.25, 11, 7.8125, 11.25], "texture": "#0"},
				"east": {"uv": [8, 11, 8.5625, 11.25], "texture": "#0"},
				"south": {"uv": [8.75, 11, 9.3125, 11.25], "texture": "#0"},
				"west": {"uv": [9.5, 11, 10.0625, 11.25], "texture": "#0"},
				"up": {"uv": [0.5625, 8.8125, 0, 8.25], "texture": "#0"},
				"down": {"uv": [1.3125, 8.25, 0.75, 8.8125], "texture": "#0"}
			}
		},
		{
			"from": [7, 1.5, 10.2],
			"to": [9.1, 3.1, 12.7],
			"rotation": {"angle": 0, "axis": "y", "origin": [0, 1.4, -0.2]},
			"faces": {
				"north": {"uv": [6.25, 10.75, 6.75, 11.125], "texture": "#0"},
				"east": {"uv": [4.25, 10, 4.875, 10.375], "texture": "#0"},
				"south": {"uv": [10.75, 7.75, 11.25, 8.125], "texture": "#0"},
				"west": {"uv": [10, 5.25, 10.625, 5.625], "texture": "#0"},
				"up": {"uv": [4.75, 9.375, 4.25, 8.75], "texture": "#0"},
				"down": {"uv": [5.25, 8.75, 4.75, 9.375], "texture": "#0"}
			}
		},
		{
			"from": [6.9, -2.1, 10.9],
			"to": [9.1, -1.1, 12.1],
			"rotation": {"angle": -22.5, "axis": "x", "origin": [0, 1.3, 0]},
			"faces": {
				"north": {"uv": [10.25, 11, 10.8125, 11.25], "texture": "#0"},
				"east": {"uv": [11.25, 5.25, 11.5625, 5.5], "texture": "#0"},
				"south": {"uv": [11, 11, 11.5625, 11.25], "texture": "#0"},
				"west": {"uv": [11.25, 5.5, 11.5625, 5.75], "texture": "#0"},
				"up": {"uv": [1.3125, 11.3125, 0.75, 11], "texture": "#0"},
				"down": {"uv": [2.0625, 11, 1.5, 11.3125], "texture": "#0"}
			}
		},
		{
			"from": [6.9, 6.9, 8.2],
			"to": [9.1, 8.1, 10.2],
			"rotation": {"angle": 22.5, "axis": "x", "origin": [0, 1.3, 0]},
			"faces": {
				"north": {"uv": [11, 1.5, 11.5625, 1.8125], "texture": "#0"},
				"east": {"uv": [4.25, 11, 4.75, 11.3125], "texture": "#0"},
				"south": {"uv": [11, 2, 11.5625, 2.3125], "texture": "#0"},
				"west": {"uv": [6.75, 11, 7.25, 11.3125], "texture": "#0"},
				"up": {"uv": [1.3125, 9.5, 0.75, 9], "texture": "#0"},
				"down": {"uv": [3.5625, 9, 3, 9.5], "texture": "#0"}
			}
		},
		{
			"from": [6.9, 3.3, 8.2],
			"to": [9.1, 4.3, 10.2],
			"rotation": {"angle": 0, "axis": "x", "origin": [0, 1.3, 0]},
			"faces": {
				"north": {"uv": [11.25, 0, 11.8125, 0.25], "texture": "#0"},
				"east": {"uv": [7.25, 9.25, 7.75, 9.5], "texture": "#0"},
				"south": {"uv": [11.25, 0.25, 11.8125, 0.5], "texture": "#0"},
				"west": {"uv": [9.5, 5.25, 10, 5.5], "texture": "#0"},
				"up": {"uv": [9.5625, 4.25, 9, 3.75], "texture": "#0"},
				"down": {"uv": [9.5625, 4.75, 9, 5.25], "texture": "#0"}
			}
		},
		{
			"from": [6.9, -0.1, 6.7],
			"to": [9.1, 0.9, 8.7],
			"rotation": {"angle": -22.5, "axis": "x", "origin": [0, 1.3, 0]},
			"faces": {
				"north": {"uv": [11.25, 0.5, 11.8125, 0.75], "texture": "#0"},
				"east": {"uv": [10, 6.25, 10.5, 6.5], "texture": "#0"},
				"south": {"uv": [11.25, 0.75, 11.8125, 1], "texture": "#0"},
				"west": {"uv": [2.75, 11.25, 3.25, 11.5], "texture": "#0"},
				"up": {"uv": [9.5625, 7.5, 9, 7], "texture": "#0"},
				"down": {"uv": [9.3125, 9, 8.75, 9.5], "texture": "#0"}
			}
		},
		{
			"from": [5.8, -2.2, 11],
			"to": [10.3, 2.6, 13.035],
			"faces": {
				"north": {"uv": [0, 1.5, 1.125, 2.6875], "texture": "#0"},
				"east": {"uv": [5.75, 0, 6.25, 1.1875], "texture": "#0"},
				"south": {"uv": [1.25, 1.5, 2.375, 2.6875], "texture": "#0"},
				"west": {"uv": [3, 5.75, 3.5, 6.9375], "texture": "#0"},
				"up": {"uv": [4.625, 6.25, 3.5, 5.75], "texture": "#0"},
				"down": {"uv": [1.125, 6, 0, 6.5], "texture": "#0"}
			}
		},
		{
			"from": [5, 0.1, 12.8],
			"to": [11, 0.2, 25.8],
			"faces": {
				"north": {"uv": [13.8125, 7.8125, 15.3125, 7.8375], "rotation": 180, "texture": "#0"},
				"east": {"uv": [15.975, 11, 16, 14.25], "rotation": 90, "texture": "#0"},
				"south": {"uv": [13.875, 7.3125, 15.375, 7.3375], "texture": "#0"},
				"west": {"uv": [15.975, 7.25, 16, 10.5], "rotation": 270, "texture": "#0"},
				"up": {"uv": [14.5, 0, 16, 3.25], "texture": "#0"},
				"down": {"uv": [14.5, 3.625, 16, 6.875], "rotation": 180, "texture": "#0"}
			}
		},
		{
			"from": [11, 0.1, 13.4],
			"to": [11.4, 0.2, 25.4],
			"faces": {
				"north": {"uv": [13.8125, 7.8125, 13.9125, 7.8375], "rotation": 180, "texture": "#0"},
				"east": {"uv": [15.975, 11, 16, 14], "rotation": 90, "texture": "#0"},
				"south": {"uv": [13.875, 7.3125, 13.975, 7.3375], "texture": "#0"},
				"west": {"uv": [15.975, 7.25, 16, 10.25], "rotation": 270, "texture": "#0"},
				"up": {"uv": [14.5, 0, 14.6, 3], "texture": "#0"},
				"down": {"uv": [14.5, 3.625, 14.6, 6.625], "rotation": 180, "texture": "#0"}
			}
		},
		{
			"from": [4.6, 0.1, 13.4],
			"to": [5, 0.2, 25],
			"faces": {
				"north": {"uv": [13.8125, 7.8125, 13.9125, 7.8375], "rotation": 180, "texture": "#0"},
				"east": {"uv": [15.975, 11, 16, 13.9], "rotation": 90, "texture": "#0"},
				"south": {"uv": [13.875, 7.3125, 13.975, 7.3375], "texture": "#0"},
				"west": {"uv": [15.975, 7.25, 16, 10.15], "rotation": 270, "texture": "#0"},
				"up": {"uv": [14.5, 0, 14.6, 2.9], "texture": "#0"},
				"down": {"uv": [14.5, 3.625, 14.6, 6.525], "rotation": 180, "texture": "#0"}
			}
		},
		{
			"from": [8.2, 0.1, 26.2],
			"to": [8.4, 0.2, 26.4],
			"faces": {
				"north": {"uv": [13.8125, 7.8125, 13.8625, 7.8375], "rotation": 180, "texture": "#0"},
				"east": {"uv": [15.975, 11, 16, 11.05], "rotation": 90, "texture": "#0"},
				"south": {"uv": [13.875, 7.3125, 13.925, 7.3375], "texture": "#0"},
				"west": {"uv": [15.975, 7.25, 16, 7.3], "rotation": 270, "texture": "#0"},
				"up": {"uv": [14.5, 0, 14.55, 0.05], "texture": "#0"},
				"down": {"uv": [14.5, 3.625, 14.55, 3.675], "rotation": 180, "texture": "#0"}
			}
		},
		{
			"from": [5.7, 0.1, 26.2],
			"to": [6.2, 0.2, 26.3],
			"faces": {
				"north": {"uv": [13.8125, 7.8125, 13.9375, 7.8375], "rotation": 180, "texture": "#0"},
				"east": {"uv": [15.975, 11, 16, 11.025], "rotation": 90, "texture": "#0"},
				"south": {"uv": [13.875, 7.3125, 14, 7.3375], "texture": "#0"},
				"west": {"uv": [15.975, 7.25, 16, 7.275], "rotation": 270, "texture": "#0"},
				"up": {"uv": [14.5, 0, 14.625, 0.025], "texture": "#0"},
				"down": {"uv": [14.5, 3.625, 14.625, 3.65], "rotation": 180, "texture": "#0"}
			}
		},
		{
			"from": [9.4, 0.1, 26],
			"to": [10.4, 0.2, 26.1],
			"faces": {
				"north": {"uv": [13.8125, 7.8125, 14.0625, 7.8375], "rotation": 180, "texture": "#0"},
				"east": {"uv": [15.975, 11, 16, 11.025], "rotation": 90, "texture": "#0"},
				"south": {"uv": [13.875, 7.3125, 14.125, 7.3375], "texture": "#0"},
				"west": {"uv": [15.975, 7.25, 16, 7.275], "rotation": 270, "texture": "#0"},
				"up": {"uv": [14.5, 0, 14.75, 0.025], "texture": "#0"},
				"down": {"uv": [14.5, 3.625, 14.75, 3.65], "rotation": 180, "texture": "#0"}
			}
		},
		{
			"from": [5.5, 0.1, 26],
			"to": [6.6, 0.2, 26.2],
			"faces": {
				"north": {"uv": [13.8125, 7.8125, 14.0875, 7.8375], "rotation": 180, "texture": "#0"},
				"east": {"uv": [15.975, 11, 16, 11.05], "rotation": 90, "texture": "#0"},
				"south": {"uv": [13.875, 7.3125, 14.15, 7.3375], "texture": "#0"},
				"west": {"uv": [15.975, 7.25, 16, 7.3], "rotation": 270, "texture": "#0"},
				"up": {"uv": [14.5, 0, 14.775, 0.05], "texture": "#0"},
				"down": {"uv": [14.5, 3.625, 14.775, 3.675], "rotation": 180, "texture": "#0"}
			}
		},
		{
			"from": [9.1, 0.1, 25.8],
			"to": [10.6, 0.2, 26],
			"faces": {
				"north": {"uv": [13.8125, 7.8125, 14.1875, 7.8375], "rotation": 180, "texture": "#0"},
				"east": {"uv": [15.975, 11, 16, 11.05], "rotation": 90, "texture": "#0"},
				"south": {"uv": [13.875, 7.3125, 14.25, 7.3375], "texture": "#0"},
				"west": {"uv": [15.975, 7.25, 16, 7.3], "rotation": 270, "texture": "#0"},
				"up": {"uv": [14.5, 0, 14.875, 0.05], "texture": "#0"},
				"down": {"uv": [14.5, 3.625, 14.875, 3.675], "rotation": 180, "texture": "#0"}
			}
		},
		{
			"from": [7.7, 0.1, 26],
			"to": [8.5, 0.2, 26.2],
			"faces": {
				"north": {"uv": [13.8125, 7.8125, 14.0125, 7.8375], "rotation": 180, "texture": "#0"},
				"east": {"uv": [15.975, 11, 16, 11.05], "rotation": 90, "texture": "#0"},
				"south": {"uv": [13.875, 7.3125, 14.075, 7.3375], "texture": "#0"},
				"west": {"uv": [15.975, 7.25, 16, 7.3], "rotation": 270, "texture": "#0"},
				"up": {"uv": [14.5, 0, 14.7, 0.05], "texture": "#0"},
				"down": {"uv": [14.5, 3.625, 14.7, 3.675], "rotation": 180, "texture": "#0"}
			}
		},
		{
			"from": [9.7, 0.1, 26.1],
			"to": [10.1, 0.2, 26.3],
			"faces": {
				"north": {"uv": [13.8125, 7.8125, 13.9125, 7.8375], "rotation": 180, "texture": "#0"},
				"east": {"uv": [15.975, 11, 16, 11.05], "rotation": 90, "texture": "#0"},
				"south": {"uv": [13.875, 7.3125, 13.975, 7.3375], "texture": "#0"},
				"west": {"uv": [15.975, 7.25, 16, 7.3], "rotation": 270, "texture": "#0"},
				"up": {"uv": [14.5, 0, 14.6, 0.05], "texture": "#0"},
				"down": {"uv": [14.5, 3.625, 14.6, 3.675], "rotation": 180, "texture": "#0"}
			}
		},
		{
			"from": [7.5, 0.1, 25.8],
			"to": [8.8, 0.2, 26],
			"faces": {
				"north": {"uv": [13.8125, 7.8125, 14.1375, 7.8375], "rotation": 180, "texture": "#0"},
				"east": {"uv": [15.975, 11, 16, 11.05], "rotation": 90, "texture": "#0"},
				"south": {"uv": [13.875, 7.3125, 14.2, 7.3375], "texture": "#0"},
				"west": {"uv": [15.975, 7.25, 16, 7.3], "rotation": 270, "texture": "#0"},
				"up": {"uv": [14.5, 0, 14.825, 0.05], "texture": "#0"},
				"down": {"uv": [14.5, 3.625, 14.825, 3.675], "rotation": 180, "texture": "#0"}
			}
		},
		{
			"from": [5.4, 0.1, 25.8],
			"to": [7.3, 0.2, 26],
			"faces": {
				"north": {"uv": [13.8125, 7.8125, 14.2875, 7.8375], "rotation": 180, "texture": "#0"},
				"east": {"uv": [15.975, 11, 16, 11.05], "rotation": 90, "texture": "#0"},
				"south": {"uv": [13.875, 7.3125, 14.35, 7.3375], "texture": "#0"},
				"west": {"uv": [15.975, 7.25, 16, 7.3], "rotation": 270, "texture": "#0"},
				"up": {"uv": [14.5, 0, 14.975, 0.05], "texture": "#0"},
				"down": {"uv": [14.5, 3.625, 14.975, 3.675], "rotation": 180, "texture": "#0"}
			}
		}
	],
	"display": {
		"thirdperson_righthand": {
			"rotation": [117, 15, -37],
			"translation": [3.75, 1.25, 9.25],
			"scale": [1.05, 1.05, 1.05]
		},
		"thirdperson_lefthand": {
			"rotation": [117, 15, -37],
			"translation": [3.75, 1.25, 9.25],
			"scale": [1.05, 1.05, 1.05]
		},
		"firstperson_righthand": {
			"rotation": [108, 11, -45],
			"translation": [6, 2.75, 6.5]
		},
		"firstperson_lefthand": {
			"rotation": [108, 11, -45],
			"translation": [6, 2.75, 6.5]
		},
		"ground": {
			"rotation": [166, 0, 0],
			"translation": [0, -5, 8.5]
		},
		"gui": {
			"rotation": [-27, 155, 26],
			"translation": [1, 9.75, 0],
			"scale": [0.96, 0.96, 0.96]
		},
		"head": {
			"rotation": [78, 0, 0],
			"translation": [-0.25, 6.5, 18],
			"scale": [3.52, 2.1, 2.49]
		},
		"fixed": {
			"rotation": [90, -17, 90],
			"translation": [-27.5, 14.5, -9],
			"scale": [3.55, 3.55, 3.55]
		}
	},
	"groups": [
		{
			"name": "group",
			"origin": [8, 8, 8],
			"color": 0,
			"nbt": "{}",
			"armAnimationEnabled": false,
			"children": [
				{
					"name": "up face side",
					"origin": [8, 8, 8],
					"color": 0,
					"nbt": "{}",
					"armAnimationEnabled": false,
					"children": [0, 1, 2, 3, 4, 5, 6, 7, 8, 9, 10, 11, 12, 13, 14]
				},
				{
					"name": "down face side",
					"origin": [8, 8, 8],
					"color": 0,
					"nbt": "{}",
					"armAnimationEnabled": false,
					"children": [15, 16, 17, 18, 19, 20, 21, 22, 23, 24, 25, 26]
				},
				{
					"name": "t",
					"origin": [8, 8, 8],
					"color": 0,
					"nbt": "{}",
					"armAnimationEnabled": false,
					"children": [
						{
							"name": "dw t",
							"origin": [0.4, -2, 0.8],
							"color": 0,
							"nbt": "{}",
							"armAnimationEnabled": false,
							"children": [27, 28, 29, 30, 31, 32, 33, 34, 35, 36, 37, 38, 39, 40, 41, 42, 43, 44, 45, 46, 47, 48, 49, 50]
						},
						{
							"name": "up t",
							"origin": [0.4, -2, 0.8],
							"color": 0,
							"nbt": "{}",
							"armAnimationEnabled": false,
							"children": [51, 52, 53, 54, 55, 56, 57, 58, 59, 60, 61, 62, 63, 64, 65, 66, 67, 68, 69, 70, 71, 72]
						}
					]
				},
				{
					"name": "ears",
					"origin": [0, 0, 0],
					"color": 0,
					"nbt": "{}",
					"armAnimationEnabled": false,
					"children": [73, 74]
				},
				{
					"name": "back",
					"origin": [8, 8, 8],
					"color": 0,
					"nbt": "{}",
					"armAnimationEnabled": false,
					"children": [75, 76, 77, 78, 79, 80, 81, 82]
				},
				{
					"name": "spine",
					"origin": [8, 8, 8],
					"color": 0,
					"nbt": "{}",
					"armAnimationEnabled": false,
					"children": [83, 84, 85, 86, 87, 88, 89, 90, 91, 92]
				},
				{
					"name": "pl",
					"origin": [8, 8, 8],
					"color": 0,
					"nbt": "{}",
					"armAnimationEnabled": false,
					"children": [93, 94, 95, 96, 97, 98, 99, 100, 101, 102, 103, 104]
				}
			]
		}
	]
}