{
	"credit": "Made with Blockbench",
	"texture_size": [8, 8],
	"textures": {
		"0": "item/ds1",
		"1": "item/ds2",
		"2": "item/ds3",
		"particle": "item/ds1"
	},
	"elements": [
		{
			"from": [4.5, -5.2, 6.5],
			"to": [5.5, 25.7, 7.5],
			"rotation": {"angle": 0, "axis": "y", "origin": [8.5, 3.2, 8.5]},
			"faces": {
				"north": {"uv": [2.5, 0, 2.75, 7.75], "texture": "#0"},
				"east": {"uv": [2.75, 0, 3, 7.75], "texture": "#0"},
				"south": {"uv": [3, 0, 3.25, 7.75], "texture": "#0"},
				"west": {"uv": [3.25, 0, 3.5, 7.75], "texture": "#0"},
				"up": {"uv": [6.5, 3, 6.25, 2.75], "texture": "#0"},
				"down": {"uv": [7, 3.5, 6.75, 3.75], "texture": "#0"}
			}
		},
		{
			"from": [10.5, -5.2, 6.5],
			"to": [11.5, 25.7, 7.5],
			"rotation": {"angle": 0, "axis": "y", "origin": [8.5, 3.2, 8.5]},
			"faces": {
				"north": {"uv": [3.5, 0, 3.75, 7.75], "texture": "#0"},
				"east": {"uv": [3.75, 0, 4, 7.75], "texture": "#0"},
				"south": {"uv": [4, 0, 4.25, 7.75], "texture": "#0"},
				"west": {"uv": [4.25, 0, 4.5, 7.75], "texture": "#0"},
				"up": {"uv": [6.25, 7.75, 6, 7.5], "texture": "#0"},
				"down": {"uv": [7.75, 6, 7.5, 6.25], "texture": "#0"}
			}
		},
		{
			"from": [23.8, 17.7, 6.598],
			"to": [25.8, 21.2, 7.398],
			"rotation": {"angle": 45, "axis": "z", "origin": [8.5, 3.2, 8.5]},
			"faces": {
				"north": {"uv": [5, 5, 5.5, 5.875], "texture": "#0"},
				"east": {"uv": [6.75, 2, 7, 2.875], "texture": "#0"},
				"south": {"uv": [5.5, 5, 6, 5.875], "texture": "#0"},
				"west": {"uv": [6.5, 6.75, 6.75, 7.625], "texture": "#0"},
				"up": {"uv": [7.5, 5.25, 7, 5], "texture": "#0"},
				"down": {"uv": [7.75, 1.5, 7.25, 1.75], "texture": "#0"}
			}
		},
		{
			"from": [5.5, -5.1, 6.6],
			"to": [10.5, 25.7, 7.4],
			"rotation": {"angle": 0, "axis": "y", "origin": [8.5, 3.2, 8.5]},
			"faces": {
				"north": {"uv": [0, 0, 1.25, 7.75], "texture": "#0"},
				"east": {"uv": [4.5, 0, 4.75, 7.75], "texture": "#0"},
				"south": {"uv": [1.25, 0, 2.5, 7.75], "texture": "#0"},
				"west": {"uv": [4.75, 0, 5, 7.75], "texture": "#0"},
				"up": {"uv": [7.25, 5.75, 6, 5.5], "texture": "#0"},
				"down": {"uv": [7, 6, 5.75, 6.25], "texture": "#0"}
			}
		},
		{
			"from": [-9.5, 17, 6.599],
			"to": [-7.5, 20.5, 7.399],
			"rotation": {"angle": -45, "axis": "z", "origin": [8.5, 3.2, 8.5]},
			"faces": {
				"north": {"uv": [5.75, 1, 6.25, 1.875], "texture": "#0"},
				"east": {"uv": [6.75, 6.75, 7, 7.625], "texture": "#0"},
				"south": {"uv": [5.75, 2, 6.25, 2.875], "texture": "#0"},
				"west": {"uv": [7, 2, 7.25, 2.875], "texture": "#0"},
				"up": {"uv": [7.75, 2, 7.25, 1.75], "texture": "#0"},
				"down": {"uv": [7.75, 2, 7.25, 2.25], "texture": "#0"}
			}
		},
		{
			"from": [25.53, 16.99, 6.501],
			"to": [26.53, 21.24, 7.492],
			"rotation": {"angle": 45, "axis": "z", "origin": [8.5, 3.2, 8.5]},
			"faces": {
				"north": {"uv": [6.25, 6.25, 6.5, 7.375], "texture": "#0"},
				"east": {"uv": [6.5, 0, 6.75, 1.125], "texture": "#0"},
				"south": {"uv": [6.5, 1.25, 6.75, 2.375], "texture": "#0"},
				"west": {"uv": [6.5, 2.5, 6.75, 3.625], "texture": "#0"},
				"up": {"uv": [6.5, 7.75, 6.25, 7.5], "texture": "#0"},
				"down": {"uv": [7.75, 6.25, 7.5, 6.5], "texture": "#0"}
			}
		},
		{
			"from": [-10.24, 16.28, 6.51],
			"to": [-9.24, 21.231, 7.5],
			"rotation": {"angle": -45, "axis": "z", "origin": [8.5, 3.2, 8.5]},
			"faces": {
				"north": {"uv": [6.25, 1, 6.5, 2.25], "texture": "#0"},
				"east": {"uv": [6.25, 4, 6.5, 5.25], "texture": "#0"},
				"south": {"uv": [5.75, 6.25, 6, 7.5], "texture": "#0"},
				"west": {"uv": [6, 6.25, 6.25, 7.5], "texture": "#0"},
				"up": {"uv": [7.75, 6.75, 7.5, 6.5], "texture": "#0"},
				"down": {"uv": [7.75, 6.75, 7.5, 7], "texture": "#0"}
			}
		},
		{
			"from": [7.8, -5, 8],
			"to": [8.3, -4.2, 8.1],
			"rotation": {"angle": 0, "axis": "y", "origin": [8.5, 3.2, 8.5]},
			"faces": {
				"north": {"uv": [0, 7.75, 0.125, 8], "texture": "#0"},
				"east": {"uv": [7.75, 0, 7.875, 0.25], "texture": "#0"},
				"south": {"uv": [0.25, 7.75, 0.375, 8], "texture": "#0"},
				"west": {"uv": [7.75, 0.25, 7.875, 0.5], "texture": "#0"},
				"up": {"uv": [2.125, 8.125, 2, 8], "texture": "#0"},
				"down": {"uv": [8.125, 2, 8, 2.125], "texture": "#0"}
			}
		},
		{
			"from": [7.9, -4.4, 8.1],
			"to": [8.2, -4.3, 8.3],
			"rotation": {"angle": 0, "axis": "y", "origin": [8.5, 3.2, 8.5]},
			"faces": {
				"north": {"uv": [2.25, 8, 2.375, 8.125], "texture": "#0"},
				"east": {"uv": [8, 2.25, 8.125, 2.375], "texture": "#0"},
				"south": {"uv": [2.5, 8, 2.625, 8.125], "texture": "#0"},
				"west": {"uv": [8, 2.5, 8.125, 2.625], "texture": "#0"},
				"up": {"uv": [2.875, 8.125, 2.75, 8], "texture": "#0"},
				"down": {"uv": [8.125, 2.75, 8, 2.875], "texture": "#0"}
			}
		},
		{
			"from": [7.9, -4.8, 8.3],
			"to": [8.2, -4.4, 8.4],
			"rotation": {"angle": 0, "axis": "y", "origin": [8.5, 3.2, 8.5]},
			"faces": {
				"north": {"uv": [3, 8, 3.125, 8.125], "texture": "#0"},
				"east": {"uv": [8, 3, 8.125, 3.125], "texture": "#0"},
				"south": {"uv": [3.25, 8, 3.375, 8.125], "texture": "#0"},
				"west": {"uv": [8, 3.25, 8.125, 3.375], "texture": "#0"},
				"up": {"uv": [3.625, 8.125, 3.5, 8], "texture": "#0"},
				"down": {"uv": [8.125, 3.5, 8, 3.625], "texture": "#0"}
			}
		},
		{
			"from": [7.9, -4.9, 8.1],
			"to": [8.2, -4.8, 8.3],
			"rotation": {"angle": 0, "axis": "y", "origin": [8.5, 3.2, 8.5]},
			"faces": {
				"north": {"uv": [3.75, 8, 3.875, 8.125], "texture": "#0"},
				"east": {"uv": [8, 3.75, 8.125, 3.875], "texture": "#0"},
				"south": {"uv": [4, 8, 4.125, 8.125], "texture": "#0"},
				"west": {"uv": [8, 4, 8.125, 4.125], "texture": "#0"},
				"up": {"uv": [4.375, 8.125, 4.25, 8], "texture": "#0"},
				"down": {"uv": [8.125, 4.25, 8, 4.375], "texture": "#0"}
			}
		},
		{
			"from": [7.8, -5.4, 8.2],
			"to": [8.3, -5.3, 8.3],
			"rotation": {"angle": 0, "axis": "y", "origin": [8.5, 3.2, 8.5]},
			"faces": {
				"north": {"uv": [4.5, 8, 4.625, 8.125], "texture": "#0"},
				"east": {"uv": [8, 4.5, 8.125, 4.625], "texture": "#0"},
				"south": {"uv": [4.75, 8, 4.875, 8.125], "texture": "#0"},
				"west": {"uv": [8, 4.75, 8.125, 4.875], "texture": "#0"},
				"up": {"uv": [5.125, 8.125, 5, 8], "texture": "#0"},
				"down": {"uv": [8.125, 5, 8, 5.125], "texture": "#0"}
			}
		},
		{
			"from": [8.2, -5.3, 8.2],
			"to": [8.3, -4.8, 8.3],
			"rotation": {"angle": 0, "axis": "y", "origin": [8.5, 3.2, 8.5]},
			"faces": {
				"north": {"uv": [5.25, 8, 5.375, 8.125], "texture": "#0"},
				"east": {"uv": [8, 5.25, 8.125, 5.375], "texture": "#0"},
				"south": {"uv": [5.5, 8, 5.625, 8.125], "texture": "#0"},
				"west": {"uv": [8, 5.5, 8.125, 5.625], "texture": "#0"},
				"up": {"uv": [5.875, 8.125, 5.75, 8], "texture": "#0"},
				"down": {"uv": [8.125, 5.75, 8, 5.875], "texture": "#0"}
			}
		},
		{
			"from": [7.8, -5.3, 8.2],
			"to": [7.9, -4.8, 8.3],
			"rotation": {"angle": 0, "axis": "y", "origin": [8.5, 3.2, 8.5]},
			"faces": {
				"north": {"uv": [6, 8, 6.125, 8.125], "texture": "#0"},
				"east": {"uv": [8, 6, 8.125, 6.125], "texture": "#0"},
				"south": {"uv": [6.25, 8, 6.375, 8.125], "texture": "#0"},
				"west": {"uv": [8, 6.25, 8.125, 6.375], "texture": "#0"},
				"up": {"uv": [6.625, 8.125, 6.5, 8], "texture": "#0"},
				"down": {"uv": [8.125, 6.5, 8, 6.625], "texture": "#0"}
			}
		},
		{
			"from": [7.8, -4.8, 8.2],
			"to": [8.3, -4.7, 8.3],
			"rotation": {"angle": 0, "axis": "y", "origin": [8.5, 3.2, 8.5]},
			"faces": {
				"north": {"uv": [6.75, 8, 6.875, 8.125], "texture": "#0"},
				"east": {"uv": [8, 6.75, 8.125, 6.875], "texture": "#0"},
				"south": {"uv": [7, 8, 7.125, 8.125], "texture": "#0"},
				"west": {"uv": [8, 7, 8.125, 7.125], "texture": "#0"},
				"up": {"uv": [7.375, 8.125, 7.25, 8], "texture": "#0"},
				"down": {"uv": [8.125, 7.25, 8, 7.375], "texture": "#0"}
			}
		},
		{
			"from": [7.7, -4.9, 8],
			"to": [7.8, -4.3, 8.1],
			"rotation": {"angle": 0, "axis": "y", "origin": [8.5, 3.2, 8.5]},
			"faces": {
				"north": {"uv": [7.5, 8, 7.625, 8.125], "texture": "#0"},
				"east": {"uv": [8, 7.5, 8.125, 7.625], "texture": "#0"},
				"south": {"uv": [7.75, 8, 7.875, 8.125], "texture": "#0"},
				"west": {"uv": [8, 7.75, 8.125, 7.875], "texture": "#0"},
				"up": {"uv": [8.125, 8.125, 8, 8], "texture": "#0"},
				"down": {"uv": [0.125, 8.25, 0, 8.375], "texture": "#0"}
			}
		},
		{
			"from": [4.96, -5.3, 6],
			"to": [11.05, -3.6, 8],
			"rotation": {"angle": 0, "axis": "y", "origin": [8.5, 3.2, 8.5]},
			"faces": {
				"north": {"uv": [5, 3, 6.5, 3.375], "texture": "#0"},
				"east": {"uv": [6.75, 3, 7.25, 3.375], "texture": "#0"},
				"south": {"uv": [5, 3.5, 6.5, 3.875], "texture": "#0"},
				"west": {"uv": [7, 3.5, 7.5, 3.875], "texture": "#0"},
				"up": {"uv": [6.5, 0.5, 5, 0], "texture": "#0"},
				"down": {"uv": [6.5, 0.5, 5, 1], "texture": "#0"}
			}
		},
		{
			"from": [6, -3.6, 6],
			"to": [10.2, -2.8, 8],
			"rotation": {"angle": 0, "axis": "y", "origin": [8.5, 2.9, 8.5]},
			"faces": {
				"north": {"uv": [6, 5.75, 7, 6], "texture": "#0"},
				"east": {"uv": [7.25, 2.25, 7.75, 2.5], "texture": "#0"},
				"south": {"uv": [6.25, 5.25, 7.25, 5.5], "texture": "#0"},
				"west": {"uv": [7.25, 2.5, 7.75, 2.75], "texture": "#0"},
				"up": {"uv": [6, 4.5, 5, 4], "texture": "#0"},
				"down": {"uv": [6, 4.5, 5, 5], "texture": "#0"}
			}
		},
		{
			"from": [10.9, -2.5, 5.999],
			"to": [12.2, -1.631, 7.999],
			"rotation": {"angle": -22.5, "axis": "z", "origin": [8.5, 2.9, 8.5]},
			"faces": {
				"north": {"uv": [7.5, 4, 7.875, 4.25], "texture": "#0"},
				"east": {"uv": [7.25, 2.75, 7.75, 3], "texture": "#0"},
				"south": {"uv": [7.5, 4.25, 7.875, 4.5], "texture": "#0"},
				"west": {"uv": [7.25, 3, 7.75, 3.25], "texture": "#0"},
				"up": {"uv": [7.375, 4.5, 7, 4], "texture": "#0"},
				"down": {"uv": [7.375, 4.5, 7, 5], "texture": "#0"}
			}
		},
		{
			"from": [7, -2.8, 6.003],
			"to": [9, -2.21, 8.003],
			"rotation": {"angle": 0, "axis": "y", "origin": [8.5, 2.9, 8.5]},
			"faces": {
				"north": {"uv": [7, 7.5, 7.5, 7.625], "texture": "#0"},
				"east": {"uv": [7.5, 7, 8, 7.125], "texture": "#0"},
				"south": {"uv": [7.5, 7.25, 8, 7.375], "texture": "#0"},
				"west": {"uv": [7.5, 7.5, 8, 7.625], "texture": "#0"},
				"up": {"uv": [7.25, 1.5, 6.75, 1], "texture": "#0"},
				"down": {"uv": [7.25, 1.5, 6.75, 2], "texture": "#0"}
			}
		},
		{
			"from": [3.9, -2.1, 6.002],
			"to": [5.2, -1.26, 8.002],
			"rotation": {"angle": 22.5, "axis": "z", "origin": [8.5, 2.9, 8.5]},
			"faces": {
				"north": {"uv": [7.5, 4.5, 7.875, 4.75], "texture": "#0"},
				"east": {"uv": [7.25, 3.25, 7.75, 3.5], "texture": "#0"},
				"south": {"uv": [7.5, 4.75, 7.875, 5], "texture": "#0"},
				"west": {"uv": [7.25, 5.25, 7.75, 5.5], "texture": "#0"},
				"up": {"uv": [7.375, 6.25, 7, 5.75], "texture": "#0"},
				"down": {"uv": [7.375, 6.25, 7, 6.75], "texture": "#0"}
			}
		},
		{
			"from": [1.4, 0, 6.001],
			"to": [2.7, 0.8, 8.001],
			"rotation": {"angle": 45, "axis": "z", "origin": [8.5, 2.9, 8.5]},
			"faces": {
				"north": {"uv": [5, 7.5, 5.375, 7.75], "texture": "#0"},
				"east": {"uv": [7.25, 5.5, 7.75, 5.75], "texture": "#0"},
				"south": {"uv": [7.5, 5, 7.875, 5.25], "texture": "#0"},
				"west": {"uv": [7, 7.25, 7.5, 7.5], "texture": "#0"},
				"up": {"uv": [7.375, 7.25, 7, 6.75], "texture": "#0"},
				"down": {"uv": [7.625, 0, 7.25, 0.5], "texture": "#0"}
			}
		},
		{
			"from": [13.6, -0.8, 5.998],
			"to": [14.9, 0.1, 7.998],
			"rotation": {"angle": -45, "axis": "z", "origin": [8.5, 2.9, 8.5]},
			"faces": {
				"north": {"uv": [5.5, 7.5, 5.875, 7.75], "texture": "#0"},
				"east": {"uv": [7.5, 3.5, 8, 3.75], "texture": "#0"},
				"south": {"uv": [7.5, 5.75, 7.875, 6], "texture": "#0"},
				"west": {"uv": [7.5, 3.75, 8, 4], "texture": "#0"},
				"up": {"uv": [7.625, 1, 7.25, 0.5], "texture": "#0"},
				"down": {"uv": [7.625, 1, 7.25, 1.5], "texture": "#0"}
			}
		},
		{
			"from": [5.52, -5.4, 8.01],
			"to": [6.52, -5.3, 8.21],
			"rotation": {"angle": -22.5, "axis": "y", "origin": [9, 3.2, 8.5]},
			"faces": {
				"north": {"uv": [0.5, 7.75, 0.75, 7.875], "texture": "#0"},
				"east": {"uv": [8.25, 0, 8.375, 0.125], "texture": "#0"},
				"south": {"uv": [7.75, 0.5, 8, 0.625], "texture": "#0"},
				"west": {"uv": [0.25, 8.25, 0.375, 8.375], "texture": "#0"},
				"up": {"uv": [1, 7.875, 0.75, 7.75], "texture": "#0"},
				"down": {"uv": [8, 0.75, 7.75, 0.875], "texture": "#0"}
			}
		},
		{
			"from": [5.6, -5.4, 9.18],
			"to": [6.6, -5.3, 9.38],
			"rotation": {"angle": -45, "axis": "y", "origin": [9, 3.2, 8.5]},
			"faces": {
				"north": {"uv": [1, 7.75, 1.25, 7.875], "texture": "#0"},
				"east": {"uv": [8.25, 0.25, 8.375, 0.375], "texture": "#0"},
				"south": {"uv": [7.75, 1, 8, 1.125], "texture": "#0"},
				"west": {"uv": [0.5, 8.25, 0.625, 8.375], "texture": "#0"},
				"up": {"uv": [1.5, 7.875, 1.25, 7.75], "texture": "#0"},
				"down": {"uv": [8, 1.25, 7.75, 1.375], "texture": "#0"}
			}
		},
		{
			"from": [7.07, -5.4, 5.62],
			"to": [7.27, -5.3, 6.62],
			"rotation": {"angle": 22.5, "axis": "y", "origin": [9, 3.2, 8.5]},
			"faces": {
				"north": {"uv": [8.25, 0.5, 8.375, 0.625], "texture": "#0"},
				"east": {"uv": [1.5, 7.75, 1.75, 7.875], "texture": "#0"},
				"south": {"uv": [0.75, 8.25, 0.875, 8.375], "texture": "#0"},
				"west": {"uv": [7.75, 1.5, 8, 1.625], "texture": "#0"},
				"up": {"uv": [1.875, 8, 1.75, 7.75], "texture": "#0"},
				"down": {"uv": [7.875, 1.75, 7.75, 2], "texture": "#0"}
			}
		},
		{
			"from": [5.925, -5.4, 7.61],
			"to": [6.125, -5.3, 8.61],
			"rotation": {"angle": -22.5, "axis": "y", "origin": [9, 3.2, 8.5]},
			"faces": {
				"north": {"uv": [8.25, 0.75, 8.375, 0.875], "texture": "#0"},
				"east": {"uv": [2, 7.75, 2.25, 7.875], "texture": "#0"},
				"south": {"uv": [1, 8.25, 1.125, 8.375], "texture": "#0"},
				"west": {"uv": [7.75, 2, 8, 2.125], "texture": "#0"},
				"up": {"uv": [2.375, 8, 2.25, 7.75], "texture": "#0"},
				"down": {"uv": [7.875, 2.25, 7.75, 2.5], "texture": "#0"}
			}
		},
		{
			"from": [6, -5.4, 8.78],
			"to": [6.2, -5.3, 9.78],
			"rotation": {"angle": -45, "axis": "y", "origin": [9, 3.2, 8.5]},
			"faces": {
				"north": {"uv": [8.25, 1, 8.375, 1.125], "texture": "#0"},
				"east": {"uv": [2.5, 7.75, 2.75, 7.875], "texture": "#0"},
				"south": {"uv": [1.25, 8.25, 1.375, 8.375], "texture": "#0"},
				"west": {"uv": [7.75, 2.5, 8, 2.625], "texture": "#0"},
				"up": {"uv": [2.875, 8, 2.75, 7.75], "texture": "#0"},
				"down": {"uv": [7.875, 2.75, 7.75, 3], "texture": "#0"}
			}
		},
		{
			"from": [6.67, -5.4, 6.02],
			"to": [7.67, -5.3, 6.22],
			"rotation": {"angle": 22.5, "axis": "y", "origin": [9, 3.2, 8.5]},
			"faces": {
				"north": {"uv": [3, 7.75, 3.25, 7.875], "texture": "#0"},
				"east": {"uv": [8.25, 1.25, 8.375, 1.375], "texture": "#0"},
				"south": {"uv": [7.75, 3, 8, 3.125], "texture": "#0"},
				"west": {"uv": [1.5, 8.25, 1.625, 8.375], "texture": "#0"},
				"up": {"uv": [3.5, 7.875, 3.25, 7.75], "texture": "#0"},
				"down": {"uv": [8, 3.25, 7.75, 3.375], "texture": "#0"}
			}
		},
		{
			"from": [9.5, -5.4, 6.5],
			"to": [9.7, -5.3, 7.5],
			"rotation": {"angle": 0, "axis": "y", "origin": [12.2, 3.2, 8.5]},
			"faces": {
				"north": {"uv": [8.25, 1.5, 8.375, 1.625], "texture": "#0"},
				"east": {"uv": [3.5, 7.75, 3.75, 7.875], "texture": "#0"},
				"south": {"uv": [1.75, 8.25, 1.875, 8.375], "texture": "#0"},
				"west": {"uv": [3.75, 7.75, 4, 7.875], "texture": "#0"},
				"up": {"uv": [4.125, 8, 4, 7.75], "texture": "#0"},
				"down": {"uv": [4.375, 7.75, 4.25, 8], "texture": "#0"}
			}
		},
		{
			"from": [10.27, -5.4, 5.62],
			"to": [10.47, -5.3, 6.62],
			"rotation": {"angle": 22.5, "axis": "y", "origin": [12.2, 3.2, 8.5]},
			"faces": {
				"north": {"uv": [8.25, 1.75, 8.375, 1.875], "texture": "#0"},
				"east": {"uv": [4.5, 7.75, 4.75, 7.875], "texture": "#0"},
				"south": {"uv": [2, 8.25, 2.125, 8.375], "texture": "#0"},
				"west": {"uv": [4.75, 7.75, 5, 7.875], "texture": "#0"},
				"up": {"uv": [5.125, 8, 5, 7.75], "texture": "#0"},
				"down": {"uv": [5.375, 7.75, 5.25, 8], "texture": "#0"}
			}
		},
		{
			"from": [8.8, -5.4, 9.18],
			"to": [9.8, -5.3, 9.38],
			"rotation": {"angle": -45, "axis": "y", "origin": [12.2, 3.2, 8.5]},
			"faces": {
				"north": {"uv": [7.75, 5.25, 8, 5.375], "texture": "#0"},
				"east": {"uv": [8.25, 2, 8.375, 2.125], "texture": "#0"},
				"south": {"uv": [5.5, 7.75, 5.75, 7.875], "texture": "#0"},
				"west": {"uv": [2.25, 8.25, 2.375, 8.375], "texture": "#0"},
				"up": {"uv": [8, 5.625, 7.75, 5.5], "texture": "#0"},
				"down": {"uv": [6, 7.75, 5.75, 7.875], "texture": "#0"}
			}
		},
		{
			"from": [8.72, -5.4, 8.01],
			"to": [9.72, -5.3, 8.21],
			"rotation": {"angle": -22.5, "axis": "y", "origin": [12.2, 3.2, 8.5]},
			"faces": {
				"north": {"uv": [6, 7.75, 6.25, 7.875], "texture": "#0"},
				"east": {"uv": [8.25, 2.25, 8.375, 2.375], "texture": "#0"},
				"south": {"uv": [7.75, 6, 8, 6.125], "texture": "#0"},
				"west": {"uv": [2.5, 8.25, 2.625, 8.375], "texture": "#0"},
				"up": {"uv": [6.5, 7.875, 6.25, 7.75], "texture": "#0"},
				"down": {"uv": [8, 6.25, 7.75, 6.375], "texture": "#0"}
			}
		},
		{
			"from": [9.1, -5.4, 6.9],
			"to": [10.1, -5.3, 7.1],
			"rotation": {"angle": 0, "axis": "y", "origin": [12.2, 3.2, 8.5]},
			"faces": {
				"north": {"uv": [6.5, 7.75, 6.75, 7.875], "texture": "#0"},
				"east": {"uv": [8.25, 2.5, 8.375, 2.625], "texture": "#0"},
				"south": {"uv": [7.75, 6.5, 8, 6.625], "texture": "#0"},
				"west": {"uv": [2.75, 8.25, 2.875, 8.375], "texture": "#0"},
				"up": {"uv": [7, 7.875, 6.75, 7.75], "texture": "#0"},
				"down": {"uv": [8, 6.75, 7.75, 6.875], "texture": "#0"}
			}
		},
		{
			"from": [9.87, -5.4, 6.02],
			"to": [10.87, -5.3, 6.22],
			"rotation": {"angle": 22.5, "axis": "y", "origin": [12.2, 3.2, 8.5]},
			"faces": {
				"north": {"uv": [7, 7.75, 7.25, 7.875], "texture": "#0"},
				"east": {"uv": [8.25, 2.75, 8.375, 2.875], "texture": "#0"},
				"south": {"uv": [7.25, 7.75, 7.5, 7.875], "texture": "#0"},
				"west": {"uv": [3, 8.25, 3.125, 8.375], "texture": "#0"},
				"up": {"uv": [7.75, 7.875, 7.5, 7.75], "texture": "#0"},
				"down": {"uv": [8, 7.75, 7.75, 7.875], "texture": "#0"}
			}
		},
		{
			"from": [9.2, -5.4, 8.78],
			"to": [9.4, -5.3, 9.78],
			"rotation": {"angle": -45, "axis": "y", "origin": [12.2, 3.2, 8.5]},
			"faces": {
				"north": {"uv": [8.25, 3, 8.375, 3.125], "texture": "#0"},
				"east": {"uv": [0, 8, 0.25, 8.125], "texture": "#0"},
				"south": {"uv": [3.25, 8.25, 3.375, 8.375], "texture": "#0"},
				"west": {"uv": [8, 0, 8.25, 0.125], "texture": "#0"},
				"up": {"uv": [0.375, 8.25, 0.25, 8], "texture": "#0"},
				"down": {"uv": [8.125, 0.25, 8, 0.5], "texture": "#0"}
			}
		},
		{
			"from": [9.125, -5.4, 7.61],
			"to": [9.325, -5.3, 8.61],
			"rotation": {"angle": -22.5, "axis": "y", "origin": [12.2, 3.2, 8.5]},
			"faces": {
				"north": {"uv": [8.25, 3.25, 8.375, 3.375], "texture": "#0"},
				"east": {"uv": [0.5, 8, 0.75, 8.125], "texture": "#0"},
				"south": {"uv": [3.5, 8.25, 3.625, 8.375], "texture": "#0"},
				"west": {"uv": [8, 0.5, 8.25, 0.625], "texture": "#0"},
				"up": {"uv": [0.875, 8.25, 0.75, 8], "texture": "#0"},
				"down": {"uv": [8.125, 0.75, 8, 1], "texture": "#0"}
			}
		},
		{
			"from": [8.3, -4.9, 8],
			"to": [8.4, -4.3, 8.1],
			"rotation": {"angle": 0, "axis": "y", "origin": [8.5, 3.2, 8.5]},
			"faces": {
				"north": {"uv": [8.25, 3.5, 8.375, 3.625], "texture": "#0"},
				"east": {"uv": [3.75, 8.25, 3.875, 8.375], "texture": "#0"},
				"south": {"uv": [8.25, 3.75, 8.375, 3.875], "texture": "#0"},
				"west": {"uv": [4, 8.25, 4.125, 8.375], "texture": "#0"},
				"up": {"uv": [8.375, 4.125, 8.25, 4], "texture": "#0"},
				"down": {"uv": [4.375, 8.25, 4.25, 8.375], "texture": "#0"}
			}
		},
		{
			"from": [5.9, -5.4, 6.9],
			"to": [6.9, -5.3, 7.1],
			"rotation": {"angle": 0, "axis": "y", "origin": [9, 3.2, 8.5]},
			"faces": {
				"north": {"uv": [1, 8, 1.25, 8.125], "texture": "#0"},
				"east": {"uv": [8.25, 4.25, 8.375, 4.375], "texture": "#0"},
				"south": {"uv": [8, 1, 8.25, 1.125], "texture": "#0"},
				"west": {"uv": [4.5, 8.25, 4.625, 8.375], "texture": "#0"},
				"up": {"uv": [1.5, 8.125, 1.25, 8], "texture": "#0"},
				"down": {"uv": [8.25, 1.25, 8, 1.375], "texture": "#0"}
			}
		},
		{
			"from": [6.3, -5.4, 6.5],
			"to": [6.5, -5.3, 7.5],
			"rotation": {"angle": 0, "axis": "y", "origin": [9, 3.2, 8.5]},
			"faces": {
				"north": {"uv": [8.25, 4.5, 8.375, 4.625], "texture": "#0"},
				"east": {"uv": [1.5, 8, 1.75, 8.125], "texture": "#0"},
				"south": {"uv": [4.75, 8.25, 4.875, 8.375], "texture": "#0"},
				"west": {"uv": [8, 1.5, 8.25, 1.625], "texture": "#0"},
				"up": {"uv": [1.875, 8.25, 1.75, 8], "texture": "#0"},
				"down": {"uv": [8.125, 1.75, 8, 2], "texture": "#0"}
			}
		},
		{
			"from": [10.1, -15.6, 7],
			"to": [13.1, -11.6, 7],
			"rotation": {"angle": -22.5, "axis": "z", "origin": [8.5, 0.5, 8.5]},
			"faces": {
				"north": {"uv": [0, 0, 6, 8], "texture": "#2"},
				"east": {"uv": [0, 0, 0, 8], "texture": "#2"},
				"south": {"uv": [6, 0, 12, 8], "texture": "#2"},
				"west": {"uv": [0, 0, 0, 8], "texture": "#2"},
				"up": {"uv": [6, 0, 0, 0], "texture": "#2"},
				"down": {"uv": [6, 0, 0, 0], "texture": "#2"}
			}
		},
		{
			"from": [7, -16, 6],
			"to": [9, -14, 8],
			"rotation": {"angle": 0, "axis": "y", "origin": [8.5, 0.5, 8.5]},
			"faces": {
				"north": {"uv": [4, 4, 6, 6], "texture": "#1"},
				"east": {"uv": [6, 0, 8, 2], "texture": "#1"},
				"south": {"uv": [6, 2, 8, 4], "texture": "#1"},
				"west": {"uv": [4, 6, 6, 8], "texture": "#1"},
				"up": {"uv": [8, 6, 6, 4], "texture": "#1"},
				"down": {"uv": [8, 6, 6, 8], "texture": "#1"}
			}
		},
		{
			"from": [7.5, -14, 6.5],
			"to": [8.5, -5, 7.5],
			"rotation": {"angle": 0, "axis": "y", "origin": [8.5, 0.5, 8.5]},
			"faces": {
				"north": {"uv": [0, 4, 1, 13], "texture": "#1"},
				"east": {"uv": [1, 4, 2, 13], "texture": "#1"},
				"south": {"uv": [2, 4, 3, 13], "texture": "#1"},
				"west": {"uv": [3, 4, 4, 13], "texture": "#1"},
				"up": {"uv": [9, 1, 8, 0], "texture": "#1"},
				"down": {"uv": [9, 1, 8, 2], "texture": "#1"}
			}
		}
	],
	"display": {
		"thirdperson_righthand": {
			"rotation": [0, -90, 0],
			"translation": [-1, 14.5, 0.5]
		},
		"thirdperson_lefthand": {
			"rotation": [-113.5, 0, -30],
			"translation": [-6.25, -5.75, 5.25],
			"scale": [0.94, 0.88, 0.9]
		},
		"firstperson_righthand": {
			"rotation": [0, -90, 6],
			"translation": [-0.5, 16, 0.25]
		},
		"firstperson_lefthand": {
			"rotation": [154, -100, -5],
			"translation": [1.5, -11, 3.5]
		},
		"ground": {
			"rotation": [90, 0, 0],
			"translation": [0, -2, 0],
			"scale": [1.1, 1.1, 1.1]
		},
		"gui": {
			"rotation": [0, 0, 45],
			"translation": [-0.75, 0.75, 0],
			"scale": [0.44, 0.44, 0.27]
		},
		"head": {
			"rotation": [-180, 0, -21],
			"translation": [-4, -18.75, 3],
			"scale": [1.5, 1.5, 1.5]
		},
		"fixed": {
			"rotation": [0, 180, -180],
			"translation": [0, 3, -3.25],
			"scale": [2, 2, 2]
		}
	},
	"groups": [
		{
			"name": "dragon slayer",
			"origin": [8, 8, 8],
			"color": 0,
			"nbt": "{}",
			"children": [0, 1, 2, 3, 4, 5, 6, 7, 8, 9, 10, 11, 12, 13, 14, 15, 16, 17, 18, 19, 20, 21, 22, 23, 24, 25, 26, 27, 28, 29, 30, 31, 32, 33, 34, 35, 36, 37, 38, 39]
		},
		{
			"name": "group",
			"origin": [8.5, 0.5, 8.5],
			"color": 0,
			"nbt": "{}",
			"children": [40]
		},
		{
			"name": "group",
			"origin": [8, 8, 8],
			"color": 0,
			"nbt": "{}",
			"children": [41, 42]
		}
	]
}