{
	"credit": "Made with Blockbench",
	"texture_size": [32, 32],
	"textures": {
		"0": "item/cutlass",
		"particle": "item/cutlass"
	},
	"elements": [
		{
			"from": [-0.71, -0.001, 11.81],
			"to": [1.7, 1.999, 12.37],
			"rotation": {"angle": 45, "axis": "y", "origin": [0, 0, 0]},
			"faces": {
				"north": {"uv": [6, 3, 7, 4], "texture": "#0"},
				"east": {"uv": [7.5, 7.5, 8, 8.5], "texture": "#0"},
				"south": {"uv": [6, 4, 7, 5], "texture": "#0"},
				"west": {"uv": [0, 8, 0.5, 9], "texture": "#0"},
				"up": {"uv": [9, 0.5, 8, 0], "texture": "#0"},
				"down": {"uv": [1.5, 8, 0.5, 8.5], "texture": "#0"}
			}
		},
		{
			"from": [8.25, 2, 7.55],
			"to": [9.55, 9, 8.85],
			"faces": {
				"north": {"uv": [4, 5.5, 4.5, 9], "texture": "#0"},
				"east": {"uv": [4.5, 5.5, 5, 9], "texture": "#0"},
				"south": {"uv": [5, 5.5, 5.5, 9], "texture": "#0"},
				"west": {"uv": [5.5, 5.5, 6, 9], "texture": "#0"},
				"up": {"uv": [9.5, 7, 9, 6.5], "texture": "#0"},
				"down": {"uv": [8.5, 9, 8, 9.5], "texture": "#0"}
			}
		},
		{
			"from": [8.05, 9, 7.25],
			"to": [9.75, 11, 9.15],
			"faces": {
				"north": {"uv": [6, 5, 7, 6], "texture": "#0"},
				"east": {"uv": [6, 6, 7, 7], "texture": "#0"},
				"south": {"uv": [0, 6.5, 1, 7.5], "texture": "#0"},
				"west": {"uv": [1, 6.5, 2, 7.5], "texture": "#0"},
				"up": {"uv": [3, 7.5, 2, 6.5], "texture": "#0"},
				"down": {"uv": [4, 6.5, 3, 7.5], "texture": "#0"}
			}
		},
		{
			"from": [-2.09, 13.47, 7.26],
			"to": [-0.884, 14.673, 9.14],
			"rotation": {"angle": -45, "axis": "z", "origin": [0, 0, 0]},
			"faces": {
				"north": {"uv": [8.5, 9, 9, 9.5], "texture": "#0"},
				"east": {"uv": [8, 0.5, 9, 1], "texture": "#0"},
				"south": {"uv": [9, 9, 9.5, 9.5], "texture": "#0"},
				"west": {"uv": [8, 1, 9, 1.5], "texture": "#0"},
				"up": {"uv": [8.5, 2.5, 8, 1.5], "texture": "#0"},
				"down": {"uv": [8.5, 2.5, 8, 3.5], "texture": "#0"}
			}
		},
		{
			"from": [7.75, 10, 8.05],
			"to": [10.05, 11.8, 8.45],
			"faces": {
				"north": {"uv": [7, 0, 8, 1], "texture": "#0"},
				"east": {"uv": [8, 3.5, 8.5, 4.5], "texture": "#0"},
				"south": {"uv": [7, 1, 8, 2], "texture": "#0"},
				"west": {"uv": [8, 4.5, 8.5, 5.5], "texture": "#0"},
				"up": {"uv": [9, 6, 8, 5.5], "texture": "#0"},
				"down": {"uv": [7, 8, 6, 8.5], "texture": "#0"}
			}
		},
		{
			"from": [7.55, 11.8, 8.05],
			"to": [10.35, 24.8, 8.45],
			"faces": {
				"north": {"uv": [0, 0, 1.5, 6.5], "texture": "#0"},
				"east": {"uv": [3, 0, 3.5, 6.5], "texture": "#0"},
				"south": {"uv": [3, 0, 1.5, 6.5], "texture": "#0"},
				"west": {"uv": [3.5, 0, 4, 6.5], "texture": "#0"},
				"up": {"uv": [8.5, 7.5, 7, 7], "texture": "#0"},
				"down": {"uv": [1.5, 7.5, 0, 8], "texture": "#0"}
			}
		},
		{
			"from": [4.746, 13.865, 8.051],
			"to": [5.046, 14.865, 8.449],
			"rotation": {"angle": -22.5, "axis": "z", "origin": [0, 0, 0]},
			"faces": {
				"north": {"uv": [0, 9.5, 0.5, 10], "texture": "#0"},
				"east": {"uv": [0.5, 9.5, 1, 10], "texture": "#0"},
				"south": {"uv": [1, 9.5, 1.5, 10], "texture": "#0"},
				"west": {"uv": [1.5, 9.5, 2, 10], "texture": "#0"},
				"up": {"uv": [10, 2, 9.5, 1.5], "texture": "#0"},
				"down": {"uv": [2.5, 9.5, 2, 10], "texture": "#0"}
			}
		},
		{
			"from": [16.75, 18.95, 8.051],
			"to": [19.05, 22.25, 8.441],
			"rotation": {"angle": 22.5, "axis": "z", "origin": [0, 0, 0]},
			"faces": {
				"north": {"uv": [6, 0, 7, 1.5], "texture": "#0"},
				"east": {"uv": [1.5, 7.5, 2, 9], "texture": "#0"},
				"south": {"uv": [6, 1.5, 7, 3], "texture": "#0"},
				"west": {"uv": [2, 7.5, 2.5, 9], "texture": "#0"},
				"up": {"uv": [9, 6.5, 8, 6], "texture": "#0"},
				"down": {"uv": [9, 6.5, 8, 7], "texture": "#0"}
			}
		},
		{
			"from": [9.75, 9.5, 7.85],
			"to": [11.75, 10.5, 8.75],
			"faces": {
				"north": {"uv": [8, 7.5, 9, 8], "texture": "#0"},
				"east": {"uv": [9.5, 2, 10, 2.5], "texture": "#0"},
				"south": {"uv": [8, 8, 9, 8.5], "texture": "#0"},
				"west": {"uv": [2.5, 9.5, 3, 10], "texture": "#0"},
				"up": {"uv": [1.5, 9, 0.5, 8.5], "texture": "#0"},
				"down": {"uv": [9.5, 1.5, 8.5, 2], "texture": "#0"}
			}
		},
		{
			"from": [11.75, 8.5, 7.85],
			"to": [12.75, 9.5, 8.75],
			"faces": {
				"north": {"uv": [9.5, 2.5, 10, 3], "texture": "#0"},
				"east": {"uv": [9.5, 3, 10, 3.5], "texture": "#0"},
				"south": {"uv": [9.5, 3.5, 10, 4], "texture": "#0"},
				"west": {"uv": [9.5, 4, 10, 4.5], "texture": "#0"},
				"up": {"uv": [10, 5, 9.5, 4.5], "texture": "#0"},
				"down": {"uv": [10, 5, 9.5, 5.5], "texture": "#0"}
			}
		},
		{
			"from": [5.05, 10.5, 7.85],
			"to": [6.05, 11.5, 8.75],
			"faces": {
				"north": {"uv": [9.5, 5.5, 10, 6], "texture": "#0"},
				"east": {"uv": [6, 9.5, 6.5, 10], "texture": "#0"},
				"south": {"uv": [9.5, 6, 10, 6.5], "texture": "#0"},
				"west": {"uv": [6.5, 9.5, 7, 10], "texture": "#0"},
				"up": {"uv": [10, 7, 9.5, 6.5], "texture": "#0"},
				"down": {"uv": [10, 7, 9.5, 7.5], "texture": "#0"}
			}
		},
		{
			"from": [6.05, 9.5, 7.85],
			"to": [8.05, 10.5, 8.75],
			"faces": {
				"north": {"uv": [8.5, 2, 9.5, 2.5], "texture": "#0"},
				"east": {"uv": [9.5, 7.5, 10, 8], "texture": "#0"},
				"south": {"uv": [8.5, 2.5, 9.5, 3], "texture": "#0"},
				"west": {"uv": [8, 9.5, 8.5, 10], "texture": "#0"},
				"up": {"uv": [9.5, 3.5, 8.5, 3], "texture": "#0"},
				"down": {"uv": [9.5, 3.5, 8.5, 4], "texture": "#0"}
			}
		},
		{
			"from": [-3.85, 11, 7.85],
			"to": [-2.45, 11.7, 8.75],
			"rotation": {"angle": -45, "axis": "z", "origin": [0, 0, 0]},
			"faces": {
				"north": {"uv": [9.5, 8, 10, 8.5], "texture": "#0"},
				"east": {"uv": [8.5, 9.5, 9, 10], "texture": "#0"},
				"south": {"uv": [9.5, 8.5, 10, 9], "texture": "#0"},
				"west": {"uv": [9, 9.5, 9.5, 10], "texture": "#0"},
				"up": {"uv": [10, 9.5, 9.5, 9], "texture": "#0"},
				"down": {"uv": [10, 9.5, 9.5, 10], "texture": "#0"}
			}
		},
		{
			"from": [0.885, 15.027, 7.85],
			"to": [2.295, 15.732, 8.75],
			"rotation": {"angle": -45, "axis": "z", "origin": [0, 0, 0]},
			"faces": {
				"north": {"uv": [0, 10, 0.5, 10.5], "texture": "#0"},
				"east": {"uv": [10, 0, 10.5, 0.5], "texture": "#0"},
				"south": {"uv": [0.5, 10, 1, 10.5], "texture": "#0"},
				"west": {"uv": [10, 0.5, 10.5, 1], "texture": "#0"},
				"up": {"uv": [1.5, 10.5, 1, 10], "texture": "#0"},
				"down": {"uv": [10.5, 1, 10, 1.5], "texture": "#0"}
			}
		},
		{
			"from": [7.85, 10.5, 7.95],
			"to": [8.05, 21.8, 8.55],
			"faces": {
				"north": {"uv": [4, 0, 4.5, 5.5], "texture": "#0"},
				"east": {"uv": [4.5, 0, 5, 5.5], "texture": "#0"},
				"south": {"uv": [5, 0, 5.5, 5.5], "texture": "#0"},
				"west": {"uv": [5.5, 0, 6, 5.5], "texture": "#0"},
				"up": {"uv": [2, 10.5, 1.5, 10], "texture": "#0"},
				"down": {"uv": [10.5, 1.5, 10, 2], "texture": "#0"}
			}
		},
		{
			"from": [7.85, 0, 7.55],
			"to": [9.95, 2, 8.85],
			"faces": {
				"north": {"uv": [7, 2, 8, 3], "texture": "#0"},
				"east": {"uv": [8.5, 4, 9, 5], "texture": "#0"},
				"south": {"uv": [7, 3, 8, 4], "texture": "#0"},
				"west": {"uv": [6, 8.5, 6.5, 9.5], "texture": "#0"},
				"up": {"uv": [9.5, 5.5, 8.5, 5], "texture": "#0"},
				"down": {"uv": [9.5, 7, 8.5, 7.5], "texture": "#0"}
			}
		},
		{
			"from": [16.45, 18.95, 8.051],
			"to": [16.75, 21.65, 8.441],
			"rotation": {"angle": 22.5, "axis": "z", "origin": [0, 0, 0]},
			"faces": {
				"north": {"uv": [2.5, 7.5, 3, 9], "texture": "#0"},
				"east": {"uv": [3, 7.5, 3.5, 9], "texture": "#0"},
				"south": {"uv": [3.5, 7.5, 4, 9], "texture": "#0"},
				"west": {"uv": [7, 7.5, 7.5, 9], "texture": "#0"},
				"up": {"uv": [2.5, 10.5, 2, 10], "texture": "#0"},
				"down": {"uv": [10.5, 2, 10, 2.5], "texture": "#0"}
			}
		},
		{
			"from": [18.15, 23.65, 8.076],
			"to": [18.55, 23.95, 8.416],
			"rotation": {"angle": 22.5, "axis": "z", "origin": [0, 0, 0]},
			"faces": {
				"north": {"uv": [2.5, 10, 3, 10.5], "texture": "#0"},
				"east": {"uv": [10, 2.5, 10.5, 3], "texture": "#0"},
				"south": {"uv": [3, 10, 3.5, 10.5], "texture": "#0"},
				"west": {"uv": [10, 3, 10.5, 3.5], "texture": "#0"},
				"up": {"uv": [4, 10.5, 3.5, 10], "texture": "#0"},
				"down": {"uv": [10.5, 3.5, 10, 4], "texture": "#0"}
			}
		},
		{
			"from": [17.95, 23.45, 8.071],
			"to": [18.65, 23.65, 8.421],
			"rotation": {"angle": 22.5, "axis": "z", "origin": [0, 0, 0]},
			"faces": {
				"north": {"uv": [4, 10, 4.5, 10.5], "texture": "#0"},
				"east": {"uv": [10, 4, 10.5, 4.5], "texture": "#0"},
				"south": {"uv": [4.5, 10, 5, 10.5], "texture": "#0"},
				"west": {"uv": [10, 4.5, 10.5, 5], "texture": "#0"},
				"up": {"uv": [5.5, 10.5, 5, 10], "texture": "#0"},
				"down": {"uv": [10.5, 5, 10, 5.5], "texture": "#0"}
			}
		},
		{
			"from": [17.85, 23.15, 8.066],
			"to": [18.75, 23.45, 8.426],
			"rotation": {"angle": 22.5, "axis": "z", "origin": [0, 0, 0]},
			"faces": {
				"north": {"uv": [5.5, 10, 6, 10.5], "texture": "#0"},
				"east": {"uv": [10, 5.5, 10.5, 6], "texture": "#0"},
				"south": {"uv": [6, 10, 6.5, 10.5], "texture": "#0"},
				"west": {"uv": [10, 6, 10.5, 6.5], "texture": "#0"},
				"up": {"uv": [7, 10.5, 6.5, 10], "texture": "#0"},
				"down": {"uv": [10.5, 6.5, 10, 7], "texture": "#0"}
			}
		},
		{
			"from": [17.55, 22.85, 8.061],
			"to": [18.85, 23.15, 8.431],
			"rotation": {"angle": 22.5, "axis": "z", "origin": [0, 0, 0]},
			"faces": {
				"north": {"uv": [7, 10, 7.5, 10.5], "texture": "#0"},
				"east": {"uv": [10, 7, 10.5, 7.5], "texture": "#0"},
				"south": {"uv": [7.5, 10, 8, 10.5], "texture": "#0"},
				"west": {"uv": [10, 7.5, 10.5, 8], "texture": "#0"},
				"up": {"uv": [8.5, 10.5, 8, 10], "texture": "#0"},
				"down": {"uv": [10.5, 8, 10, 8.5], "texture": "#0"}
			}
		},
		{
			"from": [17.25, 22.55, 8.056],
			"to": [18.95, 22.85, 8.436],
			"rotation": {"angle": 22.5, "axis": "z", "origin": [0, 0, 0]},
			"faces": {
				"north": {"uv": [7.5, 8.5, 8.5, 9], "texture": "#0"},
				"east": {"uv": [8.5, 10, 9, 10.5], "texture": "#0"},
				"south": {"uv": [8.5, 8.5, 9.5, 9], "texture": "#0"},
				"west": {"uv": [10, 8.5, 10.5, 9], "texture": "#0"},
				"up": {"uv": [1, 9.5, 0, 9], "texture": "#0"},
				"down": {"uv": [10, 0, 9, 0.5], "texture": "#0"}
			}
		},
		{
			"from": [16.95, 22.25, 8.051],
			"to": [19.05, 22.55, 8.441],
			"rotation": {"angle": 22.5, "axis": "z", "origin": [0, 0, 0]},
			"faces": {
				"north": {"uv": [9, 0.5, 10, 1], "texture": "#0"},
				"east": {"uv": [9, 10, 9.5, 10.5], "texture": "#0"},
				"south": {"uv": [1, 9, 2, 9.5], "texture": "#0"},
				"west": {"uv": [10, 9, 10.5, 9.5], "texture": "#0"},
				"up": {"uv": [10, 1.5, 9, 1], "texture": "#0"},
				"down": {"uv": [3, 9, 2, 9.5], "texture": "#0"}
			}
		},
		{
			"from": [16.25, 18.95, 8.051],
			"to": [16.45, 21.15, 8.441],
			"rotation": {"angle": 22.5, "axis": "z", "origin": [0, 0, 0]},
			"faces": {
				"north": {"uv": [6.5, 8.5, 7, 9.5], "texture": "#0"},
				"east": {"uv": [3, 9, 3.5, 10], "texture": "#0"},
				"south": {"uv": [3.5, 9, 4, 10], "texture": "#0"},
				"west": {"uv": [4, 9, 4.5, 10], "texture": "#0"},
				"up": {"uv": [10, 10.5, 9.5, 10], "texture": "#0"},
				"down": {"uv": [10.5, 9.5, 10, 10], "texture": "#0"}
			}
		},
		{
			"from": [8.25, 0, 7.15],
			"to": [9.55, 2, 9.25],
			"faces": {
				"north": {"uv": [9, 4, 9.5, 5], "texture": "#0"},
				"east": {"uv": [7, 4, 8, 5], "texture": "#0"},
				"south": {"uv": [4.5, 9, 5, 10], "texture": "#0"},
				"west": {"uv": [7, 5, 8, 6], "texture": "#0"},
				"up": {"uv": [5.5, 10, 5, 9], "texture": "#0"},
				"down": {"uv": [6, 9, 5.5, 10], "texture": "#0"}
			}
		},
		{
			"from": [0.21, -0.01, 10.89],
			"to": [0.78, 1.99, 13.29],
			"rotation": {"angle": 45, "axis": "y", "origin": [0, 0, 0]},
			"faces": {
				"north": {"uv": [9, 5.5, 9.5, 6.5], "texture": "#0"},
				"east": {"uv": [6, 7, 7, 8], "texture": "#0"},
				"south": {"uv": [7, 9, 7.5, 10], "texture": "#0"},
				"west": {"uv": [7, 6, 8, 7], "texture": "#0"},
				"up": {"uv": [8, 10, 7.5, 9], "texture": "#0"},
				"down": {"uv": [9.5, 7.5, 9, 8.5], "texture": "#0"}
			}
		}
	],
	"display": {
		"thirdperson_righthand": {
			"rotation": [0, 90, 0],
			"translation": [0, -0.25, 1],
			"scale": [0.72, 0.72, 0.59]
		},
		"thirdperson_lefthand": {
			"rotation": [0, 90, 180],
			"translation": [-1.25, 0, 0],
			"scale": [0.72, 0.72, 0.59]
		},
		"firstperson_righthand": {
			"rotation": [0, 90, 0],
			"translation": [2.25, -2.25, 0]
		},
		"firstperson_lefthand": {
			"rotation": [0, 74, 152],
			"translation": [1, 2.5, 0.75]
		},
		"ground": {
			"rotation": [90, 0, 0],
			"translation": [0, 0, -3.25],
			"scale": [0.72, 0.72, 0.59]
		},
		"gui": {
			"rotation": [-2, 180, -47],
			"translation": [3.5, -2.5, 0],
			"scale": [0.71, 0.71, 4]
		},
		"fixed": {
			"translation": [-1.5, -4.5, -1.5],
			"scale": [1.36, 1.36, 1.29]
		}
	},
	"groups": [
		{
			"name": "group",
			"origin": [0, 0, 0],
			"color": 0,
			"nbt": "{}",
			"armAnimationEnabled": false,
			"children": [0, 1, 2, 3, 4, 5, 6, 7, 8, 9, 10, 11, 12, 13, 14, 15, 16, 17, 18, 19, 20, 21, 22, 23, 24, 25]
		}
	]
}