{
	"credit": "Made with Blockbench",
	"textures": {
		"bloodyvengeance": "./item/bloodyvengeance"
	},
	"elements": [
		{
			"name": "Box1",
			"from": [7.53125, 4, 7.93747],
			"to": [8.03125, 9.25, 8.06247],
			"rotation": {"angle": 0, "axis": "y", "origin": [-0.09375, 0, -0.12503]},
			"faces": {
				"north": {"uv": [8.125, 4.625, 7.625, 9.875], "texture": "#bloodyvengeance"},
				"east": {"uv": [8.125, 9.875, 8, 4.625], "rotation": 180, "texture": "#bloodyvengeance"},
				"south": {"uv": [7.625, 4.625, 8.125, 9.875], "texture": "#bloodyvengeance"},
				"west": {"uv": [7.625, 4.625, 7.75, 9.875], "texture": "#bloodyvengeance"},
				"up": {"uv": [7.625, 4.75, 8.125, 4.625], "texture": "#bloodyvengeance"},
				"down": {"uv": [7.625, 9.75, 8.125, 9.875], "texture": "#bloodyvengeance"}
			}
		},
		{
			"name": "Box2",
			"from": [7.53125, 2.875, 7.74997],
			"to": [8.28125, 3.125, 8.24997],
			"rotation": {"angle": 0, "axis": "y", "origin": [-0.09375, 0, -0.12503]},
			"faces": {
				"north": {"uv": [8.375, 10.75, 7.625, 11], "texture": "#bloodyvengeance"},
				"east": {"uv": [8.375, 11, 8.25, 10.75], "rotation": 180, "texture": "#bloodyvengeance"},
				"south": {"uv": [7.625, 10.75, 8.375, 11], "texture": "#bloodyvengeance"},
				"west": {"uv": [7.625, 10.75, 7.75, 11], "texture": "#bloodyvengeance"},
				"up": {"uv": [7.625, 10.875, 8.375, 10.75], "texture": "#bloodyvengeance"},
				"down": {"uv": [7.625, 10.875, 8.375, 11], "texture": "#bloodyvengeance"}
			}
		},
		{
			"name": "Box3",
			"from": [7.65625, 9.75, 7.93747],
			"to": [8.28125, 9.875, 8.06247],
			"rotation": {"angle": 0, "axis": "y", "origin": [-0.09375, 0, -0.12503]},
			"faces": {
				"north": {"uv": [8.375, 4, 7.75, 4.125], "texture": "#bloodyvengeance"},
				"east": {"uv": [8.375, 4.125, 8.25, 4], "rotation": 180, "texture": "#bloodyvengeance"},
				"south": {"uv": [7.75, 4, 8.375, 4.125], "texture": "#bloodyvengeance"},
				"west": {"uv": [7.75, 4, 7.875, 4.125], "texture": "#bloodyvengeance"},
				"up": {"uv": [7.75, 4.125, 8.375, 4], "texture": "#bloodyvengeance"},
				"down": {"uv": [7.75, 4, 8.375, 4.125], "texture": "#bloodyvengeance"}
			}
		},
		{
			"name": "Box4",
			"from": [7.65625, 9.25, 7.93747],
			"to": [8.15625, 9.75, 8.06247],
			"rotation": {"angle": 0, "axis": "y", "origin": [-0.09375, 0, -0.12503]},
			"faces": {
				"north": {"uv": [8.25, 4.125, 7.75, 4.625], "texture": "#bloodyvengeance"},
				"east": {"uv": [8.25, 4.625, 8.125, 4.125], "rotation": 180, "texture": "#bloodyvengeance"},
				"south": {"uv": [7.75, 4.125, 8.25, 4.625], "texture": "#bloodyvengeance"},
				"west": {"uv": [7.75, 4.125, 7.875, 4.625], "texture": "#bloodyvengeance"},
				"up": {"uv": [7.75, 4.25, 8.25, 4.125], "texture": "#bloodyvengeance"},
				"down": {"uv": [7.75, 4.5, 8.25, 4.625], "texture": "#bloodyvengeance"}
			}
		},
		{
			"name": "Box5",
			"from": [7.65625, 1.875, 7.93747],
			"to": [8.15625, 4, 8.06247],
			"rotation": {"angle": 0, "axis": "y", "origin": [-0.09375, 0, -0.12503]},
			"faces": {
				"north": {"uv": [8.25, 9.875, 7.75, 12], "texture": "#bloodyvengeance"},
				"east": {"uv": [8.25, 12, 8.125, 9.875], "rotation": 180, "texture": "#bloodyvengeance"},
				"south": {"uv": [7.75, 9.875, 8.25, 12], "texture": "#bloodyvengeance"},
				"west": {"uv": [7.75, 9.875, 7.875, 12], "texture": "#bloodyvengeance"},
				"up": {"uv": [7.75, 10, 8.25, 9.875], "texture": "#bloodyvengeance"},
				"down": {"uv": [7.75, 11.875, 8.25, 12], "texture": "#bloodyvengeance"}
			}
		},
		{
			"name": "Box6",
			"from": [7.78125, 9.875, 7.93747],
			"to": [8.28125, 10.125, 8.06247],
			"rotation": {"angle": 0, "axis": "y", "origin": [-0.09375, 0, -0.12503]},
			"faces": {
				"north": {"uv": [8.375, 3.75, 7.875, 4], "texture": "#bloodyvengeance"},
				"east": {"uv": [8.375, 4, 8.25, 3.75], "rotation": 180, "texture": "#bloodyvengeance"},
				"south": {"uv": [7.875, 3.75, 8.375, 4], "texture": "#bloodyvengeance"},
				"west": {"uv": [7.875, 3.75, 8, 4], "texture": "#bloodyvengeance"},
				"up": {"uv": [7.875, 3.875, 8.375, 3.75], "texture": "#bloodyvengeance"},
				"down": {"uv": [7.875, 3.875, 8.375, 4], "texture": "#bloodyvengeance"}
			}
		},
		{
			"name": "Box7",
			"from": [7.78125, 0, 7.81247],
			"to": [8.15625, 1.875, 8.18747],
			"rotation": {"angle": 0, "axis": "y", "origin": [-0.09375, 0, -0.12503]},
			"faces": {
				"north": {"uv": [8.25, 12, 7.875, 13.875], "texture": "#bloodyvengeance"},
				"east": {"uv": [8.25, 13.875, 8.125, 12], "rotation": 180, "texture": "#bloodyvengeance"},
				"south": {"uv": [7.875, 12, 8.25, 13.875], "texture": "#bloodyvengeance"},
				"west": {"uv": [7.875, 12, 8, 13.875], "texture": "#bloodyvengeance"},
				"up": {"uv": [7.875, 12.125, 8.25, 12], "texture": "#bloodyvengeance"},
				"down": {"uv": [7.875, 13.75, 8.25, 13.875], "texture": "#bloodyvengeance"}
			}
		},
		{
			"name": "Box8",
			"from": [7.90625, 10.125, 7.93747],
			"to": [8.28125, 10.25, 8.06247],
			"rotation": {"angle": 0, "axis": "y", "origin": [-0.09375, 0, -0.12503]},
			"faces": {
				"north": {"uv": [8.375, 3.625, 8, 3.75], "texture": "#bloodyvengeance"},
				"east": {"uv": [8.375, 3.75, 8.25, 3.625], "rotation": 180, "texture": "#bloodyvengeance"},
				"south": {"uv": [8, 3.625, 8.375, 3.75], "texture": "#bloodyvengeance"},
				"west": {"uv": [8, 3.625, 8.125, 3.75], "texture": "#bloodyvengeance"},
				"up": {"uv": [8, 3.75, 8.375, 3.625], "texture": "#bloodyvengeance"},
				"down": {"uv": [8, 3.625, 8.375, 3.75], "texture": "#bloodyvengeance"}
			}
		},
		{
			"name": "Box9",
			"from": [8.03125, 10.25, 7.93747],
			"to": [8.28125, 10.375, 8.06247],
			"rotation": {"angle": 0, "axis": "y", "origin": [-0.09375, 0, -0.12503]},
			"faces": {
				"north": {"uv": [8.375, 3.5, 8.125, 3.625], "texture": "#bloodyvengeance"},
				"east": {"uv": [8.375, 3.625, 8.25, 3.5], "rotation": 180, "texture": "#bloodyvengeance"},
				"south": {"uv": [8.125, 3.5, 8.375, 3.625], "texture": "#bloodyvengeance"},
				"west": {"uv": [8.125, 3.5, 8.25, 3.625], "texture": "#bloodyvengeance"},
				"up": {"uv": [8.125, 3.625, 8.375, 3.5], "texture": "#bloodyvengeance"},
				"down": {"uv": [8.125, 3.5, 8.375, 3.625], "texture": "#bloodyvengeance"}
			}
		},
		{
			"name": "Box10",
			"from": [8.03125, 4, 7.96877],
			"to": [8.15625, 4.375, 8.03127],
			"rotation": {"angle": 0, "axis": "y", "origin": [-0.09375, 0, -0.12503]},
			"faces": {
				"north": {"uv": [8.25, 9.5, 8.125, 9.875], "texture": "#bloodyvengeance"},
				"east": {"uv": [8.25, 9.875, 8.125, 9.5], "rotation": 180, "texture": "#bloodyvengeance"},
				"south": {"uv": [8.125, 9.5, 8.25, 9.875], "texture": "#bloodyvengeance"},
				"west": {"uv": [8.125, 9.5, 8.25, 9.875], "texture": "#bloodyvengeance"},
				"up": {"uv": [8.125, 9.625, 8.25, 9.5], "texture": "#bloodyvengeance"},
				"down": {"uv": [8.125, 9.75, 8.25, 9.875], "texture": "#bloodyvengeance"}
			}
		},
		{
			"name": "Box11",
			"from": [8.15625, 10.375, 7.93747],
			"to": [8.28125, 10.5, 8.06247],
			"rotation": {"angle": 0, "axis": "y", "origin": [-0.09375, 0, -0.12503]},
			"faces": {
				"north": {"uv": [8.375, 3.375, 8.25, 3.5], "texture": "#bloodyvengeance"},
				"east": {"uv": [8.375, 3.5, 8.25, 3.375], "rotation": 180, "texture": "#bloodyvengeance"},
				"south": {"uv": [8.25, 3.375, 8.375, 3.5], "texture": "#bloodyvengeance"},
				"west": {"uv": [8.25, 3.375, 8.375, 3.5], "texture": "#bloodyvengeance"},
				"up": {"uv": [8.25, 3.5, 8.375, 3.375], "texture": "#bloodyvengeance"},
				"down": {"uv": [8.25, 3.375, 8.375, 3.5], "texture": "#bloodyvengeance"}
			}
		},
		{
			"name": "Box12",
			"from": [8.15625, 0, 7.81247],
			"to": [8.28125, 1.5, 8.18747],
			"rotation": {"angle": 0, "axis": "y", "origin": [-0.09375, 0, -0.12503]},
			"faces": {
				"north": {"uv": [8.375, 12.375, 8.25, 13.875], "texture": "#bloodyvengeance"},
				"east": {"uv": [8.375, 13.875, 8.25, 12.375], "rotation": 180, "texture": "#bloodyvengeance"},
				"south": {"uv": [8.25, 12.375, 8.375, 13.875], "texture": "#bloodyvengeance"},
				"west": {"uv": [8.25, 12.375, 8.375, 13.875], "texture": "#bloodyvengeance"},
				"up": {"uv": [8.25, 12.5, 8.375, 12.375], "texture": "#bloodyvengeance"},
				"down": {"uv": [8.25, 13.75, 8.375, 13.875], "texture": "#bloodyvengeance"}
			}
		},
		{
			"name": "Box5",
			"from": [7.90625, 3.125, 7.87497],
			"to": [8.15625, 4.375, 8.12497],
			"rotation": {"angle": 0, "axis": "y", "origin": [-0.09375, 0, -0.12503]},
			"faces": {
				"north": {"uv": [8.25, 9.5, 8, 10.75], "texture": "#bloodyvengeance"},
				"east": {"uv": [8.25, 9.5, 8.125, 10.75], "texture": "#bloodyvengeance"},
				"south": {"uv": [8, 9.5, 8.25, 10.75], "texture": "#bloodyvengeance"},
				"west": {"uv": [8, 9.5, 8.125, 10.75], "texture": "#bloodyvengeance"},
				"up": {"uv": [8, 9.625, 8.25, 9.5], "texture": "#bloodyvengeance"},
				"down": {"uv": [8, 10.625, 8.25, 10.75], "texture": "#bloodyvengeance"}
			}
		},
		{
			"name": "Box5",
			"from": [7.78125, 4.125, 7.87497],
			"to": [8.03125, 9.375, 8.12497],
			"rotation": {"angle": 0, "axis": "y", "origin": [-0.09375, 0, -0.12503]},
			"faces": {
				"north": {"uv": [8.125, 4.5, 7.875, 9.75], "texture": "#bloodyvengeance"},
				"east": {"uv": [8.125, 4.5, 8, 9.75], "texture": "#bloodyvengeance"},
				"south": {"uv": [7.875, 4.5, 8.125, 9.75], "texture": "#bloodyvengeance"},
				"west": {"uv": [7.875, 4.5, 8, 9.75], "texture": "#bloodyvengeance"},
				"up": {"uv": [7.875, 4.625, 8.125, 4.5], "texture": "#bloodyvengeance"},
				"down": {"uv": [7.875, 9.625, 8.125, 9.75], "texture": "#bloodyvengeance"}
			}
		},
		{
			"name": "Box5",
			"from": [7.90625, 9.25, 7.93747],
			"to": [8.15625, 9.875, 8.06247],
			"rotation": {"angle": 0, "axis": "y", "origin": [-0.09375, 0, -0.12503]},
			"faces": {
				"north": {"uv": [8.25, 4, 8, 4.625], "texture": "#bloodyvengeance"},
				"east": {"uv": [8.25, 4, 8.125, 4.625], "texture": "#bloodyvengeance"},
				"south": {"uv": [8, 4, 8.25, 4.625], "texture": "#bloodyvengeance"},
				"west": {"uv": [8, 4, 8.125, 4.625], "texture": "#bloodyvengeance"},
				"up": {"uv": [8, 4.125, 8.25, 4], "texture": "#bloodyvengeance"},
				"down": {"uv": [8, 4.5, 8.25, 4.625], "texture": "#bloodyvengeance"}
			}
		},
		{
			"name": "Box5",
			"from": [8.03125, 9.75, 7.93747],
			"to": [8.28125, 10.125, 8.06247],
			"rotation": {"angle": 0, "axis": "y", "origin": [-0.09375, 0, -0.12503]},
			"faces": {
				"north": {"uv": [8.375, 3.75, 8.125, 4.125], "texture": "#bloodyvengeance"},
				"east": {"uv": [8.375, 3.75, 8.25, 4.125], "texture": "#bloodyvengeance"},
				"south": {"uv": [8.125, 3.75, 8.375, 4.125], "texture": "#bloodyvengeance"},
				"west": {"uv": [8.125, 3.75, 8.25, 4.125], "texture": "#bloodyvengeance"},
				"up": {"uv": [8.125, 3.875, 8.375, 3.75], "texture": "#bloodyvengeance"},
				"down": {"uv": [8.125, 4, 8.375, 4.125], "texture": "#bloodyvengeance"}
			}
		},
		{
			"name": "Box5",
			"from": [8.15625, 10.125, 7.87497],
			"to": [8.28125, 10.25, 8.12497],
			"rotation": {"angle": 0, "axis": "y", "origin": [-0.09375, 0, -0.12503]},
			"faces": {
				"north": {"uv": [8.375, 3.625, 8.25, 3.75], "texture": "#bloodyvengeance"},
				"east": {"uv": [8.375, 3.625, 8.25, 3.75], "texture": "#bloodyvengeance"},
				"south": {"uv": [8.25, 3.625, 8.375, 3.75], "texture": "#bloodyvengeance"},
				"west": {"uv": [8.25, 3.625, 8.375, 3.75], "texture": "#bloodyvengeance"},
				"up": {"uv": [8.25, 3.75, 8.375, 3.625], "texture": "#bloodyvengeance"},
				"down": {"uv": [8.25, 3.625, 8.375, 3.75], "texture": "#bloodyvengeance"}
			}
		},
		{
			"name": "Box5",
			"from": [7.65625, 1.875, 7.81247],
			"to": [8.15625, 2.875, 8.18747],
			"rotation": {"angle": 0, "axis": "y", "origin": [-0.09375, 0, -0.12503]},
			"faces": {
				"north": {"uv": [8.25, 11, 7.75, 12], "texture": "#bloodyvengeance"},
				"east": {"uv": [8.25, 11, 8.125, 12], "texture": "#bloodyvengeance"},
				"south": {"uv": [7.75, 11, 8.25, 12], "texture": "#bloodyvengeance"},
				"west": {"uv": [7.75, 11, 7.875, 12], "texture": "#bloodyvengeance"},
				"up": {"uv": [7.75, 11.125, 8.25, 11], "texture": "#bloodyvengeance"},
				"down": {"uv": [7.75, 11.875, 8.25, 12], "texture": "#bloodyvengeance"}
			}
		},
		{
			"name": "Box5",
			"from": [8.03125, 9.75, 7.87497],
			"to": [8.28125, 10.125, 8.12497],
			"rotation": {"angle": 0, "axis": "y", "origin": [-0.09375, 0, -0.12503]},
			"faces": {
				"north": {"uv": [8.375, 3.75, 8.125, 4.125], "texture": "#bloodyvengeance"},
				"east": {"uv": [8.375, 3.75, 8.25, 4.125], "texture": "#bloodyvengeance"},
				"south": {"uv": [8.125, 3.75, 8.375, 4.125], "texture": "#bloodyvengeance"},
				"west": {"uv": [8.125, 3.75, 8.25, 4.125], "texture": "#bloodyvengeance"},
				"up": {"uv": [8.125, 3.875, 8.375, 3.75], "texture": "#bloodyvengeance"},
				"down": {"uv": [8.125, 4, 8.375, 4.125], "texture": "#bloodyvengeance"}
			}
		},
		{
			"name": "Box5",
			"from": [7.90625, 9.25, 7.87497],
			"to": [8.15625, 9.875, 8.12497],
			"rotation": {"angle": 0, "axis": "y", "origin": [-0.09375, 0, -0.12503]},
			"faces": {
				"north": {"uv": [8.25, 4, 8, 4.625], "texture": "#bloodyvengeance"},
				"east": {"uv": [8.25, 4, 8.125, 4.625], "texture": "#bloodyvengeance"},
				"south": {"uv": [8, 4, 8.25, 4.625], "texture": "#bloodyvengeance"},
				"west": {"uv": [8, 4, 8.125, 4.625], "texture": "#bloodyvengeance"},
				"up": {"uv": [8, 4.125, 8.25, 4], "texture": "#bloodyvengeance"},
				"down": {"uv": [8, 4.5, 8.25, 4.625], "texture": "#bloodyvengeance"}
			}
		}
	],
	"gui_light": "front",
	"display": {
		"thirdperson_righthand": {
			"rotation": [0, -90, 0],
			"translation": [0, 12.75, 1.5],
			"scale": [2.4, 2.4, 2.4]
		},
		"thirdperson_lefthand": {
			"rotation": [0, 90, 0],
			"translation": [0, 12.75, 1.5],
			"scale": [2.4, 2.4, 2.4]
		},
		"firstperson_righthand": {
			"rotation": [10, -40, 59],
			"translation": [-9.25, 9, 3.25],
			"scale": [1.4, 1.4, 1.4]
		},
		"firstperson_lefthand": {
			"rotation": [10, 140, -59],
			"translation": [-9.25, 9, 3.25],
			"scale": [1.4, 1.4, 1.4]
		},
		"ground": {
			"rotation": [0, 0, 45],
			"translation": [0, 1.5, -0.25]
		},
		"gui": {
			"rotation": [0, 0, -45],
			"translation": [3.75, 3.5, 0],
			"scale": [1.8, 1.8, 1.8]
		},
		"head": {
			"rotation": [0, 0, 45],
			"translation": [-2.5, 19, 0],
			"scale": [2, 2, 2]
		},
		"fixed": {
			"rotation": [0, 0, 90],
			"translation": [-11.5, 0.25, -0.5],
			"scale": [4, 4, 4]
		}
	}
}