{
	"textures": {
		"1": "./item/zenith",
		"particle": "./item/zenith"
	},
	"elements": [
		{
			"name": "Zenith_0",
			"from": [8.375, 15.625, 7.96875],
			"to": [8.5, 16, 8.03125],
			"rotation": {"angle": 0, "axis": "y", "origin": [0.25, 0, 7.9375]},
			"faces": {
				"north": {"uv": [3.5, 0, 3.375, 0.375], "texture": "#1"},
				"east": {"uv": [3.375, 0, 3.5, 0.375], "texture": "#1"},
				"south": {"uv": [3.375, 0, 3.5, 0.375], "texture": "#1"},
				"west": {"uv": [3.375, 0, 3.5, 0.375], "texture": "#1"},
				"up": {"uv": [3.375, 0, 3.5, 0.125], "texture": "#1"},
				"down": {"uv": [3.375, 0.25, 3.5, 0.375], "texture": "#1"}
			}
		},
		{
			"name": "Zenith_1",
			"from": [8.25, 15.375, 7.96875],
			"to": [8.375, 15.75, 8.03125],
			"rotation": {"angle": 0, "axis": "y", "origin": [0.25, 0, 7.9375]},
			"faces": {
				"north": {"uv": [2.625, 0.25, 2.5, 0.625], "texture": "#1"},
				"east": {"uv": [2.5, 0.25, 2.625, 0.625], "texture": "#1"},
				"south": {"uv": [2.5, 0.25, 2.625, 0.625], "texture": "#1"},
				"west": {"uv": [2.5, 0.25, 2.625, 0.625], "texture": "#1"},
				"up": {"uv": [2.5, 0.25, 2.625, 0.375], "texture": "#1"},
				"down": {"uv": [2.5, 0.5, 2.625, 0.625], "texture": "#1"}
			}
		},
		{
			"name": "Zenith_2",
			"from": [8.375, 14.625, 7.90625],
			"to": [8.5, 15.625, 8.09375],
			"rotation": {"angle": 0, "axis": "y", "origin": [0.25, 0, 7.9375]},
			"faces": {
				"north": {"uv": [3.875, 0.375, 3.75, 1.375], "texture": "#1"},
				"east": {"uv": [3.75, 0.375, 3.875, 1.375], "texture": "#1"},
				"south": {"uv": [3.75, 0.375, 3.875, 1.375], "texture": "#1"},
				"west": {"uv": [3.75, 0.375, 3.875, 1.375], "texture": "#1"},
				"up": {"uv": [3.75, 0.375, 3.875, 0.5], "texture": "#1"},
				"down": {"uv": [3.75, 1.25, 3.875, 1.375], "texture": "#1"}
			}
		},
		{
			"name": "Zenith_3",
			"from": [8.125, 15, 7.96875],
			"to": [8.25, 15.5, 8.03125],
			"rotation": {"angle": 0, "axis": "y", "origin": [0.25, 0, 7.9375]},
			"faces": {
				"north": {"uv": [2.5, 0.5, 2.375, 1], "texture": "#1"},
				"east": {"uv": [2.375, 0.5, 2.5, 1], "texture": "#1"},
				"south": {"uv": [2.375, 0.5, 2.5, 1], "texture": "#1"},
				"west": {"uv": [2.375, 0.5, 2.5, 1], "texture": "#1"},
				"up": {"uv": [2.375, 0.5, 2.5, 0.625], "texture": "#1"},
				"down": {"uv": [2.375, 0.875, 2.5, 1], "texture": "#1"}
			}
		},
		{
			"name": "Zenith_4",
			"from": [8.25, 15, 7.9375],
			"to": [8.375, 15.375, 8.0625],
			"rotation": {"angle": 0, "axis": "y", "origin": [0.25, 0, 7.9375]},
			"faces": {
				"north": {"uv": [3, 0.625, 2.875, 1], "texture": "#1"},
				"east": {"uv": [2.875, 0.625, 3, 1], "texture": "#1"},
				"south": {"uv": [2.875, 0.625, 3, 1], "texture": "#1"},
				"west": {"uv": [2.875, 0.625, 3, 1], "texture": "#1"},
				"up": {"uv": [2.875, 0.625, 3, 0.75], "texture": "#1"},
				"down": {"uv": [2.875, 0.875, 3, 1], "texture": "#1"}
			}
		},
		{
			"name": "Zenith_5",
			"from": [8, 14.5, 7.96875],
			"to": [8.125, 15.125, 8.03125],
			"rotation": {"angle": 0, "axis": "y", "origin": [0.25, 0, 7.9375]},
			"faces": {
				"north": {"uv": [2.375, 0.875, 2.25, 1.5], "texture": "#1"},
				"east": {"uv": [2.25, 0.875, 2.375, 1.5], "texture": "#1"},
				"south": {"uv": [2.25, 0.875, 2.375, 1.5], "texture": "#1"},
				"west": {"uv": [2.25, 0.875, 2.375, 1.5], "texture": "#1"},
				"up": {"uv": [2.25, 0.875, 2.375, 1], "texture": "#1"},
				"down": {"uv": [2.25, 1.375, 2.375, 1.5], "texture": "#1"}
			}
		},
		{
			"name": "Zenith_6",
			"from": [8.125, 14.25, 7.9375],
			"to": [8.25, 15, 8.0625],
			"rotation": {"angle": 0, "axis": "y", "origin": [0.25, 0, 7.9375]},
			"faces": {
				"north": {"uv": [2.875, 1, 2.75, 1.75], "texture": "#1"},
				"east": {"uv": [2.75, 1, 2.875, 1.75], "texture": "#1"},
				"south": {"uv": [2.75, 1, 2.875, 1.75], "texture": "#1"},
				"west": {"uv": [2.75, 1, 2.875, 1.75], "texture": "#1"},
				"up": {"uv": [2.75, 1, 2.875, 1.125], "texture": "#1"},
				"down": {"uv": [2.75, 1.625, 2.875, 1.75], "texture": "#1"}
			}
		},
		{
			"name": "Zenith_7",
			"from": [8.25, 11.75, 7.90625],
			"to": [8.375, 15, 8.09375],
			"rotation": {"angle": 0, "axis": "y", "origin": [0.25, 0, 7.9375]},
			"faces": {
				"north": {"uv": [3.75, 1, 3.625, 4.25], "texture": "#1"},
				"east": {"uv": [3.625, 1, 3.75, 4.25], "texture": "#1"},
				"south": {"uv": [3.625, 1, 3.75, 4.25], "texture": "#1"},
				"west": {"uv": [3.625, 1, 3.75, 4.25], "texture": "#1"},
				"up": {"uv": [3.625, 1, 3.75, 1.125], "texture": "#1"},
				"down": {"uv": [3.625, 4.125, 3.75, 4.25], "texture": "#1"}
			}
		},
		{
			"name": "Zenith_8",
			"from": [7.875, 13.875, 7.96875],
			"to": [8, 14.625, 8.03125],
			"rotation": {"angle": 0, "axis": "y", "origin": [0.25, 0, 7.9375]},
			"faces": {
				"north": {"uv": [2.25, 1.375, 2.125, 2.125], "texture": "#1"},
				"east": {"uv": [2.125, 1.375, 2.25, 2.125], "texture": "#1"},
				"south": {"uv": [2.125, 1.375, 2.25, 2.125], "texture": "#1"},
				"west": {"uv": [2.125, 1.375, 2.25, 2.125], "texture": "#1"},
				"up": {"uv": [2.125, 1.375, 2.25, 1.5], "texture": "#1"},
				"down": {"uv": [2.125, 2, 2.25, 2.125], "texture": "#1"}
			}
		},
		{
			"name": "Zenith_9",
			"from": [8, 13.375, 7.9375],
			"to": [8.125, 14.5, 8.0625],
			"rotation": {"angle": 0, "axis": "y", "origin": [0.25, 0, 7.9375]},
			"faces": {
				"north": {"uv": [2.75, 1.5, 2.625, 2.625], "texture": "#1"},
				"east": {"uv": [2.625, 1.5, 2.75, 2.625], "texture": "#1"},
				"south": {"uv": [2.625, 1.5, 2.75, 2.625], "texture": "#1"},
				"west": {"uv": [2.625, 1.5, 2.75, 2.625], "texture": "#1"},
				"up": {"uv": [2.625, 1.5, 2.75, 1.625], "texture": "#1"},
				"down": {"uv": [2.625, 2.5, 2.75, 2.625], "texture": "#1"}
			}
		},
		{
			"name": "Zenith_10",
			"from": [8.125, 5.875, 7.90625],
			"to": [8.25, 14.25, 8.09375],
			"rotation": {"angle": 0, "axis": "y", "origin": [0.25, 0, 7.9375]},
			"faces": {
				"north": {"uv": [3.625, 1.75, 3.5, 10.125], "texture": "#1"},
				"east": {"uv": [3.5, 1.75, 3.625, 10.125], "texture": "#1"},
				"south": {"uv": [3.5, 1.75, 3.625, 10.125], "texture": "#1"},
				"west": {"uv": [3.5, 1.75, 3.625, 10.125], "texture": "#1"},
				"up": {"uv": [3.5, 1.75, 3.625, 1.875], "texture": "#1"},
				"down": {"uv": [3.5, 10, 3.625, 10.125], "texture": "#1"}
			}
		},
		{
			"name": "Zenith_11",
			"from": [7.75, 12.125, 7.96875],
			"to": [7.875, 14, 8.03125],
			"rotation": {"angle": 0, "axis": "y", "origin": [0.25, 0, 7.9375]},
			"faces": {
				"north": {"uv": [2.125, 2, 2, 3.875], "texture": "#1"},
				"east": {"uv": [2, 2, 2.125, 3.875], "texture": "#1"},
				"south": {"uv": [2, 2, 2.125, 3.875], "texture": "#1"},
				"west": {"uv": [2, 2, 2.125, 3.875], "texture": "#1"},
				"up": {"uv": [2, 2, 2.125, 2.125], "texture": "#1"},
				"down": {"uv": [2, 3.75, 2.125, 3.875], "texture": "#1"}
			}
		},
		{
			"name": "Zenith_12",
			"from": [7.875, 9.125, 7.9375],
			"to": [8, 13.875, 8.0625],
			"rotation": {"angle": 0, "axis": "y", "origin": [0.25, 0, 7.9375]},
			"faces": {
				"north": {"uv": [2.625, 2.125, 2.5, 6.875], "texture": "#1"},
				"east": {"uv": [2.5, 2.125, 2.625, 6.875], "texture": "#1"},
				"south": {"uv": [2.5, 2.125, 2.625, 6.875], "texture": "#1"},
				"west": {"uv": [2.5, 2.125, 2.625, 6.875], "texture": "#1"},
				"up": {"uv": [2.5, 2.125, 2.625, 2.25], "texture": "#1"},
				"down": {"uv": [2.5, 6.75, 2.625, 6.875], "texture": "#1"}
			}
		},
		{
			"name": "Zenith_13",
			"from": [8, 5.75, 7.90625],
			"to": [8.125, 13.375, 8.09375],
			"rotation": {"angle": 0, "axis": "y", "origin": [0.25, 0, 7.9375]},
			"faces": {
				"north": {"uv": [3.5, 2.625, 3.375, 10.25], "texture": "#1"},
				"east": {"uv": [3.375, 2.625, 3.5, 10.25], "texture": "#1"},
				"south": {"uv": [3.375, 2.625, 3.5, 10.25], "texture": "#1"},
				"west": {"uv": [3.375, 2.625, 3.5, 10.25], "texture": "#1"},
				"up": {"uv": [3.375, 2.625, 3.5, 2.75], "texture": "#1"},
				"down": {"uv": [3.375, 10.125, 3.5, 10.25], "texture": "#1"}
			}
		},
		{
			"name": "Zenith_14",
			"from": [7.625, 10.125, 7.96875],
			"to": [7.75, 12.25, 8.03125],
			"rotation": {"angle": 0, "axis": "y", "origin": [0.25, 0, 7.9375]},
			"faces": {
				"north": {"uv": [2, 3.75, 1.875, 5.875], "texture": "#1"},
				"east": {"uv": [1.875, 3.75, 2, 5.875], "texture": "#1"},
				"south": {"uv": [1.875, 3.75, 2, 5.875], "texture": "#1"},
				"west": {"uv": [1.875, 3.75, 2, 5.875], "texture": "#1"},
				"up": {"uv": [1.875, 3.75, 2, 3.875], "texture": "#1"},
				"down": {"uv": [1.875, 5.75, 2, 5.875], "texture": "#1"}
			}
		},
		{
			"name": "Zenith_15",
			"from": [7.75, 5, 7.9375],
			"to": [7.875, 12.125, 8.0625],
			"rotation": {"angle": 0, "axis": "y", "origin": [0.25, 0, 7.9375]},
			"faces": {
				"north": {"uv": [2.5, 3.875, 2.375, 11], "texture": "#1"},
				"east": {"uv": [2.375, 3.875, 2.5, 11], "texture": "#1"},
				"south": {"uv": [2.375, 3.875, 2.5, 11], "texture": "#1"},
				"west": {"uv": [2.375, 3.875, 2.5, 11], "texture": "#1"},
				"up": {"uv": [2.375, 3.875, 2.5, 4], "texture": "#1"},
				"down": {"uv": [2.375, 10.875, 2.5, 11], "texture": "#1"}
			}
		},
		{
			"name": "Zenith_16",
			"from": [7.5, 4.125, 7.96875],
			"to": [7.625, 10.25, 8.03125],
			"rotation": {"angle": 0, "axis": "y", "origin": [0.25, 0, 7.9375]},
			"faces": {
				"north": {"uv": [1.875, 5.75, 1.75, 11.875], "texture": "#1"},
				"east": {"uv": [1.75, 5.75, 1.875, 11.875], "texture": "#1"},
				"south": {"uv": [1.75, 5.75, 1.875, 11.875], "texture": "#1"},
				"west": {"uv": [1.75, 5.75, 1.875, 11.875], "texture": "#1"},
				"up": {"uv": [1.75, 5.75, 1.875, 5.875], "texture": "#1"},
				"down": {"uv": [1.75, 11.75, 1.875, 11.875], "texture": "#1"}
			}
		},
		{
			"name": "Zenith_17",
			"from": [7.625, 5, 7.9375],
			"to": [7.75, 10.125, 8.0625],
			"rotation": {"angle": 0, "axis": "y", "origin": [0.25, 0, 7.9375]},
			"faces": {
				"north": {"uv": [2.375, 5.875, 2.25, 11], "texture": "#1"},
				"east": {"uv": [2.25, 5.875, 2.375, 11], "texture": "#1"},
				"south": {"uv": [2.25, 5.875, 2.375, 11], "texture": "#1"},
				"west": {"uv": [2.25, 5.875, 2.375, 11], "texture": "#1"},
				"up": {"uv": [2.25, 5.875, 2.375, 6], "texture": "#1"},
				"down": {"uv": [2.25, 10.875, 2.375, 11], "texture": "#1"}
			}
		},
		{
			"name": "Zenith_18",
			"from": [7.875, 5.75, 7.90625],
			"to": [8, 9.125, 8.09375],
			"rotation": {"angle": 0, "axis": "y", "origin": [0.25, 0, 7.9375]},
			"faces": {
				"north": {"uv": [3.375, 6.875, 3.25, 10.25], "texture": "#1"},
				"east": {"uv": [3.25, 6.875, 3.375, 10.25], "texture": "#1"},
				"south": {"uv": [3.25, 6.875, 3.375, 10.25], "texture": "#1"},
				"west": {"uv": [3.25, 6.875, 3.375, 10.25], "texture": "#1"},
				"up": {"uv": [3.25, 6.875, 3.375, 7], "texture": "#1"},
				"down": {"uv": [3.25, 10.125, 3.375, 10.25], "texture": "#1"}
			}
		},
		{
			"name": "Zenith_19",
			"from": [8.25, 6, 7.90625],
			"to": [8.375, 7.25, 8.09375],
			"rotation": {"angle": 0, "axis": "y", "origin": [0.25, 0, 7.9375]},
			"faces": {
				"north": {"uv": [3.75, 8.75, 3.625, 10], "texture": "#1"},
				"east": {"uv": [3.625, 8.75, 3.75, 10], "texture": "#1"},
				"south": {"uv": [3.625, 8.75, 3.75, 10], "texture": "#1"},
				"west": {"uv": [3.625, 8.75, 3.75, 10], "texture": "#1"},
				"up": {"uv": [3.625, 8.75, 3.75, 8.875], "texture": "#1"},
				"down": {"uv": [3.625, 9.875, 3.75, 10], "texture": "#1"}
			}
		},
		{
			"name": "Zenith_20",
			"from": [8.5, 5.875, 7.875],
			"to": [8.625, 6.375, 8.125],
			"rotation": {"angle": 0, "axis": "y", "origin": [0.25, 0, 7.9375]},
			"faces": {
				"north": {"uv": [8.375, 9.625, 8.25, 10.125], "texture": "#1"},
				"east": {"uv": [8.25, 9.625, 8.375, 10.125], "texture": "#1"},
				"south": {"uv": [8.25, 9.625, 8.375, 10.125], "texture": "#1"},
				"west": {"uv": [8.25, 9.625, 8.375, 10.125], "texture": "#1"},
				"up": {"uv": [8.25, 9.625, 8.375, 9.75], "texture": "#1"},
				"down": {"uv": [8.25, 10, 8.375, 10.125], "texture": "#1"}
			}
		},
		{
			"name": "Zenith_21",
			"from": [8.375, 5.75, 7.875],
			"to": [8.5, 6.125, 8.125],
			"rotation": {"angle": 0, "axis": "y", "origin": [0.25, 0, 7.9375]},
			"faces": {
				"north": {"uv": [8.25, 9.875, 8.125, 10.25], "texture": "#1"},
				"east": {"uv": [8.125, 9.875, 8.25, 10.25], "texture": "#1"},
				"south": {"uv": [8.125, 9.875, 8.25, 10.25], "texture": "#1"},
				"west": {"uv": [8.125, 9.875, 8.25, 10.25], "texture": "#1"},
				"up": {"uv": [8.125, 9.875, 8.25, 10], "texture": "#1"},
				"down": {"uv": [8.125, 10.125, 8.25, 10.25], "texture": "#1"}
			}
		},
		{
			"name": "Zenith_22",
			"from": [8.25, 5.625, 7.875],
			"to": [8.375, 6, 8.125],
			"rotation": {"angle": 0, "axis": "y", "origin": [0.25, 0, 7.9375]},
			"faces": {
				"north": {"uv": [8.125, 10, 8, 10.375], "texture": "#1"},
				"east": {"uv": [8, 10, 8.125, 10.375], "texture": "#1"},
				"south": {"uv": [8, 10, 8.125, 10.375], "texture": "#1"},
				"west": {"uv": [8, 10, 8.125, 10.375], "texture": "#1"},
				"up": {"uv": [8, 10, 8.125, 10.125], "texture": "#1"},
				"down": {"uv": [8, 10.25, 8.125, 10.375], "texture": "#1"}
			}
		},
		{
			"name": "Zenith_23",
			"from": [8.125, 5.5, 7.875],
			"to": [8.25, 5.875, 8.125],
			"rotation": {"angle": 0, "axis": "y", "origin": [0.25, 0, 7.9375]},
			"faces": {
				"north": {"uv": [8, 10.125, 7.875, 10.5], "texture": "#1"},
				"east": {"uv": [7.875, 10.125, 8, 10.5], "texture": "#1"},
				"south": {"uv": [7.875, 10.125, 8, 10.5], "texture": "#1"},
				"west": {"uv": [7.875, 10.125, 8, 10.5], "texture": "#1"},
				"up": {"uv": [7.875, 10.125, 8, 10.25], "texture": "#1"},
				"down": {"uv": [7.875, 10.375, 8, 10.5], "texture": "#1"}
			}
		},
		{
			"name": "Zenith_24",
			"from": [8.875, 5.25, 7.8125],
			"to": [9, 5.875, 8.1875],
			"rotation": {"angle": 0, "axis": "y", "origin": [0.25, 0, 7.9375]},
			"faces": {
				"north": {"uv": [9.5, 10.125, 9.375, 10.75], "texture": "#1"},
				"east": {"uv": [9.375, 10.125, 9.5, 10.75], "texture": "#1"},
				"south": {"uv": [9.375, 10.125, 9.5, 10.75], "texture": "#1"},
				"west": {"uv": [9.375, 10.125, 9.5, 10.75], "texture": "#1"},
				"up": {"uv": [9.375, 10.125, 9.5, 10.25], "texture": "#1"},
				"down": {"uv": [9.375, 10.625, 9.5, 10.75], "texture": "#1"}
			}
		},
		{
			"name": "Zenith_25",
			"from": [7.875, 5, 7.875],
			"to": [8.125, 5.75, 8.125],
			"rotation": {"angle": 0, "axis": "y", "origin": [0.25, 0, 7.9375]},
			"faces": {
				"north": {"uv": [7.875, 10.25, 7.625, 11], "texture": "#1"},
				"east": {"uv": [7.75, 10.25, 7.875, 11], "texture": "#1"},
				"south": {"uv": [7.625, 10.25, 7.875, 11], "texture": "#1"},
				"west": {"uv": [7.625, 10.25, 7.75, 11], "texture": "#1"},
				"up": {"uv": [7.625, 10.25, 7.875, 10.375], "texture": "#1"},
				"down": {"uv": [7.625, 10.875, 7.875, 11], "texture": "#1"}
			}
		},
		{
			"name": "Zenith_26",
			"from": [8.25, 5.125, 7.90625],
			"to": [8.375, 5.625, 8.09375],
			"rotation": {"angle": 0, "axis": "y", "origin": [0.25, 0, 7.9375]},
			"faces": {
				"north": {"uv": [3.75, 10.375, 3.625, 10.875], "texture": "#1"},
				"east": {"uv": [3.625, 10.375, 3.75, 10.875], "texture": "#1"},
				"south": {"uv": [3.625, 10.375, 3.75, 10.875], "texture": "#1"},
				"west": {"uv": [3.625, 10.375, 3.75, 10.875], "texture": "#1"},
				"up": {"uv": [3.625, 10.375, 3.75, 10.5], "texture": "#1"},
				"down": {"uv": [3.625, 10.75, 3.75, 10.875], "texture": "#1"}
			}
		},
		{
			"name": "Zenith_27",
			"from": [8.75, 5.125, 7.8125],
			"to": [8.875, 5.625, 8.1875],
			"rotation": {"angle": 0, "axis": "y", "origin": [0.25, 0, 7.9375]},
			"faces": {
				"north": {"uv": [9.375, 10.375, 9.25, 10.875], "texture": "#1"},
				"east": {"uv": [9.25, 10.375, 9.375, 10.875], "texture": "#1"},
				"south": {"uv": [9.25, 10.375, 9.375, 10.875], "texture": "#1"},
				"west": {"uv": [9.25, 10.375, 9.375, 10.875], "texture": "#1"},
				"up": {"uv": [9.25, 10.375, 9.375, 10.5], "texture": "#1"},
				"down": {"uv": [9.25, 10.75, 9.375, 10.875], "texture": "#1"}
			}
		},
		{
			"name": "Zenith_28",
			"from": [8.125, 5, 7.90625],
			"to": [8.25, 5.5, 8.09375],
			"rotation": {"angle": 0, "axis": "y", "origin": [0.25, 0, 7.9375]},
			"faces": {
				"north": {"uv": [3.625, 10.5, 3.5, 11], "texture": "#1"},
				"east": {"uv": [3.5, 10.5, 3.625, 11], "texture": "#1"},
				"south": {"uv": [3.5, 10.5, 3.625, 11], "texture": "#1"},
				"west": {"uv": [3.5, 10.5, 3.625, 11], "texture": "#1"},
				"up": {"uv": [3.5, 10.5, 3.625, 10.625], "texture": "#1"},
				"down": {"uv": [3.5, 10.875, 3.625, 11], "texture": "#1"}
			}
		},
		{
			"name": "Zenith_29",
			"from": [8.625, 5, 7.8125],
			"to": [8.75, 5.5, 8.1875],
			"rotation": {"angle": 0, "axis": "y", "origin": [0.25, 0, 7.9375]},
			"faces": {
				"north": {"uv": [9.25, 10.5, 9.125, 11], "texture": "#1"},
				"east": {"uv": [9.125, 10.5, 9.25, 11], "texture": "#1"},
				"south": {"uv": [9.125, 10.5, 9.25, 11], "texture": "#1"},
				"west": {"uv": [9.125, 10.5, 9.25, 11], "texture": "#1"},
				"up": {"uv": [9.125, 10.5, 9.25, 10.625], "texture": "#1"},
				"down": {"uv": [9.125, 10.875, 9.25, 11], "texture": "#1"}
			}
		},
		{
			"name": "Zenith_30",
			"from": [8.5, 4.875, 7.8125],
			"to": [8.625, 5.375, 8.1875],
			"rotation": {"angle": 0, "axis": "y", "origin": [0.25, 0, 7.9375]},
			"faces": {
				"north": {"uv": [9.125, 10.625, 9, 11.125], "texture": "#1"},
				"east": {"uv": [9, 10.625, 9.125, 11.125], "texture": "#1"},
				"south": {"uv": [9, 10.625, 9.125, 11.125], "texture": "#1"},
				"west": {"uv": [9, 10.625, 9.125, 11.125], "texture": "#1"},
				"up": {"uv": [9, 10.625, 9.125, 10.75], "texture": "#1"},
				"down": {"uv": [9, 11, 9.125, 11.125], "texture": "#1"}
			}
		},
		{
			"name": "Zenith_31",
			"from": [8.375, 4.75, 7.8125],
			"to": [8.5, 5.25, 8.1875],
			"rotation": {"angle": 0, "axis": "y", "origin": [0.25, 0, 7.9375]},
			"faces": {
				"north": {"uv": [9, 10.75, 8.875, 11.25], "texture": "#1"},
				"east": {"uv": [8.875, 10.75, 9, 11.25], "texture": "#1"},
				"south": {"uv": [8.875, 10.75, 9, 11.25], "texture": "#1"},
				"west": {"uv": [8.875, 10.75, 9, 11.25], "texture": "#1"},
				"up": {"uv": [8.875, 10.75, 9, 10.875], "texture": "#1"},
				"down": {"uv": [8.875, 11.125, 9, 11.25], "texture": "#1"}
			}
		},
		{
			"name": "Zenith_32",
			"from": [8.25, 4.625, 7.8125],
			"to": [8.375, 5.125, 8.1875],
			"rotation": {"angle": 0, "axis": "y", "origin": [0.25, 0, 7.9375]},
			"faces": {
				"north": {"uv": [8.875, 10.875, 8.75, 11.375], "texture": "#1"},
				"east": {"uv": [8.75, 10.875, 8.875, 11.375], "texture": "#1"},
				"south": {"uv": [8.75, 10.875, 8.875, 11.375], "texture": "#1"},
				"west": {"uv": [8.75, 10.875, 8.875, 11.375], "texture": "#1"},
				"up": {"uv": [8.75, 10.875, 8.875, 11], "texture": "#1"},
				"down": {"uv": [8.75, 11.25, 8.875, 11.375], "texture": "#1"}
			}
		},
		{
			"name": "Zenith_33",
			"from": [7.625, 3.625, 7.8125],
			"to": [8.125, 5, 8.1875],
			"rotation": {"angle": 0, "axis": "y", "origin": [0.25, 0, 7.9375]},
			"faces": {
				"north": {"uv": [8.625, 11, 8.125, 12.375], "texture": "#1"},
				"east": {"uv": [8.5, 11, 8.625, 12.375], "texture": "#1"},
				"south": {"uv": [8.125, 11, 8.625, 12.375], "texture": "#1"},
				"west": {"uv": [8.125, 11, 8.25, 12.375], "texture": "#1"},
				"up": {"uv": [8.125, 11, 8.625, 11.125], "texture": "#1"},
				"down": {"uv": [8.125, 12.25, 8.625, 12.375], "texture": "#1"}
			}
		},
		{
			"name": "Zenith_34",
			"from": [8.125, 4.625, 7.8125],
			"to": [8.25, 5, 8.1875],
			"rotation": {"angle": 0, "axis": "y", "origin": [0.25, 0, 7.9375]},
			"faces": {
				"north": {"uv": [8.75, 11, 8.625, 11.375], "texture": "#1"},
				"east": {"uv": [8.625, 11, 8.75, 11.375], "texture": "#1"},
				"south": {"uv": [8.625, 11, 8.75, 11.375], "texture": "#1"},
				"west": {"uv": [8.625, 11, 8.75, 11.375], "texture": "#1"},
				"up": {"uv": [8.625, 11, 8.75, 11.125], "texture": "#1"},
				"down": {"uv": [8.625, 11.25, 8.75, 11.375], "texture": "#1"}
			}
		},
		{
			"name": "Zenith_35",
			"from": [8.375, 4.25, 7.90625],
			"to": [8.5, 4.75, 8.09375],
			"rotation": {"angle": 0, "axis": "y", "origin": [0.25, 0, 7.9375]},
			"faces": {
				"north": {"uv": [3.875, 11.25, 3.75, 11.75], "texture": "#1"},
				"east": {"uv": [3.75, 11.25, 3.875, 11.75], "texture": "#1"},
				"south": {"uv": [3.75, 11.25, 3.875, 11.75], "texture": "#1"},
				"west": {"uv": [3.75, 11.25, 3.875, 11.75], "texture": "#1"},
				"up": {"uv": [3.75, 11.25, 3.875, 11.375], "texture": "#1"},
				"down": {"uv": [3.75, 11.625, 3.875, 11.75], "texture": "#1"}
			}
		},
		{
			"name": "Zenith_36",
			"from": [8.75, 4.125, 7.875],
			"to": [8.875, 4.75, 8.125],
			"rotation": {"angle": 0, "axis": "y", "origin": [0.25, 0, 7.9375]},
			"faces": {
				"north": {"uv": [9.875, 11.25, 9.75, 11.875], "texture": "#1"},
				"east": {"uv": [9.75, 11.25, 9.875, 11.875], "texture": "#1"},
				"south": {"uv": [9.75, 11.25, 9.875, 11.875], "texture": "#1"},
				"west": {"uv": [9.75, 11.25, 9.875, 11.875], "texture": "#1"},
				"up": {"uv": [9.75, 11.25, 9.875, 11.375], "texture": "#1"},
				"down": {"uv": [9.75, 11.75, 9.875, 11.875], "texture": "#1"}
			}
		},
		{
			"name": "Zenith_37",
			"from": [8.125, 4.25, 7.90625],
			"to": [8.375, 4.625, 8.09375],
			"rotation": {"angle": 0, "axis": "y", "origin": [0.25, 0, 7.9375]},
			"faces": {
				"north": {"uv": [3.75, 11.375, 3.5, 11.75], "texture": "#1"},
				"east": {"uv": [3.625, 11.375, 3.75, 11.75], "texture": "#1"},
				"south": {"uv": [3.5, 11.375, 3.75, 11.75], "texture": "#1"},
				"west": {"uv": [3.5, 11.375, 3.625, 11.75], "texture": "#1"},
				"up": {"uv": [3.5, 11.375, 3.75, 11.5], "texture": "#1"},
				"down": {"uv": [3.5, 11.625, 3.75, 11.75], "texture": "#1"}
			}
		},
		{
			"name": "Zenith_38",
			"from": [8.625, 4, 7.875],
			"to": [8.75, 4.5, 8.125],
			"rotation": {"angle": 0, "axis": "y", "origin": [0.25, 0, 7.9375]},
			"faces": {
				"north": {"uv": [9.75, 11.5, 9.625, 12], "texture": "#1"},
				"east": {"uv": [9.625, 11.5, 9.75, 12], "texture": "#1"},
				"south": {"uv": [9.625, 11.5, 9.75, 12], "texture": "#1"},
				"west": {"uv": [9.625, 11.5, 9.75, 12], "texture": "#1"},
				"up": {"uv": [9.625, 11.5, 9.75, 11.625], "texture": "#1"},
				"down": {"uv": [9.625, 11.875, 9.75, 12], "texture": "#1"}
			}
		},
		{
			"name": "Zenith_39",
			"from": [8.5, 3.875, 7.875],
			"to": [8.625, 4.375, 8.125],
			"rotation": {"angle": 0, "axis": "y", "origin": [0.25, 0, 7.9375]},
			"faces": {
				"north": {"uv": [9.625, 11.625, 9.5, 12.125], "texture": "#1"},
				"east": {"uv": [9.5, 11.625, 9.625, 12.125], "texture": "#1"},
				"south": {"uv": [9.5, 11.625, 9.625, 12.125], "texture": "#1"},
				"west": {"uv": [9.5, 11.625, 9.625, 12.125], "texture": "#1"},
				"up": {"uv": [9.5, 11.625, 9.625, 11.75], "texture": "#1"},
				"down": {"uv": [9.5, 12, 9.625, 12.125], "texture": "#1"}
			}
		},
		{
			"name": "Zenith_40",
			"from": [8.125, 3.75, 7.875],
			"to": [8.5, 4.25, 8.125],
			"rotation": {"angle": 0, "axis": "y", "origin": [0.25, 0, 7.9375]},
			"faces": {
				"north": {"uv": [9.5, 11.75, 9.125, 12.25], "texture": "#1"},
				"east": {"uv": [9.375, 11.75, 9.5, 12.25], "texture": "#1"},
				"south": {"uv": [9.125, 11.75, 9.5, 12.25], "texture": "#1"},
				"west": {"uv": [9.125, 11.75, 9.25, 12.25], "texture": "#1"},
				"up": {"uv": [9.125, 11.75, 9.5, 11.875], "texture": "#1"},
				"down": {"uv": [9.125, 12.125, 9.5, 12.25], "texture": "#1"}
			}
		},
		{
			"name": "Zenith_41",
			"from": [6.875, 3.5, 7.875],
			"to": [7.625, 4.125, 8.125],
			"rotation": {"angle": 0, "axis": "y", "origin": [0.25, 0, 7.9375]},
			"faces": {
				"north": {"uv": [7.375, 11.875, 6.625, 12.5], "texture": "#1"},
				"east": {"uv": [7.25, 11.875, 7.375, 12.5], "texture": "#1"},
				"south": {"uv": [6.625, 11.875, 7.375, 12.5], "texture": "#1"},
				"west": {"uv": [6.625, 11.875, 6.75, 12.5], "texture": "#1"},
				"up": {"uv": [6.625, 11.875, 7.375, 12], "texture": "#1"},
				"down": {"uv": [6.625, 12.375, 7.375, 12.5], "texture": "#1"}
			}
		},
		{
			"name": "Zenith_42",
			"from": [8.125, 3.625, 7.875],
			"to": [8.375, 3.75, 8.125],
			"rotation": {"angle": 0, "axis": "y", "origin": [0.25, 0, 7.9375]},
			"faces": {
				"north": {"uv": [9.375, 12.25, 9.125, 12.375], "texture": "#1"},
				"east": {"uv": [9.25, 12.25, 9.375, 12.375], "texture": "#1"},
				"south": {"uv": [9.125, 12.25, 9.375, 12.375], "texture": "#1"},
				"west": {"uv": [9.125, 12.25, 9.25, 12.375], "texture": "#1"},
				"up": {"uv": [9.125, 12.25, 9.375, 12.375], "texture": "#1"},
				"down": {"uv": [9.125, 12.25, 9.375, 12.375], "texture": "#1"}
			}
		},
		{
			"name": "Zenith_43",
			"from": [7.875, 3.5, 7.8125],
			"to": [8.375, 3.625, 8.1875],
			"rotation": {"angle": 0, "axis": "y", "origin": [0.25, 0, 7.9375]},
			"faces": {
				"north": {"uv": [11.375, 12.375, 10.875, 12.5], "texture": "#1"},
				"east": {"uv": [11.25, 12.375, 11.375, 12.5], "texture": "#1"},
				"south": {"uv": [10.875, 12.375, 11.375, 12.5], "texture": "#1"},
				"west": {"uv": [10.875, 12.375, 11, 12.5], "texture": "#1"},
				"up": {"uv": [10.875, 12.375, 11.375, 12.5], "texture": "#1"},
				"down": {"uv": [10.875, 12.375, 11.375, 12.5], "texture": "#1"}
			}
		},
		{
			"name": "Zenith_44",
			"from": [6.875, 2.875, 7.875],
			"to": [7.25, 3.5, 8.125],
			"rotation": {"angle": 0, "axis": "y", "origin": [0.25, 0, 7.9375]},
			"faces": {
				"north": {"uv": [7, 12.5, 6.625, 13.125], "texture": "#1"},
				"east": {"uv": [6.875, 12.5, 7, 13.125], "texture": "#1"},
				"south": {"uv": [6.625, 12.5, 7, 13.125], "texture": "#1"},
				"west": {"uv": [6.625, 12.5, 6.75, 13.125], "texture": "#1"},
				"up": {"uv": [6.625, 12.5, 7, 12.625], "texture": "#1"},
				"down": {"uv": [6.625, 13, 7, 13.125], "texture": "#1"}
			}
		},
		{
			"name": "Zenith_45",
			"from": [7.25, 3.375, 7.875],
			"to": [7.5, 3.5, 8.125],
			"rotation": {"angle": 0, "axis": "y", "origin": [0.25, 0, 7.9375]},
			"faces": {
				"north": {"uv": [7.25, 12.5, 7, 12.625], "texture": "#1"},
				"east": {"uv": [7.125, 12.5, 7.25, 12.625], "texture": "#1"},
				"south": {"uv": [7, 12.5, 7.25, 12.625], "texture": "#1"},
				"west": {"uv": [7, 12.5, 7.125, 12.625], "texture": "#1"},
				"up": {"uv": [7, 12.5, 7.25, 12.625], "texture": "#1"},
				"down": {"uv": [7, 12.5, 7.25, 12.625], "texture": "#1"}
			}
		},
		{
			"name": "Zenith_46",
			"from": [7.875, 3.25, 7.75],
			"to": [8.375, 3.5, 8.25],
			"rotation": {"angle": 0, "axis": "y", "origin": [0.25, 0, 7.9375]},
			"faces": {
				"north": {"uv": [8.125, 12.5, 7.625, 12.75], "texture": "#1"},
				"east": {"uv": [8, 12.5, 8.125, 12.75], "texture": "#1"},
				"south": {"uv": [7.625, 12.5, 8.125, 12.75], "texture": "#1"},
				"west": {"uv": [7.625, 12.5, 7.75, 12.75], "texture": "#1"},
				"up": {"uv": [7.625, 12.5, 8.125, 12.625], "texture": "#1"},
				"down": {"uv": [7.625, 12.625, 8.125, 12.75], "texture": "#1"}
			}
		},
		{
			"name": "Zenith_47",
			"from": [7.25, 3.25, 7.875],
			"to": [7.375, 3.375, 8.125],
			"rotation": {"angle": 0, "axis": "y", "origin": [0.25, 0, 7.9375]},
			"faces": {
				"north": {"uv": [7.125, 12.625, 7, 12.75], "texture": "#1"},
				"east": {"uv": [7, 12.625, 7.125, 12.75], "texture": "#1"},
				"south": {"uv": [7, 12.625, 7.125, 12.75], "texture": "#1"},
				"west": {"uv": [7, 12.625, 7.125, 12.75], "texture": "#1"},
				"up": {"uv": [7, 12.625, 7.125, 12.75], "texture": "#1"},
				"down": {"uv": [7, 12.625, 7.125, 12.75], "texture": "#1"}
			}
		},
		{
			"name": "Zenith_48",
			"from": [8, 3.125, 7.75],
			"to": [8.375, 3.25, 8.25],
			"rotation": {"angle": 0, "axis": "y", "origin": [0.25, 0, 7.9375]},
			"faces": {
				"north": {"uv": [8.125, 12.75, 7.75, 12.875], "texture": "#1"},
				"east": {"uv": [8, 12.75, 8.125, 12.875], "texture": "#1"},
				"south": {"uv": [7.75, 12.75, 8.125, 12.875], "texture": "#1"},
				"west": {"uv": [7.75, 12.75, 7.875, 12.875], "texture": "#1"},
				"up": {"uv": [7.75, 12.75, 8.125, 12.875], "texture": "#1"},
				"down": {"uv": [7.75, 12.75, 8.125, 12.875], "texture": "#1"}
			}
		},
		{
			"name": "Zenith_49",
			"from": [7.875, 2.25, 7.8125],
			"to": [8, 3.25, 8.1875],
			"rotation": {"angle": 0, "axis": "y", "origin": [0.25, 0, 7.9375]},
			"faces": {
				"north": {"uv": [11, 12.75, 10.875, 13.75], "texture": "#1"},
				"east": {"uv": [10.875, 12.75, 11, 13.75], "texture": "#1"},
				"south": {"uv": [10.875, 12.75, 11, 13.75], "texture": "#1"},
				"west": {"uv": [10.875, 12.75, 11, 13.75], "texture": "#1"},
				"up": {"uv": [10.875, 12.75, 11, 12.875], "texture": "#1"},
				"down": {"uv": [10.875, 13.625, 11, 13.75], "texture": "#1"}
			}
		},
		{
			"name": "Zenith_50",
			"from": [8.125, 3, 7.75],
			"to": [8.375, 3.125, 8.25],
			"rotation": {"angle": 0, "axis": "y", "origin": [0.25, 0, 7.9375]},
			"faces": {
				"north": {"uv": [8.125, 12.875, 7.875, 13], "texture": "#1"},
				"east": {"uv": [8, 12.875, 8.125, 13], "texture": "#1"},
				"south": {"uv": [7.875, 12.875, 8.125, 13], "texture": "#1"},
				"west": {"uv": [7.875, 12.875, 8, 13], "texture": "#1"},
				"up": {"uv": [7.875, 12.875, 8.125, 13], "texture": "#1"},
				"down": {"uv": [7.875, 12.875, 8.125, 13], "texture": "#1"}
			}
		},
		{
			"name": "Zenith_51",
			"from": [8, 1.25, 7.8125],
			"to": [8.125, 3.125, 8.1875],
			"rotation": {"angle": 0, "axis": "y", "origin": [0.25, 0, 7.9375]},
			"faces": {
				"north": {"uv": [11.125, 12.875, 11, 14.75], "texture": "#1"},
				"east": {"uv": [11, 12.875, 11.125, 14.75], "texture": "#1"},
				"south": {"uv": [11, 12.875, 11.125, 14.75], "texture": "#1"},
				"west": {"uv": [11, 12.875, 11.125, 14.75], "texture": "#1"},
				"up": {"uv": [11, 12.875, 11.125, 13], "texture": "#1"},
				"down": {"uv": [11, 14.625, 11.125, 14.75], "texture": "#1"}
			}
		},
		{
			"name": "Zenith_52",
			"from": [8.25, 2.875, 7.75],
			"to": [8.375, 3, 8.25],
			"rotation": {"angle": 0, "axis": "y", "origin": [0.25, 0, 7.9375]},
			"faces": {
				"north": {"uv": [8.125, 13, 8, 13.125], "texture": "#1"},
				"east": {"uv": [8, 13, 8.125, 13.125], "texture": "#1"},
				"south": {"uv": [8, 13, 8.125, 13.125], "texture": "#1"},
				"west": {"uv": [8, 13, 8.125, 13.125], "texture": "#1"},
				"up": {"uv": [8, 13, 8.125, 13.125], "texture": "#1"},
				"down": {"uv": [8, 13, 8.125, 13.125], "texture": "#1"}
			}
		},
		{
			"name": "Zenith_53",
			"from": [8.125, 1.25, 7.8125],
			"to": [8.25, 3, 8.1875],
			"rotation": {"angle": 0, "axis": "y", "origin": [0.25, 0, 7.9375]},
			"faces": {
				"north": {"uv": [11.25, 13, 11.125, 14.75], "texture": "#1"},
				"east": {"uv": [11.125, 13, 11.25, 14.75], "texture": "#1"},
				"south": {"uv": [11.125, 13, 11.25, 14.75], "texture": "#1"},
				"west": {"uv": [11.125, 13, 11.25, 14.75], "texture": "#1"},
				"up": {"uv": [11.125, 13, 11.25, 13.125], "texture": "#1"},
				"down": {"uv": [11.125, 14.625, 11.25, 14.75], "texture": "#1"}
			}
		},
		{
			"name": "Zenith_54",
			"from": [7, 2.5, 7.875],
			"to": [7.25, 2.875, 8.125],
			"rotation": {"angle": 0, "axis": "y", "origin": [0.25, 0, 7.9375]},
			"faces": {
				"north": {"uv": [7, 13.125, 6.75, 13.5], "texture": "#1"},
				"east": {"uv": [6.875, 13.125, 7, 13.5], "texture": "#1"},
				"south": {"uv": [6.75, 13.125, 7, 13.5], "texture": "#1"},
				"west": {"uv": [6.75, 13.125, 6.875, 13.5], "texture": "#1"},
				"up": {"uv": [6.75, 13.125, 7, 13.25], "texture": "#1"},
				"down": {"uv": [6.75, 13.375, 7, 13.5], "texture": "#1"}
			}
		},
		{
			"name": "Zenith_55",
			"from": [8.25, 1.25, 7.8125],
			"to": [8.375, 2.875, 8.1875],
			"rotation": {"angle": 0, "axis": "y", "origin": [0.25, 0, 7.9375]},
			"faces": {
				"north": {"uv": [11.375, 13.125, 11.25, 14.75], "texture": "#1"},
				"east": {"uv": [11.25, 13.125, 11.375, 14.75], "texture": "#1"},
				"south": {"uv": [11.25, 13.125, 11.375, 14.75], "texture": "#1"},
				"west": {"uv": [11.25, 13.125, 11.375, 14.75], "texture": "#1"},
				"up": {"uv": [11.25, 13.125, 11.375, 13.25], "texture": "#1"},
				"down": {"uv": [11.25, 14.625, 11.375, 14.75], "texture": "#1"}
			}
		},
		{
			"name": "Zenith_56",
			"from": [7.125, 2.25, 7.875],
			"to": [7.25, 2.5, 8.125],
			"rotation": {"angle": 0, "axis": "y", "origin": [0.25, 0, 7.9375]},
			"faces": {
				"north": {"uv": [7, 13.5, 6.875, 13.75], "texture": "#1"},
				"east": {"uv": [6.875, 13.5, 7, 13.75], "texture": "#1"},
				"south": {"uv": [6.875, 13.5, 7, 13.75], "texture": "#1"},
				"west": {"uv": [6.875, 13.5, 7, 13.75], "texture": "#1"},
				"up": {"uv": [6.875, 13.5, 7, 13.625], "texture": "#1"},
				"down": {"uv": [6.875, 13.625, 7, 13.75], "texture": "#1"}
			}
		},
		{
			"name": "Zenith_57",
			"from": [7.25, 2.125, 7.875],
			"to": [7.375, 2.375, 8.125],
			"rotation": {"angle": 0, "axis": "y", "origin": [0.25, 0, 7.9375]},
			"faces": {
				"north": {"uv": [7.125, 13.625, 7, 13.875], "texture": "#1"},
				"east": {"uv": [7, 13.625, 7.125, 13.875], "texture": "#1"},
				"south": {"uv": [7, 13.625, 7.125, 13.875], "texture": "#1"},
				"west": {"uv": [7, 13.625, 7.125, 13.875], "texture": "#1"},
				"up": {"uv": [7, 13.625, 7.125, 13.75], "texture": "#1"},
				"down": {"uv": [7, 13.75, 7.125, 13.875], "texture": "#1"}
			}
		},
		{
			"name": "Zenith_58",
			"from": [8.375, 0.875, 7.8125],
			"to": [8.5, 2.375, 8.1875],
			"rotation": {"angle": 0, "axis": "y", "origin": [0.25, 0, 7.9375]},
			"faces": {
				"north": {"uv": [11.5, 13.625, 11.375, 15.125], "texture": "#1"},
				"east": {"uv": [11.375, 13.625, 11.5, 15.125], "texture": "#1"},
				"south": {"uv": [11.375, 13.625, 11.5, 15.125], "texture": "#1"},
				"west": {"uv": [11.375, 13.625, 11.5, 15.125], "texture": "#1"},
				"up": {"uv": [11.375, 13.625, 11.5, 13.75], "texture": "#1"},
				"down": {"uv": [11.375, 15, 11.5, 15.125], "texture": "#1"}
			}
		},
		{
			"name": "Zenith_59",
			"from": [7.375, 2.125, 7.875],
			"to": [7.5, 2.25, 8.125],
			"rotation": {"angle": 0, "axis": "y", "origin": [0.25, 0, 7.9375]},
			"faces": {
				"north": {"uv": [7.25, 13.75, 7.125, 13.875], "texture": "#1"},
				"east": {"uv": [7.125, 13.75, 7.25, 13.875], "texture": "#1"},
				"south": {"uv": [7.125, 13.75, 7.25, 13.875], "texture": "#1"},
				"west": {"uv": [7.125, 13.75, 7.25, 13.875], "texture": "#1"},
				"up": {"uv": [7.125, 13.75, 7.25, 13.875], "texture": "#1"},
				"down": {"uv": [7.125, 13.75, 7.25, 13.875], "texture": "#1"}
			}
		},
		{
			"name": "Zenith_60",
			"from": [8, 0.75, 7.75],
			"to": [8.375, 1.25, 8.25],
			"rotation": {"angle": 0, "axis": "y", "origin": [0.25, 0, 7.9375]},
			"faces": {
				"north": {"uv": [7.375, 14.75, 7, 15.25], "texture": "#1"},
				"east": {"uv": [7.25, 14.75, 7.375, 15.25], "texture": "#1"},
				"south": {"uv": [7, 14.75, 7.375, 15.25], "texture": "#1"},
				"west": {"uv": [7, 14.75, 7.125, 15.25], "texture": "#1"},
				"up": {"uv": [7, 14.75, 7.375, 14.875], "texture": "#1"},
				"down": {"uv": [7, 15.125, 7.375, 15.25], "texture": "#1"}
			}
		},
		{
			"name": "Zenith_61",
			"from": [8.625, 0.875, 7.875],
			"to": [8.75, 1.125, 8.125],
			"rotation": {"angle": 0, "axis": "y", "origin": [0.25, 0, 7.9375]},
			"faces": {
				"north": {"uv": [8.5, 14.875, 8.375, 15.125], "texture": "#1"},
				"east": {"uv": [8.375, 14.875, 8.5, 15.125], "texture": "#1"},
				"south": {"uv": [8.375, 14.875, 8.5, 15.125], "texture": "#1"},
				"west": {"uv": [8.375, 14.875, 8.5, 15.125], "texture": "#1"},
				"up": {"uv": [8.375, 14.875, 8.5, 15], "texture": "#1"},
				"down": {"uv": [8.375, 15, 8.5, 15.125], "texture": "#1"}
			}
		},
		{
			"name": "Zenith_62",
			"from": [8.5, 0.125, 7.875],
			"to": [8.625, 1, 8.125],
			"rotation": {"angle": 0, "axis": "y", "origin": [0.25, 0, 7.9375]},
			"faces": {
				"north": {"uv": [8.375, 15, 8.25, 15.875], "texture": "#1"},
				"east": {"uv": [8.25, 15, 8.375, 15.875], "texture": "#1"},
				"south": {"uv": [8.25, 15, 8.375, 15.875], "texture": "#1"},
				"west": {"uv": [8.25, 15, 8.375, 15.875], "texture": "#1"},
				"up": {"uv": [8.25, 15, 8.375, 15.125], "texture": "#1"},
				"down": {"uv": [8.25, 15.75, 8.375, 15.875], "texture": "#1"}
			}
		},
		{
			"name": "Zenith_63",
			"from": [8.375, 0, 7.875],
			"to": [8.5, 0.875, 8.125],
			"rotation": {"angle": 0, "axis": "y", "origin": [0.25, 0, 7.9375]},
			"faces": {
				"north": {"uv": [8.25, 15.125, 8.125, 16], "texture": "#1"},
				"east": {"uv": [8.125, 15.125, 8.25, 16], "texture": "#1"},
				"south": {"uv": [8.125, 15.125, 8.25, 16], "texture": "#1"},
				"west": {"uv": [8.125, 15.125, 8.25, 16], "texture": "#1"},
				"up": {"uv": [8.125, 15.125, 8.25, 15.25], "texture": "#1"},
				"down": {"uv": [8.125, 15.875, 8.25, 16], "texture": "#1"}
			}
		},
		{
			"name": "Zenith_64",
			"from": [8.875, 0.5, 7.875],
			"to": [9, 0.875, 8.125],
			"rotation": {"angle": 0, "axis": "y", "origin": [0.25, 0, 7.9375]},
			"faces": {
				"north": {"uv": [8.75, 15.125, 8.625, 15.5], "texture": "#1"},
				"east": {"uv": [8.625, 15.125, 8.75, 15.5], "texture": "#1"},
				"south": {"uv": [8.625, 15.125, 8.75, 15.5], "texture": "#1"},
				"west": {"uv": [8.625, 15.125, 8.75, 15.5], "texture": "#1"},
				"up": {"uv": [8.625, 15.125, 8.75, 15.25], "texture": "#1"},
				"down": {"uv": [8.625, 15.375, 8.75, 15.5], "texture": "#1"}
			}
		},
		{
			"name": "Zenith_65",
			"from": [8, 0.625, 7.75],
			"to": [8.25, 0.75, 8.25],
			"rotation": {"angle": 0, "axis": "y", "origin": [0.25, 0, 7.9375]},
			"faces": {
				"north": {"uv": [7.25, 15.25, 7, 15.375], "texture": "#1"},
				"east": {"uv": [7.125, 15.25, 7.25, 15.375], "texture": "#1"},
				"south": {"uv": [7, 15.25, 7.25, 15.375], "texture": "#1"},
				"west": {"uv": [7, 15.25, 7.125, 15.375], "texture": "#1"},
				"up": {"uv": [7, 15.25, 7.25, 15.375], "texture": "#1"},
				"down": {"uv": [7, 15.25, 7.25, 15.375], "texture": "#1"}
			}
		},
		{
			"name": "Zenith_66",
			"from": [8.25, 0, 7.875],
			"to": [8.375, 0.75, 8.125],
			"rotation": {"angle": 0, "axis": "y", "origin": [0.25, 0, 7.9375]},
			"faces": {
				"north": {"uv": [8.125, 15.25, 8, 16], "texture": "#1"},
				"east": {"uv": [8, 15.25, 8.125, 16], "texture": "#1"},
				"south": {"uv": [8, 15.25, 8.125, 16], "texture": "#1"},
				"west": {"uv": [8, 15.25, 8.125, 16], "texture": "#1"},
				"up": {"uv": [8, 15.25, 8.125, 15.375], "texture": "#1"},
				"down": {"uv": [8, 15.875, 8.125, 16], "texture": "#1"}
			}
		},
		{
			"name": "Zenith_67",
			"from": [8.75, 0.375, 7.875],
			"to": [8.875, 0.75, 8.125],
			"rotation": {"angle": 0, "axis": "y", "origin": [0.25, 0, 7.9375]},
			"faces": {
				"north": {"uv": [8.625, 15.25, 8.5, 15.625], "texture": "#1"},
				"east": {"uv": [8.5, 15.25, 8.625, 15.625], "texture": "#1"},
				"south": {"uv": [8.5, 15.25, 8.625, 15.625], "texture": "#1"},
				"west": {"uv": [8.5, 15.25, 8.625, 15.625], "texture": "#1"},
				"up": {"uv": [8.5, 15.25, 8.625, 15.375], "texture": "#1"},
				"down": {"uv": [8.5, 15.5, 8.625, 15.625], "texture": "#1"}
			}
		},
		{
			"name": "Zenith_68",
			"from": [8, 0.5, 7.75],
			"to": [8.125, 0.625, 8.25],
			"rotation": {"angle": 0, "axis": "y", "origin": [0.25, 0, 7.9375]},
			"faces": {
				"north": {"uv": [7.125, 15.375, 7, 15.5], "texture": "#1"},
				"east": {"uv": [7, 15.375, 7.125, 15.5], "texture": "#1"},
				"south": {"uv": [7, 15.375, 7.125, 15.5], "texture": "#1"},
				"west": {"uv": [7, 15.375, 7.125, 15.5], "texture": "#1"},
				"up": {"uv": [7, 15.375, 7.125, 15.5], "texture": "#1"},
				"down": {"uv": [7, 15.375, 7.125, 15.5], "texture": "#1"}
			}
		},
		{
			"name": "Zenith_69",
			"from": [8.125, 0, 7.875],
			"to": [8.25, 0.625, 8.125],
			"rotation": {"angle": 0, "axis": "y", "origin": [0.25, 0, 7.9375]},
			"faces": {
				"north": {"uv": [8, 15.375, 7.875, 16], "texture": "#1"},
				"east": {"uv": [7.875, 15.375, 8, 16], "texture": "#1"},
				"south": {"uv": [7.875, 15.375, 8, 16], "texture": "#1"},
				"west": {"uv": [7.875, 15.375, 8, 16], "texture": "#1"},
				"up": {"uv": [7.875, 15.375, 8, 15.5], "texture": "#1"},
				"down": {"uv": [7.875, 15.875, 8, 16], "texture": "#1"}
			}
		},
		{
			"name": "Zenith_70",
			"from": [8.625, 0.25, 7.875],
			"to": [8.75, 0.625, 8.125],
			"rotation": {"angle": 0, "axis": "y", "origin": [0.25, 0, 7.9375]},
			"faces": {
				"north": {"uv": [8.5, 15.375, 8.375, 15.75], "texture": "#1"},
				"east": {"uv": [8.375, 15.375, 8.5, 15.75], "texture": "#1"},
				"south": {"uv": [8.375, 15.375, 8.5, 15.75], "texture": "#1"},
				"west": {"uv": [8.375, 15.375, 8.5, 15.75], "texture": "#1"},
				"up": {"uv": [8.375, 15.375, 8.5, 15.5], "texture": "#1"},
				"down": {"uv": [8.375, 15.625, 8.5, 15.75], "texture": "#1"}
			}
		},
		{
			"name": "Zenith_71",
			"from": [8, 0, 7.875],
			"to": [8.125, 0.5, 8.125],
			"rotation": {"angle": 0, "axis": "y", "origin": [0.25, 0, 7.9375]},
			"faces": {
				"north": {"uv": [7.875, 15.5, 7.75, 16], "texture": "#1"},
				"east": {"uv": [7.75, 15.5, 7.875, 16], "texture": "#1"},
				"south": {"uv": [7.75, 15.5, 7.875, 16], "texture": "#1"},
				"west": {"uv": [7.75, 15.5, 7.875, 16], "texture": "#1"},
				"up": {"uv": [7.75, 15.5, 7.875, 15.625], "texture": "#1"},
				"down": {"uv": [7.75, 15.875, 7.875, 16], "texture": "#1"}
			}
		},
		{
			"name": "Zenith_72",
			"from": [7.875, 0, 7.875],
			"to": [8, 0.25, 8.125],
			"rotation": {"angle": 0, "axis": "y", "origin": [0.25, 0, 7.9375]},
			"faces": {
				"north": {"uv": [7.75, 15.75, 7.625, 16], "texture": "#1"},
				"east": {"uv": [7.625, 15.75, 7.75, 16], "texture": "#1"},
				"south": {"uv": [7.625, 15.75, 7.75, 16], "texture": "#1"},
				"west": {"uv": [7.625, 15.75, 7.75, 16], "texture": "#1"},
				"up": {"uv": [7.625, 15.75, 7.75, 15.875], "texture": "#1"},
				"down": {"uv": [7.625, 15.875, 7.75, 16], "texture": "#1"}
			}
		}
	],
	"gui_light": "front",
	"display": {
		"thirdperson_righthand": {
			"rotation": [0, -90, 0],
			"translation": [0, 10.75, 1],
			"scale": [2.4, 2.4, 2.4]
		},
		"thirdperson_lefthand": {
			"rotation": [0, 90, 0],
			"translation": [0, 10.75, 1],
			"scale": [2.4, 2.4, 2.4]
		},
		"firstperson_righthand": {
			"rotation": [10, -40, 59],
			"translation": [-8.25, 8, 3.25],
			"scale": [1.4, 1.4, 1.4]
		},
		"firstperson_lefthand": {
			"rotation": [10, 140, -59],
			"translation": [-8.25, 8, 3.25],
			"scale": [1.4, 1.4, 1.4]
		},
		"ground": {
			"rotation": [0, 0, 45],
			"translation": [0, 1.5, 0.25]
		},
		"gui": {
			"rotation": [0, 0, -45],
			"translation": [-0.25, -0.25, 0],
			"scale": [1.4, 1.4, 1]
		},
		"head": {
			"rotation": [0, 0, 45],
			"translation": [1.25, 17.75, 0],
			"scale": [2, 2, 2]
		},
		"fixed": {
			"rotation": [0, 0, 90],
			"translation": [2.25, -0.25, -0.5],
			"scale": [4, 4, 4]
		}
	},
	"groups": [
		{
			"name": "Zenith",
			"origin": [8.25, 8, 15.9375],
			"color": 0,
			"children": [
				0,
				1,
				2,
				3,
				4,
				5,
				6,
				7,
				8,
				9,
				10,
				11,
				12,
				13,
				14,
				15,
				16,
				17,
				18,
				19,
				20,
				21,
				22,
				23,
				24,
				25,
				26,
				27,
				28,
				29,
				30,
				31,
				32,
				33,
				34,
				35,
				36,
				37,
				38,
				39,
				40,
				41,
				42,
				43,
				44,
				45,
				46,
				47,
				48,
				49,
				50,
				51,
				52,
				53,
				54,
				55,
				56,
				57,
				58,
				59,
				60,
				61,
				62,
				63,
				64,
				65,
				66,
				67,
				68,
				69,
				70,
				71,
				72
			]
		}
	]
}