{
	"credit": "Made with Blockbench",
	"textures": {
		"1": "item/appleofeden2",
		"2": "item/appleofeden3",
		"3": "item/appleofeden4",
		"4": "item/appleofeden1"
	},
	"elements": [
		{
			"from": [6, 6, 6],
			"to": [10, 10, 10],
			"rotation": {"angle": 0, "axis": "y", "origin": [6, 6, 6]},
			"faces": {
				"north": {"uv": [0, 0, 10, 10], "texture": "#4"},
				"east": {"uv": [0, 0, 10, 10], "texture": "#4"},
				"south": {"uv": [0, 0, 10, 10], "texture": "#4"},
				"west": {"uv": [0, 0, 10, 10], "texture": "#4"},
				"up": {"uv": [0, 0, 10, 10], "texture": "#4"},
				"down": {"uv": [0, 0, 10, 10], "texture": "#4"}
			}
		},
		{
			"from": [9.8, 8.1, 10],
			"to": [10.2, 9.8, 10.2],
			"rotation": {"angle": 0, "axis": "y", "origin": [8, 3.2, 10.2]},
			"faces": {
				"north": {"uv": [0, 4, 1, 4.5], "texture": "#1"},
				"east": {"uv": [0, 4, 1, 4.5], "texture": "#1"},
				"south": {"uv": [0, 4, 1, 4.5], "texture": "#1"},
				"west": {"uv": [0, 4, 1, 4.5], "texture": "#1"},
				"up": {"uv": [0, 4, 1, 4.5], "texture": "#1"},
				"down": {"uv": [0, 4, 1, 4.5], "texture": "#1"}
			}
		},
		{
			"from": [7, 8.4, 10],
			"to": [9, 9, 10.2],
			"rotation": {"angle": 0, "axis": "y", "origin": [4.8, 0, 4.8]},
			"faces": {
				"north": {"uv": [0, 0, 5, 0.5], "texture": "#1"},
				"east": {"uv": [0, 0, 5, 0.5], "texture": "#1"},
				"south": {"uv": [0, 0, 5, 0.5], "texture": "#1"},
				"west": {"uv": [0, 0, 5, 0.5], "texture": "#1"},
				"up": {"uv": [0, 0, 5, 0.5], "texture": "#1"},
				"down": {"uv": [0, 0, 5, 0.5], "texture": "#1"}
			}
		},
		{
			"from": [7, 7, 10],
			"to": [9, 7.6, 10.2],
			"rotation": {"angle": 0, "axis": "y", "origin": [4.8, 0, 4.8]},
			"faces": {
				"north": {"uv": [0, 0, 5, 0.5], "texture": "#1"},
				"east": {"uv": [0, 0, 5, 0.5], "texture": "#1"},
				"south": {"uv": [0, 0, 5, 0.5], "texture": "#1"},
				"west": {"uv": [0, 0, 5, 0.5], "texture": "#1"},
				"up": {"uv": [0, 0, 5, 0.5], "texture": "#1"},
				"down": {"uv": [0, 0, 5, 0.5], "texture": "#1"}
			}
		},
		{
			"from": [7, 7.6, 10],
			"to": [7.6, 8.4, 10.2],
			"rotation": {"angle": 0, "axis": "y", "origin": [4.8, 0, 4.8]},
			"faces": {
				"north": {"uv": [0, 0, 1.5, 0.5], "texture": "#1"},
				"east": {"uv": [0, 0, 1.5, 0.5], "texture": "#1"},
				"south": {"uv": [0, 0, 1.5, 0.5], "texture": "#1"},
				"west": {"uv": [0, 0, 1.5, 0.5], "texture": "#1"},
				"up": {"uv": [0, 0, 1.5, 0.5], "texture": "#1"},
				"down": {"uv": [0, 0, 1.5, 0.5], "texture": "#1"}
			}
		},
		{
			"from": [8.4, 7.6, 10],
			"to": [9, 8.4, 10.2],
			"rotation": {"angle": 0, "axis": "y", "origin": [4.8, 0, 4.8]},
			"faces": {
				"north": {"uv": [0, 0, 1.5, 0.5], "texture": "#1"},
				"east": {"uv": [0, 0, 1.5, 0.5], "texture": "#1"},
				"south": {"uv": [0, 0, 1.5, 0.5], "texture": "#1"},
				"west": {"uv": [0, 0, 1.5, 0.5], "texture": "#1"},
				"up": {"uv": [0, 0, 1.5, 0.5], "texture": "#1"},
				"down": {"uv": [0, 0, 1.5, 0.5], "texture": "#1"}
			}
		},
		{
			"from": [9.2, 8.1, 10],
			"to": [9.8, 9.2, 10.2],
			"rotation": {"angle": 0, "axis": "y", "origin": [8, 3.2, 10.2]},
			"faces": {
				"north": {"uv": [0, 4, 1.5, 4.5], "texture": "#1"},
				"east": {"uv": [0, 4, 1.5, 4.5], "texture": "#1"},
				"south": {"uv": [0, 4, 1.5, 4.5], "texture": "#1"},
				"west": {"uv": [0, 4, 1.5, 4.5], "texture": "#1"},
				"up": {"uv": [0, 4, 1.5, 4.5], "texture": "#1"},
				"down": {"uv": [0, 4, 1.5, 4.5], "texture": "#1"}
			}
		},
		{
			"from": [6.4, 6.8, 10],
			"to": [6.8, 9.6, 10.2],
			"rotation": {"angle": 0, "axis": "y", "origin": [8, 3.2, 10.2]},
			"faces": {
				"north": {"uv": [1.5, 4, 2.5, 4.5], "texture": "#1"},
				"east": {"uv": [1.5, 4, 2.5, 4.5], "texture": "#1"},
				"south": {"uv": [1.5, 4, 2.5, 4.5], "texture": "#1"},
				"west": {"uv": [1.5, 4, 2.5, 4.5], "texture": "#1"},
				"up": {"uv": [1.5, 4, 2.5, 4.5], "texture": "#1"},
				"down": {"uv": [1.5, 4, 2.5, 4.5], "texture": "#1"}
			}
		},
		{
			"from": [5.8, 9.8, 9.7],
			"to": [6, 10.2, 10],
			"rotation": {"angle": 0, "axis": "y", "origin": [8, 3.2, 10.2]},
			"faces": {
				"north": {"uv": [1.5, 5, 2, 5.75], "texture": "#1"},
				"east": {"uv": [1.5, 5, 2, 5.75], "texture": "#1"},
				"south": {"uv": [1.5, 5, 2, 5.75], "texture": "#1"},
				"west": {"uv": [1.5, 5, 2, 5.75], "texture": "#1"},
				"up": {"uv": [1.5, 5, 2, 5.75], "texture": "#1"},
				"down": {"uv": [1.5, 5, 2, 5.75], "texture": "#1"}
			}
		},
		{
			"from": [9.2, 6.8, 10],
			"to": [9.8, 7.9, 10.2],
			"rotation": {"angle": 0, "axis": "y", "origin": [8, 3.2, 10.2]},
			"faces": {
				"north": {"uv": [0, 5, 1.5, 5.5], "texture": "#1"},
				"east": {"uv": [0, 5, 1.5, 5.5], "texture": "#1"},
				"south": {"uv": [0, 5, 1.5, 5.5], "texture": "#1"},
				"west": {"uv": [0, 5, 1.5, 5.5], "texture": "#1"},
				"up": {"uv": [0, 5, 1.5, 5.5], "texture": "#1"},
				"down": {"uv": [0, 5, 1.5, 5.5], "texture": "#1"}
			}
		},
		{
			"from": [9.8, 6.4, 10],
			"to": [10.2, 7.9, 10.2],
			"rotation": {"angle": 0, "axis": "y", "origin": [8, 3.2, 10.2]},
			"faces": {
				"north": {"uv": [0, 5, 1, 5.5], "texture": "#1"},
				"east": {"uv": [0, 5, 1, 5.5], "texture": "#1"},
				"south": {"uv": [0, 5, 1, 5.5], "texture": "#1"},
				"west": {"uv": [0, 5, 1, 5.5], "texture": "#1"},
				"up": {"uv": [0, 5, 1, 5.5], "texture": "#1"},
				"down": {"uv": [0, 5, 1, 5.5], "texture": "#1"}
			}
		},
		{
			"from": [5.8, 5.8, 9.5],
			"to": [10.2, 6, 10.2],
			"rotation": {"angle": 0, "axis": "z", "origin": [8, 3.2, 10.2]},
			"faces": {
				"north": {"uv": [1, 4, 2.75, 15], "rotation": 270, "texture": "#1"},
				"east": {"uv": [1, 4, 2.75, 15], "rotation": 270, "texture": "#1"},
				"south": {"uv": [1, 4, 2.75, 15], "rotation": 270, "texture": "#1"},
				"west": {"uv": [1, 4, 2.75, 15], "rotation": 270, "texture": "#1"},
				"up": {"uv": [1, 4, 2.75, 15], "rotation": 270, "texture": "#1"},
				"down": {"uv": [1, 4, 2.75, 15], "rotation": 270, "texture": "#1"}
			}
		},
		{
			"from": [6.4, 6.4, 10],
			"to": [9.6, 6.8, 10.2],
			"rotation": {"angle": 0, "axis": "z", "origin": [8, 3.2, 10.2]},
			"faces": {
				"north": {"uv": [1, 5, 1.5, 13], "rotation": 270, "texture": "#1"},
				"east": {"uv": [1, 5, 1.5, 13], "rotation": 270, "texture": "#1"},
				"south": {"uv": [1, 5, 1.5, 13], "rotation": 270, "texture": "#1"},
				"west": {"uv": [1, 5, 1.5, 13], "rotation": 270, "texture": "#1"},
				"up": {"uv": [1, 5, 1.5, 13], "rotation": 270, "texture": "#1"},
				"down": {"uv": [1, 5, 1.5, 13], "rotation": 270, "texture": "#1"}
			}
		},
		{
			"from": [6.8, 9.2, 10],
			"to": [9.6, 9.6, 10.2],
			"rotation": {"angle": 0, "axis": "z", "origin": [8, 3.2, 10.2]},
			"faces": {
				"north": {"uv": [0, 5, 0.5, 12], "rotation": 270, "texture": "#1"},
				"east": {"uv": [0, 5, 0.5, 12], "rotation": 270, "texture": "#1"},
				"south": {"uv": [0, 5, 0.5, 12], "rotation": 270, "texture": "#1"},
				"west": {"uv": [0, 5, 0.5, 12], "rotation": 270, "texture": "#1"},
				"up": {"uv": [0, 5, 0.5, 12], "rotation": 270, "texture": "#1"},
				"down": {"uv": [0, 5, 0.5, 12], "rotation": 270, "texture": "#1"}
			}
		},
		{
			"from": [6, 10, 9.7],
			"to": [7.9, 10.2, 10.2],
			"rotation": {"angle": 0, "axis": "z", "origin": [8, 3.2, 10.2]},
			"faces": {
				"north": {"uv": [0, 5, 1.25, 9.75], "rotation": 270, "texture": "#1"},
				"east": {"uv": [0, 5, 1.25, 9.75], "rotation": 270, "texture": "#1"},
				"south": {"uv": [0, 5, 1.25, 9.75], "rotation": 270, "texture": "#1"},
				"west": {"uv": [0, 5, 1.25, 9.75], "rotation": 270, "texture": "#1"},
				"up": {"uv": [0, 5, 1.25, 9.75], "rotation": 270, "texture": "#1"},
				"down": {"uv": [0, 5, 1.25, 9.75], "rotation": 270, "texture": "#1"}
			}
		},
		{
			"from": [8.1, 10, 9.7],
			"to": [10.2, 10.2, 10.2],
			"rotation": {"angle": 0, "axis": "z", "origin": [8, 3.2, 10.2]},
			"faces": {
				"north": {"uv": [0, 7, 1.25, 12.25], "rotation": 270, "texture": "#1"},
				"east": {"uv": [0, 7, 1.25, 12.25], "rotation": 270, "texture": "#1"},
				"south": {"uv": [0, 7, 1.25, 12.25], "rotation": 270, "texture": "#1"},
				"west": {"uv": [0, 7, 1.25, 12.25], "rotation": 270, "texture": "#1"},
				"up": {"uv": [0, 7, 1.25, 12.25], "rotation": 270, "texture": "#1"},
				"down": {"uv": [0, 7, 1.25, 12.25], "rotation": 270, "texture": "#1"}
			}
		},
		{
			"from": [10, 7.6, 5.8],
			"to": [10.2, 10.2, 7.1],
			"rotation": {"angle": 0, "axis": "y", "origin": [8, 3.2, 5.8]},
			"faces": {
				"north": {"uv": [0, 8, 0.5, 11.25], "texture": "#1"},
				"east": {"uv": [0, 8, 0.5, 11.25], "texture": "#1"},
				"south": {"uv": [0, 8, 0.5, 11.25], "texture": "#1"},
				"west": {"uv": [0, 8, 0.5, 11.25], "texture": "#1"},
				"up": {"uv": [0, 8, 0.5, 11.25], "texture": "#1"},
				"down": {"uv": [0, 8, 0.5, 11.25], "texture": "#1"}
			}
		},
		{
			"from": [10, 8.1, 8.1],
			"to": [10.2, 8.8, 8.7],
			"rotation": {"angle": 0, "axis": "y", "origin": [8, 3.2, 10.2]},
			"faces": {
				"north": {"uv": [0, 4, 0.5, 5.5], "texture": "#1"},
				"east": {"uv": [0, 4, 0.5, 5.5], "texture": "#1"},
				"south": {"uv": [0, 4, 0.5, 5.5], "texture": "#1"},
				"west": {"uv": [0, 4, 0.5, 5.5], "texture": "#1"},
				"up": {"uv": [0, 4, 0.5, 5.5], "texture": "#1"},
				"down": {"uv": [0, 4, 0.5, 5.5], "texture": "#1"}
			}
		},
		{
			"from": [10, 8.1, 8.9],
			"to": [10.2, 8.8, 10],
			"rotation": {"angle": 0, "axis": "y", "origin": [8, 3.2, 10.2]},
			"faces": {
				"north": {"uv": [0, 4, 0.5, 6.75], "texture": "#1"},
				"east": {"uv": [0, 4, 0.5, 6.75], "texture": "#1"},
				"south": {"uv": [0, 4, 0.5, 6.75], "texture": "#1"},
				"west": {"uv": [0, 4, 0.5, 6.75], "texture": "#1"},
				"up": {"uv": [0, 4, 0.5, 6.75], "texture": "#1"},
				"down": {"uv": [0, 4, 0.5, 6.75], "texture": "#1"}
			}
		},
		{
			"from": [10, 7.6, 7.1],
			"to": [10.2, 8.8, 7.9],
			"rotation": {"angle": 0, "axis": "y", "origin": [8, 3.2, 5.8]},
			"faces": {
				"north": {"uv": [0, 8, 0.5, 10], "texture": "#1"},
				"east": {"uv": [0, 8, 0.5, 10], "texture": "#1"},
				"south": {"uv": [0, 8, 0.5, 10], "texture": "#1"},
				"west": {"uv": [0, 8, 0.5, 10], "texture": "#1"},
				"up": {"uv": [0, 8, 0.5, 10], "texture": "#1"},
				"down": {"uv": [0, 8, 0.5, 10], "texture": "#1"}
			}
		},
		{
			"from": [10, 6.4, 8.9],
			"to": [10.2, 7.9, 10],
			"rotation": {"angle": 0, "axis": "y", "origin": [8, 3.2, 10.2]},
			"faces": {
				"north": {"uv": [0, 8, 0.5, 10.75], "texture": "#1"},
				"east": {"uv": [0, 8, 0.5, 10.75], "texture": "#1"},
				"south": {"uv": [0, 8, 0.5, 10.75], "texture": "#1"},
				"west": {"uv": [0, 8, 0.5, 10.75], "texture": "#1"},
				"up": {"uv": [0, 8, 0.5, 10.75], "texture": "#1"},
				"down": {"uv": [0, 8, 0.5, 10.75], "texture": "#1"}
			}
		},
		{
			"from": [10, 6.4, 5.8],
			"to": [10.2, 7.4, 8.9],
			"rotation": {"angle": 0, "axis": "y", "origin": [8, 3.2, 10.2]},
			"faces": {
				"north": {"uv": [0, 8, 0.5, 15.75], "texture": "#1"},
				"east": {"uv": [0, 8, 0.5, 15.75], "texture": "#1"},
				"south": {"uv": [0, 8, 0.5, 15.75], "texture": "#1"},
				"west": {"uv": [0, 8, 0.5, 15.75], "texture": "#1"},
				"up": {"uv": [0, 8, 0.5, 15.75], "texture": "#1"},
				"down": {"uv": [0, 8, 0.5, 15.75], "texture": "#1"}
			}
		},
		{
			"from": [10, 7.6, 7.9],
			"to": [10.2, 7.9, 8.7],
			"rotation": {"angle": 0, "axis": "y", "origin": [8, 3.2, 10.2]},
			"faces": {
				"north": {"uv": [0, 8, 0.5, 10], "texture": "#1"},
				"east": {"uv": [0, 8, 0.5, 10], "texture": "#1"},
				"south": {"uv": [0, 8, 0.5, 10], "texture": "#1"},
				"west": {"uv": [0, 8, 0.5, 10], "texture": "#1"},
				"up": {"uv": [0, 8, 0.5, 10], "texture": "#1"},
				"down": {"uv": [0, 8, 0.5, 10], "texture": "#1"}
			}
		},
		{
			"from": [8.9, 5.8, 5.8],
			"to": [10.2, 6, 9.5],
			"rotation": {"angle": 0, "axis": "y", "origin": [8, 3.2, 10.2]},
			"faces": {
				"north": {"uv": [0, 5.5, 3.25, 14.75], "texture": "#1"},
				"east": {"uv": [0, 5.5, 3.25, 14.75], "texture": "#1"},
				"south": {"uv": [0, 5.5, 3.25, 14.75], "texture": "#1"},
				"west": {"uv": [0, 5.5, 3.25, 14.75], "texture": "#1"},
				"up": {"uv": [0, 5.5, 3.25, 14.75], "texture": "#1"},
				"down": {"uv": [0, 5.5, 3.25, 14.75], "texture": "#1"}
			}
		},
		{
			"from": [5.8, 5.8, 5.8],
			"to": [6, 10.2, 7.1],
			"rotation": {"angle": 0, "axis": "y", "origin": [8, 3.2, 5.8]},
			"faces": {
				"north": {"uv": [2, 8, 2.5, 11.25], "texture": "#1"},
				"east": {"uv": [2, 8, 2.5, 11.25], "texture": "#1"},
				"south": {"uv": [2, 8, 2.5, 11.25], "texture": "#1"},
				"west": {"uv": [2, 8, 2.5, 11.25], "texture": "#1"},
				"up": {"uv": [2, 8, 2.5, 11.25], "texture": "#1"},
				"down": {"uv": [2, 8, 2.5, 11.25], "texture": "#1"}
			}
		},
		{
			"from": [8.1, 10, 5.8],
			"to": [10, 10.2, 6.5],
			"rotation": {"angle": 0, "axis": "z", "origin": [8, 3.2, 5.8]},
			"faces": {
				"north": {"uv": [4, 5, 5.75, 9.75], "rotation": 270, "texture": "#1"},
				"east": {"uv": [4, 5, 5.75, 9.75], "rotation": 270, "texture": "#1"},
				"south": {"uv": [4, 5, 5.75, 9.75], "rotation": 270, "texture": "#1"},
				"west": {"uv": [4, 5, 5.75, 9.75], "rotation": 270, "texture": "#1"},
				"up": {"uv": [4, 5, 5.75, 9.75], "rotation": 270, "texture": "#1"},
				"down": {"uv": [4, 5, 5.75, 9.75], "rotation": 270, "texture": "#1"}
			}
		},
		{
			"from": [6, 5.8, 5.8],
			"to": [8.9, 6, 7.1],
			"rotation": {"angle": 0, "axis": "z", "origin": [8, 3.2, 5.8]},
			"faces": {
				"north": {"uv": [7.5, 4, 10.75, 11.25], "rotation": 270, "texture": "#1"},
				"east": {"uv": [7.5, 4, 10.75, 11.25], "rotation": 270, "texture": "#1"},
				"south": {"uv": [7.5, 4, 10.75, 11.25], "rotation": 270, "texture": "#1"},
				"west": {"uv": [7.5, 4, 10.75, 11.25], "rotation": 270, "texture": "#1"},
				"up": {"uv": [7.5, 4, 10.75, 11.25], "rotation": 270, "texture": "#1"},
				"down": {"uv": [7.5, 4, 10.75, 11.25], "rotation": 270, "texture": "#1"}
			}
		},
		{
			"from": [6.4, 6.4, 5.8],
			"to": [9.6, 9.6, 6],
			"rotation": {"angle": 0, "axis": "y", "origin": [8, 3.2, 5.8]},
			"faces": {
				"north": {"uv": [2, 8, 10, 8.5], "texture": "#1"},
				"east": {"uv": [2, 8, 10, 8.5], "texture": "#1"},
				"south": {"uv": [2, 8, 10, 8.5], "texture": "#1"},
				"west": {"uv": [2, 8, 10, 8.5], "texture": "#1"},
				"up": {"uv": [2, 8, 10, 8.5], "texture": "#1"},
				"down": {"uv": [2, 8, 10, 8.5], "texture": "#1"}
			}
		},
		{
			"from": [6, 10, 5.8],
			"to": [7.9, 10.2, 6.5],
			"rotation": {"angle": 0, "axis": "z", "origin": [8, 3.2, 5.8]},
			"faces": {
				"north": {"uv": [4, 9.25, 5.75, 14], "rotation": 270, "texture": "#1"},
				"east": {"uv": [4, 9.25, 5.75, 14], "rotation": 270, "texture": "#1"},
				"south": {"uv": [4, 9.25, 5.75, 14], "rotation": 270, "texture": "#1"},
				"west": {"uv": [4, 9.25, 5.75, 14], "rotation": 270, "texture": "#1"},
				"up": {"uv": [4, 9.25, 5.75, 14], "rotation": 270, "texture": "#1"},
				"down": {"uv": [4, 9.25, 5.75, 14], "rotation": 270, "texture": "#1"}
			}
		},
		{
			"from": [6, 10, 8.9],
			"to": [7.5, 10.2, 9.5],
			"rotation": {"angle": 0, "axis": "y", "origin": [8, 3.2, 10.2]},
			"faces": {
				"north": {"uv": [4.75, 4, 8.5, 5.5], "texture": "#1"},
				"east": {"uv": [4.75, 4, 8.5, 5.5], "texture": "#1"},
				"south": {"uv": [4.75, 4, 8.5, 5.5], "texture": "#1"},
				"west": {"uv": [4.75, 4, 8.5, 5.5], "texture": "#1"},
				"up": {"uv": [4.75, 4, 8.5, 5.5], "texture": "#1"},
				"down": {"uv": [4.75, 4, 8.5, 5.5], "texture": "#1"}
			}
		},
		{
			"from": [6, 10, 8.1],
			"to": [7.5, 10.2, 8.7],
			"rotation": {"angle": 0, "axis": "y", "origin": [8, 3.2, 10.2]},
			"faces": {
				"north": {"uv": [4.75, 4, 8.5, 5.5], "texture": "#1"},
				"east": {"uv": [4.75, 4, 8.5, 5.5], "texture": "#1"},
				"south": {"uv": [4.75, 4, 8.5, 5.5], "texture": "#1"},
				"west": {"uv": [4.75, 4, 8.5, 5.5], "texture": "#1"},
				"up": {"uv": [4.75, 4, 8.5, 5.5], "texture": "#1"},
				"down": {"uv": [4.75, 4, 8.5, 5.5], "texture": "#1"}
			}
		},
		{
			"from": [6, 10, 7.3],
			"to": [7.5, 10.2, 7.9],
			"rotation": {"angle": 0, "axis": "y", "origin": [8, 3.2, 10.2]},
			"faces": {
				"north": {"uv": [4.75, 4, 8.5, 5.5], "texture": "#1"},
				"east": {"uv": [4.75, 4, 8.5, 5.5], "texture": "#1"},
				"south": {"uv": [4.75, 4, 8.5, 5.5], "texture": "#1"},
				"west": {"uv": [4.75, 4, 8.5, 5.5], "texture": "#1"},
				"up": {"uv": [4.75, 4, 8.5, 5.5], "texture": "#1"},
				"down": {"uv": [4.75, 4, 8.5, 5.5], "texture": "#1"}
			}
		},
		{
			"from": [8.1, 10, 8.3],
			"to": [8.5, 10.2, 8.5],
			"rotation": {"angle": 0, "axis": "y", "origin": [8, 3.2, 10.2]},
			"faces": {
				"north": {"uv": [4.75, 4, 5.75, 4.5], "texture": "#1"},
				"east": {"uv": [4.75, 4, 5.75, 4.5], "texture": "#1"},
				"south": {"uv": [4.75, 4, 5.75, 4.5], "texture": "#1"},
				"west": {"uv": [4.75, 4, 5.75, 4.5], "texture": "#1"},
				"up": {"uv": [4.75, 4, 5.75, 4.5], "texture": "#1"},
				"down": {"uv": [4.75, 4, 5.75, 4.5], "texture": "#1"}
			}
		},
		{
			"from": [8.1, 10, 7.5],
			"to": [8.5, 10.2, 7.7],
			"rotation": {"angle": 0, "axis": "y", "origin": [8, 3.2, 10.2]},
			"faces": {
				"north": {"uv": [4.75, 4, 5.75, 4.5], "texture": "#1"},
				"east": {"uv": [4.75, 4, 5.75, 4.5], "texture": "#1"},
				"south": {"uv": [4.75, 4, 5.75, 4.5], "texture": "#1"},
				"west": {"uv": [4.75, 4, 5.75, 4.5], "texture": "#1"},
				"up": {"uv": [4.75, 4, 5.75, 4.5], "texture": "#1"},
				"down": {"uv": [4.75, 4, 5.75, 4.5], "texture": "#1"}
			}
		},
		{
			"from": [6, 10, 6.5],
			"to": [7.9, 10.2, 6.9],
			"rotation": {"angle": 0, "axis": "y", "origin": [8, 3.2, 10.2]},
			"faces": {
				"north": {"uv": [5.75, 4, 10.5, 5], "texture": "#1"},
				"east": {"uv": [5.75, 4, 10.5, 5], "texture": "#1"},
				"south": {"uv": [5.75, 4, 10.5, 5], "texture": "#1"},
				"west": {"uv": [5.75, 4, 10.5, 5], "texture": "#1"},
				"up": {"uv": [5.75, 4, 10.5, 5], "texture": "#1"},
				"down": {"uv": [5.75, 4, 10.5, 5], "texture": "#1"}
			}
		},
		{
			"from": [7.5, 10, 8.3],
			"to": [7.9, 10.2, 8.5],
			"rotation": {"angle": 0, "axis": "y", "origin": [8, 3.2, 10.2]},
			"faces": {
				"north": {"uv": [5.75, 4, 6.75, 4.5], "texture": "#1"},
				"east": {"uv": [5.75, 4, 6.75, 4.5], "texture": "#1"},
				"south": {"uv": [5.75, 4, 6.75, 4.5], "texture": "#1"},
				"west": {"uv": [5.75, 4, 6.75, 4.5], "texture": "#1"},
				"up": {"uv": [5.75, 4, 6.75, 4.5], "texture": "#1"},
				"down": {"uv": [5.75, 4, 6.75, 4.5], "texture": "#1"}
			}
		},
		{
			"from": [7.5, 10, 7.5],
			"to": [7.9, 10.2, 7.7],
			"rotation": {"angle": 0, "axis": "y", "origin": [8, 3.2, 10.2]},
			"faces": {
				"north": {"uv": [5.75, 4, 6.75, 4.5], "texture": "#1"},
				"east": {"uv": [5.75, 4, 6.75, 4.5], "texture": "#1"},
				"south": {"uv": [5.75, 4, 6.75, 4.5], "texture": "#1"},
				"west": {"uv": [5.75, 4, 6.75, 4.5], "texture": "#1"},
				"up": {"uv": [5.75, 4, 6.75, 4.5], "texture": "#1"},
				"down": {"uv": [5.75, 4, 6.75, 4.5], "texture": "#1"}
			}
		},
		{
			"from": [6, 10, 6.9],
			"to": [7.5, 10.2, 7.1],
			"rotation": {"angle": 0, "axis": "y", "origin": [8, 3.2, 10.2]},
			"faces": {
				"north": {"uv": [5.75, 4, 9.5, 4.5], "texture": "#1"},
				"east": {"uv": [5.75, 4, 9.5, 4.5], "texture": "#1"},
				"south": {"uv": [5.75, 4, 9.5, 4.5], "texture": "#1"},
				"west": {"uv": [5.75, 4, 9.5, 4.5], "texture": "#1"},
				"up": {"uv": [5.75, 4, 9.5, 4.5], "texture": "#1"},
				"down": {"uv": [5.75, 4, 9.5, 4.5], "texture": "#1"}
			}
		},
		{
			"from": [8.1, 10, 6.5],
			"to": [10, 10.2, 6.9],
			"rotation": {"angle": 0, "axis": "y", "origin": [8, 3.2, 10.2]},
			"faces": {
				"north": {"uv": [10, 4, 14.75, 5], "texture": "#1"},
				"east": {"uv": [10, 4, 14.75, 5], "texture": "#1"},
				"south": {"uv": [10, 4, 14.75, 5], "texture": "#1"},
				"west": {"uv": [10, 4, 14.75, 5], "texture": "#1"},
				"up": {"uv": [10, 4, 14.75, 5], "texture": "#1"},
				"down": {"uv": [10, 4, 14.75, 5], "texture": "#1"}
			}
		},
		{
			"from": [7.5, 10, 9.1],
			"to": [7.9, 10.2, 9.5],
			"rotation": {"angle": 0, "axis": "y", "origin": [8, 3.2, 10.2]},
			"faces": {
				"north": {"uv": [5.75, 4, 6.75, 5], "texture": "#1"},
				"east": {"uv": [5.75, 4, 6.75, 5], "texture": "#1"},
				"south": {"uv": [5.75, 4, 6.75, 5], "texture": "#1"},
				"west": {"uv": [5.75, 4, 6.75, 5], "texture": "#1"},
				"up": {"uv": [5.75, 4, 6.75, 5], "texture": "#1"},
				"down": {"uv": [5.75, 4, 6.75, 5], "texture": "#1"}
			}
		},
		{
			"from": [8.1, 10, 9.1],
			"to": [8.5, 10.2, 9.5],
			"rotation": {"angle": 0, "axis": "y", "origin": [8, 3.2, 10.2]},
			"faces": {
				"north": {"uv": [4.75, 4, 5.75, 5], "texture": "#1"},
				"east": {"uv": [4.75, 4, 5.75, 5], "texture": "#1"},
				"south": {"uv": [4.75, 4, 5.75, 5], "texture": "#1"},
				"west": {"uv": [4.75, 4, 5.75, 5], "texture": "#1"},
				"up": {"uv": [4.75, 4, 5.75, 5], "texture": "#1"},
				"down": {"uv": [4.75, 4, 5.75, 5], "texture": "#1"}
			}
		},
		{
			"from": [8.5, 10, 6.9],
			"to": [10, 10.2, 7.1],
			"rotation": {"angle": 0, "axis": "y", "origin": [8, 3.2, 10.2]},
			"faces": {
				"north": {"uv": [9, 4, 12.75, 4.5], "texture": "#1"},
				"east": {"uv": [9, 4, 12.75, 4.5], "texture": "#1"},
				"south": {"uv": [9, 4, 12.75, 4.5], "texture": "#1"},
				"west": {"uv": [9, 4, 12.75, 4.5], "texture": "#1"},
				"up": {"uv": [9, 4, 12.75, 4.5], "texture": "#1"},
				"down": {"uv": [9, 4, 12.75, 4.5], "texture": "#1"}
			}
		},
		{
			"from": [6, 5.8, 8.9],
			"to": [8.9, 6, 9.5],
			"rotation": {"angle": 0, "axis": "y", "origin": [8, 3.2, 10.2]},
			"faces": {
				"north": {"uv": [4.75, 5.5, 12, 7], "texture": "#1"},
				"east": {"uv": [4.75, 5.5, 12, 7], "texture": "#1"},
				"south": {"uv": [4.75, 5.5, 12, 7], "texture": "#1"},
				"west": {"uv": [4.75, 5.5, 12, 7], "texture": "#1"},
				"up": {"uv": [4.75, 5.5, 12, 7], "texture": "#1"},
				"down": {"uv": [4.75, 5.5, 12, 7], "texture": "#1"}
			}
		},
		{
			"from": [6, 5.8, 8.1],
			"to": [7.1, 6, 8.7],
			"rotation": {"angle": 0, "axis": "y", "origin": [8, 3.2, 10.2]},
			"faces": {
				"north": {"uv": [4.75, 5.5, 7.5, 7], "texture": "#1"},
				"east": {"uv": [4.75, 5.5, 7.5, 7], "texture": "#1"},
				"south": {"uv": [4.75, 5.5, 7.5, 7], "texture": "#1"},
				"west": {"uv": [4.75, 5.5, 7.5, 7], "texture": "#1"},
				"up": {"uv": [4.75, 5.5, 7.5, 7], "texture": "#1"},
				"down": {"uv": [4.75, 5.5, 7.5, 7], "texture": "#1"}
			}
		},
		{
			"from": [6, 5.8, 7.3],
			"to": [7.1, 6, 7.9],
			"rotation": {"angle": 0, "axis": "y", "origin": [8, 3.2, 10.2]},
			"faces": {
				"north": {"uv": [4.75, 5.5, 7.5, 7], "texture": "#1"},
				"east": {"uv": [4.75, 5.5, 7.5, 7], "texture": "#1"},
				"south": {"uv": [4.75, 5.5, 7.5, 7], "texture": "#1"},
				"west": {"uv": [4.75, 5.5, 7.5, 7], "texture": "#1"},
				"up": {"uv": [4.75, 5.5, 7.5, 7], "texture": "#1"},
				"down": {"uv": [4.75, 5.5, 7.5, 7], "texture": "#1"}
			}
		},
		{
			"from": [5.8, 5.8, 8.9],
			"to": [6, 7, 9.5],
			"rotation": {"angle": 0, "axis": "y", "origin": [8, 3.2, 10.2]},
			"faces": {
				"north": {"uv": [4.75, 5.5, 5.25, 7], "texture": "#1"},
				"east": {"uv": [4.75, 5.5, 5.25, 7], "texture": "#1"},
				"south": {"uv": [4.75, 5.5, 5.25, 7], "texture": "#1"},
				"west": {"uv": [4.75, 5.5, 5.25, 7], "texture": "#1"},
				"up": {"uv": [4.75, 5.5, 5.25, 7], "texture": "#1"},
				"down": {"uv": [4.75, 5.5, 5.25, 7], "texture": "#1"}
			}
		},
		{
			"from": [5.8, 5.8, 7.3],
			"to": [6, 7, 7.9],
			"rotation": {"angle": 0, "axis": "y", "origin": [8, 3.2, 10.2]},
			"faces": {
				"north": {"uv": [4.75, 5.5, 5.25, 7], "texture": "#1"},
				"east": {"uv": [4.75, 5.5, 5.25, 7], "texture": "#1"},
				"south": {"uv": [4.75, 5.5, 5.25, 7], "texture": "#1"},
				"west": {"uv": [4.75, 5.5, 5.25, 7], "texture": "#1"},
				"up": {"uv": [4.75, 5.5, 5.25, 7], "texture": "#1"},
				"down": {"uv": [4.75, 5.5, 5.25, 7], "texture": "#1"}
			}
		},
		{
			"from": [5.8, 5.8, 8.1],
			"to": [6, 7, 8.7],
			"rotation": {"angle": 0, "axis": "y", "origin": [8, 3.2, 10.2]},
			"faces": {
				"north": {"uv": [4.75, 5.5, 5.25, 7], "texture": "#1"},
				"east": {"uv": [4.75, 5.5, 5.25, 7], "texture": "#1"},
				"south": {"uv": [4.75, 5.5, 5.25, 7], "texture": "#1"},
				"west": {"uv": [4.75, 5.5, 5.25, 7], "texture": "#1"},
				"up": {"uv": [4.75, 5.5, 5.25, 7], "texture": "#1"},
				"down": {"uv": [4.75, 5.5, 5.25, 7], "texture": "#1"}
			}
		},
		{
			"from": [5.8, 9, 7.3],
			"to": [6, 10.2, 7.9],
			"rotation": {"angle": 0, "axis": "y", "origin": [8, 3.2, 10.2]},
			"faces": {
				"north": {"uv": [4.75, 4, 5.25, 5.5], "texture": "#1"},
				"east": {"uv": [4.75, 4, 5.25, 5.5], "texture": "#1"},
				"south": {"uv": [4.75, 4, 5.25, 5.5], "texture": "#1"},
				"west": {"uv": [4.75, 4, 5.25, 5.5], "texture": "#1"},
				"up": {"uv": [4.75, 4, 5.25, 5.5], "texture": "#1"},
				"down": {"uv": [4.75, 4, 5.25, 5.5], "texture": "#1"}
			}
		},
		{
			"from": [5.8, 9, 8.1],
			"to": [6, 10.2, 8.7],
			"rotation": {"angle": 0, "axis": "y", "origin": [8, 3.2, 10.2]},
			"faces": {
				"north": {"uv": [4.75, 4, 5.25, 5.5], "texture": "#1"},
				"east": {"uv": [4.75, 4, 5.25, 5.5], "texture": "#1"},
				"south": {"uv": [4.75, 4, 5.25, 5.5], "texture": "#1"},
				"west": {"uv": [4.75, 4, 5.25, 5.5], "texture": "#1"},
				"up": {"uv": [4.75, 4, 5.25, 5.5], "texture": "#1"},
				"down": {"uv": [4.75, 4, 5.25, 5.5], "texture": "#1"}
			}
		},
		{
			"from": [5.8, 9, 8.9],
			"to": [6, 10.2, 9.5],
			"rotation": {"angle": 0, "axis": "y", "origin": [8, 3.2, 10.2]},
			"faces": {
				"north": {"uv": [4.75, 4, 5.25, 5.5], "texture": "#1"},
				"east": {"uv": [4.75, 4, 5.25, 5.5], "texture": "#1"},
				"south": {"uv": [4.75, 4, 5.25, 5.5], "texture": "#1"},
				"west": {"uv": [4.75, 4, 5.25, 5.5], "texture": "#1"},
				"up": {"uv": [4.75, 4, 5.25, 5.5], "texture": "#1"},
				"down": {"uv": [4.75, 4, 5.25, 5.5], "texture": "#1"}
			}
		},
		{
			"from": [5.8, 7.2, 7.1],
			"to": [6, 8.8, 7.9],
			"rotation": {"angle": 0, "axis": "y", "origin": [8, 3.2, 10.2]},
			"faces": {
				"north": {"uv": [4.75, 5.5, 5.25, 7.5], "texture": "#1"},
				"east": {"uv": [4.75, 5.5, 5.25, 7.5], "texture": "#1"},
				"south": {"uv": [4.75, 5.5, 5.25, 7.5], "texture": "#1"},
				"west": {"uv": [4.75, 5.5, 5.25, 7.5], "texture": "#1"},
				"up": {"uv": [4.75, 5.5, 5.25, 7.5], "texture": "#1"},
				"down": {"uv": [4.75, 5.5, 5.25, 7.5], "texture": "#1"}
			}
		},
		{
			"from": [5.8, 7.2, 8.1],
			"to": [6, 8.8, 8.7],
			"rotation": {"angle": 0, "axis": "y", "origin": [8, 3.2, 10.2]},
			"faces": {
				"north": {"uv": [4.75, 5.5, 5.25, 7], "texture": "#1"},
				"east": {"uv": [4.75, 5.5, 5.25, 7], "texture": "#1"},
				"south": {"uv": [4.75, 5.5, 5.25, 7], "texture": "#1"},
				"west": {"uv": [4.75, 5.5, 5.25, 7], "texture": "#1"},
				"up": {"uv": [4.75, 5.5, 5.25, 7], "texture": "#1"},
				"down": {"uv": [4.75, 5.5, 5.25, 7], "texture": "#1"}
			}
		},
		{
			"from": [5.8, 7.2, 8.9],
			"to": [6, 8.8, 9.7],
			"rotation": {"angle": 0, "axis": "y", "origin": [8, 3.2, 10.2]},
			"faces": {
				"north": {"uv": [4.75, 5.5, 5.25, 7.5], "texture": "#1"},
				"east": {"uv": [4.75, 5.5, 5.25, 7.5], "texture": "#1"},
				"south": {"uv": [4.75, 5.5, 5.25, 7.5], "texture": "#1"},
				"west": {"uv": [4.75, 5.5, 5.25, 7.5], "texture": "#1"},
				"up": {"uv": [4.75, 5.5, 5.25, 7.5], "texture": "#1"},
				"down": {"uv": [4.75, 5.5, 5.25, 7.5], "texture": "#1"}
			}
		},
		{
			"from": [5.8, 6.4, 9.7],
			"to": [6, 9.8, 10.2],
			"rotation": {"angle": 0, "axis": "y", "origin": [8, 3.2, 10.2]},
			"faces": {
				"north": {"uv": [1.5, 5, 2, 6.25], "texture": "#1"},
				"east": {"uv": [1.5, 5, 2, 6.25], "texture": "#1"},
				"south": {"uv": [1.5, 5, 2, 6.25], "texture": "#1"},
				"west": {"uv": [1.5, 5, 2, 6.25], "texture": "#1"},
				"up": {"uv": [1.5, 5, 2, 6.25], "texture": "#1"},
				"down": {"uv": [1.5, 5, 2, 6.25], "texture": "#1"}
			}
		},
		{
			"from": [5.8, 6, 10],
			"to": [10.2, 6.2, 10.2],
			"rotation": {"angle": 0, "axis": "z", "origin": [8, 3.2, 10.2]},
			"faces": {
				"north": {"uv": [1, 4, 1.5, 15], "rotation": 270, "texture": "#1"},
				"east": {"uv": [1, 4, 1.5, 15], "rotation": 270, "texture": "#1"},
				"south": {"uv": [1, 4, 1.5, 15], "rotation": 270, "texture": "#1"},
				"west": {"uv": [1, 4, 1.5, 15], "rotation": 270, "texture": "#1"},
				"up": {"uv": [1, 4, 1.5, 15], "rotation": 270, "texture": "#1"},
				"down": {"uv": [1, 4, 1.5, 15], "rotation": 270, "texture": "#1"}
			}
		},
		{
			"from": [6, 9.8, 10],
			"to": [7.9, 10, 10.2],
			"rotation": {"angle": 0, "axis": "z", "origin": [8, 3.2, 10.2]},
			"faces": {
				"north": {"uv": [0, 5, 0.5, 9.75], "rotation": 270, "texture": "#1"},
				"east": {"uv": [0, 5, 0.5, 9.75], "rotation": 270, "texture": "#1"},
				"south": {"uv": [0, 5, 0.5, 9.75], "rotation": 270, "texture": "#1"},
				"west": {"uv": [0, 5, 0.5, 9.75], "rotation": 270, "texture": "#1"},
				"up": {"uv": [0, 5, 0.5, 9.75], "rotation": 270, "texture": "#1"},
				"down": {"uv": [0, 5, 0.5, 9.75], "rotation": 270, "texture": "#1"}
			}
		},
		{
			"from": [8.1, 9.8, 10],
			"to": [10.2, 10, 10.2],
			"rotation": {"angle": 0, "axis": "z", "origin": [8, 3.2, 10.2]},
			"faces": {
				"north": {"uv": [0, 5, 0.5, 10.25], "rotation": 270, "texture": "#1"},
				"east": {"uv": [0, 5, 0.5, 10.25], "rotation": 270, "texture": "#1"},
				"south": {"uv": [0, 5, 0.5, 10.25], "rotation": 270, "texture": "#1"},
				"west": {"uv": [0, 5, 0.5, 10.25], "rotation": 270, "texture": "#1"},
				"up": {"uv": [0, 5, 0.5, 10.25], "rotation": 270, "texture": "#1"},
				"down": {"uv": [0, 5, 0.5, 10.25], "rotation": 270, "texture": "#1"}
			}
		},
		{
			"from": [6.2, 6, 5.8],
			"to": [8.9, 6.2, 6],
			"rotation": {"angle": 0, "axis": "z", "origin": [8, 3.2, 5.8]},
			"faces": {
				"north": {"uv": [7.5, 4, 8, 10.75], "rotation": 270, "texture": "#1"},
				"east": {"uv": [7.5, 4, 8, 10.75], "rotation": 270, "texture": "#1"},
				"south": {"uv": [7.5, 4, 8, 10.75], "rotation": 270, "texture": "#1"},
				"west": {"uv": [7.5, 4, 8, 10.75], "rotation": 270, "texture": "#1"},
				"up": {"uv": [7.5, 4, 8, 10.75], "rotation": 270, "texture": "#1"},
				"down": {"uv": [7.5, 4, 8, 10.75], "rotation": 270, "texture": "#1"}
			}
		},
		{
			"from": [8.9, 6, 5.8],
			"to": [10.2, 6.2, 6],
			"rotation": {"angle": 0, "axis": "z", "origin": [8, 3.2, 5.8]},
			"faces": {
				"north": {"uv": [7.5, 4, 8, 7.25], "rotation": 270, "texture": "#1"},
				"east": {"uv": [7.5, 4, 8, 7.25], "rotation": 270, "texture": "#1"},
				"south": {"uv": [7.5, 4, 8, 7.25], "rotation": 270, "texture": "#1"},
				"west": {"uv": [7.5, 4, 8, 7.25], "rotation": 270, "texture": "#1"},
				"up": {"uv": [7.5, 4, 8, 7.25], "rotation": 270, "texture": "#1"},
				"down": {"uv": [7.5, 4, 8, 7.25], "rotation": 270, "texture": "#1"}
			}
		},
		{
			"from": [10.1, 6, 6],
			"to": [10.2, 6.2, 10],
			"rotation": {"angle": 0, "axis": "y", "origin": [8, 3.2, 10.2]},
			"faces": {
				"north": {"uv": [0, 5.5, 0.25, 15.5], "texture": "#1"},
				"east": {"uv": [0, 5.5, 0.25, 15.5], "texture": "#1"},
				"south": {"uv": [0, 5.5, 0.25, 15.5], "texture": "#1"},
				"west": {"uv": [0, 5.5, 0.25, 15.5], "texture": "#1"},
				"up": {"uv": [0, 5.5, 0.25, 15.5], "texture": "#1"},
				"down": {"uv": [0, 5.5, 0.25, 15.5], "texture": "#1"}
			}
		},
		{
			"from": [6, 6.4, 10],
			"to": [6.2, 9.8, 10.2],
			"rotation": {"angle": 0, "axis": "y", "origin": [8, 3.2, 10.2]},
			"faces": {
				"north": {"uv": [1.5, 4, 2, 4.5], "texture": "#1"},
				"east": {"uv": [1.5, 4, 2, 4.5], "texture": "#1"},
				"south": {"uv": [1.5, 4, 2, 4.5], "texture": "#1"},
				"west": {"uv": [1.5, 4, 2, 4.5], "texture": "#1"},
				"up": {"uv": [1.5, 4, 2, 4.5], "texture": "#1"},
				"down": {"uv": [1.5, 4, 2, 4.5], "texture": "#1"}
			}
		},
		{
			"from": [10, 9, 8.9],
			"to": [10.2, 10, 9.5],
			"rotation": {"angle": 0, "axis": "y", "origin": [8, 3.2, 10.2]},
			"faces": {
				"north": {"uv": [0, 4, 0.5, 5.5], "texture": "#1"},
				"east": {"uv": [0, 4, 0.5, 5.5], "texture": "#1"},
				"south": {"uv": [0, 4, 0.5, 5.5], "texture": "#1"},
				"west": {"uv": [0, 4, 0.5, 5.5], "texture": "#1"},
				"up": {"uv": [0, 4, 0.5, 5.5], "texture": "#1"},
				"down": {"uv": [0, 4, 0.5, 5.5], "texture": "#1"}
			}
		},
		{
			"from": [10, 9, 8.1],
			"to": [10.2, 10, 8.7],
			"rotation": {"angle": 0, "axis": "y", "origin": [8, 3.2, 10.2]},
			"faces": {
				"north": {"uv": [0, 4, 0.5, 5.5], "texture": "#1"},
				"east": {"uv": [0, 4, 0.5, 5.5], "texture": "#1"},
				"south": {"uv": [0, 4, 0.5, 5.5], "texture": "#1"},
				"west": {"uv": [0, 4, 0.5, 5.5], "texture": "#1"},
				"up": {"uv": [0, 4, 0.5, 5.5], "texture": "#1"},
				"down": {"uv": [0, 4, 0.5, 5.5], "texture": "#1"}
			}
		},
		{
			"from": [10, 9, 7.3],
			"to": [10.2, 10, 7.9],
			"rotation": {"angle": 0, "axis": "y", "origin": [8, 3.2, 10.2]},
			"faces": {
				"north": {"uv": [0, 4, 0.5, 5.5], "texture": "#1"},
				"east": {"uv": [0, 4, 0.5, 5.5], "texture": "#1"},
				"south": {"uv": [0, 4, 0.5, 5.5], "texture": "#1"},
				"west": {"uv": [0, 4, 0.5, 5.5], "texture": "#1"},
				"up": {"uv": [0, 4, 0.5, 5.5], "texture": "#1"},
				"down": {"uv": [0, 4, 0.5, 5.5], "texture": "#1"}
			}
		},
		{
			"from": [10, 8.8, 9.7],
			"to": [10.2, 10, 10],
			"rotation": {"angle": 0, "axis": "y", "origin": [8, 3.2, 10.2]},
			"faces": {
				"north": {"uv": [0, 4, 0.5, 4.75], "texture": "#1"},
				"east": {"uv": [0, 4, 0.5, 4.75], "texture": "#1"},
				"south": {"uv": [0, 4, 0.5, 4.75], "texture": "#1"},
				"west": {"uv": [0, 4, 0.5, 4.75], "texture": "#1"},
				"up": {"uv": [0, 4, 0.5, 4.75], "texture": "#1"},
				"down": {"uv": [0, 4, 0.5, 4.75], "texture": "#1"}
			}
		},
		{
			"from": [9.8, 6.4, 5.8],
			"to": [10, 7.4, 6],
			"rotation": {"angle": 0, "axis": "y", "origin": [8, 3.2, 10.2]},
			"faces": {
				"north": {"uv": [0, 8, 0.5, 8.5], "texture": "#1"},
				"east": {"uv": [0, 8, 0.5, 8.5], "texture": "#1"},
				"south": {"uv": [0, 8, 0.5, 8.5], "texture": "#1"},
				"west": {"uv": [0, 8, 0.5, 8.5], "texture": "#1"},
				"up": {"uv": [0, 8, 0.5, 8.5], "texture": "#1"},
				"down": {"uv": [0, 8, 0.5, 8.5], "texture": "#1"}
			}
		},
		{
			"from": [9.8, 7.6, 5.8],
			"to": [10, 10, 6],
			"rotation": {"angle": 0, "axis": "y", "origin": [8, 3.2, 10.2]},
			"faces": {
				"north": {"uv": [0, 8, 0.5, 8.5], "texture": "#1"},
				"east": {"uv": [0, 8, 0.5, 8.5], "texture": "#1"},
				"south": {"uv": [0, 8, 0.5, 8.5], "texture": "#1"},
				"west": {"uv": [0, 8, 0.5, 8.5], "texture": "#1"},
				"up": {"uv": [0, 8, 0.5, 8.5], "texture": "#1"},
				"down": {"uv": [0, 8, 0.5, 8.5], "texture": "#1"}
			}
		},
		{
			"from": [8.1, 9.8, 5.8],
			"to": [9.8, 10, 6],
			"rotation": {"angle": 0, "axis": "y", "origin": [8, 3.2, 10.2]},
			"faces": {
				"north": {"uv": [0, 8, 4.25, 8.5], "texture": "#1"},
				"east": {"uv": [0, 8, 4.25, 8.5], "texture": "#1"},
				"south": {"uv": [0, 8, 4.25, 8.5], "texture": "#1"},
				"west": {"uv": [0, 8, 4.25, 8.5], "texture": "#1"},
				"up": {"uv": [0, 8, 4.25, 8.5], "texture": "#1"},
				"down": {"uv": [0, 8, 4.25, 8.5], "texture": "#1"}
			}
		},
		{
			"from": [6, 9.8, 5.8],
			"to": [7.9, 10, 6],
			"rotation": {"angle": 0, "axis": "y", "origin": [8, 3.2, 10.2]},
			"faces": {
				"north": {"uv": [0, 8, 4.75, 8.5], "texture": "#1"},
				"east": {"uv": [0, 8, 4.75, 8.5], "texture": "#1"},
				"south": {"uv": [0, 8, 4.75, 8.5], "texture": "#1"},
				"west": {"uv": [0, 8, 4.75, 8.5], "texture": "#1"},
				"up": {"uv": [0, 8, 4.75, 8.5], "texture": "#1"},
				"down": {"uv": [0, 8, 4.75, 8.5], "texture": "#1"}
			}
		},
		{
			"from": [5.8, 9.8, 10],
			"to": [6, 10.2, 10.2],
			"rotation": {"angle": 0, "axis": "y", "origin": [8, 3.2, 10.2]},
			"faces": {
				"north": {"uv": [1.5, 5, 2, 5.5], "texture": "#1"},
				"east": {"uv": [1.5, 5, 2, 5.5], "texture": "#1"},
				"south": {"uv": [1.5, 5, 2, 5.5], "texture": "#1"},
				"west": {"uv": [1.5, 5, 2, 5.5], "texture": "#1"},
				"up": {"uv": [1.5, 5, 2, 5.5], "texture": "#1"},
				"down": {"uv": [1.5, 5, 2, 5.5], "texture": "#1"}
			}
		},
		{
			"from": [6, 6, 5.8],
			"to": [6.2, 9.8, 6],
			"rotation": {"angle": 0, "axis": "y", "origin": [8, 3.2, 10.2]},
			"faces": {
				"north": {"uv": [0.5, 8, 1, 8.5], "texture": "#1"},
				"east": {"uv": [0.5, 8, 1, 8.5], "texture": "#1"},
				"south": {"uv": [0.5, 8, 1, 8.5], "texture": "#1"},
				"west": {"uv": [0.5, 8, 1, 8.5], "texture": "#1"},
				"up": {"uv": [0.5, 8, 1, 8.5], "texture": "#1"},
				"down": {"uv": [0.5, 8, 1, 8.5], "texture": "#1"}
			}
		},
		{
			"from": [5.8, 6, 9.5],
			"to": [6, 6.2, 10],
			"rotation": {"angle": 0, "axis": "z", "origin": [8, 3.2, 10.2]},
			"faces": {
				"north": {"uv": [1, 4, 2.25, 4.5], "rotation": 270, "texture": "#1"},
				"east": {"uv": [1, 4, 2.25, 4.5], "rotation": 270, "texture": "#1"},
				"south": {"uv": [1, 4, 2.25, 4.5], "rotation": 270, "texture": "#1"},
				"west": {"uv": [1, 4, 2.25, 4.5], "rotation": 270, "texture": "#1"},
				"up": {"uv": [1, 4, 2.25, 4.5], "rotation": 270, "texture": "#1"},
				"down": {"uv": [1, 4, 2.25, 4.5], "rotation": 270, "texture": "#1"}
			}
		},
		{
			"from": [8.5, 10, 8.9],
			"to": [10.2, 10.2, 9.5],
			"rotation": {"angle": 0, "axis": "y", "origin": [8, 3.2, 10.2]},
			"faces": {
				"north": {"uv": [0, 4, 4.25, 5.5], "texture": "#1"},
				"east": {"uv": [0, 4, 4.25, 5.5], "texture": "#1"},
				"south": {"uv": [0, 4, 4.25, 5.5], "texture": "#1"},
				"west": {"uv": [0, 4, 4.25, 5.5], "texture": "#1"},
				"up": {"uv": [0, 4, 4.25, 5.5], "texture": "#1"},
				"down": {"uv": [0, 4, 4.25, 5.5], "texture": "#1"}
			}
		},
		{
			"from": [8.5, 10, 8.1],
			"to": [10.2, 10.2, 8.7],
			"rotation": {"angle": 0, "axis": "y", "origin": [8, 3.2, 10.2]},
			"faces": {
				"north": {"uv": [0, 4, 4.25, 5.5], "texture": "#1"},
				"east": {"uv": [0, 4, 4.25, 5.5], "texture": "#1"},
				"south": {"uv": [0, 4, 4.25, 5.5], "texture": "#1"},
				"west": {"uv": [0, 4, 4.25, 5.5], "texture": "#1"},
				"up": {"uv": [0, 4, 4.25, 5.5], "texture": "#1"},
				"down": {"uv": [0, 4, 4.25, 5.5], "texture": "#1"}
			}
		},
		{
			"from": [8.5, 10, 7.3],
			"to": [10.2, 10.2, 7.9],
			"rotation": {"angle": 0, "axis": "y", "origin": [8, 3.2, 10.2]},
			"faces": {
				"north": {"uv": [0, 4, 4.25, 5.5], "texture": "#1"},
				"east": {"uv": [0, 4, 4.25, 5.5], "texture": "#1"},
				"south": {"uv": [0, 4, 4.25, 5.5], "texture": "#1"},
				"west": {"uv": [0, 4, 4.25, 5.5], "texture": "#1"},
				"up": {"uv": [0, 4, 4.25, 5.5], "texture": "#1"},
				"down": {"uv": [0, 4, 4.25, 5.5], "texture": "#1"}
			}
		},
		{
			"from": [7.1, 5.7, 7.1],
			"to": [7.8, 6, 8.9],
			"rotation": {"angle": 0, "axis": "y", "origin": [8.4, 3.2, 10.4]},
			"faces": {
				"north": {"uv": [1.95, 5.5, 3.7, 10], "texture": "#2"},
				"east": {"uv": [1.95, 5.5, 3.7, 10], "texture": "#2"},
				"south": {"uv": [1.95, 5.5, 3.7, 10], "texture": "#2"},
				"west": {"uv": [1.95, 5.5, 3.7, 10], "texture": "#2"},
				"up": {"uv": [1.95, 5.5, 3.7, 10], "texture": "#2"},
				"down": {"uv": [1.95, 5.5, 3.7, 10], "texture": "#2"}
			}
		},
		{
			"from": [7.8, 5.7, 7.1],
			"to": [8.2, 6, 7.8],
			"rotation": {"angle": 0, "axis": "y", "origin": [7.6, 3.2, 10.4]},
			"faces": {
				"north": {"uv": [3.7, 5.5, 4.7, 7.25], "texture": "#2"},
				"east": {"uv": [3.7, 5.5, 4.7, 7.25], "texture": "#2"},
				"south": {"uv": [3.7, 5.5, 4.7, 7.25], "texture": "#2"},
				"west": {"uv": [3.7, 5.5, 4.7, 7.25], "texture": "#2"},
				"up": {"uv": [3.7, 5.5, 4.7, 7.25], "texture": "#2"},
				"down": {"uv": [3.7, 5.5, 4.7, 7.25], "texture": "#2"}
			}
		},
		{
			"from": [8.2, 5.7, 7.1],
			"to": [8.9, 6, 8.9],
			"rotation": {"angle": 0, "axis": "y", "origin": [7.6, 3.2, 10.4]},
			"faces": {
				"north": {"uv": [3.7, 5.5, 1.95, 10], "texture": "#2"},
				"east": {"uv": [3.7, 5.5, 1.95, 10], "texture": "#2"},
				"south": {"uv": [3.7, 5.5, 1.95, 10], "texture": "#2"},
				"west": {"uv": [3.7, 5.5, 1.95, 10], "texture": "#2"},
				"up": {"uv": [3.7, 5.5, 1.95, 10], "texture": "#2"},
				"down": {"uv": [3.7, 5.5, 1.95, 10], "texture": "#2"}
			}
		},
		{
			"from": [7.8, 5.7, 8.2],
			"to": [8.2, 6, 8.9],
			"rotation": {"angle": 0, "axis": "y", "origin": [7.6, 3.2, 5.6]},
			"faces": {
				"north": {"uv": [3.7, 7.25, 4.7, 5.5], "texture": "#2"},
				"east": {"uv": [3.7, 7.25, 4.7, 5.5], "texture": "#2"},
				"south": {"uv": [3.7, 7.25, 4.7, 5.5], "texture": "#2"},
				"west": {"uv": [3.7, 7.25, 4.7, 5.5], "texture": "#2"},
				"up": {"uv": [3.7, 7.25, 4.7, 5.5], "texture": "#2"},
				"down": {"uv": [3.7, 7.25, 4.7, 5.5], "texture": "#2"}
			}
		},
		{
			"from": [7.24, 5.54, 8.2],
			"to": [8.76, 5.7, 8.76],
			"rotation": {"angle": 0, "axis": "y", "origin": [7.6, 3.2, 10.4]},
			"faces": {
				"north": {"uv": [0, 5.5, 3.8, 6.9], "texture": "#2"},
				"east": {"uv": [0, 5.5, 3.8, 6.9], "texture": "#3"},
				"south": {"uv": [0, 5.5, 3.8, 6.9], "texture": "#3"},
				"west": {"uv": [0, 5.5, 3.8, 6.9], "texture": "#3"},
				"up": {"uv": [0, 5.5, 3.8, 6.9], "texture": "#3"},
				"down": {"uv": [0, 5.5, 3.8, 6.9], "texture": "#3"}
			}
		},
		{
			"from": [7.24, 5.54, 7.24],
			"to": [8.76, 5.7, 7.8],
			"rotation": {"angle": 0, "axis": "y", "origin": [7.6, 3.2, 10.4]},
			"faces": {
				"north": {"uv": [0, 5.5, 3.8, 6.9], "texture": "#3"},
				"east": {"uv": [0, 5.5, 3.8, 6.9], "texture": "#3"},
				"south": {"uv": [0, 5.5, 3.8, 6.9], "texture": "#2"},
				"west": {"uv": [0, 5.5, 3.8, 6.9], "texture": "#3"},
				"up": {"uv": [0, 5.5, 3.8, 6.9], "texture": "#3"},
				"down": {"uv": [0, 5.5, 3.8, 6.9], "texture": "#3"}
			}
		},
		{
			"from": [7.24, 5.54, 7.8],
			"to": [7.8, 5.7, 8.2],
			"rotation": {"angle": 0, "axis": "y", "origin": [7.6, 3.2, 10.46]},
			"faces": {
				"north": {"uv": [0, 5.5, 1.4, 6.5], "texture": "#3"},
				"east": {"uv": [0, 5.5, 1.4, 6.5], "texture": "#2"},
				"south": {"uv": [0, 5.5, 1.4, 6.5], "texture": "#3"},
				"west": {"uv": [0, 5.5, 1.4, 6.5], "texture": "#3"},
				"up": {"uv": [0, 5.5, 1.4, 6.5], "texture": "#3"},
				"down": {"uv": [0, 5.5, 1.4, 6.5], "texture": "#3"}
			}
		},
		{
			"from": [8.2, 5.54, 7.8],
			"to": [8.76, 5.7, 8.2],
			"rotation": {"angle": 0, "axis": "y", "origin": [8.4, 3.2, 10.46]},
			"faces": {
				"north": {"uv": [1.9, 5.5, 3.3, 6.5], "texture": "#3"},
				"east": {"uv": [1.9, 5.5, 3.3, 6.5], "texture": "#3"},
				"south": {"uv": [1.9, 5.5, 3.3, 6.5], "texture": "#3"},
				"west": {"uv": [1.9, 5.5, 3.3, 6.5], "texture": "#2"},
				"up": {"uv": [1.9, 5.5, 3.3, 6.5], "texture": "#3"},
				"down": {"uv": [1.9, 5.5, 3.3, 6.5], "texture": "#3"}
			}
		}
	],
	"display": {
		"thirdperson_righthand": {
			"rotation": [-28, 57, 44],
			"translation": [-1.5, 1.25, 0.5],
			"scale": [1, 1, 1.01]
		},
		"thirdperson_lefthand": {
			"rotation": [-28, 57, 44],
			"translation": [-1.5, 1.25, 0.5],
			"scale": [1, 1, 1.01]
		},
		"firstperson_righthand": {
			"rotation": [0, 19, 20],
			"translation": [0, 3, 1.5]
		},
		"firstperson_lefthand": {
			"rotation": [0, 19, 20],
			"translation": [0, 3, 1.5]
		},
		"gui": {
			"rotation": [32, 32, 0],
			"scale": [1.7, 1.7, 1.7]
		},
		"head": {
			"translation": [0, 10.75, 0],
			"scale": [1.6, 1.6, 1.6]
		},
		"fixed": {
			"rotation": [-90, 0, 0],
			"translation": [0, 0, -4.5],
			"scale": [2, 2, 2]
		}
	},
	"groups": [
		0,
		{
			"name": "group",
			"origin": [8, 8, 13.5],
			"color": 0,
			"children": [1, 2, 3, 4, 5, 6, 7, 8, 9, 10, 11, 12, 13, 14, 15, 16, 17, 18, 19, 20, 21, 22, 23, 24, 25, 26, 27, 28, 29, 30, 31, 32, 33, 34, 35, 36, 37, 38, 39, 40, 41, 42, 43, 44, 45, 46, 47, 48, 49, 50, 51, 52, 53, 54, 55, 56, 57, 58, 59, 60, 61, 62, 63, 64, 65, 66, 67, 68, 69, 70, 71, 72, 73, 74, 75, 76, 77, 78, 79, 80, 81, 82, 83]
		}
	]
}