{
	"credit": "Made with Blockbench",
	"textures": {
		"0": "item/assassin_token1",
		"1": "item/assassin_token2",
		"2": "item/assassin_token3",
		"particle": "item/assassin_token1"
	},
	"elements": [
		{
			"from": [8.44387, 7.06147, 7.65],
			"to": [8.66707, 9.39427, 8.35],
			"rotation": {"angle": 22.5, "axis": "z", "origin": [8, 8, 7.95]},
			"faces": {
				"north": {"uv": [0, 7, 0.025, 0], "texture": "#1"},
				"east": {"uv": [0.025, 0, 0, 7], "rotation": 270, "texture": "#1"},
				"south": {"uv": [0, 7, 0.025, 0], "rotation": 180, "texture": "#1"},
				"west": {"uv": [0.025, 0, 0, 7], "rotation": 90, "texture": "#1"},
				"up": {"uv": [0, 7, 0.025, 0], "texture": "#1"},
				"down": {"uv": [0, 7, 0.025, 0], "rotation": 180, "texture": "#1"}
			}
		},
		{
			"from": [8.76869, 7.06793, 7.65],
			"to": [9.22229, 7.62953, 8.35],
			"rotation": {"angle": 0, "axis": "z", "origin": [8, 8, 7.95]},
			"faces": {
				"north": {"uv": [1.025, 0.45, 1.05, 0], "texture": "#1"},
				"east": {"uv": [1.05, 0, 1.025, 0.45], "rotation": 270, "texture": "#1"},
				"south": {"uv": [1.025, 0.45, 1.05, 0], "rotation": 180, "texture": "#1"},
				"west": {"uv": [1.05, 0, 1.025, 0.45], "rotation": 90, "texture": "#1"},
				"up": {"uv": [1.025, 0.45, 1.05, 0], "texture": "#1"},
				"down": {"uv": [1.025, 0.45, 1.05, 0], "rotation": 180, "texture": "#1"}
			}
		},
		{
			"from": [9.02499, 7.33398, 7.65],
			"to": [9.06819, 7.53558, 8.35],
			"rotation": {"angle": -22.5, "axis": "z", "origin": [8, 8, 7.95]},
			"faces": {
				"north": {"uv": [1.025, 0.7, 1.05, 0], "texture": "#1"},
				"east": {"uv": [1.05, 0, 1.025, 0.7], "rotation": 270, "texture": "#1"},
				"south": {"uv": [1.025, 0.7, 1.05, 0], "rotation": 180, "texture": "#1"},
				"west": {"uv": [1.05, 0, 1.025, 0.7], "rotation": 90, "texture": "#1"},
				"up": {"uv": [1.025, 0.7, 1.05, 0], "texture": "#1"},
				"down": {"uv": [1.025, 0.7, 1.05, 0], "rotation": 180, "texture": "#1"}
			}
		},
		{
			"from": [7.50608, 6.67632, 7.65],
			"to": [7.91648, 6.79872, 8.35],
			"rotation": {"angle": 45, "axis": "z", "origin": [8, 8, 7.95]},
			"faces": {
				"north": {"uv": [1.025, 0.95, 1.05, 0], "rotation": 270, "texture": "#1"},
				"east": {"uv": [1.025, 0.95, 1.05, 0], "rotation": 90, "texture": "#1"},
				"south": {"uv": [1.025, 0.95, 1.05, 0], "rotation": 270, "texture": "#1"},
				"west": {"uv": [1.025, 0.95, 1.05, 0], "rotation": 270, "texture": "#1"},
				"up": {"uv": [1.05, 0, 1.025, 0.95], "rotation": 180, "texture": "#1"},
				"down": {"uv": [1.05, 0, 1.025, 0.95], "texture": "#1"}
			}
		},
		{
			"from": [7.66055, 6.69448, 7.65],
			"to": [8.00615, 6.70168, 8.35],
			"rotation": {"angle": 22.5, "axis": "z", "origin": [8, 8, 7.95]},
			"faces": {
				"north": {"uv": [1.025, 1.2, 1, 2.4], "rotation": 90, "texture": "#1"},
				"east": {"uv": [1, 2.4, 1.025, 1.2], "texture": "#1"},
				"south": {"uv": [1.025, 1.2, 1, 2.4], "rotation": 270, "texture": "#1"},
				"west": {"uv": [1, 2.4, 1.025, 1.2], "rotation": 180, "texture": "#1"},
				"up": {"uv": [1.025, 1.2, 1, 2.4], "rotation": 90, "texture": "#1"},
				"down": {"uv": [1.025, 1.2, 1, 2.4], "rotation": 270, "texture": "#1"}
			}
		},
		{
			"from": [8.18598, 6.66396, 7.65],
			"to": [8.50278, 6.67116, 8.35],
			"rotation": {"angle": 0, "axis": "z", "origin": [8, 8, 7.95]},
			"faces": {
				"north": {"uv": [1.025, 1.2, 1, 2.3], "rotation": 90, "texture": "#1"},
				"east": {"uv": [1, 2.3, 1.025, 1.2], "texture": "#1"},
				"south": {"uv": [1.025, 1.2, 1, 2.3], "rotation": 270, "texture": "#1"},
				"west": {"uv": [1, 2.3, 1.025, 1.2], "rotation": 180, "texture": "#1"},
				"up": {"uv": [1.025, 1.2, 1, 2.3], "rotation": 90, "texture": "#1"},
				"down": {"uv": [1.025, 1.2, 1, 2.3], "rotation": 270, "texture": "#1"}
			}
		},
		{
			"from": [7.95323, 6.57325, 7.65],
			"to": [8.35643, 6.69565, 8.35],
			"rotation": {"angle": 22.5, "axis": "z", "origin": [8, 8, 7.95]},
			"faces": {
				"north": {"uv": [1.025, 1.2, 1, 2.6], "rotation": 90, "texture": "#1"},
				"east": {"uv": [1, 2.6, 1.025, 1.2], "texture": "#1"},
				"south": {"uv": [1.025, 1.2, 1, 2.6], "rotation": 270, "texture": "#1"},
				"west": {"uv": [1, 2.6, 1.025, 1.2], "rotation": 180, "texture": "#1"},
				"up": {"uv": [1.025, 1.2, 1, 2.6], "rotation": 90, "texture": "#1"},
				"down": {"uv": [1.025, 1.2, 1, 2.6], "rotation": 270, "texture": "#1"}
			}
		},
		{
			"from": [7.78331, 6.54546, 7.65],
			"to": [8.12171, 6.77586, 8.35],
			"rotation": {"angle": 45, "axis": "z", "origin": [8, 8, 7.95]},
			"faces": {
				"north": {"uv": [1.025, 1.2, 1, 2.35], "rotation": 90, "texture": "#1"},
				"east": {"uv": [1, 2.35, 1.025, 1.2], "texture": "#1"},
				"south": {"uv": [1.025, 1.2, 1, 2.35], "rotation": 270, "texture": "#1"},
				"west": {"uv": [1, 2.35, 1.025, 1.2], "rotation": 180, "texture": "#1"},
				"up": {"uv": [1.025, 1.2, 1, 2.35], "rotation": 90, "texture": "#1"},
				"down": {"uv": [1.025, 1.2, 1, 2.35], "rotation": 270, "texture": "#1"}
			}
		},
		{
			"from": [8.65966, 6.69945, 7.65],
			"to": [8.84686, 6.85065, 8.35],
			"rotation": {"angle": 22.5, "axis": "z", "origin": [8, 8, 7.95]},
			"faces": {
				"north": {"uv": [1.025, 1.2, 1, 1.35], "rotation": 90, "texture": "#1"},
				"east": {"uv": [1, 1.35, 1.025, 1.2], "texture": "#1"},
				"south": {"uv": [1.025, 1.2, 1, 1.35], "rotation": 270, "texture": "#1"},
				"west": {"uv": [1, 1.35, 1.025, 1.2], "rotation": 180, "texture": "#1"},
				"up": {"uv": [1.025, 1.2, 1, 1.35], "rotation": 90, "texture": "#1"},
				"down": {"uv": [1.025, 1.2, 1, 1.35], "rotation": 270, "texture": "#1"}
			}
		},
		{
			"from": [9.1443, 7.06687, 7.65],
			"to": [9.2595, 7.16047, 8.35],
			"rotation": {"angle": 0, "axis": "z", "origin": [8, 8, 7.95]},
			"faces": {
				"north": {"uv": [1.025, 1.2, 1, 1.6], "rotation": 90, "texture": "#1"},
				"east": {"uv": [1, 1.6, 1.025, 1.2], "texture": "#1"},
				"south": {"uv": [1.025, 1.2, 1, 1.6], "rotation": 270, "texture": "#1"},
				"west": {"uv": [1, 1.6, 1.025, 1.2], "rotation": 180, "texture": "#1"},
				"up": {"uv": [1.025, 1.2, 1, 1.6], "rotation": 90, "texture": "#1"},
				"down": {"uv": [1.025, 1.2, 1, 1.6], "rotation": 270, "texture": "#1"}
			}
		},
		{
			"from": [9.51797, 7.61935, 7.65],
			"to": [9.56837, 7.62655, 8.35],
			"rotation": {"angle": -22.5, "axis": "z", "origin": [8, 8, 7.95]},
			"faces": {
				"north": {"uv": [1.025, 1.2, 1, 1.375], "rotation": 90, "texture": "#1"},
				"east": {"uv": [1, 1.375, 1.025, 1.2], "texture": "#1"},
				"south": {"uv": [1.025, 1.2, 1, 1.375], "rotation": 270, "texture": "#1"},
				"west": {"uv": [1, 1.375, 1.025, 1.2], "rotation": 180, "texture": "#1"},
				"up": {"uv": [1.025, 1.2, 1, 1.375], "rotation": 90, "texture": "#1"},
				"down": {"uv": [1.025, 1.2, 1, 1.375], "rotation": 270, "texture": "#1"}
			}
		},
		{
			"from": [8.83984, 6.62183, 7.65],
			"to": [8.84704, 6.85223, 8.35],
			"rotation": {"angle": 22.5, "axis": "z", "origin": [8, 8, 7.95]},
			"faces": {
				"north": {"uv": [1, 2, 1.025, 1.2], "rotation": 180, "texture": "#1"},
				"east": {"uv": [1.025, 1.2, 1, 2], "rotation": 90, "texture": "#1"},
				"south": {"uv": [1, 2, 1.025, 1.2], "texture": "#1"},
				"west": {"uv": [1.025, 1.2, 1, 2], "rotation": 270, "texture": "#1"},
				"up": {"uv": [1, 2, 1.025, 1.2], "rotation": 180, "texture": "#1"},
				"down": {"uv": [1, 2, 1.025, 1.2], "texture": "#1"}
			}
		},
		{
			"from": [9.33381, 7.95521, 7.65],
			"to": [9.34101, 8.21441, 8.35],
			"rotation": {"angle": -22.5, "axis": "z", "origin": [8, 8, 7.95]},
			"faces": {
				"north": {"uv": [1, 2.1, 1.025, 1.2], "rotation": 180, "texture": "#1"},
				"east": {"uv": [1.025, 1.2, 1, 2.1], "rotation": 90, "texture": "#1"},
				"south": {"uv": [1, 2.1, 1.025, 1.2], "texture": "#1"},
				"west": {"uv": [1.025, 1.2, 1, 2.1], "rotation": 270, "texture": "#1"},
				"up": {"uv": [1, 2.1, 1.025, 1.2], "rotation": 180, "texture": "#1"},
				"down": {"uv": [1, 2.1, 1.025, 1.2], "texture": "#1"}
			}
		},
		{
			"from": [8.94356, 7.20127, 7.65],
			"to": [9.09476, 7.20847, 8.35],
			"rotation": {"angle": 22.5, "axis": "z", "origin": [8, 8, 7.95]},
			"faces": {
				"north": {"uv": [1.025, 1.2, 1, 1.725], "rotation": 270, "texture": "#1"},
				"east": {"uv": [1, 1.725, 1.025, 1.2], "rotation": 180, "texture": "#1"},
				"south": {"uv": [1.025, 1.2, 1, 1.725], "rotation": 90, "texture": "#1"},
				"west": {"uv": [1, 1.725, 1.025, 1.2], "texture": "#1"},
				"up": {"uv": [1.025, 1.2, 1, 1.725], "rotation": 270, "texture": "#1"},
				"down": {"uv": [1.025, 1.2, 1, 1.725], "rotation": 90, "texture": "#1"}
			}
		},
		{
			"from": [8.875, 7.46475, 7.65],
			"to": [9.2278, 7.63035, 8.35],
			"rotation": {"angle": 0, "axis": "z", "origin": [8, 8, 7.95]},
			"faces": {
				"north": {"uv": [1.025, 1.2, 1, 1.75], "rotation": 270, "texture": "#1"},
				"east": {"uv": [1, 1.75, 1.025, 1.2], "rotation": 180, "texture": "#1"},
				"south": {"uv": [1.025, 1.2, 1, 1.75], "rotation": 90, "texture": "#1"},
				"west": {"uv": [1, 1.75, 1.025, 1.2], "texture": "#1"},
				"up": {"uv": [1.025, 1.2, 1, 1.75], "rotation": 270, "texture": "#1"},
				"down": {"uv": [1.025, 1.2, 1, 1.75], "rotation": 90, "texture": "#1"}
			}
		},
		{
			"from": [8.93445, 7.99139, 7.65],
			"to": [9.08565, 8.04899, 8.35],
			"rotation": {"angle": -22.5, "axis": "z", "origin": [8, 8, 7.95]},
			"faces": {
				"north": {"uv": [1.025, 1.2, 1, 1.65], "rotation": 270, "texture": "#1"},
				"east": {"uv": [1, 1.65, 1.025, 1.2], "rotation": 180, "texture": "#1"},
				"south": {"uv": [1.025, 1.2, 1, 1.65], "rotation": 90, "texture": "#1"},
				"west": {"uv": [1, 1.65, 1.025, 1.2], "texture": "#1"},
				"up": {"uv": [1.025, 1.2, 1, 1.65], "rotation": 270, "texture": "#1"},
				"down": {"uv": [1.025, 1.2, 1, 1.65], "rotation": 90, "texture": "#1"}
			}
		},
		{
			"from": [8.35408, 7.13273, 7.65],
			"to": [8.41168, 7.23353, 8.35],
			"rotation": {"angle": 45, "axis": "z", "origin": [8, 8, 7.95]},
			"faces": {
				"north": {"uv": [1.025, 1.2, 1, 1.55], "rotation": 180, "texture": "#1"},
				"east": {"uv": [1.025, 1.2, 1, 1.55], "texture": "#1"},
				"south": {"uv": [1.025, 1.2, 1, 1.55], "rotation": 180, "texture": "#1"},
				"west": {"uv": [1.025, 1.2, 1, 1.55], "rotation": 180, "texture": "#1"},
				"up": {"uv": [1, 1.55, 1.025, 1.2], "rotation": 90, "texture": "#1"},
				"down": {"uv": [1, 1.55, 1.025, 1.2], "rotation": 270, "texture": "#1"}
			}
		},
		{
			"from": [8.667, 7.44665, 7.65],
			"to": [8.6742, 9.62105, 8.35],
			"rotation": {"angle": 22.5, "axis": "z", "origin": [8, 8, 7.95]},
			"faces": {
				"north": {"uv": [1, 8.75, 1.025, 1.2], "rotation": 180, "texture": "#1"},
				"east": {"uv": [1.025, 1.2, 1, 8.75], "rotation": 90, "texture": "#1"},
				"south": {"uv": [1, 8.75, 1.025, 1.2], "texture": "#1"},
				"west": {"uv": [1.025, 1.2, 1, 8.75], "rotation": 270, "texture": "#1"},
				"up": {"uv": [1, 8.75, 1.025, 1.2], "rotation": 180, "texture": "#1"},
				"down": {"uv": [1, 8.75, 1.025, 1.2], "texture": "#1"}
			}
		},
		{
			"from": [9.21514, 7.261, 7.65],
			"to": [9.22234, 7.4482, 8.35],
			"rotation": {"angle": 0, "axis": "z", "origin": [8, 8, 7.95]},
			"faces": {
				"north": {"uv": [1, 1.85, 1.025, 1.2], "rotation": 180, "texture": "#1"},
				"east": {"uv": [1.025, 1.2, 1, 1.85], "rotation": 90, "texture": "#1"},
				"south": {"uv": [1, 1.85, 1.025, 1.2], "texture": "#1"},
				"west": {"uv": [1.025, 1.2, 1, 1.85], "rotation": 270, "texture": "#1"},
				"up": {"uv": [1, 1.85, 1.025, 1.2], "rotation": 180, "texture": "#1"},
				"down": {"uv": [1, 1.85, 1.025, 1.2], "texture": "#1"}
			}
		},
		{
			"from": [7.48497, 6.65217, 7.65],
			"to": [7.49217, 6.76737, 8.35],
			"rotation": {"angle": 22.5, "axis": "z", "origin": [8, 8, 7.95]},
			"faces": {
				"north": {"uv": [1, 1.6, 1.025, 1.2], "rotation": 180, "texture": "#1"},
				"east": {"uv": [1.025, 1.2, 1, 1.6], "rotation": 90, "texture": "#1"},
				"south": {"uv": [1, 1.6, 1.025, 1.2], "texture": "#1"},
				"west": {"uv": [1.025, 1.2, 1, 1.6], "rotation": 270, "texture": "#1"},
				"up": {"uv": [1, 1.6, 1.025, 1.2], "rotation": 180, "texture": "#1"},
				"down": {"uv": [1, 1.6, 1.025, 1.2], "texture": "#1"}
			}
		},
		{
			"from": [6.81507, 6.81507, 7.65],
			"to": [7.01559, 7.01559, 8.35],
			"rotation": {"angle": 45, "axis": "z", "origin": [8, 8, 7.95]},
			"faces": {
				"north": {"uv": [1, 1.45, 1.025, 1.2], "rotation": 180, "texture": "#1"},
				"east": {"uv": [1.025, 1.2, 1, 1.45], "rotation": 90, "texture": "#1"},
				"south": {"uv": [1, 1.45, 1.025, 1.2], "texture": "#1"},
				"west": {"uv": [1.025, 1.2, 1, 1.45], "rotation": 270, "texture": "#1"},
				"up": {"uv": [1, 1.45, 1.025, 1.2], "rotation": 180, "texture": "#1"},
				"down": {"uv": [1, 1.45, 1.025, 1.2], "texture": "#1"}
			}
		},
		{
			"from": [8.6554, 6.51121, 7.65],
			"to": [8.7922, 6.66241, 8.35],
			"rotation": {"angle": -22.5, "axis": "z", "origin": [8, 8, 7.95]},
			"faces": {
				"north": {"uv": [1.025, 1.2, 1, 1.6], "rotation": 270, "texture": "#1"},
				"east": {"uv": [1, 1.6, 1.025, 1.2], "rotation": 180, "texture": "#1"},
				"south": {"uv": [1.025, 1.2, 1, 1.6], "rotation": 90, "texture": "#1"},
				"west": {"uv": [1, 1.6, 1.025, 1.2], "texture": "#1"},
				"up": {"uv": [1.025, 1.2, 1, 1.6], "rotation": 270, "texture": "#1"},
				"down": {"uv": [1.025, 1.2, 1, 1.6], "rotation": 90, "texture": "#1"}
			}
		},
		{
			"from": [8.19731, 6.44108, 7.65],
			"to": [8.54291, 6.46988, 8.35],
			"rotation": {"angle": 0, "axis": "z", "origin": [8, 8, 7.95]},
			"faces": {
				"north": {"uv": [1.025, 1.2, 1, 2.4], "rotation": 270, "texture": "#1"},
				"east": {"uv": [1, 2.4, 1.025, 1.2], "rotation": 180, "texture": "#1"},
				"south": {"uv": [1.025, 1.2, 1, 2.4], "rotation": 90, "texture": "#1"},
				"west": {"uv": [1, 2.4, 1.025, 1.2], "texture": "#1"},
				"up": {"uv": [1.025, 1.2, 1, 2.4], "rotation": 270, "texture": "#1"},
				"down": {"uv": [1.025, 1.2, 1, 2.4], "rotation": 90, "texture": "#1"}
			}
		},
		{
			"from": [7.91328, 6.37194, 7.65],
			"to": [8.38848, 6.37914, 8.35],
			"rotation": {"angle": 22.5, "axis": "z", "origin": [8, 8, 7.95]},
			"faces": {
				"north": {"uv": [1.025, 1.2, 1, 2.85], "rotation": 270, "texture": "#1"},
				"east": {"uv": [1, 2.85, 1.025, 1.2], "rotation": 180, "texture": "#1"},
				"south": {"uv": [1.025, 1.2, 1, 2.85], "rotation": 90, "texture": "#1"},
				"west": {"uv": [1, 2.85, 1.025, 1.2], "texture": "#1"},
				"up": {"uv": [1.025, 1.2, 1, 2.85], "rotation": 270, "texture": "#1"},
				"down": {"uv": [1.025, 1.2, 1, 2.85], "rotation": 90, "texture": "#1"}
			}
		},
		{
			"from": [7.44788, 6.34721, 7.65],
			"to": [7.73588, 6.35441, 8.35],
			"rotation": {"angle": 45, "axis": "z", "origin": [8, 8, 7.95]},
			"faces": {
				"north": {"uv": [1.025, 1.2, 1, 2.2], "rotation": 270, "texture": "#1"},
				"east": {"uv": [1, 2.2, 1.025, 1.2], "rotation": 180, "texture": "#1"},
				"south": {"uv": [1.025, 1.2, 1, 2.2], "rotation": 90, "texture": "#1"},
				"west": {"uv": [1, 2.2, 1.025, 1.2], "texture": "#1"},
				"up": {"uv": [1.025, 1.2, 1, 2.2], "rotation": 270, "texture": "#1"},
				"down": {"uv": [1.025, 1.2, 1, 2.2], "rotation": 90, "texture": "#1"}
			}
		},
		{
			"from": [7.8056, 6.26172, 7.65],
			"to": [8.1224, 6.37692, 8.35],
			"rotation": {"angle": 22.5, "axis": "z", "origin": [8, 8, 7.95]},
			"faces": {
				"north": {"uv": [1.025, 1.2, 1, 2.3], "rotation": 270, "texture": "#1"},
				"east": {"uv": [1, 2.3, 1.025, 1.2], "rotation": 180, "texture": "#1"},
				"south": {"uv": [1.025, 1.2, 1, 2.3], "rotation": 90, "texture": "#1"},
				"west": {"uv": [1, 2.3, 1.025, 1.2], "texture": "#1"},
				"up": {"uv": [1.025, 1.2, 1, 2.3], "rotation": 270, "texture": "#1"},
				"down": {"uv": [1.025, 1.2, 1, 2.3], "rotation": 90, "texture": "#1"}
			}
		},
		{
			"from": [7.51439, 6.31965, 7.65],
			"to": [8.48561, 6.46365, 8.35],
			"rotation": {"angle": 0, "axis": "z", "origin": [8, 8, 7.95]},
			"faces": {
				"north": {"uv": [1.025, 1.2, 1, 4.57226], "rotation": 270, "texture": "#1"},
				"east": {"uv": [1, 4.57226, 1.025, 1.2], "rotation": 180, "texture": "#1"},
				"south": {"uv": [1.025, 1.2, 1, 4.57226], "rotation": 90, "texture": "#1"},
				"west": {"uv": [1, 4.57226, 1.025, 1.2], "texture": "#1"},
				"up": {"uv": [1.025, 1.2, 1, 4.57226], "rotation": 270, "texture": "#1"},
				"down": {"uv": [1.025, 1.2, 1, 4.57226], "rotation": 90, "texture": "#1"}
			}
		},
		{
			"from": [8.50783, 6.65217, 7.65],
			"to": [8.51503, 6.76737, 8.35],
			"rotation": {"angle": -22.5, "axis": "z", "origin": [8, 8, 7.95]},
			"faces": {
				"north": {"uv": [1.025, 1.6, 1.05, 1.2], "rotation": 180, "texture": "#1"},
				"east": {"uv": [1.05, 1.2, 1.025, 1.6], "rotation": 90, "texture": "#1"},
				"south": {"uv": [1.025, 1.6, 1.05, 1.2], "texture": "#1"},
				"west": {"uv": [1.05, 1.2, 1.025, 1.6], "rotation": 270, "texture": "#1"},
				"up": {"uv": [1.025, 1.6, 1.05, 1.2], "rotation": 180, "texture": "#1"},
				"down": {"uv": [1.025, 1.6, 1.05, 1.2], "texture": "#1"}
			}
		},
		{
			"from": [7.99588, 6.65691, 7.65],
			"to": [8.00412, 6.67598, 8.35],
			"rotation": {"angle": 0, "axis": "z", "origin": [8, 8, 7.95]},
			"faces": {
				"north": {"uv": [1.025, 1.25, 1.05, 1.2], "rotation": 180, "texture": "#1"},
				"east": {"uv": [1.05, 1.2, 1.025, 1.25], "rotation": 90, "texture": "#1"},
				"south": {"uv": [1.025, 1.25, 1.05, 1.2], "texture": "#1"},
				"west": {"uv": [1.05, 1.2, 1.025, 1.25], "rotation": 270, "texture": "#1"},
				"up": {"uv": [1.025, 1.25, 1.05, 1.2], "rotation": 180, "texture": "#1"},
				"down": {"uv": [1.025, 1.25, 1.05, 1.2], "texture": "#1"}
			}
		},
		{
			"from": [8.6598, 9.38774, 7.65],
			"to": [8.667, 9.61094, 8.35],
			"rotation": {"angle": 22.5, "axis": "z", "origin": [8, 8, 7.95]},
			"faces": {
				"north": {"uv": [1, 8.75, 1.025, 1.2], "rotation": 180, "texture": "#1"},
				"east": {"uv": [1.025, 1.2, 1, 8.75], "rotation": 90, "texture": "#1"},
				"south": {"uv": [1, 8.75, 1.025, 1.2], "texture": "#1"},
				"west": {"uv": [1.025, 1.2, 1, 8.75], "rotation": 270, "texture": "#1"},
				"up": {"uv": [1, 8.75, 1.025, 1.2], "rotation": 180, "texture": "#1"},
				"down": {"uv": [1, 8.75, 1.025, 1.2], "texture": "#1"}
			}
		},
		{
			"from": [8.6454, 9.38774, 7.65],
			"to": [8.6598, 9.59654, 8.35],
			"rotation": {"angle": 22.5, "axis": "z", "origin": [8, 8, 7.95]},
			"faces": {
				"north": {"uv": [1, 8.75, 1.025, 1.2], "rotation": 180, "texture": "#1"},
				"east": {"uv": [1.025, 1.2, 1, 8.75], "rotation": 90, "texture": "#1"},
				"south": {"uv": [1, 8.75, 1.025, 1.2], "texture": "#1"},
				"west": {"uv": [1.025, 1.2, 1, 8.75], "rotation": 270, "texture": "#1"},
				"up": {"uv": [1, 8.75, 1.025, 1.2], "rotation": 180, "texture": "#1"},
				"down": {"uv": [1, 8.75, 1.025, 1.2], "texture": "#1"}
			}
		},
		{
			"from": [8.6094, 9.38774, 7.65],
			"to": [8.6454, 9.56054, 8.35],
			"rotation": {"angle": 22.5, "axis": "z", "origin": [8, 8, 7.95]},
			"faces": {
				"north": {"uv": [1, 8.75, 1.025, 1.2], "rotation": 180, "texture": "#1"},
				"east": {"uv": [1.025, 1.2, 1, 8.75], "rotation": 90, "texture": "#1"},
				"south": {"uv": [1, 8.75, 1.025, 1.2], "texture": "#1"},
				"west": {"uv": [1.025, 1.2, 1, 8.75], "rotation": 270, "texture": "#1"},
				"up": {"uv": [1, 8.75, 1.025, 1.2], "rotation": 180, "texture": "#1"},
				"down": {"uv": [1, 8.75, 1.025, 1.2], "texture": "#1"}
			}
		},
		{
			"from": [7.9676, 9.50483, 7.65],
			"to": [8.0324, 9.59843, 8.35],
			"rotation": {"angle": 0, "axis": "z", "origin": [8, 8, 7.95]},
			"faces": {
				"north": {"uv": [1.025, 1.2, 1, 8.75], "rotation": 270, "texture": "#1"},
				"east": {"uv": [1, 8.75, 1.025, 1.2], "rotation": 180, "texture": "#1"},
				"south": {"uv": [1.025, 1.2, 1, 8.75], "rotation": 90, "texture": "#1"},
				"west": {"uv": [1, 8.75, 1.025, 1.2], "texture": "#1"},
				"up": {"uv": [1.025, 1.2, 1, 8.75], "rotation": 270, "texture": "#1"},
				"down": {"uv": [1.025, 1.2, 1, 8.75], "rotation": 90, "texture": "#1"}
			}
		},
		{
			"from": [8.20326, 6.67116, 7.65],
			"to": [8.50278, 6.67836, 8.35],
			"rotation": {"angle": 0, "axis": "z", "origin": [8, 8, 7.95]},
			"faces": {
				"north": {"uv": [1.025, 1.2, 1, 2.3], "rotation": 90, "texture": "#1"},
				"east": {"uv": [1, 2.3, 1.025, 1.2], "texture": "#1"},
				"south": {"uv": [1.025, 1.2, 1, 2.3], "rotation": 270, "texture": "#1"},
				"west": {"uv": [1, 2.3, 1.025, 1.2], "rotation": 180, "texture": "#1"},
				"up": {"uv": [1.025, 1.2, 1, 2.3], "rotation": 90, "texture": "#1"},
				"down": {"uv": [1.025, 1.2, 1, 2.3], "rotation": 270, "texture": "#1"}
			}
		},
		{
			"from": [7.68215, 6.68728, 7.65],
			"to": [7.95575, 6.69448, 8.35],
			"rotation": {"angle": 22.5, "axis": "z", "origin": [8, 8, 7.95]},
			"faces": {
				"north": {"uv": [1.025, 1.2, 1, 2.4], "rotation": 90, "texture": "#1"},
				"east": {"uv": [1, 2.4, 1.025, 1.2], "texture": "#1"},
				"south": {"uv": [1.025, 1.2, 1, 2.4], "rotation": 270, "texture": "#1"},
				"west": {"uv": [1, 2.4, 1.025, 1.2], "rotation": 180, "texture": "#1"},
				"up": {"uv": [1.025, 1.2, 1, 2.4], "rotation": 90, "texture": "#1"},
				"down": {"uv": [1.025, 1.2, 1, 2.4], "rotation": 270, "texture": "#1"}
			}
		},
		{
			"from": [7.71383, 6.67288, 7.65],
			"to": [7.95575, 6.68728, 8.35],
			"rotation": {"angle": 22.5, "axis": "z", "origin": [8, 8, 7.95]},
			"faces": {
				"north": {"uv": [1.025, 1.2, 1, 2.4], "rotation": 90, "texture": "#1"},
				"east": {"uv": [1, 2.4, 1.025, 1.2], "texture": "#1"},
				"south": {"uv": [1.025, 1.2, 1, 2.4], "rotation": 270, "texture": "#1"},
				"west": {"uv": [1, 2.4, 1.025, 1.2], "rotation": 180, "texture": "#1"},
				"up": {"uv": [1.025, 1.2, 1, 2.4], "rotation": 90, "texture": "#1"},
				"down": {"uv": [1.025, 1.2, 1, 2.4], "rotation": 270, "texture": "#1"}
			}
		},
		{
			"from": [8.27526, 6.67836, 7.65],
			"to": [8.50278, 6.70716, 8.35],
			"rotation": {"angle": 0, "axis": "z", "origin": [8, 8, 7.95]},
			"faces": {
				"north": {"uv": [1.025, 1.2, 1, 2.3], "rotation": 90, "texture": "#1"},
				"east": {"uv": [1, 2.3, 1.025, 1.2], "texture": "#1"},
				"south": {"uv": [1.025, 1.2, 1, 2.3], "rotation": 270, "texture": "#1"},
				"west": {"uv": [1, 2.3, 1.025, 1.2], "rotation": 180, "texture": "#1"},
				"up": {"uv": [1.025, 1.2, 1, 2.3], "rotation": 90, "texture": "#1"},
				"down": {"uv": [1.025, 1.2, 1, 2.3], "rotation": 270, "texture": "#1"}
			}
		},
		{
			"from": [7.82183, 6.62968, 7.65],
			"to": [7.95575, 6.67288, 8.35],
			"rotation": {"angle": 22.5, "axis": "z", "origin": [8, 8, 7.95]},
			"faces": {
				"north": {"uv": [1.025, 1.2, 1, 2.4], "rotation": 90, "texture": "#1"},
				"east": {"uv": [1, 2.4, 1.025, 1.2], "texture": "#1"},
				"south": {"uv": [1.025, 1.2, 1, 2.4], "rotation": 270, "texture": "#1"},
				"west": {"uv": [1, 2.4, 1.025, 1.2], "rotation": 180, "texture": "#1"},
				"up": {"uv": [1.025, 1.2, 1, 2.4], "rotation": 90, "texture": "#1"},
				"down": {"uv": [1.025, 1.2, 1, 2.4], "rotation": 270, "texture": "#1"}
			}
		},
		{
			"from": [8.45526, 6.70716, 7.65],
			"to": [8.48838, 6.72156, 8.35],
			"rotation": {"angle": 0, "axis": "z", "origin": [8, 8, 7.95]},
			"faces": {
				"north": {"uv": [1.025, 1.2, 1, 2.3], "rotation": 90, "texture": "#1"},
				"east": {"uv": [1, 2.3, 1.025, 1.2], "texture": "#1"},
				"south": {"uv": [1.025, 1.2, 1, 2.3], "rotation": 270, "texture": "#1"},
				"west": {"uv": [1, 2.3, 1.025, 1.2], "rotation": 180, "texture": "#1"},
				"up": {"uv": [1.025, 1.2, 1, 2.3], "rotation": 90, "texture": "#1"},
				"down": {"uv": [1.025, 1.2, 1, 2.3], "rotation": 270, "texture": "#1"}
			}
		},
		{
			"from": [8.83264, 6.62903, 7.65],
			"to": [8.83984, 6.85223, 8.35],
			"rotation": {"angle": 22.5, "axis": "z", "origin": [8, 8, 7.95]},
			"faces": {
				"north": {"uv": [1, 2, 1.025, 1.2], "rotation": 180, "texture": "#1"},
				"east": {"uv": [1.025, 1.2, 1, 2], "rotation": 90, "texture": "#1"},
				"south": {"uv": [1, 2, 1.025, 1.2], "texture": "#1"},
				"west": {"uv": [1.025, 1.2, 1, 2], "rotation": 270, "texture": "#1"},
				"up": {"uv": [1, 2, 1.025, 1.2], "rotation": 180, "texture": "#1"},
				"down": {"uv": [1, 2, 1.025, 1.2], "texture": "#1"}
			}
		},
		{
			"from": [9.51077, 7.62655, 7.65],
			"to": [9.55397, 7.64095, 8.35],
			"rotation": {"angle": -22.5, "axis": "z", "origin": [8, 8, 7.95]},
			"faces": {
				"north": {"uv": [1.025, 1.2, 1, 1.375], "rotation": 90, "texture": "#1"},
				"east": {"uv": [1, 1.375, 1.025, 1.2], "texture": "#1"},
				"south": {"uv": [1.025, 1.2, 1, 1.375], "rotation": 270, "texture": "#1"},
				"west": {"uv": [1, 1.375, 1.025, 1.2], "rotation": 180, "texture": "#1"},
				"up": {"uv": [1.025, 1.2, 1, 1.375], "rotation": 90, "texture": "#1"},
				"down": {"uv": [1.025, 1.2, 1, 1.375], "rotation": 270, "texture": "#1"}
			}
		},
		{
			"from": [8.81104, 6.65783, 7.65],
			"to": [8.83264, 6.70103, 8.35],
			"rotation": {"angle": 22.5, "axis": "z", "origin": [8, 8, 7.95]},
			"faces": {
				"north": {"uv": [1, 2, 1.025, 1.2], "rotation": 180, "texture": "#1"},
				"east": {"uv": [1.025, 1.2, 1, 2], "rotation": 90, "texture": "#1"},
				"south": {"uv": [1, 2, 1.025, 1.2], "texture": "#1"},
				"west": {"uv": [1.025, 1.2, 1, 2], "rotation": 270, "texture": "#1"},
				"up": {"uv": [1, 2, 1.025, 1.2], "rotation": 180, "texture": "#1"},
				"down": {"uv": [1, 2, 1.025, 1.2], "texture": "#1"}
			}
		},
		{
			"from": [9.32661, 7.98401, 7.65],
			"to": [9.33381, 8.20721, 8.35],
			"rotation": {"angle": -22.5, "axis": "z", "origin": [8, 8, 7.95]},
			"faces": {
				"north": {"uv": [1, 2.1, 1.025, 1.2], "rotation": 180, "texture": "#1"},
				"east": {"uv": [1.025, 1.2, 1, 2.1], "rotation": 90, "texture": "#1"},
				"south": {"uv": [1, 2.1, 1.025, 1.2], "texture": "#1"},
				"west": {"uv": [1.025, 1.2, 1, 2.1], "rotation": 270, "texture": "#1"},
				"up": {"uv": [1, 2.1, 1.025, 1.2], "rotation": 180, "texture": "#1"},
				"down": {"uv": [1, 2.1, 1.025, 1.2], "texture": "#1"}
			}
		},
		{
			"from": [8.95796, 7.18687, 7.65],
			"to": [9.08036, 7.20127, 8.35],
			"rotation": {"angle": 22.5, "axis": "z", "origin": [8, 8, 7.95]},
			"faces": {
				"north": {"uv": [1.025, 1.2, 1, 1.725], "rotation": 270, "texture": "#1"},
				"east": {"uv": [1, 1.725, 1.025, 1.2], "rotation": 180, "texture": "#1"},
				"south": {"uv": [1.025, 1.2, 1, 1.725], "rotation": 90, "texture": "#1"},
				"west": {"uv": [1, 1.725, 1.025, 1.2], "texture": "#1"},
				"up": {"uv": [1.025, 1.2, 1, 1.725], "rotation": 270, "texture": "#1"},
				"down": {"uv": [1.025, 1.2, 1, 1.725], "rotation": 90, "texture": "#1"}
			}
		},
		{
			"from": [9.29781, 8.00561, 7.65],
			"to": [9.32661, 8.17841, 8.35],
			"rotation": {"angle": -22.5, "axis": "z", "origin": [8, 8, 7.95]},
			"faces": {
				"north": {"uv": [1, 2.1, 1.025, 1.2], "rotation": 180, "texture": "#1"},
				"east": {"uv": [1.025, 1.2, 1, 2.1], "rotation": 90, "texture": "#1"},
				"south": {"uv": [1, 2.1, 1.025, 1.2], "texture": "#1"},
				"west": {"uv": [1.025, 1.2, 1, 2.1], "rotation": 270, "texture": "#1"},
				"up": {"uv": [1, 2.1, 1.025, 1.2], "rotation": 180, "texture": "#1"},
				"down": {"uv": [1, 2.1, 1.025, 1.2], "texture": "#1"}
			}
		},
		{
			"from": [8.95796, 7.12927, 7.65],
			"to": [9.02276, 7.18687, 8.35],
			"rotation": {"angle": 22.5, "axis": "z", "origin": [8, 8, 7.95]},
			"faces": {
				"north": {"uv": [1.025, 1.2, 1, 1.725], "rotation": 270, "texture": "#1"},
				"east": {"uv": [1, 1.725, 1.025, 1.2], "rotation": 180, "texture": "#1"},
				"south": {"uv": [1.025, 1.2, 1, 1.725], "rotation": 90, "texture": "#1"},
				"west": {"uv": [1, 1.725, 1.025, 1.2], "texture": "#1"},
				"up": {"uv": [1.025, 1.2, 1, 1.725], "rotation": 270, "texture": "#1"},
				"down": {"uv": [1.025, 1.2, 1, 1.725], "rotation": 90, "texture": "#1"}
			}
		},
		{
			"from": [7.47777, 6.65174, 7.65],
			"to": [7.48497, 6.75974, 8.35],
			"rotation": {"angle": 22.5, "axis": "z", "origin": [8, 8, 7.95]},
			"faces": {
				"north": {"uv": [1, 1.6, 1.025, 1.2], "rotation": 180, "texture": "#1"},
				"east": {"uv": [1.025, 1.2, 1, 1.6], "rotation": 90, "texture": "#1"},
				"south": {"uv": [1, 1.6, 1.025, 1.2], "texture": "#1"},
				"west": {"uv": [1.025, 1.2, 1, 1.6], "rotation": 270, "texture": "#1"},
				"up": {"uv": [1, 1.6, 1.025, 1.2], "rotation": 180, "texture": "#1"},
				"down": {"uv": [1, 1.6, 1.025, 1.2], "texture": "#1"}
			}
		},
		{
			"from": [8.51503, 6.65174, 7.65],
			"to": [8.52223, 6.75974, 8.35],
			"rotation": {"angle": -22.5, "axis": "z", "origin": [8, 8, 7.95]},
			"faces": {
				"north": {"uv": [1.025, 1.6, 1, 1.2], "rotation": 180, "texture": "#1"},
				"east": {"uv": [1, 1.2, 1.025, 1.6], "rotation": 90, "texture": "#1"},
				"south": {"uv": [1.025, 1.6, 1, 1.2], "texture": "#1"},
				"west": {"uv": [1, 1.2, 1.025, 1.6], "rotation": 270, "texture": "#1"},
				"up": {"uv": [1.025, 1.6, 1, 1.2], "rotation": 180, "texture": "#1"},
				"down": {"uv": [1.025, 1.6, 1, 1.2], "texture": "#1"}
			}
		},
		{
			"from": [7.46337, 6.65174, 7.65],
			"to": [7.47777, 6.74534, 8.35],
			"rotation": {"angle": 22.5, "axis": "z", "origin": [8, 8, 7.95]},
			"faces": {
				"north": {"uv": [1, 1.6, 1.025, 1.2], "rotation": 180, "texture": "#1"},
				"east": {"uv": [1.025, 1.2, 1, 1.6], "rotation": 90, "texture": "#1"},
				"south": {"uv": [1, 1.6, 1.025, 1.2], "texture": "#1"},
				"west": {"uv": [1.025, 1.2, 1, 1.6], "rotation": 270, "texture": "#1"},
				"up": {"uv": [1, 1.6, 1.025, 1.2], "rotation": 180, "texture": "#1"},
				"down": {"uv": [1, 1.6, 1.025, 1.2], "texture": "#1"}
			}
		},
		{
			"from": [8.52223, 6.65174, 7.65],
			"to": [8.53663, 6.74534, 8.35],
			"rotation": {"angle": -22.5, "axis": "z", "origin": [8, 8, 7.95]},
			"faces": {
				"north": {"uv": [1.025, 1.6, 1, 1.2], "rotation": 180, "texture": "#1"},
				"east": {"uv": [1, 1.2, 1.025, 1.6], "rotation": 90, "texture": "#1"},
				"south": {"uv": [1.025, 1.6, 1, 1.2], "texture": "#1"},
				"west": {"uv": [1, 1.2, 1.025, 1.6], "rotation": 270, "texture": "#1"},
				"up": {"uv": [1.025, 1.6, 1, 1.2], "rotation": 180, "texture": "#1"},
				"down": {"uv": [1.025, 1.6, 1, 1.2], "texture": "#1"}
			}
		},
		{
			"from": [7.2078, 6.51121, 7.65],
			"to": [7.3446, 6.66241, 8.35],
			"rotation": {"angle": 22.5, "axis": "z", "origin": [8, 8, 7.95]},
			"faces": {
				"north": {"uv": [1.025, 1.6, 1, 1.2], "rotation": 270, "texture": "#1"},
				"east": {"uv": [1, 1.2, 1.025, 1.6], "rotation": 180, "texture": "#1"},
				"south": {"uv": [1.025, 1.6, 1, 1.2], "rotation": 90, "texture": "#1"},
				"west": {"uv": [1, 1.2, 1.025, 1.6], "texture": "#1"},
				"up": {"uv": [1.025, 1.6, 1, 1.2], "rotation": 270, "texture": "#1"},
				"down": {"uv": [1.025, 1.6, 1, 1.2], "rotation": 90, "texture": "#1"}
			}
		},
		{
			"from": [7.44788, 6.35441, 7.65],
			"to": [7.71428, 6.36161, 8.35],
			"rotation": {"angle": 45, "axis": "z", "origin": [8, 8, 7.95]},
			"faces": {
				"north": {"uv": [1.025, 1.2, 1, 2.2], "rotation": 270, "texture": "#1"},
				"east": {"uv": [1, 2.2, 1.025, 1.2], "rotation": 180, "texture": "#1"},
				"south": {"uv": [1.025, 1.2, 1, 2.2], "rotation": 90, "texture": "#1"},
				"west": {"uv": [1, 2.2, 1.025, 1.2], "texture": "#1"},
				"up": {"uv": [1.025, 1.2, 1, 2.2], "rotation": 270, "texture": "#1"},
				"down": {"uv": [1.025, 1.2, 1, 2.2], "rotation": 90, "texture": "#1"}
			}
		},
		{
			"from": [8.11918, 6.36474, 7.65],
			"to": [8.37118, 6.37194, 8.35],
			"rotation": {"angle": 22.5, "axis": "z", "origin": [8, 8, 7.95]},
			"faces": {
				"north": {"uv": [1.025, 1.2, 1, 2.85], "rotation": 270, "texture": "#1"},
				"east": {"uv": [1, 2.85, 1.025, 1.2], "rotation": 180, "texture": "#1"},
				"south": {"uv": [1.025, 1.2, 1, 2.85], "rotation": 90, "texture": "#1"},
				"west": {"uv": [1, 2.85, 1.025, 1.2], "texture": "#1"},
				"up": {"uv": [1.025, 1.2, 1, 2.85], "rotation": 270, "texture": "#1"},
				"down": {"uv": [1.025, 1.2, 1, 2.85], "rotation": 90, "texture": "#1"}
			}
		},
		{
			"from": [7.44788, 6.36161, 7.65],
			"to": [7.68548, 6.37601, 8.35],
			"rotation": {"angle": 45, "axis": "z", "origin": [8, 8, 7.95]},
			"faces": {
				"north": {"uv": [1.025, 1.2, 1, 2.2], "rotation": 270, "texture": "#1"},
				"east": {"uv": [1, 2.2, 1.025, 1.2], "rotation": 180, "texture": "#1"},
				"south": {"uv": [1.025, 1.2, 1, 2.2], "rotation": 90, "texture": "#1"},
				"west": {"uv": [1, 2.2, 1.025, 1.2], "texture": "#1"},
				"up": {"uv": [1.025, 1.2, 1, 2.2], "rotation": 270, "texture": "#1"},
				"down": {"uv": [1.025, 1.2, 1, 2.2], "rotation": 90, "texture": "#1"}
			}
		},
		{
			"from": [8.11918, 6.33594, 7.65],
			"to": [8.29918, 6.36474, 8.35],
			"rotation": {"angle": 22.5, "axis": "z", "origin": [8, 8, 7.95]},
			"faces": {
				"north": {"uv": [1.025, 1.2, 1, 2.85], "rotation": 270, "texture": "#1"},
				"east": {"uv": [1, 2.85, 1.025, 1.2], "rotation": 180, "texture": "#1"},
				"south": {"uv": [1.025, 1.2, 1, 2.85], "rotation": 90, "texture": "#1"},
				"west": {"uv": [1, 2.85, 1.025, 1.2], "texture": "#1"},
				"up": {"uv": [1.025, 1.2, 1, 2.85], "rotation": 270, "texture": "#1"},
				"down": {"uv": [1.025, 1.2, 1, 2.85], "rotation": 90, "texture": "#1"}
			}
		},
		{
			"from": [7.44788, 6.37601, 7.65],
			"to": [7.57748, 6.41921, 8.35],
			"rotation": {"angle": 45, "axis": "z", "origin": [8, 8, 7.95]},
			"faces": {
				"north": {"uv": [1.025, 1.2, 1, 2.2], "rotation": 270, "texture": "#1"},
				"east": {"uv": [1, 2.2, 1.025, 1.2], "rotation": 180, "texture": "#1"},
				"south": {"uv": [1.025, 1.2, 1, 2.2], "rotation": 90, "texture": "#1"},
				"west": {"uv": [1, 2.2, 1.025, 1.2], "texture": "#1"},
				"up": {"uv": [1.025, 1.2, 1, 2.2], "rotation": 270, "texture": "#1"},
				"down": {"uv": [1.025, 1.2, 1, 2.2], "rotation": 90, "texture": "#1"}
			}
		},
		{
			"from": [6.37601, 7.44788, 7.65],
			"to": [6.41921, 7.57748, 8.35],
			"rotation": {"angle": 45, "axis": "z", "origin": [8, 8, 7.95]},
			"faces": {
				"north": {"uv": [1.025, 2.2, 1, 1.2], "rotation": 180, "texture": "#1"},
				"east": {"uv": [1.025, 2.2, 1, 1.2], "texture": "#1"},
				"south": {"uv": [1.025, 2.2, 1, 1.2], "rotation": 180, "texture": "#1"},
				"west": {"uv": [1.025, 2.2, 1, 1.2], "rotation": 180, "texture": "#1"},
				"up": {"uv": [1, 1.2, 1.025, 2.2], "rotation": 90, "texture": "#1"},
				"down": {"uv": [1, 1.2, 1.025, 2.2], "rotation": 270, "texture": "#1"}
			}
		},
		{
			"from": [7.70082, 6.33594, 7.65],
			"to": [7.88082, 6.36474, 8.35],
			"rotation": {"angle": -22.5, "axis": "z", "origin": [8, 8, 7.95]},
			"faces": {
				"north": {"uv": [1.025, 2.85, 1, 1.2], "rotation": 270, "texture": "#1"},
				"east": {"uv": [1, 1.2, 1.025, 2.85], "rotation": 180, "texture": "#1"},
				"south": {"uv": [1.025, 2.85, 1, 1.2], "rotation": 90, "texture": "#1"},
				"west": {"uv": [1, 1.2, 1.025, 2.85], "texture": "#1"},
				"up": {"uv": [1.025, 2.85, 1, 1.2], "rotation": 270, "texture": "#1"},
				"down": {"uv": [1.025, 2.85, 1, 1.2], "rotation": 90, "texture": "#1"}
			}
		},
		{
			"from": [6.36161, 7.44788, 7.65],
			"to": [6.37601, 7.68548, 8.35],
			"rotation": {"angle": 45, "axis": "z", "origin": [8, 8, 7.95]},
			"faces": {
				"north": {"uv": [1.025, 2.2, 1, 1.2], "rotation": 180, "texture": "#1"},
				"east": {"uv": [1.025, 2.2, 1, 1.2], "texture": "#1"},
				"south": {"uv": [1.025, 2.2, 1, 1.2], "rotation": 180, "texture": "#1"},
				"west": {"uv": [1.025, 2.2, 1, 1.2], "rotation": 180, "texture": "#1"},
				"up": {"uv": [1, 1.2, 1.025, 2.2], "rotation": 90, "texture": "#1"},
				"down": {"uv": [1, 1.2, 1.025, 2.2], "rotation": 270, "texture": "#1"}
			}
		},
		{
			"from": [7.62882, 6.36474, 7.65],
			"to": [7.88082, 6.37194, 8.35],
			"rotation": {"angle": -22.5, "axis": "z", "origin": [8, 8, 7.95]},
			"faces": {
				"north": {"uv": [1.025, 2.85, 1, 1.2], "rotation": 270, "texture": "#1"},
				"east": {"uv": [1, 1.2, 1.025, 2.85], "rotation": 180, "texture": "#1"},
				"south": {"uv": [1.025, 2.85, 1, 1.2], "rotation": 90, "texture": "#1"},
				"west": {"uv": [1, 1.2, 1.025, 2.85], "texture": "#1"},
				"up": {"uv": [1.025, 2.85, 1, 1.2], "rotation": 270, "texture": "#1"},
				"down": {"uv": [1.025, 2.85, 1, 1.2], "rotation": 90, "texture": "#1"}
			}
		},
		{
			"from": [6.35441, 7.44788, 7.65],
			"to": [6.36161, 7.71428, 8.35],
			"rotation": {"angle": 45, "axis": "z", "origin": [8, 8, 7.95]},
			"faces": {
				"north": {"uv": [1.025, 2.2, 1, 1.2], "rotation": 180, "texture": "#1"},
				"east": {"uv": [1.025, 2.2, 1, 1.2], "texture": "#1"},
				"south": {"uv": [1.025, 2.2, 1, 1.2], "rotation": 180, "texture": "#1"},
				"west": {"uv": [1.025, 2.2, 1, 1.2], "rotation": 180, "texture": "#1"},
				"up": {"uv": [1, 1.2, 1.025, 2.2], "rotation": 90, "texture": "#1"},
				"down": {"uv": [1, 1.2, 1.025, 2.2], "rotation": 270, "texture": "#1"}
			}
		},
		{
			"from": [7.8776, 6.26172, 7.65],
			"to": [8.1944, 6.37692, 8.35],
			"rotation": {"angle": -22.5, "axis": "z", "origin": [8, 8, 7.95]},
			"faces": {
				"north": {"uv": [1.025, 2.3, 1, 1.2], "rotation": 270, "texture": "#1"},
				"east": {"uv": [1, 1.2, 1.025, 2.3], "rotation": 180, "texture": "#1"},
				"south": {"uv": [1.025, 2.3, 1, 1.2], "rotation": 90, "texture": "#1"},
				"west": {"uv": [1, 1.2, 1.025, 2.3], "texture": "#1"},
				"up": {"uv": [1.025, 2.3, 1, 1.2], "rotation": 270, "texture": "#1"},
				"down": {"uv": [1.025, 2.3, 1, 1.2], "rotation": 90, "texture": "#1"}
			}
		},
		{
			"from": [6.34721, 7.44788, 7.65],
			"to": [6.35441, 7.73588, 8.35],
			"rotation": {"angle": 45, "axis": "z", "origin": [8, 8, 7.95]},
			"faces": {
				"north": {"uv": [1.025, 2.2, 1, 1.2], "rotation": 180, "texture": "#1"},
				"east": {"uv": [1.025, 2.2, 1, 1.2], "texture": "#1"},
				"south": {"uv": [1.025, 2.2, 1, 1.2], "rotation": 180, "texture": "#1"},
				"west": {"uv": [1.025, 2.2, 1, 1.2], "rotation": 180, "texture": "#1"},
				"up": {"uv": [1, 1.2, 1.025, 2.2], "rotation": 90, "texture": "#1"},
				"down": {"uv": [1, 1.2, 1.025, 2.2], "rotation": 270, "texture": "#1"}
			}
		},
		{
			"from": [7.61152, 6.37194, 7.65],
			"to": [8.08672, 6.37914, 8.35],
			"rotation": {"angle": -22.5, "axis": "z", "origin": [8, 8, 7.95]},
			"faces": {
				"north": {"uv": [1.025, 2.85, 1, 1.2], "rotation": 270, "texture": "#1"},
				"east": {"uv": [1, 1.2, 1.025, 2.85], "rotation": 180, "texture": "#1"},
				"south": {"uv": [1.025, 2.85, 1, 1.2], "rotation": 90, "texture": "#1"},
				"west": {"uv": [1, 1.2, 1.025, 2.85], "texture": "#1"},
				"up": {"uv": [1.025, 2.85, 1, 1.2], "rotation": 270, "texture": "#1"},
				"down": {"uv": [1.025, 2.85, 1, 1.2], "rotation": 90, "texture": "#1"}
			}
		},
		{
			"from": [7.45709, 6.44108, 7.65],
			"to": [7.80269, 6.46988, 8.35],
			"rotation": {"angle": 0, "axis": "z", "origin": [8, 8, 7.95]},
			"faces": {
				"north": {"uv": [1.025, 2.4, 1, 1.2], "rotation": 270, "texture": "#1"},
				"east": {"uv": [1, 1.2, 1.025, 2.4], "rotation": 180, "texture": "#1"},
				"south": {"uv": [1.025, 2.4, 1, 1.2], "rotation": 90, "texture": "#1"},
				"west": {"uv": [1, 1.2, 1.025, 2.4], "texture": "#1"},
				"up": {"uv": [1.025, 2.4, 1, 1.2], "rotation": 270, "texture": "#1"},
				"down": {"uv": [1.025, 2.4, 1, 1.2], "rotation": 90, "texture": "#1"}
			}
		},
		{
			"from": [7.333, 9.38774, 7.65],
			"to": [7.3402, 9.61094, 8.35],
			"rotation": {"angle": -22.5, "axis": "z", "origin": [8, 8, 7.95]},
			"faces": {
				"north": {"uv": [1.025, 8.75, 1, 1.2], "rotation": 180, "texture": "#1"},
				"east": {"uv": [1, 1.2, 1.025, 8.75], "rotation": 90, "texture": "#1"},
				"south": {"uv": [1.025, 8.75, 1, 1.2], "texture": "#1"},
				"west": {"uv": [1, 1.2, 1.025, 8.75], "rotation": 270, "texture": "#1"},
				"up": {"uv": [1.025, 8.75, 1, 1.2], "rotation": 180, "texture": "#1"},
				"down": {"uv": [1.025, 8.75, 1, 1.2], "texture": "#1"}
			}
		},
		{
			"from": [7.3402, 9.38774, 7.65],
			"to": [7.3546, 9.59654, 8.35],
			"rotation": {"angle": -22.5, "axis": "z", "origin": [8, 8, 7.95]},
			"faces": {
				"north": {"uv": [1.025, 8.75, 1, 1.2], "rotation": 180, "texture": "#1"},
				"east": {"uv": [1, 1.2, 1.025, 8.75], "rotation": 90, "texture": "#1"},
				"south": {"uv": [1.025, 8.75, 1, 1.2], "texture": "#1"},
				"west": {"uv": [1, 1.2, 1.025, 8.75], "rotation": 270, "texture": "#1"},
				"up": {"uv": [1.025, 8.75, 1, 1.2], "rotation": 180, "texture": "#1"},
				"down": {"uv": [1.025, 8.75, 1, 1.2], "texture": "#1"}
			}
		},
		{
			"from": [7.3546, 9.38774, 7.65],
			"to": [7.3906, 9.56054, 8.35],
			"rotation": {"angle": -22.5, "axis": "z", "origin": [8, 8, 7.95]},
			"faces": {
				"north": {"uv": [1.025, 8.75, 1, 1.2], "rotation": 180, "texture": "#1"},
				"east": {"uv": [1, 1.2, 1.025, 8.75], "rotation": 90, "texture": "#1"},
				"south": {"uv": [1.025, 8.75, 1, 1.2], "texture": "#1"},
				"west": {"uv": [1, 1.2, 1.025, 8.75], "rotation": 270, "texture": "#1"},
				"up": {"uv": [1.025, 8.75, 1, 1.2], "rotation": 180, "texture": "#1"},
				"down": {"uv": [1.025, 8.75, 1, 1.2], "texture": "#1"}
			}
		},
		{
			"from": [6.97724, 7.12927, 7.65],
			"to": [7.04204, 7.18687, 8.35],
			"rotation": {"angle": -22.5, "axis": "z", "origin": [8, 8, 7.95]},
			"faces": {
				"north": {"uv": [1.025, 1.725, 1, 1.2], "rotation": 270, "texture": "#1"},
				"east": {"uv": [1, 1.2, 1.025, 1.725], "rotation": 180, "texture": "#1"},
				"south": {"uv": [1.025, 1.725, 1, 1.2], "rotation": 90, "texture": "#1"},
				"west": {"uv": [1, 1.2, 1.025, 1.725], "texture": "#1"},
				"up": {"uv": [1.025, 1.725, 1, 1.2], "rotation": 270, "texture": "#1"},
				"down": {"uv": [1.025, 1.725, 1, 1.2], "rotation": 90, "texture": "#1"}
			}
		},
		{
			"from": [6.67339, 8.00561, 7.65],
			"to": [6.70219, 8.17841, 8.35],
			"rotation": {"angle": 22.5, "axis": "z", "origin": [8, 8, 7.95]},
			"faces": {
				"north": {"uv": [1.025, 2.1, 1, 1.2], "rotation": 180, "texture": "#1"},
				"east": {"uv": [1, 1.2, 1.025, 2.1], "rotation": 90, "texture": "#1"},
				"south": {"uv": [1.025, 2.1, 1, 1.2], "texture": "#1"},
				"west": {"uv": [1, 1.2, 1.025, 2.1], "rotation": 270, "texture": "#1"},
				"up": {"uv": [1.025, 2.1, 1, 1.2], "rotation": 180, "texture": "#1"},
				"down": {"uv": [1.025, 2.1, 1, 1.2], "texture": "#1"}
			}
		},
		{
			"from": [6.91964, 7.18687, 7.65],
			"to": [7.04204, 7.20127, 8.35],
			"rotation": {"angle": -22.5, "axis": "z", "origin": [8, 8, 7.95]},
			"faces": {
				"north": {"uv": [1.025, 1.725, 1, 1.2], "rotation": 270, "texture": "#1"},
				"east": {"uv": [1, 1.2, 1.025, 1.725], "rotation": 180, "texture": "#1"},
				"south": {"uv": [1.025, 1.725, 1, 1.2], "rotation": 90, "texture": "#1"},
				"west": {"uv": [1, 1.2, 1.025, 1.725], "texture": "#1"},
				"up": {"uv": [1.025, 1.725, 1, 1.2], "rotation": 270, "texture": "#1"},
				"down": {"uv": [1.025, 1.725, 1, 1.2], "rotation": 90, "texture": "#1"}
			}
		},
		{
			"from": [6.66619, 7.98401, 7.65],
			"to": [6.67339, 8.20721, 8.35],
			"rotation": {"angle": 22.5, "axis": "z", "origin": [8, 8, 7.95]},
			"faces": {
				"north": {"uv": [1.025, 2.1, 1, 1.2], "rotation": 180, "texture": "#1"},
				"east": {"uv": [1, 1.2, 1.025, 2.1], "rotation": 90, "texture": "#1"},
				"south": {"uv": [1.025, 2.1, 1, 1.2], "texture": "#1"},
				"west": {"uv": [1, 1.2, 1.025, 2.1], "rotation": 270, "texture": "#1"},
				"up": {"uv": [1.025, 2.1, 1, 1.2], "rotation": 180, "texture": "#1"},
				"down": {"uv": [1.025, 2.1, 1, 1.2], "texture": "#1"}
			}
		},
		{
			"from": [7.16736, 6.65783, 7.65],
			"to": [7.18896, 6.70103, 8.35],
			"rotation": {"angle": -22.5, "axis": "z", "origin": [8, 8, 7.95]},
			"faces": {
				"north": {"uv": [1.025, 2, 1, 1.2], "rotation": 180, "texture": "#1"},
				"east": {"uv": [1, 1.2, 1.025, 2], "rotation": 90, "texture": "#1"},
				"south": {"uv": [1.025, 2, 1, 1.2], "texture": "#1"},
				"west": {"uv": [1, 1.2, 1.025, 2], "rotation": 270, "texture": "#1"},
				"up": {"uv": [1.025, 2, 1, 1.2], "rotation": 180, "texture": "#1"},
				"down": {"uv": [1.025, 2, 1, 1.2], "texture": "#1"}
			}
		},
		{
			"from": [6.44603, 7.62655, 7.65],
			"to": [6.48923, 7.64095, 8.35],
			"rotation": {"angle": 22.5, "axis": "z", "origin": [8, 8, 7.95]},
			"faces": {
				"north": {"uv": [1.025, 1.375, 1, 1.2], "rotation": 90, "texture": "#1"},
				"east": {"uv": [1, 1.2, 1.025, 1.375], "texture": "#1"},
				"south": {"uv": [1.025, 1.375, 1, 1.2], "rotation": 270, "texture": "#1"},
				"west": {"uv": [1, 1.2, 1.025, 1.375], "rotation": 180, "texture": "#1"},
				"up": {"uv": [1.025, 1.375, 1, 1.2], "rotation": 90, "texture": "#1"},
				"down": {"uv": [1.025, 1.375, 1, 1.2], "rotation": 270, "texture": "#1"}
			}
		},
		{
			"from": [7.16016, 6.62903, 7.65],
			"to": [7.16736, 6.85223, 8.35],
			"rotation": {"angle": -22.5, "axis": "z", "origin": [8, 8, 7.95]},
			"faces": {
				"north": {"uv": [1.025, 2, 1, 1.2], "rotation": 180, "texture": "#1"},
				"east": {"uv": [1, 1.2, 1.025, 2], "rotation": 90, "texture": "#1"},
				"south": {"uv": [1.025, 2, 1, 1.2], "texture": "#1"},
				"west": {"uv": [1, 1.2, 1.025, 2], "rotation": 270, "texture": "#1"},
				"up": {"uv": [1.025, 2, 1, 1.2], "rotation": 180, "texture": "#1"},
				"down": {"uv": [1.025, 2, 1, 1.2], "texture": "#1"}
			}
		},
		{
			"from": [7.51162, 6.70716, 7.65],
			"to": [7.54474, 6.72156, 8.35],
			"rotation": {"angle": 0, "axis": "z", "origin": [8, 8, 7.95]},
			"faces": {
				"north": {"uv": [1.025, 2.3, 1, 1.2], "rotation": 90, "texture": "#1"},
				"east": {"uv": [1, 1.2, 1.025, 2.3], "texture": "#1"},
				"south": {"uv": [1.025, 2.3, 1, 1.2], "rotation": 270, "texture": "#1"},
				"west": {"uv": [1, 1.2, 1.025, 2.3], "rotation": 180, "texture": "#1"},
				"up": {"uv": [1.025, 2.3, 1, 1.2], "rotation": 90, "texture": "#1"},
				"down": {"uv": [1.025, 2.3, 1, 1.2], "rotation": 270, "texture": "#1"}
			}
		},
		{
			"from": [8.04425, 6.62968, 7.65],
			"to": [8.17817, 6.67288, 8.35],
			"rotation": {"angle": -22.5, "axis": "z", "origin": [8, 8, 7.95]},
			"faces": {
				"north": {"uv": [1.025, 2.4, 1, 1.2], "rotation": 90, "texture": "#1"},
				"east": {"uv": [1, 1.2, 1.025, 2.4], "texture": "#1"},
				"south": {"uv": [1.025, 2.4, 1, 1.2], "rotation": 270, "texture": "#1"},
				"west": {"uv": [1, 1.2, 1.025, 2.4], "rotation": 180, "texture": "#1"},
				"up": {"uv": [1.025, 2.4, 1, 1.2], "rotation": 90, "texture": "#1"},
				"down": {"uv": [1.025, 2.4, 1, 1.2], "rotation": 270, "texture": "#1"}
			}
		},
		{
			"from": [7.49722, 6.67836, 7.65],
			"to": [7.72474, 6.70716, 8.35],
			"rotation": {"angle": 0, "axis": "z", "origin": [8, 8, 7.95]},
			"faces": {
				"north": {"uv": [1.025, 2.3, 1, 1.2], "rotation": 90, "texture": "#1"},
				"east": {"uv": [1, 1.2, 1.025, 2.3], "texture": "#1"},
				"south": {"uv": [1.025, 2.3, 1, 1.2], "rotation": 270, "texture": "#1"},
				"west": {"uv": [1, 1.2, 1.025, 2.3], "rotation": 180, "texture": "#1"},
				"up": {"uv": [1.025, 2.3, 1, 1.2], "rotation": 90, "texture": "#1"},
				"down": {"uv": [1.025, 2.3, 1, 1.2], "rotation": 270, "texture": "#1"}
			}
		},
		{
			"from": [8.04425, 6.67288, 7.65],
			"to": [8.28617, 6.68728, 8.35],
			"rotation": {"angle": -22.5, "axis": "z", "origin": [8, 8, 7.95]},
			"faces": {
				"north": {"uv": [1.025, 2.4, 1, 1.2], "rotation": 90, "texture": "#1"},
				"east": {"uv": [1, 1.2, 1.025, 2.4], "texture": "#1"},
				"south": {"uv": [1.025, 2.4, 1, 1.2], "rotation": 270, "texture": "#1"},
				"west": {"uv": [1, 1.2, 1.025, 2.4], "rotation": 180, "texture": "#1"},
				"up": {"uv": [1.025, 2.4, 1, 1.2], "rotation": 90, "texture": "#1"},
				"down": {"uv": [1.025, 2.4, 1, 1.2], "rotation": 270, "texture": "#1"}
			}
		},
		{
			"from": [8.04425, 6.68728, 7.65],
			"to": [8.31785, 6.69448, 8.35],
			"rotation": {"angle": -22.5, "axis": "z", "origin": [8, 8, 7.95]},
			"faces": {
				"north": {"uv": [1.025, 2.4, 1, 1.2], "rotation": 90, "texture": "#1"},
				"east": {"uv": [1, 1.2, 1.025, 2.4], "texture": "#1"},
				"south": {"uv": [1.025, 2.4, 1, 1.2], "rotation": 270, "texture": "#1"},
				"west": {"uv": [1, 1.2, 1.025, 2.4], "rotation": 180, "texture": "#1"},
				"up": {"uv": [1.025, 2.4, 1, 1.2], "rotation": 90, "texture": "#1"},
				"down": {"uv": [1.025, 2.4, 1, 1.2], "rotation": 270, "texture": "#1"}
			}
		},
		{
			"from": [6.77766, 7.261, 7.65],
			"to": [6.78486, 7.4482, 8.35],
			"rotation": {"angle": 0, "axis": "z", "origin": [8, 8, 7.95]},
			"faces": {
				"north": {"uv": [1.025, 1.85, 1, 1.2], "rotation": 180, "texture": "#1"},
				"east": {"uv": [1, 1.2, 1.025, 1.85], "rotation": 90, "texture": "#1"},
				"south": {"uv": [1.025, 1.85, 1, 1.2], "texture": "#1"},
				"west": {"uv": [1, 1.2, 1.025, 1.85], "rotation": 270, "texture": "#1"},
				"up": {"uv": [1.025, 1.85, 1, 1.2], "rotation": 180, "texture": "#1"},
				"down": {"uv": [1.025, 1.85, 1, 1.2], "texture": "#1"}
			}
		},
		{
			"from": [7.3258, 7.44665, 7.65],
			"to": [7.333, 9.62105, 8.35],
			"rotation": {"angle": -22.5, "axis": "z", "origin": [8, 8, 7.95]},
			"faces": {
				"north": {"uv": [1.025, 8.75, 1, 1.2], "rotation": 180, "texture": "#1"},
				"east": {"uv": [1, 1.2, 1.025, 8.75], "rotation": 90, "texture": "#1"},
				"south": {"uv": [1.025, 8.75, 1, 1.2], "texture": "#1"},
				"west": {"uv": [1, 1.2, 1.025, 8.75], "rotation": 270, "texture": "#1"},
				"up": {"uv": [1.025, 8.75, 1, 1.2], "rotation": 180, "texture": "#1"},
				"down": {"uv": [1.025, 8.75, 1, 1.2], "texture": "#1"}
			}
		},
		{
			"from": [7.13273, 8.35408, 7.65],
			"to": [7.23353, 8.41168, 8.35],
			"rotation": {"angle": 45, "axis": "z", "origin": [8, 8, 7.95]},
			"faces": {
				"north": {"uv": [1.025, 1.55, 1, 1.2], "rotation": 270, "texture": "#1"},
				"east": {"uv": [1, 1.2, 1.025, 1.55], "rotation": 180, "texture": "#1"},
				"south": {"uv": [1.025, 1.55, 1, 1.2], "rotation": 90, "texture": "#1"},
				"west": {"uv": [1, 1.2, 1.025, 1.55], "texture": "#1"},
				"up": {"uv": [1.025, 1.55, 1, 1.2], "rotation": 270, "texture": "#1"},
				"down": {"uv": [1.025, 1.55, 1, 1.2], "rotation": 90, "texture": "#1"}
			}
		},
		{
			"from": [6.91435, 7.99139, 7.65],
			"to": [7.06555, 8.04899, 8.35],
			"rotation": {"angle": 22.5, "axis": "z", "origin": [8, 8, 7.95]},
			"faces": {
				"north": {"uv": [1.025, 1.65, 1, 1.2], "rotation": 270, "texture": "#1"},
				"east": {"uv": [1, 1.2, 1.025, 1.65], "rotation": 180, "texture": "#1"},
				"south": {"uv": [1.025, 1.65, 1, 1.2], "rotation": 90, "texture": "#1"},
				"west": {"uv": [1, 1.2, 1.025, 1.65], "texture": "#1"},
				"up": {"uv": [1.025, 1.65, 1, 1.2], "rotation": 270, "texture": "#1"},
				"down": {"uv": [1.025, 1.65, 1, 1.2], "rotation": 90, "texture": "#1"}
			}
		},
		{
			"from": [6.7722, 7.46475, 7.65],
			"to": [7.125, 7.63035, 8.35],
			"rotation": {"angle": 0, "axis": "z", "origin": [8, 8, 7.95]},
			"faces": {
				"north": {"uv": [1.025, 1.75, 1, 1.2], "rotation": 270, "texture": "#1"},
				"east": {"uv": [1, 1.2, 1.025, 1.75], "rotation": 180, "texture": "#1"},
				"south": {"uv": [1.025, 1.75, 1, 1.2], "rotation": 90, "texture": "#1"},
				"west": {"uv": [1, 1.2, 1.025, 1.75], "texture": "#1"},
				"up": {"uv": [1.025, 1.75, 1, 1.2], "rotation": 270, "texture": "#1"},
				"down": {"uv": [1.025, 1.75, 1, 1.2], "rotation": 90, "texture": "#1"}
			}
		},
		{
			"from": [6.90524, 7.20127, 7.65],
			"to": [7.05644, 7.20847, 8.35],
			"rotation": {"angle": -22.5, "axis": "z", "origin": [8, 8, 7.95]},
			"faces": {
				"north": {"uv": [1.025, 1.725, 1, 1.2], "rotation": 270, "texture": "#1"},
				"east": {"uv": [1, 1.2, 1.025, 1.725], "rotation": 180, "texture": "#1"},
				"south": {"uv": [1.025, 1.725, 1, 1.2], "rotation": 90, "texture": "#1"},
				"west": {"uv": [1, 1.2, 1.025, 1.725], "texture": "#1"},
				"up": {"uv": [1.025, 1.725, 1, 1.2], "rotation": 270, "texture": "#1"},
				"down": {"uv": [1.025, 1.725, 1, 1.2], "rotation": 90, "texture": "#1"}
			}
		},
		{
			"from": [6.65899, 7.95521, 7.65],
			"to": [6.66619, 8.21441, 8.35],
			"rotation": {"angle": 22.5, "axis": "z", "origin": [8, 8, 7.95]},
			"faces": {
				"north": {"uv": [1.025, 2.1, 1, 1.2], "rotation": 180, "texture": "#1"},
				"east": {"uv": [1, 1.2, 1.025, 2.1], "rotation": 90, "texture": "#1"},
				"south": {"uv": [1.025, 2.1, 1, 1.2], "texture": "#1"},
				"west": {"uv": [1, 1.2, 1.025, 2.1], "rotation": 270, "texture": "#1"},
				"up": {"uv": [1.025, 2.1, 1, 1.2], "rotation": 180, "texture": "#1"},
				"down": {"uv": [1.025, 2.1, 1, 1.2], "texture": "#1"}
			}
		},
		{
			"from": [7.15296, 6.62183, 7.65],
			"to": [7.16016, 6.85223, 8.35],
			"rotation": {"angle": -22.5, "axis": "z", "origin": [8, 8, 7.95]},
			"faces": {
				"north": {"uv": [1.025, 2, 1, 1.2], "rotation": 180, "texture": "#1"},
				"east": {"uv": [1, 1.2, 1.025, 2], "rotation": 90, "texture": "#1"},
				"south": {"uv": [1.025, 2, 1, 1.2], "texture": "#1"},
				"west": {"uv": [1, 1.2, 1.025, 2], "rotation": 270, "texture": "#1"},
				"up": {"uv": [1.025, 2, 1, 1.2], "rotation": 180, "texture": "#1"},
				"down": {"uv": [1.025, 2, 1, 1.2], "texture": "#1"}
			}
		},
		{
			"from": [6.43163, 7.61935, 7.65],
			"to": [6.48203, 7.62655, 8.35],
			"rotation": {"angle": 22.5, "axis": "z", "origin": [8, 8, 7.95]},
			"faces": {
				"north": {"uv": [1.025, 1.375, 1, 1.2], "rotation": 90, "texture": "#1"},
				"east": {"uv": [1, 1.2, 1.025, 1.375], "texture": "#1"},
				"south": {"uv": [1.025, 1.375, 1, 1.2], "rotation": 270, "texture": "#1"},
				"west": {"uv": [1, 1.2, 1.025, 1.375], "rotation": 180, "texture": "#1"},
				"up": {"uv": [1.025, 1.375, 1, 1.2], "rotation": 90, "texture": "#1"},
				"down": {"uv": [1.025, 1.375, 1, 1.2], "rotation": 270, "texture": "#1"}
			}
		},
		{
			"from": [6.7405, 7.06687, 7.65],
			"to": [6.8557, 7.16047, 8.35],
			"rotation": {"angle": 0, "axis": "z", "origin": [8, 8, 7.95]},
			"faces": {
				"north": {"uv": [1.025, 1.6, 1, 1.2], "rotation": 90, "texture": "#1"},
				"east": {"uv": [1, 1.2, 1.025, 1.6], "texture": "#1"},
				"south": {"uv": [1.025, 1.6, 1, 1.2], "rotation": 270, "texture": "#1"},
				"west": {"uv": [1, 1.2, 1.025, 1.6], "rotation": 180, "texture": "#1"},
				"up": {"uv": [1.025, 1.6, 1, 1.2], "rotation": 90, "texture": "#1"},
				"down": {"uv": [1.025, 1.6, 1, 1.2], "rotation": 270, "texture": "#1"}
			}
		},
		{
			"from": [7.15314, 6.69945, 7.65],
			"to": [7.34034, 6.85065, 8.35],
			"rotation": {"angle": -22.5, "axis": "z", "origin": [8, 8, 7.95]},
			"faces": {
				"north": {"uv": [1.025, 1.35, 1, 1.2], "rotation": 90, "texture": "#1"},
				"east": {"uv": [1, 1.2, 1.025, 1.35], "texture": "#1"},
				"south": {"uv": [1.025, 1.35, 1, 1.2], "rotation": 270, "texture": "#1"},
				"west": {"uv": [1, 1.2, 1.025, 1.35], "rotation": 180, "texture": "#1"},
				"up": {"uv": [1.025, 1.35, 1, 1.2], "rotation": 90, "texture": "#1"},
				"down": {"uv": [1.025, 1.35, 1, 1.2], "rotation": 270, "texture": "#1"}
			}
		},
		{
			"from": [6.54546, 7.78331, 7.65],
			"to": [6.77586, 8.12171, 8.35],
			"rotation": {"angle": 45, "axis": "z", "origin": [8, 8, 7.95]},
			"faces": {
				"north": {"uv": [1.025, 2.35, 1, 1.2], "texture": "#1"},
				"east": {"uv": [1.025, 2.35, 1, 1.2], "rotation": 180, "texture": "#1"},
				"south": {"uv": [1.025, 2.35, 1, 1.2], "texture": "#1"},
				"west": {"uv": [1.025, 2.35, 1, 1.2], "texture": "#1"},
				"up": {"uv": [1, 1.2, 1.025, 2.35], "rotation": 270, "texture": "#1"},
				"down": {"uv": [1, 1.2, 1.025, 2.35], "rotation": 90, "texture": "#1"}
			}
		},
		{
			"from": [7.64357, 6.57325, 7.65],
			"to": [8.04677, 6.69565, 8.35],
			"rotation": {"angle": -22.5, "axis": "z", "origin": [8, 8, 7.95]},
			"faces": {
				"north": {"uv": [1.025, 2.6, 1, 1.2], "rotation": 90, "texture": "#1"},
				"east": {"uv": [1, 1.2, 1.025, 2.6], "texture": "#1"},
				"south": {"uv": [1.025, 2.6, 1, 1.2], "rotation": 270, "texture": "#1"},
				"west": {"uv": [1, 1.2, 1.025, 2.6], "rotation": 180, "texture": "#1"},
				"up": {"uv": [1.025, 2.6, 1, 1.2], "rotation": 90, "texture": "#1"},
				"down": {"uv": [1.025, 2.6, 1, 1.2], "rotation": 270, "texture": "#1"}
			}
		},
		{
			"from": [7.99385, 6.69448, 7.65],
			"to": [8.33945, 6.70168, 8.35],
			"rotation": {"angle": -22.5, "axis": "z", "origin": [8, 8, 7.95]},
			"faces": {
				"north": {"uv": [1.025, 2.4, 1, 1.2], "rotation": 90, "texture": "#1"},
				"east": {"uv": [1, 1.2, 1.025, 2.4], "texture": "#1"},
				"south": {"uv": [1.025, 2.4, 1, 1.2], "rotation": 270, "texture": "#1"},
				"west": {"uv": [1, 1.2, 1.025, 2.4], "rotation": 180, "texture": "#1"},
				"up": {"uv": [1.025, 2.4, 1, 1.2], "rotation": 90, "texture": "#1"},
				"down": {"uv": [1.025, 2.4, 1, 1.2], "rotation": 270, "texture": "#1"}
			}
		},
		{
			"from": [6.67632, 7.50608, 7.65],
			"to": [6.79872, 7.91648, 8.35],
			"rotation": {"angle": 45, "axis": "z", "origin": [8, 8, 7.95]},
			"faces": {
				"north": {"uv": [1.05, 0.95, 1.025, 0], "texture": "#1"},
				"east": {"uv": [1.025, 0, 1.05, 0.95], "rotation": 270, "texture": "#1"},
				"south": {"uv": [1.05, 0.95, 1.025, 0], "rotation": 180, "texture": "#1"},
				"west": {"uv": [1.025, 0, 1.05, 0.95], "rotation": 90, "texture": "#1"},
				"up": {"uv": [1.05, 0.95, 1.025, 0], "texture": "#1"},
				"down": {"uv": [1.05, 0.95, 1.025, 0], "rotation": 180, "texture": "#1"}
			}
		},
		{
			"from": [6.93181, 7.33398, 7.65],
			"to": [6.97501, 7.53558, 8.35],
			"rotation": {"angle": 22.5, "axis": "z", "origin": [8, 8, 7.95]},
			"faces": {
				"north": {"uv": [1.05, 0.7, 1.025, 0], "texture": "#1"},
				"east": {"uv": [1.025, 0, 1.05, 0.7], "rotation": 270, "texture": "#1"},
				"south": {"uv": [1.05, 0.7, 1.025, 0], "rotation": 180, "texture": "#1"},
				"west": {"uv": [1.025, 0, 1.05, 0.7], "rotation": 90, "texture": "#1"},
				"up": {"uv": [1.05, 0.7, 1.025, 0], "texture": "#1"},
				"down": {"uv": [1.05, 0.7, 1.025, 0], "rotation": 180, "texture": "#1"}
			}
		},
		{
			"from": [6.77771, 7.06793, 7.65],
			"to": [7.23131, 7.62953, 8.35],
			"rotation": {"angle": 0, "axis": "z", "origin": [8, 8, 7.95]},
			"faces": {
				"north": {"uv": [1.05, 0.45, 1.025, 0], "texture": "#1"},
				"east": {"uv": [1.025, 0, 1.05, 0.45], "rotation": 270, "texture": "#1"},
				"south": {"uv": [1.05, 0.45, 1.025, 0], "rotation": 180, "texture": "#1"},
				"west": {"uv": [1.025, 0, 1.05, 0.45], "rotation": 90, "texture": "#1"},
				"up": {"uv": [1.05, 0.45, 1.025, 0], "texture": "#1"},
				"down": {"uv": [1.05, 0.45, 1.025, 0], "rotation": 180, "texture": "#1"}
			}
		},
		{
			"from": [7.33293, 7.06147, 7.65],
			"to": [7.55613, 9.39427, 8.35],
			"rotation": {"angle": -22.5, "axis": "z", "origin": [8, 8, 7.95]},
			"faces": {
				"north": {"uv": [0.025, 7, 0, 0], "texture": "#1"},
				"east": {"uv": [0, 0, 0.025, 7], "rotation": 270, "texture": "#1"},
				"south": {"uv": [0.025, 7, 0, 0], "rotation": 180, "texture": "#1"},
				"west": {"uv": [0, 0, 0.025, 7], "rotation": 90, "texture": "#1"},
				"up": {"uv": [0.025, 7, 0, 0], "texture": "#1"},
				"down": {"uv": [0.025, 7, 0, 0], "rotation": 180, "texture": "#1"}
			}
		},
		{
			"from": [7.49722, 6.66396, 7.65],
			"to": [7.81402, 6.67116, 8.35],
			"rotation": {"angle": 0, "axis": "z", "origin": [8, 8, 7.95]},
			"faces": {
				"north": {"uv": [1.025, 2.3, 1, 1.2], "rotation": 90, "texture": "#1"},
				"east": {"uv": [1, 1.2, 1.025, 2.3], "texture": "#1"},
				"south": {"uv": [1.025, 2.3, 1, 1.2], "rotation": 270, "texture": "#1"},
				"west": {"uv": [1, 1.2, 1.025, 2.3], "rotation": 180, "texture": "#1"},
				"up": {"uv": [1.025, 2.3, 1, 1.2], "rotation": 90, "texture": "#1"},
				"down": {"uv": [1.025, 2.3, 1, 1.2], "rotation": 270, "texture": "#1"}
			}
		},
		{
			"from": [7.49722, 6.67116, 7.65],
			"to": [7.79674, 6.67836, 8.35],
			"rotation": {"angle": 0, "axis": "z", "origin": [8, 8, 7.95]},
			"faces": {
				"north": {"uv": [1.025, 2.3, 1, 1.2], "rotation": 90, "texture": "#1"},
				"east": {"uv": [1, 1.2, 1.025, 2.3], "texture": "#1"},
				"south": {"uv": [1.025, 2.3, 1, 1.2], "rotation": 270, "texture": "#1"},
				"west": {"uv": [1, 1.2, 1.025, 2.3], "rotation": 180, "texture": "#1"},
				"up": {"uv": [1.025, 2.3, 1, 1.2], "rotation": 90, "texture": "#1"},
				"down": {"uv": [1.025, 2.3, 1, 1.2], "rotation": 270, "texture": "#1"}
			}
		},
		{
			"name": "hexadecagon",
			"from": [10.2, 7.36348, 7.69],
			"to": [11.2, 8.63652, 8.31],
			"rotation": {"angle": 0, "axis": "z", "origin": [8, 8, 7.95]},
			"faces": {
				"north": {"uv": [1, 0, 0, 1], "rotation": 90, "texture": "#2"},
				"east": {"uv": [1, 0, 0, 1], "rotation": 270, "texture": "#2"},
				"south": {"uv": [1, 0, 0, 1], "rotation": 90, "texture": "#2"},
				"west": {"uv": [1, 0, 0, 1], "rotation": 90, "texture": "#2"},
				"up": {"uv": [0, 1, 1, 0], "texture": "#2"},
				"down": {"uv": [0, 1, 1, 0], "rotation": 180, "texture": "#2"}
			}
		},
		{
			"name": "hexadecagon",
			"from": [4.8, 7.36348, 7.69],
			"to": [5.8, 8.63652, 8.31],
			"rotation": {"angle": 0, "axis": "z", "origin": [8, 8, 7.95]},
			"faces": {
				"north": {"uv": [1, 0, 0, 1], "rotation": 90, "texture": "#2"},
				"east": {"uv": [1, 0, 0, 1], "rotation": 270, "texture": "#2"},
				"south": {"uv": [1, 0, 0, 1], "rotation": 90, "texture": "#2"},
				"west": {"uv": [1, 0, 0, 1], "rotation": 90, "texture": "#2"},
				"up": {"uv": [0, 1, 1, 0], "texture": "#2"},
				"down": {"uv": [0, 1, 1, 0], "rotation": 180, "texture": "#2"}
			}
		},
		{
			"name": "hexadecagon",
			"from": [4.8, 7.36348, 7.69],
			"to": [5.8, 8.63652, 8.31],
			"rotation": {"angle": -22.5, "axis": "z", "origin": [8, 8, 7.95]},
			"faces": {
				"north": {"uv": [1, 0, 0, 1], "rotation": 90, "texture": "#2"},
				"east": {"uv": [1, 0, 0, 1], "rotation": 270, "texture": "#2"},
				"south": {"uv": [1, 0, 0, 1], "rotation": 90, "texture": "#2"},
				"west": {"uv": [1, 0, 0, 1], "rotation": 90, "texture": "#2"},
				"up": {"uv": [0, 1, 1, 0], "texture": "#2"},
				"down": {"uv": [0, 1, 1, 0], "rotation": 180, "texture": "#2"}
			}
		},
		{
			"name": "hexadecagon",
			"from": [10.2, 7.36348, 7.69],
			"to": [11.2, 8.63652, 8.31],
			"rotation": {"angle": -22.5, "axis": "z", "origin": [8, 8, 7.95]},
			"faces": {
				"north": {"uv": [1, 0, 0, 1], "rotation": 90, "texture": "#2"},
				"east": {"uv": [1, 0, 0, 1], "rotation": 270, "texture": "#2"},
				"south": {"uv": [1, 0, 0, 1], "rotation": 90, "texture": "#2"},
				"west": {"uv": [1, 0, 0, 1], "rotation": 90, "texture": "#2"},
				"up": {"uv": [0, 1, 1, 0], "texture": "#2"},
				"down": {"uv": [0, 1, 1, 0], "rotation": 180, "texture": "#2"}
			}
		},
		{
			"name": "hexadecagon",
			"from": [7.36348, 10.2, 7.69],
			"to": [8.63652, 11.2, 8.31],
			"rotation": {"angle": 45, "axis": "z", "origin": [8, 8, 7.95]},
			"faces": {
				"north": {"uv": [1, 0, 0, 1], "texture": "#2"},
				"east": {"uv": [0, 1, 1, 0], "rotation": 90, "texture": "#2"},
				"south": {"uv": [1, 0, 0, 1], "rotation": 180, "texture": "#2"},
				"west": {"uv": [0, 1, 1, 0], "rotation": 270, "texture": "#2"},
				"up": {"uv": [1, 0, 0, 1], "rotation": 180, "texture": "#2"},
				"down": {"uv": [1, 0, 0, 1], "texture": "#2"}
			}
		},
		{
			"name": "hexadecagon",
			"from": [7.36348, 4.8, 7.69],
			"to": [8.63652, 5.8, 8.31],
			"rotation": {"angle": 45, "axis": "z", "origin": [8, 8, 7.95]},
			"faces": {
				"north": {"uv": [1, 0, 0, 1], "texture": "#2"},
				"east": {"uv": [0, 1, 1, 0], "rotation": 90, "texture": "#2"},
				"south": {"uv": [1, 0, 0, 1], "rotation": 180, "texture": "#2"},
				"west": {"uv": [0, 1, 1, 0], "rotation": 270, "texture": "#2"},
				"up": {"uv": [1, 0, 0, 1], "rotation": 180, "texture": "#2"},
				"down": {"uv": [1, 0, 0, 1], "texture": "#2"}
			}
		},
		{
			"name": "hexadecagon",
			"from": [7.36348, 10.2, 7.69],
			"to": [8.63652, 11.2, 8.31],
			"rotation": {"angle": 22.5, "axis": "z", "origin": [8, 8, 7.95]},
			"faces": {
				"north": {"uv": [0, 1, 1, 0], "rotation": 180, "texture": "#2"},
				"east": {"uv": [1, 0, 0, 1], "rotation": 270, "texture": "#2"},
				"south": {"uv": [0, 1, 1, 0], "texture": "#2"},
				"west": {"uv": [1, 0, 0, 1], "rotation": 90, "texture": "#2"},
				"up": {"uv": [0, 1, 1, 0], "texture": "#2"},
				"down": {"uv": [0, 1, 1, 0], "rotation": 180, "texture": "#2"}
			}
		},
		{
			"name": "hexadecagon",
			"from": [7.36348, 4.8, 7.69],
			"to": [8.63652, 5.8, 8.31],
			"rotation": {"angle": 22.5, "axis": "z", "origin": [8, 8, 7.95]},
			"faces": {
				"north": {"uv": [0, 1, 1, 0], "rotation": 180, "texture": "#2"},
				"east": {"uv": [1, 0, 0, 1], "rotation": 270, "texture": "#2"},
				"south": {"uv": [0, 1, 1, 0], "texture": "#2"},
				"west": {"uv": [1, 0, 0, 1], "rotation": 90, "texture": "#2"},
				"up": {"uv": [0, 1, 1, 0], "texture": "#2"},
				"down": {"uv": [0, 1, 1, 0], "rotation": 180, "texture": "#2"}
			}
		},
		{
			"name": "hexadecagon",
			"from": [7.36348, 10.2, 7.69],
			"to": [8.63652, 11.2, 8.31],
			"rotation": {"angle": 0, "axis": "z", "origin": [8, 8, 7.95]},
			"faces": {
				"north": {"uv": [0, 1, 1, 0], "rotation": 180, "texture": "#2"},
				"east": {"uv": [1, 0, 0, 1], "rotation": 270, "texture": "#2"},
				"south": {"uv": [0, 1, 1, 0], "texture": "#2"},
				"west": {"uv": [1, 0, 0, 1], "rotation": 90, "texture": "#2"},
				"up": {"uv": [0, 1, 1, 0], "texture": "#2"},
				"down": {"uv": [0, 1, 1, 0], "rotation": 180, "texture": "#2"}
			}
		},
		{
			"name": "hexadecagon",
			"from": [7.36348, 4.8, 7.69],
			"to": [8.63652, 5.8, 8.31],
			"rotation": {"angle": 0, "axis": "z", "origin": [8, 8, 7.95]},
			"faces": {
				"north": {"uv": [0, 1, 1, 0], "rotation": 180, "texture": "#2"},
				"east": {"uv": [1, 0, 0, 1], "rotation": 270, "texture": "#2"},
				"south": {"uv": [0, 1, 1, 0], "texture": "#2"},
				"west": {"uv": [1, 0, 0, 1], "rotation": 90, "texture": "#2"},
				"up": {"uv": [0, 1, 1, 0], "texture": "#2"},
				"down": {"uv": [0, 1, 1, 0], "rotation": 180, "texture": "#2"}
			}
		},
		{
			"name": "hexadecagon",
			"from": [7.36348, 10.2, 7.69],
			"to": [8.63652, 11.2, 8.31],
			"rotation": {"angle": -22.5, "axis": "z", "origin": [8, 8, 7.95]},
			"faces": {
				"north": {"uv": [0, 1, 1, 0], "rotation": 180, "texture": "#2"},
				"east": {"uv": [1, 0, 0, 1], "rotation": 270, "texture": "#2"},
				"south": {"uv": [0, 1, 1, 0], "texture": "#2"},
				"west": {"uv": [1, 0, 0, 1], "rotation": 90, "texture": "#2"},
				"up": {"uv": [0, 1, 1, 0], "texture": "#2"},
				"down": {"uv": [0, 1, 1, 0], "rotation": 180, "texture": "#2"}
			}
		},
		{
			"name": "hexadecagon",
			"from": [7.36348, 4.8, 7.69],
			"to": [8.63652, 5.8, 8.31],
			"rotation": {"angle": -22.5, "axis": "z", "origin": [8, 8, 7.95]},
			"faces": {
				"north": {"uv": [0, 1, 1, 0], "rotation": 180, "texture": "#2"},
				"east": {"uv": [1, 0, 0, 1], "rotation": 270, "texture": "#2"},
				"south": {"uv": [0, 1, 1, 0], "texture": "#2"},
				"west": {"uv": [1, 0, 0, 1], "rotation": 90, "texture": "#2"},
				"up": {"uv": [0, 1, 1, 0], "texture": "#2"},
				"down": {"uv": [0, 1, 1, 0], "rotation": 180, "texture": "#2"}
			}
		},
		{
			"name": "hexadecagon",
			"from": [10.2, 7.36348, 7.69],
			"to": [11.2, 8.63652, 8.31],
			"rotation": {"angle": 45, "axis": "z", "origin": [8, 8, 7.95]},
			"faces": {
				"north": {"uv": [0, 1, 1, 0], "rotation": 90, "texture": "#2"},
				"east": {"uv": [0, 1, 1, 0], "rotation": 90, "texture": "#2"},
				"south": {"uv": [0, 1, 1, 0], "rotation": 90, "texture": "#2"},
				"west": {"uv": [0, 1, 1, 0], "rotation": 270, "texture": "#2"},
				"up": {"uv": [1, 0, 0, 1], "rotation": 180, "texture": "#2"},
				"down": {"uv": [1, 0, 0, 1], "texture": "#2"}
			}
		},
		{
			"name": "hexadecagon",
			"from": [4.8, 7.36348, 7.69],
			"to": [5.8, 8.63652, 8.31],
			"rotation": {"angle": 45, "axis": "z", "origin": [8, 8, 7.95]},
			"faces": {
				"north": {"uv": [0, 1, 1, 0], "rotation": 90, "texture": "#2"},
				"east": {"uv": [0, 1, 1, 0], "rotation": 90, "texture": "#2"},
				"south": {"uv": [0, 1, 1, 0], "rotation": 90, "texture": "#2"},
				"west": {"uv": [0, 1, 1, 0], "rotation": 270, "texture": "#2"},
				"up": {"uv": [1, 0, 0, 1], "rotation": 180, "texture": "#2"},
				"down": {"uv": [1, 0, 0, 1], "texture": "#2"}
			}
		},
		{
			"name": "hexadecagon",
			"from": [10.2, 7.36348, 7.69],
			"to": [11.2, 8.63652, 8.31],
			"rotation": {"angle": 22.5, "axis": "z", "origin": [8, 8, 7.95]},
			"faces": {
				"north": {"uv": [1, 0, 0, 1], "rotation": 270, "texture": "#2"},
				"east": {"uv": [1, 0, 0, 1], "rotation": 270, "texture": "#2"},
				"south": {"uv": [1, 0, 0, 1], "rotation": 270, "texture": "#2"},
				"west": {"uv": [1, 0, 0, 1], "rotation": 90, "texture": "#2"},
				"up": {"uv": [0, 1, 1, 0], "texture": "#2"},
				"down": {"uv": [0, 1, 1, 0], "rotation": 180, "texture": "#2"}
			}
		},
		{
			"name": "hexadecagon",
			"from": [4.8, 7.36348, 7.69],
			"to": [5.8, 8.63652, 8.31],
			"rotation": {"angle": 22.5, "axis": "z", "origin": [8, 8, 7.95]},
			"faces": {
				"north": {"uv": [1, 0, 0, 1], "rotation": 270, "texture": "#2"},
				"east": {"uv": [1, 0, 0, 1], "rotation": 270, "texture": "#2"},
				"south": {"uv": [1, 0, 0, 1], "rotation": 270, "texture": "#2"},
				"west": {"uv": [1, 0, 0, 1], "rotation": 90, "texture": "#2"},
				"up": {"uv": [0, 1, 1, 0], "texture": "#2"},
				"down": {"uv": [0, 1, 1, 0], "rotation": 180, "texture": "#2"}
			}
		},
		{
			"name": "hexadecagon",
			"from": [7.60403, 9.89065, 7.69],
			"to": [8.39597, 9.99065, 8.31],
			"rotation": {"angle": 0, "axis": "z", "origin": [8, 8, 7.95]},
			"faces": {
				"north": {"uv": [0, 1, 1, 0], "texture": "#2"},
				"east": {"uv": [1, 0, 0, 1], "rotation": 270, "texture": "#2"},
				"south": {"uv": [0, 1, 1, 0], "rotation": 180, "texture": "#2"},
				"west": {"uv": [1, 0, 0, 1], "rotation": 90, "texture": "#2"},
				"up": {"uv": [0, 1, 1, 0], "texture": "#2"},
				"down": {"uv": [0, 1, 1, 0], "rotation": 180, "texture": "#2"}
			}
		},
		{
			"name": "hexadecagon",
			"from": [7.60403, 6.00934, 7.69],
			"to": [8.39597, 6.10934, 8.31],
			"rotation": {"angle": 0, "axis": "z", "origin": [8, 8, 7.95]},
			"faces": {
				"north": {"uv": [0, 1, 1, 0], "texture": "#2"},
				"east": {"uv": [1, 0, 0, 1], "rotation": 270, "texture": "#2"},
				"south": {"uv": [0, 1, 1, 0], "rotation": 180, "texture": "#2"},
				"west": {"uv": [1, 0, 0, 1], "rotation": 90, "texture": "#2"},
				"up": {"uv": [0, 1, 1, 0], "texture": "#2"},
				"down": {"uv": [0, 1, 1, 0], "rotation": 180, "texture": "#2"}
			}
		},
		{
			"name": "hexadecagon",
			"from": [7.60403, 9.89065, 7.69],
			"to": [8.39597, 9.99065, 8.31],
			"rotation": {"angle": -22.5, "axis": "z", "origin": [8, 8, 7.95]},
			"faces": {
				"north": {"uv": [0, 1, 1, 0], "texture": "#2"},
				"east": {"uv": [1, 0, 0, 1], "rotation": 270, "texture": "#2"},
				"south": {"uv": [0, 1, 1, 0], "rotation": 180, "texture": "#2"},
				"west": {"uv": [1, 0, 0, 1], "rotation": 90, "texture": "#2"},
				"up": {"uv": [0, 1, 1, 0], "texture": "#2"},
				"down": {"uv": [0, 1, 1, 0], "rotation": 180, "texture": "#2"}
			}
		},
		{
			"name": "hexadecagon",
			"from": [7.60403, 6.00934, 7.69],
			"to": [8.39597, 6.10934, 8.31],
			"rotation": {"angle": -22.5, "axis": "z", "origin": [8, 8, 7.95]},
			"faces": {
				"north": {"uv": [0, 1, 1, 0], "texture": "#2"},
				"east": {"uv": [1, 0, 0, 1], "rotation": 270, "texture": "#2"},
				"south": {"uv": [0, 1, 1, 0], "rotation": 180, "texture": "#2"},
				"west": {"uv": [1, 0, 0, 1], "rotation": 90, "texture": "#2"},
				"up": {"uv": [0, 1, 1, 0], "texture": "#2"},
				"down": {"uv": [0, 1, 1, 0], "rotation": 180, "texture": "#2"}
			}
		},
		{
			"name": "hexadecagon",
			"from": [9.89065, 7.60403, 7.69],
			"to": [9.99065, 8.39597, 8.31],
			"rotation": {"angle": 45, "axis": "z", "origin": [8, 8, 7.95]},
			"faces": {
				"north": {"uv": [0, 1, 1, 0], "rotation": 270, "texture": "#2"},
				"east": {"uv": [0, 1, 1, 0], "rotation": 90, "texture": "#2"},
				"south": {"uv": [0, 1, 1, 0], "rotation": 270, "texture": "#2"},
				"west": {"uv": [0, 1, 1, 0], "rotation": 270, "texture": "#2"},
				"up": {"uv": [1, 0, 0, 1], "rotation": 180, "texture": "#2"},
				"down": {"uv": [1, 0, 0, 1], "texture": "#2"}
			}
		},
		{
			"name": "hexadecagon",
			"from": [6.00934, 7.60403, 7.69],
			"to": [6.10934, 8.39597, 8.31],
			"rotation": {"angle": 45, "axis": "z", "origin": [8, 8, 7.95]},
			"faces": {
				"north": {"uv": [0, 1, 1, 0], "rotation": 270, "texture": "#2"},
				"east": {"uv": [0, 1, 1, 0], "rotation": 90, "texture": "#2"},
				"south": {"uv": [0, 1, 1, 0], "rotation": 270, "texture": "#2"},
				"west": {"uv": [0, 1, 1, 0], "rotation": 270, "texture": "#2"},
				"up": {"uv": [1, 0, 0, 1], "rotation": 180, "texture": "#2"},
				"down": {"uv": [1, 0, 0, 1], "texture": "#2"}
			}
		},
		{
			"name": "hexadecagon",
			"from": [9.89066, 7.60403, 7.69],
			"to": [9.99066, 8.39596, 8.31],
			"rotation": {"angle": 22.5, "axis": "z", "origin": [8, 8, 7.95]},
			"faces": {
				"north": {"uv": [1, 0, 0, 1], "rotation": 90, "texture": "#2"},
				"east": {"uv": [1, 0, 0, 1], "rotation": 270, "texture": "#2"},
				"south": {"uv": [1, 0, 0, 1], "rotation": 90, "texture": "#2"},
				"west": {"uv": [1, 0, 0, 1], "rotation": 90, "texture": "#2"},
				"up": {"uv": [0, 1, 1, 0], "texture": "#2"},
				"down": {"uv": [0, 1, 1, 0], "rotation": 180, "texture": "#2"}
			}
		},
		{
			"name": "hexadecagon",
			"from": [6.00934, 7.60403, 7.69],
			"to": [6.10934, 8.39596, 8.31],
			"rotation": {"angle": 22.5, "axis": "z", "origin": [8, 8, 7.95]},
			"faces": {
				"north": {"uv": [1, 0, 0, 1], "rotation": 90, "texture": "#2"},
				"east": {"uv": [1, 0, 0, 1], "rotation": 270, "texture": "#2"},
				"south": {"uv": [1, 0, 0, 1], "rotation": 90, "texture": "#2"},
				"west": {"uv": [1, 0, 0, 1], "rotation": 90, "texture": "#2"},
				"up": {"uv": [0, 1, 1, 0], "texture": "#2"},
				"down": {"uv": [0, 1, 1, 0], "rotation": 180, "texture": "#2"}
			}
		},
		{
			"name": "hexadecagon",
			"from": [9.89066, 7.60403, 7.69],
			"to": [9.99066, 8.39596, 8.31],
			"rotation": {"angle": 0, "axis": "z", "origin": [8, 8, 7.95]},
			"faces": {
				"north": {"uv": [1, 0, 0, 1], "rotation": 90, "texture": "#2"},
				"east": {"uv": [1, 0, 0, 1], "rotation": 270, "texture": "#2"},
				"south": {"uv": [1, 0, 0, 1], "rotation": 90, "texture": "#2"},
				"west": {"uv": [1, 0, 0, 1], "rotation": 90, "texture": "#2"},
				"up": {"uv": [0, 1, 1, 0], "texture": "#2"},
				"down": {"uv": [0, 1, 1, 0], "rotation": 180, "texture": "#2"}
			}
		},
		{
			"name": "hexadecagon",
			"from": [6.00934, 7.60403, 7.69],
			"to": [6.10934, 8.39596, 8.31],
			"rotation": {"angle": 0, "axis": "z", "origin": [8, 8, 7.95]},
			"faces": {
				"north": {"uv": [1, 0, 0, 1], "rotation": 90, "texture": "#2"},
				"east": {"uv": [1, 0, 0, 1], "rotation": 270, "texture": "#2"},
				"south": {"uv": [1, 0, 0, 1], "rotation": 90, "texture": "#2"},
				"west": {"uv": [1, 0, 0, 1], "rotation": 90, "texture": "#2"},
				"up": {"uv": [0, 1, 1, 0], "texture": "#2"},
				"down": {"uv": [0, 1, 1, 0], "rotation": 180, "texture": "#2"}
			}
		},
		{
			"name": "hexadecagon",
			"from": [9.89066, 7.60403, 7.69],
			"to": [9.99066, 8.39596, 8.31],
			"rotation": {"angle": -22.5, "axis": "z", "origin": [8, 8, 7.95]},
			"faces": {
				"north": {"uv": [1, 0, 0, 1], "rotation": 90, "texture": "#2"},
				"east": {"uv": [1, 0, 0, 1], "rotation": 270, "texture": "#2"},
				"south": {"uv": [1, 0, 0, 1], "rotation": 90, "texture": "#2"},
				"west": {"uv": [1, 0, 0, 1], "rotation": 90, "texture": "#2"},
				"up": {"uv": [0, 1, 1, 0], "texture": "#2"},
				"down": {"uv": [0, 1, 1, 0], "rotation": 180, "texture": "#2"}
			}
		},
		{
			"name": "hexadecagon",
			"from": [6.00934, 7.60403, 7.69],
			"to": [6.10934, 8.39596, 8.31],
			"rotation": {"angle": -22.5, "axis": "z", "origin": [8, 8, 7.95]},
			"faces": {
				"north": {"uv": [1, 0, 0, 1], "rotation": 90, "texture": "#2"},
				"east": {"uv": [1, 0, 0, 1], "rotation": 270, "texture": "#2"},
				"south": {"uv": [1, 0, 0, 1], "rotation": 90, "texture": "#2"},
				"west": {"uv": [1, 0, 0, 1], "rotation": 90, "texture": "#2"},
				"up": {"uv": [0, 1, 1, 0], "texture": "#2"},
				"down": {"uv": [0, 1, 1, 0], "rotation": 180, "texture": "#2"}
			}
		},
		{
			"name": "hexadecagon",
			"from": [7.60403, 6.00934, 7.69],
			"to": [8.39596, 6.10934, 8.31],
			"rotation": {"angle": 45, "axis": "z", "origin": [8, 8, 7.95]},
			"faces": {
				"north": {"uv": [1, 0, 0, 1], "texture": "#2"},
				"east": {"uv": [0, 1, 1, 0], "rotation": 90, "texture": "#2"},
				"south": {"uv": [1, 0, 0, 1], "rotation": 180, "texture": "#2"},
				"west": {"uv": [0, 1, 1, 0], "rotation": 270, "texture": "#2"},
				"up": {"uv": [1, 0, 0, 1], "rotation": 180, "texture": "#2"},
				"down": {"uv": [1, 0, 0, 1], "texture": "#2"}
			}
		},
		{
			"name": "hexadecagon",
			"from": [7.60403, 9.89066, 7.69],
			"to": [8.39596, 9.99066, 8.31],
			"rotation": {"angle": 45, "axis": "z", "origin": [8, 8, 7.95]},
			"faces": {
				"north": {"uv": [1, 0, 0, 1], "texture": "#2"},
				"east": {"uv": [0, 1, 1, 0], "rotation": 90, "texture": "#2"},
				"south": {"uv": [1, 0, 0, 1], "rotation": 180, "texture": "#2"},
				"west": {"uv": [0, 1, 1, 0], "rotation": 270, "texture": "#2"},
				"up": {"uv": [1, 0, 0, 1], "rotation": 180, "texture": "#2"},
				"down": {"uv": [1, 0, 0, 1], "texture": "#2"}
			}
		},
		{
			"name": "hexadecagon",
			"from": [7.60403, 6.00934, 7.69],
			"to": [8.39597, 6.10934, 8.31],
			"rotation": {"angle": 22.5, "axis": "z", "origin": [8, 8, 7.95]},
			"faces": {
				"north": {"uv": [0, 1, 1, 0], "rotation": 180, "texture": "#2"},
				"east": {"uv": [1, 0, 0, 1], "rotation": 270, "texture": "#2"},
				"south": {"uv": [0, 1, 1, 0], "texture": "#2"},
				"west": {"uv": [1, 0, 0, 1], "rotation": 90, "texture": "#2"},
				"up": {"uv": [0, 1, 1, 0], "texture": "#2"},
				"down": {"uv": [0, 1, 1, 0], "rotation": 180, "texture": "#2"}
			}
		},
		{
			"name": "hexadecagon",
			"from": [7.60403, 9.89065, 7.69],
			"to": [8.39597, 9.99065, 8.31],
			"rotation": {"angle": 22.5, "axis": "z", "origin": [8, 8, 7.95]},
			"faces": {
				"north": {"uv": [0, 1, 1, 0], "rotation": 180, "texture": "#2"},
				"east": {"uv": [1, 0, 0, 1], "rotation": 270, "texture": "#2"},
				"south": {"uv": [0, 1, 1, 0], "texture": "#2"},
				"west": {"uv": [1, 0, 0, 1], "rotation": 90, "texture": "#2"},
				"up": {"uv": [0, 1, 1, 0], "texture": "#2"},
				"down": {"uv": [0, 1, 1, 0], "rotation": 180, "texture": "#2"}
			}
		},
		{
			"name": "hexadecagon",
			"from": [5.778, 5.71394, 7.79],
			"to": [10.222, 10.28606, 8.21],
			"rotation": {"angle": 0, "axis": "z", "origin": [8, 8, 7.95]},
			"faces": {
				"north": {"uv": [0, 1, 1, 0], "texture": "#0"},
				"east": {"uv": [1, 0, 0, 1], "rotation": 270, "texture": "#0"},
				"south": {"uv": [0, 1, 1, 0], "rotation": 180, "texture": "#0"},
				"west": {"uv": [1, 0, 0, 1], "rotation": 90, "texture": "#0"},
				"up": {"uv": [0, 1, 1, 0], "texture": "#0"},
				"down": {"uv": [0, 1, 1, 0], "rotation": 180, "texture": "#0"}
			}
		}
	],
	"display": {
		"thirdperson_righthand": {
			"rotation": [-19, -32, -9],
			"translation": [0, 2, -0.5]
		},
		"thirdperson_lefthand": {
			"rotation": [-19, -32, -9],
			"translation": [0, 2, -0.5]
		},
		"firstperson_righthand": {
			"rotation": [-19, -32, -9],
			"translation": [0, 2, -0.5]
		},
		"firstperson_lefthand": {
			"rotation": [-19, -32, -9],
			"translation": [0, 2, -0.5]
		},
		"ground": {
			"translation": [0, 1, 0]
		},
		"gui": {
			"scale": [2.3, 2.3, 2.3]
		},
		"fixed": {
			"scale": [2, 2, 2]
		}
	},
	"groups": [
		{
			"name": "aclogo",
			"origin": [8, 8, 10.90025],
			"color": 0,
			"children": [0, 1, 2, 3, 4, 5, 6, 7, 8, 9, 10, 11, 12, 13, 14, 15, 16, 17, 18, 19, 20, 21, 22, 23, 24, 25, 26, 27, 28, 29, 30, 31, 32, 33, 34, 35, 36, 37, 38, 39, 40, 41, 42, 43, 44, 45, 46, 47, 48, 49, 50, 51, 52, 53, 54, 55, 56, 57, 58, 59, 60, 61, 62, 63, 64, 65, 66, 67, 68, 69, 70, 71, 72, 73, 74, 75, 76, 77, 78, 79, 80, 81, 82, 83, 84, 85, 86, 87, 88, 89, 90, 91, 92, 93, 94, 95, 96, 97, 98, 99]
		},
		{
			"name": "hexadecagon",
			"origin": [8, 8, 8],
			"color": 0,
			"children": [100, 101, 102, 103, 104, 105, 106, 107, 108, 109, 110, 111, 112, 113, 114, 115]
		},
		{
			"name": "hexadecagon",
			"origin": [8, 8, 8],
			"color": 0,
			"children": [116, 117, 118, 119, 120, 121, 122, 123, 124, 125, 126, 127, 128, 129, 130, 131]
		},
		132
	]
}