{
	"credit": "Made with Blockbench",
	"textures": {
		"particle": "waystones:block/andesite_waystone",
		"texture": "waystones:block/andesite_waystone"
	},
	"elements": [
		{
			"name": "baseBottom",
			"from": [0, 29, 0],
			"to": [16, 32, 16],
			"faces": {
				"north": {"uv": [0, 8, 4, 9.5], "rotation": 180, "texture": "#texture"},
				"east": {"uv": [0, 8, 4, 9.5], "rotation": 180, "texture": "#texture"},
				"south": {"uv": [0, 8, 4, 9.5], "rotation": 180, "texture": "#texture"},
				"west": {"uv": [0, 8, 4, 9.5], "rotation": 180, "texture": "#texture"},
				"up": {"uv": [0, 0, 4, 8], "rotation": 180, "texture": "#texture", "cullface": "up"},
				"down": {"uv": [0, 0, 4, 8], "rotation": 180, "texture": "#texture"}
			}
		},
		{
			"name": "baseBottom",
			"from": [0, 0, 0],
			"to": [16, 3, 16],
			"faces": {
				"north": {"uv": [0, 8, 4, 9.5], "texture": "#texture", "cullface": "north"},
				"east": {"uv": [0, 8, 4, 9.5], "texture": "#texture", "cullface": "east"},
				"south": {"uv": [0, 8, 4, 9.5], "texture": "#texture", "cullface": "south"},
				"west": {"uv": [0, 8, 4, 9.5], "texture": "#texture", "cullface": "west"},
				"up": {"uv": [0, 0, 4, 8], "texture": "#texture"},
				"down": {"uv": [0, 0, 4, 8], "texture": "#texture", "cullface": "down"}
			}
		},
		{
			"name": "baseMiddle",
			"from": [1, 3, 1],
			"to": [15, 7, 15],
			"faces": {
				"north": {"uv": [4, 7, 7.5, 9], "texture": "#texture"},
				"east": {"uv": [4, 7, 7.5, 9], "texture": "#texture"},
				"south": {"uv": [4, 7, 7.5, 9], "texture": "#texture"},
				"west": {"uv": [4, 7, 7.5, 9], "texture": "#texture"},
				"up": {"uv": [4, 0, 7.5, 7], "texture": "#texture"}
			}
		},
		{
			"name": "baseTop",
			"from": [2, 7, 2],
			"to": [14, 9, 14],
			"faces": {
				"north": {"uv": [7.5, 6, 10.5, 7], "texture": "#texture"},
				"east": {"uv": [7.5, 6, 10.5, 7], "texture": "#texture"},
				"south": {"uv": [7.5, 6, 10.5, 7], "texture": "#texture"},
				"west": {"uv": [7.5, 6, 10.5, 7], "texture": "#texture"},
				"up": {"uv": [7.5, 0, 10.5, 6], "texture": "#texture"}
			}
		},
		{
			"from": [3, 9, 3],
			"to": [5, 16, 5],
			"rotation": {"angle": 0, "axis": "y", "origin": [11, 17, 11]},
			"faces": {
				"north": {"uv": [0, 0, 0.5, 3.5], "texture": "#texture"},
				"east": {"uv": [0, 0, 0.5, 3.5], "texture": "#texture"},
				"south": {"uv": [0, 0, 0.5, 3.5], "texture": "#texture"},
				"west": {"uv": [0, 0, 0.5, 3.5], "texture": "#texture"},
				"up": {"uv": [0, 0, 0.5, 1], "texture": "#texture"}
			}
		},
		{
			"from": [11, 9, 3],
			"to": [13, 16, 5],
			"rotation": {"angle": 0, "axis": "y", "origin": [19, 17, 11]},
			"faces": {
				"north": {"uv": [0, 0, 0.5, 3.5], "texture": "#texture"},
				"east": {"uv": [0, 0, 0.5, 3.5], "texture": "#texture"},
				"south": {"uv": [0, 0, 0.5, 3.5], "texture": "#texture"},
				"west": {"uv": [0, 0, 0.5, 3.5], "texture": "#texture"},
				"up": {"uv": [0, 0, 0.5, 1], "texture": "#texture"}
			}
		},
		{
			"from": [11, 9, 11],
			"to": [13, 16, 13],
			"rotation": {"angle": 0, "axis": "y", "origin": [19, 17, 19]},
			"faces": {
				"north": {"uv": [0, 0, 0.5, 3.5], "texture": "#texture"},
				"east": {"uv": [0, 0, 0.5, 3.5], "texture": "#texture"},
				"south": {"uv": [0, 0, 0.5, 3.5], "texture": "#texture"},
				"west": {"uv": [0, 0, 0.5, 3.5], "texture": "#texture"},
				"up": {"uv": [0, 0, 0.5, 1], "texture": "#texture"}
			}
		},
		{
			"from": [3, 9, 11],
			"to": [5, 16, 13],
			"rotation": {"angle": 0, "axis": "y", "origin": [11, 17, 19]},
			"faces": {
				"north": {"uv": [0, 0, 0.5, 3.5], "texture": "#texture"},
				"east": {"uv": [0, 0, 0.5, 3.5], "texture": "#texture"},
				"south": {"uv": [0, 0, 0.5, 3.5], "texture": "#texture"},
				"west": {"uv": [0, 0, 0.5, 3.5], "texture": "#texture"},
				"up": {"uv": [0, 0, 0.5, 1], "texture": "#texture"}
			}
		},
		{
			"name": "baseMiddle",
			"from": [1, 25, 1],
			"to": [15, 29, 15],
			"faces": {
				"north": {"uv": [4, 7, 7.5, 9], "rotation": 180, "texture": "#texture"},
				"east": {"uv": [4, 7, 7.5, 9], "rotation": 180, "texture": "#texture"},
				"south": {"uv": [4, 7, 7.5, 9], "rotation": 180, "texture": "#texture"},
				"west": {"uv": [4, 7, 7.5, 9], "rotation": 180, "texture": "#texture"},
				"down": {"uv": [4, 0, 7.5, 7], "rotation": 180, "texture": "#texture"}
			}
		},
		{
			"name": "baseTop",
			"from": [2, 23, 2],
			"to": [14, 25, 14],
			"faces": {
				"north": {"uv": [7.5, 6, 10.5, 7], "rotation": 180, "texture": "#texture"},
				"east": {"uv": [7.5, 6, 10.5, 7], "rotation": 180, "texture": "#texture"},
				"south": {"uv": [7.5, 6, 10.5, 7], "rotation": 180, "texture": "#texture"},
				"west": {"uv": [7.5, 6, 10.5, 7], "rotation": 180, "texture": "#texture"},
				"down": {"uv": [7.5, 0, 10.5, 6], "rotation": 180, "texture": "#texture"}
			}
		},
		{
			"from": [3, 16, 3],
			"to": [5, 23, 5],
			"rotation": {"angle": 0, "axis": "y", "origin": [11, 8, 11]},
			"faces": {
				"north": {"uv": [0, 0, 0.5, 3.5], "texture": "#texture"},
				"east": {"uv": [0, 0, 0.5, 3.5], "texture": "#texture"},
				"south": {"uv": [0, 0, 0.5, 3.5], "texture": "#texture"},
				"west": {"uv": [0, 0, 0.5, 3.5], "texture": "#texture"},
				"down": {"uv": [0, 0, 0.5, 1], "texture": "#texture"}
			}
		},
		{
			"from": [11, 16, 3],
			"to": [13, 23, 5],
			"rotation": {"angle": 0, "axis": "y", "origin": [19, 8, 11]},
			"faces": {
				"north": {"uv": [0, 0, 0.5, 3.5], "texture": "#texture"},
				"east": {"uv": [0, 0, 0.5, 3.5], "texture": "#texture"},
				"south": {"uv": [0, 0, 0.5, 3.5], "texture": "#texture"},
				"west": {"uv": [0, 0, 0.5, 3.5], "texture": "#texture"},
				"down": {"uv": [0, 0, 0.5, 1], "texture": "#texture"}
			}
		},
		{
			"from": [11, 16, 11],
			"to": [13, 23, 13],
			"rotation": {"angle": 0, "axis": "y", "origin": [19, 8, 19]},
			"faces": {
				"north": {"uv": [0, 0, 0.5, 3.5], "texture": "#texture"},
				"east": {"uv": [0, 0, 0.5, 3.5], "texture": "#texture"},
				"south": {"uv": [0, 0, 0.5, 3.5], "texture": "#texture"},
				"west": {"uv": [0, 0, 0.5, 3.5], "texture": "#texture"},
				"down": {"uv": [0, 0, 0.5, 1], "texture": "#texture"}
			}
		},
		{
			"from": [3, 16, 11],
			"to": [5, 23, 13],
			"rotation": {"angle": 0, "axis": "y", "origin": [11, 8, 19]},
			"faces": {
				"north": {"uv": [0, 0, 0.5, 3.5], "texture": "#texture"},
				"east": {"uv": [0, 0, 0.5, 3.5], "texture": "#texture"},
				"south": {"uv": [0, 0, 0.5, 3.5], "texture": "#texture"},
				"west": {"uv": [0, 0, 0.5, 3.5], "texture": "#texture"},
				"down": {"uv": [0, 0, 0.5, 1], "texture": "#texture"}
			}
		},
		{
			"from": [3, 25, 11],
			"to": [5, 32, 13],
			"rotation": {"angle": 0, "axis": "y", "origin": [11, 17, 19]},
			"faces": {
				"north": {"uv": [0, 0, 0.5, 3.5], "texture": "#texture"},
				"east": {"uv": [0, 0, 0.5, 3.5], "texture": "#texture"},
				"south": {"uv": [0, 0, 0.5, 3.5], "texture": "#texture"},
				"west": {"uv": [0, 0, 0.5, 3.5], "texture": "#texture"},
				"up": {"uv": [0, 0, 0.5, 1], "texture": "#texture"}
			}
		}
	],
	"display": {
		"thirdperson_righthand": {
			"rotation": [75, 45, 0],
			"translation": [0, 2.82, 1.25],
			"scale": [0.375, 0.375, 0.375]
		},
		"firstperson_righthand": {
			"rotation": [0, 45, 0],
			"scale": [0.4, 0.4, 0.4]
		},
		"ground": {
			"translation": [0, 3, 0],
			"scale": [0.25, 0.25, 0.25]
		},
		"gui": {
			"rotation": [30, 225, 0],
			"translation": [0, -2.4, 0],
			"scale": [0.39, 0.39, 0.39]
		},
		"fixed": {
			"translation": [0, -4, 0],
			"scale": [0.5, 0.5, 0.5]
		}
	},
	"groups": [0,
		{
			"name": "bottom",
			"origin": [8, 8, 8],
			"children": [1, 2, 3]
		},
		{
			"name": "bottom",
			"origin": [8, 8, 8],
			"children": [4, 5, 6]
		},
		{
			"name": "group",
			"origin": [11, 8, 19],
			"children": [7, 8, 9, 10, 11, 12, 13, 14]
		}
	]
}