{
	"credit": "Made with Blockbench",
	"textures": {
		"0": "item/sadg",
		"particle": "item/sadg"
	},
	"elements": [
		{
			"from": [7.675, -10.5, 6.55],
			"to": [8.525, -6, 7.45],
			"rotation": {"angle": 0, "axis": "y", "origin": [8.6, 1, 8.5]},
			"faces": {
				"north": {"uv": [2, 7, 3, 11], "texture": "#0"},
				"east": {"uv": [3, 7, 4, 11], "texture": "#0"},
				"south": {"uv": [4, 7, 5, 11], "texture": "#0"},
				"west": {"uv": [5, 7, 6, 11], "texture": "#0"},
				"up": {"uv": [12, 11, 11, 10], "texture": "#0"},
				"down": {"uv": [13, 4, 12, 5], "texture": "#0"}
			}
		},
		{
			"from": [6.06, -6, 6.4],
			"to": [10.15, -4.3, 7.6],
			"rotation": {"angle": 0, "axis": "y", "origin": [8.5, 2.5, 8.5]},
			"faces": {
				"north": {"uv": [0, 5, 4, 7], "texture": "#0"},
				"east": {"uv": [10, 3, 11, 5], "texture": "#0"},
				"south": {"uv": [4, 5, 8, 7], "texture": "#0"},
				"west": {"uv": [10, 5, 11, 7], "texture": "#0"},
				"up": {"uv": [10, 8, 6, 7], "texture": "#0"},
				"down": {"uv": [12, 0, 8, 1], "texture": "#0"}
			}
		},
		{
			"from": [3.3, -10.21, 6.5],
			"to": [4.3, -9.21, 7.5],
			"rotation": {"angle": 22.5, "axis": "z", "origin": [8.6, 1, 8.5]},
			"faces": {
				"north": {"uv": [6, 12, 7, 13], "texture": "#0"},
				"east": {"uv": [7, 12, 8, 13], "texture": "#0"},
				"south": {"uv": [12, 7, 13, 8], "texture": "#0"},
				"west": {"uv": [8, 12, 9, 13], "texture": "#0"},
				"up": {"uv": [13, 9, 12, 8], "texture": "#0"},
				"down": {"uv": [10, 12, 9, 13], "texture": "#0"}
			}
		},
		{
			"from": [6.1, -5.6, 6.7],
			"to": [10.1, -0.7, 7.3],
			"rotation": {"angle": 0, "axis": "y", "origin": [8.5, 2.5, 8.5]},
			"faces": {
				"north": {"uv": [0, 0, 4, 5], "texture": "#0"},
				"east": {"uv": [0, 7, 1, 12], "texture": "#0"},
				"south": {"uv": [4, 0, 8, 5], "texture": "#0"},
				"west": {"uv": [1, 7, 2, 12], "texture": "#0"},
				"up": {"uv": [12, 2, 8, 1], "texture": "#0"},
				"down": {"uv": [12, 2, 8, 3], "texture": "#0"}
			}
		},
		{
			"from": [6.7, -6.15, 6.4],
			"to": [7.7, -3.66, 7.6],
			"rotation": {"angle": 22.5, "axis": "z", "origin": [8.1, 2.5, 8.5]},
			"faces": {
				"north": {"uv": [6, 10, 7, 12], "texture": "#0"},
				"east": {"uv": [7, 10, 8, 12], "texture": "#0"},
				"south": {"uv": [10, 7, 11, 9], "texture": "#0"},
				"west": {"uv": [8, 10, 9, 12], "texture": "#0"},
				"up": {"uv": [11, 13, 10, 12], "texture": "#0"},
				"down": {"uv": [13, 10, 12, 11], "texture": "#0"}
			}
		},
		{
			"from": [8.6, -6.55, 6.4],
			"to": [9.6, -4.06, 7.6],
			"rotation": {"angle": -22.5, "axis": "z", "origin": [9.1, 2.5, 8.5]},
			"faces": {
				"north": {"uv": [9, 10, 10, 12], "texture": "#0"},
				"east": {"uv": [10, 9, 11, 11], "texture": "#0"},
				"south": {"uv": [2, 11, 3, 13], "texture": "#0"},
				"west": {"uv": [3, 11, 4, 13], "texture": "#0"},
				"up": {"uv": [12, 13, 11, 12], "texture": "#0"},
				"down": {"uv": [13, 11, 12, 12], "texture": "#0"}
			}
		},
		{
			"from": [8.66, -4.3, 6.4],
			"to": [10.15, -3.3, 7.6],
			"rotation": {"angle": 0, "axis": "y", "origin": [8.5, 2.5, 8.5]},
			"faces": {
				"north": {"uv": [12, 12, 13, 13], "texture": "#0"},
				"east": {"uv": [13, 0, 14, 1], "texture": "#0"},
				"south": {"uv": [13, 1, 14, 2], "texture": "#0"},
				"west": {"uv": [2, 13, 3, 14], "texture": "#0"},
				"up": {"uv": [14, 3, 13, 2], "texture": "#0"},
				"down": {"uv": [4, 13, 3, 14], "texture": "#0"}
			}
		},
		{
			"from": [6.06, -4.3, 6.4],
			"to": [7.35, -3.3, 7.6],
			"rotation": {"angle": 0, "axis": "y", "origin": [8.5, 2.5, 8.5]},
			"faces": {
				"north": {"uv": [13, 3, 14, 4], "texture": "#0"},
				"east": {"uv": [4, 13, 5, 14], "texture": "#0"},
				"south": {"uv": [13, 4, 14, 5], "texture": "#0"},
				"west": {"uv": [5, 13, 6, 14], "texture": "#0"},
				"up": {"uv": [14, 6, 13, 5], "texture": "#0"},
				"down": {"uv": [7, 13, 6, 14], "texture": "#0"}
			}
		},
		{
			"from": [4.8, -3.55, 6.4],
			"to": [5.2, -2.46, 7.6],
			"rotation": {"angle": 22.5, "axis": "z", "origin": [8.5, 2.5, 8.5]},
			"faces": {
				"north": {"uv": [13, 6, 14, 7], "texture": "#0"},
				"east": {"uv": [7, 13, 8, 14], "texture": "#0"},
				"south": {"uv": [13, 7, 14, 8], "texture": "#0"},
				"west": {"uv": [8, 13, 9, 14], "texture": "#0"},
				"up": {"uv": [14, 9, 13, 8], "texture": "#0"},
				"down": {"uv": [10, 13, 9, 14], "texture": "#0"}
			}
		},
		{
			"from": [10.9, -3.9, 6.4],
			"to": [11.3, -2.81, 7.6],
			"rotation": {"angle": -22.5, "axis": "z", "origin": [8.5, 2.5, 8.5]},
			"faces": {
				"north": {"uv": [13, 9, 14, 10], "texture": "#0"},
				"east": {"uv": [10, 13, 11, 14], "texture": "#0"},
				"south": {"uv": [13, 10, 14, 11], "texture": "#0"},
				"west": {"uv": [11, 13, 12, 14], "texture": "#0"},
				"up": {"uv": [14, 12, 13, 11], "texture": "#0"},
				"down": {"uv": [13, 13, 12, 14], "texture": "#0"}
			}
		},
		{
			"from": [12.9, -2.3, 6.4],
			"to": [13.3, -1.81, 7.6],
			"rotation": {"angle": -45, "axis": "z", "origin": [8.5, 2.5, 8.5]},
			"faces": {
				"north": {"uv": [13, 12, 14, 13], "texture": "#0"},
				"east": {"uv": [13, 13, 14, 14], "texture": "#0"},
				"south": {"uv": [0, 14, 1, 15], "texture": "#0"},
				"west": {"uv": [14, 0, 15, 1], "texture": "#0"},
				"up": {"uv": [2, 15, 1, 14], "texture": "#0"},
				"down": {"uv": [15, 1, 14, 2], "texture": "#0"}
			}
		},
		{
			"from": [3, -1.65, 6.4],
			"to": [3.4, -1.16, 7.6],
			"rotation": {"angle": 45, "axis": "z", "origin": [8.5, 2.5, 8.5]},
			"faces": {
				"north": {"uv": [2, 14, 3, 15], "texture": "#0"},
				"east": {"uv": [14, 2, 15, 3], "texture": "#0"},
				"south": {"uv": [3, 14, 4, 15], "texture": "#0"},
				"west": {"uv": [14, 3, 15, 4], "texture": "#0"},
				"up": {"uv": [5, 15, 4, 14], "texture": "#0"},
				"down": {"uv": [15, 4, 14, 5], "texture": "#0"}
			}
		},
		{
			"from": [10.06, -4.1, 6.4],
			"to": [10.55, -3.7, 7.6],
			"rotation": {"angle": -22.5, "axis": "z", "origin": [8.5, 2.5, 8.5]},
			"faces": {
				"north": {"uv": [5, 14, 6, 15], "texture": "#0"},
				"east": {"uv": [14, 5, 15, 6], "texture": "#0"},
				"south": {"uv": [6, 14, 7, 15], "texture": "#0"},
				"west": {"uv": [14, 6, 15, 7], "texture": "#0"},
				"up": {"uv": [8, 15, 7, 14], "texture": "#0"},
				"down": {"uv": [15, 7, 14, 8], "texture": "#0"}
			}
		},
		{
			"from": [5.56, -3.7, 6.4],
			"to": [6.05, -3.3, 7.6],
			"rotation": {"angle": 22.5, "axis": "z", "origin": [8.5, 2.5, 8.5]},
			"faces": {
				"north": {"uv": [8, 14, 9, 15], "texture": "#0"},
				"east": {"uv": [14, 8, 15, 9], "texture": "#0"},
				"south": {"uv": [9, 14, 10, 15], "texture": "#0"},
				"west": {"uv": [14, 9, 15, 10], "texture": "#0"},
				"up": {"uv": [11, 15, 10, 14], "texture": "#0"},
				"down": {"uv": [15, 10, 14, 11], "texture": "#0"}
			}
		},
		{
			"from": [7.66, -4.3, 6.4],
			"to": [8.35, -3.9, 7.6],
			"rotation": {"angle": 0, "axis": "z", "origin": [8.5, 2.5, 8.5]},
			"faces": {
				"north": {"uv": [11, 14, 12, 15], "texture": "#0"},
				"east": {"uv": [14, 11, 15, 12], "texture": "#0"},
				"south": {"uv": [12, 14, 13, 15], "texture": "#0"},
				"west": {"uv": [14, 12, 15, 13], "texture": "#0"},
				"up": {"uv": [14, 15, 13, 14], "texture": "#0"},
				"down": {"uv": [15, 13, 14, 14], "texture": "#0"}
			}
		},
		{
			"from": [7.65, -10.5, 6.5],
			"to": [8.55, -10, 7.5],
			"rotation": {"angle": 0, "axis": "y", "origin": [8.6, 1, 8.5]},
			"faces": {
				"north": {"uv": [14, 14, 15, 15], "texture": "#0"},
				"east": {"uv": [0, 15, 1, 16], "texture": "#0"},
				"south": {"uv": [15, 0, 16, 1], "texture": "#0"},
				"west": {"uv": [1, 15, 2, 16], "texture": "#0"},
				"up": {"uv": [16, 2, 15, 1], "texture": "#0"},
				"down": {"uv": [3, 15, 2, 16], "texture": "#0"}
			}
		},
		{
			"from": [12, -10.59, 6.5],
			"to": [13, -9.59, 7.5],
			"rotation": {"angle": -22.5, "axis": "z", "origin": [8.6, 1, 8.5]},
			"faces": {
				"north": {"uv": [15, 2, 16, 3], "texture": "#0"},
				"east": {"uv": [3, 15, 4, 16], "texture": "#0"},
				"south": {"uv": [15, 3, 16, 4], "texture": "#0"},
				"west": {"uv": [4, 15, 5, 16], "texture": "#0"},
				"up": {"uv": [16, 5, 15, 4], "texture": "#0"},
				"down": {"uv": [6, 15, 5, 16], "texture": "#0"}
			}
		},
		{
			"from": [16.2, -8.4, 6.5],
			"to": [17.3, -7.3, 7.5],
			"rotation": {"angle": -45, "axis": "z", "origin": [8.6, 1, 8.5]},
			"faces": {
				"north": {"uv": [15, 5, 16, 6], "texture": "#0"},
				"east": {"uv": [6, 15, 7, 16], "texture": "#0"},
				"south": {"uv": [15, 6, 16, 7], "texture": "#0"},
				"west": {"uv": [7, 15, 8, 16], "texture": "#0"},
				"up": {"uv": [16, 8, 15, 7], "texture": "#0"},
				"down": {"uv": [9, 15, 8, 16], "texture": "#0"}
			}
		},
		{
			"from": [9.55, 0.55, 6.7],
			"to": [11.55, 2.45, 7.3],
			"rotation": {"angle": -45, "axis": "z", "origin": [8.5, 4.1, 8.5]},
			"faces": {
				"north": {"uv": [8, 3, 10, 5], "texture": "#0"},
				"east": {"uv": [11, 3, 12, 5], "texture": "#0"},
				"south": {"uv": [8, 5, 10, 7], "texture": "#0"},
				"west": {"uv": [4, 11, 5, 13], "texture": "#0"},
				"up": {"uv": [13, 6, 11, 5], "texture": "#0"},
				"down": {"uv": [13, 6, 11, 7], "texture": "#0"}
			}
		},
		{
			"from": [16.2, -0.9, 6.5],
			"to": [17.5, 0.3, 7.5],
			"rotation": {"angle": -45, "axis": "z", "origin": [8.5, 8.7, 8.5]},
			"faces": {
				"north": {"uv": [15, 8, 16, 9], "texture": "#0"},
				"east": {"uv": [9, 15, 10, 16], "texture": "#0"},
				"south": {"uv": [15, 9, 16, 10], "texture": "#0"},
				"west": {"uv": [10, 15, 11, 16], "texture": "#0"},
				"up": {"uv": [16, 11, 15, 10], "texture": "#0"},
				"down": {"uv": [12, 15, 11, 16], "texture": "#0"}
			}
		},
		{
			"from": [8.12, -1.26, 6.7],
			"to": [10.52, 0.44, 7.3],
			"rotation": {"angle": -22.5, "axis": "z", "origin": [8.5, 4.1, 8.5]},
			"faces": {
				"north": {"uv": [6, 8, 8, 10], "texture": "#0"},
				"east": {"uv": [5, 11, 6, 13], "texture": "#0"},
				"south": {"uv": [8, 8, 10, 10], "texture": "#0"},
				"west": {"uv": [11, 7, 12, 9], "texture": "#0"},
				"up": {"uv": [13, 10, 11, 9], "texture": "#0"},
				"down": {"uv": [12, 11, 10, 12], "texture": "#0"}
			}
		},
		{
			"from": [6.84, -0.95, 6.7],
			"to": [8.14, 0.65, 7.3],
			"rotation": {"angle": 22.5, "axis": "z", "origin": [8.5, 4.1, 8.5]},
			"faces": {
				"north": {"uv": [0, 12, 1, 14], "texture": "#0"},
				"east": {"uv": [12, 0, 13, 2], "texture": "#0"},
				"south": {"uv": [1, 12, 2, 14], "texture": "#0"},
				"west": {"uv": [12, 2, 13, 4], "texture": "#0"},
				"up": {"uv": [16, 12, 15, 11], "texture": "#0"},
				"down": {"uv": [13, 15, 12, 16], "texture": "#0"}
			}
		}
	],
	"display": {
		"thirdperson_righthand": {
			"rotation": [0, 90, 0],
			"translation": [1, 14.5, 1.75]
		},
		"thirdperson_lefthand": {
			"rotation": [-130, 90, 0],
			"translation": [-8.5, -12.75, -8.5]
		},
		"firstperson_righthand": {
			"rotation": [0, -90, 0],
			"translation": [0, 16.5, -1.5],
			"scale": [1.25, 1.25, 1.25]
		},
		"firstperson_lefthand": {
			"rotation": [95, 90, 70],
			"translation": [1, -11.5, 4]
		},
		"ground": {
			"rotation": [90, 0, 0],
			"translation": [0, -2.75, 17.25],
			"scale": [1.35, 1.35, 1.35]
		},
		"gui": {
			"rotation": [0, 0, 37],
			"translation": [-8.75, 11, 0],
			"scale": [1.1, 1.1, 1.1]
		},
		"head": {
			"rotation": [-180, 0, -21],
			"translation": [0, -8.5, -4.75],
			"scale": [1.5, 1.5, 1.5]
		},
		"fixed": {
			"rotation": [0, 0, -180],
			"translation": [0, -25.5, 2],
			"scale": [2, 2, 2]
		}
	},
	"groups": [
		{
			"name": "dragon slayer",
			"origin": [8, 8, 8],
			"color": 0,
			"children": [0, 1, 2, 3, 4, 5, 6, 7, 8, 9, 10, 11, 12, 13, 14, 15, 16, 17, 18, 19, 20, 21]
		}
	]
}