{
	"credit": "Made with Blockbench",
	"texture_size": [64, 64],
	"textures": {
		"1": "item/gutss_cape",
		"particle": "item/gutss_cape"
	},
	"elements": [
		{
			"from": [5, -15.4, 11.6],
			"to": [11, -2.4, 11.7],
			"faces": {
				"north": {"uv": [14.5, 3.625, 16, 6.875], "texture": "#1"},
				"east": {"uv": [15.975, 11, 16, 14.25], "texture": "#1"},
				"south": {"uv": [14.5, 0, 16, 3.25], "texture": "#1"},
				"west": {"uv": [15.975, 7.25, 16, 10.5], "texture": "#1"},
				"up": {"uv": [13.8125, 7.8125, 15.3125, 7.8375], "texture": "#1"},
				"down": {"uv": [13.875, 7.3125, 15.375, 7.3375], "texture": "#1"}
			}
		},
		{
			"from": [11, -15, 11.6],
			"to": [11.4, -3, 11.7],
			"faces": {
				"north": {"uv": [14.5, 3.625, 14.6, 6.625], "texture": "#1"},
				"east": {"uv": [15.975, 11, 16, 14], "texture": "#1"},
				"south": {"uv": [14.5, 0, 14.6, 3], "texture": "#1"},
				"west": {"uv": [15.975, 7.25, 16, 10.25], "texture": "#1"},
				"up": {"uv": [13.8125, 7.8125, 13.9125, 7.8375], "texture": "#1"},
				"down": {"uv": [13.875, 7.3125, 13.975, 7.3375], "texture": "#1"}
			}
		},
		{
			"from": [4.6, -14.6, 11.6],
			"to": [5, -3, 11.7],
			"faces": {
				"north": {"uv": [14.5, 3.625, 14.6, 6.525], "texture": "#1"},
				"east": {"uv": [15.975, 11, 16, 13.9], "texture": "#1"},
				"south": {"uv": [14.5, 0, 14.6, 2.9], "texture": "#1"},
				"west": {"uv": [15.975, 7.25, 16, 10.15], "texture": "#1"},
				"up": {"uv": [13.8125, 7.8125, 13.9125, 7.8375], "texture": "#1"},
				"down": {"uv": [13.875, 7.3125, 13.975, 7.3375], "texture": "#1"}
			}
		},
		{
			"from": [8.2, -16, 11.6],
			"to": [8.4, -15.8, 11.7],
			"faces": {
				"north": {"uv": [14.5, 3.625, 14.55, 3.675], "texture": "#1"},
				"east": {"uv": [15.975, 11, 16, 11.05], "texture": "#1"},
				"south": {"uv": [14.5, 0, 14.55, 0.05], "texture": "#1"},
				"west": {"uv": [15.975, 7.25, 16, 7.3], "texture": "#1"},
				"up": {"uv": [13.8125, 7.8125, 13.8625, 7.8375], "texture": "#1"},
				"down": {"uv": [13.875, 7.3125, 13.925, 7.3375], "texture": "#1"}
			}
		},
		{
			"from": [5.7, -15.9, 11.6],
			"to": [6.2, -15.8, 11.7],
			"faces": {
				"north": {"uv": [14.5, 3.625, 14.625, 3.65], "texture": "#1"},
				"east": {"uv": [15.975, 11, 16, 11.025], "texture": "#1"},
				"south": {"uv": [14.5, 0, 14.625, 0.025], "texture": "#1"},
				"west": {"uv": [15.975, 7.25, 16, 7.275], "texture": "#1"},
				"up": {"uv": [13.8125, 7.8125, 13.9375, 7.8375], "texture": "#1"},
				"down": {"uv": [13.875, 7.3125, 14, 7.3375], "texture": "#1"}
			}
		},
		{
			"from": [9.4, -15.7, 11.6],
			"to": [10.4, -15.6, 11.7],
			"faces": {
				"north": {"uv": [14.5, 3.625, 14.75, 3.65], "texture": "#1"},
				"east": {"uv": [15.975, 11, 16, 11.025], "texture": "#1"},
				"south": {"uv": [14.5, 0, 14.75, 0.025], "texture": "#1"},
				"west": {"uv": [15.975, 7.25, 16, 7.275], "texture": "#1"},
				"up": {"uv": [13.8125, 7.8125, 14.0625, 7.8375], "texture": "#1"},
				"down": {"uv": [13.875, 7.3125, 14.125, 7.3375], "texture": "#1"}
			}
		},
		{
			"from": [5.5, -15.8, 11.6],
			"to": [6.6, -15.6, 11.7],
			"faces": {
				"north": {"uv": [14.5, 3.625, 14.775, 3.675], "texture": "#1"},
				"east": {"uv": [15.975, 11, 16, 11.05], "texture": "#1"},
				"south": {"uv": [14.5, 0, 14.775, 0.05], "texture": "#1"},
				"west": {"uv": [15.975, 7.25, 16, 7.3], "texture": "#1"},
				"up": {"uv": [13.8125, 7.8125, 14.0875, 7.8375], "texture": "#1"},
				"down": {"uv": [13.875, 7.3125, 14.15, 7.3375], "texture": "#1"}
			}
		},
		{
			"from": [9.1, -15.6, 11.6],
			"to": [10.6, -15.4, 11.7],
			"faces": {
				"north": {"uv": [14.5, 3.625, 14.875, 3.675], "texture": "#1"},
				"east": {"uv": [15.975, 11, 16, 11.05], "texture": "#1"},
				"south": {"uv": [14.5, 0, 14.875, 0.05], "texture": "#1"},
				"west": {"uv": [15.975, 7.25, 16, 7.3], "texture": "#1"},
				"up": {"uv": [13.8125, 7.8125, 14.1875, 7.8375], "texture": "#1"},
				"down": {"uv": [13.875, 7.3125, 14.25, 7.3375], "texture": "#1"}
			}
		},
		{
			"from": [7.7, -15.8, 11.6],
			"to": [8.5, -15.6, 11.7],
			"faces": {
				"north": {"uv": [14.5, 3.625, 14.7, 3.675], "texture": "#1"},
				"east": {"uv": [15.975, 11, 16, 11.05], "texture": "#1"},
				"south": {"uv": [14.5, 0, 14.7, 0.05], "texture": "#1"},
				"west": {"uv": [15.975, 7.25, 16, 7.3], "texture": "#1"},
				"up": {"uv": [13.8125, 7.8125, 14.0125, 7.8375], "texture": "#1"},
				"down": {"uv": [13.875, 7.3125, 14.075, 7.3375], "texture": "#1"}
			}
		},
		{
			"from": [9.7, -15.9, 11.6],
			"to": [10.1, -15.7, 11.7],
			"faces": {
				"north": {"uv": [14.5, 3.625, 14.6, 3.675], "texture": "#1"},
				"east": {"uv": [15.975, 11, 16, 11.05], "texture": "#1"},
				"south": {"uv": [14.5, 0, 14.6, 0.05], "texture": "#1"},
				"west": {"uv": [15.975, 7.25, 16, 7.3], "texture": "#1"},
				"up": {"uv": [13.8125, 7.8125, 13.9125, 7.8375], "texture": "#1"},
				"down": {"uv": [13.875, 7.3125, 13.975, 7.3375], "texture": "#1"}
			}
		},
		{
			"from": [7.5, -15.6, 11.6],
			"to": [8.8, -15.4, 11.7],
			"faces": {
				"north": {"uv": [14.5, 3.625, 14.825, 3.675], "texture": "#1"},
				"east": {"uv": [15.975, 11, 16, 11.05], "texture": "#1"},
				"south": {"uv": [14.5, 0, 14.825, 0.05], "texture": "#1"},
				"west": {"uv": [15.975, 7.25, 16, 7.3], "texture": "#1"},
				"up": {"uv": [13.8125, 7.8125, 14.1375, 7.8375], "texture": "#1"},
				"down": {"uv": [13.875, 7.3125, 14.2, 7.3375], "texture": "#1"}
			}
		},
		{
			"from": [5, -6.4, 7.59],
			"to": [11, -2.4, 7.59],
			"faces": {
				"north": {"uv": [12.0625, 5.1875, 13.5625, 6.1875], "texture": "#1"},
				"east": {"uv": [14.125, 4.0625, 14.125, 5.0625], "texture": "#1"},
				"south": {"uv": [12.0625, 3.75, 13.5625, 4.75], "texture": "#1"},
				"west": {"uv": [14.125, 2.5, 14.125, 3.5], "texture": "#1"},
				"up": {"uv": [12.125, 2.4375, 13.625, 2.4375], "texture": "#1"},
				"down": {"uv": [12.25, 3.125, 13.75, 3.125], "texture": "#1"}
			}
		},
		{
			"from": [5, -6.4, 7.6],
			"to": [11, -2.4, 7.6],
			"faces": {
				"north": {"uv": [0, 0, 1.5, 1], "texture": "#1"},
				"east": {"uv": [0, 0, 0, 1], "texture": "#1"},
				"south": {"uv": [0, 0, 1.5, 1], "texture": "#1"},
				"west": {"uv": [0, 0, 0, 1], "texture": "#1"},
				"up": {"uv": [0, 0, 1.5, 0], "texture": "#1"},
				"down": {"uv": [0, 0, 1.5, 0], "texture": "#1"}
			}
		},
		{
			"from": [5, -2.4, 7.6],
			"to": [11, -2.4, 11.6],
			"faces": {
				"north": {"uv": [13.6875, 14.1875, 15.1875, 14.1875], "texture": "#1"},
				"east": {"uv": [13.8125, 13.375, 14.8125, 13.375], "texture": "#1"},
				"south": {"uv": [13.75, 12.6875, 15.25, 12.6875], "texture": "#1"},
				"west": {"uv": [13.8125, 11.9375, 14.8125, 11.9375], "texture": "#1"},
				"up": {"uv": [13.6875, 10.4375, 15.1875, 11.4375], "texture": "#1"},
				"down": {"uv": [13.6875, 8.75, 15.1875, 9.75], "texture": "#1"}
			}
		},
		{
			"from": [5.4, -15.6, 11.6],
			"to": [7.3, -15.4, 11.7],
			"faces": {
				"north": {"uv": [14.5, 3.625, 14.975, 3.675], "texture": "#1"},
				"east": {"uv": [15.975, 11, 16, 11.05], "texture": "#1"},
				"south": {"uv": [14.5, 0, 14.975, 0.05], "texture": "#1"},
				"west": {"uv": [15.975, 7.25, 16, 7.3], "texture": "#1"},
				"up": {"uv": [13.8125, 7.8125, 14.2875, 7.8375], "texture": "#1"},
				"down": {"uv": [13.875, 7.3125, 14.35, 7.3375], "texture": "#1"}
			}
		}
	],
	"display": {
		"thirdperson_righthand": {
			"rotation": [68, 117, 0],
			"translation": [0.25, 1.75, 6.5],
			"scale": [0.7, 0.7, 0.7]
		},
		"thirdperson_lefthand": {
			"rotation": [68, 117, 0],
			"translation": [-0.25, 1.75, 6.5],
			"scale": [0.7, 0.7, 0.7]
		},
		"firstperson_righthand": {
			"translation": [0, 13, 0],
			"scale": [0.7, 0.7, 0.7]
		},
		"firstperson_lefthand": {
			"translation": [0, 13, 0],
			"scale": [0.7, 0.7, 0.7]
		},
		"ground": {
			"rotation": [90, 180, 0],
			"translation": [0, -5.25, 32.5],
			"scale": [2, 2, 2]
		},
		"gui": {
			"rotation": [28, 145, -11.5],
			"translation": [-3.25, 13.75, 0]
		},
		"head": {
			"translation": [0, 20.5, -3.25],
			"scale": [2.65, 2.61, 2.17]
		},
		"fixed": {
			"rotation": [0, 180, 0],
			"translation": [0, 51.5, 13.25],
			"scale": [3.78, 3.78, 3.78]
		}
	},
	"groups": [
		{
			"name": "group",
			"origin": [8, 8, 8],
			"color": 0,
			"nbt": "{}",
			"armAnimationEnabled": false,
			"children": [
				{
					"name": "pl",
					"origin": [8, 8, 8],
					"color": 0,
					"nbt": "{}",
					"armAnimationEnabled": false,
					"children": [0, 1, 2, 3, 4, 5, 6, 7, 8, 9, 10, 11, 12, 13, 14]
				}
			]
		}
	]
}