{
	"credit": "Made with Blockbench",
	"texture_size": [32, 32],
	"textures": {
		"1": "epicfight:item/diamond_spear"
	},
	"elements": [
		{
			"from": [15.25, 24.75, 6.5],
			"to": [18.5, 28, 9.5],
			"rotation": {"angle": 45, "axis": "z", "origin": [8, 17.5, 8]},
			"faces": {
				"north": {"uv": [8, 8, 9.5, 9.5], "texture": "#1"},
				"east": {"uv": [7.5, 9.5, 8.5, 11], "texture": "#1"},
				"south": {"uv": [6, 9, 7.5, 10.5], "texture": "#1"},
				"west": {"uv": [9.5, 8, 10.5, 9.5], "texture": "#1"},
				"up": {"uv": [10, 10.5, 8.5, 9.5], "texture": "#1"},
				"down": {"uv": [10.5, 9.5, 11.5, 8], "rotation": 270, "texture": "#1"}
			}
		},
		{
			"from": [6.25, -1.05, 6.5],
			"to": [9.5, 2.2, 9.5],
			"rotation": {"angle": 45, "axis": "z", "origin": [7.9, 0.70621, 8]},
			"faces": {
				"north": {"uv": [8, 8, 9.5, 9.5], "texture": "#1"},
				"east": {"uv": [7.5, 9.5, 8.5, 11], "texture": "#1"},
				"south": {"uv": [6, 9, 7.5, 10.5], "texture": "#1"},
				"west": {"uv": [9.5, 8, 10.5, 9.5], "texture": "#1"},
				"up": {"uv": [10, 10.5, 8.5, 9.5], "texture": "#1"},
				"down": {"uv": [1.5, 12, 0, 13], "texture": "#1"}
			}
		},
		{
			"from": [7, 0, 7],
			"to": [9, 30, 9],
			"rotation": {"angle": 0, "axis": "y", "origin": [0, -13, 0]},
			"faces": {
				"north": {"uv": [6, 0, 7.5, 9], "texture": "#1"},
				"east": {"uv": [14, 0, 15.5, 9], "texture": "#1"},
				"south": {"uv": [6, 0, 7.5, 9], "texture": "#1"},
				"west": {"uv": [14, 0, 15.5, 9], "texture": "#1"},
				"up": {"uv": [11, 2, 10, 1], "texture": "#1"},
				"down": {"uv": [2.5, 12, 1.5, 13], "texture": "#1"}
			}
		},
		{
			"from": [7.249, -12.001, 6.999],
			"to": [8.751, 2.001, 9.001],
			"rotation": {"angle": 0, "axis": "y", "origin": [0, -25.5, 0]},
			"faces": {
				"north": {"uv": [6.5, 13, 7.5, 16], "texture": "#1"},
				"east": {"uv": [7.5, 13, 8.75, 16], "texture": "#1"},
				"south": {"uv": [5.5, 13, 6.5, 16], "texture": "#1"},
				"west": {"uv": [7.5, 13, 8.75, 16], "texture": "#1"},
				"up": {"uv": [9, 14.75, 10, 16], "texture": "#1"},
				"down": {"uv": [9, 14.75, 10, 16], "texture": "#1"}
			}
		},
		{
			"from": [2.749, -0.001, 7.499],
			"to": [13.249, 1.499, 8.499],
			"rotation": {"angle": 0, "axis": "y", "origin": [0, -25.5, 0]},
			"faces": {
				"north": {"uv": [8.5, 4, 11, 5], "texture": "#1"},
				"east": {"uv": [8.5, 6, 9.5, 7], "texture": "#1"},
				"south": {"uv": [8.5, 4, 11, 5], "texture": "#1"},
				"west": {"uv": [9.5, 6, 10.5, 7], "texture": "#1"},
				"up": {"uv": [8.5, 6, 11, 7], "texture": "#1"},
				"down": {"uv": [8.5, 7, 10.5, 8], "texture": "#1"}
			}
		},
		{
			"from": [7.93, -12.43, 7],
			"to": [8.99, -11.37, 9],
			"rotation": {"angle": -45, "axis": "z", "origin": [8.1, -11.4, 8]},
			"faces": {
				"north": {"uv": [6, 15.5, 6.5, 16], "rotation": 90, "texture": "#1"},
				"east": {"uv": [6, 15.5, 6.5, 16], "rotation": 270, "texture": "#1"},
				"south": {"uv": [6, 15.5, 6.5, 16], "rotation": 270, "texture": "#1"},
				"west": {"uv": [6, 15.5, 6.5, 16], "rotation": 270, "texture": "#1"},
				"up": {"uv": [6, 15.5, 6.5, 16], "rotation": 270, "texture": "#1"},
				"down": {"uv": [6, 15.5, 6.5, 16], "rotation": 270, "texture": "#1"}
			}
		},
		{
			"from": [4.849, -8.251, 7.249],
			"to": [9.351, -0.999, 8.751],
			"rotation": {"angle": -22.5, "axis": "z", "origin": [8, -7.75, 8]},
			"faces": {
				"north": {"uv": [0, 13, 2.75, 16], "texture": "#1"},
				"east": {"uv": [2.5, 7.5, 3, 10], "texture": "#1"},
				"south": {"uv": [2.625, 13, 0, 16], "texture": "#1"},
				"west": {"uv": [6, 12.5, 6.5, 13], "texture": "#1"},
				"up": {"uv": [4, 14.5, 3.5, 13], "texture": "#1"},
				"down": {"uv": [6.5, 12.5, 6, 13], "texture": "#1"}
			}
		},
		{
			"from": [11.65, -2.6, 7.25],
			"to": [13.4, 0.4, 8.75],
			"rotation": {"angle": -45, "axis": "z", "origin": [12.29217, -0.32754, 8]},
			"faces": {
				"north": {"uv": [10, 13.5, 10.875, 16], "texture": "#1"},
				"east": {"uv": [10, 11.5, 10.5, 13.5], "texture": "#1"},
				"south": {"uv": [10.875, 13.5, 10, 16], "texture": "#1"},
				"west": {"uv": [10.5, 10, 11, 11.5], "texture": "#1"},
				"up": {"uv": [12.5, 0.5, 10, 0], "texture": "#1"},
				"down": {"uv": [12.5, 0.5, 10, 1], "texture": "#1"}
			}
		},
		{
			"from": [11.829, 0.399, 7.249],
			"to": [14.831, 1.901, 8.751],
			"rotation": {"angle": -45, "axis": "z", "origin": [13.00971, 1.40473, 8]},
			"faces": {
				"north": {"uv": [10, 10.5, 11, 13.5], "rotation": 90, "texture": "#1"},
				"east": {"uv": [10.5, 12, 10, 13], "texture": "#1"},
				"south": {"uv": [10, 13.5, 11, 10.5], "rotation": 90, "texture": "#1"},
				"west": {"uv": [12, 11, 11, 11.5], "rotation": 90, "texture": "#1"},
				"up": {"uv": [12, 13.5, 11.5, 12.5], "texture": "#1"},
				"down": {"uv": [11, 10.5, 10.5, 11.5], "texture": "#1"}
			}
		},
		{
			"from": [5.997, -14.003, 7.247],
			"to": [10.003, -0.047, 8.753],
			"rotation": {"angle": 0, "axis": "y", "origin": [8, -9, 8]},
			"faces": {
				"north": {"uv": [3, 0, 5.5, 10], "texture": "#1"},
				"east": {"uv": [2.5, 0, 3, 10], "texture": "#1"},
				"south": {"uv": [5.5, 0, 3, 10], "texture": "#1"},
				"west": {"uv": [5.5, 0, 6, 10], "texture": "#1"},
				"up": {"uv": [6.5, 11, 6, 10.5], "texture": "#1"},
				"down": {"uv": [12.5, 0.5, 10, 1], "texture": "#1"}
			}
		},
		{
			"from": [6.748, -8.002, 7.248],
			"to": [11.252, -0.748, 8.752],
			"rotation": {"angle": 22.5, "axis": "z", "origin": [8.75, -7.75, 8]},
			"faces": {
				"north": {"uv": [13.25, 13, 16, 16], "texture": "#1"},
				"east": {"uv": [6, 12.5, 6.5, 13], "texture": "#1"},
				"south": {"uv": [16, 13, 13.25, 16], "texture": "#1"},
				"west": {"uv": [11.5, 10, 12, 13], "texture": "#1"},
				"up": {"uv": [11.5, 11.5, 11, 10], "texture": "#1"},
				"down": {"uv": [6.5, 12.5, 6, 13], "texture": "#1"}
			}
		},
		{
			"from": [2.6, -2.6, 7.25],
			"to": [4.35, 0.4, 8.75],
			"rotation": {"angle": 45, "axis": "z", "origin": [3.70783, -0.32754, 8]},
			"faces": {
				"north": {"uv": [11.125, 13.5, 12, 16], "texture": "#1"},
				"east": {"uv": [11, 10, 11.5, 11.5], "texture": "#1"},
				"south": {"uv": [12, 13.5, 11.125, 16], "texture": "#1"},
				"west": {"uv": [11.5, 10, 12, 13.5], "texture": "#1"},
				"up": {"uv": [12.5, 0.5, 10, 0], "texture": "#1"},
				"down": {"uv": [12.5, 0.5, 10, 1], "texture": "#1"}
			}
		},
		{
			"from": [3.449, 0.529, 7.249],
			"to": [4.951, 3.531, 8.751],
			"rotation": {"angle": -45, "axis": "z", "origin": [2.3206, 3.02152, 8]},
			"faces": {
				"north": {"uv": [11, 10.5, 12, 13.5], "texture": "#1"},
				"east": {"uv": [11, 11, 10.5, 10], "rotation": 270, "texture": "#1"},
				"south": {"uv": [12, 10.5, 11, 13.5], "texture": "#1"},
				"west": {"uv": [12, 16, 11.5, 14], "rotation": 270, "texture": "#1"},
				"up": {"uv": [12, 11, 11, 11.5], "texture": "#1"},
				"down": {"uv": [11, 12.5, 11.5, 13.5], "rotation": 270, "texture": "#1"}
			}
		},
		{
			"from": [6.586, -15.424, 7.246],
			"to": [9.424, -12.586, 8.754],
			"rotation": {"angle": -45, "axis": "z", "origin": [8, -14, 8]},
			"faces": {
				"north": {"uv": [3, 10, 5.5, 12.5], "rotation": 90, "texture": "#1"},
				"east": {"uv": [2.5, 12.5, 3, 10], "rotation": 180, "texture": "#1"},
				"south": {"uv": [0, 10, 2.5, 12.5], "rotation": 270, "texture": "#1"},
				"west": {"uv": [12, 3.5, 10, 3], "rotation": 270, "texture": "#1"},
				"up": {"uv": [3.5, 10, 4, 12], "rotation": 270, "texture": "#1"},
				"down": {"uv": [5.5, 10, 6, 12.5], "rotation": 270, "texture": "#1"}
			}
		}
	],
	"gui_light": "front",
	"display": {
		"thirdperson_righthand": {
			"rotation": [180, 90, 0],
			"translation": [0, 2.25, 1],
			"scale": [1, 1.05, 0.6]
		},
		"thirdperson_lefthand": {
			"rotation": [180, -90, 0],
			"translation": [0, 7.75, 0.5],
			"scale": [0.6, 0.6, 0.6]
		},
		"firstperson_righthand": {
			"rotation": [-160, 90, 0],
			"translation": [2, 2.75, -0.5],
			"scale": [0.6, 0.6, 0.6]
		},
		"firstperson_lefthand": {
			"rotation": [-160, -90, 0],
			"translation": [2, 2.75, -0.5],
			"scale": [0.6, 0.6, 0.6]
		},
		"ground": {
			"rotation": [0, 0, 135],
			"translation": [2.5, 8.5, 0],
			"scale": [0.75, 0.71, 0.5]
		},
		"gui": {
			"rotation": [0, 0, 135],
			"translation": [0, 0.25, -0.75],
			"scale": [0.5, 0.5, 0.6]
		},
		"head": {
			"translation": [0.25, 8.5, 0.75],
			"scale": [0.6, 0.6, 0.6]
		},
		"fixed": {
			"rotation": [0, 0, -135],
			"translation": [-0.25, 0, -0.75],
			"scale": [0.6, 0.6, 0.6]
		}
	},
	"groups": [
		{
			"name": "sword",
			"origin": [8, 8, 8],
			"color": 0,
			"children": [
				{
					"name": "pommel",
					"origin": [8, 8, 8],
					"color": 0,
					"children": [0, 1]
				},
				{
					"name": "grip",
					"origin": [8, 8, 8],
					"color": 0,
					"children": [2]
				},
				{
					"name": "guard",
					"origin": [8, 8, 8],
					"color": 0,
					"children": [
						{
							"name": "cross-guard",
							"origin": [8, 8, 8],
							"color": 0,
							"children": [3, 4, 5]
						}
					]
				},
				{
					"name": "blade",
					"origin": [8, 8, 8],
					"color": 0,
					"children": [6, 7, 8, 9, 10, 11, 12, 13]
				}
			]
		}
	]
}