{
	"credit": "Made with Blockbench",
	"texture_size": [32, 32],
	"textures": {
		"0": "epicfight:item/diamond_greatsword",
		"particle": "epicfight:item/diamond_greatsword"
	},
	"elements": [
		{
			"from": [6.5, 29, 6.5],
			"to": [9.5, 32, 9.5],
			"rotation": {"angle": 45, "axis": "z", "origin": [8, 30.5, 8]},
			"faces": {
				"north": {"uv": [8, 8, 9.5, 9.5], "texture": "#0"},
				"east": {"uv": [7.5, 9.5, 8.5, 11], "texture": "#0"},
				"south": {"uv": [6, 9, 7.5, 10.5], "texture": "#0"},
				"west": {"uv": [9.5, 8, 10.5, 9.5], "texture": "#0"},
				"up": {"uv": [10, 10.5, 8.5, 9.5], "texture": "#0"},
				"down": {"uv": [1.5, 12, 0, 13], "texture": "#0"}
			}
		},
		{
			"from": [7, 16.5, 7],
			"to": [9, 31, 9],
			"faces": {
				"north": {"uv": [6, 0, 7.5, 4.5], "texture": "#0"},
				"east": {"uv": [7.5, 0, 6, 4.5], "texture": "#0"},
				"south": {"uv": [6, 0, 7.5, 4.5], "texture": "#0"},
				"west": {"uv": [7.5, 0, 6, 4.5], "texture": "#0"},
				"up": {"uv": [11, 2, 10, 1], "texture": "#0"},
				"down": {"uv": [2.5, 12, 1.5, 13], "texture": "#0"}
			}
		},
		{
			"from": [7.246, 16.5681, 6.746],
			"to": [11.654, 18.0761, 9.254],
			"rotation": {"angle": -22.5, "axis": "z", "origin": [8, 16.27208, 8]},
			"faces": {
				"north": {"uv": [12.5, 12, 13, 13], "texture": "#0"},
				"east": {"uv": [8, 4.5, 9, 6], "texture": "#0"},
				"south": {"uv": [12.5, 12, 13, 13], "texture": "#0"},
				"west": {"uv": [10.5, 4.5, 11.5, 6], "texture": "#0"},
				"up": {"uv": [10.5, 7, 9, 6], "texture": "#0"},
				"down": {"uv": [1.5, 12, 0, 13], "texture": "#0"}
			}
		},
		{
			"from": [4.347, 16.5691, 6.747],
			"to": [8.753, 18.0751, 9.253],
			"rotation": {"angle": 22.5, "axis": "z", "origin": [8, 16.27208, 8]},
			"faces": {
				"north": {"uv": [12.5, 12, 13, 13], "texture": "#0"},
				"east": {"uv": [8, 4.5, 9, 6], "texture": "#0"},
				"south": {"uv": [12.5, 12, 13, 13], "texture": "#0"},
				"west": {"uv": [10.5, 4.5, 11.5, 6], "texture": "#0"},
				"up": {"uv": [10.5, 7, 9, 6], "texture": "#0"},
				"down": {"uv": [1.5, 12, 0, 13], "texture": "#0"}
			}
		},
		{
			"from": [4.498, 14.5701, 6.748],
			"to": [11.502, 16.5741, 9.252],
			"rotation": {"angle": 0, "axis": "y", "origin": [8, 17.27208, 8]},
			"faces": {
				"north": {"uv": [8, 7, 11.5, 8], "texture": "#0"},
				"east": {"uv": [8, 7, 9, 8], "texture": "#0"},
				"south": {"uv": [8, 7, 11.5, 8], "texture": "#0"},
				"west": {"uv": [10.5, 7, 11.5, 8], "texture": "#0"},
				"up": {"uv": [10.5, 6.5, 9, 5.5], "texture": "#0"},
				"down": {"uv": [1.5, 12, 0, 13], "texture": "#0"}
			}
		},
		{
			"from": [11.498, 15.14991, 6.748],
			"to": [14.502, 16.59391, 9.252],
			"rotation": {"angle": 0, "axis": "y", "origin": [13.32724, 15.87191, 8]},
			"faces": {
				"north": {"uv": [12, 12, 14, 13], "texture": "#0"},
				"east": {"uv": [13, 11, 14, 12], "texture": "#0"},
				"south": {"uv": [12, 15, 14, 16], "texture": "#0"},
				"west": {"uv": [12, 11, 13, 12], "texture": "#0"},
				"up": {"uv": [12, 13, 14, 14], "texture": "#0"},
				"down": {"uv": [12, 14, 14, 15], "texture": "#0"}
			}
		},
		{
			"from": [4.34354, 13.56648, 6.749],
			"to": [9.14554, 16.06848, 9.251],
			"rotation": {"angle": -45, "axis": "z", "origin": [5.69454, 13.81748, 8]},
			"faces": {
				"north": {"uv": [12, 12, 14, 13], "texture": "#0"},
				"east": {"uv": [13, 11, 14, 12], "texture": "#0"},
				"south": {"uv": [12, 15, 14, 16], "texture": "#0"},
				"west": {"uv": [12, 11, 13, 12], "texture": "#0"},
				"up": {"uv": [12, 13, 14, 14], "texture": "#0"},
				"down": {"uv": [12, 14, 14, 15], "texture": "#0"}
			}
		},
		{
			"from": [1.498, 15.11951, 6.748],
			"to": [4.502, 16.56351, 9.252],
			"rotation": {"angle": 0, "axis": "y", "origin": [2.69385, 15.84151, 8]},
			"faces": {
				"north": {"uv": [14, 12, 16, 13], "texture": "#0"},
				"east": {"uv": [15, 11, 16, 12], "texture": "#0"},
				"south": {"uv": [14, 15, 16, 16], "texture": "#0"},
				"west": {"uv": [14, 11, 15, 12], "texture": "#0"},
				"up": {"uv": [14, 13, 16, 14], "texture": "#0"},
				"down": {"uv": [14, 14, 16, 15], "texture": "#0"}
			}
		},
		{
			"from": [6.78241, 13.57832, 6.75],
			"to": [11.58241, 16.07832, 9.25],
			"rotation": {"angle": 45, "axis": "z", "origin": [10.28241, 13.82832, 8]},
			"faces": {
				"north": {"uv": [14, 12, 16, 13], "texture": "#0"},
				"east": {"uv": [15, 11, 16, 12], "texture": "#0"},
				"south": {"uv": [14, 15, 16, 16], "texture": "#0"},
				"west": {"uv": [14, 11, 15, 12], "texture": "#0"},
				"up": {"uv": [14, 13, 16, 14], "texture": "#0"},
				"down": {"uv": [14, 14, 16, 15], "texture": "#0"}
			}
		},
		{
			"from": [4.498, -13.002, 7.248],
			"to": [11.502, 11.752, 8.752],
			"rotation": {"angle": 0, "axis": "y", "origin": [0, -9, 0]},
			"faces": {
				"north": {"uv": [3, 0, 5.5, 10], "texture": "#0"},
				"east": {"uv": [2.5, 0, 3, 10], "texture": "#0"},
				"south": {"uv": [0, 0, 2.5, 10], "texture": "#0"},
				"west": {"uv": [5.5, 0, 6, 10], "texture": "#0"},
				"up": {"uv": [12.5, 0.5, 10, 0], "texture": "#0"},
				"down": {"uv": [12.5, 0.5, 10, 1], "texture": "#0"}
			}
		},
		{
			"from": [7.249, 2.999, 7.249],
			"to": [10.651, 12.751, 8.751],
			"rotation": {"angle": -22.5, "axis": "z", "origin": [19.5, 7.875, 8]},
			"faces": {
				"north": {"uv": [3, 0, 3.5, 2], "texture": "#0"},
				"east": {"uv": [2, 0, 2.5, 2], "texture": "#0"},
				"south": {"uv": [1.5, 0, 2.5, 2], "texture": "#0"},
				"west": {"uv": [2, 0, 2.5, 2], "texture": "#0"},
				"up": {"uv": [12.5, 0.5, 10, 0], "texture": "#0"},
				"down": {"uv": [12.5, 0.5, 10, 1], "texture": "#0"}
			}
		},
		{
			"from": [4.7, 8.30519, 7.25],
			"to": [9.05, 18.05519, 8.75],
			"rotation": {"angle": 22.5, "axis": "z", "origin": [9.10636, 12.18019, 8]},
			"faces": {
				"north": {"uv": [4.5, 0, 6, 2.5], "texture": "#0"},
				"east": {"uv": [2.5, 0, 3, 3], "texture": "#0"},
				"south": {"uv": [0, 0, 1, 2.5], "texture": "#0"},
				"west": {"uv": [5.5, 0, 6, 2.5], "texture": "#0"},
				"up": {"uv": [12.5, 0.5, 10, 0], "texture": "#0"},
				"down": {"uv": [12.5, 0.5, 10, 1], "texture": "#0"}
			}
		},
		{
			"from": [5.497, -15.503, 7.247],
			"to": [10.503, -10.497, 8.753],
			"rotation": {"angle": -45, "axis": "z", "origin": [8, -13, 8]},
			"faces": {
				"north": {"uv": [3, 10, 5, 12], "rotation": 90, "texture": "#0"},
				"east": {"uv": [5, 11.5, 3, 12], "rotation": 270, "texture": "#0"},
				"south": {"uv": [0, 10, 2, 12], "rotation": 270, "texture": "#0"},
				"west": {"uv": [12, 3.5, 10, 3], "rotation": 270, "texture": "#0"},
				"up": {"uv": [3.5, 10, 4, 12], "rotation": 270, "texture": "#0"},
				"down": {"uv": [5.5, 10, 6, 12], "rotation": 270, "texture": "#0"}
			}
		}
	],
	"gui_light": "front",
	"display": {
		"thirdperson_righthand": {
			"rotation": [180, 90, 0],
			"translation": [0, 8.25, 0.75],
			"scale": [0.85, 0.85, 0.85]
		},
		"thirdperson_lefthand": {
			"rotation": [180, 90, 0],
			"translation": [0, 8.25, 0.75],
			"scale": [0.85, 0.85, 0.85]
		},
		"firstperson_righthand": {
			"rotation": [-160, 90, 0],
			"translation": [2, 2.75, -0.5],
			"scale": [0.6, 0.6, 0.6]
		},
		"firstperson_lefthand": {
			"rotation": [-160, -90, 0],
			"translation": [2, 2.75, -0.5],
			"scale": [0.6, 0.6, 0.6]
		},
		"ground": {
			"rotation": [0, 0, 135],
			"translation": [2.5, 7, 0],
			"scale": [0.5, 0.5, 0.5]
		},
		"gui": {
			"rotation": [-180, 0, 45],
			"scale": [0.45, 0.45, 0.45]
		},
		"head": {
			"translation": [0.25, 8.5, 0.75],
			"scale": [0.6, 0.6, 0.6]
		},
		"fixed": {
			"rotation": [0, 0, -135],
			"translation": [-0.5, 0.25, -0.75],
			"scale": [0.65, 0.65, 0.65]
		}
	},
	"groups": [
		{
			"name": "sword",
			"origin": [8, 8, 8],
			"color": 0,
			"children": [
				{
					"name": "pommel",
					"origin": [8, 8, 8],
					"color": 0,
					"children": [0]
				},
				{
					"name": "grip",
					"origin": [8, 8, 8],
					"color": 0,
					"children": [1]
				},
				{
					"name": "guard",
					"origin": [8, 8, 8],
					"color": 0,
					"children": [
						{
							"name": "cross-guard",
							"origin": [8, 8, 8],
							"color": 0,
							"children": [2, 3, 4, 5, 6, 7, 8]
						}
					]
				},
				{
					"name": "blade",
					"origin": [8, 8, 8],
					"color": 0,
					"children": [9, 10, 11, 12]
				}
			]
		}
	]
}