{
	"credit": "Made with Blockbench",
	"texture_size": [32, 32],
	"textures": {
		"2": "epicfight:item/diamond_dagger",
		"particle": "epicfight:item/diamond_dagger"
	},
	"elements": [
		{
			"from": [6.75, 19, 7.25],
			"to": [9.25, 28, 8.75],
			"rotation": {"angle": 0, "axis": "y", "origin": [8, 25.5, 8]},
			"faces": {
				"north": {"uv": [6, 0, 7.5, 4.5], "texture": "#2"},
				"east": {"uv": [7, 4.5, 8, 9], "texture": "#2"},
				"south": {"uv": [7.5, 0, 6, 4.5], "texture": "#2"},
				"west": {"uv": [6, 4.5, 7, 9], "texture": "#2"},
				"up": {"uv": [11, 2, 10, 1], "texture": "#2"},
				"down": {"uv": [2.5, 12, 1.5, 13], "texture": "#2"}
			}
		},
		{
			"from": [4.75, 17.25, 7],
			"to": [11.25, 19, 9],
			"rotation": {"angle": 0, "axis": "y", "origin": [0.5, 0, 0]},
			"faces": {
				"north": {"uv": [8, 4, 11.5, 5], "texture": "#2"},
				"east": {"uv": [10, 2, 11, 3], "texture": "#2"},
				"south": {"uv": [8, 5, 11.5, 6], "texture": "#2"},
				"west": {"uv": [2.5, 12, 3.5, 13], "texture": "#2"},
				"up": {"uv": [11.5, 7, 8, 6], "texture": "#2"},
				"down": {"uv": [11.5, 7, 8, 8], "texture": "#2"}
			}
		},
		{
			"from": [8.249, 18.749, 6.749],
			"to": [12.751, 20.501, 9.251],
			"rotation": {"angle": 22.5, "axis": "z", "origin": [16, 18.125, 8]},
			"faces": {
				"north": {"uv": [8, 4, 11.5, 5], "texture": "#2"},
				"east": {"uv": [10, 2, 11, 3], "texture": "#2"},
				"south": {"uv": [8, 5, 11.5, 6], "texture": "#2"},
				"west": {"uv": [2.5, 12, 3.5, 13], "texture": "#2"},
				"up": {"uv": [11.5, 7, 8, 6], "texture": "#2"},
				"down": {"uv": [11.5, 7, 8, 8], "texture": "#2"}
			}
		},
		{
			"from": [3.249, 18.749, 6.749],
			"to": [7.751, 20.501, 9.251],
			"rotation": {"angle": -22.5, "axis": "z", "origin": [0, 18.125, 8]},
			"faces": {
				"north": {"uv": [11.5, 4, 8, 5], "texture": "#2"},
				"east": {"uv": [3.5, 12, 2.5, 13], "texture": "#2"},
				"south": {"uv": [11.5, 5, 8, 6], "texture": "#2"},
				"west": {"uv": [11, 2, 10, 3], "texture": "#2"},
				"up": {"uv": [8, 7, 11.5, 6], "texture": "#2"},
				"down": {"uv": [8, 7, 11.5, 8], "texture": "#2"}
			}
		},
		{
			"from": [1.249, 19.249, 6.749],
			"to": [4.251, 22.251, 9.251],
			"rotation": {"angle": -45, "axis": "z", "origin": [14.375, 18.125, 8]},
			"faces": {
				"north": {"uv": [7.5, 9.5, 9, 11], "rotation": 90, "texture": "#2"},
				"east": {"uv": [7.5, 11, 6, 11.5], "rotation": 270, "texture": "#2"},
				"south": {"uv": [6, 9.5, 7.5, 11], "rotation": 270, "texture": "#2"},
				"west": {"uv": [7.5, 12, 6, 11.5], "rotation": 270, "texture": "#2"},
				"up": {"uv": [7.5, 11.5, 9, 12], "texture": "#2"},
				"down": {"uv": [7.5, 11, 9, 11.5], "rotation": 180, "texture": "#2"}
			}
		},
		{
			"from": [8.249, 12.249, 6.499],
			"to": [11.251, 15.251, 9.501],
			"rotation": {"angle": -45, "axis": "z", "origin": [14.375, 18.125, 8]},
			"faces": {
				"north": {"uv": [7.5, 9.5, 9, 11], "rotation": 90, "texture": "#2"},
				"east": {"uv": [7.5, 11, 6, 11.5], "rotation": 270, "texture": "#2"},
				"south": {"uv": [6, 9.5, 7.5, 11], "rotation": 270, "texture": "#2"},
				"west": {"uv": [7.5, 12, 6, 11.5], "rotation": 270, "texture": "#2"},
				"up": {"uv": [7.5, 11.5, 9, 12], "texture": "#2"},
				"down": {"uv": [7.5, 11, 9, 11.5], "rotation": 180, "texture": "#2"}
			}
		},
		{
			"from": [8.3384, 7.424, 7.25],
			"to": [10.6784, 16.604, 8.75],
			"rotation": {"angle": 0, "axis": "y", "origin": [3.968, 9.62, 0]},
			"faces": {
				"north": {"uv": [4.25, 0, 5.5, 9.5], "texture": "#2"},
				"east": {"uv": [2.5, 0, 3, 10], "texture": "#2"},
				"south": {"uv": [5.5, 0, 4.25, 9.5], "texture": "#2"},
				"west": {"uv": [5.5, 0, 6, 10], "texture": "#2"},
				"up": {"uv": [12.5, 0.5, 10, 0], "texture": "#2"},
				"down": {"uv": [12.5, 0.5, 10, 1], "texture": "#2"}
			}
		},
		{
			"from": [8.27211, 6.4293, 7.248],
			"to": [9.56819, 8.43105, 8.752],
			"rotation": {"angle": -45, "axis": "z", "origin": [9.50821, 6.84212, 7.75]},
			"faces": {
				"north": {"uv": [16, 0, 13, 2], "rotation": 90, "texture": "#2"},
				"east": {"uv": [2, 11.5, 0, 12], "rotation": 270, "texture": "#2"},
				"south": {"uv": [13, 0, 16, 2], "rotation": 270, "texture": "#2"},
				"west": {"uv": [12, 3.5, 10, 3], "rotation": 270, "texture": "#2"},
				"up": {"uv": [3.5, 10, 4, 12], "rotation": 270, "texture": "#2"},
				"down": {"uv": [5.5, 10, 6, 12], "rotation": 270, "texture": "#2"}
			}
		},
		{
			"from": [9.28704, 6.48795, 7.249],
			"to": [10.68505, 7.92655, 8.751],
			"rotation": {"angle": 0, "axis": "y", "origin": [10.6933, 6.48867, 7.75]},
			"faces": {
				"north": {"uv": [14, 1, 16, 2], "texture": "#2"},
				"east": {"uv": [3.5, 10, 4, 12], "texture": "#2"},
				"south": {"uv": [16, 1, 14, 2], "texture": "#2"},
				"west": {"uv": [5.5, 10, 6, 12], "texture": "#2"},
				"up": {"uv": [12, 3.5, 10, 3], "texture": "#2"},
				"down": {"uv": [2, 11.5, 0, 12], "texture": "#2"}
			}
		},
		{
			"from": [10.09627, 5.75421, 7.25],
			"to": [10.68433, 6.48928, 8.75],
			"rotation": {"angle": 0, "axis": "y", "origin": [10.6933, 6.48867, 7.75]},
			"faces": {
				"north": {"uv": [13, 0, 14, 2], "texture": "#2"},
				"east": {"uv": [4.5, 10, 5, 12], "texture": "#2"},
				"south": {"uv": [13, 0, 14, 2], "texture": "#2"},
				"west": {"uv": [5.5, 10, 6, 12], "texture": "#2"},
				"up": {"uv": [12, 3.5, 10, 3], "texture": "#2"},
				"down": {"uv": [2, 11.5, 0, 12], "texture": "#2"}
			}
		},
		{
			"from": [10.3903, 5.40137, 7.25],
			"to": [10.68433, 5.75421, 8.75],
			"rotation": {"angle": 0, "axis": "y", "origin": [10.6933, 6.48867, 7.75]},
			"faces": {
				"north": {"uv": [13, 0, 14, 2], "texture": "#2"},
				"east": {"uv": [4.5, 10, 5, 12], "texture": "#2"},
				"south": {"uv": [13, 0, 14, 2], "texture": "#2"},
				"west": {"uv": [5.5, 10, 6, 12], "texture": "#2"},
				"up": {"uv": [12, 3.5, 10, 3], "texture": "#2"},
				"down": {"uv": [2, 11.5, 0, 12], "texture": "#2"}
			}
		},
		{
			"from": [10.52555, 5.24259, 7.25],
			"to": [10.68433, 5.40137, 8.75],
			"rotation": {"angle": 0, "axis": "y", "origin": [10.6933, 6.48867, 7.75]},
			"faces": {
				"north": {"uv": [13, 0, 14, 2], "texture": "#2"},
				"east": {"uv": [4.5, 10, 5, 12], "texture": "#2"},
				"south": {"uv": [13, 0, 14, 2], "texture": "#2"},
				"west": {"uv": [5.5, 10, 6, 12], "texture": "#2"},
				"up": {"uv": [12, 3.5, 10, 3], "texture": "#2"},
				"down": {"uv": [2, 11.5, 0, 12], "texture": "#2"}
			}
		},
		{
			"from": [10.602, 5.16615, 7.25],
			"to": [10.68433, 5.24112, 8.75],
			"rotation": {"angle": 0, "axis": "y", "origin": [10.6933, 6.48867, 7.75]},
			"faces": {
				"north": {"uv": [13, 0, 14, 2], "texture": "#2"},
				"east": {"uv": [4.5, 10, 5, 12], "texture": "#2"},
				"south": {"uv": [13, 0, 14, 2], "texture": "#2"},
				"west": {"uv": [5.5, 10, 6, 12], "texture": "#2"},
				"up": {"uv": [12, 3.5, 10, 3], "texture": "#2"},
				"down": {"uv": [2, 11.5, 0, 12], "texture": "#2"}
			}
		},
		{
			"from": [10.00675, 6.24393, 7.248],
			"to": [11.03847, 7.24625, 8.752],
			"rotation": {"angle": -45, "axis": "z", "origin": [9.95822, 7.29725, 7.75]},
			"faces": {
				"north": {"uv": [13, 1, 14.5, 2], "rotation": 270, "texture": "#2"},
				"east": {"uv": [3.5, 10, 4, 12], "texture": "#2"},
				"south": {"uv": [13, 2, 14.5, 4], "rotation": 270, "texture": "#2"},
				"west": {"uv": [5.5, 10, 6, 12], "texture": "#2"},
				"up": {"uv": [12, 3.5, 10, 3], "texture": "#2"},
				"down": {"uv": [2, 11.5, 0, 12], "texture": "#2"}
			}
		},
		{
			"from": [11.03658, 6.24465, 7.249],
			"to": [11.54936, 6.71627, 8.751],
			"rotation": {"angle": -45, "axis": "z", "origin": [9.95822, 7.29725, 7.75]},
			"faces": {
				"north": {"uv": [13, 0, 14, 2], "texture": "#2"},
				"east": {"uv": [4.5, 10, 5, 12], "texture": "#2"},
				"south": {"uv": [13, 0, 14, 2], "rotation": 270, "texture": "#2"},
				"west": {"uv": [5.5, 10, 6, 12], "texture": "#2"},
				"up": {"uv": [12, 3.5, 10, 3], "texture": "#2"},
				"down": {"uv": [2, 11.5, 0, 12], "texture": "#2"}
			}
		},
		{
			"from": [11.54525, 6.24465, 7.249],
			"to": [11.81399, 6.46929, 8.751],
			"rotation": {"angle": -45, "axis": "z", "origin": [9.95822, 7.29725, 7.75]},
			"faces": {
				"north": {"uv": [13, 0, 14, 2], "texture": "#2"},
				"east": {"uv": [4.5, 10, 5, 12], "texture": "#2"},
				"south": {"uv": [13, 0, 14, 2], "texture": "#2"},
				"west": {"uv": [5.5, 10, 6, 12], "texture": "#2"},
				"up": {"uv": [12, 3.5, 10, 3], "texture": "#2"},
				"down": {"uv": [2, 11.5, 0, 12], "texture": "#2"}
			}
		},
		{
			"from": [11.81281, 6.24465, 7.249],
			"to": [11.91984, 6.36344, 8.751],
			"rotation": {"angle": -45, "axis": "z", "origin": [9.95822, 7.29725, 7.75]},
			"faces": {
				"north": {"uv": [13, 0, 14, 2], "texture": "#2"},
				"east": {"uv": [4.5, 10, 5, 12], "texture": "#2"},
				"south": {"uv": [13, 0, 14, 2], "texture": "#2"},
				"west": {"uv": [5.5, 10, 6, 12], "texture": "#2"},
				"up": {"uv": [12, 3.5, 10, 3], "texture": "#2"},
				"down": {"uv": [2, 11.5, 0, 12], "texture": "#2"}
			}
		},
		{
			"from": [5.33528, 5.98328, 7.249],
			"to": [7.67672, 16.64072, 8.751],
			"rotation": {"angle": 0, "axis": "y", "origin": [0.728, 9.8, 0]},
			"faces": {
				"north": {"uv": [4.5, 0, 5.5, 10], "texture": "#2"},
				"east": {"uv": [2.5, 0, 3, 10], "texture": "#2"},
				"south": {"uv": [5.5, 0, 4.5, 10], "texture": "#2"},
				"west": {"uv": [5.5, 0, 6, 10], "texture": "#2"},
				"up": {"uv": [12.5, 0.5, 10, 0], "texture": "#2"},
				"down": {"uv": [12.5, 0.5, 10, 1], "texture": "#2"}
			}
		},
		{
			"from": [4.21136, 2.27456, 7.248],
			"to": [9.32624, 4.72544, 8.752],
			"rotation": {"angle": -45, "axis": "z", "origin": [9.224, 2.78, 8]},
			"faces": {
				"north": {"uv": [16, 0, 13, 2], "rotation": 90, "texture": "#2"},
				"east": {"uv": [2, 11.5, 0, 12], "rotation": 270, "texture": "#2"},
				"south": {"uv": [13, 0, 16, 2], "rotation": 270, "texture": "#2"},
				"west": {"uv": [12, 3.5, 10, 3], "rotation": 270, "texture": "#2"},
				"up": {"uv": [3, 10, 3.5, 12], "rotation": 270, "texture": "#2"},
				"down": {"uv": [5.5, 10, 6, 12], "rotation": 270, "texture": "#2"}
			}
		},
		{
			"from": [8.9504, 2.34725, 7.25],
			"to": [10.664, 4.11125, 8.75],
			"rotation": {"angle": 0, "axis": "y", "origin": [10.67498, 2.34725, 8]},
			"faces": {
				"north": {"uv": [14, 1, 16, 2], "texture": "#2"},
				"east": {"uv": [3.5, 10, 4, 12], "texture": "#2"},
				"south": {"uv": [16, 2, 14, 1], "texture": "#2"},
				"west": {"uv": [5.5, 10, 6, 12], "texture": "#2"},
				"up": {"uv": [12, 3.5, 10, 3], "texture": "#2"},
				"down": {"uv": [2, 11.5, 0, 12], "texture": "#2"}
			}
		},
		{
			"from": [9.944, 1.448, 7.25],
			"to": [10.664, 2.348, 8.75],
			"rotation": {"angle": 0, "axis": "y", "origin": [10.67498, 2.34725, 8]},
			"faces": {
				"north": {"uv": [13, 0, 14, 2], "texture": "#2"},
				"east": {"uv": [4.5, 10, 5, 12], "texture": "#2"},
				"south": {"uv": [13, 0, 14, 2], "texture": "#2"},
				"west": {"uv": [5.5, 10, 6, 12], "texture": "#2"},
				"up": {"uv": [12, 3.5, 10, 3], "texture": "#2"},
				"down": {"uv": [2, 11.5, 0, 12], "texture": "#2"}
			}
		},
		{
			"from": [10.304, 1.016, 7.25],
			"to": [10.664, 1.448, 8.75],
			"rotation": {"angle": 0, "axis": "y", "origin": [10.67498, 2.34725, 8]},
			"faces": {
				"north": {"uv": [13, 0, 14, 2], "texture": "#2"},
				"east": {"uv": [4.5, 10, 5, 12], "texture": "#2"},
				"south": {"uv": [13, 0, 14, 2], "texture": "#2"},
				"west": {"uv": [5.5, 10, 6, 12], "texture": "#2"},
				"up": {"uv": [12, 3.5, 10, 3], "texture": "#2"},
				"down": {"uv": [2, 11.5, 0, 12], "texture": "#2"}
			}
		},
		{
			"from": [10.4696, 0.8216, 7.25],
			"to": [10.664, 1.016, 8.75],
			"rotation": {"angle": 0, "axis": "y", "origin": [10.67498, 2.34725, 8]},
			"faces": {
				"north": {"uv": [13, 0, 14, 2], "texture": "#2"},
				"east": {"uv": [4.5, 10, 5, 12], "texture": "#2"},
				"south": {"uv": [13, 0, 14, 2], "texture": "#2"},
				"west": {"uv": [5.5, 10, 6, 12], "texture": "#2"},
				"up": {"uv": [12, 3.5, 10, 3], "texture": "#2"},
				"down": {"uv": [2, 11.5, 0, 12], "texture": "#2"}
			}
		},
		{
			"from": [10.5632, 0.728, 7.25],
			"to": [10.664, 0.8198, 8.75],
			"rotation": {"angle": 0, "axis": "y", "origin": [10.67498, 2.34725, 8]},
			"faces": {
				"north": {"uv": [13, 0, 14, 2], "texture": "#2"},
				"east": {"uv": [4.5, 10, 5, 12], "texture": "#2"},
				"south": {"uv": [13, 0, 14, 2], "texture": "#2"},
				"west": {"uv": [5.5, 10, 6, 12], "texture": "#2"},
				"up": {"uv": [12, 3.5, 10, 3], "texture": "#2"},
				"down": {"uv": [2, 11.5, 0, 12], "texture": "#2"}
			}
		},
		{
			"from": [9.83528, 2.04848, 7.249],
			"to": [11.09672, 3.27392, 8.751],
			"rotation": {"angle": -45, "axis": "z", "origin": [9.77498, 3.33725, 8]},
			"faces": {
				"north": {"uv": [13, 1, 14.5, 2], "rotation": 270, "texture": "#2"},
				"east": {"uv": [3.5, 10, 4, 12], "texture": "#2"},
				"south": {"uv": [13, 2, 14.5, 4], "rotation": 270, "texture": "#2"},
				"west": {"uv": [5.5, 10, 6, 12], "texture": "#2"},
				"up": {"uv": [12, 3.5, 10, 3], "texture": "#2"},
				"down": {"uv": [2, 11.5, 0, 12], "texture": "#2"}
			}
		},
		{
			"from": [11.09528, 2.04848, 7.249],
			"to": [11.72312, 2.62592, 8.751],
			"rotation": {"angle": -45, "axis": "z", "origin": [9.77498, 3.33725, 8]},
			"faces": {
				"north": {"uv": [13, 0, 14, 2], "texture": "#2"},
				"east": {"uv": [4.5, 10, 5, 12], "texture": "#2"},
				"south": {"uv": [13, 0, 14, 2], "rotation": 270, "texture": "#2"},
				"west": {"uv": [5.5, 10, 6, 12], "texture": "#2"},
				"up": {"uv": [12, 3.5, 10, 3], "texture": "#2"},
				"down": {"uv": [2, 11.5, 0, 12], "texture": "#2"}
			}
		},
		{
			"from": [11.71808, 2.04848, 7.249],
			"to": [12.04712, 2.32352, 8.751],
			"rotation": {"angle": -45, "axis": "z", "origin": [9.77498, 3.33725, 8]},
			"faces": {
				"north": {"uv": [13, 0, 14, 2], "texture": "#2"},
				"east": {"uv": [4.5, 10, 5, 12], "texture": "#2"},
				"south": {"uv": [13, 0, 14, 2], "texture": "#2"},
				"west": {"uv": [5.5, 10, 6, 12], "texture": "#2"},
				"up": {"uv": [12, 3.5, 10, 3], "texture": "#2"},
				"down": {"uv": [2, 11.5, 0, 12], "texture": "#2"}
			}
		},
		{
			"from": [12.04568, 2.04848, 7.249],
			"to": [12.17672, 2.19392, 8.751],
			"rotation": {"angle": -45, "axis": "z", "origin": [9.77498, 3.33725, 8]},
			"faces": {
				"north": {"uv": [13, 0, 14, 2], "texture": "#2"},
				"east": {"uv": [4.5, 10, 5, 12], "texture": "#2"},
				"south": {"uv": [13, 0, 14, 2], "texture": "#2"},
				"west": {"uv": [5.5, 10, 6, 12], "texture": "#2"},
				"up": {"uv": [12, 3.5, 10, 3], "texture": "#2"},
				"down": {"uv": [2, 11.5, 0, 12], "texture": "#2"}
			}
		}
	],
	"gui_light": "front",
	"display": {
		"thirdperson_righthand": {
			"rotation": [180, 90, 0],
			"translation": [0, 6.75, 0.75],
			"scale": [0.6, 0.6, 0.6]
		},
		"thirdperson_lefthand": {
			"rotation": [180, -90, 0],
			"translation": [0, 6.75, 0.75],
			"scale": [0.6, 0.6, 0.6]
		},
		"firstperson_righthand": {
			"rotation": [-160, 90, 0],
			"translation": [2, 2.75, -0.5],
			"scale": [0.6, 0.6, 0.6]
		},
		"firstperson_lefthand": {
			"rotation": [-160, -90, 0],
			"translation": [2, 2.75, -0.5],
			"scale": [0.6, 0.6, 0.6]
		},
		"ground": {
			"rotation": [0, 0, 135],
			"translation": [2.5, 7, 0],
			"scale": [0.5, 0.5, 0.5]
		},
		"gui": {
			"rotation": [0, -180, -135],
			"translation": [4, 4, -0.75],
			"scale": [0.75, 0.75, 0.5]
		},
		"head": {
			"translation": [0.25, 8.5, 0.75],
			"scale": [0.6, 0.6, 0.6]
		},
		"fixed": {
			"rotation": [0, 0, -135],
			"translation": [-4.25, 4.25, -0.75],
			"scale": [0.75, 0.75, 0.5]
		}
	},
	"groups": [
		{
			"name": "sword",
			"origin": [8, 8, 8],
			"color": 0,
			"children": [
				{
					"name": "pommel",
					"origin": [8, 8, 8],
					"color": 0,
					"children": []
				},
				{
					"name": "grip",
					"origin": [8, 8, 8],
					"color": 0,
					"children": [0]
				},
				{
					"name": "guard",
					"origin": [8, 8, 8],
					"color": 0,
					"children": [
						{
							"name": "cross-guard",
							"origin": [8, 8, 8],
							"color": 0,
							"children": [1, 2, 3, 4, 5]
						}
					]
				}
			]
		},
		{
			"name": "blade",
			"origin": [8, 8, 8],
			"color": 0,
			"children": [
				6,
				{
					"name": "group",
					"origin": [11.66525, 7.02396, 8],
					"color": 0,
					"children": [7, 8, 9, 10, 11, 12, 13, 14, 15, 16]
				}
			]
		},
		{
			"name": "blade",
			"origin": [8, 8, 8],
			"color": 0,
			"children": [
				17,
				{
					"name": "group",
					"origin": [6.26525, 7.02396, 8],
					"color": 0,
					"children": [18, 19, 20, 21, 22, 23, 24, 25, 26, 27]
				}
			]
		}
	]
}