{
  "parent": "item/generated",
  "textures": {
    "layer0": "item/bow_standby.png"
  },
  "display": {
    "thirdperson_righthand": {
      "rotation": [ -80, 260, -40 ],
      "translation": [ -1, -2, 4.5 ],
      "scale": [ 1.7, 1.7, 0.7 ]
    },
    "thirdperson_lefthand": {
      "rotation": [ -80, -280, 40 ],
      "translation": [ -1, -2, 4.5 ],
      "scale": [ 1.7, 1.7, 0.7 ]
    },
    "firstperson_righthand": {
      "rotation": [ 0, -90, 25 ],
      "translation": [ 1.13, 3.2, 1.13],
      "scale": [ 1.36, 1.36, 0.5 ]
    },
    "firstperson_lefthand": {
      "rotation": [ 0, 90, -25 ],
      "translation": [ 1.13, 3.2, 1.13],
      "scale": [ 1.36, 1.36, 0.5 ]
    },
    "fixed": {
      "rotation": [ 0.5, 0.1, 0 ],
      "translation": [ 0, 0, -0.95],
      "scale": [ 2, 2, 1 ]
    }   
  }
}
